#expiry,strike,right,open,high,low,close,volume,open_interest,implied_volatility,delta,gamma,vega,theta,rho
,,,467.5000,467.5000,467.5000,467.5000,0,,,,,,,
20240105,320,C,147.4350,147.4350,147.4350,147.4350,0,0,,,,,,
20240105,384,C,83.4050,83.4050,83.4050,83.4050,0,0,,,,,,
20240105,448,C,19.3700,19.3700,19.3700,19.3700,0,0,,,,,,
20240105,447.5,C,19.9300,19.9300,19.9300,19.9300,0,0,,,,,,
20240105,341,C,126.4450,126.4450,126.4450,126.4450,0,0,,,,,,
20240105,405,C,62.4450,62.4450,62.4450,62.4450,0,0,,,,,,
20240105,469,C,0.0250,0.0250,0.0250,0.0250,0,0,0.1835000,0.0516000,0.0000000,0.5286000,-1.1682000,0.0027000
20240105,469,P,1.5150,1.5150,1.5150,1.5150,0,0,0.1679000,-0.9625000,0.0000000,0.4081000,-0.7570000,-0.0515000
20240105,362,C,105.4300,105.4300,105.4300,105.4300,0,0,,,,,,
20240105,426,C,41.4450,41.4450,41.4450,41.4450,0,0,,,,,,
20240105,490,P,22.5600,22.5600,22.5600,22.5600,0,0,2.0703000,-0.9827000,0.0000000,0.2134000,-5.2324000,-0.0550000
20240105,383,C,84.4550,84.4550,84.4550,84.4550,0,0,,,,,,
20240105,447,C,20.3550,20.3550,20.3550,20.3550,0,0,,,,,,
20240105,340,C,127.4300,127.4300,127.4300,127.4300,0,0,,,,,,
20240105,404,C,63.4650,63.4650,63.4650,63.4650,0,0,,,,,,
20240105,468,C,0.1450,0.1450,0.1450,0.1450,0,0,0.1660000,0.2748000,0.0000000,1.6660000,-3.3378000,0.0146000
20240105,468,P,0.6350,0.6350,0.6350,0.6350,0,0,0.1621000,-0.7299000,0.0000000,1.6515000,-3.1630000,-0.0390000
20240105,361,C,106.4400,106.4400,106.4400,106.4400,0,0,,,,,,
20240105,425,C,42.4550,42.4550,42.4550,42.4550,0,0,,,,,,
20240105,489,P,21.5750,21.5750,21.5750,21.5750,0,0,2.0351000,-0.9801000,0.0000000,0.2404000,-5.8012000,-0.0547000
20240105,382,C,85.4600,85.4600,85.4600,85.4600,0,0,,,,,,
20240105,446,C,21.3700,21.3700,21.3700,21.3700,0,0,,,,,,
20240105,510,P,42.5350,42.5350,42.5350,42.5350,0,0,3.2421000,-0.9936000,0.0000000,0.0888000,-3.3811000,-0.0578000
20240105,275,C,192.4750,192.4750,192.4750,192.4750,0,0,,,,,,
20240105,339,C,128.4300,128.4300,128.4300,128.4300,0,0,,,,,,
20240105,403,C,64.4500,64.4500,64.4500,64.4500,0,0,,,,,,
20240105,467,C,0.6650,0.6650,0.6650,0.6650,0,0,0.1777000,0.7148000,0.0000000,1.6961000,-3.6661000,0.0380000
20240105,467,P,0.1550,0.1550,0.1550,0.1550,0,0,0.1728000,-0.2797000,0.0000000,1.6806000,-3.4669000,-0.0149000
20240105,360,C,107.4750,107.4750,107.4750,107.4750,0,0,,,,,,
20240105,424,C,43.4900,43.4900,43.4900,43.4900,0,0,,,,,,
20240105,488,P,20.5750,20.5750,20.5750,20.5750,0,0,1.9531000,-0.9796000,0.0000000,0.2457000,-5.6912000,-0.0546000
20240105,381,C,86.4300,86.4300,86.4300,86.4300,0,0,,,,,,
20240105,445,C,22.3750,22.3750,22.3750,22.3750,0,0,,,,,,
20240105,338,C,129.4300,129.4300,129.4300,129.4300,0,0,,,,,,
20240105,402,C,65.4500,65.4500,65.4500,65.4500,0,0,,,,,,
20240105,466,C,1.5400,1.5400,1.5400,1.5400,0,0,0.2109000,0.9236000,0.0000000,0.7170000,-1.8775000,0.0491000
20240105,466,P,0.0450,0.0450,0.0450,0.0450,0,0,0.2148000,-0.0801000,0.0000000,0.7438000,-1.9123000,-0.0042000
20240105,530,P,62.5250,62.5250,62.5250,62.5250,0,0,4.3265000,-0.9964000,0.0000000,0.0533000,-2.6907000,-0.0603000
20240105,295,C,172.4200,172.4200,172.4200,172.4200,0,0,,,,,,
20240105,359,C,108.4450,108.4450,108.4450,108.4450,0,0,,,,,,
20240105,423,C,44.4500,44.4500,44.4500,44.4500,0,0,,,,,,
20240105,487,P,19.5650,19.5650,19.5650,19.5650,0,0,1.8343000,-0.9810000,0.0000000,0.2315000,-5.0263000,-0.0545000
20240105,380,C,87.4400,87.4400,87.4400,87.4400,0,0,,,,,,
20240105,444,C,23.3750,23.3750,23.3750,23.3750,0,0,,,,,,
20240105,337,C,130.4350,130.4350,130.4350,130.4350,0,0,,,,,,
20240105,401,C,66.4600,66.4600,66.4600,66.4600,0,0,,,,,,
20240105,465,C,2.5300,2.5300,2.5300,2.5300,0,0,0.2968000,0.9548000,0.0000000,0.4746000,-1.7554000,0.0506000
20240105,465,P,0.0150,0.0150,0.0150,0.0150,0,0,0.2500000,-0.0221000,0.0000000,0.2637000,-0.7898000,-0.0011000
20240105,358,C,109.4350,109.4350,109.4350,109.4350,0,0,,,,,,
20240105,422,C,45.4600,45.4600,45.4600,45.4600,0,0,,,,,,
20240105,486,P,18.5600,18.5600,18.5600,18.5600,0,0,1.7578000,-0.9801000,0.0000000,0.2403000,-5.0013000,-0.0544000
20240105,550,P,82.4850,82.4850,82.4850,82.4850,0,0,,,,,,
20240105,315,C,152.4350,152.4350,152.4350,152.4350,0,0,,,,,,
20240105,379,C,88.4150,88.4150,88.4150,88.4150,0,0,,,,,,
20240105,443,C,24.4650,24.4650,24.4650,24.4650,0,0,,,,,,
20240105,442.5,C,24.9550,24.9550,24.9550,24.9550,0,0,,,,,,
20240105,336,C,131.4100,131.4100,131.4100,131.4100,0,0,,,,,,
20240105,400,C,67.4650,67.4650,67.4650,67.4650,0,0,,,,,,
20240105,464,C,3.5850,3.5850,3.5850,3.5850,0,0,0.4824000,0.9280000,0.0000000,0.6846000,-4.0262000,0.0491000
20240105,464,P,0.0150,0.0150,0.0150,0.0150,0,0,0.3281000,-0.0158000,0.0000000,0.1988000,-0.7817000,-0.0008000
20240105,357,C,110.4400,110.4400,110.4400,110.4400,0,0,,,,,,
20240105,421,C,46.4550,46.4550,46.4550,46.4550,0,0,,,,,,
20240105,485,P,17.5750,17.5750,17.5750,17.5750,0,0,1.7140000,-0.9770000,0.0000000,0.2712000,-5.5092000,-0.0541000
20240105,378,C,89.4350,89.4350,89.4350,89.4350,0,0,,,,,,
20240105,442,C,25.4800,25.4800,25.4800,25.4800,0,0,,,,,,
20240105,335,C,132.4300,132.4300,132.4300,132.4300,0,0,,,,,,
20240105,399,C,68.4450,68.4450,68.4450,68.4450,0,0,,,,,,
20240105,463,C,4.5950,4.5950,4.5950,4.5950,0,0,0.6031000,0.9338000,0.0000000,0.6419000,-4.7089000,0.0493000
20240105,463,P,0.0150,0.0150,0.0150,0.0150,0,0,0.4062000,-0.0128000,0.0000000,0.1650000,-0.8039000,-0.0006000
20240105,462.5,C,5.1100,5.1100,5.1100,5.1100,0,0,0.6843000,0.9298000,0.0000000,0.6714000,-5.5764000,0.0490000
20240105,356,C,111.4350,111.4350,111.4350,111.4350,0,0,,,,,,
20240105,420,C,47.4700,47.4700,47.4700,47.4700,0,0,,,,,,
20240105,484,P,16.5400,16.5400,16.5400,16.5400,0,0,1.5062000,-0.9840000,0.0000000,0.1988000,-3.5255000,-0.0544000
20240105,377,C,90.4400,90.4400,90.4400,90.4400,0,0,,,,,,
20240105,441,C,26.4400,26.4400,26.4400,26.4400,0,0,,,,,,
20240105,505,P,37.5650,37.5650,37.5650,37.5650,0,0,3.1601000,-0.9883000,0.0000000,0.1521000,-5.6975000,-0.0570000
20240105,270,C,197.4750,197.4750,197.4750,197.4750,0,0,,,,,,
20240105,334,C,133.4300,133.4300,133.4300,133.4300,0,0,,,,,,
20240105,398,C,69.4150,69.4150,69.4150,69.4150,0,0,,,,,,
20240105,462,C,5.4500,5.4500,5.4500,5.4500,0,0,,,,,,
20240105,462,P,0.0150,0.0150,0.0150,0.0150,0,0,0.4843000,-0.0109000,0.0000000,0.1446000,-0.8397000,-0.0005000
20240105,355,C,112.4350,112.4350,112.4350,112.4350,0,0,,,,,,
20240105,419,C,48.4600,48.4600,48.4600,48.4600,0,0,,,,,,
20240105,483,P,15.5400,15.5400,15.5400,15.5400,0,0,1.4296000,-0.9833000,0.0000000,0.2073000,-3.4889000,-0.0542000
20240105,525,P,57.5050,57.5050,57.5050,57.5050,0,0,3.3125000,-0.9994000,0.0000000,0.0098000,-0.3140000,-0.0599000
20240105,376,C,91.4400,91.4400,91.4400,91.4400,0,0,,,,,,
20240105,440,C,27.4200,27.4200,27.4200,27.4200,0,0,,,,,,
20240105,333,C,134.4400,134.4400,134.4400,134.4400,0,0,,,,,,
20240105,397,C,70.4650,70.4650,70.4650,70.4650,0,0,,,,,,
20240105,461,C,6.6850,6.6850,6.6850,6.6850,0,0,0.9453000,0.9180000,0.0000000,0.7563000,-8.6415000,0.0482000
20240105,290,C,177.4200,177.4200,177.4200,177.4200,0,0,,,,,,
20240105,354,C,113.4350,113.4350,113.4350,113.4350,0,0,,,,,,
20240105,418,C,49.4450,49.4450,49.4450,49.4450,0,0,,,,,,
20240105,482,P,14.6500,14.6500,14.6500,14.6500,0,0,1.6757000,-0.9551000,0.0000000,0.4724000,-9.4330000,-0.0526000
20240105,375,C,92.4450,92.4450,92.4450,92.4450,0,0,,,,,,
20240105,439,C,28.4500,28.4500,28.4500,28.4500,0,0,,,,,,
20240105,545,P,77.4850,77.4850,77.4850,77.4850,0,0,,,,,,
20240105,332,C,135.4600,135.4600,135.4600,135.4600,0,0,,,,,,
20240105,396,C,71.4500,71.4500,71.4500,71.4500,0,0,,,,,,
20240105,460,C,7.6050,7.6050,7.6050,7.6050,0,0,0.9242000,0.9498000,0.0000000,0.5164000,-5.7909000,0.0498000
20240105,353,C,114.4450,114.4450,114.4450,114.4450,0,0,,,,,,
20240105,417,C,50.4650,50.4650,50.4650,50.4650,0,0,,,,,,
20240105,481,P,13.5450,13.5450,13.5450,13.5450,0,0,1.2765000,-0.9812000,0.0000000,0.2290000,-3.4408000,-0.0539000
20240105,310,C,157.4350,157.4350,157.4350,157.4350,0,0,,,,,,
20240105,374,C,93.4350,93.4350,93.4350,93.4350,0,0,,,,,,
20240105,438,C,29.4600,29.4600,29.4600,29.4600,0,0,,,,,,
20240105,331,C,136.4250,136.4250,136.4250,136.4250,0,0,,,,,,
20240105,395,C,72.4450,72.4450,72.4450,72.4450,0,0,,,,,,
20240105,459,C,8.5600,8.5600,8.5600,8.5600,0,0,0.9265000,0.9684000,0.0000000,0.3539000,-4.0002000,0.0507000
20240105,352,C,115.4250,115.4250,115.4250,115.4250,0,0,,,,,,
20240105,416,C,51.4550,51.4550,51.4550,51.4550,0,0,,,,,,
20240105,480,P,12.6150,12.6150,12.6150,12.6150,0,0,1.4050000,-0.9599000,0.0000000,0.4311000,-7.2021000,-0.0526000
20240105,373,C,94.4400,94.4400,94.4400,94.4400,0,0,,,,,,
20240105,437,C,30.4550,30.4550,30.4550,30.4550,0,0,,,,,,
20240105,330,C,137.4600,137.4600,137.4600,137.4600,0,0,,,,,,
20240105,458,C,9.5400,9.5400,9.5400,9.5400,0,0,0.9500000,0.9787000,0.0000000,0.2547000,-2.9690000,0.0511000
20240105,394,C,73.4500,73.4500,73.4500,73.4500,0,0,,,,,,
20240105,457.5,C,9.9350,9.9350,9.9350,9.9350,0,0,,,,,,
20240105,351,C,116.4300,116.4300,116.4300,116.4300,0,0,,,,,,
20240105,415,C,52.4450,52.4450,52.4450,52.4450,0,0,,,,,,
20240105,479,P,11.6500,11.6500,11.6500,11.6500,0,0,1.3968000,-0.9474000,0.0000000,0.5361000,-8.9210000,-0.0518000
20240105,372,C,95.4600,95.4600,95.4600,95.4600,0,0,,,,,,
20240105,436,C,31.4500,31.4500,31.4500,31.4500,0,0,,,,,,
20240105,500,P,32.5750,32.5750,32.5750,32.5750,0,0,2.8671000,-0.9853000,0.0000000,0.1857000,-6.3198000,-0.0563000
20240105,393,C,74.4650,74.4650,74.4650,74.4650,0,0,,,,,,
20240105,329,C,138.3900,138.3900,138.3900,138.3900,0,0,,,,,,
20240105,457,C,10.3550,10.3550,10.3550,10.3550,0,0,,,,,,
20240105,350,C,117.4400,117.4400,117.4400,117.4400,0,0,,,,,,
20240105,414,C,53.4650,53.4650,53.4650,53.4650,0,0,,,,,,
20240105,478,P,10.5550,10.5550,10.5550,10.5550,0,0,1.0671000,-0.9739000,0.0000000,0.3024000,-3.8059000,-0.0531000
20240105,371,C,96.4350,96.4350,96.4350,96.4350,0,0,,,,,,
20240105,435,C,32.4650,32.4650,32.4650,32.4650,0,0,,,,,,
20240105,499,P,31.5150,31.5150,31.5150,31.5150,0,0,2.2812000,-0.9961000,0.0000000,0.0575000,-1.5018000,-0.0567000
20240105,392,C,75.4600,75.4600,75.4600,75.4600,0,0,,,,,,
20240105,328,C,139.4350,139.4350,139.4350,139.4350,0,0,,,,,,
20240105,456,C,11.4350,11.4350,11.4350,11.4350,0,0,,,,,,
20240105,520,P,52.5400,52.5400,52.5400,52.5400,0,0,3.9874000,-0.9933000,0.0000000,0.0927000,-4.3645000,-0.0590000
20240105,285,C,182.3650,182.3650,182.3650,182.3650,0,0,,,,,,
20240105,349,C,118.4350,118.4350,118.4350,118.4350,0,0,,,,,,
20240105,413,C,54.4550,54.4550,54.4550,54.4550,0,0,,,,,,
20240105,477,P,9.5650,9.5650,9.5650,9.5650,0,0,1.0156000,-0.9676000,0.0000000,0.3613000,-4.3367000,-0.0527000
20240105,370,C,97.4700,97.4700,97.4700,97.4700,0,0,,,,,,
20240105,434,C,33.4550,33.4550,33.4550,33.4550,0,0,,,,,,
20240105,498,P,30.5300,30.5300,30.5300,30.5300,0,0,2.4453000,-0.9919000,0.0000000,0.1103000,-3.1656000,-0.0564000
20240105,327,C,140.4250,140.4250,140.4250,140.4250,0,0,,,,,,
20240105,391,C,76.4450,76.4450,76.4450,76.4450,0,0,,,,,,
20240105,455,C,12.4350,12.4350,12.4350,12.4350,0,0,,,,,,
20240105,348,C,119.4450,119.4450,119.4450,119.4450,0,0,,,,,,
20240105,412,C,55.4650,55.4650,55.4650,55.4650,0,0,,,,,,
20240105,476,P,8.5650,8.5650,8.5650,8.5650,0,0,0.9265000,-0.9652000,0.0000000,0.3841000,-4.2040000,-0.0524000
20240105,540,P,72.4850,72.4850,72.4850,72.4850,0,0,,,,,,
20240105,305,C,162.4200,162.4200,162.4200,162.4200,0,0,,,,,,
20240105,369,C,98.4450,98.4450,98.4450,98.4450,0,0,,,,,,
20240105,433,C,34.4450,34.4450,34.4450,34.4450,0,0,,,,,,
20240105,497,P,29.5500,29.5500,29.5500,29.5500,0,0,2.5273000,-0.9878000,0.0000000,0.1577000,-4.7113000,-0.0560000
20240105,326,C,141.4250,141.4250,141.4250,141.4250,0,0,,,,,,
20240105,390,C,77.4400,77.4400,77.4400,77.4400,0,0,,,,,,
20240105,454,C,13.4300,13.4300,13.4300,13.4300,0,0,,,,,,
20240105,347,C,120.4400,120.4400,120.4400,120.4400,0,0,,,,,,
20240105,411,C,56.4650,56.4650,56.4650,56.4650,0,0,,,,,,
20240105,475,P,7.4900,7.4900,7.4900,7.4900,0,0,,,,,,
20240105,368,C,99.4400,99.4400,99.4400,99.4400,0,0,,,,,,
20240105,432,C,35.4500,35.4500,35.4500,35.4500,0,0,,,,,,
20240105,496,P,28.5200,28.5200,28.5200,28.5200,0,0,2.2109000,-0.9936000,0.0000000,0.0890000,-2.2918000,-0.0562000
20240105,325,C,142.4300,142.4300,142.4300,142.4300,0,0,,,,,,
20240105,389,C,78.4550,78.4550,78.4550,78.4550,0,0,,,,,,
20240105,453,C,14.3750,14.3750,14.3750,14.3750,0,0,,,,,,
20240105,452.5,C,14.8650,14.8650,14.8650,14.8650,0,0,,,,,,
20240105,346,C,121.4350,121.4350,121.4350,121.4350,0,0,,,,,,
20240105,410,C,57.4650,57.4650,57.4650,57.4650,0,0,,,,,,
20240105,474,P,6.3450,6.3450,6.3450,6.3450,0,0,,,,,,
20240105,367,C,100.4350,100.4350,100.4350,100.4350,0,0,,,,,,
20240105,431,C,36.4550,36.4550,36.4550,36.4550,0,0,,,,,,
20240105,495,P,27.5600,27.5600,27.5600,27.5600,0,0,2.4453000,-0.9851000,0.0000000,0.1873000,-5.4272000,-0.0557000
20240105,388,C,79.4400,79.4400,79.4400,79.4400,0,0,,,,,,
20240105,452,C,15.3800,15.3800,15.3800,15.3800,0,0,,,,,,
20240105,345,C,122.4400,122.4400,122.4400,122.4400,0,0,,,,,,
20240105,409,C,58.4500,58.4500,58.4500,58.4500,0,0,,,,,,
20240105,473,P,5.4450,5.4450,5.4450,5.4450,0,0,,,,,,
20240105,366,C,101.4400,101.4400,101.4400,101.4400,0,0,,,,,,
20240105,430,C,37.4400,37.4400,37.4400,37.4400,0,0,,,,,,
20240105,494,P,26.5300,26.5300,26.5300,26.5300,0,0,2.1757000,-0.9908000,0.0000000,0.1230000,-3.1418000,-0.0559000
20240105,387,C,80.4000,80.4000,80.4000,80.4000,0,0,,,,,,
20240105,451,C,16.4150,16.4150,16.4150,16.4150,0,0,,,,,,
20240105,515,P,47.5400,47.5400,47.5400,47.5400,0,0,3.6726000,-0.9927000,0.0000000,0.0999000,-4.3325000,-0.0584000
20240105,280,C,187.4750,187.4750,187.4750,187.4750,0,0,,,,,,
20240105,344,C,123.4200,123.4200,123.4200,123.4200,0,0,,,,,,
20240105,408,C,59.4500,59.4500,59.4500,59.4500,0,0,,,,,,
20240105,472,P,4.4650,4.4650,4.4650,4.4650,0,0,,,,,,
20240105,365,C,102.4350,102.4350,102.4350,102.4350,0,0,,,,,,
20240105,429,C,38.4800,38.4800,38.4800,38.4800,0,0,,,,,,
20240105,493,P,25.5250,25.5250,25.5250,25.5250,0,0,2.0234000,-0.9927000,0.0000000,0.1001000,-2.3612000,-0.0558000
20240105,535,P,67.5150,67.5150,67.5150,67.5150,0,0,4.3750000,-0.9978000,0.0000000,0.0331000,-1.6651000,-0.0609000
20240105,386,C,81.4400,81.4400,81.4400,81.4400,0,0,,,,,,
20240105,450,C,17.3550,17.3550,17.3550,17.3550,0,0,,,,,,
20240105,343,C,124.4300,124.4300,124.4300,124.4300,0,0,,,,,,
20240105,407,C,60.4550,60.4550,60.4550,60.4550,0,0,,,,,,
20240105,471,P,3.6450,3.6450,3.6450,3.6450,0,0,0.5593000,-0.8932000,0.0000000,0.9191000,-6.1086000,-0.0480000
20240105,300,C,167.4250,167.4250,167.4250,167.4250,0,0,,,,,,
20240105,364,C,103.4300,103.4300,103.4300,103.4300,0,0,,,,,,
20240105,428,C,39.4700,39.4700,39.4700,39.4700,0,0,,,,,,
20240105,492,P,24.5200,24.5200,24.5200,24.5200,0,0,1.9531000,-0.9925000,0.0000000,0.1022000,-2.3260000,-0.0557000
20240105,385,C,82.4300,82.4300,82.4300,82.4300,0,0,,,,,,
20240105,449,C,18.3400,18.3400,18.3400,18.3400,0,0,,,,,,
20240105,342,C,125.4400,125.4400,125.4400,125.4400,0,0,,,,,,
20240105,406,C,61.4650,61.4650,61.4650,61.4650,0,0,,,,,,
20240105,470,C,0.0150,0.0150,0.0150,0.0150,0,0,0.2500000,0.0231000,0.0000000,0.2734000,-0.8218000,0.0012000
20240105,470,P,2.4850,2.4850,2.4850,2.4850,0,0,,,,,,
20240105,363,C,104.4350,104.4350,104.4350,104.4350,0,0,,,,,,
20240105,427,C,40.4500,40.4500,40.4500,40.4500,0,0,,,,,,
20240105,491,P,23.5300,23.5300,23.5300,23.5300,0,0,1.9648000,-0.9899000,0.0000000,0.1334000,-3.0746000,-0.0555000
20240108,416,C,51.5450,51.5450,51.5450,51.5450,0,0,,,,,,
20240108,448,C,19.5450,19.5450,19.5450,19.5450,0,0,,,,,,
20240108,480,P,12.5400,12.5400,12.5400,12.5400,0,0,0.1923000,-0.9300000,0.0000000,5.6949000,-0.1168000,-3.6896000
20240108,437,C,30.5550,30.5550,30.5550,30.5550,0,0,,,,,,
20240108,405,C,62.5300,62.5300,62.5300,62.5300,0,0,,,,,,
20240108,469,C,0.6350,0.6350,0.6350,0.6350,0,0,0.0686000,0.3296000,0.0000000,15.3700000,-0.1974000,1.2660000
20240108,469,P,2.0400,2.0400,2.0400,2.0400,0,0,0.0760000,-0.6542000,0.0000000,15.6545000,-0.1529000,-2.5396000
20240108,426,C,41.5500,41.5500,41.5500,41.5500,0,0,,,,,,
20240108,458,C,9.5600,9.5600,9.5600,9.5600,0,0,,,,,,
20240108,458,P,0.0150,0.0150,0.0150,0.0150,0,0,0.0957000,-0.0078000,0.0000000,0.9130000,-0.0139000,-0.0302000
20240108,490,P,22.5350,22.5350,22.5350,22.5350,0,0,0.3027000,-0.9535000,0.0000000,4.1299000,-0.1395000,-3.8624000
20240108,415,C,52.5300,52.5300,52.5300,52.5300,0,0,,,,,,
20240108,447,C,20.5450,20.5450,20.5450,20.5450,0,0,,,,,,
20240108,479,P,11.5500,11.5500,11.5500,11.5500,0,0,0.1818000,-0.9245000,0.0000000,6.0370000,-0.1178000,-3.6601000
20240108,436,C,31.5550,31.5550,31.5550,31.5550,0,0,,,,,,
20240108,500,P,32.5350,32.5350,32.5350,32.5350,0,0,0.4062000,-0.9633000,0.0000000,3.4045000,-0.1594000,-3.9829000
20240108,468,C,1.0350,1.0350,1.0350,1.0350,0,0,0.0690000,0.4611000,0.0000000,16.8576000,-0.2246000,1.7697000
20240108,468,P,1.4400,1.4400,1.4400,1.4400,0,0,0.0759000,-0.5350000,0.0000000,16.8723000,-0.1761000,-2.0750000
20240108,425,C,42.5500,42.5500,42.5500,42.5500,0,0,,,,,,
20240108,457,C,10.5500,10.5500,10.5500,10.5500,0,0,,,,,,
20240108,457,P,0.0150,0.0150,0.0150,0.0150,0,0,0.1035000,-0.0068000,0.0000000,0.8065000,-0.0134000,-0.0263000
20240108,489,P,21.5350,21.5350,21.5350,21.5350,0,0,0.2919000,-0.9521000,0.0000000,4.2295000,-0.1372000,-3.8487000
20240108,414,C,53.5400,53.5400,53.5400,53.5400,0,0,,,,,,
20240108,446,C,21.5450,21.5450,21.5450,21.5450,0,0,,,,,,
20240108,478,P,10.5400,10.5400,10.5400,10.5400,0,0,0.1679000,-0.9221000,0.0000000,6.1826000,-0.1082000,-3.6425000
20240108,510,P,42.5350,42.5350,42.5350,42.5350,0,0,0.5042000,-0.9690000,0.0000000,2.9622000,-0.1760000,-4.0873000
20240108,435,C,32.5500,32.5500,32.5500,32.5500,0,0,,,,,,
20240108,467,C,1.5650,1.5650,1.5650,1.5650,0,0,0.0693000,0.5958000,0.0000000,16.4465000,-0.2296000,2.2846000
20240108,467,P,0.9650,0.9650,0.9650,0.9650,0,0,0.0756000,-0.4118000,0.0000000,16.5224000,-0.1795000,-1.5958000
20240108,499,P,31.5350,31.5350,31.5350,31.5350,0,0,0.3964000,-0.9625000,0.0000000,3.4694000,-0.1584000,-3.9713000
20240108,424,C,43.5300,43.5300,43.5300,43.5300,0,0,,,,,,
20240108,456,C,11.5600,11.5600,11.5600,11.5600,0,0,,,,,,
20240108,456,P,0.0150,0.0150,0.0150,0.0150,0,0,0.1132000,-0.0067000,0.0000000,0.8044000,-0.0146000,-0.0262000
20240108,520,P,52.5400,52.5400,52.5400,52.5400,0,0,0.6015000,-0.9721000,0.0000000,2.7187000,-0.1978000,-4.1816000
20240108,488,P,20.5350,20.5350,20.5350,20.5350,0,0,0.2812000,-0.9505000,0.0000000,4.3398000,-0.1350000,-3.8344000
20240108,413,C,54.5350,54.5350,54.5350,54.5350,0,0,,,,,,
20240108,445,C,22.5500,22.5500,22.5500,22.5500,0,0,,,,,,
20240108,477,C,0.0150,0.0150,0.0150,0.0150,0,0,0.0898000,0.0080000,0.0000000,0.9331000,-0.0144000,0.0308000
20240108,477,P,9.5400,9.5400,9.5400,9.5400,0,0,0.1557000,-0.9168000,0.0000000,6.4992000,-0.1043000,-3.6138000
20240108,434,C,33.5500,33.5500,33.5500,33.5500,0,0,,,,,,
20240108,466,C,2.2000,2.2000,2.2000,2.2000,0,0,0.0682000,0.7231000,0.0000000,14.2123000,-0.2099000,2.7703000
20240108,466,P,0.6050,0.6050,0.6050,0.6050,0,0,0.0754000,-0.2958000,0.0000000,14.6681000,-0.1635000,-1.1456000
20240108,498,P,30.5350,30.5350,30.5350,30.5350,0,0,0.3862000,-0.9617000,0.0000000,3.5252000,-0.1562000,-3.9602000
20240108,530,P,62.5450,62.5450,62.5450,62.5450,0,0,0.6914000,-0.9749000,0.0000000,2.4814000,-0.2095000,-4.2752000
20240108,423,C,44.5300,44.5300,44.5300,44.5300,0,0,,,,,,
20240108,455,C,12.5650,12.5650,12.5650,12.5650,0,0,,,,,,
20240108,455,P,0.0150,0.0150,0.0150,0.0150,0,0,0.1210000,-0.0060000,0.0000000,0.7262000,-0.0141000,-0.0233000
20240108,487,P,19.5350,19.5350,19.5350,19.5350,0,0,0.2702000,-0.9489000,0.0000000,4.4515000,-0.1324000,-3.8200000
20240108,412,C,55.5300,55.5300,55.5300,55.5300,0,0,,,,,,
20240108,444,C,23.5450,23.5450,23.5450,23.5450,0,0,,,,,,
20240108,476,C,0.0150,0.0150,0.0150,0.0150,0,0,0.0820000,0.0092000,0.0000000,1.0553000,-0.0150000,0.0355000
20240108,476,P,8.5400,8.5400,8.5400,8.5400,0,0,0.1430000,-0.9109000,0.0000000,6.8406000,-0.0993000,-3.5828000
20240108,540,P,72.5300,72.5300,72.5300,72.5300,0,0,0.7742000,-0.9777000,0.0000000,2.2511000,-0.2124000,-4.3681000
20240108,433,C,34.5500,34.5500,34.5500,34.5500,0,0,,,,,,
20240108,465,C,2.9600,2.9600,2.9600,2.9600,0,0,0.0668000,0.8309000,0.0000000,10.7073000,-0.1750000,3.1793000
20240108,465,P,0.3650,0.3650,0.3650,0.3650,0,0,0.0759000,-0.1991000,0.0000000,11.8569000,-0.1359000,-0.7709000
20240108,497,P,29.5350,29.5350,29.5350,29.5350,0,0,0.3759000,-0.9609000,0.0000000,3.5855000,-0.1542000,-3.9489000
20240108,422,C,45.5300,45.5300,45.5300,45.5300,0,0,,,,,,
20240108,454,C,13.5600,13.5600,13.5600,13.5600,0,0,,,,,,
20240108,454,P,0.0150,0.0150,0.0150,0.0150,0,0,0.1289000,-0.0054000,0.0000000,0.6622000,-0.0138000,-0.0210000
20240108,486,P,18.5400,18.5400,18.5400,18.5400,0,0,0.2612000,-0.9458000,0.0000000,4.6677000,-0.1355000,-3.7997000
20240108,411,C,56.5350,56.5350,56.5350,56.5350,0,0,,,,,,
20240108,443,C,24.5450,24.5450,24.5450,24.5450,0,0,,,,,,
20240108,475,C,0.0150,0.0150,0.0150,0.0150,0,0,0.0722000,0.0092000,0.0000000,1.0580000,-0.0133000,0.0356000
20240108,475,P,7.5400,7.5400,7.5400,7.5400,0,0,0.1301000,-0.9038000,0.0000000,7.2401000,-0.0939000,-3.5472000
20240108,432,C,35.5500,35.5500,35.5500,35.5500,0,0,,,,,,
20240108,464,C,3.7950,3.7950,3.7950,3.7950,0,0,0.0610000,0.9247000,0.0000000,6.0275000,-0.1234000,3.5342000
20240108,464,P,0.2150,0.2150,0.2150,0.2150,0,0,0.0773000,-0.1281000,0.0000000,8.8944000,-0.1055000,-0.4960000
20240108,496,P,28.5350,28.5350,28.5350,28.5350,0,0,0.3657000,-0.9601000,0.0000000,3.6509000,-0.1523000,-3.9372000
20240108,421,C,46.5350,46.5350,46.5350,46.5350,0,0,,,,,,
20240108,453,C,14.5600,14.5600,14.5600,14.5600,0,0,,,,,,
20240108,453,P,0.0150,0.0150,0.0150,0.0150,0,0,0.1367000,-0.0049000,0.0000000,0.6088000,-0.0134000,-0.0191000
20240108,485,P,17.5350,17.5350,17.5350,17.5350,0,0,0.2480000,-0.9452000,0.0000000,4.7043000,-0.1269000,-3.7893000
20240108,410,C,57.5400,57.5400,57.5400,57.5400,0,0,,,,,,
20240108,442,C,25.5400,25.5400,25.5400,25.5400,0,0,,,,,,
20240108,474,C,0.0250,0.0250,0.0250,0.0250,0,0,0.0703000,0.0182000,0.0000000,1.9045000,-0.0234000,0.0703000
20240108,474,P,6.5350,6.5350,6.5350,6.5350,0,0,0.1154000,-0.8978000,0.0000000,7.5653000,-0.0830000,-3.5159000
20240108,431,C,36.5500,36.5500,36.5500,36.5500,0,0,,,,,,
20240108,495,P,27.5350,27.5350,27.5350,27.5350,0,0,0.3554000,-0.9591000,0.0000000,3.7219000,-0.1505000,-3.9253000
20240108,463,C,4.7250,4.7250,4.7250,4.7250,0,0,0.0546000,0.9792000,0.0000000,2.1223000,-0.0851000,3.7367000
20240108,463,P,0.1150,0.1150,0.1150,0.1150,0,0,0.0773000,-0.0746000,0.0000000,5.9889000,-0.0718000,-0.2887000
20240108,420,C,47.5450,47.5450,47.5450,47.5450,0,0,,,,,,
20240108,452,C,15.5600,15.5600,15.5600,15.5600,0,0,,,,,,
20240108,452,P,0.0150,0.0150,0.0150,0.0150,0,0,0.1464000,-0.0050000,0.0000000,0.6166000,-0.0146000,-0.0194000
20240108,484,P,16.5400,16.5400,16.5400,16.5400,0,0,0.2387000,-0.9416000,0.0000000,4.9501000,-0.1298000,-3.7671000
20240108,409,C,58.5400,58.5400,58.5400,58.5400,0,0,,,,,,
20240108,441,C,26.5550,26.5550,26.5550,26.5550,0,0,,,,,,
20240108,473,C,0.0450,0.0450,0.0450,0.0450,0,0,0.0683000,0.0351000,0.0000000,3.2901000,-0.0397000,0.1350000
20240108,473,P,5.5400,5.5400,5.5400,5.5400,0,0,0.1032000,-0.8840000,0.0000000,8.2872000,-0.0812000,-3.4545000
20240108,505,P,37.5350,37.5350,37.5350,37.5350,0,0,0.4560000,-0.9665000,0.0000000,3.1646000,-0.1685000,-4.0361000
20240108,430,C,37.5500,37.5500,37.5500,37.5500,0,0,,,,,,
20240108,494,P,26.5400,26.5400,26.5400,26.5400,0,0,0.3476000,-0.9569000,0.0000000,3.8810000,-0.1551000,-3.9088000
20240108,462,C,5.6600,5.6600,5.6600,5.6600,0,0,,,,,,
20240108,462,P,0.0650,0.0650,0.0650,0.0650,0,0,0.0791000,-0.0434000,0.0000000,3.9124000,-0.0484000,-0.1680000
20240108,419,C,48.5450,48.5450,48.5450,48.5450,0,0,,,,,,
20240108,451,C,16.5600,16.5600,16.5600,16.5600,0,0,,,,,,
20240108,451,P,0.0150,0.0150,0.0150,0.0150,0,0,0.1562000,-0.0050000,0.0000000,0.6229000,-0.0158000,-0.0196000
20240108,483,P,15.5400,15.5400,15.5400,15.5400,0,0,0.2275000,-0.9390000,0.0000000,5.1196000,-0.1273000,-3.7489000
20240108,515,P,47.5400,47.5400,47.5400,47.5400,0,0,0.5546000,-0.9704000,0.0000000,2.8549000,-0.1901000,-4.1338000
20240108,525,P,57.5400,57.5400,57.5400,57.5400,0,0,0.6468000,-0.9736000,0.0000000,2.5913000,-0.2038000,-4.2288000
20240108,440,C,27.5250,27.5250,27.5250,27.5250,0,0,,,,,,
20240108,408,C,59.5400,59.5400,59.5400,59.5400,0,0,,,,,,
20240108,472,C,0.0950,0.0950,0.0950,0.0950,0,0,0.0683000,0.0708000,0.0000000,5.7543000,-0.0701000,0.2724000
20240108,472,P,4.5150,4.5150,4.5150,4.5150,0,0,0.0856000,-0.8791000,0.0000000,8.5352000,-0.0610000,-3.4270000
20240108,429,C,38.5500,38.5500,38.5500,38.5500,0,0,,,,,,
20240108,493,P,25.5350,25.5350,25.5350,25.5350,0,0,0.3344000,-0.9571000,0.0000000,3.8666000,-0.1459000,-3.9012000
20240108,461,C,6.6350,6.6350,6.6350,6.6350,0,0,,,,,,
20240108,461,P,0.0450,0.0450,0.0450,0.0450,0,0,0.0839000,-0.0289000,0.0000000,2.8020000,-0.0371000,-0.1118000
20240108,535,P,67.5400,67.5400,67.5400,67.5400,0,0,0.7355000,-0.9760000,0.0000000,2.3900000,-0.2157000,-4.3206000
20240108,450,C,17.5600,17.5600,17.5600,17.5600,0,0,,,,,,
20240108,450,P,0.0150,0.0150,0.0150,0.0150,0,0,0.1640000,-0.0046000,0.0000000,0.5805000,-0.0154000,-0.0181000
20240108,418,C,49.5450,49.5450,49.5450,49.5450,0,0,,,,,,
20240108,482,P,14.5400,14.5400,14.5400,14.5400,0,0,0.2158000,-0.9365000,0.0000000,5.2847000,-0.1236000,-3.7309000
20240108,439,C,28.5550,28.5550,28.5550,28.5550,0,0,,,,,,
20240108,407,C,60.5300,60.5300,60.5300,60.5300,0,0,,,,,,
20240108,471,C,0.1950,0.1950,0.1950,0.1950,0,0,0.0686000,0.1305000,0.0000000,9.0082000,-0.1114000,0.5018000
20240108,471,P,3.6000,3.6000,3.6000,3.6000,0,0,0.0803000,-0.8311000,0.0000000,10.6962000,-0.0856000,-3.2345000
20240108,545,P,77.5250,77.5250,77.5250,77.5250,0,0,0.8117000,-0.9792000,0.0000000,2.1233000,-0.2083000,-4.4150000
20240108,428,C,39.5500,39.5500,39.5500,39.5500,0,0,,,,,,
20240108,460,C,7.6250,7.6250,7.6250,7.6250,0,0,,,,,,
20240108,460,P,0.0350,0.0350,0.0350,0.0350,0,0,0.0898000,-0.0206000,0.0000000,2.1148000,-0.0301000,-0.0799000
20240108,492,P,24.5350,24.5350,24.5350,24.5350,0,0,0.3242000,-0.9559000,0.0000000,3.9580000,-0.1445000,-3.8881000
20240108,417,C,50.5450,50.5450,50.5450,50.5450,0,0,,,,,,
20240108,449,C,18.5600,18.5600,18.5600,18.5600,0,0,,,,,,
20240108,481,P,13.5400,13.5400,13.5400,13.5400,0,0,0.2041000,-0.9335000,0.0000000,5.4747000,-0.1201000,-3.7113000
20240108,438,C,29.5550,29.5550,29.5550,29.5550,0,0,,,,,,
20240108,406,C,61.5450,61.5450,61.5450,61.5450,0,0,,,,,,
20240108,470,C,0.3650,0.3650,0.3650,0.3650,0,0,0.0686000,0.2169000,0.0000000,12.4697000,-0.1567000,0.8334000
20240108,470,P,2.7700,2.7700,2.7700,2.7700,0,0,0.0776000,-0.7551000,0.0000000,13.3425000,-0.1202000,-2.9345000
20240108,427,C,40.5500,40.5500,40.5500,40.5500,0,0,,,,,,
20240108,491,P,23.5250,23.5250,23.5250,23.5250,0,0,0.3110000,-0.9560000,0.0000000,3.9481000,-0.1355000,-3.8803000
20240108,459,C,8.6150,8.6150,8.6150,8.6150,0,0,,,,,,
20240108,459,P,0.0250,0.0250,0.0250,0.0250,0,0,0.0947000,-0.0143000,0.0000000,1.5458000,-0.0233000,-0.0554000
20240109,416,C,51.6150,51.6150,51.6150,51.6150,0,0,,,,,,
20240109,448,C,19.6400,19.6400,19.6400,19.6400,0,0,,,,,,
20240109,448,P,0.0150,0.0150,0.0150,0.0150,0,0,0.1562000,-0.0040000,0.0000000,0.5912000,-0.0112000,-0.0210000
20240109,480,C,0.0150,0.0150,0.0150,0.0150,0,0,0.0976000,0.0059000,0.0000000,0.8259000,-0.0104000,0.0304000
20240109,480,P,12.5350,12.5350,12.5350,12.5350,0,0,0.1745000,-0.9194000,0.0000000,7.3264000,-0.0950000,-4.8603000
20240109,437,C,30.6250,30.6250,30.6250,30.6250,0,0,,,,,,
20240109,437,P,0.0150,0.0150,0.0150,0.0150,0,0,0.2343000,-0.0026000,0.0000000,0.4076000,-0.0117000,-0.0139000
20240109,405,C,62.6100,62.6100,62.6100,62.6100,0,0,,,,,,
20240109,469,C,1.0750,1.0750,1.0750,1.0750,0,0,0.0822000,0.3821000,0.0000000,18.6910000,-0.2174000,1.9514000
20240109,469,P,2.4050,2.4050,2.4050,2.4050,0,0,0.0877000,-0.6103000,0.0000000,18.7972000,-0.1638000,-3.1614000
20240109,426,C,41.6150,41.6150,41.6150,41.6150,0,0,,,,,,
20240109,426,P,0.0150,0.0150,0.0150,0.0150,0,0,0.3125000,-0.0020000,0.0000000,0.3161000,-0.0121000,-0.0105000
20240109,458,C,9.7350,9.7350,9.7350,9.7350,0,0,0.0818783,0.9929951,0.0048661,0.0095429,-0.0658000,0.0498071
20240109,458,P,0.0650,0.0650,0.0650,0.0650,0,0,0.1069000,-0.0294000,0.0000000,3.2815000,-0.0417000,-0.1518000
20240109,490,P,22.5350,22.5350,22.5350,22.5350,0,0,0.2753000,-0.9445000,0.0000000,5.4901000,-0.1209000,-5.0990000
20240109,415,C,52.6000,52.6000,52.6000,52.6000,0,0,,,,,,
20240109,447,C,20.6350,20.6350,20.6350,20.6350,0,0,,,,,,
20240109,447,P,0.0150,0.0150,0.0150,0.0150,0,0,0.1640000,-0.0040000,0.0000000,0.5837000,-0.0116000,-0.0207000
20240109,479,C,0.0150,0.0150,0.0150,0.0150,0,0,0.0917000,0.0069000,0.0000000,0.9483000,-0.0113000,0.0355000
20240109,479,P,11.5400,11.5400,11.5400,11.5400,0,0,0.1650000,-0.9134000,0.0000000,7.7287000,-0.0952000,-4.8188000
20240109,436,C,31.6250,31.6250,31.6250,31.6250,0,0,,,,,,
20240109,436,P,0.0150,0.0150,0.0150,0.0150,0,0,0.2421000,-0.0026000,0.0000000,0.4061000,-0.0120000,-0.0139000
20240109,500,P,32.5350,32.5350,32.5350,32.5350,0,0,0.3686000,-0.9558000,0.0000000,4.5710000,-0.1403000,-5.2674000
20240109,468,C,1.5050,1.5050,1.5050,1.5050,0,0,0.0823000,0.4793000,0.0000000,19.5233000,-0.2329000,2.4455000
20240109,468,P,1.8350,1.8350,1.8350,1.8350,0,0,0.0876000,-0.5192000,0.0000000,19.5269000,-0.1777000,-2.6872000
20240109,425,C,42.6100,42.6100,42.6100,42.6100,0,0,,,,,,
20240109,425,P,0.0150,0.0150,0.0150,0.0150,0,0,0.3203000,-0.0020000,0.0000000,0.3154000,-0.0124000,-0.0105000
20240109,457,C,10.6700,10.6700,10.6700,10.6700,0,0,,,,,,
20240109,457,P,0.0450,0.0450,0.0450,0.0450,0,0,0.1088000,-0.0203000,0.0000000,2.4053000,-0.0312000,-0.1048000
20240109,489,P,21.5400,21.5400,21.5400,21.5400,0,0,0.2675000,-0.9415000,0.0000000,5.7157000,-0.1235000,-5.0732000
20240109,414,C,53.6050,53.6050,53.6050,53.6050,0,0,,,,,,
20240109,446,C,21.6350,21.6350,21.6350,21.6350,0,0,,,,,,
20240109,446,P,0.0150,0.0150,0.0150,0.0150,0,0,0.1718000,-0.0039000,0.0000000,0.5766000,-0.0120000,-0.0205000
20240109,478,C,0.0250,0.0250,0.0250,0.0250,0,0,0.0917000,0.0124000,0.0000000,1.5803000,-0.0189000,0.0637000
20240109,478,P,10.5300,10.5300,10.5300,10.5300,0,0,0.1528000,-0.9102000,0.0000000,7.9439000,-0.0879000,-4.7911000
20240109,510,P,42.5350,42.5350,42.5350,42.5350,0,0,0.4565000,-0.9626000,0.0000000,3.9949000,-0.1557000,-5.4119000
20240109,435,C,32.6250,32.6250,32.6250,32.6250,0,0,,,,,,
20240109,435,P,0.0150,0.0150,0.0150,0.0150,0,0,0.2500000,-0.0026000,0.0000000,0.4045000,-0.0124000,-0.0138000
20240109,467,C,2.0400,2.0400,2.0400,2.0400,0,0,0.0831000,0.5769000,0.0000000,19.1848000,-0.2377000,2.9412000
20240109,467,P,1.3650,1.3650,1.3650,1.3650,0,0,0.0880000,-0.4270000,0.0000000,19.2220000,-0.1816000,-2.2086000
20240109,499,P,31.5350,31.5350,31.5350,31.5350,0,0,0.3593000,-0.9551000,0.0000000,4.6348000,-0.1381000,-5.2525000
20240109,424,C,43.6150,43.6150,43.6150,43.6150,0,0,,,,,,
20240109,424,P,0.0150,0.0150,0.0150,0.0150,0,0,0.3281000,-0.0020000,0.0000000,0.3146000,-0.0127000,-0.0105000
20240109,456,C,11.6650,11.6650,11.6650,11.6650,0,0,,,,,,
20240109,456,P,0.0450,0.0450,0.0450,0.0450,0,0,0.1171000,-0.0187000,0.0000000,2.2415000,-0.0314000,-0.0965000
20240109,520,P,52.5400,52.5400,52.5400,52.5400,0,0,0.5429000,-0.9664000,0.0000000,3.6552000,-0.1740000,-5.5416000
20240109,488,P,20.5400,20.5400,20.5400,20.5400,0,0,0.2578000,-0.9397000,0.0000000,5.8539000,-0.1212000,-5.0530000
20240109,413,C,54.6000,54.6000,54.6000,54.6000,0,0,,,,,,
20240109,445,C,22.6450,22.6450,22.6450,22.6450,0,0,,,,,,
20240109,445,P,0.0150,0.0150,0.0150,0.0150,0,0,0.1796000,-0.0039000,0.0000000,0.5696000,-0.0124000,-0.0202000
20240109,477,C,0.0250,0.0250,0.0250,0.0250,0,0,0.0839000,0.0133000,0.0000000,1.6836000,-0.0185000,0.0686000
20240109,477,P,9.5350,9.5350,9.5350,9.5350,0,0,0.1416000,-0.9046000,0.0000000,8.3038000,-0.0836000,-4.7516000
20240109,434,C,33.6250,33.6250,33.6250,33.6250,0,0,,,,,,
20240109,434,P,0.0150,0.0150,0.0150,0.0150,0,0,0.2578000,-0.0026000,0.0000000,0.4027000,-0.0127000,-0.0137000
20240109,466,C,2.6600,2.6600,2.6600,2.6600,0,0,0.0831000,0.6700000,0.0000000,17.7450000,-0.2290000,3.4127000
20240109,466,P,0.9850,0.9850,0.9850,0.9850,0,0,0.0882000,-0.3390000,0.0000000,17.9361000,-0.1741000,-1.7522000
20240109,498,P,30.5350,30.5350,30.5350,30.5350,0,0,0.3505000,-0.9540000,0.0000000,4.7228000,-0.1371000,-5.2361000
20240109,530,P,62.5400,62.5400,62.5400,62.5400,0,0,0.6234000,-0.9698000,0.0000000,3.3487000,-0.1852000,-5.6688000
20240109,423,C,44.6150,44.6150,44.6150,44.6150,0,0,,,,,,
20240109,423,P,0.0150,0.0150,0.0150,0.0150,0,0,0.3359000,-0.0020000,0.0000000,0.3137000,-0.0130000,-0.0104000
20240109,455,C,12.6550,12.6550,12.6550,12.6550,0,0,,,,,,
20240109,455,P,0.0350,0.0350,0.0350,0.0350,0,0,0.1210000,-0.0143000,0.0000000,1.7868000,-0.0259000,-0.0740000
20240109,487,P,19.5250,19.5250,19.5250,19.5250,0,0,0.2446000,-0.9403000,0.0000000,5.8075000,-0.1103000,-5.0449000
20240109,412,C,55.6050,55.6050,55.6050,55.6050,0,0,,,,,,
20240109,444,C,23.6300,23.6300,23.6300,23.6300,0,0,,,,,,
20240109,444,P,0.0150,0.0150,0.0150,0.0150,0,0,0.1855000,-0.0035000,0.0000000,0.5225000,-0.0118000,-0.0183000
20240109,476,C,0.0350,0.0350,0.0350,0.0350,0,0,0.0810000,0.0202000,0.0000000,2.4015000,-0.0256000,0.1038000
20240109,476,P,8.5400,8.5400,8.5400,8.5400,0,0,0.1313000,-0.8960000,0.0000000,8.8448000,-0.0826000,-4.6966000
20240109,540,P,72.5400,72.5400,72.5400,72.5400,0,0,0.7015000,-0.9723000,0.0000000,3.1201000,-0.1962000,-5.7913000
20240109,433,C,34.6250,34.6250,34.6250,34.6250,0,0,,,,,,
20240109,433,P,0.0150,0.0150,0.0150,0.0150,0,0,0.2656000,-0.0026000,0.0000000,0.4008000,-0.0130000,-0.0137000
20240109,465,C,3.3600,3.3600,3.3600,3.3600,0,0,0.0825000,0.7554000,0.0000000,15.3905000,-0.2092000,3.8434000
20240109,465,P,0.6950,0.6950,0.6950,0.6950,0,0,0.0889000,-0.2604000,0.0000000,15.9085000,-0.1586000,-1.3452000
20240109,497,P,29.5350,29.5350,29.5350,29.5350,0,0,0.3413000,-0.9531000,0.0000000,4.7979000,-0.1350000,-5.2204000
20240109,422,C,45.6150,45.6150,45.6150,45.6150,0,0,,,,,,
20240109,422,P,0.0150,0.0150,0.0150,0.0150,0,0,0.3437000,-0.0020000,0.0000000,0.3126000,-0.0132000,-0.0104000
20240109,454,C,13.6550,13.6550,13.6550,13.6550,0,0,,,,,,
20240109,454,P,0.0350,0.0350,0.0350,0.0350,0,0,0.1289000,-0.0132000,0.0000000,1.6686000,-0.0259000,-0.0684000
20240109,486,P,18.5350,18.5350,18.5350,18.5350,0,0,0.2363000,-0.9370000,0.0000000,6.0582000,-0.1120000,-5.0170000
20240109,411,C,56.6150,56.6150,56.6150,56.6150,0,0,,,,,,
20240109,443,C,24.6300,24.6300,24.6300,24.6300,0,0,,,,,,
20240109,443,P,0.0150,0.0150,0.0150,0.0150,0,0,0.1914000,-0.0032000,0.0000000,0.4809000,-0.0112000,-0.0167000
20240109,475,C,0.0550,0.0550,0.0550,0.0550,0,0,0.0791000,0.0325000,0.0000000,3.5643000,-0.0373000,0.1665000
20240109,475,P,7.5350,7.5350,7.5350,7.5350,0,0,0.1186000,-0.8900000,0.0000000,9.2144000,-0.0746000,-4.6543000
20240109,432,C,35.6200,35.6200,35.6200,35.6200,0,0,,,,,,
20240109,432,P,0.0150,0.0150,0.0150,0.0150,0,0,0.2734000,-0.0026000,0.0000000,0.3988000,-0.0134000,-0.0136000
20240109,464,C,4.1450,4.1450,4.1450,4.1450,0,0,0.0817000,0.8286000,0.0000000,12.4628000,-0.1828000,4.2110000
20240109,464,P,0.4750,0.4750,0.4750,0.4750,0,0,0.0895000,-0.1929000,0.0000000,13.4255000,-0.1367000,-0.9964000
20240109,496,P,28.5400,28.5400,28.5400,28.5400,0,0,0.3339000,-0.9511000,0.0000000,4.9604000,-0.1377000,-5.1993000
20240109,421,C,46.6100,46.6100,46.6100,46.6100,0,0,,,,,,
20240109,421,P,0.0150,0.0150,0.0150,0.0150,0,0,0.3515000,-0.0020000,0.0000000,0.3115000,-0.0135000,-0.0104000
20240109,453,C,14.6400,14.6400,14.6400,14.6400,0,0,,,,,,
20240109,453,P,0.0350,0.0350,0.0350,0.0350,0,0,0.1376000,-0.0128000,0.0000000,1.6245000,-0.0270000,-0.0663000
20240109,485,P,17.5350,17.5350,17.5350,17.5350,0,0,0.2263000,-0.9348000,0.0000000,6.2269000,-0.1095000,-4.9944000
20240109,410,C,57.6150,57.6150,57.6150,57.6150,0,0,,,,,,
20240109,442,C,25.6250,25.6250,25.6250,25.6250,0,0,,,,,,
20240109,442,P,0.0150,0.0150,0.0150,0.0150,0,0,0.1992000,-0.0032000,0.0000000,0.4780000,-0.0116000,-0.0166000
20240109,474,C,0.0950,0.0950,0.0950,0.0950,0,0,0.0786000,0.0547000,0.0000000,5.4291000,-0.0569000,0.2800000
20240109,474,P,6.4950,6.4950,6.4950,6.4950,0,0,0.1025000,-0.8897000,0.0000000,9.2315000,-0.0565000,-4.6414000
20240109,431,C,36.6200,36.6200,36.6200,36.6200,0,0,,,,,,
20240109,431,P,0.0150,0.0150,0.0150,0.0150,0,0,0.2812000,-0.0026000,0.0000000,0.3967000,-0.0137000,-0.0135000
20240109,495,P,27.5300,27.5300,27.5300,27.5300,0,0,0.3227000,-0.9510000,0.0000000,4.9672000,-0.1311000,-5.1877000
20240109,463,C,4.9950,4.9950,4.9950,4.9950,0,0,0.0812000,0.8864000,0.0000000,9.4277000,-0.1551000,4.4983000
20240109,463,P,0.3150,0.3150,0.3150,0.3150,0,0,0.0900000,-0.1376000,0.0000000,10.7839000,-0.1117000,-0.7106000
20240109,420,C,47.6100,47.6100,47.6100,47.6100,0,0,,,,,,
20240109,420,P,0.0150,0.0150,0.0150,0.0150,0,0,0.3593000,-0.0019000,0.0000000,0.3102000,-0.0137000,-0.0103000
20240109,452,C,15.6450,15.6450,15.6450,15.6450,0,0,,,,,,
20240109,452,P,0.0250,0.0250,0.0250,0.0250,0,0,0.1386000,-0.0089000,0.0000000,1.1871000,-0.0199000,-0.0462000
20240109,484,P,16.5400,16.5400,16.5400,16.5400,0,0,0.2177000,-0.9308000,0.0000000,6.5145000,-0.1111000,-4.9634000
20240109,409,C,58.6000,58.6000,58.6000,58.6000,0,0,,,,,,
20240109,441,C,26.6200,26.6200,26.6200,26.6200,0,0,,,,,,
20240109,441,P,0.0150,0.0150,0.0150,0.0150,0,0,0.2070000,-0.0031000,0.0000000,0.4749000,-0.0120000,-0.0165000
20240109,473,C,0.1750,0.1750,0.1750,0.1750,0,0,0.0800000,0.0934000,0.0000000,8.1838000,-0.0880000,0.4782000
20240109,473,P,5.5500,5.5500,5.5500,5.5500,0,0,0.0964000,-0.8630000,0.0000000,10.7427000,-0.0696000,-4.4943000
20240109,505,P,37.5300,37.5300,37.5300,37.5300,0,0,0.4130000,-0.9596000,0.0000000,4.2513000,-0.1482000,-5.3418000
20240109,430,C,37.6250,37.6250,37.6250,37.6250,0,0,,,,,,
20240109,430,P,0.0150,0.0150,0.0150,0.0150,0,0,0.2851000,-0.0023000,0.0000000,0.3546000,-0.0124000,-0.0119000
20240109,494,P,26.5350,26.5350,26.5350,26.5350,0,0,0.3134000,-0.9498000,0.0000000,5.0629000,-0.1294000,-5.1707000
20240109,462,C,5.8900,5.8900,5.8900,5.8900,0,0,0.0800000,0.9310000,0.0000000,6.5040000,-0.1274000,4.7177000
20240109,462,P,0.2150,0.2150,0.2150,0.2150,0,0,0.0920000,-0.0981000,0.0000000,8.4858000,-0.0906000,-0.5066000
20240109,419,C,48.6100,48.6100,48.6100,48.6100,0,0,,,,,,
20240109,419,P,0.0150,0.0150,0.0150,0.0150,0,0,0.3671000,-0.0019000,0.0000000,0.3089000,-0.0140000,-0.0103000
20240109,451,C,16.6450,16.6450,16.6450,16.6450,0,0,,,,,,
20240109,451,P,0.0250,0.0250,0.0250,0.0250,0,0,0.1464000,-0.0085000,0.0000000,1.1353000,-0.0201000,-0.0439000
20240109,483,P,15.5350,15.5350,15.5350,15.5350,0,0,0.2060000,-0.9295000,0.0000000,6.6133000,-0.1044000,-4.9453000
20240109,515,P,47.5400,47.5400,47.5400,47.5400,0,0,0.5011000,-0.9644000,0.0000000,3.8365000,-0.1672000,-5.4762000
20240109,525,P,57.5500,57.5500,57.5500,57.5500,0,0,0.5863000,-0.9676000,0.0000000,3.5499000,-0.1853000,-5.6027000
20240109,440,C,27.6300,27.6300,27.6300,27.6300,0,0,,,,,,
20240109,440,P,0.0150,0.0150,0.0150,0.0150,0,0,0.2148000,-0.0031000,0.0000000,0.4717000,-0.0124000,-0.0164000
20240109,408,C,59.6050,59.6050,59.6050,59.6050,0,0,,,,,,
20240109,472,C,0.2950,0.2950,0.2950,0.2950,0,0,0.0804000,0.1439000,0.0000000,11.1154000,-0.1212000,0.7363000
20240109,472,P,4.6400,4.6400,4.6400,4.6400,0,0,0.0910000,-0.8257000,0.0000000,12.5954000,-0.0861000,-4.2928000
20240109,429,C,38.6150,38.6150,38.6150,38.6150,0,0,,,,,,
20240109,429,P,0.0150,0.0150,0.0150,0.0150,0,0,0.2929000,-0.0023000,0.0000000,0.3535000,-0.0127000,-0.0119000
20240109,493,P,25.5350,25.5350,25.5350,25.5350,0,0,0.3041000,-0.9485000,0.0000000,5.1670000,-0.1277000,-5.1530000
20240109,461,C,6.8200,6.8200,6.8200,6.8200,0,0,0.0766000,0.9655000,0.0000000,3.7378000,-0.1004000,4.8847000
20240109,461,P,0.1450,0.1450,0.1450,0.1450,0,0,0.0939000,-0.0687000,0.0000000,6.4883000,-0.0713000,-0.3546000
20240109,535,P,67.5400,67.5400,67.5400,67.5400,0,0,0.6624000,-0.9712000,0.0000000,3.2216000,-0.1902000,-5.7308000
20240109,450,C,17.6400,17.6400,17.6400,17.6400,0,0,,,,,,
20240109,450,P,0.0250,0.0250,0.0250,0.0250,0,0,0.1542000,-0.0081000,0.0000000,1.0893000,-0.0204000,-0.0419000
20240109,418,C,49.6100,49.6100,49.6100,49.6100,0,0,,,,,,
20240109,418,P,0.0150,0.0150,0.0150,0.0150,0,0,0.3750000,-0.0019000,0.0000000,0.3075000,-0.0142000,-0.0102000
20240109,482,P,14.5350,14.5350,14.5350,14.5350,0,0,0.1955000,-0.9266000,0.0000000,6.8188000,-0.1011000,-4.9195000
20240109,439,C,28.6300,28.6300,28.6300,28.6300,0,0,,,,,,
20240109,439,P,0.0150,0.0150,0.0150,0.0150,0,0,0.2226000,-0.0031000,0.0000000,0.4685000,-0.0127000,-0.0162000
20240109,407,C,60.6100,60.6100,60.6100,60.6100,0,0,,,,,,
20240109,471,C,0.4750,0.4750,0.4750,0.4750,0,0,0.0809000,0.2100000,0.0000000,14.1255000,-0.1567000,1.0738000
20240109,471,P,3.8100,3.8100,3.8100,3.8100,0,0,0.0888000,-0.7683000,0.0000000,14.9394000,-0.1127000,-3.9885000
20240109,545,P,77.5200,77.5200,77.5200,77.5200,0,0,0.7326000,-0.9744000,0.0000000,2.9124000,-0.1884000,-5.8573000
20240109,428,C,39.6200,39.6200,39.6200,39.6200,0,0,,,,,,
20240109,428,P,0.0150,0.0150,0.0150,0.0150,0,0,0.3007000,-0.0022000,0.0000000,0.3522000,-0.0130000,-0.0119000
20240109,460,C,7.7800,7.7800,7.7800,7.7800,0,0,0.0683000,0.9904000,0.0000000,1.2590000,-0.0769000,5.0019000
20240109,460,P,0.1050,0.1050,0.1050,0.1050,0,0,0.0974000,-0.0498000,0.0000000,5.0433000,-0.0578000,-0.2572000
20240109,492,P,24.5400,24.5400,24.5400,24.5400,0,0,0.2963000,-0.9462000,0.0000000,5.3505000,-0.1297000,-5.1303000
20240109,417,C,50.6150,50.6150,50.6150,50.6150,0,0,,,,,,
20240109,417,P,0.0150,0.0150,0.0150,0.0150,0,0,0.3828000,-0.0019000,0.0000000,0.3060000,-0.0144000,-0.0102000
20240109,449,C,18.6450,18.6450,18.6450,18.6450,0,0,,,,,,
20240109,449,P,0.0250,0.0250,0.0250,0.0250,0,0,0.1621000,-0.0077000,0.0000000,1.0483000,-0.0206000,-0.0402000
20240109,481,C,0.0150,0.0150,0.0150,0.0150,0,0,0.1054000,0.0059000,0.0000000,0.8236000,-0.0112000,0.0303000
20240109,481,P,13.5350,13.5350,13.5350,13.5350,0,0,0.1850000,-0.9233000,0.0000000,7.0544000,-0.0979000,-4.8914000
20240109,438,C,29.6200,29.6200,29.6200,29.6200,0,0,,,,,,
20240109,438,P,0.0150,0.0150,0.0150,0.0150,0,0,0.2265000,-0.0027000,0.0000000,0.4089000,-0.0113000,-0.0140000
20240109,406,C,61.6100,61.6100,61.6100,61.6100,0,0,,,,,,
20240109,470,C,0.7250,0.7250,0.7250,0.7250,0,0,0.0811000,0.2898000,0.0000000,16.7688000,-0.1893000,1.4806000
20240109,470,P,3.0700,3.0700,3.0700,3.0700,0,0,0.0885000,-0.6940000,0.0000000,17.1884000,-0.1420000,-3.5988000
20240109,427,C,40.6250,40.6250,40.6250,40.6250,0,0,,,,,,
20240109,427,P,0.0150,0.0150,0.0150,0.0150,0,0,0.3085000,-0.0022000,0.0000000,0.3509000,-0.0133000,-0.0118000
20240109,491,P,23.5350,23.5350,23.5350,23.5350,0,0,0.2851000,-0.9459000,0.0000000,5.3804000,-0.1235000,-5.1172000
20240109,459,C,8.7500,8.7500,8.7500,8.7500,0,0,0.0841576,0.9839491,0.0097450,0.0196430,-0.0762969,0.0494516
20240109,459,P,0.0750,0.0750,0.0750,0.0750,0,0,0.1005000,-0.0358000,0.0000000,3.8623000,-0.0459000,-0.1849000
20240110,416,C,51.6800,51.6800,51.6800,51.6800,0,0,,,,,,
20240110,416,P,0.0150,0.0150,0.0150,0.0150,0,0,0.3437000,-0.0016000,0.0000000,0.2933000,-0.0099000,-0.0107000
20240110,448,C,19.7200,19.7200,19.7200,19.7200,0,0,,,,,,
20240110,448,P,0.0350,0.0350,0.0350,0.0350,0,0,0.1601000,-0.0102000,0.0000000,1.4856000,-0.0230000,-0.0658000
20240110,480,C,0.0150,0.0150,0.0150,0.0150,0,0,0.0878000,0.0064000,0.0000000,0.9929000,-0.0091000,0.0412000
20240110,480,P,12.5300,12.5300,12.5300,12.5300,0,0,0.1635000,-0.9081000,0.0000000,9.0328000,-0.0838000,-5.9997000
20240110,437,C,30.7000,30.7000,30.7000,30.7000,0,0,,,,,,
20240110,437,P,0.0250,0.0250,0.0250,0.0250,0,0,0.2265000,-0.0049000,0.0000000,0.7788000,-0.0172000,-0.0317000
20240110,405,C,62.6800,62.6800,62.6800,62.6800,0,0,,,,,,
20240110,405,P,0.0150,0.0150,0.0150,0.0150,0,0,0.4218000,-0.0016000,0.0000000,0.2876000,-0.0119000,-0.0105000
20240110,469,C,1.4350,1.4350,1.4350,1.4350,0,0,0.0893000,0.4086000,0.0000000,21.2756000,-0.2172000,2.6025000
20240110,469,P,2.7000,2.7000,2.7000,2.7000,0,0,0.0946000,-0.5861000,0.0000000,21.3397000,-0.1612000,-3.7987000
20240110,426,C,41.6850,41.6850,41.6850,41.6850,0,0,,,,,,
20240110,426,P,0.0150,0.0150,0.0150,0.0150,0,0,0.2812000,-0.0021000,0.0000000,0.3662000,-0.0101000,-0.0137000
20240110,458,C,9.8650,9.8650,9.8650,9.8650,0,0,0.0849000,0.9838000,0.0000000,2.2101000,-0.0842000,6.1784000
20240110,458,P,0.1150,0.1150,0.1150,0.1150,0,0,0.1074000,-0.0449000,0.0000000,5.1916000,-0.0525000,-0.2902000
20240110,490,P,22.5400,22.5400,22.5400,22.5400,0,0,0.2583000,-0.9349000,0.0000000,6.9458000,-0.1121000,-6.3096000
20240110,415,C,52.6800,52.6800,52.6800,52.6800,0,0,,,,,,
20240110,415,P,0.0150,0.0150,0.0150,0.0150,0,0,0.3515000,-0.0016000,0.0000000,0.2985000,-0.0103000,-0.0109000
20240110,447,C,20.7150,20.7150,20.7150,20.7150,0,0,,,,,,
20240110,447,P,0.0250,0.0250,0.0250,0.0250,0,0,0.1582000,-0.0067000,0.0000000,1.0401000,-0.0159000,-0.0438000
20240110,479,C,0.0250,0.0250,0.0250,0.0250,0,0,0.0888000,0.0119000,0.0000000,1.7044000,-0.0159000,0.0764000
20240110,479,P,11.5350,11.5350,11.5350,11.5350,0,0,0.1535000,-0.9033000,0.0000000,9.3724000,-0.0805000,-5.9557000
20240110,436,C,31.7050,31.7050,31.7050,31.7050,0,0,,,,,,
20240110,436,P,0.0250,0.0250,0.0250,0.0250,0,0,0.2343000,-0.0049000,0.0000000,0.7823000,-0.0179000,-0.0319000
20240110,500,P,32.5350,32.5350,32.5350,32.5350,0,0,0.3425000,-0.9491000,0.0000000,5.7273000,-0.1264000,-6.5375000
20240110,468,C,1.8950,1.8950,1.8950,1.8950,0,0,0.0900000,0.4892000,0.0000000,21.8436000,-0.2293000,3.1138000
20240110,468,P,2.1550,2.1550,2.1550,2.1550,0,0,0.0947000,-0.5100000,0.0000000,21.8446000,-0.1714000,-3.3024000
20240110,425,C,42.6950,42.6950,42.6950,42.6950,0,0,,,,,,
20240110,425,P,0.0150,0.0150,0.0150,0.0150,0,0,0.2890000,-0.0021000,0.0000000,0.3735000,-0.0106000,-0.0140000
20240110,457,C,10.8400,10.8400,10.8400,10.8400,0,0,0.0781000,0.9948000,0.0000000,0.8124000,-0.0724000,6.2356000
20240110,457,P,0.0950,0.0950,0.0950,0.0950,0,0,0.1123000,-0.0368000,0.0000000,4.4154000,-0.0469000,-0.2377000
20240110,489,P,21.5350,21.5350,21.5350,21.5350,0,0,0.2480000,-0.9341000,0.0000000,7.0142000,-0.1069000,-6.2905000
20240110,414,C,53.6850,53.6850,53.6850,53.6850,0,0,,,,,,
20240110,414,P,0.0150,0.0150,0.0150,0.0150,0,0,0.3593000,-0.0017000,0.0000000,0.3033000,-0.0107000,-0.0111000
20240110,446,C,21.7100,21.7100,21.7100,21.7100,0,0,,,,,,
20240110,446,P,0.0250,0.0250,0.0250,0.0250,0,0,0.1660000,-0.0067000,0.0000000,1.0403000,-0.0167000,-0.0439000
20240110,478,C,0.0350,0.0350,0.0350,0.0350,0,0,0.0869000,0.0176000,0.0000000,2.3863000,-0.0218000,0.1129000
20240110,478,P,10.5300,10.5300,10.5300,10.5300,0,0,0.1433000,-0.8981000,0.0000000,9.7426000,-0.0767000,-5.9083000
20240110,510,P,42.5300,42.5300,42.5300,42.5300,0,0,0.4233000,-0.9568000,0.0000000,5.0230000,-0.1409000,-6.7240000
20240110,435,C,32.7000,32.7000,32.7000,32.7000,0,0,,,,,,
20240110,435,P,0.0250,0.0250,0.0250,0.0250,0,0,0.2421000,-0.0049000,0.0000000,0.7852000,-0.0186000,-0.0320000
20240110,467,C,2.4250,2.4250,2.4250,2.4250,0,0,0.0903000,0.5695000,0.0000000,21.5184000,-0.2323000,3.6219000
20240110,467,P,1.6850,1.6850,1.6850,1.6850,0,0,0.0949000,-0.4335000,0.0000000,21.5480000,-0.1744000,-2.8056000
20240110,499,P,31.5300,31.5300,31.5300,31.5300,0,0,0.3342000,-0.9481000,0.0000000,5.8167000,-0.1249000,-6.5173000
20240110,424,C,43.6850,43.6850,43.6850,43.6850,0,0,,,,,,
20240110,424,P,0.0150,0.0150,0.0150,0.0150,0,0,0.2968000,-0.0022000,0.0000000,0.3805000,-0.0111000,-0.0143000
20240110,456,C,11.7700,11.7700,11.7700,11.7700,0,0,,,,,,
20240110,456,P,0.0750,0.0750,0.0750,0.0750,0,0,0.1152000,-0.0283000,0.0000000,3.5565000,-0.0389000,-0.1829000
20240110,520,P,52.5300,52.5300,52.5300,52.5300,0,0,0.5003000,-0.9619000,0.0000000,4.5331000,-0.1532000,-6.8942000
20240110,488,P,20.5350,20.5350,20.5350,20.5350,0,0,0.2390000,-0.9322000,0.0000000,7.1743000,-0.1047000,-6.2642000
20240110,413,C,54.6850,54.6850,54.6850,54.6850,0,0,,,,,,
20240110,413,P,0.0150,0.0150,0.0150,0.0150,0,0,0.3671000,-0.0017000,0.0000000,0.3079000,-0.0111000,-0.0113000
20240110,445,C,22.7150,22.7150,22.7150,22.7150,0,0,,,,,,
20240110,445,P,0.0250,0.0250,0.0250,0.0250,0,0,0.1718000,-0.0062000,0.0000000,0.9704000,-0.0162000,-0.0406000
20240110,477,C,0.0550,0.0550,0.0550,0.0550,0,0,0.0859000,0.0273000,0.0000000,3.4555000,-0.0314000,0.1751000
20240110,477,P,9.5350,9.5350,9.5350,9.5350,0,0,0.1330000,-0.8917000,0.0000000,10.1813000,-0.0731000,-5.8535000
20240110,434,C,33.7050,33.7050,33.7050,33.7050,0,0,,,,,,
20240110,434,P,0.0250,0.0250,0.0250,0.0250,0,0,0.2480000,-0.0046000,0.0000000,0.7476000,-0.0181000,-0.0303000
20240110,466,C,3.0350,3.0350,3.0350,3.0350,0,0,0.0905000,0.6468000,0.0000000,20.3539000,-0.2275000,4.1095000
20240110,466,P,1.2950,1.2950,1.2950,1.2950,0,0,0.0954000,-0.3601000,0.0000000,20.4943000,-0.1705000,-2.3288000
20240110,498,P,30.5300,30.5300,30.5300,30.5300,0,0,0.3259000,-0.9470000,0.0000000,5.9129000,-0.1234000,-6.4967000
20240110,530,P,62.5250,62.5250,62.5250,62.5250,0,0,0.5718000,-0.9662000,0.0000000,4.1076000,-0.1596000,-7.0590000
20240110,423,C,44.6850,44.6850,44.6850,44.6850,0,0,,,,,,
20240110,423,P,0.0150,0.0150,0.0150,0.0150,0,0,0.3007000,-0.0020000,0.0000000,0.3487000,-0.0103000,-0.0130000
20240110,455,C,12.7550,12.7550,12.7550,12.7550,0,0,,,,,,
20240110,455,P,0.0650,0.0650,0.0650,0.0650,0,0,0.1206000,-0.0240000,0.0000000,3.0979000,-0.0356000,-0.1551000
20240110,487,P,19.5250,19.5250,19.5250,19.5250,0,0,0.2285000,-0.9313000,0.0000000,7.2472000,-0.0990000,-6.2446000
20240110,412,C,55.6800,55.6800,55.6800,55.6800,0,0,,,,,,
20240110,412,P,0.0150,0.0150,0.0150,0.0150,0,0,0.3750000,-0.0017000,0.0000000,0.3122000,-0.0115000,-0.0115000
20240110,444,C,23.7100,23.7100,23.7100,23.7100,0,0,,,,,,
20240110,444,P,0.0250,0.0250,0.0250,0.0250,0,0,0.1796000,-0.0062000,0.0000000,0.9722000,-0.0170000,-0.0406000
20240110,476,C,0.0850,0.0850,0.0850,0.0850,0,0,0.0854000,0.0425000,0.0000000,4.9613000,-0.0451000,0.2718000
20240110,476,P,8.5250,8.5250,8.5250,8.5250,0,0,0.1215000,-0.8862000,0.0000000,10.5519000,-0.0665000,-5.8041000
20240110,540,P,72.5250,72.5250,72.5250,72.5250,0,0,0.6429000,-0.9690000,0.0000000,3.8284000,-0.1691000,-7.2140000
20240110,433,C,34.7000,34.7000,34.7000,34.7000,0,0,,,,,,
20240110,433,P,0.0250,0.0250,0.0250,0.0250,0,0,0.2539000,-0.0044000,0.0000000,0.7128000,-0.0177000,-0.0287000
20240110,465,C,3.7200,3.7200,3.7200,3.7200,0,0,0.0911000,0.7175000,0.0000000,18.5172000,-0.2167000,4.5534000
20240110,465,P,0.9750,0.9750,0.9750,0.9750,0,0,0.0959000,-0.2920000,0.0000000,18.8107000,-0.1601000,-1.8874000
20240110,497,P,29.5350,29.5350,29.5350,29.5350,0,0,0.3173000,-0.9460000,0.0000000,6.0042000,-0.1215000,-6.4763000
20240110,422,C,45.6800,45.6800,45.6800,45.6800,0,0,,,,,,
20240110,422,P,0.0150,0.0150,0.0150,0.0150,0,0,0.3085000,-0.0020000,0.0000000,0.3552000,-0.0107000,-0.0133000
20240110,454,C,13.7500,13.7500,13.7500,13.7500,0,0,,,,,,
20240110,454,P,0.0550,0.0550,0.0550,0.0550,0,0,0.1250000,-0.0198000,0.0000000,2.6296000,-0.0314000,-0.1277000
20240110,486,P,18.5350,18.5350,18.5350,18.5350,0,0,0.2207000,-0.9278000,0.0000000,7.5297000,-0.1000000,-6.2085000
20240110,411,C,56.6700,56.6700,56.6700,56.6700,0,0,,,,,,
20240110,411,P,0.0150,0.0150,0.0150,0.0150,0,0,0.3789000,-0.0016000,0.0000000,0.2900000,-0.0108000,-0.0106000
20240110,443,C,24.7100,24.7100,24.7100,24.7100,0,0,,,,,,
20240110,443,P,0.0250,0.0250,0.0250,0.0250,0,0,0.1855000,-0.0058000,0.0000000,0.9118000,-0.0164000,-0.0378000
20240110,475,C,0.1450,0.1450,0.1450,0.1450,0,0,0.0864000,0.0674000,0.0000000,7.1505000,-0.0662000,0.4312000
20240110,475,P,7.4850,7.4850,7.4850,7.4850,0,0,0.1071000,-0.8855000,0.0000000,10.5966000,-0.0520000,-5.7855000
20240110,432,C,35.7000,35.7000,35.7000,35.7000,0,0,,,,,,
20240110,432,P,0.0250,0.0250,0.0250,0.0250,0,0,0.2617000,-0.0044000,0.0000000,0.7162000,-0.0183000,-0.0289000
20240110,464,C,4.4700,4.4700,4.4700,4.4700,0,0,0.0914000,0.7808000,0.0000000,16.1840000,-0.2001000,4.9494000
20240110,464,P,0.7150,0.7150,0.7150,0.7150,0,0,0.0961000,-0.2305000,0.0000000,16.6533000,-0.1440000,-1.4891000
20240110,496,P,28.5250,28.5250,28.5250,28.5250,0,0,0.3073000,-0.9457000,0.0000000,6.0273000,-0.1164000,-6.4608000
20240110,421,C,46.6850,46.6850,46.6850,46.6850,0,0,,,,,,
20240110,421,P,0.0150,0.0150,0.0150,0.0150,0,0,0.3125000,-0.0018000,0.0000000,0.3263000,-0.0100000,-0.0121000
20240110,453,C,14.7350,14.7350,14.7350,14.7350,0,0,,,,,,
20240110,453,P,0.0450,0.0450,0.0450,0.0450,0,0,0.1289000,-0.0160000,0.0000000,2.2039000,-0.0272000,-0.1038000
20240110,485,P,17.5250,17.5250,17.5250,17.5250,0,0,0.2102000,-0.9265000,0.0000000,7.6342000,-0.0945000,-6.1863000
20240110,410,C,57.6800,57.6800,57.6800,57.6800,0,0,,,,,,
20240110,410,P,0.0150,0.0150,0.0150,0.0150,0,0,0.3828000,-0.0015000,0.0000000,0.2695000,-0.0101000,-0.0098000
20240110,442,C,25.7000,25.7000,25.7000,25.7000,0,0,,,,,,
20240110,442,P,0.0250,0.0250,0.0250,0.0250,0,0,0.1933000,-0.0058000,0.0000000,0.9145000,-0.0172000,-0.0380000
20240110,474,C,0.2250,0.2250,0.2250,0.2250,0,0,0.0864000,0.0991000,0.0000000,9.5508000,-0.0890000,0.6330000
20240110,474,P,6.5550,6.5550,6.5550,6.5550,0,0,0.1024000,-0.8608000,0.0000000,12.1432000,-0.0646000,-5.6141000
20240110,431,C,36.6950,36.6950,36.6950,36.6950,0,0,,,,,,
20240110,431,P,0.0250,0.0250,0.0250,0.0250,0,0,0.2695000,-0.0044000,0.0000000,0.7190000,-0.0190000,-0.0290000
20240110,495,P,27.5350,27.5350,27.5350,27.5350,0,0,0.3005000,-0.9435000,0.0000000,6.2227000,-0.1184000,-6.4328000
20240110,463,C,5.2900,5.2900,5.2900,5.2900,0,0,0.0925000,0.8326000,0.0000000,13.7192000,-0.1825000,5.2711000
20240110,463,P,0.5250,0.5250,0.5250,0.5250,0,0,0.0972000,-0.1792000,0.0000000,14.3355000,-0.1269000,-1.1575000
20240110,420,C,47.6900,47.6900,47.6900,47.6900,0,0,,,,,,
20240110,420,P,0.0150,0.0150,0.0150,0.0150,0,0,0.3203000,-0.0019000,0.0000000,0.3325000,-0.0104000,-0.0123000
20240110,452,C,15.7350,15.7350,15.7350,15.7350,0,0,,,,,,
20240110,452,P,0.0450,0.0450,0.0450,0.0450,0,0,0.1357000,-0.0148000,0.0000000,2.0575000,-0.0268000,-0.0958000
20240110,484,C,0.0150,0.0150,0.0150,0.0150,0,0,0.1132000,0.0053000,0.0000000,0.8423000,-0.0098000,0.0342000
20240110,484,P,16.5350,16.5350,16.5350,16.5350,0,0,0.2021000,-0.9224000,0.0000000,7.9518000,-0.0952000,-6.1468000
20240110,409,C,58.6700,58.6700,58.6700,58.6700,0,0,,,,,,
20240110,409,P,0.0150,0.0150,0.0150,0.0150,0,0,0.3906000,-0.0015000,0.0000000,0.2736000,-0.0105000,-0.0100000
20240110,441,C,26.7050,26.7050,26.7050,26.7050,0,0,,,,,,
20240110,441,P,0.0250,0.0250,0.0250,0.0250,0,0,0.1992000,-0.0054000,0.0000000,0.8614000,-0.0167000,-0.0355000
20240110,473,C,0.3450,0.3450,0.3450,0.3450,0,0,0.0866000,0.1411000,0.0000000,12.2621000,-0.1156000,0.9014000
20240110,473,P,5.6600,5.6600,5.6600,5.6600,0,0,0.0991000,-0.8260000,0.0000000,14.0670000,-0.0821000,-5.3786000
20240110,505,P,37.5350,37.5350,37.5350,37.5350,0,0,0.3833000,-0.9534000,0.0000000,5.3334000,-0.1337000,-6.6339000
20240110,430,C,37.6950,37.6950,37.6950,37.6950,0,0,,,,,,
20240110,430,P,0.0250,0.0250,0.0250,0.0250,0,0,0.2753000,-0.0042000,0.0000000,0.6875000,-0.0186000,-0.0276000
20240110,494,P,26.5350,26.5350,26.5350,26.5350,0,0,0.2919000,-0.9421000,0.0000000,6.3389000,-0.1167000,-6.4105000
20240110,462,C,6.1350,6.1350,6.1350,6.1350,0,0,0.0913000,0.8809000,0.0000000,10.8961000,-0.1583000,5.5692000
20240110,462,P,0.3850,0.3850,0.3850,0.3850,0,0,0.0988000,-0.1377000,0.0000000,12.0603000,-0.1095000,-0.8895000
20240110,419,C,48.6850,48.6850,48.6850,48.6850,0,0,,,,,,
20240110,419,P,0.0150,0.0150,0.0150,0.0150,0,0,0.3281000,-0.0019000,0.0000000,0.3383000,-0.0109000,-0.0126000
20240110,451,C,16.7300,16.7300,16.7300,16.7300,0,0,,,,,,
20240110,451,P,0.0350,0.0350,0.0350,0.0350,0,0,0.1386000,-0.0117000,0.0000000,1.6822000,-0.0224000,-0.0759000
20240110,483,C,0.0150,0.0150,0.0150,0.0150,0,0,0.1054000,0.0050000,0.0000000,0.7949000,-0.0087000,0.0320000
20240110,483,P,15.5300,15.5300,15.5300,15.5300,0,0,0.1926000,-0.9194000,0.0000000,8.1820000,-0.0924000,-6.1139000
20240110,515,P,47.5250,47.5250,47.5250,47.5250,0,0,0.4599000,-0.9603000,0.0000000,4.6831000,-0.1427000,-6.8155000
20240110,525,P,57.5300,57.5300,57.5300,57.5300,0,0,0.5375000,-0.9639000,0.0000000,4.3328000,-0.1584000,-6.9760000
20240110,440,C,27.7100,27.7100,27.7100,27.7100,0,0,,,,,,
20240110,440,P,0.0250,0.0250,0.0250,0.0250,0,0,0.2070000,-0.0055000,0.0000000,0.8647000,-0.0174000,-0.0356000
20240110,408,C,59.6750,59.6750,59.6750,59.6750,0,0,,,,,,
20240110,408,P,0.0150,0.0150,0.0150,0.0150,0,0,0.3984000,-0.0015000,0.0000000,0.2774000,-0.0109000,-0.0101000
20240110,472,C,0.5150,0.5150,0.5150,0.5150,0,0,0.0870000,0.1941000,0.0000000,15.0597000,-0.1439000,1.2387000
20240110,472,P,4.8200,4.8200,4.8200,4.8200,0,0,0.0969000,-0.7804000,0.0000000,16.1990000,-0.1028000,-5.0746000
20240110,429,C,38.7000,38.7000,38.7000,38.7000,0,0,,,,,,
20240110,429,P,0.0250,0.0250,0.0250,0.0250,0,0,0.2812000,-0.0040000,0.0000000,0.6582000,-0.0181000,-0.0263000
20240110,493,P,25.5400,25.5400,25.5400,25.5400,0,0,0.2846000,-0.9398000,0.0000000,6.5342000,-0.1179000,-6.3822000
20240110,461,C,7.0250,7.0250,7.0250,7.0250,0,0,0.0903000,0.9188000,0.0000000,8.2345000,-0.1356000,5.8000000
20240110,461,P,0.2750,0.2750,0.2750,0.2750,0,0,0.0998000,-0.1029000,0.0000000,9.8182000,-0.0907000,-0.6643000
20240110,535,P,67.5350,67.5350,67.5350,67.5350,0,0,0.6101000,-0.9671000,0.0000000,4.0160000,-0.1689000,-7.1337000
20240110,450,C,17.7250,17.7250,17.7250,17.7250,0,0,,,,,,
20240110,450,P,0.0350,0.0350,0.0350,0.0350,0,0,0.1455000,-0.0110000,0.0000000,1.5906000,-0.0223000,-0.0712000
20240110,418,C,49.6850,49.6850,49.6850,49.6850,0,0,,,,,,
20240110,418,P,0.0150,0.0150,0.0150,0.0150,0,0,0.3359000,-0.0019000,0.0000000,0.3437000,-0.0113000,-0.0128000
20240110,482,C,0.0150,0.0150,0.0150,0.0150,0,0,0.0996000,0.0054000,0.0000000,0.8484000,-0.0087000,0.0345000
20240110,482,P,14.5300,14.5300,14.5300,14.5300,0,0,0.1831000,-0.9160000,0.0000000,8.4429000,-0.0898000,-6.0782000
20240110,439,C,28.7050,28.7050,28.7050,28.7050,0,0,,,,,,
20240110,439,P,0.0250,0.0250,0.0250,0.0250,0,0,0.2148000,-0.0055000,0.0000000,0.8672000,-0.0182000,-0.0358000
20240110,407,C,60.6750,60.6750,60.6750,60.6750,0,0,,,,,,
20240110,407,P,0.0150,0.0150,0.0150,0.0150,0,0,0.4062000,-0.0015000,0.0000000,0.2810000,-0.0112000,-0.0103000
20240110,471,C,0.7550,0.7550,0.7550,0.7550,0,0,0.0881000,0.2589000,0.0000000,17.7298000,-0.1734000,1.6515000
20240110,471,P,4.0350,4.0350,4.0350,4.0350,0,0,0.0949000,-0.7254000,0.0000000,18.2601000,-0.1231000,-4.7111000
20240110,545,P,77.5250,77.5250,77.5250,77.5250,0,0,0.6777000,-0.9701000,0.0000000,3.7128000,-0.1738000,-7.2899000
20240110,428,C,39.6950,39.6950,39.6950,39.6950,0,0,,,,,,
20240110,428,P,0.0250,0.0250,0.0250,0.0250,0,0,0.2890000,-0.0040000,0.0000000,0.6612000,-0.0187000,-0.0264000
20240110,460,C,7.9550,7.9550,7.9550,7.9550,0,0,0.0903000,0.9454000,0.0000000,6.0534000,-0.1177000,5.9582000
20240110,460,P,0.2050,0.2050,0.2050,0.2050,0,0,0.1022000,-0.0783000,0.0000000,8.0159000,-0.0764000,-0.5055000
20240110,492,P,24.5350,24.5350,24.5350,24.5350,0,0,0.2744000,-0.9394000,0.0000000,6.5735000,-0.1125000,-6.3654000
20240110,417,C,50.6900,50.6900,50.6900,50.6900,0,0,,,,,,
20240110,417,P,0.0150,0.0150,0.0150,0.0150,0,0,0.3398000,-0.0018000,0.0000000,0.3174000,-0.0106000,-0.0117000
20240110,449,C,18.7250,18.7250,18.7250,18.7250,0,0,,,,,,
20240110,449,P,0.0350,0.0350,0.0350,0.0350,0,0,0.1523000,-0.0103000,0.0000000,1.5096000,-0.0222000,-0.0671000
20240110,481,C,0.0150,0.0150,0.0150,0.0150,0,0,0.0937000,0.0058000,0.0000000,0.9133000,-0.0089000,0.0375000
20240110,481,P,13.5350,13.5350,13.5350,13.5350,0,0,0.1733000,-0.9124000,0.0000000,8.7173000,-0.0867000,-6.0410000
20240110,438,C,29.7100,29.7100,29.7100,29.7100,0,0,,,,,,
20240110,438,P,0.0250,0.0250,0.0250,0.0250,0,0,0.2207000,-0.0052000,0.0000000,0.8210000,-0.0177000,-0.0336000
20240110,406,C,61.6650,61.6650,61.6650,61.6650,0,0,,,,,,
20240110,406,P,0.0150,0.0150,0.0150,0.0150,0,0,0.4140000,-0.0016000,0.0000000,0.2844000,-0.0116000,-0.0104000
20240110,470,C,1.0550,1.0550,1.0550,1.0550,0,0,0.0886000,0.3306000,0.0000000,19.8506000,-0.1978000,2.1072000
20240110,470,P,3.3300,3.3300,3.3300,3.3300,0,0,0.0947000,-0.6588000,0.0000000,20.0955000,-0.1446000,-4.2738000
20240110,427,C,40.6950,40.6950,40.6950,40.6950,0,0,,,,,,
20240110,427,P,0.0150,0.0150,0.0150,0.0150,0,0,0.2734000,-0.0020000,0.0000000,0.3583000,-0.0096000,-0.0134000
20240110,491,P,23.5350,23.5350,23.5350,23.5350,0,0,0.2656000,-0.9378000,0.0000000,6.7072000,-0.1105000,-6.3415000
20240110,459,C,8.9000,8.9000,8.9000,8.9000,0,0,0.0893000,0.9661000,0.0000000,4.1136000,-0.1010000,6.0783000
20240110,459,P,0.1550,0.1550,0.1550,0.1550,0,0,0.1052000,-0.0601000,0.0000000,6.5362000,-0.0645000,-0.3879000
20240111,416,C,51.9550,51.9550,51.9550,51.9550,0,0,0.4003000,0.9896000,0.0000000,1.6441000,-0.1145000,6.7633000
20240111,416,P,0.0250,0.0250,0.0250,0.0250,0,0,0.3398000,-0.0032000,0.0000000,0.5951000,-0.0165000,-0.0256000
20240111,448,C,20.0450,20.0450,20.0450,20.0450,0,0,0.1860000,0.9666000,0.0000000,4.4583000,-0.1318000,7.1113000
20240111,448,P,0.0650,0.0650,0.0650,0.0650,0,0,0.1611000,-0.0172000,0.0000000,2.5664000,-0.0332000,-0.1341000
20240111,480,C,0.0550,0.0550,0.0550,0.0550,0,0,0.0991000,0.0227000,0.0000000,3.2428000,-0.0282000,0.1745000
20240111,480,P,12.5200,12.5200,12.5200,12.5200,0,0,0.1545000,-0.8991000,0.0000000,10.5958000,-0.0732000,-7.1278000
20240111,437,C,30.9950,30.9950,30.9950,30.9950,0,0,0.2587000,0.9809000,0.0000000,2.7827000,-0.1221000,7.0415000
20240111,437,P,0.0350,0.0350,0.0350,0.0350,0,0,0.2177000,-0.0069000,0.0000000,1.1627000,-0.0205000,-0.0540000
20240111,405,C,62.9300,62.9300,62.9300,62.9300,0,0,0.4726000,0.9920000,0.0000000,1.3088000,-0.1097000,6.6007000
20240111,405,P,0.0150,0.0150,0.0150,0.0150,0,0,0.3828000,-0.0015000,0.0000000,0.2961000,-0.0093000,-0.0118000
20240111,469,C,2.1000,2.1000,2.1000,2.1000,0,0,0.1088000,0.4365000,0.0000000,23.6297000,-0.2434000,3.3261000
20240111,469,P,3.1100,3.1100,3.1100,3.1100,0,0,0.1054000,-0.5656000,0.0000000,23.6081000,-0.1682000,-4.4057000
20240111,426,C,41.9650,41.9650,41.9650,41.9650,0,0,0.3300000,0.9873000,0.0000000,1.9625000,-0.1149000,6.9098000
20240111,426,P,0.0250,0.0250,0.0250,0.0250,0,0,0.2773000,-0.0039000,0.0000000,0.7064000,-0.0160000,-0.0309000
20240111,458,C,10.3250,10.3250,10.3250,10.3250,0,0,0.1352000,0.8928000,0.0000000,11.0681000,-0.1837000,6.7035000
20240111,458,P,0.2650,0.2650,0.2650,0.2650,0,0,0.1191000,-0.0796000,0.0000000,8.8859000,-0.0826000,-0.6171000
20240111,490,C,0.0150,0.0150,0.0150,0.0150,0,0,0.1347000,0.0039000,0.0000000,0.6979000,-0.0080000,0.0300000
20240111,490,P,22.5350,22.5350,22.5350,22.5350,0,0,0.2429000,-0.9284000,0.0000000,8.1920000,-0.0991000,-7.5184000
20240111,415,C,52.9500,52.9500,52.9500,52.9500,0,0,0.4082000,0.9897000,0.0000000,1.6341000,-0.1151000,6.7474000
20240111,415,P,0.0250,0.0250,0.0250,0.0250,0,0,0.3437000,-0.0030000,0.0000000,0.5571000,-0.0157000,-0.0237000
20240111,447,C,21.0250,21.0250,21.0250,21.0250,0,0,0.1894000,0.9707000,0.0000000,3.9922000,-0.1258000,7.1272000
20240111,447,P,0.0650,0.0650,0.0650,0.0650,0,0,0.1679000,-0.0165000,0.0000000,2.4674000,-0.0333000,-0.1281000
20240111,479,C,0.0850,0.0850,0.0850,0.0850,0,0,0.0996000,0.0338000,0.0000000,4.5151000,-0.0397000,0.2596000
20240111,479,P,11.5350,11.5350,11.5350,11.5350,0,0,0.1459000,-0.8927000,0.0000000,11.0796000,-0.0721000,-7.0621000
20240111,436,C,31.9950,31.9950,31.9950,31.9950,0,0,0.2661000,0.9814000,0.0000000,2.7203000,-0.1223000,7.0289000
20240111,436,P,0.0350,0.0350,0.0350,0.0350,0,0,0.2246000,-0.0068000,0.0000000,1.1470000,-0.0209000,-0.0532000
20240111,468,C,2.5900,2.5900,2.5900,2.5900,0,0,0.1101000,0.4973000,0.0000000,23.9324000,-0.2526000,3.7858000
20240111,468,P,2.5800,2.5800,2.5800,2.5800,0,0,0.1058000,-0.5030000,0.0000000,23.9323000,-0.1762000,-3.9147000
20240111,500,P,32.5300,32.5300,32.5300,32.5300,0,0,0.3232000,-0.9427000,0.0000000,6.8859000,-0.1163000,-7.7933000
20240111,425,C,42.9650,42.9650,42.9650,42.9650,0,0,0.3369000,0.9876000,0.0000000,1.9197000,-0.1147000,6.8958000
20240111,425,P,0.0250,0.0250,0.0250,0.0250,0,0,0.2812000,-0.0036000,0.0000000,0.6542000,-0.0150000,-0.0283000
20240111,457,C,11.2750,11.2750,11.2750,11.2750,0,0,0.1403000,0.9063000,0.0000000,10.0338000,-0.1771000,6.7916000
20240111,457,P,0.2150,0.2150,0.2150,0.2150,0,0,0.1220000,-0.0650000,0.0000000,7.6098000,-0.0728000,-0.5041000
20240111,489,C,0.0150,0.0150,0.0150,0.0150,0,0,0.1289000,0.0039000,0.0000000,0.7014000,-0.0077000,0.0301000
20240111,489,P,21.5300,21.5300,21.5300,21.5300,0,0,0.2346000,-0.9263000,0.0000000,8.3725000,-0.0972000,-7.4860000
20240111,414,C,53.9450,53.9450,53.9450,53.9450,0,0,0.4101000,0.9906000,0.0000000,1.5057000,-0.1109000,6.7381000
20240111,414,P,0.0250,0.0250,0.0250,0.0250,0,0,0.3515000,-0.0031000,0.0000000,0.5670000,-0.0163000,-0.0242000
20240111,446,C,22.0250,22.0250,22.0250,22.0250,0,0,0.1972000,0.9717000,0.0000000,3.8837000,-0.1266000,7.1181000
20240111,446,P,0.0550,0.0550,0.0550,0.0550,0,0,0.1708000,-0.0139000,0.0000000,2.1391000,-0.0294000,-0.1085000
20240111,478,C,0.1250,0.1250,0.1250,0.1250,0,0,0.0998000,0.0485000,0.0000000,6.0464000,-0.0535000,0.3719000
20240111,478,P,10.5400,10.5400,10.5400,10.5400,0,0,0.1374000,-0.8851000,0.0000000,11.6370000,-0.0713000,-6.9873000
20240111,510,P,42.5300,42.5300,42.5300,42.5300,0,0,0.3989000,-0.9512000,0.0000000,6.0639000,-0.1303000,-8.0232000
20240111,435,C,32.9850,32.9850,32.9850,32.9850,0,0,0.2700000,0.9830000,0.0000000,2.5187000,-0.1186000,7.0249000
20240111,435,P,0.0350,0.0350,0.0350,0.0350,0,0,0.2304000,-0.0065000,0.0000000,1.1033000,-0.0207000,-0.0509000
20240111,467,C,3.1450,3.1450,3.1450,3.1450,0,0,0.1113000,0.5569000,0.0000000,23.6887000,-0.2568000,4.2358000
20240111,467,P,2.1200,2.1200,2.1200,2.1200,0,0,0.1065000,-0.4407000,0.0000000,23.6687000,-0.1795000,-3.4280000
20240111,499,P,31.5350,31.5350,31.5350,31.5350,0,0,0.3154000,-0.9416000,0.0000000,6.9880000,-0.1147000,-7.7685000
20240111,424,C,43.9850,43.9850,43.9850,43.9850,0,0,0.3544000,0.9857000,0.0000000,2.1803000,-0.1249000,6.8639000
20240111,424,P,0.0250,0.0250,0.0250,0.0250,0,0,0.2890000,-0.0037000,0.0000000,0.6684000,-0.0158000,-0.0290000
20240111,456,C,12.2150,12.2150,12.2150,12.2150,0,0,0.1435000,0.9205000,0.0000000,8.8730000,-0.1667000,6.8855000
20240111,456,P,0.1750,0.1750,0.1750,0.1750,0,0,0.1250000,-0.0531000,0.0000000,6.4929000,-0.0638000,-0.4117000
20240111,488,C,0.0150,0.0150,0.0150,0.0150,0,0,0.1250000,0.0044000,0.0000000,0.7877000,-0.0084000,0.0343000
20240111,488,P,20.5250,20.5250,20.5250,20.5250,0,0,0.2250000,-0.9252000,0.0000000,8.4738000,-0.0927000,-7.4604000
20240111,520,P,52.5350,52.5350,52.5350,52.5350,0,0,0.4707000,-0.9570000,0.0000000,5.4774000,-0.1417000,-8.2325000
20240111,413,C,54.9450,54.9450,54.9450,54.9450,0,0,0.4179000,0.9907000,0.0000000,1.4982000,-0.1114000,6.7221000
20240111,413,P,0.0250,0.0250,0.0250,0.0250,0,0,0.3593000,-0.0031000,0.0000000,0.5765000,-0.0170000,-0.0247000
20240111,445,C,23.0250,23.0250,23.0250,23.0250,0,0,0.2055000,0.9723000,0.0000000,3.8165000,-0.1280000,7.1061000
20240111,445,P,0.0550,0.0550,0.0550,0.0550,0,0,0.1777000,-0.0134000,0.0000000,2.0706000,-0.0296000,-0.1045000
20240111,477,C,0.1950,0.1950,0.1950,0.1950,0,0,0.1015000,0.0707000,0.0000000,8.1243000,-0.0734000,0.5417000
20240111,477,P,9.5400,9.5400,9.5400,9.5400,0,0,0.1276000,-0.8782000,0.0000000,12.1245000,-0.0676000,-6.9180000
20240111,434,C,33.9850,33.9850,33.9850,33.9850,0,0,0.2773000,0.9834000,0.0000000,2.4680000,-0.1188000,7.0115000
20240111,434,P,0.0350,0.0350,0.0350,0.0350,0,0,0.2363000,-0.0062000,0.0000000,1.0626000,-0.0204000,-0.0488000
20240111,466,C,3.7550,3.7550,3.7550,3.7550,0,0,0.1126000,0.6141000,0.0000000,22.9466000,-0.2561000,4.6660000
20240111,466,P,1.7250,1.7250,1.7250,1.7250,0,0,0.1072000,-0.3805000,0.0000000,22.8526000,-0.1777000,-2.9581000
20240111,498,P,30.5350,30.5350,30.5350,30.5350,0,0,0.3076000,-0.9405000,0.0000000,7.0976000,-0.1132000,-7.7431000
20240111,530,P,62.5300,62.5300,62.5300,62.5300,0,0,0.5398000,-0.9611000,0.0000000,5.0496000,-0.1523000,-8.4287000
20240111,423,C,44.9650,44.9650,44.9650,44.9650,0,0,0.3525000,0.9878000,0.0000000,1.8911000,-0.1161000,6.8645000
20240111,423,P,0.0250,0.0250,0.0250,0.0250,0,0,0.2949000,-0.0036000,0.0000000,0.6507000,-0.0157000,-0.0282000
20240111,455,C,13.1850,13.1850,13.1850,13.1850,0,0,0.1491000,0.9293000,0.0000000,8.1109000,-0.1619000,6.9374000
20240111,455,P,0.1450,0.1450,0.1450,0.1450,0,0,0.1284000,-0.0440000,0.0000000,5.5854000,-0.0566000,-0.3411000
20240111,487,C,0.0150,0.0150,0.0150,0.0150,0,0,0.1191000,0.0045000,0.0000000,0.7979000,-0.0082000,0.0348000
20240111,487,P,19.5250,19.5250,19.5250,19.5250,0,0,0.2165000,-0.9229000,0.0000000,8.6683000,-0.0905000,-7.4265000
20240111,412,C,55.9450,55.9450,55.9450,55.9450,0,0,0.4257000,0.9907000,0.0000000,1.4905000,-0.1120000,6.7060000
20240111,412,P,0.0250,0.0250,0.0250,0.0250,0,0,0.3632000,-0.0029000,0.0000000,0.5410000,-0.0161000,-0.0230000
20240111,444,C,24.0150,24.0150,24.0150,24.0150,0,0,0.2104000,0.9747000,0.0000000,3.5358000,-0.1247000,7.1085000
20240111,444,P,0.0450,0.0450,0.0450,0.0450,0,0,0.1787000,-0.0107000,0.0000000,1.7050000,-0.0246000,-0.0835000
20240111,476,C,0.2750,0.2750,0.2750,0.2750,0,0,0.1015000,0.0952000,0.0000000,10.1614000,-0.0922000,0.7290000
20240111,476,P,8.5150,8.5150,8.5150,8.5150,0,0,0.1153000,-0.8750000,0.0000000,12.3436000,-0.0577000,-6.8767000
20240111,540,P,72.5250,72.5250,72.5250,72.5250,0,0,0.6042000,-0.9647000,0.0000000,4.6590000,-0.1580000,-8.6213000
20240111,433,C,35.0000,35.0000,35.0000,35.0000,0,0,0.2929000,0.9812000,0.0000000,2.7443000,-0.1285000,6.9779000
20240111,433,P,0.0350,0.0350,0.0350,0.0350,0,0,0.2441000,-0.0063000,0.0000000,1.0765000,-0.0214000,-0.0495000
20240111,465,C,4.4300,4.4300,4.4300,4.4300,0,0,0.1146000,0.6668000,0.0000000,21.8070000,-0.2526000,5.0609000
20240111,465,P,1.3950,1.3950,1.3950,1.3950,0,0,0.1084000,-0.3245000,0.0000000,21.5791000,-0.1724000,-2.5212000
20240111,497,P,29.5350,29.5350,29.5350,29.5350,0,0,0.2998000,-0.9392000,0.0000000,7.2155000,-0.1117000,-7.7169000
20240111,422,C,45.9750,45.9750,45.9750,45.9750,0,0,0.3652000,0.9870000,0.0000000,2.0055000,-0.1213000,6.8413000
20240111,422,P,0.0250,0.0250,0.0250,0.0250,0,0,0.3007000,-0.0035000,0.0000000,0.6339000,-0.0156000,-0.0274000
20240111,454,C,14.1050,14.1050,14.1050,14.1050,0,0,0.1472000,0.9459000,0.0000000,6.5819000,-0.1428000,7.0500000
20240111,454,P,0.1250,0.1250,0.1250,0.1250,0,0,0.1328000,-0.0376000,0.0000000,4.9164000,-0.0517000,-0.2915000
20240111,486,C,0.0150,0.0150,0.0150,0.0150,0,0,0.1132000,0.0046000,0.0000000,0.8099000,-0.0079000,0.0354000
20240111,486,P,18.5350,18.5350,18.5350,18.5350,0,0,0.2091000,-0.9192000,0.0000000,8.9784000,-0.0909000,-7.3820000
20240111,411,C,56.9500,56.9500,56.9500,56.9500,0,0,0.4394000,0.9900000,0.0000000,1.5934000,-0.1173000,6.6838000
20240111,411,P,0.0250,0.0250,0.0250,0.0250,0,0,0.3710000,-0.0030000,0.0000000,0.5499000,-0.0167000,-0.0234000
20240111,443,C,25.0100,25.0100,25.0100,25.0100,0,0,0.2182000,0.9754000,0.0000000,3.4570000,-0.1254000,7.0971000
20240111,443,P,0.0450,0.0450,0.0450,0.0450,0,0,0.1855000,-0.0104000,0.0000000,1.6628000,-0.0249000,-0.0811000
20240111,475,C,0.3950,0.3950,0.3950,0.3950,0,0,0.1025000,0.1278000,0.0000000,12.5462000,-0.1156000,0.9779000
20240111,475,P,7.5850,7.5850,7.5850,7.5850,0,0,0.1104000,-0.8540000,0.0000000,13.7343000,-0.0670000,-6.6994000
20240111,432,C,35.9800,35.9800,35.9800,35.9800,0,0,0.2929000,0.9839000,0.0000000,2.4100000,-0.1204000,6.9821000
20240111,432,P,0.0350,0.0350,0.0350,0.0350,0,0,0.2500000,-0.0061000,0.0000000,1.0384000,-0.0211000,-0.0476000
20240111,464,C,5.1450,5.1450,5.1450,5.1450,0,0,0.1157000,0.7164000,0.0000000,20.3171000,-0.2435000,5.4308000
20240111,464,P,1.1050,1.1050,1.1050,1.1050,0,0,0.1090000,-0.2721000,0.0000000,19.9136000,-0.1620000,-2.1130000
20240111,496,P,28.5350,28.5350,28.5350,28.5350,0,0,0.2917000,-0.9380000,0.0000000,7.3276000,-0.1098000,-7.6911000
20240111,421,C,46.9600,46.9600,46.9600,46.9600,0,0,0.3681000,0.9880000,0.0000000,1.8629000,-0.1174000,6.8332000
20240111,421,P,0.0250,0.0250,0.0250,0.0250,0,0,0.3085000,-0.0035000,0.0000000,0.6465000,-0.0163000,-0.0280000
20240111,453,C,15.0800,15.0800,15.0800,15.0800,0,0,0.1525000,0.9518000,0.0000000,5.9987000,-0.1386000,7.0796000
20240111,453,P,0.1050,0.1050,0.1050,0.1050,0,0,0.1362000,-0.0313000,0.0000000,4.2353000,-0.0458000,-0.2431000
20240111,485,C,0.0150,0.0150,0.0150,0.0150,0,0,0.1074000,0.0047000,0.0000000,0.8241000,-0.0076000,0.0361000
20240111,485,P,17.5350,17.5350,17.5350,17.5350,0,0,0.2004000,-0.9165000,0.0000000,9.2111000,-0.0887000,-7.3441000
20240111,410,C,57.9450,57.9450,57.9450,57.9450,0,0,0.4414000,0.9908000,0.0000000,1.4749000,-0.1131000,6.6739000
20240111,410,P,0.0150,0.0150,0.0150,0.0150,0,0,0.3515000,-0.0015000,0.0000000,0.3075000,-0.0088000,-0.0123000
20240111,442,C,26.0050,26.0050,26.0050,26.0050,0,0,0.2231000,0.9774000,0.0000000,3.2154000,-0.1223000,7.0965000
20240111,442,P,0.0450,0.0450,0.0450,0.0450,0,0,0.1923000,-0.0101000,0.0000000,1.6235000,-0.0252000,-0.0790000
20240111,474,C,0.5550,0.5550,0.5550,0.5550,0,0,0.1036000,0.1670000,0.0000000,15.0114000,-0.1407000,1.2770000
20240111,474,P,6.7000,6.7000,6.7000,6.7000,0,0,0.1079000,-0.8230000,0.0000000,15.5726000,-0.0828000,-6.4464000
20240111,431,C,36.9850,36.9850,36.9850,36.9850,0,0,0.3007000,0.9841000,0.0000000,2.3823000,-0.1211000,6.9672000
20240111,431,P,0.0350,0.0350,0.0350,0.0350,0,0,0.2558000,-0.0058000,0.0000000,1.0026000,-0.0209000,-0.0457000
20240111,463,C,5.9150,5.9150,5.9150,5.9150,0,0,0.1176000,0.7598000,0.0000000,18.6538000,-0.2334000,5.7525000
20240111,463,P,0.8750,0.8750,0.8750,0.8750,0,0,0.1102000,-0.2258000,0.0000000,18.0292000,-0.1498000,-1.7527000
20240111,495,P,27.5350,27.5350,27.5350,27.5350,0,0,0.2839000,-0.9365000,0.0000000,7.4640000,-0.1086000,-7.6632000
20240111,420,C,47.9600,47.9600,47.9600,47.9600,0,0,0.3759000,0.9881000,0.0000000,1.8489000,-0.1180000,6.8175000
20240111,420,P,0.0250,0.0250,0.0250,0.0250,0,0,0.3125000,-0.0033000,0.0000000,0.6023000,-0.0154000,-0.0259000
20240111,452,C,16.0700,16.0700,16.0700,16.0700,0,0,0.1591000,0.9557000,0.0000000,5.6068000,-0.1369000,7.0932000
20240111,452,P,0.0950,0.0950,0.0950,0.0950,0,0,0.1411000,-0.0274000,0.0000000,3.7937000,-0.0426000,-0.2129000
20240111,484,C,0.0150,0.0150,0.0150,0.0150,0,0,0.1015000,0.0048000,0.0000000,0.8410000,-0.0074000,0.0370000
20240111,484,P,16.5250,16.5250,16.5250,16.5250,0,0,0.1906000,-0.9145000,0.0000000,9.3682000,-0.0839000,-7.3128000
20240111,409,C,58.9450,58.9450,58.9450,58.9450,0,0,0.4492000,0.9909000,0.0000000,1.4669000,-0.1136000,6.6579000
20240111,409,P,0.0150,0.0150,0.0150,0.0150,0,0,0.3593000,-0.0016000,0.0000000,0.3169000,-0.0093000,-0.0127000
20240111,441,C,27.0200,27.0200,27.0200,27.0200,0,0,0.2368000,0.9752000,0.0000000,3.4770000,-0.1308000,7.0627000
20240111,441,P,0.0450,0.0450,0.0450,0.0450,0,0,0.1992000,-0.0099000,0.0000000,1.5867000,-0.0256000,-0.0769000
20240111,473,C,0.7550,0.7550,0.7550,0.7550,0,0,0.1046000,0.2120000,0.0000000,17.3872000,-0.1656000,1.6198000
20240111,473,P,5.8600,5.8600,5.8600,5.8600,0,0,0.1059000,-0.7849000,0.0000000,17.5301000,-0.1002000,-6.1394000
20240111,505,P,37.5400,37.5400,37.5400,37.5400,0,0,0.3630000,-0.9467000,0.0000000,6.5040000,-0.1265000,-7.9065000
20240111,430,C,37.9750,37.9750,37.9750,37.9750,0,0,0.3037000,0.9856000,0.0000000,2.1880000,-0.1167000,6.9625000
20240111,430,P,0.0350,0.0350,0.0350,0.0350,0,0,0.2636000,-0.0059000,0.0000000,1.0153000,-0.0218000,-0.0464000
20240111,462,C,6.7300,6.7300,6.7300,6.7300,0,0,0.1202000,0.7971000,0.0000000,16.9396000,-0.2226000,6.0256000
20240111,462,P,0.6850,0.6850,0.6850,0.6850,0,0,0.1113000,-0.1849000,0.0000000,16.0095000,-0.1355000,-1.4348000
20240111,494,P,26.5350,26.5350,26.5350,26.5350,0,0,0.2758000,-0.9351000,0.0000000,7.5956000,-0.1068000,-7.6356000
20240111,419,C,48.9550,48.9550,48.9550,48.9550,0,0,0.3779000,0.9892000,0.0000000,1.6965000,-0.1135000,6.8098000
20240111,419,P,0.0250,0.0250,0.0250,0.0250,0,0,0.3203000,-0.0033000,0.0000000,0.6142000,-0.0161000,-0.0265000
20240111,451,C,17.0550,17.0550,17.0550,17.0550,0,0,0.1638000,0.9609000,0.0000000,5.0734000,-0.1320000,7.1166000
20240111,451,P,0.0850,0.0850,0.0850,0.0850,0,0,0.1459000,-0.0241000,0.0000000,3.4108000,-0.0397000,-0.1875000
20240111,483,C,0.0250,0.0250,0.0250,0.0250,0,0,0.1054000,0.0096000,0.0000000,1.5537000,-0.0142000,0.0741000
20240111,483,P,15.5350,15.5350,15.5350,15.5350,0,0,0.1828000,-0.9100000,0.0000000,9.7385000,-0.0839000,-7.2615000
20240111,515,P,47.5350,47.5350,47.5350,47.5350,0,0,0.4350000,-0.9544000,0.0000000,5.7411000,-0.1359000,-8.1303000
20240111,525,P,57.5200,57.5200,57.5200,57.5200,0,0,0.5035000,-0.9598000,0.0000000,5.1808000,-0.1433000,-8.3366000
20240111,408,C,59.9350,59.9350,59.9350,59.9350,0,0,0.4492000,0.9919000,0.0000000,1.3257000,-0.1082000,6.6492000
20240111,408,P,0.0150,0.0150,0.0150,0.0150,0,0,0.3671000,-0.0016000,0.0000000,0.3260000,-0.0098000,-0.0131000
20240111,440,C,28.0000,28.0000,28.0000,28.0000,0,0,0.2387000,0.9784000,0.0000000,3.0957000,-0.1239000,7.0711000
20240111,440,P,0.0450,0.0450,0.0450,0.0450,0,0,0.2050000,-0.0093000,0.0000000,1.5126000,-0.0251000,-0.0728000
20240111,472,C,1.0050,1.0050,1.0050,1.0050,0,0,0.1055000,0.2624000,0.0000000,19.5545000,-0.1894000,2.0042000
20240111,472,P,5.0800,5.0800,5.0800,5.0800,0,0,0.1051000,-0.7383000,0.0000000,19.5217000,-0.1198000,-5.7678000
20240111,429,C,38.9750,38.9750,38.9750,38.9750,0,0,0.3115000,0.9858000,0.0000000,2.1671000,-0.1175000,6.9472000
20240111,429,P,0.0350,0.0350,0.0350,0.0350,0,0,0.2695000,-0.0057000,0.0000000,0.9816000,-0.0216000,-0.0447000
20240111,493,P,25.5400,25.5400,25.5400,25.5400,0,0,0.2690000,-0.9326000,0.0000000,7.8197000,-0.1078000,-7.6002000
20240111,461,C,7.5850,7.5850,7.5850,7.5850,0,0,0.1228000,0.8294000,0.0000000,15.2143000,-0.2107000,6.2602000
20240111,461,P,0.5350,0.5350,0.5350,0.5350,0,0,0.1127000,-0.1503000,0.0000000,14.0083000,-0.1211000,-1.1660000
20240111,535,P,67.5300,67.5300,67.5300,67.5300,0,0,0.5734000,-0.9627000,0.0000000,4.8729000,-0.1571000,-8.5238000
20240111,418,C,49.9600,49.9600,49.9600,49.9600,0,0,0.3906000,0.9885000,0.0000000,1.7984000,-0.1184000,6.7874000
20240111,418,P,0.0250,0.0250,0.0250,0.0250,0,0,0.3261000,-0.0033000,0.0000000,0.5990000,-0.0160000,-0.0257000
20240111,450,C,18.0450,18.0450,18.0450,18.0450,0,0,0.1699000,0.9641000,0.0000000,4.7304000,-0.1298000,7.1250000
20240111,450,P,0.0750,0.0750,0.0750,0.0750,0,0,0.1503000,-0.0210000,0.0000000,3.0374000,-0.0365000,-0.1634000
20240111,482,C,0.0350,0.0350,0.0350,0.0350,0,0,0.1044000,0.0136000,0.0000000,2.0999000,-0.0191000,0.1048000
20240111,482,P,14.5350,14.5350,14.5350,14.5350,0,0,0.1738000,-0.9064000,0.0000000,10.0281000,-0.0812000,-7.2170000
20240111,439,C,28.9950,28.9950,28.9950,28.9950,0,0,0.2431000,0.9802000,0.0000000,2.8710000,-0.1205000,7.0690000
20240111,439,P,0.0350,0.0350,0.0350,0.0350,0,0,0.2050000,-0.0074000,0.0000000,1.2298000,-0.0204000,-0.0575000
20240111,407,C,60.9500,60.9500,60.9500,60.9500,0,0,0.4707000,0.9903000,0.0000000,1.5521000,-0.1192000,6.6202000
20240111,407,P,0.0150,0.0150,0.0150,0.0150,0,0,0.3671000,-0.0014000,0.0000000,0.2794000,-0.0084000,-0.0111000
20240111,471,C,1.3050,1.3050,1.3050,1.3050,0,0,0.1063000,0.3171000,0.0000000,21.3719000,-0.2104000,2.4198000
20240111,471,P,4.3600,4.3600,4.3600,4.3600,0,0,0.1049000,-0.6851000,0.0000000,21.3080000,-0.1388000,-5.3459000
20240111,545,P,77.5150,77.5150,77.5150,77.5150,0,0,0.6343000,-0.9665000,0.0000000,4.4624000,-0.1584000,-8.7173000
20240111,428,C,39.9750,39.9750,39.9750,39.9750,0,0,0.3193000,0.9859000,0.0000000,2.1467000,-0.1182000,6.9319000
20240111,428,P,0.0350,0.0350,0.0350,0.0350,0,0,0.2753000,-0.0055000,0.0000000,0.9497000,-0.0213000,-0.0431000
20240111,460,C,8.4700,8.4700,8.4700,8.4700,0,0,0.1264000,0.8551000,0.0000000,13.6668000,-0.2007000,6.4433000
20240111,460,P,0.4250,0.4250,0.4250,0.4250,0,0,0.1149000,-0.1224000,0.0000000,12.1748000,-0.1080000,-0.9498000
20240111,492,P,24.5350,24.5350,24.5350,24.5350,0,0,0.2595000,-0.9320000,0.0000000,7.8765000,-0.1030000,-7.5787000
20240111,417,C,50.9600,50.9600,50.9600,50.9600,0,0,0.3984000,0.9886000,0.0000000,1.7853000,-0.1190000,6.7717000
20240111,417,P,0.0250,0.0250,0.0250,0.0250,0,0,0.3320000,-0.0032000,0.0000000,0.5845000,-0.0159000,-0.0250000
20240111,449,C,19.0350,19.0350,19.0350,19.0350,0,0,0.1757000,0.9671000,0.0000000,4.4035000,-0.1273000,7.1317000
20240111,449,P,0.0750,0.0750,0.0750,0.0750,0,0,0.1572000,-0.0199000,0.0000000,2.8992000,-0.0365000,-0.1547000
20240111,481,C,0.0450,0.0450,0.0450,0.0450,0,0,0.1025000,0.0182000,0.0000000,2.6917000,-0.0241000,0.1401000
20240111,481,P,13.5350,13.5350,13.5350,13.5350,0,0,0.1646000,-0.9023000,0.0000000,10.3442000,-0.0783000,-7.1695000
20240111,438,C,29.9950,29.9950,29.9950,29.9950,0,0,0.2509000,0.9806000,0.0000000,2.8258000,-0.1213000,7.0553000
20240111,438,P,0.0350,0.0350,0.0350,0.0350,0,0,0.2109000,-0.0070000,0.0000000,1.1789000,-0.0202000,-0.0548000
20240111,406,C,61.9400,61.9400,61.9400,61.9400,0,0,0.4726000,0.9911000,0.0000000,1.4424000,-0.1151000,6.6098000
20240111,406,P,0.0150,0.0150,0.0150,0.0150,0,0,0.3750000,-0.0014000,0.0000000,0.2879000,-0.0088000,-0.0114000
20240111,470,C,1.6750,1.6750,1.6750,1.6750,0,0,0.1076000,0.3759000,0.0000000,22.7673000,-0.2291000,2.8670000
20240111,470,P,3.7050,3.7050,3.7050,3.7050,0,0,0.1049000,-0.6271000,0.0000000,22.7073000,-0.1551000,-4.8887000
20240111,427,C,40.9700,40.9700,40.9700,40.9700,0,0,0.3271000,0.9861000,0.0000000,2.1266000,-0.1189000,6.9166000
20240111,427,P,0.0250,0.0250,0.0250,0.0250,0,0,0.2695000,-0.0038000,0.0000000,0.6913000,-0.0152000,-0.0301000
20240111,491,P,23.5350,23.5350,23.5350,23.5350,0,0,0.2512000,-0.9303000,0.0000000,8.0272000,-0.1010000,-7.5492000
20240111,459,C,9.3750,9.3750,9.3750,9.3750,0,0,0.1292000,0.8784000,0.0000000,12.1116000,-0.1886000,6.6080000
20240111,459,P,0.3350,0.3350,0.3350,0.3350,0,0,0.1169000,-0.0987000,0.0000000,10.4346000,-0.0947000,-0.7658000
20240112,448,C,20.1450,20.1450,20.1450,20.1450,0,0,0.1799000,0.9610000,0.0000000,5.4577000,-0.1325000,8.2304000
20240112,448,P,0.1050,0.1050,0.1050,0.1050,0,0,0.1616000,-0.0249000,0.0000000,3.7815000,-0.0419000,-0.2258000
20240112,416,C,52.0300,52.0300,52.0300,52.0300,0,0,0.3818000,0.9878000,0.0000000,2.0414000,-0.1152000,7.8591000
20240112,416,P,0.0350,0.0350,0.0350,0.0350,0,0,0.3281000,-0.0044000,0.0000000,0.8486000,-0.0195000,-0.0407000
20240112,480,C,0.1050,0.1050,0.1050,0.1050,0,0,0.1025000,0.0375000,0.0000000,5.3034000,-0.0413000,0.3350000
20240112,480,P,12.5350,12.5350,12.5350,12.5350,0,0,0.1491000,-0.8883000,0.0000000,12.3057000,-0.0688000,-8.2048000
20240112,447.5,C,20.6350,20.6350,20.6350,20.6350,0,0,0.1818000,0.9631000,0.0000000,5.2145000,-0.1302000,8.2400000
20240112,447.5,P,0.0950,0.0950,0.0950,0.0950,0,0,0.1625000,-0.0228000,0.0000000,3.5078000,-0.0391000,-0.2065000
20240112,437,C,31.0850,31.0850,31.0850,31.0850,0,0,0.2485000,0.9776000,0.0000000,3.4469000,-0.1231000,8.1690000
20240112,437,P,0.0550,0.0550,0.0550,0.0550,0,0,0.2158000,-0.0105000,0.0000000,1.8074000,-0.0271000,-0.0955000
20240112,405,C,63.0200,63.0200,63.0200,63.0200,0,0,0.4580000,0.9895000,0.0000000,1.7904000,-0.1167000,7.6636000
20240112,405,P,0.0250,0.0250,0.0250,0.0250,0,0,0.3789000,-0.0027000,0.0000000,0.5409000,-0.0144000,-0.0247000
20240112,469,C,2.4250,2.4250,2.4250,2.4250,0,0,0.1122000,0.4471000,0.0000000,25.6014000,-0.2353000,3.9628000
20240112,469,P,3.3500,3.3500,3.3500,3.3500,0,0,0.1086000,-0.5547000,0.0000000,25.5844000,-0.1603000,-5.0381000
20240112,458,C,10.5150,10.5150,10.5150,10.5150,0,0,0.1357000,0.8760000,0.0000000,13.2452000,-0.1864000,7.6533000
20240112,458,P,0.4050,0.4050,0.4050,0.4050,0,0,0.1242000,-0.1036000,0.0000000,11.6664000,-0.0964000,-0.9374000
20240112,426,C,42.0550,42.0550,42.0550,42.0550,0,0,0.3183000,0.9843000,0.0000000,2.5404000,-0.1186000,8.0191000
20240112,426,P,0.0350,0.0350,0.0350,0.0350,0,0,0.2675000,-0.0053000,0.0000000,0.9883000,-0.0185000,-0.0482000
20240112,490,C,0.0150,0.0150,0.0150,0.0150,0,0,0.1250000,0.0040000,0.0000000,0.7753000,-0.0071000,0.0361000
20240112,490,P,22.5350,22.5350,22.5350,22.5350,0,0,0.2324000,-0.9211000,0.0000000,9.5223000,-0.0921000,-8.6906000
20240112,457.5,C,10.9750,10.9750,10.9750,10.9750,0,0,0.1374000,0.8847000,0.0000000,12.5877000,-0.1821000,7.7218000
20240112,457.5,P,0.3650,0.3650,0.3650,0.3650,0,0,0.1252000,-0.0944000,0.0000000,10.8929000,-0.0909000,-0.8534000
20240112,415,C,53.0300,53.0300,53.0300,53.0300,0,0,0.3896000,0.9878000,0.0000000,2.0391000,-0.1162000,7.8401000
20240112,415,P,0.0350,0.0350,0.0350,0.0350,0,0,0.3339000,-0.0043000,0.0000000,0.8332000,-0.0195000,-0.0399000
20240112,447,C,21.1350,21.1350,21.1350,21.1350,0,0,0.1855000,0.9638000,0.0000000,5.1338000,-0.1305000,8.2366000
20240112,447,P,0.0950,0.0950,0.0950,0.0950,0,0,0.1660000,-0.0224000,0.0000000,3.4524000,-0.0394000,-0.2027000
20240112,479,C,0.1450,0.1450,0.1450,0.1450,0,0,0.1022000,0.0508000,0.0000000,6.7698000,-0.0529000,0.4534000
20240112,479,P,11.5450,11.5450,11.5450,11.5450,0,0,0.1411000,-0.8813000,0.0000000,12.8496000,-0.0678000,-8.1230000
20240112,436,C,32.0750,32.0750,32.0750,32.0750,0,0,0.2529000,0.9792000,0.0000000,3.2365000,-0.1204000,8.1644000
20240112,436,P,0.0550,0.0550,0.0550,0.0550,0,0,0.2216000,-0.0101000,0.0000000,1.7479000,-0.0269000,-0.0919000
20240112,500,P,32.5350,32.5350,32.5350,32.5350,0,0,0.3083000,-0.9368000,0.0000000,8.0284000,-0.1083000,-9.0232000
20240112,468,C,2.9250,2.9250,2.9250,2.9250,0,0,0.1135000,0.5018000,0.0000000,25.8279000,-0.2431000,4.4434000
20240112,468,P,2.8450,2.8450,2.8450,2.8450,0,0,0.1094000,-0.4983000,0.0000000,25.8279000,-0.1677000,-4.5221000
20240112,467.5,C,3.1950,3.1950,3.1950,3.1950,0,0,0.1141000,0.5288000,0.0000000,25.7607000,-0.2455000,4.6801000
20240112,467.5,P,2.6050,2.6050,2.6050,2.6050,0,0,0.1096000,-0.4702000,0.0000000,25.7563000,-0.1694000,-4.2660000
20240112,425,C,43.0550,43.0550,43.0550,43.0550,0,0,0.3251000,0.9846000,0.0000000,2.4978000,-0.1187000,8.0027000
20240112,425,P,0.0350,0.0350,0.0350,0.0350,0,0,0.2734000,-0.0051000,0.0000000,0.9680000,-0.0185000,-0.0471000
20240112,457,C,11.4450,11.4450,11.4450,11.4450,0,0,0.1397000,0.8917000,0.0000000,12.0345000,-0.1791000,7.7757000
20240112,457,P,0.3350,0.3350,0.3350,0.3350,0,0,0.1267000,-0.0866000,0.0000000,10.2247000,-0.0865000,-0.7836000
20240112,489,C,0.0150,0.0150,0.0150,0.0150,0,0,0.1210000,0.0044000,0.0000000,0.8520000,-0.0076000,0.0401000
20240112,489,P,21.5350,21.5350,21.5350,21.5350,0,0,0.2243000,-0.9190000,0.0000000,9.7100000,-0.0899000,-8.6529000
20240112,350,C,117.9150,117.9150,117.9150,117.9150,0,0,0.7906000,0.9966000,0.0000000,0.6605000,-0.0879000,6.6740000
20240112,446,C,22.1300,22.1300,22.1300,22.1300,0,0,0.1933000,0.9648000,0.0000000,5.0232000,-0.1317000,8.2259000
20240112,446,P,0.0850,0.0850,0.0850,0.0850,0,0,0.1699000,-0.0199000,0.0000000,3.1216000,-0.0365000,-0.1799000
20240112,414,C,54.0300,54.0300,54.0300,54.0300,0,0,0.3964000,0.9880000,0.0000000,2.0116000,-0.1163000,7.8226000
20240112,414,P,0.0350,0.0350,0.0350,0.0350,0,0,0.3398000,-0.0043000,0.0000000,0.8183000,-0.0195000,-0.0391000
20240112,478,C,0.2150,0.2150,0.2150,0.2150,0,0,0.1037000,0.0710000,0.0000000,8.7967000,-0.0700000,0.6333000
20240112,478,P,10.5550,10.5550,10.5550,10.5550,0,0,0.1328000,-0.8734000,0.0000000,13.4390000,-0.0665000,-8.0338000
20240112,510,P,42.5300,42.5300,42.5300,42.5300,0,0,0.3798000,-0.9461000,0.0000000,7.0862000,-0.1217000,-9.2982000
20240112,435,C,33.0750,33.0750,33.0750,33.0750,0,0,0.2597000,0.9797000,0.0000000,3.1637000,-0.1205000,8.1502000
20240112,435,P,0.0550,0.0550,0.0550,0.0550,0,0,0.2285000,-0.0100000,0.0000000,1.7314000,-0.0275000,-0.0909000
20240112,467,C,3.4850,3.4850,3.4850,3.4850,0,0,0.1149000,0.5553000,0.0000000,25.5795000,-0.2473000,4.9121000
20240112,467,P,2.3850,2.3850,2.3850,2.3850,0,0,0.1101000,-0.4425000,0.0000000,25.5596000,-0.1705000,-4.0131000
20240112,499,P,31.5350,31.5350,31.5350,31.5350,0,0,0.3010000,-0.9356000,0.0000000,8.1492000,-0.1070000,-8.9931000
20240112,360,C,107.9300,107.9300,107.9300,107.9300,0,0,0.7320000,0.9958000,0.0000000,0.7955000,-0.0936000,6.8585000
20240112,456,C,12.3900,12.3900,12.3900,12.3900,0,0,0.1446000,0.9039000,0.0000000,11.0346000,-0.1736000,7.8666000
20240112,456,P,0.2750,0.2750,0.2750,0.2750,0,0,0.1290000,-0.0721000,0.0000000,8.8990000,-0.0770000,-0.6522000
20240112,424,C,44.0450,44.0450,44.0450,44.0450,0,0,0.3291000,0.9856000,0.0000000,2.3575000,-0.1160000,7.9926000
20240112,424,P,0.0350,0.0350,0.0350,0.0350,0,0,0.2792000,-0.0050000,0.0000000,0.9484000,-0.0185000,-0.0460000
20240112,520,P,52.5350,52.5350,52.5350,52.5350,0,0,0.4477000,-0.9524000,0.0000000,6.4155000,-0.1327000,-9.5467000
20240112,488,C,0.0150,0.0150,0.0150,0.0150,0,0,0.1152000,0.0044000,0.0000000,0.8401000,-0.0072000,0.0395000
20240112,488,P,20.5350,20.5350,20.5350,20.5350,0,0,0.2163000,-0.9167000,0.0000000,9.9162000,-0.0878000,-8.6132000
20240112,487.5,C,0.0150,0.0150,0.0150,0.0150,0,0,0.1132000,0.0046000,0.0000000,0.8850000,-0.0074000,0.0418000
20240112,487.5,P,20.0350,20.0350,20.0350,20.0350,0,0,0.2124000,-0.9154000,0.0000000,10.0381000,-0.0871000,-8.5914000
20240112,445,C,23.1200,23.1200,23.1200,23.1200,0,0,0.1987000,0.9673000,0.0000000,4.7261000,-0.1295000,8.2295000
20240112,445,P,0.0850,0.0850,0.0850,0.0850,0,0,0.1762000,-0.0190000,0.0000000,3.0028000,-0.0365000,-0.1720000
20240112,413,C,55.0250,55.0250,55.0250,55.0250,0,0,0.3994000,0.9889000,0.0000000,1.8894000,-0.1131000,7.8110000
20240112,413,P,0.0350,0.0350,0.0350,0.0350,0,0,0.3457000,-0.0042000,0.0000000,0.8038000,-0.0195000,-0.0383000
20240112,477,C,0.2950,0.2950,0.2950,0.2950,0,0,0.1037000,0.0930000,0.0000000,10.7797000,-0.0861000,0.8290000
20240112,477,P,9.5050,9.5050,9.5050,9.5050,0,0,0.1198000,-0.8733000,0.0000000,13.4525000,-0.0544000,-8.0121000
20240112,370,C,97.9450,97.9450,97.9450,97.9450,0,0,0.6624000,0.9954000,0.0000000,0.8649000,-0.0943000,7.0464000
20240112,434,C,34.0750,34.0750,34.0750,34.0750,0,0,0.2675000,0.9799000,0.0000000,3.1421000,-0.1217000,8.1325000
20240112,434,P,0.0550,0.0550,0.0550,0.0550,0,0,0.2343000,-0.0096000,0.0000000,1.6774000,-0.0274000,-0.0877000
20240112,466,C,4.0950,4.0950,4.0950,4.0950,0,0,0.1163000,0.6066000,0.0000000,24.8995000,-0.2476000,5.3606000
20240112,466,P,1.9950,1.9950,1.9950,1.9950,0,0,0.1113000,-0.3888000,0.0000000,24.8199000,-0.1706000,-3.5248000
20240112,498,P,30.5350,30.5350,30.5350,30.5350,0,0,0.2934000,-0.9344000,0.0000000,8.2626000,-0.1052000,-8.9635000
20240112,530,P,62.5200,62.5200,62.5200,62.5200,0,0,0.5113000,-0.9574000,0.0000000,5.8617000,-0.1398000,-9.7835000
20240112,455,C,13.3400,13.3400,13.3400,13.3400,0,0,0.1489000,0.9152000,0.0000000,10.0525000,-0.1672000,7.9500000
20240112,455,P,0.2350,0.2350,0.2350,0.2350,0,0,0.1325000,-0.0616000,0.0000000,7.8797000,-0.0703000,-0.5573000
20240112,423,C,45.0400,45.0400,45.0400,45.0400,0,0,0.3359000,0.9859000,0.0000000,2.3208000,-0.1161000,7.9757000
20240112,423,P,0.0350,0.0350,0.0350,0.0350,0,0,0.2851000,-0.0049000,0.0000000,0.9296000,-0.0185000,-0.0450000
20240112,487,C,0.0150,0.0150,0.0150,0.0150,0,0,0.1093000,0.0043000,0.0000000,0.8278000,-0.0067000,0.0388000
20240112,487,P,19.5350,19.5350,19.5350,19.5350,0,0,0.2082000,-0.9142000,0.0000000,10.1432000,-0.0858000,-8.5712000
20240112,380,C,87.9600,87.9600,87.9600,87.9600,0,0,0.6046000,0.9942000,0.0000000,1.0558000,-0.1004000,7.2275000
20240112,380,P,0.0150,0.0150,0.0150,0.0150,0,0,0.5000000,-0.0011000,0.0000000,0.2526000,-0.0089000,-0.0107000
20240112,444,C,24.1150,24.1150,24.1150,24.1150,0,0,0.2041000,0.9695000,0.0000000,4.4546000,-0.1273000,8.2307000
20240112,444,P,0.0750,0.0750,0.0750,0.0750,0,0,0.1796000,-0.0167000,0.0000000,2.6955000,-0.0334000,-0.1515000
20240112,412,C,56.0400,56.0400,56.0400,56.0400,0,0,0.4169000,0.9872000,0.0000000,2.1254000,-0.1223000,7.7770000
20240112,412,P,0.0250,0.0250,0.0250,0.0250,0,0,0.3359000,-0.0028000,0.0000000,0.5701000,-0.0134000,-0.0261000
20240112,476,C,0.4050,0.4050,0.4050,0.4050,0,0,0.1042000,0.1209000,0.0000000,13.0217000,-0.1051000,1.0765000
20240112,476,P,8.5600,8.5600,8.5600,8.5600,0,0,0.1146000,-0.8561000,0.0000000,14.6795000,-0.0607000,-7.8398000
20240112,540,P,72.5200,72.5200,72.5200,72.5200,0,0,0.5742000,-0.9608000,0.0000000,5.4845000,-0.1490000,-10.0053000
20240112,433,C,35.0750,35.0750,35.0750,35.0750,0,0,0.2744000,0.9804000,0.0000000,3.0749000,-0.1218000,8.1178000
20240112,433,P,0.0450,0.0450,0.0450,0.0450,0,0,0.2343000,-0.0079000,0.0000000,1.4170000,-0.0231000,-0.0723000
20240112,465,C,4.7700,4.7700,4.7700,4.7700,0,0,0.1187000,0.6540000,0.0000000,23.8774000,-0.2462000,5.7726000
20240112,465,P,1.6550,1.6550,1.6550,1.6550,0,0,0.1125000,-0.3382000,0.0000000,23.6760000,-0.1670000,-3.0646000
20240112,497,P,29.5350,29.5350,29.5350,29.5350,0,0,0.2861000,-0.9330000,0.0000000,8.4011000,-0.1039000,-8.9316000
20240112,390,C,77.9700,77.9700,77.9700,77.9700,0,0,0.5359000,0.9936000,0.0000000,1.1549000,-0.1004000,7.4136000
20240112,390,P,0.0150,0.0150,0.0150,0.0150,0,0,0.4375000,-0.0011000,0.0000000,0.2552000,-0.0078000,-0.0108000
20240112,454,C,14.3100,14.3100,14.3100,14.3100,0,0,0.1545000,0.9232000,0.0000000,9.3247000,-0.1636000,8.0033000
20240112,454,P,0.2050,0.2050,0.2050,0.2050,0,0,0.1364000,-0.0532000,0.0000000,7.0244000,-0.0648000,-0.4816000
20240112,422,C,46.0500,46.0500,46.0500,46.0500,0,0,0.3476000,0.9850000,0.0000000,2.4416000,-0.1209000,7.9487000
20240112,422,P,0.0350,0.0350,0.0350,0.0350,0,0,0.2929000,-0.0050000,0.0000000,0.9523000,-0.0195000,-0.0462000
20240112,486,C,0.0250,0.0250,0.0250,0.0250,0,0,0.1132000,0.0081000,0.0000000,1.4460000,-0.0122000,0.0728000
20240112,486,P,18.5350,18.5350,18.5350,18.5350,0,0,0.2001000,-0.9113000,0.0000000,10.3940000,-0.0839000,-8.5265000
20240112,443,C,25.1100,25.1100,25.1100,25.1100,0,0,0.2119000,0.9701000,0.0000000,4.3817000,-0.1286000,8.2169000
20240112,443,P,0.0750,0.0750,0.0750,0.0750,0,0,0.1860000,-0.0161000,0.0000000,2.6058000,-0.0335000,-0.1457000
20240112,411,C,57.0150,57.0150,57.0150,57.0150,0,0,0.4082000,0.9899000,0.0000000,1.7316000,-0.1095000,7.7823000
20240112,411,P,0.0250,0.0250,0.0250,0.0250,0,0,0.3437000,-0.0029000,0.0000000,0.5871000,-0.0142000,-0.0270000
20240112,475,C,0.5550,0.5550,0.5550,0.5550,0,0,0.1053000,0.1553000,0.0000000,15.4489000,-0.1267000,1.3821000
20240112,475,P,7.6600,7.6600,7.6600,7.6600,0,0,0.1112000,-0.8313000,0.0000000,16.2978000,-0.0718000,-7.6008000
20240112,442.5,C,25.6100,25.6100,25.6100,25.6100,0,0,0.2153000,0.9707000,0.0000000,4.3124000,-0.1286000,8.2124000
20240112,442.5,P,0.0750,0.0750,0.0750,0.0750,0,0,0.1894000,-0.0159000,0.0000000,2.5788000,-0.0338000,-0.1439000
20240112,432,C,36.0650,36.0650,36.0650,36.0650,0,0,0.2783000,0.9818000,0.0000000,2.8796000,-0.1187000,8.1119000
20240112,432,P,0.0450,0.0450,0.0450,0.0450,0,0,0.2402000,-0.0077000,0.0000000,1.3781000,-0.0231000,-0.0701000
20240112,400,C,67.9950,67.9950,67.9950,67.9950,0,0,0.4765000,0.9920000,0.0000000,1.4113000,-0.1056000,7.5905000
20240112,400,P,0.0250,0.0250,0.0250,0.0250,0,0,0.4062000,-0.0024000,0.0000000,0.4872000,-0.0139000,-0.0220000
20240112,464,C,5.4800,5.4800,5.4800,5.4800,0,0,0.1204000,0.6984000,0.0000000,22.5617000,-0.2407000,6.1572000
20240112,464,P,1.3650,1.3650,1.3650,1.3650,0,0,0.1138000,-0.2914000,0.0000000,22.2126000,-0.1605000,-2.6390000
20240112,496,C,0.0150,0.0150,0.0150,0.0150,0,0,0.1542000,0.0033000,0.0000000,0.6547000,-0.0074000,0.0298000
20240112,496,P,28.5350,28.5350,28.5350,28.5350,0,0,0.2785000,-0.9316000,0.0000000,8.5330000,-0.1022000,-8.9002000
20240112,453,C,15.2250,15.2250,15.2250,15.2250,0,0,0.1523000,0.9396000,0.0000000,7.7426000,-0.1459000,8.1332000
20240112,453,P,0.1750,0.1750,0.1750,0.1750,0,0,0.1396000,-0.0453000,0.0000000,6.1771000,-0.0585000,-0.4100000
20240112,421,C,47.0400,47.0400,47.0400,47.0400,0,0,0.3505000,0.9862000,0.0000000,2.2809000,-0.1173000,7.9399000
20240112,421,P,0.0350,0.0350,0.0350,0.0350,0,0,0.2968000,-0.0047000,0.0000000,0.8941000,-0.0186000,-0.0431000
20240112,485,C,0.0250,0.0250,0.0250,0.0250,0,0,0.1074000,0.0083000,0.0000000,1.4692000,-0.0118000,0.0742000
20240112,485,P,17.5350,17.5350,17.5350,17.5350,0,0,0.1918000,-0.9084000,0.0000000,10.6473000,-0.0816000,-8.4811000
20240112,452.5,C,15.7100,15.7100,15.7100,15.7100,0,0,0.1552000,0.9423000,0.0000000,7.4753000,-0.1447000,8.1474000
20240112,452.5,P,0.1650,0.1650,0.1650,0.1650,0,0,0.1418000,-0.0425000,0.0000000,5.8656000,-0.0565000,-0.3845000
20240112,410,C,58.0200,58.0200,58.0200,58.0200,0,0,0.4208000,0.9892000,0.0000000,1.8414000,-0.1141000,7.7564000
20240112,410,P,0.0250,0.0250,0.0250,0.0250,0,0,0.3476000,-0.0027000,0.0000000,0.5552000,-0.0135000,-0.0254000
20240112,442,C,26.1100,26.1100,26.1100,26.1100,0,0,0.2192000,0.9710000,0.0000000,4.2794000,-0.1292000,8.2052000
20240112,442,P,0.0650,0.0650,0.0650,0.0650,0,0,0.1884000,-0.0138000,0.0000000,2.2916000,-0.0299000,-0.1254000
20240112,474,C,0.7450,0.7450,0.7450,0.7450,0,0,0.1065000,0.1949000,0.0000000,17.8478000,-0.1489000,1.7338000
20240112,474,P,6.8100,6.8100,6.8100,6.8100,0,0,0.1093000,-0.7986000,0.0000000,18.1986000,-0.0868000,-7.2910000
20240112,431,C,37.0650,37.0650,37.0650,37.0650,0,0,0.2856000,0.9821000,0.0000000,2.8443000,-0.1194000,8.0950000
20240112,431,P,0.0450,0.0450,0.0450,0.0450,0,0,0.2460000,-0.0075000,0.0000000,1.3413000,-0.0230000,-0.0680000
20240112,495,C,0.0150,0.0150,0.0150,0.0150,0,0,0.1484000,0.0032000,0.0000000,0.6377000,-0.0069000,0.0290000
20240112,495,P,27.5350,27.5350,27.5350,27.5350,0,0,0.2709000,-0.9301000,0.0000000,8.6752000,-0.1006000,-8.8677000
20240112,463,C,6.2300,6.2300,6.2300,6.2300,0,0,0.1221000,0.7390000,0.0000000,21.0378000,-0.2328000,6.5070000
20240112,463,P,1.1150,1.1150,1.1150,1.1150,0,0,0.1149000,-0.2484000,0.0000000,20.5065000,-0.1513000,-2.2490000
20240112,462.5,C,6.6200,6.6200,6.6200,6.6200,0,0,0.1230000,0.7578000,0.0000000,20.2256000,-0.2283000,6.6674000
20240112,462.5,P,1.0050,1.0050,1.0050,1.0050,0,0,0.1156000,-0.2286000,0.0000000,19.5940000,-0.1460000,-2.0692000
20240112,420,C,48.0350,48.0350,48.0350,48.0350,0,0,0.3535000,0.9872000,0.0000000,2.1306000,-0.1139000,7.9303000
20240112,420,P,0.0350,0.0350,0.0350,0.0350,0,0,0.3046000,-0.0048000,0.0000000,0.9153000,-0.0195000,-0.0443000
20240112,452,C,16.1950,16.1950,16.1950,16.1950,0,0,0.1564000,0.9466000,0.0000000,7.0258000,-0.1405000,8.1773000
20240112,452,P,0.1550,0.1550,0.1550,0.1550,0,0,0.1437000,-0.0396000,0.0000000,5.5444000,-0.0542000,-0.3587000
20240112,484,C,0.0350,0.0350,0.0350,0.0350,0,0,0.1083000,0.0127000,0.0000000,2.1240000,-0.0173000,0.1132000
20240112,484,P,16.5350,16.5350,16.5350,16.5350,0,0,0.1835000,-0.9051000,0.0000000,10.9298000,-0.0793000,-8.4323000
20240112,441,C,27.0950,27.0950,27.0950,27.0950,0,0,0.2216000,0.9743000,0.0000000,3.8630000,-0.1234000,8.2164000
20240112,441,P,0.0650,0.0650,0.0650,0.0650,0,0,0.1953000,-0.0136000,0.0000000,2.2534000,-0.0305000,-0.1231000
20240112,409,C,59.0150,59.0150,59.0150,59.0150,0,0,0.4228000,0.9900000,0.0000000,1.7125000,-0.1104000,7.7451000
20240112,409,P,0.0250,0.0250,0.0250,0.0250,0,0,0.3554000,-0.0028000,0.0000000,0.5712000,-0.0143000,-0.0262000
20240112,505,P,37.5300,37.5300,37.5300,37.5300,0,0,0.3444000,-0.9420000,0.0000000,7.5049000,-0.1151000,-9.1659000
20240112,473,C,0.9750,0.9750,0.9750,0.9750,0,0,0.1074000,0.2387000,0.0000000,20.0691000,-0.1700000,2.1219000
20240112,473,P,6.0100,6.0100,6.0100,6.0100,0,0,0.1085000,-0.7589000,0.0000000,20.1735000,-0.1038000,-6.9199000
20240112,430,C,38.0600,38.0600,38.0600,38.0600,0,0,0.2929000,0.9824000,0.0000000,2.8102000,-0.1200000,8.0781000
20240112,430,P,0.0450,0.0450,0.0450,0.0450,0,0,0.2519000,-0.0072000,0.0000000,1.3064000,-0.0230000,-0.0660000
20240112,462,C,7.0250,7.0250,7.0250,7.0250,0,0,0.1240000,0.7754000,0.0000000,19.3948000,-0.2235000,6.8178000
20240112,462,P,0.9150,0.9150,0.9150,0.9150,0,0,0.1166000,-0.2108000,0.0000000,18.7044000,-0.1414000,-1.9081000
20240112,494,C,0.0150,0.0150,0.0150,0.0150,0,0,0.1445000,0.0035000,0.0000000,0.6860000,-0.0073000,0.0314000
20240112,494,P,26.5350,26.5350,26.5350,26.5350,0,0,0.2634000,-0.9285000,0.0000000,8.8289000,-0.0991000,-8.8341000
20240112,355,C,112.9300,112.9300,112.9300,112.9300,0,0,0.7742000,0.9957000,0.0000000,0.8117000,-0.0961000,6.7617000
20240112,451,C,17.1800,17.1800,17.1800,17.1800,0,0,0.1630000,0.9502000,0.0000000,6.6497000,-0.1395000,8.1902000
20240112,451,P,0.1350,0.1350,0.1350,0.1350,0,0,0.1474000,-0.0344000,0.0000000,4.9329000,-0.0495000,-0.3109000
20240112,419,C,49.0400,49.0400,49.0400,49.0400,0,0,0.3652000,0.9864000,0.0000000,2.2421000,-0.1184000,7.9040000
20240112,419,P,0.0350,0.0350,0.0350,0.0350,0,0,0.3105000,-0.0047000,0.0000000,0.8978000,-0.0195000,-0.0433000
20240112,515,P,47.5350,47.5350,47.5350,47.5350,0,0,0.4143000,-0.9495000,0.0000000,6.7291000,-0.1276000,-9.4246000
20240112,483,C,0.0450,0.0450,0.0450,0.0450,0,0,0.1064000,0.0163000,0.0000000,2.6372000,-0.0211000,0.1456000
20240112,483,P,15.5350,15.5350,15.5350,15.5350,0,0,0.1751000,-0.9015000,0.0000000,11.2326000,-0.0769000,-8.3809000
20240112,525,P,57.5300,57.5300,57.5300,57.5300,0,0,0.4809000,-0.9547000,0.0000000,6.1616000,-0.1383000,-9.6635000
20240112,440,C,28.0900,28.0900,28.0900,28.0900,0,0,0.2290000,0.9749000,0.0000000,3.7865000,-0.1241000,8.2027000
20240112,440,P,0.0650,0.0650,0.0650,0.0650,0,0,0.2011000,-0.0129000,0.0000000,2.1654000,-0.0302000,-0.1175000
20240112,408,C,60.0100,60.0100,60.0100,60.0100,0,0,0.4296000,0.9902000,0.0000000,1.6926000,-0.1105000,7.7271000
20240112,408,P,0.0250,0.0250,0.0250,0.0250,0,0,0.3593000,-0.0027000,0.0000000,0.5408000,-0.0136000,-0.0246000
20240112,472,C,1.2650,1.2650,1.2650,1.2650,0,0,0.1090000,0.2878000,0.0000000,22.0851000,-0.1913000,2.5569000
20240112,472,P,5.2550,5.2550,5.2550,5.2550,0,0,0.1076000,-0.7145000,0.0000000,21.9962000,-0.1197000,-6.5072000
20240112,365,C,102.9300,102.9300,102.9300,102.9300,0,0,0.6906000,0.9959000,0.0000000,0.7788000,-0.0911000,6.9552000
20240112,429,C,39.0550,39.0550,39.0550,39.0550,0,0,0.2968000,0.9836000,0.0000000,2.6400000,-0.1172000,8.0702000
20240112,429,P,0.0450,0.0450,0.0450,0.0450,0,0,0.2578000,-0.0070000,0.0000000,1.2732000,-0.0229000,-0.0641000
20240112,461,C,7.8600,7.8600,7.8600,7.8600,0,0,0.1269000,0.8059000,0.0000000,17.7964000,-0.2150000,7.0752000
20240112,461,P,0.7450,0.7450,0.7450,0.7450,0,0,0.1182000,-0.1774000,0.0000000,16.8368000,-0.1300000,-1.6052000
20240112,493,C,0.0150,0.0150,0.0150,0.0150,0,0,0.1406000,0.0038000,0.0000000,0.7408000,-0.0077000,0.0342000
20240112,493,P,25.5350,25.5350,25.5350,25.5350,0,0,0.2556000,-0.9270000,0.0000000,8.9765000,-0.0971000,-8.8009000
20240112,535,P,67.5250,67.5250,67.5250,67.5250,0,0,0.5429000,-0.9592000,0.0000000,5.6596000,-0.1444000,-9.8956000
20240112,450,C,18.1700,18.1700,18.1700,18.1700,0,0,0.1694000,0.9536000,0.0000000,6.2865000,-0.1382000,8.2015000
20240112,450,P,0.1250,0.1250,0.1250,0.1250,0,0,0.1523000,-0.0309000,0.0000000,4.5189000,-0.0470000,-0.2796000
20240112,418,C,50.0500,50.0500,50.0500,50.0500,0,0,0.3769000,0.9857000,0.0000000,2.3500000,-0.1230000,7.8778000
20240112,418,P,0.0350,0.0350,0.0350,0.0350,0,0,0.3164000,-0.0046000,0.0000000,0.8809000,-0.0195000,-0.0424000
20240112,482,C,0.0550,0.0550,0.0550,0.0550,0,0,0.1035000,0.0200000,0.0000000,3.1425000,-0.0245000,0.1789000
20240112,482,P,14.5350,14.5350,14.5350,14.5350,0,0,0.1666000,-0.8976000,0.0000000,11.5595000,-0.0744000,-8.3263000
20240112,375,C,92.9500,92.9500,92.9500,92.9500,0,0,0.6343000,0.9948000,0.0000000,0.9622000,-0.0977000,7.1369000
20240112,375,P,0.0150,0.0150,0.0150,0.0150,0,0,0.5250000,-0.0010000,0.0000000,0.2230000,-0.0082000,-0.0093000
20240112,439,C,29.0850,29.0850,29.0850,29.0850,0,0,0.2338000,0.9766000,0.0000000,3.5687000,-0.1218000,8.1989000
20240112,439,P,0.0650,0.0650,0.0650,0.0650,0,0,0.2080000,-0.0127000,0.0000000,2.1331000,-0.0308000,-0.1155000
20240112,407,C,61.0150,61.0150,61.0150,61.0150,0,0,0.4375000,0.9902000,0.0000000,1.6930000,-0.1113000,7.7079000
20240112,407,P,0.0250,0.0250,0.0250,0.0250,0,0,0.3671000,-0.0027000,0.0000000,0.5558000,-0.0143000,-0.0254000
20240112,471,C,1.5950,1.5950,1.5950,1.5950,0,0,0.1099000,0.3389000,0.0000000,23.6949000,-0.2089000,3.0087000
20240112,471,P,4.5650,4.5650,4.5650,4.5650,0,0,0.1077000,-0.6642000,0.0000000,23.6079000,-0.1359000,-6.0426000
20240112,545,P,77.5100,77.5100,77.5100,77.5100,0,0,0.6031000,-0.9626000,0.0000000,5.2742000,-0.1504000,-10.1175000
20240112,428,C,40.0550,40.0550,40.0550,40.0550,0,0,0.3037000,0.9839000,0.0000000,2.5932000,-0.1173000,8.0541000
20240112,428,P,0.0450,0.0450,0.0450,0.0450,0,0,0.2646000,-0.0070000,0.0000000,1.2694000,-0.0235000,-0.0639000
20240112,460,C,8.7150,8.7150,8.7150,8.7150,0,0,0.1290000,0.8342000,0.0000000,16.1192000,-0.2040000,7.3125000
20240112,460,P,0.6050,0.6050,0.6050,0.6050,0,0,0.1199000,-0.1485000,0.0000000,14.9950000,-0.1183000,-1.3430000
20240112,492,C,0.0150,0.0150,0.0150,0.0150,0,0,0.1347000,0.0037000,0.0000000,0.7253000,-0.0072000,0.0335000
20240112,492,P,24.5350,24.5350,24.5350,24.5350,0,0,0.2480000,-0.9250000,0.0000000,9.1560000,-0.0957000,-8.7645000
20240112,385,C,82.9700,82.9700,82.9700,82.9700,0,0,0.5749000,0.9936000,0.0000000,1.1609000,-0.1031000,7.3174000
20240112,385,P,0.0150,0.0150,0.0150,0.0150,0,0,0.4687000,-0.0011000,0.0000000,0.2549000,-0.0084000,-0.0108000
20240112,449,C,19.1550,19.1550,19.1550,19.1550,0,0,0.1738000,0.9583000,0.0000000,5.7673000,-0.1340000,8.2249000
20240112,449,P,0.1150,0.1150,0.1150,0.1150,0,0,0.1572000,-0.0279000,0.0000000,4.1516000,-0.0447000,-0.2525000
20240112,417,C,51.0300,51.0300,51.0300,51.0300,0,0,0.3750000,0.9876000,0.0000000,2.0697000,-0.1151000,7.8765000
20240112,417,P,0.0350,0.0350,0.0350,0.0350,0,0,0.3222000,-0.0045000,0.0000000,0.8645000,-0.0195000,-0.0415000
20240112,481,C,0.0750,0.0750,0.0750,0.0750,0,0,0.1030000,0.0276000,0.0000000,4.1143000,-0.0321000,0.2464000
20240112,481,P,13.5300,13.5300,13.5300,13.5300,0,0,0.1579000,-0.8932000,0.0000000,11.9152000,-0.0717000,-8.2679000
20240112,438,C,30.0850,30.0850,30.0850,30.0850,0,0,0.2412000,0.9771000,0.0000000,3.5062000,-0.1224000,8.1841000
20240112,438,P,0.0550,0.0550,0.0550,0.0550,0,0,0.2089000,-0.0106000,0.0000000,1.8262000,-0.0265000,-0.0966000
20240112,406,C,62.0100,62.0100,62.0100,62.0100,0,0,0.4453000,0.9902000,0.0000000,1.6930000,-0.1121000,7.6887000
20240112,406,P,0.0250,0.0250,0.0250,0.0250,0,0,0.3710000,-0.0026000,0.0000000,0.5268000,-0.0137000,-0.0239000
20240112,470,C,1.9850,1.9850,1.9850,1.9850,0,0,0.1112000,0.3926000,0.0000000,24.8869000,-0.2240000,3.4821000
20240112,470,P,3.9300,3.9300,3.9300,3.9300,0,0,0.1083000,-0.6103000,0.0000000,24.8345000,-0.1501000,-5.5471000
20240112,395,C,73.0000,73.0000,73.0000,73.0000,0,0,0.5210000,0.9914000,0.0000000,1.5015000,-0.1127000,7.4892000
20240112,395,P,0.0150,0.0150,0.0150,0.0150,0,0,0.4140000,-0.0014000,0.0000000,0.2999000,-0.0087000,-0.0129000
20240112,427,C,41.0550,41.0550,41.0550,41.0550,0,0,0.3110000,0.9841000,0.0000000,2.5665000,-0.1179000,8.0366000
20240112,427,P,0.0450,0.0450,0.0450,0.0450,0,0,0.2714000,-0.0070000,0.0000000,1.2652000,-0.0240000,-0.0637000
20240112,459,C,9.6050,9.6050,9.6050,9.6050,0,0,0.1323000,0.8568000,0.0000000,14.6322000,-0.1951000,7.4977000
20240112,459,P,0.4950,0.4950,0.4950,0.4950,0,0,0.1220000,-0.1242000,0.0000000,13.2694000,-0.1071000,-1.1231000
20240112,491,C,0.0150,0.0150,0.0150,0.0150,0,0,0.1289000,0.0036000,0.0000000,0.7093000,-0.0067000,0.0326000
20240112,491,P,23.5400,23.5400,23.5400,23.5400,0,0,0.2412000,-0.9223000,0.0000000,9.4101000,-0.0959000,-8.7209000
20240116,480,C,0.1950,0.1950,0.1950,0.1950,0,0,0.0913000,0.0598000,0.0000000,9.6527000,-0.0441000,0.8379000
20240116,480,P,12.5300,12.5300,12.5300,12.5300,0,0,0.1334000,-0.8550000,0.0000000,18.4894000,-0.0521000,-12.4251000
20240116,469,C,2.8250,2.8250,2.8250,2.8250,0,0,0.0981000,0.4659000,0.0000000,32.2590000,-0.1751000,6.4791000
20240116,469,P,3.6700,3.6700,3.6700,3.6700,0,0,0.1012000,-0.5328000,0.0000000,32.2676000,-0.1117000,-7.6178000
20240116,490,C,0.0250,0.0250,0.0250,0.0250,0,0,0.1064000,0.0071000,0.0000000,1.6181000,-0.0083000,0.1006000
20240116,490,P,22.5400,22.5400,22.5400,22.5400,0,0,0.2055000,-0.8951000,0.0000000,14.7398000,-0.0735000,-13.2914000
20240116,479,C,0.2550,0.2550,0.2550,0.2550,0,0,0.0908000,0.0760000,0.0000000,11.6141000,-0.0530000,1.0643000
20240116,479,P,11.5350,11.5350,11.5350,11.5350,0,0,0.1257000,-0.8482000,0.0000000,19.0661000,-0.0495000,-12.2990000
20240116,468,C,3.3400,3.3400,3.3400,3.3400,0,0,0.0993000,0.5157000,0.0000000,32.3521000,-0.1806000,7.1654000
20240116,468,P,3.1750,3.1750,3.1750,3.1750,0,0,0.1017000,-0.4844000,0.0000000,32.3528000,-0.1162000,-6.9214000
20240116,500,C,0.0150,0.0150,0.0150,0.0150,0,0,0.1367000,0.0029000,0.0000000,0.7331000,-0.0047000,0.0413000
20240116,500,P,32.5400,32.5400,32.5400,32.5400,0,0,0.2707000,-0.9150000,0.0000000,12.6264000,-0.0884000,-13.8724000
20240116,478,C,0.3450,0.3450,0.3450,0.3450,0,0,0.0913000,0.0981000,0.0000000,14.0462000,-0.0649000,1.3720000
20240116,478,P,10.4950,10.4950,10.4950,10.4950,0,0,0.1158000,-0.8449000,0.0000000,19.3466000,-0.0428000,-12.2200000
20240116,467,C,3.9100,3.9100,3.9100,3.9100,0,0,0.1004000,0.5642000,0.0000000,31.9561000,-0.1837000,7.8323000
20240116,467,P,2.7350,2.7350,2.7350,2.7350,0,0,0.1025000,-0.4368000,0.0000000,31.9711000,-0.1189000,-6.2373000
20240116,477,C,0.4600,0.4600,0.4600,0.4600,0,0,0.0920000,0.1248000,0.0000000,16.6963000,-0.0782000,1.7457000
20240116,477,P,9.5500,9.5500,9.5500,9.5500,0,0,0.1108000,-0.8296000,0.0000000,20.5659000,-0.0458000,-11.9764000
20240116,466,C,4.5250,4.5250,4.5250,4.5250,0,0,0.1014000,0.6110000,0.0000000,31.1137000,-0.1843000,8.4734000
20240116,466,P,2.3450,2.3450,2.3450,2.3450,0,0,0.1035000,-0.3909000,0.0000000,31.1598000,-0.1196000,-5.5784000
20240116,476,C,0.6050,0.6050,0.6050,0.6050,0,0,0.0922000,0.1546000,0.0000000,19.3079000,-0.0914000,2.1604000
20240116,476,P,8.6450,8.6450,8.6450,8.6450,0,0,0.1068000,-0.8095000,0.0000000,22.0568000,-0.0507000,-11.6659000
20240116,465,C,5.1900,5.1900,5.1900,5.1900,0,0,0.1029000,0.6549000,0.0000000,29.9040000,-0.1836000,9.0708000
20240116,465,P,2.0050,2.0050,2.0050,2.0050,0,0,0.1046000,-0.3474000,0.0000000,29.9803000,-0.1187000,-4.9554000
20240116,475,C,0.7850,0.7850,0.7850,0.7850,0,0,0.0928000,0.1895000,0.0000000,21.9903000,-0.1056000,2.6468000
20240116,475,P,7.7850,7.7850,7.7850,7.7850,0,0,0.1041000,-0.7830000,0.0000000,23.8400000,-0.0585000,-11.2664000
20240116,464,C,5.9000,5.9000,5.9000,5.9000,0,0,0.1043000,0.6958000,0.0000000,28.3937000,-0.1810000,9.6256000
20240116,464,P,1.7100,1.7100,1.7100,1.7100,0,0,0.1061000,-0.3071000,0.0000000,28.5170000,-0.1164000,-4.3792000
20240116,474,C,1.0050,1.0050,1.0050,1.0050,0,0,0.0936000,0.2287000,0.0000000,24.5688000,-0.1199000,3.1928000
20240116,474,P,6.9700,6.9700,6.9700,6.9700,0,0,0.1026000,-0.7505000,0.0000000,25.7626000,-0.0681000,-10.7839000
20240116,463,C,6.6350,6.6350,6.6350,6.6350,0,0,0.1051000,0.7346000,0.0000000,26.6005000,-0.1760000,10.1507000
20240116,463,P,1.4550,1.4550,1.4550,1.4550,0,0,0.1073000,-0.2695000,0.0000000,26.8127000,-0.1123000,-3.8415000
20240116,473,C,1.2750,1.2750,1.2750,1.2750,0,0,0.0946000,0.2720000,0.0000000,26.9378000,-0.1341000,3.7951000
20240116,473,P,6.2000,6.2000,6.2000,6.2000,0,0,0.1014000,-0.7137000,0.0000000,27.6088000,-0.0778000,-10.2434000
20240116,483,C,0.0750,0.0750,0.0750,0.0750,0,0,0.0908000,0.0250000,0.0000000,4.7485000,-0.0212000,0.3505000
20240116,483,P,15.5350,15.5350,15.5350,15.5350,0,0,0.1557000,-0.8715000,0.0000000,17.0302000,-0.0590000,-12.7467000
20240116,472,C,1.5850,1.5850,1.5850,1.5850,0,0,0.0953000,0.3178000,0.0000000,28.9391000,-0.1467000,4.4299000
20240116,472,P,5.4800,5.4800,5.4800,5.4800,0,0,0.1006000,-0.6729000,0.0000000,29.2866000,-0.0874000,-9.6457000
20240116,450,C,18.3200,18.3200,18.3200,18.3200,0,0,0.1196000,0.9728000,0.0000000,5.0812000,-0.0911000,13.1544000
20240116,450,P,0.2150,0.2150,0.2150,0.2150,0,0,0.1364000,-0.0455000,0.0000000,7.7670000,-0.0450000,-0.6479000
20240116,482,C,0.1050,0.1050,0.1050,0.1050,0,0,0.0913000,0.0345000,0.0000000,6.2011000,-0.0280000,0.4833000
20240116,482,P,14.5250,14.5250,14.5250,14.5250,0,0,0.1478000,-0.8675000,0.0000000,17.3882000,-0.0557000,-12.6610000
20240116,471,C,1.9500,1.9500,1.9500,1.9500,0,0,0.0964000,0.3664000,0.0000000,30.5450000,-0.1586000,5.1037000
20240116,471,P,4.8200,4.8200,4.8200,4.8200,0,0,0.1005000,-0.6281000,0.0000000,30.6919000,-0.0968000,-8.9954000
20240116,460,C,9.0700,9.0700,9.0700,9.0700,0,0,0.1097000,0.8270000,0.0000000,20.7668000,-0.1585000,11.3785000
20240116,460,P,0.8850,0.8850,0.8850,0.8850,0,0,0.1119000,-0.1776000,0.0000000,21.1211000,-0.0952000,-2.5295000
20240116,481,C,0.1450,0.1450,0.1450,0.1450,0,0,0.0913000,0.0457000,0.0000000,7.8018000,-0.0354000,0.6410000
20240116,481,P,13.5350,13.5350,13.5350,13.5350,0,0,0.1409000,-0.8611000,0.0000000,17.9633000,-0.0545000,-12.5404000
20240116,470,C,2.3600,2.3600,2.3600,2.3600,0,0,0.0973000,0.4158000,0.0000000,31.6549000,-0.1680000,5.7882000
20240116,470,P,4.2150,4.2150,4.2150,4.2150,0,0,0.1005000,-0.5812000,0.0000000,31.7029000,-0.1047000,-8.3166000
20240117,480,C,0.2550,0.2550,0.2550,0.2550,0,0,0.0925000,0.0721000,0.0000000,11.6429000,-0.0497000,1.0999000
20240117,480,P,12.5400,12.5400,12.5400,12.5400,0,0,0.1312000,-0.8470000,0.0000000,20.0248000,-0.0500000,-13.4307000
20240117,469,C,3.1000,3.1000,3.1000,3.1000,0,0,0.1013000,0.4720000,0.0000000,33.7340000,-0.1741000,7.1534000
20240117,469,P,3.8750,3.8750,3.8750,3.8750,0,0,0.1039000,-0.5270000,0.0000000,33.7391000,-0.1097000,-8.2282000
20240117,490,C,0.0250,0.0250,0.0250,0.0250,0,0,0.1015000,0.0071000,0.0000000,1.6875000,-0.0076000,0.1095000
20240117,490,P,22.5350,22.5350,22.5350,22.5350,0,0,0.2001000,-0.8904000,0.0000000,15.8964000,-0.0687000,-14.4261000
20240117,479,C,0.3450,0.3450,0.3450,0.3450,0,0,0.0933000,0.0928000,0.0000000,14.0829000,-0.0610000,1.4153000
20240117,479,P,11.4900,11.4900,11.4900,11.4900,0,0,0.1213000,-0.8447000,0.0000000,20.2197000,-0.0431000,-13.3615000
20240117,468,C,3.6300,3.6300,3.6300,3.6300,0,0,0.1026000,0.5182000,0.0000000,33.7818000,-0.1792000,7.8454000
20240117,468,P,3.3900,3.3900,3.3900,3.3900,0,0,0.1049000,-0.4820000,0.0000000,33.7827000,-0.1144000,-7.5200000
20240117,500,C,0.0150,0.0150,0.0150,0.0150,0,0,0.1308000,0.0030000,0.0000000,0.7769000,-0.0044000,0.0458000
20240117,500,P,32.5350,32.5350,32.5350,32.5350,0,0,0.2634000,-0.9109000,0.0000000,13.6566000,-0.0832000,-15.0707000
20240117,478,C,0.4450,0.4450,0.4450,0.4450,0,0,0.0933000,0.1150000,0.0000000,16.4564000,-0.0717000,1.7534000
20240117,478,P,10.5250,10.5250,10.5250,10.5250,0,0,0.1151000,-0.8338000,0.0000000,21.1351000,-0.0431000,-13.1622000
20240117,510,P,42.5350,42.5350,42.5350,42.5350,0,0,0.3225000,-0.9234000,0.0000000,12.1842000,-0.0947000,-15.5919000
20240117,467,C,4.2050,4.2050,4.2050,4.2050,0,0,0.1037000,0.5631000,0.0000000,33.3918000,-0.1820000,8.5181000
20240117,467,P,2.9600,2.9600,2.9600,2.9600,0,0,0.1059000,-0.4379000,0.0000000,33.4071000,-0.1172000,-6.8284000
20240117,520,P,52.5350,52.5350,52.5350,52.5350,0,0,0.3786000,-0.9319000,0.0000000,11.1380000,-0.1047000,-16.0507000
20240117,477,C,0.5850,0.5850,0.5850,0.5850,0,0,0.0942000,0.1430000,0.0000000,19.1468000,-0.0848000,2.1799000
20240117,477,P,9.6000,9.6000,9.6000,9.6000,0,0,0.1110000,-0.8166000,0.0000000,22.5035000,-0.0471000,-12.8668000
20240117,466,C,4.8250,4.8250,4.8250,4.8250,0,0,0.1050000,0.6063000,0.0000000,32.6073000,-0.1832000,9.1616000
20240117,466,P,2.5750,2.5750,2.5750,2.5750,0,0,0.1069000,-0.3953000,0.0000000,32.6473000,-0.1182000,-6.1613000
20240117,530,P,62.5300,62.5300,62.5300,62.5300,0,0,0.4324000,-0.9380000,0.0000000,10.3533000,-0.1136000,-16.4734000
20240117,476,C,0.7500,0.7500,0.7500,0.7500,0,0,0.0949000,0.1745000,0.0000000,21.8142000,-0.0980000,2.6579000
20240117,476,P,8.7200,8.7200,8.7200,8.7200,0,0,0.1080000,-0.7941000,0.0000000,24.1429000,-0.0533000,-12.4928000
20240117,465,C,5.4900,5.4900,5.4900,5.4900,0,0,0.1066000,0.6469000,0.0000000,31.4961000,-0.1832000,9.7629000
20240117,465,P,2.2300,2.2300,2.2300,2.2300,0,0,0.1082000,-0.3550000,0.0000000,31.5580000,-0.1179000,-5.5296000
20240117,475,C,0.9550,0.9550,0.9550,0.9550,0,0,0.0955000,0.2092000,0.0000000,24.3802000,-0.1111000,3.1852000
20240117,475,P,7.8750,7.8750,7.8750,7.8750,0,0,0.1054000,-0.7678000,0.0000000,25.8724000,-0.0602000,-12.0606000
20240117,464,C,6.1950,6.1950,6.1950,6.1950,0,0,0.1080000,0.6852000,0.0000000,30.1003000,-0.1811000,10.3293000
20240117,464,P,1.9350,1.9350,1.9350,1.9350,0,0,0.1096000,-0.3171000,0.0000000,30.2007000,-0.1161000,-4.9384000
20240117,485,C,0.0650,0.0650,0.0650,0.0650,0,0,0.0942000,0.0206000,0.0000000,4.2214000,-0.0179000,0.3157000
20240117,485,P,17.5350,17.5350,17.5350,17.5350,0,0,0.1665000,-0.8737000,0.0000000,17.5702000,-0.0599000,-14.0058000
20240117,474,C,1.1950,1.1950,1.1950,1.1950,0,0,0.0962000,0.2474000,0.0000000,26.7923000,-0.1241000,3.7646000
20240117,474,P,7.0750,7.0750,7.0750,7.0750,0,0,0.1038000,-0.7360000,0.0000000,27.7063000,-0.0687000,-11.5461000
20240117,463,C,6.9300,6.9300,6.9300,6.9300,0,0,0.1095000,0.7206000,0.0000000,28.5033000,-0.1781000,10.8481000
20240117,463,P,1.6700,1.6700,1.6700,1.6700,0,0,0.1112000,-0.2821000,0.0000000,28.6421000,-0.1132000,-4.3921000
20240117,473,C,1.4850,1.4850,1.4850,1.4850,0,0,0.0972000,0.2892000,0.0000000,28.9804000,-0.1368000,4.3969000
20240117,473,P,6.3250,6.3250,6.3250,6.3250,0,0,0.1029000,-0.6998000,0.0000000,29.4797000,-0.0778000,-10.9642000
20240117,483,C,0.1150,0.1150,0.1150,0.1150,0,0,0.0937000,0.0353000,0.0000000,6.6010000,-0.0281000,0.5394000
20240117,483,P,15.5350,15.5350,15.5350,15.5350,0,0,0.1525000,-0.8648000,0.0000000,18.4171000,-0.0559000,-13.8034000
20240117,472,C,1.8150,1.8150,1.8150,1.8150,0,0,0.0980000,0.3330000,0.0000000,30.8096000,-0.1482000,5.0589000
20240117,472,P,5.6400,5.6400,5.6400,5.6400,0,0,0.1030000,-0.6591000,0.0000000,31.0907000,-0.0878000,-10.3157000
20240117,482,C,0.1450,0.1450,0.1450,0.1450,0,0,0.0925000,0.0438000,0.0000000,7.8622000,-0.0332000,0.6686000
20240117,482,P,14.5350,14.5350,14.5350,14.5350,0,0,0.1453000,-0.8597000,0.0000000,18.8880000,-0.0538000,-13.6922000
20240117,471,C,2.1950,2.1950,2.1950,2.1950,0,0,0.0991000,0.3787000,0.0000000,32.2416000,-0.1585000,5.7486000
20240117,471,P,5.0050,5.0050,5.0050,5.0050,0,0,0.1031000,-0.6164000,0.0000000,32.3665000,-0.0964000,-9.6387000
20240117,481,C,0.1950,0.1950,0.1950,0.1950,0,0,0.0927000,0.0570000,0.0000000,9.7039000,-0.0413000,0.8703000
20240117,481,P,13.5350,13.5350,13.5350,13.5350,0,0,0.1381000,-0.8540000,0.0000000,19.4046000,-0.0516000,-13.5716000
20240117,470,C,2.6250,2.6250,2.6250,2.6250,0,0,0.1001000,0.4252000,0.0000000,33.2221000,-0.1672000,6.4503000
20240117,470,P,4.4100,4.4100,4.4100,4.4100,0,0,0.1035000,-0.5721000,0.0000000,33.2630000,-0.1039000,-8.9383000
20240118,480,C,0.3450,0.3450,0.3450,0.3450,0,0,0.0953000,0.0881000,0.0000000,14.1035000,-0.0576000,1.4550000
20240118,480,P,12.5350,12.5350,12.5350,12.5350,0,0,0.1284000,-0.8410000,0.0000000,21.3782000,-0.0465000,-14.4496000
20240118,469,C,3.4300,3.4300,3.4300,3.4300,0,0,0.1058000,0.4778000,0.0000000,35.1434000,-0.1751000,7.8335000
20240118,469,P,4.0400,4.0400,4.0400,4.0400,0,0,0.1057000,-0.5222000,0.0000000,35.1432000,-0.1068000,-8.8394000
20240118,490,C,0.0350,0.0350,0.0350,0.0350,0,0,0.1025000,0.0101000,0.0000000,2.3772000,-0.0100000,0.1674000
20240118,490,P,22.5350,22.5350,22.5350,22.5350,0,0,0.1961000,-0.8849000,0.0000000,17.1304000,-0.0657000,-15.5374000
20240118,479,C,0.4500,0.4500,0.4500,0.4500,0,0,0.0963000,0.1105000,0.0000000,16.6452000,-0.0691000,1.8240000
20240118,479,P,11.4950,11.4950,11.4950,11.4950,0,0,0.1193000,-0.8374000,0.0000000,21.6924000,-0.0409000,-14.3527000
20240118,468,C,3.9700,3.9700,3.9700,3.9700,0,0,0.1072000,0.5202000,0.0000000,35.1526000,-0.1798000,8.5207000
20240118,468,P,3.5700,3.5700,3.5700,3.5700,0,0,0.1068000,-0.4797000,0.0000000,35.1524000,-0.1113000,-8.1147000
20240118,500,C,0.0150,0.0150,0.0150,0.0150,0,0,0.1250000,0.0029000,0.0000000,0.7869000,-0.0039000,0.0482000
20240118,500,P,32.5350,32.5350,32.5350,32.5350,0,0,0.2576000,-0.9063000,0.0000000,14.7523000,-0.0798000,-16.2504000
20240118,478,C,0.5750,0.5750,0.5750,0.5750,0,0,0.0964000,0.1340000,0.0000000,19.0640000,-0.0797000,2.2118000
20240118,478,P,10.5500,10.5500,10.5500,10.5500,0,0,0.1146000,-0.8234000,0.0000000,22.8717000,-0.0432000,-14.0865000
20240118,510,C,0.0150,0.0150,0.0150,0.0150,0,0,0.1601000,0.0025000,0.0000000,0.6962000,-0.0044000,0.0420000
20240118,510,P,42.5350,42.5350,42.5350,42.5350,0,0,0.3151000,-0.9194000,0.0000000,13.1868000,-0.0911000,-16.8239000
20240118,467,C,4.5600,4.5600,4.5600,4.5600,0,0,0.1089000,0.5613000,0.0000000,34.7813000,-0.1832000,9.1838000
20240118,467,P,3.1400,3.1400,3.1400,3.1400,0,0,0.1078000,-0.4381000,0.0000000,34.7740000,-0.1139000,-7.4072000
20240118,520,P,52.5350,52.5350,52.5350,52.5350,0,0,0.3698000,-0.9282000,0.0000000,12.0762000,-0.1010000,-17.3265000
20240118,477,C,0.7350,0.7350,0.7350,0.7350,0,0,0.0971000,0.1623000,0.0000000,21.6746000,-0.0919000,2.6777000
20240118,477,P,9.6450,9.6450,9.6450,9.6450,0,0,0.1107000,-0.8056000,0.0000000,24.2793000,-0.0471000,-13.7572000
20240118,466,C,5.1900,5.1900,5.1900,5.1900,0,0,0.1106000,0.6005000,0.0000000,34.0728000,-0.1851000,9.8154000
20240118,466,P,2.7600,2.7600,2.7600,2.7600,0,0,0.1091000,-0.3981000,0.0000000,34.0454000,-0.1154000,-6.7284000
20240118,530,P,62.5300,62.5300,62.5300,62.5300,0,0,0.4221000,-0.9346000,0.0000000,11.2305000,-0.1096000,-17.7900000
20240118,476,C,0.9250,0.9250,0.9250,0.9250,0,0,0.0979000,0.1940000,0.0000000,24.2527000,-0.1044000,3.1982000
20240118,476,P,8.7750,8.7750,8.7750,8.7750,0,0,0.1079000,-0.7828000,0.0000000,25.9310000,-0.0531000,-13.3467000
20240118,465,C,5.8600,5.8600,5.8600,5.8600,0,0,0.1124000,0.6377000,0.0000000,33.0781000,-0.1855000,10.4102000
20240118,465,P,2.4200,2.4200,2.4200,2.4200,0,0,0.1105000,-0.3601000,0.0000000,33.0115000,-0.1154000,-6.0824000
20240118,475,C,1.1550,1.1550,1.1550,1.1550,0,0,0.0988000,0.2289000,0.0000000,26.7234000,-0.1170000,3.7716000
20240118,475,P,7.9500,7.9500,7.9500,7.9500,0,0,0.1061000,-0.7549000,0.0000000,27.7396000,-0.0607000,-12.8533000
20240118,464,C,6.5650,6.5650,6.5650,6.5650,0,0,0.1140000,0.6728000,0.0000000,31.8418000,-0.1845000,10.9690000
20240118,464,P,2.1200,2.1200,2.1200,2.1200,0,0,0.1120000,-0.3244000,0.0000000,31.7318000,-0.1143000,-5.4775000
20240118,474,C,1.4250,1.4250,1.4250,1.4250,0,0,0.0999000,0.2667000,0.0000000,28.9972000,-0.1293000,4.3916000
20240118,474,P,7.1750,7.1750,7.1750,7.1750,0,0,0.1049000,-0.7230000,0.0000000,29.5414000,-0.0689000,-12.2946000
20240118,463,C,7.3050,7.3050,7.3050,7.3050,0,0,0.1159000,0.7051000,0.0000000,30.4340000,-0.1826000,11.4814000
20240118,463,P,1.8500,1.8500,1.8500,1.8500,0,0,0.1135000,-0.2910000,0.0000000,30.2500000,-0.1120000,-4.9114000
20240118,473,C,1.7350,1.7350,1.7350,1.7350,0,0,0.1009000,0.3067000,0.0000000,30.9824000,-0.1409000,5.0458000
20240118,473,P,6.4450,6.4450,6.4450,6.4450,0,0,0.1042000,-0.6874000,0.0000000,31.2387000,-0.0775000,-11.6752000
20240118,430,C,38.4650,38.4650,38.4650,38.4650,0,0,0.2231000,0.9798000,0.0000000,4.2919000,-0.0978000,14.9460000
20240118,430,P,0.1150,0.1150,0.1150,0.1150,0,0,0.2133000,-0.0160000,0.0000000,3.5387000,-0.0279000,-0.2709000
20240118,462,C,8.0700,8.0700,8.0700,8.0700,0,0,0.1179000,0.7348000,0.0000000,28.9062000,-0.1799000,11.9484000
20240118,462,P,1.6150,1.6150,1.6150,1.6150,0,0,0.1149000,-0.2598000,0.0000000,28.6122000,-0.1085000,-4.3847000
20240118,440,C,28.5350,28.5350,28.5350,28.5350,0,0,0.1801000,0.9682000,0.0000000,6.2934000,-0.1053000,15.1056000
20240118,440,P,0.1650,0.1650,0.1650,0.1650,0,0,0.1733000,-0.0269000,0.0000000,5.4936000,-0.0347000,-0.4546000
20240118,472,C,2.0900,2.0900,2.0900,2.0900,0,0,0.1021000,0.3486000,0.0000000,32.6319000,-0.1516000,5.7301000
20240118,472,P,5.7650,5.7650,5.7650,5.7650,0,0,0.1040000,-0.6486000,0.0000000,32.7255000,-0.0860000,-11.0054000
20240118,461,C,8.8700,8.8700,8.8700,8.8700,0,0,0.1201000,0.7618000,0.0000000,27.3092000,-0.1766000,12.3701000
20240118,461,P,1.4050,1.4050,1.4050,1.4050,0,0,0.1164000,-0.2314000,0.0000000,26.8839000,-0.1044000,-3.9035000
20240118,450,C,18.8050,18.8050,18.8050,18.8050,0,0,0.1491000,0.9245000,0.0000000,12.5442000,-0.1321000,14.7250000
20240118,450,P,0.3450,0.3450,0.3450,0.3450,0,0,0.1397000,-0.0628000,0.0000000,10.8986000,-0.0542000,-1.0586000
20240118,471,C,2.4900,2.4900,2.4900,2.4900,0,0,0.1033000,0.3913000,0.0000000,33.8848000,-0.1609000,6.4279000
20240118,471,P,5.1400,5.1400,5.1400,5.1400,0,0,0.1044000,-0.6073000,0.0000000,33.9153000,-0.0942000,-10.2961000
20240118,460,C,9.6900,9.6900,9.6900,9.6900,0,0,0.1221000,0.7867000,0.0000000,25.6559000,-0.1726000,12.7550000
20240118,460,P,1.2250,1.2250,1.2250,1.2250,0,0,0.1181000,-0.2057000,0.0000000,25.1237000,-0.1000000,-3.4696000
20240118,470,C,2.9400,2.9400,2.9400,2.9400,0,0,0.1046000,0.4347000,0.0000000,34.7256000,-0.1689000,7.1336000
20240118,470,P,4.5650,4.5650,4.5650,4.5650,0,0,0.1049000,-0.5651000,0.0000000,34.7280000,-0.1010000,-9.5719000
20240118,459,C,10.5450,10.5450,10.5450,10.5450,0,0,0.1245000,0.8085000,0.0000000,24.0514000,-0.1686000,13.0880000
20240118,459,P,1.0700,1.0700,1.0700,1.0700,0,0,0.1202000,-0.1831000,0.0000000,23.4062000,-0.0956000,-3.0882000
20240119,320,C,148.1750,148.1750,148.1750,148.1750,0,0,0.6499000,0.9988000,0.0000000,0.3409000,-0.0542000,12.2282000
20240119,384,C,84.3550,84.3550,84.3550,84.3550,0,0,0.4062000,0.9944000,0.0000000,1.4570000,-0.0765000,14.5963000
20240119,384,P,0.0450,0.0450,0.0450,0.0450,0,0,0.3828000,-0.0035000,0.0000000,0.9827000,-0.0131000,-0.0657000
20240119,448,C,20.8000,20.8000,20.8000,20.8000,0,0,0.1511000,0.9361000,0.0000000,11.4506000,-0.1224000,15.9885000
20240119,448,P,0.3450,0.3450,0.3450,0.3450,0,0,0.1467000,-0.0584000,0.0000000,10.6855000,-0.0519000,-1.0611000
20240119,640,P,172.5150,172.5150,172.5150,172.5150,0,0,0.8808000,-0.9575000,0.0000000,8.2860000,-0.1704000,-23.7864000
20240119,405,C,63.4350,63.4350,63.4350,63.4350,0,0,0.3251000,0.9897000,0.0000000,2.4928000,-0.0870000,15.3148000
20240119,405,P,0.0750,0.0750,0.0750,0.0750,0,0,0.3085000,-0.0073000,0.0000000,1.8681000,-0.0200000,-0.1349000
20240119,469,C,3.6800,3.6800,3.6800,3.6800,0,0,0.1079000,0.4822000,0.0000000,36.4902000,-0.1729000,8.5056000
20240119,469,P,4.2050,4.2050,4.2050,4.2050,0,0,0.1072000,-0.5179000,0.0000000,36.4896000,-0.1039000,-9.4487000
20240119,575,P,107.5200,107.5200,107.5200,107.5200,0,0,0.6207000,-0.9479000,0.0000000,9.7538000,-0.1361000,-21.1217000
20240119,362,C,106.2850,106.2850,106.2850,106.2850,0,0,0.4902000,0.9968000,0.0000000,0.8722000,-0.0676000,13.7987000
20240119,362,P,0.0250,0.0250,0.0250,0.0250,0,0,0.4531000,-0.0015000,0.0000000,0.4718000,-0.0075000,-0.0293000
20240119,426,C,42.5300,42.5300,42.5300,42.5300,0,0,0.2387000,0.9800000,0.0000000,4.4229000,-0.0981000,15.9425000
20240119,426,P,0.1150,0.1150,0.1150,0.1150,0,0,0.2255000,-0.0149000,0.0000000,3.4508000,-0.0267000,-0.2717000
20240119,490,C,0.0450,0.0450,0.0450,0.0450,0,0,0.1015000,0.0121000,0.0000000,2.9003000,-0.0113000,0.2172000
20240119,490,P,22.5350,22.5350,22.5350,22.5350,0,0,0.1925000,-0.8797000,0.0000000,18.3383000,-0.0629000,-16.6400000
20240119,255,C,213.0150,213.0150,213.0150,213.0150,0,0,1.1397323,0.9977075,0.0000688,0.0065697,-0.0579847,0.0971996
20240119,383,C,85.3500,85.3500,85.3500,85.3500,0,0,0.4130000,0.9942000,0.0000000,1.4886000,-0.0771000,14.5555000
20240119,383,P,0.0450,0.0450,0.0450,0.0450,0,0,0.3886000,-0.0036000,0.0000000,0.9964000,-0.0135000,-0.0668000
20240119,447,C,21.7750,21.7750,21.7750,21.7750,0,0,0.1544000,0.9412000,0.0000000,10.7312000,-0.1200000,16.0426000
20240119,447,P,0.3150,0.3150,0.3150,0.3150,0,0,0.1494000,-0.0529000,0.0000000,9.8881000,-0.0491000,-0.9619000
20240119,340,C,128.2200,128.2200,128.2200,128.2200,0,0,0.5749000,0.9981000,0.0000000,0.5414000,-0.0603000,12.9802000
20240119,340,P,0.0150,0.0150,0.0150,0.0150,0,0,0.5250000,-0.0007000,0.0000000,0.2413000,-0.0044000,-0.0141000
20240119,404,C,64.4300,64.4300,64.4300,64.4300,0,0,0.3310000,0.9897000,0.0000000,2.5029000,-0.0875000,15.2756000
20240119,404,P,0.0750,0.0750,0.0750,0.0750,0,0,0.3134000,-0.0073000,0.0000000,1.8534000,-0.0202000,-0.1337000
20240119,468,C,4.2250,4.2250,4.2250,4.2250,0,0,0.1092000,0.5222000,0.0000000,36.4695000,-0.1772000,9.2037000
20240119,468,P,3.7350,3.7350,3.7350,3.7350,0,0,0.1082000,-0.4775000,0.0000000,36.4688000,-0.1080000,-8.7067000
20240119,660,P,192.5100,192.5100,192.5100,192.5100,0,0,0.9542000,-0.9591000,0.0000000,8.0267000,-0.1803000,-24.5828000
20240119,361,C,107.2800,107.2800,107.2800,107.2800,0,0,0.4960000,0.9968000,0.0000000,0.8786000,-0.0677000,13.7599000
20240119,361,P,0.0250,0.0250,0.0250,0.0250,0,0,0.4570000,-0.0015000,0.0000000,0.4629000,-0.0074000,-0.0286000
20240119,425,C,43.5200,43.5200,43.5200,43.5200,0,0,0.2421000,0.9810000,0.0000000,4.2333000,-0.0970000,15.9225000
20240119,425,P,0.1150,0.1150,0.1150,0.1150,0,0,0.2304000,-0.0146000,0.0000000,3.3987000,-0.0269000,-0.2670000
20240119,489,C,0.0550,0.0550,0.0550,0.0550,0,0,0.1010000,0.0154000,0.0000000,3.5543000,-0.0138000,0.2749000
20240119,489,P,21.5350,21.5350,21.5350,21.5350,0,0,0.1862000,-0.8766000,0.0000000,18.6734000,-0.0614000,-16.5454000
20240119,595,P,127.5200,127.5200,127.5200,127.5200,0,0,0.7052000,-0.9517000,0.0000000,9.1748000,-0.1477000,-21.9578000
20240119,190,C,277.8750,277.8750,277.8750,277.8750,0,0,1.5814416,0.9989207,0.0000249,0.0033065,-0.0419914,0.0725393
20240119,382,C,86.3500,86.3500,86.3500,86.3500,0,0,0.4189000,0.9942000,0.0000000,1.4975000,-0.0774000,14.5164000
20240119,382,P,0.0450,0.0450,0.0450,0.0450,0,0,0.3925000,-0.0035000,0.0000000,0.9750000,-0.0134000,-0.0652000
20240119,446,C,22.7500,22.7500,22.7500,22.7500,0,0,0.1584000,0.9450000,0.0000000,10.1828000,-0.1185000,16.0729000
20240119,446,P,0.2950,0.2950,0.2950,0.2950,0,0,0.1530000,-0.0491000,0.0000000,9.3116000,-0.0475000,-0.8921000
20240119,510,C,0.0150,0.0150,0.0150,0.0150,0,0,0.1523000,0.0023000,0.0000000,0.6601000,-0.0037000,0.0409000
20240119,510,P,42.5350,42.5350,42.5350,42.5350,0,0,0.3087000,-0.9154000,0.0000000,14.1885000,-0.0879000,-18.0470000
20240119,275,C,193.0650,193.0650,193.0650,193.0650,0,0,0.5000000,0.9999000,0.0000000,0.0000000,-0.0399000,10.5264000
20240119,403,C,65.4300,65.4300,65.4300,65.4300,0,0,0.3369000,0.9896000,0.0000000,2.5120000,-0.0880000,15.2364000
20240119,403,P,0.0750,0.0750,0.0750,0.0750,0,0,0.3183000,-0.0072000,0.0000000,1.8387000,-0.0204000,-0.1325000
20240119,467,C,4.8150,4.8150,4.8150,4.8150,0,0,0.1109000,0.5611000,0.0000000,36.0965000,-0.1804000,9.8778000
20240119,467,P,3.3100,3.3100,3.3100,3.3100,0,0,0.1094000,-0.4381000,0.0000000,36.0871000,-0.1108000,-7.9841000
20240119,360,C,108.2800,108.2800,108.2800,108.2800,0,0,0.5031000,0.9967000,0.0000000,0.8995000,-0.0682000,13.7201000
20240119,360,P,0.0250,0.0250,0.0250,0.0250,0,0,0.4648000,-0.0016000,0.0000000,0.4877000,-0.0079000,-0.0304000
20240119,424,C,44.5150,44.5150,44.5150,44.5150,0,0,0.2451000,0.9821000,0.0000000,4.0194000,-0.0955000,15.9046000
20240119,424,P,0.1150,0.1150,0.1150,0.1150,0,0,0.2348000,-0.0142000,0.0000000,3.3159000,-0.0268000,-0.2595000
20240119,488,C,0.0650,0.0650,0.0650,0.0650,0,0,0.0996000,0.0185000,0.0000000,4.1490000,-0.0160000,0.3294000
20240119,488,P,20.5350,20.5350,20.5350,20.5350,0,0,0.1799000,-0.8733000,0.0000000,19.0194000,-0.0598000,-16.4481000
20240119,680,P,212.5100,212.5100,212.5100,212.5100,0,0,1.0250000,-0.9604000,0.0000000,7.8166000,-0.1899000,-25.3734000
20240119,381,C,87.3550,87.3550,87.3550,87.3550,0,0,0.4257000,0.9941000,0.0000000,1.5274000,-0.0781000,14.4757000
20240119,381,P,0.0450,0.0450,0.0450,0.0450,0,0,0.3964000,-0.0034000,0.0000000,0.9542000,-0.0132000,-0.0636000
20240119,445,C,23.7200,23.7200,23.7200,23.7200,0,0,0.1613000,0.9495000,0.0000000,9.5043000,-0.1159000,16.1177000
20240119,445,P,0.2750,0.2750,0.2750,0.2750,0,0,0.1564000,-0.0454000,0.0000000,8.7414000,-0.0457000,-0.8245000
20240119,615,P,147.5200,147.5200,147.5200,147.5200,0,0,0.7859000,-0.9546000,0.0000000,8.7381000,-0.1588000,-22.7760000
20240119,210,C,257.9200,257.9200,257.9200,257.9200,0,0,1.4409062,0.9985735,0.0000353,0.0042676,-0.0477180,0.0801311
20240119,402,C,66.4200,66.4200,66.4200,66.4200,0,0,0.3378000,0.9904000,0.0000000,2.3367000,-0.0859000,15.2132000
20240119,402,P,0.0750,0.0750,0.0750,0.0750,0,0,0.3222000,-0.0070000,0.0000000,1.7921000,-0.0201000,-0.1288000
20240119,466,C,5.4400,5.4400,5.4400,5.4400,0,0,0.1125000,0.5984000,0.0000000,35.4097000,-0.1822000,10.5216000
20240119,466,P,2.9350,2.9350,2.9350,2.9350,0,0,0.1107000,-0.4001000,0.0000000,35.3774000,-0.1123000,-7.2883000
20240119,530,P,62.5300,62.5300,62.5300,62.5300,0,0,0.4128000,-0.9313000,0.0000000,12.1037000,-0.1060000,-19.0997000
20240119,295,C,173.1100,173.1100,173.1100,173.1100,0,0,0.7343000,0.9994000,0.0000000,0.1644000,-0.0471000,11.2826000
20240119,359,C,109.2800,109.2800,109.2800,109.2800,0,0,0.5109000,0.9966000,0.0000000,0.9301000,-0.0688000,13.6795000
20240119,359,P,0.0250,0.0250,0.0250,0.0250,0,0,0.4687000,-0.0016000,0.0000000,0.4783000,-0.0078000,-0.0297000
20240119,423,C,45.5100,45.5100,45.5100,45.5100,0,0,0.2504000,0.9823000,0.0000000,3.9847000,-0.0958000,15.8695000
20240119,423,P,0.1050,0.1050,0.1050,0.1050,0,0,0.2368000,-0.0130000,0.0000000,3.0814000,-0.0251000,-0.2384000
20240119,487,C,0.0850,0.0850,0.0850,0.0850,0,0,0.0993000,0.0235000,0.0000000,5.0882000,-0.0196000,0.4191000
20240119,487,P,19.5350,19.5350,19.5350,19.5350,0,0,0.1734000,-0.8699000,0.0000000,19.3782000,-0.0580000,-16.3478000
20240119,380,C,88.3400,88.3400,88.3400,88.3400,0,0,0.4248000,0.9947000,0.0000000,1.3898000,-0.0758000,14.4484000
20240119,380,P,0.0450,0.0450,0.0450,0.0450,0,0,0.4023000,-0.0035000,0.0000000,0.9667000,-0.0136000,-0.0646000
20240119,444,C,24.7050,24.7050,24.7050,24.7050,0,0,0.1650000,0.9530000,0.0000000,8.9849000,-0.1141000,16.1415000
20240119,444,P,0.2550,0.2550,0.2550,0.2550,0,0,0.1594000,-0.0415000,0.0000000,8.1413000,-0.0434000,-0.7550000
20240119,700,P,232.5050,232.5050,232.5050,232.5050,0,0,1.0920000,-0.9617000,0.0000000,7.6136000,-0.1977000,-26.1627000
20240119,401,C,67.4150,67.4150,67.4150,67.4150,0,0,0.3398000,0.9910000,0.0000000,2.2065000,-0.0843000,15.1860000
20240119,401,P,0.0650,0.0650,0.0650,0.0650,0,0,0.3212000,-0.0061000,0.0000000,1.5956000,-0.0178000,-0.1129000
20240119,465,C,6.1100,6.1100,6.1100,6.1100,0,0,0.1143000,0.6336000,0.0000000,34.4578000,-0.1829000,11.1275000
20240119,465,P,2.5950,2.5950,2.5950,2.5950,0,0,0.1122000,-0.3640000,0.0000000,34.3857000,-0.1127000,-6.6279000
20240119,635,P,167.5150,167.5150,167.5150,167.5150,0,0,0.8619000,-0.9570000,0.0000000,8.3570000,-0.1678000,-23.5865000
20240119,230,C,237.9650,237.9650,237.9650,237.9650,0,0,1.3071656,0.9981665,0.0000490,0.0053641,-0.0532354,0.0877120
20240119,358,C,110.2700,110.2700,110.2700,110.2700,0,0,0.5062000,0.9971000,0.0000000,0.8061000,-0.0663000,13.6504000
20240119,358,P,0.0250,0.0250,0.0250,0.0250,0,0,0.4726000,-0.0015000,0.0000000,0.4691000,-0.0078000,-0.0291000
20240119,422,C,46.5100,46.5100,46.5100,46.5100,0,0,0.2563000,0.9823000,0.0000000,3.9833000,-0.0965000,15.8312000
20240119,422,P,0.1050,0.1050,0.1050,0.1050,0,0,0.2412000,-0.0127000,0.0000000,3.0105000,-0.0250000,-0.2321000
20240119,486,C,0.0950,0.0950,0.0950,0.0950,0,0,0.0966000,0.0266000,0.0000000,5.6435000,-0.0212000,0.4742000
20240119,486,P,18.5350,18.5350,18.5350,18.5350,0,0,0.1669000,-0.8660000,0.0000000,19.7704000,-0.0563000,-16.2407000
20240119,550,P,82.5250,82.5250,82.5250,82.5250,0,0,0.5083000,-0.9408000,0.0000000,10.7847000,-0.1198000,-20.0361000
20240119,315,C,153.1550,153.1550,153.1550,153.1550,0,0,0.6374000,0.9994000,0.0000000,0.1912000,-0.0500000,12.0465000
20240119,379,C,89.3450,89.3450,89.3450,89.3450,0,0,0.4316000,0.9945000,0.0000000,1.4184000,-0.0765000,14.4078000
20240119,379,P,0.0450,0.0450,0.0450,0.0450,0,0,0.4062000,-0.0034000,0.0000000,0.9462000,-0.0134000,-0.0631000
20240119,443,C,25.6800,25.6800,25.6800,25.6800,0,0,0.1684000,0.9563000,0.0000000,8.4678000,-0.1122000,16.1638000
20240119,443,P,0.2350,0.2350,0.2350,0.2350,0,0,0.1623000,-0.0381000,0.0000000,7.5872000,-0.0413000,-0.6924000
20240119,400,C,68.4250,68.4250,68.4250,68.4250,0,0,0.3496000,0.9903000,0.0000000,2.3560000,-0.0868000,15.1349000
20240119,400,P,0.0650,0.0650,0.0650,0.0650,0,0,0.3261000,-0.0061000,0.0000000,1.5853000,-0.0180000,-0.1121000
20240119,464,C,6.8200,6.8200,6.8200,6.8200,0,0,0.1163000,0.6665000,0.0000000,33.2952000,-0.1827000,11.6906000
20240119,464,P,2.2850,2.2850,2.2850,2.2850,0,0,0.1135000,-0.3297000,0.0000000,33.1461000,-0.1116000,-5.9996000
20240119,720,P,252.5000,252.5000,252.5000,252.5000,0,0,1.1581000,-0.9625000,0.0000000,7.4709000,-0.2068000,-26.9456000
20240119,357,C,111.2700,111.2700,111.2700,111.2700,0,0,0.5140000,0.9970000,0.0000000,0.8347000,-0.0669000,13.6100000
20240119,357,P,0.0250,0.0250,0.0250,0.0250,0,0,0.4765000,-0.0015000,0.0000000,0.4602000,-0.0077000,-0.0285000
20240119,421,C,47.4950,47.4950,47.4950,47.4950,0,0,0.2563000,0.9843000,0.0000000,3.6021000,-0.0930000,15.8287000
20240119,421,P,0.1050,0.1050,0.1050,0.1050,0,0,0.2460000,-0.0125000,0.0000000,2.9714000,-0.0252000,-0.2287000
20240119,485,C,0.1250,0.1250,0.1250,0.1250,0,0,0.0969000,0.0344000,0.0000000,6.9816000,-0.0264000,0.6129000
20240119,485,P,17.5250,17.5250,17.5250,17.5250,0,0,0.1599000,-0.8626000,0.0000000,20.1153000,-0.0537000,-16.1405000
20240119,655,P,187.5150,187.5150,187.5150,187.5150,0,0,0.9362000,-0.9587000,0.0000000,8.0884000,-0.1779000,-24.3841000
20240119,250,C,218.0050,218.0050,218.0050,218.0050,0,0,1.1721232,0.9978073,0.0000642,0.0063102,-0.0570489,0.0953035
20240119,378,C,90.3450,90.3450,90.3450,90.3450,0,0,0.4375000,0.9945000,0.0000000,1.4263000,-0.0767000,14.3689000
20240119,378,P,0.0450,0.0450,0.0450,0.0450,0,0,0.4101000,-0.0033000,0.0000000,0.9261000,-0.0133000,-0.0616000
20240119,442,C,26.6650,26.6650,26.6650,26.6650,0,0,0.1716000,0.9595000,0.0000000,7.9540000,-0.1101000,16.1845000
20240119,442,P,0.2150,0.2150,0.2150,0.2150,0,0,0.1650000,-0.0348000,0.0000000,7.0418000,-0.0391000,-0.6321000
20240119,570,P,102.5200,102.5200,102.5200,102.5200,0,0,0.5988000,-0.9467000,0.0000000,9.9250000,-0.1329000,-20.9092000
20240119,335,C,133.2150,133.2150,133.2150,133.2150,0,0,0.5968000,0.9982000,0.0000000,0.5039000,-0.0592000,12.7914000
20240119,335,P,0.0150,0.0150,0.0150,0.0150,0,0,0.5500000,-0.0007000,0.0000000,0.2426000,-0.0047000,-0.0142000
20240119,399,C,69.4100,69.4100,69.4100,69.4100,0,0,0.3510000,0.9910000,0.0000000,2.2112000,-0.0850000,15.1089000
20240119,399,P,0.0650,0.0650,0.0650,0.0650,0,0,0.3310000,-0.0060000,0.0000000,1.5750000,-0.0181000,-0.1113000
20240119,463,C,7.5550,7.5550,7.5550,7.5550,0,0,0.1181000,0.6976000,0.0000000,31.9483000,-0.1811000,12.2195000
20240119,463,P,2.0150,2.0150,2.0150,2.0150,0,0,0.1151000,-0.2978000,0.0000000,31.7295000,-0.1098000,-5.4176000
20240119,356,C,112.2700,112.2700,112.2700,112.2700,0,0,0.5218000,0.9968000,0.0000000,0.8631000,-0.0675000,13.5696000
20240119,356,P,0.0250,0.0250,0.0250,0.0250,0,0,0.4804000,-0.0015000,0.0000000,0.4514000,-0.0076000,-0.0279000
20240119,420,C,48.4950,48.4950,48.4950,48.4950,0,0,0.2617000,0.9844000,0.0000000,3.5769000,-0.0933000,15.7927000
20240119,420,P,0.0950,0.0950,0.0950,0.0950,0,0,0.2470000,-0.0112000,0.0000000,2.7116000,-0.0231000,-0.2058000
20240119,484,C,0.1650,0.1650,0.1650,0.1650,0,0,0.0971000,0.0439000,0.0000000,8.5215000,-0.0325000,0.7827000
20240119,484,P,16.5350,16.5350,16.5350,16.5350,0,0,0.1538000,-0.8574000,0.0000000,20.6328000,-0.0526000,-16.0087000
20240119,185,C,282.8600,282.8600,282.8600,282.8600,0,0,1.6050589,0.9990702,0.0000214,0.0028836,-0.0392401,0.0706541
20240119,377,C,91.3300,91.3300,91.3300,91.3300,0,0,0.4355000,0.9951000,0.0000000,1.2802000,-0.0743000,14.3421000
20240119,377,P,0.0350,0.0350,0.0350,0.0350,0,0,0.4023000,-0.0025000,0.0000000,0.7334000,-0.0103000,-0.0475000
20240119,441,C,27.6500,27.6500,27.6500,27.6500,0,0,0.1762000,0.9613000,0.0000000,7.6719000,-0.1096000,16.1779000
20240119,441,P,0.2050,0.2050,0.2050,0.2050,0,0,0.1687000,-0.0325000,0.0000000,6.6672000,-0.0379000,-0.5915000
20240119,505,C,0.0150,0.0150,0.0150,0.0150,0,0,0.1367000,0.0026000,0.0000000,0.7407000,-0.0037000,0.0465000
20240119,505,P,37.5350,37.5350,37.5350,37.5350,0,0,0.2810000,-0.9094000,0.0000000,14.9333000,-0.0825000,-17.7476000
20240119,675,P,207.5100,207.5100,207.5100,207.5100,0,0,1.0075000,-0.9601000,0.0000000,7.8658000,-0.1875000,-25.1762000
20240119,270,C,198.0600,198.0600,198.0600,198.0600,0,0,0.8750000,0.9995000,0.0000000,0.1571000,-0.0440000,10.3260000
20240119,398,C,70.4100,70.4100,70.4100,70.4100,0,0,0.3564000,0.9910000,0.0000000,2.2044000,-0.0852000,15.0712000
20240119,398,P,0.0650,0.0650,0.0650,0.0650,0,0,0.3359000,-0.0060000,0.0000000,1.5646000,-0.0183000,-0.1105000
20240119,462,C,8.3100,8.3100,8.3100,8.3100,0,0,0.1199000,0.7264000,0.0000000,30.4730000,-0.1787000,12.7069000
20240119,462,P,1.7750,1.7750,1.7750,1.7750,0,0,0.1166000,-0.2681000,0.0000000,30.1705000,-0.1072000,-4.8766000
20240119,590,P,122.5200,122.5200,122.5200,122.5200,0,0,0.6845000,-0.9508000,0.0000000,9.3078000,-0.1450000,-21.7503000
20240119,355,C,113.2650,113.2650,113.2650,113.2650,0,0,0.5156000,0.9974000,0.0000000,0.7315000,-0.0648000,13.5410000
20240119,355,P,0.0150,0.0150,0.0150,0.0150,0,0,0.4609000,-0.0009000,0.0000000,0.2836000,-0.0046000,-0.0167000
20240119,419,C,49.4900,49.4900,49.4900,49.4900,0,0,0.2675000,0.9844000,0.0000000,3.5814000,-0.0939000,15.7539000
20240119,419,P,0.0950,0.0950,0.0950,0.0950,0,0,0.2519000,-0.0111000,0.0000000,2.6805000,-0.0233000,-0.2031000
20240119,483,C,0.2050,0.2050,0.2050,0.2050,0,0,0.0964000,0.0537000,0.0000000,9.9985000,-0.0380000,0.9558000
20240119,483,P,15.5350,15.5350,15.5350,15.5350,0,0,0.1470000,-0.8524000,0.0000000,21.1112000,-0.0506000,-15.8818000
20240119,525,P,57.5300,57.5300,57.5300,57.5300,0,0,0.3876000,-0.9282000,0.0000000,12.5277000,-0.1019000,-18.8517000
20240119,376,C,92.3300,92.3300,92.3300,92.3300,0,0,0.4433000,0.9949000,0.0000000,1.3256000,-0.0752000,14.3002000
20240119,376,P,0.0350,0.0350,0.0350,0.0350,0,0,0.4082000,-0.0026000,0.0000000,0.7454000,-0.0106000,-0.0484000
20240119,440,C,28.6350,28.6350,28.6350,28.6350,0,0,0.1791000,0.9643000,0.0000000,7.1897000,-0.1074000,16.1932000
20240119,440,P,0.1950,0.1950,0.1950,0.1950,0,0,0.1723000,-0.0305000,0.0000000,6.3200000,-0.0368000,-0.5546000
20240119,205,C,262.9100,262.9100,262.9100,262.9100,0,0,1.4784850,0.9986404,0.0000330,0.0040845,-0.0467125,0.0782291
20240119,397,C,71.4000,71.4000,71.4000,71.4000,0,0,0.3583000,0.9916000,0.0000000,2.0854000,-0.0837000,15.0429000
20240119,397,P,0.0650,0.0650,0.0650,0.0650,0,0,0.3398000,-0.0058000,0.0000000,1.5268000,-0.0181000,-0.1075000
20240119,461,C,9.1000,9.1000,9.1000,9.1000,0,0,0.1220000,0.7527000,0.0000000,28.9250000,-0.1759000,13.1486000
20240119,461,P,1.5650,1.5650,1.5650,1.5650,0,0,0.1184000,-0.2410000,0.0000000,28.5326000,-0.1040000,-4.3827000
20240119,695,P,227.5050,227.5050,227.5050,227.5050,0,0,1.0750000,-0.9614000,0.0000000,7.6501000,-0.1952000,-25.9669000
20240119,290,C,178.1100,178.1100,178.1100,178.1100,0,0,0.8093000,0.9990000,0.0000000,0.2948000,-0.0505000,11.0827000
20240119,418,C,50.4850,50.4850,50.4850,50.4850,0,0,0.2700000,0.9854000,0.0000000,3.3838000,-0.0923000,15.7338000
20240119,418,P,0.0950,0.0950,0.0950,0.0950,0,0,0.2568000,-0.0109000,0.0000000,2.6500000,-0.0235000,-0.2005000
20240119,482,C,0.2650,0.2650,0.2650,0.2650,0,0,0.0966000,0.0673000,0.0000000,11.9270000,-0.0457000,1.1969000
20240119,482,P,14.5350,14.5350,14.5350,14.5350,0,0,0.1403000,-0.8469000,0.0000000,21.6312000,-0.0486000,-15.7451000
20240119,610,P,142.5200,142.5200,142.5200,142.5200,0,0,0.7660000,-0.9539000,0.0000000,8.8341000,-0.1560000,-22.5730000
20240119,375,C,93.3300,93.3300,93.3300,93.3300,0,0,0.4492000,0.9949000,0.0000000,1.3331000,-0.0754000,14.2613000
20240119,375,P,0.0350,0.0350,0.0350,0.0350,0,0,0.4121000,-0.0025000,0.0000000,0.7303000,-0.0105000,-0.0473000
20240119,439,C,29.6250,29.6250,29.6250,29.6250,0,0,0.1833000,0.9661000,0.0000000,6.8913000,-0.1065000,16.1875000
20240119,439,P,0.1850,0.1850,0.1850,0.1850,0,0,0.1760000,-0.0286000,0.0000000,5.9977000,-0.0357000,-0.5208000
20240119,545,P,77.5250,77.5250,77.5250,77.5250,0,0,0.4848000,-0.9389000,0.0000000,11.0499000,-0.1162000,-19.8108000
20240119,396,C,72.3950,72.3950,72.3950,72.3950,0,0,0.3583000,0.9924000,0.0000000,1.9123000,-0.0814000,15.0191000
20240119,396,P,0.0650,0.0650,0.0650,0.0650,0,0,0.3447000,-0.0058000,0.0000000,1.5168000,-0.0182000,-0.1067000
20240119,460,C,9.9150,9.9150,9.9150,9.9150,0,0,0.1239000,0.7771000,0.0000000,27.3111000,-0.1722000,13.5551000
20240119,460,P,1.3850,1.3850,1.3850,1.3850,0,0,0.1204000,-0.2166000,0.0000000,26.8723000,-0.1006000,-3.9380000
20240119,225,C,242.9550,242.9550,242.9550,242.9550,0,0,1.3424222,0.9982475,0.0000457,0.0051482,-0.0522652,0.0858126
20240119,417,C,51.4850,51.4850,51.4850,51.4850,0,0,0.2753000,0.9855000,0.0000000,3.3623000,-0.0926000,15.6974000
20240119,417,P,0.0950,0.0950,0.0950,0.0950,0,0,0.2617000,-0.0108000,0.0000000,2.6201000,-0.0237000,-0.1980000
20240119,481,C,0.3350,0.3350,0.3350,0.3350,0,0,0.0965000,0.0825000,0.0000000,13.9354000,-0.0536000,1.4672000
20240119,481,P,13.5400,13.5400,13.5400,13.5400,0,0,0.1338000,-0.8401000,0.0000000,22.2614000,-0.0473000,-15.5849000
20240119,310,C,158.1450,158.1450,158.1450,158.1450,0,0,0.6624000,0.9994000,0.0000000,0.1876000,-0.0494000,11.8553000
20240119,374,C,94.3200,94.3200,94.3200,94.3200,0,0,0.4472000,0.9955000,0.0000000,1.1975000,-0.0731000,14.2336000
20240119,374,P,0.0350,0.0350,0.0350,0.0350,0,0,0.4179000,-0.0026000,0.0000000,0.7415000,-0.0108000,-0.0481000
20240119,438,C,30.6150,30.6150,30.6150,30.6150,0,0,0.1875000,0.9677000,0.0000000,6.6125000,-0.1056000,16.1792000
20240119,438,P,0.1750,0.1750,0.1750,0.1750,0,0,0.1794000,-0.0267000,0.0000000,5.6698000,-0.0344000,-0.4868000
20240119,630,P,162.5150,162.5150,162.5150,162.5150,0,0,0.8430000,-0.9565000,0.0000000,8.4382000,-0.1653000,-23.3855000
20240119,395,C,73.4000,73.4000,73.4000,73.4000,0,0,0.3691000,0.9916000,0.0000000,2.0739000,-0.0841000,14.9672000
20240119,395,P,0.0650,0.0650,0.0650,0.0650,0,0,0.3496000,-0.0057000,0.0000000,1.5067000,-0.0184000,-0.1060000
20240119,459,C,10.7500,10.7500,10.7500,10.7500,0,0,0.1262000,0.7987000,0.0000000,25.7318000,-0.1687000,13.9097000
20240119,459,P,1.2150,1.2150,1.2150,1.2150,0,0,0.1220000,-0.1936000,0.0000000,25.1339000,-0.0962000,-3.5181000
20240119,565,P,97.5250,97.5250,97.5250,97.5250,0,0,0.5767000,-0.9454000,0.0000000,10.1155000,-0.1298000,-20.6942000
20240119,416,C,52.4800,52.4800,52.4800,52.4800,0,0,0.2812000,0.9854000,0.0000000,3.3681000,-0.0932000,15.6585000
20240119,416,P,0.0950,0.0950,0.0950,0.0950,0,0,0.2666000,-0.0107000,0.0000000,2.5908000,-0.0239000,-0.1955000
20240119,480,C,0.4250,0.4250,0.4250,0.4250,0,0,0.0966000,0.1008000,0.0000000,16.1714000,-0.0626000,1.7928000
20240119,480,P,12.4900,12.4900,12.4900,12.4900,0,0,0.1246000,-0.8377000,0.0000000,22.4785000,-0.0412000,-15.5017000
20240119,245,C,222.9950,222.9950,222.9950,222.9950,0,0,1.2050362,0.9979028,0.0000600,0.0060604,-0.0561055,0.0934067
20240119,373,C,95.3250,95.3250,95.3250,95.3250,0,0,0.4541000,0.9954000,0.0000000,1.2226000,-0.0736000,14.1933000
20240119,373,P,0.0350,0.0350,0.0350,0.0350,0,0,0.4218000,-0.0025000,0.0000000,0.7265000,-0.0107000,-0.0471000
20240119,437,C,31.6050,31.6050,31.6050,31.6050,0,0,0.1914000,0.9694000,0.0000000,6.3236000,-0.1045000,16.1717000
20240119,437,P,0.1650,0.1650,0.1650,0.1650,0,0,0.1826000,-0.0249000,0.0000000,5.3382000,-0.0330000,-0.4531000
20240119,330,C,138.1950,138.1950,138.1950,138.1950,0,0,0.5999000,0.9988000,0.0000000,0.3593000,-0.0555000,12.6098000
20240119,330,P,0.0150,0.0150,0.0150,0.0150,0,0,0.5687000,-0.0006000,0.0000000,0.2176000,-0.0043000,-0.0126000
20240119,394,C,74.3950,74.3950,74.3950,74.3950,0,0,0.3701000,0.9923000,0.0000000,1.9347000,-0.0822000,14.9406000
20240119,394,P,0.0650,0.0650,0.0650,0.0650,0,0,0.3535000,-0.0056000,0.0000000,1.4710000,-0.0181000,-0.1032000
20240119,458,C,11.6150,11.6150,11.6150,11.6150,0,0,0.1286000,0.8182000,0.0000000,24.1737000,-0.1649000,14.2265000
20240119,458,P,1.0650,1.0650,1.0650,1.0650,0,0,0.1236000,-0.1726000,0.0000000,23.3952000,-0.0914000,-3.1356000
20240119,650,P,182.5100,182.5100,182.5100,182.5100,0,0,0.9177000,-0.9583000,0.0000000,8.1456000,-0.1752000,-24.1858000
20240119,415,C,53.4750,53.4750,53.4750,53.4750,0,0,0.2832000,0.9865000,0.0000000,3.1621000,-0.0912000,15.6389000
20240119,415,P,0.0850,0.0850,0.0850,0.0850,0,0,0.2666000,-0.0094000,0.0000000,2.3277000,-0.0215000,-0.1729000
20240119,479,C,0.5550,0.5550,0.5550,0.5550,0,0,0.0979000,0.1247000,0.0000000,18.8199000,-0.0742000,2.2156000
20240119,479,P,11.5100,11.5100,11.5100,11.5100,0,0,0.1184000,-0.8285000,0.0000000,23.2944000,-0.0404000,-15.2988000
20240119,585,P,117.5050,117.5050,117.5050,117.5050,0,0,0.6613000,-0.9505000,0.0000000,9.3535000,-0.1391000,-21.5523000
20240119,180,C,287.8500,287.8500,287.8500,287.8500,0,0,1.6452888,0.9991215,0.0000198,0.0027370,-0.0381806,0.0687493
20240119,372,C,96.3200,96.3200,96.3200,96.3200,0,0,0.4609000,0.9953000,0.0000000,1.2470000,-0.0742000,14.1531000
20240119,372,P,0.0350,0.0350,0.0350,0.0350,0,0,0.4257000,-0.0025000,0.0000000,0.7118000,-0.0106000,-0.0460000
20240119,436,C,32.5900,32.5900,32.5900,32.5900,0,0,0.1953000,0.9710000,0.0000000,6.0532000,-0.1035000,16.1618000
20240119,436,P,0.1650,0.1650,0.1650,0.1650,0,0,0.1877000,-0.0243000,0.0000000,5.2369000,-0.0334000,-0.4430000
20240119,500,C,0.0150,0.0150,0.0150,0.0150,0,0,0.1210000,0.0031000,0.0000000,0.8647000,-0.0039000,0.0553000
20240119,500,P,32.5350,32.5350,32.5350,32.5350,0,0,0.2525000,-0.9019000,0.0000000,15.8366000,-0.0767000,-17.4213000
20240119,265,C,203.0500,203.0500,203.0500,203.0500,0,0,0.9031000,0.9995000,0.0000000,0.1528000,-0.0433000,10.1349000
20240119,393,C,75.3850,75.3850,75.3850,75.3850,0,0,0.3710000,0.9929000,0.0000000,1.8036000,-0.0804000,14.9131000
20240119,393,P,0.0550,0.0550,0.0550,0.0550,0,0,0.3515000,-0.0048000,0.0000000,1.2923000,-0.0158000,-0.0891000
20240119,457,C,12.4750,12.4750,12.4750,12.4750,0,0,0.1303000,0.8370000,0.0000000,22.5485000,-0.1601000,14.5303000
20240119,457,P,0.9450,0.9450,0.9450,0.9450,0,0,0.1258000,-0.1546000,0.0000000,21.7876000,-0.0872000,-2.8097000
20240119,350,C,118.2550,118.2550,118.2550,118.2550,0,0,0.5406000,0.9974000,0.0000000,0.7124000,-0.0643000,13.3509000
20240119,350,P,0.0150,0.0150,0.0150,0.0150,0,0,0.4765000,-0.0007000,0.0000000,0.2402000,-0.0040000,-0.0140000
20240119,414,C,54.4700,54.4700,54.4700,54.4700,0,0,0.2890000,0.9864000,0.0000000,3.1697000,-0.0918000,15.5998000
20240119,414,P,0.0850,0.0850,0.0850,0.0850,0,0,0.2714000,-0.0093000,0.0000000,2.3053000,-0.0217000,-0.1710000
20240119,478,C,0.6950,0.6950,0.6950,0.6950,0,0,0.0982000,0.1494000,0.0000000,21.2981000,-0.0848000,2.6539000
20240119,478,P,10.5850,10.5850,10.5850,10.5850,0,0,0.1140000,-0.8138000,0.0000000,24.5301000,-0.0429000,-15.0001000
20240119,670,P,202.5100,202.5100,202.5100,202.5100,0,0,0.9898000,-0.9598000,0.0000000,7.9137000,-0.1850000,-24.9790000
20240119,371,C,97.3050,97.3050,97.3050,97.3050,0,0,0.4492000,0.9964000,0.0000000,0.9670000,-0.0691000,14.1363000
20240119,371,P,0.0350,0.0350,0.0350,0.0350,0,0,0.4296000,-0.0024000,0.0000000,0.6975000,-0.0105000,-0.0450000
20240119,435,C,33.5850,33.5850,33.5850,33.5850,0,0,0.1992000,0.9724000,0.0000000,5.7997000,-0.1025000,16.1499000
20240119,435,P,0.1550,0.1550,0.1550,0.1550,0,0,0.1909000,-0.0227000,0.0000000,4.9413000,-0.0321000,-0.4135000
20240119,499,C,0.0150,0.0150,0.0150,0.0150,0,0,0.1171000,0.0030000,0.0000000,0.8535000,-0.0037000,0.0545000
20240119,499,P,31.5350,31.5350,31.5350,31.5350,0,0,0.2467000,-0.9003000,0.0000000,16.0330000,-0.0754000,-17.3530000
20240119,605,P,137.5200,137.5200,137.5200,137.5200,0,0,0.7460000,-0.9532000,0.0000000,8.9445000,-0.1534000,-22.3684000
20240119,200,C,267.8450,267.8450,267.8450,267.8450,0,0,1.0022772,0.9999953,0.0000002,0.0000198,-0.0246855,0.0765792
20240119,392,C,76.3850,76.3850,76.3850,76.3850,0,0,0.3769000,0.9928000,0.0000000,1.8146000,-0.0808000,14.8739000
20240119,392,P,0.0550,0.0550,0.0550,0.0550,0,0,0.3554000,-0.0047000,0.0000000,1.2627000,-0.0157000,-0.0869000
20240119,456,C,13.3650,13.3650,13.3650,13.3650,0,0,0.1328000,0.8528000,0.0000000,21.0731000,-0.1560000,14.7808000
20240119,456,P,0.8350,0.8350,0.8350,0.8350,0,0,0.1278000,-0.1380000,0.0000000,20.1895000,-0.0826000,-2.5080000
20240119,520,P,52.5250,52.5250,52.5250,52.5250,0,0,0.3612000,-0.9251000,0.0000000,12.9457000,-0.0964000,-18.6031000
20240119,285,C,183.0900,183.0900,183.0900,183.0900,0,0,0.7906000,0.9994000,0.0000000,0.1647000,-0.0459000,10.8997000
20240119,413,C,55.4650,55.4650,55.4650,55.4650,0,0,0.2915000,0.9873000,0.0000000,3.0029000,-0.0903000,15.5765000
20240119,413,P,0.0850,0.0850,0.0850,0.0850,0,0,0.2763000,-0.0092000,0.0000000,2.2832000,-0.0218000,-0.1692000
20240119,477,C,0.8750,0.8750,0.8750,0.8750,0,0,0.0992000,0.1786000,0.0000000,23.9117000,-0.0967000,3.1701000
20240119,477,P,9.6900,9.6900,9.6900,9.6900,0,0,0.1108000,-0.7944000,0.0000000,26.0536000,-0.0476000,-14.6178000
20240119,370,C,98.3100,98.3100,98.3100,98.3100,0,0,0.4648000,0.9958000,0.0000000,1.1285000,-0.0721000,14.0857000
20240119,370,P,0.0350,0.0350,0.0350,0.0350,0,0,0.4355000,-0.0024000,0.0000000,0.7075000,-0.0108000,-0.0457000
20240119,434,C,34.5750,34.5750,34.5750,34.5750,0,0,0.2031000,0.9738000,0.0000000,5.5617000,-0.1015000,16.1360000
20240119,434,P,0.1550,0.1550,0.1550,0.1550,0,0,0.1958000,-0.0221000,0.0000000,4.8327000,-0.0322000,-0.4028000
20240119,498,C,0.0150,0.0150,0.0150,0.0150,0,0,0.1132000,0.0030000,0.0000000,0.8422000,-0.0036000,0.0537000
20240119,498,P,30.5150,30.5150,30.5150,30.5150,0,0,0.2396000,-0.8997000,0.0000000,16.1035000,-0.0721000,-17.3031000
20240119,690,P,222.5100,222.5100,222.5100,222.5100,0,0,1.0595000,-0.9609000,0.0000000,7.7291000,-0.1947000,-25.7668000
20240119,391,C,77.3850,77.3850,77.3850,77.3850,0,0,0.3828000,0.9928000,0.0000000,1.8248000,-0.0812000,14.8347000
20240119,391,P,0.0550,0.0550,0.0550,0.0550,0,0,0.3603000,-0.0047000,0.0000000,1.2562000,-0.0158000,-0.0864000
20240119,455,C,14.2700,14.2700,14.2700,14.2700,0,0,0.1356000,0.8665000,0.0000000,19.7197000,-0.1523000,14.9915000
20240119,455,P,0.7350,0.7350,0.7350,0.7350,0,0,0.1296000,-0.1229000,0.0000000,18.6308000,-0.0777000,-2.2326000
20240119,625,P,157.5150,157.5150,157.5150,157.5150,0,0,0.8237000,-0.9560000,0.0000000,8.5161000,-0.1625000,-23.1847000
20240119,220,C,247.9400,247.9400,247.9400,247.9400,0,0,1.3679086,0.9984316,0.0000406,0.0046531,-0.0497108,0.0839336
20240119,412,C,56.4650,56.4650,56.4650,56.4650,0,0,0.2968000,0.9873000,0.0000000,2.9875000,-0.0906000,15.5396000
20240119,412,P,0.0850,0.0850,0.0850,0.0850,0,0,0.2812000,-0.0091000,0.0000000,2.2613000,-0.0220000,-0.1674000
20240119,476,C,1.0750,1.0750,1.0750,1.0750,0,0,0.0996000,0.2092000,0.0000000,26.3330000,-0.1078000,3.7114000
20240119,476,P,8.8450,8.8450,8.8450,8.8450,0,0,0.1085000,-0.7707000,0.0000000,27.7504000,-0.0538000,-14.1598000
20240119,540,P,72.5250,72.5250,72.5250,72.5250,0,0,0.4610000,-0.9368000,0.0000000,11.3504000,-0.1126000,-19.5808000
20240119,305,C,163.1350,163.1350,163.1350,163.1350,0,0,0.6875000,0.9994000,0.0000000,0.1831000,-0.0487000,11.6642000
20240119,369,C,99.3150,99.3150,99.3150,99.3150,0,0,0.4716000,0.9957000,0.0000000,1.1513000,-0.0726000,14.0456000
20240119,369,P,0.0350,0.0350,0.0350,0.0350,0,0,0.4394000,-0.0024000,0.0000000,0.6932000,-0.0107000,-0.0447000
20240119,433,C,35.5750,35.5750,35.5750,35.5750,0,0,0.2084000,0.9742000,0.0000000,5.4807000,-0.1018000,16.1059000
20240119,433,P,0.1450,0.1450,0.1450,0.1450,0,0,0.1987000,-0.0206000,0.0000000,4.5459000,-0.0308000,-0.3747000
20240119,497,C,0.0150,0.0150,0.0150,0.0150,0,0,0.1113000,0.0034000,0.0000000,0.9485000,-0.0040000,0.0613000
20240119,497,P,29.5350,29.5350,29.5350,29.5350,0,0,0.2349000,-0.8965000,0.0000000,16.4656000,-0.0729000,-17.2098000
20240119,390,C,78.3800,78.3800,78.3800,78.3800,0,0,0.3886000,0.9927000,0.0000000,1.8343000,-0.0815000,14.7956000
20240119,390,P,0.0550,0.0550,0.0550,0.0550,0,0,0.3652000,-0.0046000,0.0000000,1.2495000,-0.0159000,-0.0859000
20240119,454,C,15.1900,15.1900,15.1900,15.1900,0,0,0.1384000,0.8789000,0.0000000,18.4332000,-0.1486000,15.1774000
20240119,454,P,0.6550,0.6550,0.6550,0.6550,0,0,0.1319000,-0.1101000,0.0000000,17.2368000,-0.0736000,-2.0006000
20240119,710,P,242.5000,242.5000,242.5000,242.5000,0,0,1.1254000,-0.9621000,0.0000000,7.5416000,-0.2024000,-26.5543000
20240119,411,C,57.4600,57.4600,57.4600,57.4600,0,0,0.3027000,0.9873000,0.0000000,2.9954000,-0.0911000,15.5005000
20240119,411,P,0.0850,0.0850,0.0850,0.0850,0,0,0.2856000,-0.0089000,0.0000000,2.2190000,-0.0220000,-0.1639000
20240119,475,C,1.3250,1.3250,1.3250,1.3250,0,0,0.1007000,0.2440000,0.0000000,28.7217000,-0.1197000,4.3253000
20240119,475,P,8.0350,8.0350,8.0350,8.0350,0,0,0.1068000,-0.7431000,0.0000000,29.5131000,-0.0608000,-13.6332000
20240119,645,P,177.5150,177.5150,177.5150,177.5150,0,0,0.8993000,-0.9579000,0.0000000,8.2112000,-0.1727000,-23.9866000
20240119,240,C,227.9850,227.9850,227.9850,227.9850,0,0,1.2384976,0.9979944,0.0000561,0.0058197,-0.0551554,0.0915091
20240119,368,C,100.2950,100.2950,100.2950,100.2950,0,0,0.4589000,0.9968000,0.0000000,0.8797000,-0.0676000,14.0279000
20240119,368,P,0.0350,0.0350,0.0350,0.0350,0,0,0.4453000,-0.0024000,0.0000000,0.7027000,-0.0110000,-0.0454000
20240119,432,C,36.5600,36.5600,36.5600,36.5600,0,0,0.2121000,0.9756000,0.0000000,5.2419000,-0.1007000,16.0918000
20240119,432,P,0.1450,0.1450,0.1450,0.1450,0,0,0.2036000,-0.0201000,0.0000000,4.4541000,-0.0310000,-0.3659000
20240119,496,C,0.0250,0.0250,0.0250,0.0250,0,0,0.1152000,0.0058000,0.0000000,1.5240000,-0.0066000,0.1042000
20240119,496,P,28.5300,28.5300,28.5300,28.5300,0,0,0.2291000,-0.8945000,0.0000000,16.7040000,-0.0717000,-17.1343000
20240119,560,P,92.5250,92.5250,92.5250,92.5250,0,0,0.5542000,-0.9440000,0.0000000,10.3187000,-0.1266000,-20.4775000
20240119,325,C,143.1850,143.1850,143.1850,143.1850,0,0,0.6250000,0.9988000,0.0000000,0.3508000,-0.0549000,12.4190000
20240119,389,C,79.3700,79.3700,79.3700,79.3700,0,0,0.3886000,0.9934000,0.0000000,1.6881000,-0.0794000,14.7693000
20240119,389,P,0.0550,0.0550,0.0550,0.0550,0,0,0.3691000,-0.0045000,0.0000000,1.2213000,-0.0157000,-0.0838000
20240119,453,C,16.1150,16.1150,16.1150,16.1150,0,0,0.1408000,0.8905000,0.0000000,17.1504000,-0.1445000,15.3516000
20240119,453,P,0.5850,0.5850,0.5850,0.5850,0,0,0.1342000,-0.0987000,0.0000000,15.9216000,-0.0695000,-1.7930000
20240119,410,C,58.4500,58.4500,58.4500,58.4500,0,0,0.3046000,0.9881000,0.0000000,2.8197000,-0.0893000,15.4778000
20240119,410,P,0.0850,0.0850,0.0850,0.0850,0,0,0.2900000,-0.0087000,0.0000000,2.1779000,-0.0219000,-0.1605000
20240119,474,C,1.6150,1.6150,1.6150,1.6150,0,0,0.1019000,0.2810000,0.0000000,30.8773000,-0.1312000,4.9781000
20240119,474,P,7.2750,7.2750,7.2750,7.2750,0,0,0.1059000,-0.7111000,0.0000000,31.2802000,-0.0689000,-13.0316000
20240119,367,C,101.3000,101.3000,101.3000,101.3000,0,0,0.4765000,0.9961000,0.0000000,1.0571000,-0.0710000,13.9763000
20240119,367,P,0.0250,0.0250,0.0250,0.0250,0,0,0.4335000,-0.0017000,0.0000000,0.5191000,-0.0079000,-0.0325000
20240119,431,C,37.5550,37.5550,37.5550,37.5550,0,0,0.2158000,0.9768000,0.0000000,5.0172000,-0.0996000,16.0760000
20240119,431,P,0.1350,0.1350,0.1350,0.1350,0,0,0.2065000,-0.0187000,0.0000000,4.1971000,-0.0296000,-0.3412000
20240119,495,C,0.0250,0.0250,0.0250,0.0250,0,0,0.1113000,0.0059000,0.0000000,1.5369000,-0.0065000,0.1053000
20240119,495,P,27.5300,27.5300,27.5300,27.5300,0,0,0.2231000,-0.8924000,0.0000000,16.9441000,-0.0703000,-17.0582000
20240119,665,P,197.5100,197.5100,197.5100,197.5100,0,0,0.9722000,-0.9594000,0.0000000,7.9726000,-0.1828000,-24.7807000
20240119,260,C,208.0350,208.0350,208.0350,208.0350,0,0,0.5000000,0.9999000,0.0000000,0.0000000,-0.0377000,9.9523000
20240119,388,C,80.3750,80.3750,80.3750,80.3750,0,0,0.3955000,0.9932000,0.0000000,1.7232000,-0.0802000,14.7281000
20240119,388,P,0.0550,0.0550,0.0550,0.0550,0,0,0.3750000,-0.0046000,0.0000000,1.2358000,-0.0162000,-0.0849000
20240119,452,C,17.0450,17.0450,17.0450,17.0450,0,0,0.1433000,0.9011000,0.0000000,15.9376000,-0.1403000,15.5047000
20240119,452,P,0.5150,0.5150,0.5150,0.5150,0,0,0.1361000,-0.0877000,0.0000000,14.5931000,-0.0648000,-1.5934000
20240119,580,P,112.5200,112.5200,112.5200,112.5200,0,0,0.6421000,-0.9490000,0.0000000,9.5908000,-0.1390000,-21.3330000
20240119,345,C,123.2350,123.2350,123.2350,123.2350,0,0,0.5500000,0.9980000,0.0000000,0.5551000,-0.0608000,13.1707000
20240119,345,P,0.0150,0.0150,0.0150,0.0150,0,0,0.5000000,-0.0007000,0.0000000,0.2380000,-0.0041000,-0.0139000
20240119,409,C,59.4450,59.4450,59.4450,59.4450,0,0,0.3066000,0.9889000,0.0000000,2.6539000,-0.0876000,15.4541000
20240119,409,P,0.0850,0.0850,0.0850,0.0850,0,0,0.2949000,-0.0086000,0.0000000,2.1578000,-0.0221000,-0.1588000
20240119,473,C,1.9350,1.9350,1.9350,1.9350,0,0,0.1027000,0.3192000,0.0000000,32.7103000,-0.1415000,5.6506000
20240119,473,P,6.5600,6.5600,6.5600,6.5600,0,0,0.1055000,-0.6760000,0.0000000,32.9084000,-0.0771000,-12.3746000
20240119,366,C,102.3000,102.3000,102.3000,102.3000,0,0,0.4824000,0.9960000,0.0000000,1.0636000,-0.0711000,13.9375000
20240119,366,P,0.0250,0.0250,0.0250,0.0250,0,0,0.4375000,-0.0017000,0.0000000,0.5093000,-0.0078000,-0.0318000
20240119,430,C,38.5450,38.5450,38.5450,38.5450,0,0,0.2192000,0.9781000,0.0000000,4.7845000,-0.0983000,16.0607000
20240119,430,P,0.1350,0.1350,0.1350,0.1350,0,0,0.2114000,-0.0183000,0.0000000,4.1191000,-0.0298000,-0.3339000
20240119,494,C,0.0250,0.0250,0.0250,0.0250,0,0,0.1083000,0.0063000,0.0000000,1.6429000,-0.0067000,0.1135000
20240119,494,P,26.5400,26.5400,26.5400,26.5400,0,0,0.2176000,-0.8895000,0.0000000,17.2616000,-0.0698000,-16.9697000
20240119,195,C,272.8800,272.8800,272.8800,272.8800,0,0,1.5270785,0.9989615,0.0000249,0.0031916,-0.0413408,0.0744625
20240119,387,C,81.3700,81.3700,81.3700,81.3700,0,0,0.4013000,0.9932000,0.0000000,1.7322000,-0.0805000,14.6890000
20240119,387,P,0.0550,0.0550,0.0550,0.0550,0,0,0.3789000,-0.0045000,0.0000000,1.2081000,-0.0160000,-0.0828000
20240119,451,C,17.9950,17.9950,17.9950,17.9950,0,0,0.1466000,0.9093000,0.0000000,14.9485000,-0.1374000,15.6159000
20240119,451,P,0.4650,0.4650,0.4650,0.4650,0,0,0.1387000,-0.0792000,0.0000000,13.5098000,-0.0615000,-1.4380000
20240119,515,C,0.0150,0.0150,0.0150,0.0150,0,0,0.1679000,0.0020000,0.0000000,0.6059000,-0.0037000,0.0372000
20240119,515,P,47.5150,47.5150,47.5150,47.5150,0,0,0.3341000,-0.9214000,0.0000000,13.4221000,-0.0905000,-18.3456000
20240119,685,P,217.5100,217.5100,217.5100,217.5100,0,0,1.0422000,-0.9607000,0.0000000,7.7699000,-0.1922000,-25.5704000
20240119,280,C,188.0800,188.0800,188.0800,188.0800,0,0,0.8187000,0.9994000,0.0000000,0.1631000,-0.0453000,10.7084000
20240119,408,C,60.4450,60.4450,60.4450,60.4450,0,0,0.3125000,0.9889000,0.0000000,2.6648000,-0.0882000,15.4148000
20240119,408,P,0.0750,0.0750,0.0750,0.0750,0,0,0.2949000,-0.0077000,0.0000000,1.9491000,-0.0199000,-0.1414000
20240119,472,C,2.3050,2.3050,2.3050,2.3050,0,0,0.1039000,0.3592000,0.0000000,34.2303000,-0.1511000,6.3544000
20240119,472,P,5.9000,5.9000,5.9000,5.9000,0,0,0.1057000,-0.6383000,0.0000000,34.3084000,-0.0852000,-11.6723000
20240119,600,P,132.5200,132.5200,132.5200,132.5200,0,0,0.7258000,-0.9525000,0.0000000,9.0597000,-0.1508000,-22.1632000
20240119,365,C,103.2950,103.2950,103.2950,103.2950,0,0,0.4804000,0.9965000,0.0000000,0.9568000,-0.0691000,13.9073000
20240119,365,P,0.0250,0.0250,0.0250,0.0250,0,0,0.4414000,-0.0016000,0.0000000,0.4996000,-0.0077000,-0.0311000
20240119,429,C,39.5400,39.5400,39.5400,39.5400,0,0,0.2246000,0.9784000,0.0000000,4.7292000,-0.0987000,16.0278000
20240119,429,P,0.1250,0.1250,0.1250,0.1250,0,0,0.2133000,-0.0167000,0.0000000,3.8103000,-0.0278000,-0.3048000
20240119,493,C,0.0350,0.0350,0.0350,0.0350,0,0,0.1093000,0.0088000,0.0000000,2.1839000,-0.0091000,0.1568000
20240119,493,P,25.5350,25.5350,25.5350,25.5350,0,0,0.2110000,-0.8877000,0.0000000,17.4622000,-0.0675000,-16.8988000
20240119,535,P,67.5300,67.5300,67.5300,67.5300,0,0,0.4376000,-0.9340000,0.0000000,11.7348000,-0.1100000,-19.3398000
20240119,386,C,82.3650,82.3650,82.3650,82.3650,0,0,0.4013000,0.9938000,0.0000000,1.5961000,-0.0784000,14.6618000
20240119,386,P,0.0550,0.0550,0.0550,0.0550,0,0,0.3828000,-0.0043000,0.0000000,1.1811000,-0.0158000,-0.0807000
20240119,450,C,18.9450,18.9450,18.9450,18.9450,0,0,0.1496000,0.9170000,0.0000000,13.9826000,-0.1343000,15.7184000
20240119,450,P,0.4200,0.4200,0.4200,0.4200,0,0,0.1418000,-0.0720000,0.0000000,12.5714000,-0.0587000,-1.3084000
20240119,215,C,252.9350,252.9350,252.9350,252.9350,0,0,1.4149382,0.9984000,0.0000399,0.0047385,-0.0503065,0.0820120
20240119,407,C,61.4400,61.4400,61.4400,61.4400,0,0,0.3178000,0.9889000,0.0000000,2.6539000,-0.0884000,15.3774000
20240119,407,P,0.0750,0.0750,0.0750,0.0750,0,0,0.2998000,-0.0076000,0.0000000,1.9335000,-0.0201000,-0.1402000
20240119,471,C,2.7200,2.7200,2.7200,2.7200,0,0,0.1053000,0.4003000,0.0000000,35.3807000,-0.1599000,7.0742000
20240119,471,P,5.2850,5.2850,5.2850,5.2850,0,0,0.1058000,-0.5991000,0.0000000,35.3926000,-0.0922000,-10.9461000
20240119,705,P,237.5050,237.5050,237.5050,237.5050,0,0,1.1087000,-0.9619000,0.0000000,7.5740000,-0.1999000,-26.3589000
20240119,300,C,168.1400,168.1400,168.1400,168.1400,0,0,0.7812000,0.9986000,0.0000000,0.4191000,-0.0551000,11.4572000
20240119,364,C,104.2950,104.2950,104.2950,104.2950,0,0,0.4863000,0.9964000,0.0000000,0.9635000,-0.0693000,13.8685000
20240119,364,P,0.0250,0.0250,0.0250,0.0250,0,0,0.4453000,-0.0016000,0.0000000,0.4902000,-0.0076000,-0.0305000
20240119,428,C,40.5400,40.5400,40.5400,40.5400,0,0,0.2299000,0.9787000,0.0000000,4.6756000,-0.0990000,15.9946000
20240119,428,P,0.1250,0.1250,0.1250,0.1250,0,0,0.2182000,-0.0164000,0.0000000,3.7461000,-0.0280000,-0.2989000
20240119,492,C,0.0350,0.0350,0.0350,0.0350,0,0,0.1054000,0.0090000,0.0000000,2.2342000,-0.0090000,0.1609000
20240119,492,P,24.5350,24.5350,24.5350,24.5350,0,0,0.2049000,-0.8852000,0.0000000,17.7427000,-0.0660000,-16.8150000
20240119,620,P,152.5150,152.5150,152.5150,152.5150,0,0,0.8043000,-0.9554000,0.0000000,8.6055000,-0.1600000,-22.9827000
20240119,385,C,83.3650,83.3650,83.3650,83.3650,0,0,0.4072000,0.9937000,0.0000000,1.6054000,-0.0788000,14.6227000
20240119,385,P,0.0450,0.0450,0.0450,0.0450,0,0,0.3789000,-0.0036000,0.0000000,1.0043000,-0.0133000,-0.0673000
20240119,449,C,19.9000,19.9000,19.9000,19.9000,0,0,0.1530000,0.9236000,0.0000000,13.1442000,-0.1317000,15.7982000
20240119,449,P,0.3850,0.3850,0.3850,0.3850,0,0,0.1444000,-0.0650000,0.0000000,11.6146000,-0.0554000,-1.1808000
20240119,555,P,87.5250,87.5250,87.5250,87.5250,0,0,0.5314000,-0.9425000,0.0000000,10.5371000,-0.1231000,-20.2587000
20240119,406,C,62.4350,62.4350,62.4350,62.4350,0,0,0.3193000,0.9898000,0.0000000,2.4817000,-0.0865000,15.3541000
20240119,406,P,0.0750,0.0750,0.0750,0.0750,0,0,0.3037000,-0.0074000,0.0000000,1.8828000,-0.0199000,-0.1360000
20240119,470,C,3.1750,3.1750,3.1750,3.1750,0,0,0.1064000,0.4412000,0.0000000,36.1300000,-0.1668000,7.7909000
20240119,470,P,4.7200,4.7200,4.7200,4.7200,0,0,0.1065000,-0.5586000,0.0000000,36.1313000,-0.0988000,-10.1982000
20240119,235,C,232.9750,232.9750,232.9750,232.9750,0,0,1.2725336,0.9980822,0.0000524,0.0055878,-0.0541989,0.0896109
20240119,363,C,105.2850,105.2850,105.2850,105.2850,0,0,0.4824000,0.9969000,0.0000000,0.8405000,-0.0669000,13.8393000
20240119,363,P,0.0250,0.0250,0.0250,0.0250,0,0,0.4492000,-0.0016000,0.0000000,0.4809000,-0.0076000,-0.0299000
20240119,427,C,41.5300,41.5300,41.5300,41.5300,0,0,0.2333000,0.9798000,0.0000000,4.4692000,-0.0978000,15.9764000
20240119,427,P,0.1250,0.1250,0.1250,0.1250,0,0,0.2231000,-0.0160000,0.0000000,3.6844000,-0.0282000,-0.2932000
20240119,491,C,0.0350,0.0350,0.0350,0.0350,0,0,0.1020000,0.0095000,0.0000000,2.3526000,-0.0092000,0.1708000
20240119,491,P,23.5350,23.5350,23.5350,23.5350,0,0,0.1987000,-0.8826000,0.0000000,18.0289000,-0.0645000,-16.7296000
20240126,448,C,21.7050,21.7050,21.7050,21.7050,0,0,0.1517000,0.8984000,0.0000000,19.9011000,-0.1298000,22.9174000
20240126,448,P,0.7050,0.7050,0.7050,0.7050,0,0,0.1447000,-0.0913000,0.0000000,18.4179000,-0.0571000,-2.4983000
20240126,480,C,1.0150,1.0150,1.0150,1.0150,0,0,0.1005000,0.1696000,0.0000000,28.3382000,-0.0792000,4.5048000
20240126,480,P,12.6650,12.6650,12.6650,12.6650,0,0,0.1205000,-0.7859000,0.0000000,32.6801000,-0.0384000,-21.8684000
20240126,447.5,C,22.1750,22.1750,22.1750,22.1750,0,0,0.1529000,0.9020000,0.0000000,19.3827000,-0.1287000,22.9873000
20240126,447.5,P,0.6750,0.6750,0.6750,0.6750,0,0,0.1457000,-0.0876000,0.0000000,17.8513000,-0.0558000,-2.3955000
20240126,437,C,32.2400,32.2400,32.2400,32.2400,0,0,0.1789000,0.9519000,0.0000000,11.1977000,-0.1077000,23.7507000
20240126,437,P,0.3250,0.3250,0.3250,0.3250,0,0,0.1706000,-0.0406000,0.0000000,9.7889000,-0.0369000,-1.1115000
20240126,405,C,63.9250,63.9250,63.9250,63.9250,0,0,0.2885000,0.9843000,0.0000000,4.4152000,-0.0879000,22.7974000
20240126,405,P,0.1150,0.1150,0.1150,0.1150,0,0,0.2685000,-0.0105000,0.0000000,3.1219000,-0.0192000,-0.2891000
20240126,469,C,4.9800,4.9800,4.9800,4.9800,0,0,0.1120000,0.5031000,0.0000000,44.7343000,-0.1528000,13.2471000
20240126,469,P,5.0400,5.0400,5.0400,5.0400,0,0,0.1118000,-0.4968000,0.0000000,44.7343000,-0.0846000,-13.6539000
20240126,458,C,12.7800,12.7800,12.7800,12.7800,0,0,0.1304000,0.7792000,0.0000000,33.2715000,-0.1544000,20.2231000
20240126,458,P,1.7600,1.7600,1.7600,1.7600,0,0,0.1267000,-0.2144000,0.0000000,32.7127000,-0.0838000,-5.8683000
20240126,490,C,0.1350,0.1350,0.1350,0.1350,0,0,0.0974000,0.0307000,0.0000000,7.7956000,-0.0201000,0.8206000
20240126,490,P,22.5350,22.5350,22.5350,22.5350,0,0,0.1749000,-0.8476000,0.0000000,26.4145000,-0.0490000,-24.0963000
20240126,457.5,C,13.2100,13.2100,13.2100,13.2100,0,0,0.1317000,0.7871000,0.0000000,32.5746000,-0.1538000,20.4119000
20240126,457.5,P,1.6750,1.6750,1.6750,1.6750,0,0,0.1272000,-0.2050000,0.0000000,31.8654000,-0.0823000,-5.6113000
20240126,415,C,53.9850,53.9850,53.9850,53.9850,0,0,0.2521000,0.9798000,0.0000000,5.4721000,-0.0916000,23.2486000
20240126,415,P,0.1550,0.1550,0.1550,0.1550,0,0,0.2392000,-0.0154000,0.0000000,4.3629000,-0.0237000,-0.4250000
20240126,447,C,22.6500,22.6500,22.6500,22.6500,0,0,0.1546000,0.9048000,0.0000000,18.9770000,-0.1281000,23.0345000
20240126,447,P,0.6450,0.6450,0.6450,0.6450,0,0,0.1466000,-0.0838000,0.0000000,17.2727000,-0.0544000,-2.2922000
20240126,479,C,1.2150,1.2150,1.2150,1.2150,0,0,0.1013000,0.1944000,0.0000000,30.8654000,-0.0875000,5.1609000
20240126,479,P,11.7800,11.7800,11.7800,11.7800,0,0,0.1176000,-0.7699000,0.0000000,34.0560000,-0.0413000,-21.3866000
20240126,436,C,33.2200,33.2200,33.2200,33.2200,0,0,0.1821000,0.9543000,0.0000000,10.7526000,-0.1067000,23.7580000
20240126,436,P,0.3150,0.3150,0.3150,0.3150,0,0,0.1740000,-0.0388000,0.0000000,9.4274000,-0.0363000,-1.0615000
20240126,500,C,0.0350,0.0350,0.0350,0.0350,0,0,0.1093000,0.0075000,0.0000000,2.3231000,-0.0065000,0.2000000
20240126,500,P,32.5350,32.5350,32.5350,32.5350,0,0,0.2276000,-0.8744000,0.0000000,23.1504000,-0.0612000,-25.3927000
20240126,468,C,5.5500,5.5500,5.5500,5.5500,0,0,0.1135000,0.5344000,0.0000000,44.5685000,-0.1560000,14.0568000
20240126,468,P,4.5900,4.5900,4.5900,4.5900,0,0,0.1127000,-0.4653000,0.0000000,44.5670000,-0.0873000,-12.7810000
20240126,467.5,C,5.8500,5.8500,5.8500,5.8500,0,0,0.1143000,0.5497000,0.0000000,44.3869000,-0.1573000,14.4511000
20240126,467.5,P,4.3800,4.3800,4.3800,4.3800,0,0,0.1133000,-0.4498000,0.0000000,44.3820000,-0.0885000,-12.3522000
20240126,425,C,44.0700,44.0700,44.0700,44.0700,0,0,0.2185000,0.9714000,0.0000000,7.3161000,-0.0977000,23.5945000
20240126,425,P,0.1950,0.1950,0.1950,0.1950,0,0,0.2058000,-0.0218000,0.0000000,5.8482000,-0.0271000,-0.5982000
20240126,457,C,13.6200,13.6200,13.6200,13.6200,0,0,0.1323000,0.7960000,0.0000000,31.7672000,-0.1522000,20.6268000
20240126,457,P,1.6000,1.6000,1.6000,1.6000,0,0,0.1283000,-0.1969000,0.0000000,31.1074000,-0.0814000,-5.3903000
20240126,489,C,0.1750,0.1750,0.1750,0.1750,0,0,0.0983000,0.0388000,0.0000000,9.4400000,-0.0247000,1.0355000
20240126,489,P,21.5350,21.5350,21.5350,21.5350,0,0,0.1694000,-0.8439000,0.0000000,26.8389000,-0.0477000,-23.9389000
20240126,350,C,118.6650,118.6650,118.6650,118.6650,0,0,0.4863000,0.9948000,0.0000000,1.6631000,-0.0696000,19.9318000
20240126,350,P,0.0350,0.0350,0.0350,0.0350,0,0,0.4335000,-0.0020000,0.0000000,0.7391000,-0.0074000,-0.0579000
20240126,446,C,23.6150,23.6150,23.6150,23.6150,0,0,0.1580000,0.9101000,0.0000000,18.1873000,-0.1268000,23.1221000
20240126,446,P,0.5950,0.5950,0.5950,0.5950,0,0,0.1488000,-0.0774000,0.0000000,16.2651000,-0.0522000,-2.1169000
20240126,478,C,1.4350,1.4350,1.4350,1.4350,0,0,0.1019000,0.2204000,0.0000000,33.2378000,-0.0954000,5.8460000
20240126,478,P,10.9200,10.9200,10.9200,10.9200,0,0,0.1149000,-0.7519000,0.0000000,35.4837000,-0.0444000,-20.8544000
20240126,510,C,0.0150,0.0150,0.0150,0.0150,0,0,0.1230000,0.0023000,0.0000000,0.8161000,-0.0025000,0.0620000
20240126,510,P,42.5350,42.5350,42.5350,42.5350,0,0,0.2767000,-0.8909000,0.0000000,20.9537000,-0.0712000,-26.4112000
20240126,435,C,34.2000,34.2000,34.2000,34.2000,0,0,0.1850000,0.9567000,0.0000000,10.2927000,-0.1054000,23.7665000
20240126,435,P,0.2950,0.2950,0.2950,0.2950,0,0,0.1765000,-0.0363000,0.0000000,8.9308000,-0.0350000,-0.9934000
20240126,467,C,6.1500,6.1500,6.1500,6.1500,0,0,0.1149000,0.5649000,0.0000000,44.1423000,-0.1583000,14.8406000
20240126,467,P,4.1800,4.1800,4.1800,4.1800,0,0,0.1138000,-0.4346000,0.0000000,44.1333000,-0.0895000,-11.9301000
20240126,360,C,108.7050,108.7050,108.7050,108.7050,0,0,0.4492000,0.9939000,0.0000000,1.9303000,-0.0724000,20.4796000
20240126,360,P,0.0450,0.0450,0.0450,0.0450,0,0,0.4062000,-0.0028000,0.0000000,0.9877000,-0.0093000,-0.0796000
20240126,456,C,14.4700,14.4700,14.4700,14.4700,0,0,0.1342000,0.8118000,0.0000000,30.2493000,-0.1497000,21.0034000
20240126,456,P,1.4550,1.4550,1.4550,1.4550,0,0,0.1299000,-0.1807000,0.0000000,29.4965000,-0.0787000,-4.9438000
20240126,520,P,52.5350,52.5350,52.5350,52.5350,0,0,0.3231000,-0.9023000,0.0000000,19.3473000,-0.0798000,-27.2917000
20240126,488,C,0.2050,0.2050,0.2050,0.2050,0,0,0.0974000,0.0451000,0.0000000,10.6489000,-0.0277000,1.2016000
20240126,488,P,20.5350,20.5350,20.5350,20.5350,0,0,0.1638000,-0.8400000,0.0000000,27.2751000,-0.0462000,-23.7770000
20240126,487.5,C,0.2350,0.2350,0.2350,0.2350,0,0,0.0980000,0.0505000,0.0000000,11.6578000,-0.0306000,1.3451000
20240126,487.5,P,20.0350,20.0350,20.0350,20.0350,0,0,0.1610000,-0.8379000,0.0000000,27.5062000,-0.0455000,-23.6922000
20240126,445,C,24.5500,24.5500,24.5500,24.5500,0,0,0.1600000,0.9167000,0.0000000,17.1739000,-0.1242000,23.2464000
20240126,445,P,0.5550,0.5550,0.5550,0.5550,0,0,0.1512000,-0.0718000,0.0000000,15.3646000,-0.0503000,-1.9647000
20240126,477,C,1.6950,1.6950,1.6950,1.6950,0,0,0.1029000,0.2487000,0.0000000,35.5380000,-0.1037000,6.5929000
20240126,477,P,10.1100,10.1100,10.1100,10.1100,0,0,0.1132000,-0.7305000,0.0000000,37.0424000,-0.0487000,-20.2302000
20240126,370,C,98.7500,98.7500,98.7500,98.7500,0,0,0.4160000,0.9923000,0.0000000,2.3672000,-0.0765000,21.0095000
20240126,370,P,0.0550,0.0550,0.0550,0.0550,0,0,0.3759000,-0.0037000,0.0000000,1.2579000,-0.0109000,-0.1041000
20240126,434,C,35.1800,35.1800,35.1800,35.1800,0,0,0.1879000,0.9590000,0.0000000,9.8574000,-0.1042000,23.7706000
20240126,434,P,0.2750,0.2750,0.2750,0.2750,0,0,0.1784000,-0.0336000,0.0000000,8.3881000,-0.0333000,-0.9204000
20240126,466,C,6.7850,6.7850,6.7850,6.7850,0,0,0.1163000,0.5942000,0.0000000,43.4808000,-0.1598000,15.5942000
20240126,466,P,3.8000,3.8000,3.8000,3.8000,0,0,0.1149000,-0.4047000,0.0000000,43.4545000,-0.0908000,-11.1052000
20240126,530,P,62.5300,62.5300,62.5300,62.5300,0,0,0.3675000,-0.9106000,0.0000000,18.1180000,-0.0875000,-28.0905000
20240126,455,C,15.3350,15.3350,15.3350,15.3350,0,0,0.1359000,0.8266000,0.0000000,28.7364000,-0.1470000,21.3515000
20240126,455,P,1.3200,1.3200,1.3200,1.3200,0,0,0.1317000,-0.1659000,0.0000000,27.9382000,-0.0761000,-4.5393000
20240126,487,C,0.2550,0.2550,0.2550,0.2550,0,0,0.0976000,0.0545000,0.0000000,12.3900000,-0.0324000,1.4523000
20240126,487,P,19.5350,19.5350,19.5350,19.5350,0,0,0.1582000,-0.8358000,0.0000000,27.7465000,-0.0448000,-23.6048000
20240126,380,C,88.8000,88.8000,88.8000,88.8000,0,0,0.3808000,0.9905000,0.0000000,2.8443000,-0.0802000,21.5341000
20240126,380,P,0.0750,0.0750,0.0750,0.0750,0,0,0.3496000,-0.0053000,0.0000000,1.7345000,-0.0140000,-0.1490000
20240126,444,C,25.4550,25.4550,25.4550,25.4550,0,0,0.1591000,0.9264000,0.0000000,15.6376000,-0.1185000,23.4549000
20240126,444,P,0.5150,0.5150,0.5150,0.5150,0,0,0.1535000,-0.0666000,0.0000000,14.4901000,-0.0483000,-1.8209000
20240126,476,C,1.9800,1.9800,1.9800,1.9800,0,0,0.1039000,0.2783000,0.0000000,37.6403000,-0.1117000,7.3733000
20240126,476,P,9.3300,9.3300,9.3300,9.3300,0,0,0.1118000,-0.7068000,0.0000000,38.5788000,-0.0533000,-19.5489000
20240126,540,P,72.5300,72.5300,72.5300,72.5300,0,0,0.4102000,-0.9169000,0.0000000,17.1505000,-0.0946000,-28.8359000
20240126,433,C,36.1700,36.1700,36.1700,36.1700,0,0,0.1918000,0.9603000,0.0000000,9.5917000,-0.1038000,23.7500000
20240126,433,P,0.2650,0.2650,0.2650,0.2650,0,0,0.1816000,-0.0320000,0.0000000,8.0593000,-0.0326000,-0.8770000
20240126,465,C,7.4500,7.4500,7.4500,7.4500,0,0,0.1181000,0.6222000,0.0000000,42.6200000,-0.1610000,16.3070000
20240126,465,P,3.4600,3.4600,3.4600,3.4600,0,0,0.1163000,-0.3762000,0.0000000,42.5645000,-0.0918000,-10.3181000
20240126,390,C,78.8450,78.8450,78.8450,78.8450,0,0,0.3422000,0.9888000,0.0000000,3.2806000,-0.0825000,22.0619000
20240126,390,P,0.0850,0.0850,0.0850,0.0850,0,0,0.3164000,-0.0068000,0.0000000,2.1364000,-0.0156000,-0.1881000
20240126,454,C,16.2150,16.2150,16.2150,16.2150,0,0,0.1380000,0.8398000,0.0000000,27.3059000,-0.1445000,21.6557000
20240126,454,P,1.2050,1.2050,1.2050,1.2050,0,0,0.1334000,-0.1521000,0.0000000,26.3994000,-0.0733000,-4.1627000
20240126,486,C,0.3150,0.3150,0.3150,0.3150,0,0,0.0977000,0.0651000,0.0000000,14.2472000,-0.0375000,1.7351000
20240126,486,P,18.5350,18.5350,18.5350,18.5350,0,0,0.1524000,-0.8313000,0.0000000,28.2350000,-0.0432000,-23.4262000
20240126,443,C,26.4150,26.4150,26.4150,26.4150,0,0,0.1618000,0.9311000,0.0000000,14.8623000,-0.1167000,23.5263000
20240126,443,P,0.4750,0.4750,0.4750,0.4750,0,0,0.1555000,-0.0613000,0.0000000,13.5914000,-0.0460000,-1.6769000
20240126,475,C,2.3050,2.3050,2.3050,2.3050,0,0,0.1048000,0.3089000,0.0000000,39.5040000,-0.1193000,8.1784000
20240126,475,P,8.5900,8.5900,8.5900,8.5900,0,0,0.1108000,-0.6809000,0.0000000,40.0523000,-0.0581000,-18.8092000
20240126,432,C,37.1500,37.1500,37.1500,37.1500,0,0,0.1945000,0.9625000,0.0000000,9.1615000,-0.1025000,23.7521000
20240126,432,P,0.2550,0.2550,0.2550,0.2550,0,0,0.1848000,-0.0305000,0.0000000,7.7485000,-0.0319000,-0.8364000
20240126,400,C,68.9000,68.9000,68.9000,68.9000,0,0,0.3085000,0.9855000,0.0000000,4.1115000,-0.0872000,22.5445000
20240126,400,P,0.1050,0.1050,0.1050,0.1050,0,0,0.2851000,-0.0091000,0.0000000,2.7707000,-0.0181000,-0.2524000
20240126,464,C,8.1450,8.1450,8.1450,8.1450,0,0,0.1196000,0.6489000,0.0000000,41.5796000,-0.1614000,16.9869000
20240126,464,P,3.1450,3.1450,3.1450,3.1450,0,0,0.1176000,-0.3487000,0.0000000,41.4795000,-0.0919000,-9.5602000
20240126,453,C,17.1100,17.1100,17.1100,17.1100,0,0,0.1405000,0.8513000,0.0000000,25.9839000,-0.1423000,21.9155000
20240126,453,P,1.0950,1.0950,1.0950,1.0950,0,0,0.1350000,-0.1394000,0.0000000,24.8869000,-0.0703000,-3.8124000
20240126,485,C,0.3850,0.3850,0.3850,0.3850,0,0,0.0980000,0.0776000,0.0000000,16.2923000,-0.0432000,2.0656000
20240126,485,P,17.5350,17.5350,17.5350,17.5350,0,0,0.1466000,-0.8264000,0.0000000,28.7547000,-0.0416000,-23.2374000
20240126,452.5,C,17.5600,17.5600,17.5600,17.5600,0,0,0.1416000,0.8570000,0.0000000,25.3160000,-0.1410000,22.0415000
20240126,452.5,P,1.0450,1.0450,1.0450,1.0450,0,0,0.1359000,-0.1334000,0.0000000,24.1537000,-0.0689000,-3.6491000
20240126,410,C,58.9550,58.9550,58.9550,58.9550,0,0,0.2705000,0.9822000,0.0000000,4.9091000,-0.0898000,23.0277000
20240126,410,P,0.1350,0.1350,0.1350,0.1350,0,0,0.2543000,-0.0128000,0.0000000,3.7107000,-0.0215000,-0.3525000
20240126,442,C,27.3750,27.3750,27.3750,27.3750,0,0,0.1641000,0.9359000,0.0000000,14.0590000,-0.1146000,23.5993000
20240126,442,P,0.4450,0.4450,0.4450,0.4450,0,0,0.1582000,-0.0573000,0.0000000,12.8892000,-0.0445000,-1.5674000
20240126,474,C,2.6600,2.6600,2.6600,2.6600,0,0,0.1059000,0.3408000,0.0000000,41.1250000,-0.1265000,9.0137000
20240126,474,P,7.9050,7.9050,7.9050,7.9050,0,0,0.1104000,-0.6526000,0.0000000,41.4185000,-0.0634000,-18.0095000
20240126,495,C,0.0550,0.0550,0.0550,0.0550,0,0,0.1005000,0.0128000,0.0000000,3.7189000,-0.0097000,0.3430000
20240126,495,P,27.5350,27.5350,27.5350,27.5350,0,0,0.2017000,-0.8629000,0.0000000,24.6001000,-0.0554000,-24.7946000
20240126,463,C,8.8650,8.8650,8.8650,8.8650,0,0,0.1213000,0.6742000,0.0000000,40.3981000,-0.1613000,17.6253000
20240126,463,P,2.8550,2.8550,2.8550,2.8550,0,0,0.1189000,-0.3226000,0.0000000,40.2386000,-0.0916000,-8.8421000
20240126,462.5,C,9.2350,9.2350,9.2350,9.2350,0,0,0.1223000,0.6862000,0.0000000,39.7660000,-0.1611000,17.9277000
20240126,462.5,P,2.7200,2.7200,2.7200,2.7200,0,0,0.1198000,-0.3103000,0.0000000,39.5807000,-0.0914000,-8.5042000
20240126,420,C,49.0250,49.0250,49.0250,49.0250,0,0,0.2351000,0.9762000,0.0000000,6.2713000,-0.0943000,23.4388000
20240126,420,P,0.1750,0.1750,0.1750,0.1750,0,0,0.2229000,-0.0184000,0.0000000,5.0590000,-0.0255000,-0.5048000
20240126,452,C,18.0100,18.0100,18.0100,18.0100,0,0,0.1425000,0.8626000,0.0000000,24.6351000,-0.1396000,22.1669000
20240126,452,P,1.0000,1.0000,1.0000,1.0000,0,0,0.1371000,-0.1283000,0.0000000,23.5114000,-0.0678000,-3.5095000
20240126,484,C,0.4750,0.4750,0.4750,0.4750,0,0,0.0985000,0.0922000,0.0000000,18.5516000,-0.0497000,2.4551000
20240126,484,P,16.5350,16.5350,16.5350,16.5350,0,0,0.1408000,-0.8211000,0.0000000,29.3096000,-0.0400000,-23.0367000
20240126,441,C,28.3450,28.3450,28.3450,28.3450,0,0,0.1671000,0.9396000,0.0000000,13.4147000,-0.1131000,23.6441000
20240126,441,P,0.4150,0.4150,0.4150,0.4150,0,0,0.1604000,-0.0531000,0.0000000,12.1347000,-0.0426000,-1.4522000
20240126,505,C,0.0150,0.0150,0.0150,0.0150,0,0,0.1113000,0.0028000,0.0000000,0.9873000,-0.0028000,0.0767000
20240126,505,P,37.5350,37.5350,37.5350,37.5350,0,0,0.2525000,-0.8835000,0.0000000,21.9599000,-0.0665000,-25.9244000
20240126,473,C,3.0500,3.0500,3.0500,3.0500,0,0,0.1070000,0.3730000,0.0000000,42.4514000,-0.1331000,9.8587000
20240126,473,P,7.2150,7.2150,7.2150,7.2150,0,0,0.1094000,-0.6240000,0.0000000,42.5562000,-0.0673000,-17.1992000
20240126,430,C,39.1250,39.1250,39.1250,39.1250,0,0,0.2009000,0.9658000,0.0000000,8.5012000,-0.1006000,23.7266000
20240126,430,P,0.2350,0.2350,0.2350,0.2350,0,0,0.1909000,-0.0277000,0.0000000,7.1437000,-0.0305000,-0.7587000
20240126,462,C,9.6050,9.6050,9.6050,9.6050,0,0,0.1230000,0.6982000,0.0000000,39.0939000,-0.1606000,18.2274000
20240126,462,P,2.5950,2.5950,2.5950,2.5950,0,0,0.1204000,-0.2981000,0.0000000,38.8807000,-0.0908000,-8.1690000
20240126,355,C,113.6850,113.6850,113.6850,113.6850,0,0,0.4677000,0.9944000,0.0000000,1.7916000,-0.0710000,20.2063000
20240126,355,P,0.0450,0.0450,0.0450,0.0450,0,0,0.4257000,-0.0027000,0.0000000,0.9479000,-0.0094000,-0.0762000
20240126,451,C,18.9250,18.9250,18.9250,18.9250,0,0,0.1447000,0.8728000,0.0000000,23.3571000,-0.1371000,22.3892000
20240126,451,P,0.9150,0.9150,0.9150,0.9150,0,0,0.1389000,-0.1176000,0.0000000,22.1232000,-0.0650000,-3.2174000
20240126,515,C,0.0150,0.0150,0.0150,0.0150,0,0,0.1367000,0.0022000,0.0000000,0.7901000,-0.0027000,0.0598000
20240126,515,P,47.5350,47.5350,47.5350,47.5350,0,0,0.3002000,-0.8971000,0.0000000,20.0913000,-0.0756000,-26.8645000
20240126,483,C,0.5800,0.5800,0.5800,0.5800,0,0,0.0991000,0.1092000,0.0000000,20.9769000,-0.0568000,2.9041000
20240126,483,P,15.5400,15.5400,15.5400,15.5400,0,0,0.1352000,-0.8146000,0.0000000,29.9718000,-0.0388000,-22.8048000
20240126,525,P,57.5350,57.5350,57.5350,57.5350,0,0,0.3455000,-0.9067000,0.0000000,18.6926000,-0.0837000,-27.6994000
20240126,440,C,29.3150,29.3150,29.3150,29.3150,0,0,0.1699000,0.9432000,0.0000000,12.7840000,-0.1116000,23.6848000
20240126,440,P,0.3850,0.3850,0.3850,0.3850,0,0,0.1625000,-0.0492000,0.0000000,11.4247000,-0.0408000,-1.3462000
20240126,472,C,3.4800,3.4800,3.4800,3.4800,0,0,0.1082000,0.4057000,0.0000000,43.4825000,-0.1391000,10.7145000
20240126,472,P,6.6150,6.6150,6.6150,6.6150,0,0,0.1098000,-0.5926000,0.0000000,43.5226000,-0.0725000,-16.3222000
20240126,365,C,103.7300,103.7300,103.7300,103.7300,0,0,0.4350000,0.9929000,0.0000000,2.2071000,-0.0753000,20.7388000
20240126,365,P,0.0550,0.0550,0.0550,0.0550,0,0,0.3955000,-0.0035000,0.0000000,1.2051000,-0.0110000,-0.0993000
20240126,461,C,10.3700,10.3700,10.3700,10.3700,0,0,0.1249000,0.7203000,0.0000000,37.7221000,-0.1597000,18.7798000
20240126,461,P,2.3550,2.3550,2.3550,2.3550,0,0,0.1219000,-0.2750000,0.0000000,37.4172000,-0.0895000,-7.5322000
20240126,535,P,67.5300,67.5300,67.5300,67.5300,0,0,0.3891000,-0.9139000,0.0000000,17.6120000,-0.0912000,-28.4678000
20240126,450,C,19.8450,19.8450,19.8450,19.8450,0,0,0.1470000,0.8820000,0.0000000,22.1537000,-0.1346000,22.5845000
20240126,450,P,0.8350,0.8350,0.8350,0.8350,0,0,0.1406000,-0.1078000,0.0000000,20.7899000,-0.0621000,-2.9489000
20240126,482,C,0.7050,0.7050,0.7050,0.7050,0,0,0.0994000,0.1271000,0.0000000,23.3579000,-0.0638000,3.3793000
20240126,482,P,14.5500,14.5500,14.5500,14.5500,0,0,0.1295000,-0.8076000,0.0000000,30.6580000,-0.0374000,-22.5612000
20240126,375,C,93.7800,93.7800,93.7800,93.7800,0,0,0.4003000,0.9912000,0.0000000,2.6625000,-0.0791000,21.2660000
20240126,375,P,0.0650,0.0650,0.0650,0.0650,0,0,0.3632000,-0.0045000,0.0000000,1.4886000,-0.0125000,-0.1256000
20240126,439,C,30.2850,30.2850,30.2850,30.2850,0,0,0.1724000,0.9468000,0.0000000,12.1448000,-0.1098000,23.7249000
20240126,439,P,0.3650,0.3650,0.3650,0.3650,0,0,0.1655000,-0.0463000,0.0000000,10.8900000,-0.0397000,-1.2682000
20240126,471,C,3.9400,3.9400,3.9400,3.9400,0,0,0.1093000,0.4385000,0.0000000,44.2033000,-0.1443000,11.5680000
20240126,471,P,6.0500,6.0500,6.0500,6.0500,0,0,0.1104000,-0.5608000,0.0000000,44.2149000,-0.0772000,-15.4324000
20240126,545,P,77.5300,77.5300,77.5300,77.5300,0,0,0.4310000,-0.9195000,0.0000000,16.7345000,-0.0979000,-29.1952000
20240126,460,C,11.1550,11.1550,11.1550,11.1550,0,0,0.1266000,0.7415000,0.0000000,36.2605000,-0.1581000,19.3041000
20240126,460,P,2.1350,2.1350,2.1350,2.1350,0,0,0.1233000,-0.2531000,0.0000000,35.8732000,-0.0878000,-6.9325000
20240126,385,C,83.8200,83.8200,83.8200,83.8200,0,0,0.3618000,0.9897000,0.0000000,3.0629000,-0.0815000,21.7980000
20240126,385,P,0.0850,0.0850,0.0850,0.0850,0,0,0.3359000,-0.0064000,0.0000000,2.0266000,-0.0157000,-0.1775000
20240126,449,C,20.7750,20.7750,20.7750,20.7750,0,0,0.1495000,0.8904000,0.0000000,21.0268000,-0.1324000,22.7550000
20240126,449,P,0.7650,0.7650,0.7650,0.7650,0,0,0.1426000,-0.0991000,0.0000000,19.5545000,-0.0595000,-2.7100000
20240126,481,C,0.8450,0.8450,0.8450,0.8450,0,0,0.0998000,0.1470000,0.0000000,25.8036000,-0.0712000,3.9076000
20240126,481,P,13.5950,13.5950,13.5950,13.5950,0,0,0.1246000,-0.7981000,0.0000000,31.5653000,-0.0374000,-22.2505000
20240126,438,C,31.2600,31.2600,31.2600,31.2600,0,0,0.1757000,0.9494000,0.0000000,11.6684000,-0.1088000,23.7387000
20240126,438,P,0.3450,0.3450,0.3450,0.3450,0,0,0.1682000,-0.0435000,0.0000000,10.3441000,-0.0384000,-1.1898000
20240126,470,C,4.4400,4.4400,4.4400,4.4400,0,0,0.1106000,0.4710000,0.0000000,44.6181000,-0.1489000,12.4151000
20240126,470,P,5.5200,5.5200,5.5200,5.5200,0,0,0.1109000,-0.5288000,0.0000000,44.6190000,-0.0811000,-14.5413000
20240126,395,C,73.8700,73.8700,73.8700,73.8700,0,0,0.3256000,0.9873000,0.0000000,3.6784000,-0.0849000,22.3056000
20240126,395,P,0.0950,0.0950,0.0950,0.0950,0,0,0.3007000,-0.0078000,0.0000000,2.4272000,-0.0168000,-0.2172000
20240126,459,C,11.9600,11.9600,11.9600,11.9600,0,0,0.1286000,0.7609000,0.0000000,34.7858000,-0.1565000,19.7789000
20240126,459,P,1.9400,1.9400,1.9400,1.9400,0,0,0.1251000,-0.2332000,0.0000000,34.3170000,-0.0860000,-6.3853000
20240131,320,C,148.7100,148.7100,148.7100,148.7100,0,0,0.4062000,0.9998000,0.0000000,0.0804000,-0.0469000,22.7027000
20240131,320,P,0.0250,0.0250,0.0250,0.0250,0,0,0.4804000,-0.0011000,0.0000000,0.4757000,-0.0043000,-0.0395000
20240131,416,C,53.2450,53.2450,53.2450,53.2450,0,0,0.2163000,0.9828000,0.0000000,5.3054000,-0.0811000,28.9370000
20240131,416,P,0.2050,0.2050,0.2050,0.2050,0,0,0.2216000,-0.0194000,0.0000000,5.8883000,-0.0237000,-0.6604000
20240131,448,C,22.2600,22.2600,22.2600,22.2600,0,0,0.1480000,0.8836000,0.0000000,24.4162000,-0.1263000,27.8420000
20240131,448,P,1.0250,1.0250,1.0250,1.0250,0,0,0.1461000,-0.1133000,0.0000000,23.9678000,-0.0594000,-3.8467000
20240131,480,C,1.5050,1.5050,1.5050,1.5050,0,0,0.1029000,0.2093000,0.0000000,35.8909000,-0.0850000,6.8636000
20240131,480,P,12.8300,12.8300,12.8300,12.8300,0,0,0.1199000,-0.7548000,0.0000000,39.2382000,-0.0373000,-26.0510000
20240131,437,C,32.6050,32.6050,32.6050,32.6050,0,0,0.1655000,0.9489000,0.0000000,13.0817000,-0.1014000,29.2794000
20240131,437,P,0.4850,0.4850,0.4850,0.4850,0,0,0.1678000,-0.0533000,0.0000000,13.5569000,-0.0400000,-1.8120000
20240131,405,C,64.1550,64.1550,64.1550,64.1550,0,0,0.2456000,0.9886000,0.0000000,3.7017000,-0.0753000,28.3551000
20240131,405,P,0.1550,0.1550,0.1550,0.1550,0,0,0.2529000,-0.0133000,0.0000000,4.2753000,-0.0198000,-0.4554000
20240131,469,C,5.8200,5.8200,5.8200,5.8200,0,0,0.1142000,0.5136000,0.0000000,49.7482000,-0.1433000,16.6908000
20240131,469,P,5.6300,5.6300,5.6300,5.6300,0,0,0.1158000,-0.4863000,0.0000000,49.7482000,-0.0769000,-16.5976000
20240131,501,C,0.0450,0.0450,0.0450,0.0450,0,0,0.1035000,0.0092000,0.0000000,3.1152000,-0.0068000,0.3061000
20240131,501,P,33.5350,33.5350,33.5350,33.5350,0,0,0.2210000,-0.8597000,0.0000000,27.8009000,-0.0548000,-31.0203000
20240131,330,C,138.7500,138.7500,138.7500,138.7500,0,0,0.3906000,0.9996000,0.0000000,0.1391000,-0.0488000,23.4077000
20240131,330,P,0.0350,0.0350,0.0350,0.0350,0,0,0.4609000,-0.0017000,0.0000000,0.6935000,-0.0060000,-0.0597000
20240131,426,C,43.3650,43.3650,43.3650,43.3650,0,0,0.1909000,0.9728000,0.0000000,7.8189000,-0.0885000,29.3077000
20240131,426,P,0.2850,0.2850,0.2850,0.2850,0,0,0.1943000,-0.0293000,0.0000000,8.3259000,-0.0290000,-0.9957000
20240131,458,C,13.5350,13.5350,13.5350,13.5350,0,0,0.1303000,0.7630000,0.0000000,38.5185000,-0.1464000,24.4466000
20240131,458,P,2.2950,2.2950,2.2950,2.2950,0,0,0.1300000,-0.2364000,0.0000000,38.4744000,-0.0798000,-8.0375000
20240131,490,C,0.2650,0.2650,0.2650,0.2650,0,0,0.0982000,0.0510000,0.0000000,13.0792000,-0.0281000,1.6808000
20240131,490,P,22.5350,22.5350,22.5350,22.5350,0,0,0.1670000,-0.8282000,0.0000000,31.7853000,-0.0425000,-29.1857000
20240131,415,C,54.2350,54.2350,54.2350,54.2350,0,0,0.2187000,0.9835000,0.0000000,5.1035000,-0.0804000,28.8919000
20240131,415,P,0.1950,0.1950,0.1950,0.1950,0,0,0.2236000,-0.0183000,0.0000000,5.6159000,-0.0228000,-0.6247000
20240131,447,C,23.1650,23.1650,23.1650,23.1650,0,0,0.1490000,0.8929000,0.0000000,23.0126000,-0.1233000,28.0855000
20240131,447,P,0.9450,0.9450,0.9450,0.9450,0,0,0.1476000,-0.1049000,0.0000000,22.6865000,-0.0571000,-3.5632000
20240131,479,C,1.7450,1.7450,1.7450,1.7450,0,0,0.1036000,0.2334000,0.0000000,38.2026000,-0.0918000,7.6501000
20240131,479,P,11.9900,11.9900,11.9900,11.9900,0,0,0.1178000,-0.7378000,0.0000000,40.6434000,-0.0401000,-25.4256000
20240131,340,C,128.8000,128.8000,128.8000,128.8000,0,0,0.4023000,0.9988000,0.0000000,0.4688000,-0.0528000,24.0890000
20240131,340,P,0.0350,0.0350,0.0350,0.0350,0,0,0.4257000,-0.0019000,0.0000000,0.7591000,-0.0060000,-0.0658000
20240131,436,C,33.5750,33.5750,33.5750,33.5750,0,0,0.1677000,0.9520000,0.0000000,12.4428000,-0.1000000,29.3137000
20240131,436,P,0.4550,0.4550,0.4550,0.4550,0,0,0.1697000,-0.0499000,0.0000000,12.8574000,-0.0385000,-1.6952000
20240131,500,C,0.0450,0.0450,0.0450,0.0450,0,0,0.1005000,0.0094000,0.0000000,3.1525000,-0.0067000,0.3104000
20240131,500,P,32.5350,32.5350,32.5350,32.5350,0,0,0.2163000,-0.8575000,0.0000000,28.0978000,-0.0538000,-30.8754000
20240131,468,C,6.4000,6.4000,6.4000,6.4000,0,0,0.1155000,0.5411000,0.0000000,49.5120000,-0.1459000,17.5659000
20240131,468,P,5.1950,5.1950,5.1950,5.1950,0,0,0.1166000,-0.4591000,0.0000000,49.5155000,-0.0791000,-15.6584000
20240131,425,C,44.3500,44.3500,44.3500,44.3500,0,0,0.1940000,0.9737000,0.0000000,7.5994000,-0.0881000,29.2675000
20240131,425,P,0.2750,0.2750,0.2750,0.2750,0,0,0.1970000,-0.0280000,0.0000000,8.0210000,-0.0284000,-0.9522000
20240131,457,C,14.3550,14.3550,14.3550,14.3550,0,0,0.1320000,0.7792000,0.0000000,37.0167000,-0.1448000,24.9279000
20240131,457,P,2.1100,2.1100,2.1100,2.1100,0,0,0.1316000,-0.2201000,0.0000000,36.9585000,-0.0782000,-7.4814000
20240131,489,C,0.3250,0.3250,0.3250,0.3250,0,0,0.0987000,0.0606000,0.0000000,14.9918000,-0.0325000,1.9974000
20240131,489,P,21.5350,21.5350,21.5350,21.5350,0,0,0.1618000,-0.8242000,0.0000000,32.2523000,-0.0412000,-28.9818000
20240131,350,C,118.8450,118.8450,118.8450,118.8450,0,0,0.3730000,0.9986000,0.0000000,0.5611000,-0.0546000,24.7903000
20240131,350,P,0.0450,0.0450,0.0450,0.0450,0,0,0.4003000,-0.0025000,0.0000000,0.9942000,-0.0074000,-0.0885000
20240131,414,C,55.2250,55.2250,55.2250,55.2250,0,0,0.2211000,0.9843000,0.0000000,4.9108000,-0.0798000,28.8454000
20240131,414,P,0.1950,0.1950,0.1950,0.1950,0,0,0.2275000,-0.0181000,0.0000000,5.5587000,-0.0230000,-0.6174000
20240131,446,C,24.0950,24.0950,24.0950,24.0950,0,0,0.1510000,0.9001000,0.0000000,21.8789000,-0.1212000,28.2591000
20240131,446,P,0.8750,0.8750,0.8750,0.8750,0,0,0.1493000,-0.0975000,0.0000000,21.4958000,-0.0549000,-3.3089000
20240131,510,C,0.0150,0.0150,0.0150,0.0150,0,0,0.1093000,0.0022000,0.0000000,0.8910000,-0.0020000,0.0752000
20240131,510,P,42.5350,42.5350,42.5350,42.5350,0,0,0.2622000,-0.8758000,0.0000000,25.5682000,-0.0631000,-32.1952000
20240131,478,C,2.0150,2.0150,2.0150,2.0150,0,0,0.1045000,0.2589000,0.0000000,40.3906000,-0.0985000,8.4814000
20240131,478,P,11.1850,11.1850,11.1850,11.1850,0,0,0.1160000,-0.7189000,0.0000000,42.0801000,-0.0433000,-24.7372000
20240131,435,C,34.5450,34.5450,34.5450,34.5450,0,0,0.1697000,0.9550000,0.0000000,11.8138000,-0.0985000,29.3444000
20240131,435,P,0.4250,0.4250,0.4250,0.4250,0,0,0.1716000,-0.0466000,0.0000000,12.1700000,-0.0369000,-1.5827000
20240131,467,C,7.0100,7.0100,7.0100,7.0100,0,0,0.1169000,0.5679000,0.0000000,49.0545000,-0.1479000,18.4126000
20240131,467,P,4.7900,4.7900,4.7900,4.7900,0,0,0.1178000,-0.4325000,0.0000000,49.0633000,-0.0810000,-14.7443000
20240131,499,C,0.0550,0.0550,0.0550,0.0550,0,0,0.1005000,0.0114000,0.0000000,3.7457000,-0.0080000,0.3782000
20240131,499,P,31.5350,31.5350,31.5350,31.5350,0,0,0.2116000,-0.8552000,0.0000000,28.4016000,-0.0528000,-30.7279000
20240131,360,C,108.8900,108.8900,108.8900,108.8900,0,0,0.3554000,0.9977000,0.0000000,0.8786000,-0.0580000,25.4701000
20240131,360,P,0.0650,0.0650,0.0650,0.0650,0,0,0.3808000,-0.0039000,0.0000000,1.4528000,-0.0103000,-0.1348000
20240131,424,C,45.3350,45.3350,45.3350,45.3350,0,0,0.1955000,0.9755000,0.0000000,7.1526000,-0.0866000,29.2588000
20240131,424,P,0.2650,0.2650,0.2650,0.2650,0,0,0.1997000,-0.0268000,0.0000000,7.7304000,-0.0278000,-0.9111000
20240131,456,C,15.1850,15.1850,15.1850,15.1850,0,0,0.1336000,0.7945000,0.0000000,35.4957000,-0.1430000,25.3788000
20240131,456,P,1.9450,1.9450,1.9450,1.9450,0,0,0.1330000,-0.2045000,0.0000000,35.4008000,-0.0763000,-6.9486000
20240131,520,C,0.0150,0.0150,0.0150,0.0150,0,0,0.1328000,0.0020000,0.0000000,0.7913000,-0.0021000,0.0659000
20240131,520,P,52.5350,52.5350,52.5350,52.5350,0,0,0.3055000,-0.8883000,0.0000000,23.7087000,-0.0712000,-33.3261000
20240131,488,C,0.3850,0.3850,0.3850,0.3850,0,0,0.0986000,0.0703000,0.0000000,16.8118000,-0.0366000,2.3147000
20240131,488,P,20.5350,20.5350,20.5350,20.5350,0,0,0.1566000,-0.8199000,0.0000000,32.7422000,-0.0398000,-28.7689000
20240131,413,C,56.2150,56.2150,56.2150,56.2150,0,0,0.2236000,0.9849000,0.0000000,4.7268000,-0.0791000,28.7976000
20240131,413,P,0.1850,0.1850,0.1850,0.1850,0,0,0.2294000,-0.0171000,0.0000000,5.3051000,-0.0222000,-0.5846000
20240131,445,C,25.0250,25.0250,25.0250,25.0250,0,0,0.1527000,0.9071000,0.0000000,20.7361000,-0.1189000,28.4270000
20240131,445,P,0.8150,0.8150,0.8150,0.8150,0,0,0.1512000,-0.0908000,0.0000000,20.3964000,-0.0530000,-3.0815000
20240131,477,C,2.3150,2.3150,2.3150,2.3150,0,0,0.1054000,0.2856000,0.0000000,42.4047000,-0.1050000,9.3470000
20240131,477,P,10.4250,10.4250,10.4250,10.4250,0,0,0.1150000,-0.6973000,0.0000000,43.5558000,-0.0473000,-23.9644000
20240131,370,C,98.9400,98.9400,98.9400,98.9400,0,0,0.3339000,0.9966000,0.0000000,1.2622000,-0.0614000,26.1418000
20240131,370,P,0.0750,0.0750,0.0750,0.0750,0,0,0.3515000,-0.0049000,0.0000000,1.7849000,-0.0117000,-0.1695000
20240131,434,C,35.5200,35.5200,35.5200,35.5200,0,0,0.1726000,0.9572000,0.0000000,11.3566000,-0.0976000,29.3460000
20240131,434,P,0.4050,0.4050,0.4050,0.4050,0,0,0.1740000,-0.0440000,0.0000000,11.6336000,-0.0358000,-1.4966000
20240131,466,C,7.6450,7.6450,7.6450,7.6450,0,0,0.1182000,0.5938000,0.0000000,48.3943000,-0.1493000,19.2309000
20240131,466,P,4.4200,4.4200,4.4200,4.4200,0,0,0.1190000,-0.4067000,0.0000000,48.4100000,-0.0825000,-13.8587000
20240131,498,C,0.0650,0.0650,0.0650,0.0650,0,0,0.1005000,0.0139000,0.0000000,4.4273000,-0.0095000,0.4588000
20240131,498,P,30.5350,30.5350,30.5350,30.5350,0,0,0.2067000,-0.8529000,0.0000000,28.7130000,-0.0517000,-30.5778000
20240131,530,P,62.5300,62.5300,62.5300,62.5300,0,0,0.3469000,-0.8976000,0.0000000,22.2785000,-0.0784000,-34.3455000
20240131,423,C,46.3250,46.3250,46.3250,46.3250,0,0,0.1987000,0.9763000,0.0000000,6.9588000,-0.0862000,29.2144000
20240131,423,P,0.2550,0.2550,0.2550,0.2550,0,0,0.2023000,-0.0256000,0.0000000,7.4534000,-0.0272000,-0.8723000
20240131,455,C,16.0300,16.0300,16.0300,16.0300,0,0,0.1353000,0.8086000,0.0000000,34.0034000,-0.1411000,25.7882000
20240131,455,P,1.7850,1.7850,1.7850,1.7850,0,0,0.1343000,-0.1897000,0.0000000,33.8283000,-0.0742000,-6.4447000
20240131,487,C,0.4650,0.4650,0.4650,0.4650,0,0,0.0991000,0.0824000,0.0000000,18.9842000,-0.0417000,2.7143000
20240131,487,P,19.5350,19.5350,19.5350,19.5350,0,0,0.1513000,-0.8153000,0.0000000,33.2690000,-0.0385000,-28.5427000
20240131,380,C,89.0000,89.0000,89.0000,89.0000,0,0,0.3134000,0.9948000,0.0000000,1.8602000,-0.0659000,26.7892000
20240131,380,P,0.0950,0.0950,0.0950,0.0950,0,0,0.3251000,-0.0066000,0.0000000,2.3297000,-0.0141000,-0.2285000
20240131,412,C,57.2050,57.2050,57.2050,57.2050,0,0,0.2258000,0.9857000,0.0000000,4.5282000,-0.0783000,28.7514000
20240131,412,P,0.1850,0.1850,0.1850,0.1850,0,0,0.2329000,-0.0167000,0.0000000,5.2065000,-0.0221000,-0.5721000
20240131,444,C,25.9650,25.9650,25.9650,25.9650,0,0,0.1547000,0.9132000,0.0000000,19.7106000,-0.1169000,28.5639000
20240131,444,P,0.7550,0.7550,0.7550,0.7550,0,0,0.1529000,-0.0843000,0.0000000,19.3027000,-0.0509000,-2.8620000
20240131,476,C,2.6400,2.6400,2.6400,2.6400,0,0,0.1064000,0.3131000,0.0000000,44.2102000,-0.1113000,10.2391000
20240131,476,P,9.7000,9.7000,9.7000,9.7000,0,0,0.1144000,-0.6739000,0.0000000,44.9676000,-0.0517000,-23.1340000
20240131,540,P,72.5300,72.5300,72.5300,72.5300,0,0,0.3867000,-0.9046000,0.0000000,21.1448000,-0.0851000,-35.2928000
20240131,433,C,36.4950,36.4950,36.4950,36.4950,0,0,0.1743000,0.9601000,0.0000000,10.7210000,-0.0959000,29.3747000
20240131,433,P,0.3850,0.3850,0.3850,0.3850,0,0,0.1765000,-0.0417000,0.0000000,11.1248000,-0.0348000,-1.4162000
20240131,465,C,8.3050,8.3050,8.3050,8.3050,0,0,0.1196000,0.6187000,0.0000000,47.5550000,-0.1503000,20.0144000
20240131,465,P,4.0750,4.0750,4.0750,4.0750,0,0,0.1202000,-0.3817000,0.0000000,47.5727000,-0.0834000,-13.0013000
20240131,497,C,0.0750,0.0750,0.0750,0.0750,0,0,0.0996000,0.0159000,0.0000000,4.9762000,-0.0106000,0.5255000
20240131,497,P,29.5350,29.5350,29.5350,29.5350,0,0,0.2019000,-0.8503000,0.0000000,29.0427000,-0.0506000,-30.4222000
20240131,390,C,79.0550,79.0550,79.0550,79.0550,0,0,0.2841000,0.9933000,0.0000000,2.3128000,-0.0687000,27.4501000
20240131,390,P,0.1150,0.1150,0.1150,0.1150,0,0,0.2963000,-0.0086000,0.0000000,2.9402000,-0.0161000,-0.2971000
20240131,422,C,47.3100,47.3100,47.3100,47.3100,0,0,0.2014000,0.9773000,0.0000000,6.7097000,-0.0855000,29.1773000
20240131,422,P,0.2450,0.2450,0.2450,0.2450,0,0,0.2048000,-0.0244000,0.0000000,7.1570000,-0.0264000,-0.8312000
20240131,454,C,16.8950,16.8950,16.8950,16.8950,0,0,0.1370000,0.8218000,0.0000000,32.5247000,-0.1391000,26.1666000
20240131,454,P,1.6450,1.6450,1.6450,1.6450,0,0,0.1359000,-0.1762000,0.0000000,32.3098000,-0.0722000,-5.9865000
20240131,486,C,0.5550,0.5550,0.5550,0.5550,0,0,0.0993000,0.0955000,0.0000000,21.1740000,-0.0468000,3.1418000
20240131,486,P,18.5350,18.5350,18.5350,18.5350,0,0,0.1459000,-0.8104000,0.0000000,33.8134000,-0.0371000,-28.3079000
20240131,411,C,58.2000,58.2000,58.2000,58.2000,0,0,0.2304000,0.9856000,0.0000000,4.5614000,-0.0787000,28.6761000
20240131,411,P,0.1750,0.1750,0.1750,0.1750,0,0,0.2348000,-0.0159000,0.0000000,4.9716000,-0.0213000,-0.5421000
20240131,443,C,26.9100,26.9100,26.9100,26.9100,0,0,0.1569000,0.9186000,0.0000000,18.7864000,-0.1152000,28.6752000
20240131,443,P,0.7050,0.7050,0.7050,0.7050,0,0,0.1550000,-0.0788000,0.0000000,18.3416000,-0.0492000,-2.6746000
20240131,475,C,3.0000,3.0000,3.0000,3.0000,0,0,0.1074000,0.3413000,0.0000000,45.7860000,-0.1173000,11.1527000
20240131,475,P,9.0200,9.0200,9.0200,9.0200,0,0,0.1141000,-0.6490000,0.0000000,46.2599000,-0.0561000,-22.2578000
20240131,432,C,37.4700,37.4700,37.4700,37.4700,0,0,0.1767000,0.9622000,0.0000000,10.2499000,-0.0948000,29.3762000
20240131,432,P,0.3650,0.3650,0.3650,0.3650,0,0,0.1788000,-0.0393000,0.0000000,10.6203000,-0.0337000,-1.3376000
20240131,400,C,69.1200,69.1200,69.1200,69.1200,0,0,0.2602000,0.9902000,0.0000000,3.2657000,-0.0736000,28.0515000
20240131,400,P,0.1350,0.1350,0.1350,0.1350,0,0,0.2661000,-0.0111000,0.0000000,3.6641000,-0.0179000,-0.3815000
20240131,464,C,8.9900,8.9900,8.9900,8.9900,0,0,0.1212000,0.6425000,0.0000000,46.5660000,-0.1509000,20.7564000
20240131,464,P,3.7550,3.7550,3.7550,3.7550,0,0,0.1215000,-0.3577000,0.0000000,46.5774000,-0.0839000,-12.1799000
20240131,496,C,0.0950,0.0950,0.0950,0.0950,0,0,0.1000000,0.0196000,0.0000000,5.9626000,-0.0128000,0.6494000
20240131,496,P,28.5350,28.5350,28.5350,28.5350,0,0,0.1971000,-0.8476000,0.0000000,29.3922000,-0.0496000,-30.2607000
20240131,421,C,48.2950,48.2950,48.2950,48.2950,0,0,0.2028000,0.9789000,0.0000000,6.3189000,-0.0842000,29.1591000
20240131,421,P,0.2350,0.2350,0.2350,0.2350,0,0,0.2072000,-0.0233000,0.0000000,6.8746000,-0.0257000,-0.7924000
20240131,453,C,17.7550,17.7550,17.7550,17.7550,0,0,0.1384000,0.8347000,0.0000000,30.9992000,-0.1367000,26.5349000
20240131,453,P,1.5150,1.5150,1.5150,1.5150,0,0,0.1375000,-0.1635000,0.0000000,30.7986000,-0.0701000,-5.5547000
20240131,485,C,0.6650,0.6650,0.6650,0.6650,0,0,0.0999000,0.1106000,0.0000000,23.5654000,-0.0527000,3.6387000
20240131,485,P,17.5400,17.5400,17.5400,17.5400,0,0,0.1408000,-0.8045000,0.0000000,34.4474000,-0.0360000,-28.0426000
20240131,410,C,59.1950,59.1950,59.1950,59.1950,0,0,0.2324000,0.9863000,0.0000000,4.3517000,-0.0779000,28.6311000
20240131,410,P,0.1750,0.1750,0.1750,0.1750,0,0,0.2387000,-0.0157000,0.0000000,4.9275000,-0.0215000,-0.5366000
20240131,442,C,27.8600,27.8600,27.8600,27.8600,0,0,0.1591000,0.9237000,0.0000000,17.8787000,-0.1134000,28.7789000
20240131,442,P,0.6550,0.6550,0.6550,0.6550,0,0,0.1567000,-0.0732000,0.0000000,17.3432000,-0.0472000,-2.4849000
20240131,474,C,3.3900,3.3900,3.3900,3.3900,0,0,0.1083000,0.3699000,0.0000000,47.1072000,-0.1228000,12.0773000
20240131,474,P,8.3300,8.3300,8.3300,8.3300,0,0,0.1132000,-0.6241000,0.0000000,47.3459000,-0.0594000,-21.3794000
20240131,335,C,133.7750,133.7750,133.7750,133.7750,0,0,0.3828000,0.9995000,0.0000000,0.1820000,-0.0498000,23.7590000
20240131,335,P,0.0350,0.0350,0.0350,0.0350,0,0,0.4433000,-0.0018000,0.0000000,0.7265000,-0.0060000,-0.0628000
20240131,431,C,38.4500,38.4500,38.4500,38.4500,0,0,0.1791000,0.9642000,0.0000000,9.8034000,-0.0937000,29.3729000
20240131,431,P,0.3450,0.3450,0.3450,0.3450,0,0,0.1809000,-0.0370000,0.0000000,10.0993000,-0.0325000,-1.2577000
20240131,463,C,9.7050,9.7050,9.7050,9.7050,0,0,0.1228000,0.6652000,0.0000000,45.4420000,-0.1511000,21.4635000
20240131,463,P,3.4600,3.4600,3.4600,3.4600,0,0,0.1229000,-0.3349000,0.0000000,45.4534000,-0.0842000,-11.4004000
20240131,495,C,0.1050,0.1050,0.1050,0.1050,0,0,0.0986000,0.0219000,0.0000000,6.5441000,-0.0138000,0.7249000
20240131,495,P,27.5350,27.5350,27.5350,27.5350,0,0,0.1921000,-0.8449000,0.0000000,29.7423000,-0.0484000,-30.0979000
20240131,420,C,49.2850,49.2850,49.2850,49.2850,0,0,0.2055000,0.9797000,0.0000000,6.0971000,-0.0835000,29.1177000
20240131,420,P,0.2250,0.2250,0.2250,0.2250,0,0,0.2097000,-0.0222000,0.0000000,6.6054000,-0.0250000,-0.7558000
20240131,452,C,18.6300,18.6300,18.6300,18.6300,0,0,0.1401000,0.8463000,0.0000000,29.5609000,-0.1345000,26.8573000
20240131,452,P,1.4000,1.4000,1.4000,1.4000,0,0,0.1394000,-0.1523000,0.0000000,29.3919000,-0.0682000,-5.1726000
20240131,484,C,0.7950,0.7950,0.7950,0.7950,0,0,0.1005000,0.1276000,0.0000000,26.0592000,-0.0589000,4.1937000
20240131,484,P,16.5400,16.5400,16.5400,16.5400,0,0,0.1353000,-0.7988000,0.0000000,35.0547000,-0.0345000,-27.7801000
20240131,345,C,123.8250,123.8250,123.8250,123.8250,0,0,0.3867000,0.9987000,0.0000000,0.5017000,-0.0536000,24.4409000
20240131,345,P,0.0450,0.0450,0.0450,0.0450,0,0,0.4179000,-0.0024000,0.0000000,0.9508000,-0.0074000,-0.0843000
20240131,409,C,60.1850,60.1850,60.1850,60.1850,0,0,0.2348000,0.9869000,0.0000000,4.1940000,-0.0773000,28.5795000
20240131,409,P,0.1650,0.1650,0.1650,0.1650,0,0,0.2402000,-0.0147000,0.0000000,4.6644000,-0.0205000,-0.5034000
20240131,441,C,28.7600,28.7600,28.7600,28.7600,0,0,0.1580000,0.9323000,0.0000000,16.3098000,-0.1088000,29.0012000
20240131,441,P,0.6150,0.6150,0.6150,0.6150,0,0,0.1589000,-0.0686000,0.0000000,16.5006000,-0.0456000,-2.3290000
20240131,505,C,0.0350,0.0350,0.0350,0.0350,0,0,0.1103000,0.0066000,0.0000000,2.3179000,-0.0053000,0.2187000
20240131,505,P,37.5350,37.5350,37.5350,37.5350,0,0,0.2396000,-0.8676000,0.0000000,26.7238000,-0.0586000,-31.5672000
20240131,473,C,3.8100,3.8100,3.8100,3.8100,0,0,0.1094000,0.3988000,0.0000000,48.1675000,-0.1279000,13.0097000
20240131,473,P,7.7250,7.7250,7.7250,7.7250,0,0,0.1134000,-0.5972000,0.0000000,48.2916000,-0.0636000,-20.4384000
20240131,430,C,39.4300,39.4300,39.4300,39.4300,0,0,0.1816000,0.9661000,0.0000000,9.3799000,-0.0927000,29.3653000
20240131,430,P,0.3350,0.3350,0.3350,0.3350,0,0,0.1840000,-0.0356000,0.0000000,9.7901000,-0.0321000,-1.2111000
20240131,462,C,10.4300,10.4300,10.4300,10.4300,0,0,0.1243000,0.6869000,0.0000000,44.2062000,-0.1508000,22.1334000
20240131,462,P,3.1900,3.1900,3.1900,3.1900,0,0,0.1244000,-0.3131000,0.0000000,44.2134000,-0.0840000,-10.6561000
20240131,494,C,0.1350,0.1350,0.1350,0.1350,0,0,0.0996000,0.0275000,0.0000000,7.9049000,-0.0169000,0.9076000
20240131,494,P,26.5350,26.5350,26.5350,26.5350,0,0,0.1872000,-0.8419000,0.0000000,30.1146000,-0.0473000,-29.9281000
20240131,355,C,113.8650,113.8650,113.8650,113.8650,0,0,0.3593000,0.9984000,0.0000000,0.6277000,-0.0556000,25.1390000
20240131,355,P,0.0550,0.0550,0.0550,0.0550,0,0,0.3925000,-0.0033000,0.0000000,1.2458000,-0.0091000,-0.1137000
20240131,419,C,50.2750,50.2750,50.2750,50.2750,0,0,0.2082000,0.9806000,0.0000000,5.8854000,-0.0829000,29.0746000
20240131,419,P,0.2250,0.2250,0.2250,0.2250,0,0,0.2133000,-0.0217000,0.0000000,6.4955000,-0.0251000,-0.7412000
20240131,451,C,19.5200,19.5200,19.5200,19.5200,0,0,0.1419000,0.8571000,0.0000000,28.1558000,-0.1322000,27.1532000
20240131,451,P,1.2950,1.2950,1.2950,1.2950,0,0,0.1409000,-0.1412000,0.0000000,27.9414000,-0.0659000,-4.7961000
20240131,515,C,0.0150,0.0150,0.0150,0.0150,0,0,0.1210000,0.0021000,0.0000000,0.8312000,-0.0020000,0.0696000
20240131,515,P,47.5350,47.5350,47.5350,47.5350,0,0,0.2841000,-0.8825000,0.0000000,24.5775000,-0.0673000,-32.7772000
20240131,483,C,0.9350,0.9350,0.9350,0.9350,0,0,0.1009000,0.1453000,0.0000000,28.4808000,-0.0650000,4.7731000
20240131,483,P,15.5650,15.5650,15.5650,15.5650,0,0,0.1303000,-0.7915000,0.0000000,35.8067000,-0.0336000,-27.4669000
20240131,525,C,0.0150,0.0150,0.0150,0.0150,0,0,0.1445000,0.0019000,0.0000000,0.7650000,-0.0022000,0.0634000
20240131,525,P,57.5350,57.5350,57.5350,57.5350,0,0,0.3265000,-0.8932000,0.0000000,22.9600000,-0.0750000,-33.8447000
20240131,408,C,61.1750,61.1750,61.1750,61.1750,0,0,0.2368000,0.9876000,0.0000000,4.0026000,-0.0764000,28.5319000
20240131,408,P,0.1650,0.1650,0.1650,0.1650,0,0,0.2438000,-0.0145000,0.0000000,4.6048000,-0.0205000,-0.4961000
20240131,440,C,29.7150,29.7150,29.7150,29.7150,0,0,0.1595000,0.9374000,0.0000000,15.3518000,-0.1065000,29.1025000
20240131,440,P,0.5850,0.5850,0.5850,0.5850,0,0,0.1614000,-0.0647000,0.0000000,15.7798000,-0.0445000,-2.1986000
20240131,472,C,4.2650,4.2650,4.2650,4.2650,0,0,0.1104000,0.4277000,0.0000000,48.9598000,-0.1324000,13.9427000
20240131,472,P,7.1350,7.1350,7.1350,7.1350,0,0,0.1135000,-0.5699000,0.0000000,49.0107000,-0.0672000,-19.4871000
20240131,365,C,103.9200,103.9200,103.9200,103.9200,0,0,0.3496000,0.9969000,0.0000000,1.1671000,-0.0605000,25.7964000
20240131,365,P,0.0650,0.0650,0.0650,0.0650,0,0,0.3632000,-0.0041000,0.0000000,1.5255000,-0.0103000,-0.1422000
20240131,429,C,40.4100,40.4100,40.4100,40.4100,0,0,0.1838000,0.9680000,0.0000000,8.9384000,-0.0915000,29.3596000
20240131,429,P,0.3150,0.3150,0.3150,0.3150,0,0,0.1859000,-0.0333000,0.0000000,9.2764000,-0.0308000,-1.1342000
20240131,461,C,11.1800,11.1800,11.1800,11.1800,0,0,0.1258000,0.7075000,0.0000000,42.8787000,-0.1502000,22.7659000
20240131,461,P,2.9350,2.9350,2.9350,2.9350,0,0,0.1256000,-0.2921000,0.0000000,42.8582000,-0.0832000,-9.9378000
20240131,493,C,0.1550,0.1550,0.1550,0.1550,0,0,0.0986000,0.0313000,0.0000000,8.8158000,-0.0188000,1.0349000
20240131,493,P,25.5350,25.5350,25.5350,25.5350,0,0,0.1823000,-0.8387000,0.0000000,30.5107000,-0.0462000,-29.7508000
20240131,535,P,67.5300,67.5300,67.5300,67.5300,0,0,0.3670000,-0.9013000,0.0000000,21.6873000,-0.0819000,-34.8252000
20240131,418,C,51.2650,51.2650,51.2650,51.2650,0,0,0.2109000,0.9813000,0.0000000,5.6832000,-0.0823000,29.0301000
20240131,418,P,0.2150,0.2150,0.2150,0.2150,0,0,0.2158000,-0.0208000,0.0000000,6.2462000,-0.0244000,-0.7077000
20240131,450,C,20.4200,20.4200,20.4200,20.4200,0,0,0.1437000,0.8669000,0.0000000,26.8155000,-0.1301000,27.4173000
20240131,450,P,1.1950,1.1950,1.1950,1.1950,0,0,0.1425000,-0.1311000,0.0000000,26.5552000,-0.0637000,-4.4520000
20240131,482,C,1.1050,1.1050,1.1050,1.1050,0,0,0.1016000,0.1653000,0.0000000,31.0201000,-0.0717000,5.4293000
20240131,482,P,14.6150,14.6150,14.6150,14.6150,0,0,0.1260000,-0.7819000,0.0000000,36.7569000,-0.0337000,-27.0804000
20240131,375,C,93.9700,93.9700,93.9700,93.9700,0,0,0.3242000,0.9957000,0.0000000,1.5470000,-0.0637000,26.4674000
20240131,375,P,0.0850,0.0850,0.0850,0.0850,0,0,0.3388000,-0.0057000,0.0000000,2.0550000,-0.0129000,-0.1985000
20240131,439,C,30.6750,30.6750,30.6750,30.6750,0,0,0.1614000,0.9416000,0.0000000,14.5461000,-0.1047000,29.1728000
20240131,439,P,0.5450,0.5450,0.5450,0.5450,0,0,0.1633000,-0.0603000,0.0000000,14.9393000,-0.0427000,-2.0495000
20240131,407,C,62.1650,62.1650,62.1650,62.1650,0,0,0.2387000,0.9882000,0.0000000,3.8203000,-0.0757000,28.4830000
20240131,407,P,0.1650,0.1650,0.1650,0.1650,0,0,0.2475000,-0.0143000,0.0000000,4.5465000,-0.0206000,-0.4890000
20240131,471,C,4.7500,4.7500,4.7500,4.7500,0,0,0.1116000,0.4568000,0.0000000,49.4854000,-0.1366000,14.8743000
20240131,471,P,6.5950,6.5950,6.5950,6.5950,0,0,0.1140000,-0.5420000,0.0000000,49.5009000,-0.0707000,-18.5195000
20240131,545,P,77.5300,77.5300,77.5300,77.5300,0,0,0.4060000,-0.9076000,0.0000000,20.6528000,-0.0882000,-35.7486000
20240131,428,C,41.3950,41.3950,41.3950,41.3950,0,0,0.1857000,0.9700000,0.0000000,8.4815000,-0.0902000,29.3552000
20240131,428,P,0.3050,0.3050,0.3050,0.3050,0,0,0.1887000,-0.0319000,0.0000000,8.9439000,-0.0302000,-1.0852000
20240131,460,C,11.9450,11.9450,11.9450,11.9450,0,0,0.1271000,0.7273000,0.0000000,41.4577000,-0.1491000,23.3709000
20240131,460,P,2.7050,2.7050,2.7050,2.7050,0,0,0.1271000,-0.2725000,0.0000000,41.4508000,-0.0824000,-9.2692000
20240131,492,C,0.1850,0.1850,0.1850,0.1850,0,0,0.0985000,0.0370000,0.0000000,10.1055000,-0.0216000,1.2216000
20240131,492,P,24.5350,24.5350,24.5350,24.5350,0,0,0.1772000,-0.8355000,0.0000000,30.9113000,-0.0449000,-29.5707000
20240131,385,C,84.0250,84.0250,84.0250,84.0250,0,0,0.2958000,0.9945000,0.0000000,1.9480000,-0.0665000,27.1349000
20240131,385,P,0.1050,0.1050,0.1050,0.1050,0,0,0.3110000,-0.0076000,0.0000000,2.6248000,-0.0151000,-0.2613000
20240131,417,C,52.2550,52.2550,52.2550,52.2550,0,0,0.2136000,0.9821000,0.0000000,5.4900000,-0.0817000,28.9842000
20240131,417,P,0.2050,0.2050,0.2050,0.2050,0,0,0.2177000,-0.0196000,0.0000000,5.9531000,-0.0235000,-0.6688000
20240131,449,C,21.3250,21.3250,21.3250,21.3250,0,0,0.1452000,0.8766000,0.0000000,25.4480000,-0.1276000,27.6747000
20240131,449,P,1.1050,1.1050,1.1050,1.1050,0,0,0.1442000,-0.1218000,0.0000000,25.2249000,-0.0615000,-4.1350000
20240131,481,C,1.2950,1.2950,1.2950,1.2950,0,0,0.1023000,0.1867000,0.0000000,33.4998000,-0.0784000,6.1268000
20240131,481,P,13.7050,13.7050,13.7050,13.7050,0,0,0.1226000,-0.7697000,0.0000000,37.9128000,-0.0350000,-26.6087000
20240131,438,C,31.6400,31.6400,31.6400,31.6400,0,0,0.1639000,0.9449000,0.0000000,13.8843000,-0.1034000,29.2153000
20240131,438,P,0.5050,0.5050,0.5050,0.5050,0,0,0.1649000,-0.0560000,0.0000000,14.0894000,-0.0407000,-1.9022000
20240131,406,C,63.1600,63.1600,63.1600,63.1600,0,0,0.2436000,0.9880000,0.0000000,3.8751000,-0.0761000,28.4052000
20240131,406,P,0.1550,0.1550,0.1550,0.1550,0,0,0.2490000,-0.0134000,0.0000000,4.3076000,-0.0196000,-0.4593000
20240131,470,C,5.2700,5.2700,5.2700,5.2700,0,0,0.1129000,0.4854000,0.0000000,49.7444000,-0.1402000,15.7919000
20240131,470,P,6.0950,6.0950,6.0950,6.0950,0,0,0.1148000,-0.5140000,0.0000000,49.7463000,-0.0739000,-17.5532000
20240131,502,C,0.0350,0.0350,0.0350,0.0350,0,0,0.1025000,0.0071000,0.0000000,2.4764000,-0.0053000,0.2358000
20240131,502,P,34.5350,34.5350,34.5350,34.5350,0,0,0.2257000,-0.8618000,0.0000000,27.5196000,-0.0558000,-31.1608000
20240131,427,C,42.3800,42.3800,42.3800,42.3800,0,0,0.1889000,0.9710000,0.0000000,8.2348000,-0.0898000,29.3195000
20240131,427,P,0.2950,0.2950,0.2950,0.2950,0,0,0.1916000,-0.0306000,0.0000000,8.6461000,-0.0297000,-1.0419000
20240131,395,C,74.0850,74.0850,74.0850,74.0850,0,0,0.2709000,0.9922000,0.0000000,2.6735000,-0.0706000,27.7648000
20240131,395,P,0.1250,0.1250,0.1250,0.1250,0,0,0.2812000,-0.0098000,0.0000000,3.2754000,-0.0170000,-0.3357000
20240131,459,C,12.7350,12.7350,12.7350,12.7350,0,0,0.1288000,0.7456000,0.0000000,40.0147000,-0.1480000,23.9234000
20240131,459,P,2.4900,2.4900,2.4900,2.4900,0,0,0.1286000,-0.2540000,0.0000000,39.9911000,-0.0813000,-8.6389000
20240131,491,C,0.2250,0.2250,0.2250,0.2250,0,0,0.0986000,0.0439000,0.0000000,11.6109000,-0.0249000,1.4490000
20240131,491,P,23.5350,23.5350,23.5350,23.5350,0,0,0.1721000,-0.8319000,0.0000000,31.3390000,-0.0437000,-29.3817000
20240202,448,C,22.7150,22.7150,22.7150,22.7150,0,0,0.1553000,0.8657000,0.0000000,28.0066000,-0.1332000,29.3061000
20240202,448,P,1.2200,1.2200,1.2200,1.2200,0,0,0.1491000,-0.1249000,0.0000000,26.6504000,-0.0623000,-4.5754000
20240202,480,C,1.8550,1.8550,1.8550,1.8550,0,0,0.1075000,0.2314000,0.0000000,39.4516000,-0.0912000,8.1570000
20240202,480,P,12.9350,12.9350,12.9350,12.9350,0,0,0.1206000,-0.7425000,0.0000000,41.7847000,-0.0376000,-27.6225000
20240202,405,C,64.4400,64.4400,64.4400,64.4400,0,0,0.2697000,0.9779000,0.0000000,6.8170000,-0.0899000,30.1277000
20240202,405,P,0.1750,0.1750,0.1750,0.1750,0,0,0.2482000,-0.0146000,0.0000000,4.7939000,-0.0202000,-0.5370000
20240202,469,C,6.3900,6.3900,6.3900,6.3900,0,0,0.1197000,0.5170000,0.0000000,51.6090000,-0.1446000,18.0536000
20240202,469,P,5.9600,5.9600,5.9600,5.9600,0,0,0.1193000,-0.4829000,0.0000000,51.6090000,-0.0762000,-17.7758000
20240202,458,C,14.1000,14.1000,14.1000,14.1000,0,0,0.1372000,0.7474000,0.0000000,41.3698000,-0.1501000,25.7234000
20240202,458,P,2.5900,2.5900,2.5900,2.5900,0,0,0.1336000,-0.2471000,0.0000000,40.8992000,-0.0803000,-9.0634000
20240202,490,C,0.3750,0.3750,0.3750,0.3750,0,0,0.1015000,0.0652000,0.0000000,16.4657000,-0.0342000,2.3114000
20240202,490,P,22.5350,22.5350,22.5350,22.5350,0,0,0.1645000,-0.8210000,0.0000000,33.8565000,-0.0403000,-31.1722000
20240202,415,C,54.5450,54.5450,54.5450,54.5450,0,0,0.2387000,0.9710000,0.0000000,8.5621000,-0.0946000,30.6395000
20240202,415,P,0.2350,0.2350,0.2350,0.2350,0,0,0.2224000,-0.0211000,0.0000000,6.5720000,-0.0246000,-0.7759000
20240202,447,C,23.6250,23.6250,23.6250,23.6250,0,0,0.1572000,0.8738000,0.0000000,26.8311000,-0.1313000,29.5255000
20240202,447,P,1.1350,1.1350,1.1350,1.1350,0,0,0.1506000,-0.1163000,0.0000000,25.3473000,-0.0601000,-4.2604000
20240202,479,C,2.1200,2.1200,2.1200,2.1200,0,0,0.1084000,0.2551000,0.0000000,41.5919000,-0.0975000,8.9881000
20240202,479,P,12.1400,12.1400,12.1400,12.1400,0,0,0.1194000,-0.7240000,0.0000000,43.2790000,-0.0413000,-26.8975000
20240202,500,C,0.0750,0.0750,0.0750,0.0750,0,0,0.1040000,0.0147000,0.0000000,4.8268000,-0.0099000,0.5228000
20240202,500,P,32.5350,32.5350,32.5350,32.5350,0,0,0.2127000,-0.8513000,0.0000000,30.0097000,-0.0513000,-33.0270000
20240202,468,C,6.9800,6.9800,6.9800,6.9800,0,0,0.1212000,0.5423000,0.0000000,51.3656000,-0.1470000,18.9134000
20240202,468,P,5.5300,5.5300,5.5300,5.5300,0,0,0.1203000,-0.4574000,0.0000000,51.3625000,-0.0784000,-16.8304000
20240202,467.5,C,7.2850,7.2850,7.2850,7.2850,0,0,0.1218000,0.5546000,0.0000000,51.1701000,-0.1480000,19.3347000
20240202,467.5,P,5.3300,5.3300,5.3300,5.3300,0,0,0.1209000,-0.4449000,0.0000000,51.1643000,-0.0794000,-16.3672000
20240202,425,C,44.6800,44.6800,44.6800,44.6800,0,0,0.2089000,0.9595000,0.0000000,11.2511000,-0.1007000,30.9862000
20240202,425,P,0.3250,0.3250,0.3250,0.3250,0,0,0.1960000,-0.0316000,0.0000000,9.2029000,-0.0300000,-1.1585000
20240202,457,C,14.9250,14.9250,14.9250,14.9250,0,0,0.1391000,0.7624000,0.0000000,40.0243000,-0.1491000,26.2005000
20240202,457,P,2.4000,2.4000,2.4000,2.4000,0,0,0.1351000,-0.2312000,0.0000000,39.4394000,-0.0790000,-8.4784000
20240202,489,C,0.4550,0.4550,0.4550,0.4550,0,0,0.1022000,0.0764000,0.0000000,18.6070000,-0.0391000,2.7088000
20240202,489,P,21.5350,21.5350,21.5350,21.5350,0,0,0.1594000,-0.8168000,0.0000000,34.3420000,-0.0391000,-30.9480000
20240202,350,C,119.0800,119.0800,119.0800,119.0800,0,0,0.4501000,0.9921000,0.0000000,2.7868000,-0.0725000,26.4471000
20240202,350,P,0.0550,0.0550,0.0550,0.0550,0,0,0.3955000,-0.0031000,0.0000000,1.2288000,-0.0084000,-0.1158000
20240202,478,C,2.4150,2.4150,2.4150,2.4150,0,0,0.1092000,0.2795000,0.0000000,43.5506000,-0.1036000,9.8394000
20240202,478,P,11.3600,11.3600,11.3600,11.3600,0,0,0.1181000,-0.7046000,0.0000000,44.7001000,-0.0447000,-26.1425000
20240202,510,C,0.0250,0.0250,0.0250,0.0250,0,0,0.1132000,0.0042000,0.0000000,1.6358000,-0.0035000,0.1526000
20240202,510,P,42.5350,42.5350,42.5350,42.5350,0,0,0.2575000,-0.8701000,0.0000000,27.3751000,-0.0605000,-34.4674000
20240202,477.5,C,2.5750,2.5750,2.5750,2.5750,0,0,0.1097000,0.2922000,0.0000000,44.4798000,-0.1066000,10.2822000
20240202,477.5,P,11.0050,11.0050,11.0050,11.0050,0,0,0.1180000,-0.6937000,0.0000000,45.4395000,-0.0470000,-25.7227000
20240202,435,C,34.9300,34.9300,34.9300,34.9300,0,0,0.1827000,0.9369000,0.0000000,16.0401000,-0.1109000,30.9211000
20240202,435,P,0.5250,0.5250,0.5250,0.5250,0,0,0.1733000,-0.0537000,0.0000000,14.1416000,-0.0400000,-1.9670000
20240202,467,C,7.6000,7.6000,7.6000,7.6000,0,0,0.1228000,0.5667000,0.0000000,50.9308000,-0.1491000,19.7436000
20240202,467,P,5.1300,5.1300,5.1300,5.1300,0,0,0.1214000,-0.4326000,0.0000000,50.9175000,-0.0802000,-15.9079000
20240202,360,C,109.1350,109.1350,109.1350,109.1350,0,0,0.4145000,0.9910000,0.0000000,3.1250000,-0.0746000,27.1712000
20240202,360,P,0.0750,0.0750,0.0750,0.0750,0,0,0.3740000,-0.0044000,0.0000000,1.6982000,-0.0110000,-0.1661000
20240202,456,C,15.7300,15.7300,15.7300,15.7300,0,0,0.1405000,0.7775000,0.0000000,38.5859000,-0.1474000,26.6775000
20240202,456,P,2.2200,2.2200,2.2200,2.2200,0,0,0.1364000,-0.2160000,0.0000000,37.9415000,-0.0774000,-7.9187000
20240202,488,C,0.5350,0.5350,0.5350,0.5350,0,0,0.1024000,0.0876000,0.0000000,20.6232000,-0.0436000,3.1040000
20240202,488,P,20.5350,20.5350,20.5350,20.5350,0,0,0.1543000,-0.8125000,0.0000000,34.8508000,-0.0378000,-30.7138000
20240202,520,C,0.0150,0.0150,0.0150,0.0150,0,0,0.1289000,0.0021000,0.0000000,0.8924000,-0.0022000,0.0778000
20240202,520,P,52.5350,52.5350,52.5350,52.5350,0,0,0.2999000,-0.8830000,0.0000000,25.4273000,-0.0684000,-35.7003000
20240202,487.5,C,0.5850,0.5850,0.5850,0.5850,0,0,0.1027000,0.0942000,0.0000000,21.7586000,-0.0462000,3.3358000
20240202,487.5,P,20.0350,20.0350,20.0350,20.0350,0,0,0.1517000,-0.8102000,0.0000000,35.1076000,-0.0371000,-30.5948000
20240202,445,C,25.4700,25.4700,25.4700,25.4700,0,0,0.1616000,0.8877000,0.0000000,24.6978000,-0.1279000,29.8847000
20240202,445,P,0.9850,0.9850,0.9850,0.9850,0,0,0.1540000,-0.1015000,0.0000000,22.9788000,-0.0561000,-3.7166000
20240202,477,C,2.7400,2.7400,2.7400,2.7400,0,0,0.1103000,0.3051000,0.0000000,45.3653000,-0.1097000,10.7335000
20240202,477,P,10.6350,10.6350,10.6350,10.6350,0,0,0.1175000,-0.6831000,0.0000000,46.1131000,-0.0487000,-25.3147000
20240202,370,C,99.1950,99.1950,99.1950,99.1950,0,0,0.3818000,0.9893000,0.0000000,3.6423000,-0.0776000,27.8724000
20240202,370,P,0.0850,0.0850,0.0850,0.0850,0,0,0.3437000,-0.0054000,0.0000000,2.0154000,-0.0119000,-0.2008000
20240202,466,C,8.2350,8.2350,8.2350,8.2350,0,0,0.1241000,0.5906000,0.0000000,50.3181000,-0.1505000,20.5498000
20240202,466,P,4.7600,4.7600,4.7600,4.7600,0,0,0.1226000,-0.4084000,0.0000000,50.2906000,-0.0816000,-15.0138000
20240202,530,C,0.0150,0.0150,0.0150,0.0150,0,0,0.1484000,0.0016000,0.0000000,0.7012000,-0.0019000,0.0596000
20240202,530,P,62.5300,62.5300,62.5300,62.5300,0,0,0.3403000,-0.8926000,0.0000000,23.9220000,-0.0755000,-36.8104000
20240202,455,C,16.5700,16.5700,16.5700,16.5700,0,0,0.1424000,0.7909000,0.0000000,37.2138000,-0.1460000,27.0960000
20240202,455,P,2.0600,2.0600,2.0600,2.0600,0,0,0.1380000,-0.2020000,0.0000000,36.4705000,-0.0758000,-7.4032000
20240202,487,C,0.6350,0.6350,0.6350,0.6350,0,0,0.1029000,0.1008000,0.0000000,22.8685000,-0.0487000,3.5692000
20240202,487,P,19.5350,19.5350,19.5350,19.5350,0,0,0.1491000,-0.8078000,0.0000000,35.3856000,-0.0364000,-30.4685000
20240202,380,C,89.2600,89.2600,89.2600,89.2600,0,0,0.3510000,0.9868000,0.0000000,4.3784000,-0.0815000,28.5439000
20240202,380,P,0.1050,0.1050,0.1050,0.1050,0,0,0.3173000,-0.0071000,0.0000000,2.5831000,-0.0141000,-0.2654000
20240202,476,C,3.0900,3.0900,3.0900,3.0900,0,0,0.1113000,0.3311000,0.0000000,46.9555000,-0.1154000,11.6376000
20240202,476,P,9.9300,9.9300,9.9300,9.9300,0,0,0.1171000,-0.6604000,0.0000000,47.4208000,-0.0528000,-24.4468000
20240202,540,P,72.5300,72.5300,72.5300,72.5300,0,0,0.3790000,-0.9000000,0.0000000,22.7169000,-0.0820000,-37.8422000
20240202,465,C,8.9000,8.9000,8.9000,8.9000,0,0,0.1258000,0.6133000,0.0000000,49.5554000,-0.1517000,21.3153000
20240202,465,P,4.4100,4.4100,4.4100,4.4100,0,0,0.1238000,-0.3850000,0.0000000,49.4961000,-0.0826000,-14.1465000
20240202,390,C,79.3200,79.3200,79.3200,79.3200,0,0,0.3168000,0.9844000,0.0000000,5.0621000,-0.0840000,29.2199000
20240202,390,P,0.1250,0.1250,0.1250,0.1250,0,0,0.2890000,-0.0092000,0.0000000,3.2285000,-0.0160000,-0.3414000
20240202,454,C,17.4150,17.4150,17.4150,17.4150,0,0,0.1439000,0.8042000,0.0000000,35.7840000,-0.1441000,27.5069000
20240202,454,P,1.9050,1.9050,1.9050,1.9050,0,0,0.1393000,-0.1883000,0.0000000,34.9462000,-0.0738000,-6.8996000
20240202,486,C,0.7450,0.7450,0.7450,0.7450,0,0,0.1032000,0.1149000,0.0000000,25.1187000,-0.0540000,4.0642000
20240202,486,P,18.5350,18.5350,18.5350,18.5350,0,0,0.1439000,-0.8027000,0.0000000,35.9492000,-0.0350000,-30.2104000
20240202,475,C,3.4700,3.4700,3.4700,3.4700,0,0,0.1123000,0.3575000,0.0000000,48.3266000,-0.1207000,12.5561000
20240202,475,P,9.2400,9.2400,9.2400,9.2400,0,0,0.1164000,-0.6372000,0.0000000,48.5701000,-0.0563000,-23.5610000
20240202,400,C,69.4000,69.4000,69.4000,69.4000,0,0,0.2858000,0.9803000,0.0000000,6.1848000,-0.0881000,29.8332000
20240202,400,P,0.1550,0.1550,0.1550,0.1550,0,0,0.2617000,-0.0124000,0.0000000,4.1691000,-0.0186000,-0.4572000
20240202,464,C,9.5850,9.5850,9.5850,9.5850,0,0,0.1272000,0.6354000,0.0000000,48.6496000,-0.1524000,22.0542000
20240202,464,P,4.0900,4.0900,4.0900,4.0900,0,0,0.1251000,-0.3625000,0.0000000,48.5594000,-0.0832000,-13.3160000
20240202,453,C,18.2750,18.2750,18.2750,18.2750,0,0,0.1458000,0.8162000,0.0000000,34.4160000,-0.1424000,27.8721000
20240202,453,P,1.7700,1.7700,1.7700,1.7700,0,0,0.1411000,-0.1763000,0.0000000,33.5357000,-0.0722000,-6.4588000
20240202,485,C,0.8750,0.8750,0.8750,0.8750,0,0,0.1037000,0.1307000,0.0000000,27.5069000,-0.0597000,4.6238000
20240202,485,P,17.5400,17.5400,17.5400,17.5400,0,0,0.1388000,-0.7968000,0.0000000,36.5916000,-0.0339000,-29.9228000
20240202,410,C,59.4850,59.4850,59.4850,59.4850,0,0,0.2531000,0.9752000,0.0000000,7.4963000,-0.0915000,30.4136000
20240202,410,P,0.1950,0.1950,0.1950,0.1950,0,0,0.2341000,-0.0170000,0.0000000,5.4701000,-0.0216000,-0.6257000
20240202,474,C,3.8850,3.8850,3.8850,3.8850,0,0,0.1134000,0.3842000,0.0000000,49.4682000,-0.1257000,13.4842000
20240202,474,P,8.6000,8.6000,8.6000,8.6000,0,0,0.1163000,-0.6125000,0.0000000,49.5874000,-0.0601000,-22.6270000
20240202,495,C,0.1550,0.1550,0.1550,0.1550,0,0,0.1010000,0.0298000,0.0000000,8.7859000,-0.0178000,1.0607000
20240202,495,P,27.5350,27.5350,27.5350,27.5350,0,0,0.1891000,-0.8382000,0.0000000,31.7352000,-0.0461000,-32.1724000
20240202,463,C,10.2950,10.2950,10.2950,10.2950,0,0,0.1289000,0.6564000,0.0000000,47.6319000,-0.1528000,22.7525000
20240202,463,P,3.7900,3.7900,3.7900,3.7900,0,0,0.1264000,-0.3409000,0.0000000,47.4931000,-0.0835000,-12.5172000
20240202,462.5,C,10.6550,10.6550,10.6550,10.6550,0,0,0.1297000,0.6666000,0.0000000,47.0828000,-0.1528000,23.0899000
20240202,462.5,P,3.6500,3.6500,3.6500,3.6500,0,0,0.1271000,-0.3305000,0.0000000,46.9222000,-0.0835000,-12.1337000
20240202,420,C,49.6050,49.6050,49.6050,49.6050,0,0,0.2233000,0.9662000,0.0000000,9.7077000,-0.0972000,30.8481000
20240202,420,P,0.2650,0.2650,0.2650,0.2650,0,0,0.2080000,-0.0250000,0.0000000,7.5778000,-0.0264000,-0.9179000
20240202,452,C,19.1450,19.1450,19.1450,19.1450,0,0,0.1476000,0.8275000,0.0000000,33.0657000,-0.1406000,28.2106000
20240202,452,P,1.6400,1.6400,1.6400,1.6400,0,0,0.1427000,-0.1645000,0.0000000,32.0857000,-0.0703000,-6.0272000
20240202,484,C,1.0300,1.0300,1.0300,1.0300,0,0,0.1046000,0.1488000,0.0000000,30.0351000,-0.0661000,5.2591000
20240202,484,P,16.5600,16.5600,16.5600,16.5600,0,0,0.1340000,-0.7898000,0.0000000,37.3285000,-0.0332000,-29.5983000
20240202,473,C,4.3300,4.3300,4.3300,4.3300,0,0,0.1147000,0.4113000,0.0000000,50.3763000,-0.1305000,14.4207000
20240202,473,P,8.0050,8.0050,8.0050,8.0050,0,0,0.1165000,-0.5870000,0.0000000,50.4220000,-0.0638000,-21.6667000
20240202,505,C,0.0350,0.0350,0.0350,0.0350,0,0,0.1064000,0.0068000,0.0000000,2.4802000,-0.0051000,0.2438000
20240202,505,P,37.5350,37.5350,37.5350,37.5350,0,0,0.2354000,-0.8617000,0.0000000,28.5807000,-0.0561000,-33.7822000
20240202,472.5,C,4.5600,4.5600,4.5600,4.5600,0,0,0.1152000,0.4247000,0.0000000,50.7355000,-0.1326000,14.8841000
20240202,472.5,P,7.7200,7.7200,7.7200,7.7200,0,0,0.1168000,-0.5740000,0.0000000,50.7642000,-0.0657000,-21.1789000
20240202,430,C,39.7850,39.7850,39.7850,39.7850,0,0,0.1950000,0.9505000,0.0000000,13.2413000,-0.1049000,31.0372000
20240202,430,P,0.4050,0.4050,0.4050,0.4050,0,0,0.1843000,-0.0406000,0.0000000,11.3066000,-0.0343000,-1.4887000
20240202,462,C,11.0250,11.0250,11.0250,11.0250,0,0,0.1306000,0.6764000,0.0000000,46.5169000,-0.1529000,23.4145000
20240202,462,P,3.5200,3.5200,3.5200,3.5200,0,0,0.1279000,-0.3204000,0.0000000,46.3312000,-0.0835000,-11.7618000
20240202,355,C,114.1050,114.1050,114.1050,114.1050,0,0,0.4306000,0.9918000,0.0000000,2.8883000,-0.0730000,26.8174000
20240202,355,P,0.0650,0.0650,0.0650,0.0650,0,0,0.3847000,-0.0037000,0.0000000,1.4444000,-0.0096000,-0.1386000
20240202,451,C,20.0200,20.0200,20.0200,20.0200,0,0,0.1495000,0.8380000,0.0000000,31.7501000,-0.1388000,28.5205000
20240202,451,P,1.5200,1.5200,1.5200,1.5200,0,0,0.1442000,-0.1535000,0.0000000,30.6591000,-0.0682000,-5.6223000
20240202,483,C,1.2050,1.2050,1.2050,1.2050,0,0,0.1052000,0.1674000,0.0000000,32.4505000,-0.0722000,5.9135000
20240202,483,P,15.6050,15.6050,15.6050,15.6050,0,0,0.1295000,-0.7815000,0.0000000,38.1851000,-0.0329000,-29.2248000
20240202,515,C,0.0150,0.0150,0.0150,0.0150,0,0,0.1171000,0.0022000,0.0000000,0.9165000,-0.0020000,0.0802000
20240202,515,P,47.5350,47.5350,47.5350,47.5350,0,0,0.2789000,-0.8771000,0.0000000,26.3303000,-0.0646000,-35.1039000
20240202,525,C,0.0150,0.0150,0.0150,0.0150,0,0,0.1386000,0.0018000,0.0000000,0.7821000,-0.0020000,0.0672000
20240202,525,P,57.5300,57.5300,57.5300,57.5300,0,0,0.3203000,-0.8882000,0.0000000,24.6252000,-0.0720000,-36.2683000
20240202,482.5,C,1.2950,1.2950,1.2950,1.2950,0,0,0.1055000,0.1770000,0.0000000,33.6290000,-0.0752000,6.2519000
20240202,482.5,P,15.1400,15.1400,15.1400,15.1400,0,0,0.1278000,-0.7760000,0.0000000,38.7280000,-0.0334000,-28.9939000
20240202,440,C,30.1750,30.1750,30.1750,30.1750,0,0,0.1727000,0.9156000,0.0000000,20.0362000,-0.1196000,30.5229000
20240202,440,P,0.7050,0.7050,0.7050,0.7050,0,0,0.1632000,-0.0729000,0.0000000,17.9531000,-0.0472000,-2.6714000
20240202,472,C,4.8000,4.8000,4.8000,4.8000,0,0,0.1158000,0.4382000,0.0000000,51.0354000,-0.1347000,15.3472000
20240202,472,P,7.4400,7.4400,7.4400,7.4400,0,0,0.1170000,-0.5610000,0.0000000,51.0501000,-0.0674000,-20.6920000
20240202,365,C,104.1650,104.1650,104.1650,104.1650,0,0,0.3984000,0.9902000,0.0000000,3.3831000,-0.0762000,27.5220000
20240202,365,P,0.0750,0.0750,0.0750,0.0750,0,0,0.3564000,-0.0046000,0.0000000,1.7696000,-0.0109000,-0.1737000
20240202,461,C,11.7750,11.7750,11.7750,11.7750,0,0,0.1323000,0.6954000,0.0000000,45.3273000,-0.1527000,24.0369000
20240202,461,P,3.2600,3.2600,3.2600,3.2600,0,0,0.1293000,-0.3007000,0.0000000,45.0682000,-0.0831000,-11.0342000
20240202,535,C,0.0150,0.0150,0.0150,0.0150,0,0,0.1601000,0.0017000,0.0000000,0.7137000,-0.0021000,0.0607000
20240202,535,P,67.5300,67.5300,67.5300,67.5300,0,0,0.3598000,-0.8966000,0.0000000,23.2839000,-0.0788000,-37.3351000
20240202,450,C,20.9100,20.9100,20.9100,20.9100,0,0,0.1514000,0.8478000,0.0000000,30.4745000,-0.1370000,28.8031000
20240202,450,P,1.4150,1.4150,1.4150,1.4150,0,0,0.1457000,-0.1431000,0.0000000,29.2610000,-0.0662000,-5.2427000
20240202,482,C,1.3950,1.3950,1.3950,1.3950,0,0,0.1059000,0.1873000,0.0000000,34.8374000,-0.0784000,6.6132000
20240202,482,P,14.6800,14.6800,14.6800,14.6800,0,0,0.1260000,-0.7704000,0.0000000,39.2701000,-0.0338000,-28.7584000
20240202,375,C,94.2250,94.2250,94.2250,94.2250,0,0,0.3652000,0.9884000,0.0000000,3.9252000,-0.0791000,28.2194000
20240202,375,P,0.0950,0.0950,0.0950,0.0950,0,0,0.3310000,-0.0063000,0.0000000,2.2994000,-0.0131000,-0.2328000
20240202,471,C,5.3000,5.3000,5.3000,5.3000,0,0,0.1171000,0.4648000,0.0000000,51.4561000,-0.1384000,16.2655000
20240202,471,P,6.9000,6.9000,6.9000,6.9000,0,0,0.1174000,-0.5350000,0.0000000,51.4574000,-0.0704000,-19.7161000
20240202,545,P,77.5300,77.5300,77.5300,77.5300,0,0,0.3979000,-0.9031000,0.0000000,22.2017000,-0.0850000,-38.3363000
20240202,460,C,12.5250,12.5250,12.5250,12.5250,0,0,0.1337000,0.7140000,0.0000000,44.0321000,-0.1518000,24.6461000
20240202,460,P,3.0200,3.0200,3.0200,3.0200,0,0,0.1307000,-0.2819000,0.0000000,43.7322000,-0.0825000,-10.3426000
20240202,385,C,84.2900,84.2900,84.2900,84.2900,0,0,0.3339000,0.9857000,0.0000000,4.7036000,-0.0828000,28.8844000
20240202,385,P,0.1150,0.1150,0.1150,0.1150,0,0,0.3037000,-0.0082000,0.0000000,2.9094000,-0.0152000,-0.3035000
20240202,449,C,21.8100,21.8100,21.8100,21.8100,0,0,0.1535000,0.8568000,0.0000000,29.2556000,-0.1353000,29.0566000
20240202,449,P,1.3150,1.3150,1.3150,1.3150,0,0,0.1473000,-0.1336000,0.0000000,27.9232000,-0.0642000,-4.8943000
20240202,481,C,1.6050,1.6050,1.6050,1.6050,0,0,0.1065000,0.2083000,0.0000000,37.1428000,-0.0845000,7.3488000
20240202,481,P,13.8000,13.8000,13.8000,13.8000,0,0,0.1233000,-0.7570000,0.0000000,40.5181000,-0.0357000,-28.2098000
20240202,470,C,5.8300,5.8300,5.8300,5.8300,0,0,0.1184000,0.4912000,0.0000000,51.6438000,-0.1417000,17.1692000
20240202,470,P,6.4150,6.4150,6.4150,6.4150,0,0,0.1182000,-0.5088000,0.0000000,51.6437000,-0.0734000,-18.7394000
20240202,395,C,74.3600,74.3600,74.3600,74.3600,0,0,0.3017000,0.9824000,0.0000000,5.6145000,-0.0862000,29.5285000
20240202,395,P,0.1450,0.1450,0.1450,0.1450,0,0,0.2773000,-0.0111000,0.0000000,3.7947000,-0.0180000,-0.4107000
20240202,459,C,13.3100,13.3100,13.3100,13.3100,0,0,0.1356000,0.7309000,0.0000000,42.7367000,-0.1512000,25.1934000
20240202,459,P,2.7950,2.7950,2.7950,2.7950,0,0,0.1320000,-0.2638000,0.0000000,42.3181000,-0.0814000,-9.6767000
20240209,480,C,2.5100,2.5100,2.5100,2.5100,0,0,0.1080000,0.2676000,0.0000000,47.6545000,-0.0913000,11.7566000
20240209,480,P,13.1800,13.1800,13.1800,13.1800,0,0,0.1204000,-0.7095000,0.0000000,49.5890000,-0.0351000,-33.0727000
20240209,405,C,64.9650,64.9650,64.9650,64.9650,0,0,0.2556000,0.9723000,0.0000000,9.1961000,-0.0902000,37.3615000
20240209,405,P,0.2450,0.2450,0.2450,0.2450,0,0,0.2351000,-0.0188000,0.0000000,6.6729000,-0.0210000,-0.8691000
20240209,469,C,7.4100,7.4100,7.4100,7.4100,0,0,0.1206000,0.5275000,0.0000000,57.6154000,-0.1340000,22.9409000
20240209,469,P,6.5250,6.5250,6.5250,6.5250,0,0,0.1204000,-0.4723000,0.0000000,57.6152000,-0.0660000,-21.8017000
20240209,458,C,15.1400,15.1400,15.1400,15.1400,0,0,0.1376000,0.7331000,0.0000000,47.5891000,-0.1412000,31.4122000
20240209,458,P,3.1550,3.1550,3.1550,3.1550,0,0,0.1342000,-0.2619000,0.0000000,47.1406000,-0.0721000,-12.0461000
20240209,490,C,0.6350,0.6350,0.6350,0.6350,0,0,0.1012000,0.0932000,0.0000000,24.1329000,-0.0411000,4.1194000
20240209,490,P,22.5350,22.5350,22.5350,22.5350,0,0,0.1575000,-0.7980000,0.0000000,40.7604000,-0.0341000,-37.9379000
20240209,415,C,55.1000,55.1000,55.1000,55.1000,0,0,0.2282000,0.9634000,0.0000000,11.5830000,-0.0952000,37.9079000
20240209,415,P,0.3250,0.3250,0.3250,0.3250,0,0,0.2114000,-0.0268000,0.0000000,8.9692000,-0.0252000,-1.2323000
20240209,479,C,2.8200,2.8200,2.8200,2.8200,0,0,0.1089000,0.2902000,0.0000000,49.5734000,-0.0964000,12.7406000
20240209,479,P,12.4100,12.4100,12.4100,12.4100,0,0,0.1193000,-0.6919000,0.0000000,50.9316000,-0.0379000,-32.2096000
20240209,500,C,0.1350,0.1350,0.1350,0.1350,0,0,0.1005000,0.0239000,0.0000000,8.1543000,-0.0133000,1.0600000
20240209,500,P,32.5350,32.5350,32.5350,32.5350,0,0,0.2026000,-0.8311000,0.0000000,36.4802000,-0.0443000,-40.3768000
20240209,468,C,8.0150,8.0150,8.0150,8.0150,0,0,0.1220000,0.5498000,0.0000000,57.3015000,-0.1361000,23.8824000
20240209,468,P,6.1100,6.1100,6.1100,6.1100,0,0,0.1216000,-0.4500000,0.0000000,57.2994000,-0.0680000,-20.7590000
20240209,425,C,45.3050,45.3050,45.3050,45.3050,0,0,0.2021000,0.9489000,0.0000000,15.1682000,-0.1017000,38.1986000
20240209,425,P,0.4750,0.4750,0.4750,0.4750,0,0,0.1899000,-0.0412000,0.0000000,12.7894000,-0.0318000,-1.8940000
20240209,457,C,15.9450,15.9450,15.9450,15.9450,0,0,0.1393000,0.7473000,0.0000000,46.2651000,-0.1406000,31.9721000
20240209,457,P,2.9500,2.9500,2.9500,2.9500,0,0,0.1356000,-0.2473000,0.0000000,45.7430000,-0.0714000,-11.3712000
20240209,489,C,0.7450,0.7450,0.7450,0.7450,0,0,0.1019000,0.1061000,0.0000000,26.5264000,-0.0457000,4.6861000
20240209,489,P,21.5350,21.5350,21.5350,21.5350,0,0,0.1527000,-0.7936000,0.0000000,41.2921000,-0.0330000,-37.6429000
20240209,350,C,119.4950,119.4950,119.4950,119.4950,0,0,0.4199000,0.9901000,0.0000000,3.8233000,-0.0728000,32.9272000
20240209,350,P,0.0750,0.0750,0.0750,0.0750,0,0,0.3671000,-0.0040000,0.0000000,1.7363000,-0.0088000,-0.1884000
20240209,478,C,3.1600,3.1600,3.1600,3.1600,0,0,0.1099000,0.3135000,0.0000000,51.3224000,-0.1014000,13.7514000
20240209,478,P,11.6700,11.6700,11.6700,11.6700,0,0,0.1183000,-0.6731000,0.0000000,52.2230000,-0.0408000,-31.2965000
20240209,510,C,0.0450,0.0450,0.0450,0.0450,0,0,0.1083000,0.0076000,0.0000000,3.0618000,-0.0052000,0.3405000
20240209,510,P,42.5350,42.5350,42.5350,42.5350,0,0,0.2445000,-0.8517000,0.0000000,33.4856000,-0.0528000,-42.2625000
20240209,435,C,35.6550,35.6550,35.6550,35.6550,0,0,0.1794000,0.9216000,0.0000000,21.1892000,-0.1118000,37.8970000
20240209,435,P,0.7650,0.7650,0.7650,0.7650,0,0,0.1705000,-0.0684000,0.0000000,19.1094000,-0.0417000,-3.1423000
20240209,467,C,8.6450,8.6450,8.6450,8.6450,0,0,0.1235000,0.5715000,0.0000000,56.8234000,-0.1378000,24.7913000
20240209,467,P,5.7200,5.7200,5.7200,5.7200,0,0,0.1226000,-0.4281000,0.0000000,56.8133000,-0.0696000,-19.7400000
20240209,360,C,109.5650,109.5650,109.5650,109.5650,0,0,0.3886000,0.9885000,0.0000000,4.3571000,-0.0754000,33.8075000
20240209,360,P,0.0950,0.0950,0.0950,0.0950,0,0,0.3457000,-0.0055000,0.0000000,2.2829000,-0.0108000,-0.2558000
20240209,456,C,16.7550,16.7550,16.7550,16.7550,0,0,0.1409000,0.7608000,0.0000000,44.9160000,-0.1397000,32.5021000
20240209,456,P,2.7650,2.7650,2.7650,2.7650,0,0,0.1370000,-0.2332000,0.0000000,44.3075000,-0.0704000,-10.7228000
20240209,488,C,0.8650,0.8650,0.8650,0.8650,0,0,0.1024000,0.1196000,0.0000000,28.8979000,-0.0502000,5.2808000
20240209,488,P,20.5350,20.5350,20.5350,20.5350,0,0,0.1479000,-0.7888000,0.0000000,41.8531000,-0.0318000,-37.3328000
20240209,520,C,0.0250,0.0250,0.0250,0.0250,0,0,0.1210000,0.0036000,0.0000000,1.5761000,-0.0029000,0.1613000
20240209,520,P,52.5350,52.5350,52.5350,52.5350,0,0,0.2839000,-0.8661000,0.0000000,31.2486000,-0.0602000,-43.8653000
20240209,445,C,26.3250,26.3250,26.3250,26.3250,0,0,0.1602000,0.8689000,0.0000000,30.8031000,-0.1257000,36.4279000
20240209,445,P,1.3650,1.3650,1.3650,1.3650,0,0,0.1536000,-0.1214000,0.0000000,29.2084000,-0.0556000,-5.5757000
20240209,477,C,3.5200,3.5200,3.5200,3.5200,0,0,0.1108000,0.3370000,0.0000000,52.8645000,-0.1061000,14.7708000
20240209,477,P,10.9700,10.9700,10.9700,10.9700,0,0,0.1178000,-0.6530000,0.0000000,53.4521000,-0.0439000,-30.3252000
20240209,370,C,99.6350,99.6350,99.6350,99.6350,0,0,0.3574000,0.9866000,0.0000000,4.9725000,-0.0779000,34.6747000
20240209,370,P,0.1150,0.1150,0.1150,0.1150,0,0,0.3208000,-0.0070000,0.0000000,2.8337000,-0.0124000,-0.3259000
20240209,466,C,9.2900,9.2900,9.2900,9.2900,0,0,0.1250000,0.5924000,0.0000000,56.1961000,-0.1393000,25.6675000
20240209,466,P,5.3500,5.3500,5.3500,5.3500,0,0,0.1237000,-0.4067000,0.0000000,56.1688000,-0.0708000,-18.7473000
20240209,530,C,0.0150,0.0150,0.0150,0.0150,0,0,0.1328000,0.0018000,0.0000000,0.8453000,-0.0017000,0.0809000
20240209,530,P,62.5300,62.5300,62.5300,62.5300,0,0,0.3215000,-0.8767000,0.0000000,29.5019000,-0.0668000,-45.3013000
20240209,455,C,17.5800,17.5800,17.5800,17.5800,0,0,0.1427000,0.7734000,0.0000000,43.5835000,-0.1389000,32.9882000
20240209,455,P,2.5900,2.5900,2.5900,2.5900,0,0,0.1386000,-0.2202000,0.0000000,42.8873000,-0.0695000,-10.1197000
20240209,487,C,1.0000,1.0000,1.0000,1.0000,0,0,0.1030000,0.1346000,0.0000000,31.3762000,-0.0552000,5.9404000
20240209,487,P,19.5350,19.5350,19.5350,19.5350,0,0,0.1431000,-0.7837000,0.0000000,42.4401000,-0.0306000,-37.0079000
20240209,380,C,89.7200,89.7200,89.7200,89.7200,0,0,0.3291000,0.9835000,0.0000000,5.9206000,-0.0816000,35.4900000
20240209,380,P,0.1450,0.1450,0.1450,0.1450,0,0,0.2973000,-0.0093000,0.0000000,3.6352000,-0.0147000,-0.4321000
20240209,476,C,3.9100,3.9100,3.9100,3.9100,0,0,0.1118000,0.3609000,0.0000000,54.2111000,-0.1106000,15.8080000
20240209,476,P,10.3000,10.3000,10.3000,10.3000,0,0,0.1175000,-0.6319000,0.0000000,54.5671000,-0.0471000,-29.3153000
20240209,540,C,0.0150,0.0150,0.0150,0.0150,0,0,0.1523000,0.0017000,0.0000000,0.8022000,-0.0018000,0.0762000
20240209,540,P,72.5300,72.5300,72.5300,72.5300,0,0,0.3576000,-0.8849000,0.0000000,28.1001000,-0.0728000,-46.6281000
20240209,465,C,9.9600,9.9600,9.9600,9.9600,0,0,0.1265000,0.6126000,0.0000000,55.4347000,-0.1404000,26.5101000
20240209,465,P,5.0100,5.0100,5.0100,5.0100,0,0,0.1250000,-0.3861000,0.0000000,55.3847000,-0.0719000,-17.7901000
20240209,390,C,79.8050,79.8050,79.8050,79.8050,0,0,0.2983000,0.9804000,0.0000000,6.8736000,-0.0843000,36.3005000
20240209,390,P,0.1750,0.1750,0.1750,0.1750,0,0,0.2722000,-0.0121000,0.0000000,4.5663000,-0.0169000,-0.5603000
20240209,454,C,18.4100,18.4100,18.4100,18.4100,0,0,0.1443000,0.7857000,0.0000000,42.2121000,-0.1378000,33.4594000
20240209,454,P,2.4250,2.4250,2.4250,2.4250,0,0,0.1399000,-0.2074000,0.0000000,41.4232000,-0.0683000,-9.5320000
20240209,486,C,1.1550,1.1550,1.1550,1.1550,0,0,0.1035000,0.1501000,0.0000000,33.7743000,-0.0599000,6.6203000
20240209,486,P,18.5400,18.5400,18.5400,18.5400,0,0,0.1384000,-0.7779000,0.0000000,43.0972000,-0.0296000,-36.6504000
20240209,475,C,4.3300,4.3300,4.3300,4.3300,0,0,0.1130000,0.3852000,0.0000000,55.3477000,-0.1149000,16.8550000
20240209,475,P,9.6400,9.6400,9.6400,9.6400,0,0,0.1170000,-0.6104000,0.0000000,55.5251000,-0.0499000,-28.2908000
20240209,400,C,69.9050,69.9050,69.9050,69.9050,0,0,0.2695000,0.9756000,0.0000000,8.2787000,-0.0880000,37.0340000
20240209,400,P,0.2150,0.2150,0.2150,0.2150,0,0,0.2470000,-0.0160000,0.0000000,5.8128000,-0.0193000,-0.7400000
20240209,464,C,10.6500,10.6500,10.6500,10.6500,0,0,0.1281000,0.6321000,0.0000000,54.5555000,-0.1413000,27.3170000
20240209,464,P,4.6900,4.6900,4.6900,4.6900,0,0,0.1262000,-0.3661000,0.0000000,54.4728000,-0.0726000,-16.8648000
20240209,453,C,19.2600,19.2600,19.2600,19.2600,0,0,0.1461000,0.7970000,0.0000000,40.8852000,-0.1367000,33.8842000
20240209,453,P,2.2700,2.2700,2.2700,2.2700,0,0,0.1414000,-0.1956000,0.0000000,39.9932000,-0.0671000,-8.9880000
20240209,485,C,1.3250,1.3250,1.3250,1.3250,0,0,0.1041000,0.1670000,0.0000000,36.2303000,-0.0650000,7.3641000
20240209,485,P,17.5650,17.5650,17.5650,17.5650,0,0,0.1339000,-0.7711000,0.0000000,43.8326000,-0.0288000,-36.2545000
20240209,410,C,60.0250,60.0250,60.0250,60.0250,0,0,0.2413000,0.9686000,0.0000000,10.2088000,-0.0923000,37.6691000
20240209,410,P,0.2850,0.2850,0.2850,0.2850,0,0,0.2238000,-0.0226000,0.0000000,7.7970000,-0.0233000,-1.0438000
20240209,474,C,4.7800,4.7800,4.7800,4.7800,0,0,0.1142000,0.4095000,0.0000000,56.2624000,-0.1189000,17.9008000
20240209,474,P,9.0400,9.0400,9.0400,9.0400,0,0,0.1172000,-0.5878000,0.0000000,56.3481000,-0.0530000,-27.2188000
20240209,495,C,0.2950,0.2950,0.2950,0.2950,0,0,0.1003000,0.0484000,0.0000000,14.5581000,-0.0241000,2.1439000
20240209,495,P,27.5350,27.5350,27.5350,27.5350,0,0,0.1806000,-0.8167000,0.0000000,38.4152000,-0.0395000,-39.2536000
20240209,463,C,11.3650,11.3650,11.3650,11.3650,0,0,0.1297000,0.6508000,0.0000000,53.5759000,-0.1419000,28.0858000
20240209,463,P,4.3900,4.3900,4.3900,4.3900,0,0,0.1275000,-0.3469000,0.0000000,53.4489000,-0.0731000,-15.9738000
20240209,420,C,50.1900,50.1900,50.1900,50.1900,0,0,0.2149000,0.9572000,0.0000000,13.1719000,-0.0982000,38.0985000
20240209,420,P,0.3850,0.3850,0.3850,0.3850,0,0,0.2001000,-0.0327000,0.0000000,10.5981000,-0.0280000,-1.5058000
20240209,452,C,20.1150,20.1150,20.1150,20.1150,0,0,0.1477000,0.8081000,0.0000000,39.5215000,-0.1354000,34.2990000
20240209,452,P,2.1300,2.1300,2.1300,2.1300,0,0,0.1430000,-0.1845000,0.0000000,38.5779000,-0.0659000,-8.4752000
20240209,484,C,1.5200,1.5200,1.5200,1.5200,0,0,0.1049000,0.1856000,0.0000000,38.7251000,-0.0704000,8.1761000
20240209,484,P,16.6200,16.6200,16.6200,16.6200,0,0,0.1301000,-0.7623000,0.0000000,44.7613000,-0.0289000,-35.7694000
20240209,473,C,5.2500,5.2500,5.2500,5.2500,0,0,0.1153000,0.4336000,0.0000000,56.9536000,-0.1225000,18.9378000
20240209,473,P,8.5050,8.5050,8.5050,8.5050,0,0,0.1180000,-0.5645000,0.0000000,56.9970000,-0.0564000,-26.1210000
20240209,505,C,0.0650,0.0650,0.0650,0.0650,0,0,0.1020000,0.0117000,0.0000000,4.4446000,-0.0072000,0.5217000
20240209,505,P,37.5350,37.5350,37.5350,37.5350,0,0,0.2238000,-0.8425000,0.0000000,34.8585000,-0.0487000,-41.3678000
20240209,430,C,40.4550,40.4550,40.4550,40.4550,0,0,0.1904000,0.9374000,0.0000000,17.8135000,-0.1063000,38.1463000
20240209,430,P,0.5950,0.5950,0.5950,0.5950,0,0,0.1799000,-0.0526000,0.0000000,15.5510000,-0.0363000,-2.4157000
20240209,462,C,12.0800,12.0800,12.0800,12.0800,0,0,0.1312000,0.6688000,0.0000000,52.4974000,-0.1421000,28.8272000
20240209,462,P,4.1100,4.1100,4.1100,4.1100,0,0,0.1288000,-0.3284000,0.0000000,52.3282000,-0.0733000,-15.1182000
20240209,355,C,114.5300,114.5300,114.5300,114.5300,0,0,0.4057000,0.9891000,0.0000000,4.1555000,-0.0746000,33.3582000
20240209,355,P,0.0850,0.0850,0.0850,0.0850,0,0,0.3564000,-0.0047000,0.0000000,1.9904000,-0.0098000,-0.2194000
20240209,483,C,1.7300,1.7300,1.7300,1.7300,0,0,0.1055000,0.2045000,0.0000000,41.0783000,-0.0756000,9.0039000
20240209,483,P,15.7000,15.7000,15.7000,15.7000,0,0,0.1267000,-0.7522000,0.0000000,45.7836000,-0.0294000,-35.2274000
20240209,515,C,0.0250,0.0250,0.0250,0.0250,0,0,0.1113000,0.0041000,0.0000000,1.7612000,-0.0030000,0.1827000
20240209,515,P,47.5350,47.5350,47.5350,47.5350,0,0,0.2644000,-0.8595000,0.0000000,32.2855000,-0.0566000,-43.0920000
20240209,525,C,0.0150,0.0150,0.0150,0.0150,0,0,0.1230000,0.0019000,0.0000000,0.8827000,-0.0016000,0.0849000
20240209,525,P,57.5300,57.5300,57.5300,57.5300,0,0,0.3029000,-0.8718000,0.0000000,30.3209000,-0.0635000,-44.6007000
20240209,440,C,30.9600,30.9600,30.9600,30.9600,0,0,0.1706000,0.8979000,0.0000000,25.7838000,-0.1194000,37.2854000
20240209,440,P,1.0150,1.0150,1.0150,1.0150,0,0,0.1619000,-0.0909000,0.0000000,23.6847000,-0.0484000,-4.1722000
20240209,472,C,5.7500,5.7500,5.7500,5.7500,0,0,0.1166000,0.4576000,0.0000000,57.4286000,-0.1259000,19.9667000
20240209,472,P,7.9400,7.9400,7.9400,7.9400,0,0,0.1181000,-0.5415000,0.0000000,57.4398000,-0.0589000,-25.0393000
20240209,365,C,104.6000,104.6000,104.6000,104.6000,0,0,0.3740000,0.9874000,0.0000000,4.7116000,-0.0771000,34.2345000
20240209,365,P,0.1050,0.1050,0.1050,0.1050,0,0,0.3330000,-0.0061000,0.0000000,2.5306000,-0.0116000,-0.2870000
20240209,461,C,12.8250,12.8250,12.8250,12.8250,0,0,0.1327000,0.6861000,0.0000000,51.3449000,-0.1421000,29.5308000
20240209,461,P,3.8500,3.8500,3.8500,3.8500,0,0,0.1302000,-0.3108000,0.0000000,51.1309000,-0.0734000,-14.3024000
20240209,535,C,0.0150,0.0150,0.0150,0.0150,0,0,0.1425000,0.0017000,0.0000000,0.8194000,-0.0017000,0.0781000
20240209,535,P,67.5300,67.5300,67.5300,67.5300,0,0,0.3398000,-0.8811000,0.0000000,28.7697000,-0.0699000,-45.9746000
20240209,450,C,21.8500,21.8500,21.8500,21.8500,0,0,0.1513000,0.8279000,0.0000000,36.9123000,-0.1329000,35.0218000
20240209,450,P,1.8700,1.8700,1.8700,1.8700,0,0,0.1459000,-0.1637000,0.0000000,35.7606000,-0.0631000,-7.5205000
20240209,482,C,1.9700,1.9700,1.9700,1.9700,0,0,0.1064000,0.2249000,0.0000000,43.4077000,-0.0810000,9.8936000
20240209,482,P,14.8300,14.8300,14.8300,14.8300,0,0,0.1242000,-0.7396000,0.0000000,46.9918000,-0.0309000,-34.5786000
20240209,375,C,94.6750,94.6750,94.6750,94.6750,0,0,0.3422000,0.9854000,0.0000000,5.3524000,-0.0794000,35.0969000
20240209,375,P,0.1250,0.1250,0.1250,0.1250,0,0,0.3076000,-0.0078000,0.0000000,3.1225000,-0.0131000,-0.3635000
20240209,471,C,6.2800,6.2800,6.2800,6.2800,0,0,0.1179000,0.4814000,0.0000000,57.6911000,-0.1290000,20.9801000
20240209,471,P,7.4400,7.4400,7.4400,7.4400,0,0,0.1188000,-0.5183000,0.0000000,57.6927000,-0.0616000,-23.9487000
20240209,545,C,0.0150,0.0150,0.0150,0.0150,0,0,0.1601000,0.0015000,0.0000000,0.7114000,-0.0017000,0.0668000
20240209,545,P,77.5300,77.5300,77.5300,77.5300,0,0,0.3752000,-0.8884000,0.0000000,27.5026000,-0.0757000,-47.2607000
20240209,460,C,13.5850,13.5850,13.5850,13.5850,0,0,0.1344000,0.7025000,0.0000000,50.1422000,-0.1420000,30.1905000
20240209,460,P,3.6000,3.6000,3.6000,3.6000,0,0,0.1315000,-0.2937000,0.0000000,49.8520000,-0.0731000,-13.5137000
20240209,385,C,84.7600,84.7600,84.7600,84.7600,0,0,0.3139000,0.9820000,0.0000000,6.3941000,-0.0831000,35.8962000
20240209,385,P,0.1550,0.1550,0.1550,0.1550,0,0,0.2836000,-0.0103000,0.0000000,3.9887000,-0.0154000,-0.4800000
20240209,481,C,2.2300,2.2300,2.2300,2.2300,0,0,0.1072000,0.2459000,0.0000000,45.6029000,-0.0862000,10.8112000
20240209,481,P,13.9900,13.9900,13.9900,13.9900,0,0,0.1221000,-0.7253000,0.0000000,48.2725000,-0.0328000,-33.8589000
20240209,470,C,6.8300,6.8300,6.8300,6.8300,0,0,0.1192000,0.5047000,0.0000000,57.7495000,-0.1317000,21.9725000
20240209,470,P,6.9700,6.9700,6.9700,6.9700,0,0,0.1196000,-0.4952000,0.0000000,57.7494000,-0.0640000,-22.8678000
20240209,395,C,74.8550,74.8550,74.8550,74.8550,0,0,0.2841000,0.9781000,0.0000000,7.5568000,-0.0863000,36.6714000
20240209,395,P,0.1950,0.1950,0.1950,0.1950,0,0,0.2597000,-0.0139000,0.0000000,5.1533000,-0.0181000,-0.6439000
20240209,459,C,14.3600,14.3600,14.3600,14.3600,0,0,0.1361000,0.7179000,0.0000000,48.9007000,-0.1418000,30.8095000
20240209,459,P,3.3700,3.3700,3.3700,3.3700,0,0,0.1329000,-0.2775000,0.0000000,48.5270000,-0.0727000,-12.7670000
20240216,565,P,97.5200,97.5200,97.5200,97.5200,0,0,0.4216000,-0.8868000,0.0000000,30.4186000,-0.0781000,-58.9318000
20240216,320,C,149.7300,149.7300,149.7300,149.7300,0,0,0.5050000,0.9901000,0.0000000,4.1531000,-0.0705000,36.0381000
20240216,320,P,0.0550,0.0550,0.0550,0.0550,0,0,0.4140000,-0.0024000,0.0000000,1.2115000,-0.0057000,-0.1379000
20240216,416,C,54.7850,54.7850,54.7850,54.7850,0,0,0.2239000,0.9509000,0.0000000,16.0992000,-0.0996000,44.8540000
20240216,416,P,0.4750,0.4750,0.4750,0.4750,0,0,0.2045000,-0.0355000,0.0000000,12.4193000,-0.0277000,-1.9678000
20240216,448,C,24.6350,24.6350,24.6350,24.6350,0,0,0.1576000,0.8257000,0.0000000,40.7608000,-0.1290000,41.5891000
20240216,448,P,2.1150,2.1150,2.1150,2.1150,0,0,0.1503000,-0.1633000,0.0000000,39.1157000,-0.0585000,-9.0320000
20240216,480,C,3.3050,3.3050,3.3050,3.3050,0,0,0.1108000,0.3013000,0.0000000,55.2469000,-0.0928000,15.8290000
20240216,480,P,13.4550,13.4550,13.4550,13.4550,0,0,0.1210000,-0.6819000,0.0000000,56.5644000,-0.0331000,-38.2338000
20240216,245,C,224.1950,224.1950,224.1950,224.1950,0,0,0.7800000,0.9953000,0.0000000,2.1697000,-0.0552000,27.7444000
20240216,245,P,0.0150,0.0150,0.0150,0.0150,0,0,0.5874000,-0.0003000,0.0000000,0.2144000,-0.0014000,-0.0211000
20240216,437,C,34.6400,34.6400,34.6400,34.6400,0,0,0.1783000,0.8936000,0.0000000,29.0944000,-0.1175000,44.0899000
20240216,437,P,1.1750,1.1750,1.1750,1.1750,0,0,0.1671000,-0.0924000,0.0000000,26.2713000,-0.0458000,-5.1080000
20240216,405,C,65.5750,65.5750,65.5750,65.5750,0,0,0.2523000,0.9633000,0.0000000,12.7264000,-0.0942000,44.2776000
20240216,405,P,0.3350,0.3350,0.3350,0.3350,0,0,0.2270000,-0.0237000,0.0000000,8.8892000,-0.0223000,-1.3175000
20240216,469,C,8.5300,8.5300,8.5300,8.5300,0,0,0.1239000,0.5359000,0.0000000,63.0094000,-0.1282000,27.8475000
20240216,469,P,7.1300,7.1300,7.1300,7.1300,0,0,0.1233000,-0.4639000,0.0000000,63.0079000,-0.0599000,-25.7803000
20240216,501,C,0.2150,0.2150,0.2150,0.2150,0,0,0.1008000,0.0338000,0.0000000,11.9078000,-0.0165000,1.7941000
20240216,501,P,33.5350,33.5350,33.5350,33.5350,0,0,0.1993000,-0.8157000,0.0000000,42.2235000,-0.0398000,-47.7412000
20240216,575,P,107.5200,107.5200,107.5200,107.5200,0,0,0.4519000,-0.8913000,0.0000000,29.5593000,-0.0827000,-60.3209000
20240216,330,C,139.8100,139.8100,139.8100,139.8100,0,0,0.4731000,0.9889000,0.0000000,4.6126000,-0.0729000,37.1121000
20240216,330,P,0.0650,0.0650,0.0650,0.0650,0,0,0.3906000,-0.0030000,0.0000000,1.4783000,-0.0066000,-0.1716000
20240216,426,C,45.0750,45.0750,45.0750,45.0750,0,0,0.2003000,0.9321000,0.0000000,20.7886000,-0.1064000,44.9581000
20240216,426,P,0.7050,0.7050,0.7050,0.7050,0,0,0.1860000,-0.0546000,0.0000000,17.5496000,-0.0350000,-3.0198000
20240216,458,C,16.2850,16.2850,16.2850,16.2850,0,0,0.1410000,0.7192000,0.0000000,53.4496000,-0.1363000,36.8198000
20240216,458,P,3.7500,3.7500,3.7500,3.7500,0,0,0.1365000,-0.2748000,0.0000000,52.8963000,-0.0667000,-15.2144000
20240216,490,C,1.0250,1.0250,1.0250,1.0250,0,0,0.1038000,0.1263000,0.0000000,32.8981000,-0.0491000,6.6817000
20240216,490,P,22.5350,22.5350,22.5350,22.5350,0,0,0.1524000,-0.7778000,0.0000000,47.2206000,-0.0295000,-44.4352000
20240216,255,C,214.2600,214.2600,214.2600,214.2600,0,0,0.7396000,0.9948000,0.0000000,2.3539000,-0.0572000,28.8629000
20240216,255,P,0.0150,0.0150,0.0150,0.0150,0,0,0.5562000,-0.0004000,0.0000000,0.2399000,-0.0015000,-0.0237000
20240216,415,C,55.7600,55.7600,55.7600,55.7600,0,0,0.2265000,0.9523000,0.0000000,15.7432000,-0.0991000,44.8141000
20240216,415,P,0.4550,0.4550,0.4550,0.4550,0,0,0.2062000,-0.0340000,0.0000000,11.9762000,-0.0270000,-1.8828000
20240216,447,C,25.5150,25.5150,25.5150,25.5150,0,0,0.1593000,0.8338000,0.0000000,39.5411000,-0.1280000,41.9218000
20240216,447,P,2.0050,2.0050,2.0050,2.0050,0,0,0.1519000,-0.1552000,0.0000000,37.8247000,-0.0575000,-8.5803000
20240216,479,C,3.6600,3.6600,3.6600,3.6600,0,0,0.1119000,0.3227000,0.0000000,56.9120000,-0.0972000,16.9397000
20240216,479,P,12.7300,12.7300,12.7300,12.7300,0,0,0.1204000,-0.6645000,0.0000000,57.8080000,-0.0358000,-37.2114000
20240216,340,C,129.8900,129.8900,129.8900,129.8900,0,0,0.4414000,0.9875000,0.0000000,5.1190000,-0.0751000,38.1778000
20240216,340,P,0.0750,0.0750,0.0750,0.0750,0,0,0.3662000,-0.0037000,0.0000000,1.7682000,-0.0074000,-0.2090000
20240216,436,C,35.5750,35.5750,35.5750,35.5750,0,0,0.1800000,0.8984000,0.0000000,28.1480000,-0.1162000,44.2380000
20240216,436,P,1.1150,1.1150,1.1150,1.1150,0,0,0.1687000,-0.0878000,0.0000000,25.2850000,-0.0446000,-4.8514000
20240216,404,C,66.5600,66.5600,66.5600,66.5600,0,0,0.2554000,0.9639000,0.0000000,12.5597000,-0.0940000,44.1952000
20240216,404,P,0.3250,0.3250,0.3250,0.3250,0,0,0.2290000,-0.0229000,0.0000000,8.6178000,-0.0218000,-1.2700000
20240216,500,C,0.2450,0.2450,0.2450,0.2450,0,0,0.1005000,0.0380000,0.0000000,13.1247000,-0.0182000,2.0199000
20240216,500,P,32.5350,32.5350,32.5350,32.5350,0,0,0.1952000,-0.8130000,0.0000000,42.6002000,-0.0389000,-47.4832000
20240216,468,C,9.1500,9.1500,9.1500,9.1500,0,0,0.1254000,0.5555000,0.0000000,62.6514000,-0.1300000,28.8330000
20240216,468,P,6.7200,6.7200,6.7200,6.7200,0,0,0.1242000,-0.4440000,0.0000000,62.6428000,-0.0614000,-24.6611000
20240216,265,C,204.3350,204.3350,204.3350,204.3350,0,0,0.7003000,0.9943000,0.0000000,2.5527000,-0.0591000,29.9791000
20240216,265,P,0.0150,0.0150,0.0150,0.0150,0,0,0.5250000,-0.0004000,0.0000000,0.2634000,-0.0016000,-0.0262000
20240216,425,C,46.0400,46.0400,46.0400,46.0400,0,0,0.2028000,0.9342000,0.0000000,20.2907000,-0.1058000,44.9590000
20240216,425,P,0.6750,0.6750,0.6750,0.6750,0,0,0.1877000,-0.0521000,0.0000000,16.9132000,-0.0341000,-2.8824000
20240216,457,C,17.0700,17.0700,17.0700,17.0700,0,0,0.1426000,0.7323000,0.0000000,52.2050000,-0.1359000,37.4324000
20240216,457,P,3.5400,3.5400,3.5400,3.5400,0,0,0.1378000,-0.2611000,0.0000000,51.5592000,-0.0663000,-14.4572000
20240216,489,C,1.1650,1.1650,1.1650,1.1650,0,0,0.1042000,0.1398000,0.0000000,35.2705000,-0.0531000,7.3894000
20240216,489,P,21.5350,21.5350,21.5350,21.5350,0,0,0.1479000,-0.7730000,0.0000000,47.7888000,-0.0284000,-44.0655000
20240216,350,C,119.9700,119.9700,119.9700,119.9700,0,0,0.4101000,0.9858000,0.0000000,5.7004000,-0.0774000,39.2302000
20240216,350,P,0.0950,0.0950,0.0950,0.0950,0,0,0.3461000,-0.0050000,0.0000000,2.2940000,-0.0091000,-0.2794000
20240216,414,C,56.7400,56.7400,56.7400,56.7400,0,0,0.2292000,0.9535000,0.0000000,15.4200000,-0.0986000,44.7667000
20240216,414,P,0.4450,0.4450,0.4450,0.4450,0,0,0.2087000,-0.0330000,0.0000000,11.6826000,-0.0267000,-1.8272000
20240216,446,C,26.4000,26.4000,26.4000,26.4000,0,0,0.1611000,0.8413000,0.0000000,38.3687000,-0.1270000,42.2232000
20240216,446,P,1.8950,1.8950,1.8950,1.8950,0,0,0.1533000,-0.1472000,0.0000000,36.5197000,-0.0563000,-8.1384000
20240216,510,C,0.0650,0.0650,0.0650,0.0650,0,0,0.1030000,0.0107000,0.0000000,4.5193000,-0.0062000,0.5740000
20240216,510,P,42.5300,42.5300,42.5300,42.5300,0,0,0.2348000,-0.8353000,0.0000000,39.3132000,-0.0469000,-49.8306000
20240216,478,C,4.0350,4.0350,4.0350,4.0350,0,0,0.1128000,0.3440000,0.0000000,58.3677000,-0.1012000,18.0438000
20240216,478,P,12.0400,12.0400,12.0400,12.0400,0,0,0.1200000,-0.6462000,0.0000000,58.9679000,-0.0385000,-36.1479000
20240216,275,C,194.4000,194.4000,194.4000,194.4000,0,0,0.6624000,0.9938000,0.0000000,2.7747000,-0.0611000,31.0917000
20240216,275,P,0.0250,0.0250,0.0250,0.0250,0,0,0.5187000,-0.0008000,0.0000000,0.4599000,-0.0027000,-0.0480000
20240216,435,C,36.5350,36.5350,36.5350,36.5350,0,0,0.1828000,0.9016000,0.0000000,27.4911000,-0.1158000,44.3012000
20240216,435,P,1.0650,1.0650,1.0650,1.0650,0,0,0.1705000,-0.0837000,0.0000000,24.4096000,-0.0437000,-4.6286000
20240216,403,C,67.5450,67.5450,67.5450,67.5450,0,0,0.2578000,0.9649000,0.0000000,12.2697000,-0.0934000,44.1369000
20240216,403,P,0.3150,0.3150,0.3150,0.3150,0,0,0.2309000,-0.0221000,0.0000000,8.3558000,-0.0214000,-1.2245000
20240216,467,C,9.7850,9.7850,9.7850,9.7850,0,0,0.1268000,0.5747000,0.0000000,62.1534000,-0.1315000,29.7906000
20240216,467,P,6.3400,6.3400,6.3400,6.3400,0,0,0.1253000,-0.4245000,0.0000000,62.1325000,-0.0629000,-23.5707000
20240216,499,C,0.2850,0.2850,0.2850,0.2850,0,0,0.1007000,0.0433000,0.0000000,14.5920000,-0.0204000,2.3010000
20240216,499,P,31.5350,31.5350,31.5350,31.5350,0,0,0.1911000,-0.8102000,0.0000000,42.9954000,-0.0381000,-47.2166000
20240216,360,C,110.0550,110.0550,110.0550,110.0550,0,0,0.3786000,0.9840000,0.0000000,6.3257000,-0.0794000,40.2740000
20240216,360,P,0.1150,0.1150,0.1150,0.1150,0,0,0.3237000,-0.0063000,0.0000000,2.8502000,-0.0105000,-0.3562000
20240216,424,C,47.0100,47.0100,47.0100,47.0100,0,0,0.2053000,0.9363000,0.0000000,19.7829000,-0.1051000,44.9610000
20240216,424,P,0.6450,0.6450,0.6450,0.6450,0,0,0.1894000,-0.0497000,0.0000000,16.2999000,-0.0332000,-2.7518000
20240216,456,C,17.8700,17.8700,17.8700,17.8700,0,0,0.1442000,0.7448000,0.0000000,50.9363000,-0.1355000,38.0137000
20240216,456,P,3.3400,3.3400,3.3400,3.3400,0,0,0.1392000,-0.2481000,0.0000000,50.1936000,-0.0658000,-13.7323000
20240216,520,C,0.0250,0.0250,0.0250,0.0250,0,0,0.1093000,0.0036000,0.0000000,1.7191000,-0.0024000,0.1926000
20240216,520,P,52.5300,52.5300,52.5300,52.5300,0,0,0.2722000,-0.8508000,0.0000000,36.8296000,-0.0538000,-51.8174000
20240216,488,C,1.3250,1.3250,1.3250,1.3250,0,0,0.1048000,0.1545000,0.0000000,37.7217000,-0.0574000,8.1639000
20240216,488,P,20.5350,20.5350,20.5350,20.5350,0,0,0.1433000,-0.7680000,0.0000000,48.3800000,-0.0273000,-43.6796000
20240216,285,C,184.4750,184.4750,184.4750,184.4750,0,0,0.6250000,0.9932000,0.0000000,3.0008000,-0.0630000,32.2036000
20240216,285,P,0.0250,0.0250,0.0250,0.0250,0,0,0.4843000,-0.0008000,0.0000000,0.4697000,-0.0026000,-0.0489000
20240216,413,C,57.7200,57.7200,57.7200,57.7200,0,0,0.2318000,0.9548000,0.0000000,15.0846000,-0.0981000,44.7214000
20240216,413,P,0.4250,0.4250,0.4250,0.4250,0,0,0.2102000,-0.0314000,0.0000000,11.2252000,-0.0258000,-1.7409000
20240216,445,C,27.3000,27.3000,27.3000,27.3000,0,0,0.1631000,0.8483000,0.0000000,37.2468000,-0.1260000,42.4947000
20240216,445,P,1.7950,1.7950,1.7950,1.7950,0,0,0.1549000,-0.1397000,0.0000000,35.2623000,-0.0552000,-7.7263000
20240216,477,C,4.4300,4.4300,4.4300,4.4300,0,0,0.1138000,0.3657000,0.0000000,59.6467000,-0.1051000,19.1633000
20240216,477,P,11.3800,11.3800,11.3800,11.3800,0,0,0.1198000,-0.6271000,0.0000000,60.0264000,-0.0413000,-35.0450000
20240216,210,C,258.9650,258.9650,258.9650,258.9650,0,0,0.9406000,0.9963000,0.0000000,1.7122000,-0.0492000,23.8022000
20240216,370,C,100.1500,100.1500,100.1500,100.1500,0,0,0.3503000,0.9811000,0.0000000,7.2885000,-0.0825000,41.2584000
20240216,370,P,0.1450,0.1450,0.1450,0.1450,0,0,0.3027000,-0.0084000,0.0000000,3.6507000,-0.0125000,-0.4711000
20240216,434,C,37.4600,37.4600,37.4600,37.4600,0,0,0.1844000,0.9061000,0.0000000,26.5672000,-0.1145000,44.4345000
20240216,434,P,1.0150,1.0150,1.0150,1.0150,0,0,0.1721000,-0.0797000,0.0000000,23.5164000,-0.0426000,-4.4053000
20240216,402,C,68.5300,68.5300,68.5300,68.5300,0,0,0.2608000,0.9655000,0.0000000,12.0946000,-0.0932000,44.0558000
20240216,402,P,0.3050,0.3050,0.3050,0.3050,0,0,0.2329000,-0.0213000,0.0000000,8.1026000,-0.0209000,-1.1808000
20240216,466,C,10.4400,10.4400,10.4400,10.4400,0,0,0.1284000,0.5932000,0.0000000,61.5310000,-0.1328000,30.7103000
20240216,466,P,5.9800,5.9800,5.9800,5.9800,0,0,0.1264000,-0.4056000,0.0000000,61.4869000,-0.0640000,-22.5078000
20240216,498,C,0.3250,0.3250,0.3250,0.3250,0,0,0.1005000,0.0488000,0.0000000,16.0537000,-0.0224000,2.5908000
20240216,498,P,30.5350,30.5350,30.5350,30.5350,0,0,0.1870000,-0.8073000,0.0000000,43.3989000,-0.0372000,-46.9449000
20240216,530,C,0.0250,0.0250,0.0250,0.0250,0,0,0.1289000,0.0033000,0.0000000,1.6174000,-0.0027000,0.1796000
20240216,530,P,62.5300,62.5300,62.5300,62.5300,0,0,0.3078000,-0.8623000,0.0000000,34.8887000,-0.0600000,-53.5861000
20240216,295,C,174.5450,174.5450,174.5450,174.5450,0,0,0.5890000,0.9925000,0.0000000,3.2658000,-0.0650000,33.3095000
20240216,295,P,0.0350,0.0350,0.0350,0.0350,0,0,0.4707000,-0.0013000,0.0000000,0.6992000,-0.0038000,-0.0756000
20240216,423,C,47.9800,47.9800,47.9800,47.9800,0,0,0.2077000,0.9383000,0.0000000,19.2914000,-0.1045000,44.9581000
20240216,423,P,0.6150,0.6150,0.6150,0.6150,0,0,0.1910000,-0.0474000,0.0000000,15.6822000,-0.0323000,-2.6221000
20240216,455,C,18.6850,18.6850,18.6850,18.6850,0,0,0.1458000,0.7568000,0.0000000,49.6503000,-0.1349000,38.5646000
20240216,455,P,3.1550,3.1550,3.1550,3.1550,0,0,0.1405000,-0.2356000,0.0000000,48.8070000,-0.0651000,-13.0390000
20240216,487,C,1.5050,1.5050,1.5050,1.5050,0,0,0.1055000,0.1703000,0.0000000,40.1761000,-0.0618000,8.9888000
20240216,487,P,19.5450,19.5450,19.5450,19.5450,0,0,0.1389000,-0.7622000,0.0000000,49.0434000,-0.0264000,-43.2546000
20240216,220,C,249.0300,249.0300,249.0300,249.0300,0,0,0.8949000,0.9960000,0.0000000,1.8646000,-0.0513000,24.9255000
20240216,380,C,90.2550,90.2550,90.2550,90.2550,0,0,0.3212000,0.9778000,0.0000000,8.3591000,-0.0853000,42.2201000
20240216,380,P,0.1850,0.1850,0.1850,0.1850,0,0,0.2819000,-0.0113000,0.0000000,4.7225000,-0.0150000,-0.6317000
20240216,412,C,58.7000,58.7000,58.7000,58.7000,0,0,0.2343000,0.9560000,0.0000000,14.7590000,-0.0976000,44.6736000
20240216,412,P,0.4150,0.4150,0.4150,0.4150,0,0,0.2126000,-0.0305000,0.0000000,10.9545000,-0.0255000,-1.6907000
20240216,444,C,28.2000,28.2000,28.2000,28.2000,0,0,0.1649000,0.8551000,0.0000000,36.1211000,-0.1249000,42.7569000
20240216,444,P,1.6950,1.6950,1.6950,1.6950,0,0,0.1562000,-0.1324000,0.0000000,33.9847000,-0.0539000,-7.3200000
20240216,476,C,4.8600,4.8600,4.8600,4.8600,0,0,0.1150000,0.3875000,0.0000000,60.7373000,-0.1088000,20.2908000
20240216,476,P,10.7050,10.7050,10.7050,10.7050,0,0,0.1189000,-0.6082000,0.0000000,60.9208000,-0.0433000,-33.9536000
20240216,540,C,0.0150,0.0150,0.0150,0.0150,0,0,0.1367000,0.0015000,0.0000000,0.8067000,-0.0014000,0.0833000
20240216,540,P,72.5250,72.5250,72.5250,72.5250,0,0,0.3415000,-0.8715000,0.0000000,33.2728000,-0.0654000,-55.2284000
20240216,305,C,164.6150,164.6150,164.6150,164.6150,0,0,0.5531000,0.9918000,0.0000000,3.5292000,-0.0667000,34.4153000
20240216,305,P,0.0350,0.0350,0.0350,0.0350,0,0,0.4394000,-0.0014000,0.0000000,0.7449000,-0.0037000,-0.0808000
20240216,433,C,38.3850,38.3850,38.3850,38.3850,0,0,0.1854000,0.9110000,0.0000000,25.5384000,-0.1127000,44.5906000
20240216,433,P,0.9650,0.9650,0.9650,0.9650,0,0,0.1737000,-0.0758000,0.0000000,22.6374000,-0.0415000,-4.1896000
20240216,401,C,69.5150,69.5150,69.5150,69.5150,0,0,0.2631000,0.9665000,0.0000000,11.8185000,-0.0926000,43.9942000
20240216,401,P,0.3050,0.3050,0.3050,0.3050,0,0,0.2360000,-0.0210000,0.0000000,8.0222000,-0.0210000,-1.1674000
20240216,465,C,11.1150,11.1150,11.1150,11.1150,0,0,0.1298000,0.6112000,0.0000000,60.7916000,-0.1339000,31.6012000
20240216,465,P,5.6400,5.6400,5.6400,5.6400,0,0,0.1275000,-0.3871000,0.0000000,60.7185000,-0.0650000,-21.4767000
20240216,497,C,0.3850,0.3850,0.3850,0.3850,0,0,0.1011000,0.0562000,0.0000000,17.9472000,-0.0253000,2.9802000
20240216,497,P,29.5350,29.5350,29.5350,29.5350,0,0,0.1828000,-0.8043000,0.0000000,43.8115000,-0.0363000,-46.6674000
20240216,230,C,239.0950,239.0950,239.0950,239.0950,0,0,0.8457000,0.9958000,0.0000000,1.9536000,-0.0526000,26.0578000
20240216,230,P,0.0150,0.0150,0.0150,0.0150,0,0,0.6437000,-0.0003000,0.0000000,0.2053000,-0.0015000,-0.0202000
20240216,390,C,80.3700,80.3700,80.3700,80.3700,0,0,0.2939000,0.9731000,0.0000000,9.8454000,-0.0889000,43.1008000
20240216,390,P,0.2250,0.2250,0.2250,0.2250,0,0,0.2587000,-0.0146000,0.0000000,5.9005000,-0.0171000,-0.8157000
20240216,422,C,48.9450,48.9450,48.9450,48.9450,0,0,0.2095000,0.9408000,0.0000000,18.6892000,-0.1034000,44.9794000
20240216,422,P,0.5950,0.5950,0.5950,0.5950,0,0,0.1931000,-0.0455000,0.0000000,15.1926000,-0.0317000,-2.5208000
20240216,454,C,19.5050,19.5050,19.5050,19.5050,0,0,0.1473000,0.7682000,0.0000000,48.3530000,-0.1342000,39.0860000
20240216,454,P,2.9750,2.9750,2.9750,2.9750,0,0,0.1418000,-0.2236000,0.0000000,47.3954000,-0.0643000,-12.3711000
20240216,486,C,1.6950,1.6950,1.6950,1.6950,0,0,0.1060000,0.1865000,0.0000000,42.5488000,-0.0661000,9.8402000
20240216,486,P,18.5700,18.5700,18.5700,18.5700,0,0,0.1348000,-0.7554000,0.0000000,49.8033000,-0.0258000,-42.7761000
20240216,550,P,82.5250,82.5250,82.5250,82.5250,0,0,0.3743000,-0.8786000,0.0000000,31.9813000,-0.0707000,-56.7598000
20240216,315,C,154.6900,154.6900,154.6900,154.6900,0,0,0.5210000,0.9907000,0.0000000,3.9377000,-0.0693000,35.4985000
20240216,315,P,0.0550,0.0550,0.0550,0.0550,0,0,0.4296000,-0.0023000,0.0000000,1.1747000,-0.0058000,-0.1334000
20240216,411,C,59.6800,59.6800,59.6800,59.6800,0,0,0.2369000,0.9571000,0.0000000,14.4430000,-0.0971000,44.6234000
20240216,411,P,0.4050,0.4050,0.4050,0.4050,0,0,0.2148000,-0.0295000,0.0000000,10.6512000,-0.0251000,-1.6346000
20240216,443,C,29.1200,29.1200,29.1200,29.1200,0,0,0.1672000,0.8610000,0.0000000,35.1133000,-0.1242000,42.9700000
20240216,443,P,1.6050,1.6050,1.6050,1.6050,0,0,0.1577000,-0.1256000,0.0000000,32.7662000,-0.0527000,-6.9440000
20240216,475,C,5.3100,5.3100,5.3100,5.3100,0,0,0.1161000,0.4093000,0.0000000,61.6272000,-0.1123000,21.4123000
20240216,475,P,10.1050,10.1050,10.1050,10.1050,0,0,0.1191000,-0.5880000,0.0000000,61.7203000,-0.0460000,-32.7934000
20240216,240,C,229.1650,229.1650,229.1650,229.1650,0,0,0.8029000,0.9954000,0.0000000,2.1171000,-0.0545000,27.1794000
20240216,240,P,0.0150,0.0150,0.0150,0.0150,0,0,0.6062000,-0.0003000,0.0000000,0.2128000,-0.0015000,-0.0209000
20240216,432,C,39.4500,39.4500,39.4500,39.4500,0,0,0.1923000,0.9093000,0.0000000,25.8889000,-0.1153000,44.3790000
20240216,432,P,0.9150,0.9150,0.9150,0.9150,0,0,0.1751000,-0.0719000,0.0000000,21.7414000,-0.0403000,-3.9738000
20240216,400,C,70.5000,70.5000,70.5000,70.5000,0,0,0.2662000,0.9670000,0.0000000,11.6531000,-0.0924000,43.9109000
20240216,400,P,0.2950,0.2950,0.2950,0.2950,0,0,0.2380000,-0.0203000,0.0000000,7.7819000,-0.0206000,-1.1264000
20240216,464,C,11.8100,11.8100,11.8100,11.8100,0,0,0.1315000,0.6284000,0.0000000,59.9589000,-0.1349000,32.4467000
20240216,464,P,5.3200,5.3200,5.3200,5.3200,0,0,0.1288000,-0.3693000,0.0000000,59.8405000,-0.0658000,-20.4795000
20240216,496,C,0.4450,0.4450,0.4450,0.4450,0,0,0.1014000,0.0636000,0.0000000,19.7785000,-0.0281000,3.3726000
20240216,496,P,28.5350,28.5350,28.5350,28.5350,0,0,0.1785000,-0.8011000,0.0000000,44.2459000,-0.0354000,-46.3794000
20240216,560,P,92.5250,92.5250,92.5250,92.5250,0,0,0.4061000,-0.8843000,0.0000000,30.8971000,-0.0757000,-58.2216000
20240216,325,C,144.7700,144.7700,144.7700,144.7700,0,0,0.4892000,0.9895000,0.0000000,4.3851000,-0.0717000,36.5748000
20240216,325,P,0.0550,0.0550,0.0550,0.0550,0,0,0.3984000,-0.0025000,0.0000000,1.2454000,-0.0057000,-0.1419000
20240216,421,C,49.9150,49.9150,49.9150,49.9150,0,0,0.2119000,0.9427000,0.0000000,18.2057000,-0.1027000,44.9722000
20240216,421,P,0.5750,0.5750,0.5750,0.5750,0,0,0.1951000,-0.0438000,0.0000000,14.7208000,-0.0311000,-2.4243000
20240216,453,C,20.3400,20.3400,20.3400,20.3400,0,0,0.1492000,0.7789000,0.0000000,47.0872000,-0.1336000,39.5613000
20240216,453,P,2.8100,2.8100,2.8100,2.8100,0,0,0.1433000,-0.2124000,0.0000000,46.0215000,-0.0636000,-11.7543000
20240216,485,C,1.9150,1.9150,1.9150,1.9150,0,0,0.1069000,0.2041000,0.0000000,44.9505000,-0.0708000,10.7639000
20240216,485,P,17.6300,17.6300,17.6300,17.6300,0,0,0.1313000,-0.7471000,0.0000000,50.7024000,-0.0259000,-42.2186000
20240216,250,C,219.2250,219.2250,219.2250,219.2250,0,0,0.7578000,0.9951000,0.0000000,2.2264000,-0.0558000,28.3088000
20240216,250,P,0.0150,0.0150,0.0150,0.0150,0,0,0.5749000,-0.0004000,0.0000000,0.2408000,-0.0016000,-0.0239000
20240216,410,C,60.6650,60.6650,60.6650,60.6650,0,0,0.2395000,0.9582000,0.0000000,14.1360000,-0.0966000,44.5709000
20240216,410,P,0.3850,0.3850,0.3850,0.3850,0,0,0.2163000,-0.0281000,0.0000000,10.2367000,-0.0243000,-1.5584000
20240216,442,C,30.0150,30.0150,30.0150,30.0150,0,0,0.1684000,0.8680000,0.0000000,33.9010000,-0.1226000,43.2412000
20240216,442,P,1.5250,1.5250,1.5250,1.5250,0,0,0.1593000,-0.1194000,0.0000000,31.6249000,-0.0516000,-6.6018000
20240216,474,C,5.7850,5.7850,5.7850,5.7850,0,0,0.1172000,0.4310000,0.0000000,62.3197000,-0.1154000,22.5250000
20240216,474,P,9.5200,9.5200,9.5200,9.5200,0,0,0.1193000,-0.5674000,0.0000000,62.3589000,-0.0486000,-31.6224000
20240216,570,P,102.5200,102.5200,102.5200,102.5200,0,0,0.4368000,-0.8892000,0.0000000,29.9743000,-0.0805000,-59.6310000
20240216,335,C,134.8450,134.8450,134.8450,134.8450,0,0,0.4553000,0.9885000,0.0000000,4.7618000,-0.0734000,37.6617000
20240216,335,P,0.0750,0.0750,0.0750,0.0750,0,0,0.3818000,-0.0036000,0.0000000,1.7210000,-0.0075000,-0.2031000
20240216,431,C,40.2900,40.2900,40.2900,40.2900,0,0,0.1900000,0.9174000,0.0000000,24.1493000,-0.1111000,44.7155000
20240216,431,P,0.8750,0.8750,0.8750,0.8750,0,0,0.1770000,-0.0686000,0.0000000,20.9829000,-0.0394000,-3.7947000
20240216,495,C,0.5150,0.5150,0.5150,0.5150,0,0,0.1018000,0.0720000,0.0000000,21.7631000,-0.0312000,3.8155000
20240216,495,P,27.5350,27.5350,27.5350,27.5350,0,0,0.1743000,-0.7977000,0.0000000,44.6974000,-0.0345000,-46.0819000
20240216,463,C,12.5150,12.5150,12.5150,12.5150,0,0,0.1329000,0.6452000,0.0000000,59.0246000,-0.1354000,33.2716000
20240216,463,P,5.0200,5.0200,5.0200,5.0200,0,0,0.1300000,-0.3520000,0.0000000,58.8642000,-0.0664000,-19.5164000
20240216,260,C,209.2950,209.2950,209.2950,209.2950,0,0,0.7179000,0.9947000,0.0000000,2.4133000,-0.0578000,29.4269000
20240216,260,P,0.0150,0.0150,0.0150,0.0150,0,0,0.5375000,-0.0004000,0.0000000,0.2371000,-0.0014000,-0.0234000
20240216,420,C,50.8850,50.8850,50.8850,50.8850,0,0,0.2142000,0.9446000,0.0000000,17.7375000,-0.1020000,44.9606000
20240216,420,P,0.5550,0.5550,0.5550,0.5550,0,0,0.1972000,-0.0421000,0.0000000,14.2662000,-0.0305000,-2.3322000
20240216,452,C,21.1800,21.1800,21.1800,21.1800,0,0,0.1508000,0.7893000,0.0000000,45.7909000,-0.1328000,40.0239000
20240216,452,P,2.6550,2.6550,2.6550,2.6550,0,0,0.1447000,-0.2016000,0.0000000,44.6124000,-0.0627000,-11.1508000
20240216,484,C,2.1450,2.1450,2.1450,2.1450,0,0,0.1075000,0.2220000,0.0000000,47.2056000,-0.0752000,11.6988000
20240216,484,P,16.7300,16.7300,16.7300,16.7300,0,0,0.1284000,-0.7370000,0.0000000,51.7406000,-0.0265000,-41.5728000
20240216,345,C,124.9300,124.9300,124.9300,124.9300,0,0,0.4257000,0.9867000,0.0000000,5.4027000,-0.0763000,38.7053000
20240216,345,P,0.0850,0.0850,0.0850,0.0850,0,0,0.3564000,-0.0043000,0.0000000,2.0231000,-0.0082000,-0.2428000
20240216,409,C,61.6450,61.6450,61.6450,61.6450,0,0,0.2419000,0.9594000,0.0000000,13.8176000,-0.0960000,44.5204000
20240216,409,P,0.3750,0.3750,0.3750,0.3750,0,0,0.2185000,-0.0272000,0.0000000,9.9563000,-0.0239000,-1.5076000
20240216,441,C,30.9250,30.9250,30.9250,30.9250,0,0,0.1701000,0.8740000,0.0000000,32.8217000,-0.1214000,43.4600000
20240216,441,P,1.4450,1.4450,1.4450,1.4450,0,0,0.1608000,-0.1134000,0.0000000,30.4822000,-0.0504000,-6.2677000
20240216,505,C,0.1250,0.1250,0.1250,0.1250,0,0,0.1015000,0.0204000,0.0000000,7.8165000,-0.0108000,1.0849000
20240216,505,P,37.5300,37.5300,37.5300,37.5300,0,0,0.2153000,-0.8253000,0.0000000,40.8300000,-0.0431000,-48.7167000
20240216,473,C,6.2900,6.2900,6.2900,6.2900,0,0,0.1186000,0.4527000,0.0000000,62.8221000,-0.1186000,23.6328000
20240216,473,P,9.0000,9.0000,9.0000,9.0000,0,0,0.1201000,-0.5464000,0.0000000,62.8364000,-0.0513000,-30.4321000
20240216,270,C,199.3650,199.3650,199.3650,199.3650,0,0,0.6796000,0.9941000,0.0000000,2.6248000,-0.0598000,30.5412000
20240216,270,P,0.0150,0.0150,0.0150,0.0150,0,0,0.5062000,-0.0004000,0.0000000,0.2571000,-0.0015000,-0.0255000
20240216,430,C,41.2400,41.2400,41.2400,41.2400,0,0,0.1920000,0.9207000,0.0000000,23.4107000,-0.1101000,44.7853000
20240216,430,P,0.8350,0.8350,0.8350,0.8350,0,0,0.1787000,-0.0654000,0.0000000,20.2211000,-0.0384000,-3.6177000
20240216,462,C,13.2450,13.2450,13.2450,13.2450,0,0,0.1346000,0.6612000,0.0000000,58.0264000,-0.1360000,34.0467000
20240216,462,P,4.7350,4.7350,4.7350,4.7350,0,0,0.1312000,-0.3352000,0.0000000,57.7933000,-0.0667000,-18.5804000
20240216,494,C,0.5950,0.5950,0.5950,0.5950,0,0,0.1021000,0.0811000,0.0000000,23.8374000,-0.0344000,4.2989000
20240216,494,P,26.5350,26.5350,26.5350,26.5350,0,0,0.1700000,-0.7942000,0.0000000,45.1615000,-0.0335000,-45.7765000
20240216,355,C,115.0100,115.0100,115.0100,115.0100,0,0,0.3945000,0.9849000,0.0000000,6.0134000,-0.0785000,39.7522000
20240216,355,P,0.1050,0.1050,0.1050,0.1050,0,0,0.3349000,-0.0056000,0.0000000,2.5561000,-0.0097000,-0.3153000
20240216,419,C,51.8600,51.8600,51.8600,51.8600,0,0,0.2170000,0.9460000,0.0000000,17.3807000,-0.1017000,44.9234000
20240216,419,P,0.5350,0.5350,0.5350,0.5350,0,0,0.1992000,-0.0404000,0.0000000,13.8031000,-0.0299000,-2.2394000
20240216,451,C,22.0300,22.0300,22.0300,22.0300,0,0,0.1524000,0.7991000,0.0000000,44.5104000,-0.1319000,40.4550000
20240216,451,P,2.5050,2.5050,2.5050,2.5050,0,0,0.1460000,-0.1912000,0.0000000,43.2064000,-0.0617000,-10.5753000
20240216,515,C,0.0450,0.0450,0.0450,0.0450,0,0,0.1083000,0.0072000,0.0000000,3.1683000,-0.0045000,0.3827000
20240216,515,P,47.5300,47.5300,47.5300,47.5300,0,0,0.2537000,-0.8437000,0.0000000,37.9877000,-0.0504000,-50.8587000
20240216,483,C,2.4050,2.4050,2.4050,2.4050,0,0,0.1083000,0.2411000,0.0000000,49.4247000,-0.0798000,12.6947000
20240216,483,P,15.8650,15.8650,15.8650,15.8650,0,0,0.1259000,-0.7253000,0.0000000,52.8782000,-0.0276000,-40.8469000
20240216,525,C,0.0250,0.0250,0.0250,0.0250,0,0,0.1191000,0.0034000,0.0000000,1.6578000,-0.0025000,0.1848000
20240216,525,P,57.5300,57.5300,57.5300,57.5300,0,0,0.2902000,-0.8570000,0.0000000,35.8062000,-0.0570000,-52.7223000
20240216,280,C,189.4350,189.4350,189.4350,189.4350,0,0,0.6421000,0.9936000,0.0000000,2.8491000,-0.0618000,31.6535000
20240216,280,P,0.0250,0.0250,0.0250,0.0250,0,0,0.5031000,-0.0008000,0.0000000,0.4797000,-0.0028000,-0.0502000
20240216,408,C,62.6250,62.6250,62.6250,62.6250,0,0,0.2443000,0.9605000,0.0000000,13.5084000,-0.0955000,44.4675000
20240216,408,P,0.3650,0.3650,0.3650,0.3650,0,0,0.2207000,-0.0263000,0.0000000,9.6854000,-0.0236000,-1.4588000
20240216,440,C,31.8650,31.8650,31.8650,31.8650,0,0,0.1726000,0.8787000,0.0000000,31.9598000,-0.1208000,43.6045000
20240216,440,P,1.3650,1.3650,1.3650,1.3650,0,0,0.1622000,-0.1074000,0.0000000,29.3217000,-0.0491000,-5.9369000
20240216,472,C,6.8100,6.8100,6.8100,6.8100,0,0,0.1198000,0.4740000,0.0000000,63.1323000,-0.1213000,24.7192000
20240216,472,P,8.5000,8.5000,8.5000,8.5000,0,0,0.1208000,-0.5255000,0.0000000,63.1360000,-0.0538000,-29.2502000
20240216,365,C,105.1050,105.1050,105.1050,105.1050,0,0,0.3645000,0.9826000,0.0000000,6.7874000,-0.0809000,40.7700000
20240216,365,P,0.1350,0.1350,0.1350,0.1350,0,0,0.3154000,-0.0076000,0.0000000,3.3539000,-0.0120000,-0.4282000
20240216,429,C,42.1950,42.1950,42.1950,42.1950,0,0,0.1938000,0.9240000,0.0000000,22.6672000,-0.1090000,44.8535000
20240216,429,P,0.7950,0.7950,0.7950,0.7950,0,0,0.1802000,-0.0623000,0.0000000,19.4564000,-0.0374000,-3.4427000
20240216,461,C,13.9800,13.9800,13.9800,13.9800,0,0,0.1361000,0.6766000,0.0000000,56.9561000,-0.1363000,34.7923000
20240216,461,P,4.4650,4.4650,4.4650,4.4650,0,0,0.1324000,-0.3191000,0.0000000,56.6502000,-0.0669000,-17.6831000
20240216,493,C,0.6850,0.6850,0.6850,0.6850,0,0,0.1026000,0.0912000,0.0000000,26.0203000,-0.0378000,4.8311000
20240216,493,P,25.5350,25.5350,25.5350,25.5350,0,0,0.1657000,-0.7904000,0.0000000,45.6455000,-0.0325000,-45.4599000
20240216,535,C,0.0150,0.0150,0.0150,0.0150,0,0,0.1289000,0.0017000,0.0000000,0.8836000,-0.0014000,0.0921000
20240216,535,P,67.5250,67.5250,67.5250,67.5250,0,0,0.3247000,-0.8673000,0.0000000,34.0206000,-0.0626000,-54.4274000
20240216,290,C,179.5100,179.5100,179.5100,179.5100,0,0,0.6085000,0.9927000,0.0000000,3.1778000,-0.0644000,32.7498000
20240216,290,P,0.0250,0.0250,0.0250,0.0250,0,0,0.4687000,-0.0009000,0.0000000,0.4852000,-0.0026000,-0.0506000
20240216,418,C,52.8350,52.8350,52.8350,52.8350,0,0,0.2191000,0.9479000,0.0000000,16.8925000,-0.1008000,44.9144000
20240216,418,P,0.5150,0.5150,0.5150,0.5150,0,0,0.2010000,-0.0388000,0.0000000,13.3326000,-0.0291000,-2.1461000
20240216,450,C,22.8900,22.8900,22.8900,22.8900,0,0,0.1542000,0.8084000,0.0000000,43.2510000,-0.1310000,40.8555000
20240216,450,P,2.3700,2.3700,2.3700,2.3700,0,0,0.1476000,-0.1817000,0.0000000,41.8689000,-0.0608000,-10.0511000
20240216,482,C,2.6800,2.6800,2.6800,2.6800,0,0,0.1091000,0.2607000,0.0000000,51.5112000,-0.0843000,13.7162000
20240216,482,P,15.0250,15.0250,15.0250,15.0250,0,0,0.1238000,-0.7124000,0.0000000,54.0692000,-0.0290000,-40.0531000
20240216,215,C,253.9950,253.9950,253.9950,253.9950,0,0,0.9142000,0.9963000,0.0000000,1.7468000,-0.0498000,24.3698000
20240216,375,C,95.2000,95.2000,95.2000,95.2000,0,0,0.3359000,0.9795000,0.0000000,7.8121000,-0.0840000,41.7419000
20240216,375,P,0.1650,0.1650,0.1650,0.1650,0,0,0.2929000,-0.0099000,0.0000000,4.1941000,-0.0139000,-0.5517000
20240216,439,C,32.7750,32.7750,32.7750,32.7750,0,0,0.1741000,0.8845000,0.0000000,30.8750000,-0.1193000,43.8108000
20240216,439,P,1.3000,1.3000,1.3000,1.3000,0,0,0.1641000,-0.1025000,0.0000000,28.3383000,-0.0482000,-5.6639000
20240216,407,C,63.6100,63.6100,63.6100,63.6100,0,0,0.2475000,0.9612000,0.0000000,13.3250000,-0.0953000,44.3889000
20240216,407,P,0.3550,0.3550,0.3550,0.3550,0,0,0.2229000,-0.0254000,0.0000000,9.4234000,-0.0232000,-1.4120000
20240216,471,C,7.3600,7.3600,7.3600,7.3600,0,0,0.1211000,0.4951000,0.0000000,63.2611000,-0.1238000,25.7873000
20240216,471,P,8.0100,8.0100,8.0100,8.0100,0,0,0.1214000,-0.5048000,0.0000000,63.2612000,-0.0559000,-28.0790000
20240216,545,C,0.0150,0.0150,0.0150,0.0150,0,0,0.1445000,0.0014000,0.0000000,0.7473000,-0.0013000,0.0766000
20240216,545,P,77.5250,77.5250,77.5250,77.5250,0,0,0.3581000,-0.8752000,0.0000000,32.6025000,-0.0682000,-56.0029000
20240216,300,C,169.5850,169.5850,169.5850,169.5850,0,0,0.5726000,0.9920000,0.0000000,3.4481000,-0.0663000,33.8547000
20240216,300,P,0.0350,0.0350,0.0350,0.0350,0,0,0.4550000,-0.0013000,0.0000000,0.7231000,-0.0038000,-0.0783000
20240216,428,C,43.2650,43.2650,43.2650,43.2650,0,0,0.2009000,0.9220000,0.0000000,23.1205000,-0.1117000,44.6226000
20240216,428,P,0.7650,0.7650,0.7650,0.7650,0,0,0.1822000,-0.0596000,0.0000000,18.8070000,-0.0366000,-3.2967000
20240216,460,C,14.7300,14.7300,14.7300,14.7300,0,0,0.1377000,0.6915000,0.0000000,55.8231000,-0.1364000,35.5080000
20240216,460,P,4.2150,4.2150,4.2150,4.2150,0,0,0.1338000,-0.3037000,0.0000000,55.4491000,-0.0670000,-16.8257000
20240216,492,C,0.7850,0.7850,0.7850,0.7850,0,0,0.1029000,0.1020000,0.0000000,28.2437000,-0.0414000,5.3992000
20240216,492,P,24.5350,24.5350,24.5350,24.5350,0,0,0.1613000,-0.7864000,0.0000000,46.1509000,-0.0315000,-45.1309000
20240216,225,C,244.0600,244.0600,244.0600,244.0600,0,0,0.8691000,0.9959000,0.0000000,1.8962000,-0.0518000,25.4935000
20240216,385,C,85.3100,85.3100,85.3100,85.3100,0,0,0.3077000,0.9756000,0.0000000,9.0762000,-0.0871000,42.6663000
20240216,385,P,0.2050,0.2050,0.2050,0.2050,0,0,0.2705000,-0.0129000,0.0000000,5.2833000,-0.0161000,-0.7183000
20240216,417,C,53.8050,53.8050,53.8050,53.8050,0,0,0.2213000,0.9496000,0.0000000,16.4430000,-0.1000000,44.8960000
20240216,417,P,0.4950,0.4950,0.4950,0.4950,0,0,0.2028000,-0.0371000,0.0000000,12.8793000,-0.0285000,-2.0572000
20240216,449,C,23.7550,23.7550,23.7550,23.7550,0,0,0.1557000,0.8175000,0.0000000,41.9602000,-0.1299000,41.2491000
20240216,449,P,2.2400,2.2400,2.2400,2.2400,0,0,0.1491000,-0.1724000,0.0000000,40.5057000,-0.0598000,-9.5369000
20240216,481,C,2.9850,2.9850,2.9850,2.9850,0,0,0.1100000,0.2808000,0.0000000,53.4579000,-0.0886000,14.7631000
20240216,481,P,14.2300,14.2300,14.2300,14.2300,0,0,0.1224000,-0.6975000,0.0000000,55.3435000,-0.0311000,-39.1599000
20240216,555,P,87.5250,87.5250,87.5250,87.5250,0,0,0.3903000,-0.8816000,0.0000000,31.4157000,-0.0733000,-57.4984000
20240216,310,C,159.6550,159.6550,159.6550,159.6550,0,0,0.5375000,0.9912000,0.0000000,3.7440000,-0.0681000,34.9553000
20240216,310,P,0.0450,0.0450,0.0450,0.0450,0,0,0.4355000,-0.0018000,0.0000000,0.9553000,-0.0048000,-0.1062000
20240216,438,C,33.7050,33.7050,33.7050,33.7050,0,0,0.1760000,0.8894000,0.0000000,29.9346000,-0.1183000,43.9674000
20240216,438,P,1.2350,1.2350,1.2350,1.2350,0,0,0.1655000,-0.0971000,0.0000000,27.2567000,-0.0469000,-5.3697000
20240216,406,C,64.5950,64.5950,64.5950,64.5950,0,0,0.2500000,0.9622000,0.0000000,13.0310000,-0.0948000,44.3324000
20240216,406,P,0.3450,0.3450,0.3450,0.3450,0,0,0.2248000,-0.0245000,0.0000000,9.1333000,-0.0227000,-1.3605000
20240216,470,C,7.9350,7.9350,7.9350,7.9350,0,0,0.1224000,0.5157000,0.0000000,63.2166000,-0.1261000,26.8317000
20240216,470,P,7.5600,7.5600,7.5600,7.5600,0,0,0.1224000,-0.4842000,0.0000000,63.2166000,-0.0580000,-26.9204000
20240216,502,C,0.1850,0.1850,0.1850,0.1850,0,0,0.1007000,0.0294000,0.0000000,10.6392000,-0.0147000,1.5659000
20240216,502,P,34.5300,34.5300,34.5300,34.5300,0,0,0.2034000,-0.8182000,0.0000000,41.8646000,-0.0407000,-47.9911000
20240216,235,C,234.1250,234.1250,234.1250,234.1250,0,0,0.8210000,0.9957000,0.0000000,1.9881000,-0.0530000,26.6255000
20240216,427,C,44.1150,44.1150,44.1150,44.1150,0,0,0.1982000,0.9294000,0.0000000,21.4126000,-0.1073000,44.9256000
20240216,427,P,0.7350,0.7350,0.7350,0.7350,0,0,0.1842000,-0.0571000,0.0000000,18.1811000,-0.0358000,-3.1580000
20240216,395,C,75.4300,75.4300,75.4300,75.4300,0,0,0.2797000,0.9704000,0.0000000,10.6573000,-0.0905000,43.5249000
20240216,395,P,0.2550,0.2550,0.2550,0.2550,0,0,0.2480000,-0.0171000,0.0000000,6.7235000,-0.0186000,-0.9492000
20240216,459,C,15.5100,15.5100,15.5100,15.5100,0,0,0.1395000,0.7054000,0.0000000,54.6757000,-0.1365000,36.1663000
20240216,459,P,3.9750,3.9750,3.9750,3.9750,0,0,0.1351000,-0.2888000,0.0000000,54.1864000,-0.0669000,-15.9975000
20240216,491,C,0.8950,0.8950,0.8950,0.8950,0,0,0.1032000,0.1135000,0.0000000,30.4964000,-0.0450000,6.0036000
20240216,491,P,23.5350,23.5350,23.5350,23.5350,0,0,0.1569000,-0.7822000,0.0000000,46.6733000,-0.0305000,-44.7906000
20240223,480,C,3.9300,3.9300,3.9300,3.9300,0,0,0.1105000,0.3245000,0.0000000,61.6115000,-0.0910000,19.8386000
20240223,480,P,13.6900,13.6900,13.6900,13.6900,0,0,0.1213000,-0.6594000,0.0000000,62.8016000,-0.0309000,-43.2248000
20240223,405,C,66.0650,66.0650,66.0650,66.0650,0,0,0.2406000,0.9601000,0.0000000,14.7038000,-0.0917000,51.3933000
20240223,405,P,0.4350,0.4350,0.4350,0.4350,0,0,0.2209000,-0.0286000,0.0000000,11.2118000,-0.0232000,-1.8545000
20240223,469,C,9.3650,9.3650,9.3650,9.3650,0,0,0.1233000,0.5435000,0.0000000,67.9269000,-0.1211000,32.8584000
20240223,469,P,7.5550,7.5550,7.5550,7.5550,0,0,0.1236000,-0.4564000,0.0000000,67.9282000,-0.0535000,-29.6633000
20240223,458,C,17.1350,17.1350,17.1350,17.1350,0,0,0.1396000,0.7143000,0.0000000,58.2161000,-0.1290000,42.5332000
20240223,458,P,4.1900,4.1900,4.1900,4.1900,0,0,0.1364000,-0.2815000,0.0000000,57.8103000,-0.0607000,-18.2299000
20240223,490,C,1.3600,1.3600,1.3600,1.3600,0,0,0.1033000,0.1506000,0.0000000,40.0507000,-0.0523000,9.2713000
20240223,490,P,22.5350,22.5350,22.5350,22.5350,0,0,0.1486000,-0.7596000,0.0000000,53.2952000,-0.0258000,-50.6987000
20240223,457.5,C,17.5300,17.5300,17.5300,17.5300,0,0,0.1405000,0.7203000,0.0000000,57.6214000,-0.1290000,42.8583000
20240223,457.5,P,4.0850,4.0850,4.0850,4.0850,0,0,0.1370000,-0.2750000,0.0000000,57.1585000,-0.0606000,-17.8090000
20240223,415,C,56.2950,56.2950,56.2950,56.2950,0,0,0.2174000,0.9478000,0.0000000,18.2568000,-0.0967000,51.9332000
20240223,415,P,0.5950,0.5950,0.5950,0.5950,0,0,0.2022000,-0.0408000,0.0000000,15.0238000,-0.0281000,-2.6447000
20240223,479,C,4.3050,4.3050,4.3050,4.3050,0,0,0.1114000,0.3444000,0.0000000,63.0750000,-0.0945000,21.0429000
20240223,479,P,12.9900,12.9900,12.9900,12.9900,0,0,0.1207000,-0.6428000,0.0000000,63.9079000,-0.0331000,-42.0874000
20240223,468,C,9.9900,9.9900,9.9900,9.9900,0,0,0.1248000,0.5617000,0.0000000,67.5152000,-0.1227000,33.9134000
20240223,468,P,7.1550,7.1550,7.1550,7.1550,0,0,0.1246000,-0.4381000,0.0000000,67.5132000,-0.0549000,-28.4610000
20240223,500,C,0.3750,0.3750,0.3750,0.3750,0,0,0.0998000,0.0522000,0.0000000,18.2824000,-0.0221000,3.2264000
20240223,500,P,32.5350,32.5350,32.5350,32.5350,0,0,0.1895000,-0.7967000,0.0000000,48.4134000,-0.0347000,-54.3741000
20240223,467.5,C,10.3100,10.3100,10.3100,10.3100,0,0,0.1255000,0.5706000,0.0000000,67.2614000,-0.1234000,34.4283000
20240223,467.5,P,6.9650,6.9650,6.9650,6.9650,0,0,0.1250000,-0.4291000,0.0000000,67.2556000,-0.0556000,-27.8700000
20240223,425,C,46.6350,46.6350,46.6350,46.6350,0,0,0.1963000,0.9278000,0.0000000,23.5423000,-0.1034000,51.9714000
20240223,425,P,0.8600,0.8600,0.8600,0.8600,0,0,0.1850000,-0.0612000,0.0000000,20.7260000,-0.0348000,-3.9571000
20240223,457,C,17.9250,17.9250,17.9250,17.9250,0,0,0.1412000,0.7266000,0.0000000,56.9890000,-0.1289000,43.1967000
20240223,457,P,3.9750,3.9750,3.9750,3.9750,0,0,0.1376000,-0.2686000,0.0000000,56.4898000,-0.0604000,-17.3907000
20240223,489,C,1.5300,1.5300,1.5300,1.5300,0,0,0.1039000,0.1649000,0.0000000,42.5080000,-0.0560000,10.1454000
20240223,489,P,21.5350,21.5350,21.5350,21.5350,0,0,0.1442000,-0.7546000,0.0000000,53.8876000,-0.0248000,-50.2531000
20240223,350,C,120.3350,120.3350,120.3350,120.3350,0,0,0.3818000,0.9857000,0.0000000,6.2120000,-0.0737000,45.7110000
20240223,350,P,0.1250,0.1250,0.1250,0.1250,0,0,0.3325000,-0.0062000,0.0000000,3.0376000,-0.0098000,-0.4110000
20240223,478,C,4.7050,4.7050,4.7050,4.7050,0,0,0.1123000,0.3647000,0.0000000,64.3721000,-0.0979000,22.2639000
20240223,478,P,12.3100,12.3100,12.3100,12.3100,0,0,0.1202000,-0.6256000,0.0000000,64.9154000,-0.0352000,-40.9201000
20240223,510,C,0.1050,0.1050,0.1050,0.1050,0,0,0.1010000,0.0162000,0.0000000,6.9430000,-0.0082000,1.0056000
20240223,510,P,42.5300,42.5300,42.5300,42.5300,0,0,0.2274000,-0.8203000,0.0000000,44.8891000,-0.0422000,-57.1959000
20240223,477.5,C,4.9150,4.9150,4.9150,4.9150,0,0,0.1129000,0.3750000,0.0000000,64.9556000,-0.0996000,22.8793000
20240223,477.5,P,11.9850,11.9850,11.9850,11.9850,0,0,0.1200000,-0.6168000,0.0000000,65.3830000,-0.0363000,-40.3212000
20240223,435,C,37.1900,37.1900,37.1900,37.1900,0,0,0.1781000,0.8936000,0.0000000,31.4410000,-0.1125000,51.0915000
20240223,435,P,1.3250,1.3250,1.3250,1.3250,0,0,0.1688000,-0.0949000,0.0000000,28.9344000,-0.0431000,-6.1346000
20240223,467,C,10.6300,10.6300,10.6300,10.6300,0,0,0.1261000,0.5794000,0.0000000,66.9759000,-0.1241000,34.9381000
20240223,467,P,6.7800,6.7800,6.7800,6.7800,0,0,0.1257000,-0.4203000,0.0000000,66.9679000,-0.0563000,-27.2905000
20240223,360,C,110.4400,110.4400,110.4400,110.4400,0,0,0.3554000,0.9832000,0.0000000,7.1301000,-0.0766000,46.8829000
20240223,360,P,0.1550,0.1550,0.1550,0.1550,0,0,0.3125000,-0.0081000,0.0000000,3.8214000,-0.0116000,-0.5324000
20240223,456,C,18.7200,18.7200,18.7200,18.7200,0,0,0.1428000,0.7383000,0.0000000,55.7390000,-0.1287000,43.8275000
20240223,456,P,3.7700,3.7700,3.7700,3.7700,0,0,0.1390000,-0.2564000,0.0000000,55.1667000,-0.0602000,-16.6014000
20240223,488,C,1.7200,1.7200,1.7200,1.7200,0,0,0.1045000,0.1801000,0.0000000,44.9709000,-0.0599000,11.0756000
20240223,488,P,20.5400,20.5400,20.5400,20.5400,0,0,0.1400000,-0.7490000,0.0000000,54.5367000,-0.0240000,-49.7705000
20240223,520,C,0.0450,0.0450,0.0450,0.0450,0,0,0.1083000,0.0065000,0.0000000,3.1528000,-0.0039000,0.4066000
20240223,520,P,52.5300,52.5300,52.5300,52.5300,0,0,0.2631000,-0.8369000,0.0000000,42.2010000,-0.0487000,-59.5761000
20240223,445,C,28.0650,28.0650,28.0650,28.0650,0,0,0.1604000,0.8388000,0.0000000,41.8777000,-0.1215000,48.8774000
20240223,445,P,2.1500,2.1500,2.1500,2.1500,0,0,0.1544000,-0.1524000,0.0000000,40.3666000,-0.0529000,-9.8551000
20240223,477,C,5.1300,5.1300,5.1300,5.1300,0,0,0.1135000,0.3853000,0.0000000,65.4932000,-0.1013000,23.4959000
20240223,477,P,11.6750,11.6750,11.6750,11.6750,0,0,0.1200000,-0.6076000,0.0000000,65.8303000,-0.0376000,-39.7049000
20240223,370,C,100.5450,100.5450,100.5450,100.5450,0,0,0.3273000,0.9807000,0.0000000,8.0325000,-0.0789000,48.0544000
20240223,370,P,0.1850,0.1850,0.1850,0.1850,0,0,0.2905000,-0.0102000,0.0000000,4.6603000,-0.0130000,-0.6666000
20240223,466,C,11.2950,11.2950,11.2950,11.2950,0,0,0.1275000,0.5966000,0.0000000,66.3210000,-0.1252000,35.9281000
20240223,466,P,6.4250,6.4250,6.4250,6.4250,0,0,0.1266000,-0.4028000,0.0000000,66.2978000,-0.0573000,-26.1434000
20240223,530,C,0.0250,0.0250,0.0250,0.0250,0,0,0.1181000,0.0033000,0.0000000,1.7283000,-0.0023000,0.2071000
20240223,530,P,62.5250,62.5250,62.5250,62.5250,0,0,0.2968000,-0.8494000,0.0000000,40.0437000,-0.0544000,-61.7018000
20240223,455,C,19.5300,19.5300,19.5300,19.5300,0,0,0.1444000,0.7496000,0.0000000,54.4769000,-0.1284000,44.4239000
20240223,455,P,3.5800,3.5800,3.5800,3.5800,0,0,0.1404000,-0.2447000,0.0000000,53.8187000,-0.0599000,-15.8415000
20240223,487,C,1.9250,1.9250,1.9250,1.9250,0,0,0.1051000,0.1957000,0.0000000,47.3405000,-0.0638000,12.0291000
20240223,487,P,19.5700,19.5700,19.5700,19.5700,0,0,0.1361000,-0.7425000,0.0000000,55.2831000,-0.0234000,-49.2269000
20240223,380,C,90.6700,90.6700,90.6700,90.6700,0,0,0.3024000,0.9766000,0.0000000,9.4440000,-0.0823000,49.1244000
20240223,380,P,0.2350,0.2350,0.2350,0.2350,0,0,0.2712000,-0.0136000,0.0000000,5.9887000,-0.0156000,-0.8889000
20240223,476,C,5.5750,5.5750,5.5750,5.5750,0,0,0.1145000,0.4057000,0.0000000,66.4172000,-0.1043000,24.7144000
20240223,476,P,11.0650,11.0650,11.0650,11.0650,0,0,0.1200000,-0.5892000,0.0000000,66.6183000,-0.0399000,-38.4650000
20240223,540,C,0.0150,0.0150,0.0150,0.0150,0,0,0.1250000,0.0014000,0.0000000,0.8319000,-0.0011000,0.0924000
20240223,540,P,72.5250,72.5250,72.5250,72.5250,0,0,0.3293000,-0.8589000,0.0000000,38.3265000,-0.0598000,-63.6409000
20240223,465,C,11.9750,11.9750,11.9750,11.9750,0,0,0.1290000,0.6132000,0.0000000,65.5630000,-0.1263000,36.8805000
20240223,465,P,6.0850,6.0850,6.0850,6.0850,0,0,0.1277000,-0.3858000,0.0000000,65.5161000,-0.0582000,-25.0297000
20240223,390,C,80.8100,80.8100,80.8100,80.8100,0,0,0.2775000,0.9714000,0.0000000,11.1745000,-0.0859000,50.1219000
20240223,390,P,0.2900,0.2900,0.2900,0.2900,0,0,0.2507000,-0.0180000,0.0000000,7.5893000,-0.0181000,-1.1696000
20240223,454,C,20.3500,20.3500,20.3500,20.3500,0,0,0.1460000,0.7603000,0.0000000,53.2039000,-0.1280000,44.9895000
20240223,454,P,3.4000,3.4000,3.4000,3.4000,0,0,0.1417000,-0.2335000,0.0000000,52.4562000,-0.0595000,-15.1132000
20240223,486,C,2.1500,2.1500,2.1500,2.1500,0,0,0.1058000,0.2126000,0.0000000,49.7262000,-0.0678000,13.0556000
20240223,486,P,18.6250,18.6250,18.6250,18.6250,0,0,0.1325000,-0.7349000,0.0000000,56.1125000,-0.0232000,-48.6241000
20240223,475,C,6.0550,6.0550,6.0550,6.0550,0,0,0.1157000,0.4262000,0.0000000,67.1626000,-0.1074000,25.9368000
20240223,475,P,10.4850,10.4850,10.4850,10.4850,0,0,0.1202000,-0.5703000,0.0000000,67.2685000,-0.0422000,-37.2048000
20240223,400,C,70.9650,70.9650,70.9650,70.9650,0,0,0.2520000,0.9649000,0.0000000,13.2405000,-0.0893000,51.0365000
20240223,400,P,0.3750,0.3750,0.3750,0.3750,0,0,0.2304000,-0.0242000,0.0000000,9.7525000,-0.0212000,-1.5706000
20240223,464,C,12.6700,12.6700,12.6700,12.6700,0,0,0.1306000,0.6292000,0.0000000,64.7156000,-0.1272000,37.7920000
20240223,464,P,5.7650,5.7650,5.7650,5.7650,0,0,0.1288000,-0.3692000,0.0000000,64.6338000,-0.0590000,-23.9504000
20240223,453,C,21.1850,21.1850,21.1850,21.1850,0,0,0.1477000,0.7706000,0.0000000,51.9305000,-0.1276000,45.5224000
20240223,453,P,3.2300,3.2300,3.2300,3.2300,0,0,0.1431000,-0.2228000,0.0000000,51.0904000,-0.0590000,-14.4186000
20240223,485,C,2.3900,2.3900,2.3900,2.3900,0,0,0.1065000,0.2297000,0.0000000,51.9852000,-0.0717000,14.1006000
20240223,485,P,17.7200,17.7200,17.7200,17.7200,0,0,0.1297000,-0.7254000,0.0000000,57.1089000,-0.0237000,-47.9082000
20240223,410,C,61.1700,61.1700,61.1700,61.1700,0,0,0.2291000,0.9545000,0.0000000,16.3793000,-0.0943000,51.6930000
20240223,410,P,0.5050,0.5050,0.5050,0.5050,0,0,0.2114000,-0.0340000,0.0000000,12.9254000,-0.0255000,-2.2011000
20240223,474,C,6.5450,6.5450,6.5450,6.5450,0,0,0.1168000,0.4464000,0.0000000,67.7183000,-0.1101000,27.1410000
20240223,474,P,9.9300,9.9300,9.9300,9.9300,0,0,0.1206000,-0.5513000,0.0000000,67.7682000,-0.0444000,-35.9355000
20240223,463,C,13.3800,13.3800,13.3800,13.3800,0,0,0.1321000,0.6447000,0.0000000,63.7834000,-0.1278000,38.6709000
20240223,463,P,5.4650,5.4650,5.4650,5.4650,0,0,0.1300000,-0.3533000,0.0000000,63.6623000,-0.0596000,-22.9075000
20240223,495,C,0.7300,0.7300,0.7300,0.7300,0,0,0.1012000,0.0917000,0.0000000,28.2201000,-0.0352000,5.6613000
20240223,495,P,27.5350,27.5350,27.5350,27.5350,0,0,0.1695000,-0.7806000,0.0000000,50.6373000,-0.0305000,-52.6869000
20240223,462.5,C,13.7400,13.7400,13.7400,13.7400,0,0,0.1328000,0.6523000,0.0000000,63.2885000,-0.1281000,39.0980000
20240223,462.5,P,5.3250,5.3250,5.3250,5.3250,0,0,0.1307000,-0.3455000,0.0000000,63.1485000,-0.0599000,-22.4017000
20240223,420,C,51.4500,51.4500,51.4500,51.4500,0,0,0.2070000,0.9387000,0.0000000,20.7357000,-0.1001000,52.0093000
20240223,420,P,0.7050,0.7050,0.7050,0.7050,0,0,0.1931000,-0.0494000,0.0000000,17.5057000,-0.0310000,-3.1963000
20240223,452,C,22.0100,22.0100,22.0100,22.0100,0,0,0.1492000,0.7806000,0.0000000,50.6271000,-0.1269000,46.0412000
20240223,452,P,3.0650,3.0650,3.0650,3.0650,0,0,0.1444000,-0.2123000,0.0000000,49.6839000,-0.0583000,-13.7354000
20240223,484,C,2.6550,2.6550,2.6550,2.6550,0,0,0.1071000,0.2475000,0.0000000,54.1440000,-0.0756000,15.1787000
20240223,484,P,16.8450,16.8450,16.8450,16.8450,0,0,0.1271000,-0.7149000,0.0000000,58.1551000,-0.0244000,-47.1331000
20240223,473,C,7.0650,7.0650,7.0650,7.0650,0,0,0.1180000,0.4665000,0.0000000,68.0944000,-0.1127000,28.3322000
20240223,473,P,9.3850,9.3850,9.3850,9.3850,0,0,0.1206000,-0.5323000,0.0000000,68.1102000,-0.0463000,-34.6695000
20240223,505,C,0.1950,0.1950,0.1950,0.1950,0,0,0.0999000,0.0291000,0.0000000,11.3791000,-0.0135000,1.8037000
20240223,505,P,37.5300,37.5300,37.5300,37.5300,0,0,0.2088000,-0.8097000,0.0000000,46.5248000,-0.0386000,-55.8563000
20240223,472.5,C,7.3350,7.3350,7.3350,7.3350,0,0,0.1187000,0.4764000,0.0000000,68.2163000,-0.1139000,28.9210000
20240223,472.5,P,9.1350,9.1350,9.1350,9.1350,0,0,0.1210000,-0.5227000,0.0000000,68.2240000,-0.0473000,-34.0322000
20240223,430,C,41.8750,41.8750,41.8750,41.8750,0,0,0.1867000,0.9131000,0.0000000,27.0927000,-0.1076000,51.6870000
20240223,430,P,1.0600,1.0600,1.0600,1.0600,0,0,0.1768000,-0.0759000,0.0000000,24.4905000,-0.0388000,-4.9115000
20240223,462,C,14.1050,14.1050,14.1050,14.1050,0,0,0.1335000,0.6598000,0.0000000,62.7742000,-0.1283000,39.5185000
20240223,462,P,5.1850,5.1850,5.1850,5.1850,0,0,0.1313000,-0.3379000,0.0000000,62.6159000,-0.0601000,-21.9046000
20240223,355,C,115.3900,115.3900,115.3900,115.3900,0,0,0.3693000,0.9843000,0.0000000,6.7118000,-0.0754000,46.2900000
20240223,355,P,0.1350,0.1350,0.1350,0.1350,0,0,0.3212000,-0.0069000,0.0000000,3.3329000,-0.0104000,-0.4560000
20240223,483,C,2.9400,2.9400,2.9400,2.9400,0,0,0.1080000,0.2662000,0.0000000,56.2342000,-0.0796000,16.3124000
20240223,483,P,16.0050,16.0050,16.0050,16.0050,0,0,0.1251000,-0.7030000,0.0000000,59.2842000,-0.0255000,-46.2686000
20240223,515,C,0.0650,0.0650,0.0650,0.0650,0,0,0.1044000,0.0101000,0.0000000,4.6096000,-0.0055000,0.6264000
20240223,515,P,47.5300,47.5300,47.5300,47.5300,0,0,0.2455000,-0.8292000,0.0000000,43.4610000,-0.0455000,-58.4273000
20240223,525,C,0.0350,0.0350,0.0350,0.0350,0,0,0.1142000,0.0049000,0.0000000,2.4524000,-0.0031000,0.3062000
20240223,525,P,57.5300,57.5300,57.5300,57.5300,0,0,0.2802000,-0.8434000,0.0000000,41.0814000,-0.0517000,-60.6595000
20240223,482.5,C,3.0900,3.0900,3.0900,3.0900,0,0,0.1083000,0.2756000,0.0000000,57.2207000,-0.0815000,16.8847000
20240223,482.5,P,15.6000,15.6000,15.6000,15.6000,0,0,0.1243000,-0.6962000,0.0000000,59.8867000,-0.0263000,-45.7933000
20240223,440,C,32.5700,32.5700,32.5700,32.5700,0,0,0.1690000,0.8696000,0.0000000,36.3037000,-0.1170000,50.2068000
20240223,440,P,1.6800,1.6800,1.6800,1.6800,0,0,0.1615000,-0.1201000,0.0000000,34.2978000,-0.0481000,-7.7668000
20240223,472,C,7.6050,7.6050,7.6050,7.6050,0,0,0.1192000,0.4863000,0.0000000,68.2950000,-0.1151000,29.5030000
20240223,472,P,8.8900,8.8900,8.8900,8.8900,0,0,0.1213000,-0.5131000,0.0000000,68.2980000,-0.0483000,-33.3967000
20240223,365,C,105.4950,105.4950,105.4950,105.4950,0,0,0.3415000,0.9820000,0.0000000,7.5771000,-0.0778000,47.4698000
20240223,365,P,0.1650,0.1650,0.1650,0.1650,0,0,0.3007000,-0.0090000,0.0000000,4.1635000,-0.0121000,-0.5864000
20240223,461,C,14.8450,14.8450,14.8450,14.8450,0,0,0.1350000,0.6742000,0.0000000,61.7075000,-0.1287000,40.3244000
20240223,461,P,4.9150,4.9150,4.9150,4.9150,0,0,0.1325000,-0.3230000,0.0000000,61.4942000,-0.0605000,-20.9314000
20240223,535,C,0.0250,0.0250,0.0250,0.0250,0,0,0.1259000,0.0030000,0.0000000,1.5818000,-0.0022000,0.1876000
20240223,535,P,67.5250,67.5250,67.5250,67.5250,0,0,0.3132000,-0.8544000,0.0000000,39.1434000,-0.0571000,-62.6888000
20240223,450,C,23.7050,23.7050,23.7050,23.7050,0,0,0.1522000,0.7993000,0.0000000,48.0431000,-0.1255000,46.9881000
20240223,450,P,2.7650,2.7650,2.7650,2.7650,0,0,0.1471000,-0.1930000,0.0000000,46.9357000,-0.0569000,-12.4853000
20240223,482,C,3.2450,3.2450,3.2450,3.2450,0,0,0.1087000,0.2850000,0.0000000,58.1545000,-0.0834000,17.4525000
20240223,482,P,15.2050,15.2050,15.2050,15.2050,0,0,0.1235000,-0.6895000,0.0000000,60.4723000,-0.0271000,-45.3140000
20240223,375,C,95.6050,95.6050,95.6050,95.6050,0,0,0.3145000,0.9789000,0.0000000,8.6646000,-0.0804000,48.6045000
20240223,375,P,0.2050,0.2050,0.2050,0.2050,0,0,0.2802000,-0.0116000,0.0000000,5.2234000,-0.0141000,-0.7594000
20240223,471,C,8.1750,8.1750,8.1750,8.1750,0,0,0.1206000,0.5058000,0.0000000,68.3276000,-0.1173000,30.6498000
20240223,471,P,8.4200,8.4200,8.4200,8.4200,0,0,0.1220000,-0.4940000,0.0000000,68.3273000,-0.0502000,-32.1354000
20240223,545,C,0.0150,0.0150,0.0150,0.0150,0,0,0.1328000,0.0014000,0.0000000,0.8029000,-0.0011000,0.0888000
20240223,545,P,77.5250,77.5250,77.5250,77.5250,0,0,0.3450000,-0.8629000,0.0000000,37.5825000,-0.0623000,-64.5635000
20240223,460,C,15.6050,15.6050,15.6050,15.6050,0,0,0.1367000,0.6879000,0.0000000,60.6014000,-0.1290000,41.0828000
20240223,460,P,4.6600,4.6600,4.6600,4.6600,0,0,0.1338000,-0.3086000,0.0000000,60.3191000,-0.0607000,-19.9994000
20240223,385,C,85.7400,85.7400,85.7400,85.7400,0,0,0.2902000,0.9741000,0.0000000,10.2941000,-0.0842000,49.6277000
20240223,385,P,0.2550,0.2550,0.2550,0.2550,0,0,0.2597000,-0.0152000,0.0000000,6.5954000,-0.0164000,-0.9932000
20240223,481,C,3.5750,3.5750,3.5750,3.5750,0,0,0.1095000,0.3044000,0.0000000,59.9547000,-0.0872000,18.6306000
20240223,481,P,14.4300,14.4300,14.4300,14.4300,0,0,0.1223000,-0.6749000,0.0000000,61.6502000,-0.0289000,-44.3000000
20240223,470,C,8.7550,8.7550,8.7550,8.7550,0,0,0.1219000,0.5249000,0.0000000,68.2015000,-0.1192000,31.7699000
20240223,470,P,7.9750,7.9750,7.9750,7.9750,0,0,0.1228000,-0.4751000,0.0000000,68.2021000,-0.0519000,-30.8890000
20240223,395,C,75.8850,75.8850,75.8850,75.8850,0,0,0.2645000,0.9686000,0.0000000,12.1020000,-0.0875000,50.6032000
20240223,395,P,0.3250,0.3250,0.3250,0.3250,0,0,0.2397000,-0.0205000,0.0000000,8.4705000,-0.0192000,-1.3297000
20240223,459,C,16.3600,16.3600,16.3600,16.3600,0,0,0.1382000,0.7013000,0.0000000,59.4305000,-0.1291000,41.8234000
20240223,459,P,4.4200,4.4200,4.4200,4.4200,0,0,0.1351000,-0.2948000,0.0000000,59.0888000,-0.0607000,-19.0992000
20240229,320,C,150.3850,150.3850,150.3850,150.3850,0,0,0.4531000,0.9889000,0.0000000,5.2771000,-0.0671000,47.0066000
20240229,320,P,0.0850,0.0850,0.0850,0.0850,0,0,0.3818000,-0.0036000,0.0000000,1.9658000,-0.0065000,-0.2671000
20240229,416,C,55.8750,55.8750,55.8750,55.8750,0,0,0.2135000,0.9389000,0.0000000,21.9050000,-0.0982000,57.7278000
20240229,416,P,0.7650,0.7650,0.7650,0.7650,0,0,0.1989000,-0.0490000,0.0000000,18.4427000,-0.0299000,-3.5723000
20240229,448,C,26.2150,26.2150,26.2150,26.2150,0,0,0.1565000,0.8060000,0.0000000,49.8762000,-0.1219000,52.8301000
20240229,448,P,2.8700,2.8700,2.8700,2.8700,0,0,0.1510000,-0.1861000,0.0000000,48.6200000,-0.0536000,-13.5426000
20240229,480,C,4.5700,4.5700,4.5700,4.5700,0,0,0.1120000,0.3442000,0.0000000,66.8075000,-0.0908000,23.5616000
20240229,480,P,13.9350,13.9350,13.9350,13.9350,0,0,0.1222000,-0.6419000,0.0000000,67.7623000,-0.0296000,-47.3242000
20240229,437,C,36.0300,36.0300,36.0300,36.0300,0,0,0.1748000,0.8740000,0.0000000,37.5561000,-0.1139000,56.1430000
20240229,437,P,1.7400,1.7400,1.7400,1.7400,0,0,0.1664000,-0.1149000,0.0000000,35.2162000,-0.0452000,-8.3606000
20240229,405,C,66.5550,66.5550,66.5550,66.5550,0,0,0.2366000,0.9549000,0.0000000,17.2138000,-0.0923000,57.2441000
20240229,405,P,0.5350,0.5350,0.5350,0.5350,0,0,0.2175000,-0.0331000,0.0000000,13.4065000,-0.0241000,-2.4142000
20240229,469,C,10.1850,10.1850,10.1850,10.1850,0,0,0.1248000,0.5490000,0.0000000,71.8503000,-0.1174000,37.1433000
20240229,469,P,7.9750,7.9750,7.9750,7.9750,0,0,0.1252000,-0.4510000,0.0000000,71.8524000,-0.0499000,-32.9756000
20240229,501,C,0.4650,0.4650,0.4650,0.4650,0,0,0.1000000,0.0597000,0.0000000,21.5522000,-0.0235000,4.1410000
20240229,501,P,33.5300,33.5300,33.5300,33.5300,0,0,0.1894000,-0.7868000,0.0000000,52.7617000,-0.0324000,-60.4810000
20240229,330,C,140.4900,140.4900,140.4900,140.4900,0,0,0.4262000,0.9873000,0.0000000,5.9431000,-0.0697000,48.3826000
20240229,330,P,0.1050,0.1050,0.1050,0.1050,0,0,0.3623000,-0.0046000,0.0000000,2.4407000,-0.0077000,-0.3396000
20240229,426,C,46.2950,46.2950,46.2950,46.2950,0,0,0.1939000,0.9159000,0.0000000,27.9949000,-0.1049000,57.5510000
20240229,426,P,1.1050,1.1050,1.1050,1.1050,0,0,0.1828000,-0.0724000,0.0000000,25.0172000,-0.0365000,-5.2693000
20240229,458,C,17.9800,17.9800,17.9800,17.9800,0,0,0.1410000,0.7082000,0.0000000,62.2918000,-0.1254000,47.1853000
20240229,458,P,4.6200,4.6200,4.6200,4.6200,0,0,0.1376000,-0.2875000,0.0000000,61.8733000,-0.0572000,-20.9536000
20240229,490,C,1.7350,1.7350,1.7350,1.7350,0,0,0.1044000,0.1731000,0.0000000,46.4599000,-0.0556000,11.9350000
20240229,490,P,22.5300,22.5300,22.5300,22.5300,0,0,0.1459000,-0.7453000,0.0000000,58.2266000,-0.0232000,-55.9040000
20240229,415,C,56.8400,56.8400,56.8400,56.8400,0,0,0.2156000,0.9406000,0.0000000,21.4391000,-0.0977000,57.6982000
20240229,415,P,0.7350,0.7350,0.7350,0.7350,0,0,0.2003000,-0.0470000,0.0000000,17.8420000,-0.0291000,-3.4276000
20240229,447,C,27.0800,27.0800,27.0800,27.0800,0,0,0.1582000,0.8135000,0.0000000,48.6713000,-0.1213000,53.2323000
20240229,447,P,2.7400,2.7400,2.7400,2.7400,0,0,0.1524000,-0.1781000,0.0000000,47.3033000,-0.0530000,-12.9596000
20240229,479,C,4.9700,4.9700,4.9700,4.9700,0,0,0.1130000,0.3633000,0.0000000,68.1052000,-0.0939000,24.8442000
20240229,479,P,13.2450,13.2450,13.2450,13.2450,0,0,0.1215000,-0.6261000,0.0000000,68.7454000,-0.0314000,-46.1067000
20240229,340,C,130.5950,130.5950,130.5950,130.5950,0,0,0.3977000,0.9858000,0.0000000,6.5549000,-0.0717000,49.7671000
20240229,340,P,0.1250,0.1250,0.1250,0.1250,0,0,0.3417000,-0.0057000,0.0000000,2.9735000,-0.0088000,-0.4233000
20240229,436,C,36.9500,36.9500,36.9500,36.9500,0,0,0.1766000,0.8787000,0.0000000,36.5780000,-0.1131000,56.3326000
20240229,436,P,1.6650,1.6650,1.6650,1.6650,0,0,0.1676000,-0.1098000,0.0000000,34.0921000,-0.0442000,-7.9889000
20240229,500,C,0.5250,0.5250,0.5250,0.5250,0,0,0.1000000,0.0662000,0.0000000,23.3516000,-0.0256000,4.5885000
20240229,500,P,32.5300,32.5300,32.5300,32.5300,0,0,0.1856000,-0.7839000,0.0000000,53.1815000,-0.0317000,-60.1241000
20240229,468,C,10.8200,10.8200,10.8200,10.8200,0,0,0.1263000,0.5658000,0.0000000,71.4088000,-0.1189000,38.2325000
20240229,468,P,7.5800,7.5800,7.5800,7.5800,0,0,0.1261000,-0.4340000,0.0000000,71.4071000,-0.0512000,-31.7204000
20240229,425,C,47.2450,47.2450,47.2450,47.2450,0,0,0.1958000,0.9187000,0.0000000,27.2920000,-0.1042000,57.6044000
20240229,425,P,1.0600,1.0600,1.0600,1.0600,0,0,0.1844000,-0.0696000,0.0000000,24.2613000,-0.0357000,-5.0632000
20240229,457,C,18.7600,18.7600,18.7600,18.7600,0,0,0.1425000,0.7199000,0.0000000,61.0905000,-0.1254000,47.8924000
20240229,457,P,4.4000,4.4000,4.4000,4.4000,0,0,0.1389000,-0.2754000,0.0000000,60.6037000,-0.0571000,-20.0685000
20240229,489,C,1.9300,1.9300,1.9300,1.9300,0,0,0.1051000,0.1879000,0.0000000,48.9147000,-0.0592000,12.9479000
20240229,489,P,21.5350,21.5350,21.5350,21.5350,0,0,0.1417000,-0.7402000,0.0000000,58.8375000,-0.0223000,-55.3898000
20240229,350,C,120.7100,120.7100,120.7100,120.7100,0,0,0.3723000,0.9834000,0.0000000,7.4832000,-0.0746000,51.0889000
20240229,350,P,0.1550,0.1550,0.1550,0.1550,0,0,0.3232000,-0.0074000,0.0000000,3.7485000,-0.0104000,-0.5493000
20240229,414,C,57.8050,57.8050,57.8050,57.8050,0,0,0.2174000,0.9426000,0.0000000,20.8755000,-0.0969000,57.6930000
20240229,414,P,0.7150,0.7150,0.7150,0.7150,0,0,0.2022000,-0.0456000,0.0000000,17.3883000,-0.0287000,-3.3198000
20240229,446,C,27.9500,27.9500,27.9500,27.9500,0,0,0.1597000,0.8209000,0.0000000,47.4590000,-0.1207000,53.6212000
20240229,446,P,2.6150,2.6150,2.6150,2.6150,0,0,0.1536000,-0.1702000,0.0000000,45.9687000,-0.0522000,-12.3876000
20240229,510,C,0.1550,0.1550,0.1550,0.1550,0,0,0.1004000,0.0224000,0.0000000,9.6714000,-0.0103000,1.5554000
20240229,510,P,42.5300,42.5300,42.5300,42.5300,0,0,0.2223000,-0.8084000,0.0000000,49.4847000,-0.0388000,-63.3633000
20240229,478,C,5.3950,5.3950,5.3950,5.3950,0,0,0.1139000,0.3824000,0.0000000,69.2323000,-0.0969000,26.1300000
20240229,478,P,12.5950,12.5950,12.5950,12.5950,0,0,0.1213000,-0.6095000,0.0000000,69.6494000,-0.0335000,-44.8389000
20240229,435,C,37.8700,37.8700,37.8700,37.8700,0,0,0.1782000,0.8832000,0.0000000,35.6060000,-0.1122000,56.5137000
20240229,435,P,1.5950,1.5950,1.5950,1.5950,0,0,0.1691000,-0.1052000,0.0000000,33.0552000,-0.0434000,-7.6537000
20240229,467,C,11.4700,11.4700,11.4700,11.4700,0,0,0.1277000,0.5822000,0.0000000,70.8527000,-0.1202000,39.2903000
20240229,467,P,7.2150,7.2150,7.2150,7.2150,0,0,0.1271000,-0.4174000,0.0000000,70.8426000,-0.0524000,-30.4940000
20240229,499,C,0.6000,0.6000,0.6000,0.6000,0,0,0.1007000,0.0745000,0.0000000,25.5654000,-0.0284000,5.1597000
20240229,499,P,31.5300,31.5300,31.5300,31.5300,0,0,0.1818000,-0.7808000,0.0000000,53.6143000,-0.0309000,-59.7581000
20240229,360,C,110.8250,110.8250,110.8250,110.8250,0,0,0.3449000,0.9811000,0.0000000,8.3579000,-0.0768000,52.4180000
20240229,360,P,0.1850,0.1850,0.1850,0.1850,0,0,0.3027000,-0.0093000,0.0000000,4.5728000,-0.0119000,-0.6877000
20240229,424,C,48.2000,48.2000,48.2000,48.2000,0,0,0.1979000,0.9212000,0.0000000,26.6702000,-0.1036000,57.6318000
20240229,424,P,1.0200,1.0200,1.0200,1.0200,0,0,0.1860000,-0.0668000,0.0000000,23.5277000,-0.0350000,-4.8659000
20240229,456,C,19.5550,19.5550,19.5550,19.5550,0,0,0.1440000,0.7312000,0.0000000,59.8638000,-0.1252000,48.5675000
20240229,456,P,4.2000,4.2000,4.2000,4.2000,0,0,0.1403000,-0.2639000,0.0000000,59.3239000,-0.0571000,-19.2286000
20240229,520,C,0.0650,0.0650,0.0650,0.0650,0,0,0.1069000,0.0093000,0.0000000,4.5715000,-0.0050000,0.6513000
20240229,520,P,52.5250,52.5250,52.5250,52.5250,0,0,0.2565000,-0.8259000,0.0000000,46.6135000,-0.0449000,-66.1002000
20240229,488,C,2.1500,2.1500,2.1500,2.1500,0,0,0.1058000,0.2034000,0.0000000,51.3312000,-0.0629000,14.0091000
20240229,488,P,20.5550,20.5550,20.5550,20.5550,0,0,0.1378000,-0.7342000,0.0000000,59.5312000,-0.0216000,-54.8179000
20240229,413,C,58.7750,58.7750,58.7750,58.7750,0,0,0.2196000,0.9441000,0.0000000,20.4358000,-0.0964000,57.6544000
20240229,413,P,0.6850,0.6850,0.6850,0.6850,0,0,0.2036000,-0.0437000,0.0000000,16.8080000,-0.0280000,-3.1829000
20240229,445,C,28.8300,28.8300,28.8300,28.8300,0,0,0.1614000,0.8278000,0.0000000,46.2903000,-0.1200000,53.9749000
20240229,445,P,2.4950,2.4950,2.4950,2.4950,0,0,0.1550000,-0.1628000,0.0000000,44.6720000,-0.0515000,-11.8495000
20240229,477,C,5.8400,5.8400,5.8400,5.8400,0,0,0.1151000,0.4017000,0.0000000,70.1915000,-0.0999000,27.4218000
20240229,477,P,11.9750,11.9750,11.9750,11.9750,0,0,0.1212000,-0.5924000,0.0000000,70.4445000,-0.0356000,-43.5401000
20240229,370,C,100.9550,100.9550,100.9550,100.9550,0,0,0.3199000,0.9777000,0.0000000,9.6075000,-0.0797000,53.6678000
20240229,370,P,0.2250,0.2250,0.2250,0.2250,0,0,0.2827000,-0.0119000,0.0000000,5.6435000,-0.0136000,-0.8741000
20240229,434,C,38.8000,38.8000,38.8000,38.8000,0,0,0.1801000,0.8874000,0.0000000,34.6970000,-0.1115000,56.6673000
20240229,434,P,1.5300,1.5300,1.5300,1.5300,0,0,0.1708000,-0.1011000,0.0000000,32.1149000,-0.0427000,-7.3560000
20240229,466,C,12.1350,12.1350,12.1350,12.1350,0,0,0.1290000,0.5982000,0.0000000,70.1896000,-0.1212000,40.3186000
20240229,466,P,6.8600,6.8600,6.8600,6.8600,0,0,0.1282000,-0.4012000,0.0000000,70.1680000,-0.0535000,-29.2990000
20240229,498,C,0.6800,0.6800,0.6800,0.6800,0,0,0.1010000,0.0826000,0.0000000,27.6582000,-0.0309000,5.7218000
20240229,498,P,30.5300,30.5300,30.5300,30.5300,0,0,0.1780000,-0.7776000,0.0000000,54.0609000,-0.0301000,-59.3821000
20240229,530,C,0.0350,0.0350,0.0350,0.0350,0,0,0.1152000,0.0046000,0.0000000,2.4402000,-0.0028000,0.3201000
20240229,530,P,62.5250,62.5250,62.5250,62.5250,0,0,0.2893000,-0.8388000,0.0000000,44.3649000,-0.0505000,-68.5127000
20240229,423,C,49.1550,49.1550,49.1550,49.1550,0,0,0.1998000,0.9238000,0.0000000,25.9887000,-0.1028000,57.6744000
20240229,423,P,0.9850,0.9850,0.9850,0.9850,0,0,0.1875000,-0.0642000,0.0000000,22.7996000,-0.0343000,-4.6728000
20240229,455,C,20.3750,20.3750,20.3750,20.3750,0,0,0.1458000,0.7416000,0.0000000,58.6739000,-0.1252000,49.1742000
20240229,455,P,4.0000,4.0000,4.0000,4.0000,0,0,0.1416000,-0.2527000,0.0000000,58.0035000,-0.0569000,-18.4082000
20240229,487,C,2.3800,2.3800,2.3800,2.3800,0,0,0.1064000,0.2192000,0.0000000,53.6304000,-0.0664000,15.0876000
20240229,487,P,19.6100,19.6100,19.6100,19.6100,0,0,0.1345000,-0.7267000,0.0000000,60.3598000,-0.0215000,-54.1525000
20240229,380,C,91.0950,91.0950,91.0950,91.0950,0,0,0.2951000,0.9735000,0.0000000,11.1187000,-0.0827000,54.8560000
20240229,380,P,0.2850,0.2850,0.2850,0.2850,0,0,0.2644000,-0.0158000,0.0000000,7.2033000,-0.0161000,-1.1584000
20240229,412,C,59.7450,59.7450,59.7450,59.7450,0,0,0.2216000,0.9457000,0.0000000,19.9812000,-0.0958000,57.6189000
20240229,412,P,0.6650,0.6650,0.6650,0.6650,0,0,0.2054000,-0.0422000,0.0000000,16.3561000,-0.0275000,-3.0777000
20240229,444,C,29.7100,29.7100,29.7100,29.7100,0,0,0.1630000,0.8347000,0.0000000,45.0942000,-0.1192000,54.3266000
20240229,444,P,2.3850,2.3850,2.3850,2.3850,0,0,0.1564000,-0.1559000,0.0000000,43.4168000,-0.0508000,-11.3442000
20240229,476,C,6.3100,6.3100,6.3100,6.3100,0,0,0.1162000,0.4209000,0.0000000,70.9715000,-0.1026000,28.7021000
20240229,476,P,11.3850,11.3850,11.3850,11.3850,0,0,0.1213000,-0.5750000,0.0000000,71.1147000,-0.0376000,-42.2209000
20240229,540,C,0.0250,0.0250,0.0250,0.0250,0,0,0.1259000,0.0028000,0.0000000,1.6050000,-0.0020000,0.2005000
20240229,540,P,72.5200,72.5200,72.5200,72.5200,0,0,0.3207000,-0.8488000,0.0000000,42.5322000,-0.0557000,-70.7236000
20240229,305,C,165.2350,165.2350,165.2350,165.2350,0,0,0.4965000,0.9907000,0.0000000,4.5390000,-0.0638000,44.8924000
20240229,305,P,0.0650,0.0650,0.0650,0.0650,0,0,0.4121000,-0.0025000,0.0000000,1.4374000,-0.0052000,-0.1891000
20240229,433,C,39.7250,39.7250,39.7250,39.7250,0,0,0.1816000,0.8917000,0.0000000,33.7286000,-0.1105000,56.8355000
20240229,433,P,1.4650,1.4650,1.4650,1.4650,0,0,0.1721000,-0.0967000,0.0000000,31.0764000,-0.0418000,-7.0324000
20240229,465,C,12.8200,12.8200,12.8200,12.8200,0,0,0.1306000,0.6136000,0.0000000,69.4385000,-0.1223000,41.2988000
20240229,465,P,6.5250,6.5250,6.5250,6.5250,0,0,0.1292000,-0.3853000,0.0000000,69.3887000,-0.0543000,-28.1304000
20240229,497,C,0.7700,0.7700,0.7700,0.7700,0,0,0.1013000,0.0914000,0.0000000,29.8207000,-0.0335000,6.3259000
20240229,497,P,29.5300,29.5300,29.5300,29.5300,0,0,0.1741000,-0.7742000,0.0000000,54.5225000,-0.0293000,-58.9953000
20240229,390,C,81.2550,81.2550,81.2550,81.2550,0,0,0.2712000,0.9678000,0.0000000,13.0757000,-0.0862000,55.9371000
20240229,390,P,0.3550,0.3550,0.3550,0.3550,0,0,0.2446000,-0.0206000,0.0000000,9.0290000,-0.0186000,-1.5074000
20240229,422,C,50.1050,50.1050,50.1050,50.1050,0,0,0.2015000,0.9265000,0.0000000,25.2950000,-0.1020000,57.7181000
20240229,422,P,0.9450,0.9450,0.9450,0.9450,0,0,0.1889000,-0.0615000,0.0000000,22.0608000,-0.0335000,-4.4793000
20240229,454,C,21.1750,21.1750,21.1750,21.1750,0,0,0.1471000,0.7522000,0.0000000,57.3911000,-0.1248000,49.8027000
20240229,454,P,3.8100,3.8100,3.8100,3.8100,0,0,0.1429000,-0.2419000,0.0000000,56.6654000,-0.0566000,-17.6189000
20240229,486,C,2.6300,2.6300,2.6300,2.6300,0,0,0.1071000,0.2357000,0.0000000,55.8621000,-0.0700000,16.2092000
20240229,486,P,18.6950,18.6950,18.6950,18.6950,0,0,0.1315000,-0.7183000,0.0000000,61.2602000,-0.0216000,-53.4221000
20240229,315,C,155.3350,155.3350,155.3350,155.3350,0,0,0.4675000,0.9895000,0.0000000,5.0194000,-0.0660000,46.3042000
20240229,315,P,0.0750,0.0750,0.0750,0.0750,0,0,0.3906000,-0.0031000,0.0000000,1.7317000,-0.0059000,-0.2320000
20240229,411,C,60.7150,60.7150,60.7150,60.7150,0,0,0.2237000,0.9472000,0.0000000,19.5386000,-0.0953000,57.5793000
20240229,411,P,0.6450,0.6450,0.6450,0.6450,0,0,0.2071000,-0.0407000,0.0000000,15.8908000,-0.0270000,-2.9703000
20240229,443,C,30.6000,30.6000,30.6000,30.6000,0,0,0.1647000,0.8410000,0.0000000,43.9604000,-0.1185000,54.6386000
20240229,443,P,2.2800,2.2800,2.2800,2.2800,0,0,0.1580000,-0.1494000,0.0000000,42.2145000,-0.0501000,-10.8738000
20240229,475,C,6.8000,6.8000,6.8000,6.8000,0,0,0.1173000,0.4399000,0.0000000,71.5776000,-0.1052000,29.9712000
20240229,475,P,10.8150,10.8150,10.8150,10.8150,0,0,0.1214000,-0.5573000,0.0000000,71.6486000,-0.0396000,-40.8915000
20240229,432,C,40.6600,40.6600,40.6600,40.6600,0,0,0.1836000,0.8953000,0.0000000,32.9128000,-0.1099000,56.9481000
20240229,432,P,1.4050,1.4050,1.4050,1.4050,0,0,0.1735000,-0.0926000,0.0000000,30.1165000,-0.0410000,-6.7393000
20240229,400,C,71.4450,71.4450,71.4450,71.4450,0,0,0.2480000,0.9600000,0.0000000,15.6374000,-0.0901000,56.8625000
20240229,400,P,0.4650,0.4650,0.4650,0.4650,0,0,0.2265000,-0.0281000,0.0000000,11.7276000,-0.0221000,-2.0554000
20240229,464,C,13.5150,13.5150,13.5150,13.5150,0,0,0.1319000,0.6287000,0.0000000,68.5947000,-0.1230000,42.2561000
20240229,464,P,6.2100,6.2100,6.2100,6.2100,0,0,0.1304000,-0.3700000,0.0000000,68.5234000,-0.0552000,-27.0053000
20240229,496,C,0.8700,0.8700,0.8700,0.8700,0,0,0.1017000,0.1009000,0.0000000,32.0768000,-0.0364000,6.9826000
20240229,496,P,28.5300,28.5300,28.5300,28.5300,0,0,0.1702000,-0.7707000,0.0000000,54.9998000,-0.0285000,-58.5967000
20240229,325,C,145.4350,145.4350,145.4350,145.4350,0,0,0.4389000,0.9882000,0.0000000,5.5576000,-0.0682000,47.7046000
20240229,325,P,0.0950,0.0950,0.0950,0.0950,0,0,0.3720000,-0.0040000,0.0000000,2.1911000,-0.0071000,-0.3012000
20240229,421,C,51.0650,51.0650,51.0650,51.0650,0,0,0.2035000,0.9287000,0.0000000,24.6952000,-0.1014000,57.7332000
20240229,421,P,0.9100,0.9100,0.9100,0.9100,0,0,0.1907000,-0.0594000,0.0000000,21.4554000,-0.0330000,-4.3233000
20240229,453,C,21.9900,21.9900,21.9900,21.9900,0,0,0.1487000,0.7621000,0.0000000,56.1376000,-0.1245000,50.3767000
20240229,453,P,3.6300,3.6300,3.6300,3.6300,0,0,0.1442000,-0.2315000,0.0000000,55.3144000,-0.0562000,-16.8601000
20240229,485,C,2.9000,2.9000,2.9000,2.9000,0,0,0.1078000,0.2527000,0.0000000,57.9993000,-0.0736000,17.3660000
20240229,485,P,17.8200,17.8200,17.8200,17.8200,0,0,0.1291000,-0.7082000,0.0000000,62.2917000,-0.0223000,-52.5801000
20240229,410,C,61.6850,61.6850,61.6850,61.6850,0,0,0.2258000,0.9486000,0.0000000,19.1078000,-0.0947000,57.5360000
20240229,410,P,0.6250,0.6250,0.6250,0.6250,0,0,0.2088000,-0.0393000,0.0000000,15.4397000,-0.0265000,-2.8671000
20240229,442,C,31.4950,31.4950,31.4950,31.4950,0,0,0.1662000,0.8473000,0.0000000,42.8074000,-0.1177000,54.9469000
20240229,442,P,2.1750,2.1750,2.1750,2.1750,0,0,0.1591000,-0.1427000,0.0000000,40.9248000,-0.0491000,-10.3817000
20240229,474,C,7.3100,7.3100,7.3100,7.3100,0,0,0.1184000,0.4588000,0.0000000,72.0132000,-0.1077000,31.2249000
20240229,474,P,10.2750,10.2750,10.2750,10.2750,0,0,0.1217000,-0.5395000,0.0000000,72.0428000,-0.0415000,-39.5528000
20240229,335,C,135.5400,135.5400,135.5400,135.5400,0,0,0.4121000,0.9865000,0.0000000,6.2518000,-0.0708000,49.0745000
20240229,335,P,0.1150,0.1150,0.1150,0.1150,0,0,0.3525000,-0.0052000,0.0000000,2.7176000,-0.0083000,-0.3829000
20240229,431,C,41.5950,41.5950,41.5950,41.5950,0,0,0.1853000,0.8992000,0.0000000,32.0210000,-0.1090000,57.0812000
20240229,431,P,1.3500,1.3500,1.3500,1.3500,0,0,0.1753000,-0.0891000,0.0000000,29.2697000,-0.0403000,-6.4857000
20240229,463,C,14.2300,14.2300,14.2300,14.2300,0,0,0.1335000,0.6431000,0.0000000,67.6875000,-0.1238000,43.1605000
20240229,463,P,5.9100,5.9100,5.9100,5.9100,0,0,0.1316000,-0.3551000,0.0000000,67.5716000,-0.0558000,-25.9089000
20240229,495,C,0.9800,0.9800,0.9800,0.9800,0,0,0.1021000,0.1111000,0.0000000,34.3833000,-0.0393000,7.6835000
20240229,495,P,27.5300,27.5300,27.5300,27.5300,0,0,0.1662000,-0.7670000,0.0000000,55.4940000,-0.0277000,-58.1852000
20240229,420,C,52.0200,52.0200,52.0200,52.0200,0,0,0.2055000,0.9309000,0.0000000,24.1119000,-0.1008000,57.7420000
20240229,420,P,0.8750,0.8750,0.8750,0.8750,0,0,0.1920000,-0.0568000,0.0000000,20.7115000,-0.0321000,-4.1333000
20240229,452,C,22.8200,22.8200,22.8200,22.8200,0,0,0.1502000,0.7716000,0.0000000,54.8795000,-0.1241000,50.9219000
20240229,452,P,3.4600,3.4600,3.4600,3.4600,0,0,0.1455000,-0.2216000,0.0000000,53.9615000,-0.0558000,-16.1343000
20240229,484,C,3.1900,3.1900,3.1900,3.1900,0,0,0.1085000,0.2702000,0.0000000,60.0333000,-0.0771000,18.5581000
20240229,484,P,16.9750,16.9750,16.9750,16.9750,0,0,0.1269000,-0.6973000,0.0000000,63.3510000,-0.0232000,-51.6797000
20240229,345,C,125.6450,125.6450,125.6450,125.6450,0,0,0.3835000,0.9849000,0.0000000,6.8880000,-0.0727000,50.4537000
20240229,345,P,0.1350,0.1350,0.1350,0.1350,0,0,0.3315000,-0.0064000,0.0000000,3.2816000,-0.0094000,-0.4727000
20240229,409,C,62.6600,62.6600,62.6600,62.6600,0,0,0.2283000,0.9497000,0.0000000,18.7909000,-0.0944000,57.4634000
20240229,409,P,0.6050,0.6050,0.6050,0.6050,0,0,0.2105000,-0.0380000,0.0000000,15.0024000,-0.0260000,-2.7680000
20240229,441,C,32.3950,32.3950,32.3950,32.3950,0,0,0.1679000,0.8531000,0.0000000,41.7128000,-0.1170000,55.2208000
20240229,441,P,2.0800,2.0800,2.0800,2.0800,0,0,0.1607000,-0.1368000,0.0000000,39.7746000,-0.0485000,-9.9554000
20240229,505,C,0.2850,0.2850,0.2850,0.2850,0,0,0.0999000,0.0389000,0.0000000,15.3141000,-0.0165000,2.7039000
20240229,505,P,37.5300,37.5300,37.5300,37.5300,0,0,0.2043000,-0.7973000,0.0000000,51.2030000,-0.0354000,-61.8272000
20240229,473,C,7.8450,7.8450,7.8450,7.8450,0,0,0.1196000,0.4775000,0.0000000,72.2832000,-0.1099000,32.4592000
20240229,473,P,9.7650,9.7650,9.7650,9.7650,0,0,0.1222000,-0.5215000,0.0000000,72.2921000,-0.0434000,-38.2130000
20240229,430,C,42.5350,42.5350,42.5350,42.5350,0,0,0.1871000,0.9027000,0.0000000,31.1996000,-0.1082000,57.1875000
20240229,430,P,1.2950,1.2950,1.2950,1.2950,0,0,0.1766000,-0.0852000,0.0000000,28.3076000,-0.0394000,-6.2016000
20240229,462,C,14.9500,14.9500,14.9500,14.9500,0,0,0.1349000,0.6572000,0.0000000,66.7014000,-0.1243000,44.0444000
20240229,462,P,5.6200,5.6200,5.6200,5.6200,0,0,0.1327000,-0.3406000,0.0000000,66.5427000,-0.0563000,-24.8440000
20240229,494,C,1.1050,1.1050,1.1050,1.1050,0,0,0.1024000,0.1218000,0.0000000,36.6985000,-0.0422000,8.4191000
20240229,494,P,26.5300,26.5300,26.5300,26.5300,0,0,0.1622000,-0.7632000,0.0000000,56.0004000,-0.0268000,-57.7624000
20240229,355,C,115.7650,115.7650,115.7650,115.7650,0,0,0.3579000,0.9825000,0.0000000,7.8414000,-0.0754000,51.7694000
20240229,355,P,0.1650,0.1650,0.1650,0.1650,0,0,0.3120000,-0.0082000,0.0000000,4.0691000,-0.0109000,-0.6024000
20240229,419,C,52.9800,52.9800,52.9800,52.9800,0,0,0.2075000,0.9330000,0.0000000,23.5298000,-0.1001000,57.7489000
20240229,419,P,0.8450,0.8450,0.8450,0.8450,0,0,0.1937000,-0.0547000,0.0000000,20.1138000,-0.0315000,-3.9831000
20240229,451,C,23.6600,23.6600,23.6600,23.6600,0,0,0.1518000,0.7807000,0.0000000,53.6325000,-0.1237000,51.4327000
20240229,451,P,3.3000,3.3000,3.3000,3.3000,0,0,0.1468000,-0.2121000,0.0000000,52.6118000,-0.0553000,-15.4409000
20240229,515,C,0.0950,0.0950,0.0950,0.0950,0,0,0.1030000,0.0139000,0.0000000,6.4444000,-0.0069000,0.9669000
20240229,515,P,47.5300,47.5300,47.5300,47.5300,0,0,0.2398000,-0.8178000,0.0000000,47.9824000,-0.0420000,-64.7723000
20240229,483,C,3.5050,3.5050,3.5050,3.5050,0,0,0.1093000,0.2881000,0.0000000,61.9356000,-0.0806000,19.7732000
20240229,483,P,16.1600,16.1600,16.1600,16.1600,0,0,0.1253000,-0.6850000,0.0000000,64.4659000,-0.0244000,-50.6907000
20240229,525,C,0.0450,0.0450,0.0450,0.0450,0,0,0.1103000,0.0062000,0.0000000,3.1829000,-0.0036000,0.4317000
20240229,525,P,57.5250,57.5250,57.5250,57.5250,0,0,0.2731000,-0.8328000,0.0000000,45.4271000,-0.0477000,-67.3374000
20240229,408,C,63.6300,63.6300,63.6300,63.6300,0,0,0.2303000,0.9512000,0.0000000,18.3557000,-0.0938000,57.4197000
20240229,408,P,0.5850,0.5850,0.5850,0.5850,0,0,0.2122000,-0.0367000,0.0000000,14.5784000,-0.0255000,-2.6728000
20240229,440,C,33.2950,33.2950,33.2950,33.2950,0,0,0.1696000,0.8588000,0.0000000,40.6154000,-0.1161000,55.4860000
20240229,440,P,1.9900,1.9900,1.9900,1.9900,0,0,0.1621000,-0.1310000,0.0000000,38.5967000,-0.0477000,-9.5289000
20240229,472,C,8.4000,8.4000,8.4000,8.4000,0,0,0.1209000,0.4959000,0.0000000,72.3942000,-0.1121000,33.6721000
20240229,472,P,9.2850,9.2850,9.2850,9.2850,0,0,0.1229000,-0.5036000,0.0000000,72.3949000,-0.0452000,-36.8799000
20240229,365,C,105.8850,105.8850,105.8850,105.8850,0,0,0.3320000,0.9796000,0.0000000,8.9126000,-0.0781000,53.0579000
20240229,365,P,0.2050,0.2050,0.2050,0.2050,0,0,0.2929000,-0.0106000,0.0000000,5.0989000,-0.0128000,-0.7785000
20240229,429,C,43.4750,43.4750,43.4750,43.4750,0,0,0.1889000,0.9061000,0.0000000,30.3993000,-0.1075000,57.2833000
20240229,429,P,1.2450,1.2450,1.2450,1.2450,0,0,0.1782000,-0.0818000,0.0000000,27.4578000,-0.0387000,-5.9553000
20240229,461,C,15.6950,15.6950,15.6950,15.6950,0,0,0.1364000,0.6706000,0.0000000,65.6658000,-0.1248000,44.8826000
20240229,461,P,5.3500,5.3500,5.3500,5.3500,0,0,0.1339000,-0.3266000,0.0000000,65.4508000,-0.0567000,-23.8171000
20240229,493,C,1.2400,1.2400,1.2400,1.2400,0,0,0.1029000,0.1338000,0.0000000,39.1765000,-0.0456000,9.2442000
20240229,493,P,25.5300,25.5300,25.5300,25.5300,0,0,0.1582000,-0.7591000,0.0000000,56.5261000,-0.0259000,-57.3243000
20240229,535,C,0.0250,0.0250,0.0250,0.0250,0,0,0.1181000,0.0030000,0.0000000,1.6827000,-0.0020000,0.2115000
20240229,535,P,67.5100,67.5100,67.5100,67.5100,0,0,0.3049000,-0.8443000,0.0000000,43.3682000,-0.0530000,-69.6512000
20240229,418,C,53.9500,53.9500,53.9500,53.9500,0,0,0.2098000,0.9348000,0.0000000,23.0507000,-0.0997000,57.7263000
20240229,418,P,0.8150,0.8150,0.8150,0.8150,0,0,0.1953000,-0.0526000,0.0000000,19.5038000,-0.0309000,-3.8315000
20240229,450,C,24.5050,24.5050,24.5050,24.5050,0,0,0.1533000,0.7895000,0.0000000,52.3639000,-0.1231000,51.9296000
20240229,450,P,3.1500,3.1500,3.1500,3.1500,0,0,0.1482000,-0.2031000,0.0000000,51.2769000,-0.0548000,-14.7823000
20240229,482,C,3.8400,3.8400,3.8400,3.8400,0,0,0.1102000,0.3067000,0.0000000,63.7258000,-0.0841000,21.0287000
20240229,482,P,15.3850,15.3850,15.3850,15.3850,0,0,0.1239000,-0.6717000,0.0000000,65.5828000,-0.0259000,-49.6368000
20240229,375,C,96.0200,96.0200,96.0200,96.0200,0,0,0.3076000,0.9757000,0.0000000,10.3369000,-0.0813000,54.2685000
20240229,375,P,0.2550,0.2550,0.2550,0.2550,0,0,0.2739000,-0.0138000,0.0000000,6.4117000,-0.0149000,-1.0125000
20240229,439,C,34.2050,34.2050,34.2050,34.2050,0,0,0.1713000,0.8641000,0.0000000,39.5709000,-0.1154000,55.7219000
20240229,439,P,1.9050,1.9050,1.9050,1.9050,0,0,0.1635000,-0.1253000,0.0000000,37.4250000,-0.0468000,-9.1147000
20240229,407,C,64.6100,64.6100,64.6100,64.6100,0,0,0.2329000,0.9521000,0.0000000,18.0562000,-0.0935000,57.3418000
20240229,407,P,0.5650,0.5650,0.5650,0.5650,0,0,0.2138000,-0.0353000,0.0000000,14.1422000,-0.0250000,-2.5757000
20240229,471,C,8.9750,8.9750,8.9750,8.9750,0,0,0.1221000,0.5140000,0.0000000,72.3532000,-0.1140000,34.8586000
20240229,471,P,8.8250,8.8250,8.8250,8.8250,0,0,0.1236000,-0.4859000,0.0000000,72.3529000,-0.0469000,-35.5598000
20240229,545,C,0.0150,0.0150,0.0150,0.0150,0,0,0.1250000,0.0014000,0.0000000,0.8744000,-0.0010000,0.1027000
20240229,545,P,77.5200,77.5200,77.5200,77.5200,0,0,0.3359000,-0.8530000,0.0000000,41.7368000,-0.0581000,-71.7737000
20240229,300,C,170.1950,170.1950,170.1950,170.1950,0,0,0.5132000,0.9910000,0.0000000,4.4043000,-0.0631000,44.1672000
20240229,300,P,0.0550,0.0550,0.0550,0.0550,0,0,0.4199000,-0.0021000,0.0000000,1.2399000,-0.0045000,-0.1606000
20240229,428,C,44.4050,44.4050,44.4050,44.4050,0,0,0.1903000,0.9098000,0.0000000,29.5075000,-0.1064000,57.4037000
20240229,428,P,1.1950,1.1950,1.1950,1.1950,0,0,0.1796000,-0.0785000,0.0000000,26.5976000,-0.0379000,-5.7098000
20240229,460,C,16.5150,16.5150,16.5150,16.5150,0,0,0.1390000,0.6825000,0.0000000,64.6806000,-0.1257000,45.5933000
20240229,460,P,5.1000,5.1000,5.1000,5.1000,0,0,0.1352000,-0.3132000,0.0000000,64.3151000,-0.0570000,-22.8372000
20240229,492,C,1.3900,1.3900,1.3900,1.3900,0,0,0.1034000,0.1463000,0.0000000,41.6179000,-0.0489000,10.0991000
20240229,492,P,24.5300,24.5300,24.5300,24.5300,0,0,0.1542000,-0.7547000,0.0000000,57.0783000,-0.0251000,-56.8662000
20240229,385,C,86.1750,86.1750,86.1750,86.1750,0,0,0.2833000,0.9708000,0.0000000,12.0646000,-0.0845000,55.4056000
20240229,385,P,0.3150,0.3150,0.3150,0.3150,0,0,0.2541000,-0.0179000,0.0000000,8.0082000,-0.0172000,-1.3099000
20240229,417,C,54.9100,54.9100,54.9100,54.9100,0,0,0.2116000,0.9369000,0.0000000,22.4700000,-0.0989000,57.7299000
20240229,417,P,0.7850,0.7850,0.7850,0.7850,0,0,0.1968000,-0.0506000,0.0000000,18.9125000,-0.0302000,-3.6861000
20240229,449,C,25.3550,25.3550,25.3550,25.3550,0,0,0.1549000,0.7980000,0.0000000,51.1062000,-0.1225000,52.3973000
20240229,449,P,3.0100,3.0100,3.0100,3.0100,0,0,0.1497000,-0.1944000,0.0000000,49.9548000,-0.0543000,-14.1544000
20240229,481,C,4.1950,4.1950,4.1950,4.1950,0,0,0.1110000,0.3252000,0.0000000,65.3358000,-0.0874000,22.2808000
20240229,481,P,14.6400,14.6400,14.6400,14.6400,0,0,0.1229000,-0.6572000,0.0000000,66.6989000,-0.0277000,-48.5055000
20240229,310,C,160.2850,160.2850,160.2850,160.2850,0,0,0.4819000,0.9901000,0.0000000,4.7697000,-0.0649000,45.6001000
20240229,310,P,0.0750,0.0750,0.0750,0.0750,0,0,0.4042000,-0.0030000,0.0000000,1.6631000,-0.0058000,-0.2222000
20240229,438,C,35.1150,35.1150,35.1150,35.1150,0,0,0.1730000,0.8693000,0.0000000,38.5323000,-0.1146000,55.9476000
20240229,438,P,1.8200,1.8200,1.8200,1.8200,0,0,0.1650000,-0.1201000,0.0000000,36.3300000,-0.0460000,-8.7369000
20240229,406,C,65.5800,65.5800,65.5800,65.5800,0,0,0.2347000,0.9536000,0.0000000,17.6172000,-0.0929000,57.2977000
20240229,406,P,0.5550,0.5550,0.5550,0.5550,0,0,0.2160000,-0.0344000,0.0000000,13.8428000,-0.0247000,-2.5100000
20240229,470,C,9.5750,9.5750,9.5750,9.5750,0,0,0.1235000,0.5317000,0.0000000,72.1689000,-0.1158000,36.0154000
20240229,470,P,8.3900,8.3900,8.3900,8.3900,0,0,0.1244000,-0.4683000,0.0000000,72.1702000,-0.0485000,-34.2585000
20240229,502,C,0.4150,0.4150,0.4150,0.4150,0,0,0.1000000,0.0540000,0.0000000,19.9023000,-0.0217000,3.7437000
20240229,502,P,34.5300,34.5300,34.5300,34.5300,0,0,0.1932000,-0.7896000,0.0000000,52.3541000,-0.0332000,-60.8293000
20240229,427,C,45.3500,45.3500,45.3500,45.3500,0,0,0.1923000,0.9127000,0.0000000,28.7969000,-0.1058000,57.4650000
20240229,427,P,1.1450,1.1450,1.1450,1.1450,0,0,0.1811000,-0.0752000,0.0000000,25.7617000,-0.0371000,-5.4750000
20240229,395,C,76.3450,76.3450,76.3450,76.3450,0,0,0.2595000,0.9642000,0.0000000,14.2623000,-0.0881000,56.4246000
20240229,395,P,0.4050,0.4050,0.4050,0.4050,0,0,0.2355000,-0.0240000,0.0000000,10.2803000,-0.0203000,-1.7570000
20240229,459,C,17.2050,17.2050,17.2050,17.2050,0,0,0.1394000,0.6963000,0.0000000,63.4456000,-0.1252000,46.4593000
20240229,459,P,4.8500,4.8500,4.8500,4.8500,0,0,0.1364000,-0.3001000,0.0000000,63.1075000,-0.0571000,-21.8718000
20240229,491,C,1.5550,1.5550,1.5550,1.5550,0,0,0.1038000,0.1592000,0.0000000,44.0146000,-0.0521000,10.9830000
20240229,491,P,23.5300,23.5300,23.5300,23.5300,0,0,0.1501000,-0.7502000,0.0000000,57.6407000,-0.0242000,-56.3954000
20240315,320,C,151.1450,151.1450,151.1450,151.1450,0,0,0.4240000,0.9861000,0.0000000,7.1699000,-0.0671000,58.5842000
20240315,320,P,0.1550,0.1550,0.1550,0.1550,0,0,0.3676000,-0.0059000,0.0000000,3.4398000,-0.0087000,-0.5559000
20240315,448,C,27.9700,27.9700,27.9700,27.9700,0,0,0.1581000,0.7881000,0.0000000,58.8828000,-0.1170000,64.3666000
20240315,448,P,3.9600,3.9600,3.9600,3.9600,0,0,0.1575000,-0.2110000,0.0000000,58.7492000,-0.0521000,-19.3986000
20240315,640,P,172.5200,172.5200,172.5200,172.5200,0,0,0.5535000,-0.8734000,0.0000000,42.1977000,-0.0847000,-109.8082000
20240315,405,C,67.7200,67.7200,67.7200,67.7200,0,0,0.2302000,0.9433000,0.0000000,23.1410000,-0.0929000,70.5693000
20240315,405,P,0.9150,0.9150,0.9150,0.9150,0,0,0.2180000,-0.0477000,0.0000000,20.1997000,-0.0285000,-4.3901000
20240315,469,C,11.9950,11.9950,11.9950,11.9950,0,0,0.1277000,0.5599000,0.0000000,80.1731000,-0.1105000,47.2200000
20240315,469,P,9.1950,9.1950,9.1950,9.1950,0,0,0.1325000,-0.4413000,0.0000000,80.2138000,-0.0456000,-40.7461000
20240315,575,C,0.0150,0.0150,0.0150,0.0150,0,0,0.1484000,0.0012000,0.0000000,0.8504000,-0.0009000,0.1100000
20240315,575,P,107.5450,107.5450,107.5450,107.5450,0,0,0.4005000,-0.8517000,0.0000000,47.0295000,-0.0629000,-95.6013000
20240315,426,C,47.7450,47.7450,47.7450,47.7450,0,0,0.1932000,0.8975000,0.0000000,36.3147000,-0.1049000,70.2950000
20240315,426,P,1.7650,1.7650,1.7650,1.7650,0,0,0.1869000,-0.0954000,0.0000000,34.4814000,-0.0399000,-8.7704000
20240315,490,C,2.7150,2.7150,2.7150,2.7150,0,0,0.1073000,0.2210000,0.0000000,60.3511000,-0.0615000,19.0243000
20240315,490,P,22.5500,22.5500,22.5500,22.5500,0,0,0.1416000,-0.7154000,0.0000000,68.9552000,-0.0188000,-67.4927000
20240315,255,C,215.3500,215.3500,215.3500,215.3500,0,0,0.6085000,0.9930000,0.0000000,3.9255000,-0.0535000,47.0542000
20240315,255,P,0.0550,0.0550,0.0550,0.0550,0,0,0.5000000,-0.0016000,0.0000000,1.0669000,-0.0037000,-0.1531000
20240315,447,C,28.8400,28.8400,28.8400,28.8400,0,0,0.1599000,0.7949000,0.0000000,57.7577000,-0.1168000,64.8046000
20240315,447,P,3.8100,3.8100,3.8100,3.8100,0,0,0.1588000,-0.2035000,0.0000000,57.5022000,-0.0517000,-18.7060000
20240315,340,C,131.4150,131.4150,131.4150,131.4150,0,0,0.3735000,0.9823000,0.0000000,8.8686000,-0.0716000,61.9709000
20240315,340,P,0.2150,0.2150,0.2150,0.2150,0,0,0.3291000,-0.0089000,0.0000000,4.9215000,-0.0110000,-0.8315000
20240315,404,C,68.6750,68.6750,68.6750,68.6750,0,0,0.2314000,0.9452000,0.0000000,22.5181000,-0.0920000,70.5599000
20240315,404,P,0.8850,0.8850,0.8850,0.8850,0,0,0.2193000,-0.0461000,0.0000000,19.6556000,-0.0279000,-4.2433000
20240315,468,C,12.6400,12.6400,12.6400,12.6400,0,0,0.1290000,0.5745000,0.0000000,79.6720000,-0.1117000,48.3837000
20240315,468,P,8.8150,8.8150,8.8150,8.8150,0,0,0.1334000,-0.4271000,0.0000000,79.7349000,-0.0467000,-39.4163000
20240315,660,P,192.5300,192.5300,192.5300,192.5300,0,0,0.5966000,-0.8771000,0.0000000,41.3393000,-0.0910000,-113.9150000
20240315,425,C,48.6800,48.6800,48.6800,48.6800,0,0,0.1951000,0.9004000,0.0000000,35.5537000,-0.1044000,70.3766000
20240315,425,P,1.7050,1.7050,1.7050,1.7050,0,0,0.1882000,-0.0921000,0.0000000,33.5861000,-0.0393000,-8.4634000
20240315,489,C,2.9600,2.9600,2.9600,2.9600,0,0,0.1079000,0.2356000,0.0000000,62.5528000,-0.0645000,20.2630000
20240315,489,P,21.6550,21.6550,21.6550,21.6550,0,0,0.1391000,-0.7078000,0.0000000,69.8188000,-0.0190000,-66.6498000
20240315,595,C,0.0150,0.0150,0.0150,0.0150,0,0,0.1718000,0.0011000,0.0000000,0.7616000,-0.0010000,0.0972000
20240315,595,P,127.5250,127.5250,127.5250,127.5250,0,0,0.4499000,-0.8607000,0.0000000,45.0816000,-0.0698000,-100.1749000
20240315,446,C,29.6950,29.6950,29.6950,29.6950,0,0,0.1613000,0.8021000,0.0000000,56.5382000,-0.1163000,65.2779000
20240315,446,P,3.6700,3.6700,3.6700,3.6700,0,0,0.1601000,-0.1962000,0.0000000,56.2670000,-0.0514000,-18.0415000
20240315,510,C,0.3450,0.3450,0.3450,0.3450,0,0,0.1008000,0.0414000,0.0000000,18.0368000,-0.0159000,3.6008000
20240315,510,P,42.5500,42.5500,42.5500,42.5500,0,0,0.2135000,-0.7831000,0.0000000,59.6911000,-0.0328000,-77.2538000
20240315,275,C,195.5800,195.5800,195.5800,195.5800,0,0,0.5468000,0.9916000,0.0000000,4.6318000,-0.0573000,50.6651000
20240315,275,P,0.0650,0.0650,0.0650,0.0650,0,0,0.4501000,-0.0021000,0.0000000,1.3575000,-0.0042000,-0.1985000
20240315,403,C,69.6450,69.6450,69.6450,69.6450,0,0,0.2335000,0.9465000,0.0000000,22.1208000,-0.0916000,70.4839000
20240315,403,P,0.8600,0.8600,0.8600,0.8600,0,0,0.2211000,-0.0449000,0.0000000,19.2407000,-0.0276000,-4.1329000
20240315,467,C,13.3000,13.3000,13.3000,13.3000,0,0,0.1304000,0.5887000,0.0000000,79.0772000,-0.1128000,49.5140000
20240315,467,P,8.4550,8.4550,8.4550,8.4550,0,0,0.1343000,-0.4132000,0.0000000,79.1636000,-0.0477000,-38.1149000
20240315,360,C,111.7100,111.7100,111.7100,111.7100,0,0,0.3259000,0.9764000,0.0000000,11.2945000,-0.0768000,65.1785000
20240315,360,P,0.3150,0.3150,0.3150,0.3150,0,0,0.2932000,-0.0141000,0.0000000,7.3370000,-0.0145000,-1.3124000
20240315,424,C,49.6200,49.6200,49.6200,49.6200,0,0,0.1968000,0.9033000,0.0000000,34.7928000,-0.1038000,70.4550000
20240315,424,P,1.6500,1.6500,1.6500,1.6500,0,0,0.1899000,-0.0892000,0.0000000,32.8001000,-0.0388000,-8.1984000
20240315,488,C,3.2300,3.2300,3.2300,3.2300,0,0,0.1086000,0.2507000,0.0000000,64.6917000,-0.0675000,21.5475000
20240315,488,P,20.7300,20.7300,20.7300,20.7300,0,0,0.1362000,-0.7003000,0.0000000,70.6339000,-0.0190000,-65.8149000
20240315,445,C,30.5600,30.5600,30.5600,30.5600,0,0,0.1630000,0.8086000,0.0000000,55.3985000,-0.1159000,65.6887000
20240315,445,P,3.5300,3.5300,3.5300,3.5300,0,0,0.1614000,-0.1892000,0.0000000,55.0240000,-0.0509000,-17.3924000
20240315,615,P,147.5250,147.5250,147.5250,147.5250,0,0,0.4973000,-0.8672000,0.0000000,43.6158000,-0.0767000,-104.5359000
20240315,210,C,259.8600,259.8600,259.8600,259.8600,0,0,0.7695000,0.9951000,0.0000000,2.8393000,-0.0457000,38.8274000
20240315,210,P,0.0250,0.0250,0.0250,0.0250,0,0,0.5968000,-0.0005000,0.0000000,0.4094000,-0.0017000,-0.0543000
20240315,402,C,70.6150,70.6150,70.6150,70.6150,0,0,0.2354000,0.9477000,0.0000000,21.7046000,-0.0912000,70.4127000
20240315,402,P,0.8350,0.8350,0.8350,0.8350,0,0,0.2224000,-0.0433000,0.0000000,18.6939000,-0.0270000,-3.9877000
20240315,466,C,13.9800,13.9800,13.9800,13.9800,0,0,0.1318000,0.6024000,0.0000000,78.3994000,-0.1138000,50.6032000
20240315,466,P,8.1100,8.1100,8.1100,8.1100,0,0,0.1354000,-0.3995000,0.0000000,78.5080000,-0.0487000,-36.8473000
20240315,530,C,0.0650,0.0650,0.0650,0.0650,0,0,0.1096000,0.0082000,0.0000000,4.5710000,-0.0041000,0.7165000
20240315,530,P,62.5450,62.5450,62.5450,62.5450,0,0,0.2763000,-0.8161000,0.0000000,54.0495000,-0.0436000,-83.9499000
20240315,295,C,175.8350,175.8350,175.8350,175.8350,0,0,0.4916000,0.9894000,0.0000000,5.6589000,-0.0618000,54.2085000
20240315,295,P,0.0950,0.0950,0.0950,0.0950,0,0,0.4130000,-0.0033000,0.0000000,2.0659000,-0.0059000,-0.3152000
20240315,423,C,50.5600,50.5600,50.5600,50.5600,0,0,0.1986000,0.9062000,0.0000000,34.0318000,-0.1032000,70.5301000
20240315,423,P,1.6050,1.6050,1.6050,1.6050,0,0,0.1915000,-0.0863000,0.0000000,32.0147000,-0.0383000,-7.9370000
20240315,487,C,3.5150,3.5150,3.5150,3.5150,0,0,0.1092000,0.2659000,0.0000000,66.6946000,-0.0703000,22.8375000
20240315,487,P,19.8750,19.8750,19.8750,19.8750,0,0,0.1341000,-0.6912000,0.0000000,71.5814000,-0.0196000,-64.8486000
20240315,380,C,92.0700,92.0700,92.0700,92.0700,0,0,0.2812000,0.9669000,0.0000000,14.9794000,-0.0828000,68.0516000
20240315,380,P,0.4850,0.4850,0.4850,0.4850,0,0,0.2587000,-0.0234000,0.0000000,11.2581000,-0.0194000,-2.1633000
20240315,444,C,31.4300,31.4300,31.4300,31.4300,0,0,0.1645000,0.8150000,0.0000000,54.2412000,-0.1155000,66.0930000
20240315,444,P,3.4000,3.4000,3.4000,3.4000,0,0,0.1628000,-0.1825000,0.0000000,53.8042000,-0.0505000,-16.7739000
20240315,401,C,71.5800,71.5800,71.5800,71.5800,0,0,0.2375000,0.9489000,0.0000000,21.3250000,-0.0908000,70.3303000
20240315,401,P,0.8150,0.8150,0.8150,0.8150,0,0,0.2241000,-0.0421000,0.0000000,18.2732000,-0.0266000,-3.8775000
20240315,465,C,14.6600,14.6600,14.6600,14.6600,0,0,0.1331000,0.6160000,0.0000000,77.6373000,-0.1146000,51.6696000
20240315,465,P,7.7850,7.7850,7.7850,7.7850,0,0,0.1365000,-0.3862000,0.0000000,77.7716000,-0.0495000,-35.6066000
20240315,635,P,167.5200,167.5200,167.5200,167.5200,0,0,0.5425000,-0.8723000,0.0000000,42.4525000,-0.0831000,-108.7660000
20240315,230,C,240.0800,240.0800,240.0800,240.0800,0,0,0.6953000,0.9943000,0.0000000,3.2983000,-0.0493000,42.4886000
20240315,230,P,0.0250,0.0250,0.0250,0.0250,0,0,0.5312000,-0.0006000,0.0000000,0.4402000,-0.0016000,-0.0583000
20240315,422,C,51.5000,51.5000,51.5000,51.5000,0,0,0.2003000,0.9089000,0.0000000,33.2876000,-0.1026000,70.5962000
20240315,422,P,1.5400,1.5400,1.5400,1.5400,0,0,0.1926000,-0.0831000,0.0000000,31.1236000,-0.0375000,-7.6434000
20240315,486,C,3.8200,3.8200,3.8200,3.8200,0,0,0.1100000,0.2818000,0.0000000,68.6467000,-0.0733000,24.1906000
20240315,486,P,19.0500,19.0500,19.0500,19.0500,0,0,0.1324000,-0.6811000,0.0000000,72.5826000,-0.0205000,-63.7962000
20240315,550,C,0.0350,0.0350,0.0350,0.0350,0,0,0.1298000,0.0037000,0.0000000,2.2842000,-0.0024000,0.3275000
20240315,550,P,82.5500,82.5500,82.5500,82.5500,0,0,0.3341000,-0.8356000,0.0000000,50.3231000,-0.0530000,-89.4595000
20240315,315,C,156.0850,156.0850,156.0850,156.0850,0,0,0.4377000,0.9868000,0.0000000,6.8625000,-0.0661000,57.7107000
20240315,315,P,0.1350,0.1350,0.1350,0.1350,0,0,0.3745000,-0.0051000,0.0000000,3.0005000,-0.0077000,-0.4767000
20240315,443,C,32.3000,32.3000,32.3000,32.3000,0,0,0.1660000,0.8214000,0.0000000,53.0732000,-0.1150000,66.4875000
20240315,443,P,3.2750,3.2750,3.2750,3.2750,0,0,0.1640000,-0.1759000,0.0000000,52.5711000,-0.0500000,-16.1656000
20240315,400,C,72.5500,72.5500,72.5500,72.5500,0,0,0.2395000,0.9501000,0.0000000,20.9267000,-0.0903000,70.2525000
20240315,400,P,0.7950,0.7950,0.7950,0.7950,0,0,0.2258000,-0.0409000,0.0000000,17.8629000,-0.0263000,-3.7709000
20240315,464,C,15.3650,15.3650,15.3650,15.3650,0,0,0.1344000,0.6290000,0.0000000,76.8079000,-0.1154000,52.6922000
20240315,464,P,7.4650,7.4650,7.4650,7.4650,0,0,0.1375000,-0.3731000,0.0000000,76.9584000,-0.0502000,-34.3915000
20240315,421,C,52.4050,52.4050,52.4050,52.4050,0,0,0.2006000,0.9129000,0.0000000,32.1891000,-0.1012000,70.7809000
20240315,421,P,1.4900,1.4900,1.4900,1.4900,0,0,0.1941000,-0.0804000,0.0000000,30.3403000,-0.0369000,-7.3896000
20240315,485,C,4.1400,4.1400,4.1400,4.1400,0,0,0.1107000,0.2978000,0.0000000,70.4464000,-0.0762000,25.5432000
20240315,485,P,18.2600,18.2600,18.2600,18.2600,0,0,0.1310000,-0.6701000,0.0000000,73.6018000,-0.0216000,-62.6741000
20240315,655,P,187.5200,187.5200,187.5200,187.5200,0,0,0.5858000,-0.8763000,0.0000000,41.5188000,-0.0893000,-112.9007000
20240315,250,C,220.2950,220.2950,220.2950,220.2950,0,0,0.6234000,0.9934000,0.0000000,3.7284000,-0.0523000,46.1552000
20240315,250,P,0.0450,0.0450,0.0450,0.0450,0,0,0.5031000,-0.0012000,0.0000000,0.8568000,-0.0030000,-0.1203000
20240315,442,C,33.1800,33.1800,33.1800,33.1800,0,0,0.1676000,0.8273000,0.0000000,51.9484000,-0.1145000,66.8457000
20240315,442,P,3.1500,3.1500,3.1500,3.1500,0,0,0.1654000,-0.1696000,0.0000000,51.3727000,-0.0495000,-15.5905000
20240315,570,C,0.0150,0.0150,0.0150,0.0150,0,0,0.1406000,0.0011000,0.0000000,0.7803000,-0.0008000,0.1002000
20240315,570,P,102.5400,102.5400,102.5400,102.5400,0,0,0.3876000,-0.8490000,0.0000000,47.5918000,-0.0610000,-94.4209000
20240315,335,C,136.3300,136.3300,136.3300,136.3300,0,0,0.3847000,0.9836000,0.0000000,8.2876000,-0.0701000,61.1598000
20240315,335,P,0.1950,0.1950,0.1950,0.1950,0,0,0.3378000,-0.0079000,0.0000000,4.4407000,-0.0103000,-0.7401000
20240315,463,C,16.0750,16.0750,16.0750,16.0750,0,0,0.1358000,0.6417000,0.0000000,75.9126000,-0.1160000,53.6822000
20240315,463,P,7.1650,7.1650,7.1650,7.1650,0,0,0.1386000,-0.3605000,0.0000000,76.0826000,-0.0508000,-33.2156000
20240315,420,C,53.3550,53.3550,53.3550,53.3550,0,0,0.2025000,0.9153000,0.0000000,31.5305000,-0.1007000,70.8106000
20240315,420,P,1.4450,1.4450,1.4450,1.4450,0,0,0.1954000,-0.0776000,0.0000000,29.5403000,-0.0363000,-7.1335000
20240315,484,C,4.4900,4.4900,4.4900,4.4900,0,0,0.1116000,0.3144000,0.0000000,72.1487000,-0.0791000,26.9374000
20240315,484,P,17.4950,17.4950,17.4950,17.4950,0,0,0.1298000,-0.6585000,0.0000000,74.6009000,-0.0228000,-61.5046000
20240315,441,C,34.0600,34.0600,34.0600,34.0600,0,0,0.1691000,0.8331000,0.0000000,50.8144000,-0.1139000,67.1955000
20240315,441,P,3.0350,3.0350,3.0350,3.0350,0,0,0.1666000,-0.1635000,0.0000000,50.1628000,-0.0490000,-15.0242000
20240315,505,C,0.5950,0.5950,0.5950,0.5950,0,0,0.1012000,0.0664000,0.0000000,26.2244000,-0.0236000,5.7632000
20240315,505,P,37.5500,37.5500,37.5500,37.5500,0,0,0.1965000,-0.7711000,0.0000000,61.5473000,-0.0297000,-75.2501000
20240315,270,C,200.5250,200.5250,200.5250,200.5250,0,0,0.5613000,0.9920000,0.0000000,4.4168000,-0.0562000,49.7702000
20240315,270,P,0.0650,0.0650,0.0650,0.0650,0,0,0.4648000,-0.0020000,0.0000000,1.3308000,-0.0043000,-0.1945000
20240315,462,C,16.8050,16.8050,16.8050,16.8050,0,0,0.1372000,0.6540000,0.0000000,74.9678000,-0.1166000,54.6260000
20240315,462,P,6.8800,6.8800,6.8800,6.8800,0,0,0.1398000,-0.3482000,0.0000000,75.1516000,-0.0514000,-32.0787000
20240315,590,C,0.0150,0.0150,0.0150,0.0150,0,0,0.1640000,0.0010000,0.0000000,0.6931000,-0.0008000,0.0878000
20240315,590,P,122.5350,122.5350,122.5350,122.5350,0,0,0.4379000,-0.8586000,0.0000000,45.5347000,-0.0682000,-99.0487000
20240315,355,C,116.6300,116.6300,116.6300,116.6300,0,0,0.3375000,0.9781000,0.0000000,10.5929000,-0.0754000,64.4007000
20240315,355,P,0.2850,0.2850,0.2850,0.2850,0,0,0.3020000,-0.0125000,0.0000000,6.6190000,-0.0135000,-1.1658000
20240315,419,C,54.3000,54.3000,54.3000,54.3000,0,0,0.2044000,0.9177000,0.0000000,30.8707000,-0.1002000,70.8385000
20240315,419,P,1.3950,1.3950,1.3950,1.3950,0,0,0.1968000,-0.0749000,0.0000000,28.7589000,-0.0357000,-6.8867000
20240315,483,C,4.8550,4.8550,4.8550,4.8550,0,0,0.1124000,0.3309000,0.0000000,73.6947000,-0.0818000,28.3297000
20240315,483,P,16.7600,16.7600,16.7600,16.7600,0,0,0.1289000,-0.6460000,0.0000000,75.5949000,-0.0242000,-60.2626000
20240315,525,C,0.0950,0.0950,0.0950,0.0950,0,0,0.1069000,0.0120000,0.0000000,6.3677000,-0.0057000,1.0473000
20240315,525,P,57.5600,57.5600,57.5600,57.5600,0,0,0.2615000,-0.8092000,0.0000000,55.3002000,-0.0413000,-82.3960000
20240315,440,C,34.9450,34.9450,34.9450,34.9450,0,0,0.1705000,0.8389000,0.0000000,49.6707000,-0.1133000,67.5375000
20240315,440,P,2.9200,2.9200,2.9200,2.9200,0,0,0.1679000,-0.1577000,0.0000000,48.9910000,-0.0484000,-14.4897000
20240315,205,C,264.8050,264.8050,264.8050,264.8050,0,0,0.7871000,0.9954000,0.0000000,2.6945000,-0.0445000,37.9178000
20240315,205,P,0.0150,0.0150,0.0150,0.0150,0,0,0.5812000,-0.0003000,0.0000000,0.2275000,-0.0009000,-0.0287000
20240315,461,C,17.5400,17.5400,17.5400,17.5400,0,0,0.1387000,0.6658000,0.0000000,73.9737000,-0.1171000,55.5340000
20240315,461,P,6.6100,6.6100,6.6100,6.6100,0,0,0.1411000,-0.3363000,0.0000000,74.1668000,-0.0520000,-30.9735000
20240315,290,C,180.7750,180.7750,180.7750,180.7750,0,0,0.5058000,0.9900000,0.0000000,5.4126000,-0.0608000,53.3208000
20240315,290,P,0.0850,0.0850,0.0850,0.0850,0,0,0.4208000,-0.0029000,0.0000000,1.8195000,-0.0053000,-0.2738000
20240315,418,C,55.2500,55.2500,55.2500,55.2500,0,0,0.2061000,0.9200000,0.0000000,30.2095000,-0.0996000,70.8647000
20240315,418,P,1.3500,1.3500,1.3500,1.3500,0,0,0.1984000,-0.0725000,0.0000000,28.0648000,-0.0352000,-6.6706000
20240315,482,C,5.2350,5.2350,5.2350,5.2350,0,0,0.1132000,0.3476000,0.0000000,75.1015000,-0.0845000,29.7337000
20240315,482,P,16.0600,16.0600,16.0600,16.0600,0,0,0.1283000,-0.6329000,0.0000000,76.5481000,-0.0258000,-58.9696000
20240315,610,P,142.5250,142.5250,142.5250,142.5250,0,0,0.4856000,-0.8658000,0.0000000,43.9462000,-0.0750000,-103.4611000
20240315,375,C,96.9650,96.9650,96.9650,96.9650,0,0,0.2912000,0.9701000,0.0000000,13.7581000,-0.0809000,67.4127000
20240315,375,P,0.4350,0.4350,0.4350,0.4350,0,0,0.2673000,-0.0206000,0.0000000,10.0959000,-0.0180000,-1.9027000
20240315,439,C,35.8400,35.8400,35.8400,35.8400,0,0,0.1722000,0.8440000,0.0000000,48.6313000,-0.1128000,67.8189000
20240315,439,P,2.8150,2.8150,2.8150,2.8150,0,0,0.1692000,-0.1519000,0.0000000,47.8090000,-0.0478000,-13.9629000
20240315,545,C,0.0350,0.0350,0.0350,0.0350,0,0,0.1230000,0.0039000,0.0000000,2.4041000,-0.0024000,0.3471000
20240315,545,P,77.5450,77.5450,77.5450,77.5450,0,0,0.3199000,-0.8316000,0.0000000,51.1100000,-0.0506000,-88.1592000
20240315,460,C,18.2850,18.2850,18.2850,18.2850,0,0,0.1400000,0.6775000,0.0000000,72.9217000,-0.1174000,56.4229000
20240315,460,P,6.3450,6.3450,6.3450,6.3450,0,0,0.1422000,-0.3246000,0.0000000,73.1223000,-0.0523000,-29.8874000
20240315,225,C,245.0200,245.0200,245.0200,245.0200,0,0,0.7115000,0.9946000,0.0000000,3.1321000,-0.0481000,41.5834000
20240315,225,P,0.0250,0.0250,0.0250,0.0250,0,0,0.5500000,-0.0006000,0.0000000,0.4549000,-0.0017000,-0.0605000
20240315,417,C,56.2000,56.2000,56.2000,56.2000,0,0,0.2078000,0.9223000,0.0000000,29.5472000,-0.0990000,70.8891000
20240315,417,P,1.3100,1.3100,1.3100,1.3100,0,0,0.2000000,-0.0703000,0.0000000,27.3876000,-0.0347000,-6.4623000
20240315,481,C,5.6400,5.6400,5.6400,5.6400,0,0,0.1142000,0.3646000,0.0000000,76.3778000,-0.0872000,31.1607000
20240315,481,P,15.3850,15.3850,15.3850,15.3850,0,0,0.1278000,-0.6193000,0.0000000,77.4337000,-0.0273000,-57.6437000
20240315,310,C,161.0000,161.0000,161.0000,161.0000,0,0,0.4482000,0.9879000,0.0000000,6.3514000,-0.0644000,56.8801000
20240315,310,P,0.1250,0.1250,0.1250,0.1250,0,0,0.3847000,-0.0046000,0.0000000,2.7652000,-0.0073000,-0.4354000
20240315,438,C,36.7400,36.7400,36.7400,36.7400,0,0,0.1739000,0.8490000,0.0000000,47.5930000,-0.1123000,68.0905000
20240315,438,P,2.7100,2.7100,2.7100,2.7100,0,0,0.1706000,-0.1466000,0.0000000,46.6851000,-0.0473000,-13.4740000
20240315,502,C,0.8250,0.8250,0.8250,0.8250,0,0,0.1019000,0.0873000,0.0000000,32.2880000,-0.0296000,7.5667000
20240315,502,P,34.5500,34.5500,34.5500,34.5500,0,0,0.1861000,-0.7627000,0.0000000,62.7852000,-0.0277000,-73.9446000
20240315,630,P,162.5400,162.5400,162.5400,162.5400,0,0,0.5318000,-0.8709000,0.0000000,42.7783000,-0.0819000,-107.6998000
20240315,395,C,77.4100,77.4100,77.4100,77.4100,0,0,0.2495000,0.9554000,0.0000000,19.1131000,-0.0882000,69.8052000
20240315,395,P,0.6950,0.6950,0.6950,0.6950,0,0,0.2337000,-0.0353000,0.0000000,15.8304000,-0.0243000,-3.2535000
20240315,459,C,19.0700,19.0700,19.0700,19.0700,0,0,0.1419000,0.6881000,0.0000000,71.8906000,-0.1179000,57.2157000
20240315,459,P,6.0950,6.0950,6.0950,6.0950,0,0,0.1434000,-0.3133000,0.0000000,72.0413000,-0.0526000,-28.8411000
20240315,565,C,0.0150,0.0150,0.0150,0.0150,0,0,0.1367000,0.0014000,0.0000000,0.9336000,-0.0010000,0.1219000
20240315,565,P,97.5400,97.5400,97.5400,97.5400,0,0,0.3745000,-0.8461000,0.0000000,48.1879000,-0.0590000,-93.2229000
20240315,416,C,57.1450,57.1450,57.1450,57.1450,0,0,0.2092000,0.9248000,0.0000000,28.8024000,-0.0982000,70.9379000
20240315,416,P,1.2650,1.2650,1.2650,1.2650,0,0,0.2011000,-0.0677000,0.0000000,26.6085000,-0.0339000,-6.2245000
20240315,480,C,6.0600,6.0600,6.0600,6.0600,0,0,0.1151000,0.3815000,0.0000000,77.4887000,-0.0897000,32.5736000
20240315,480,P,14.6650,14.6650,14.6650,14.6650,0,0,0.1266000,-0.6061000,0.0000000,78.2013000,-0.0284000,-56.3429000
20240315,245,C,225.2450,225.2450,225.2450,225.2450,0,0,0.6417000,0.9936000,0.0000000,3.6434000,-0.0517000,45.2342000
20240315,245,P,0.0350,0.0350,0.0350,0.0350,0,0,0.5062000,-0.0009000,0.0000000,0.6824000,-0.0024000,-0.0937000
20240315,437,C,37.6350,37.6350,37.6350,37.6350,0,0,0.1753000,0.8542000,0.0000000,46.4888000,-0.1116000,68.3824000
20240315,437,P,2.6150,2.6150,2.6150,2.6150,0,0,0.1719000,-0.1413000,0.0000000,45.5437000,-0.0467000,-12.9878000
20240315,501,C,0.9150,0.9150,0.9150,0.9150,0,0,0.1021000,0.0951000,0.0000000,34.3945000,-0.0318000,8.2368000
20240315,501,P,33.5500,33.5500,33.5500,33.5500,0,0,0.1826000,-0.7597000,0.0000000,63.2250000,-0.0271000,-73.4866000
20240315,330,C,141.2800,141.2800,141.2800,141.2800,0,0,0.3994000,0.9842000,0.0000000,8.0337000,-0.0696000,60.2757000
20240315,330,P,0.1850,0.1850,0.1850,0.1850,0,0,0.3486000,-0.0073000,0.0000000,4.1337000,-0.0099000,-0.6831000
20240315,458,C,19.8350,19.8350,19.8350,19.8350,0,0,0.1432000,0.6991000,0.0000000,70.7680000,-0.1181000,58.0363000
20240315,458,P,5.8600,5.8600,5.8600,5.8600,0,0,0.1447000,-0.3025000,0.0000000,70.9426000,-0.0529000,-27.8458000
20240315,650,P,182.5350,182.5350,182.5350,182.5350,0,0,0.5754000,-0.8753000,0.0000000,41.7607000,-0.0880000,-111.8662000
20240315,415,C,58.1050,58.1050,58.1050,58.1050,0,0,0.2112000,0.9267000,0.0000000,28.2516000,-0.0978000,70.9220000
20240315,415,P,1.2250,1.2250,1.2250,1.2250,0,0,0.2025000,-0.0654000,0.0000000,25.9149000,-0.0334000,-6.0160000
20240315,479,C,6.5050,6.5050,6.5050,6.5050,0,0,0.1161000,0.3984000,0.0000000,78.4508000,-0.0921000,33.9880000
20240315,479,P,14.0550,14.0550,14.0550,14.0550,0,0,0.1267000,-0.5914000,0.0000000,78.9490000,-0.0302000,-54.9290000
20240315,585,C,0.0150,0.0150,0.0150,0.0150,0,0,0.1601000,0.0011000,0.0000000,0.7961000,-0.0010000,0.1022000
20240315,585,P,117.5350,117.5350,117.5350,117.5350,0,0,0.4255000,-0.8565000,0.0000000,45.9921000,-0.0664000,-97.9177000
20240315,436,C,38.5350,38.5350,38.5350,38.5350,0,0,0.1768000,0.8590000,0.0000000,45.4430000,-0.1110000,68.6389000
20240315,436,P,2.5200,2.5200,2.5200,2.5200,0,0,0.1734000,-0.1365000,0.0000000,44.4719000,-0.0462000,-12.5416000
20240315,500,C,1.0200,1.0200,1.0200,1.0200,0,0,0.1027000,0.1042000,0.0000000,36.7677000,-0.0343000,9.0199000
20240315,500,P,32.5500,32.5500,32.5500,32.5500,0,0,0.1790000,-0.7566000,0.0000000,63.6708000,-0.0264000,-73.0207000
20240315,265,C,205.4650,205.4650,205.4650,205.4650,0,0,0.5761000,0.9924000,0.0000000,4.2199000,-0.0552000,48.8715000
20240315,265,P,0.0550,0.0550,0.0550,0.0550,0,0,0.4707000,-0.0017000,0.0000000,1.1244000,-0.0037000,-0.1616000
20240315,457,C,20.5700,20.5700,20.5700,20.5700,0,0,0.1441000,0.7101000,0.0000000,69.5625000,-0.1179000,58.8711000
20240315,457,P,5.6300,5.6300,5.6300,5.6300,0,0,0.1459000,-0.2919000,0.0000000,69.7947000,-0.0531000,-26.8648000
20240315,350,C,121.5600,121.5600,121.5600,121.5600,0,0,0.3498000,0.9795000,0.0000000,10.0192000,-0.0743000,63.5918000
20240315,350,P,0.2650,0.2650,0.2650,0.2650,0,0,0.3120000,-0.0114000,0.0000000,6.0884000,-0.0129000,-1.0598000
20240315,414,C,59.0650,59.0650,59.0650,59.0650,0,0,0.2132000,0.9285000,0.0000000,27.7138000,-0.0973000,70.9005000
20240315,414,P,1.1900,1.1900,1.1900,1.1900,0,0,0.2043000,-0.0635000,0.0000000,25.3378000,-0.0330000,-5.8449000
20240315,478,C,6.9750,6.9750,6.9750,6.9750,0,0,0.1172000,0.4155000,0.0000000,79.2653000,-0.0945000,35.4043000
20240315,478,P,13.5150,13.5150,13.5150,13.5150,0,0,0.1274000,-0.5761000,0.0000000,79.6101000,-0.0323000,-53.4689000
20240315,435,C,39.4450,39.4450,39.4450,39.4450,0,0,0.1785000,0.8635000,0.0000000,44.4572000,-0.1105000,68.8614000
20240315,435,P,2.4300,2.4300,2.4300,2.4300,0,0,0.1747000,-0.1316000,0.0000000,43.3833000,-0.0456000,-12.0970000
20240315,499,C,1.1300,1.1300,1.1300,1.1300,0,0,0.1029000,0.1131000,0.0000000,39.0018000,-0.0366000,9.7867000
20240315,499,P,31.5500,31.5500,31.5500,31.5500,0,0,0.1754000,-0.7533000,0.0000000,64.1348000,-0.0257000,-72.5396000
20240315,605,P,137.5400,137.5400,137.5400,137.5400,0,0,0.4743000,-0.8639000,0.0000000,44.3644000,-0.0737000,-102.3549000
20240315,200,C,269.7450,269.7450,269.7450,269.7450,0,0,0.8046000,0.9957000,0.0000000,2.5493000,-0.0433000,37.0081000
20240315,200,P,0.0150,0.0150,0.0150,0.0150,0,0,0.5999000,-0.0003000,0.0000000,0.2310000,-0.0009000,-0.0292000
20240315,456,C,21.4050,21.4050,21.4050,21.4050,0,0,0.1463000,0.7194000,0.0000000,68.4902000,-0.1184000,59.5356000
20240315,456,P,5.4100,5.4100,5.4100,5.4100,0,0,0.1472000,-0.2816000,0.0000000,68.6222000,-0.0532000,-25.9174000
20240315,520,C,0.1350,0.1350,0.1350,0.1350,0,0,0.1037000,0.0172000,0.0000000,8.6788000,-0.0076000,1.5004000
20240315,520,P,52.5550,52.5550,52.5550,52.5550,0,0,0.2458000,-0.8019000,0.0000000,56.5795000,-0.0386000,-80.8034000
20240315,285,C,185.7000,185.7000,185.7000,185.7000,0,0,0.5179000,0.9907000,0.0000000,5.0689000,-0.0593000,52.4529000
20240315,285,P,0.0850,0.0850,0.0850,0.0850,0,0,0.4345000,-0.0028000,0.0000000,1.7641000,-0.0053000,-0.2650000
20240315,413,C,60.0150,60.0150,60.0150,60.0150,0,0,0.2147000,0.9307000,0.0000000,27.0622000,-0.0966000,70.9134000
20240315,413,P,1.1550,1.1550,1.1550,1.1550,0,0,0.2056000,-0.0614000,0.0000000,24.6603000,-0.0324000,-5.6454000
20240315,477,C,7.4550,7.4550,7.4550,7.4550,0,0,0.1182000,0.4323000,0.0000000,79.9216000,-0.0967000,36.8009000
20240315,477,P,12.9450,12.9450,12.9450,12.9450,0,0,0.1276000,-0.5611000,0.0000000,80.1358000,-0.0340000,-52.0389000
20240315,370,C,101.8750,101.8750,101.8750,101.8750,0,0,0.3024000,0.9726000,0.0000000,12.8250000,-0.0794000,66.6977000
20240315,370,P,0.3850,0.3850,0.3850,0.3850,0,0,0.2753000,-0.0179000,0.0000000,8.9943000,-0.0166000,-1.6618000
20240315,434,C,40.3550,40.3550,40.3550,40.3550,0,0,0.1801000,0.8679000,0.0000000,43.4641000,-0.1098000,69.0797000
20240315,434,P,2.3400,2.3400,2.3400,2.3400,0,0,0.1760000,-0.1269000,0.0000000,42.2953000,-0.0449000,-11.6613000
20240315,498,C,1.2550,1.2550,1.2550,1.2550,0,0,0.1032000,0.1227000,0.0000000,41.3047000,-0.0390000,10.6086000
20240315,498,P,30.5500,30.5500,30.5500,30.5500,0,0,0.1718000,-0.7498000,0.0000000,64.6062000,-0.0250000,-72.0487000
20240315,455,C,22.1950,22.1950,22.1950,22.1950,0,0,0.1476000,0.7292000,0.0000000,67.3015000,-0.1183000,60.2539000
20240315,455,P,5.2000,5.2000,5.2000,5.2000,0,0,0.1484000,-0.2717000,0.0000000,67.4259000,-0.0533000,-24.9999000
20240315,625,P,157.5400,157.5400,157.5400,157.5400,0,0,0.5206000,-0.8697000,0.0000000,43.0563000,-0.0803000,-106.6471000
20240315,220,C,249.9650,249.9650,249.9650,249.9650,0,0,0.7285000,0.9949000,0.0000000,2.9853000,-0.0470000,40.6742000
20240315,220,P,0.0250,0.0250,0.0250,0.0250,0,0,0.5625000,-0.0005000,0.0000000,0.4186000,-0.0016000,-0.0554000
20240315,412,C,60.9750,60.9750,60.9750,60.9750,0,0,0.2166000,0.9325000,0.0000000,26.5194000,-0.0961000,70.8906000
20240315,412,P,1.1200,1.1200,1.1200,1.1200,0,0,0.2073000,-0.0596000,0.0000000,24.0968000,-0.0319000,-5.4817000
20240315,476,C,7.9600,7.9600,7.9600,7.9600,0,0,0.1193000,0.4491000,0.0000000,80.4310000,-0.0989000,38.1902000
20240315,476,P,12.3950,12.3950,12.3950,12.3950,0,0,0.1278000,-0.5460000,0.0000000,80.5490000,-0.0356000,-50.6021000
20240315,540,C,0.0450,0.0450,0.0450,0.0450,0,0,0.1191000,0.0051000,0.0000000,3.0340000,-0.0029000,0.4505000
20240315,540,P,72.5450,72.5450,72.5450,72.5450,0,0,0.3057000,-0.8270000,0.0000000,52.0034000,-0.0484000,-86.8059000
20240315,305,C,165.9400,165.9400,165.9400,165.9400,0,0,0.4621000,0.9885000,0.0000000,6.0847000,-0.0634000,55.9972000
20240315,305,P,0.1150,0.1150,0.1150,0.1150,0,0,0.3945000,-0.0042000,0.0000000,2.5255000,-0.0069000,-0.3937000
20240315,433,C,41.2650,41.2650,41.2650,41.2650,0,0,0.1816000,0.8722000,0.0000000,42.4719000,-0.1092000,69.2905000
20240315,433,P,2.2600,2.2600,2.2600,2.2600,0,0,0.1774000,-0.1225000,0.0000000,41.2706000,-0.0444000,-11.2593000
20240315,497,C,1.3900,1.3900,1.3900,1.3900,0,0,0.1038000,0.1333000,0.0000000,43.7643000,-0.0417000,11.5234000
20240315,497,P,29.5500,29.5500,29.5500,29.5500,0,0,0.1682000,-0.7462000,0.0000000,65.0975000,-0.0242000,-71.5404000
20240315,390,C,82.2850,82.2850,82.2850,82.2850,0,0,0.2594000,0.9601000,0.0000000,17.4730000,-0.0861000,69.2980000
20240315,390,P,0.6150,0.6150,0.6150,0.6150,0,0,0.2420000,-0.0307000,0.0000000,14.1090000,-0.0225000,-2.8312000
20240315,454,C,23.0050,23.0050,23.0050,23.0050,0,0,0.1492000,0.7384000,0.0000000,66.1307000,-0.1184000,60.9156000
20240315,454,P,5.0000,5.0000,5.0000,5.0000,0,0,0.1497000,-0.2621000,0.0000000,66.2145000,-0.0533000,-24.1154000
20240315,411,C,61.9350,61.9350,61.9350,61.9350,0,0,0.2185000,0.9343000,0.0000000,25.9736000,-0.0956000,70.8672000
20240315,411,P,1.0850,1.0850,1.0850,1.0850,0,0,0.2086000,-0.0575000,0.0000000,23.4191000,-0.0313000,-5.2861000
20240315,475,C,8.4800,8.4800,8.4800,8.4800,0,0,0.1204000,0.4657000,0.0000000,80.7909000,-0.1009000,39.5561000
20240315,475,P,11.8750,11.8750,11.8750,11.8750,0,0,0.1283000,-0.5308000,0.0000000,80.8475000,-0.0373000,-49.1604000
20240315,645,P,177.5350,177.5350,177.5350,177.5350,0,0,0.5646000,-0.8743000,0.0000000,41.9870000,-0.0865000,-110.8353000
20240315,240,C,230.1850,230.1850,230.1850,230.1850,0,0,0.6574000,0.9939000,0.0000000,3.4688000,-0.0506000,44.3307000
20240315,240,P,0.0350,0.0350,0.0350,0.0350,0,0,0.5218000,-0.0009000,0.0000000,0.6719000,-0.0024000,-0.0923000
20240315,432,C,42.1850,42.1850,42.1850,42.1850,0,0,0.1833000,0.8762000,0.0000000,41.5496000,-0.1086000,69.4661000
20240315,432,P,2.1800,2.1800,2.1800,2.1800,0,0,0.1788000,-0.1182000,0.0000000,40.2473000,-0.0437000,-10.8649000
20240315,496,C,1.5400,1.5400,1.5400,1.5400,0,0,0.1043000,0.1443000,0.0000000,46.1968000,-0.0445000,12.4694000
20240315,496,P,28.5500,28.5500,28.5500,28.5500,0,0,0.1645000,-0.7425000,0.0000000,65.5980000,-0.0235000,-71.0200000
20240315,560,C,0.0250,0.0250,0.0250,0.0250,0,0,0.1376000,0.0024000,0.0000000,1.5297000,-0.0016000,0.2098000
20240315,560,P,92.5400,92.5400,92.5400,92.5400,0,0,0.3612000,-0.8430000,0.0000000,48.8334000,-0.0570000,-92.0008000
20240315,325,C,146.1950,146.1950,146.1950,146.1950,0,0,0.4091000,0.9857000,0.0000000,7.3868000,-0.0676000,59.4769000
20240315,325,P,0.1650,0.1650,0.1650,0.1650,0,0,0.3569000,-0.0064000,0.0000000,3.6982000,-0.0091000,-0.6026000
20240315,453,C,23.8000,23.8000,23.8000,23.8000,0,0,0.1505000,0.7477000,0.0000000,64.9036000,-0.1182000,61.5815000
20240315,453,P,4.8100,4.8100,4.8100,4.8100,0,0,0.1510000,-0.2529000,0.0000000,64.9930000,-0.0532000,-23.2635000
20240315,410,C,62.8900,62.8900,62.8900,62.8900,0,0,0.2203000,0.9360000,0.0000000,25.4405000,-0.0951000,70.8386000
20240315,410,P,1.0550,1.0550,1.0550,1.0550,0,0,0.2102000,-0.0557000,0.0000000,22.8532000,-0.0308000,-5.1250000
20240315,474,C,9.0200,9.0200,9.0200,9.0200,0,0,0.1215000,0.4821000,0.0000000,81.0088000,-0.1028000,40.9016000
20240315,474,P,11.3750,11.3750,11.3750,11.3750,0,0,0.1288000,-0.5156000,0.0000000,81.0278000,-0.0389000,-47.7233000
20240315,431,C,43.1000,43.1000,43.1000,43.1000,0,0,0.1849000,0.8801000,0.0000000,40.6286000,-0.1080000,69.6356000
20240315,431,P,2.1000,2.1000,2.1000,2.1000,0,0,0.1800000,-0.1139000,0.0000000,39.2072000,-0.0431000,-10.4711000
20240315,495,C,1.7000,1.7000,1.7000,1.7000,0,0,0.1047000,0.1558000,0.0000000,48.6100000,-0.0472000,13.4519000
20240315,495,P,27.5500,27.5500,27.5500,27.5500,0,0,0.1607000,-0.7385000,0.0000000,66.1142000,-0.0227000,-70.4829000
20240315,260,C,210.4100,210.4100,210.4100,210.4100,0,0,0.5933000,0.9926000,0.0000000,4.1106000,-0.0545000,47.9553000
20240315,260,P,0.0550,0.0550,0.0550,0.0550,0,0,0.4843000,-0.0016000,0.0000000,1.0800000,-0.0036000,-0.1548000
20240315,452,C,24.6150,24.6150,24.6150,24.6150,0,0,0.1519000,0.7566000,0.0000000,63.6709000,-0.1179000,62.2149000
20240315,452,P,4.6300,4.6300,4.6300,4.6300,0,0,0.1524000,-0.2440000,0.0000000,63.7657000,-0.0531000,-22.4437000
20240315,580,C,0.0150,0.0150,0.0150,0.0150,0,0,0.1523000,0.0010000,0.0000000,0.7267000,-0.0008000,0.0926000
20240315,580,P,112.5300,112.5300,112.5300,112.5300,0,0,0.4130000,-0.8543000,0.0000000,46.4783000,-0.0646000,-96.7731000
20240315,345,C,126.4850,126.4850,126.4850,126.4850,0,0,0.3613000,0.9810000,0.0000000,9.3883000,-0.0729000,62.7946000
20240315,345,P,0.2350,0.2350,0.2350,0.2350,0,0,0.3198000,-0.0099000,0.0000000,5.4111000,-0.0118000,-0.9260000
20240315,409,C,63.8600,63.8600,63.8600,63.8600,0,0,0.2225000,0.9374000,0.0000000,25.0105000,-0.0947000,70.7776000
20240315,409,P,1.0250,1.0250,1.0250,1.0250,0,0,0.2117000,-0.0540000,0.0000000,22.3015000,-0.0304000,-4.9694000
20240315,473,C,9.5800,9.5800,9.5800,9.5800,0,0,0.1227000,0.4982000,0.0000000,81.0896000,-0.1046000,42.2233000
20240315,473,P,10.8950,10.8950,10.8950,10.8950,0,0,0.1293000,-0.5005000,0.0000000,81.0903000,-0.0403000,-46.2947000
20240315,430,C,44.0300,44.0300,44.0300,44.0300,0,0,0.1868000,0.8836000,0.0000000,39.7778000,-0.1075000,69.7720000
20240315,430,P,2.0300,2.0300,2.0300,2.0300,0,0,0.1815000,-0.1101000,0.0000000,38.2498000,-0.0425000,-10.1155000
20240315,494,C,1.8700,1.8700,1.8700,1.8700,0,0,0.1051000,0.1676000,0.0000000,50.9806000,-0.0499000,14.4639000
20240315,494,P,26.4450,26.4450,26.4450,26.4450,0,0,0.1553000,-0.7368000,0.0000000,66.3388000,-0.0207000,-70.1197000
20240315,195,C,274.6950,274.6950,274.6950,274.6950,0,0,0.8269000,0.9958000,0.0000000,2.4886000,-0.0426000,36.0823000
20240315,195,P,0.0150,0.0150,0.0150,0.0150,0,0,0.6125000,-0.0002000,0.0000000,0.2079000,-0.0009000,-0.0261000
20240315,451,C,25.4650,25.4650,25.4650,25.4650,0,0,0.1537000,0.7645000,0.0000000,62.5308000,-0.1179000,62.7543000
20240315,451,P,4.4500,4.4500,4.4500,4.4500,0,0,0.1536000,-0.2353000,0.0000000,62.5133000,-0.0529000,-21.6399000
20240315,515,C,0.2150,0.2150,0.2150,0.2150,0,0,0.1022000,0.0269000,0.0000000,12.6471000,-0.0111000,2.3412000
20240315,515,P,47.5550,47.5550,47.5550,47.5550,0,0,0.2298000,-0.7932000,0.0000000,58.0455000,-0.0358000,-79.0931000
20240315,280,C,190.6400,190.6400,190.6400,190.6400,0,0,0.5324000,0.9911000,0.0000000,4.8492000,-0.0583000,51.5593000
20240315,280,P,0.0750,0.0750,0.0750,0.0750,0,0,0.4433000,-0.0024000,0.0000000,1.5746000,-0.0048000,-0.2338000
20240315,408,C,64.8200,64.8200,64.8200,64.8200,0,0,0.2243000,0.9390000,0.0000000,24.5007000,-0.0942000,70.7397000
20240315,408,P,0.9950,0.9950,0.9950,0.9950,0,0,0.2133000,-0.0523000,0.0000000,21.7482000,-0.0299000,-4.8148000
20240315,472,C,10.1600,10.1600,10.1600,10.1600,0,0,0.1240000,0.5141000,0.0000000,81.0394000,-0.1063000,43.5177000
20240315,472,P,10.4450,10.4450,10.4450,10.4450,0,0,0.1301000,-0.4854000,0.0000000,81.0367000,-0.0418000,-44.8792000
20240315,600,P,132.5250,132.5250,132.5250,132.5250,0,0,0.4619000,-0.8625000,0.0000000,44.6765000,-0.0716000,-101.2818000
20240315,365,C,106.7900,106.7900,106.7900,106.7900,0,0,0.3142000,0.9746000,0.0000000,12.0317000,-0.0781000,65.9459000
20240315,365,P,0.3550,0.3550,0.3550,0.3550,0,0,0.2851000,-0.0162000,0.0000000,8.2271000,-0.0158000,-1.4987000
20240315,429,C,44.9550,44.9550,44.9550,44.9550,0,0,0.1883000,0.8874000,0.0000000,38.8503000,-0.1068000,69.9334000
20240315,429,P,1.9600,1.9600,1.9600,1.9600,0,0,0.1829000,-0.1062000,0.0000000,37.2850000,-0.0419000,-9.7628000
20240315,493,C,2.0600,2.0600,2.0600,2.0600,0,0,0.1057000,0.1803000,0.0000000,53.4107000,-0.0528000,15.5536000
20240315,493,P,25.5600,25.5600,25.5600,25.5600,0,0,0.1534000,-0.7298000,0.0000000,67.2258000,-0.0213000,-69.3344000
20240315,535,C,0.0550,0.0550,0.0550,0.0550,0,0,0.1147000,0.0066000,0.0000000,3.7715000,-0.0035000,0.5759000
20240315,535,P,67.5450,67.5450,67.5450,67.5450,0,0,0.2911000,-0.8219000,0.0000000,52.9813000,-0.0460000,-85.4048000
20240315,450,C,26.2850,26.2850,26.2850,26.2850,0,0,0.1550000,0.7729000,0.0000000,61.2791000,-0.1175000,63.3401000
20240315,450,P,4.2850,4.2850,4.2850,4.2850,0,0,0.1549000,-0.2269000,0.0000000,61.2607000,-0.0527000,-20.8669000
20240315,215,C,254.9100,254.9100,254.9100,254.9100,0,0,0.7484000,0.9950000,0.0000000,2.9034000,-0.0463000,39.7525000
20240315,215,P,0.0250,0.0250,0.0250,0.0250,0,0,0.5812000,-0.0005000,0.0000000,0.4264000,-0.0017000,-0.0566000
20240315,407,C,65.7900,65.7900,65.7900,65.7900,0,0,0.2264000,0.9404000,0.0000000,24.0616000,-0.0938000,70.6796000
20240315,407,P,0.9650,0.9650,0.9650,0.9650,0,0,0.2147000,-0.0506000,0.0000000,21.1934000,-0.0293000,-4.6612000
20240315,471,C,10.7500,10.7500,10.7500,10.7500,0,0,0.1251000,0.5297000,0.0000000,80.8651000,-0.1078000,44.7839000
20240315,471,P,10.0050,10.0050,10.0050,10.0050,0,0,0.1307000,-0.4705000,0.0000000,80.8699000,-0.0431000,-43.4795000
20240315,300,C,170.8800,170.8800,170.8800,170.8800,0,0,0.4760000,0.9891000,0.0000000,5.8223000,-0.0624000,55.1132000
20240315,300,P,0.1050,0.1050,0.1050,0.1050,0,0,0.4033000,-0.0037000,0.0000000,2.2673000,-0.0063000,-0.3493000
20240315,428,C,45.8800,45.8800,45.8800,45.8800,0,0,0.1900000,0.8908000,0.0000000,38.0102000,-0.1062000,70.0563000
20240315,428,P,1.8900,1.8900,1.8900,1.8900,0,0,0.1842000,-0.1025000,0.0000000,36.3308000,-0.0412000,-9.4197000
20240315,492,C,2.2600,2.2600,2.2600,2.2600,0,0,0.1062000,0.1933000,0.0000000,55.7594000,-0.0557000,16.6639000
20240315,492,P,24.5550,24.5550,24.5550,24.5550,0,0,0.1494000,-0.7254000,0.0000000,67.7673000,-0.0204000,-68.7549000
20240315,620,P,152.5250,152.5250,152.5250,152.5250,0,0,0.5087000,-0.8686000,0.0000000,43.2977000,-0.0783000,-105.6048000
20240315,385,C,87.1750,87.1750,87.1750,87.1750,0,0,0.2701000,0.9638000,0.0000000,16.1280000,-0.0844000,68.7033000
20240315,385,P,0.5450,0.5450,0.5450,0.5450,0,0,0.2503000,-0.0267000,0.0000000,12.5868000,-0.0209000,-2.4695000
20240315,449,C,27.1400,27.1400,27.1400,27.1400,0,0,0.1568000,0.7802000,0.0000000,60.1397000,-0.1174000,63.8288000
20240315,449,P,4.1250,4.1250,4.1250,4.1250,0,0,0.1563000,-0.2189000,0.0000000,60.0180000,-0.0524000,-20.1279000
20240315,555,C,0.0250,0.0250,0.0250,0.0250,0,0,0.1308000,0.0024000,0.0000000,1.5618000,-0.0016000,0.2148000
20240315,555,P,87.5500,87.5500,87.5500,87.5500,0,0,0.3479000,-0.8394000,0.0000000,49.5651000,-0.0551000,-90.7393000
20240315,406,C,66.7450,66.7450,66.7450,66.7450,0,0,0.2277000,0.9423000,0.0000000,23.4573000,-0.0931000,70.6674000
20240315,406,P,0.9350,0.9350,0.9350,0.9350,0,0,0.2161000,-0.0490000,0.0000000,20.6377000,-0.0288000,-4.5087000
20240315,470,C,11.3700,11.3700,11.3700,11.3700,0,0,0.1265000,0.5449000,0.0000000,80.5741000,-0.1092000,46.0156000
20240315,470,P,9.5950,9.5950,9.5950,9.5950,0,0,0.1316000,-0.4558000,0.0000000,80.5942000,-0.0445000,-42.1028000
20240315,235,C,235.1300,235.1300,235.1300,235.1300,0,0,0.6761000,0.9941000,0.0000000,3.3823000,-0.0499000,43.4099000
20240315,235,P,0.0350,0.0350,0.0350,0.0350,0,0,0.5375000,-0.0009000,0.0000000,0.6579000,-0.0024000,-0.0904000
20240315,427,C,46.8150,46.8150,46.8150,46.8150,0,0,0.1917000,0.8942000,0.0000000,37.1621000,-0.1056000,70.1780000
20240315,427,P,1.8250,1.8250,1.8250,1.8250,0,0,0.1854000,-0.0988000,0.0000000,35.3600000,-0.0405000,-9.0760000
20240315,491,C,2.4800,2.4800,2.4800,2.4800,0,0,0.1068000,0.2071000,0.0000000,58.1054000,-0.0587000,17.8354000
20240315,491,P,23.5600,23.5600,23.5600,23.5600,0,0,0.1457000,-0.7203000,0.0000000,68.3780000,-0.0197000,-68.1189000
