#expiry,strike,right,open,high,low,close,volume,open_interest,implied_volatility,delta,gamma,vega,theta,rho
,,,474.1100,474.1100,474.1100,474.1100,0,,,,,,,
20240116,416,C,58.0300,58.0300,58.0300,58.0300,0,0,,,,,,
20240116,448,C,26.0900,26.0900,26.0900,26.0900,0,0,,,,,,
20240116,480,P,5.7250,5.7250,5.7250,5.7250,0,0,,,,,,
20240116,405,C,69.0200,69.0200,69.0200,69.0200,0,0,,,,,,
20240116,437,C,37.0750,37.0750,37.0750,37.0750,0,0,,,,,,
20240116,469,C,5.1250,5.1250,5.1250,5.1250,0,0,0.4375000,0.9898000,0.0000000,0.1364000,-0.7837000,0.0529000
20240116,458,C,16.1200,16.1200,16.1200,16.1200,0,0,1.2000000,0.9965000,0.0000000,0.0523000,-0.8200000,0.0520000
20240116,426,C,48.0650,48.0650,48.0650,48.0650,0,0,,,,,,
20240116,490,P,15.8600,15.8600,15.8600,15.8600,0,0,,,,,,
20240116,415,C,59.0250,59.0250,59.0250,59.0250,0,0,,,,,,
20240116,447,C,27.0900,27.0900,27.0900,27.0900,0,0,,,,,,
20240116,479,P,4.7750,4.7750,4.7750,4.7750,0,0,,,,,,
20240116,404,C,70.0500,70.0500,70.0500,70.0500,0,0,,,,,,
20240116,436,C,38.1100,38.1100,38.1100,38.1100,0,0,,,,,,
20240116,468,C,6.2450,6.2450,6.2450,6.2450,0,0,0.8210000,0.9310000,0.0000000,0.6723000,-6.6877000,0.0496000
20240116,500,P,26.0600,26.0600,26.0600,26.0600,0,0,2.6796000,-0.9673000,0.0000000,0.3701000,-11.8310000,-0.0553000
20240116,457,C,17.1400,17.1400,17.1400,17.1400,0,0,1.4953000,0.9895000,0.0000000,0.1405000,-2.5877000,0.0515000
20240116,425,C,49.0250,49.0250,49.0250,49.0250,0,0,,,,,,
20240116,489,P,14.8600,14.8600,14.8600,14.8600,0,0,,,,,,
20240116,414,C,60.0250,60.0250,60.0250,60.0250,0,0,,,,,,
20240116,446,C,28.0900,28.0900,28.0900,28.0900,0,0,,,,,,
20240116,478,P,3.7700,3.7700,3.7700,3.7700,0,0,,,,,,
20240116,510,P,35.9300,35.9300,35.9300,35.9300,0,0,2.8671000,-0.9910000,0.0000000,0.1228000,-4.1535000,-0.0577000
20240116,403,C,71.0450,71.0450,71.0450,71.0450,0,0,,,,,,
20240116,435,C,39.0150,39.0150,39.0150,39.0150,0,0,,,,,,
20240116,467,C,7.2550,7.2550,7.2550,7.2550,0,0,0.9406000,0.9343000,0.0000000,0.6471000,-7.3679000,0.0497000
20240116,499,P,24.8700,24.8700,24.8700,24.8700,0,0,,,,,,
20240116,456,C,18.1350,18.1350,18.1350,18.1350,0,0,1.4843000,0.9931000,0.0000000,0.0970000,-1.7952000,0.0516000
20240116,424,C,50.0150,50.0150,50.0150,50.0150,0,0,,,,,,
20240116,488,P,13.8600,13.8600,13.8600,13.8600,0,0,,,,,,
20240116,520,P,45.9750,45.9750,45.9750,45.9750,0,0,3.8179000,-0.9875000,0.0000000,0.1628000,-7.3858000,-0.0586000
20240116,413,C,61.0550,61.0550,61.0550,61.0550,0,0,,,,,,
20240116,445,C,29.0650,29.0650,29.0650,29.0650,0,0,,,,,,
20240116,477,P,2.9000,2.9000,2.9000,2.9000,0,0,0.2890000,-0.9752000,0.0000000,0.2936000,-0.9506000,-0.0531000
20240116,402,C,72.1050,72.1050,72.1050,72.1050,0,0,,,,,,
20240116,434,C,40.0500,40.0500,40.0500,40.0500,0,0,,,,,,
20240116,466,C,8.1800,8.1800,8.1800,8.1800,0,0,0.9031000,0.9635000,0.0000000,0.4045000,-4.4502000,0.0512000
20240116,498,P,24.0100,24.0100,24.0100,24.0100,0,0,2.3750000,-0.9728000,0.0000000,0.3172000,-8.9700000,-0.0553000
20240116,530,P,55.9900,55.9900,55.9900,55.9900,0,0,4.6292000,-0.9870000,0.0000000,0.1688000,-9.3022000,-0.0598000
20240116,455,C,19.1300,19.1300,19.1300,19.1300,0,0,1.5718000,0.9930000,0.0000000,0.0984000,-1.9221000,0.0515000
20240116,423,C,51.0000,51.0000,51.0000,51.0000,0,0,,,,,,
20240116,487,P,12.8650,12.8650,12.8650,12.8650,0,0,,,,,,
20240116,412,C,62.0250,62.0250,62.0250,62.0250,0,0,,,,,,
20240116,444,C,30.0600,30.0600,30.0600,30.0600,0,0,,,,,,
20240116,476,P,1.8800,1.8800,1.8800,1.8800,0,0,,,,,,
20240116,508,P,34.0750,34.0750,34.0750,34.0750,0,0,3.3593000,-0.9716000,0.0000000,0.3289000,-13.1886000,-0.0564000
20240116,540,P,65.8750,65.8750,65.8750,65.8750,0,0,,,,,,
20240116,433,C,41.0350,41.0350,41.0350,41.0350,0,0,,,,,,
20240116,465,C,9.0650,9.0650,9.0650,9.0650,0,0,,,,,,
20240116,497,P,22.8750,22.8750,22.8750,22.8750,0,0,,,,,,
20240116,390,C,84.1050,84.1050,84.1050,84.1050,0,0,,,,,,
20240116,454,C,20.0700,20.0700,20.0700,20.0700,0,0,,,,,,
20240116,422,C,52.0100,52.0100,52.0100,52.0100,0,0,,,,,,
20240116,486,P,11.9400,11.9400,11.9400,11.9400,0,0,1.1671000,-0.9761000,0.0000000,0.2848000,-3.9210000,-0.0541000
20240116,411,C,63.0050,63.0050,63.0050,63.0050,0,0,,,,,,
20240116,443,C,31.0350,31.0350,31.0350,31.0350,0,0,,,,,,
20240116,475,C,0.0450,0.0450,0.0450,0.0450,0,0,0.1445000,0.1131000,0.0000000,0.9721000,-1.6938000,0.0061000
20240116,475,P,0.9100,0.9100,0.9100,0.9100,0,0,0.1250000,-0.9190000,0.0000000,0.7594000,-1.0755000,-0.0498000
20240116,432,C,42.0350,42.0350,42.0350,42.0350,0,0,,,,,,
20240116,400,C,74.1050,74.1050,74.1050,74.1050,0,0,,,,,,
20240116,464,C,10.1600,10.1600,10.1600,10.1600,0,0,1.0250000,0.9758000,0.0000000,0.2878000,-3.6065000,0.0516000
20240116,496,P,21.8900,21.8900,21.8900,21.8900,0,0,1.3750000,-0.9989000,0.0000000,0.0184000,-0.2322000,-0.0565000
20240116,453,C,21.1350,21.1350,21.1350,21.1350,0,0,1.7031000,0.9940000,0.0000000,0.0860000,-1.8244000,0.0513000
20240116,421,C,53.0200,53.0200,53.0200,53.0200,0,0,,,,,,
20240116,485,P,10.9600,10.9600,10.9600,10.9600,0,0,1.1453000,-0.9677000,0.0000000,0.3655000,-4.9560000,-0.0536000
20240116,410,C,64.0250,64.0250,64.0250,64.0250,0,0,,,,,,
20240116,442,C,32.0100,32.0100,32.0100,32.0100,0,0,,,,,,
20240116,474,C,0.3450,0.3450,0.3450,0.3450,0,0,0.1386000,0.5641000,0.0000000,1.9946000,-3.3582000,0.0304000
20240116,474,P,0.2150,0.2150,0.2150,0.2150,0,0,0.1298000,-0.4316000,0.0000000,1.9910000,-3.0734000,-0.0233000
20240116,506,P,31.9750,31.9750,31.9750,31.9750,0,0,2.8320000,-0.9836000,0.0000000,0.2064000,-6.9425000,-0.0568000
20240116,431,C,42.9950,42.9950,42.9950,42.9950,0,0,,,,,,
20240116,463,C,11.1500,11.1500,11.1500,11.1500,0,0,1.0718000,0.9810000,0.0000000,0.2338000,-3.0743000,0.0518000
20240116,495,P,20.8800,20.8800,20.8800,20.8800,0,0,,,,,,
20240116,452,C,22.1350,22.1350,22.1350,22.1350,0,0,1.7906000,0.9938000,0.0000000,0.0874000,-1.9443000,0.0512000
20240116,420,C,54.0400,54.0400,54.0400,54.0400,0,0,,,,,,
20240116,484,P,9.8950,9.8950,9.8950,9.8950,0,0,0.6749000,-0.9978000,0.0000000,0.0340000,-0.2050000,-0.0551000
20240116,409,C,65.0050,65.0050,65.0050,65.0050,0,0,,,,,,
20240116,441,C,32.9250,32.9250,32.9250,32.9250,0,0,,,,,,
20240116,473,C,1.1950,1.1950,1.1950,1.1950,0,0,0.2070000,0.8562000,0.0000000,1.1479000,-2.9109000,0.0462000
20240116,473,P,0.0350,0.0350,0.0350,0.0350,0,0,0.1582000,-0.0820000,0.0000000,0.7678000,-1.4520000,-0.0044000
20240116,505,P,30.9950,30.9950,30.9950,30.9950,0,0,2.8437000,-0.9803000,0.0000000,0.2411000,-8.1562000,-0.0565000
20240116,430,C,43.9900,43.9900,43.9900,43.9900,0,0,,,,,,
20240116,462,C,12.1350,12.1350,12.1350,12.1350,0,0,1.0437000,0.9899000,0.0000000,0.1350000,-1.7576000,0.0521000
20240116,494,P,20.0050,20.0050,20.0050,20.0050,0,0,2.0175000,-0.9709000,0.0000000,0.3353000,-8.0481000,-0.0548000
20240116,451,C,23.1350,23.1350,23.1350,23.1350,0,0,1.8562000,0.9942000,0.0000000,0.0823000,-1.8999000,0.0511000
20240116,419,C,55.0400,55.0400,55.0400,55.0400,0,0,,,,,,
20240116,483,P,8.9000,8.9000,8.9000,8.9000,0,0,0.7437000,-0.9901000,0.0000000,0.1329000,-1.1165000,-0.0546000
20240116,515,P,40.9450,40.9450,40.9450,40.9450,0,0,3.2773000,-0.9904000,0.0000000,0.1292000,-5.0104000,-0.0582000
20240116,525,P,50.9550,50.9550,50.9550,50.9550,0,0,4.0238000,-0.9906000,0.0000000,0.1277000,-6.0932000,-0.0594000
20240116,408,C,66.0350,66.0350,66.0350,66.0350,0,0,,,,,,
20240116,440,C,34.1050,34.1050,34.1050,34.1050,0,0,,,,,,
20240116,472,C,2.1300,2.1300,2.1300,2.1300,0,0,0.2343000,0.9628000,0.0000000,0.4109000,-1.2219000,0.0518000
20240116,472,P,0.0150,0.0150,0.0150,0.0150,0,0,0.2109000,-0.0236000,0.0000000,0.2829000,-0.7145000,-0.0012000
20240116,504,P,30.0050,30.0050,30.0050,30.0050,0,0,2.8085000,-0.9784000,0.0000000,0.2615000,-8.7440000,-0.0563000
20240116,429,C,45.0200,45.0200,45.0200,45.0200,0,0,,,,,,
20240116,461,C,13.1300,13.1300,13.1300,13.1300,0,0,1.1125000,0.9909000,0.0000000,0.1231000,-1.7104000,0.0521000
20240116,493,P,18.9700,18.9700,18.9700,18.9700,0,0,1.8398000,-0.9760000,0.0000000,0.2860000,-6.2457000,-0.0549000
20240116,535,P,60.8750,60.8750,60.8750,60.8750,0,0,,,,,,
20240116,450,C,24.1050,24.1050,24.1050,24.1050,0,0,,,,,,
20240116,418,C,56.0450,56.0450,56.0450,56.0450,0,0,,,,,,
20240116,482,P,7.6200,7.6200,7.6200,7.6200,0,0,,,,,,
20240116,407,C,67.0100,67.0100,67.0100,67.0100,0,0,,,,,,
20240116,439,C,34.9400,34.9400,34.9400,34.9400,0,0,,,,,,
20240116,471,C,3.1350,3.1350,3.1350,3.1350,0,0,0.3203000,0.9729000,0.0000000,0.3159000,-1.2811000,0.0523000
20240116,471,P,0.0150,0.0150,0.0150,0.0150,0,0,0.2968000,-0.0188000,0.0000000,0.2331000,-0.8291000,-0.0010000
20240116,545,P,70.8750,70.8750,70.8750,70.8750,0,0,,,,,,
20240116,428,C,46.0000,46.0000,46.0000,46.0000,0,0,,,,,,
20240116,460,C,14.1100,14.1100,14.1100,14.1100,0,0,,,,,,
20240116,492,P,17.9100,17.9100,17.9100,17.9100,0,0,1.4625000,-0.9909000,0.0000000,0.1241000,-2.1073000,-0.0556000
20240116,417,C,57.0150,57.0150,57.0150,57.0150,0,0,,,,,,
20240116,449,C,25.0050,25.0050,25.0050,25.0050,0,0,,,,,,
20240116,481,P,6.7900,6.7900,6.7900,6.7900,0,0,,,,,,
20240116,406,C,68.0250,68.0250,68.0250,68.0250,0,0,,,,,,
20240116,438,C,36.0100,36.0100,36.0100,36.0100,0,0,,,,,,
20240116,470,C,4.1300,4.1300,4.1300,4.1300,0,0,0.4062000,0.9777000,0.0000000,0.2683000,-1.3751000,0.0524000
20240116,502,P,28.0950,28.0950,28.0950,28.0950,0,0,2.9257000,-0.9650000,0.0000000,0.3908000,-13.6511000,-0.0554000
20240116,427,C,47.0400,47.0400,47.0400,47.0400,0,0,,,,,,
20240116,459,C,15.1250,15.1250,15.1250,15.1250,0,0,1.1562000,0.9957000,0.0000000,0.0638000,-0.9528000,0.0521000
20240116,491,P,16.8750,16.8750,16.8750,16.8750,0,0,,,,,,
20240117,416,C,58.1850,58.1850,58.1850,58.1850,0,0,0.8375000,0.9986000,0.0000000,0.1129000,-0.1073000,1.1495000
20240117,448,C,26.2050,26.2050,26.2050,26.2050,0,0,0.4375000,0.9934000,0.0000000,0.4609000,-0.1646000,1.2312000
20240117,480,C,0.0350,0.0350,0.0350,0.0350,0,0,0.1191000,0.0260000,0.0000000,1.5069000,-0.0906000,0.0340000
20240117,480,P,5.9000,5.9000,5.9000,5.9000,0,0,0.1435000,-0.9464000,0.0000000,2.7167000,-0.1267000,-1.2585000
20240117,405,C,69.1850,69.1850,69.1850,69.1850,0,0,1.0062000,0.9986000,0.0000000,0.1088000,-0.1131000,1.1192000
20240117,437,C,37.2000,37.2000,37.2000,37.2000,0,0,0.6125000,0.9946000,0.0000000,0.3855000,-0.1801000,1.2024000
20240117,469,C,5.3000,5.3000,5.3000,5.3000,0,0,0.1450000,0.9255000,0.0000000,3.5116000,-0.3151000,1.2000000
20240117,469,P,0.0850,0.0850,0.0850,0.0850,0,0,0.1318000,-0.0562000,0.0000000,2.8249000,-0.1803000,-0.0740000
20240117,458,C,16.2100,16.2100,16.2100,16.2100,0,0,0.2968000,0.9871000,0.0000000,0.8271000,-0.1873000,1.2507000
20240117,458,P,0.0150,0.0150,0.0150,0.0150,0,0,0.2578000,-0.0051000,0.0000000,0.3697000,-0.0468000,-0.0067000
20240117,426,C,48.1900,48.1900,48.1900,48.1900,0,0,0.7437000,0.9970000,0.0000000,0.2220000,-0.1436000,1.1752000
20240117,490,P,15.8700,15.8700,15.8700,15.8700,0,0,0.3007000,-0.9805000,0.0000000,1.1779000,-0.1052000,-1.3309000
20240117,415,C,59.1850,59.1850,59.1850,59.1850,0,0,0.8562000,0.9985000,0.0000000,0.1168000,-0.1098000,1.1467000
20240117,447,C,27.2050,27.2050,27.2050,27.2050,0,0,0.4531000,0.9935000,0.0000000,0.4507000,-0.1657000,1.2287000
20240117,479,C,0.0650,0.0650,0.0650,0.0650,0,0,0.1162000,0.0493000,0.0000000,2.5464000,-0.1498000,0.0646000
20240117,479,P,4.8650,4.8650,4.8650,4.8650,0,0,0.1083000,-0.9616000,0.0000000,2.0759000,-0.0441000,-1.2756000
20240117,404,C,70.1800,70.1800,70.1800,70.1800,0,0,1.0250000,0.9986000,0.0000000,0.1115000,-0.1153000,1.1163000
20240117,436,C,38.2000,38.2000,38.2000,38.2000,0,0,0.6250000,0.9949000,0.0000000,0.3669000,-0.1766000,1.2000000
20240117,468,C,6.2750,6.2750,6.2750,6.2750,0,0,0.1562000,0.9451000,0.0000000,2.7676000,-0.2783000,1.2231000
20240117,468,P,0.0550,0.0550,0.0550,0.0550,0,0,0.1386000,-0.0358000,0.0000000,1.9636000,-0.1322000,-0.0471000
20240117,500,P,25.8600,25.8600,25.8600,25.8600,0,0,0.4414000,-0.9884000,0.0000000,0.7543000,-0.0926000,-1.3688000
20240117,457,C,17.2100,17.2100,17.2100,17.2100,0,0,0.3125000,0.9878000,0.0000000,0.7869000,-0.1874000,1.2488000
20240117,457,P,0.0150,0.0150,0.0150,0.0150,0,0,0.2734000,-0.0050000,0.0000000,0.3640000,-0.0489000,-0.0066000
20240117,425,C,49.1900,49.1900,49.1900,49.1900,0,0,0.7625000,0.9970000,0.0000000,0.2272000,-0.1474000,1.1723000
20240117,489,P,14.8700,14.8700,14.8700,14.8700,0,0,0.2832000,-0.9802000,0.0000000,1.1973000,-0.0978000,-1.3276000
20240117,414,C,60.1850,60.1850,60.1850,60.1850,0,0,0.8750000,0.9985000,0.0000000,0.1205000,-0.1124000,1.1439000
20240117,446,C,28.2050,28.2050,28.2050,28.2050,0,0,0.4687000,0.9937000,0.0000000,0.4410000,-0.1668000,1.2261000
20240117,478,C,0.1350,0.1350,0.1350,0.1350,0,0,0.1162000,0.0952000,0.0000000,4.2233000,-0.2494000,0.1246000
20240117,478,P,3.9200,3.9200,3.9200,3.9200,0,0,0.1088000,-0.9189000,0.0000000,3.7467000,-0.1378000,-1.2168000
20240117,510,P,35.8600,35.8600,35.8600,35.8600,0,0,0.5843000,-0.9906000,0.0000000,0.6244000,-0.1068000,-1.3995000
20240117,403,C,71.1800,71.1800,71.1800,71.1800,0,0,1.0437000,0.9986000,0.0000000,0.1141000,-0.1176000,1.1135000
20240117,435,C,39.2000,39.2000,39.2000,39.2000,0,0,0.6437000,0.9948000,0.0000000,0.3726000,-0.1817000,1.1971000
20240117,467,C,7.2550,7.2550,7.2550,7.2550,0,0,0.1679000,0.9582000,0.0000000,2.2251000,-0.2501000,1.2376000
20240117,467,P,0.0350,0.0350,0.0350,0.0350,0,0,0.1445000,-0.0222000,0.0000000,1.3195000,-0.0928000,-0.0292000
20240117,499,P,24.8600,24.8600,24.8600,24.8600,0,0,0.4257000,-0.9882000,0.0000000,0.7632000,-0.0888000,-1.3658000
20240117,456,C,18.2100,18.2100,18.2100,18.2100,0,0,0.3281000,0.9884000,0.0000000,0.7514000,-0.1876000,1.2469000
20240117,456,P,0.0150,0.0150,0.0150,0.0150,0,0,0.2851000,-0.0044000,0.0000000,0.3273000,-0.0458000,-0.0059000
20240117,424,C,50.1900,50.1900,50.1900,50.1900,0,0,0.7812000,0.9969000,0.0000000,0.2320000,-0.1512000,1.1695000
20240117,520,P,45.8600,45.8600,45.8600,45.8600,0,0,0.7203000,-0.9921000,0.0000000,0.5388000,-0.1168000,-1.4290000
20240117,488,P,13.9000,13.9000,13.9000,13.9000,0,0,0.2880000,-0.9704000,0.0000000,1.6751000,-0.1697000,-1.3121000
20240117,413,C,61.1850,61.1850,61.1850,61.1850,0,0,0.8937000,0.9984000,0.0000000,0.1241000,-0.1149000,1.1410000
20240117,445,C,29.2000,29.2000,29.2000,29.2000,0,0,0.4843000,0.9938000,0.0000000,0.4319000,-0.1679000,1.2235000
20240117,477,C,0.2550,0.2550,0.2550,0.2550,0,0,0.1152000,0.1647000,0.0000000,6.1867000,-0.3641000,0.2155000
20240117,477,P,3.0400,3.0400,3.0400,3.0400,0,0,0.1103000,-0.8457000,0.0000000,5.9247000,-0.2646000,-1.1184000
20240117,402,C,72.1800,72.1800,72.1800,72.1800,0,0,1.0625000,0.9985000,0.0000000,0.1166000,-0.1198000,1.1107000
20240117,434,C,40.2000,40.2000,40.2000,40.2000,0,0,0.6562000,0.9950000,0.0000000,0.3553000,-0.1783000,1.1947000
20240117,466,C,8.2450,8.2450,8.2450,8.2450,0,0,0.1816000,0.9660000,0.0000000,1.8802000,-0.2345000,1.2450000
20240117,466,P,0.0250,0.0250,0.0250,0.0250,0,0,0.1523000,-0.0148000,0.0000000,0.9347000,-0.0694000,-0.0195000
20240117,498,P,23.8600,23.8600,23.8600,23.8600,0,0,0.4121000,-0.9877000,0.0000000,0.7924000,-0.0898000,-1.3624000
20240117,530,P,55.8600,55.8600,55.8600,55.8600,0,0,0.8515000,-0.9930000,0.0000000,0.4810000,-0.1259000,-1.4580000
20240117,455,C,19.2100,19.2100,19.2100,19.2100,0,0,0.3437000,0.9890000,0.0000000,0.7197000,-0.1879000,1.2449000
20240117,455,P,0.0150,0.0150,0.0150,0.0150,0,0,0.2968000,-0.0040000,0.0000000,0.2962000,-0.0432000,-0.0052000
20240117,423,C,51.1900,51.1900,51.1900,51.1900,0,0,0.7906000,0.9971000,0.0000000,0.2167000,-0.1462000,1.1670000
20240117,487,P,12.9000,12.9000,12.9000,12.9000,0,0,0.2714000,-0.9685000,0.0000000,1.7629000,-0.1680000,-1.3069000
20240117,412,C,62.1850,62.1850,62.1850,62.1850,0,0,0.9031000,0.9985000,0.0000000,0.1166000,-0.1120000,1.1384000
20240117,444,C,30.2000,30.2000,30.2000,30.2000,0,0,0.5000000,0.9940000,0.0000000,0.4232000,-0.1690000,1.2210000
20240117,476,C,0.4750,0.4750,0.4750,0.4750,0,0,0.1162000,0.2664000,0.0000000,8.1934000,-0.4895000,0.3484000
20240117,476,P,2.2700,2.2700,2.2700,2.2700,0,0,0.1137000,-0.7379000,0.0000000,8.1239000,-0.4060000,-0.9748000
20240117,508,P,33.8600,33.8600,33.8600,33.8600,0,0,0.5562000,-0.9903000,0.0000000,0.6448000,-0.1041000,-1.3935000
20240117,540,P,65.8600,65.8600,65.8600,65.8600,0,0,0.9828000,-0.9935000,0.0000000,0.4507000,-0.1409000,-1.4863000
20240117,433,C,41.1950,41.1950,41.1950,41.1950,0,0,0.6374000,0.9967000,0.0000000,0.2426000,-0.1394000,1.1942000
20240117,465,C,9.2400,9.2400,9.2400,9.2400,0,0,0.2001000,0.9686000,0.0000000,1.7605000,-0.2399000,1.2457000
20240117,465,P,0.0150,0.0150,0.0150,0.0150,0,0,0.1523000,-0.0072000,0.0000000,0.5034000,-0.0374000,-0.0095000
20240117,497,P,22.8650,22.8650,22.8650,22.8650,0,0,0.3984000,-0.9871000,0.0000000,0.8249000,-0.0910000,-1.3589000
20240117,390,C,84.1800,84.1800,84.1800,84.1800,0,0,1.2546000,0.9986000,0.0000000,0.1127000,-0.1267000,1.0776000
20240117,454,C,20.2100,20.2100,20.2100,20.2100,0,0,0.3613000,0.9891000,0.0000000,0.7113000,-0.1926000,1.2423000
20240117,454,P,0.0150,0.0150,0.0150,0.0150,0,0,0.3125000,-0.0039000,0.0000000,0.2946000,-0.0452000,-0.0052000
20240117,422,C,52.1900,52.1900,52.1900,52.1900,0,0,0.8093000,0.9971000,0.0000000,0.2213000,-0.1499000,1.1641000
20240117,486,P,11.9000,11.9000,11.9000,11.9000,0,0,0.2539000,-0.9668000,0.0000000,1.8432000,-0.1630000,-1.3018000
20240117,411,C,63.1850,63.1850,63.1850,63.1850,0,0,0.9125000,0.9986000,0.0000000,0.1097000,-0.1093000,1.1358000
20240117,443,C,31.2000,31.2000,31.2000,31.2000,0,0,0.5187000,0.9938000,0.0000000,0.4310000,-0.1747000,1.2180000
20240117,475,C,0.8150,0.8150,0.8150,0.8150,0,0,0.1179000,0.3914000,0.0000000,9.5811000,-0.5860000,0.5115000
20240117,475,P,1.6100,1.6100,1.6100,1.6100,0,0,0.1158000,-0.6104000,0.0000000,9.5677000,-0.5060000,-0.8056000
20240117,432,C,42.1950,42.1950,42.1950,42.1950,0,0,0.6562000,0.9966000,0.0000000,0.2493000,-0.1436000,1.1913000
20240117,400,C,74.1800,74.1800,74.1800,74.1800,0,0,1.0906000,0.9986000,0.0000000,0.1127000,-0.1190000,1.1053000
20240117,464,C,10.2350,10.2350,10.2350,10.2350,0,0,0.2128000,0.9739000,0.0000000,1.5066000,-0.2245000,1.2500000
20240117,464,P,0.0150,0.0150,0.0150,0.0150,0,0,0.1679000,-0.0069000,0.0000000,0.4827000,-0.0396000,-0.0091000
20240117,496,P,21.8650,21.8650,21.8650,21.8650,0,0,0.3828000,-0.9869000,0.0000000,0.8399000,-0.0877000,-1.3558000
20240117,453,C,21.2050,21.2050,21.2050,21.2050,0,0,0.3593000,0.9923000,0.0000000,0.5245000,-0.1587000,1.2437000
20240117,453,P,0.0150,0.0150,0.0150,0.0150,0,0,0.3281000,-0.0039000,0.0000000,0.2929000,-0.0472000,-0.0052000
20240117,421,C,53.1900,53.1900,53.1900,53.1900,0,0,0.8281000,0.9970000,0.0000000,0.2256000,-0.1536000,1.1613000
20240117,485,P,10.9000,10.9000,10.9000,10.9000,0,0,0.2363000,-0.9647000,0.0000000,1.9401000,-0.1586000,-1.2963000
20240117,410,C,64.1850,64.1850,64.1850,64.1850,0,0,0.9312000,0.9986000,0.0000000,0.1130000,-0.1117000,1.1329000
20240117,442,C,32.2000,32.2000,32.2000,32.2000,0,0,0.5312000,0.9942000,0.0000000,0.4072000,-0.1710000,1.2158000
20240117,474,C,1.2950,1.2950,1.2950,1.2950,0,0,0.1203000,0.5251000,0.0000000,9.9318000,-0.6276000,0.6856000
20240117,474,P,1.0850,1.0850,1.0850,1.0850,0,0,0.1174000,-0.4742000,0.0000000,9.9309000,-0.5441000,-0.6254000
20240117,506,P,31.8600,31.8600,31.8600,31.8600,0,0,0.5281000,-0.9899000,0.0000000,0.6691000,-0.1018000,-1.3874000
20240117,431,C,43.1950,43.1950,43.1950,43.1950,0,0,0.6687000,0.9968000,0.0000000,0.2388000,-0.1416000,1.1887000
20240117,463,C,11.1850,11.1850,11.1850,11.1850,0,0,0.1562000,0.9981000,0.0000000,0.1457000,-0.0786000,1.2791000
20240117,463,P,0.0150,0.0150,0.0150,0.0150,0,0,0.1835000,-0.0066000,0.0000000,0.4654000,-0.0418000,-0.0087000
20240117,495,P,20.8650,20.8650,20.8650,20.8650,0,0,0.3671000,-0.9866000,0.0000000,0.8568000,-0.0844000,-1.3526000
20240117,452,C,22.2050,22.2050,22.2050,22.2050,0,0,0.3750000,0.9926000,0.0000000,0.5097000,-0.1599000,1.2413000
20240117,452,P,0.0150,0.0150,0.0150,0.0150,0,0,0.3437000,-0.0039000,0.0000000,0.2911000,-0.0492000,-0.0051000
20240117,420,C,54.1900,54.1900,54.1900,54.1900,0,0,0.8375000,0.9972000,0.0000000,0.2113000,-0.1486000,1.1588000
20240117,484,C,0.0150,0.0150,0.0150,0.0150,0,0,0.1601000,0.0075000,0.0000000,0.5216000,-0.0418000,0.0099000
20240117,484,P,9.9000,9.9000,9.9000,9.9000,0,0,0.2177000,-0.9627000,0.0000000,2.0293000,-0.1507000,-1.2909000
20240117,409,C,65.1850,65.1850,65.1850,65.1850,0,0,0.9500000,0.9985000,0.0000000,0.1161000,-0.1141000,1.1301000
20240117,441,C,33.2000,33.2000,33.2000,33.2000,0,0,0.5500000,0.9941000,0.0000000,0.4144000,-0.1766000,1.2128000
20240117,473,C,1.8950,1.8950,1.8950,1.8950,0,0,0.1217000,0.6525000,0.0000000,9.2147000,-0.5997000,0.8512000
20240117,473,P,0.6950,0.6950,0.6950,0.6950,0,0,0.1195000,-0.3448000,0.0000000,9.1888000,-0.5194000,-0.4544000
20240117,505,P,30.8600,30.8600,30.8600,30.8600,0,0,0.5124000,-0.9898000,0.0000000,0.6718000,-0.0974000,-1.3846000
20240117,430,C,44.1950,44.1950,44.1950,44.1950,0,0,0.6875000,0.9967000,0.0000000,0.2449000,-0.1457000,1.1858000
20240117,462,C,12.1800,12.1800,12.1800,12.1800,0,0,0.1718000,0.9980000,0.0000000,0.1563000,-0.0804000,1.2761000
20240117,462,P,0.0150,0.0150,0.0150,0.0150,0,0,0.1992000,-0.0064000,0.0000000,0.4507000,-0.0439000,-0.0084000
20240117,494,P,19.8700,19.8700,19.8700,19.8700,0,0,0.3632000,-0.9835000,0.0000000,1.0235000,-0.1131000,-1.3458000
20240117,451,C,23.2050,23.2050,23.2050,23.2050,0,0,0.3906000,0.9928000,0.0000000,0.4962000,-0.1611000,1.2388000
20240117,451,P,0.0150,0.0150,0.0150,0.0150,0,0,0.3593000,-0.0039000,0.0000000,0.2892000,-0.0511000,-0.0051000
20240117,419,C,55.1900,55.1900,55.1900,55.1900,0,0,0.8562000,0.9971000,0.0000000,0.2154000,-0.1521000,1.1559000
20240117,483,C,0.0150,0.0150,0.0150,0.0150,0,0,0.1445000,0.0077000,0.0000000,0.5326000,-0.0386000,0.0101000
20240117,483,P,8.9000,8.9000,8.9000,8.9000,0,0,0.2001000,-0.9594000,0.0000000,2.1731000,-0.1476000,-1.2838000
20240117,515,P,40.8600,40.8600,40.8600,40.8600,0,0,0.6531000,-0.9914000,0.0000000,0.5777000,-0.1122000,-1.4143000
20240117,525,P,50.8600,50.8600,50.8600,50.8600,0,0,0.7859000,-0.9926000,0.0000000,0.5053000,-0.1205000,-1.4436000
20240117,408,C,66.1850,66.1850,66.1850,66.1850,0,0,0.9687000,0.9985000,0.0000000,0.1192000,-0.1165000,1.1273000
20240117,440,C,34.2000,34.2000,34.2000,34.2000,0,0,0.5625000,0.9944000,0.0000000,0.3927000,-0.1730000,1.2105000
20240117,472,C,2.6200,2.6200,2.6200,2.6200,0,0,0.1245000,0.7600000,0.0000000,7.7530000,-0.5298000,0.9903000
20240117,472,P,0.4150,0.4150,0.4150,0.4150,0,0,0.1206000,-0.2329000,0.0000000,7.6277000,-0.4390000,-0.3068000
20240117,504,P,29.8600,29.8600,29.8600,29.8600,0,0,0.5000000,-0.9894000,0.0000000,0.6981000,-0.1000000,-1.3812000
20240117,429,C,45.1950,45.1950,45.1950,45.1950,0,0,0.6968000,0.9970000,0.0000000,0.2273000,-0.1407000,1.1834000
20240117,461,C,13.1800,13.1800,13.1800,13.1800,0,0,0.1875000,0.9978000,0.0000000,0.1655000,-0.0823000,1.2732000
20240117,461,P,0.0150,0.0150,0.0150,0.0150,0,0,0.2109000,-0.0054000,0.0000000,0.3898000,-0.0403000,-0.0071000
20240117,493,P,18.8700,18.8700,18.8700,18.8700,0,0,0.3476000,-0.9829000,0.0000000,1.0546000,-0.1107000,-1.3423000
20240117,535,P,60.8600,60.8600,60.8600,60.8600,0,0,0.9171000,-0.9933000,0.0000000,0.4634000,-0.1328000,-1.4722000
20240117,450,C,24.2050,24.2050,24.2050,24.2050,0,0,0.4062000,0.9930000,0.0000000,0.4836000,-0.1623000,1.2363000
20240117,450,P,0.0150,0.0150,0.0150,0.0150,0,0,0.3671000,-0.0032000,0.0000000,0.2470000,-0.0446000,-0.0043000
20240117,418,C,56.1850,56.1850,56.1850,56.1850,0,0,0.8093000,0.9985000,0.0000000,0.1164000,-0.1074000,1.1550000
20240117,482,C,0.0150,0.0150,0.0150,0.0150,0,0,0.1328000,0.0097000,0.0000000,0.6479000,-0.0432000,0.0127000
20240117,482,P,7.9000,7.9000,7.9000,7.9000,0,0,0.1816000,-0.9560000,0.0000000,2.3189000,-0.1412000,-1.2766000
20240117,407,C,67.1850,67.1850,67.1850,67.1850,0,0,0.9875000,0.9984000,0.0000000,0.1222000,-0.1189000,1.1245000
20240117,439,C,35.2000,35.2000,35.2000,35.2000,0,0,0.5812000,0.9943000,0.0000000,0.3993000,-0.1784000,1.2076000
20240117,471,C,3.4600,3.4600,3.4600,3.4600,0,0,0.1303000,0.8375000,0.0000000,6.1303000,-0.4528000,1.0896000
20240117,471,P,0.2450,0.2450,0.2450,0.2450,0,0,0.1235000,-0.1495000,0.0000000,5.8039000,-0.3444000,-0.1969000
20240117,545,P,70.8600,70.8600,70.8600,70.8600,0,0,1.0437000,-0.9939000,0.0000000,0.4293000,-0.1427000,-1.5006000
20240117,428,C,46.1950,46.1950,46.1950,46.1950,0,0,0.7156000,0.9969000,0.0000000,0.2330000,-0.1446000,1.1805000
20240117,460,C,14.1800,14.1800,14.1800,14.1800,0,0,0.1875000,0.9989000,0.0000000,0.0860000,-0.0749000,1.2718000
20240117,460,P,0.0150,0.0150,0.0150,0.0150,0,0,0.2265000,-0.0053000,0.0000000,0.3825000,-0.0425000,-0.0070000
20240117,492,P,17.8700,17.8700,17.8700,17.8700,0,0,0.3320000,-0.9822000,0.0000000,1.0901000,-0.1086000,-1.3386000
20240117,417,C,57.1850,57.1850,57.1850,57.1850,0,0,0.8187000,0.9986000,0.0000000,0.1090000,-0.1048000,1.1524000
20240117,449,C,25.2050,25.2050,25.2050,25.2050,0,0,0.4218000,0.9932000,0.0000000,0.4719000,-0.1634000,1.2338000
20240117,481,C,0.0250,0.0250,0.0250,0.0250,0,0,0.1289000,0.0177000,0.0000000,1.0921000,-0.0708000,0.0232000
20240117,481,P,6.9000,6.9000,6.9000,6.9000,0,0,0.1630000,-0.9515000,0.0000000,2.5091000,-0.1357000,-1.2679000
20240117,406,C,68.1850,68.1850,68.1850,68.1850,0,0,0.9968000,0.9985000,0.0000000,0.1153000,-0.1159000,1.1218000
20240117,438,C,36.2000,36.2000,36.2000,36.2000,0,0,0.5937000,0.9947000,0.0000000,0.3793000,-0.1749000,1.2053000
20240117,470,C,4.3600,4.3600,4.3600,4.3600,0,0,0.1372000,0.8906000,0.0000000,4.6701000,-0.3779000,1.1568000
20240117,470,P,0.1450,0.1450,0.1450,0.1450,0,0,0.1279000,-0.0936000,0.0000000,4.1709000,-0.2575000,-0.1232000
20240117,502,P,27.8600,27.8600,27.8600,27.8600,0,0,0.4707000,-0.9889000,0.0000000,0.7234000,-0.0961000,-1.3751000
20240117,427,C,47.1950,47.1950,47.1950,47.1950,0,0,0.7343000,0.9968000,0.0000000,0.2385000,-0.1486000,1.1776000
20240117,459,C,15.2100,15.2100,15.2100,15.2100,0,0,0.2792000,0.9868000,0.0000000,0.8439000,-0.1826000,1.2530000
20240117,459,P,0.0150,0.0150,0.0150,0.0150,0,0,0.2421000,-0.0052000,0.0000000,0.3759000,-0.0446000,-0.0069000
20240117,491,P,16.8700,16.8700,16.8700,16.8700,0,0,0.3164000,-0.9814000,0.0000000,1.1308000,-0.1067000,-1.3348000
20240118,416,C,58.3900,58.3900,58.3900,58.3900,0,0,0.8257000,0.9849000,0.0000000,1.3358000,-0.3339000,2.2504000
20240118,448,C,26.4300,26.4300,26.4300,26.4300,0,0,0.4189000,0.9676000,0.0000000,2.5505000,-0.3287000,2.3812000
20240118,448,P,0.0250,0.0250,0.0250,0.0250,0,0,0.3046000,-0.0057000,0.0000000,0.5729000,-0.0430000,-0.0150000
20240118,480,C,0.1550,0.1550,0.1550,0.1550,0,0,0.1157000,0.0808000,0.0000000,5.2743000,-0.1573000,0.2103000
20240118,480,P,5.8750,5.8750,5.8750,5.8750,0,0,0.1098000,-0.9297000,0.0000000,4.7351000,-0.0642000,-2.4603000
20240118,512,P,37.8600,37.8600,37.8600,37.8600,0,0,0.4941000,-0.9807000,0.0000000,1.6469000,-0.1291000,-2.7697000
20240118,405,C,69.3800,69.3800,69.3800,69.3800,0,0,0.9640000,0.9875000,0.0000000,1.1373000,-0.3308000,2.1966000
20240118,437,C,37.4100,37.4100,37.4100,37.4100,0,0,0.5585000,0.9769000,0.0000000,1.9231000,-0.3292000,2.3450000
20240118,437,P,0.0150,0.0150,0.0150,0.0150,0,0,0.3906000,-0.0022000,0.0000000,0.2515000,-0.0242000,-0.0060000
20240118,469,C,5.6950,5.6950,5.6950,5.6950,0,0,0.1506000,0.8416000,0.0000000,8.5044000,-0.3759000,2.1664000
20240118,469,P,0.2650,0.2650,0.2650,0.2650,0,0,0.1271000,-0.1182000,0.0000000,6.9667000,-0.2121000,-0.3102000
20240118,458,C,16.4450,16.4450,16.4450,16.4450,0,0,0.2827000,0.9527000,0.0000000,3.4687000,-0.3073000,2.3974000
20240118,458,P,0.0350,0.0350,0.0350,0.0350,0,0,0.2089000,-0.0120000,0.0000000,1.1029000,-0.0564000,-0.0316000
20240118,426,C,48.4000,48.4000,48.4000,48.4000,0,0,0.6992000,0.9818000,0.0000000,1.5687000,-0.3336000,2.2974000
20240118,426,P,0.0150,0.0150,0.0150,0.0150,0,0,0.5000000,-0.0018000,0.0000000,0.2034000,-0.0251000,-0.0047000
20240118,490,C,0.0150,0.0150,0.0150,0.0150,0,0,0.1718000,0.0053000,0.0000000,0.5366000,-0.0233000,0.0138000
20240118,490,P,15.8700,15.8700,15.8700,15.8700,0,0,0.2441000,-0.9636000,0.0000000,2.8072000,-0.1015000,-2.6037000
20240118,415,C,59.3900,59.3900,59.3900,59.3900,0,0,0.8386000,0.9851000,0.0000000,1.3177000,-0.3342000,2.2456000
20240118,447,C,27.4250,27.4250,27.4250,27.4250,0,0,0.4287000,0.9696000,0.0000000,2.4170000,-0.3207000,2.3811000
20240118,447,P,0.0250,0.0250,0.0250,0.0250,0,0,0.3164000,-0.0056000,0.0000000,0.5695000,-0.0444000,-0.0149000
20240118,479,C,0.2550,0.2550,0.2550,0.2550,0,0,0.1159000,0.1242000,0.0000000,7.2136000,-0.2166000,0.3231000
20240118,479,P,4.9400,4.9400,4.9400,4.9400,0,0,0.1071000,-0.8942000,0.0000000,6.4331000,-0.1089000,-2.3623000
20240118,404,C,70.3800,70.3800,70.3800,70.3800,0,0,0.9781000,0.9876000,0.0000000,1.1300000,-0.3328000,2.1913000
20240118,436,C,38.4100,38.4100,38.4100,38.4100,0,0,0.5718000,0.9773000,0.0000000,1.8902000,-0.3307000,2.3407000
20240118,436,P,0.0150,0.0150,0.0150,0.0150,0,0,0.4062000,-0.0025000,0.0000000,0.2753000,-0.0276000,-0.0066000
20240118,468,C,6.6100,6.6100,6.6100,6.6100,0,0,0.1589000,0.8708000,0.0000000,7.4099000,-0.3521000,2.2377000
20240118,468,P,0.1850,0.1850,0.1850,0.1850,0,0,0.1308000,-0.0852000,0.0000000,5.4872000,-0.1726000,-0.2236000
20240118,500,P,25.8600,25.8600,25.8600,25.8600,0,0,0.3593000,-0.9755000,0.0000000,2.0196000,-0.1093000,-2.6899000
20240118,457,C,17.4400,17.4400,17.4400,17.4400,0,0,0.2968000,0.9547000,0.0000000,3.3513000,-0.3108000,2.3971000
20240118,457,P,0.0350,0.0350,0.0350,0.0350,0,0,0.2187000,-0.0110000,0.0000000,1.0193000,-0.0546000,-0.0288000
20240118,425,C,49.4000,49.4000,49.4000,49.4000,0,0,0.7132000,0.9820000,0.0000000,1.5551000,-0.3365000,2.2923000
20240118,425,P,0.0150,0.0150,0.0150,0.0150,0,0,0.5124000,-0.0018000,0.0000000,0.2084000,-0.0264000,-0.0049000
20240118,489,C,0.0150,0.0150,0.0150,0.0150,0,0,0.1601000,0.0050000,0.0000000,0.5151000,-0.0208000,0.0131000
20240118,489,P,14.8700,14.8700,14.8700,14.8700,0,0,0.2314000,-0.9620000,0.0000000,2.9068000,-0.0986000,-2.5941000
20240118,414,C,60.3900,60.3900,60.3900,60.3900,0,0,0.8527000,0.9853000,0.0000000,1.3084000,-0.3367000,2.2404000
20240118,446,C,28.4250,28.4250,28.4250,28.4250,0,0,0.4423000,0.9704000,0.0000000,2.3664000,-0.3232000,2.3776000
20240118,446,P,0.0250,0.0250,0.0250,0.0250,0,0,0.3281000,-0.0056000,0.0000000,0.5660000,-0.0458000,-0.0148000
20240118,478,C,0.4150,0.4150,0.4150,0.4150,0,0,0.1169000,0.1831000,0.0000000,9.3339000,-0.2840000,0.4760000
20240118,478,P,4.0750,4.0750,4.0750,4.0750,0,0,0.1069000,-0.8386000,0.0000000,8.6099000,-0.1704000,-2.2123000
20240118,510,P,35.8600,35.8600,35.8600,35.8600,0,0,0.4716000,-0.9802000,0.0000000,1.6865000,-0.1248000,-2.7572000
20240118,403,C,71.3800,71.3800,71.3800,71.3800,0,0,0.9921000,0.9877000,0.0000000,1.1227000,-0.3349000,2.1861000
20240118,435,C,39.4100,39.4100,39.4100,39.4100,0,0,0.5851000,0.9778000,0.0000000,1.8586000,-0.3323000,2.3364000
20240118,435,P,0.0150,0.0150,0.0150,0.0150,0,0,0.4140000,-0.0023000,0.0000000,0.2585000,-0.0264000,-0.0062000
20240118,467,C,7.5600,7.5600,7.5600,7.5600,0,0,0.1691000,0.8912000,0.0000000,6.5640000,-0.3366000,2.2856000
20240118,467,P,0.1350,0.1350,0.1350,0.1350,0,0,0.1357000,-0.0625000,0.0000000,4.3281000,-0.1417000,-0.1639000
20240118,499,P,24.8600,24.8600,24.8600,24.8600,0,0,0.3486000,-0.9746000,0.0000000,2.0836000,-0.1096000,-2.6820000
20240118,456,C,18.4400,18.4400,18.4400,18.4400,0,0,0.3110000,0.9564000,0.0000000,3.2454000,-0.3144000,2.3962000
20240118,456,P,0.0250,0.0250,0.0250,0.0250,0,0,0.2187000,-0.0076000,0.0000000,0.7416000,-0.0398000,-0.0200000
20240118,424,C,50.4000,50.4000,50.4000,50.4000,0,0,0.7261000,0.9823000,0.0000000,1.5311000,-0.3370000,2.2877000
20240118,424,P,0.0150,0.0150,0.0150,0.0150,0,0,0.5250000,-0.0019000,0.0000000,0.2131000,-0.0276000,-0.0050000
20240118,520,P,45.8600,45.8600,45.8600,45.8600,0,0,0.5789000,-0.9830000,0.0000000,1.4771000,-0.1380000,-2.8198000
20240118,488,C,0.0150,0.0150,0.0150,0.0150,0,0,0.1523000,0.0058000,0.0000000,0.5830000,-0.0224000,0.0151000
20240118,488,P,13.8700,13.8700,13.8700,13.8700,0,0,0.2187000,-0.9601000,0.0000000,3.0225000,-0.0960000,-2.5837000
20240118,413,C,61.3900,61.3900,61.3900,61.3900,0,0,0.8656000,0.9855000,0.0000000,1.2909000,-0.3370000,2.2355000
20240118,445,C,29.4200,29.4200,29.4200,29.4200,0,0,0.4560000,0.9711000,0.0000000,2.3188000,-0.3258000,2.3739000
20240118,445,P,0.0250,0.0250,0.0250,0.0250,0,0,0.3359000,-0.0051000,0.0000000,0.5221000,-0.0432000,-0.0135000
20240118,477,C,0.6450,0.6450,0.6450,0.6450,0,0,0.1184000,0.2566000,0.0000000,11.3360000,-0.3514000,0.6666000
20240118,477,P,3.2900,3.2900,3.2900,3.2900,0,0,0.1093000,-0.7606000,0.0000000,10.9215000,-0.2440000,-2.0045000
20240118,402,C,72.3750,72.3750,72.3750,72.3750,0,0,0.9968000,0.9884000,0.0000000,1.0650000,-0.3218000,2.1825000
20240118,434,C,40.4100,40.4100,40.4100,40.4100,0,0,0.5984000,0.9782000,0.0000000,1.8283000,-0.3338000,2.3320000
20240118,434,P,0.0150,0.0150,0.0150,0.0150,0,0,0.4218000,-0.0021000,0.0000000,0.2430000,-0.0253000,-0.0057000
20240118,466,C,8.5250,8.5250,8.5250,8.5250,0,0,0.1791000,0.9075000,0.0000000,5.8273000,-0.3211000,2.3231000
20240118,466,P,0.0950,0.0950,0.0950,0.0950,0,0,0.1396000,-0.0447000,0.0000000,3.3193000,-0.1121000,-0.1173000
20240118,498,P,23.8600,23.8600,23.8600,23.8600,0,0,0.3369000,-0.9739000,0.0000000,2.1303000,-0.1077000,-2.6747000
20240118,530,P,55.8600,55.8600,55.8600,55.8600,0,0,0.6812000,-0.9851000,0.0000000,1.3240000,-0.1481000,-2.8801000
20240118,455,C,19.4400,19.4400,19.4400,19.4400,0,0,0.3251000,0.9580000,0.0000000,3.1493000,-0.3180000,2.3948000
20240118,455,P,0.0250,0.0250,0.0250,0.0250,0,0,0.2304000,-0.0075000,0.0000000,0.7310000,-0.0413000,-0.0197000
20240118,423,C,51.4000,51.4000,51.4000,51.4000,0,0,0.7390000,0.9826000,0.0000000,1.5077000,-0.3375000,2.2830000
20240118,423,P,0.0150,0.0150,0.0150,0.0150,0,0,0.5375000,-0.0019000,0.0000000,0.2176000,-0.0289000,-0.0051000
20240118,487,C,0.0150,0.0150,0.0150,0.0150,0,0,0.1425000,0.0061000,0.0000000,0.6135000,-0.0221000,0.0160000
20240118,487,P,12.8700,12.8700,12.8700,12.8700,0,0,0.2060000,-0.9579000,0.0000000,3.1579000,-0.0937000,-2.5724000
20240118,412,C,62.3850,62.3850,62.3850,62.3850,0,0,0.8714000,0.9863000,0.0000000,1.2267000,-0.3249000,2.2322000
20240118,444,C,30.4200,30.4200,30.4200,30.4200,0,0,0.4687000,0.9720000,0.0000000,2.2569000,-0.3258000,2.3708000
20240118,444,P,0.0150,0.0150,0.0150,0.0150,0,0,0.3203000,-0.0026000,0.0000000,0.2909000,-0.0229000,-0.0070000
20240118,476,C,0.9750,0.9750,0.9750,0.9750,0,0,0.1212000,0.3426000,0.0000000,12.9311000,-0.4133000,0.8895000
20240118,476,P,2.5950,2.5950,2.5950,2.5950,0,0,0.1109000,-0.6712000,0.0000000,12.7230000,-0.3043000,-1.7672000
20240118,508,P,33.8600,33.8600,33.8600,33.8600,0,0,0.4501000,-0.9793000,0.0000000,1.7489000,-0.1232000,-2.7440000
20240118,540,P,65.8600,65.8600,65.8600,65.8600,0,0,0.7812000,-0.9864000,0.0000000,1.2201000,-0.1593000,-2.9387000
20240118,433,C,41.4100,41.4100,41.4100,41.4100,0,0,0.6125000,0.9785000,0.0000000,1.8083000,-0.3370000,2.3272000
20240118,433,P,0.0150,0.0150,0.0150,0.0150,0,0,0.4296000,-0.0020000,0.0000000,0.2287000,-0.0243000,-0.0054000
20240118,465,C,9.5050,9.5050,9.5050,9.5050,0,0,0.1918000,0.9177000,0.0000000,5.3421000,-0.3169000,2.3442000
20240118,465,P,0.0750,0.0750,0.0750,0.0750,0,0,0.1464000,-0.0346000,0.0000000,2.6935000,-0.0957000,-0.0907000
20240118,497,P,22.8600,22.8600,22.8600,22.8600,0,0,0.3251000,-0.9731000,0.0000000,2.1822000,-0.1059000,-2.6672000
20240118,390,C,84.3600,84.3600,84.3600,84.3600,0,0,1.1480000,0.9903000,0.0000000,0.9123000,-0.3166000,2.1214000
20240118,454,C,20.4350,20.4350,20.4350,20.4350,0,0,0.3359000,0.9610000,0.0000000,2.9691000,-0.3115000,2.3970000
20240118,454,P,0.0250,0.0250,0.0250,0.0250,0,0,0.2421000,-0.0074000,0.0000000,0.7211000,-0.0429000,-0.0194000
20240118,422,C,52.3950,52.3950,52.3950,52.3950,0,0,0.7460000,0.9836000,0.0000000,1.4348000,-0.3265000,2.2801000
20240118,422,P,0.0150,0.0150,0.0150,0.0150,0,0,0.5437000,-0.0017000,0.0000000,0.2018000,-0.0271000,-0.0047000
20240118,486,C,0.0150,0.0150,0.0150,0.0150,0,0,0.1328000,0.0066000,0.0000000,0.6510000,-0.0219000,0.0171000
20240118,486,P,11.8700,11.8700,11.8700,11.8700,0,0,0.1928000,-0.9556000,0.0000000,3.2936000,-0.0902000,-2.5610000
20240118,518,P,43.8600,43.8600,43.8600,43.8600,0,0,0.5578000,-0.9826000,0.0000000,1.5126000,-0.1355000,-2.8075000
20240118,411,C,63.3850,63.3850,63.3850,63.3850,0,0,0.8843000,0.9865000,0.0000000,1.2111000,-0.3253000,2.2272000
20240118,443,C,31.4200,31.4200,31.4200,31.4200,0,0,0.4824000,0.9726000,0.0000000,2.2149000,-0.3283000,2.3669000
20240118,443,P,0.0150,0.0150,0.0150,0.0150,0,0,0.3359000,-0.0030000,0.0000000,0.3231000,-0.0267000,-0.0079000
20240118,475,C,1.3950,1.3950,1.3950,1.3950,0,0,0.1237000,0.4334000,0.0000000,13.8414000,-0.4558000,1.1241000
20240118,475,P,1.9950,1.9950,1.9950,1.9950,0,0,0.1129000,-0.5732000,0.0000000,13.8001000,-0.3476000,-1.5079000
20240118,432,C,42.4100,42.4100,42.4100,42.4100,0,0,0.6250000,0.9790000,0.0000000,1.7710000,-0.3367000,2.3231000
20240118,432,P,0.0150,0.0150,0.0150,0.0150,0,0,0.4453000,-0.0022000,0.0000000,0.2489000,-0.0274000,-0.0059000
20240118,400,C,74.3700,74.3700,74.3700,74.3700,0,0,1.0226000,0.9887000,0.0000000,1.0402000,-0.3220000,2.1723000
20240118,464,C,10.4900,10.4900,10.4900,10.4900,0,0,0.2055000,0.9250000,0.0000000,4.9797000,-0.3169000,2.3578000
20240118,464,P,0.0650,0.0650,0.0650,0.0650,0,0,0.1552000,-0.0286000,0.0000000,2.3015000,-0.0868000,-0.0750000
20240118,496,P,21.8700,21.8700,21.8700,21.8700,0,0,0.3173000,-0.9707000,0.0000000,2.3440000,-0.1147000,-2.6554000
20240118,453,C,21.4350,21.4350,21.4350,21.4350,0,0,0.3496000,0.9624000,0.0000000,2.8808000,-0.3138000,2.3952000
20240118,453,P,0.0250,0.0250,0.0250,0.0250,0,0,0.2519000,-0.0069000,0.0000000,0.6796000,-0.0421000,-0.0182000
20240118,421,C,53.3950,53.3950,53.3950,53.3950,0,0,0.7589000,0.9839000,0.0000000,1.4141000,-0.3271000,2.2753000
20240118,485,C,0.0250,0.0250,0.0250,0.0250,0,0,0.1347000,0.0126000,0.0000000,1.1517000,-0.0394000,0.0329000
20240118,485,P,10.8700,10.8700,10.8700,10.8700,0,0,0.1796000,-0.9529000,0.0000000,3.4560000,-0.0870000,-2.5484000
20240118,410,C,64.3850,64.3850,64.3850,64.3850,0,0,0.8984000,0.9866000,0.0000000,1.2033000,-0.3276000,2.2219000
20240118,442,C,32.4200,32.4200,32.4200,32.4200,0,0,0.4960000,0.9732000,0.0000000,2.1751000,-0.3309000,2.3630000
20240118,442,P,0.0150,0.0150,0.0150,0.0150,0,0,0.3437000,-0.0027000,0.0000000,0.3001000,-0.0254000,-0.0073000
20240118,474,C,1.9050,1.9050,1.9050,1.9050,0,0,0.1263000,0.5241000,0.0000000,14.0115000,-0.4762000,1.3584000
20240118,474,P,1.4950,1.4950,1.4950,1.4950,0,0,0.1148000,-0.4737000,0.0000000,14.0069000,-0.3671000,-1.2453000
20240118,506,P,31.8600,31.8600,31.8600,31.8600,0,0,0.4277000,-0.9785000,0.0000000,1.8045000,-0.1196000,-2.7309000
20240118,431,C,43.4050,43.4050,43.4050,43.4050,0,0,0.6328000,0.9802000,0.0000000,1.6833000,-0.3263000,2.3208000
20240118,431,P,0.0150,0.0150,0.0150,0.0150,0,0,0.4531000,-0.0021000,0.0000000,0.2348000,-0.0263000,-0.0055000
20240118,463,C,11.4750,11.4750,11.4750,11.4750,0,0,0.2167000,0.9331000,0.0000000,4.5572000,-0.3085000,2.3737000
20240118,463,P,0.0550,0.0550,0.0550,0.0550,0,0,0.1630000,-0.0233000,0.0000000,1.9404000,-0.0770000,-0.0612000
20240118,495,P,20.8700,20.8700,20.8700,20.8700,0,0,0.3056000,-0.9697000,0.0000000,2.4136000,-0.1134000,-2.6472000
20240118,452,C,22.4300,22.4300,22.4300,22.4300,0,0,0.3637000,0.9635000,0.0000000,2.8116000,-0.3176000,2.3926000
20240118,452,P,0.0250,0.0250,0.0250,0.0250,0,0,0.2617000,-0.0065000,0.0000000,0.6426000,-0.0413000,-0.0170000
20240118,420,C,54.3950,54.3950,54.3950,54.3950,0,0,0.7718000,0.9841000,0.0000000,1.3939000,-0.3276000,2.2705000
20240118,484,C,0.0250,0.0250,0.0250,0.0250,0,0,0.1230000,0.0130000,0.0000000,1.1833000,-0.0371000,0.0340000
20240118,484,P,9.8700,9.8700,9.8700,9.8700,0,0,0.1660000,-0.9500000,0.0000000,3.6239000,-0.0825000,-2.5354000
20240118,516,P,41.8600,41.8600,41.8600,41.8600,0,0,0.5367000,-0.9820000,0.0000000,1.5532000,-0.1333000,-2.7951000
20240118,409,C,65.3800,65.3800,65.3800,65.3800,0,0,0.9113000,0.9868000,0.0000000,1.1881000,-0.3279000,2.2169000
20240118,441,C,33.4200,33.4200,33.4200,33.4200,0,0,0.5093000,0.9739000,0.0000000,2.1312000,-0.3324000,2.3591000
20240118,441,P,0.0150,0.0150,0.0150,0.0150,0,0,0.3515000,-0.0025000,0.0000000,0.2793000,-0.0242000,-0.0067000
20240118,473,C,2.5100,2.5100,2.5100,2.5100,0,0,0.1296000,0.6098000,0.0000000,13.5019000,-0.4771000,1.5786000
20240118,473,P,1.0950,1.0950,1.0950,1.0950,0,0,0.1169000,-0.3789000,0.0000000,13.3863000,-0.3629000,-0.9956000
20240118,505,P,30.8600,30.8600,30.8600,30.8600,0,0,0.4169000,-0.9780000,0.0000000,1.8448000,-0.1192000,-2.7239000
20240118,430,C,44.4050,44.4050,44.4050,44.4050,0,0,0.6460000,0.9806000,0.0000000,1.6589000,-0.3278000,2.3162000
20240118,430,P,0.0150,0.0150,0.0150,0.0150,0,0,0.4609000,-0.0019000,0.0000000,0.2217000,-0.0252000,-0.0052000
20240118,462,C,12.4700,12.4700,12.4700,12.4700,0,0,0.2319000,0.9368000,0.0000000,4.3627000,-0.3145000,2.3777000
20240118,462,P,0.0450,0.0450,0.0450,0.0450,0,0,0.1699000,-0.0187000,0.0000000,1.6093000,-0.0667000,-0.0490000
20240118,494,P,19.8700,19.8700,19.8700,19.8700,0,0,0.2934000,-0.9687000,0.0000000,2.4770000,-0.1109000,-2.6392000
20240118,451,C,23.4300,23.4300,23.4300,23.4300,0,0,0.3779000,0.9645000,0.0000000,2.7475000,-0.3214000,2.3897000
20240118,451,P,0.0250,0.0250,0.0250,0.0250,0,0,0.2734000,-0.0064000,0.0000000,0.6369000,-0.0428000,-0.0169000
20240118,419,C,55.3900,55.3900,55.3900,55.3900,0,0,0.7859000,0.9843000,0.0000000,1.3836000,-0.3304000,2.2653000
20240118,483,C,0.0350,0.0350,0.0350,0.0350,0,0,0.1191000,0.0195000,0.0000000,1.6700000,-0.0508000,0.0508000
20240118,483,P,8.8700,8.8700,8.8700,8.8700,0,0,0.1523000,-0.9464000,0.0000000,3.8313000,-0.0784000,-2.5204000
20240118,515,P,40.8600,40.8600,40.8600,40.8600,0,0,0.5265000,-0.9816000,0.0000000,1.5807000,-0.1332000,-2.7886000
20240118,525,P,50.8600,50.8600,50.8600,50.8600,0,0,0.6312000,-0.9840000,0.0000000,1.4016000,-0.1446000,-2.8499000
20240118,440,C,34.4200,34.4200,34.4200,34.4200,0,0,0.5234000,0.9743000,0.0000000,2.1011000,-0.3358000,2.3548000
20240118,440,P,0.0150,0.0150,0.0150,0.0150,0,0,0.3632000,-0.0026000,0.0000000,0.2834000,-0.0254000,-0.0068000
20240118,408,C,66.3800,66.3800,66.3800,66.3800,0,0,0.9242000,0.9870000,0.0000000,1.1733000,-0.3282000,2.2119000
20240118,472,C,3.1950,3.1950,3.1950,3.1950,0,0,0.1323000,0.6875000,0.0000000,12.4558000,-0.4569000,1.7779000
20240118,472,P,0.7750,0.7750,0.7750,0.7750,0,0,0.1184000,-0.2927000,0.0000000,12.0980000,-0.3359000,-0.7687000
20240118,504,P,29.8600,29.8600,29.8600,29.8600,0,0,0.4052000,-0.9776000,0.0000000,1.8700000,-0.1165000,-2.7175000
20240118,429,C,45.4000,45.4000,45.4000,45.4000,0,0,0.6593000,0.9809000,0.0000000,1.6353000,-0.3293000,2.3115000
20240118,429,P,0.0150,0.0150,0.0150,0.0150,0,0,0.4687000,-0.0018000,0.0000000,0.2095000,-0.0243000,-0.0049000
20240118,461,C,13.4600,13.4600,13.4600,13.4600,0,0,0.2441000,0.9421000,0.0000000,4.0747000,-0.3105000,2.3861000
20240118,461,P,0.0450,0.0450,0.0450,0.0450,0,0,0.1816000,-0.0174000,0.0000000,1.5198000,-0.0674000,-0.0458000
20240118,493,P,18.8700,18.8700,18.8700,18.8700,0,0,0.2812000,-0.9676000,0.0000000,2.5484000,-0.1086000,-2.6308000
20240118,535,P,60.8600,60.8600,60.8600,60.8600,0,0,0.7320000,-0.9857000,0.0000000,1.2718000,-0.1545000,-2.9095000
20240118,450,C,24.4300,24.4300,24.4300,24.4300,0,0,0.3916000,0.9656000,0.0000000,2.6771000,-0.3239000,2.3871000
20240118,450,P,0.0250,0.0250,0.0250,0.0250,0,0,0.2851000,-0.0063000,0.0000000,0.6314000,-0.0443000,-0.0167000
20240118,418,C,56.3900,56.3900,56.3900,56.3900,0,0,0.7988000,0.9845000,0.0000000,1.3643000,-0.3308000,2.2605000
20240118,482,C,0.0550,0.0550,0.0550,0.0550,0,0,0.1171000,0.0314000,0.0000000,2.4906000,-0.0747000,0.0818000
20240118,482,P,7.8700,7.8700,7.8700,7.8700,0,0,0.1386000,-0.9418000,0.0000000,4.0924000,-0.0749000,-2.5027000
20240118,514,P,39.8600,39.8600,39.8600,39.8600,0,0,0.5156000,-0.9814000,0.0000000,1.5995000,-0.1314000,-2.7824000
20240118,407,C,67.3800,67.3800,67.3800,67.3800,0,0,0.9382000,0.9871000,0.0000000,1.1658000,-0.3304000,2.2067000
20240118,439,C,35.4150,35.4150,35.4150,35.4150,0,0,0.5320000,0.9759000,0.0000000,1.9936000,-0.3260000,2.3534000
20240118,439,P,0.0150,0.0150,0.0150,0.0150,0,0,0.3750000,-0.0026000,0.0000000,0.2872000,-0.0266000,-0.0069000
20240118,471,C,3.9700,3.9700,3.9700,3.9700,0,0,0.1376000,0.7510000,0.0000000,11.1564000,-0.4333000,1.9394000
20240118,471,P,0.5450,0.5450,0.5450,0.5450,0,0,0.1208000,-0.2203000,0.0000000,10.4285000,-0.2981000,-0.5784000
20240118,545,P,70.8600,70.8600,70.8600,70.8600,0,0,0.8304000,-0.9869000,0.0000000,1.1802000,-0.1652000,-2.9676000
20240118,428,C,46.4000,46.4000,46.4000,46.4000,0,0,0.6734000,0.9811000,0.0000000,1.6203000,-0.3324000,2.3065000
20240118,428,P,0.0150,0.0150,0.0150,0.0150,0,0,0.4843000,-0.0020000,0.0000000,0.2268000,-0.0271000,-0.0053000
20240118,460,C,14.4550,14.4550,14.4550,14.4550,0,0,0.2563000,0.9466000,0.0000000,3.8224000,-0.3070000,2.3924000
20240118,460,P,0.0350,0.0350,0.0350,0.0350,0,0,0.1855000,-0.0131000,0.0000000,1.1884000,-0.0539000,-0.0344000
20240118,492,P,17.8700,17.8700,17.8700,17.8700,0,0,0.2690000,-0.9664000,0.0000000,2.6290000,-0.1065000,-2.6220000
20240118,417,C,57.3900,57.3900,57.3900,57.3900,0,0,0.8117000,0.9848000,0.0000000,1.3455000,-0.3313000,2.2556000
20240118,449,C,25.4300,25.4300,25.4300,25.4300,0,0,0.4052000,0.9666000,0.0000000,2.6116000,-0.3263000,2.3842000
20240118,449,P,0.0250,0.0250,0.0250,0.0250,0,0,0.2929000,-0.0057000,0.0000000,0.5761000,-0.0415000,-0.0151000
20240118,481,C,0.0950,0.0950,0.0950,0.0950,0,0,0.1171000,0.0525000,0.0000000,3.7738000,-0.1136000,0.1366000
20240118,481,P,6.8700,6.8700,6.8700,6.8700,0,0,0.1245000,-0.9363000,0.0000000,4.3881000,-0.0701000,-2.4830000
20240118,406,C,68.3800,68.3800,68.3800,68.3800,0,0,0.9511000,0.9873000,0.0000000,1.1514000,-0.3306000,2.2016000
20240118,438,C,36.4100,36.4100,36.4100,36.4100,0,0,0.5453000,0.9764000,0.0000000,1.9575000,-0.3276000,2.3492000
20240118,438,P,0.0150,0.0150,0.0150,0.0150,0,0,0.3828000,-0.0024000,0.0000000,0.2686000,-0.0254000,-0.0064000
20240118,470,C,4.7950,4.7950,4.7950,4.7950,0,0,0.1418000,0.8051000,0.0000000,9.6966000,-0.3970000,2.0761000
20240118,470,P,0.3750,0.3750,0.3750,0.3750,0,0,0.1230000,-0.1610000,0.0000000,8.5985000,-0.2519000,-0.4226000
20240118,502,P,27.8600,27.8600,27.8600,27.8600,0,0,0.3828000,-0.9765000,0.0000000,1.9479000,-0.1139000,-2.7036000
20240118,427,C,47.4000,47.4000,47.4000,47.4000,0,0,0.6859000,0.9815000,0.0000000,1.5903000,-0.3322000,2.3021000
20240118,427,P,0.0150,0.0150,0.0150,0.0150,0,0,0.4921000,-0.0019000,0.0000000,0.2147000,-0.0261000,-0.0050000
20240118,459,C,15.4350,15.4350,15.4350,15.4350,0,0,0.2656000,0.9523000,0.0000000,3.4941000,-0.2943000,2.4018000
20240118,459,P,0.0350,0.0350,0.0350,0.0350,0,0,0.1972000,-0.0125000,0.0000000,1.1429000,-0.0552000,-0.0329000
20240118,491,P,16.8700,16.8700,16.8700,16.8700,0,0,0.2568000,-0.9649000,0.0000000,2.7207000,-0.1046000,-2.6128000
20240119,320,C,154.3550,154.3550,154.3550,154.3550,0,0,1.6921000,0.9958000,0.0000000,0.5298000,-0.1952000,2.6209000
20240119,384,C,90.4200,90.4200,90.4200,90.4200,0,0,1.0097000,0.9905000,0.0000000,1.0875000,-0.2376000,3.1277000
20240119,448,C,26.5100,26.5100,26.5100,26.5100,0,0,0.3476000,0.9659000,0.0000000,3.2558000,-0.2508000,3.5583000
20240119,448,P,0.0350,0.0350,0.0350,0.0350,0,0,0.2617000,-0.0078000,0.0000000,0.9332000,-0.0400000,-0.0311000
20240119,512,P,37.8600,37.8600,37.8600,37.8600,0,0,0.4345000,-0.9723000,0.0000000,2.7336000,-0.1245000,-4.1146000
20240119,640,P,165.8450,165.8450,165.8450,165.8450,0,0,1.4105000,-0.9885000,0.0000000,1.2925000,-0.2103000,-5.2332000
20240119,405,C,69.4450,69.4450,69.4450,69.4450,0,0,0.7894000,0.9874000,0.0000000,1.3992000,-0.2415000,3.2884000
20240119,405,P,0.0150,0.0150,0.0150,0.0150,0,0,0.5874000,-0.0014000,0.0000000,0.1979000,-0.0192000,-0.0055000
20240119,469,C,6.0100,6.0100,6.0100,6.0100,0,0,0.1466000,0.8033000,0.0000000,11.9334000,-0.3452000,3.0916000
20240119,469,P,0.5050,0.5050,0.5050,0.5050,0,0,0.1296000,-0.1676000,0.0000000,10.7977000,-0.2208000,-0.6596000
20240119,575,P,100.8500,100.8500,100.8500,100.8500,0,0,0.9570000,-0.9850000,0.0000000,1.6264000,-0.1757000,-4.6836000
20240119,362,C,112.3950,112.3950,112.3950,112.3950,0,0,1.2328000,0.9932000,0.0000000,0.8138000,-0.2188000,2.9569000
20240119,426,C,48.4750,48.4750,48.4750,48.4750,0,0,0.5765000,0.9811000,0.0000000,1.9827000,-0.2506000,3.4368000
20240119,426,P,0.0250,0.0250,0.0250,0.0250,0,0,0.4414000,-0.0034000,0.0000000,0.4484000,-0.0326000,-0.0137000
20240119,490,C,0.0250,0.0250,0.0250,0.0250,0,0,0.1513000,0.0091000,0.0000000,1.0622000,-0.0273000,0.0356000
20240119,490,P,15.8700,15.8700,15.8700,15.8700,0,0,0.2167000,-0.9497000,0.0000000,4.4599000,-0.0926000,-3.8446000
20240119,255,C,219.3000,219.3000,219.3000,219.3000,0,0,2.5097000,0.9977000,0.0000000,0.3072000,-0.1650000,2.0926000
20240119,383,C,91.4200,91.4200,91.4200,91.4200,0,0,1.0203000,0.9907000,0.0000000,1.0753000,-0.2373000,3.1200000
20240119,447,C,27.5100,27.5100,27.5100,27.5100,0,0,0.3588000,0.9668000,0.0000000,3.1822000,-0.2524000,3.5537000
20240119,447,P,0.0350,0.0350,0.0350,0.0350,0,0,0.2714000,-0.0077000,0.0000000,0.9227000,-0.0410000,-0.0307000
20240119,340,C,134.3750,134.3750,134.3750,134.3750,0,0,1.4734000,0.9946000,0.0000000,0.6568000,-0.2098000,2.7813000
20240119,404,C,70.4450,70.4450,70.4450,70.4450,0,0,0.8011000,0.9875000,0.0000000,1.3921000,-0.2432000,3.2805000
20240119,404,P,0.0150,0.0150,0.0150,0.0150,0,0,0.5937000,-0.0013000,0.0000000,0.1892000,-0.0185000,-0.0053000
20240119,468,C,6.8800,6.8800,6.8800,6.8800,0,0,0.1513000,0.8370000,0.0000000,10.6022000,-0.3233000,3.2163000
20240119,468,P,0.3850,0.3850,0.3850,0.3850,0,0,0.1328000,-0.1318000,0.0000000,9.1966000,-0.1937000,-0.5186000
20240119,660,P,185.8400,185.8400,185.8400,185.8400,0,0,1.5417000,-0.9889000,0.0000000,1.2498000,-0.2246000,-5.3999000
20240119,361,C,113.3950,113.3950,113.3950,113.3950,0,0,1.2451000,0.9932000,0.0000000,0.8115000,-0.2199000,2.9487000
20240119,425,C,49.4700,49.4700,49.4700,49.4700,0,0,0.5874000,0.9814000,0.0000000,1.9566000,-0.2515000,3.4297000
20240119,425,P,0.0250,0.0250,0.0250,0.0250,0,0,0.4492000,-0.0033000,0.0000000,0.4349000,-0.0322000,-0.0132000
20240119,489,C,0.0150,0.0150,0.0150,0.0150,0,0,0.1328000,0.0058000,0.0000000,0.7153000,-0.0161000,0.0227000
20240119,489,P,14.8700,14.8700,14.8700,14.8700,0,0,0.2060000,-0.9473000,0.0000000,4.6270000,-0.0907000,-3.8270000
20240119,595,P,120.8500,120.8500,120.8500,120.8500,0,0,1.1056000,-0.9863000,0.0000000,1.5030000,-0.1902000,-4.8536000
20240119,190,C,284.2400,284.2400,284.2400,284.2400,0,0,3.4531000,0.9989000,0.0000000,0.1523000,-0.1150000,1.5618000
20240119,382,C,92.4200,92.4200,92.4200,92.4200,0,0,1.0320000,0.9907000,0.0000000,1.0697000,-0.2383000,3.1119000
20240119,446,C,28.5100,28.5100,28.5100,28.5100,0,0,0.3701000,0.9677000,0.0000000,3.1131000,-0.2540000,3.5489000
20240119,446,P,0.0350,0.0350,0.0350,0.0350,0,0,0.2812000,-0.0076000,0.0000000,0.9125000,-0.0420000,-0.0303000
20240119,510,P,35.8600,35.8600,35.8600,35.8600,0,0,0.4155000,-0.9714000,0.0000000,2.8081000,-0.1214000,-4.0946000
20240119,275,C,199.3150,199.3150,199.3150,199.3150,0,0,2.2285000,0.9974000,0.0000000,0.3460000,-0.1679000,2.2563000
20240119,403,C,71.4450,71.4450,71.4450,71.4450,0,0,0.8117000,0.9876000,0.0000000,1.3752000,-0.2432000,3.2729000
20240119,403,P,0.0150,0.0150,0.0150,0.0150,0,0,0.5999000,-0.0012000,0.0000000,0.1810000,-0.0179000,-0.0050000
20240119,467,C,7.7850,7.7850,7.7850,7.7850,0,0,0.1564000,0.8645000,0.0000000,9.3682000,-0.3021000,3.3166000
20240119,467,P,0.2950,0.2950,0.2950,0.2950,0,0,0.1362000,-0.1033000,0.0000000,7.7373000,-0.1678000,-0.4063000
20240119,360,C,114.3950,114.3950,114.3950,114.3950,0,0,1.2574000,0.9932000,0.0000000,0.8090000,-0.2209000,2.9405000
20240119,424,C,50.4700,50.4700,50.4700,50.4700,0,0,0.5984000,0.9817000,0.0000000,1.9314000,-0.2524000,3.4225000
20240119,424,P,0.0250,0.0250,0.0250,0.0250,0,0,0.4570000,-0.0032000,0.0000000,0.4219000,-0.0318000,-0.0128000
20240119,488,C,0.0250,0.0250,0.0250,0.0250,0,0,0.1347000,0.0102000,0.0000000,1.1717000,-0.0269000,0.0398000
20240119,488,P,13.8700,13.8700,13.8700,13.8700,0,0,0.1948000,-0.9450000,0.0000000,4.7883000,-0.0876000,-3.8097000
20240119,680,P,205.8300,205.8300,205.8300,205.8300,0,0,1.6593000,-0.9896000,0.0000000,1.1783000,-0.2263000,-5.5676000
20240119,381,C,93.4200,93.4200,93.4200,93.4200,0,0,1.0437000,0.9908000,0.0000000,1.0640000,-0.2393000,3.1039000
20240119,445,C,29.5000,29.5000,29.5000,29.5000,0,0,0.3784000,0.9695000,0.0000000,2.9687000,-0.2492000,3.5478000
20240119,445,P,0.0350,0.0350,0.0350,0.0350,0,0,0.2890000,-0.0072000,0.0000000,0.8676000,-0.0411000,-0.0286000
20240119,615,P,140.8450,140.8450,140.8450,140.8450,0,0,1.2410000,-0.9877000,0.0000000,1.3719000,-0.1939000,-5.0239000
20240119,210,C,264.2600,264.2600,264.2600,264.2600,0,0,3.1484000,0.9986000,0.0000000,0.1951000,-0.1325000,1.7253000
20240119,402,C,72.4400,72.4400,72.4400,72.4400,0,0,0.8234000,0.9877000,0.0000000,1.3681000,-0.2448000,3.2649000
20240119,402,P,0.0150,0.0150,0.0150,0.0150,0,0,0.6125000,-0.0013000,0.0000000,0.1898000,-0.0192000,-0.0053000
20240119,466,C,8.7200,8.7200,8.7200,8.7200,0,0,0.1643000,0.8835000,0.0000000,8.4300000,-0.2898000,3.3832000
20240119,466,P,0.2250,0.2250,0.2250,0.2250,0,0,0.1396000,-0.0805000,0.0000000,6.4343000,-0.1436000,-0.3167000
20240119,530,P,55.8600,55.8600,55.8600,55.8600,0,0,0.5968000,-0.9783000,0.0000000,2.2303000,-0.1453000,-4.2863000
20240119,295,C,179.3350,179.3350,179.3350,179.3350,0,0,1.9912000,0.9967000,0.0000000,0.4290000,-0.1846000,2.4183000
20240119,359,C,115.3900,115.3900,115.3900,115.3900,0,0,1.2683000,0.9933000,0.0000000,0.8014000,-0.2206000,2.9326000
20240119,423,C,51.4700,51.4700,51.4700,51.4700,0,0,0.6093000,0.9819000,0.0000000,1.9067000,-0.2533000,3.4153000
20240119,423,P,0.0250,0.0250,0.0250,0.0250,0,0,0.4687000,-0.0033000,0.0000000,0.4354000,-0.0336000,-0.0132000
20240119,487,C,0.0350,0.0350,0.0350,0.0350,0,0,0.1328000,0.0145000,0.0000000,1.5903000,-0.0360000,0.0567000
20240119,487,P,12.8700,12.8700,12.8700,12.8700,0,0,0.1835000,-0.9422000,0.0000000,4.9757000,-0.0847000,-3.7907000
20240119,380,C,94.4200,94.4200,94.4200,94.4200,0,0,1.0554000,0.9908000,0.0000000,1.0583000,-0.2402000,3.0959000
20240119,444,C,30.5050,30.5050,30.5050,30.5050,0,0,0.3896000,0.9702000,0.0000000,2.9103000,-0.2509000,3.5423000
20240119,444,P,0.0350,0.0350,0.0350,0.0350,0,0,0.2988000,-0.0071000,0.0000000,0.8593000,-0.0421000,-0.0283000
20240119,508,P,33.8600,33.8600,33.8600,33.8600,0,0,0.3964000,-0.9704000,0.0000000,2.8942000,-0.1185000,-4.0739000
20240119,700,P,225.8300,225.8300,225.8300,225.8300,0,0,1.7796000,-0.9900000,0.0000000,1.1452000,-0.2371000,-5.7338000
20240119,401,C,73.4400,73.4400,73.4400,73.4400,0,0,0.8339000,0.9879000,0.0000000,1.3516000,-0.2447000,3.2574000
20240119,401,P,0.0150,0.0150,0.0150,0.0150,0,0,0.6250000,-0.0014000,0.0000000,0.1985000,-0.0205000,-0.0056000
20240119,465,C,9.6700,9.6700,9.6700,9.6700,0,0,0.1721000,0.8992000,0.0000000,7.5995000,-0.2779000,3.4364000
20240119,465,P,0.1850,0.1850,0.1850,0.1850,0,0,0.1452000,-0.0654000,0.0000000,5.4888000,-0.1278000,-0.2574000
20240119,635,P,160.8450,160.8450,160.8450,160.8450,0,0,1.3777000,-0.9883000,0.0000000,1.3087000,-0.2077000,-5.1914000
20240119,230,C,244.2800,244.2800,244.2800,244.2800,0,0,2.8671000,0.9981000,0.0000000,0.2490000,-0.1519000,1.8884000
20240119,358,C,116.3900,116.3900,116.3900,116.3900,0,0,1.2806000,0.9933000,0.0000000,0.7988000,-0.2216000,2.9244000
20240119,422,C,52.4700,52.4700,52.4700,52.4700,0,0,0.6203000,0.9822000,0.0000000,1.8827000,-0.2542000,3.4081000
20240119,422,P,0.0250,0.0250,0.0250,0.0250,0,0,0.4765000,-0.0032000,0.0000000,0.4226000,-0.0332000,-0.0128000
20240119,486,C,0.0450,0.0450,0.0450,0.0450,0,0,0.1298000,0.0198000,0.0000000,2.0717000,-0.0460000,0.0772000
20240119,486,P,11.8700,11.8700,11.8700,11.8700,0,0,0.1721000,-0.9392000,0.0000000,5.1776000,-0.0813000,-3.7707000
20240119,550,P,75.8600,75.8600,75.8600,75.8600,0,0,0.7654000,-0.9819000,0.0000000,1.9142000,-0.1644000,-4.4652000
20240119,315,C,159.3450,159.3450,159.3450,159.3450,0,0,1.7414000,0.9961000,0.0000000,0.4900000,-0.1873000,2.5811000
20240119,379,C,95.4150,95.4150,95.4150,95.4150,0,0,1.0578000,0.9914000,0.0000000,1.0035000,-0.2309000,3.0898000
20240119,443,C,31.5000,31.5000,31.5000,31.5000,0,0,0.4003000,0.9710000,0.0000000,2.8428000,-0.2515000,3.5373000
20240119,443,P,0.0350,0.0350,0.0350,0.0350,0,0,0.3066000,-0.0068000,0.0000000,0.8195000,-0.0412000,-0.0268000
20240119,400,C,74.4400,74.4400,74.4400,74.4400,0,0,0.8457000,0.9880000,0.0000000,1.3445000,-0.2462000,3.2494000
20240119,400,P,0.0150,0.0150,0.0150,0.0150,0,0,0.6250000,-0.0012000,0.0000000,0.1739000,-0.0179000,-0.0048000
20240119,464,C,10.6400,10.6400,10.6400,10.6400,0,0,0.1813000,0.9104000,0.0000000,6.9682000,-0.2713000,3.4722000
20240119,464,P,0.1450,0.1450,0.1450,0.1450,0,0,0.1494000,-0.0518000,0.0000000,4.5677000,-0.1097000,-0.2037000
20240119,720,P,245.8300,245.8300,245.8300,245.8300,0,0,1.8972000,-0.9902000,0.0000000,1.1216000,-0.2491000,-5.8997000
20240119,357,C,117.3850,117.3850,117.3850,117.3850,0,0,1.2792000,0.9938000,0.0000000,0.7476000,-0.2104000,2.9181000
20240119,421,C,53.4700,53.4700,53.4700,53.4700,0,0,0.6312000,0.9825000,0.0000000,1.8594000,-0.2550000,3.4009000
20240119,421,P,0.0250,0.0250,0.0250,0.0250,0,0,0.4843000,-0.0031000,0.0000000,0.4104000,-0.0328000,-0.0124000
20240119,485,C,0.0550,0.0550,0.0550,0.0550,0,0,0.1245000,0.0247000,0.0000000,2.4973000,-0.0533000,0.0964000
20240119,485,P,10.8700,10.8700,10.8700,10.8700,0,0,0.1606000,-0.9356000,0.0000000,5.4171000,-0.0782000,-3.7483000
20240119,655,P,180.8400,180.8400,180.8400,180.8400,0,0,1.5089000,-0.9888000,0.0000000,1.2575000,-0.2204000,-5.3584000
20240119,250,C,224.2950,224.2950,224.2950,224.2950,0,0,2.5625000,0.9979000,0.0000000,0.2808000,-0.1558000,2.0523000
20240119,378,C,96.4150,96.4150,96.4150,96.4150,0,0,1.0695000,0.9914000,0.0000000,0.9984000,-0.2318000,3.0818000
20240119,442,C,32.5000,32.5000,32.5000,32.5000,0,0,0.4121000,0.9715000,0.0000000,2.8026000,-0.2542000,3.5310000
20240119,442,P,0.0350,0.0350,0.0350,0.0350,0,0,0.3164000,-0.0067000,0.0000000,0.8127000,-0.0422000,-0.0266000
20240119,506,P,31.8600,31.8600,31.8600,31.8600,0,0,0.3774000,-0.9691000,0.0000000,2.9943000,-0.1160000,-4.0526000
20240119,570,P,95.8500,95.8500,95.8500,95.8500,0,0,0.9183000,-0.9846000,0.0000000,1.6609000,-0.1713000,-4.6409000
20240119,335,C,139.3650,139.3650,139.3650,139.3650,0,0,1.5199000,0.9951000,0.0000000,0.6028000,-0.2006000,2.7420000
20240119,399,C,75.4400,75.4400,75.4400,75.4400,0,0,0.8562000,0.9881000,0.0000000,1.3284000,-0.2462000,3.2418000
20240119,399,P,0.0150,0.0150,0.0150,0.0150,0,0,0.6374000,-0.0012000,0.0000000,0.1820000,-0.0191000,-0.0050000
20240119,463,C,11.6150,11.6150,11.6150,11.6150,0,0,0.1899000,0.9205000,0.0000000,6.3685000,-0.2628000,3.5038000
20240119,463,P,0.1250,0.1250,0.1250,0.1250,0,0,0.1562000,-0.0437000,0.0000000,3.9874000,-0.1004000,-0.1719000
20240119,356,C,118.3850,118.3850,118.3850,118.3850,0,0,1.2929000,0.9938000,0.0000000,0.7501000,-0.2125000,2.9098000
20240119,420,C,54.4650,54.4650,54.4650,54.4650,0,0,0.6374000,0.9834000,0.0000000,1.7786000,-0.2483000,3.3962000
20240119,420,P,0.0250,0.0250,0.0250,0.0250,0,0,0.4921000,-0.0030000,0.0000000,0.3988000,-0.0323000,-0.0120000
20240119,484,C,0.0650,0.0650,0.0650,0.0650,0,0,0.1181000,0.0302000,0.0000000,2.9472000,-0.0599000,0.1176000
20240119,484,P,9.8700,9.8700,9.8700,9.8700,0,0,0.1489000,-0.9315000,0.0000000,5.6837000,-0.0747000,-3.7239000
20240119,185,C,289.2350,289.2350,289.2350,289.2350,0,0,3.4882000,0.9991000,0.0000000,0.1279000,-0.1010000,1.5214000
20240119,377,C,97.4150,97.4150,97.4150,97.4150,0,0,1.0812000,0.9915000,0.0000000,0.9932000,-0.2326000,3.0737000
20240119,441,C,33.5000,33.5000,33.5000,33.5000,0,0,0.4228000,0.9723000,0.0000000,2.7413000,-0.2548000,3.5257000
20240119,441,P,0.0350,0.0350,0.0350,0.0350,0,0,0.3242000,-0.0064000,0.0000000,0.7770000,-0.0413000,-0.0253000
20240119,505,P,30.8600,30.8600,30.8600,30.8600,0,0,0.3676000,-0.9685000,0.0000000,3.0433000,-0.1144000,-4.0420000
20240119,675,P,200.8350,200.8350,200.8350,200.8350,0,0,1.6279000,-0.9896000,0.0000000,1.1847000,-0.2226000,-5.5261000
20240119,270,C,204.3100,204.3100,204.3100,204.3100,0,0,2.3046000,0.9974000,0.0000000,0.3439000,-0.1708000,2.2151000
20240119,398,C,76.4400,76.4400,76.4400,76.4400,0,0,0.8679000,0.9882000,0.0000000,1.3214000,-0.2476000,3.2338000
20240119,462,C,12.5950,12.5950,12.5950,12.5950,0,0,0.1997000,0.9278000,0.0000000,5.9177000,-0.2585000,3.5243000
20240119,462,P,0.1050,0.1050,0.1050,0.1050,0,0,0.1616000,-0.0359000,0.0000000,3.3990000,-0.0887000,-0.1413000
20240119,590,P,115.8500,115.8500,115.8500,115.8500,0,0,1.0695000,-0.9860000,0.0000000,1.5330000,-0.1873000,-4.8112000
20240119,355,C,119.3850,119.3850,119.3850,119.3850,0,0,1.3039000,0.9938000,0.0000000,0.7431000,-0.2122000,2.9018000
20240119,419,C,55.4650,55.4650,55.4650,55.4650,0,0,0.6484000,0.9836000,0.0000000,1.7577000,-0.2491000,3.3888000
20240119,419,P,0.0150,0.0150,0.0150,0.0150,0,0,0.4687000,-0.0016000,0.0000000,0.2319000,-0.0179000,-0.0066000
20240119,483,C,0.0950,0.0950,0.0950,0.0950,0,0,0.1166000,0.0439000,0.0000000,4.0072000,-0.0806000,0.1712000
20240119,483,P,8.8700,8.8700,8.8700,8.8700,0,0,0.1369000,-0.9267000,0.0000000,5.9858000,-0.0708000,-3.6970000
20240119,525,P,50.8600,50.8600,50.8600,50.8600,0,0,0.5531000,-0.9770000,0.0000000,2.3439000,-0.1404000,-4.2399000
20240119,376,C,98.4150,98.4150,98.4150,98.4150,0,0,1.0917000,0.9916000,0.0000000,0.9822000,-0.2322000,3.0659000
20240119,440,C,34.5000,34.5000,34.5000,34.5000,0,0,0.4345000,0.9727000,0.0000000,2.7052000,-0.2574000,3.5191000
20240119,440,P,0.0350,0.0350,0.0350,0.0350,0,0,0.3339000,-0.0063000,0.0000000,0.7713000,-0.0423000,-0.0251000
20240119,504,P,29.8600,29.8600,29.8600,29.8600,0,0,0.3579000,-0.9679000,0.0000000,3.0964000,-0.1128000,-4.0311000
20240119,205,C,269.2550,269.2550,269.2550,269.2550,0,0,3.1953000,0.9988000,0.0000000,0.1712000,-0.1206000,1.6849000
20240119,397,C,77.4400,77.4400,77.4400,77.4400,0,0,0.8796000,0.9883000,0.0000000,1.3143000,-0.2490000,3.2259000
20240119,461,C,13.5800,13.5800,13.5800,13.5800,0,0,0.2104000,0.9331000,0.0000000,5.5792000,-0.2575000,3.5369000
20240119,461,P,0.0950,0.0950,0.0950,0.0950,0,0,0.1694000,-0.0315000,0.0000000,3.0540000,-0.0837000,-0.1240000
20240119,695,P,220.8300,220.8300,220.8300,220.8300,0,0,1.7496000,-0.9899000,0.0000000,1.1514000,-0.2340000,-5.6924000
20240119,290,C,184.3250,184.3250,184.3250,184.3250,0,0,2.0351000,0.9970000,0.0000000,0.3868000,-0.1728000,2.3786000
20240119,418,C,56.4600,56.4600,56.4600,56.4600,0,0,0.6593000,0.9838000,0.0000000,1.7372000,-0.2500000,3.3815000
20240119,418,P,0.0150,0.0150,0.0150,0.0150,0,0,0.4765000,-0.0016000,0.0000000,0.2266000,-0.0178000,-0.0064000
20240119,482,C,0.1450,0.1450,0.1450,0.1450,0,0,0.1162000,0.0646000,0.0000000,5.4354000,-0.1093000,0.2515000
20240119,482,P,7.8700,7.8700,7.8700,7.8700,0,0,0.1250000,-0.9206000,0.0000000,6.3608000,-0.0672000,-3.6650000
20240119,610,P,135.8500,135.8500,135.8500,135.8500,0,0,1.2136000,-0.9870000,0.0000000,1.4376000,-0.2017000,-4.9801000
20240119,375,C,99.4100,99.4100,99.4100,99.4100,0,0,1.1042000,0.9916000,0.0000000,0.9807000,-0.2339000,3.0577000
20240119,439,C,35.4950,35.4950,35.4950,35.4950,0,0,0.4414000,0.9744000,0.0000000,2.5644000,-0.2501000,3.5176000
20240119,439,P,0.0350,0.0350,0.0350,0.0350,0,0,0.3437000,-0.0063000,0.0000000,0.7656000,-0.0432000,-0.0249000
20240119,545,P,70.8600,70.8600,70.8600,70.8600,0,0,0.7238000,-0.9812000,0.0000000,1.9736000,-0.1591000,-4.4214000
20240119,396,C,78.4350,78.4350,78.4350,78.4350,0,0,0.8820000,0.9890000,0.0000000,1.2396000,-0.2385000,3.2207000
20240119,460,C,14.5550,14.5550,14.5550,14.5550,0,0,0.2172000,0.9409000,0.0000000,5.0623000,-0.2456000,3.5595000
20240119,460,P,0.0850,0.0850,0.0850,0.0850,0,0,0.1767000,-0.0275000,0.0000000,2.7325000,-0.0783000,-0.1085000
20240119,524,P,49.8600,49.8600,49.8600,49.8600,0,0,0.5437000,-0.9768000,0.0000000,2.3596000,-0.1383000,-4.2310000
20240119,225,C,249.2700,249.2700,249.2700,249.2700,0,0,2.9140000,0.9984000,0.0000000,0.2212000,-0.1397000,1.8482000
20240119,417,C,57.4600,57.4600,57.4600,57.4600,0,0,0.6703000,0.9840000,0.0000000,1.7172000,-0.2508000,3.3741000
20240119,417,P,0.0150,0.0150,0.0150,0.0150,0,0,0.4843000,-0.0015000,0.0000000,0.2215000,-0.0177000,-0.0062000
20240119,481,C,0.2250,0.2250,0.2250,0.2250,0,0,0.1166000,0.0943000,0.0000000,7.2387000,-0.1467000,0.3669000
20240119,481,P,6.8800,6.8800,6.8800,6.8800,0,0,0.1137000,-0.9112000,0.0000000,6.9171000,-0.0667000,-3.6201000
20240119,310,C,164.3450,164.3450,164.3450,164.3450,0,0,1.8070000,0.9962000,0.0000000,0.4816000,-0.1894000,2.5402000
20240119,374,C,100.4100,100.4100,100.4100,100.4100,0,0,1.1152000,0.9917000,0.0000000,0.9717000,-0.2338000,3.0498000
20240119,438,C,36.4900,36.4900,36.4900,36.4900,0,0,0.4531000,0.9747000,0.0000000,2.5344000,-0.2527000,3.5107000
20240119,438,P,0.0350,0.0350,0.0350,0.0350,0,0,0.3515000,-0.0060000,0.0000000,0.7343000,-0.0424000,-0.0237000
20240119,502,P,27.8600,27.8600,27.8600,27.8600,0,0,0.3383000,-0.9664000,0.0000000,3.2167000,-0.1099000,-4.0087000
20240119,630,P,155.8450,155.8450,155.8450,155.8450,0,0,1.3435000,-0.9882000,0.0000000,1.3204000,-0.2036000,-5.1496000
20240119,395,C,79.4350,79.4350,79.4350,79.4350,0,0,0.8937000,0.9891000,0.0000000,1.2335000,-0.2398000,3.2127000
20240119,459,C,15.5450,15.5450,15.5450,15.5450,0,0,0.2270000,0.9454000,0.0000000,4.7580000,-0.2424000,3.5688000
20240119,459,P,0.0750,0.0750,0.0750,0.0750,0,0,0.1826000,-0.0234000,0.0000000,2.3824000,-0.0706000,-0.0921000
20240119,565,P,90.8550,90.8550,90.8550,90.8550,0,0,0.8796000,-0.9842000,0.0000000,1.7032000,-0.1676000,-4.5979000
20240119,416,C,58.4600,58.4600,58.4600,58.4600,0,0,0.6812000,0.9842000,0.0000000,1.6976000,-0.2515000,3.3666000
20240119,416,P,0.0150,0.0150,0.0150,0.0150,0,0,0.4921000,-0.0015000,0.0000000,0.2166000,-0.0176000,-0.0061000
20240119,480,C,0.3450,0.3450,0.3450,0.3450,0,0,0.1176000,0.1337000,0.0000000,9.2882000,-0.1907000,0.5201000
20240119,480,P,5.9550,5.9550,5.9550,5.9550,0,0,0.1098000,-0.8826000,0.0000000,8.4767000,-0.0928000,-3.5006000
20240119,245,C,229.2900,229.2900,229.2900,229.2900,0,0,2.6445000,0.9979000,0.0000000,0.2788000,-0.1580000,2.0111000
20240119,373,C,101.4100,101.4100,101.4100,101.4100,0,0,1.1261000,0.9918000,0.0000000,0.9626000,-0.2338000,3.0419000
20240119,437,C,37.4900,37.4900,37.4900,37.4900,0,0,0.4638000,0.9753000,0.0000000,2.4856000,-0.2534000,3.5047000
20240119,437,P,0.0250,0.0250,0.0250,0.0250,0,0,0.3437000,-0.0041000,0.0000000,0.5259000,-0.0297000,-0.0163000
20240119,330,C,144.3650,144.3650,144.3650,144.3650,0,0,1.5828000,0.9952000,0.0000000,0.5914000,-0.2032000,2.7012000
20240119,394,C,80.4350,80.4350,80.4350,80.4350,0,0,0.9054000,0.9891000,0.0000000,1.2273000,-0.2412000,3.2047000
20240119,458,C,16.5350,16.5350,16.5350,16.5350,0,0,0.2370000,0.9491000,0.0000000,4.4991000,-0.2403000,3.5752000
20240119,458,P,0.0650,0.0650,0.0650,0.0650,0,0,0.1884000,-0.0199000,0.0000000,2.0843000,-0.0638000,-0.0786000
20240119,522,P,47.8600,47.8600,47.8600,47.8600,0,0,0.5257000,-0.9762000,0.0000000,2.4086000,-0.1358000,-4.2122000
20240119,650,P,175.8450,175.8450,175.8450,175.8450,0,0,1.4761000,-0.9887000,0.0000000,1.2671000,-0.2167000,-5.3167000
20240119,415,C,59.4600,59.4600,59.4600,59.4600,0,0,0.6921000,0.9844000,0.0000000,1.6785000,-0.2523000,3.3592000
20240119,415,P,0.0150,0.0150,0.0150,0.0150,0,0,0.5000000,-0.0015000,0.0000000,0.2118000,-0.0174000,-0.0059000
20240119,479,C,0.5050,0.5050,0.5050,0.5050,0,0,0.1181000,0.1814000,0.0000000,11.3542000,-0.2353000,0.7053000
20240119,479,P,5.0900,5.0900,5.0900,5.0900,0,0,0.1101000,-0.8357000,0.0000000,10.6552000,-0.1363000,-3.3101000
20240119,585,P,110.8500,110.8500,110.8500,110.8500,0,0,1.0320000,-0.9857000,0.0000000,1.5583000,-0.1828000,-4.7689000
20240119,180,C,294.2300,294.2300,294.2300,294.2300,0,0,3.6000000,0.9991000,0.0000000,0.1292000,-0.1034000,1.4801000
20240119,372,C,102.4100,102.4100,102.4100,102.4100,0,0,1.1384000,0.9918000,0.0000000,0.9600000,-0.2351000,3.0337000
20240119,436,C,38.4900,38.4900,38.4900,38.4900,0,0,0.4746000,0.9759000,0.0000000,2.4389000,-0.2540000,3.4986000
20240119,436,P,0.0250,0.0250,0.0250,0.0250,0,0,0.3554000,-0.0043000,0.0000000,0.5471000,-0.0320000,-0.0170000
20240119,500,P,25.8600,25.8600,25.8600,25.8600,0,0,0.3183000,-0.9647000,0.0000000,3.3426000,-0.1063000,-3.9859000
20240119,265,C,209.3100,209.3100,209.3100,209.3100,0,0,2.3808000,0.9974000,0.0000000,0.3403000,-0.1730000,2.1740000
20240119,393,C,81.4300,81.4300,81.4300,81.4300,0,0,0.9160000,0.9893000,0.0000000,1.2132000,-0.2410000,3.1970000
20240119,457,C,17.5350,17.5350,17.5350,17.5350,0,0,0.2490000,0.9511000,0.0000000,4.3600000,-0.2435000,3.5746000
20240119,457,P,0.0650,0.0650,0.0650,0.0650,0,0,0.1982000,-0.0189000,0.0000000,1.9954000,-0.0643000,-0.0747000
20240119,350,C,124.3800,124.3800,124.3800,124.3800,0,0,1.3640000,0.9940000,0.0000000,0.7259000,-0.2150000,2.8612000
20240119,414,C,60.4600,60.4600,60.4600,60.4600,0,0,0.7027000,0.9847000,0.0000000,1.6555000,-0.2524000,3.3519000
20240119,414,P,0.0150,0.0150,0.0150,0.0150,0,0,0.5124000,-0.0016000,0.0000000,0.2243000,-0.0189000,-0.0063000
20240119,478,C,0.7350,0.7350,0.7350,0.7350,0,0,0.1201000,0.2409000,0.0000000,13.4128000,-0.2841000,0.9359000
20240119,478,P,4.2900,4.2900,4.2900,4.2900,0,0,0.1108000,-0.7773000,0.0000000,12.8378000,-0.1819000,-3.0749000
20240119,670,P,195.8350,195.8350,195.8350,195.8350,0,0,1.5964000,-0.9895000,0.0000000,1.1925000,-0.2192000,-5.4846000
20240119,371,C,103.4050,103.4050,103.4050,103.4050,0,0,1.1398000,0.9923000,0.0000000,0.9077000,-0.2253000,3.0275000
20240119,435,C,39.4900,39.4900,39.4900,39.4900,0,0,0.4863000,0.9762000,0.0000000,2.4128000,-0.2566000,3.4916000
20240119,435,P,0.0250,0.0250,0.0250,0.0250,0,0,0.3632000,-0.0041000,0.0000000,0.5276000,-0.0315000,-0.0164000
20240119,499,C,0.0150,0.0150,0.0150,0.0150,0,0,0.2070000,0.0035000,0.0000000,0.4626000,-0.0161000,0.0139000
20240119,499,P,24.8600,24.8600,24.8600,24.8600,0,0,0.3085000,-0.9637000,0.0000000,3.4236000,-0.1052000,-3.9736000
20240119,605,P,130.8500,130.8500,130.8500,130.8500,0,0,1.1781000,-0.9868000,0.0000000,1.4583000,-0.1980000,-4.9380000
20240119,200,C,274.2500,274.2500,274.2500,274.2500,0,0,3.3007000,0.9987000,0.0000000,0.1739000,-0.1244000,1.6436000
20240119,392,C,82.4300,82.4300,82.4300,82.4300,0,0,0.9277000,0.9894000,0.0000000,1.2070000,-0.2423000,3.1890000
20240119,456,C,18.5250,18.5250,18.5250,18.5250,0,0,0.2583000,0.9545000,0.0000000,4.1138000,-0.2397000,3.5798000
20240119,456,P,0.0550,0.0550,0.0550,0.0550,0,0,0.2031000,-0.0160000,0.0000000,1.7240000,-0.0570000,-0.0630000
20240119,520,P,45.8600,45.8600,45.8600,45.8600,0,0,0.5078000,-0.9756000,0.0000000,2.4636000,-0.1336000,-4.1932000
20240119,285,C,189.3250,189.3250,189.3250,189.3250,0,0,2.1113000,0.9970000,0.0000000,0.3888000,-0.1776000,2.3372000
20240119,413,C,61.4550,61.4550,61.4550,61.4550,0,0,0.7085000,0.9854000,0.0000000,1.5843000,-0.2456000,3.3467000
20240119,413,P,0.0150,0.0150,0.0150,0.0150,0,0,0.5187000,-0.0015000,0.0000000,0.2137000,-0.0183000,-0.0060000
20240119,477,C,1.0350,1.0350,1.0350,1.0350,0,0,0.1221000,0.3076000,0.0000000,15.1396000,-0.3283000,1.1944000
20240119,477,P,3.5750,3.5750,3.5750,3.5750,0,0,0.1127000,-0.7072000,0.0000000,14.8041000,-0.2279000,-2.7949000
20240119,370,C,104.4050,104.4050,104.4050,104.4050,0,0,1.1507000,0.9924000,0.0000000,0.8994000,-0.2252000,3.0196000
20240119,434,C,40.4900,40.4900,40.4900,40.4900,0,0,0.4970000,0.9767000,0.0000000,2.3695000,-0.2572000,3.4853000
20240119,434,P,0.0250,0.0250,0.0250,0.0250,0,0,0.3710000,-0.0039000,0.0000000,0.5091000,-0.0311000,-0.0157000
20240119,498,C,0.0150,0.0150,0.0150,0.0150,0,0,0.1992000,0.0036000,0.0000000,0.4685000,-0.0157000,0.0141000
20240119,498,P,23.8600,23.8600,23.8600,23.8600,0,0,0.2983000,-0.9628000,0.0000000,3.4939000,-0.1031000,-3.9618000
20240119,690,P,215.8300,215.8300,215.8300,215.8300,0,0,1.7195000,-0.9898000,0.0000000,1.1590000,-0.2311000,-5.6508000
20240119,391,C,83.4300,83.4300,83.4300,83.4300,0,0,0.9382000,0.9895000,0.0000000,1.1931000,-0.2421000,3.1813000
20240119,455,C,19.5250,19.5250,19.5250,19.5250,0,0,0.2700000,0.9561000,0.0000000,3.9954000,-0.2424000,3.5779000
20240119,455,P,0.0550,0.0550,0.0550,0.0550,0,0,0.2128000,-0.0153000,0.0000000,1.6654000,-0.0578000,-0.0605000
20240119,625,P,150.8450,150.8450,150.8450,150.8450,0,0,1.3107000,-0.9880000,0.0000000,1.3421000,-0.2019000,-5.1076000
20240119,220,C,254.2700,254.2700,254.2700,254.2700,0,0,3.0078000,0.9984000,0.0000000,0.2220000,-0.1428000,1.8069000
20240119,412,C,62.4550,62.4550,62.4550,62.4550,0,0,0.7191000,0.9857000,0.0000000,1.5635000,-0.2457000,3.3393000
20240119,412,P,0.0150,0.0150,0.0150,0.0150,0,0,0.5250000,-0.0014000,0.0000000,0.2037000,-0.0176000,-0.0057000
20240119,476,C,1.4050,1.4050,1.4050,1.4050,0,0,0.1241000,0.3789000,0.0000000,16.3799000,-0.3637000,1.4701000
20240119,476,P,2.9350,2.9350,2.9350,2.9350,0,0,0.1148000,-0.6308000,0.0000000,16.2449000,-0.2659000,-2.4909000
20240119,540,P,65.8600,65.8600,65.8600,65.8600,0,0,0.6828000,-0.9803000,0.0000000,2.0563000,-0.1558000,-4.3765000
20240119,305,C,169.3400,169.3400,169.3400,169.3400,0,0,1.8726000,0.9963000,0.0000000,0.4716000,-0.1908000,2.4993000
20240119,369,C,105.4050,105.4050,105.4050,105.4050,0,0,1.1617000,0.9925000,0.0000000,0.8912000,-0.2251000,3.0117000
20240119,433,C,41.4850,41.4850,41.4850,41.4850,0,0,0.5039000,0.9780000,0.0000000,2.2582000,-0.2505000,3.4822000
20240119,433,P,0.0250,0.0250,0.0250,0.0250,0,0,0.3789000,-0.0038000,0.0000000,0.4918000,-0.0306000,-0.0151000
20240119,497,C,0.0150,0.0150,0.0150,0.0150,0,0,0.1914000,0.0036000,0.0000000,0.4753000,-0.0153000,0.0143000
20240119,497,P,22.8600,22.8600,22.8600,22.8600,0,0,0.2880000,-0.9618000,0.0000000,3.5715000,-0.1010000,-3.9496000
20240119,390,C,84.4300,84.4300,84.4300,84.4300,0,0,0.9500000,0.9896000,0.0000000,1.1869000,-0.2433000,3.1733000
20240119,454,C,20.5200,20.5200,20.5200,20.5200,0,0,0.2817000,0.9576000,0.0000000,3.8872000,-0.2450000,3.5754000
20240119,454,P,0.0550,0.0550,0.0550,0.0550,0,0,0.2226000,-0.0148000,0.0000000,1.6124000,-0.0585000,-0.0583000
20240119,518,P,43.8600,43.8600,43.8600,43.8600,0,0,0.4902000,-0.9747000,0.0000000,2.5336000,-0.1325000,-4.1735000
20240119,710,P,235.8300,235.8300,235.8300,235.8300,0,0,1.8398000,-0.9901000,0.0000000,1.1361000,-0.2443000,-5.8167000
20240119,411,C,63.4550,63.4550,63.4550,63.4550,0,0,0.7296000,0.9859000,0.0000000,1.5431000,-0.2459000,3.3319000
20240119,411,P,0.0150,0.0150,0.0150,0.0150,0,0,0.5375000,-0.0015000,0.0000000,0.2151000,-0.0190000,-0.0061000
20240119,475,C,1.8550,1.8550,1.8550,1.8550,0,0,0.1264000,0.4525000,0.0000000,17.0554000,-0.3892000,1.7541000
20240119,475,P,2.3750,2.3750,2.3750,2.3750,0,0,0.1169000,-0.5517000,0.0000000,17.0328000,-0.2923000,-2.1768000
20240119,645,P,170.8450,170.8450,170.8450,170.8450,0,0,1.4433000,-0.9886000,0.0000000,1.2787000,-0.2133000,-5.2750000
20240119,240,C,234.2850,234.2850,234.2850,234.2850,0,0,2.6914000,0.9981000,0.0000000,0.2494000,-0.1463000,1.9709000
20240119,368,C,106.4050,106.4050,106.4050,106.4050,0,0,1.1740000,0.9925000,0.0000000,0.8889000,-0.2264000,3.0035000
20240119,432,C,42.4800,42.4800,42.4800,42.4800,0,0,0.5148000,0.9784000,0.0000000,2.2237000,-0.2515000,3.4755000
20240119,432,P,0.0250,0.0250,0.0250,0.0250,0,0,0.3867000,-0.0036000,0.0000000,0.4754000,-0.0302000,-0.0146000
20240119,496,C,0.0150,0.0150,0.0150,0.0150,0,0,0.1835000,0.0037000,0.0000000,0.4831000,-0.0149000,0.0146000
20240119,496,P,21.8650,21.8650,21.8650,21.8650,0,0,0.2778000,-0.9606000,0.0000000,3.6575000,-0.0992000,-3.9369000
20240119,560,P,85.8550,85.8550,85.8550,85.8550,0,0,0.8398000,-0.9837000,0.0000000,1.7433000,-0.1626000,-4.5549000
20240119,325,C,149.3550,149.3550,149.3550,149.3550,0,0,1.6292000,0.9957000,0.0000000,0.5422000,-0.1937000,2.6617000
20240119,389,C,85.4300,85.4300,85.4300,85.4300,0,0,0.9617000,0.9896000,0.0000000,1.1806000,-0.2445000,3.1653000
20240119,453,C,21.5150,21.5150,21.5150,21.5150,0,0,0.2905000,0.9604000,0.0000000,3.6754000,-0.2405000,3.5783000
20240119,453,P,0.0450,0.0450,0.0450,0.0450,0,0,0.2246000,-0.0117000,0.0000000,1.3223000,-0.0485000,-0.0463000
20240119,410,C,64.4500,64.4500,64.4500,64.4500,0,0,0.7414000,0.9860000,0.0000000,1.5345000,-0.2477000,3.3240000
20240119,410,P,0.0150,0.0150,0.0150,0.0150,0,0,0.5437000,-0.0014000,0.0000000,0.2052000,-0.0184000,-0.0057000
20240119,474,C,2.3750,2.3750,2.3750,2.3750,0,0,0.1285000,0.5252000,0.0000000,17.1429000,-0.4019000,2.0343000
20240119,474,P,1.8950,1.8950,1.8950,1.8950,0,0,0.1191000,-0.4731000,0.0000000,17.1383000,-0.3061000,-1.8656000
20240119,367,C,107.4000,107.4000,107.4000,107.4000,0,0,1.1863000,0.9925000,0.0000000,0.8864000,-0.2276000,2.9953000
20240119,431,C,43.4800,43.4800,43.4800,43.4800,0,0,0.5257000,0.9787000,0.0000000,2.1903000,-0.2525000,3.4688000
20240119,431,P,0.0250,0.0250,0.0250,0.0250,0,0,0.3984000,-0.0038000,0.0000000,0.4931000,-0.0323000,-0.0152000
20240119,495,C,0.0150,0.0150,0.0150,0.0150,0,0,0.1777000,0.0041000,0.0000000,0.5321000,-0.0159000,0.0163000
20240119,495,P,20.8700,20.8700,20.8700,20.8700,0,0,0.2700000,-0.9580000,0.0000000,3.8585000,-0.1038000,-3.9183000
20240119,665,P,190.8400,190.8400,190.8400,190.8400,0,0,1.5732000,-0.9890000,0.0000000,1.2377000,-0.2272000,-5.4416000
20240119,260,C,214.3000,214.3000,214.3000,214.3000,0,0,2.4335000,0.9976000,0.0000000,0.3125000,-0.1640000,2.1337000
20240119,388,C,86.4300,86.4300,86.4300,86.4300,0,0,0.9734000,0.9897000,0.0000000,1.1743000,-0.2456000,3.1573000
20240119,452,C,22.5150,22.5150,22.5150,22.5150,0,0,0.3017000,0.9618000,0.0000000,3.5713000,-0.2421000,3.5754000
20240119,452,P,0.0450,0.0450,0.0450,0.0450,0,0,0.2343000,-0.0114000,0.0000000,1.2916000,-0.0494000,-0.0451000
20240119,516,P,41.8600,41.8600,41.8600,41.8600,0,0,0.4716000,-0.9741000,0.0000000,2.5917000,-0.1296000,-4.1543000
20240119,580,P,105.8500,105.8500,105.8500,105.8500,0,0,0.9945000,-0.9854000,0.0000000,1.5891000,-0.1789000,-4.7264000
20240119,345,C,129.3750,129.3750,129.3750,129.3750,0,0,1.4105000,0.9945000,0.0000000,0.6667000,-0.2060000,2.8222000
20240119,409,C,65.4500,65.4500,65.4500,65.4500,0,0,0.7519000,0.9862000,0.0000000,1.5148000,-0.2478000,3.3166000
20240119,409,P,0.0150,0.0150,0.0150,0.0150,0,0,0.5500000,-0.0013000,0.0000000,0.1958000,-0.0177000,-0.0055000
20240119,473,C,2.9700,2.9700,2.9700,2.9700,0,0,0.1312000,0.5946000,0.0000000,16.6918000,-0.4044000,2.3006000
20240119,473,P,1.4850,1.4850,1.4850,1.4850,0,0,0.1208000,-0.3978000,0.0000000,16.6106000,-0.3057000,-1.5677000
20240119,366,C,108.4000,108.4000,108.4000,108.4000,0,0,1.1972000,0.9926000,0.0000000,0.8782000,-0.2274000,2.9874000
20240119,430,C,44.4800,44.4800,44.4800,44.4800,0,0,0.5375000,0.9790000,0.0000000,2.1709000,-0.2549000,3.4614000
20240119,430,P,0.0250,0.0250,0.0250,0.0250,0,0,0.4062000,-0.0037000,0.0000000,0.4770000,-0.0319000,-0.0146000
20240119,494,C,0.0150,0.0150,0.0150,0.0150,0,0,0.1718000,0.0047000,0.0000000,0.5895000,-0.0171000,0.0183000
20240119,494,P,19.8700,19.8700,19.8700,19.8700,0,0,0.2597000,-0.9565000,0.0000000,3.9699000,-0.1022000,-3.9041000
20240119,195,C,279.2500,279.2500,279.2500,279.2500,0,0,3.4062000,0.9987000,0.0000000,0.1753000,-0.1275000,1.6023000
20240119,387,C,87.4250,87.4250,87.4250,87.4250,0,0,0.9757000,0.9903000,0.0000000,1.1111000,-0.2357000,3.1516000
20240119,451,C,23.5100,23.5100,23.5100,23.5100,0,0,0.3134000,0.9628000,0.0000000,3.4922000,-0.2449000,3.5712000
20240119,451,P,0.0450,0.0450,0.0450,0.0450,0,0,0.2441000,-0.0111000,0.0000000,1.2632000,-0.0504000,-0.0439000
20240119,515,P,40.8600,40.8600,40.8600,40.8600,0,0,0.4624000,-0.9737000,0.0000000,2.6237000,-0.1282000,-4.1445000
20240119,685,P,210.8300,210.8300,210.8300,210.8300,0,0,1.6894000,-0.9897000,0.0000000,1.1679000,-0.2286000,-5.6092000
20240119,280,C,194.3150,194.3150,194.3150,194.3150,0,0,2.1582000,0.9973000,0.0000000,0.3532000,-0.1672000,2.2973000
20240119,408,C,66.4500,66.4500,66.4500,66.4500,0,0,0.7636000,0.9863000,0.0000000,1.5064000,-0.2495000,3.3087000
20240119,408,P,0.0150,0.0150,0.0150,0.0150,0,0,0.5625000,-0.0014000,0.0000000,0.2063000,-0.0191000,-0.0058000
20240119,472,C,3.6400,3.6400,3.6400,3.6400,0,0,0.1341000,0.6584000,0.0000000,15.8042000,-0.3971000,2.5446000
20240119,472,P,1.1450,1.1450,1.1450,1.1450,0,0,0.1224000,-0.3277000,0.0000000,15.5500000,-0.2934000,-1.2909000
20240119,600,P,125.8500,125.8500,125.8500,125.8500,0,0,1.1425000,-0.9865000,0.0000000,1.4831000,-0.1949000,-4.8957000
20240119,365,C,109.3950,109.3950,109.3950,109.3950,0,0,1.1972000,0.9931000,0.0000000,0.8257000,-0.2168000,2.9812000
20240119,429,C,45.4800,45.4800,45.4800,45.4800,0,0,0.5484000,0.9793000,0.0000000,2.1394000,-0.2559000,3.4545000
20240119,429,P,0.0250,0.0250,0.0250,0.0250,0,0,0.4140000,-0.0035000,0.0000000,0.4618000,-0.0315000,-0.0141000
20240119,493,C,0.0150,0.0150,0.0150,0.0150,0,0,0.1640000,0.0048000,0.0000000,0.6075000,-0.0168000,0.0189000
20240119,493,P,18.8700,18.8700,18.8700,18.8700,0,0,0.2490000,-0.9551000,0.0000000,4.0711000,-0.0996000,-3.8905000
20240119,535,P,60.8600,60.8600,60.8600,60.8600,0,0,0.6398000,-0.9794000,0.0000000,2.1323000,-0.1500000,-4.3319000
20240119,386,C,88.4250,88.4250,88.4250,88.4250,0,0,0.9875000,0.9904000,0.0000000,1.1056000,-0.2368000,3.1435000
20240119,450,C,24.5050,24.5050,24.5050,24.5050,0,0,0.3217000,0.9652000,0.0000000,3.3047000,-0.2397000,3.5725000
20240119,450,P,0.0450,0.0450,0.0450,0.0450,0,0,0.2529000,-0.0106000,0.0000000,1.2120000,-0.0501000,-0.0419000
20240119,514,P,39.8600,39.8600,39.8600,39.8600,0,0,0.4531000,-0.9733000,0.0000000,2.6579000,-0.1269000,-4.1347000
20240119,215,C,259.2600,259.2600,259.2600,259.2600,0,0,3.0546000,0.9986000,0.0000000,0.1961000,-0.1307000,1.7665000
20240119,407,C,67.4500,67.4500,67.4500,67.4500,0,0,0.7742000,0.9865000,0.0000000,1.4872000,-0.2495000,3.3013000
20240119,407,P,0.0150,0.0150,0.0150,0.0150,0,0,0.5687000,-0.0013000,0.0000000,0.1970000,-0.0185000,-0.0055000
20240119,471,C,4.3750,4.3750,4.3750,4.3750,0,0,0.1372000,0.7155000,0.0000000,14.6050000,-0.3816000,2.7618000
20240119,471,P,0.8750,0.8750,0.8750,0.8750,0,0,0.1245000,-0.2655000,0.0000000,14.1167000,-0.2734000,-1.0453000
20240119,705,P,230.8300,230.8300,230.8300,230.8300,0,0,1.8097000,-0.9900000,0.0000000,1.1401000,-0.2406000,-5.7753000
20240119,300,C,174.3350,174.3350,174.3350,174.3350,0,0,1.9208000,0.9966000,0.0000000,0.4329000,-0.1816000,2.4594000
20240119,364,C,110.3950,110.3950,110.3950,110.3950,0,0,1.2095000,0.9931000,0.0000000,0.8236000,-0.2180000,2.9730000
20240119,428,C,46.4800,46.4800,46.4800,46.4800,0,0,0.5593000,0.9797000,0.0000000,2.1090000,-0.2568000,3.4476000
20240119,428,P,0.0250,0.0250,0.0250,0.0250,0,0,0.4218000,-0.0034000,0.0000000,0.4473000,-0.0311000,-0.0136000
20240119,492,C,0.0150,0.0150,0.0150,0.0150,0,0,0.1562000,0.0050000,0.0000000,0.6284000,-0.0166000,0.0196000
20240119,492,P,17.8700,17.8700,17.8700,17.8700,0,0,0.2382000,-0.9535000,0.0000000,4.1850000,-0.0971000,-3.8761000
20240119,620,P,145.8450,145.8450,145.8450,145.8450,0,0,1.2765000,-0.9878000,0.0000000,1.3594000,-0.1987000,-5.0656000
20240119,385,C,89.4250,89.4250,89.4250,89.4250,0,0,0.9980000,0.9905000,0.0000000,1.0931000,-0.2366000,3.1358000
20240119,449,C,25.5050,25.5050,25.5050,25.5050,0,0,0.3330000,0.9662000,0.0000000,3.2254000,-0.2414000,3.5682000
20240119,449,P,0.0450,0.0450,0.0450,0.0450,0,0,0.2617000,-0.0101000,0.0000000,1.1652000,-0.0499000,-0.0401000
20240119,555,P,80.8600,80.8600,80.8600,80.8600,0,0,0.8058000,-0.9825000,0.0000000,1.8548000,-0.1685000,-4.5090000
20240119,406,C,68.4500,68.4500,68.4500,68.4500,0,0,0.7859000,0.9866000,0.0000000,1.4789000,-0.2512000,3.2933000
20240119,406,P,0.0150,0.0150,0.0150,0.0150,0,0,0.5749000,-0.0013000,0.0000000,0.1883000,-0.0178000,-0.0052000
20240119,470,C,5.1500,5.1500,5.1500,5.1500,0,0,0.1403000,0.7653000,0.0000000,13.2196000,-0.3603000,2.9504000
20240119,470,P,0.6650,0.6650,0.6650,0.6650,0,0,0.1268000,-0.2119000,0.0000000,12.4758000,-0.2480000,-0.8341000
20240119,235,C,239.2800,239.2800,239.2800,239.2800,0,0,2.7734000,0.9982000,0.0000000,0.2459000,-0.1473000,1.9298000
20240119,363,C,111.3950,111.3950,111.3950,111.3950,0,0,1.2218000,0.9931000,0.0000000,0.8214000,-0.2190000,2.9648000
20240119,427,C,47.4750,47.4750,47.4750,47.4750,0,0,0.5656000,0.9808000,0.0000000,2.0094000,-0.2496000,3.4439000
20240119,427,P,0.0250,0.0250,0.0250,0.0250,0,0,0.4296000,-0.0033000,0.0000000,0.4335000,-0.0307000,-0.0132000
20240119,491,C,0.0150,0.0150,0.0150,0.0150,0,0,0.1484000,0.0052000,0.0000000,0.6527000,-0.0164000,0.0205000
20240119,491,P,16.8700,16.8700,16.8700,16.8700,0,0,0.2275000,-0.9517000,0.0000000,4.3137000,-0.0947000,-3.8609000
20240122,416,C,58.5250,58.5250,58.5250,58.5250,0,0,0.4101000,0.9942000,0.0000000,0.9958000,-0.0941000,6.7985000
20240122,416,P,0.0250,0.0250,0.0250,0.0250,0,0,0.3750000,-0.0028000,0.0000000,0.5390000,-0.0166000,-0.0229000
20240122,448,C,26.5900,26.5900,26.5900,26.5900,0,0,0.2158000,0.9817000,0.0000000,2.7277000,-0.1129000,7.2266000
20240122,448,P,0.0550,0.0550,0.0550,0.0550,0,0,0.1992000,-0.0118000,0.0000000,1.8757000,-0.0302000,-0.0931000
20240122,480,C,0.5550,0.5550,0.5550,0.5550,0,0,0.0955000,0.1764000,0.0000000,15.7635000,-0.1374000,1.3682000
20240122,480,P,6.0800,6.0800,6.0800,6.0800,0,0,0.0993000,-0.8141000,0.0000000,16.2871000,-0.0774000,-6.4561000
20240122,512,P,37.8600,37.8600,37.8600,37.8600,0,0,0.3510000,-0.9520000,0.0000000,6.0724000,-0.1060000,-8.0558000
20240122,405,C,69.5050,69.5050,69.5050,69.5050,0,0,0.4687000,0.9961000,0.0000000,0.6984000,-0.0859000,6.6325000
20240122,405,P,0.0150,0.0150,0.0150,0.0150,0,0,0.4140000,-0.0013000,0.0000000,0.2630000,-0.0089000,-0.0104000
20240122,437,C,37.5600,37.5600,37.5600,37.5600,0,0,0.2832000,0.9888000,0.0000000,1.7834000,-0.1048000,7.1015000
20240122,437,P,0.0350,0.0350,0.0350,0.0350,0,0,0.2558000,-0.0057000,0.0000000,1.0000000,-0.0208000,-0.0455000
20240122,469,C,6.3300,6.3300,6.3300,6.3300,0,0,0.1129000,0.7926000,0.0000000,17.4040000,-0.2173000,6.0839000
20240122,469,P,0.7550,0.7550,0.7550,0.7550,0,0,0.1094000,-0.2002000,0.0000000,17.0473000,-0.1413000,-1.5760000
20240122,426,C,48.5400,48.5400,48.5400,48.5400,0,0,0.3515000,0.9921000,0.0000000,1.3180000,-0.1000000,6.9461000
20240122,426,P,0.0250,0.0250,0.0250,0.0250,0,0,0.3125000,-0.0033000,0.0000000,0.6168000,-0.0158000,-0.0265000
20240122,458,C,16.6500,16.6500,16.6500,16.6500,0,0,0.1552000,0.9631000,0.0000000,4.8996000,-0.1274000,7.2455000
20240122,458,P,0.1050,0.1050,0.1050,0.1050,0,0,0.1464000,-0.0290000,0.0000000,4.0293000,-0.0470000,-0.2283000
20240122,490,C,0.0250,0.0250,0.0250,0.0250,0,0,0.1054000,0.0090000,0.0000000,1.4834000,-0.0136000,0.0702000
20240122,490,P,15.8700,15.8700,15.8700,15.8700,0,0,0.1790000,-0.9169000,0.0000000,9.3021000,-0.0728000,-7.4201000
20240122,522,P,47.8600,47.8600,47.8600,47.8600,0,0,0.4226000,-0.9582000,0.0000000,5.4240000,-0.1174000,-8.2695000
20240122,415,C,59.5200,59.5200,59.5200,59.5200,0,0,0.4160000,0.9944000,0.0000000,0.9703000,-0.0936000,6.7834000
20240122,415,P,0.0250,0.0250,0.0250,0.0250,0,0,0.3808000,-0.0028000,0.0000000,0.5279000,-0.0165000,-0.0224000
20240122,447,C,27.5900,27.5900,27.5900,27.5900,0,0,0.2231000,0.9821000,0.0000000,2.6692000,-0.1134000,7.2137000
20240122,447,P,0.0450,0.0450,0.0450,0.0450,0,0,0.2001000,-0.0096000,0.0000000,1.5745000,-0.0255000,-0.0761000
20240122,479,C,0.7750,0.7750,0.7750,0.7750,0,0,0.0969000,0.2271000,0.0000000,18.3434000,-0.1634000,1.7604000
20240122,479,P,5.2700,5.2700,5.2700,5.2700,0,0,0.0985000,-0.7691000,0.0000000,18.5111000,-0.0977000,-6.0917000
20240122,404,C,70.5050,70.5050,70.5050,70.5050,0,0,0.4765000,0.9961000,0.0000000,0.7026000,-0.0864000,6.6158000
20240122,404,P,0.0150,0.0150,0.0150,0.0150,0,0,0.4218000,-0.0013000,0.0000000,0.2702000,-0.0093000,-0.0107000
20240122,436,C,38.5600,38.5600,38.5600,38.5600,0,0,0.2910000,0.9888000,0.0000000,1.7794000,-0.1057000,7.0852000
20240122,436,P,0.0350,0.0350,0.0350,0.0350,0,0,0.2636000,-0.0058000,0.0000000,1.0156000,-0.0218000,-0.0463000
20240122,468,C,7.1700,7.1700,7.1700,7.1700,0,0,0.1149000,0.8278000,0.0000000,15.5186000,-0.2046000,6.3452000
20240122,468,P,0.6050,0.6050,0.6050,0.6050,0,0,0.1116000,-0.1652000,0.0000000,15.1148000,-0.1289000,-1.2996000
20240122,500,C,0.0150,0.0150,0.0150,0.0150,0,0,0.1523000,0.0038000,0.0000000,0.6961000,-0.0090000,0.0298000
20240122,500,P,25.8600,25.8600,25.8600,25.8600,0,0,0.2600000,-0.9395000,0.0000000,7.2945000,-0.0890000,-7.7606000
20240122,425,C,49.5400,49.5400,49.5400,49.5400,0,0,0.3593000,0.9920000,0.0000000,1.3197000,-0.1007000,6.9296000
20240122,425,P,0.0250,0.0250,0.0250,0.0250,0,0,0.3203000,-0.0034000,0.0000000,0.6302000,-0.0165000,-0.0272000
20240122,457,C,17.6400,17.6400,17.6400,17.6400,0,0,0.1611000,0.9663000,0.0000000,4.5460000,-0.1251000,7.2543000
20240122,457,P,0.0950,0.0950,0.0950,0.0950,0,0,0.1513000,-0.0257000,0.0000000,3.6461000,-0.0441000,-0.2026000
20240122,489,C,0.0250,0.0250,0.0250,0.0250,0,0,0.0996000,0.0095000,0.0000000,1.5549000,-0.0135000,0.0740000
20240122,489,P,14.8700,14.8700,14.8700,14.8700,0,0,0.1704000,-0.9135000,0.0000000,9.5856000,-0.0705000,-7.3772000
20240122,414,C,60.5200,60.5200,60.5200,60.5200,0,0,0.4238000,0.9943000,0.0000000,0.9738000,-0.0942000,6.7667000
20240122,414,P,0.0250,0.0250,0.0250,0.0250,0,0,0.3867000,-0.0027000,0.0000000,0.5171000,-0.0164000,-0.0219000
20240122,446,C,28.5850,28.5850,28.5850,28.5850,0,0,0.2265000,0.9841000,0.0000000,2.4219000,-0.1094000,7.2123000
20240122,446,P,0.0450,0.0450,0.0450,0.0450,0,0,0.2070000,-0.0094000,0.0000000,1.5455000,-0.0259000,-0.0745000
20240122,478,C,1.0450,1.0450,1.0450,1.0450,0,0,0.0979000,0.2828000,0.0000000,20.5799000,-0.1870000,2.1910000
20240122,478,P,4.5300,4.5300,4.5300,4.5300,0,0,0.0987000,-0.7154000,0.0000000,20.6398000,-0.1194000,-5.6600000
20240122,510,P,35.8600,35.8600,35.8600,35.8600,0,0,0.3364000,-0.9503000,0.0000000,6.2382000,-0.1036000,-8.0101000
20240122,403,C,71.5050,71.5050,71.5050,71.5050,0,0,0.4843000,0.9960000,0.0000000,0.7065000,-0.0868000,6.5992000
20240122,403,P,0.0150,0.0150,0.0150,0.0150,0,0,0.4296000,-0.0013000,0.0000000,0.2773000,-0.0098000,-0.0110000
20240122,435,C,39.5600,39.5600,39.5600,39.5600,0,0,0.2988000,0.9889000,0.0000000,1.7749000,-0.1066000,7.0690000
20240122,435,P,0.0350,0.0350,0.0350,0.0350,0,0,0.2695000,-0.0056000,0.0000000,0.9844000,-0.0216000,-0.0447000
20240122,467,C,8.0500,8.0500,8.0500,8.0500,0,0,0.1179000,0.8563000,0.0000000,13.7801000,-0.1931000,6.5529000
20240122,467,P,0.4850,0.4850,0.4850,0.4850,0,0,0.1140000,-0.1356000,0.0000000,13.2545000,-0.1162000,-1.0671000
20240122,499,C,0.0150,0.0150,0.0150,0.0150,0,0,0.1445000,0.0034000,0.0000000,0.6300000,-0.0078000,0.0267000
20240122,499,P,24.8600,24.8600,24.8600,24.8600,0,0,0.2521000,-0.9379000,0.0000000,7.4402000,-0.0876000,-7.7320000
20240122,424,C,50.5400,50.5400,50.5400,50.5400,0,0,0.3671000,0.9920000,0.0000000,1.3208000,-0.1015000,6.9130000
20240122,424,P,0.0250,0.0250,0.0250,0.0250,0,0,0.3242000,-0.0031000,0.0000000,0.5895000,-0.0156000,-0.0252000
20240122,456,C,18.6300,18.6300,18.6300,18.6300,0,0,0.1665000,0.9695000,0.0000000,4.1889000,-0.1223000,7.2627000
20240122,456,P,0.0850,0.0850,0.0850,0.0850,0,0,0.1557000,-0.0226000,0.0000000,3.2694000,-0.0407000,-0.1779000
20240122,520,P,45.8600,45.8600,45.8600,45.8600,0,0,0.4086000,-0.9571000,0.0000000,5.5416000,-0.1155000,-8.2279000
20240122,488,C,0.0350,0.0350,0.0350,0.0350,0,0,0.0996000,0.0144000,0.0000000,2.2345000,-0.0195000,0.1125000
20240122,488,P,13.8850,13.8850,13.8850,13.8850,0,0,0.1625000,-0.9084000,0.0000000,10.0023000,-0.0704000,-7.3212000
20240122,413,C,61.5200,61.5200,61.5200,61.5200,0,0,0.4316000,0.9943000,0.0000000,0.9769000,-0.0948000,6.7501000
20240122,413,P,0.0150,0.0150,0.0150,0.0150,0,0,0.3671000,-0.0014000,0.0000000,0.2942000,-0.0088000,-0.0117000
20240122,445,C,29.5800,29.5800,29.5800,29.5800,0,0,0.2343000,0.9842000,0.0000000,2.4009000,-0.1105000,7.1971000
20240122,445,P,0.0450,0.0450,0.0450,0.0450,0,0,0.2128000,-0.0090000,0.0000000,1.4802000,-0.0255000,-0.0709000
20240122,477,C,1.3850,1.3850,1.3850,1.3850,0,0,0.0993000,0.3440000,0.0000000,22.3916000,-0.2086000,2.6630000
20240122,477,P,3.8500,3.8500,3.8500,3.8500,0,0,0.0992000,-0.6561000,0.0000000,22.3870000,-0.1389000,-5.1861000
20240122,402,C,72.5000,72.5000,72.5000,72.5000,0,0,0.4921000,0.9960000,0.0000000,0.7100000,-0.0873000,6.5825000
20240122,402,P,0.0150,0.0150,0.0150,0.0150,0,0,0.4375000,-0.0014000,0.0000000,0.2841000,-0.0102000,-0.0113000
20240122,434,C,40.5600,40.5600,40.5600,40.5600,0,0,0.3056000,0.9891000,0.0000000,1.7411000,-0.1067000,7.0545000
20240122,434,P,0.0350,0.0350,0.0350,0.0350,0,0,0.2753000,-0.0054000,0.0000000,0.9549000,-0.0214000,-0.0432000
20240122,466,C,8.9500,8.9500,8.9500,8.9500,0,0,0.1206000,0.8808000,0.0000000,12.1104000,-0.1810000,6.7294000
20240122,466,P,0.3850,0.3850,0.3850,0.3850,0,0,0.1162000,-0.1106000,0.0000000,11.4868000,-0.1033000,-0.8699000
20240122,498,C,0.0150,0.0150,0.0150,0.0150,0,0,0.1406000,0.0038000,0.0000000,0.6932000,-0.0083000,0.0297000
20240122,498,P,23.8600,23.8600,23.8600,23.8600,0,0,0.2441000,-0.9364000,0.0000000,7.5810000,-0.0857000,-7.7037000
20240122,530,P,55.8600,55.8600,55.8600,55.8600,0,0,0.4775000,-0.9619000,0.0000000,5.0354000,-0.1254000,-8.4297000
20240122,423,C,51.5350,51.5350,51.5350,51.5350,0,0,0.3652000,0.9933000,0.0000000,1.1322000,-0.0955000,6.9067000
20240122,423,P,0.0250,0.0250,0.0250,0.0250,0,0,0.3320000,-0.0032000,0.0000000,0.6021000,-0.0164000,-0.0258000
20240122,455,C,19.6250,19.6250,19.6250,19.6250,0,0,0.1718000,0.9723000,0.0000000,3.8710000,-0.1196000,7.2679000
20240122,455,P,0.0750,0.0750,0.0750,0.0750,0,0,0.1591000,-0.0193000,0.0000000,2.8649000,-0.0365000,-0.1522000
20240122,487,C,0.0450,0.0450,0.0450,0.0450,0,0,0.0966000,0.0185000,0.0000000,2.7590000,-0.0234000,0.1439000
20240122,487,P,12.9000,12.9000,12.9000,12.9000,0,0,0.1555000,-0.9015000,0.0000000,10.5580000,-0.0724000,-7.2507000
20240122,412,C,62.5200,62.5200,62.5200,62.5200,0,0,0.4394000,0.9943000,0.0000000,0.9796000,-0.0954000,6.7335000
20240122,412,P,0.0150,0.0150,0.0150,0.0150,0,0,0.3750000,-0.0015000,0.0000000,0.3035000,-0.0093000,-0.0121000
20240122,444,C,30.5800,30.5800,30.5800,30.5800,0,0,0.2412000,0.9847000,0.0000000,2.3366000,-0.1104000,7.1845000
20240122,444,P,0.0450,0.0450,0.0450,0.0450,0,0,0.2197000,-0.0088000,0.0000000,1.4557000,-0.0259000,-0.0696000
20240122,476,C,1.7850,1.7850,1.7850,1.7850,0,0,0.1006000,0.4075000,0.0000000,23.6172000,-0.2256000,3.1527000
20240122,476,P,3.2400,3.2400,3.2400,3.2400,0,0,0.1000000,-0.5929000,0.0000000,23.6097000,-0.1551000,-4.6825000
20240122,508,P,33.8600,33.8600,33.8600,33.8600,0,0,0.3212000,-0.9487000,0.0000000,6.4005000,-0.1005000,-7.9644000
20240122,540,P,65.8600,65.8600,65.8600,65.8600,0,0,0.5441000,-0.9653000,0.0000000,4.6648000,-0.1348000,-8.6209000
20240122,433,C,41.5550,41.5550,41.5550,41.5550,0,0,0.3066000,0.9905000,0.0000000,1.5451000,-0.1018000,7.0490000
20240122,433,P,0.0350,0.0350,0.0350,0.0350,0,0,0.2812000,-0.0053000,0.0000000,0.9269000,-0.0213000,-0.0418000
20240122,465,C,9.8750,9.8750,9.8750,9.8750,0,0,0.1234000,0.9011000,0.0000000,10.5842000,-0.1695000,6.8731000
20240122,465,P,0.3150,0.3150,0.3150,0.3150,0,0,0.1192000,-0.0913000,0.0000000,9.9873000,-0.0927000,-0.7180000
20240122,497,C,0.0150,0.0150,0.0150,0.0150,0,0,0.1347000,0.0038000,0.0000000,0.6923000,-0.0080000,0.0297000
20240122,497,P,22.8650,22.8650,22.8650,22.8650,0,0,0.2360000,-0.9347000,0.0000000,7.7349000,-0.0839000,-7.6743000
20240122,422,C,52.5350,52.5350,52.5350,52.5350,0,0,0.3730000,0.9933000,0.0000000,1.1362000,-0.0962000,6.8900000
20240122,422,P,0.0250,0.0250,0.0250,0.0250,0,0,0.3359000,-0.0030000,0.0000000,0.5642000,-0.0155000,-0.0240000
20240122,454,C,20.6400,20.6400,20.6400,20.6400,0,0,0.1845000,0.9698000,0.0000000,4.1552000,-0.1278000,7.2319000
20240122,454,P,0.0750,0.0750,0.0750,0.0750,0,0,0.1665000,-0.0187000,0.0000000,2.7889000,-0.0373000,-0.1475000
20240122,486,C,0.0650,0.0650,0.0650,0.0650,0,0,0.0961000,0.0268000,0.0000000,3.7727000,-0.0320000,0.2085000
20240122,486,P,11.8850,11.8850,11.8850,11.8850,0,0,0.1445000,-0.8995000,0.0000000,10.7121000,-0.0649000,-7.2185000
20240122,518,P,43.8600,43.8600,43.8600,43.8600,0,0,0.3945000,-0.9560000,0.0000000,5.6622000,-0.1133000,-8.1859000
20240122,411,C,63.5150,63.5150,63.5150,63.5150,0,0,0.4355000,0.9953000,0.0000000,0.8276000,-0.0895000,6.7248000
20240122,411,P,0.0150,0.0150,0.0150,0.0150,0,0,0.3828000,-0.0015000,0.0000000,0.3126000,-0.0098000,-0.0125000
20240122,443,C,31.5750,31.5750,31.5750,31.5750,0,0,0.2441000,0.9864000,0.0000000,2.1112000,-0.1064000,7.1814000
20240122,443,P,0.0450,0.0450,0.0450,0.0450,0,0,0.2265000,-0.0086000,0.0000000,1.4322000,-0.0263000,-0.0684000
20240122,475,C,2.2500,2.2500,2.2500,2.2500,0,0,0.1021000,0.4722000,0.0000000,24.2124000,-0.2379000,3.6495000
20240122,475,P,2.7050,2.7050,2.7050,2.7050,0,0,0.1011000,-0.5281000,0.0000000,24.2111000,-0.1668000,-4.1674000
20240122,432,C,42.5500,42.5500,42.5500,42.5500,0,0,0.3144000,0.9905000,0.0000000,1.5452000,-0.1026000,7.0325000
20240122,432,P,0.0350,0.0350,0.0350,0.0350,0,0,0.2890000,-0.0053000,0.0000000,0.9406000,-0.0222000,-0.0425000
20240122,464,C,10.8200,10.8200,10.8200,10.8200,0,0,0.1279000,0.9153000,0.0000000,9.4363000,-0.1621000,6.9682000
20240122,464,P,0.2550,0.2550,0.2550,0.2550,0,0,0.1220000,-0.0749000,0.0000000,8.6089000,-0.0822000,-0.5893000
20240122,496,C,0.0150,0.0150,0.0150,0.0150,0,0,0.1289000,0.0038000,0.0000000,0.6919000,-0.0076000,0.0296000
20240122,496,P,21.8650,21.8650,21.8650,21.8650,0,0,0.2280000,-0.9329000,0.0000000,7.9038000,-0.0822000,-7.6434000
20240122,421,C,53.5300,53.5300,53.5300,53.5300,0,0,0.3808000,0.9933000,0.0000000,1.1396000,-0.0969000,6.8733000
20240122,421,P,0.0250,0.0250,0.0250,0.0250,0,0,0.3437000,-0.0031000,0.0000000,0.5760000,-0.0162000,-0.0246000
20240122,453,C,21.6100,21.6100,21.6100,21.6100,0,0,0.1845000,0.9756000,0.0000000,3.4733000,-0.1176000,7.2614000
20240122,453,P,0.0650,0.0650,0.0650,0.0650,0,0,0.1699000,-0.0161000,0.0000000,2.4587000,-0.0336000,-0.1273000
20240122,485,C,0.0950,0.0950,0.0950,0.0950,0,0,0.0959000,0.0386000,0.0000000,5.0930000,-0.0433000,0.2998000
20240122,485,P,10.9000,10.9000,10.9000,10.9000,0,0,0.1370000,-0.8910000,0.0000000,11.3581000,-0.0663000,-7.1363000
20240122,410,C,64.5150,64.5150,64.5150,64.5150,0,0,0.4433000,0.9953000,0.0000000,0.8319000,-0.0900000,6.7081000
20240122,410,P,0.0150,0.0150,0.0150,0.0150,0,0,0.3828000,-0.0013000,0.0000000,0.2697000,-0.0084000,-0.0106000
20240122,442,C,32.5750,32.5750,32.5750,32.5750,0,0,0.2519000,0.9865000,0.0000000,2.1002000,-0.1074000,7.1656000
20240122,442,P,0.0350,0.0350,0.0350,0.0350,0,0,0.2246000,-0.0066000,0.0000000,1.1265000,-0.0205000,-0.0520000
20240122,474,C,2.7850,2.7850,2.7850,2.7850,0,0,0.1033000,0.5359000,0.0000000,24.1729000,-0.2445000,4.1381000
20240122,474,P,2.2350,2.2350,2.2350,2.2350,0,0,0.1024000,-0.4637000,0.0000000,24.1713000,-0.1735000,-3.6576000
20240122,506,P,31.8600,31.8600,31.8600,31.8600,0,0,0.3063000,-0.9467000,0.0000000,6.6011000,-0.0981000,-7.9156000
20240122,431,C,43.5500,43.5500,43.5500,43.5500,0,0,0.3222000,0.9905000,0.0000000,1.5447000,-0.1035000,7.0161000
20240122,431,P,0.0350,0.0350,0.0350,0.0350,0,0,0.2949000,-0.0052000,0.0000000,0.9137000,-0.0220000,-0.0412000
20240122,463,C,11.7700,11.7700,11.7700,11.7700,0,0,0.1313000,0.9288000,0.0000000,8.2721000,-0.1528000,7.0578000
20240122,463,P,0.2050,0.2050,0.2050,0.2050,0,0,0.1245000,-0.0609000,0.0000000,7.3364000,-0.0717000,-0.4790000
20240122,495,C,0.0150,0.0150,0.0150,0.0150,0,0,0.1250000,0.0043000,0.0000000,0.7731000,-0.0083000,0.0336000
20240122,495,P,20.8650,20.8650,20.8650,20.8650,0,0,0.2199000,-0.9308000,0.0000000,8.0894000,-0.0806000,-7.6110000
20240122,420,C,54.5300,54.5300,54.5300,54.5300,0,0,0.3886000,0.9932000,0.0000000,1.1426000,-0.0976000,6.8567000
20240122,420,P,0.0250,0.0250,0.0250,0.0250,0,0,0.3515000,-0.0031000,0.0000000,0.5873000,-0.0169000,-0.0252000
20240122,452,C,22.6100,22.6100,22.6100,22.6100,0,0,0.1923000,0.9762000,0.0000000,3.4024000,-0.1186000,7.2495000
20240122,452,P,0.0650,0.0650,0.0650,0.0650,0,0,0.1767000,-0.0155000,0.0000000,2.3780000,-0.0338000,-0.1224000
20240122,484,C,0.1250,0.1250,0.1250,0.1250,0,0,0.0937000,0.0507000,0.0000000,6.3530000,-0.0530000,0.3944000
20240122,484,P,9.9000,9.9000,9.9000,9.9000,0,0,0.1276000,-0.8846000,0.0000000,11.8373000,-0.0631000,-7.0693000
20240122,516,P,41.8600,41.8600,41.8600,41.8600,0,0,0.3801000,-0.9548000,0.0000000,5.7865000,-0.1109000,-8.1436000
20240122,409,C,65.5100,65.5100,65.5100,65.5100,0,0,0.4511000,0.9952000,0.0000000,0.8358000,-0.0905000,6.6915000
20240122,409,P,0.0150,0.0150,0.0150,0.0150,0,0,0.3906000,-0.0013000,0.0000000,0.2781000,-0.0089000,-0.0110000
20240122,441,C,33.5700,33.5700,33.5700,33.5700,0,0,0.2592000,0.9867000,0.0000000,2.0702000,-0.1079000,7.1508000
20240122,441,P,0.0350,0.0350,0.0350,0.0350,0,0,0.2304000,-0.0063000,0.0000000,1.0871000,-0.0204000,-0.0500000
20240122,473,C,3.3800,3.3800,3.3800,3.3800,0,0,0.1050000,0.5970000,0.0000000,23.5501000,-0.2465000,4.6053000
20240122,473,P,1.8250,1.8250,1.8250,1.8250,0,0,0.1035000,-0.4016000,0.0000000,23.5302000,-0.1746000,-3.1657000
20240122,505,P,30.8600,30.8600,30.8600,30.8600,0,0,0.2988000,-0.9456000,0.0000000,6.7053000,-0.0968000,-7.8909000
20240122,430,C,44.5500,44.5500,44.5500,44.5500,0,0,0.3291000,0.9907000,0.0000000,1.5191000,-0.1035000,7.0010000
20240122,430,P,0.0350,0.0350,0.0350,0.0350,0,0,0.3007000,-0.0050000,0.0000000,0.8882000,-0.0218000,-0.0399000
20240122,462,C,12.7400,12.7400,12.7400,12.7400,0,0,0.1364000,0.9377000,0.0000000,7.4580000,-0.1476000,7.1114000
20240122,462,P,0.1750,0.1750,0.1750,0.1750,0,0,0.1284000,-0.0513000,0.0000000,6.4130000,-0.0649000,-0.4039000
20240122,494,C,0.0150,0.0150,0.0150,0.0150,0,0,0.1191000,0.0043000,0.0000000,0.7780000,-0.0080000,0.0338000
20240122,494,P,19.8700,19.8700,19.8700,19.8700,0,0,0.2128000,-0.9276000,0.0000000,8.3775000,-0.0813000,-7.5695000
20240122,419,C,55.5300,55.5300,55.5300,55.5300,0,0,0.3964000,0.9932000,0.0000000,1.1450000,-0.0983000,6.8401000
20240122,419,P,0.0250,0.0250,0.0250,0.0250,0,0,0.3554000,-0.0029000,0.0000000,0.5517000,-0.0161000,-0.0235000
20240122,451,C,23.6000,23.6000,23.6000,23.6000,0,0,0.1967000,0.9786000,0.0000000,3.1152000,-0.1151000,7.2516000
20240122,451,P,0.0650,0.0650,0.0650,0.0650,0,0,0.1835000,-0.0150000,0.0000000,2.3040000,-0.0341000,-0.1180000
20240122,483,C,0.1950,0.1950,0.1950,0.1950,0,0,0.0949000,0.0740000,0.0000000,8.5274000,-0.0724000,0.5748000
20240122,483,P,8.9050,8.9050,8.9050,8.9050,0,0,0.1180000,-0.8771000,0.0000000,12.3705000,-0.0595000,-6.9948000
20240122,515,P,40.8600,40.8600,40.8600,40.8600,0,0,0.3728000,-0.9542000,0.0000000,5.8487000,-0.1094000,-8.1224000
20240122,525,P,50.8600,50.8600,50.8600,50.8600,0,0,0.4433000,-0.9597000,0.0000000,5.2650000,-0.1204000,-8.3306000
20240122,440,C,34.5700,34.5700,34.5700,34.5700,0,0,0.2666000,0.9869000,0.0000000,2.0413000,-0.1084000,7.1360000
20240122,440,P,0.0350,0.0350,0.0350,0.0350,0,0,0.2382000,-0.0064000,0.0000000,1.1048000,-0.0214000,-0.0509000
20240122,408,C,66.5100,66.5100,66.5100,66.5100,0,0,0.4589000,0.9952000,0.0000000,0.8393000,-0.0911000,6.6748000
20240122,408,P,0.0250,0.0250,0.0250,0.0250,0,0,0.4257000,-0.0026000,0.0000000,0.4926000,-0.0172000,-0.0207000
20240122,472,C,4.0300,4.0300,4.0300,4.0300,0,0,0.1063000,0.6546000,0.0000000,22.4236000,-0.2429000,5.0446000
20240122,472,P,1.4750,1.4750,1.4750,1.4750,0,0,0.1047000,-0.3431000,0.0000000,22.3714000,-0.1709000,-2.7035000
20240122,504,P,29.8600,29.8600,29.8600,29.8600,0,0,0.2910000,-0.9446000,0.0000000,6.8025000,-0.0950000,-7.8666000
20240122,429,C,45.5500,45.5500,45.5500,45.5500,0,0,0.3369000,0.9907000,0.0000000,1.5182000,-0.1043000,6.9846000
20240122,429,P,0.0350,0.0350,0.0350,0.0350,0,0,0.3085000,-0.0051000,0.0000000,0.9005000,-0.0227000,-0.0405000
20240122,461,C,13.7050,13.7050,13.7050,13.7050,0,0,0.1394000,0.9479000,0.0000000,6.4770000,-0.1386000,7.1752000
20240122,461,P,0.1550,0.1550,0.1550,0.1550,0,0,0.1333000,-0.0446000,0.0000000,5.7309000,-0.0604000,-0.3510000
20240122,493,C,0.0150,0.0150,0.0150,0.0150,0,0,0.1132000,0.0043000,0.0000000,0.7840000,-0.0076000,0.0341000
20240122,493,P,18.8700,18.8700,18.8700,18.8700,0,0,0.2045000,-0.9253000,0.0000000,8.5856000,-0.0794000,-7.5346000
20240122,535,P,60.8600,60.8600,60.8600,60.8600,0,0,0.5113000,-0.9636000,0.0000000,4.8441000,-0.1305000,-8.5258000
20240122,450,C,24.6000,24.6000,24.6000,24.6000,0,0,0.2041000,0.9792000,0.0000000,3.0342000,-0.1156000,7.2403000
20240122,450,P,0.0550,0.0550,0.0550,0.0550,0,0,0.1855000,-0.0125000,0.0000000,1.9717000,-0.0295000,-0.0985000
20240122,418,C,56.5300,56.5300,56.5300,56.5300,0,0,0.4042000,0.9932000,0.0000000,1.1470000,-0.0989000,6.8235000
20240122,418,P,0.0250,0.0250,0.0250,0.0250,0,0,0.3632000,-0.0030000,0.0000000,0.5623000,-0.0167000,-0.0240000
20240122,482,C,0.2750,0.2750,0.2750,0.2750,0,0,0.0944000,0.0997000,0.0000000,10.6577000,-0.0906000,0.7743000
20240122,482,P,7.8750,7.8750,7.8750,7.8750,0,0,0.1058000,-0.8736000,0.0000000,12.6158000,-0.0495000,-6.9505000
20240122,514,P,39.8600,39.8600,39.8600,39.8600,0,0,0.3657000,-0.9534000,0.0000000,5.9264000,-0.1086000,-8.1000000
20240122,407,C,67.5100,67.5100,67.5100,67.5100,0,0,0.4667000,0.9952000,0.0000000,0.8425000,-0.0916000,6.6582000
20240122,407,P,0.0150,0.0150,0.0150,0.0150,0,0,0.4062000,-0.0014000,0.0000000,0.2943000,-0.0098000,-0.0117000
20240122,439,C,35.5700,35.5700,35.5700,35.5700,0,0,0.2744000,0.9870000,0.0000000,2.0311000,-0.1093000,7.1202000
20240122,439,P,0.0350,0.0350,0.0350,0.0350,0,0,0.2441000,-0.0062000,0.0000000,1.0677000,-0.0212000,-0.0490000
20240122,471,C,4.7450,4.7450,4.7450,4.7450,0,0,0.1079000,0.7072000,0.0000000,20.9164000,-0.2359000,5.4437000
20240122,471,P,1.1850,1.1850,1.1850,1.1850,0,0,0.1060000,-0.2895000,0.0000000,20.8111000,-0.1634000,-2.2801000
20240122,545,P,70.8600,70.8600,70.8600,70.8600,0,0,0.5765000,-0.9667000,0.0000000,4.5107000,-0.1392000,-8.7141000
20240122,428,C,46.5450,46.5450,46.5450,46.5450,0,0,0.3369000,0.9919000,0.0000000,1.3350000,-0.0991000,6.9782000
20240122,428,P,0.0350,0.0350,0.0350,0.0350,0,0,0.3144000,-0.0049000,0.0000000,0.8759000,-0.0225000,-0.0393000
20240122,460,C,14.6750,14.6750,14.6750,14.6750,0,0,0.1425000,0.9562000,0.0000000,5.6409000,-0.1308000,7.2237000
20240122,460,P,0.1250,0.1250,0.1250,0.1250,0,0,0.1357000,-0.0364000,0.0000000,4.8597000,-0.0523000,-0.2865000
20240122,492,C,0.0150,0.0150,0.0150,0.0150,0,0,0.1093000,0.0050000,0.0000000,0.8940000,-0.0084000,0.0395000
20240122,492,P,17.8700,17.8700,17.8700,17.8700,0,0,0.1961000,-0.9227000,0.0000000,8.8056000,-0.0773000,-7.4985000
20240122,524,P,49.8600,49.8600,49.8600,49.8600,0,0,0.4365000,-0.9592000,0.0000000,5.3183000,-0.1195000,-8.3103000
20240122,417,C,57.5250,57.5250,57.5250,57.5250,0,0,0.4023000,0.9942000,0.0000000,0.9919000,-0.0935000,6.8152000
20240122,417,P,0.0250,0.0250,0.0250,0.0250,0,0,0.3671000,-0.0028000,0.0000000,0.5290000,-0.0159000,-0.0224000
20240122,449,C,25.5950,25.5950,25.5950,25.5950,0,0,0.2080000,0.9814000,0.0000000,2.7622000,-0.1118000,7.2409000
20240122,449,P,0.0550,0.0550,0.0550,0.0550,0,0,0.1923000,-0.0121000,0.0000000,1.9220000,-0.0299000,-0.0957000
20240122,481,C,0.3950,0.3950,0.3950,0.3950,0,0,0.0949000,0.1343000,0.0000000,13.1679000,-0.1132000,1.0427000
20240122,481,P,6.9550,6.9550,6.9550,6.9550,0,0,0.1016000,-0.8489000,0.0000000,14.2496000,-0.0608000,-6.7425000
20240122,406,C,68.5050,68.5050,68.5050,68.5050,0,0,0.4609000,0.9961000,0.0000000,0.6939000,-0.0854000,6.6492000
20240122,406,P,0.0150,0.0150,0.0150,0.0150,0,0,0.4101000,-0.0013000,0.0000000,0.2782000,-0.0093000,-0.0110000
20240122,438,C,36.5650,36.5650,36.5650,36.5650,0,0,0.2763000,0.9885000,0.0000000,1.8196000,-0.1048000,7.1159000
20240122,438,P,0.0350,0.0350,0.0350,0.0350,0,0,0.2500000,-0.0059000,0.0000000,1.0328000,-0.0210000,-0.0472000
20240122,470,C,5.5150,5.5150,5.5150,5.5150,0,0,0.1101000,0.7534000,0.0000000,19.1920000,-0.2270000,5.7912000
20240122,470,P,0.9450,0.9450,0.9450,0.9450,0,0,0.1075000,-0.2415000,0.0000000,18.9803000,-0.1529000,-1.9013000
20240122,502,C,0.0150,0.0150,0.0150,0.0150,0,0,0.1601000,0.0031000,0.0000000,0.5869000,-0.0080000,0.0246000
20240122,502,P,27.8600,27.8600,27.8600,27.8600,0,0,0.2756000,-0.9422000,0.0000000,7.0369000,-0.0921000,-7.8147000
20240122,427,C,47.5400,47.5400,47.5400,47.5400,0,0,0.3437000,0.9921000,0.0000000,1.3158000,-0.0992000,6.9627000
20240122,427,P,0.0250,0.0250,0.0250,0.0250,0,0,0.3066000,-0.0034000,0.0000000,0.6312000,-0.0158000,-0.0272000
20240122,459,C,15.6600,15.6600,15.6600,15.6600,0,0,0.1489000,0.9599000,0.0000000,5.2470000,-0.1290000,7.2366000
20240122,459,P,0.1150,0.1150,0.1150,0.1150,0,0,0.1411000,-0.0324000,0.0000000,4.4162000,-0.0495000,-0.2550000
20240122,491,C,0.0250,0.0250,0.0250,0.0250,0,0,0.1113000,0.0086000,0.0000000,1.4229000,-0.0137000,0.0669000
20240122,491,P,16.8700,16.8700,16.8700,16.8700,0,0,0.1877000,-0.9199000,0.0000000,9.0513000,-0.0753000,-7.4597000
20240123,416,C,58.5950,58.5950,58.5950,58.5950,0,0,0.3886000,0.9933000,0.0000000,1.2243000,-0.0940000,7.9083000
20240123,416,P,0.0250,0.0250,0.0250,0.0250,0,0,0.3476000,-0.0028000,0.0000000,0.5790000,-0.0141000,-0.0265000
20240123,448,C,26.6800,26.6800,26.6800,26.6800,0,0,0.2084000,0.9778000,0.0000000,3.4630000,-0.1152000,8.3796000
20240123,448,P,0.0750,0.0750,0.0750,0.0750,0,0,0.1938000,-0.0153000,0.0000000,2.5328000,-0.0340000,-0.1406000
20240123,480,C,0.7550,0.7550,0.7550,0.7550,0,0,0.0989000,0.2063000,0.0000000,18.7254000,-0.1465000,1.8614000
20240123,480,P,6.2200,6.2200,6.2200,6.2200,0,0,0.1026000,-0.7851000,0.0000000,19.1785000,-0.0854000,-7.2579000
20240123,512,P,37.8600,37.8600,37.8600,37.8600,0,0,0.3354000,-0.9462000,0.0000000,7.1682000,-0.1008000,-9.3302000
20240123,405,C,69.5750,69.5750,69.5750,69.5750,0,0,0.4492000,0.9950000,0.0000000,0.9390000,-0.0887000,7.7133000
20240123,405,P,0.0250,0.0250,0.0250,0.0250,0,0,0.4101000,-0.0024000,0.0000000,0.4910000,-0.0142000,-0.0221000
20240123,437,C,37.6400,37.6400,37.6400,37.6400,0,0,0.2714000,0.9865000,0.0000000,2.2590000,-0.1064000,8.2486000
20240123,437,P,0.0450,0.0450,0.0450,0.0450,0,0,0.2460000,-0.0073000,0.0000000,1.3393000,-0.0230000,-0.0677000
20240123,469,C,6.5950,6.5950,6.5950,6.5950,0,0,0.1153000,0.7734000,0.0000000,19.7689000,-0.2153000,6.9060000
20240123,469,P,0.9650,0.9650,0.9650,0.9650,0,0,0.1132000,-0.2225000,0.0000000,19.5686000,-0.1428000,-2.0418000
20240123,426,C,48.6150,48.6150,48.6150,48.6150,0,0,0.3320000,0.9911000,0.0000000,1.5711000,-0.0986000,8.0798000
20240123,426,P,0.0350,0.0350,0.0350,0.0350,0,0,0.3027000,-0.0046000,0.0000000,0.8975000,-0.0190000,-0.0432000
20240123,458,C,16.7700,16.7700,16.7700,16.7700,0,0,0.1535000,0.9539000,0.0000000,6.3424000,-0.1330000,8.3519000
20240123,458,P,0.1550,0.1550,0.1550,0.1550,0,0,0.1462000,-0.0385000,0.0000000,5.4930000,-0.0546000,-0.3535000
20240123,490,C,0.0350,0.0350,0.0350,0.0350,0,0,0.1030000,0.0128000,0.0000000,2.1702000,-0.0168000,0.1159000
20240123,490,P,15.8700,15.8700,15.8700,15.8700,0,0,0.1721000,-0.9079000,0.0000000,10.8405000,-0.0682000,-8.5600000
20240123,522,P,47.8600,47.8600,47.8600,47.8600,0,0,0.4033000,-0.9531000,0.0000000,6.4231000,-0.1121000,-9.5848000
20240123,415,C,59.5900,59.5900,59.5900,59.5900,0,0,0.3955000,0.9933000,0.0000000,1.2180000,-0.0943000,7.8894000
20240123,415,P,0.0250,0.0250,0.0250,0.0250,0,0,0.3515000,-0.0027000,0.0000000,0.5489000,-0.0135000,-0.0250000
20240123,447,C,27.6750,27.6750,27.6750,27.6750,0,0,0.2124000,0.9798000,0.0000000,3.1959000,-0.1121000,8.3788000
20240123,447,P,0.0650,0.0650,0.0650,0.0650,0,0,0.1962000,-0.0133000,0.0000000,2.2423000,-0.0305000,-0.1221000
20240123,479,C,1.0050,1.0050,1.0050,1.0050,0,0,0.1002000,0.2549000,0.0000000,21.0824000,-0.1683000,2.2992000
20240123,479,P,5.4400,5.4400,5.4400,5.4400,0,0,0.1020000,-0.7411000,0.0000000,21.2492000,-0.1028000,-6.8430000
20240123,404,C,70.5700,70.5700,70.5700,70.5700,0,0,0.4570000,0.9950000,0.0000000,0.9486000,-0.0894000,7.6936000
20240123,404,P,0.0250,0.0250,0.0250,0.0250,0,0,0.4179000,-0.0024000,0.0000000,0.5036000,-0.0148000,-0.0228000
20240123,436,C,38.6400,38.6400,38.6400,38.6400,0,0,0.2783000,0.9867000,0.0000000,2.2291000,-0.1068000,8.2313000
20240123,436,P,0.0450,0.0450,0.0450,0.0450,0,0,0.2519000,-0.0071000,0.0000000,1.3078000,-0.0230000,-0.0660000
20240123,468,C,7.4200,7.4200,7.4200,7.4200,0,0,0.1177000,0.8067000,0.0000000,18.0055000,-0.2061000,7.1926000
20240123,468,P,0.7950,0.7950,0.7950,0.7950,0,0,0.1153000,-0.1884000,0.0000000,17.7245000,-0.1329000,-1.7281000
20240123,500,C,0.0150,0.0150,0.0150,0.0150,0,0,0.1406000,0.0038000,0.0000000,0.7454000,-0.0077000,0.0344000
20240123,500,P,25.8600,25.8600,25.8600,25.8600,0,0,0.2492000,-0.9323000,0.0000000,8.5878000,-0.0847000,-8.9732000
20240123,425,C,49.6100,49.6100,49.6100,49.6100,0,0,0.3388000,0.9912000,0.0000000,1.5594000,-0.0990000,8.0614000
20240123,425,P,0.0350,0.0350,0.0350,0.0350,0,0,0.3085000,-0.0046000,0.0000000,0.8825000,-0.0191000,-0.0424000
20240123,457,C,17.7500,17.7500,17.7500,17.7500,0,0,0.1579000,0.9588000,0.0000000,5.7859000,-0.1289000,8.3782000
20240123,457,P,0.1350,0.1350,0.1350,0.1350,0,0,0.1496000,-0.0333000,0.0000000,4.8814000,-0.0498000,-0.3061000
20240123,489,C,0.0450,0.0450,0.0450,0.0450,0,0,0.1015000,0.0170000,0.0000000,2.7741000,-0.0212000,0.1541000
20240123,489,P,14.8700,14.8700,14.8700,14.8700,0,0,0.1638000,-0.9043000,0.0000000,11.1529000,-0.0658000,-8.5080000
20240123,414,C,60.5900,60.5900,60.5900,60.5900,0,0,0.4023000,0.9934000,0.0000000,1.2115000,-0.0946000,7.8706000
20240123,414,P,0.0250,0.0250,0.0250,0.0250,0,0,0.3593000,-0.0028000,0.0000000,0.5657000,-0.0143000,-0.0259000
20240123,446,C,28.6700,28.6700,28.6700,28.6700,0,0,0.2197000,0.9801000,0.0000000,3.1553000,-0.1130000,8.3624000
20240123,446,P,0.0650,0.0650,0.0650,0.0650,0,0,0.2021000,-0.0127000,0.0000000,2.1612000,-0.0303000,-0.1170000
20240123,478,C,1.3050,1.3050,1.3050,1.3050,0,0,0.1013000,0.3076000,0.0000000,23.0849000,-0.1881000,2.7719000
20240123,478,P,4.7200,4.7200,4.7200,4.7200,0,0,0.1020000,-0.6910000,0.0000000,23.1278000,-0.1201000,-6.3742000
20240123,510,P,35.8600,35.8600,35.8600,35.8600,0,0,0.3215000,-0.9444000,0.0000000,7.3573000,-0.0984000,-9.2755000
20240123,403,C,71.5700,71.5700,71.5700,71.5700,0,0,0.4648000,0.9949000,0.0000000,0.9578000,-0.0901000,7.6740000
20240123,403,P,0.0250,0.0250,0.0250,0.0250,0,0,0.4218000,-0.0023000,0.0000000,0.4801000,-0.0143000,-0.0216000
20240123,435,C,39.6350,39.6350,39.6350,39.6350,0,0,0.2802000,0.9882000,0.0000000,2.0199000,-0.1029000,8.2252000
20240123,435,P,0.0450,0.0450,0.0450,0.0450,0,0,0.2578000,-0.0069000,0.0000000,1.2777000,-0.0230000,-0.0643000
20240123,467,C,8.2800,8.2800,8.2800,8.2800,0,0,0.1203000,0.8354000,0.0000000,16.2672000,-0.1963000,7.4378000
20240123,467,P,0.6550,0.6550,0.6550,0.6550,0,0,0.1175000,-0.1589000,0.0000000,15.9032000,-0.1224000,-1.4572000
20240123,499,C,0.0150,0.0150,0.0150,0.0150,0,0,0.1347000,0.0037000,0.0000000,0.7266000,-0.0072000,0.0335000
20240123,499,P,24.8600,24.8600,24.8600,24.8600,0,0,0.2416000,-0.9307000,0.0000000,8.7423000,-0.0829000,-8.9396000
20240123,424,C,50.6100,50.6100,50.6100,50.6100,0,0,0.3457000,0.9913000,0.0000000,1.5476000,-0.0993000,8.0429000
20240123,424,P,0.0350,0.0350,0.0350,0.0350,0,0,0.3144000,-0.0045000,0.0000000,0.8680000,-0.0191000,-0.0416000
20240123,456,C,18.7400,18.7400,18.7400,18.7400,0,0,0.1635000,0.9621000,0.0000000,5.4141000,-0.1270000,8.3885000
20240123,456,P,0.1250,0.1250,0.1250,0.1250,0,0,0.1547000,-0.0303000,0.0000000,4.5142000,-0.0477000,-0.2785000
20240123,520,P,45.8600,45.8600,45.8600,45.8600,0,0,0.3901000,-0.9519000,0.0000000,6.5590000,-0.1103000,-9.5352000
20240123,488,C,0.0550,0.0550,0.0550,0.0550,0,0,0.0986000,0.0210000,0.0000000,3.3199000,-0.0248000,0.1904000
20240123,488,P,13.8700,13.8700,13.8700,13.8700,0,0,0.1555000,-0.9001000,0.0000000,11.5067000,-0.0635000,-8.4509000
20240123,413,C,61.5850,61.5850,61.5850,61.5850,0,0,0.4003000,0.9943000,0.0000000,1.0543000,-0.0898000,7.8603000
20240123,413,P,0.0250,0.0250,0.0250,0.0250,0,0,0.3632000,-0.0026000,0.0000000,0.5369000,-0.0137000,-0.0244000
20240123,445,C,29.6650,29.6650,29.6650,29.6650,0,0,0.2231000,0.9820000,0.0000000,2.8940000,-0.1096000,8.3608000
20240123,445,P,0.0650,0.0650,0.0650,0.0650,0,0,0.2089000,-0.0125000,0.0000000,2.1352000,-0.0309000,-0.1154000
20240123,477,C,1.6650,1.6650,1.6650,1.6650,0,0,0.1025000,0.3635000,0.0000000,24.6456000,-0.2053000,3.2736000
20240123,477,P,4.0600,4.0600,4.0600,4.0600,0,0,0.1024000,-0.6366000,0.0000000,24.6419000,-0.1356000,-5.8663000
20240123,402,C,72.5650,72.5650,72.5650,72.5650,0,0,0.4609000,0.9957000,0.0000000,0.8189000,-0.0851000,7.6624000
20240123,402,P,0.0250,0.0250,0.0250,0.0250,0,0,0.4296000,-0.0024000,0.0000000,0.4919000,-0.0149000,-0.0222000
20240123,434,C,40.6300,40.6300,40.6300,40.6300,0,0,0.2871000,0.9883000,0.0000000,1.9975000,-0.1033000,8.2074000
20240123,434,P,0.0450,0.0450,0.0450,0.0450,0,0,0.2646000,-0.0069000,0.0000000,1.2770000,-0.0236000,-0.0642000
20240123,466,C,9.1600,9.1600,9.1600,9.1600,0,0,0.1226000,0.8608000,0.0000000,14.5539000,-0.1856000,7.6515000
20240123,466,P,0.5450,0.5450,0.5450,0.5450,0,0,0.1202000,-0.1344000,0.0000000,14.2127000,-0.1126000,-1.2324000
20240123,498,C,0.0150,0.0150,0.0150,0.0150,0,0,0.1289000,0.0035000,0.0000000,0.7071000,-0.0067000,0.0325000
20240123,498,P,23.8650,23.8650,23.8650,23.8650,0,0,0.2341000,-0.9290000,0.0000000,8.9104000,-0.0813000,-8.9047000
20240123,530,P,55.8600,55.8600,55.8600,55.8600,0,0,0.4555000,-0.9571000,0.0000000,5.9813000,-0.1203000,-9.7742000
20240123,423,C,51.6100,51.6100,51.6100,51.6100,0,0,0.3535000,0.9912000,0.0000000,1.5597000,-0.1003000,8.0230000
20240123,423,P,0.0350,0.0350,0.0350,0.0350,0,0,0.3203000,-0.0044000,0.0000000,0.8538000,-0.0192000,-0.0409000
20240123,455,C,19.7300,19.7300,19.7300,19.7300,0,0,0.1694000,0.9647000,0.0000000,5.1036000,-0.1255000,8.3935000
20240123,455,P,0.1150,0.1150,0.1150,0.1150,0,0,0.1591000,-0.0271000,0.0000000,4.1175000,-0.0449000,-0.2494000
20240123,487,C,0.0750,0.0750,0.0750,0.0750,0,0,0.0976000,0.0286000,0.0000000,4.2975000,-0.0319000,0.2589000
20240123,487,P,12.8700,12.8700,12.8700,12.8700,0,0,0.1469000,-0.8957000,0.0000000,11.8778000,-0.0609000,-8.3913000
20240123,412,C,62.5850,62.5850,62.5850,62.5850,0,0,0.4082000,0.9943000,0.0000000,1.0665000,-0.0906000,7.8405000
20240123,412,P,0.0250,0.0250,0.0250,0.0250,0,0,0.3710000,-0.0027000,0.0000000,0.5528000,-0.0144000,-0.0252000
20240123,444,C,30.6600,30.6600,30.6600,30.6600,0,0,0.2304000,0.9823000,0.0000000,2.8651000,-0.1105000,8.3435000
20240123,444,P,0.0550,0.0550,0.0550,0.0550,0,0,0.2099000,-0.0105000,0.0000000,1.8332000,-0.0267000,-0.0968000
20240123,476,C,2.0750,2.0750,2.0750,2.0750,0,0,0.1035000,0.4210000,0.0000000,25.6788000,-0.2186000,3.7887000
20240123,476,P,3.4700,3.4700,3.4700,3.4700,0,0,0.1032000,-0.5791000,0.0000000,25.6762000,-0.1488000,-5.3323000
20240123,508,P,33.8600,33.8600,33.8600,33.8600,0,0,0.3073000,-0.9425000,0.0000000,7.5569000,-0.0958000,-9.2197000
20240123,540,P,65.8600,65.8600,65.8600,65.8600,0,0,0.5183000,-0.9610000,0.0000000,5.5400000,-0.1291000,-10.0011000
20240123,433,C,41.6300,41.6300,41.6300,41.6300,0,0,0.2949000,0.9882000,0.0000000,2.0091000,-0.1045000,8.1875000
20240123,433,P,0.0450,0.0450,0.0450,0.0450,0,0,0.2705000,-0.0068000,0.0000000,1.2486000,-0.0236000,-0.0626000
20240123,465,C,10.0700,10.0700,10.0700,10.0700,0,0,0.1258000,0.8810000,0.0000000,13.0497000,-0.1767000,7.8182000
20240123,465,P,0.4450,0.4450,0.4450,0.4450,0,0,0.1223000,-0.1123000,0.0000000,12.5341000,-0.1016000,-1.0300000
20240123,497,C,0.0150,0.0150,0.0150,0.0150,0,0,0.1250000,0.0039000,0.0000000,0.7693000,-0.0071000,0.0357000
20240123,497,P,22.8650,22.8650,22.8650,22.8650,0,0,0.2265000,-0.9271000,0.0000000,9.0939000,-0.0797000,-8.8681000
20240123,422,C,52.6050,52.6050,52.6050,52.6050,0,0,0.3535000,0.9923000,0.0000000,1.3889000,-0.0959000,8.0138000
20240123,422,P,0.0350,0.0350,0.0350,0.0350,0,0,0.3261000,-0.0043000,0.0000000,0.8401000,-0.0192000,-0.0402000
20240123,454,C,20.7200,20.7200,20.7200,20.7200,0,0,0.1748000,0.9674000,0.0000000,4.7783000,-0.1234000,8.3992000
20240123,454,P,0.1050,0.1050,0.1050,0.1050,0,0,0.1635000,-0.0244000,0.0000000,3.7645000,-0.0422000,-0.2240000
20240123,486,C,0.1050,0.1050,0.1050,0.1050,0,0,0.0971000,0.0393000,0.0000000,5.5841000,-0.0414000,0.3559000
20240123,486,P,11.8700,11.8700,11.8700,11.8700,0,0,0.1384000,-0.8905000,0.0000000,12.3044000,-0.0583000,-8.3246000
20240123,518,P,43.8600,43.8600,43.8600,43.8600,0,0,0.3764000,-0.9507000,0.0000000,6.6859000,-0.1076000,-9.4862000
20240123,411,C,63.5850,63.5850,63.5850,63.5850,0,0,0.4160000,0.9942000,0.0000000,1.0781000,-0.0914000,7.8207000
20240123,411,P,0.0250,0.0250,0.0250,0.0250,0,0,0.3750000,-0.0025000,0.0000000,0.5251000,-0.0138000,-0.0238000
20240123,443,C,31.6600,31.6600,31.6600,31.6600,0,0,0.2373000,0.9826000,0.0000000,2.8116000,-0.1109000,8.3279000
20240123,443,P,0.0550,0.0550,0.0550,0.0550,0,0,0.2158000,-0.0101000,0.0000000,1.7763000,-0.0266000,-0.0934000
20240123,475,C,2.5600,2.5600,2.5600,2.5600,0,0,0.1052000,0.4795000,0.0000000,26.1588000,-0.2293000,4.3108000
20240123,475,P,2.9450,2.9450,2.9450,2.9450,0,0,0.1042000,-0.5207000,0.0000000,26.1579000,-0.1583000,-4.7912000
20240123,432,C,42.6300,42.6300,42.6300,42.6300,0,0,0.3017000,0.9884000,0.0000000,1.9868000,-0.1049000,8.1697000
20240123,432,P,0.0450,0.0450,0.0450,0.0450,0,0,0.2773000,-0.0068000,0.0000000,1.2476000,-0.0242000,-0.0626000
20240123,464,C,10.9950,10.9950,10.9950,10.9950,0,0,0.1286000,0.8990000,0.0000000,11.6061000,-0.1671000,7.9634000
20240123,464,P,0.3750,0.3750,0.3750,0.3750,0,0,0.1253000,-0.0952000,0.0000000,11.1204000,-0.0929000,-0.8733000
20240123,496,C,0.0150,0.0150,0.0150,0.0150,0,0,0.1210000,0.0043000,0.0000000,0.8412000,-0.0075000,0.0394000
20240123,496,P,21.8650,21.8650,21.8650,21.8650,0,0,0.2187000,-0.9252000,0.0000000,9.2725000,-0.0777000,-8.8318000
20240123,421,C,53.6050,53.6050,53.6050,53.6050,0,0,0.3603000,0.9923000,0.0000000,1.3805000,-0.0962000,7.9952000
20240123,421,P,0.0350,0.0350,0.0350,0.0350,0,0,0.3320000,-0.0042000,0.0000000,0.8267000,-0.0193000,-0.0395000
20240123,453,C,21.7100,21.7100,21.7100,21.7100,0,0,0.1796000,0.9702000,0.0000000,4.4420000,-0.1208000,8.4052000
20240123,453,P,0.0950,0.0950,0.0950,0.0950,0,0,0.1674000,-0.0217000,0.0000000,3.4094000,-0.0392000,-0.1992000
20240123,485,C,0.1550,0.1550,0.1550,0.1550,0,0,0.0976000,0.0551000,0.0000000,7.3176000,-0.0548000,0.4984000
20240123,485,P,10.8700,10.8700,10.8700,10.8700,0,0,0.1296000,-0.8847000,0.0000000,12.7629000,-0.0554000,-8.2531000
20240123,410,C,64.5850,64.5850,64.5850,64.5850,0,0,0.4218000,0.9943000,0.0000000,1.0580000,-0.0911000,7.8026000
20240123,410,P,0.0250,0.0250,0.0250,0.0250,0,0,0.3828000,-0.0026000,0.0000000,0.5401000,-0.0145000,-0.0246000
20240123,442,C,32.6550,32.6550,32.6550,32.6550,0,0,0.2402000,0.9844000,0.0000000,2.5674000,-0.1073000,8.3247000
20240123,442,P,0.0550,0.0550,0.0550,0.0550,0,0,0.2226000,-0.0100000,0.0000000,1.7640000,-0.0273000,-0.0927000
20240123,474,C,3.1000,3.1000,3.1000,3.1000,0,0,0.1066000,0.5367000,0.0000000,26.0824000,-0.2354000,4.8205000
20240123,474,P,2.4850,2.4850,2.4850,2.4850,0,0,0.1057000,-0.4630000,0.0000000,26.0806000,-0.1645000,-4.2574000
20240123,506,C,0.0150,0.0150,0.0150,0.0150,0,0,0.1679000,0.0030000,0.0000000,0.6085000,-0.0075000,0.0274000
20240123,506,P,31.8600,31.8600,31.8600,31.8600,0,0,0.2932000,-0.9403000,0.0000000,7.7853000,-0.0934000,-9.1611000
20240123,431,C,43.6250,43.6250,43.6250,43.6250,0,0,0.3027000,0.9898000,0.0000000,1.7792000,-0.1005000,8.1633000
20240123,431,P,0.0450,0.0450,0.0450,0.0450,0,0,0.2832000,-0.0066000,0.0000000,1.2206000,-0.0242000,-0.0611000
20240123,463,C,11.9300,11.9300,11.9300,11.9300,0,0,0.1320000,0.9132000,0.0000000,10.3700000,-0.1592000,8.0753000
20240123,463,P,0.3150,0.3150,0.3150,0.3150,0,0,0.1281000,-0.0804000,0.0000000,9.7997000,-0.0841000,-0.7371000
20240123,495,C,0.0150,0.0150,0.0150,0.0150,0,0,0.1152000,0.0042000,0.0000000,0.8244000,-0.0070000,0.0386000
20240123,495,P,20.8650,20.8650,20.8650,20.8650,0,0,0.2111000,-0.9228000,0.0000000,9.4915000,-0.0763000,-8.7915000
20240123,420,C,54.6000,54.6000,54.6000,54.6000,0,0,0.3671000,0.9924000,0.0000000,1.3720000,-0.0966000,7.9765000
20240123,420,P,0.0350,0.0350,0.0350,0.0350,0,0,0.3378000,-0.0042000,0.0000000,0.8137000,-0.0193000,-0.0388000
20240123,452,C,22.7000,22.7000,22.7000,22.7000,0,0,0.1850000,0.9723000,0.0000000,4.1776000,-0.1191000,8.4055000
20240123,452,P,0.0850,0.0850,0.0850,0.0850,0,0,0.1713000,-0.0193000,0.0000000,3.0933000,-0.0365000,-0.1776000
20240123,484,C,0.2150,0.2150,0.2150,0.2150,0,0,0.0974000,0.0738000,0.0000000,9.1805000,-0.0689000,0.6670000
20240123,484,P,9.8700,9.8700,9.8700,9.8700,0,0,0.1207000,-0.8780000,0.0000000,13.2810000,-0.0524000,-8.1733000
20240123,516,P,41.8600,41.8600,41.8600,41.8600,0,0,0.3630000,-0.9493000,0.0000000,6.8409000,-0.1056000,-9.4348000
20240123,409,C,65.5800,65.5800,65.5800,65.5800,0,0,0.4296000,0.9942000,0.0000000,1.0687000,-0.0919000,7.7828000
20240123,409,P,0.0250,0.0250,0.0250,0.0250,0,0,0.3867000,-0.0025000,0.0000000,0.5136000,-0.0140000,-0.0233000
20240123,441,C,33.6500,33.6500,33.6500,33.6500,0,0,0.2475000,0.9845000,0.0000000,2.5492000,-0.1082000,8.3067000
20240123,441,P,0.0550,0.0550,0.0550,0.0550,0,0,0.2285000,-0.0097000,0.0000000,1.7121000,-0.0272000,-0.0896000
20240123,473,C,3.7000,3.7000,3.7000,3.7000,0,0,0.1083000,0.5916000,0.0000000,25.4994000,-0.2376000,5.3084000
20240123,473,P,2.0750,2.0750,2.0750,2.0750,0,0,0.1068000,-0.4072000,0.0000000,25.4817000,-0.1660000,-3.7423000
20240123,505,C,0.0150,0.0150,0.0150,0.0150,0,0,0.1640000,0.0032000,0.0000000,0.6448000,-0.0077000,0.0293000
20240123,505,P,30.8600,30.8600,30.8600,30.8600,0,0,0.2858000,-0.9392000,0.0000000,7.8953000,-0.0918000,-9.1321000
20240123,430,C,44.6250,44.6250,44.6250,44.6250,0,0,0.3105000,0.9897000,0.0000000,1.7927000,-0.1016000,8.1433000
20240123,430,P,0.0350,0.0350,0.0350,0.0350,0,0,0.2792000,-0.0050000,0.0000000,0.9625000,-0.0188000,-0.0467000
20240123,462,C,12.8800,12.8800,12.8800,12.8800,0,0,0.1354000,0.9254000,0.0000000,9.2522000,-0.1516000,8.1675000
20240123,462,P,0.2650,0.2650,0.2650,0.2650,0,0,0.1311000,-0.0680000,0.0000000,8.6266000,-0.0760000,-0.6238000
20240123,494,C,0.0250,0.0250,0.0250,0.0250,0,0,0.1191000,0.0077000,0.0000000,1.3987000,-0.0124000,0.0700000
20240123,494,P,19.8700,19.8700,19.8700,19.8700,0,0,0.2043000,-0.9195000,0.0000000,9.8028000,-0.0766000,-8.7420000
20240123,419,C,55.6000,55.6000,55.6000,55.6000,0,0,0.3750000,0.9923000,0.0000000,1.3841000,-0.0975000,7.9566000
20240123,419,P,0.0350,0.0350,0.0350,0.0350,0,0,0.3437000,-0.0041000,0.0000000,0.8010000,-0.0193000,-0.0381000
20240123,451,C,23.6950,23.6950,23.6950,23.6950,0,0,0.1894000,0.9748000,0.0000000,3.8620000,-0.1161000,8.4091000
20240123,451,P,0.0850,0.0850,0.0850,0.0850,0,0,0.1777000,-0.0185000,0.0000000,2.9859000,-0.0366000,-0.1704000
20240123,483,C,0.2950,0.2950,0.2950,0.2950,0,0,0.0971000,0.0971000,0.0000000,11.2806000,-0.0849000,0.8776000
20240123,483,P,8.8850,8.8850,8.8850,8.8850,0,0,0.1123000,-0.8688000,0.0000000,13.9721000,-0.0507000,-8.0705000
20240123,515,P,40.8600,40.8600,40.8600,40.8600,0,0,0.3562000,-0.9486000,0.0000000,6.9187000,-0.1045000,-9.4090000
20240123,525,P,50.8600,50.8600,50.8600,50.8600,0,0,0.4230000,-0.9548000,0.0000000,6.2442000,-0.1153000,-9.6570000
20240123,440,C,34.6500,34.6500,34.6500,34.6500,0,0,0.2548000,0.9846000,0.0000000,2.5312000,-0.1090000,8.2887000
20240123,440,P,0.0550,0.0550,0.0550,0.0550,0,0,0.2343000,-0.0094000,0.0000000,1.6633000,-0.0271000,-0.0867000
20240123,408,C,66.5800,66.5800,66.5800,66.5800,0,0,0.4375000,0.9942000,0.0000000,1.0787000,-0.0927000,7.7631000
20240123,408,P,0.0250,0.0250,0.0250,0.0250,0,0,0.3945000,-0.0025000,0.0000000,0.5276000,-0.0146000,-0.0240000
20240123,472,C,4.3500,4.3500,4.3500,4.3500,0,0,0.1098000,0.6435000,0.0000000,24.4799000,-0.2359000,5.7676000
20240123,472,P,1.7250,1.7250,1.7250,1.7250,0,0,0.1082000,-0.3545000,0.0000000,24.4331000,-0.1642000,-3.2569000
20240123,504,C,0.0150,0.0150,0.0150,0.0150,0,0,0.1582000,0.0031000,0.0000000,0.6255000,-0.0072000,0.0283000
20240123,504,P,29.8600,29.8600,29.8600,29.8600,0,0,0.2788000,-0.9379000,0.0000000,8.0306000,-0.0907000,-9.1008000
20240123,429,C,45.6200,45.6200,45.6200,45.6200,0,0,0.3173000,0.9898000,0.0000000,1.7760000,-0.1020000,8.1251000
20240123,429,P,0.0350,0.0350,0.0350,0.0350,0,0,0.2851000,-0.0049000,0.0000000,0.9454000,-0.0189000,-0.0458000
20240123,461,C,13.8400,13.8400,13.8400,13.8400,0,0,0.1391000,0.9354000,0.0000000,8.2804000,-0.1449000,8.2401000
20240123,461,P,0.2250,0.2250,0.2250,0.2250,0,0,0.1342000,-0.0579000,0.0000000,7.6118000,-0.0689000,-0.5312000
20240123,493,C,0.0250,0.0250,0.0250,0.0250,0,0,0.1132000,0.0078000,0.0000000,1.4093000,-0.0119000,0.0706000
20240123,493,P,18.8700,18.8700,18.8700,18.8700,0,0,0.1962000,-0.9171000,0.0000000,10.0220000,-0.0743000,-8.7010000
20240123,535,P,60.8600,60.8600,60.8600,60.8600,0,0,0.4873000,-0.9592000,0.0000000,5.7485000,-0.1249000,-9.8888000
20240123,450,C,24.6900,24.6900,24.6900,24.6900,0,0,0.1967000,0.9753000,0.0000000,3.7898000,-0.1170000,8.3950000
20240123,450,P,0.0850,0.0850,0.0850,0.0850,0,0,0.1845000,-0.0181000,0.0000000,2.9206000,-0.0372000,-0.1661000
20240123,418,C,56.5950,56.5950,56.5950,56.5950,0,0,0.3740000,0.9933000,0.0000000,1.2175000,-0.0929000,7.9470000
20240123,418,P,0.0350,0.0350,0.0350,0.0350,0,0,0.3515000,-0.0042000,0.0000000,0.8192000,-0.0202000,-0.0391000
20240123,482,C,0.4150,0.4150,0.4150,0.4150,0,0,0.0980000,0.1284000,0.0000000,13.7719000,-0.1052000,1.1597000
20240123,482,P,7.9550,7.9550,7.9550,7.9550,0,0,0.1076000,-0.8487000,0.0000000,15.3937000,-0.0585000,-7.8696000
20240123,514,P,39.8600,39.8600,39.8600,39.8600,0,0,0.3493000,-0.9478000,0.0000000,7.0013000,-0.1034000,-9.3828000
20240123,407,C,67.5750,67.5750,67.5750,67.5750,0,0,0.4355000,0.9950000,0.0000000,0.9453000,-0.0883000,7.7513000
20240123,407,P,0.0250,0.0250,0.0250,0.0250,0,0,0.3984000,-0.0024000,0.0000000,0.5022000,-0.0141000,-0.0227000
20240123,439,C,35.6450,35.6450,35.6450,35.6450,0,0,0.2573000,0.9862000,0.0000000,2.3009000,-0.1052000,8.2843000
20240123,439,P,0.0450,0.0450,0.0450,0.0450,0,0,0.2343000,-0.0077000,0.0000000,1.4074000,-0.0230000,-0.0716000
20240123,471,C,5.0500,5.0500,5.0500,5.0500,0,0,0.1114000,0.6915000,0.0000000,23.1129000,-0.2310000,6.1910000
20240123,471,P,1.4350,1.4350,1.4350,1.4350,0,0,0.1102000,-0.3065000,0.0000000,23.0505000,-0.1600000,-2.8149000
20240123,545,P,70.8600,70.8600,70.8600,70.8600,0,0,0.5492000,-0.9625000,0.0000000,5.3663000,-0.1336000,-10.1106000
20240123,428,C,46.6200,46.6200,46.6200,46.6200,0,0,0.3242000,0.9899000,0.0000000,1.7596000,-0.1023000,8.1069000
20240123,428,P,0.0350,0.0350,0.0350,0.0350,0,0,0.2910000,-0.0048000,0.0000000,0.9289000,-0.0189000,-0.0449000
20240123,460,C,14.8100,14.8100,14.8100,14.8100,0,0,0.1435000,0.9430000,0.0000000,7.5060000,-0.1399000,8.2907000
20240123,460,P,0.1950,0.1950,0.1950,0.1950,0,0,0.1376000,-0.0497000,0.0000000,6.7426000,-0.0628000,-0.4558000
20240123,492,C,0.0250,0.0250,0.0250,0.0250,0,0,0.1083000,0.0083000,0.0000000,1.4991000,-0.0121000,0.0758000
20240123,492,P,17.8700,17.8700,17.8700,17.8700,0,0,0.1883000,-0.9143000,0.0000000,10.2782000,-0.0724000,-8.6561000
20240123,524,P,49.8600,49.8600,49.8600,49.8600,0,0,0.4165000,-0.9543000,0.0000000,6.3007000,-0.1142000,-9.6332000
20240123,417,C,57.5950,57.5950,57.5950,57.5950,0,0,0.3808000,0.9934000,0.0000000,1.2118000,-0.0932000,7.9282000
20240123,417,P,0.0350,0.0350,0.0350,0.0350,0,0,0.3554000,-0.0039000,0.0000000,0.7765000,-0.0194000,-0.0368000
20240123,449,C,25.6800,25.6800,25.6800,25.6800,0,0,0.2011000,0.9774000,0.0000000,3.5179000,-0.1143000,8.3950000
20240123,449,P,0.0750,0.0750,0.0750,0.0750,0,0,0.1875000,-0.0158000,0.0000000,2.6081000,-0.0338000,-0.1455000
20240123,481,C,0.5650,0.5650,0.5650,0.5650,0,0,0.0985000,0.1645000,0.0000000,16.2686000,-0.1257000,1.4853000
20240123,481,P,7.0600,7.0600,7.0600,7.0600,0,0,0.1044000,-0.8210000,0.0000000,17.1662000,-0.0703000,-7.6006000
20240123,406,C,68.5750,68.5750,68.5750,68.5750,0,0,0.4414000,0.9951000,0.0000000,0.9288000,-0.0880000,7.7331000
20240123,406,P,0.0250,0.0250,0.0250,0.0250,0,0,0.4062000,-0.0025000,0.0000000,0.5155000,-0.0147000,-0.0234000
20240123,438,C,36.6400,36.6400,36.6400,36.6400,0,0,0.2646000,0.9863000,0.0000000,2.2898000,-0.1061000,8.2658000
20240123,438,P,0.0450,0.0450,0.0450,0.0450,0,0,0.2402000,-0.0075000,0.0000000,1.3725000,-0.0230000,-0.0696000
20240123,470,C,5.8050,5.8050,5.8050,5.8050,0,0,0.1134000,0.7347000,0.0000000,21.5161000,-0.2242000,6.5694000
20240123,470,P,1.1750,1.1750,1.1750,1.1750,0,0,0.1114000,-0.2617000,0.0000000,21.3707000,-0.1518000,-2.4024000
20240123,502,C,0.0150,0.0150,0.0150,0.0150,0,0,0.1484000,0.0032000,0.0000000,0.6467000,-0.0070000,0.0294000
20240123,502,P,27.8600,27.8600,27.8600,27.8600,0,0,0.2641000,-0.9352000,0.0000000,8.2966000,-0.0878000,-9.0384000
20240123,427,C,47.6150,47.6150,47.6150,47.6150,0,0,0.3251000,0.9910000,0.0000000,1.5829000,-0.0983000,8.0983000
20240123,427,P,0.0350,0.0350,0.0350,0.0350,0,0,0.2968000,-0.0047000,0.0000000,0.9130000,-0.0190000,-0.0440000
20240123,459,C,15.7800,15.7800,15.7800,15.7800,0,0,0.1472000,0.9504000,0.0000000,6.7262000,-0.1341000,8.3390000
20240123,459,P,0.1750,0.1750,0.1750,0.1750,0,0,0.1423000,-0.0441000,0.0000000,6.1246000,-0.0591000,-0.4043000
20240123,491,C,0.0350,0.0350,0.0350,0.0350,0,0,0.1083000,0.0120000,0.0000000,2.0541000,-0.0167000,0.1087000
20240123,491,P,16.8700,16.8700,16.8700,16.8700,0,0,0.1802000,-0.9112000,0.0000000,10.5500000,-0.0704000,-8.6092000
20240124,416,C,58.6650,58.6650,58.6650,58.6650,0,0,0.3710000,0.9924000,0.0000000,1.4667000,-0.0940000,9.0269000
20240124,416,P,0.0350,0.0350,0.0350,0.0350,0,0,0.3398000,-0.0040000,0.0000000,0.8424000,-0.0176000,-0.0428000
20240124,448,C,26.7700,26.7700,26.7700,26.7700,0,0,0.2016000,0.9744000,0.0000000,4.1719000,-0.1160000,9.5396000
20240124,448,P,0.0950,0.0950,0.0950,0.0950,0,0,0.1884000,-0.0184000,0.0000000,3.1801000,-0.0361000,-0.1941000
20240124,480,C,0.9650,0.9650,0.9650,0.9650,0,0,0.1019000,0.2317000,0.0000000,21.4061000,-0.1523000,2.3876000
20240124,480,P,6.3450,6.3450,6.3450,6.3450,0,0,0.1042000,-0.7632000,0.0000000,21.6591000,-0.0874000,-8.0699000
20240124,405,C,69.6450,69.6450,69.6450,69.6450,0,0,0.4316000,0.9940000,0.0000000,1.1828000,-0.0904000,8.8033000
20240124,405,P,0.0250,0.0250,0.0250,0.0250,0,0,0.3867000,-0.0025000,0.0000000,0.5542000,-0.0132000,-0.0269000
20240124,437,C,37.7200,37.7200,37.7200,37.7200,0,0,0.2607000,0.9846000,0.0000000,2.7112000,-0.1067000,9.4052000
20240124,437,P,0.0550,0.0550,0.0550,0.0550,0,0,0.2373000,-0.0088000,0.0000000,1.6854000,-0.0243000,-0.0933000
20240124,469,C,6.8900,6.8900,6.8900,6.8900,0,0,0.1193000,0.7542000,0.0000000,22.1015000,-0.2160000,7.6867000
20240124,469,P,1.1950,1.1950,1.1950,1.1950,0,0,0.1174000,-0.2422000,0.0000000,21.9313000,-0.1440000,-2.5434000
20240124,426,C,48.6900,48.6900,48.6900,48.6900,0,0,0.3212000,0.9892000,0.0000000,1.9983000,-0.1013000,9.2121000
20240124,426,P,0.0450,0.0450,0.0450,0.0450,0,0,0.2929000,-0.0059000,0.0000000,1.1832000,-0.0212000,-0.0626000
20240124,458,C,16.9050,16.9050,16.9050,16.9050,0,0,0.1528000,0.9441000,0.0000000,7.9016000,-0.1382000,9.4408000
20240124,458,P,0.2150,0.2150,0.2150,0.2150,0,0,0.1464000,-0.0485000,0.0000000,7.0754000,-0.0613000,-0.5094000
20240124,490,C,0.0550,0.0550,0.0550,0.0550,0,0,0.1030000,0.0188000,0.0000000,3.2375000,-0.0221000,0.1952000
20240124,490,P,15.8700,15.8700,15.8700,15.8700,0,0,0.1663000,-0.8994000,0.0000000,12.3637000,-0.0640000,-9.6948000
20240124,415,C,59.6650,59.6650,59.6650,59.6650,0,0,0.3769000,0.9925000,0.0000000,1.4446000,-0.0939000,9.0064000
20240124,415,P,0.0350,0.0350,0.0350,0.0350,0,0,0.3437000,-0.0038000,0.0000000,0.8035000,-0.0169000,-0.0406000
20240124,447,C,27.7650,27.7650,27.7650,27.7650,0,0,0.2060000,0.9763000,0.0000000,3.9152000,-0.1138000,9.5372000
20240124,447,P,0.0950,0.0950,0.0950,0.0950,0,0,0.1948000,-0.0180000,0.0000000,3.1115000,-0.0366000,-0.1893000
20240124,479,C,1.2350,1.2350,1.2350,1.2350,0,0,0.1029000,0.2778000,0.0000000,23.5372000,-0.1703000,2.8598000
20240124,479,P,5.6050,5.6050,5.6050,5.6050,0,0,0.1044000,-0.7191000,0.0000000,23.6640000,-0.1040000,-7.5953000
20240124,404,C,70.6400,70.6400,70.6400,70.6400,0,0,0.4375000,0.9941000,0.0000000,1.1670000,-0.0903000,8.7823000
20240124,404,P,0.0250,0.0250,0.0250,0.0250,0,0,0.3906000,-0.0024000,0.0000000,0.5308000,-0.0127000,-0.0256000
20240124,436,C,38.7200,38.7200,38.7200,38.7200,0,0,0.2675000,0.9847000,0.0000000,2.6900000,-0.1073000,9.3847000
20240124,436,P,0.0550,0.0550,0.0550,0.0550,0,0,0.2431000,-0.0087000,0.0000000,1.6562000,-0.0245000,-0.0915000
20240124,468,C,7.7000,7.7000,7.7000,7.7000,0,0,0.1215000,0.7865000,0.0000000,20.4245000,-0.2084000,8.0043000
20240124,468,P,1.0050,1.0050,1.0050,1.0050,0,0,0.1193000,-0.2093000,0.0000000,20.1918000,-0.1360000,-2.1973000
20240124,500,C,0.0150,0.0150,0.0150,0.0150,0,0,0.1289000,0.0033000,0.0000000,0.7016000,-0.0058000,0.0341000
20240124,500,P,25.8600,25.8600,25.8600,25.8600,0,0,0.2402000,-0.9256000,0.0000000,9.8667000,-0.0804000,-10.1859000
20240124,425,C,49.6850,49.6850,49.6850,49.6850,0,0,0.3222000,0.9903000,0.0000000,1.8109000,-0.0976000,9.2024000
20240124,425,P,0.0450,0.0450,0.0450,0.0450,0,0,0.2988000,-0.0058000,0.0000000,1.1694000,-0.0214000,-0.0618000
20240124,457,C,17.8800,17.8800,17.8800,17.8800,0,0,0.1577000,0.9490000,0.0000000,7.3474000,-0.1354000,9.4701000
20240124,457,P,0.1950,0.1950,0.1950,0.1950,0,0,0.1506000,-0.0434000,0.0000000,6.4718000,-0.0578000,-0.4560000
20240124,489,C,0.0750,0.0750,0.0750,0.0750,0,0,0.1027000,0.0257000,0.0000000,4.1997000,-0.0287000,0.2656000
20240124,489,P,14.8700,14.8700,14.8700,14.8700,0,0,0.1584000,-0.8955000,0.0000000,12.7110000,-0.0618000,-9.6323000
20240124,414,C,60.6650,60.6650,60.6650,60.6650,0,0,0.3847000,0.9924000,0.0000000,1.4657000,-0.0949000,8.9832000
20240124,414,P,0.0350,0.0350,0.0350,0.0350,0,0,0.3515000,-0.0039000,0.0000000,0.8290000,-0.0179000,-0.0421000
20240124,446,C,28.7600,28.7600,28.7600,28.7600,0,0,0.2128000,0.9768000,0.0000000,3.8506000,-0.1145000,9.5201000
20240124,446,P,0.0850,0.0850,0.0850,0.0850,0,0,0.1972000,-0.0158000,0.0000000,2.7917000,-0.0333000,-0.1667000
20240124,478,C,1.5600,1.5600,1.5600,1.5600,0,0,0.1042000,0.3277000,0.0000000,25.3488000,-0.1875000,3.3714000
20240124,478,P,4.9050,4.9050,4.9050,4.9050,0,0,0.1045000,-0.6717000,0.0000000,25.3640000,-0.1186000,-7.0881000
20240124,510,P,35.8600,35.8600,35.8600,35.8600,0,0,0.3093000,-0.9388000,0.0000000,8.4877000,-0.0939000,-10.5418000
20240124,435,C,39.7150,39.7150,39.7150,39.7150,0,0,0.2700000,0.9861000,0.0000000,2.4746000,-0.1041000,9.3776000
20240124,435,P,0.0550,0.0550,0.0550,0.0550,0,0,0.2490000,-0.0085000,0.0000000,1.6281000,-0.0247000,-0.0897000
20240124,467,C,8.5400,8.5400,8.5400,8.5400,0,0,0.1239000,0.8150000,0.0000000,18.7357000,-0.2001000,8.2818000
20240124,467,P,0.8450,0.8450,0.8450,0.8450,0,0,0.1213000,-0.1800000,0.0000000,18.4234000,-0.1271000,-1.8897000
20240124,499,C,0.0150,0.0150,0.0150,0.0150,0,0,0.1250000,0.0035000,0.0000000,0.7461000,-0.0060000,0.0366000
20240124,499,P,24.8600,24.8600,24.8600,24.8600,0,0,0.2331000,-0.9238000,0.0000000,10.0540000,-0.0790000,-10.1447000
20240124,424,C,50.6850,50.6850,50.6850,50.6850,0,0,0.3291000,0.9903000,0.0000000,1.8078000,-0.0982000,9.1807000
20240124,424,P,0.0450,0.0450,0.0450,0.0450,0,0,0.3046000,-0.0057000,0.0000000,1.1559000,-0.0216000,-0.0610000
20240124,456,C,18.8600,18.8600,18.8600,18.8600,0,0,0.1621000,0.9538000,0.0000000,6.7896000,-0.1319000,9.4985000
20240124,456,P,0.1750,0.1750,0.1750,0.1750,0,0,0.1542000,-0.0385000,0.0000000,5.8730000,-0.0539000,-0.4045000
20240124,520,P,45.8600,45.8600,45.8600,45.8600,0,0,0.3747000,-0.9470000,0.0000000,7.5819000,-0.1054000,-10.8459000
20240124,488,C,0.0950,0.0950,0.0950,0.0950,0,0,0.1010000,0.0325000,0.0000000,5.1114000,-0.0345000,0.3364000
20240124,488,P,13.8700,13.8700,13.8700,13.8700,0,0,0.1505000,-0.8911000,0.0000000,13.1031000,-0.0596000,-9.5638000
20240124,413,C,61.6600,61.6600,61.6600,61.6600,0,0,0.3906000,0.9925000,0.0000000,1.4436000,-0.0948000,8.9626000
20240124,413,P,0.0350,0.0350,0.0350,0.0350,0,0,0.3554000,-0.0037000,0.0000000,0.7915000,-0.0173000,-0.0399000
20240124,445,C,29.7550,29.7550,29.7550,29.7550,0,0,0.2167000,0.9786000,0.0000000,3.5919000,-0.1119000,9.5175000
20240124,445,P,0.0850,0.0850,0.0850,0.0850,0,0,0.2036000,-0.0155000,0.0000000,2.7414000,-0.0338000,-0.1633000
20240124,477,C,1.9400,1.9400,1.9400,1.9400,0,0,0.1055000,0.3795000,0.0000000,26.7167000,-0.2021000,3.9020000
20240124,477,P,4.2750,4.2750,4.2750,4.2750,0,0,0.1053000,-0.6206000,0.0000000,26.7121000,-0.1323000,-6.5426000
20240124,434,C,40.7100,40.7100,40.7100,40.7100,0,0,0.2763000,0.9864000,0.0000000,2.4389000,-0.1043000,9.3581000
20240124,434,P,0.0550,0.0550,0.0550,0.0550,0,0,0.2548000,-0.0083000,0.0000000,1.6011000,-0.0249000,-0.0880000
20240124,466,C,9.4050,9.4050,9.4050,9.4050,0,0,0.1259000,0.8406000,0.0000000,17.0356000,-0.1908000,8.5290000
20240124,466,P,0.7150,0.7150,0.7150,0.7150,0,0,0.1237000,-0.1552000,0.0000000,16.7407000,-0.1186000,-1.6284000
20240124,498,C,0.0150,0.0150,0.0150,0.0150,0,0,0.1210000,0.0038000,0.0000000,0.7966000,-0.0062000,0.0394000
20240124,498,P,23.8650,23.8650,23.8650,23.8650,0,0,0.2258000,-0.9220000,0.0000000,10.2344000,-0.0772000,-10.1041000
20240124,530,P,55.8600,55.8600,55.8600,55.8600,0,0,0.4372000,-0.9526000,0.0000000,6.9310000,-0.1154000,-11.1237000
20240124,423,C,51.6850,51.6850,51.6850,51.6850,0,0,0.3359000,0.9904000,0.0000000,1.8042000,-0.0987000,9.1590000
20240124,423,P,0.0450,0.0450,0.0450,0.0450,0,0,0.3105000,-0.0057000,0.0000000,1.1426000,-0.0217000,-0.0602000
20240124,455,C,19.8400,19.8400,19.8400,19.8400,0,0,0.1662000,0.9582000,0.0000000,6.2578000,-0.1283000,9.5231000
20240124,455,P,0.1550,0.1550,0.1550,0.1550,0,0,0.1577000,-0.0341000,0.0000000,5.3091000,-0.0499000,-0.3576000
20240124,487,C,0.1250,0.1250,0.1250,0.1250,0,0,0.1000000,0.0423000,0.0000000,6.3350000,-0.0425000,0.4374000
20240124,487,P,12.8700,12.8700,12.8700,12.8700,0,0,0.1423000,-0.8863000,0.0000000,13.5135000,-0.0570000,-9.4921000
20240124,412,C,62.6550,62.6550,62.6550,62.6550,0,0,0.3906000,0.9933000,0.0000000,1.3023000,-0.0913000,8.9494000
20240124,412,P,0.0350,0.0350,0.0350,0.0350,0,0,0.3613000,-0.0037000,0.0000000,0.7854000,-0.0174000,-0.0396000
20240124,444,C,30.7500,30.7500,30.7500,30.7500,0,0,0.2236000,0.9790000,0.0000000,3.5412000,-0.1126000,9.4992000
20240124,444,P,0.0750,0.0750,0.0750,0.0750,0,0,0.2060000,-0.0137000,0.0000000,2.4660000,-0.0307000,-0.1444000
20240124,476,C,2.3750,2.3750,2.3750,2.3750,0,0,0.1066000,0.4323000,0.0000000,27.5989000,-0.2134000,4.4413000
20240124,476,P,3.7000,3.7000,3.7000,3.7000,0,0,0.1064000,-0.5677000,0.0000000,27.5974000,-0.1438000,-5.9805000
20240124,540,P,65.8600,65.8600,65.8600,65.8600,0,0,0.4973000,-0.9568000,0.0000000,6.4366000,-0.1243000,-11.3861000
20240124,433,C,41.7100,41.7100,41.7100,41.7100,0,0,0.2832000,0.9865000,0.0000000,2.4244000,-0.1050000,9.3371000
20240124,433,P,0.0550,0.0550,0.0550,0.0550,0,0,0.2607000,-0.0082000,0.0000000,1.5750000,-0.0250000,-0.0864000
20240124,465,C,10.2950,10.2950,10.2950,10.2950,0,0,0.1286000,0.8619000,0.0000000,15.4709000,-0.1824000,8.7318000
20240124,465,P,0.6050,0.6050,0.6050,0.6050,0,0,0.1262000,-0.1334000,0.0000000,15.1226000,-0.1099000,-1.4003000
20240124,497,C,0.0250,0.0250,0.0250,0.0250,0,0,0.1259000,0.0070000,0.0000000,1.3710000,-0.0112000,0.0724000
20240124,497,P,22.8650,22.8650,22.8650,22.8650,0,0,0.2185000,-0.9200000,0.0000000,10.4310000,-0.0755000,-10.0615000
20240124,422,C,52.6800,52.6800,52.6800,52.6800,0,0,0.3427000,0.9904000,0.0000000,1.8003000,-0.0993000,9.1373000
20240124,422,P,0.0450,0.0450,0.0450,0.0450,0,0,0.3164000,-0.0056000,0.0000000,1.1295000,-0.0219000,-0.0594000
20240124,454,C,20.8300,20.8300,20.8300,20.8300,0,0,0.1718000,0.9609000,0.0000000,5.9308000,-0.1270000,9.5291000
20240124,454,P,0.1450,0.1450,0.1450,0.1450,0,0,0.1625000,-0.0313000,0.0000000,4.9561000,-0.0481000,-0.3290000
20240124,486,C,0.1650,0.1650,0.1650,0.1650,0,0,0.0991000,0.0546000,0.0000000,7.7717000,-0.0519000,0.5646000
20240124,486,P,11.8700,11.8700,11.8700,11.8700,0,0,0.1340000,-0.8809000,0.0000000,13.9654000,-0.0543000,-9.4141000
20240124,411,C,63.6550,63.6550,63.6550,63.6550,0,0,0.3974000,0.9933000,0.0000000,1.3033000,-0.0917000,8.9275000
20240124,411,P,0.0350,0.0350,0.0350,0.0350,0,0,0.3671000,-0.0037000,0.0000000,0.7794000,-0.0176000,-0.0393000
20240124,443,C,31.7450,31.7450,31.7450,31.7450,0,0,0.2275000,0.9805000,0.0000000,3.3123000,-0.1102000,9.4941000
20240124,443,P,0.0750,0.0750,0.0750,0.0750,0,0,0.2119000,-0.0133000,0.0000000,2.4027000,-0.0308000,-0.1401000
20240124,475,C,2.8700,2.8700,2.8700,2.8700,0,0,0.1083000,0.4855000,0.0000000,27.9835000,-0.2226000,4.9827000
20240124,475,P,3.1900,3.1900,3.1900,3.1900,0,0,0.1077000,-0.5145000,0.0000000,27.9832000,-0.1524000,-5.4168000
20240124,432,C,42.7050,42.7050,42.7050,42.7050,0,0,0.2856000,0.9877000,0.0000000,2.2367000,-0.1019000,9.3279000
20240124,432,P,0.0550,0.0550,0.0550,0.0550,0,0,0.2656000,-0.0078000,0.0000000,1.5176000,-0.0246000,-0.0829000
20240124,464,C,11.2000,11.2000,11.2000,11.2000,0,0,0.1315000,0.8802000,0.0000000,14.0241000,-0.1745000,8.9011000
20240124,464,P,0.5150,0.5150,0.5150,0.5150,0,0,0.1287000,-0.1148000,0.0000000,13.6099000,-0.1015000,-1.2044000
20240124,496,C,0.0250,0.0250,0.0250,0.0250,0,0,0.1210000,0.0072000,0.0000000,1.4139000,-0.0112000,0.0750000
20240124,496,P,21.8650,21.8650,21.8650,21.8650,0,0,0.2111000,-0.9178000,0.0000000,10.6457000,-0.0738000,-10.0169000
20240124,421,C,53.6800,53.6800,53.6800,53.6800,0,0,0.3496000,0.9904000,0.0000000,1.7959000,-0.0998000,9.1157000
20240124,421,P,0.0350,0.0350,0.0350,0.0350,0,0,0.3125000,-0.0044000,0.0000000,0.9136000,-0.0175000,-0.0468000
20240124,453,C,21.8100,21.8100,21.8100,21.8100,0,0,0.1752000,0.9650000,0.0000000,5.4129000,-0.1228000,9.5506000
20240124,453,P,0.1350,0.1350,0.1350,0.1350,0,0,0.1669000,-0.0285000,0.0000000,4.5893000,-0.0459000,-0.2999000
20240124,485,C,0.2350,0.2350,0.2350,0.2350,0,0,0.0999000,0.0737000,0.0000000,9.8131000,-0.0663000,0.7617000
20240124,485,P,10.8700,10.8700,10.8700,10.8700,0,0,0.1257000,-0.8745000,0.0000000,14.4870000,-0.0518000,-9.3258000
20240124,410,C,64.6550,64.6550,64.6550,64.6550,0,0,0.4042000,0.9933000,0.0000000,1.3039000,-0.0921000,8.9055000
20240124,410,P,0.0250,0.0250,0.0250,0.0250,0,0,0.3593000,-0.0027000,0.0000000,0.5888000,-0.0130000,-0.0287000
20240124,442,C,32.7400,32.7400,32.7400,32.7400,0,0,0.2338000,0.9810000,0.0000000,3.2437000,-0.1104000,9.4771000
20240124,442,P,0.0750,0.0750,0.0750,0.0750,0,0,0.2177000,-0.0129000,0.0000000,2.3430000,-0.0309000,-0.1361000
20240124,474,C,3.4200,3.4200,3.4200,3.4200,0,0,0.1099000,0.5374000,0.0000000,27.8784000,-0.2282000,5.5098000
20240124,474,P,2.7300,2.7300,2.7300,2.7300,0,0,0.1090000,-0.4622000,0.0000000,27.8766000,-0.1575000,-4.8635000
20240124,506,C,0.0150,0.0150,0.0150,0.0150,0,0,0.1562000,0.0029000,0.0000000,0.6345000,-0.0063000,0.0305000
20240124,506,P,31.8600,31.8600,31.8600,31.8600,0,0,0.2822000,-0.9343000,0.0000000,8.9659000,-0.0889000,-10.4078000
20240124,431,C,43.7050,43.7050,43.7050,43.7050,0,0,0.2919000,0.9878000,0.0000000,2.2084000,-0.1022000,9.3079000
20240124,431,P,0.0450,0.0450,0.0450,0.0450,0,0,0.2646000,-0.0065000,0.0000000,1.2851000,-0.0208000,-0.0686000
20240124,463,C,12.1250,12.1250,12.1250,12.1250,0,0,0.1343000,0.8962000,0.0000000,12.6558000,-0.1664000,9.0473000
20240124,463,P,0.4350,0.4350,0.4350,0.4350,0,0,0.1311000,-0.0982000,0.0000000,12.1621000,-0.0928000,-1.0305000
20240124,495,C,0.0250,0.0250,0.0250,0.0250,0,0,0.1162000,0.0075000,0.0000000,1.4626000,-0.0111000,0.0780000
20240124,495,P,20.8650,20.8650,20.8650,20.8650,0,0,0.2038000,-0.9154000,0.0000000,10.8809000,-0.0723000,-9.9698000
20240124,420,C,54.6750,54.6750,54.6750,54.6750,0,0,0.3496000,0.9915000,0.0000000,1.6109000,-0.0957000,9.1056000
20240124,420,P,0.0350,0.0350,0.0350,0.0350,0,0,0.3164000,-0.0042000,0.0000000,0.8691000,-0.0168000,-0.0443000
20240124,452,C,22.8000,22.8000,22.8000,22.8000,0,0,0.1806000,0.9672000,0.0000000,5.1287000,-0.1214000,9.5518000
20240124,452,P,0.1250,0.1250,0.1250,0.1250,0,0,0.1713000,-0.0261000,0.0000000,4.2582000,-0.0437000,-0.2742000
20240124,484,C,0.3150,0.3150,0.3150,0.3150,0,0,0.0998000,0.0950000,0.0000000,11.8676000,-0.0805000,0.9808000
20240124,484,P,9.8750,9.8750,9.8750,9.8750,0,0,0.1171000,-0.8673000,0.0000000,15.0540000,-0.0488000,-9.2297000
20240124,409,C,65.6500,65.6500,65.6500,65.6500,0,0,0.4111000,0.9933000,0.0000000,1.3040000,-0.0925000,8.8836000
20240124,409,P,0.0250,0.0250,0.0250,0.0250,0,0,0.3632000,-0.0025000,0.0000000,0.5629000,-0.0126000,-0.0273000
20240124,441,C,33.7350,33.7350,33.7350,33.7350,0,0,0.2373000,0.9826000,0.0000000,3.0140000,-0.1076000,9.4716000
20240124,441,P,0.0650,0.0650,0.0650,0.0650,0,0,0.2197000,-0.0113000,0.0000000,2.0929000,-0.0279000,-0.1195000
20240124,473,C,4.0200,4.0200,4.0200,4.0200,0,0,0.1115000,0.5873000,0.0000000,27.3278000,-0.2305000,6.0154000
20240124,473,P,2.3300,2.3300,2.3300,2.3300,0,0,0.1105000,-0.4118000,0.0000000,27.3162000,-0.1599000,-4.3312000
20240124,505,C,0.0150,0.0150,0.0150,0.0150,0,0,0.1523000,0.0031000,0.0000000,0.6639000,-0.0065000,0.0321000
20240124,505,P,30.8600,30.8600,30.8600,30.8600,0,0,0.2753000,-0.9330000,0.0000000,9.1022000,-0.0876000,-10.3724000
20240124,430,C,44.7000,44.7000,44.7000,44.7000,0,0,0.2988000,0.9879000,0.0000000,2.1987000,-0.1028000,9.2866000
20240124,430,P,0.0450,0.0450,0.0450,0.0450,0,0,0.2705000,-0.0064000,0.0000000,1.2690000,-0.0210000,-0.0677000
20240124,462,C,13.0650,13.0650,13.0650,13.0650,0,0,0.1378000,0.9091000,0.0000000,11.4787000,-0.1597000,9.1610000
20240124,462,P,0.3750,0.3750,0.3750,0.3750,0,0,0.1340000,-0.0849000,0.0000000,10.9158000,-0.0855000,-0.8906000
20240124,494,C,0.0250,0.0250,0.0250,0.0250,0,0,0.1113000,0.0078000,0.0000000,1.5181000,-0.0111000,0.0814000
20240124,494,P,19.8650,19.8650,19.8650,19.8650,0,0,0.1962000,-0.9130000,0.0000000,11.1129000,-0.0703000,-9.9227000
20240124,419,C,55.6750,55.6750,55.6750,55.6750,0,0,0.3564000,0.9915000,0.0000000,1.6095000,-0.0962000,9.0837000
20240124,419,P,0.0350,0.0350,0.0350,0.0350,0,0,0.3222000,-0.0041000,0.0000000,0.8624000,-0.0170000,-0.0439000
20240124,451,C,23.7900,23.7900,23.7900,23.7900,0,0,0.1855000,0.9696000,0.0000000,4.8248000,-0.1194000,9.5544000
20240124,451,P,0.1150,0.1150,0.1150,0.1150,0,0,0.1752000,-0.0236000,0.0000000,3.9162000,-0.0412000,-0.2482000
20240124,483,C,0.4250,0.4250,0.4250,0.4250,0,0,0.1002000,0.1217000,0.0000000,14.1882000,-0.0972000,1.2563000
20240124,483,P,8.9300,8.9300,8.9300,8.9300,0,0,0.1121000,-0.8508000,0.0000000,16.3042000,-0.0542000,-9.0371000
20240124,515,P,40.8600,40.8600,40.8600,40.8600,0,0,0.3425000,-0.9432000,0.0000000,7.9987000,-0.1000000,-10.6977000
20240124,525,P,50.8600,50.8600,50.8600,50.8600,0,0,0.4062000,-0.9500000,0.0000000,7.2280000,-0.1104000,-10.9876000
20240124,440,C,34.7300,34.7300,34.7300,34.7300,0,0,0.2441000,0.9828000,0.0000000,2.9843000,-0.1083000,9.4518000
20240124,440,P,0.0650,0.0650,0.0650,0.0650,0,0,0.2255000,-0.0110000,0.0000000,2.0472000,-0.0280000,-0.1165000
20240124,408,C,66.6500,66.6500,66.6500,66.6500,0,0,0.4179000,0.9933000,0.0000000,1.3038000,-0.0929000,8.8617000
20240124,408,P,0.0250,0.0250,0.0250,0.0250,0,0,0.3671000,-0.0024000,0.0000000,0.5385000,-0.0121000,-0.0260000
20240124,472,C,4.6750,4.6750,4.6750,4.6750,0,0,0.1132000,0.6345000,0.0000000,26.3943000,-0.2300000,6.4913000
20240124,472,P,1.9800,1.9800,1.9800,1.9800,0,0,0.1121000,-0.3642000,0.0000000,26.3651000,-0.1593000,-3.8286000
20240124,504,C,0.0150,0.0150,0.0150,0.0150,0,0,0.1484000,0.0032000,0.0000000,0.6966000,-0.0066000,0.0338000
20240124,504,P,29.8600,29.8600,29.8600,29.8600,0,0,0.2684000,-0.9317000,0.0000000,9.2389000,-0.0862000,-10.3370000
20240124,429,C,45.7000,45.7000,45.7000,45.7000,0,0,0.3056000,0.9880000,0.0000000,2.1888000,-0.1034000,9.2653000
20240124,429,P,0.0450,0.0450,0.0450,0.0450,0,0,0.2753000,-0.0061000,0.0000000,1.2263000,-0.0206000,-0.0651000
20240124,461,C,14.0100,14.0100,14.0100,14.0100,0,0,0.1413000,0.9201000,0.0000000,10.4197000,-0.1536000,9.2546000
20240124,461,P,0.3250,0.3250,0.3250,0.3250,0,0,0.1372000,-0.0738000,0.0000000,9.8148000,-0.0790000,-0.7739000
20240124,493,C,0.0350,0.0350,0.0350,0.0350,0,0,0.1113000,0.0109000,0.0000000,2.0274000,-0.0148000,0.1133000
20240124,493,P,18.8700,18.8700,18.8700,18.8700,0,0,0.1896000,-0.9091000,0.0000000,11.4769000,-0.0704000,-9.8611000
20240124,535,P,60.8600,60.8600,60.8600,60.8600,0,0,0.4675000,-0.9548000,0.0000000,6.6666000,-0.1199000,-11.2565000
20240124,450,C,24.7850,24.7850,24.7850,24.7850,0,0,0.1901000,0.9718000,0.0000000,4.5261000,-0.1173000,9.5560000
20240124,450,P,0.1050,0.1050,0.1050,0.1050,0,0,0.1787000,-0.0211000,0.0000000,3.5676000,-0.0383000,-0.2222000
20240124,418,C,56.6700,56.6700,56.6700,56.6700,0,0,0.3632000,0.9915000,0.0000000,1.6078000,-0.0967000,9.0619000
20240124,418,P,0.0350,0.0350,0.0350,0.0350,0,0,0.3281000,-0.0041000,0.0000000,0.8558000,-0.0172000,-0.0435000
20240124,482,C,0.5650,0.5650,0.5650,0.5650,0,0,0.1005000,0.1532000,0.0000000,16.6003000,-0.1148000,1.5802000
20240124,482,P,8.0200,8.0200,8.0200,8.0200,0,0,0.1082000,-0.8286000,0.0000000,17.8517000,-0.0623000,-8.7867000
20240124,407,C,67.6450,67.6450,67.6450,67.6450,0,0,0.4169000,0.9941000,0.0000000,1.1640000,-0.0891000,8.8483000
20240124,407,P,0.0250,0.0250,0.0250,0.0250,0,0,0.3750000,-0.0025000,0.0000000,0.5588000,-0.0129000,-0.0271000
20240124,439,C,35.7300,35.7300,35.7300,35.7300,0,0,0.2509000,0.9830000,0.0000000,2.9554000,-0.1090000,9.4319000
20240124,439,P,0.0650,0.0650,0.0650,0.0650,0,0,0.2314000,-0.0108000,0.0000000,2.0037000,-0.0282000,-0.1137000
20240124,471,C,5.3650,5.3650,5.3650,5.3650,0,0,0.1148000,0.6787000,0.0000000,25.1433000,-0.2266000,6.9352000
20240124,471,P,1.6750,1.6750,1.6750,1.6750,0,0,0.1136000,-0.3195000,0.0000000,25.0870000,-0.1558000,-3.3575000
20240124,545,P,70.8600,70.8600,70.8600,70.8600,0,0,0.5265000,-0.9585000,0.0000000,6.2316000,-0.1285000,-11.5133000
20240124,428,C,46.6950,46.6950,46.6950,46.6950,0,0,0.3076000,0.9891000,0.0000000,2.0111000,-0.1002000,9.2551000
20240124,428,P,0.0450,0.0450,0.0450,0.0450,0,0,0.2812000,-0.0061000,0.0000000,1.2116000,-0.0208000,-0.0642000
20240124,460,C,14.9650,14.9650,14.9650,14.9650,0,0,0.1442000,0.9305000,0.0000000,9.3707000,-0.1466000,9.3415000
20240124,460,P,0.2850,0.2850,0.2850,0.2850,0,0,0.1406000,-0.0645000,0.0000000,8.8522000,-0.0733000,-0.6769000
20240124,492,C,0.0350,0.0350,0.0350,0.0350,0,0,0.1064000,0.0116000,0.0000000,2.1365000,-0.0150000,0.1203000
20240124,492,P,17.8700,17.8700,17.8700,17.8700,0,0,0.1820000,-0.9062000,0.0000000,11.7505000,-0.0684000,-9.8086000
20240124,417,C,57.6700,57.6700,57.6700,57.6700,0,0,0.3701000,0.9916000,0.0000000,1.6056000,-0.0972000,9.0401000
20240124,417,P,0.0350,0.0350,0.0350,0.0350,0,0,0.3339000,-0.0040000,0.0000000,0.8491000,-0.0174000,-0.0432000
20240124,449,C,25.7800,25.7800,25.7800,25.7800,0,0,0.1972000,0.9724000,0.0000000,4.4515000,-0.1183000,9.5399000
20240124,449,P,0.1050,0.1050,0.1050,0.1050,0,0,0.1855000,-0.0208000,0.0000000,3.5158000,-0.0393000,-0.2185000
20240124,481,C,0.7450,0.7450,0.7450,0.7450,0,0,0.1013000,0.1903000,0.0000000,19.0683000,-0.1337000,1.9617000
20240124,481,P,7.1600,7.1600,7.1600,7.1600,0,0,0.1059000,-0.7988000,0.0000000,19.7173000,-0.0743000,-8.4583000
20240124,406,C,68.6450,68.6450,68.6450,68.6450,0,0,0.4238000,0.9941000,0.0000000,1.1653000,-0.0895000,8.8263000
20240124,406,P,0.0250,0.0250,0.0250,0.0250,0,0,0.3789000,-0.0024000,0.0000000,0.5349000,-0.0124000,-0.0258000
20240124,438,C,36.7250,36.7250,36.7250,36.7250,0,0,0.2539000,0.9845000,0.0000000,2.7327000,-0.1060000,9.4256000
20240124,438,P,0.0650,0.0650,0.0650,0.0650,0,0,0.2373000,-0.0105000,0.0000000,1.9624000,-0.0283000,-0.1111000
20240124,470,C,6.1100,6.1100,6.1100,6.1100,0,0,0.1171000,0.7182000,0.0000000,23.6978000,-0.2223000,7.3300000
20240124,470,P,1.4150,1.4150,1.4150,1.4150,0,0,0.1154000,-0.2789000,0.0000000,23.5837000,-0.1507000,-2.9293000
20240124,502,C,0.0150,0.0150,0.0150,0.0150,0,0,0.1386000,0.0032000,0.0000000,0.6981000,-0.0062000,0.0339000
20240124,502,P,27.8600,27.8600,27.8600,27.8600,0,0,0.2543000,-0.9289000,0.0000000,9.5340000,-0.0833000,-10.2636000
20240124,427,C,47.6950,47.6950,47.6950,47.6950,0,0,0.3144000,0.9891000,0.0000000,2.0049000,-0.1008000,9.2336000
20240124,427,P,0.0450,0.0450,0.0450,0.0450,0,0,0.2871000,-0.0060000,0.0000000,1.1973000,-0.0210000,-0.0634000
20240124,459,C,15.9300,15.9300,15.9300,15.9300,0,0,0.1486000,0.9376000,0.0000000,8.6150000,-0.1425000,9.3945000
20240124,459,P,0.2450,0.2450,0.2450,0.2450,0,0,0.1433000,-0.0556000,0.0000000,7.8836000,-0.0667000,-0.5838000
20240124,491,C,0.0450,0.0450,0.0450,0.0450,0,0,0.1054000,0.0154000,0.0000000,2.7206000,-0.0189000,0.1592000
20240124,491,P,16.8700,16.8700,16.8700,16.8700,0,0,0.1743000,-0.9029000,0.0000000,12.0546000,-0.0664000,-9.7523000
20240125,480,C,1.2150,1.2150,1.2150,1.2150,0,0,0.1061000,0.2566000,0.0000000,23.9859000,-0.1589000,2.9703000
20240125,480,P,6.4750,6.4750,6.4750,6.4750,0,0,0.1060000,-0.7434000,0.0000000,23.9798000,-0.0889000,-8.8511000
20240125,469,C,7.2750,7.2750,7.2750,7.2750,0,0,0.1263000,0.7331000,0.0000000,24.4727000,-0.2213000,8.3911000
20240125,469,P,1.3750,1.3750,1.3750,1.3750,0,0,0.1190000,-0.2549000,0.0000000,23.9028000,-0.1403000,-3.0140000
20240125,490,C,0.0850,0.0850,0.0850,0.0850,0,0,0.1044000,0.0273000,0.0000000,4.6930000,-0.0291000,0.3179000
20240125,490,P,15.8700,15.8700,15.8700,15.8700,0,0,0.1616000,-0.8915000,0.0000000,13.8609000,-0.0605000,-10.8133000
20240125,479,C,1.5150,1.5150,1.5150,1.5150,0,0,0.1072000,0.3004000,0.0000000,25.9035000,-0.1748000,3.4754000
20240125,479,P,5.7450,5.7450,5.7450,5.7450,0,0,0.1060000,-0.7016000,0.0000000,25.8189000,-0.1027000,-8.3445000
20240125,468,C,8.0800,8.0800,8.0800,8.0800,0,0,0.1292000,0.7623000,0.0000000,23.0216000,-0.2168000,8.7124000
20240125,468,P,1.1800,1.1800,1.1800,1.1800,0,0,0.1214000,-0.2241000,0.0000000,22.2774000,-0.1346000,-2.6489000
20240125,500,C,0.0250,0.0250,0.0250,0.0250,0,0,0.1318000,0.0063000,0.0000000,1.3226000,-0.0101000,0.0732000
20240125,500,P,25.8600,25.8600,25.8600,25.8600,0,0,0.2327000,-0.9192000,0.0000000,11.1413000,-0.0767000,-11.3845000
20240125,489,C,0.1150,0.1150,0.1150,0.1150,0,0,0.1042000,0.0358000,0.0000000,5.8700000,-0.0364000,0.4166000
20240125,489,P,14.8700,14.8700,14.8700,14.8700,0,0,0.1540000,-0.8872000,0.0000000,14.2491000,-0.0584000,-10.7388000
20240125,478,C,1.8650,1.8650,1.8650,1.8650,0,0,0.1084000,0.3466000,0.0000000,27.4796000,-0.1892000,4.0071000
20240125,478,P,5.0650,5.0650,5.0650,5.0650,0,0,0.1062000,-0.6565000,0.0000000,27.3840000,-0.1154000,-7.7998000
20240125,510,C,0.0150,0.0150,0.0150,0.0150,0,0,0.1640000,0.0028000,0.0000000,0.6429000,-0.0060000,0.0326000
20240125,510,P,35.8600,35.8600,35.8600,35.8600,0,0,0.2991000,-0.9334000,0.0000000,9.6166000,-0.0901000,-11.7962000
20240125,467,C,8.9150,8.9150,8.9150,8.9150,0,0,0.1320000,0.7888000,0.0000000,21.5234000,-0.2110000,9.0025000
20240125,467,P,1.0150,1.0150,1.0150,1.0150,0,0,0.1235000,-0.1959000,0.0000000,20.5852000,-0.1275000,-2.3153000
20240125,499,C,0.0250,0.0250,0.0250,0.0250,0,0,0.1269000,0.0063000,0.0000000,1.3349000,-0.0098000,0.0740000
20240125,499,P,24.8650,24.8650,24.8650,24.8650,0,0,0.2258000,-0.9174000,0.0000000,11.3324000,-0.0751000,-11.3383000
20240125,520,P,45.8600,45.8600,45.8600,45.8600,0,0,0.3620000,-0.9422000,0.0000000,8.6118000,-0.1014000,-12.1455000
20240125,488,C,0.1450,0.1450,0.1450,0.1450,0,0,0.1030000,0.0449000,0.0000000,7.0529000,-0.0434000,0.5222000
20240125,488,P,13.8700,13.8700,13.8700,13.8700,0,0,0.1462000,-0.8827000,0.0000000,14.6504000,-0.0560000,-10.6616000
20240125,477,C,2.2700,2.2700,2.2700,2.2700,0,0,0.1101000,0.3947000,0.0000000,28.6607000,-0.2022000,4.5587000
20240125,477,P,4.4450,4.4450,4.4450,4.4450,0,0,0.1068000,-0.6086000,0.0000000,28.5926000,-0.1269000,-7.2245000
20240125,466,C,9.7700,9.7700,9.7700,9.7700,0,0,0.1351000,0.8119000,0.0000000,20.0738000,-0.2054000,9.2512000
20240125,466,P,0.8650,0.8650,0.8650,0.8650,0,0,0.1254000,-0.1705000,0.0000000,18.8778000,-0.1196000,-2.0149000
20240125,498,C,0.0250,0.0250,0.0250,0.0250,0,0,0.1230000,0.0068000,0.0000000,1.4171000,-0.0101000,0.0791000
20240125,498,P,23.8650,23.8650,23.8650,23.8650,0,0,0.2188000,-0.9154000,0.0000000,11.5398000,-0.0735000,-11.2901000
20240125,530,P,55.8600,55.8600,55.8600,55.8600,0,0,0.4218000,-0.9483000,0.0000000,7.8768000,-0.1109000,-12.4641000
20240125,487,C,0.1950,0.1950,0.1950,0.1950,0,0,0.1030000,0.0583000,0.0000000,8.6747000,-0.0536000,0.6772000
20240125,487,P,12.8700,12.8700,12.8700,12.8700,0,0,0.1384000,-0.8775000,0.0000000,15.1054000,-0.0536000,-10.5762000
20240125,476,C,2.7250,2.7250,2.7250,2.7250,0,0,0.1114000,0.4428000,0.0000000,29.3957000,-0.2122000,5.1105000
20240125,476,P,3.8900,3.8900,3.8900,3.8900,0,0,0.1081000,-0.5590000,0.0000000,29.3747000,-0.1373000,-6.6312000
20240125,465,C,10.6500,10.6500,10.6500,10.6500,0,0,0.1385000,0.8322000,0.0000000,18.6810000,-0.1997000,9.4663000
20240125,465,P,0.7450,0.7450,0.7450,0.7450,0,0,0.1279000,-0.1488000,0.0000000,17.2730000,-0.1123000,-1.7589000
20240125,497,C,0.0250,0.0250,0.0250,0.0250,0,0,0.1181000,0.0069000,0.0000000,1.4369000,-0.0099000,0.0804000
20240125,497,P,22.8650,22.8650,22.8650,22.8650,0,0,0.2119000,-0.9132000,0.0000000,11.7653000,-0.0720000,-11.2396000
20240125,486,C,0.2550,0.2550,0.2550,0.2550,0,0,0.1025000,0.0736000,0.0000000,10.3983000,-0.0642000,0.8553000
20240125,486,P,11.8700,11.8700,11.8700,11.8700,0,0,0.1304000,-0.8717000,0.0000000,15.6049000,-0.0511000,-10.4833000
20240125,475,C,3.2350,3.2350,3.2350,3.2350,0,0,0.1131000,0.4908000,0.0000000,29.6927000,-0.2201000,5.6590000
20240125,475,P,3.3850,3.3850,3.3850,3.3850,0,0,0.1091000,-0.5096000,0.0000000,29.6917000,-0.1444000,-6.0418000
20240125,464,C,11.5500,11.5500,11.5500,11.5500,0,0,0.1420000,0.8499000,0.0000000,17.3657000,-0.1941000,9.6509000
20240125,464,P,0.6450,0.6450,0.6450,0.6450,0,0,0.1306000,-0.1302000,0.0000000,15.7712000,-0.1053000,-1.5386000
20240125,496,C,0.0250,0.0250,0.0250,0.0250,0,0,0.1132000,0.0070000,0.0000000,1.4595000,-0.0096000,0.0819000
20240125,496,P,21.8650,21.8650,21.8650,21.8650,0,0,0.2048000,-0.9109000,0.0000000,11.9977000,-0.0703000,-11.1880000
20240125,485,C,0.3350,0.3350,0.3350,0.3350,0,0,0.1025000,0.0932000,0.0000000,12.4136000,-0.0771000,1.0822000
20240125,485,P,10.8750,10.8750,10.8750,10.8750,0,0,0.1224000,-0.8650000,0.0000000,16.1588000,-0.0485000,-10.3809000
20240125,474,C,3.8000,3.8000,3.8000,3.8000,0,0,0.1152000,0.5375000,0.0000000,29.5686000,-0.2259000,6.1907000
20240125,474,P,2.9350,2.9350,2.9350,2.9350,0,0,0.1105000,-0.4611000,0.0000000,29.5594000,-0.1493000,-5.4630000
20240125,463,C,12.4600,12.4600,12.4600,12.4600,0,0,0.1456000,0.8655000,0.0000000,16.1166000,-0.1883000,9.8116000
20240125,463,P,0.5550,0.5550,0.5550,0.5550,0,0,0.1329000,-0.1132000,0.0000000,14.2968000,-0.0976000,-1.3379000
20240125,495,C,0.0350,0.0350,0.0350,0.0350,0,0,0.1142000,0.0101000,0.0000000,2.0081000,-0.0134000,0.1178000
20240125,495,P,20.8650,20.8650,20.8650,20.8650,0,0,0.1977000,-0.9083000,0.0000000,12.2517000,-0.0687000,-11.1335000
20240125,484,C,0.4450,0.4450,0.4450,0.4450,0,0,0.1031000,0.1179000,0.0000000,14.7082000,-0.0923000,1.3674000
20240125,484,P,9.9000,9.9000,9.9000,9.9000,0,0,0.1159000,-0.8537000,0.0000000,17.0674000,-0.0495000,-10.2246000
20240125,473,C,4.4100,4.4100,4.4100,4.4100,0,0,0.1172000,0.5822000,0.0000000,29.0663000,-0.2289000,6.6985000
20240125,473,P,2.5350,2.5350,2.5350,2.5350,0,0,0.1121000,-0.4143000,0.0000000,29.0128000,-0.1517000,-4.9059000
20240125,430,C,44.9150,44.9150,44.9150,44.9150,0,0,0.3266000,0.9747000,0.0000000,4.3934000,-0.1405000,10.2873000
20240125,430,P,0.0650,0.0650,0.0650,0.0650,0,0,0.2685000,-0.0089000,0.0000000,1.7998000,-0.0262000,-0.1060000
20240125,462,C,13.3850,13.3850,13.3850,13.3850,0,0,0.1490000,0.8796000,0.0000000,14.9224000,-0.1824000,9.9536000
20240125,462,P,0.4850,0.4850,0.4850,0.4850,0,0,0.1358000,-0.0994000,0.0000000,13.0085000,-0.0912000,-1.1738000
20240125,494,C,0.0350,0.0350,0.0350,0.0350,0,0,0.1098000,0.0107000,0.0000000,2.1209000,-0.0136000,0.1254000
20240125,494,P,19.8650,19.8650,19.8650,19.8650,0,0,0.1904000,-0.9058000,0.0000000,12.5018000,-0.0667000,-11.0791000
20240125,483,C,0.5850,0.5850,0.5850,0.5850,0,0,0.1038000,0.1467000,0.0000000,17.1092000,-0.1088000,1.7017000
20240125,483,P,8.9750,8.9750,8.9750,8.9750,0,0,0.1113000,-0.8361000,0.0000000,18.3942000,-0.0546000,-9.9965000
20240125,440,C,34.9550,34.9550,34.9550,34.9550,0,0,0.2666000,0.9668000,0.0000000,5.5075000,-0.1432000,10.4405000
20240125,440,P,0.0850,0.0850,0.0850,0.0850,0,0,0.2207000,-0.0135000,0.0000000,2.5856000,-0.0307000,-0.1605000
20240125,472,C,5.0650,5.0650,5.0650,5.0650,0,0,0.1191000,0.6247000,0.0000000,28.2371000,-0.2293000,7.1784000
20240125,472,P,2.1850,2.1850,2.1850,2.1850,0,0,0.1137000,-0.3699000,0.0000000,28.1076000,-0.1517000,-4.3783000
20240125,461,C,14.3250,14.3250,14.3250,14.3250,0,0,0.1533000,0.8908000,0.0000000,13.9178000,-0.1780000,10.0616000
20240125,461,P,0.4250,0.4250,0.4250,0.4250,0,0,0.1389000,-0.0874000,0.0000000,11.8350000,-0.0852000,-1.0328000
20240125,493,C,0.0450,0.0450,0.0450,0.0450,0,0,0.1093000,0.0142000,0.0000000,2.7004000,-0.0173000,0.1657000
20240125,493,P,18.8700,18.8700,18.8700,18.8700,0,0,0.1839000,-0.9019000,0.0000000,12.8799000,-0.0665000,-11.0092000
20240125,450,C,25.0300,25.0300,25.0300,25.0300,0,0,0.2092000,0.9500000,0.0000000,7.6773000,-0.1512000,10.4887000
20240125,450,P,0.1450,0.1450,0.1450,0.1450,0,0,0.1787000,-0.0273000,0.0000000,4.6963000,-0.0447000,-0.3236000
20240125,482,C,0.7550,0.7550,0.7550,0.7550,0,0,0.1044000,0.1793000,0.0000000,19.4927000,-0.1254000,2.0784000
20240125,482,P,8.0950,8.0950,8.0950,8.0950,0,0,0.1086000,-0.8111000,0.0000000,20.1291000,-0.0642000,-9.6818000
20240125,471,C,5.7650,5.7650,5.7650,5.7650,0,0,0.1214000,0.6639000,0.0000000,27.1543000,-0.2282000,7.6202000
20240125,471,P,1.8750,1.8750,1.8750,1.8750,0,0,0.1154000,-0.3283000,0.0000000,26.9058000,-0.1495000,-3.8842000
20240125,460,C,15.2700,15.2700,15.2700,15.2700,0,0,0.1577000,0.9006000,0.0000000,13.0026000,-0.1739000,10.1525000
20240125,460,P,0.3750,0.3750,0.3750,0.3750,0,0,0.1419000,-0.0770000,0.0000000,10.7561000,-0.0794000,-0.9097000
20240125,492,C,0.0550,0.0550,0.0550,0.0550,0,0,0.1074000,0.0174000,0.0000000,3.2088000,-0.0203000,0.2027000
20240125,492,P,17.8700,17.8700,17.8700,17.8700,0,0,0.1766000,-0.8987000,0.0000000,13.1882000,-0.0647000,-10.9468000
20240125,481,C,0.9650,0.9650,0.9650,0.9650,0,0,0.1053000,0.2163000,0.0000000,21.8315000,-0.1425000,2.5054000
20240125,481,P,7.2600,7.2600,7.2600,7.2600,0,0,0.1071000,-0.7796000,0.0000000,22.0652000,-0.0764000,-9.2931000
20240125,470,C,6.5000,6.5000,6.5000,6.5000,0,0,0.1239000,0.7000000,0.0000000,25.8815000,-0.2255000,8.0240000
20240125,470,P,1.6100,1.6100,1.6100,1.6100,0,0,0.1175000,-0.2904000,0.0000000,25.5038000,-0.1462000,-3.4355000
20240125,491,C,0.0650,0.0650,0.0650,0.0650,0,0,0.1049000,0.0208000,0.0000000,3.7406000,-0.0232000,0.2427000
20240125,491,P,16.8700,16.8700,16.8700,16.8700,0,0,0.1691000,-0.8952000,0.0000000,13.5142000,-0.0627000,-10.8817000
20240126,448,C,27.1050,27.1050,27.1050,27.1050,0,0,0.2131000,0.9520000,0.0000000,7.8327000,-0.1453000,11.6234000
20240126,448,P,0.1550,0.1550,0.1550,0.1550,0,0,0.1835000,-0.0269000,0.0000000,4.8879000,-0.0429000,-0.3545000
20240126,480,C,1.4250,1.4250,1.4250,1.4250,0,0,0.1081000,0.2744000,0.0000000,26.1605000,-0.1602000,3.5263000
20240126,480,P,6.6000,6.6000,6.6000,6.6000,0,0,0.1077000,-0.7263000,0.0000000,26.1220000,-0.0895000,-9.6154000
20240126,512,C,0.0150,0.0150,0.0150,0.0150,0,0,0.1640000,0.0028000,0.0000000,0.6865000,-0.0058000,0.0367000
20240126,512,P,37.8600,37.8600,37.8600,37.8600,0,0,0.3028000,-0.9305000,0.0000000,10.4775000,-0.0888000,-13.1239000
20240126,447.5,C,27.6050,27.6050,27.6050,27.6050,0,0,0.2165000,0.9525000,0.0000000,7.7620000,-0.1458000,11.6167000
20240126,447.5,P,0.1550,0.1550,0.1550,0.1550,0,0,0.1865000,-0.0265000,0.0000000,4.8281000,-0.0431000,-0.3493000
20240126,437,C,38.0300,38.0300,38.0300,38.0300,0,0,0.2758000,0.9670000,0.0000000,5.7641000,-0.1407000,11.5199000
20240126,437,P,0.0950,0.0950,0.0950,0.0950,0,0,0.2299000,-0.0139000,0.0000000,2.7932000,-0.0311000,-0.1837000
20240126,405,C,69.9150,69.9150,69.9150,69.9150,0,0,0.4560000,0.9839000,0.0000000,3.1425000,-0.1294000,10.8660000
20240126,405,P,0.0450,0.0450,0.0450,0.0450,0,0,0.3710000,-0.0044000,0.0000000,1.0131000,-0.0184000,-0.0583000
20240126,469,C,7.5350,7.5350,7.5350,7.5350,0,0,0.1279000,0.7228000,0.0000000,26.2875000,-0.2169000,9.1823000
20240126,469,P,1.5650,1.5650,1.5650,1.5650,0,0,0.1211000,-0.2666000,0.0000000,25.7832000,-0.1375000,-3.5058000
20240126,458,C,17.3350,17.3350,17.3350,17.3350,0,0,0.1647000,0.9089000,0.0000000,12.8516000,-0.1661000,11.3321000
20240126,458,P,0.3650,0.3650,0.3650,0.3650,0,0,0.1481000,-0.0692000,0.0000000,10.4553000,-0.0726000,-0.9099000
20240126,490,C,0.1250,0.1250,0.1250,0.1250,0,0,0.1057000,0.0365000,0.0000000,6.2856000,-0.0357000,0.4717000
20240126,490,P,15.8700,15.8700,15.8700,15.8700,0,0,0.1575000,-0.8839000,0.0000000,15.3325000,-0.0574000,-11.9164000
20240126,457.5,C,17.8100,17.8100,17.8100,17.8100,0,0,0.1669000,0.9125000,0.0000000,12.4713000,-0.1645000,11.3657000
20240126,457.5,P,0.3450,0.3450,0.3450,0.3450,0,0,0.1496000,-0.0654000,0.0000000,9.9988000,-0.0702000,-0.8589000
20240126,415,C,59.9450,59.9450,59.9450,59.9450,0,0,0.3994000,0.9807000,0.0000000,3.6798000,-0.1325000,11.0969000
20240126,415,P,0.0550,0.0550,0.0550,0.0550,0,0,0.3271000,-0.0059000,0.0000000,1.3310000,-0.0213000,-0.0791000
20240126,447,C,28.0950,28.0950,28.0950,28.0950,0,0,0.2185000,0.9541000,0.0000000,7.5525000,-0.1443000,11.6240000
20240126,447,P,0.1450,0.1450,0.1450,0.1450,0,0,0.1875000,-0.0250000,0.0000000,4.5888000,-0.0412000,-0.3287000
20240126,479,C,1.7450,1.7450,1.7450,1.7450,0,0,0.1093000,0.3164000,0.0000000,27.9337000,-0.1742000,4.0634000
20240126,479,P,5.8900,5.8900,5.8900,5.8900,0,0,0.1077000,-0.6859000,0.0000000,27.8396000,-0.1017000,-9.0719000
20240126,436,C,39.0200,39.0200,39.0200,39.0200,0,0,0.2805000,0.9685000,0.0000000,5.5580000,-0.1391000,11.5112000
20240126,436,P,0.0950,0.0950,0.0950,0.0950,0,0,0.2353000,-0.0136000,0.0000000,2.7353000,-0.0312000,-0.1793000
20240126,500,C,0.0250,0.0250,0.0250,0.0250,0,0,0.1250000,0.0064000,0.0000000,1.4139000,-0.0092000,0.0826000
20240126,500,P,25.8600,25.8600,25.8600,25.8600,0,0,0.2263000,-0.9133000,0.0000000,12.3882000,-0.0732000,-12.5722000
20240126,468,C,8.3400,8.3400,8.3400,8.3400,0,0,0.1311000,0.7504000,0.0000000,24.9163000,-0.2139000,9.5187000
20240126,468,P,1.3550,1.3550,1.3550,1.3550,0,0,0.1230000,-0.2361000,0.0000000,24.1827000,-0.1322000,-3.1049000
20240126,467.5,C,8.7450,8.7450,8.7450,8.7450,0,0,0.1321000,0.7640000,0.0000000,24.1676000,-0.2112000,9.6854000
20240126,467.5,P,1.2650,1.2650,1.2650,1.2650,0,0,0.1242000,-0.2224000,0.0000000,23.3810000,-0.1296000,-2.9234000
20240126,425,C,49.9750,49.9750,49.9750,49.9750,0,0,0.3417000,0.9765000,0.0000000,4.3490000,-0.1345000,11.3154000
20240126,425,P,0.0650,0.0650,0.0650,0.0650,0,0,0.2812000,-0.0081000,0.0000000,1.7425000,-0.0239000,-0.1071000
20240126,457,C,18.2900,18.2900,18.2900,18.2900,0,0,0.1690000,0.9161000,0.0000000,12.0889000,-0.1628000,11.3988000
20240126,457,P,0.3250,0.3250,0.3250,0.3250,0,0,0.1511000,-0.0617000,0.0000000,9.5616000,-0.0679000,-0.8109000
20240126,489,C,0.1550,0.1550,0.1550,0.1550,0,0,0.1044000,0.0450000,0.0000000,7.4435000,-0.0419000,0.5808000
20240126,489,P,14.8700,14.8700,14.8700,14.8700,0,0,0.1502000,-0.8794000,0.0000000,15.7492000,-0.0553000,-11.8308000
20240126,350,C,124.7800,124.7800,124.7800,124.7800,0,0,0.7800000,0.9923000,0.0000000,1.6488000,-0.1146000,9.4716000
20240126,350,P,0.0150,0.0150,0.0150,0.0150,0,0,0.5874000,-0.0007000,0.0000000,0.1964000,-0.0057000,-0.0096000
20240126,446,C,29.0850,29.0850,29.0850,29.0850,0,0,0.2238000,0.9561000,0.0000000,7.2899000,-0.1434000,11.6225000
20240126,446,P,0.1450,0.1450,0.1450,0.1450,0,0,0.1933000,-0.0243000,0.0000000,4.4858000,-0.0416000,-0.3201000
20240126,478,C,2.1100,2.1100,2.1100,2.1100,0,0,0.1106000,0.3603000,0.0000000,29.3701000,-0.1870000,4.6235000
20240126,478,P,5.2300,5.2300,5.2300,5.2300,0,0,0.1081000,-0.6428000,0.0000000,29.2779000,-0.1131000,-8.4934000
20240126,510,C,0.0150,0.0150,0.0150,0.0150,0,0,0.1562000,0.0029000,0.0000000,0.7093000,-0.0057000,0.0381000
20240126,510,P,35.8600,35.8600,35.8600,35.8600,0,0,0.2905000,-0.9282000,0.0000000,10.7352000,-0.0865000,-13.0401000
20240126,435,C,40.0200,40.0200,40.0200,40.0200,0,0,0.2871000,0.9689000,0.0000000,5.4890000,-0.1399000,11.4899000
20240126,435,P,0.0850,0.0850,0.0850,0.0850,0,0,0.2373000,-0.0122000,0.0000000,2.4986000,-0.0287000,-0.1615000
20240126,467,C,9.1550,9.1550,9.1550,9.1550,0,0,0.1333000,0.7768000,0.0000000,23.4259000,-0.2085000,9.8399000
20240126,467,P,1.1800,1.1800,1.1800,1.1800,0,0,0.1255000,-0.2096000,0.0000000,22.5944000,-0.1271000,-2.7555000
20240126,499,C,0.0250,0.0250,0.0250,0.0250,0,0,0.1210000,0.0067000,0.0000000,1.4818000,-0.0094000,0.0871000
20240126,499,P,24.8650,24.8650,24.8650,24.8650,0,0,0.2197000,-0.9112000,0.0000000,12.6098000,-0.0719000,-12.5178000
20240126,360,C,114.8000,114.8000,114.8000,114.8000,0,0,0.7185000,0.9915000,0.0000000,1.8142000,-0.1169000,9.7336000
20240126,360,P,0.0150,0.0150,0.0150,0.0150,0,0,0.5375000,-0.0008000,0.0000000,0.2154000,-0.0057000,-0.0106000
20240126,456,C,19.2600,19.2600,19.2600,19.2600,0,0,0.1738000,0.9220000,0.0000000,11.4449000,-0.1603000,11.4484000
20240126,456,P,0.2950,0.2950,0.2950,0.2950,0,0,0.1545000,-0.0556000,0.0000000,8.8118000,-0.0642000,-0.7308000
20240126,520,P,45.8600,45.8600,45.8600,45.8600,0,0,0.3510000,-0.9377000,0.0000000,9.6268000,-0.0975000,-13.4365000
20240126,488,C,0.2050,0.2050,0.2050,0.2050,0,0,0.1044000,0.0574000,0.0000000,9.0336000,-0.0511000,0.7406000
20240126,488,P,13.8700,13.8700,13.8700,13.8700,0,0,0.1427000,-0.8747000,0.0000000,16.1792000,-0.0529000,-11.7420000
20240126,487.5,C,0.2350,0.2350,0.2350,0.2350,0,0,0.1044000,0.0645000,0.0000000,9.9011000,-0.0561000,0.8326000
20240126,487.5,P,13.3700,13.3700,13.3700,13.3700,0,0,0.1390000,-0.8718000,0.0000000,16.4337000,-0.0520000,-11.6915000
20240126,445,C,30.0750,30.0750,30.0750,30.0750,0,0,0.2292000,0.9579000,0.0000000,7.0433000,-0.1425000,11.6191000
20240126,445,P,0.1350,0.1350,0.1350,0.1350,0,0,0.1967000,-0.0224000,0.0000000,4.1822000,-0.0395000,-0.2945000
20240126,477,C,2.5300,2.5300,2.5300,2.5300,0,0,0.1121000,0.4053000,0.0000000,30.4219000,-0.1982000,5.1959000
20240126,477,P,4.6250,4.6250,4.6250,4.6250,0,0,0.1087000,-0.5978000,0.0000000,30.3608000,-0.1230000,-7.8920000
20240126,370,C,104.8200,104.8200,104.8200,104.8200,0,0,0.6578000,0.9904000,0.0000000,2.0026000,-0.1190000,9.9939000
20240126,370,P,0.0150,0.0150,0.0150,0.0150,0,0,0.4921000,-0.0009000,0.0000000,0.2547000,-0.0062000,-0.0127000
20240126,434,C,41.0150,41.0150,41.0150,41.0150,0,0,0.2917000,0.9702000,0.0000000,5.2993000,-0.1383000,11.4796000
20240126,434,P,0.0850,0.0850,0.0850,0.0850,0,0,0.2426000,-0.0120000,0.0000000,2.4517000,-0.0289000,-0.1581000
20240126,466,C,10.0050,10.0050,10.0050,10.0050,0,0,0.1364000,0.7995000,0.0000000,22.0004000,-0.2038000,10.1114000
20240126,466,P,1.0250,1.0250,1.0250,1.0250,0,0,0.1275000,-0.1848000,0.0000000,20.9344000,-0.1205000,-2.4285000
20240126,498,C,0.0350,0.0350,0.0350,0.0350,0,0,0.1220000,0.0093000,0.0000000,1.9751000,-0.0126000,0.1208000
20240126,498,P,23.8650,23.8650,23.8650,23.8650,0,0,0.2130000,-0.9091000,0.0000000,12.8362000,-0.0704000,-12.4625000
20240126,530,P,55.8600,55.8600,55.8600,55.8600,0,0,0.4089000,-0.9441000,0.0000000,8.8307000,-0.1071000,-13.7948000
20240126,455,C,20.2300,20.2300,20.2300,20.2300,0,0,0.1784000,0.9274000,0.0000000,10.8332000,-0.1578000,11.4923000
20240126,455,P,0.2650,0.2650,0.2650,0.2650,0,0,0.1574000,-0.0497000,0.0000000,8.0596000,-0.0599000,-0.6531000
20240126,487,C,0.2650,0.2650,0.2650,0.2650,0,0,0.1042000,0.0719000,0.0000000,10.7603000,-0.0610000,0.9273000
20240126,487,P,12.8700,12.8700,12.8700,12.8700,0,0,0.1351000,-0.8692000,0.0000000,16.6655000,-0.0506000,-11.6437000
20240126,380,C,94.8500,94.8500,94.8500,94.8500,0,0,0.6015000,0.9888000,0.0000000,2.2921000,-0.1234000,10.2464000
20240126,380,P,0.0250,0.0250,0.0250,0.0250,0,0,0.4687000,-0.0018000,0.0000000,0.4545000,-0.0105000,-0.0240000
20240126,444,C,31.0700,31.0700,31.0700,31.0700,0,0,0.2358000,0.9588000,0.0000000,6.9172000,-0.1433000,11.6038000
20240126,444,P,0.1250,0.1250,0.1250,0.1250,0,0,0.2001000,-0.0206000,0.0000000,3.9026000,-0.0376000,-0.2714000
20240126,476,C,2.9950,2.9950,2.9950,2.9950,0,0,0.1134000,0.4503000,0.0000000,31.0640000,-0.2069000,5.7674000
20240126,476,P,4.0800,4.0800,4.0800,4.0800,0,0,0.1100000,-0.5514000,0.0000000,31.0465000,-0.1321000,-7.2745000
20240126,508,C,0.0150,0.0150,0.0150,0.0150,0,0,0.1484000,0.0030000,0.0000000,0.7365000,-0.0056000,0.0397000
20240126,508,P,33.8600,33.8600,33.8600,33.8600,0,0,0.2780000,-0.9258000,0.0000000,11.0159000,-0.0842000,-12.9534000
20240126,540,P,65.8600,65.8600,65.8600,65.8600,0,0,0.4643000,-0.9490000,0.0000000,8.2164000,-0.1155000,-14.1318000
20240126,433,C,42.0100,42.0100,42.0100,42.0100,0,0,0.2983000,0.9706000,0.0000000,5.2382000,-0.1390000,11.4575000
20240126,433,P,0.0850,0.0850,0.0850,0.0850,0,0,0.2480000,-0.0117000,0.0000000,2.4067000,-0.0290000,-0.1548000
20240126,465,C,10.8700,10.8700,10.8700,10.8700,0,0,0.1395000,0.8198000,0.0000000,20.6031000,-0.1988000,10.3514000
20240126,465,P,0.8950,0.8950,0.8950,0.8950,0,0,0.1298000,-0.1632000,0.0000000,19.3488000,-0.1142000,-2.1453000
20240126,497,C,0.0350,0.0350,0.0350,0.0350,0,0,0.1171000,0.0094000,0.0000000,1.9977000,-0.0123000,0.1224000
20240126,497,P,22.8650,22.8650,22.8650,22.8650,0,0,0.2061000,-0.9068000,0.0000000,13.0681000,-0.0687000,-12.4062000
20240126,390,C,84.8750,84.8750,84.8750,84.8750,0,0,0.5421000,0.9873000,0.0000000,2.5631000,-0.1253000,10.4999000
20240126,390,P,0.0250,0.0250,0.0250,0.0250,0,0,0.4179000,-0.0019000,0.0000000,0.4970000,-0.0102000,-0.0264000
20240126,454,C,21.2050,21.2050,21.2050,21.2050,0,0,0.1827000,0.9327000,0.0000000,10.2213000,-0.1547000,11.5343000
20240126,454,P,0.2450,0.2450,0.2450,0.2450,0,0,0.1613000,-0.0454000,0.0000000,7.4998000,-0.0573000,-0.5970000
20240126,486,C,0.3450,0.3450,0.3450,0.3450,0,0,0.1044000,0.0902000,0.0000000,12.7704000,-0.0729000,1.1630000
20240126,486,P,11.8700,11.8700,11.8700,11.8700,0,0,0.1274000,-0.8631000,0.0000000,17.1980000,-0.0482000,-11.5368000
20240126,443,C,32.0650,32.0650,32.0650,32.0650,0,0,0.2412000,0.9604000,0.0000000,6.6953000,-0.1424000,11.5976000
20240126,443,P,0.1250,0.1250,0.1250,0.1250,0,0,0.2055000,-0.0199000,0.0000000,3.7936000,-0.0375000,-0.2625000
20240126,475,C,3.5150,3.5150,3.5150,3.5150,0,0,0.1152000,0.4950000,0.0000000,31.3046000,-0.2140000,6.3343000
20240126,475,P,3.5800,3.5800,3.5800,3.5800,0,0,0.1111000,-0.5053000,0.0000000,31.3042000,-0.1385000,-6.6627000
20240126,432,C,43.0050,43.0050,43.0050,43.0050,0,0,0.3027000,0.9719000,0.0000000,5.0484000,-0.1373000,11.4469000
20240126,432,P,0.0850,0.0850,0.0850,0.0850,0,0,0.2539000,-0.0116000,0.0000000,2.3866000,-0.0294000,-0.1533000
20240126,400,C,74.8950,74.8950,74.8950,74.8950,0,0,0.4824000,0.9856000,0.0000000,2.8654000,-0.1263000,10.7507000
20240126,400,P,0.0350,0.0350,0.0350,0.0350,0,0,0.3847000,-0.0032000,0.0000000,0.7669000,-0.0145000,-0.0427000
20240126,464,C,11.7550,11.7550,11.7550,11.7550,0,0,0.1424000,0.8383000,0.0000000,19.2215000,-0.1931000,10.5678000
20240126,464,P,0.7750,0.7750,0.7750,0.7750,0,0,0.1319000,-0.1435000,0.0000000,17.7654000,-0.1071000,-1.8856000
20240126,496,C,0.0350,0.0350,0.0350,0.0350,0,0,0.1132000,0.0101000,0.0000000,2.1220000,-0.0127000,0.1312000
20240126,496,P,21.8650,21.8650,21.8650,21.8650,0,0,0.1993000,-0.9044000,0.0000000,13.3207000,-0.0670000,-12.3470000
20240126,453,C,22.1800,22.1800,22.1800,22.1800,0,0,0.1877000,0.9367000,0.0000000,9.7401000,-0.1529000,11.5602000
20240126,453,P,0.2250,0.2250,0.2250,0.2250,0,0,0.1650000,-0.0414000,0.0000000,6.9578000,-0.0545000,-0.5441000
20240126,485,C,0.4450,0.4450,0.4450,0.4450,0,0,0.1046000,0.1114000,0.0000000,14.8988000,-0.0855000,1.4360000
20240126,485,P,10.8800,10.8800,10.8800,10.8800,0,0,0.1202000,-0.8549000,0.0000000,17.8909000,-0.0468000,-11.4032000
20240126,452.5,C,22.6750,22.6750,22.6750,22.6750,0,0,0.1901000,0.9387000,0.0000000,9.5056000,-0.1519000,11.5720000
20240126,452.5,P,0.2150,0.2150,0.2150,0.2150,0,0,0.1667000,-0.0394000,0.0000000,6.6896000,-0.0530000,-0.5184000
20240126,410,C,64.9250,64.9250,64.9250,64.9250,0,0,0.4262000,0.9827000,0.0000000,3.3440000,-0.1297000,10.9870000
20240126,410,P,0.0550,0.0550,0.0550,0.0550,0,0,0.3535000,-0.0055000,0.0000000,1.2531000,-0.0217000,-0.0739000
20240126,442,C,33.0600,33.0600,33.0600,33.0600,0,0,0.2475000,0.9614000,0.0000000,6.5651000,-0.1428000,11.5825000
20240126,442,P,0.1150,0.1150,0.1150,0.1150,0,0,0.2084000,-0.0182000,0.0000000,3.5128000,-0.0353000,-0.2398000
20240126,474,C,4.0800,4.0800,4.0800,4.0800,0,0,0.1171000,0.5385000,0.0000000,31.1607000,-0.2192000,6.8837000
20240126,474,P,3.1350,3.1350,3.1350,3.1350,0,0,0.1123000,-0.4601000,0.0000000,31.1505000,-0.1427000,-6.0623000
20240126,506,C,0.0150,0.0150,0.0150,0.0150,0,0,0.1406000,0.0032000,0.0000000,0.7694000,-0.0056000,0.0417000
20240126,506,P,31.8600,31.8600,31.8600,31.8600,0,0,0.2653000,-0.9231000,0.0000000,11.3127000,-0.0816000,-12.8644000
20240126,495,C,0.0450,0.0450,0.0450,0.0450,0,0,0.1123000,0.0128000,0.0000000,2.5939000,-0.0154000,0.1653000
20240126,495,P,20.8650,20.8650,20.8650,20.8650,0,0,0.1925000,-0.9017000,0.0000000,13.5963000,-0.0655000,-12.2845000
20240126,463,C,12.6600,12.6600,12.6600,12.6600,0,0,0.1462000,0.8535000,0.0000000,18.0035000,-0.1887000,10.7406000
20240126,463,P,0.6850,0.6850,0.6850,0.6850,0,0,0.1348000,-0.1274000,0.0000000,16.3749000,-0.1015000,-1.6741000
20240126,462.5,C,13.1100,13.1100,13.1100,13.1100,0,0,0.1477000,0.8612000,0.0000000,17.3609000,-0.1858000,10.8278000
20240126,462.5,P,0.6350,0.6350,0.6350,0.6350,0,0,0.1357000,-0.1190000,0.0000000,15.6138000,-0.0976000,-1.5640000
20240126,420,C,54.9600,54.9600,54.9600,54.9600,0,0,0.3720000,0.9784000,0.0000000,4.0519000,-0.1349000,11.2032000
20240126,420,P,0.0550,0.0550,0.0550,0.0550,0,0,0.3007000,-0.0064000,0.0000000,1.4162000,-0.0208000,-0.0847000
20240126,452,C,23.1650,23.1650,23.1650,23.1650,0,0,0.1926000,0.9405000,0.0000000,9.2795000,-0.1509000,11.5827000
20240126,452,P,0.2050,0.2050,0.2050,0.2050,0,0,0.1684000,-0.0376000,0.0000000,6.4332000,-0.0515000,-0.4941000
20240126,484,C,0.5750,0.5750,0.5750,0.5750,0,0,0.1052000,0.1372000,0.0000000,17.2280000,-0.1000000,1.7665000
20240126,484,P,9.9400,9.9400,9.9400,9.9400,0,0,0.1153000,-0.8402000,0.0000000,19.0764000,-0.0505000,-11.1862000
20240126,441,C,34.0500,34.0500,34.0500,34.0500,0,0,0.2526000,0.9630000,0.0000000,6.3456000,-0.1417000,11.5758000
20240126,441,P,0.1150,0.1150,0.1150,0.1150,0,0,0.2143000,-0.0178000,0.0000000,3.4572000,-0.0358000,-0.2355000
20240126,505,C,0.0150,0.0150,0.0150,0.0150,0,0,0.1367000,0.0033000,0.0000000,0.7885000,-0.0056000,0.0429000
20240126,505,P,30.8600,30.8600,30.8600,30.8600,0,0,0.2590000,-0.9217000,0.0000000,11.4765000,-0.0804000,-12.8179000
20240126,473,C,4.6900,4.6900,4.6900,4.6900,0,0,0.1190000,0.5803000,0.0000000,30.6703000,-0.2220000,7.4095000
20240126,473,P,2.7350,2.7350,2.7350,2.7350,0,0,0.1138000,-0.4163000,0.0000000,30.6166000,-0.1450000,-5.4831000
20240126,430,C,44.9950,44.9950,44.9950,44.9950,0,0,0.3139000,0.9733000,0.0000000,4.8321000,-0.1365000,11.4110000
20240126,430,P,0.0750,0.0750,0.0750,0.0750,0,0,0.2597000,-0.0099000,0.0000000,2.0903000,-0.0264000,-0.1317000
20240126,462,C,13.5700,13.5700,13.5700,13.5700,0,0,0.1495000,0.8679000,0.0000000,16.7836000,-0.1834000,10.9019000
20240126,462,P,0.5950,0.5950,0.5950,0.5950,0,0,0.1370000,-0.1120000,0.0000000,14.9488000,-0.0946000,-1.4711000
20240126,494,C,0.0550,0.0550,0.0550,0.0550,0,0,0.1113000,0.0161000,0.0000000,3.1582000,-0.0186000,0.2077000
20240126,494,P,19.8650,19.8650,19.8650,19.8650,0,0,0.1855000,-0.8988000,0.0000000,13.8827000,-0.0637000,-12.2201000
20240126,355,C,119.7900,119.7900,119.7900,119.7900,0,0,0.7496000,0.9919000,0.0000000,1.7339000,-0.1160000,9.6025000
20240126,355,P,0.0150,0.0150,0.0150,0.0150,0,0,0.5625000,-0.0007000,0.0000000,0.2060000,-0.0057000,-0.0101000
20240126,451,C,24.1450,24.1450,24.1450,24.1450,0,0,0.1975000,0.9440000,0.0000000,8.8515000,-0.1491000,11.6008000
20240126,451,P,0.1950,0.1950,0.1950,0.1950,0,0,0.1728000,-0.0350000,0.0000000,6.0641000,-0.0499000,-0.4598000
20240126,515,C,0.0150,0.0150,0.0150,0.0150,0,0,0.1738000,0.0024000,0.0000000,0.6036000,-0.0054000,0.0318000
20240126,515,P,40.8600,40.8600,40.8600,40.8600,0,0,0.3211000,-0.9334000,0.0000000,10.1303000,-0.0922000,-13.2446000
20240126,483,C,0.7250,0.7250,0.7250,0.7250,0,0,0.1053000,0.1652000,0.0000000,19.4997000,-0.1140000,2.1268000
20240126,483,P,9.0400,9.0400,9.0400,9.0400,0,0,0.1120000,-0.8195000,0.0000000,20.6232000,-0.0576000,-10.8932000
20240126,525,P,50.8600,50.8600,50.8600,50.8600,0,0,0.3802000,-0.9412000,0.0000000,9.1955000,-0.1023000,-13.6195000
20240126,440,C,35.0450,35.0450,35.0450,35.0450,0,0,0.2578000,0.9644000,0.0000000,6.1381000,-0.1406000,11.5678000
20240126,440,P,0.1150,0.1150,0.1150,0.1150,0,0,0.2197000,-0.0173000,0.0000000,3.3710000,-0.0358000,-0.2287000
20240126,472,C,5.3450,5.3450,5.3450,5.3450,0,0,0.1210000,0.6199000,0.0000000,29.8804000,-0.2228000,7.9067000
20240126,472,P,2.3850,2.3850,2.3850,2.3850,0,0,0.1156000,-0.3749000,0.0000000,29.7554000,-0.1457000,-4.9351000
20240126,504,C,0.0150,0.0150,0.0150,0.0150,0,0,0.1328000,0.0034000,0.0000000,0.8094000,-0.0056000,0.0442000
20240126,504,P,29.8600,29.8600,29.8600,29.8600,0,0,0.2525000,-0.9202000,0.0000000,11.6403000,-0.0790000,-12.7713000
20240126,365,C,109.8100,109.8100,109.8100,109.8100,0,0,0.6875000,0.9910000,0.0000000,1.8965000,-0.1176000,9.8647000
20240126,365,P,0.0150,0.0150,0.0150,0.0150,0,0,0.5124000,-0.0008000,0.0000000,0.2243000,-0.0056000,-0.0111000
20240126,461,C,14.5000,14.5000,14.5000,14.5000,0,0,0.1533000,0.8800000,0.0000000,15.6965000,-0.1790000,11.0335000
20240126,461,P,0.5250,0.5250,0.5250,0.5250,0,0,0.1398000,-0.0993000,0.0000000,13.7019000,-0.0889000,-1.3041000
20240126,493,C,0.0650,0.0650,0.0650,0.0650,0,0,0.1093000,0.0192000,0.0000000,3.6856000,-0.0214000,0.2489000
20240126,493,P,18.8700,18.8700,18.8700,18.8700,0,0,0.1791000,-0.8949000,0.0000000,14.2756000,-0.0633000,-12.1416000
20240126,535,P,60.8600,60.8600,60.8600,60.8600,0,0,0.4367000,-0.9468000,0.0000000,8.4969000,-0.1112000,-13.9662000
20240126,450,C,25.1350,25.1350,25.1350,25.1350,0,0,0.2031000,0.9465000,0.0000000,8.5315000,-0.1483000,11.6068000
20240126,450,P,0.1750,0.1750,0.1750,0.1750,0,0,0.1755000,-0.0313000,0.0000000,5.5411000,-0.0464000,-0.4121000
20240126,482,C,0.9150,0.9150,0.9150,0.9150,0,0,0.1060000,0.1981000,0.0000000,21.8482000,-0.1294000,2.5490000
20240126,482,P,8.1750,8.1750,8.1750,8.1750,0,0,0.1093000,-0.7946000,0.0000000,22.3210000,-0.0658000,-10.5454000
20240126,514,C,0.0150,0.0150,0.0150,0.0150,0,0,0.1699000,0.0025000,0.0000000,0.6101000,-0.0053000,0.0322000
20240126,514,P,39.8600,39.8600,39.8600,39.8600,0,0,0.3151000,-0.9324000,0.0000000,10.2486000,-0.0912000,-13.2042000
20240126,375,C,99.8400,99.8400,99.8400,99.8400,0,0,0.6320000,0.9894000,0.0000000,2.1827000,-0.1228000,10.1175000
20240126,375,P,0.0150,0.0150,0.0150,0.0150,0,0,0.4687000,-0.0010000,0.0000000,0.2726000,-0.0063000,-0.0137000
20240126,439,C,36.0400,36.0400,36.0400,36.0400,0,0,0.2644000,0.9651000,0.0000000,6.0492000,-0.1414000,11.5486000
20240126,439,P,0.1050,0.1050,0.1050,0.1050,0,0,0.2226000,-0.0159000,0.0000000,3.1328000,-0.0337000,-0.2099000
20240126,471,C,6.0400,6.0400,6.0400,6.0400,0,0,0.1234000,0.6567000,0.0000000,28.8566000,-0.2225000,8.3658000
20240126,471,P,2.0750,2.0750,2.0750,2.0750,0,0,0.1173000,-0.3359000,0.0000000,28.6217000,-0.1444000,-4.4206000
20240126,545,P,70.8600,70.8600,70.8600,70.8600,0,0,0.4914000,-0.9509000,0.0000000,7.9669000,-0.1197000,-14.2939000
20240126,460,C,15.4350,15.4350,15.4350,15.4350,0,0,0.1567000,0.8913000,0.0000000,14.6262000,-0.1739000,11.1552000
20240126,460,P,0.4650,0.4650,0.4650,0.4650,0,0,0.1427000,-0.0880000,0.0000000,12.5412000,-0.0833000,-1.1567000
20240126,492,C,0.0750,0.0750,0.0750,0.0750,0,0,0.1069000,0.0226000,0.0000000,4.2246000,-0.0241000,0.2925000
20240126,492,P,17.8700,17.8700,17.8700,17.8700,0,0,0.1721000,-0.8915000,0.0000000,14.6083000,-0.0615000,-12.0699000
20240126,385,C,89.8600,89.8600,89.8600,89.8600,0,0,0.5718000,0.9881000,0.0000000,2.4231000,-0.1244000,10.3735000
20240126,385,P,0.0250,0.0250,0.0250,0.0250,0,0,0.4453000,-0.0019000,0.0000000,0.4932000,-0.0108000,-0.0262000
20240126,449,C,26.1150,26.1150,26.1150,26.1150,0,0,0.2075000,0.9498000,0.0000000,8.1071000,-0.1459000,11.6231000
20240126,449,P,0.1650,0.1650,0.1650,0.1650,0,0,0.1796000,-0.0291000,0.0000000,5.2132000,-0.0447000,-0.3829000
20240126,481,C,1.1450,1.1450,1.1450,1.1450,0,0,0.1068000,0.2344000,0.0000000,24.0825000,-0.1447000,3.0137000
20240126,481,P,7.3650,7.3650,7.3650,7.3650,0,0,0.1081000,-0.7628000,0.0000000,24.2355000,-0.0772000,-10.1108000
20240126,438,C,37.0350,37.0350,37.0350,37.0350,0,0,0.2692000,0.9665000,0.0000000,5.8424000,-0.1400000,11.5402000
20240126,438,P,0.0950,0.0950,0.0950,0.0950,0,0,0.2246000,-0.0143000,0.0000000,2.8540000,-0.0310000,-0.1883000
20240126,470,C,6.7700,6.7700,6.7700,6.7700,0,0,0.1256000,0.6911000,0.0000000,27.6417000,-0.2204000,8.7917000
20240126,470,P,1.8050,1.8050,1.8050,1.8050,0,0,0.1192000,-0.2998000,0.0000000,27.2801000,-0.1416000,-3.9444000
20240126,502,C,0.0250,0.0250,0.0250,0.0250,0,0,0.1328000,0.0058000,0.0000000,1.2986000,-0.0090000,0.0750000
20240126,502,P,27.8600,27.8600,27.8600,27.8600,0,0,0.2395000,-0.9170000,0.0000000,11.9927000,-0.0761000,-12.6747000
20240126,395,C,79.8850,79.8850,79.8850,79.8850,0,0,0.5124000,0.9865000,0.0000000,2.7135000,-0.1260000,10.6254000
20240126,395,P,0.0350,0.0350,0.0350,0.0350,0,0,0.4101000,-0.0030000,0.0000000,0.7246000,-0.0146000,-0.0401000
20240126,459,C,16.3800,16.3800,16.3800,16.3800,0,0,0.1608000,0.9004000,0.0000000,13.7239000,-0.1702000,11.2478000
20240126,459,P,0.4150,0.4150,0.4150,0.4150,0,0,0.1457000,-0.0785000,0.0000000,11.5039000,-0.0783000,-1.0312000
20240126,491,C,0.0950,0.0950,0.0950,0.0950,0,0,0.1059000,0.0284000,0.0000000,5.1097000,-0.0290000,0.3670000
20240126,491,P,16.8700,16.8700,16.8700,16.8700,0,0,0.1649000,-0.8878000,0.0000000,14.9596000,-0.0595000,-11.9951000
20240129,480,C,1.6500,1.6500,1.6500,1.6500,0,0,0.1005000,0.2940000,0.0000000,30.8286000,-0.1392000,4.9074000
20240129,480,P,6.7350,6.7350,6.7350,6.7350,0,0,0.1036000,-0.6999000,0.0000000,31.1118000,-0.0747000,-12.0592000
20240129,469,C,7.8250,7.8250,7.8250,7.8250,0,0,0.1170000,0.7216000,0.0000000,30.0356000,-0.1838000,11.9065000
20240129,469,P,1.7750,1.7750,1.7750,1.7750,0,0,0.1152000,-0.2754000,0.0000000,29.8816000,-0.1131000,-4.7149000
20240129,490,C,0.1750,0.1750,0.1750,0.1750,0,0,0.0979000,0.0472000,0.0000000,8.8150000,-0.0364000,0.7912000
20240129,490,P,15.8700,15.8700,15.8700,15.8700,0,0,0.1483000,-0.8634000,0.0000000,19.5768000,-0.0496000,-15.1459000
20240129,479,C,1.9850,1.9850,1.9850,1.9850,0,0,0.1012000,0.3342000,0.0000000,32.5678000,-0.1496000,5.5733000
20240129,479,P,6.0500,6.0500,6.0500,6.0500,0,0,0.1038000,-0.6616000,0.0000000,32.7238000,-0.0841000,-11.3880000
20240129,468,C,8.6200,8.6200,8.6200,8.6200,0,0,0.1195000,0.7487000,0.0000000,28.5113000,-0.1815000,12.3356000
20240129,468,P,1.5650,1.5650,1.5650,1.5650,0,0,0.1172000,-0.2473000,0.0000000,28.2715000,-0.1101000,-4.2321000
20240129,500,C,0.0350,0.0350,0.0350,0.0350,0,0,0.1142000,0.0089000,0.0000000,2.1673000,-0.0101000,0.1502000
20240129,500,P,25.8600,25.8600,25.8600,25.8600,0,0,0.2116000,-0.8968000,0.0000000,16.0661000,-0.0650000,-16.0646000
20240129,478,C,2.3700,2.3700,2.3700,2.3700,0,0,0.1025000,0.3765000,0.0000000,33.9713000,-0.1596000,6.2732000
20240129,478,P,5.4050,5.4050,5.4050,5.4050,0,0,0.1038000,-0.6219000,0.0000000,34.0152000,-0.0920000,-10.6942000
20240129,510,C,0.0150,0.0150,0.0150,0.0150,0,0,0.1347000,0.0027000,0.0000000,0.7449000,-0.0040000,0.0452000
20240129,510,P,35.8600,35.8600,35.8600,35.8600,0,0,0.2705000,-0.9141000,0.0000000,14.0277000,-0.0775000,-16.7135000
20240129,467,C,9.4300,9.4300,9.4300,9.4300,0,0,0.1215000,0.7741000,0.0000000,26.8923000,-0.1778000,12.7364000
20240129,467,P,1.3750,1.3750,1.3750,1.3750,0,0,0.1190000,-0.2212000,0.0000000,26.5805000,-0.1062000,-3.7851000
20240129,520,P,45.8600,45.8600,45.8600,45.8600,0,0,0.3259000,-0.9251000,0.0000000,12.6488000,-0.0879000,-17.2552000
20240129,477,C,2.8050,2.8050,2.8050,2.8050,0,0,0.1036000,0.4192000,0.0000000,34.9610000,-0.1679000,6.9790000
20240129,477,P,4.8200,4.8200,4.8200,4.8200,0,0,0.1046000,-0.5800000,0.0000000,34.9749000,-0.0999000,-9.9660000
20240129,466,C,10.2650,10.2650,10.2650,10.2650,0,0,0.1235000,0.7975000,0.0000000,25.2314000,-0.1735000,13.1025000
20240129,466,P,1.2150,1.2150,1.2150,1.2150,0,0,0.1212000,-0.1980000,0.0000000,24.9048000,-0.1022000,-3.3879000
20240129,530,P,55.8600,55.8600,55.8600,55.8600,0,0,0.3787000,-0.9327000,0.0000000,11.6471000,-0.0970000,-17.7401000
20240129,476,C,3.2800,3.2800,3.2800,3.2800,0,0,0.1050000,0.4620000,0.0000000,35.5341000,-0.1750000,7.6858000
20240129,476,P,4.2800,4.2800,4.2800,4.2800,0,0,0.1053000,-0.5377000,0.0000000,35.5353000,-0.1061000,-9.2335000
20240129,465,C,11.1200,11.1200,11.1200,11.1200,0,0,0.1260000,0.8178000,0.0000000,23.6530000,-0.1695000,13.4143000
20240129,465,P,1.0700,1.0700,1.0700,1.0700,0,0,0.1234000,-0.1773000,0.0000000,23.2586000,-0.0980000,-3.0325000
20240129,475,C,3.8100,3.8100,3.8100,3.8100,0,0,0.1066000,0.5043000,0.0000000,35.6934000,-0.1806000,8.3815000
20240129,475,P,3.7950,3.7950,3.7950,3.7950,0,0,0.1063000,-0.4956000,0.0000000,35.6934000,-0.1111000,-8.5039000
20240129,485,C,0.5700,0.5700,0.5700,0.5700,0,0,0.0975000,0.1310000,0.0000000,19.0302000,-0.0803000,2.1920000
20240129,485,P,10.9100,10.9100,10.9100,10.9100,0,0,0.1151000,-0.8282000,0.0000000,22.7910000,-0.0420000,-14.3744000
20240129,474,C,4.3800,4.3800,4.3800,4.3800,0,0,0.1081000,0.5455000,0.0000000,35.4626000,-0.1845000,9.0562000
20240129,474,P,3.3550,3.3550,3.3550,3.3550,0,0,0.1074000,-0.4542000,0.0000000,35.4603000,-0.1147000,-7.7894000
20240129,484,C,0.7150,0.7150,0.7150,0.7150,0,0,0.0976000,0.1566000,0.0000000,21.4731000,-0.0913000,2.6204000
20240129,484,P,9.9950,9.9950,9.9950,9.9950,0,0,0.1110000,-0.8117000,0.0000000,24.1410000,-0.0455000,-14.0634000
20240129,473,C,4.9950,4.9950,4.9950,4.9950,0,0,0.1096000,0.5851000,0.0000000,34.8786000,-0.1868000,9.7038000
20240129,473,P,2.9600,2.9600,2.9600,2.9600,0,0,0.1089000,-0.4143000,0.0000000,34.8692000,-0.1170000,-7.1017000
20240129,430,C,45.0800,45.0800,45.0800,45.0800,0,0,0.2558000,0.9815000,0.0000000,4.0544000,-0.1011000,14.9681000
20240129,430,P,0.0950,0.0950,0.0950,0.0950,0,0,0.2363000,-0.0120000,0.0000000,2.8124000,-0.0247000,-0.2073000
20240129,483,C,0.8950,0.8950,0.8950,0.8950,0,0,0.0982000,0.1865000,0.0000000,24.0039000,-0.1034000,3.1176000
20240129,483,P,9.1100,9.1100,9.1100,9.1100,0,0,0.1080000,-0.7904000,0.0000000,25.7531000,-0.0510000,-13.6724000
20240129,440,C,35.1400,35.1400,35.1400,35.1400,0,0,0.2124000,0.9731000,0.0000000,5.5436000,-0.1074000,15.1819000
20240129,440,P,0.1350,0.1350,0.1350,0.1350,0,0,0.1987000,-0.0196000,0.0000000,4.2763000,-0.0313000,-0.3372000
20240129,472,C,5.6500,5.6500,5.6500,5.6500,0,0,0.1115000,0.6226000,0.0000000,33.9944000,-0.1880000,10.3133000
20240129,472,P,2.6100,2.6100,2.6100,2.6100,0,0,0.1104000,-0.3762000,0.0000000,33.9652000,-0.1179000,-6.4470000
20240129,450,C,25.2600,25.2600,25.2600,25.2600,0,0,0.1721000,0.9536000,0.0000000,8.6850000,-0.1197000,15.2037000
20240129,450,P,0.2350,0.2350,0.2350,0.2350,0,0,0.1635000,-0.0385000,0.0000000,7.4857000,-0.0443000,-0.6595000
20240129,482,C,1.1050,1.1050,1.1050,1.1050,0,0,0.0987000,0.2192000,0.0000000,26.4440000,-0.1154000,3.6637000
20240129,482,P,8.2700,8.2700,8.2700,8.2700,0,0,0.1058000,-0.7646000,0.0000000,27.5157000,-0.0579000,-13.2072000
20240129,471,C,6.3400,6.3400,6.3400,6.3400,0,0,0.1132000,0.6580000,0.0000000,32.8560000,-0.1877000,10.8861000
20240129,471,P,2.2950,2.2950,2.2950,2.2950,0,0,0.1118000,-0.3400000,0.0000000,32.7881000,-0.1171000,-5.8243000
20240129,460,C,15.6350,15.6350,15.6350,15.6350,0,0,0.1387000,0.8923000,0.0000000,16.5703000,-0.1478000,14.5108000
20240129,460,P,0.5850,0.5850,0.5850,0.5850,0,0,0.1345000,-0.1007000,0.0000000,15.7863000,-0.0746000,-1.7216000
20240129,481,C,1.3550,1.3550,1.3550,1.3550,0,0,0.0994000,0.2550000,0.0000000,28.7369000,-0.1273000,4.2594000
20240129,481,P,7.4800,7.4800,7.4800,7.4800,0,0,0.1046000,-0.7339000,0.0000000,29.3635000,-0.0663000,-12.6607000
20240129,470,C,7.0700,7.0700,7.0700,7.0700,0,0,0.1152000,0.6907000,0.0000000,31.5310000,-0.1865000,11.4130000
20240129,470,P,2.0200,2.0200,2.0200,2.0200,0,0,0.1137000,-0.3068000,0.0000000,31.4261000,-0.1159000,-5.2537000
20240130,480,C,1.8700,1.8700,1.8700,1.8700,0,0,0.1030000,0.3082000,0.0000000,32.6791000,-0.1412000,5.5346000
20240130,480,P,6.8800,6.8800,6.8800,6.8800,0,0,0.1060000,-0.6865000,0.0000000,32.9170000,-0.0761000,-12.7481000
20240130,469,C,8.0950,8.0950,8.0950,8.0950,0,0,0.1198000,0.7124000,0.0000000,31.6580000,-0.1835000,12.6453000
20240130,469,P,1.9700,1.9700,1.9700,1.9700,0,0,0.1181000,-0.2849000,0.0000000,31.5194000,-0.1129000,-5.2568000
20240130,490,C,0.2350,0.2350,0.2350,0.2350,0,0,0.0999000,0.0582000,0.0000000,10.8067000,-0.0425000,1.0504000
20240130,490,P,15.8700,15.8700,15.8700,15.8700,0,0,0.1459000,-0.8570000,0.0000000,20.9583000,-0.0477000,-16.1947000
20240130,479,C,2.2250,2.2250,2.2250,2.2250,0,0,0.1039000,0.3469000,0.0000000,34.2813000,-0.1509000,6.2235000
20240130,479,P,6.2050,6.2050,6.2050,6.2050,0,0,0.1058000,-0.6502000,0.0000000,34.3820000,-0.0841000,-12.0635000
20240130,468,C,8.8750,8.8750,8.8750,8.8750,0,0,0.1218000,0.7392000,0.0000000,30.1617000,-0.1810000,13.1034000
20240130,468,P,1.7500,1.7500,1.7500,1.7500,0,0,0.1199000,-0.2576000,0.0000000,29.9788000,-0.1104000,-4.7530000
20240130,500,C,0.0350,0.0350,0.0350,0.0350,0,0,0.1093000,0.0087000,0.0000000,2.2013000,-0.0091000,0.1579000
20240130,500,P,25.8600,25.8600,25.8600,25.8600,0,0,0.2078000,-0.8916000,0.0000000,17.2692000,-0.0628000,-17.2068000
20240130,478,C,2.6200,2.6200,2.6200,2.6200,0,0,0.1051000,0.3868000,0.0000000,35.5428000,-0.1597000,6.9343000
20240130,478,P,5.5800,5.5800,5.5800,5.5800,0,0,0.1063000,-0.6117000,0.0000000,35.5805000,-0.0921000,-11.3384000
20240130,510,C,0.0150,0.0150,0.0150,0.0150,0,0,0.1289000,0.0025000,0.0000000,0.7412000,-0.0035000,0.0465000
20240130,510,P,35.8600,35.8600,35.8600,35.8600,0,0,0.2652000,-0.9097000,0.0000000,15.1061000,-0.0750000,-17.9197000
20240130,467,C,9.6800,9.6800,9.6800,9.6800,0,0,0.1241000,0.7634000,0.0000000,28.6353000,-0.1783000,13.5126000
20240130,467,P,1.5550,1.5550,1.5550,1.5550,0,0,0.1217000,-0.2323000,0.0000000,28.3555000,-0.1070000,-4.2848000
20240130,520,C,0.0150,0.0150,0.0150,0.0150,0,0,0.1601000,0.0020000,0.0000000,0.6117000,-0.0036000,0.0375000
20240130,520,P,45.8600,45.8600,45.8600,45.8600,0,0,0.3193000,-0.9212000,0.0000000,13.6437000,-0.0852000,-18.5115000
20240130,477,C,3.0650,3.0650,3.0650,3.0650,0,0,0.1062000,0.4271000,0.0000000,36.4242000,-0.1673000,7.6509000
20240130,477,P,5.0050,5.0050,5.0050,5.0050,0,0,0.1068000,-0.5723000,0.0000000,36.4320000,-0.0987000,-10.6001000
20240130,466,C,10.5100,10.5100,10.5100,10.5100,0,0,0.1264000,0.7856000,0.0000000,27.0836000,-0.1750000,13.8837000
20240130,466,P,1.3850,1.3850,1.3850,1.3850,0,0,0.1238000,-0.2096000,0.0000000,26.7340000,-0.1035000,-3.8653000
20240130,530,P,55.8600,55.8600,55.8600,55.8600,0,0,0.3708000,-0.9292000,0.0000000,12.5756000,-0.0942000,-19.0402000
20240130,476,C,3.5500,3.5500,3.5500,3.5500,0,0,0.1076000,0.4675000,0.0000000,36.9206000,-0.1737000,8.3667000
20240130,476,P,4.4800,4.4800,4.4800,4.4800,0,0,0.1079000,-0.5323000,0.0000000,36.9215000,-0.1049000,-9.8518000
20240130,465,C,11.3600,11.3600,11.3600,11.3600,0,0,0.1288000,0.8057000,0.0000000,25.5399000,-0.1715000,14.2169000
20240130,465,P,1.2350,1.2350,1.2350,1.2350,0,0,0.1259000,-0.1890000,0.0000000,25.1188000,-0.0997000,-3.4848000
20240130,475,C,4.0800,4.0800,4.0800,4.0800,0,0,0.1090000,0.5073000,0.0000000,37.0367000,-0.1787000,9.0696000
20240130,475,P,3.9950,3.9950,3.9950,3.9950,0,0,0.1087000,-0.4926000,0.0000000,37.0367000,-0.1092000,-9.1120000
20240130,485,C,0.7000,0.7000,0.7000,0.7000,0,0,0.0998000,0.1475000,0.0000000,21.4095000,-0.0864000,2.6558000
20240130,485,P,10.9500,10.9500,10.9500,10.9500,0,0,0.1149000,-0.8176000,0.0000000,24.5616000,-0.0427000,-15.2893000
20240130,474,C,4.6600,4.6600,4.6600,4.6600,0,0,0.1107000,0.5460000,0.0000000,36.7963000,-0.1826000,9.7505000
20240130,474,P,3.5600,3.5600,3.5600,3.5600,0,0,0.1101000,-0.4537000,0.0000000,36.7941000,-0.1128000,-8.3885000
20240130,484,C,0.8650,0.8650,0.8650,0.8650,0,0,0.1000000,0.1738000,0.0000000,23.8310000,-0.0970000,3.1275000
20240130,484,P,10.0500,10.0500,10.0500,10.0500,0,0,0.1115000,-0.7996000,0.0000000,26.0194000,-0.0469000,-14.9279000
20240130,473,C,5.2700,5.2700,5.2700,5.2700,0,0,0.1123000,0.5832000,0.0000000,36.2325000,-0.1848000,10.4051000
20240130,473,P,3.1650,3.1650,3.1650,3.1650,0,0,0.1113000,-0.4160000,0.0000000,36.2199000,-0.1147000,-7.6872000
20240130,430,C,45.1650,45.1650,45.1650,45.1650,0,0,0.2509000,0.9799000,0.0000000,4.5043000,-0.1015000,16.0883000
20240130,430,P,0.1150,0.1150,0.1150,0.1150,0,0,0.2343000,-0.0140000,0.0000000,3.3312000,-0.0268000,-0.2603000
20240130,483,C,1.0600,1.0600,1.0600,1.0600,0,0,0.1007000,0.2038000,0.0000000,26.2913000,-0.1085000,3.6657000
20240130,483,P,9.1900,9.1900,9.1900,9.1900,0,0,0.1090000,-0.7774000,0.0000000,27.6779000,-0.0527000,-14.4897000
20240130,440,C,35.2400,35.2400,35.2400,35.2400,0,0,0.2109000,0.9697000,0.0000000,6.3582000,-0.1097000,16.2836000
20240130,440,P,0.1650,0.1650,0.1650,0.1650,0,0,0.1982000,-0.0230000,0.0000000,5.0628000,-0.0342000,-0.4247000
20240130,472,C,5.9250,5.9250,5.9250,5.9250,0,0,0.1139000,0.6188000,0.0000000,35.3868000,-0.1859000,11.0266000
20240130,472,P,2.8150,2.8150,2.8150,2.8150,0,0,0.1128000,-0.3801000,0.0000000,35.3575000,-0.1158000,-7.0201000
20240130,450,C,25.3850,25.3850,25.3850,25.3850,0,0,0.1719000,0.9481000,0.0000000,9.8631000,-0.1224000,16.2679000
20240130,450,P,0.2850,0.2850,0.2850,0.2850,0,0,0.1640000,-0.0441000,0.0000000,8.6748000,-0.0477000,-0.8144000
20240130,482,C,1.2900,1.2900,1.2900,1.2900,0,0,0.1013000,0.2362000,0.0000000,28.6144000,-0.1197000,4.2458000
20240130,482,P,8.3750,8.3750,8.3750,8.3750,0,0,0.1072000,-0.7510000,0.0000000,29.4407000,-0.0597000,-13.9788000
20240130,471,C,6.6150,6.6150,6.6150,6.6150,0,0,0.1157000,0.6523000,0.0000000,34.3095000,-0.1859000,11.6086000
20240130,471,P,2.5000,2.5000,2.5000,2.5000,0,0,0.1146000,-0.3463000,0.0000000,34.2591000,-0.1159000,-6.3936000
20240130,460,C,15.8250,15.8250,15.8250,15.8250,0,0,0.1410000,0.8812000,0.0000000,18.4352000,-0.1514000,15.4191000
20240130,460,P,0.7050,0.7050,0.7050,0.7050,0,0,0.1370000,-0.1122000,0.0000000,17.7120000,-0.0788000,-2.0677000
20240130,481,C,1.5600,1.5600,1.5600,1.5600,0,0,0.1021000,0.2712000,0.0000000,30.7722000,-0.1308000,4.8727000
20240130,481,P,7.6000,7.6000,7.6000,7.6000,0,0,0.1063000,-0.7204000,0.0000000,31.2331000,-0.0677000,-13.3926000
20240130,470,C,7.3400,7.3400,7.3400,7.3400,0,0,0.1179000,0.6832000,0.0000000,33.0611000,-0.1853000,12.1440000
20240130,470,P,2.2200,2.2200,2.2200,2.2200,0,0,0.1163000,-0.3145000,0.0000000,32.9630000,-0.1148000,-5.8045000
20240131,320,C,154.8750,154.8750,154.8750,154.8750,0,0,0.7226000,0.9972000,0.0000000,0.8233000,-0.0661000,13.0651000
20240131,320,P,0.0150,0.0150,0.0150,0.0150,0,0,0.6125000,-0.0005000,0.0000000,0.1977000,-0.0039000,-0.0118000
20240131,416,C,59.1900,59.1900,59.1900,59.1900,0,0,0.3095000,0.9842000,0.0000000,3.8034000,-0.0986000,16.7439000
20240131,416,P,0.0950,0.0950,0.0950,0.0950,0,0,0.2832000,-0.0095000,0.0000000,2.4565000,-0.0225000,-0.1893000
20240131,448,C,27.5000,27.5000,27.5000,27.5000,0,0,0.1831000,0.9455000,0.0000000,10.6010000,-0.1260000,17.2937000
20240131,448,P,0.3350,0.3350,0.3350,0.3350,0,0,0.1750000,-0.0469000,0.0000000,9.4186000,-0.0516000,-0.9274000
20240131,480,C,2.2550,2.2550,2.2550,2.2550,0,0,0.1099000,0.3283000,0.0000000,34.7355000,-0.1497000,6.3045000
20240131,480,P,7.1350,7.1350,7.1350,7.1350,0,0,0.1110000,-0.6700000,0.0000000,34.8065000,-0.0815000,-13.3474000
20240131,512,C,0.0250,0.0250,0.0250,0.0250,0,0,0.1406000,0.0045000,0.0000000,1.2850000,-0.0063000,0.0884000
20240131,512,P,37.8650,37.8650,37.8650,37.8650,0,0,0.2713000,-0.9083000,0.0000000,15.8253000,-0.0748000,-19.2532000
20240131,437,C,38.3300,38.3300,38.3300,38.3300,0,0,0.2241000,0.9688000,0.0000000,6.7387000,-0.1117000,17.3027000
20240131,437,P,0.1850,0.1850,0.1850,0.1850,0,0,0.2099000,-0.0234000,0.0000000,5.3193000,-0.0355000,-0.4638000
20240131,405,C,70.1400,70.1400,70.1400,70.1400,0,0,0.3549000,0.9879000,0.0000000,3.0113000,-0.0936000,16.3668000
20240131,405,P,0.0750,0.0750,0.0750,0.0750,0,0,0.3232000,-0.0067000,0.0000000,1.8129000,-0.0190000,-0.1343000
20240131,469,C,8.5100,8.5100,8.5100,8.5100,0,0,0.1269000,0.6980000,0.0000000,33.5137000,-0.1888000,13.2516000
20240131,469,P,2.3100,2.3100,2.3100,2.3100,0,0,0.1250000,-0.2992000,0.0000000,33.3789000,-0.1180000,-5.9252000
20240131,501,C,0.0550,0.0550,0.0550,0.0550,0,0,0.1166000,0.0129000,0.0000000,3.2070000,-0.0133000,0.2502000
20240131,501,P,26.8650,26.8650,26.8650,26.8650,0,0,0.2102000,-0.8891000,0.0000000,18.1732000,-0.0619000,-18.4278000
20240131,330,C,144.8950,144.8950,144.8950,144.8950,0,0,0.6687000,0.9970000,0.0000000,0.8580000,-0.0669000,13.4727000
20240131,330,P,0.0150,0.0150,0.0150,0.0150,0,0,0.5687000,-0.0006000,0.0000000,0.2153000,-0.0040000,-0.0129000
20240131,426,C,49.2400,49.2400,49.2400,49.2400,0,0,0.2675000,0.9793000,0.0000000,4.7863000,-0.1031000,17.0575000
20240131,426,P,0.1250,0.1250,0.1250,0.1250,0,0,0.2480000,-0.0140000,0.0000000,3.4357000,-0.0274000,-0.2782000
20240131,458,C,17.9400,17.9400,17.9400,17.9400,0,0,0.1527000,0.8854000,0.0000000,18.6010000,-0.1532000,16.5152000
20240131,458,P,0.7550,0.7550,0.7550,0.7550,0,0,0.1483000,-0.1079000,0.0000000,17.8291000,-0.0805000,-2.1339000
20240131,490,C,0.3450,0.3450,0.3450,0.3450,0,0,0.1049000,0.0755000,0.0000000,13.6812000,-0.0530000,1.4580000
20240131,490,P,15.8650,15.8650,15.8650,15.8650,0,0,0.1433000,-0.8519000,0.0000000,22.2118000,-0.0449000,-17.2515000
20240131,522,C,0.0150,0.0150,0.0150,0.0150,0,0,0.1621000,0.0022000,0.0000000,0.6696000,-0.0037000,0.0428000
20240131,522,P,47.8650,47.8650,47.8650,47.8650,0,0,0.3236000,-0.9193000,0.0000000,14.3762000,-0.0845000,-19.8794000
20240131,415,C,60.1800,60.1800,60.1800,60.1800,0,0,0.3125000,0.9849000,0.0000000,3.6550000,-0.0973000,16.7171000
20240131,415,P,0.0950,0.0950,0.0950,0.0950,0,0,0.2880000,-0.0094000,0.0000000,2.4423000,-0.0227000,-0.1881000
20240131,447,C,28.4750,28.4750,28.4750,28.4750,0,0,0.1859000,0.9494000,0.0000000,10.0058000,-0.1234000,17.3282000
20240131,447,P,0.3150,0.3150,0.3150,0.3150,0,0,0.1781000,-0.0436000,0.0000000,8.8949000,-0.0497000,-0.8638000
20240131,479,C,2.6300,2.6300,2.6300,2.6300,0,0,0.1112000,0.3643000,0.0000000,36.1039000,-0.1586000,6.9904000
20240131,479,P,6.5150,6.5150,6.5150,6.5150,0,0,0.1121000,-0.6344000,0.0000000,36.1440000,-0.0903000,-12.6294000
20240131,340,C,134.9250,134.9250,134.9250,134.9250,0,0,0.6281000,0.9964000,0.0000000,1.0233000,-0.0706000,13.8700000
20240131,340,P,0.0150,0.0150,0.0150,0.0150,0,0,0.5250000,-0.0006000,0.0000000,0.2307000,-0.0039000,-0.0138000
20240131,436,C,39.3200,39.3200,39.3200,39.3200,0,0,0.2280000,0.9701000,0.0000000,6.5103000,-0.1107000,17.2867000
20240131,436,P,0.1850,0.1850,0.1850,0.1850,0,0,0.2148000,-0.0229000,0.0000000,5.2309000,-0.0358000,-0.4548000
20240131,500,C,0.0550,0.0550,0.0550,0.0550,0,0,0.1127000,0.0132000,0.0000000,3.2749000,-0.0132000,0.2564000
20240131,500,P,25.8650,25.8650,25.8650,25.8650,0,0,0.2044000,-0.8867000,0.0000000,18.4484000,-0.0606000,-18.3408000
20240131,468,C,9.2750,9.2750,9.2750,9.2750,0,0,0.1287000,0.7236000,0.0000000,32.1488000,-0.1866000,13.7180000
20240131,468,P,2.0750,2.0750,2.0750,2.0750,0,0,0.1266000,-0.2731000,0.0000000,31.9651000,-0.1157000,-5.4077000
20240131,425,C,50.2400,50.2400,50.2400,50.2400,0,0,0.2729000,0.9794000,0.0000000,4.7531000,-0.1036000,17.0197000
20240131,425,P,0.1250,0.1250,0.1250,0.1250,0,0,0.2529000,-0.0138000,0.0000000,3.4025000,-0.0277000,-0.2752000
20240131,457,C,18.8750,18.8750,18.8750,18.8750,0,0,0.1553000,0.8947000,0.0000000,17.5123000,-0.1497000,16.6568000
20240131,457,P,0.6950,0.6950,0.6950,0.6950,0,0,0.1511000,-0.0991000,0.0000000,16.7617000,-0.0774000,-1.9600000
20240131,489,C,0.4250,0.4250,0.4250,0.4250,0,0,0.1051000,0.0904000,0.0000000,15.6637000,-0.0610000,1.7447000
20240131,489,P,14.8650,14.8650,14.8650,14.8650,0,0,0.1368000,-0.8466000,0.0000000,22.7437000,-0.0430000,-17.1061000
20240131,350,C,124.9550,124.9550,124.9550,124.9550,0,0,0.5843000,0.9958000,0.0000000,1.1766000,-0.0735000,14.2682000
20240131,350,P,0.0150,0.0150,0.0150,0.0150,0,0,0.4843000,-0.0007000,0.0000000,0.2583000,-0.0041000,-0.0156000
20240131,414,C,61.1800,61.1800,61.1800,61.1800,0,0,0.3178000,0.9849000,0.0000000,3.6401000,-0.0977000,16.6774000
20240131,414,P,0.0950,0.0950,0.0950,0.0950,0,0,0.2929000,-0.0094000,0.0000000,2.4281000,-0.0230000,-0.1869000
20240131,446,C,29.4550,29.4550,29.4550,29.4550,0,0,0.1894000,0.9522000,0.0000000,9.5468000,-0.1218000,17.3442000
20240131,446,P,0.2950,0.2950,0.2950,0.2950,0,0,0.1811000,-0.0407000,0.0000000,8.4054000,-0.0478000,-0.8056000
20240131,510,C,0.0250,0.0250,0.0250,0.0250,0,0,0.1347000,0.0049000,0.0000000,1.3844000,-0.0065000,0.0961000
20240131,510,P,35.8650,35.8650,35.8650,35.8650,0,0,0.2606000,-0.9054000,0.0000000,16.1854000,-0.0728000,-19.1158000
20240131,478,C,3.0450,3.0450,3.0450,3.0450,0,0,0.1121000,0.4005000,0.0000000,37.1466000,-0.1661000,7.6802000
20240131,478,P,5.9100,5.9100,5.9100,5.9100,0,0,0.1128000,-0.5987000,0.0000000,37.1619000,-0.0975000,-11.9093000
20240131,435,C,40.3100,40.3100,40.3100,40.3100,0,0,0.2319000,0.9713000,0.0000000,6.2934000,-0.1099000,17.2692000
20240131,435,P,0.1750,0.1750,0.1750,0.1750,0,0,0.2177000,-0.0216000,0.0000000,4.9672000,-0.0345000,-0.4278000
20240131,467,C,10.0700,10.0700,10.0700,10.0700,0,0,0.1311000,0.7465000,0.0000000,30.7617000,-0.1846000,14.1326000
20240131,467,P,1.8650,1.8650,1.8650,1.8650,0,0,0.1285000,-0.2492000,0.0000000,30.4945000,-0.1131000,-4.9331000
20240131,499,C,0.0650,0.0650,0.0650,0.0650,0,0,0.1118000,0.0157000,0.0000000,3.8054000,-0.0152000,0.3053000
20240131,499,P,24.8650,24.8650,24.8650,24.8650,0,0,0.1986000,-0.8842000,0.0000000,18.7441000,-0.0593000,-18.2500000
20240131,360,C,114.9850,114.9850,114.9850,114.9850,0,0,0.5421000,0.9950000,0.0000000,1.3753000,-0.0768000,14.6624000
20240131,360,P,0.0250,0.0250,0.0250,0.0250,0,0,0.4687000,-0.0014000,0.0000000,0.4686000,-0.0072000,-0.0300000
20240131,424,C,51.2300,51.2300,51.2300,51.2300,0,0,0.2763000,0.9803000,0.0000000,4.5858000,-0.1025000,16.9955000
20240131,424,P,0.1250,0.1250,0.1250,0.1250,0,0,0.2573000,-0.0135000,0.0000000,3.3397000,-0.0276000,-0.2693000
20240131,456,C,19.8150,19.8150,19.8150,19.8150,0,0,0.1582000,0.9029000,0.0000000,16.5008000,-0.1465000,16.7791000
20240131,456,P,0.6350,0.6350,0.6350,0.6350,0,0,0.1536000,-0.0908000,0.0000000,15.7111000,-0.0741000,-1.7951000
20240131,520,C,0.0150,0.0150,0.0150,0.0150,0,0,0.1562000,0.0023000,0.0000000,0.6953000,-0.0037000,0.0446000
20240131,520,P,45.8650,45.8650,45.8650,45.8650,0,0,0.3133000,-0.9174000,0.0000000,14.6286000,-0.0827000,-19.7605000
20240131,488,C,0.5250,0.5250,0.5250,0.5250,0,0,0.1053000,0.1076000,0.0000000,17.7951000,-0.0698000,2.0762000
20240131,488,P,13.8650,13.8650,13.8650,13.8650,0,0,0.1302000,-0.8407000,0.0000000,23.3118000,-0.0410000,-16.9510000
20240131,413,C,62.1700,62.1700,62.1700,62.1700,0,0,0.3203000,0.9857000,0.0000000,3.4757000,-0.0961000,16.6520000
20240131,413,P,0.0850,0.0850,0.0850,0.0850,0,0,0.2929000,-0.0084000,0.0000000,2.2048000,-0.0209000,-0.1674000
20240131,445,C,30.4350,30.4350,30.4350,30.4350,0,0,0.1928000,0.9550000,0.0000000,9.0993000,-0.1200000,17.3579000
20240131,445,P,0.2850,0.2850,0.2850,0.2850,0,0,0.1850000,-0.0386000,0.0000000,8.0611000,-0.0470000,-0.7653000
20240131,477,C,3.5000,3.5000,3.5000,3.5000,0,0,0.1135000,0.4374000,0.0000000,37.8702000,-0.1730000,8.3785000
20240131,477,P,5.3450,5.3450,5.3450,5.3450,0,0,0.1133000,-0.5627000,0.0000000,37.8684000,-0.1034000,-11.1833000
20240131,370,C,105.0150,105.0150,105.0150,105.0150,0,0,0.4990000,0.9941000,0.0000000,1.5898000,-0.0798000,15.0551000
20240131,370,P,0.0350,0.0350,0.0350,0.0350,0,0,0.4433000,-0.0023000,0.0000000,0.7034000,-0.0102000,-0.0468000
20240131,434,C,41.3000,41.3000,41.3000,41.3000,0,0,0.2358000,0.9724000,0.0000000,6.0873000,-0.1090000,17.2504000
20240131,434,P,0.1650,0.1650,0.1650,0.1650,0,0,0.2204000,-0.0202000,0.0000000,4.6977000,-0.0331000,-0.4006000
20240131,466,C,10.8800,10.8800,10.8800,10.8800,0,0,0.1332000,0.7682000,0.0000000,29.3052000,-0.1816000,14.5222000
20240131,466,P,1.6850,1.6850,1.6850,1.6850,0,0,0.1307000,-0.2276000,0.0000000,29.0134000,-0.1104000,-4.5037000
20240131,498,C,0.0750,0.0750,0.0750,0.0750,0,0,0.1103000,0.0183000,0.0000000,4.3291000,-0.0171000,0.3550000
20240131,498,P,23.8650,23.8650,23.8650,23.8650,0,0,0.1926000,-0.8816000,0.0000000,19.0361000,-0.0578000,-18.1591000
20240131,530,P,55.8600,55.8600,55.8600,55.8600,0,0,0.3637000,-0.9257000,0.0000000,13.5055000,-0.0916000,-20.3323000
20240131,423,C,52.2250,52.2250,52.2250,52.2250,0,0,0.2792000,0.9813000,0.0000000,4.3935000,-0.1011000,16.9737000
20240131,423,P,0.1150,0.1150,0.1150,0.1150,0,0,0.2587000,-0.0124000,0.0000000,3.1045000,-0.0259000,-0.2475000
20240131,455,C,20.7550,20.7550,20.7550,20.7550,0,0,0.1607000,0.9108000,0.0000000,15.5031000,-0.1429000,16.8934000
20240131,455,P,0.5750,0.5750,0.5750,0.5750,0,0,0.1557000,-0.0825000,0.0000000,14.6340000,-0.0701000,-1.6323000
20240131,487,C,0.6450,0.6450,0.6450,0.6450,0,0,0.1057000,0.1273000,0.0000000,20.0439000,-0.0793000,2.4550000
20240131,487,P,12.8700,12.8700,12.8700,12.8700,0,0,0.1240000,-0.8333000,0.0000000,24.0143000,-0.0398000,-16.7654000
20240131,380,C,95.0500,95.0500,95.0500,95.0500,0,0,0.4609000,0.9926000,0.0000000,1.9628000,-0.0848000,15.4339000
20240131,380,P,0.0450,0.0450,0.0450,0.0450,0,0,0.4121000,-0.0032000,0.0000000,0.9578000,-0.0129000,-0.0659000
20240131,412,C,63.1700,63.1700,63.1700,63.1700,0,0,0.3261000,0.9857000,0.0000000,3.4873000,-0.0968000,16.6098000
20240131,412,P,0.0850,0.0850,0.0850,0.0850,0,0,0.2968000,-0.0082000,0.0000000,2.1545000,-0.0207000,-0.1631000
20240131,444,C,31.4150,31.4150,31.4150,31.4150,0,0,0.1962000,0.9576000,0.0000000,8.6785000,-0.1183000,17.3675000
20240131,444,P,0.2650,0.2650,0.2650,0.2650,0,0,0.1877000,-0.0358000,0.0000000,7.5816000,-0.0449000,-0.7100000
20240131,476,C,3.9950,3.9950,3.9950,3.9950,0,0,0.1146000,0.4739000,0.0000000,38.2611000,-0.1784000,9.0695000
20240131,476,P,4.8250,4.8250,4.8250,4.8250,0,0,0.1141000,-0.5262000,0.0000000,38.2601000,-0.1085000,-10.4515000
20240131,508,C,0.0250,0.0250,0.0250,0.0250,0,0,0.1279000,0.0051000,0.0000000,1.4291000,-0.0064000,0.0997000
20240131,508,P,33.8650,33.8650,33.8650,33.8650,0,0,0.2496000,-0.9024000,0.0000000,16.5606000,-0.0705000,-18.9753000
20240131,540,P,65.8500,65.8500,65.8500,65.8500,0,0,0.4111000,-0.9323000,0.0000000,12.5712000,-0.0982000,-20.8717000
20240131,433,C,42.2950,42.2950,42.2950,42.2950,0,0,0.2395000,0.9736000,0.0000000,5.8693000,-0.1079000,17.2326000
20240131,433,P,0.1650,0.1650,0.1650,0.1650,0,0,0.2250000,-0.0197000,0.0000000,4.6092000,-0.0331000,-0.3918000
20240131,465,C,11.7150,11.7150,11.7150,11.7150,0,0,0.1353000,0.7882000,0.0000000,27.8347000,-0.1783000,14.8770000
20240131,465,P,1.5150,1.5150,1.5150,1.5150,0,0,0.1326000,-0.2072000,0.0000000,27.4849000,-0.1070000,-4.1000000
20240131,497,C,0.0950,0.0950,0.0950,0.0950,0,0,0.1103000,0.0228000,0.0000000,5.2017000,-0.0206000,0.4408000
20240131,497,P,22.8650,22.8650,22.8650,22.8650,0,0,0.1867000,-0.8787000,0.0000000,19.3693000,-0.0565000,-18.0606000
20240131,390,C,85.0800,85.0800,85.0800,85.0800,0,0,0.4165000,0.9913000,0.0000000,2.2520000,-0.0873000,15.8193000
20240131,390,P,0.0550,0.0550,0.0550,0.0550,0,0,0.3769000,-0.0043000,0.0000000,1.2311000,-0.0151000,-0.0871000
20240131,422,C,53.2200,53.2200,53.2200,53.2200,0,0,0.2846000,0.9814000,0.0000000,4.3678000,-0.1015000,16.9351000
20240131,422,P,0.1150,0.1150,0.1150,0.1150,0,0,0.2636000,-0.0123000,0.0000000,3.0786000,-0.0261000,-0.2452000
20240131,454,C,21.7050,21.7050,21.7050,21.7050,0,0,0.1635000,0.9176000,0.0000000,14.6014000,-0.1398000,16.9881000
20240131,454,P,0.5350,0.5350,0.5350,0.5350,0,0,0.1588000,-0.0763000,0.0000000,13.7875000,-0.0676000,-1.5088000
20240131,486,C,0.7750,0.7750,0.7750,0.7750,0,0,0.1055000,0.1481000,0.0000000,22.2266000,-0.0883000,2.8553000
20240131,486,P,11.9350,11.9350,11.9350,11.9350,0,0,0.1195000,-0.8210000,0.0000000,25.1229000,-0.0416000,-16.4885000
20240131,518,C,0.0150,0.0150,0.0150,0.0150,0,0,0.1503000,0.0024000,0.0000000,0.7251000,-0.0038000,0.0467000
20240131,518,P,43.8650,43.8650,43.8650,43.8650,0,0,0.3031000,-0.9153000,0.0000000,14.9068000,-0.0809000,-19.6375000
20240131,411,C,64.1650,64.1650,64.1650,64.1650,0,0,0.3281000,0.9865000,0.0000000,3.3086000,-0.0950000,16.5856000
20240131,411,P,0.0850,0.0850,0.0850,0.0850,0,0,0.3017000,-0.0081000,0.0000000,2.1448000,-0.0209000,-0.1623000
20240131,443,C,32.3950,32.3950,32.3950,32.3950,0,0,0.1994000,0.9601000,0.0000000,8.2523000,-0.1164000,17.3769000
20240131,443,P,0.2550,0.2550,0.2550,0.2550,0,0,0.1914000,-0.0340000,0.0000000,7.2536000,-0.0438000,-0.6729000
20240131,475,C,4.5350,4.5350,4.5350,4.5350,0,0,0.1162000,0.5099000,0.0000000,38.3312000,-0.1830000,9.7499000
20240131,475,P,4.3550,4.3550,4.3550,4.3550,0,0,0.1153000,-0.4900000,0.0000000,38.3312000,-0.1128000,-9.7265000
20240131,432,C,43.2850,43.2850,43.2850,43.2850,0,0,0.2431000,0.9747000,0.0000000,5.6621000,-0.1069000,17.2135000
20240131,432,P,0.1550,0.1550,0.1550,0.1550,0,0,0.2277000,-0.0185000,0.0000000,4.3644000,-0.0318000,-0.3675000
20240131,400,C,75.1200,75.1200,75.1200,75.1200,0,0,0.3759000,0.9891000,0.0000000,2.7420000,-0.0917000,16.1861000
20240131,400,P,0.0650,0.0650,0.0650,0.0650,0,0,0.3398000,-0.0056000,0.0000000,1.5488000,-0.0171000,-0.1125000
20240131,464,C,12.5600,12.5600,12.5600,12.5600,0,0,0.1376000,0.8063000,0.0000000,26.3882000,-0.1750000,15.1944000
20240131,464,P,1.3650,1.3650,1.3650,1.3650,0,0,0.1347000,-0.1887000,0.0000000,25.9722000,-0.1034000,-3.7326000
20240131,496,C,0.1150,0.1150,0.1150,0.1150,0,0,0.1098000,0.0275000,0.0000000,6.1011000,-0.0242000,0.5331000
20240131,496,P,21.8650,21.8650,21.8650,21.8650,0,0,0.1807000,-0.8757000,0.0000000,19.7018000,-0.0549000,-17.9614000
20240131,421,C,54.2100,54.2100,54.2100,54.2100,0,0,0.2875000,0.9823000,0.0000000,4.1882000,-0.1001000,16.9118000
20240131,421,P,0.1150,0.1150,0.1150,0.1150,0,0,0.2680000,-0.0121000,0.0000000,3.0256000,-0.0261000,-0.2404000
20240131,453,C,22.6600,22.6600,22.6600,22.6600,0,0,0.1668000,0.9233000,0.0000000,13.8324000,-0.1374000,17.0593000
20240131,453,P,0.4950,0.4950,0.4950,0.4950,0,0,0.1616000,-0.0703000,0.0000000,12.9528000,-0.0648000,-1.3906000
20240131,485,C,0.9450,0.9450,0.9450,0.9450,0,0,0.1062000,0.1731000,0.0000000,24.6047000,-0.0989000,3.3342000
20240131,485,P,11.0300,11.0300,11.0300,11.0300,0,0,0.1163000,-0.8045000,0.0000000,26.5359000,-0.0457000,-16.1291000
20240131,410,C,65.1600,65.1600,65.1600,65.1600,0,0,0.3339000,0.9865000,0.0000000,3.3209000,-0.0956000,16.5433000
20240131,410,P,0.0850,0.0850,0.0850,0.0850,0,0,0.3066000,-0.0081000,0.0000000,2.1349000,-0.0212000,-0.1615000
20240131,442,C,33.3850,33.3850,33.3850,33.3850,0,0,0.2036000,0.9618000,0.0000000,7.9685000,-0.1156000,17.3689000
20240131,442,P,0.2350,0.2350,0.2350,0.2350,0,0,0.1936000,-0.0312000,0.0000000,6.7714000,-0.0415000,-0.6190000
20240131,474,C,5.1100,5.1100,5.1100,5.1100,0,0,0.1178000,0.5450000,0.0000000,38.0984000,-0.1865000,10.4097000
20240131,474,P,3.9250,3.9250,3.9250,3.9250,0,0,0.1166000,-0.4545000,0.0000000,38.0946000,-0.1162000,-9.0184000
20240131,506,C,0.0350,0.0350,0.0350,0.0350,0,0,0.1269000,0.0075000,0.0000000,1.9941000,-0.0089000,0.1452000
20240131,506,P,31.8650,31.8650,31.8650,31.8650,0,0,0.2385000,-0.8991000,0.0000000,16.9688000,-0.0681000,-18.8288000
20240131,335,C,139.9150,139.9150,139.9150,139.9150,0,0,0.6531000,0.9965000,0.0000000,0.9858000,-0.0699000,13.6678000
20240131,335,P,0.0150,0.0150,0.0150,0.0150,0,0,0.5500000,-0.0007000,0.0000000,0.2363000,-0.0042000,-0.0142000
20240131,431,C,44.2800,44.2800,44.2800,44.2800,0,0,0.2485000,0.9750000,0.0000000,5.6091000,-0.1073000,17.1779000
20240131,431,P,0.1550,0.1550,0.1550,0.1550,0,0,0.2324000,-0.0181000,0.0000000,4.2875000,-0.0319000,-0.3600000
20240131,463,C,13.4300,13.4300,13.4300,13.4300,0,0,0.1401000,0.8226000,0.0000000,24.9866000,-0.1716000,15.4763000
20240131,463,P,1.2350,1.2350,1.2350,1.2350,0,0,0.1370000,-0.1720000,0.0000000,24.5053000,-0.0998000,-3.4020000
20240131,495,C,0.1350,0.1350,0.1350,0.1350,0,0,0.1083000,0.0320000,0.0000000,6.9044000,-0.0271000,0.6188000
20240131,495,P,20.8650,20.8650,20.8650,20.8650,0,0,0.1746000,-0.8724000,0.0000000,20.0624000,-0.0534000,-17.8566000
20240131,420,C,55.2100,55.2100,55.2100,55.2100,0,0,0.2929000,0.9824000,0.0000000,4.1658000,-0.1005000,16.8729000
20240131,420,P,0.1050,0.1050,0.1050,0.1050,0,0,0.2695000,-0.0111000,0.0000000,2.8164000,-0.0245000,-0.2213000
20240131,452,C,23.6200,23.6200,23.6200,23.6200,0,0,0.1699000,0.9288000,0.0000000,13.0709000,-0.1347000,17.1265000
20240131,452,P,0.4550,0.4550,0.4550,0.4550,0,0,0.1641000,-0.0646000,0.0000000,12.1297000,-0.0618000,-1.2773000
20240131,484,C,1.1350,1.1350,1.1350,1.1350,0,0,0.1066000,0.1997000,0.0000000,26.8840000,-0.1092000,3.8446000
20240131,484,P,10.1700,10.1700,10.1700,10.1700,0,0,0.1141000,-0.7840000,0.0000000,28.1582000,-0.0515000,-15.6935000
20240131,516,C,0.0150,0.0150,0.0150,0.0150,0,0,0.1445000,0.0025000,0.0000000,0.7598000,-0.0038000,0.0492000
20240131,516,P,41.8650,41.8650,41.8650,41.8650,0,0,0.2926000,-0.9132000,0.0000000,15.1895000,-0.0789000,-19.5134000
20240131,345,C,129.9400,129.9400,129.9400,129.9400,0,0,0.6109000,0.9959000,0.0000000,1.1560000,-0.0734000,14.0646000
20240131,345,P,0.0150,0.0150,0.0150,0.0150,0,0,0.5062000,-0.0007000,0.0000000,0.2519000,-0.0041000,-0.0152000
20240131,409,C,66.1600,66.1600,66.1600,66.1600,0,0,0.3393000,0.9865000,0.0000000,3.3094000,-0.0959000,16.5033000
20240131,409,P,0.0850,0.0850,0.0850,0.0850,0,0,0.3105000,-0.0079000,0.0000000,2.0874000,-0.0210000,-0.1575000
20240131,441,C,34.3800,34.3800,34.3800,34.3800,0,0,0.2092000,0.9624000,0.0000000,7.8707000,-0.1163000,17.3390000
20240131,441,P,0.2250,0.2250,0.2250,0.2250,0,0,0.1972000,-0.0297000,0.0000000,6.4882000,-0.0405000,-0.5880000
20240131,505,C,0.0350,0.0350,0.0350,0.0350,0,0,0.1230000,0.0075000,0.0000000,2.0005000,-0.0087000,0.1457000
20240131,505,P,30.8650,30.8650,30.8650,30.8650,0,0,0.2329000,-0.8973000,0.0000000,17.1927000,-0.0670000,-18.7520000
20240131,473,C,5.7250,5.7250,5.7250,5.7250,0,0,0.1194000,0.5789000,0.0000000,37.5899000,-0.1888000,11.0450000
20240131,473,P,3.5300,3.5300,3.5300,3.5300,0,0,0.1181000,-0.4203000,0.0000000,37.5756000,-0.1184000,-8.3343000
20240131,430,C,45.2700,45.2700,45.2700,45.2700,0,0,0.2519000,0.9761000,0.0000000,5.3969000,-0.1061000,17.1591000
20240131,430,P,0.1450,0.1450,0.1450,0.1450,0,0,0.2348000,-0.0169000,0.0000000,4.0460000,-0.0304000,-0.3364000
20240131,462,C,14.3050,14.3050,14.3050,14.3050,0,0,0.1422000,0.8383000,0.0000000,23.5411000,-0.1674000,15.7469000
20240131,462,P,1.1150,1.1150,1.1150,1.1150,0,0,0.1391000,-0.1565000,0.0000000,23.0519000,-0.0959000,-3.0955000
20240131,494,C,0.1550,0.1550,0.1550,0.1550,0,0,0.1066000,0.0368000,0.0000000,7.7501000,-0.0300000,0.7122000
20240131,494,P,19.8650,19.8650,19.8650,19.8650,0,0,0.1685000,-0.8689000,0.0000000,20.4447000,-0.0519000,-17.7469000
20240131,526,C,0.0150,0.0150,0.0150,0.0150,0,0,0.1738000,0.0020000,0.0000000,0.6279000,-0.0037000,0.0398000
20240131,526,P,51.8650,51.8650,51.8650,51.8650,0,0,0.3438000,-0.9227000,0.0000000,13.9172000,-0.0882000,-20.1097000
20240131,355,C,119.9700,119.9700,119.9700,119.9700,0,0,0.5671000,0.9952000,0.0000000,1.3302000,-0.0764000,14.4609000
20240131,355,P,0.0250,0.0250,0.0250,0.0250,0,0,0.4921000,-0.0014000,0.0000000,0.4638000,-0.0075000,-0.0297000
20240131,419,C,56.2000,56.2000,56.2000,56.2000,0,0,0.2958000,0.9832000,0.0000000,3.9976000,-0.0991000,16.8483000
20240131,419,P,0.1050,0.1050,0.1050,0.1050,0,0,0.2739000,-0.0109000,0.0000000,2.7706000,-0.0245000,-0.2173000
20240131,451,C,24.5900,24.5900,24.5900,24.5900,0,0,0.1735000,0.9331000,0.0000000,12.4515000,-0.1329000,17.1712000
20240131,451,P,0.4150,0.4150,0.4150,0.4150,0,0,0.1662000,-0.0588000,0.0000000,11.2789000,-0.0583000,-1.1637000
20240131,515,C,0.0150,0.0150,0.0150,0.0150,0,0,0.1406000,0.0024000,0.0000000,0.7376000,-0.0036000,0.0477000
20240131,515,P,40.8650,40.8650,40.8650,40.8650,0,0,0.2873000,-0.9120000,0.0000000,15.3421000,-0.0779000,-19.4495000
20240131,483,C,1.3650,1.3650,1.3650,1.3650,0,0,0.1074000,0.2291000,0.0000000,29.1206000,-0.1199000,4.4080000
20240131,483,P,9.3450,9.3450,9.3450,9.3450,0,0,0.1123000,-0.7605000,0.0000000,29.8390000,-0.0578000,-15.2030000
20240131,525,C,0.0150,0.0150,0.0150,0.0150,0,0,0.1718000,0.0022000,0.0000000,0.6679000,-0.0039000,0.0426000
20240131,525,P,50.8650,50.8650,50.8650,50.8650,0,0,0.3388000,-0.9219000,0.0000000,14.0294000,-0.0873000,-20.0526000
20240131,408,C,67.1500,67.1500,67.1500,67.1500,0,0,0.3417000,0.9872000,0.0000000,3.1654000,-0.0944000,16.4758000
20240131,408,P,0.0750,0.0750,0.0750,0.0750,0,0,0.3105000,-0.0071000,0.0000000,1.8990000,-0.0191000,-0.1414000
20240131,440,C,35.3650,35.3650,35.3650,35.3650,0,0,0.2121000,0.9647000,0.0000000,7.4744000,-0.1143000,17.3435000
20240131,440,P,0.2150,0.2150,0.2150,0.2150,0,0,0.2004000,-0.0279000,0.0000000,6.1680000,-0.0392000,-0.5534000
20240131,472,C,6.3750,6.3750,6.3750,6.3750,0,0,0.1211000,0.6113000,0.0000000,36.8397000,-0.1901000,11.6497000
20240131,472,P,3.1750,3.1750,3.1750,3.1750,0,0,0.1195000,-0.3873000,0.0000000,36.8031000,-0.1194000,-7.6766000
20240131,504,C,0.0350,0.0350,0.0350,0.0350,0,0,0.1201000,0.0080000,0.0000000,2.1075000,-0.0089000,0.1546000
20240131,504,P,29.8650,29.8650,29.8650,29.8650,0,0,0.2272000,-0.8955000,0.0000000,17.4158000,-0.0657000,-18.6750000
20240131,365,C,109.9950,109.9950,109.9950,109.9950,0,0,0.5171000,0.9948000,0.0000000,1.4186000,-0.0771000,14.8641000
20240131,365,P,0.0250,0.0250,0.0250,0.0250,0,0,0.4492000,-0.0016000,0.0000000,0.5067000,-0.0074000,-0.0326000
20240131,429,C,46.2600,46.2600,46.2600,46.2600,0,0,0.2553000,0.9772000,0.0000000,5.1951000,-0.1050000,17.1390000
20240131,429,P,0.1450,0.1450,0.1450,0.1450,0,0,0.2397000,-0.0167000,0.0000000,3.9973000,-0.0307000,-0.3317000
20240131,461,C,15.2000,15.2000,15.2000,15.2000,0,0,0.1450000,0.8515000,0.0000000,22.2592000,-0.1642000,15.9659000
20240131,461,P,1.0050,1.0050,1.0050,1.0050,0,0,0.1412000,-0.1422000,0.0000000,21.6294000,-0.0918000,-2.8135000
20240131,493,C,0.1950,0.1950,0.1950,0.1950,0,0,0.1069000,0.0454000,0.0000000,9.1843000,-0.0358000,0.8778000
20240131,493,P,18.8650,18.8650,18.8650,18.8650,0,0,0.1623000,-0.8652000,0.0000000,20.8416000,-0.0502000,-17.6335000
20240131,535,P,60.8550,60.8550,60.8550,60.8550,0,0,0.3873000,-0.9294000,0.0000000,12.9826000,-0.0945000,-20.6100000
20240131,418,C,57.2000,57.2000,57.2000,57.2000,0,0,0.3012000,0.9833000,0.0000000,3.9782000,-0.0995000,16.8091000
20240131,418,P,0.1050,0.1050,0.1050,0.1050,0,0,0.2783000,-0.0107000,0.0000000,2.7262000,-0.0245000,-0.2133000
20240131,450,C,25.5500,25.5500,25.5500,25.5500,0,0,0.1760000,0.9384000,0.0000000,11.6829000,-0.1296000,17.2343000
20240131,450,P,0.3950,0.3950,0.3950,0.3950,0,0,0.1700000,-0.0553000,0.0000000,10.7512000,-0.0570000,-1.0951000
20240131,482,C,1.6250,1.6250,1.6250,1.6250,0,0,0.1082000,0.2605000,0.0000000,31.2079000,-0.1303000,5.0095000
20240131,482,P,8.5500,8.5500,8.5500,8.5500,0,0,0.1111000,-0.7337000,0.0000000,31.5555000,-0.0649000,-14.6478000
20240131,514,C,0.0150,0.0150,0.0150,0.0150,0,0,0.1367000,0.0023000,0.0000000,0.7151000,-0.0034000,0.0461000
20240131,514,P,39.8650,39.8650,39.8650,39.8650,0,0,0.2819000,-0.9109000,0.0000000,15.4903000,-0.0768000,-19.3861000
20240131,375,C,100.0300,100.0300,100.0300,100.0300,0,0,0.4804000,0.9934000,0.0000000,1.7757000,-0.0825000,15.2447000
20240131,375,P,0.0350,0.0350,0.0350,0.0350,0,0,0.4218000,-0.0024000,0.0000000,0.7388000,-0.0102000,-0.0494000
20240131,439,C,36.3550,36.3550,36.3550,36.3550,0,0,0.2163000,0.9661000,0.0000000,7.2335000,-0.1136000,17.3296000
20240131,439,P,0.2050,0.2050,0.2050,0.2050,0,0,0.2038000,-0.0264000,0.0000000,5.8932000,-0.0381000,-0.5240000
20240131,407,C,68.1500,68.1500,68.1500,68.1500,0,0,0.3471000,0.9872000,0.0000000,3.1555000,-0.0948000,16.4356000
20240131,407,P,0.0750,0.0750,0.0750,0.0750,0,0,0.3144000,-0.0069000,0.0000000,1.8583000,-0.0189000,-0.1380000
20240131,471,C,7.0550,7.0550,7.0550,7.0550,0,0,0.1229000,0.6421000,0.0000000,35.8814000,-0.1903000,12.2225000
20240131,471,P,2.8550,2.8550,2.8550,2.8550,0,0,0.1212000,-0.3560000,0.0000000,35.8185000,-0.1197000,-7.0540000
20240131,545,P,70.8500,70.8500,70.8500,70.8500,0,0,0.4346000,-0.9347000,0.0000000,12.2173000,-0.1021000,-21.1250000
20240131,428,C,47.2600,47.2600,47.2600,47.2600,0,0,0.2607000,0.9774000,0.0000000,5.1532000,-0.1054000,17.1021000
20240131,428,P,0.1350,0.1350,0.1350,0.1350,0,0,0.2416000,-0.0154000,0.0000000,3.7418000,-0.0290000,-0.3071000
20240131,460,C,16.1000,16.1000,16.1000,16.1000,0,0,0.1473000,0.8642000,0.0000000,20.9462000,-0.1602000,16.1775000
20240131,460,P,0.9150,0.9150,0.9150,0.9150,0,0,0.1436000,-0.1298000,0.0000000,20.3197000,-0.0882000,-2.5680000
20240131,492,C,0.2350,0.2350,0.2350,0.2350,0,0,0.1062000,0.0539000,0.0000000,10.5231000,-0.0409000,1.0408000
20240131,492,P,17.8650,17.8650,17.8650,17.8650,0,0,0.1561000,-0.8611000,0.0000000,21.2758000,-0.0486000,-17.5120000
20240131,524,C,0.0150,0.0150,0.0150,0.0150,0,0,0.1679000,0.0021000,0.0000000,0.6473000,-0.0037000,0.0412000
20240131,524,P,49.8650,49.8650,49.8650,49.8650,0,0,0.3337000,-0.9211000,0.0000000,14.1360000,-0.0863000,-19.9962000
20240131,385,C,90.0700,90.0700,90.0700,90.0700,0,0,0.4414000,0.9917000,0.0000000,2.1739000,-0.0873000,15.6208000
20240131,385,P,0.0450,0.0450,0.0450,0.0450,0,0,0.3886000,-0.0033000,0.0000000,0.9761000,-0.0124000,-0.0672000
20240131,417,C,58.1900,58.1900,58.1900,58.1900,0,0,0.3041000,0.9841000,0.0000000,3.8204000,-0.0982000,16.7833000
20240131,417,P,0.0950,0.0950,0.0950,0.0950,0,0,0.2792000,-0.0098000,0.0000000,2.5170000,-0.0227000,-0.1946000
20240131,449,C,26.5250,26.5250,26.5250,26.5250,0,0,0.1791000,0.9425000,0.0000000,11.0699000,-0.1273000,17.2741000
20240131,449,P,0.3650,0.3650,0.3650,0.3650,0,0,0.1726000,-0.0510000,0.0000000,10.0720000,-0.0543000,-1.0086000
20240131,481,C,1.9200,1.9200,1.9200,1.9200,0,0,0.1091000,0.2939000,0.0000000,33.1060000,-0.1405000,5.6478000
20240131,481,P,7.8250,7.8250,7.8250,7.8250,0,0,0.1109000,-0.7029000,0.0000000,33.2665000,-0.0733000,-14.0179000
20240131,438,C,37.3400,37.3400,37.3400,37.3400,0,0,0.2202000,0.9675000,0.0000000,6.9795000,-0.1126000,17.3170000
20240131,438,P,0.1950,0.1950,0.1950,0.1950,0,0,0.2070000,-0.0249000,0.0000000,5.6098000,-0.0369000,-0.4941000
20240131,406,C,69.1400,69.1400,69.1400,69.1400,0,0,0.3496000,0.9879000,0.0000000,3.0197000,-0.0933000,16.4071000
20240131,406,P,0.0750,0.0750,0.0750,0.0750,0,0,0.3193000,-0.0069000,0.0000000,1.8521000,-0.0192000,-0.1375000
20240131,470,C,7.7650,7.7650,7.7650,7.7650,0,0,0.1247000,0.6712000,0.0000000,34.7540000,-0.1897000,12.7596000
20240131,470,P,2.5700,2.5700,2.5700,2.5700,0,0,0.1232000,-0.3268000,0.0000000,34.6738000,-0.1194000,-6.4746000
20240131,502,C,0.0450,0.0450,0.0450,0.0450,0,0,0.1171000,0.0106000,0.0000000,2.7087000,-0.0113000,0.2060000
20240131,502,P,27.8650,27.8650,27.8650,27.8650,0,0,0.2159000,-0.8913000,0.0000000,17.9088000,-0.0632000,-18.5126000
20240131,427,C,48.2500,48.2500,48.2500,48.2500,0,0,0.2641000,0.9784000,0.0000000,4.9654000,-0.1043000,17.0804000
20240131,427,P,0.1350,0.1350,0.1350,0.1350,0,0,0.2460000,-0.0151000,0.0000000,3.6678000,-0.0290000,-0.3001000
20240131,395,C,80.1000,80.1000,80.1000,80.1000,0,0,0.3964000,0.9903000,0.0000000,2.4891000,-0.0896000,16.0036000
20240131,395,P,0.0550,0.0550,0.0550,0.0550,0,0,0.3544000,-0.0045000,0.0000000,1.2830000,-0.0148000,-0.0911000
20240131,459,C,17.0200,17.0200,17.0200,17.0200,0,0,0.1502000,0.8749000,0.0000000,19.7874000,-0.1570000,16.3485000
20240131,459,P,0.8350,0.8350,0.8350,0.8350,0,0,0.1462000,-0.1187000,0.0000000,19.0883000,-0.0847000,-2.3484000
20240131,491,C,0.2850,0.2850,0.2850,0.2850,0,0,0.1055000,0.0639000,0.0000000,12.0324000,-0.0467000,1.2343000
20240131,491,P,16.8650,16.8650,16.8650,16.8650,0,0,0.1497000,-0.8567000,0.0000000,21.7313000,-0.0468000,-17.3850000
20240202,448,C,27.9100,27.9100,27.9100,27.9100,0,0,0.1942000,0.9238000,0.0000000,14.6505000,-0.1434000,19.1007000
20240202,448,P,0.4650,0.4650,0.4650,0.4650,0,0,0.1768000,-0.0584000,0.0000000,11.9407000,-0.0580000,-1.3120000
20240202,480,C,2.7850,2.7850,2.7850,2.7850,0,0,0.1162000,0.3516000,0.0000000,37.9622000,-0.1536000,7.6348000
20240202,480,P,7.4650,7.4650,7.4650,7.4650,0,0,0.1156000,-0.6491000,0.0000000,37.9312000,-0.0830000,-14.6824000
20240202,512,C,0.0250,0.0250,0.0250,0.0250,0,0,0.1328000,0.0049000,0.0000000,1.4575000,-0.0060000,0.1075000
20240202,512,P,37.8600,37.8600,37.8600,37.8600,0,0,0.2626000,-0.9004000,0.0000000,17.8979000,-0.0705000,-21.6468000
20240202,405,C,70.4200,70.4200,70.4200,70.4200,0,0,0.3728000,0.9787000,0.0000000,5.2079000,-0.1144000,18.3335000
20240202,405,P,0.0950,0.0950,0.0950,0.0950,0,0,0.3134000,-0.0082000,0.0000000,2.2952000,-0.0205000,-0.1855000
20240202,469,C,9.1650,9.1650,9.1650,9.1650,0,0,0.1347000,0.6817000,0.0000000,36.5074000,-0.1904000,14.6271000
20240202,469,P,2.6950,2.6950,2.6950,2.6950,0,0,0.1292000,-0.3115000,0.0000000,36.1767000,-0.1155000,-7.0052000
20240202,458,C,18.4600,18.4600,18.4600,18.4600,0,0,0.1623000,0.8587000,0.0000000,22.9076000,-0.1660000,18.1038000
20240202,458,P,0.9950,0.9950,0.9950,0.9950,0,0,0.1520000,-0.1260000,0.0000000,21.1910000,-0.0859000,-2.8304000
20240202,490,C,0.5450,0.5450,0.5450,0.5450,0,0,0.1101000,0.1018000,0.0000000,18.1968000,-0.0658000,2.2236000
20240202,490,P,15.8650,15.8650,15.8650,15.8650,0,0,0.1396000,-0.8405000,0.0000000,24.8436000,-0.0416000,-19.2986000
20240202,415,C,60.4800,60.4800,60.4800,60.4800,0,0,0.3298000,0.9738000,0.0000000,6.2042000,-0.1186000,18.6880000
20240202,415,P,0.1250,0.1250,0.1250,0.1250,0,0,0.2817000,-0.0118000,0.0000000,3.1665000,-0.0254000,-0.2678000
20240202,447,C,28.8800,28.8800,28.8800,28.8800,0,0,0.1978000,0.9276000,0.0000000,14.0977000,-0.1419000,19.1381000
20240202,447,P,0.4350,0.4350,0.4350,0.4350,0,0,0.1794000,-0.0543000,0.0000000,11.2807000,-0.0557000,-1.2208000
20240202,479,C,3.1900,3.1900,3.1900,3.1900,0,0,0.1175000,0.3843000,0.0000000,39.0915000,-0.1612000,8.3382000
20240202,479,P,6.8500,6.8500,6.8500,6.8500,0,0,0.1163000,-0.6168000,0.0000000,39.0548000,-0.0900000,-13.9408000
20240202,500,C,0.0950,0.0950,0.0950,0.0950,0,0,0.1147000,0.0209000,0.0000000,5.1518000,-0.0188000,0.4583000
20240202,500,P,25.8650,25.8650,25.8650,25.8650,0,0,0.1984000,-0.8774000,0.0000000,20.7730000,-0.0568000,-20.5801000
20240202,468,C,9.9250,9.9250,9.9250,9.9250,0,0,0.1369000,0.7045000,0.0000000,35.3259000,-0.1894000,15.0966000
20240202,468,P,2.4550,2.4550,2.4550,2.4550,0,0,0.1311000,-0.2877000,0.0000000,34.8972000,-0.1143000,-6.4686000
20240202,467.5,C,10.3150,10.3150,10.3150,10.3150,0,0,0.1380000,0.7154000,0.0000000,34.7133000,-0.1888000,15.3174000
20240202,467.5,P,2.3400,2.3400,2.3400,2.3400,0,0,0.1321000,-0.2764000,0.0000000,34.2283000,-0.1135000,-6.2131000
20240202,425,C,50.5500,50.5500,50.5500,50.5500,0,0,0.2866000,0.9670000,0.0000000,7.5277000,-0.1229000,18.9993000
20240202,425,P,0.1650,0.1650,0.1650,0.1650,0,0,0.2480000,-0.0171000,0.0000000,4.3532000,-0.0305000,-0.3868000
20240202,457,C,19.3800,19.3800,19.3800,19.3800,0,0,0.1653000,0.8680000,0.0000000,21.8661000,-0.1634000,18.2660000
20240202,457,P,0.9150,0.9150,0.9150,0.9150,0,0,0.1544000,-0.1162000,0.0000000,20.0134000,-0.0827000,-2.6093000
20240202,489,C,0.6450,0.6450,0.6450,0.6450,0,0,0.1098000,0.1174000,0.0000000,20.1589000,-0.0731000,2.5635000
20240202,489,P,14.8650,14.8650,14.8650,14.8650,0,0,0.1334000,-0.8348000,0.0000000,25.4147000,-0.0398000,-19.1269000
20240202,350,C,125.1850,125.1850,125.1850,125.1850,0,0,0.6187000,0.9908000,0.0000000,2.5310000,-0.0962000,16.0487000
20240202,350,P,0.0250,0.0250,0.0250,0.0250,0,0,0.4843000,-0.0014000,0.0000000,0.4823000,-0.0067000,-0.0328000
20240202,478,C,3.6300,3.6300,3.6300,3.6300,0,0,0.1188000,0.4171000,0.0000000,39.9360000,-0.1678000,9.0424000
20240202,478,P,6.2500,6.2500,6.2500,6.2500,0,0,0.1166000,-0.5845000,0.0000000,39.8988000,-0.0955000,-13.1994000
20240202,510,C,0.0350,0.0350,0.0350,0.0350,0,0,0.1318000,0.0068000,0.0000000,1.9639000,-0.0080000,0.1505000
20240202,510,P,35.8600,35.8600,35.8600,35.8600,0,0,0.2523000,-0.8974000,0.0000000,18.2852000,-0.0684000,-21.4881000
20240202,477.5,C,3.8650,3.8650,3.8650,3.8650,0,0,0.1193000,0.4334000,0.0000000,40.2509000,-0.1707000,9.3926000
20240202,477.5,P,5.9800,5.9800,5.9800,5.9800,0,0,0.1171000,-0.5679000,0.0000000,40.2263000,-0.0985000,-12.8193000
20240202,435,C,40.6500,40.6500,40.6500,40.6500,0,0,0.2447000,0.9557000,0.0000000,9.5700000,-0.1290000,19.2111000
20240202,435,P,0.2350,0.2350,0.2350,0.2350,0,0,0.2153000,-0.0268000,0.0000000,6.3492000,-0.0383000,-0.6037000
20240202,467,C,10.7050,10.7050,10.7050,10.7050,0,0,0.1390000,0.7260000,0.0000000,34.0769000,-0.1880000,15.5340000
20240202,467,P,2.2350,2.2350,2.2350,2.2350,0,0,0.1330000,-0.2653000,0.0000000,33.5383000,-0.1125000,-5.9639000
20240202,499,C,0.1150,0.1150,0.1150,0.1150,0,0,0.1145000,0.0251000,0.0000000,6.0033000,-0.0219000,0.5494000
20240202,499,P,24.8650,24.8650,24.8650,24.8650,0,0,0.1927000,-0.8748000,0.0000000,21.0792000,-0.0554000,-20.4763000
20240202,360,C,115.2250,115.2250,115.2250,115.2250,0,0,0.5734000,0.9894000,0.0000000,2.8537000,-0.0997000,16.4827000
20240202,360,P,0.0350,0.0350,0.0350,0.0350,0,0,0.4570000,-0.0020000,0.0000000,0.6718000,-0.0088000,-0.0472000
20240202,456,C,20.3050,20.3050,20.3050,20.3050,0,0,0.1679000,0.8771000,0.0000000,20.8082000,-0.1604000,18.4236000
20240202,456,P,0.8450,0.8450,0.8450,0.8450,0,0,0.1568000,-0.1073000,0.0000000,18.9086000,-0.0796000,-2.4102000
20240202,488,C,0.7750,0.7750,0.7750,0.7750,0,0,0.1102000,0.1361000,0.0000000,22.3446000,-0.0817000,2.9705000
20240202,488,P,13.8800,13.8800,13.8800,13.8800,0,0,0.1278000,-0.8272000,0.0000000,26.1612000,-0.0391000,-18.9131000
20240202,520,C,0.0150,0.0150,0.0150,0.0150,0,0,0.1464000,0.0023000,0.0000000,0.7478000,-0.0033000,0.0511000
20240202,520,P,45.8600,45.8600,45.8600,45.8600,0,0,0.3031000,-0.9101000,0.0000000,16.5921000,-0.0783000,-22.2342000
20240202,487.5,C,0.8450,0.8450,0.8450,0.8450,0,0,0.1103000,0.1460000,0.0000000,23.4348000,-0.0860000,3.1860000
20240202,487.5,P,13.4000,13.4000,13.4000,13.4000,0,0,0.1253000,-0.8223000,0.0000000,26.6292000,-0.0394000,-18.7826000
20240202,445,C,30.8200,30.8200,30.8200,30.8200,0,0,0.2048000,0.9346000,0.0000000,13.0233000,-0.1385000,19.2039000
20240202,445,P,0.3850,0.3850,0.3850,0.3850,0,0,0.1850000,-0.0475000,0.0000000,10.1457000,-0.0518000,-1.0687000
20240202,477,C,4.1100,4.1100,4.1100,4.1100,0,0,0.1202000,0.4499000,0.0000000,40.4980000,-0.1737000,9.7448000
20240202,477,P,5.7100,5.7100,5.7100,5.7100,0,0,0.1175000,-0.5513000,0.0000000,40.4802000,-0.1010000,-12.4417000
20240202,370,C,105.2650,105.2650,105.2650,105.2650,0,0,0.5281000,0.9879000,0.0000000,3.2180000,-0.1029000,16.9121000
20240202,370,P,0.0450,0.0450,0.0450,0.0450,0,0,0.4277000,-0.0028000,0.0000000,0.9079000,-0.0112000,-0.0658000
20240202,466,C,11.5100,11.5100,11.5100,11.5100,0,0,0.1416000,0.7455000,0.0000000,32.8156000,-0.1865000,15.9279000
20240202,466,P,2.0350,2.0350,2.0350,2.0350,0,0,0.1350000,-0.2445000,0.0000000,32.1330000,-0.1104000,-5.4945000
20240202,498,C,0.1350,0.1350,0.1350,0.1350,0,0,0.1135000,0.0291000,0.0000000,6.8015000,-0.0247000,0.6380000
20240202,498,P,23.8650,23.8650,23.8650,23.8650,0,0,0.1871000,-0.8719000,0.0000000,21.4177000,-0.0541000,-20.3658000
20240202,530,C,0.0150,0.0150,0.0150,0.0150,0,0,0.1738000,0.0019000,0.0000000,0.6347000,-0.0033000,0.0426000
20240202,530,P,55.8550,55.8550,55.8550,55.8550,0,0,0.3507000,-0.9195000,0.0000000,15.2822000,-0.0859000,-22.9056000
20240202,455,C,21.2350,21.2350,21.2350,21.2350,0,0,0.1708000,0.8851000,0.0000000,19.8422000,-0.1578000,18.5568000
20240202,455,P,0.7750,0.7750,0.7750,0.7750,0,0,0.1589000,-0.0987000,0.0000000,17.7892000,-0.0762000,-2.2158000
20240202,487,C,0.9250,0.9250,0.9250,0.9250,0,0,0.1106000,0.1568000,0.0000000,24.5710000,-0.0906000,3.4202000
20240202,487,P,12.9400,12.9400,12.9400,12.9400,0,0,0.1235000,-0.8157000,0.0000000,27.2395000,-0.0407000,-18.6168000
20240202,380,C,95.3050,95.3050,95.3050,95.3050,0,0,0.4824000,0.9861000,0.0000000,3.6207000,-0.1056000,17.3371000
20240202,380,P,0.0550,0.0550,0.0550,0.0550,0,0,0.3964000,-0.0039000,0.0000000,1.1943000,-0.0136000,-0.0892000
20240202,476,C,4.6250,4.6250,4.6250,4.6250,0,0,0.1216000,0.4824000,0.0000000,40.7798000,-0.1785000,10.4377000
20240202,476,P,5.2100,5.2100,5.2100,5.2100,0,0,0.1186000,-0.5182000,0.0000000,40.7766000,-0.1056000,-11.6870000
20240202,508,C,0.0350,0.0350,0.0350,0.0350,0,0,0.1250000,0.0070000,0.0000000,2.0099000,-0.0078000,0.1546000
20240202,508,P,33.8600,33.8600,33.8600,33.8600,0,0,0.2418000,-0.8942000,0.0000000,18.7031000,-0.0662000,-21.3233000
20240202,540,P,65.8550,65.8550,65.8550,65.8550,0,0,0.3969000,-0.9260000,0.0000000,14.3249000,-0.0936000,-23.5164000
20240202,465,C,12.3250,12.3250,12.3250,12.3250,0,0,0.1437000,0.7644000,0.0000000,31.4799000,-0.1841000,16.3076000
20240202,465,P,1.8550,1.8550,1.8550,1.8550,0,0,0.1370000,-0.2252000,0.0000000,30.7039000,-0.1079000,-5.0595000
20240202,497,C,0.1550,0.1550,0.1550,0.1550,0,0,0.1123000,0.0335000,0.0000000,7.6351000,-0.0275000,0.7337000
20240202,497,P,22.8650,22.8650,22.8650,22.8650,0,0,0.1813000,-0.8689000,0.0000000,21.7629000,-0.0527000,-20.2532000
20240202,390,C,85.3450,85.3450,85.3450,85.3450,0,0,0.4370000,0.9839000,0.0000000,4.0981000,-0.1082000,17.7535000
20240202,390,P,0.0650,0.0650,0.0650,0.0650,0,0,0.3613000,-0.0050000,0.0000000,1.4819000,-0.0153000,-0.1134000
20240202,454,C,22.1750,22.1750,22.1750,22.1750,0,0,0.1740000,0.8923000,0.0000000,18.9487000,-0.1554000,18.6711000
20240202,454,P,0.7250,0.7250,0.7250,0.7250,0,0,0.1619000,-0.0920000,0.0000000,16.8973000,-0.0740000,-2.0664000
20240202,486,C,1.1050,1.1050,1.1050,1.1050,0,0,0.1113000,0.1798000,0.0000000,26.8381000,-0.1001000,3.9210000
20240202,486,P,12.0350,12.0350,12.0350,12.0350,0,0,0.1201000,-0.8014000,0.0000000,28.5168000,-0.0436000,-18.2586000
20240202,475,C,5.1800,5.1800,5.1800,5.1800,0,0,0.1234000,0.5143000,0.0000000,40.7931000,-0.1828000,11.1161000
20240202,475,P,4.7500,4.7500,4.7500,4.7500,0,0,0.1198000,-0.4855000,0.0000000,40.7926000,-0.1095000,-10.9431000
20240202,400,C,75.3950,75.3950,75.3950,75.3950,0,0,0.3937000,0.9808000,0.0000000,4.7744000,-0.1120000,18.1476000
20240202,400,P,0.0850,0.0850,0.0850,0.0850,0,0,0.3300000,-0.0070000,0.0000000,1.9975000,-0.0188000,-0.1585000
20240202,464,C,13.1650,13.1650,13.1650,13.1650,0,0,0.1462000,0.7814000,0.0000000,30.1774000,-0.1818000,16.6439000
20240202,464,P,1.6850,1.6850,1.6850,1.6850,0,0,0.1387000,-0.2068000,0.0000000,29.2290000,-0.1047000,-4.6464000
20240202,496,C,0.1850,0.1850,0.1850,0.1850,0,0,0.1118000,0.0395000,0.0000000,8.7400000,-0.0314000,0.8653000
20240202,496,P,21.8650,21.8650,21.8650,21.8650,0,0,0.1756000,-0.8657000,0.0000000,22.1355000,-0.0513000,-20.1345000
20240202,453,C,23.1200,23.1200,23.1200,23.1200,0,0,0.1774000,0.8984000,0.0000000,18.1560000,-0.1534000,18.7631000
20240202,453,P,0.6650,0.6650,0.6650,0.6650,0,0,0.1640000,-0.0847000,0.0000000,15.8807000,-0.0706000,-1.9013000
20240202,485,C,1.3050,1.3050,1.3050,1.3050,0,0,0.1118000,0.2044000,0.0000000,29.0242000,-0.1094000,4.4538000
20240202,485,P,11.1700,11.1700,11.1700,11.1700,0,0,0.1179000,-0.7828000,0.0000000,30.0693000,-0.0486000,-17.8070000
20240202,410,C,65.4500,65.4500,65.4500,65.4500,0,0,0.3515000,0.9764000,0.0000000,5.6870000,-0.1167000,18.5134000
20240202,410,P,0.1050,0.1050,0.1050,0.1050,0,0,0.2963000,-0.0095000,0.0000000,2.6290000,-0.0222000,-0.2164000
20240202,474,C,5.7600,5.7600,5.7600,5.7600,0,0,0.1249000,0.5453000,0.0000000,40.5551000,-0.1858000,11.7745000
20240202,474,P,4.3250,4.3250,4.3250,4.3250,0,0,0.1210000,-0.4535000,0.0000000,40.5420000,-0.1123000,-10.2156000
20240202,506,C,0.0450,0.0450,0.0450,0.0450,0,0,0.1230000,0.0095000,0.0000000,2.6119000,-0.0101000,0.2083000
20240202,506,P,31.8600,31.8600,31.8600,31.8600,0,0,0.2312000,-0.8906000,0.0000000,19.1567000,-0.0640000,-21.1512000
20240202,495,C,0.2150,0.2150,0.2150,0.2150,0,0,0.1105000,0.0454000,0.0000000,9.7744000,-0.0349000,0.9935000
20240202,495,P,20.8650,20.8650,20.8650,20.8650,0,0,0.1697000,-0.8623000,0.0000000,22.5184000,-0.0498000,-20.0127000
20240202,463,C,14.0100,14.0100,14.0100,14.0100,0,0,0.1486000,0.7973000,0.0000000,28.8709000,-0.1793000,16.9548000
20240202,463,P,1.5400,1.5400,1.5400,1.5400,0,0,0.1411000,-0.1907000,0.0000000,27.8312000,-0.1021000,-4.2833000
20240202,462.5,C,14.4450,14.4450,14.4450,14.4450,0,0,0.1499000,0.8048000,0.0000000,28.2219000,-0.1779000,17.1004000
20240202,462.5,P,1.4750,1.4750,1.4750,1.4750,0,0,0.1421000,-0.1829000,0.0000000,27.1209000,-0.1005000,-4.1078000
20240202,420,C,55.5100,55.5100,55.5100,55.5100,0,0,0.3076000,0.9710000,0.0000000,6.7659000,-0.1202000,18.8564000
20240202,420,P,0.1450,0.1450,0.1450,0.1450,0,0,0.2656000,-0.0144000,0.0000000,3.7440000,-0.0282000,-0.3248000
20240202,452,C,24.0700,24.0700,24.0700,24.0700,0,0,0.1806000,0.9045000,0.0000000,17.3543000,-0.1512000,18.8530000
20240202,452,P,0.6150,0.6150,0.6150,0.6150,0,0,0.1663000,-0.0782000,0.0000000,14.9581000,-0.0677000,-1.7562000
20240202,484,C,1.5300,1.5300,1.5300,1.5300,0,0,0.1125000,0.2309000,0.0000000,31.1384000,-0.1188000,5.0278000
20240202,484,P,10.3350,10.3350,10.3350,10.3350,0,0,0.1159000,-0.7622000,0.0000000,31.6482000,-0.0537000,-17.3119000
20240202,473,C,6.3850,6.3850,6.3850,6.3850,0,0,0.1267000,0.5753000,0.0000000,40.0892000,-0.1882000,12.4075000
20240202,473,P,3.9350,3.9350,3.9350,3.9350,0,0,0.1224000,-0.4224000,0.0000000,40.0459000,-0.1145000,-9.5117000
20240202,505,C,0.0550,0.0550,0.0550,0.0550,0,0,0.1230000,0.0115000,0.0000000,3.1017000,-0.0120000,0.2536000
20240202,505,P,30.8600,30.8600,30.8600,30.8600,0,0,0.2258000,-0.8887000,0.0000000,19.3966000,-0.0629000,-21.0624000
20240202,472.5,C,6.7100,6.7100,6.7100,6.7100,0,0,0.1278000,0.5897000,0.0000000,39.7820000,-0.1893000,12.7102000
20240202,472.5,P,3.7550,3.7550,3.7550,3.7550,0,0,0.1232000,-0.4073000,0.0000000,39.7145000,-0.1153000,-9.1705000
20240202,430,C,45.5900,45.5900,45.5900,45.5900,0,0,0.2648000,0.9624000,0.0000000,8.3704000,-0.1250000,19.1298000
20240202,430,P,0.1950,0.1950,0.1950,0.1950,0,0,0.2316000,-0.0213000,0.0000000,5.2259000,-0.0341000,-0.4792000
20240202,462,C,14.8800,14.8800,14.8800,14.8800,0,0,0.1513000,0.8117000,0.0000000,27.6108000,-0.1768000,17.2312000
20240202,462,P,1.4050,1.4050,1.4050,1.4050,0,0,0.1430000,-0.1751000,0.0000000,26.3874000,-0.0986000,-3.9323000
20240202,494,C,0.2550,0.2550,0.2550,0.2550,0,0,0.1099000,0.0531000,0.0000000,11.0770000,-0.0394000,1.1618000
20240202,494,P,19.8650,19.8650,19.8650,19.8650,0,0,0.1639000,-0.8585000,0.0000000,22.9337000,-0.0483000,-19.8833000
20240202,355,C,120.2050,120.2050,120.2050,120.2050,0,0,0.5960000,0.9901000,0.0000000,2.6877000,-0.0980000,16.2663000
20240202,355,P,0.0250,0.0250,0.0250,0.0250,0,0,0.4609000,-0.0014000,0.0000000,0.4769000,-0.0063000,-0.0324000
20240202,451,C,25.0250,25.0250,25.0250,25.0250,0,0,0.1837000,0.9103000,0.0000000,16.5723000,-0.1488000,18.9361000
20240202,451,P,0.5750,0.5750,0.5750,0.5750,0,0,0.1691000,-0.0728000,0.0000000,14.1690000,-0.0653000,-1.6357000
20240202,483,C,1.7950,1.7950,1.7950,1.7950,0,0,0.1132000,0.2590000,0.0000000,33.1254000,-0.1280000,5.6367000
20240202,483,P,9.5600,9.5600,9.5600,9.5600,0,0,0.1155000,-0.7366000,0.0000000,33.4045000,-0.0612000,-16.7128000
20240202,515,C,0.0250,0.0250,0.0250,0.0250,0,0,0.1406000,0.0042000,0.0000000,1.2880000,-0.0056000,0.0936000
20240202,515,P,40.8600,40.8600,40.8600,40.8600,0,0,0.2780000,-0.9044000,0.0000000,17.3702000,-0.0736000,-21.8745000
20240202,525,C,0.0150,0.0150,0.0150,0.0150,0,0,0.1601000,0.0021000,0.0000000,0.6816000,-0.0033000,0.0461000
20240202,525,P,50.8600,50.8600,50.8600,50.8600,0,0,0.3275000,-0.9149000,0.0000000,15.9239000,-0.0827000,-22.5733000
20240202,482.5,C,1.9350,1.9350,1.9350,1.9350,0,0,0.1136000,0.2736000,0.0000000,34.0560000,-0.1324000,5.9519000
20240202,482.5,P,9.1850,9.1850,9.1850,9.1850,0,0,0.1152000,-0.7235000,0.0000000,34.2287000,-0.0646000,-16.4051000
20240202,440,C,35.7150,35.7150,35.7150,35.7150,0,0,0.2233000,0.9478000,0.0000000,10.9145000,-0.1320000,19.2667000
20240202,440,P,0.3050,0.3050,0.3050,0.3050,0,0,0.2011000,-0.0360000,0.0000000,8.0992000,-0.0453000,-0.8098000
20240202,472,C,7.0350,7.0350,7.0350,7.0350,0,0,0.1285000,0.6041000,0.0000000,39.4216000,-0.1897000,13.0122000
20240202,472,P,3.5800,3.5800,3.5800,3.5800,0,0,0.1241000,-0.3926000,0.0000000,39.3332000,-0.1159000,-8.8376000
20240202,504,C,0.0550,0.0550,0.0550,0.0550,0,0,0.1196000,0.0119000,0.0000000,3.1812000,-0.0120000,0.2612000
20240202,504,P,29.8600,29.8600,29.8600,29.8600,0,0,0.2204000,-0.8866000,0.0000000,19.6519000,-0.0617000,-20.9705000
20240202,365,C,110.2450,110.2450,110.2450,110.2450,0,0,0.5507000,0.9887000,0.0000000,3.0301000,-0.1013000,16.6981000
20240202,365,P,0.0350,0.0350,0.0350,0.0350,0,0,0.4375000,-0.0022000,0.0000000,0.7163000,-0.0090000,-0.0506000
20240202,461,C,15.7550,15.7550,15.7550,15.7550,0,0,0.1536000,0.8255000,0.0000000,26.3225000,-0.1737000,17.4961000
20240202,461,P,1.2850,1.2850,1.2850,1.2850,0,0,0.1451000,-0.1610000,0.0000000,25.0062000,-0.0954000,-3.6167000
20240202,493,C,0.3150,0.3150,0.3150,0.3150,0,0,0.1103000,0.0636000,0.0000000,12.7685000,-0.0457000,1.3917000
20240202,493,P,18.8650,18.8650,18.8650,18.8650,0,0,0.1579000,-0.8545000,0.0000000,23.3643000,-0.0467000,-19.7495000
20240202,535,C,0.0150,0.0150,0.0150,0.0150,0,0,0.1875000,0.0018000,0.0000000,0.6011000,-0.0034000,0.0401000
20240202,535,P,60.8550,60.8550,60.8550,60.8550,0,0,0.3740000,-0.9230000,0.0000000,14.7709000,-0.0898000,-23.2165000
20240202,450,C,25.9800,25.9800,25.9800,25.9800,0,0,0.1871000,0.9152000,0.0000000,15.8853000,-0.1468000,19.0006000
20240202,450,P,0.5350,0.5350,0.5350,0.5350,0,0,0.1717000,-0.0676000,0.0000000,13.3829000,-0.0628000,-1.5187000
20240202,482,C,2.0850,2.0850,2.0850,2.0850,0,0,0.1140000,0.2885000,0.0000000,34.9391000,-0.1367000,6.2737000
20240202,482,P,8.8150,8.8150,8.8150,8.8150,0,0,0.1149000,-0.7098000,0.0000000,35.0322000,-0.0681000,-16.0853000
20240202,514,C,0.0250,0.0250,0.0250,0.0250,0,0,0.1386000,0.0046000,0.0000000,1.3840000,-0.0059000,0.1014000
20240202,514,P,39.8600,39.8600,39.8600,39.8600,0,0,0.2729000,-0.9031000,0.0000000,17.5369000,-0.0725000,-21.8003000
20240202,375,C,100.2850,100.2850,100.2850,100.2850,0,0,0.5054000,0.9870000,0.0000000,3.4188000,-0.1044000,17.1247000
20240202,375,P,0.0450,0.0450,0.0450,0.0450,0,0,0.4082000,-0.0031000,0.0000000,0.9716000,-0.0114000,-0.0709000
20240202,471,C,7.7200,7.7200,7.7200,7.7200,0,0,0.1306000,0.6313000,0.0000000,38.5878000,-0.1908000,13.5809000
20240202,471,P,3.2600,3.2600,3.2600,3.2600,0,0,0.1259000,-0.3643000,0.0000000,38.4350000,-0.1166000,-8.1965000
20240202,545,P,70.8500,70.8500,70.8500,70.8500,0,0,0.4194000,-0.9287000,0.0000000,13.9215000,-0.0972000,-23.8090000
20240202,460,C,16.6450,16.6450,16.6450,16.6450,0,0,0.1563000,0.8378000,0.0000000,25.1155000,-0.1709000,17.7257000
20240202,460,P,1.1750,1.1750,1.1750,1.1750,0,0,0.1473000,-0.1482000,0.0000000,23.6700000,-0.0921000,-3.3280000
20240202,492,C,0.3750,0.3750,0.3750,0.3750,0,0,0.1099000,0.0743000,0.0000000,14.3867000,-0.0516000,1.6243000
20240202,492,P,17.8650,17.8650,17.8650,17.8650,0,0,0.1519000,-0.8503000,0.0000000,23.8234000,-0.0450000,-19.6082000
20240202,385,C,90.3250,90.3250,90.3250,90.3250,0,0,0.4599000,0.9850000,0.0000000,3.8592000,-0.1071000,17.5454000
20240202,385,P,0.0650,0.0650,0.0650,0.0650,0,0,0.3828000,-0.0047000,0.0000000,1.4213000,-0.0156000,-0.1083000
20240202,449,C,26.9400,26.9400,26.9400,26.9400,0,0,0.1904000,0.9199000,0.0000000,15.2144000,-0.1448000,19.0600000
20240202,449,P,0.5050,0.5050,0.5050,0.5050,0,0,0.1748000,-0.0633000,0.0000000,12.7217000,-0.0609000,-1.4228000
20240202,481,C,2.4200,2.4200,2.4200,2.4200,0,0,0.1152000,0.3199000,0.0000000,36.5883000,-0.1458000,6.9524000
20240202,481,P,8.1300,8.1300,8.1300,8.1300,0,0,0.1155000,-0.6796000,0.0000000,36.6083000,-0.0762000,-15.3860000
20240202,470,C,8.4250,8.4250,8.4250,8.4250,0,0,0.1324000,0.6574000,0.0000000,37.5964000,-0.1906000,14.1261000
20240202,470,P,2.9650,2.9650,2.9650,2.9650,0,0,0.1275000,-0.3371000,0.0000000,37.3699000,-0.1164000,-7.5830000
20240202,502,C,0.0750,0.0750,0.0750,0.0750,0,0,0.1176000,0.0161000,0.0000000,4.1299000,-0.0154000,0.3535000
20240202,502,P,27.8600,27.8600,27.8600,27.8600,0,0,0.2094000,-0.8823000,0.0000000,20.1794000,-0.0592000,-20.7822000
20240202,395,C,80.3700,80.3700,80.3700,80.3700,0,0,0.4167000,0.9822000,0.0000000,4.4791000,-0.1110000,17.9462000
20240202,395,P,0.0750,0.0750,0.0750,0.0750,0,0,0.3466000,-0.0060000,0.0000000,1.7469000,-0.0173000,-0.1363000
20240202,459,C,17.5500,17.5500,17.5500,17.5500,0,0,0.1595000,0.8484000,0.0000000,24.0195000,-0.1687000,17.9181000
20240202,459,P,1.0850,1.0850,1.0850,1.0850,0,0,0.1499000,-0.1369000,0.0000000,22.4389000,-0.0893000,-3.0752000
20240202,491,C,0.4450,0.4450,0.4450,0.4450,0,0,0.1094000,0.0861000,0.0000000,16.0873000,-0.0577000,1.8825000
20240202,491,P,16.8650,16.8650,16.8650,16.8650,0,0,0.1458000,-0.8455000,0.0000000,24.3258000,-0.0434000,-19.4562000
20240209,480,C,3.7100,3.7100,3.7100,3.7100,0,0,0.1142000,0.3868000,0.0000000,46.5377000,-0.1369000,11.8169000
20240209,480,P,7.9500,7.9500,7.9500,7.9500,0,0,0.1148000,-0.6125000,0.0000000,46.5591000,-0.0678000,-19.6172000
20240209,512,C,0.0450,0.0450,0.0450,0.0450,0,0,0.1191000,0.0084000,0.0000000,2.8094000,-0.0075000,0.2621000
20240209,512,P,37.8550,37.8550,37.8550,37.8550,0,0,0.2409000,-0.8763000,0.0000000,24.8408000,-0.0586000,-29.8075000
20240209,405,C,70.9250,70.9250,70.9250,70.9250,0,0,0.3286000,0.9746000,0.0000000,7.1974000,-0.1062000,25.7197000
20240209,405,P,0.1550,0.1550,0.1550,0.1550,0,0,0.2836000,-0.0122000,0.0000000,3.8563000,-0.0219000,-0.3906000
20240209,469,C,10.2900,10.2900,10.2900,10.2900,0,0,0.1319000,0.6702000,0.0000000,44.0151000,-0.1658000,20.2174000
20240209,469,P,3.3400,3.3400,3.3400,3.3400,0,0,0.1273000,-0.3244000,0.0000000,43.7255000,-0.0931000,-10.3341000
20240209,458,C,19.4150,19.4150,19.4150,19.4150,0,0,0.1560000,0.8342000,0.0000000,30.2625000,-0.1532000,24.7321000
20240209,458,P,1.4550,1.4550,1.4550,1.4550,0,0,0.1475000,-0.1527000,0.0000000,28.6862000,-0.0774000,-4.8561000
20240209,490,C,0.9450,0.9450,0.9450,0.9450,0,0,0.1065000,0.1433000,0.0000000,27.4980000,-0.0707000,4.4074000
20240209,490,P,15.8650,15.8650,15.8650,15.8650,0,0,0.1306000,-0.8058000,0.0000000,33.4311000,-0.0330000,-26.1643000
20240209,415,C,61.0150,61.0150,61.0150,61.0150,0,0,0.2927000,0.9684000,0.0000000,8.6297000,-0.1106000,26.1784000
20240209,415,P,0.1950,0.1950,0.1950,0.1950,0,0,0.2543000,-0.0166000,0.0000000,5.0446000,-0.0255000,-0.5326000
20240209,479,C,4.1600,4.1600,4.1600,4.1600,0,0,0.1155000,0.4154000,0.0000000,47.4082000,-0.1422000,12.6789000
20240209,479,P,7.3700,7.3700,7.3700,7.3700,0,0,0.1153000,-0.5846000,0.0000000,47.4049000,-0.0724000,-18.7104000
20240209,500,C,0.1950,0.1950,0.1950,0.1950,0,0,0.1074000,0.0367000,0.0000000,9.7818000,-0.0244000,1.1338000
20240209,500,P,25.8600,25.8600,25.8600,25.8600,0,0,0.1836000,-0.8487000,0.0000000,28.5003000,-0.0466000,-28.1602000
20240209,468,C,11.0350,11.0350,11.0350,11.0350,0,0,0.1336000,0.6906000,0.0000000,42.8523000,-0.1654000,20.8046000
20240209,468,P,3.0900,3.0900,3.0900,3.0900,0,0,0.1290000,-0.3035000,0.0000000,42.4972000,-0.0928000,-9.6676000
20240209,425,C,51.1200,51.1200,51.1200,51.1200,0,0,0.2572000,0.9594000,0.0000000,10.5991000,-0.1156000,26.5480000
20240209,425,P,0.2650,0.2650,0.2650,0.2650,0,0,0.2270000,-0.0245000,0.0000000,7.0027000,-0.0313000,-0.7831000
20240209,457,C,20.3100,20.3100,20.3100,20.3100,0,0,0.1585000,0.8438000,0.0000000,29.1135000,-0.1515000,24.9703000
20240209,457,P,1.3550,1.3550,1.3550,1.3550,0,0,0.1495000,-0.1426000,0.0000000,27.4038000,-0.0753000,-4.5354000
20240209,489,C,1.1050,1.1050,1.1050,1.1050,0,0,0.1069000,0.1620000,0.0000000,29.8324000,-0.0775000,4.9809000
20240209,489,P,14.8900,14.8900,14.8900,14.8900,0,0,0.1259000,-0.7976000,0.0000000,34.2753000,-0.0326000,-25.8452000
20240209,350,C,125.6050,125.6050,125.6050,125.6050,0,0,0.5417000,0.9886000,0.0000000,3.6114000,-0.0907000,22.5626000
20240209,350,P,0.0450,0.0450,0.0450,0.0450,0,0,0.4335000,-0.0024000,0.0000000,0.9179000,-0.0081000,-0.0781000
20240209,478,C,4.6350,4.6350,4.6350,4.6350,0,0,0.1166000,0.4438000,0.0000000,48.0193000,-0.1467000,13.5318000
20240209,478,P,6.8200,6.8200,6.8200,6.8200,0,0,0.1160000,-0.5565000,0.0000000,48.0128000,-0.0766000,-17.7981000
20240209,510,C,0.0550,0.0550,0.0550,0.0550,0,0,0.1166000,0.0105000,0.0000000,3.3914000,-0.0089000,0.3251000
20240209,510,P,35.8550,35.8550,35.8550,35.8550,0,0,0.2316000,-0.8727000,0.0000000,25.3343000,-0.0567000,-29.5658000
20240209,435,C,41.2850,41.2850,41.2850,41.2850,0,0,0.2230000,0.9446000,0.0000000,13.5889000,-0.1224000,26.7350000
20240209,435,P,0.3850,0.3850,0.3850,0.3850,0,0,0.2001000,-0.0382000,0.0000000,10.1101000,-0.0394000,-1.2186000
20240209,467,C,11.8150,11.8150,11.8150,11.8150,0,0,0.1359000,0.7092000,0.0000000,41.6627000,-0.1652000,21.3350000
20240209,467,P,2.8600,2.8600,2.8600,2.8600,0,0,0.1308000,-0.2838000,0.0000000,41.1972000,-0.0922000,-9.0381000
20240209,360,C,115.6550,115.6550,115.6550,115.6550,0,0,0.5015000,0.9872000,0.0000000,4.0147000,-0.0933000,23.1710000
20240209,360,P,0.0550,0.0550,0.0550,0.0550,0,0,0.4062000,-0.0031000,0.0000000,1.1718000,-0.0096000,-0.1023000
20240209,456,C,21.2200,21.2200,21.2200,21.2200,0,0,0.1611000,0.8525000,0.0000000,28.0198000,-0.1499000,25.1831000
20240209,456,P,1.2650,1.2650,1.2650,1.2650,0,0,0.1516000,-0.1333000,0.0000000,26.1713000,-0.0732000,-4.2393000
20240209,488,C,1.2850,1.2850,1.2850,1.2850,0,0,0.1074000,0.1822000,0.0000000,32.1448000,-0.0843000,5.5959000
20240209,488,P,13.9650,13.9650,13.9650,13.9650,0,0,0.1221000,-0.7866000,0.0000000,35.3682000,-0.0335000,-25.4397000
20240209,520,C,0.0350,0.0350,0.0350,0.0350,0,0,0.1357000,0.0056000,0.0000000,1.9443000,-0.0058000,0.1726000
20240209,520,P,45.8550,45.8550,45.8550,45.8550,0,0,0.2770000,-0.8879000,0.0000000,23.1622000,-0.0656000,-30.6965000
20240209,445,C,31.5500,31.5500,31.5500,31.5500,0,0,0.1909000,0.9177000,0.0000000,18.4519000,-0.1322000,26.5364000
20240209,445,P,0.6350,0.6350,0.6350,0.6350,0,0,0.1759000,-0.0661000,0.0000000,15.6300000,-0.0526000,-2.1043000
20240209,477,C,5.1500,5.1500,5.1500,5.1500,0,0,0.1182000,0.4721000,0.0000000,48.3823000,-0.1510000,14.3797000
20240209,477,P,6.3100,6.3100,6.3100,6.3100,0,0,0.1168000,-0.5283000,0.0000000,48.3784000,-0.0803000,-16.8850000
20240209,370,C,105.7100,105.7100,105.7100,105.7100,0,0,0.4636000,0.9851000,0.0000000,4.5611000,-0.0967000,23.7609000
20240209,370,P,0.0750,0.0750,0.0750,0.0750,0,0,0.3837000,-0.0046000,0.0000000,1.6337000,-0.0127000,-0.1481000
20240209,466,C,12.6050,12.6050,12.6050,12.6050,0,0,0.1380000,0.7271000,0.0000000,40.4107000,-0.1645000,21.8389000
20240209,466,P,2.6450,2.6450,2.6450,2.6450,0,0,0.1324000,-0.2650000,0.0000000,39.8206000,-0.0911000,-8.4348000
20240209,498,C,0.2550,0.2550,0.2550,0.2550,0,0,0.1057000,0.0473000,0.0000000,12.0074000,-0.0296000,1.4601000
20240209,498,P,23.8600,23.8600,23.8600,23.8600,0,0,0.1734000,-0.8423000,0.0000000,29.2891000,-0.0441000,-27.8299000
20240209,530,C,0.0250,0.0250,0.0250,0.0250,0,0,0.1542000,0.0033000,0.0000000,1.2386000,-0.0042000,0.1041000
20240209,530,P,55.8550,55.8550,55.8550,55.8550,0,0,0.3201000,-0.8986000,0.0000000,21.5464000,-0.0734000,-31.6869000
20240209,455,C,22.1300,22.1300,22.1300,22.1300,0,0,0.1635000,0.8610000,0.0000000,26.9156000,-0.1480000,25.3888000
20240209,455,P,1.1850,1.1850,1.1850,1.1850,0,0,0.1539000,-0.1249000,0.0000000,25.0168000,-0.0714000,-3.9723000
20240209,487,C,1.4850,1.4850,1.4850,1.4850,0,0,0.1079000,0.2036000,0.0000000,34.4055000,-0.0912000,6.2510000
20240209,487,P,13.0800,13.0800,13.0800,13.0800,0,0,0.1195000,-0.7721000,0.0000000,36.7232000,-0.0361000,-24.9307000
20240209,380,C,95.7700,95.7700,95.7700,95.7700,0,0,0.4252000,0.9828000,0.0000000,5.1747000,-0.0998000,24.3412000
20240209,380,P,0.0850,0.0850,0.0850,0.0850,0,0,0.3525000,-0.0056000,0.0000000,1.9683000,-0.0140000,-0.1822000
20240209,476,C,5.6900,5.6900,5.6900,5.6900,0,0,0.1196000,0.4998000,0.0000000,48.5007000,-0.1545000,15.2090000
20240209,476,P,5.8300,5.8300,5.8300,5.8300,0,0,0.1177000,-0.5003000,0.0000000,48.5007000,-0.0836000,-15.9804000
20240209,508,C,0.0750,0.0750,0.0750,0.0750,0,0,0.1157000,0.0141000,0.0000000,4.3703000,-0.0115000,0.4356000
20240209,508,P,33.8550,33.8550,33.8550,33.8550,0,0,0.2222000,-0.8689000,0.0000000,25.8634000,-0.0547000,-29.3143000
20240209,540,C,0.0150,0.0150,0.0150,0.0150,0,0,0.1679000,0.0017000,0.0000000,0.6857000,-0.0025000,0.0541000
20240209,540,P,65.8550,65.8550,65.8550,65.8550,0,0,0.3613000,-0.9066000,0.0000000,20.2907000,-0.0805000,-32.5928000
20240209,465,C,13.4100,13.4100,13.4100,13.4100,0,0,0.1402000,0.7436000,0.0000000,39.1446000,-0.1638000,22.3016000
20240209,465,P,2.4500,2.4500,2.4500,2.4500,0,0,0.1343000,-0.2477000,0.0000000,38.4445000,-0.0901000,-7.8833000
20240209,390,C,85.8300,85.8300,85.8300,85.8300,0,0,0.3869000,0.9799000,0.0000000,5.8952000,-0.1027000,24.9061000
20240209,390,P,0.1050,0.1050,0.1050,0.1050,0,0,0.3242000,-0.0074000,0.0000000,2.5158000,-0.0164000,-0.2401000
20240209,454,C,23.0500,23.0500,23.0500,23.0500,0,0,0.1661000,0.8688000,0.0000000,25.8805000,-0.1462000,25.5690000
20240209,454,P,1.1050,1.1050,1.1050,1.1050,0,0,0.1558000,-0.1166000,0.0000000,23.8404000,-0.0692000,-3.7094000
20240209,486,C,1.7150,1.7150,1.7150,1.7150,0,0,0.1086000,0.2267000,0.0000000,36.6209000,-0.0983000,6.9561000
20240209,486,P,12.2250,12.2250,12.2250,12.2250,0,0,0.1171000,-0.7559000,0.0000000,38.1415000,-0.0390000,-24.3686000
20240209,475,C,6.2600,6.2600,6.2600,6.2600,0,0,0.1210000,0.5270000,0.0000000,48.3894000,-0.1575000,16.0178000
20240209,475,P,5.3800,5.3800,5.3800,5.3800,0,0,0.1187000,-0.4726000,0.0000000,48.3870000,-0.0862000,-15.0895000
20240209,400,C,75.8900,75.8900,75.8900,75.8900,0,0,0.3481000,0.9765000,0.0000000,6.7252000,-0.1052000,25.4543000
20240209,400,P,0.1350,0.1350,0.1350,0.1350,0,0,0.2973000,-0.0103000,0.0000000,3.3409000,-0.0199000,-0.3314000
20240209,464,C,14.2300,14.2300,14.2300,14.2300,0,0,0.1423000,0.7594000,0.0000000,37.8451000,-0.1626000,22.7381000
20240209,464,P,2.2700,2.2700,2.2700,2.2700,0,0,0.1362000,-0.2312000,0.0000000,37.0300000,-0.0887000,-7.3592000
20240209,496,C,0.3550,0.3550,0.3550,0.3550,0,0,0.1054000,0.0634000,0.0000000,15.1363000,-0.0375000,1.9563000
20240209,496,P,21.8600,21.8600,21.8600,21.8600,0,0,0.1631000,-0.8350000,0.0000000,30.1704000,-0.0416000,-27.4700000
20240209,453,C,23.9750,23.9750,23.9750,23.9750,0,0,0.1684000,0.8763000,0.0000000,24.8350000,-0.1442000,25.7439000
20240209,453,P,1.0350,1.0350,1.0350,1.0350,0,0,0.1580000,-0.1093000,0.0000000,22.7574000,-0.0672000,-3.4755000
20240209,485,C,1.9700,1.9700,1.9700,1.9700,0,0,0.1094000,0.2512000,0.0000000,38.7350000,-0.1053000,7.7029000
20240209,485,P,11.4100,11.4100,11.4100,11.4100,0,0,0.1156000,-0.7366000,0.0000000,39.6972000,-0.0430000,-23.7135000
20240209,410,C,65.9650,65.9650,65.9650,65.9650,0,0,0.3103000,0.9719000,0.0000000,7.8324000,-0.1081000,25.9615000
20240209,410,P,0.1750,0.1750,0.1750,0.1750,0,0,0.2695000,-0.0143000,0.0000000,4.4353000,-0.0238000,-0.4589000
20240209,474,C,6.8700,6.8700,6.8700,6.8700,0,0,0.1228000,0.5533000,0.0000000,48.0661000,-0.1602000,16.7991000
20240209,474,P,4.9700,4.9700,4.9700,4.9700,0,0,0.1200000,-0.4456000,0.0000000,48.0504000,-0.0886000,-14.2205000
20240209,506,C,0.0850,0.0850,0.0850,0.0850,0,0,0.1118000,0.0164000,0.0000000,4.9754000,-0.0127000,0.5066000
20240209,506,P,31.8550,31.8550,31.8550,31.8550,0,0,0.2127000,-0.8647000,0.0000000,26.4337000,-0.0527000,-29.0512000
20240209,495,C,0.4250,0.4250,0.4250,0.4250,0,0,0.1057000,0.0738000,0.0000000,16.9989000,-0.0424000,2.2731000
20240209,495,P,20.8600,20.8600,20.8600,20.8600,0,0,0.1578000,-0.8310000,0.0000000,30.6430000,-0.0403000,-27.2789000
20240209,463,C,15.0650,15.0650,15.0650,15.0650,0,0,0.1444000,0.7742000,0.0000000,36.5269000,-0.1612000,23.1475000
20240209,463,P,2.1050,2.1050,2.1050,2.1050,0,0,0.1380000,-0.2157000,0.0000000,35.5940000,-0.0871000,-6.8638000
20240209,420,C,56.0650,56.0650,56.0650,56.0650,0,0,0.2747000,0.9644000,0.0000000,9.5159000,-0.1129000,26.3798000
20240209,420,P,0.2250,0.2250,0.2250,0.2250,0,0,0.2404000,-0.0200000,0.0000000,5.8980000,-0.0281000,-0.6393000
20240209,452,C,24.9050,24.9050,24.9050,24.9050,0,0,0.1710000,0.8831000,0.0000000,23.8716000,-0.1424000,25.8932000
20240209,452,P,0.9650,0.9650,0.9650,0.9650,0,0,0.1599000,-0.1020000,0.0000000,21.6527000,-0.0649000,-3.2442000
20240209,484,C,2.2550,2.2550,2.2550,2.2550,0,0,0.1101000,0.2765000,0.0000000,40.6756000,-0.1120000,8.4723000
20240209,484,P,10.6450,10.6450,10.6450,10.6450,0,0,0.1147000,-0.7150000,0.0000000,41.2738000,-0.0477000,-22.9894000
20240209,473,C,7.5050,7.5050,7.5050,7.5050,0,0,0.1244000,0.5788000,0.0000000,47.5496000,-0.1621000,17.5530000
20240209,473,P,4.5900,4.5900,4.5900,4.5900,0,0,0.1213000,-0.4194000,0.0000000,47.5085000,-0.0904000,-13.3776000
20240209,505,C,0.0950,0.0950,0.0950,0.0950,0,0,0.1108000,0.0186000,0.0000000,5.5350000,-0.0140000,0.5740000
20240209,505,P,30.8550,30.8550,30.8550,30.8550,0,0,0.2079000,-0.8624000,0.0000000,26.7340000,-0.0517000,-28.9152000
20240209,430,C,46.1900,46.1900,46.1900,46.1900,0,0,0.2397000,0.9531000,0.0000000,11.9043000,-0.1185000,26.6764000
20240209,430,P,0.3150,0.3150,0.3150,0.3150,0,0,0.2131000,-0.0301000,0.0000000,8.3134000,-0.0347000,-0.9611000
20240209,462,C,15.9100,15.9100,15.9100,15.9100,0,0,0.1467000,0.7879000,0.0000000,35.2333000,-0.1598000,23.5191000
20240209,462,P,1.9500,1.9500,1.9500,1.9500,0,0,0.1399000,-0.2014000,0.0000000,34.1851000,-0.0854000,-6.4087000
20240209,494,C,0.4950,0.4950,0.4950,0.4950,0,0,0.1054000,0.0843000,0.0000000,18.8014000,-0.0470000,2.5959000
20240209,494,P,19.8600,19.8600,19.8600,19.8600,0,0,0.1525000,-0.8267000,0.0000000,31.1403000,-0.0389000,-27.0789000
20240209,355,C,120.6350,120.6350,120.6350,120.6350,0,0,0.5226000,0.9878000,0.0000000,3.8424000,-0.0925000,22.8633000
20240209,355,P,0.0550,0.0550,0.0550,0.0550,0,0,0.4257000,-0.0031000,0.0000000,1.1470000,-0.0099000,-0.1000000
20240209,483,C,2.5700,2.5700,2.5700,2.5700,0,0,0.1110000,0.3032000,0.0000000,42.4741000,-0.1188000,9.2839000
20240209,483,P,9.9050,9.9050,9.9050,9.9050,0,0,0.1140000,-0.6917000,0.0000000,42.7829000,-0.0524000,-22.2165000
20240209,515,C,0.0450,0.0450,0.0450,0.0450,0,0,0.1269000,0.0078000,0.0000000,2.6100000,-0.0074000,0.2409000
20240209,515,P,40.8550,40.8550,40.8550,40.8550,0,0,0.2546000,-0.8810000,0.0000000,24.1635000,-0.0613000,-30.1534000
20240209,525,C,0.0250,0.0250,0.0250,0.0250,0,0,0.1425000,0.0037000,0.0000000,1.3556000,-0.0042000,0.1152000
20240209,525,P,50.8550,50.8550,50.8550,50.8550,0,0,0.2988000,-0.8937000,0.0000000,22.2989000,-0.0696000,-31.2050000
20240209,440,C,36.3850,36.3850,36.3850,36.3850,0,0,0.2056000,0.9342000,0.0000000,15.5502000,-0.1258000,26.7328000
20240209,440,P,0.4850,0.4850,0.4850,0.4850,0,0,0.1875000,-0.0494000,0.0000000,12.4381000,-0.0450000,-1.5746000
20240209,472,C,8.1650,8.1650,8.1650,8.1650,0,0,0.1262000,0.6033000,0.0000000,46.8634000,-0.1637000,18.2730000
20240209,472,P,4.2400,4.2400,4.2400,4.2400,0,0,0.1227000,-0.3941000,0.0000000,46.7831000,-0.0918000,-12.5659000
20240209,504,C,0.1050,0.1050,0.1050,0.1050,0,0,0.1093000,0.0206000,0.0000000,6.0407000,-0.0151000,0.6362000
20240209,504,P,29.8550,29.8550,29.8550,29.8550,0,0,0.2030000,-0.8601000,0.0000000,27.0423000,-0.0506000,-28.7766000
20240209,365,C,110.6850,110.6850,110.6850,110.6850,0,0,0.4824000,0.9862000,0.0000000,4.2714000,-0.0949000,23.4681000
20240209,365,P,0.0650,0.0650,0.0650,0.0650,0,0,0.3964000,-0.0039000,0.0000000,1.4187000,-0.0114000,-0.1265000
20240209,461,C,16.7700,16.7700,16.7700,16.7700,0,0,0.1490000,0.8007000,0.0000000,33.9583000,-0.1583000,23.8603000
20240209,461,P,1.8100,1.8100,1.8100,1.8100,0,0,0.1418000,-0.1879000,0.0000000,32.7760000,-0.0836000,-5.9796000
20240209,535,C,0.0150,0.0150,0.0150,0.0150,0,0,0.1562000,0.0018000,0.0000000,0.7063000,-0.0024000,0.0559000
20240209,535,P,60.8550,60.8550,60.8550,60.8550,0,0,0.3409000,-0.9029000,0.0000000,20.8791000,-0.0770000,-32.1487000
20240209,450,C,26.7850,26.7850,26.7850,26.7850,0,0,0.1765000,0.8948000,0.0000000,22.1217000,-0.1392000,26.1369000
20240209,450,P,0.8550,0.8550,0.8550,0.8550,0,0,0.1646000,-0.0900000,0.0000000,19.7506000,-0.0613000,-2.8631000
20240209,482,C,2.9200,2.9200,2.9200,2.9200,0,0,0.1121000,0.3306000,0.0000000,44.0642000,-0.1253000,10.1168000
20240209,482,P,9.2050,9.2050,9.2050,9.2050,0,0,0.1137000,-0.6668000,0.0000000,44.1939000,-0.0573000,-21.3938000
20240209,514,C,0.0450,0.0450,0.0450,0.0450,0,0,0.1245000,0.0080000,0.0000000,2.6921000,-0.0075000,0.2496000
20240209,514,P,39.8550,39.8550,39.8550,39.8550,0,0,0.2501000,-0.8795000,0.0000000,24.3782000,-0.0604000,-30.0408000
20240209,375,C,100.7350,100.7350,100.7350,100.7350,0,0,0.4423000,0.9844000,0.0000000,4.7579000,-0.0971000,24.0651000
20240209,375,P,0.0850,0.0850,0.0850,0.0850,0,0,0.3710000,-0.0054000,0.0000000,1.8839000,-0.0141000,-0.1737000
20240209,471,C,8.8500,8.8500,8.8500,8.8500,0,0,0.1281000,0.6266000,0.0000000,46.0340000,-0.1649000,18.9547000
20240209,471,P,3.9150,3.9150,3.9150,3.9150,0,0,0.1241000,-0.3697000,0.0000000,45.8907000,-0.0925000,-11.7826000
20240209,545,C,0.0150,0.0150,0.0150,0.0150,0,0,0.1796000,0.0017000,0.0000000,0.6722000,-0.0026000,0.0529000
20240209,545,P,70.8550,70.8550,70.8550,70.8550,0,0,0.3814000,-0.9098000,0.0000000,19.7656000,-0.0838000,-33.0228000
20240209,460,C,17.6450,17.6450,17.6450,17.6450,0,0,0.1513000,0.8127000,0.0000000,32.6998000,-0.1567000,24.1757000
20240209,460,P,1.6850,1.6850,1.6850,1.6850,0,0,0.1437000,-0.1753000,0.0000000,31.3836000,-0.0816000,-5.5783000
20240209,492,C,0.6850,0.6850,0.6850,0.6850,0,0,0.1057000,0.1106000,0.0000000,22.9570000,-0.0581000,3.4047000
20240209,492,P,17.8600,17.8600,17.8600,17.8600,0,0,0.1417000,-0.8171000,0.0000000,32.2214000,-0.0361000,-26.6470000
20240209,385,C,90.8000,90.8000,90.8000,90.8000,0,0,0.4062000,0.9814000,0.0000000,5.5264000,-0.1013000,24.6250000
20240209,385,P,0.0950,0.0950,0.0950,0.0950,0,0,0.3388000,-0.0065000,0.0000000,2.2415000,-0.0153000,-0.2109000
20240209,481,C,3.3000,3.3000,3.3000,3.3000,0,0,0.1131000,0.3586000,0.0000000,45.4220000,-0.1313000,10.9625000
20240209,481,P,8.5500,8.5500,8.5500,8.5500,0,0,0.1140000,-0.6402000,0.0000000,45.4701000,-0.0625000,-20.5227000
20240209,470,C,9.5600,9.5600,9.5600,9.5600,0,0,0.1300000,0.6489000,0.0000000,45.0774000,-0.1656000,19.6034000
20240209,470,P,3.6200,3.6200,3.6200,3.6200,0,0,0.1258000,-0.3466000,0.0000000,44.8729000,-0.0931000,-11.0453000
20240209,502,C,0.1450,0.1450,0.1450,0.1450,0,0,0.1086000,0.0279000,0.0000000,7.7919000,-0.0195000,0.8610000
20240209,502,P,27.8550,27.8550,27.8550,27.8550,0,0,0.1932000,-0.8550000,0.0000000,27.7067000,-0.0483000,-28.4858000
20240209,395,C,80.8600,80.8600,80.8600,80.8600,0,0,0.3676000,0.9783000,0.0000000,6.2986000,-0.1040000,25.1821000
20240209,395,P,0.1250,0.1250,0.1250,0.1250,0,0,0.3129000,-0.0091000,0.0000000,3.0065000,-0.0189000,-0.2940000
20240209,459,C,18.5250,18.5250,18.5250,18.5250,0,0,0.1536000,0.8239000,0.0000000,31.4629000,-0.1549000,24.4668000
20240209,459,P,1.5650,1.5650,1.5650,1.5650,0,0,0.1456000,-0.1636000,0.0000000,30.0146000,-0.0795000,-5.2033000
20240216,565,P,90.8400,90.8400,90.8400,90.8400,0,0,0.4270000,-0.9050000,0.0000000,23.3446000,-0.0849000,-44.1585000
20240216,320,C,155.8850,155.8850,155.8850,155.8850,0,0,0.6164000,0.9893000,0.0000000,3.8839000,-0.0842000,26.5997000
20240216,320,P,0.0450,0.0450,0.0450,0.0450,0,0,0.4843000,-0.0019000,0.0000000,0.8528000,-0.0065000,-0.0815000
20240216,416,C,60.6550,60.6550,60.6550,60.6550,0,0,0.2746000,0.9581000,0.0000000,12.3429000,-0.1120000,33.4320000
20240216,416,P,0.3050,0.3050,0.3050,0.3050,0,0,0.2382000,-0.0237000,0.0000000,7.7213000,-0.0279000,-0.9798000
20240216,448,C,29.5850,29.5850,29.5850,29.5850,0,0,0.1799000,0.8834000,0.0000000,27.0802000,-0.1353000,33.0603000
20240216,448,P,1.1050,1.1050,1.1050,1.1050,0,0,0.1663000,-0.0992000,0.0000000,24.1069000,-0.0576000,-4.0879000
20240216,480,C,4.7200,4.7200,4.7200,4.7200,0,0,0.1158000,0.4149000,0.0000000,53.8632000,-0.1286000,16.3061000
20240216,480,P,8.4550,8.4550,8.4550,8.4550,0,0,0.1159000,-0.5850000,0.0000000,53.8647000,-0.0590000,-24.2753000
20240216,512,C,0.0850,0.0850,0.0850,0.0850,0,0,0.1130000,0.0146000,0.0000000,5.1176000,-0.0103000,0.5818000
20240216,512,P,37.8550,37.8550,37.8550,37.8550,0,0,0.2273000,-0.8552000,0.0000000,31.4606000,-0.0507000,-37.6515000
20240216,245,C,230.4500,230.4500,230.4500,230.4500,0,0,0.9417000,0.9947000,0.0000000,2.0860000,-0.0668000,20.4830000
20240216,437,C,40.0700,40.0700,40.0700,40.0700,0,0,0.2091000,0.9253000,0.0000000,19.4978000,-0.1238000,33.8559000
20240216,437,P,0.6450,0.6450,0.6450,0.6450,0,0,0.1893000,-0.0562000,0.0000000,15.6551000,-0.0438000,-2.3212000
20240216,405,C,71.5200,71.5200,71.5200,71.5200,0,0,0.3112000,0.9665000,0.0000000,10.2940000,-0.1080000,32.8443000
20240216,405,P,0.2350,0.2350,0.2350,0.2350,0,0,0.2668000,-0.0168000,0.0000000,5.7898000,-0.0237000,-0.6991000
20240216,469,C,11.4800,11.4800,11.4800,11.4800,0,0,0.1335000,0.6605000,0.0000000,50.5966000,-0.1529000,25.6224000
20240216,469,P,3.9850,3.9850,3.9850,3.9850,0,0,0.1281000,-0.3336000,0.0000000,50.2557000,-0.0802000,-13.7719000
20240216,501,C,0.3050,0.3050,0.3050,0.3050,0,0,0.1047000,0.0500000,0.0000000,14.2685000,-0.0275000,1.9911000
20240216,501,P,26.8550,26.8550,26.8550,26.8550,0,0,0.1785000,-0.8282000,0.0000000,35.1993000,-0.0402000,-35.6298000
20240216,575,P,100.8400,100.8400,100.8400,100.8400,0,0,0.4606000,-0.9092000,0.0000000,22.5744000,-0.0902000,-45.1775000
20240216,330,C,145.9500,145.9500,145.9500,145.9500,0,0,0.5796000,0.9879000,0.0000000,4.3259000,-0.0874000,27.3865000
20240216,330,P,0.0550,0.0550,0.0550,0.0550,0,0,0.4609000,-0.0025000,0.0000000,1.0991000,-0.0079000,-0.1077000
20240216,426,C,50.8100,50.8100,50.8100,50.8100,0,0,0.2427000,0.9464000,0.0000000,15.0474000,-0.1169000,33.7954000
20240216,426,P,0.4250,0.4250,0.4250,0.4250,0,0,0.2148000,-0.0349000,0.0000000,10.6667000,-0.0344000,-1.4434000
20240216,458,C,20.4800,20.4800,20.4800,20.4800,0,0,0.1565000,0.8104000,0.0000000,37.4400000,-0.1475000,30.8949000
20240216,458,P,1.9650,1.9650,1.9650,1.9650,0,0,0.1471000,-0.1754000,0.0000000,35.6729000,-0.0722000,-7.2307000
20240216,490,C,1.4750,1.4750,1.4750,1.4750,0,0,0.1069000,0.1847000,0.0000000,36.8554000,-0.0761000,7.3160000
20240216,490,P,15.9100,15.9100,15.9100,15.9100,0,0,0.1262000,-0.7748000,0.0000000,41.4588000,-0.0285000,-32.5503000
20240216,522,C,0.0350,0.0350,0.0350,0.0350,0,0,0.1230000,0.0055000,0.0000000,2.1922000,-0.0047000,0.2209000
20240216,522,P,47.8550,47.8550,47.8550,47.8550,0,0,0.2687000,-0.8711000,0.0000000,29.0502000,-0.0587000,-39.1422000
20240216,255,C,220.5100,220.5100,220.5100,220.5100,0,0,0.8960000,0.9941000,0.0000000,2.2878000,-0.0696000,21.3041000
20240216,255,P,0.0150,0.0150,0.0150,0.0150,0,0,0.6624000,-0.0004000,0.0000000,0.2139000,-0.0022000,-0.0182000
20240216,415,C,61.6400,61.6400,61.6400,61.6400,0,0,0.2781000,0.9589000,0.0000000,12.1582000,-0.1118000,33.3790000
20240216,415,P,0.2950,0.2950,0.2950,0.2950,0,0,0.2404000,-0.0227000,0.0000000,7.4663000,-0.0273000,-0.9415000
20240216,447,C,30.5250,30.5250,30.5250,30.5250,0,0,0.1826000,0.8883000,0.0000000,26.2571000,-0.1342000,33.1794000
20240216,447,P,1.0450,1.0450,1.0450,1.0450,0,0,0.1682000,-0.0937000,0.0000000,23.1332000,-0.0561000,-3.8648000
20240216,479,C,5.2000,5.2000,5.2000,5.2000,0,0,0.1171000,0.4399000,0.0000000,54.4955000,-0.1325000,17.2724000
20240216,479,P,7.8950,7.8950,7.8950,7.8950,0,0,0.1163000,-0.5605000,0.0000000,54.4854000,-0.0623000,-23.2421000
20240216,340,C,136.0050,136.0050,136.0050,136.0050,0,0,0.5390000,0.9869000,0.0000000,4.6504000,-0.0888000,28.1893000
20240216,340,P,0.0650,0.0650,0.0650,0.0650,0,0,0.4335000,-0.0031000,0.0000000,1.3264000,-0.0090000,-0.1324000
20240216,436,C,41.0400,41.0400,41.0400,41.0400,0,0,0.2120000,0.9278000,0.0000000,18.9953000,-0.1231000,33.8745000
20240216,436,P,0.6150,0.6150,0.6150,0.6150,0,0,0.1912000,-0.0534000,0.0000000,15.0304000,-0.0425000,-2.2047000
20240216,404,C,72.5100,72.5100,72.5100,72.5100,0,0,0.3145000,0.9671000,0.0000000,10.1303000,-0.1076000,32.7863000
20240216,404,P,0.2250,0.2250,0.2250,0.2250,0,0,0.2685000,-0.0161000,0.0000000,5.5650000,-0.0229000,-0.6675000
20240216,500,C,0.3550,0.3550,0.3550,0.3550,0,0,0.1047000,0.0572000,0.0000000,15.8557000,-0.0306000,2.2740000
20240216,500,P,25.8550,25.8550,25.8550,25.8550,0,0,0.1739000,-0.8249000,0.0000000,35.6252000,-0.0391000,-35.4129000
20240216,468,C,12.2350,12.2350,12.2350,12.2350,0,0,0.1355000,0.6781000,0.0000000,49.5295000,-0.1533000,26.2685000
20240216,468,P,3.7250,3.7250,3.7250,3.7250,0,0,0.1296000,-0.3149000,0.0000000,49.0811000,-0.0803000,-12.9987000
20240216,265,C,210.5650,210.5650,210.5650,210.5650,0,0,0.8474000,0.9937000,0.0000000,2.4394000,-0.0713000,22.1315000
20240216,265,P,0.0150,0.0150,0.0150,0.0150,0,0,0.6187000,-0.0004000,0.0000000,0.2076000,-0.0020000,-0.0176000
20240216,425,C,51.8050,51.8050,51.8050,51.8050,0,0,0.2464000,0.9475000,0.0000000,14.8101000,-0.1167000,33.7542000
20240216,425,P,0.4050,0.4050,0.4050,0.4050,0,0,0.2165000,-0.0331000,0.0000000,10.2204000,-0.0333000,-1.3703000
20240216,457,C,21.3650,21.3650,21.3650,21.3650,0,0,0.1587000,0.8199000,0.0000000,36.2593000,-0.1463000,31.2036000
20240216,457,P,1.8550,1.8550,1.8550,1.8550,0,0,0.1491000,-0.1657000,0.0000000,34.3967000,-0.0710000,-6.8306000
20240216,489,C,1.6850,1.6850,1.6850,1.6850,0,0,0.1076000,0.2043000,0.0000000,39.1788000,-0.0818000,8.0841000
20240216,489,P,15.0050,15.0050,15.0050,15.0050,0,0,0.1230000,-0.7636000,0.0000000,42.5902000,-0.0295000,-32.0253000
20240216,350,C,126.0650,126.0650,126.0650,126.0650,0,0,0.5007000,0.9855000,0.0000000,5.0813000,-0.0907000,28.9766000
20240216,350,P,0.0750,0.0750,0.0750,0.0750,0,0,0.4062000,-0.0038000,0.0000000,1.5989000,-0.0101000,-0.1628000
20240216,414,C,62.6300,62.6300,62.6300,62.6300,0,0,0.2817000,0.9597000,0.0000000,11.9781000,-0.1116000,33.3250000
20240216,414,P,0.2950,0.2950,0.2950,0.2950,0,0,0.2441000,-0.0225000,0.0000000,7.3924000,-0.0275000,-0.9308000
20240216,446,C,31.4650,31.4650,31.4650,31.4650,0,0,0.1850000,0.8932000,0.0000000,25.4249000,-0.1330000,33.2966000
20240216,446,P,0.9950,0.9950,0.9950,0.9950,0,0,0.1704000,-0.0890000,0.0000000,22.2642000,-0.0548000,-3.6705000
20240216,510,C,0.0950,0.0950,0.0950,0.0950,0,0,0.1096000,0.0167000,0.0000000,5.7428000,-0.0112000,0.6655000
20240216,510,P,35.8550,35.8550,35.8550,35.8550,0,0,0.2187000,-0.8512000,0.0000000,32.0333000,-0.0489000,-37.3227000
20240216,478,C,5.7150,5.7150,5.7150,5.7150,0,0,0.1184000,0.4647000,0.0000000,54.9061000,-0.1361000,18.2278000
20240216,478,P,7.3800,7.3800,7.3800,7.3800,0,0,0.1172000,-0.5357000,0.0000000,54.9000000,-0.0657000,-22.2007000
20240216,275,C,200.6200,200.6200,200.6200,200.6200,0,0,0.8041000,0.9930000,0.0000000,2.6697000,-0.0740000,22.9487000
20240216,275,P,0.0150,0.0150,0.0150,0.0150,0,0,0.5812000,-0.0004000,0.0000000,0.2178000,-0.0020000,-0.0185000
20240216,435,C,42.0100,42.0100,42.0100,42.0100,0,0,0.2149000,0.9302000,0.0000000,18.4996000,-0.1223000,33.8905000
20240216,435,P,0.5950,0.5950,0.5950,0.5950,0,0,0.1938000,-0.0513000,0.0000000,14.5490000,-0.0418000,-2.1165000
20240216,403,C,73.5000,73.5000,73.5000,73.5000,0,0,0.3179000,0.9677000,0.0000000,9.9829000,-0.1073000,32.7255000
20240216,403,P,0.2250,0.2250,0.2250,0.2250,0,0,0.2719000,-0.0159000,0.0000000,5.5016000,-0.0230000,-0.6589000
20240216,467,C,13.0000,13.0000,13.0000,13.0000,0,0,0.1376000,0.6948000,0.0000000,48.4117000,-0.1535000,26.8734000
20240216,467,P,3.4850,3.4850,3.4850,3.4850,0,0,0.1312000,-0.2972000,0.0000000,47.8415000,-0.0802000,-12.2657000
20240216,499,C,0.4150,0.4150,0.4150,0.4150,0,0,0.1049000,0.0654000,0.0000000,17.6193000,-0.0342000,2.6018000
20240216,499,P,24.8550,24.8550,24.8550,24.8550,0,0,0.1692000,-0.8214000,0.0000000,36.0660000,-0.0380000,-35.1895000
20240216,360,C,116.1350,116.1350,116.1350,116.1350,0,0,0.4650000,0.9835000,0.0000000,5.6733000,-0.0935000,29.7400000
20240216,360,P,0.0850,0.0850,0.0850,0.0850,0,0,0.3779000,-0.0047000,0.0000000,1.8965000,-0.0112000,-0.1967000
20240216,424,C,52.7850,52.7850,52.7850,52.7850,0,0,0.2495000,0.9489000,0.0000000,14.4893000,-0.1161000,33.7283000
20240216,424,P,0.3950,0.3950,0.3950,0.3950,0,0,0.2193000,-0.0321000,0.0000000,9.9570000,-0.0329000,-1.3279000
20240216,456,C,22.2550,22.2550,22.2550,22.2550,0,0,0.1610000,0.8287000,0.0000000,35.1228000,-0.1452000,31.4832000
20240216,456,P,1.7450,1.7450,1.7450,1.7450,0,0,0.1510000,-0.1563000,0.0000000,33.1087000,-0.0695000,-6.4423000
20240216,520,C,0.0450,0.0450,0.0450,0.0450,0,0,0.1225000,0.0072000,0.0000000,2.7928000,-0.0060000,0.2904000
20240216,520,P,45.8550,45.8550,45.8550,45.8550,0,0,0.2606000,-0.8684000,0.0000000,29.4745000,-0.0572000,-38.8625000
20240216,488,C,1.9150,1.9150,1.9150,1.9150,0,0,0.1082000,0.2246000,0.0000000,41.4024000,-0.0875000,8.8838000
20240216,488,P,14.1300,14.1300,14.1300,14.1300,0,0,0.1206000,-0.7502000,0.0000000,43.8846000,-0.0314000,-31.4099000
20240216,285,C,190.6800,190.6800,190.6800,190.6800,0,0,0.7613000,0.9923000,0.0000000,2.9119000,-0.0765000,23.7641000
20240216,285,P,0.0150,0.0150,0.0150,0.0150,0,0,0.5500000,-0.0005000,0.0000000,0.2512000,-0.0021000,-0.0215000
20240216,413,C,63.6150,63.6150,63.6150,63.6150,0,0,0.2844000,0.9608000,0.0000000,11.6987000,-0.1107000,33.2882000
20240216,413,P,0.2850,0.2850,0.2850,0.2850,0,0,0.2463000,-0.0216000,0.0000000,7.1517000,-0.0268000,-0.8951000
20240216,445,C,32.4100,32.4100,32.4100,32.4100,0,0,0.1877000,0.8976000,0.0000000,24.6696000,-0.1320000,33.3913000
20240216,445,P,0.9450,0.9450,0.9450,0.9450,0,0,0.1724000,-0.0844000,0.0000000,21.3871000,-0.0535000,-3.4784000
20240216,477,C,6.2500,6.2500,6.2500,6.2500,0,0,0.1198000,0.4891000,0.0000000,55.1015000,-0.1394000,19.1665000
20240216,477,P,6.8900,6.8900,6.8900,6.8900,0,0,0.1180000,-0.5112000,0.0000000,55.1000000,-0.0686000,-21.1698000
20240216,210,C,265.2500,265.2500,265.2500,265.2500,0,0,1.1166000,0.9963000,0.0000000,1.5232000,-0.0576000,17.5901000
20240216,370,C,106.2100,106.2100,106.2100,106.2100,0,0,0.4306000,0.9809000,0.0000000,6.4132000,-0.0968000,30.4800000
20240216,370,P,0.1050,0.1050,0.1050,0.1050,0,0,0.3535000,-0.0061000,0.0000000,2.4102000,-0.0133000,-0.2572000
20240216,434,C,42.9800,42.9800,42.9800,42.9800,0,0,0.2177000,0.9326000,0.0000000,18.0104000,-0.1214000,33.9040000
20240216,434,P,0.5650,0.5650,0.5650,0.5650,0,0,0.1956000,-0.0486000,0.0000000,13.9486000,-0.0405000,-2.0076000
20240216,402,C,74.4900,74.4900,74.4900,74.4900,0,0,0.3212000,0.9683000,0.0000000,9.8264000,-0.1069000,32.6661000
20240216,402,P,0.2150,0.2150,0.2150,0.2150,0,0,0.2739000,-0.0152000,0.0000000,5.3107000,-0.0223000,-0.6324000
20240216,466,C,13.7750,13.7750,13.7750,13.7750,0,0,0.1393000,0.7110000,0.0000000,47.2158000,-0.1532000,27.4621000
20240216,466,P,3.2650,3.2650,3.2650,3.2650,0,0,0.1329000,-0.2805000,0.0000000,46.5581000,-0.0800000,-11.5751000
20240216,498,C,0.4750,0.4750,0.4750,0.4750,0,0,0.1046000,0.0736000,0.0000000,19.2922000,-0.0375000,2.9263000
20240216,498,P,23.8600,23.8600,23.8600,23.8600,0,0,0.1647000,-0.8174000,0.0000000,36.5819000,-0.0372000,-34.9408000
20240216,530,C,0.0250,0.0250,0.0250,0.0250,0,0,0.1347000,0.0034000,0.0000000,1.4293000,-0.0033000,0.1368000
20240216,530,P,55.8450,55.8450,55.8450,55.8450,0,0,0.3000000,-0.8808000,0.0000000,27.5091000,-0.0641000,-40.2097000
20240216,295,C,180.7300,180.7300,180.7300,180.7300,0,0,0.7167000,0.9917000,0.0000000,3.1138000,-0.0781000,24.5847000
20240216,295,P,0.0250,0.0250,0.0250,0.0250,0,0,0.5437000,-0.0009000,0.0000000,0.4487000,-0.0038000,-0.0404000
20240216,423,C,53.7650,53.7650,53.7650,53.7650,0,0,0.2524000,0.9503000,0.0000000,14.1607000,-0.1154000,33.7035000
20240216,423,P,0.3750,0.3750,0.3750,0.3750,0,0,0.2209000,-0.0304000,0.0000000,9.5246000,-0.0317000,-1.2585000
20240216,455,C,23.1450,23.1450,23.1450,23.1450,0,0,0.1631000,0.8374000,0.0000000,33.9641000,-0.1438000,31.7570000
20240216,455,P,1.6450,1.6450,1.6450,1.6450,0,0,0.1528000,-0.1475000,0.0000000,31.8620000,-0.0681000,-6.0804000
20240216,487,C,2.1650,2.1650,2.1650,2.1650,0,0,0.1088000,0.2458000,0.0000000,43.5204000,-0.0930000,9.7177000
20240216,487,P,13.2950,13.2950,13.2950,13.2950,0,0,0.1186000,-0.7349000,0.0000000,45.2577000,-0.0338000,-30.7243000
20240216,220,C,255.3150,255.3150,255.3150,255.3150,0,0,1.0660000,0.9958000,0.0000000,1.6839000,-0.0605000,18.4168000
20240216,380,C,96.2900,96.2900,96.2900,96.2900,0,0,0.3962000,0.9779000,0.0000000,7.2678000,-0.0999000,31.2006000
20240216,380,P,0.1350,0.1350,0.1350,0.1350,0,0,0.3300000,-0.0083000,0.0000000,3.1294000,-0.0160000,-0.3453000
20240216,412,C,64.6000,64.6000,64.6000,64.6000,0,0,0.2879000,0.9615000,0.0000000,11.5292000,-0.1105000,33.2320000
20240216,412,P,0.2750,0.2750,0.2750,0.2750,0,0,0.2485000,-0.0208000,0.0000000,6.9199000,-0.0262000,-0.8610000
20240216,444,C,33.3600,33.3600,33.3600,33.3600,0,0,0.1904000,0.9017000,0.0000000,23.9408000,-0.1309000,33.4765000
20240216,444,P,0.8950,0.8950,0.8950,0.8950,0,0,0.1743000,-0.0798000,0.0000000,20.5159000,-0.0520000,-3.2916000
20240216,476,C,6.8200,6.8200,6.8200,6.8200,0,0,0.1214000,0.5131000,0.0000000,55.0919000,-0.1423000,20.0834000
20240216,476,P,6.4300,6.4300,6.4300,6.4300,0,0,0.1189000,-0.4868000,0.0000000,55.0919000,-0.0711000,-20.1509000
20240216,508,C,0.1250,0.1250,0.1250,0.1250,0,0,0.1088000,0.0218000,0.0000000,7.2026000,-0.0141000,0.8685000
20240216,508,P,33.8550,33.8550,33.8550,33.8550,0,0,0.2100000,-0.8469000,0.0000000,32.6550000,-0.0471000,-36.9774000
20240216,540,C,0.0150,0.0150,0.0150,0.0150,0,0,0.1464000,0.0017000,0.0000000,0.7735000,-0.0019000,0.0693000
20240216,540,P,65.8400,65.8400,65.8400,65.8400,0,0,0.3380000,-0.8898000,0.0000000,26.0009000,-0.0706000,-41.4246000
20240216,305,C,170.7950,170.7950,170.7950,170.7950,0,0,0.6761000,0.9908000,0.0000000,3.4029000,-0.0806000,25.3935000
20240216,305,P,0.0350,0.0350,0.0350,0.0350,0,0,0.5250000,-0.0013000,0.0000000,0.6324000,-0.0052000,-0.0588000
20240216,433,C,43.9850,43.9850,43.9850,43.9850,0,0,0.2222000,0.9334000,0.0000000,17.8352000,-0.1220000,33.8530000
20240216,433,P,0.5450,0.5450,0.5450,0.5450,0,0,0.1981000,-0.0466000,0.0000000,13.4858000,-0.0397000,-1.9250000
20240216,401,C,75.4800,75.4800,75.4800,75.4800,0,0,0.3247000,0.9689000,0.0000000,9.6855000,-0.1066000,32.6040000
20240216,401,P,0.2150,0.2150,0.2150,0.2150,0,0,0.2773000,-0.0150000,0.0000000,5.2519000,-0.0224000,-0.6244000
20240216,465,C,14.5750,14.5750,14.5750,14.5750,0,0,0.1414000,0.7260000,0.0000000,46.0205000,-0.1530000,27.9963000
20240216,465,P,3.0550,3.0550,3.0550,3.0550,0,0,0.1345000,-0.2645000,0.0000000,45.2144000,-0.0794000,-10.9101000
20240216,497,C,0.5550,0.5550,0.5550,0.5550,0,0,0.1049000,0.0839000,0.0000000,21.3007000,-0.0417000,3.3336000
20240216,497,P,22.8600,22.8600,22.8600,22.8600,0,0,0.1600000,-0.8134000,0.0000000,37.0698000,-0.0361000,-34.6976000
20240216,230,C,245.3750,245.3750,245.3750,245.3750,0,0,1.0179000,0.9953000,0.0000000,1.8677000,-0.0636000,19.2404000
20240216,390,C,86.3750,86.3750,86.3750,86.3750,0,0,0.3613000,0.9744000,0.0000000,8.2316000,-0.1027000,31.9013000
20240216,390,P,0.1650,0.1650,0.1650,0.1650,0,0,0.3041000,-0.0107000,0.0000000,3.9303000,-0.0185000,-0.4474000
20240216,422,C,54.7400,54.7400,54.7400,54.7400,0,0,0.2553000,0.9517000,0.0000000,13.8423000,-0.1148000,33.6763000
20240216,422,P,0.3650,0.3650,0.3650,0.3650,0,0,0.2236000,-0.0294000,0.0000000,9.2667000,-0.0313000,-1.2177000
20240216,454,C,24.0500,24.0500,24.0500,24.0500,0,0,0.1657000,0.8449000,0.0000000,32.9252000,-0.1428000,31.9825000
20240216,454,P,1.5450,1.5450,1.5450,1.5450,0,0,0.1545000,-0.1389000,0.0000000,30.5916000,-0.0664000,-5.7245000
20240216,486,C,2.4450,2.4450,2.4450,2.4450,0,0,0.1095000,0.2682000,0.0000000,45.5365000,-0.0986000,10.5944000
20240216,486,P,12.4850,12.4850,12.4850,12.4850,0,0,0.1170000,-0.7179000,0.0000000,46.6732000,-0.0366000,-29.9707000
20240216,518,C,0.0550,0.0550,0.0550,0.0550,0,0,0.1210000,0.0090000,0.0000000,3.3784000,-0.0072000,0.3605000
20240216,518,P,43.8550,43.8550,43.8550,43.8550,0,0,0.2524000,-0.8654000,0.0000000,29.9272000,-0.0556000,-38.5740000
20240216,550,C,0.0150,0.0150,0.0150,0.0150,0,0,0.1660000,0.0015000,0.0000000,0.7078000,-0.0020000,0.0628000
20240216,550,P,75.8450,75.8450,75.8450,75.8450,0,0,0.3745000,-0.8969000,0.0000000,24.7830000,-0.0766000,-42.5589000
20240216,315,C,160.8550,160.8550,160.8550,160.8550,0,0,0.6359000,0.9899000,0.0000000,3.7097000,-0.0830000,26.1996000
20240216,315,P,0.0350,0.0350,0.0350,0.0350,0,0,0.4882000,-0.0014000,0.0000000,0.6575000,-0.0050000,-0.0612000
20240216,411,C,65.5850,65.5850,65.5850,65.5850,0,0,0.2905000,0.9626000,0.0000000,11.2494000,-0.1096000,33.1948000
20240216,411,P,0.2650,0.2650,0.2650,0.2650,0,0,0.2504000,-0.0199000,0.0000000,6.6700000,-0.0255000,-0.8245000
20240216,443,C,34.3100,34.3100,34.3100,34.3100,0,0,0.1929000,0.9057000,0.0000000,23.2133000,-0.1298000,33.5585000
20240216,443,P,0.8550,0.8550,0.8550,0.8550,0,0,0.1765000,-0.0760000,0.0000000,19.7590000,-0.0508000,-3.1328000
20240216,475,C,7.4150,7.4150,7.4150,7.4150,0,0,0.1229000,0.5365000,0.0000000,54.8906000,-0.1448000,20.9748000
20240216,475,P,6.0000,6.0000,6.0000,6.0000,0,0,0.1200000,-0.4629000,0.0000000,54.8837000,-0.0733000,-19.1504000
20240216,240,C,235.4300,235.4300,235.4300,235.4300,0,0,0.9699000,0.9948000,0.0000000,2.0499000,-0.0665000,20.0641000
20240216,432,C,44.9550,44.9550,44.9550,44.9550,0,0,0.2249000,0.9357000,0.0000000,17.3537000,-0.1210000,33.8636000
20240216,432,P,0.5250,0.5250,0.5250,0.5250,0,0,0.2004000,-0.0446000,0.0000000,13.0196000,-0.0389000,-1.8428000
20240216,400,C,76.4350,76.4350,76.4350,76.4350,0,0,0.3238000,0.9710000,0.0000000,9.1348000,-0.1036000,32.6086000
20240216,400,P,0.2050,0.2050,0.2050,0.2050,0,0,0.2788000,-0.0143000,0.0000000,5.0306000,-0.0216000,-0.5939000
20240216,464,C,15.3850,15.3850,15.3850,15.3850,0,0,0.1435000,0.7402000,0.0000000,44.7946000,-0.1526000,28.5015000
20240216,464,P,2.8650,2.8650,2.8650,2.8650,0,0,0.1363000,-0.2495000,0.0000000,43.8621000,-0.0788000,-10.2901000
20240216,496,C,0.6450,0.6450,0.6450,0.6450,0,0,0.1052000,0.0952000,0.0000000,23.3949000,-0.0461000,3.7801000
20240216,496,P,21.8600,21.8600,21.8600,21.8600,0,0,0.1552000,-0.8093000,0.0000000,37.5783000,-0.0349000,-34.4448000
20240216,560,C,0.0150,0.0150,0.0150,0.0150,0,0,0.1835000,0.0013000,0.0000000,0.6112000,-0.0019000,0.0534000
20240216,560,P,85.8450,85.8450,85.8450,85.8450,0,0,0.4097000,-0.9026000,0.0000000,23.7824000,-0.0823000,-43.6360000
20240216,325,C,150.9200,150.9200,150.9200,150.9200,0,0,0.5992000,0.9885000,0.0000000,4.1391000,-0.0863000,26.9885000
20240216,325,P,0.0450,0.0450,0.0450,0.0450,0,0,0.4667000,-0.0020000,0.0000000,0.8789000,-0.0064000,-0.0841000
20240216,421,C,55.7300,55.7300,55.7300,55.7300,0,0,0.2590000,0.9526000,0.0000000,13.6365000,-0.1146000,33.6281000
20240216,421,P,0.3550,0.3550,0.3550,0.3550,0,0,0.2260000,-0.0284000,0.0000000,8.9842000,-0.0307000,-1.1734000
20240216,453,C,24.9600,24.9600,24.9600,24.9600,0,0,0.1680000,0.8524000,0.0000000,31.8668000,-0.1416000,32.2045000
20240216,453,P,1.4650,1.4650,1.4650,1.4650,0,0,0.1567000,-0.1315000,0.0000000,29.4764000,-0.0652000,-5.4229000
20240216,485,C,2.7550,2.7550,2.7550,2.7550,0,0,0.1105000,0.2915000,0.0000000,47.4166000,-0.1042000,11.5075000
20240216,485,P,11.7200,11.7200,11.7200,11.7200,0,0,0.1160000,-0.6987000,0.0000000,48.1316000,-0.0401000,-29.1315000
20240216,250,C,225.4850,225.4850,225.4850,225.4850,0,0,0.9183000,0.9944000,0.0000000,2.1790000,-0.0681000,20.8946000
20240216,410,C,66.5750,66.5750,66.5750,66.5750,0,0,0.2939000,0.9633000,0.0000000,11.0759000,-0.1093000,33.1390000
20240216,410,P,0.2650,0.2650,0.2650,0.2650,0,0,0.2541000,-0.0197000,0.0000000,6.6108000,-0.0256000,-0.8162000
20240216,442,C,35.2650,35.2650,35.2650,35.2650,0,0,0.1954000,0.9097000,0.0000000,22.4869000,-0.1286000,33.6374000
20240216,442,P,0.8150,0.8150,0.8150,0.8150,0,0,0.1787000,-0.0722000,0.0000000,19.0056000,-0.0496000,-2.9776000
20240216,474,C,8.0300,8.0300,8.0300,8.0300,0,0,0.1245000,0.5592000,0.0000000,54.5130000,-0.1469000,21.8366000
20240216,474,P,5.6000,5.6000,5.6000,5.6000,0,0,0.1211000,-0.4395000,0.0000000,54.4873000,-0.0753000,-18.1740000
20240216,506,C,0.1550,0.1550,0.1550,0.1550,0,0,0.1069000,0.0269000,0.0000000,8.5878000,-0.0166000,1.0707000
20240216,506,P,31.8550,31.8550,31.8550,31.8550,0,0,0.2012000,-0.8422000,0.0000000,33.3110000,-0.0452000,-36.6188000
20240216,570,P,95.8400,95.8400,95.8400,95.8400,0,0,0.4439000,-0.9072000,0.0000000,22.9437000,-0.0876000,-44.6718000
20240216,335,C,140.9750,140.9750,140.9750,140.9750,0,0,0.5582000,0.9875000,0.0000000,4.4442000,-0.0877000,27.7941000
20240216,335,P,0.0550,0.0550,0.0550,0.0550,0,0,0.4433000,-0.0026000,0.0000000,1.1323000,-0.0079000,-0.1112000
20240216,431,C,45.9200,45.9200,45.9200,45.9200,0,0,0.2276000,0.9379000,0.0000000,16.8884000,-0.1201000,33.8699000
20240216,431,P,0.5050,0.5050,0.5050,0.5050,0,0,0.2027000,-0.0427000,0.0000000,12.5722000,-0.0380000,-1.7649000
20240216,495,C,0.7450,0.7450,0.7450,0.7450,0,0,0.1053000,0.1071000,0.0000000,25.4916000,-0.0506000,4.2510000
20240216,495,P,20.8600,20.8600,20.8600,20.8600,0,0,0.1503000,-0.8048000,0.0000000,38.1096000,-0.0337000,-34.1814000
20240216,463,C,16.2100,16.2100,16.2100,16.2100,0,0,0.1458000,0.7535000,0.0000000,43.5770000,-0.1521000,28.9648000
20240216,463,P,2.6850,2.6850,2.6850,2.6850,0,0,0.1380000,-0.2352000,0.0000000,42.4819000,-0.0779000,-9.6992000
20240216,260,C,215.5350,215.5350,215.5350,215.5350,0,0,0.8691000,0.9940000,0.0000000,2.3250000,-0.0698000,21.7228000
20240216,260,P,0.0150,0.0150,0.0150,0.0150,0,0,0.6374000,-0.0004000,0.0000000,0.2010000,-0.0020000,-0.0170000
20240216,420,C,56.7150,56.7150,56.7150,56.7150,0,0,0.2619000,0.9539000,0.0000000,13.3354000,-0.1140000,33.5972000
20240216,420,P,0.3450,0.3450,0.3450,0.3450,0,0,0.2287000,-0.0275000,0.0000000,8.7455000,-0.0303000,-1.1363000
20240216,452,C,25.8800,25.8800,25.8800,25.8800,0,0,0.1705000,0.8591000,0.0000000,30.8856000,-0.1405000,32.3957000
20240216,452,P,1.3850,1.3850,1.3850,1.3850,0,0,0.1586000,-0.1243000,0.0000000,28.3407000,-0.0637000,-5.1247000
20240216,484,C,3.0850,3.0850,3.0850,3.0850,0,0,0.1112000,0.3152000,0.0000000,49.1005000,-0.1094000,12.4330000
20240216,484,P,10.9950,10.9950,10.9950,10.9950,0,0,0.1154000,-0.6781000,0.0000000,49.5274000,-0.0437000,-28.2420000
20240216,516,C,0.0550,0.0550,0.0550,0.0550,0,0,0.1162000,0.0093000,0.0000000,3.4874000,-0.0071000,0.3740000
20240216,516,P,41.8550,41.8550,41.8550,41.8550,0,0,0.2442000,-0.8622000,0.0000000,30.4116000,-0.0540000,-38.2757000
20240216,345,C,131.0400,131.0400,131.0400,131.0400,0,0,0.5218000,0.9859000,0.0000000,4.9455000,-0.0906000,28.5717000
20240216,345,P,0.0650,0.0650,0.0650,0.0650,0,0,0.4160000,-0.0032000,0.0000000,1.3641000,-0.0089000,-0.1364000
20240216,409,C,67.5650,67.5650,67.5650,67.5650,0,0,0.2974000,0.9640000,0.0000000,10.9204000,-0.1091000,33.0801000
20240216,409,P,0.2550,0.2550,0.2550,0.2550,0,0,0.2561000,-0.0188000,0.0000000,6.3747000,-0.0249000,-0.7820000
20240216,441,C,36.2200,36.2200,36.2200,36.2200,0,0,0.1982000,0.9131000,0.0000000,21.8570000,-0.1277000,33.6918000
20240216,441,P,0.7750,0.7750,0.7750,0.7750,0,0,0.1806000,-0.0684000,0.0000000,18.2427000,-0.0483000,-2.8231000
20240216,505,C,0.1750,0.1750,0.1750,0.1750,0,0,0.1062000,0.0301000,0.0000000,9.4524000,-0.0182000,1.2014000
20240216,505,P,30.8550,30.8550,30.8550,30.8550,0,0,0.1967000,-0.8396000,0.0000000,33.6607000,-0.0443000,-36.4318000
20240216,473,C,8.6800,8.6800,8.6800,8.6800,0,0,0.1263000,0.5811000,0.0000000,53.9775000,-0.1488000,22.6637000
20240216,473,P,5.2300,5.2300,5.2300,5.2300,0,0,0.1224000,-0.4167000,0.0000000,53.9183000,-0.0769000,-17.2269000
20240216,270,C,205.5950,205.5950,205.5950,205.5950,0,0,0.8257000,0.9934000,0.0000000,2.5543000,-0.0727000,22.5402000
20240216,270,P,0.0150,0.0150,0.0150,0.0150,0,0,0.5999000,-0.0004000,0.0000000,0.2132000,-0.0020000,-0.0181000
20240216,430,C,46.9100,46.9100,46.9100,46.9100,0,0,0.2314000,0.9392000,0.0000000,16.6199000,-0.1201000,33.8366000
20240216,430,P,0.4850,0.4850,0.4850,0.4850,0,0,0.2050000,-0.0409000,0.0000000,12.1428000,-0.0372000,-1.6909000
20240216,462,C,17.0400,17.0400,17.0400,17.0400,0,0,0.1478000,0.7663000,0.0000000,42.3203000,-0.1513000,29.4129000
20240216,462,P,2.5250,2.5250,2.5250,2.5250,0,0,0.1399000,-0.2220000,0.0000000,41.1254000,-0.0771000,-9.1539000
20240216,494,C,0.8550,0.8550,0.8550,0.8550,0,0,0.1054000,0.1200000,0.0000000,27.6500000,-0.0552000,4.7624000
20240216,494,P,19.8600,19.8600,19.8600,19.8600,0,0,0.1453000,-0.8001000,0.0000000,38.6662000,-0.0324000,-33.9057000
20240216,526,C,0.0350,0.0350,0.0350,0.0350,0,0,0.1318000,0.0051000,0.0000000,2.0466000,-0.0047000,0.2043000
20240216,526,P,51.8500,51.8500,51.8500,51.8500,0,0,0.2847000,-0.8761000,0.0000000,28.2668000,-0.0617000,-39.6816000
20240216,355,C,121.1050,121.1050,121.1050,121.1050,0,0,0.4838000,0.9843000,0.0000000,5.4154000,-0.0926000,29.3529000
20240216,355,P,0.0850,0.0850,0.0850,0.0850,0,0,0.3945000,-0.0044000,0.0000000,1.8137000,-0.0112000,-0.1873000
20240216,419,C,57.6950,57.6950,57.6950,57.6950,0,0,0.2647000,0.9552000,0.0000000,13.0267000,-0.1132000,33.5671000
20240216,419,P,0.3350,0.3350,0.3350,0.3350,0,0,0.2312000,-0.0265000,0.0000000,8.4829000,-0.0297000,-1.0957000
20240216,451,C,26.7950,26.7950,26.7950,26.7950,0,0,0.1726000,0.8660000,0.0000000,29.8352000,-0.1390000,32.5987000
20240216,451,P,1.3050,1.3050,1.3050,1.3050,0,0,0.1605000,-0.1173000,0.0000000,27.2118000,-0.0621000,-4.8370000
20240216,515,C,0.0650,0.0650,0.0650,0.0650,0,0,0.1162000,0.0109000,0.0000000,3.9833000,-0.0082000,0.4355000
20240216,515,P,40.8550,40.8550,40.8550,40.8550,0,0,0.2399000,-0.8606000,0.0000000,30.6558000,-0.0532000,-38.1252000
20240216,483,C,3.4550,3.4550,3.4550,3.4550,0,0,0.1124000,0.3399000,0.0000000,50.6217000,-0.1147000,13.3940000
20240216,483,P,10.3000,10.3000,10.3000,10.3000,0,0,0.1151000,-0.6562000,0.0000000,50.8368000,-0.0475000,-27.3006000
20240216,525,C,0.0350,0.0350,0.0350,0.0350,0,0,0.1298000,0.0053000,0.0000000,2.1057000,-0.0047000,0.2110000
20240216,525,P,50.8500,50.8500,50.8500,50.8500,0,0,0.2807000,-0.8749000,0.0000000,28.4552000,-0.0609000,-39.5491000
20240216,280,C,195.6500,195.6500,195.6500,195.6500,0,0,0.7824000,0.9927000,0.0000000,2.7850000,-0.0752000,23.3572000
20240216,280,P,0.0150,0.0150,0.0150,0.0150,0,0,0.5625000,-0.0004000,0.0000000,0.2211000,-0.0019000,-0.0187000
20240216,408,C,68.5550,68.5550,68.5550,68.5550,0,0,0.3009000,0.9646000,0.0000000,10.7549000,-0.1088000,33.0228000
20240216,408,P,0.2450,0.2450,0.2450,0.2450,0,0,0.2580000,-0.0181000,0.0000000,6.1476000,-0.0243000,-0.7495000
20240216,440,C,37.1800,37.1800,37.1800,37.1800,0,0,0.2009000,0.9164000,0.0000000,21.2261000,-0.1266000,33.7445000
20240216,440,P,0.7350,0.7350,0.7350,0.7350,0,0,0.1826000,-0.0649000,0.0000000,17.5099000,-0.0469000,-2.6776000
20240216,472,C,9.3500,9.3500,9.3500,9.3500,0,0,0.1280000,0.6022000,0.0000000,53.3008000,-0.1503000,23.4571000
20240216,472,P,4.8850,4.8850,4.8850,4.8850,0,0,0.1237000,-0.3947000,0.0000000,53.1908000,-0.0781000,-16.3082000
20240216,504,C,0.2050,0.2050,0.2050,0.2050,0,0,0.1062000,0.0348000,0.0000000,10.6385000,-0.0206000,1.3862000
20240216,504,P,29.8550,29.8550,29.8550,29.8550,0,0,0.1922000,-0.8370000,0.0000000,34.0243000,-0.0433000,-36.2396000
20240216,365,C,111.1750,111.1750,111.1750,111.1750,0,0,0.4479000,0.9822000,0.0000000,6.0375000,-0.0953000,30.1111000
20240216,365,P,0.0950,0.0950,0.0950,0.0950,0,0,0.3662000,-0.0054000,0.0000000,2.1547000,-0.0123000,-0.2268000
20240216,429,C,47.8850,47.8850,47.8850,47.8850,0,0,0.2341000,0.9412000,0.0000000,16.1822000,-0.1191000,33.8360000
20240216,429,P,0.4650,0.4650,0.4650,0.4650,0,0,0.2071000,-0.0391000,0.0000000,11.6894000,-0.0362000,-1.6137000
20240216,461,C,17.8850,17.8850,17.8850,17.8850,0,0,0.1498000,0.7785000,0.0000000,41.0609000,-0.1504000,29.8329000
20240216,461,P,2.3650,2.3650,2.3650,2.3650,0,0,0.1416000,-0.2091000,0.0000000,39.7228000,-0.0759000,-8.6211000
20240216,493,C,0.9850,0.9850,0.9850,0.9850,0,0,0.1058000,0.1346000,0.0000000,29.9418000,-0.0602000,5.3375000
20240216,493,P,18.8600,18.8600,18.8600,18.8600,0,0,0.1404000,-0.7950000,0.0000000,39.2572000,-0.0312000,-33.6140000
20240216,535,C,0.0250,0.0250,0.0250,0.0250,0,0,0.1464000,0.0034000,0.0000000,1.4276000,-0.0036000,0.1365000
20240216,535,P,60.8450,60.8450,60.8450,60.8450,0,0,0.3192000,-0.8856000,0.0000000,26.7104000,-0.0674000,-40.8297000
20240216,290,C,185.7000,185.7000,185.7000,185.7000,0,0,0.7373000,0.9921000,0.0000000,2.9763000,-0.0768000,24.1792000
20240216,290,P,0.0250,0.0250,0.0250,0.0250,0,0,0.5593000,-0.0008000,0.0000000,0.4181000,-0.0037000,-0.0375000
20240216,418,C,58.6850,58.6850,58.6850,58.6850,0,0,0.2683000,0.9561000,0.0000000,12.8248000,-0.1130000,33.5176000
20240216,418,P,0.3250,0.3250,0.3250,0.3250,0,0,0.2336000,-0.0255000,0.0000000,8.2299000,-0.0292000,-1.0569000
20240216,450,C,27.7200,27.7200,27.7200,27.7200,0,0,0.1752000,0.8720000,0.0000000,28.9125000,-0.1379000,32.7594000
20240216,450,P,1.2350,1.2350,1.2350,1.2350,0,0,0.1624000,-0.1109000,0.0000000,26.1461000,-0.0606000,-4.5731000
20240216,482,C,3.8450,3.8450,3.8450,3.8450,0,0,0.1134000,0.3646000,0.0000000,51.9181000,-0.1196000,14.3571000
20240216,482,P,9.6500,9.6500,9.6500,9.6500,0,0,0.1152000,-0.6331000,0.0000000,52.0220000,-0.0515000,-26.3148000
20240216,514,C,0.0650,0.0650,0.0650,0.0650,0,0,0.1137000,0.0111000,0.0000000,4.0635000,-0.0082000,0.4457000
20240216,514,P,39.8550,39.8550,39.8550,39.8550,0,0,0.2358000,-0.8588000,0.0000000,30.9215000,-0.0524000,-37.9686000
20240216,215,C,260.2850,260.2850,260.2850,260.2850,0,0,1.0917000,0.9960000,0.0000000,1.6085000,-0.0592000,18.0029000
20240216,375,C,101.2500,101.2500,101.2500,101.2500,0,0,0.4135000,0.9794000,0.0000000,6.8323000,-0.0985000,30.8419000
20240216,375,P,0.1250,0.1250,0.1250,0.1250,0,0,0.3437000,-0.0074000,0.0000000,2.8353000,-0.0151000,-0.3090000
20240216,439,C,38.1400,38.1400,38.1400,38.1400,0,0,0.2036000,0.9196000,0.0000000,20.6175000,-0.1256000,33.7903000
20240216,439,P,0.7050,0.7050,0.7050,0.7050,0,0,0.1849000,-0.0619000,0.0000000,16.8827000,-0.0459000,-2.5553000
20240216,407,C,69.5400,69.5400,69.5400,69.5400,0,0,0.3043000,0.9653000,0.0000000,10.5933000,-0.1085000,32.9647000
20240216,407,P,0.2450,0.2450,0.2450,0.2450,0,0,0.2617000,-0.0179000,0.0000000,6.0972000,-0.0244000,-0.7425000
20240216,471,C,10.0400,10.0400,10.0400,10.0400,0,0,0.1298000,0.6225000,0.0000000,52.5004000,-0.1515000,24.2151000
20240216,471,P,4.5600,4.5600,4.5600,4.5600,0,0,0.1251000,-0.3735000,0.0000000,52.3287000,-0.0791000,-15.4286000
20240216,545,C,0.0150,0.0150,0.0150,0.0150,0,0,0.1562000,0.0016000,0.0000000,0.7357000,-0.0019000,0.0656000
20240216,545,P,70.8400,70.8400,70.8400,70.8400,0,0,0.3564000,-0.8936000,0.0000000,25.3630000,-0.0737000,-41.9997000
20240216,300,C,175.7650,175.7650,175.7650,175.7650,0,0,0.6960000,0.9913000,0.0000000,3.2480000,-0.0793000,24.9905000
20240216,300,P,0.0250,0.0250,0.0250,0.0250,0,0,0.5250000,-0.0009000,0.0000000,0.4552000,-0.0037000,-0.0410000
20240216,428,C,48.8650,48.8650,48.8650,48.8650,0,0,0.2371000,0.9429000,0.0000000,15.8173000,-0.1185000,33.8205000
20240216,428,P,0.4550,0.4550,0.4550,0.4550,0,0,0.2099000,-0.0378000,0.0000000,11.3752000,-0.0358000,-1.5610000
20240216,460,C,18.7400,18.7400,18.7400,18.7400,0,0,0.1521000,0.7897000,0.0000000,39.8489000,-0.1496000,30.2090000
20240216,460,P,2.2250,2.2250,2.2250,2.2250,0,0,0.1435000,-0.1973000,0.0000000,38.3735000,-0.0748000,-8.1356000
20240216,492,C,1.1350,1.1350,1.1350,1.1350,0,0,0.1063000,0.1505000,0.0000000,32.2950000,-0.0656000,5.9663000
20240216,492,P,17.8600,17.8600,17.8600,17.8600,0,0,0.1353000,-0.7894000,0.0000000,39.8799000,-0.0299000,-33.3063000
20240216,524,C,0.0350,0.0350,0.0350,0.0350,0,0,0.1279000,0.0054000,0.0000000,2.1686000,-0.0048000,0.2181000
20240216,524,P,49.8500,49.8500,49.8500,49.8500,0,0,0.2767000,-0.8736000,0.0000000,28.6513000,-0.0602000,-39.4143000
20240216,225,C,250.3450,250.3450,250.3450,250.3450,0,0,1.0414000,0.9956000,0.0000000,1.7698000,-0.0620000,18.8294000
20240216,385,C,91.3300,91.3300,91.3300,91.3300,0,0,0.3789000,0.9762000,0.0000000,7.7391000,-0.1014000,31.5530000
20240216,385,P,0.1450,0.1450,0.1450,0.1450,0,0,0.3164000,-0.0093000,0.0000000,3.4603000,-0.0169000,-0.3869000
20240216,417,C,59.6650,59.6650,59.6650,59.6650,0,0,0.2711000,0.9573000,0.0000000,12.5326000,-0.1122000,33.4841000
20240216,417,P,0.3150,0.3150,0.3150,0.3150,0,0,0.2360000,-0.0246000,0.0000000,7.9862000,-0.0286000,-1.0198000
20240216,449,C,28.6500,28.6500,28.6500,28.6500,0,0,0.1776000,0.8778000,0.0000000,27.9943000,-0.1367000,32.9131000
20240216,449,P,1.1650,1.1650,1.1650,1.1650,0,0,0.1643000,-0.1047000,0.0000000,25.0876000,-0.0590000,-4.3180000
20240216,481,C,4.2700,4.2700,4.2700,4.2700,0,0,0.1146000,0.3898000,0.0000000,53.0061000,-0.1243000,15.3343000
20240216,481,P,9.0250,9.0250,9.0250,9.0250,0,0,0.1152000,-0.6096000,0.0000000,53.0282000,-0.0551000,-25.3129000
20240216,555,C,0.0150,0.0150,0.0150,0.0150,0,0,0.1757000,0.0015000,0.0000000,0.6873000,-0.0020000,0.0607000
20240216,555,P,80.8450,80.8450,80.8450,80.8450,0,0,0.3923000,-0.8999000,0.0000000,24.2638000,-0.0795000,-43.1025000
20240216,310,C,165.8250,165.8250,165.8250,165.8250,0,0,0.6562000,0.9903000,0.0000000,3.5606000,-0.0819000,25.7960000
20240216,310,P,0.0350,0.0350,0.0350,0.0350,0,0,0.5062000,-0.0014000,0.0000000,0.6421000,-0.0051000,-0.0597000
20240216,438,C,39.1050,39.1050,39.1050,39.1050,0,0,0.2061000,0.9227000,0.0000000,20.0073000,-0.1245000,33.8346000
20240216,438,P,0.6750,0.6750,0.6750,0.6750,0,0,0.1871000,-0.0590000,0.0000000,16.2562000,-0.0448000,-2.4349000
20240216,406,C,70.5300,70.5300,70.5300,70.5300,0,0,0.3078000,0.9659000,0.0000000,10.4485000,-0.1083000,32.9037000
20240216,406,P,0.2350,0.2350,0.2350,0.2350,0,0,0.2634000,-0.0171000,0.0000000,5.8587000,-0.0236000,-0.7087000
20240216,470,C,10.7500,10.7500,10.7500,10.7500,0,0,0.1317000,0.6419000,0.0000000,51.5936000,-0.1524000,24.9370000
20240216,470,P,4.2600,4.2600,4.2600,4.2600,0,0,0.1266000,-0.3531000,0.0000000,51.3450000,-0.0798000,-14.5830000
20240216,502,C,0.2650,0.2650,0.2650,0.2650,0,0,0.1051000,0.0442000,0.0000000,12.9211000,-0.0249000,1.7597000
20240216,502,P,27.8550,27.8550,27.8550,27.8550,0,0,0.1832000,-0.8312000,0.0000000,34.7980000,-0.0413000,-35.8376000
20240216,235,C,240.4000,240.4000,240.4000,240.4000,0,0,0.9933000,0.9951000,0.0000000,1.9523000,-0.0650000,19.6531000
20240216,427,C,49.8300,49.8300,49.8300,49.8300,0,0,0.2397000,0.9449000,0.0000000,15.3878000,-0.1175000,33.8168000
20240216,427,P,0.4350,0.4350,0.4350,0.4350,0,0,0.2120000,-0.0361000,0.0000000,10.9549000,-0.0349000,-1.4908000
20240216,395,C,81.4200,81.4200,81.4200,81.4200,0,0,0.3447000,0.9720000,0.0000000,8.8557000,-0.1045000,32.2276000
20240216,395,P,0.1850,0.1850,0.1850,0.1850,0,0,0.2919000,-0.0125000,0.0000000,4.4757000,-0.0201000,-0.5192000
20240216,459,C,19.6100,19.6100,19.6100,19.6100,0,0,0.1544000,0.8002000,0.0000000,38.6547000,-0.1487000,30.5575000
20240216,459,P,2.0950,2.0950,2.0950,2.0950,0,0,0.1454000,-0.1862000,0.0000000,37.0324000,-0.0737000,-7.6760000
20240216,491,C,1.2950,1.2950,1.2950,1.2950,0,0,0.1065000,0.1669000,0.0000000,34.5659000,-0.0707000,6.6149000
20240216,491,P,16.8650,16.8650,16.8650,16.8650,0,0,0.1302000,-0.7835000,0.0000000,40.5316000,-0.0285000,-32.9823000
20240223,480,C,5.5150,5.5150,5.5150,5.5150,0,0,0.1145000,0.4341000,0.0000000,60.1956000,-0.1198000,20.8559000
20240223,480,P,8.8500,8.8500,8.8500,8.8500,0,0,0.1161000,-0.5646000,0.0000000,60.2246000,-0.0517000,-28.7941000
20240223,512,C,0.1250,0.1250,0.1250,0.1250,0,0,0.1069000,0.0201000,0.0000000,7.4552000,-0.0118000,0.9823000
20240223,512,P,37.8500,37.8500,37.8500,37.8500,0,0,0.2176000,-0.8366000,0.0000000,37.7255000,-0.0447000,-45.2375000
20240223,405,C,71.9800,71.9800,71.9800,71.9800,0,0,0.2867000,0.9647000,0.0000000,11.8826000,-0.1010000,40.1269000
20240223,405,P,0.3150,0.3150,0.3150,0.3150,0,0,0.2536000,-0.0209000,0.0000000,7.7187000,-0.0242000,-1.0686000
20240223,469,C,12.3800,12.3800,12.3800,12.3800,0,0,0.1312000,0.6583000,0.0000000,56.1568000,-0.1406000,31.2060000
20240223,469,P,4.4700,4.4700,4.4700,4.4700,0,0,0.1275000,-0.3377000,0.0000000,55.9092000,-0.0698000,-17.1366000
20240223,458,C,21.3000,21.3000,21.3000,21.3000,0,0,0.1521000,0.7999000,0.0000000,42.8322000,-0.1379000,37.2681000
20240223,458,P,2.3650,2.3650,2.3650,2.3650,0,0,0.1450000,-0.1892000,0.0000000,41.4150000,-0.0656000,-9.5882000
20240223,490,C,1.9650,1.9650,1.9650,1.9650,0,0,0.1057000,0.2157000,0.0000000,44.7905000,-0.0769000,10.4460000
20240223,490,P,16.0050,16.0050,16.0050,16.0050,0,0,0.1240000,-0.7470000,0.0000000,48.9099000,-0.0258000,-38.5419000
20240223,457.5,C,21.7350,21.7350,21.7350,21.7350,0,0,0.1530000,0.8048000,0.0000000,42.1924000,-0.1374000,37.4663000
20240223,457.5,P,2.3050,2.3050,2.3050,2.3050,0,0,0.1459000,-0.1845000,0.0000000,40.7714000,-0.0652000,-9.3485000
20240223,415,C,62.1350,62.1350,62.1350,62.1350,0,0,0.2578000,0.9562000,0.0000000,14.1697000,-0.1050000,40.7325000
20240223,415,P,0.4050,0.4050,0.4050,0.4050,0,0,0.2307000,-0.0286000,0.0000000,10.0298000,-0.0284000,-1.4577000
20240223,479,C,6.0150,6.0150,6.0150,6.0150,0,0,0.1156000,0.4570000,0.0000000,60.6746000,-0.1230000,21.9337000
20240223,479,P,8.3200,8.3200,8.3200,8.3200,0,0,0.1167000,-0.5424000,0.0000000,60.6835000,-0.0545000,-27.6394000
20240223,468,C,13.1300,13.1300,13.1300,13.1300,0,0,0.1330000,0.6745000,0.0000000,55.0896000,-0.1411000,31.9283000
20240223,468,P,4.2100,4.2100,4.2100,4.2100,0,0,0.1289000,-0.3207000,0.0000000,54.7592000,-0.0701000,-16.2700000
20240223,500,C,0.5450,0.5450,0.5450,0.5450,0,0,0.1025000,0.0773000,0.0000000,22.1707000,-0.0351000,3.7621000
20240223,500,P,25.8550,25.8550,25.8550,25.8550,0,0,0.1673000,-0.8036000,0.0000000,42.3487000,-0.0339000,-42.3608000
20240223,467.5,C,13.5050,13.5050,13.5050,13.5050,0,0,0.1338000,0.6826000,0.0000000,54.5174000,-0.1411000,32.2879000
20240223,467.5,P,4.0800,4.0800,4.0800,4.0800,0,0,0.1296000,-0.3123000,0.0000000,54.1493000,-0.0701000,-15.8441000
20240223,425,C,52.3450,52.3450,52.3450,52.3450,0,0,0.2306000,0.9430000,0.0000000,17.4900000,-0.1106000,41.0995000
20240223,425,P,0.5550,0.5550,0.5550,0.5550,0,0,0.2092000,-0.0413000,0.0000000,13.5345000,-0.0343000,-2.0968000
20240223,457,C,22.1750,22.1750,22.1750,22.1750,0,0,0.1541000,0.8093000,0.0000000,41.6030000,-0.1370000,37.6397000
20240223,457,P,2.2450,2.2450,2.2450,2.2450,0,0,0.1468000,-0.1798000,0.0000000,40.1130000,-0.0647000,-9.1080000
20240223,489,C,2.2050,2.2050,2.2050,2.2050,0,0,0.1063000,0.2349000,0.0000000,47.0068000,-0.0816000,11.3691000
20240223,489,P,15.1350,15.1350,15.1350,15.1350,0,0,0.1215000,-0.7348000,0.0000000,50.1236000,-0.0272000,-37.8454000
20240223,350,C,126.4350,126.4350,126.4350,126.4350,0,0,0.4562000,0.9850000,0.0000000,5.7607000,-0.0842000,35.4612000
20240223,350,P,0.1050,0.1050,0.1050,0.1050,0,0,0.3828000,-0.0051000,0.0000000,2.2815000,-0.0111000,-0.2659000
20240223,478,C,6.5450,6.5450,6.5450,6.5450,0,0,0.1169000,0.4797000,0.0000000,60.9498000,-0.1260000,22.9972000
20240223,478,P,7.8150,7.8150,7.8150,7.8150,0,0,0.1173000,-0.5201000,0.0000000,60.9505000,-0.0569000,-26.4893000
20240223,510,C,0.1550,0.1550,0.1550,0.1550,0,0,0.1055000,0.0248000,0.0000000,8.9014000,-0.0140000,1.2119000
20240223,510,P,35.8500,35.8500,35.8500,35.8500,0,0,0.2095000,-0.8323000,0.0000000,38.3736000,-0.0430000,-44.8142000
20240223,477.5,C,6.8200,6.8200,6.8200,6.8200,0,0,0.1177000,0.4909000,0.0000000,61.0129000,-0.1274000,23.5214000
20240223,477.5,P,7.5700,7.5700,7.5700,7.5700,0,0,0.1176000,-0.5090000,0.0000000,61.0129000,-0.0581000,-25.9164000
20240223,435,C,42.6150,42.6150,42.6150,42.6150,0,0,0.2033000,0.9235000,0.0000000,21.9769000,-0.1164000,41.1487000
20240223,435,P,0.7950,0.7950,0.7950,0.7950,0,0,0.1882000,-0.0618000,0.0000000,18.6707000,-0.0418000,-3.1371000
20240223,467,C,13.8850,13.8850,13.8850,13.8850,0,0,0.1346000,0.6903000,0.0000000,53.9406000,-0.1412000,32.6314000
20240223,467,P,3.9600,3.9600,3.9600,3.9600,0,0,0.1303000,-0.3043000,0.0000000,53.5343000,-0.0702000,-15.4352000
20240223,360,C,116.5150,116.5150,116.5150,116.5150,0,0,0.4235000,0.9831000,0.0000000,6.4039000,-0.0866000,36.3974000
20240223,360,P,0.1250,0.1250,0.1250,0.1250,0,0,0.3588000,-0.0065000,0.0000000,2.7943000,-0.0127000,-0.3336000
20240223,456,C,23.0550,23.0550,23.0550,23.0550,0,0,0.1561000,0.8180000,0.0000000,40.4147000,-0.1362000,37.9780000
20240223,456,P,2.1250,2.1250,2.1250,2.1250,0,0,0.1485000,-0.1705000,0.0000000,38.7907000,-0.0637000,-8.6386000
20240223,488,C,2.4750,2.4750,2.4750,2.4750,0,0,0.1071000,0.2552000,0.0000000,49.1510000,-0.0865000,12.3436000
20240223,488,P,14.2850,14.2850,14.2850,14.2850,0,0,0.1193000,-0.7213000,0.0000000,51.3781000,-0.0287000,-37.0901000
20240223,520,C,0.0650,0.0650,0.0650,0.0650,0,0,0.1152000,0.0102000,0.0000000,4.1640000,-0.0070000,0.4993000
20240223,520,P,45.8450,45.8450,45.8450,45.8450,0,0,0.2487000,-0.8513000,0.0000000,35.4580000,-0.0505000,-46.7930000
20240223,445,C,33.1000,33.1000,33.1000,33.1000,0,0,0.1799000,0.8879000,0.0000000,29.1421000,-0.1255000,40.3841000
20240223,445,P,1.2250,1.2250,1.2250,1.2250,0,0,0.1687000,-0.0979000,0.0000000,26.4523000,-0.0517000,-4.9639000
20240223,477,C,7.1000,7.1000,7.1000,7.1000,0,0,0.1184000,0.5019000,0.0000000,61.0279000,-0.1287000,24.0390000
20240223,477,P,7.3350,7.3350,7.3350,7.3350,0,0,0.1179000,-0.4980000,0.0000000,61.0280000,-0.0592000,-25.3465000
20240223,370,C,106.6000,106.6000,106.6000,106.6000,0,0,0.3925000,0.9805000,0.0000000,7.2459000,-0.0896000,37.2992000
20240223,370,P,0.1550,0.1550,0.1550,0.1550,0,0,0.3364000,-0.0084000,0.0000000,3.5143000,-0.0149000,-0.4321000
20240223,466,C,14.6650,14.6650,14.6650,14.6650,0,0,0.1365000,0.7051000,0.0000000,52.7694000,-0.1414000,33.2797000
20240223,466,P,3.7300,3.7300,3.7300,3.7300,0,0,0.1318000,-0.2888000,0.0000000,52.2641000,-0.0702000,-14.6443000
20240223,498,C,0.7150,0.7150,0.7150,0.7150,0,0,0.1028000,0.0971000,0.0000000,26.2845000,-0.0421000,4.7213000
20240223,498,P,23.8550,23.8550,23.8550,23.8550,0,0,0.1585000,-0.7959000,0.0000000,43.3406000,-0.0319000,-41.7721000
20240223,530,C,0.0350,0.0350,0.0350,0.0350,0,0,0.1259000,0.0048000,0.0000000,2.1604000,-0.0039000,0.2373000
20240223,530,P,55.8500,55.8500,55.8500,55.8500,0,0,0.2863000,-0.8643000,0.0000000,33.3219000,-0.0576000,-48.4787000
20240223,455,C,23.9400,23.9400,23.9400,23.9400,0,0,0.1583000,0.8262000,0.0000000,39.2591000,-0.1353000,38.2892000
20240223,455,P,2.0150,2.0150,2.0150,2.0150,0,0,0.1503000,-0.1619000,0.0000000,37.5106000,-0.0627000,-8.2010000
20240223,487,C,2.7600,2.7600,2.7600,2.7600,0,0,0.1078000,0.2761000,0.0000000,51.1494000,-0.0912000,13.3436000
20240223,487,P,13.4900,13.4900,13.4900,13.4900,0,0,0.1180000,-0.7053000,0.0000000,52.7538000,-0.0312000,-36.2196000
20240223,380,C,96.7000,96.7000,96.7000,96.7000,0,0,0.3623000,0.9771000,0.0000000,8.2823000,-0.0929000,38.1652000
20240223,380,P,0.1850,0.1850,0.1850,0.1850,0,0,0.3125000,-0.0107000,0.0000000,4.3355000,-0.0170000,-0.5484000
20240223,476,C,7.6800,7.6800,7.6800,7.6800,0,0,0.1197000,0.5237000,0.0000000,60.9201000,-0.1310000,25.0549000
20240223,476,P,6.8900,6.8900,6.8900,6.8900,0,0,0.1189000,-0.4761000,0.0000000,60.9195000,-0.0614000,-24.2194000
20240223,508,C,0.1950,0.1950,0.1950,0.1950,0,0,0.1044000,0.0309000,0.0000000,10.6882000,-0.0168000,1.5090000
20240223,508,P,33.8500,33.8500,33.8500,33.8500,0,0,0.2014000,-0.8275000,0.0000000,39.0625000,-0.0414000,-44.3730000
20240223,540,C,0.0250,0.0250,0.0250,0.0250,0,0,0.1406000,0.0032000,0.0000000,1.4970000,-0.0029000,0.1573000
20240223,540,P,65.8500,65.8500,65.8500,65.8500,0,0,0.3219000,-0.8743000,0.0000000,31.5979000,-0.0638000,-50.0149000
20240223,465,C,15.4550,15.4550,15.4550,15.4550,0,0,0.1384000,0.7192000,0.0000000,51.5589000,-0.1413000,33.8950000
20240223,465,P,3.5200,3.5200,3.5200,3.5200,0,0,0.1335000,-0.2740000,0.0000000,50.9608000,-0.0700000,-13.8955000
20240223,390,C,86.8000,86.8000,86.8000,86.8000,0,0,0.3314000,0.9732000,0.0000000,9.4496000,-0.0958000,39.0042000
20240223,390,P,0.2250,0.2250,0.2250,0.2250,0,0,0.2885000,-0.0137000,0.0000000,5.3857000,-0.0194000,-0.7031000
20240223,454,C,24.8300,24.8300,24.8300,24.8300,0,0,0.1603000,0.8341000,0.0000000,38.1002000,-0.1344000,38.5881000
20240223,454,P,1.9150,1.9150,1.9150,1.9150,0,0,0.1522000,-0.1539000,0.0000000,36.2840000,-0.0617000,-7.7961000
20240223,486,C,3.0750,3.0750,3.0750,3.0750,0,0,0.1085000,0.2975000,0.0000000,52.9931000,-0.0958000,14.3685000
20240223,486,P,12.7200,12.7200,12.7200,12.7200,0,0,0.1168000,-0.6883000,0.0000000,54.0931000,-0.0337000,-35.3011000
20240223,475,C,8.2900,8.2900,8.2900,8.2900,0,0,0.1213000,0.5450000,0.0000000,60.6393000,-0.1332000,26.0397000
20240223,475,P,6.4700,6.4700,6.4700,6.4700,0,0,0.1199000,-0.4546000,0.0000000,60.6332000,-0.0633000,-23.1126000
20240223,400,C,76.9150,76.9150,76.9150,76.9150,0,0,0.3010000,0.9682000,0.0000000,10.9108000,-0.0989000,39.7847000
20240223,400,P,0.2850,0.2850,0.2850,0.2850,0,0,0.2661000,-0.0184000,0.0000000,6.9138000,-0.0228000,-0.9396000
20240223,464,C,16.2600,16.2600,16.2600,16.2600,0,0,0.1404000,0.7325000,0.0000000,50.3402000,-0.1412000,34.4655000
20240223,464,P,3.3200,3.3200,3.3200,3.3200,0,0,0.1351000,-0.2600000,0.0000000,49.6209000,-0.0697000,-13.1794000
20240223,496,C,0.9350,0.9350,0.9350,0.9350,0,0,0.1033000,0.1209000,0.0000000,30.7710000,-0.0500000,5.8730000
20240223,496,P,21.8600,21.8600,21.8600,21.8600,0,0,0.1496000,-0.7869000,0.0000000,44.4619000,-0.0299000,-41.1190000
20240223,453,C,25.7300,25.7300,25.7300,25.7300,0,0,0.1624000,0.8415000,0.0000000,36.9906000,-0.1334000,38.8576000
20240223,453,P,1.8150,1.8150,1.8150,1.8150,0,0,0.1539000,-0.1460000,0.0000000,35.0412000,-0.0606000,-7.3988000
20240223,485,C,3.4150,3.4150,3.4150,3.4150,0,0,0.1094000,0.3196000,0.0000000,54.6787000,-0.1003000,15.4211000
20240223,485,P,11.9900,11.9900,11.9900,11.9900,0,0,0.1160000,-0.6699000,0.0000000,55.4057000,-0.0365000,-34.3148000
20240223,410,C,67.0550,67.0550,67.0550,67.0550,0,0,0.2720000,0.9609000,0.0000000,12.9279000,-0.1029000,40.4512000
20240223,410,P,0.3550,0.3550,0.3550,0.3550,0,0,0.2421000,-0.0244000,0.0000000,8.7816000,-0.0262000,-1.2443000
20240223,474,C,8.9150,8.9150,8.9150,8.9150,0,0,0.1227000,0.5657000,0.0000000,60.1982000,-0.1349000,26.9970000
20240223,474,P,6.0750,6.0750,6.0750,6.0750,0,0,0.1208000,-0.4334000,0.0000000,60.1787000,-0.0648000,-22.0289000
20240223,506,C,0.2450,0.2450,0.2450,0.2450,0,0,0.1032000,0.0383000,0.0000000,12.7254000,-0.0199000,1.8656000
20240223,506,P,31.8500,31.8500,31.8500,31.8500,0,0,0.1931000,-0.8224000,0.0000000,39.7984000,-0.0396000,-43.9107000
20240223,463,C,17.0750,17.0750,17.0750,17.0750,0,0,0.1422000,0.7454000,0.0000000,49.0798000,-0.1409000,35.0162000
20240223,463,P,3.1300,3.1300,3.1300,3.1300,0,0,0.1366000,-0.2465000,0.0000000,48.2522000,-0.0692000,-12.4948000
20240223,495,C,1.0650,1.0650,1.0650,1.0650,0,0,0.1036000,0.1342000,0.0000000,33.0912000,-0.0542000,6.5173000
20240223,495,P,20.8550,20.8550,20.8550,20.8550,0,0,0.1448000,-0.7825000,0.0000000,44.9946000,-0.0286000,-40.7959000
20240223,462.5,C,17.4850,17.4850,17.4850,17.4850,0,0,0.1431000,0.7516000,0.0000000,48.4441000,-0.1406000,35.2798000
20240223,462.5,P,3.0450,3.0450,3.0450,3.0450,0,0,0.1374000,-0.2400000,0.0000000,47.5635000,-0.0689000,-12.1660000
20240223,420,C,57.2350,57.2350,57.2350,57.2350,0,0,0.2442000,0.9502000,0.0000000,15.7142000,-0.1078000,40.9456000
20240223,420,P,0.4750,0.4750,0.4750,0.4750,0,0,0.2202000,-0.0344000,0.0000000,11.6695000,-0.0313000,-1.7497000
20240223,452,C,26.6350,26.6350,26.6350,26.6350,0,0,0.1644000,0.8487000,0.0000000,35.8659000,-0.1323000,39.1212000
20240223,452,P,1.7250,1.7250,1.7250,1.7250,0,0,0.1557000,-0.1388000,0.0000000,33.8558000,-0.0595000,-7.0318000
20240223,484,C,3.7800,3.7800,3.7800,3.7800,0,0,0.1103000,0.3422000,0.0000000,56.1925000,-0.1047000,16.4992000
20240223,484,P,11.2850,11.2850,11.2850,11.2850,0,0,0.1153000,-0.6506000,0.0000000,56.6223000,-0.0393000,-33.2913000
20240223,473,C,9.5750,9.5750,9.5750,9.5750,0,0,0.1244000,0.5856000,0.0000000,59.6160000,-0.1366000,27.9121000
20240223,473,P,5.7100,5.7100,5.7100,5.7100,0,0,0.1221000,-0.4130000,0.0000000,59.5730000,-0.0663000,-20.9818000
20240223,505,C,0.2750,0.2750,0.2750,0.2750,0,0,0.1027000,0.0427000,0.0000000,13.9119000,-0.0217000,2.0818000
20240223,505,P,30.8500,30.8500,30.8500,30.8500,0,0,0.1889000,-0.8196000,0.0000000,40.1833000,-0.0387000,-43.6715000
20240223,472.5,C,9.9050,9.9050,9.9050,9.9050,0,0,0.1251000,0.5954000,0.0000000,59.2742000,-0.1373000,28.3593000
20240223,472.5,P,5.5350,5.5350,5.5350,5.5350,0,0,0.1226000,-0.4029000,0.0000000,59.2134000,-0.0668000,-20.4644000
20240223,430,C,47.4800,47.4800,47.4800,47.4800,0,0,0.2177000,0.9336000,0.0000000,19.7028000,-0.1140000,41.1423000
20240223,430,P,0.6550,0.6550,0.6550,0.6550,0,0,0.1983000,-0.0500000,0.0000000,15.7921000,-0.0376000,-2.5385000
20240223,462,C,17.9000,17.9000,17.9000,17.9000,0,0,0.1442000,0.7574000,0.0000000,47.8336000,-0.1405000,35.5220000
20240223,462,P,2.9600,2.9600,2.9600,2.9600,0,0,0.1383000,-0.2339000,0.0000000,46.8974000,-0.0688000,-11.8575000
20240223,494,C,1.2100,1.2100,1.2100,1.2100,0,0,0.1041000,0.1489000,0.0000000,35.5021000,-0.0587000,7.2265000
20240223,494,P,19.8550,19.8550,19.8550,19.8550,0,0,0.1401000,-0.7773000,0.0000000,45.6013000,-0.0275000,-40.4383000
20240223,355,C,121.4750,121.4750,121.4750,121.4750,0,0,0.4399000,0.9841000,0.0000000,6.0741000,-0.0854000,35.9308000
20240223,355,P,0.1150,0.1150,0.1150,0.1150,0,0,0.3710000,-0.0058000,0.0000000,2.5345000,-0.0119000,-0.2990000
20240223,483,C,4.1700,4.1700,4.1700,4.1700,0,0,0.1112000,0.3649000,0.0000000,57.4982000,-0.1087000,17.5802000
20240223,483,P,10.6200,10.6200,10.6200,10.6200,0,0,0.1152000,-0.6300000,0.0000000,57.7547000,-0.0424000,-32.2064000
20240223,515,C,0.0950,0.0950,0.0950,0.0950,0,0,0.1098000,0.0153000,0.0000000,5.9241000,-0.0096000,0.7504000
20240223,515,P,40.8500,40.8500,40.8500,40.8500,0,0,0.2295000,-0.8425000,0.0000000,36.8321000,-0.0470000,-45.8402000
20240223,525,C,0.0450,0.0450,0.0450,0.0450,0,0,0.1201000,0.0067000,0.0000000,2.9001000,-0.0050000,0.3307000
20240223,525,P,50.8450,50.8450,50.8450,50.8450,0,0,0.2675000,-0.8585000,0.0000000,34.2953000,-0.0540000,-47.6681000
20240223,482.5,C,4.3800,4.3800,4.3800,4.3800,0,0,0.1118000,0.3765000,0.0000000,58.0830000,-0.1108000,18.1302000
20240223,482.5,P,10.3000,10.3000,10.3000,10.3000,0,0,0.1151000,-0.6195000,0.0000000,58.2656000,-0.0439000,-31.6549000
20240223,440,C,37.8300,37.8300,37.8300,37.8300,0,0,0.1916000,0.9078000,0.0000000,25.2713000,-0.1209000,40.8746000
20240223,440,P,0.9800,0.9800,0.9800,0.9800,0,0,0.1785000,-0.0777000,0.0000000,22.2469000,-0.0467000,-3.9375000
20240223,472,C,10.2450,10.2450,10.2450,10.2450,0,0,0.1260000,0.6049000,0.0000000,58.9033000,-0.1379000,28.7954000
20240223,472,P,5.3650,5.3650,5.3650,5.3650,0,0,0.1232000,-0.3930000,0.0000000,58.8227000,-0.0674000,-19.9591000
20240223,504,C,0.3150,0.3150,0.3150,0.3150,0,0,0.1025000,0.0480000,0.0000000,15.2876000,-0.0239000,2.3402000
20240223,504,P,29.8500,29.8500,29.8500,29.8500,0,0,0.1846000,-0.8167000,0.0000000,40.5885000,-0.0378000,-43.4236000
20240223,365,C,111.5600,111.5600,111.5600,111.5600,0,0,0.4086000,0.9817000,0.0000000,6.8523000,-0.0884000,36.8441000
20240223,365,P,0.1350,0.1350,0.1350,0.1350,0,0,0.3466000,-0.0072000,0.0000000,3.0827000,-0.0135000,-0.3725000
20240223,461,C,18.7350,18.7350,18.7350,18.7350,0,0,0.1460000,0.7691000,0.0000000,46.5498000,-0.1398000,36.0134000
20240223,461,P,2.7950,2.7950,2.7950,2.7950,0,0,0.1399000,-0.2217000,0.0000000,45.4992000,-0.0680000,-11.2350000
20240223,535,C,0.0250,0.0250,0.0250,0.0250,0,0,0.1308000,0.0033000,0.0000000,1.5543000,-0.0029000,0.1642000
20240223,535,P,60.8500,60.8500,60.8500,60.8500,0,0,0.3043000,-0.8697000,0.0000000,32.4115000,-0.0608000,-49.2633000
20240223,450,C,28.4650,28.4650,28.4650,28.4650,0,0,0.1688000,0.8614000,0.0000000,33.8154000,-0.1305000,39.5556000
20240223,450,P,1.5600,1.5600,1.5600,1.5600,0,0,0.1595000,-0.1256000,0.0000000,31.6058000,-0.0574000,-6.3645000
20240223,482,C,4.5900,4.5900,4.5900,4.5900,0,0,0.1123000,0.3880000,0.0000000,58.6080000,-0.1127000,18.6740000
20240223,482,P,9.9900,9.9900,9.9900,9.9900,0,0,0.1152000,-0.6088000,0.0000000,58.7424000,-0.0455000,-31.0929000
20240223,514,C,0.1050,0.1050,0.1050,0.1050,0,0,0.1088000,0.0168000,0.0000000,6.3940000,-0.0103000,0.8203000
20240223,514,P,39.8500,39.8500,39.8500,39.8500,0,0,0.2256000,-0.8406000,0.0000000,37.1238000,-0.0463000,-45.6421000
20240223,375,C,101.6500,101.6500,101.6500,101.6500,0,0,0.3774000,0.9789000,0.0000000,7.7433000,-0.0912000,37.7362000
20240223,375,P,0.1650,0.1650,0.1650,0.1650,0,0,0.3232000,-0.0092000,0.0000000,3.8238000,-0.0155000,-0.4752000
20240223,471,C,10.9400,10.9400,10.9400,10.9400,0,0,0.1278000,0.6234000,0.0000000,58.0836000,-0.1391000,29.6334000
20240223,471,P,5.0500,5.0500,5.0500,5.0500,0,0,0.1247000,-0.3739000,0.0000000,57.9588000,-0.0685000,-18.9860000
20240223,545,C,0.0150,0.0150,0.0150,0.0150,0,0,0.1406000,0.0017000,0.0000000,0.8434000,-0.0016000,0.0835000
20240223,545,P,70.8450,70.8450,70.8450,70.8450,0,0,0.3389000,-0.8787000,0.0000000,30.8209000,-0.0663000,-50.7509000
20240223,460,C,19.5800,19.5800,19.5800,19.5800,0,0,0.1481000,0.7799000,0.0000000,45.3058000,-0.1393000,36.4574000
20240223,460,P,2.6450,2.6450,2.6450,2.6450,0,0,0.1416000,-0.2104000,0.0000000,44.1381000,-0.0673000,-10.6603000
20240223,492,C,1.5500,1.5500,1.5500,1.5500,0,0,0.1049000,0.1806000,0.0000000,40.2268000,-0.0678000,8.7535000
20240223,492,P,17.8600,17.8600,17.8600,17.8600,0,0,0.1309000,-0.7656000,0.0000000,46.9382000,-0.0253000,-39.6513000
20240223,385,C,91.7500,91.7500,91.7500,91.7500,0,0,0.3469000,0.9753000,0.0000000,8.8464000,-0.0944000,38.5888000
20240223,385,P,0.2050,0.2050,0.2050,0.2050,0,0,0.3007000,-0.0121000,0.0000000,4.8462000,-0.0183000,-0.6229000
20240223,481,C,5.0400,5.0400,5.0400,5.0400,0,0,0.1134000,0.4111000,0.0000000,59.5090000,-0.1164000,19.7696000
20240223,481,P,9.4000,9.4000,9.4000,9.4000,0,0,0.1155000,-0.5869000,0.0000000,59.5721000,-0.0486000,-29.9519000
20240223,470,C,11.6500,11.6500,11.6500,11.6500,0,0,0.1294000,0.6412000,0.0000000,57.1613000,-0.1400000,30.4396000
20240223,470,P,4.7500,4.7500,4.7500,4.7500,0,0,0.1260000,-0.3554000,0.0000000,56.9796000,-0.0692000,-18.0411000
20240223,502,C,0.4150,0.4150,0.4150,0.4150,0,0,0.1025000,0.0613000,0.0000000,18.5373000,-0.0291000,2.9843000
20240223,502,P,27.8500,27.8500,27.8500,27.8500,0,0,0.1760000,-0.8106000,0.0000000,41.4294000,-0.0359000,-42.9109000
20240223,395,C,81.8550,81.8550,81.8550,81.8550,0,0,0.3157000,0.9710000,0.0000000,10.0970000,-0.0971000,39.4105000
20240223,395,P,0.2550,0.2550,0.2550,0.2550,0,0,0.2775000,-0.0159000,0.0000000,6.1180000,-0.0212000,-0.8149000
20240223,459,C,20.4400,20.4400,20.4400,20.4400,0,0,0.1502000,0.7901000,0.0000000,44.0746000,-0.1387000,36.8713000
20240223,459,P,2.5000,2.5000,2.5000,2.5000,0,0,0.1434000,-0.1997000,0.0000000,42.7898000,-0.0665000,-10.1176000
20240229,320,C,156.5250,156.5250,156.5250,156.5250,0,0,0.5273000,0.9885000,0.0000000,4.9524000,-0.0751000,37.6279000
20240229,320,P,0.0750,0.0750,0.0750,0.0750,0,0,0.4326000,-0.0031000,0.0000000,1.5596000,-0.0074000,-0.1867000
20240229,416,C,61.6650,61.6650,61.6650,61.6650,0,0,0.2474000,0.9494000,0.0000000,17.1245000,-0.1047000,46.8312000
20240229,416,P,0.5450,0.5450,0.5450,0.5450,0,0,0.2241000,-0.0358000,0.0000000,12.9576000,-0.0304000,-2.1111000
20240229,448,C,31.0150,31.0150,31.0150,31.0150,0,0,0.1715000,0.8617000,0.0000000,36.3199000,-0.1258000,45.5154000
20240229,448,P,1.7150,1.7150,1.7150,1.7150,0,0,0.1622000,-0.1256000,0.0000000,34.0055000,-0.0537000,-7.3864000
20240229,480,C,6.2800,6.2800,6.2800,6.2800,0,0,0.1155000,0.4491000,0.0000000,65.1353000,-0.1156000,24.9111000
20240229,480,P,9.2250,9.2250,9.2250,9.2250,0,0,0.1173000,-0.5498000,0.0000000,65.1570000,-0.0475000,-32.5369000
20240229,512,C,0.1750,0.1750,0.1750,0.1750,0,0,0.1038000,0.0264000,0.0000000,10.0834000,-0.0137000,1.4908000
20240229,512,P,37.8450,37.8450,37.8450,37.8450,0,0,0.2110000,-0.8225000,0.0000000,42.8109000,-0.0403000,-51.5714000
20240229,437,C,41.3200,41.3200,41.3200,41.3200,0,0,0.1955000,0.9080000,0.0000000,27.1599000,-0.1170000,46.9165000
20240229,437,P,1.0850,1.0850,1.0850,1.0850,0,0,0.1823000,-0.0777000,0.0000000,23.9562000,-0.0441000,-4.5756000
20240229,405,C,72.4600,72.4600,72.4600,72.4600,0,0,0.2772000,0.9600000,0.0000000,14.1615000,-0.1003000,46.1365000
20240229,405,P,0.4050,0.4050,0.4050,0.4050,0,0,0.2468000,-0.0252000,0.0000000,9.6929000,-0.0253000,-1.4897000
20240229,469,C,13.2350,13.2350,13.2350,13.2350,0,0,0.1316000,0.6554000,0.0000000,60.6177000,-0.1340000,35.8675000
20240229,469,P,4.9200,4.9200,4.9200,4.9200,0,0,0.1283000,-0.3411000,0.0000000,60.3924000,-0.0637000,-20.0904000
20240229,501,C,0.6750,0.6750,0.6750,0.6750,0,0,0.1022000,0.0875000,0.0000000,26.1958000,-0.0363000,4.9251000
20240229,501,P,26.8550,26.8550,26.8550,26.8550,0,0,0.1672000,-0.7911000,0.0000000,47.2927000,-0.0313000,-48.4512000
20240229,330,C,146.6150,146.6150,146.6150,146.6150,0,0,0.4960000,0.9870000,0.0000000,5.5002000,-0.0778000,38.7379000
20240229,330,P,0.0950,0.0950,0.0950,0.0950,0,0,0.4130000,-0.0041000,0.0000000,1.9984000,-0.0090000,-0.2458000
20240229,426,C,51.9350,51.9350,51.9350,51.9350,0,0,0.2228000,0.9337000,0.0000000,21.1750000,-0.1105000,47.1081000
20240229,426,P,0.7350,0.7350,0.7350,0.7350,0,0,0.2037000,-0.0506000,0.0000000,17.1502000,-0.0361000,-2.9822000
20240229,458,C,22.1000,22.1000,22.1000,22.1000,0,0,0.1518000,0.7892000,0.0000000,47.5460000,-0.1333000,42.4414000
20240229,458,P,2.7550,2.7550,2.7550,2.7550,0,0,0.1452000,-0.2009000,0.0000000,46.2199000,-0.0619000,-11.8180000
20240229,490,C,2.4600,2.4600,2.4600,2.4600,0,0,0.1064000,0.2420000,0.0000000,51.4085000,-0.0785000,13.5364000
20240229,490,P,16.1150,16.1150,16.1150,16.1150,0,0,0.1232000,-0.7254000,0.0000000,54.8783000,-0.0243000,-43.4055000
20240229,522,C,0.0750,0.0750,0.0750,0.0750,0,0,0.1123000,0.0111000,0.0000000,4.8380000,-0.0069000,0.6309000
20240229,522,P,47.8500,47.8500,47.8500,47.8500,0,0,0.2485000,-0.8407000,0.0000000,39.9337000,-0.0477000,-53.8178000
20240229,415,C,62.6500,62.6500,62.6500,62.6500,0,0,0.2507000,0.9502000,0.0000000,16.9222000,-0.1047000,46.7546000
20240229,415,P,0.5250,0.5250,0.5250,0.5250,0,0,0.2258000,-0.0344000,0.0000000,12.5500000,-0.0297000,-2.0306000
20240229,447,C,31.9350,31.9350,31.9350,31.9350,0,0,0.1736000,0.8671000,0.0000000,35.3428000,-0.1250000,45.7127000
20240229,447,P,1.6400,1.6400,1.6400,1.6400,0,0,0.1641000,-0.1202000,0.0000000,32.9705000,-0.0529000,-7.0682000
20240229,479,C,6.8000,6.8000,6.8000,6.8000,0,0,0.1167000,0.4702000,0.0000000,65.4874000,-0.1183000,26.0554000
20240229,479,P,8.7100,8.7100,8.7100,8.7100,0,0,0.1179000,-0.5292000,0.0000000,65.4933000,-0.0499000,-31.2999000
20240229,340,C,136.7100,136.7100,136.7100,136.7100,0,0,0.4663000,0.9851000,0.0000000,6.1780000,-0.0808000,39.8245000
20240229,340,P,0.1150,0.1150,0.1150,0.1150,0,0,0.3911000,-0.0051000,0.0000000,2.4560000,-0.0105000,-0.3092000
20240229,436,C,42.2700,42.2700,42.2700,42.2700,0,0,0.1976000,0.9112000,0.0000000,26.4511000,-0.1162000,46.9859000
20240229,436,P,1.0450,1.0450,1.0450,1.0450,0,0,0.1843000,-0.0747000,0.0000000,23.2330000,-0.0433000,-4.3954000
20240229,500,C,0.7650,0.7650,0.7650,0.7650,0,0,0.1023000,0.0971000,0.0000000,28.2869000,-0.0395000,5.4616000
20240229,500,P,25.8550,25.8550,25.8550,25.8550,0,0,0.1630000,-0.7873000,0.0000000,47.7849000,-0.0303000,-48.1180000
20240229,468,C,13.9800,13.9800,13.9800,13.9800,0,0,0.1334000,0.6705000,0.0000000,59.5739000,-0.1346000,36.6385000
20240229,468,P,4.6600,4.6600,4.6600,4.6600,0,0,0.1298000,-0.3254000,0.0000000,59.2774000,-0.0642000,-19.1607000
20240229,425,C,52.9050,52.9050,52.9050,52.9050,0,0,0.2253000,0.9355000,0.0000000,20.7255000,-0.1100000,47.0944000
20240229,425,P,0.7050,0.7050,0.7050,0.7050,0,0,0.2053000,-0.0485000,0.0000000,16.5705000,-0.0352000,-2.8566000
20240229,457,C,22.9600,22.9600,22.9600,22.9600,0,0,0.1536000,0.7983000,0.0000000,46.3143000,-0.1327000,42.8595000
20240229,457,P,2.6200,2.6200,2.6200,2.6200,0,0,0.1469000,-0.1916000,0.0000000,44.9074000,-0.0613000,-11.2691000
20240229,489,C,2.7300,2.7300,2.7300,2.7300,0,0,0.1070000,0.2608000,0.0000000,53.4873000,-0.0827000,14.5810000
20240229,489,P,15.2700,15.2700,15.2700,15.2700,0,0,0.1212000,-0.7127000,0.0000000,56.0979000,-0.0257000,-42.5744000
20240229,350,C,126.8000,126.8000,126.8000,126.8000,0,0,0.4350000,0.9833000,0.0000000,6.8348000,-0.0832000,40.9131000
20240229,350,P,0.1350,0.1350,0.1350,0.1350,0,0,0.3681000,-0.0064000,0.0000000,2.9697000,-0.0119000,-0.3824000
20240229,414,C,63.6300,63.6300,63.6300,63.6300,0,0,0.2534000,0.9513000,0.0000000,16.6203000,-0.1043000,46.6998000
20240229,414,P,0.5150,0.5150,0.5150,0.5150,0,0,0.2282000,-0.0335000,0.0000000,12.2820000,-0.0294000,-1.9784000
20240229,446,C,32.8550,32.8550,32.8550,32.8550,0,0,0.1755000,0.8724000,0.0000000,34.3610000,-0.1240000,45.9047000
20240229,446,P,1.5700,1.5700,1.5700,1.5700,0,0,0.1660000,-0.1149000,0.0000000,31.9478000,-0.0520000,-6.7608000
20240229,510,C,0.2250,0.2250,0.2250,0.2250,0,0,0.1035000,0.0333000,0.0000000,12.2192000,-0.0166000,1.8784000
20240229,510,P,35.8500,35.8500,35.8500,35.8500,0,0,0.2035000,-0.8176000,0.0000000,43.5467000,-0.0390000,-51.0525000
20240229,478,C,7.3500,7.3500,7.3500,7.3500,0,0,0.1180000,0.4910000,0.0000000,65.6538000,-0.1209000,27.1799000
20240229,478,P,8.2200,8.2200,8.2200,8.2200,0,0,0.1186000,-0.5088000,0.0000000,65.6542000,-0.0521000,-30.0712000
20240229,435,C,43.2250,43.2250,43.2250,43.2250,0,0,0.1997000,0.9144000,0.0000000,25.7486000,-0.1153000,47.0509000
20240229,435,P,1.0050,1.0050,1.0050,1.0050,0,0,0.1861000,-0.0716000,0.0000000,22.5029000,-0.0425000,-4.2160000
20240229,467,C,14.7400,14.7400,14.7400,14.7400,0,0,0.1352000,0.6850000,0.0000000,58.4709000,-0.1350000,37.3766000
20240229,467,P,4.4100,4.4100,4.4100,4.4100,0,0,0.1311000,-0.3101000,0.0000000,58.0899000,-0.0645000,-18.2603000
20240229,499,C,0.8650,0.8650,0.8650,0.8650,0,0,0.1025000,0.1076000,0.0000000,30.4704000,-0.0428000,6.0472000
20240229,499,P,24.8550,24.8550,24.8550,24.8550,0,0,0.1588000,-0.7834000,0.0000000,48.3043000,-0.0294000,-47.7695000
20240229,360,C,116.9000,116.9000,116.9000,116.9000,0,0,0.4052000,0.9808000,0.0000000,7.6649000,-0.0860000,41.9693000
20240229,360,P,0.1650,0.1650,0.1650,0.1650,0,0,0.3466000,-0.0081000,0.0000000,3.6782000,-0.0139000,-0.4867000
20240229,424,C,53.8750,53.8750,53.8750,53.8750,0,0,0.2277000,0.9374000,0.0000000,20.2644000,-0.1093000,47.0825000
20240229,424,P,0.6850,0.6850,0.6850,0.6850,0,0,0.2073000,-0.0468000,0.0000000,16.1120000,-0.0346000,-2.7586000
20240229,456,C,23.8350,23.8350,23.8350,23.8350,0,0,0.1556000,0.8069000,0.0000000,45.1128000,-0.1320000,43.2448000
20240229,456,P,2.5000,2.5000,2.5000,2.5000,0,0,0.1487000,-0.1829000,0.0000000,43.6370000,-0.0607000,-10.7580000
20240229,520,C,0.0850,0.0850,0.0850,0.0850,0,0,0.1098000,0.0127000,0.0000000,5.4047000,-0.0076000,0.7170000
20240229,520,P,45.8500,45.8500,45.8500,45.8500,0,0,0.2413000,-0.8374000,0.0000000,40.4608000,-0.0464000,-53.3921000
20240229,488,C,3.0200,3.0200,3.0200,3.0200,0,0,0.1076000,0.2802000,0.0000000,55.4377000,-0.0867000,15.6541000
20240229,488,P,14.5150,14.5150,14.5150,14.5150,0,0,0.1204000,-0.6971000,0.0000000,57.4744000,-0.0283000,-41.5958000
20240229,413,C,64.6100,64.6100,64.6100,64.6100,0,0,0.2561000,0.9523000,0.0000000,16.3260000,-0.1039000,46.6431000
20240229,413,P,0.5050,0.5050,0.5050,0.5050,0,0,0.2307000,-0.0326000,0.0000000,12.0218000,-0.0291000,-1.9281000
20240229,445,C,33.7850,33.7850,33.7850,33.7850,0,0,0.1777000,0.8772000,0.0000000,33.4622000,-0.1233000,46.0639000
20240229,445,P,1.5050,1.5050,1.5050,1.5050,0,0,0.1677000,-0.1098000,0.0000000,30.9213000,-0.0511000,-6.4588000
20240229,477,C,7.9200,7.9200,7.9200,7.9200,0,0,0.1194000,0.5115000,0.0000000,65.6430000,-0.1232000,28.2791000
20240229,477,P,7.7600,7.7600,7.7600,7.7600,0,0,0.1194000,-0.4884000,0.0000000,65.6430000,-0.0541000,-28.8546000
20240229,370,C,106.9950,106.9950,106.9950,106.9950,0,0,0.3742000,0.9784000,0.0000000,8.4973000,-0.0881000,43.0226000
20240229,370,P,0.1950,0.1950,0.1950,0.1950,0,0,0.3232000,-0.0101000,0.0000000,4.4272000,-0.0155000,-0.6002000
20240229,434,C,44.1850,44.1850,44.1850,44.1850,0,0,0.2021000,0.9171000,0.0000000,25.1355000,-0.1146000,47.0899000
20240229,434,P,0.9650,0.9650,0.9650,0.9650,0,0,0.1878000,-0.0686000,0.0000000,21.7665000,-0.0415000,-4.0377000
20240229,466,C,15.5150,15.5150,15.5150,15.5150,0,0,0.1369000,0.6990000,0.0000000,57.3187000,-0.1352000,38.0811000
20240229,466,P,4.1800,4.1800,4.1800,4.1800,0,0,0.1327000,-0.2957000,0.0000000,56.8637000,-0.0647000,-17.4074000
20240229,498,C,0.9750,0.9750,0.9750,0.9750,0,0,0.1026000,0.1187000,0.0000000,32.6782000,-0.0461000,6.6675000
20240229,498,P,23.8550,23.8550,23.8550,23.8550,0,0,0.1545000,-0.7792000,0.0000000,48.8342000,-0.0284000,-47.4120000
20240229,530,C,0.0450,0.0450,0.0450,0.0450,0,0,0.1201000,0.0062000,0.0000000,2.9038000,-0.0043000,0.3527000
20240229,530,P,55.8450,55.8450,55.8450,55.8450,0,0,0.2767000,-0.8519000,0.0000000,38.0385000,-0.0526000,-55.4254000
20240229,423,C,54.8450,54.8450,54.8450,54.8450,0,0,0.2301000,0.9391000,0.0000000,19.8163000,-0.1087000,47.0665000
20240229,423,P,0.6650,0.6650,0.6650,0.6650,0,0,0.2094000,-0.0452000,0.0000000,15.6682000,-0.0340000,-2.6647000
20240229,455,C,24.7050,24.7050,24.7050,24.7050,0,0,0.1573000,0.8153000,0.0000000,43.8942000,-0.1312000,43.6196000
20240229,455,P,2.3800,2.3800,2.3800,2.3800,0,0,0.1503000,-0.1744000,0.0000000,42.3429000,-0.0599000,-10.2553000
20240229,487,C,3.3400,3.3400,3.3400,3.3400,0,0,0.1084000,0.3004000,0.0000000,57.2744000,-0.0908000,16.7699000
20240229,487,P,13.7000,13.7000,13.7000,13.7000,0,0,0.1185000,-0.6827000,0.0000000,58.6531000,-0.0298000,-40.6727000
20240229,380,C,97.1150,97.1150,97.1150,97.1150,0,0,0.3461000,0.9746000,0.0000000,9.7275000,-0.0914000,43.9989000
20240229,380,P,0.2350,0.2350,0.2350,0.2350,0,0,0.3012000,-0.0129000,0.0000000,5.4766000,-0.0178000,-0.7655000
20240229,412,C,65.5850,65.5850,65.5850,65.5850,0,0,0.2580000,0.9538000,0.0000000,15.9179000,-0.1030000,46.6108000
20240229,412,P,0.4850,0.4850,0.4850,0.4850,0,0,0.2321000,-0.0313000,0.0000000,11.6071000,-0.0283000,-1.8479000
20240229,444,C,34.7150,34.7150,34.7150,34.7150,0,0,0.1798000,0.8819000,0.0000000,32.5584000,-0.1224000,46.2194000
20240229,444,P,1.4400,1.4400,1.4400,1.4400,0,0,0.1696000,-0.1051000,0.0000000,29.9714000,-0.0502000,-6.1855000
20240229,476,C,8.5100,8.5100,8.5100,8.5100,0,0,0.1207000,0.5314000,0.0000000,65.4655000,-0.1253000,29.3507000
20240229,476,P,7.3200,7.3200,7.3200,7.3200,0,0,0.1202000,-0.4684000,0.0000000,65.4646000,-0.0559000,-27.6550000
20240229,508,C,0.2750,0.2750,0.2750,0.2750,0,0,0.1021000,0.0402000,0.0000000,14.2587000,-0.0192000,2.2681000
20240229,508,P,33.8500,33.8500,33.8500,33.8500,0,0,0.1957000,-0.8126000,0.0000000,44.2901000,-0.0374000,-50.5238000
20240229,540,C,0.0350,0.0350,0.0350,0.0350,0,0,0.1347000,0.0043000,0.0000000,2.1185000,-0.0035000,0.2471000
20240229,540,P,65.8550,65.8550,65.8550,65.8550,0,0,0.3110000,-0.8624000,0.0000000,36.2010000,-0.0587000,-57.2294000
20240229,305,C,171.4000,171.4000,171.4000,171.4000,0,0,0.5781000,0.9900000,0.0000000,4.3502000,-0.0720000,35.9250000
20240229,305,P,0.0550,0.0550,0.0550,0.0550,0,0,0.4648000,-0.0021000,0.0000000,1.1195000,-0.0057000,-0.1296000
20240229,433,C,45.1400,45.1400,45.1400,45.1400,0,0,0.2045000,0.9197000,0.0000000,24.5406000,-0.1140000,47.1222000
20240229,433,P,0.9350,0.9350,0.9350,0.9350,0,0,0.1900000,-0.0661000,0.0000000,21.1568000,-0.0409000,-3.8926000
20240229,465,C,16.3000,16.3000,16.3000,16.3000,0,0,0.1387000,0.7121000,0.0000000,56.1462000,-0.1353000,38.7389000
20240229,465,P,3.9600,3.9600,3.9600,3.9600,0,0,0.1341000,-0.2818000,0.0000000,55.5873000,-0.0647000,-16.5851000
20240229,497,C,1.1050,1.1050,1.1050,1.1050,0,0,0.1030000,0.1311000,0.0000000,35.0361000,-0.0499000,7.3633000
20240229,497,P,22.8550,22.8550,22.8550,22.8550,0,0,0.1502000,-0.7747000,0.0000000,49.3946000,-0.0274000,-47.0363000
20240229,390,C,87.2350,87.2350,87.2350,87.2350,0,0,0.3176000,0.9702000,0.0000000,11.1294000,-0.0945000,44.9361000
20240229,390,P,0.2950,0.2950,0.2950,0.2950,0,0,0.2802000,-0.0169000,0.0000000,6.9196000,-0.0208000,-1.0032000
20240229,422,C,55.8100,55.8100,55.8100,55.8100,0,0,0.2324000,0.9409000,0.0000000,19.3688000,-0.1080000,47.0496000
20240229,422,P,0.6450,0.6450,0.6450,0.6450,0,0,0.2115000,-0.0437000,0.0000000,15.2389000,-0.0335000,-2.5747000
20240229,454,C,25.5950,25.5950,25.5950,25.5950,0,0,0.1594000,0.8228000,0.0000000,42.7638000,-0.1306000,43.9427000
20240229,454,P,2.2700,2.2700,2.2700,2.2700,0,0,0.1521000,-0.1664000,0.0000000,41.0967000,-0.0592000,-9.7879000
20240229,486,C,3.6800,3.6800,3.6800,3.6800,0,0,0.1092000,0.3209000,0.0000000,58.9423000,-0.0948000,17.9015000
20240229,486,P,12.9600,12.9600,12.9600,12.9600,0,0,0.1176000,-0.6660000,0.0000000,59.8946000,-0.0321000,-39.6303000
20240229,518,C,0.0950,0.0950,0.0950,0.0950,0,0,0.1074000,0.0145000,0.0000000,6.0582000,-0.0083000,0.8184000
20240229,518,P,43.8500,43.8500,43.8500,43.8500,0,0,0.2339000,-0.8340000,0.0000000,41.0089000,-0.0449000,-52.9562000
20240229,315,C,161.4800,161.4800,161.4800,161.4800,0,0,0.5441000,0.9890000,0.0000000,4.7431000,-0.0741000,37.0618000
20240229,315,P,0.0750,0.0750,0.0750,0.0750,0,0,0.4482000,-0.0030000,0.0000000,1.5126000,-0.0074000,-0.1807000
20240229,411,C,66.5650,66.5650,66.5650,66.5650,0,0,0.2606000,0.9549000,0.0000000,15.6201000,-0.1025000,46.5539000
20240229,411,P,0.4750,0.4750,0.4750,0.4750,0,0,0.2344000,-0.0304000,0.0000000,11.3448000,-0.0280000,-1.7979000
20240229,443,C,35.6500,35.6500,35.6500,35.6500,0,0,0.1821000,0.8860000,0.0000000,31.7375000,-0.1217000,46.3445000
20240229,443,P,1.3850,1.3850,1.3850,1.3850,0,0,0.1713000,-0.1006000,0.0000000,29.0173000,-0.0493000,-5.9164000
20240229,475,C,9.1300,9.1300,9.1300,9.1300,0,0,0.1222000,0.5509000,0.0000000,65.1336000,-0.1272000,30.3887000
20240229,475,P,6.9100,6.9100,6.9100,6.9100,0,0,0.1211000,-0.4487000,0.0000000,65.1269000,-0.0576000,-26.4785000
20240229,432,C,46.1050,46.1050,46.1050,46.1050,0,0,0.2068000,0.9222000,0.0000000,23.9497000,-0.1133000,47.1518000
20240229,432,P,0.9000,0.9000,0.9000,0.9000,0,0,0.1920000,-0.0637000,0.0000000,20.5527000,-0.0403000,-3.7505000
20240229,400,C,77.3800,77.3800,77.3800,77.3800,0,0,0.2907000,0.9638000,0.0000000,13.0509000,-0.0984000,45.7608000
20240229,400,P,0.3650,0.3650,0.3650,0.3650,0,0,0.2583000,-0.0221000,0.0000000,8.6821000,-0.0239000,-1.3081000
20240229,464,C,17.1000,17.1000,17.1000,17.1000,0,0,0.1406000,0.7247000,0.0000000,54.9472000,-0.1354000,39.3621000
20240229,464,P,3.7500,3.7500,3.7500,3.7500,0,0,0.1356000,-0.2684000,0.0000000,54.2711000,-0.0645000,-15.7947000
20240229,496,C,1.2450,1.2450,1.2450,1.2450,0,0,0.1033000,0.1442000,0.0000000,37.3885000,-0.0536000,8.0951000
20240229,496,P,21.8550,21.8550,21.8550,21.8550,0,0,0.1458000,-0.7701000,0.0000000,49.9691000,-0.0264000,-46.6486000
20240229,325,C,151.5700,151.5700,151.5700,151.5700,0,0,0.5124000,0.9876000,0.0000000,5.2582000,-0.0767000,38.1777000
20240229,325,P,0.0850,0.0850,0.0850,0.0850,0,0,0.4228000,-0.0035000,0.0000000,1.7663000,-0.0082000,-0.2143000
20240229,421,C,56.7900,56.7900,56.7900,56.7900,0,0,0.2353000,0.9421000,0.0000000,19.0498000,-0.1077000,47.0019000
20240229,421,P,0.6250,0.6250,0.6250,0.6250,0,0,0.2135000,-0.0421000,0.0000000,14.7992000,-0.0329000,-2.4834000
20240229,453,C,26.4850,26.4850,26.4850,26.4850,0,0,0.1614000,0.8302000,0.0000000,41.6206000,-0.1298000,44.2575000
20240229,453,P,2.1550,2.1550,2.1550,2.1550,0,0,0.1535000,-0.1582000,0.0000000,39.7681000,-0.0581000,-9.3050000
20240229,485,C,4.0500,4.0500,4.0500,4.0500,0,0,0.1101000,0.3419000,0.0000000,60.4493000,-0.0986000,19.0575000
20240229,485,P,12.2500,12.2500,12.2500,12.2500,0,0,0.1169000,-0.6484000,0.0000000,61.0688000,-0.0345000,-38.5382000
20240229,410,C,67.5500,67.5500,67.5500,67.5500,0,0,0.2639000,0.9555000,0.0000000,15.4471000,-0.1025000,46.4698000
20240229,410,P,0.4650,0.4650,0.4650,0.4650,0,0,0.2368000,-0.0296000,0.0000000,11.0902000,-0.0277000,-1.7497000
20240229,442,C,36.5900,36.5900,36.5900,36.5900,0,0,0.1844000,0.8901000,0.0000000,30.9255000,-0.1209000,46.4629000
20240229,442,P,1.3250,1.3250,1.3250,1.3250,0,0,0.1730000,-0.0961000,0.0000000,28.0750000,-0.0483000,-5.6557000
20240229,474,C,9.7650,9.7650,9.7650,9.7650,0,0,0.1236000,0.5699000,0.0000000,64.6582000,-0.1288000,31.3977000
20240229,474,P,6.5250,6.5250,6.5250,6.5250,0,0,0.1221000,-0.4293000,0.0000000,64.6387000,-0.0590000,-25.3263000
20240229,506,C,0.3550,0.3550,0.3550,0.3550,0,0,0.1019000,0.0504000,0.0000000,17.0981000,-0.0232000,2.8410000
20240229,506,P,31.8500,31.8500,31.8500,31.8500,0,0,0.1877000,-0.8071000,0.0000000,45.0756000,-0.0357000,-49.9718000
20240229,335,C,141.6550,141.6550,141.6550,141.6550,0,0,0.4794000,0.9863000,0.0000000,5.7380000,-0.0787000,39.2987000
20240229,335,P,0.1050,0.1050,0.1050,0.1050,0,0,0.4023000,-0.0046000,0.0000000,2.2244000,-0.0098000,-0.2769000
20240229,431,C,47.0650,47.0650,47.0650,47.0650,0,0,0.2091000,0.9247000,0.0000000,23.3629000,-0.1125000,47.1786000
20240229,431,P,0.8650,0.8650,0.8650,0.8650,0,0,0.1936000,-0.0609000,0.0000000,19.8396000,-0.0393000,-3.5845000
20240229,463,C,17.9050,17.9050,17.9050,17.9050,0,0,0.1423000,0.7371000,0.0000000,53.6989000,-0.1351000,39.9697000
20240229,463,P,3.5600,3.5600,3.5600,3.5600,0,0,0.1372000,-0.2558000,0.0000000,52.9547000,-0.0643000,-15.0541000
20240229,495,C,1.4050,1.4050,1.4050,1.4050,0,0,0.1038000,0.1585000,0.0000000,39.8211000,-0.0577000,8.8953000
20240229,495,P,20.8550,20.8550,20.8550,20.8550,0,0,0.1414000,-0.7651000,0.0000000,50.5721000,-0.0253000,-46.2417000
20240229,420,C,57.7650,57.7650,57.7650,57.7650,0,0,0.2375000,0.9438000,0.0000000,18.6022000,-0.1070000,46.9834000
20240229,420,P,0.6050,0.6050,0.6050,0.6050,0,0,0.2154000,-0.0406000,0.0000000,14.3737000,-0.0322000,-2.3959000
20240229,452,C,27.3800,27.3800,27.3800,27.3800,0,0,0.1635000,0.8370000,0.0000000,40.5324000,-0.1291000,44.5390000
20240229,452,P,2.0600,2.0600,2.0600,2.0600,0,0,0.1554000,-0.1513000,0.0000000,38.6120000,-0.0574000,-8.8990000
20240229,484,C,4.4500,4.4500,4.4500,4.4500,0,0,0.1112000,0.3634000,0.0000000,61.7836000,-0.1025000,20.2345000
20240229,484,P,11.5800,11.5800,11.5800,11.5800,0,0,0.1165000,-0.6298000,0.0000000,62.1615000,-0.0371000,-37.3923000
20240229,516,C,0.1150,0.1150,0.1150,0.1150,0,0,0.1062000,0.0176000,0.0000000,7.1822000,-0.0098000,0.9981000
20240229,516,P,41.8500,41.8500,41.8500,41.8500,0,0,0.2265000,-0.8304000,0.0000000,41.5921000,-0.0435000,-52.5049000
20240229,345,C,131.7500,131.7500,131.7500,131.7500,0,0,0.4499000,0.9843000,0.0000000,6.4540000,-0.0818000,40.3781000
20240229,345,P,0.1250,0.1250,0.1250,0.1250,0,0,0.3798000,-0.0057000,0.0000000,2.7112000,-0.0112000,-0.3453000
20240229,409,C,68.5300,68.5300,68.5300,68.5300,0,0,0.2664000,0.9565000,0.0000000,15.1621000,-0.1020000,46.4097000
20240229,409,P,0.4550,0.4550,0.4550,0.4550,0,0,0.2390000,-0.0287000,0.0000000,10.8238000,-0.0273000,-1.6995000
20240229,441,C,37.5300,37.5300,37.5300,37.5300,0,0,0.1865000,0.8941000,0.0000000,30.1076000,-0.1201000,46.5790000
20240229,441,P,1.2750,1.2750,1.2750,1.2750,0,0,0.1750000,-0.0922000,0.0000000,27.2241000,-0.0475000,-5.4251000
20240229,505,C,0.4050,0.4050,0.4050,0.4050,0,0,0.1019000,0.0566000,0.0000000,18.7397000,-0.0255000,3.1886000
20240229,505,P,30.8500,30.8500,30.8500,30.8500,0,0,0.1837000,-0.8042000,0.0000000,45.4885000,-0.0349000,-49.6850000
20240229,473,C,10.4250,10.4250,10.4250,10.4250,0,0,0.1252000,0.5882000,0.0000000,64.0557000,-0.1302000,32.3658000
20240229,473,P,6.1600,6.1600,6.1600,6.1600,0,0,0.1232000,-0.4105000,0.0000000,64.0141000,-0.0603000,-24.2091000
20240229,430,C,48.0250,48.0250,48.0250,48.0250,0,0,0.2113000,0.9271000,0.0000000,22.7799000,-0.1117000,47.2028000
20240229,430,P,0.8350,0.8350,0.8350,0.8350,0,0,0.1955000,-0.0585000,0.0000000,19.2483000,-0.0386000,-3.4490000
20240229,462,C,18.7250,18.7250,18.7250,18.7250,0,0,0.1441000,0.7485000,0.0000000,52.4648000,-0.1349000,40.5278000
20240229,462,P,3.3800,3.3800,3.3800,3.3800,0,0,0.1388000,-0.2438000,0.0000000,51.6220000,-0.0641000,-14.3469000
20240229,494,C,1.5750,1.5750,1.5750,1.5750,0,0,0.1041000,0.1733000,0.0000000,42.1787000,-0.0616000,9.7184000
20240229,494,P,19.8550,19.8550,19.8550,19.8550,0,0,0.1369000,-0.7597000,0.0000000,51.1996000,-0.0242000,-45.8160000
20240229,526,C,0.0550,0.0550,0.0550,0.0550,0,0,0.1157000,0.0080000,0.0000000,3.6399000,-0.0053000,0.4557000
20240229,526,P,51.8450,51.8450,51.8450,51.8450,0,0,0.2626000,-0.8468000,0.0000000,38.9222000,-0.0501000,-54.6465000
20240229,355,C,121.8400,121.8400,121.8400,121.8400,0,0,0.4189000,0.9823000,0.0000000,7.1515000,-0.0841000,41.4590000
20240229,355,P,0.1450,0.1450,0.1450,0.1450,0,0,0.3559000,-0.0070000,0.0000000,3.2280000,-0.0125000,-0.4198000
20240229,419,C,58.7400,58.7400,58.7400,58.7400,0,0,0.2403000,0.9451000,0.0000000,18.2795000,-0.1066000,46.9356000
20240229,419,P,0.5950,0.5950,0.5950,0.5950,0,0,0.2180000,-0.0396000,0.0000000,14.0781000,-0.0320000,-2.3359000
20240229,451,C,28.2800,28.2800,28.2800,28.2800,0,0,0.1655000,0.8437000,0.0000000,39.4391000,-0.1283000,44.8116000
20240229,451,P,1.9700,1.9700,1.9700,1.9700,0,0,0.1572000,-0.1446000,0.0000000,37.4517000,-0.0566000,-8.5027000
20240229,515,C,0.1350,0.1350,0.1350,0.1350,0,0,0.1064000,0.0203000,0.0000000,8.0907000,-0.0111000,1.1478000
20240229,515,P,40.8500,40.8500,40.8500,40.8500,0,0,0.2227000,-0.8284000,0.0000000,41.8910000,-0.0428000,-52.2752000
20240229,483,C,4.8700,4.8700,4.8700,4.8700,0,0,0.1122000,0.3848000,0.0000000,62.9159000,-0.1061000,21.4087000
20240229,483,P,10.9350,10.9350,10.9350,10.9350,0,0,0.1162000,-0.6106000,0.0000000,63.1257000,-0.0396000,-36.2205000
20240229,525,C,0.0650,0.0650,0.0650,0.0650,0,0,0.1162000,0.0094000,0.0000000,4.1723000,-0.0061000,0.5323000
20240229,525,P,50.8450,50.8450,50.8450,50.8450,0,0,0.2591000,-0.8453000,0.0000000,39.1587000,-0.0494000,-54.4456000
20240229,408,C,69.5100,69.5100,69.5100,69.5100,0,0,0.2690000,0.9575000,0.0000000,14.8840000,-0.1015000,46.3477000
20240229,408,P,0.4450,0.4450,0.4450,0.4450,0,0,0.2413000,-0.0280000,0.0000000,10.5839000,-0.0270000,-1.6546000
20240229,440,C,38.4700,38.4700,38.4700,38.4700,0,0,0.1886000,0.8980000,0.0000000,29.2981000,-0.1192000,46.6889000
20240229,440,P,1.2200,1.2200,1.2200,1.2200,0,0,0.1769000,-0.0884000,0.0000000,26.3840000,-0.0467000,-5.2012000
20240229,472,C,11.1000,11.1000,11.1000,11.1000,0,0,0.1268000,0.6059000,0.0000000,63.3386000,-0.1315000,33.2961000
20240229,472,P,5.8200,5.8200,5.8200,5.8200,0,0,0.1244000,-0.3923000,0.0000000,63.2638000,-0.0615000,-23.1244000
20240229,504,C,0.4550,0.4550,0.4550,0.4550,0,0,0.1016000,0.0627000,0.0000000,20.2986000,-0.0277000,3.5301000
20240229,504,P,29.8500,29.8500,29.8500,29.8500,0,0,0.1796000,-0.8012000,0.0000000,45.9162000,-0.0340000,-49.3901000
20240229,365,C,111.9500,111.9500,111.9500,111.9500,0,0,0.3903000,0.9795000,0.0000000,8.1191000,-0.0873000,42.4893000
20240229,365,P,0.1750,0.1750,0.1750,0.1750,0,0,0.3339000,-0.0089000,0.0000000,3.9715000,-0.0144000,-0.5305000
20240229,429,C,48.9950,48.9950,48.9950,48.9950,0,0,0.2138000,0.9292000,0.0000000,22.2921000,-0.1112000,47.2017000
20240229,429,P,0.8100,0.8100,0.8100,0.8100,0,0,0.1978000,-0.0567000,0.0000000,18.7597000,-0.0381000,-3.3387000
20240229,461,C,19.5550,19.5550,19.5550,19.5550,0,0,0.1460000,0.7595000,0.0000000,51.2231000,-0.1346000,41.0549000
20240229,461,P,3.2100,3.2100,3.2100,3.2100,0,0,0.1404000,-0.2323000,0.0000000,50.2739000,-0.0637000,-13.6691000
20240229,493,C,1.7650,1.7650,1.7650,1.7650,0,0,0.1046000,0.1891000,0.0000000,44.5509000,-0.0657000,10.5999000
20240229,493,P,18.8550,18.8550,18.8550,18.8550,0,0,0.1324000,-0.7540000,0.0000000,51.8602000,-0.0232000,-45.3662000
20240229,535,C,0.0350,0.0350,0.0350,0.0350,0,0,0.1259000,0.0047000,0.0000000,2.2712000,-0.0035000,0.2674000
20240229,535,P,60.8500,60.8500,60.8500,60.8500,0,0,0.2942000,-0.8574000,0.0000000,37.0938000,-0.0559000,-56.3398000
20240229,418,C,59.7150,59.7150,59.7150,59.7150,0,0,0.2425000,0.9467000,0.0000000,17.8544000,-0.1059000,46.9105000
20240229,418,P,0.5750,0.5750,0.5750,0.5750,0,0,0.2198000,-0.0381000,0.0000000,13.6545000,-0.0313000,-2.2501000
20240229,450,C,29.1900,29.1900,29.1900,29.1900,0,0,0.1676000,0.8498000,0.0000000,38.4040000,-0.1276000,45.0532000
20240229,450,P,1.8800,1.8800,1.8800,1.8800,0,0,0.1589000,-0.1380000,0.0000000,36.2867000,-0.0557000,-8.1154000
20240229,482,C,5.3100,5.3100,5.3100,5.3100,0,0,0.1131000,0.4062000,0.0000000,63.8484000,-0.1094000,22.5781000
20240229,482,P,10.3300,10.3300,10.3300,10.3300,0,0,0.1164000,-0.5906000,0.0000000,63.9663000,-0.0423000,-35.0045000
20240229,514,C,0.1450,0.1450,0.1450,0.1450,0,0,0.1054000,0.0220000,0.0000000,8.6650000,-0.0118000,1.2447000
20240229,514,P,39.8500,39.8500,39.8500,39.8500,0,0,0.2189000,-0.8264000,0.0000000,42.2029000,-0.0420000,-52.0400000
20240229,375,C,102.0550,102.0550,102.0550,102.0550,0,0,0.3603000,0.9766000,0.0000000,9.0989000,-0.0898000,43.5140000
20240229,375,P,0.2150,0.2150,0.2150,0.2150,0,0,0.3125000,-0.0114000,0.0000000,4.9399000,-0.0167000,-0.6802000
20240229,439,C,39.4200,39.4200,39.4200,39.4200,0,0,0.1910000,0.9014000,0.0000000,28.5833000,-0.1185000,46.7681000
20240229,439,P,1.1750,1.1750,1.1750,1.1750,0,0,0.1787000,-0.0846000,0.0000000,25.5385000,-0.0458000,-4.9797000
20240229,407,C,70.4900,70.4900,70.4900,70.4900,0,0,0.2714000,0.9585000,0.0000000,14.5939000,-0.1009000,46.2880000
20240229,407,P,0.4250,0.4250,0.4250,0.4250,0,0,0.2426000,-0.0268000,0.0000000,10.2044000,-0.0262000,-1.5837000
20240229,471,C,11.8000,11.8000,11.8000,11.8000,0,0,0.1285000,0.6230000,0.0000000,62.5216000,-0.1326000,34.1862000
20240229,471,P,5.5000,5.5000,5.5000,5.5000,0,0,0.1256000,-0.3746000,0.0000000,62.4000000,-0.0624000,-22.0738000
20240229,545,C,0.0250,0.0250,0.0250,0.0250,0,0,0.1376000,0.0029000,0.0000000,1.4696000,-0.0024000,0.1644000
20240229,545,P,70.8550,70.8550,70.8550,70.8550,0,0,0.3276000,-0.8668000,0.0000000,35.3994000,-0.0615000,-58.0849000
20240229,300,C,176.3600,176.3600,176.3600,176.3600,0,0,0.5953000,0.9905000,0.0000000,4.1652000,-0.0709000,35.3546000
20240229,300,P,0.0550,0.0550,0.0550,0.0550,0,0,0.4804000,-0.0020000,0.0000000,1.0829000,-0.0057000,-0.1251000
20240229,428,C,49.9950,49.9950,49.9950,49.9950,0,0,0.2177000,0.9300000,0.0000000,22.1011000,-0.1116000,47.1262000
20240229,428,P,0.7850,0.7850,0.7850,0.7850,0,0,0.1997000,-0.0544000,0.0000000,18.1780000,-0.0373000,-3.2084000
20240229,460,C,20.3950,20.3950,20.3950,20.3950,0,0,0.1479000,0.7699000,0.0000000,49.9841000,-0.1342000,41.5496000
20240229,460,P,3.0500,3.0500,3.0500,3.0500,0,0,0.1420000,-0.2214000,0.0000000,48.9266000,-0.0632000,-13.0253000
20240229,492,C,1.9850,1.9850,1.9850,1.9850,0,0,0.1053000,0.2063000,0.0000000,46.9573000,-0.0701000,11.5566000
20240229,492,P,17.9050,17.9050,17.9050,17.9050,0,0,0.1287000,-0.7462000,0.0000000,52.7276000,-0.0229000,-44.8052000
20240229,524,C,0.0650,0.0650,0.0650,0.0650,0,0,0.1142000,0.0096000,0.0000000,4.2437000,-0.0061000,0.5429000
20240229,524,P,49.8500,49.8500,49.8500,49.8500,0,0,0.2557000,-0.8437000,0.0000000,39.4354000,-0.0490000,-54.2312000
20240229,385,C,92.1750,92.1750,92.1750,92.1750,0,0,0.3320000,0.9725000,0.0000000,10.4111000,-0.0930000,44.4717000
20240229,385,P,0.2650,0.2650,0.2650,0.2650,0,0,0.2910000,-0.0148000,0.0000000,6.1743000,-0.0193000,-0.8791000
20240229,417,C,60.6900,60.6900,60.6900,60.6900,0,0,0.2453000,0.9478000,0.0000000,17.5500000,-0.1055000,46.8575000
20240229,417,P,0.5550,0.5550,0.5550,0.5550,0,0,0.2216000,-0.0367000,0.0000000,13.2447000,-0.0307000,-2.1679000
20240229,449,C,30.1000,30.1000,30.1000,30.1000,0,0,0.1696000,0.8558000,0.0000000,37.3644000,-0.1268000,45.2877000
20240229,449,P,1.7950,1.7950,1.7950,1.7950,0,0,0.1605000,-0.1315000,0.0000000,35.1167000,-0.0547000,-7.7366000
20240229,481,C,5.7800,5.7800,5.7800,5.7800,0,0,0.1142000,0.4277000,0.0000000,64.5899000,-0.1126000,23.7495000
20240229,481,P,9.7450,9.7450,9.7450,9.7450,0,0,0.1165000,-0.5705000,0.0000000,64.6394000,-0.0447000,-33.7853000
20240229,310,C,166.4400,166.4400,166.4400,166.4400,0,0,0.5609000,0.9896000,0.0000000,4.5375000,-0.0730000,36.4950000
20240229,310,P,0.0650,0.0650,0.0650,0.0650,0,0,0.4570000,-0.0025000,0.0000000,1.3130000,-0.0066000,-0.1545000
20240229,438,C,40.3700,40.3700,40.3700,40.3700,0,0,0.1932000,0.9048000,0.0000000,27.8611000,-0.1178000,46.8466000
20240229,438,P,1.1250,1.1250,1.1250,1.1250,0,0,0.1803000,-0.0809000,0.0000000,24.6879000,-0.0448000,-4.7606000
20240229,406,C,71.4750,71.4750,71.4750,71.4750,0,0,0.2740000,0.9594000,0.0000000,14.3293000,-0.1005000,46.2225000
20240229,406,P,0.4150,0.4150,0.4150,0.4150,0,0,0.2447000,-0.0260000,0.0000000,9.9448000,-0.0258000,-1.5359000
20240229,470,C,12.5050,12.5050,12.5050,12.5050,0,0,0.1300000,0.6396000,0.0000000,61.6041000,-0.1333000,35.0513000
20240229,470,P,5.2000,5.2000,5.2000,5.2000,0,0,0.1269000,-0.3575000,0.0000000,61.4387000,-0.0631000,-21.0625000
20240229,502,C,0.5950,0.5950,0.5950,0.5950,0,0,0.1021000,0.0787000,0.0000000,24.1773000,-0.0334000,4.4285000
20240229,502,P,27.8550,27.8550,27.8550,27.8550,0,0,0.1714000,-0.7946000,0.0000000,46.8140000,-0.0322000,-48.7752000
20240229,427,C,50.9600,50.9600,50.9600,50.9600,0,0,0.2203000,0.9319000,0.0000000,21.6377000,-0.1111000,47.1178000
20240229,427,P,0.7550,0.7550,0.7550,0.7550,0,0,0.2014000,-0.0522000,0.0000000,17.5884000,-0.0365000,-3.0778000
20240229,395,C,82.3050,82.3050,82.3050,82.3050,0,0,0.3039000,0.9673000,0.0000000,12.0091000,-0.0963000,45.3665000
20240229,395,P,0.3250,0.3250,0.3250,0.3250,0,0,0.2687000,-0.0191000,0.0000000,7.6844000,-0.0221000,-1.1334000
20240229,459,C,21.2400,21.2400,21.2400,21.2400,0,0,0.1498000,0.7798000,0.0000000,48.7530000,-0.1338000,42.0131000
20240229,459,P,2.9000,2.9000,2.9000,2.9000,0,0,0.1437000,-0.2110000,0.0000000,47.5862000,-0.0627000,-12.4143000
20240229,491,C,2.2050,2.2050,2.2050,2.2050,0,0,0.1056000,0.2233000,0.0000000,49.1652000,-0.0741000,12.5009000
20240229,491,P,16.9950,16.9950,16.9950,16.9950,0,0,0.1257000,-0.7365000,0.0000000,53.7546000,-0.0234000,-44.1450000
20240301,480,C,6.4450,6.4450,6.4450,6.4450,0,0,0.1161000,0.4516000,0.0000000,65.9241000,-0.1153000,25.6061000
20240301,480,P,9.3100,9.3100,9.3100,9.3100,0,0,0.1179000,-0.5473000,0.0000000,65.9437000,-0.0472000,-33.1422000
20240301,405,C,72.5550,72.5550,72.5550,72.5550,0,0,0.2764000,0.9589000,0.0000000,14.6414000,-0.1006000,47.1096000
20240301,405,P,0.4300,0.4300,0.4300,0.4300,0,0,0.2473000,-0.0266000,0.0000000,10.2482000,-0.0262000,-1.6079000
20240301,469,C,13.4100,13.4100,13.4100,13.4100,0,0,0.1324000,0.6544000,0.0000000,61.3721000,-0.1335000,36.5993000
20240301,469,P,5.0150,5.0150,5.0150,5.0150,0,0,0.1287000,-0.3418000,0.0000000,61.1258000,-0.0631000,-20.6019000
20240301,458,C,22.2550,22.2550,22.2550,22.2550,0,0,0.1521000,0.7870000,0.0000000,48.3648000,-0.1329000,43.2640000
20240301,458,P,2.8400,2.8400,2.8400,2.8400,0,0,0.1457000,-0.2035000,0.0000000,47.0960000,-0.0618000,-12.2466000
20240301,490,C,2.5650,2.5650,2.5650,2.5650,0,0,0.1068000,0.2466000,0.0000000,52.5258000,-0.0790000,14.1038000
20240301,490,P,16.1450,16.1450,16.1450,16.1450,0,0,0.1233000,-0.7217000,0.0000000,55.8677000,-0.0243000,-44.1775000
20240301,415,C,62.7450,62.7450,62.7450,62.7450,0,0,0.2498000,0.9491000,0.0000000,17.4107000,-0.1047000,47.7425000
20240301,415,P,0.5550,0.5550,0.5550,0.5550,0,0,0.2258000,-0.0357000,0.0000000,13.1030000,-0.0303000,-2.1602000
20240301,479,C,6.9650,6.9650,6.9650,6.9650,0,0,0.1173000,0.4724000,0.0000000,66.2534000,-0.1180000,26.7546000
20240301,479,P,8.7950,8.7950,8.7950,8.7950,0,0,0.1184000,-0.5272000,0.0000000,66.2579000,-0.0494000,-31.8995000
20240301,468,C,14.1550,14.1550,14.1550,14.1550,0,0,0.1340000,0.6694000,0.0000000,60.3267000,-0.1340000,37.3868000
20240301,468,P,4.7500,4.7500,4.7500,4.7500,0,0,0.1302000,-0.3263000,0.0000000,60.0198000,-0.0636000,-19.6637000
20240301,500,C,0.8150,0.8150,0.8150,0.8150,0,0,0.1027000,0.1012000,0.0000000,29.4897000,-0.0405000,5.8207000
20240301,500,P,25.8550,25.8550,25.8550,25.8550,0,0,0.1624000,-0.7847000,0.0000000,48.6681000,-0.0298000,-49.0597000
20240301,467.5,C,14.5350,14.5350,14.5350,14.5350,0,0,0.1349000,0.6766000,0.0000000,59.7908000,-0.1343000,37.7595000
20240301,467.5,P,4.6250,4.6250,4.6250,4.6250,0,0,0.1308000,-0.3187000,0.0000000,59.4345000,-0.0637000,-19.2013000
20240301,425,C,53.0150,53.0150,53.0150,53.0150,0,0,0.2252000,0.9338000,0.0000000,21.4036000,-0.1103000,48.0482000
20240301,425,P,0.7450,0.7450,0.7450,0.7450,0,0,0.2055000,-0.0503000,0.0000000,17.2514000,-0.0358000,-3.0314000
20240301,457,C,23.1150,23.1150,23.1150,23.1150,0,0,0.1540000,0.7961000,0.0000000,47.1457000,-0.1323000,43.6851000
20240301,457,P,2.7100,2.7100,2.7100,2.7100,0,0,0.1475000,-0.1943000,0.0000000,45.8054000,-0.0612000,-11.6946000
20240301,489,C,2.8450,2.8450,2.8450,2.8450,0,0,0.1075000,0.2656000,0.0000000,54.5900000,-0.0831000,15.1752000
20240301,489,P,15.3100,15.3100,15.3100,15.3100,0,0,0.1214000,-0.7088000,0.0000000,57.0911000,-0.0258000,-43.3198000
20240301,350,C,126.8700,126.8700,126.8700,126.8700,0,0,0.4331000,0.9827000,0.0000000,7.0948000,-0.0835000,41.8041000
20240301,350,P,0.1450,0.1450,0.1450,0.1450,0,0,0.3671000,-0.0067000,0.0000000,3.1483000,-0.0123000,-0.4128000
20240301,478,C,7.5150,7.5150,7.5150,7.5150,0,0,0.1186000,0.4928000,0.0000000,66.4017000,-0.1205000,27.8834000
20240301,478,P,8.3050,8.3050,8.3050,8.3050,0,0,0.1190000,-0.5070000,0.0000000,66.4020000,-0.0515000,-30.6614000
20240301,510,C,0.2400,0.2400,0.2400,0.2400,0,0,0.1037000,0.0355000,0.0000000,13.0326000,-0.0174000,2.0490000
20240301,510,P,35.8550,35.8550,35.8550,35.8550,0,0,0.2026000,-0.8152000,0.0000000,44.3935000,-0.0384000,-52.0748000
20240301,477.5,C,7.7950,7.7950,7.7950,7.7950,0,0,0.1192000,0.5029000,0.0000000,66.4105000,-0.1216000,28.4387000
20240301,477.5,P,8.0750,8.0750,8.0750,8.0750,0,0,0.1194000,-0.4970000,0.0000000,66.4105000,-0.0526000,-30.0464000
20240301,435,C,43.3850,43.3850,43.3850,43.3850,0,0,0.2014000,0.9107000,0.0000000,26.8632000,-0.1167000,47.8875000
20240301,435,P,1.0550,1.0550,1.0550,1.0550,0,0,0.1864000,-0.0737000,0.0000000,23.2668000,-0.0429000,-4.4407000
20240301,467,C,14.9150,14.9150,14.9150,14.9150,0,0,0.1358000,0.6837000,0.0000000,59.2376000,-0.1344000,38.1275000
20240301,467,P,4.5050,4.5050,4.5050,4.5050,0,0,0.1316000,-0.3114000,0.0000000,58.8454000,-0.0639000,-18.7570000
20240301,499,C,0.9200,0.9200,0.9200,0.9200,0,0,0.1030000,0.1123000,0.0000000,31.7741000,-0.0440000,6.4519000
20240301,499,P,24.8550,24.8550,24.8550,24.8550,0,0,0.1582000,-0.7808000,0.0000000,49.1862000,-0.0289000,-48.7037000
20240301,360,C,116.9700,116.9700,116.9700,116.9700,0,0,0.4033000,0.9803000,0.0000000,7.9347000,-0.0862000,42.8832000
20240301,360,P,0.1750,0.1750,0.1750,0.1750,0,0,0.3452000,-0.0085000,0.0000000,3.8530000,-0.0141000,-0.5183000
20240301,456,C,23.9850,23.9850,23.9850,23.9850,0,0,0.1560000,0.8045000,0.0000000,45.9564000,-0.1317000,44.0732000
20240301,456,P,2.5800,2.5800,2.5800,2.5800,0,0,0.1491000,-0.1853000,0.0000000,44.4949000,-0.0605000,-11.1547000
20240301,488,C,3.1450,3.1450,3.1450,3.1450,0,0,0.1082000,0.2850000,0.0000000,56.5186000,-0.0872000,16.2727000
20240301,488,P,14.5150,14.5150,14.5150,14.5150,0,0,0.1199000,-0.6945000,0.0000000,58.3463000,-0.0276000,-42.3887000
20240301,520,C,0.0950,0.0950,0.0950,0.0950,0,0,0.1103000,0.0140000,0.0000000,5.9605000,-0.0082000,0.8104000
20240301,520,P,45.8550,45.8550,45.8550,45.8550,0,0,0.2401000,-0.8353000,0.0000000,41.2628000,-0.0457000,-54.4819000
20240301,487.5,C,3.3050,3.3050,3.3050,3.3050,0,0,0.1086000,0.2949000,0.0000000,57.4356000,-0.0892000,16.8347000
20240301,487.5,P,14.1250,14.1250,14.1250,14.1250,0,0,0.1192000,-0.6870000,0.0000000,58.9710000,-0.0286000,-41.9003000
20240301,445,C,33.9200,33.9200,33.9200,33.9200,0,0,0.1782000,0.8745000,0.0000000,34.3493000,-0.1235000,46.9388000
20240301,445,P,1.5700,1.5700,1.5700,1.5700,0,0,0.1682000,-0.1125000,0.0000000,31.8236000,-0.0514000,-6.7732000
20240301,477,C,8.0850,8.0850,8.0850,8.0850,0,0,0.1199000,0.5129000,0.0000000,66.3773000,-0.1227000,28.9875000
20240301,477,P,7.8450,7.8450,7.8450,7.8450,0,0,0.1198000,-0.4870000,0.0000000,66.3773000,-0.0535000,-29.4352000
20240301,370,C,107.0750,107.0750,107.0750,107.0750,0,0,0.3732000,0.9776000,0.0000000,8.8593000,-0.0886000,43.9442000
20240301,370,P,0.2050,0.2050,0.2050,0.2050,0,0,0.3222000,-0.0105000,0.0000000,4.6545000,-0.0159000,-0.6422000
20240301,466,C,15.6850,15.6850,15.6850,15.6850,0,0,0.1375000,0.6974000,0.0000000,58.0976000,-0.1347000,38.8370000
20240301,466,P,4.2700,4.2700,4.2700,4.2700,0,0,0.1331000,-0.2971000,0.0000000,57.6302000,-0.0641000,-17.8956000
20240301,498,C,1.0400,1.0400,1.0400,1.0400,0,0,0.1033000,0.1238000,0.0000000,34.0449000,-0.0474000,7.1102000
20240301,498,P,23.8550,23.8550,23.8550,23.8550,0,0,0.1539000,-0.7766000,0.0000000,49.7209000,-0.0279000,-48.3358000
20240301,530,C,0.0450,0.0450,0.0450,0.0450,0,0,0.1191000,0.0064000,0.0000000,3.0203000,-0.0044000,0.3723000
20240301,530,P,55.8500,55.8500,55.8500,55.8500,0,0,0.2756000,-0.8497000,0.0000000,38.8609000,-0.0521000,-56.5538000
20240301,455,C,24.8650,24.8650,24.8650,24.8650,0,0,0.1580000,0.8125000,0.0000000,44.7948000,-0.1311000,44.4321000
20240301,455,P,2.4600,2.4600,2.4600,2.4600,0,0,0.1508000,-0.1769000,0.0000000,43.2206000,-0.0598000,-10.6488000
20240301,487,C,3.4700,3.4700,3.4700,3.4700,0,0,0.1091000,0.3051000,0.0000000,58.3263000,-0.0913000,17.4103000
20240301,487,P,13.7500,13.7500,13.7500,13.7500,0,0,0.1188000,-0.6789000,0.0000000,59.6152000,-0.0298000,-41.3796000
20240301,380,C,97.1950,97.1950,97.1950,97.1950,0,0,0.3450000,0.9738000,0.0000000,10.0997000,-0.0918000,44.9416000
20240301,380,P,0.2550,0.2550,0.2550,0.2550,0,0,0.3015000,-0.0137000,0.0000000,5.8419000,-0.0185000,-0.8334000
20240301,476,C,8.6850,8.6850,8.6850,8.6850,0,0,0.1214000,0.5326000,0.0000000,66.1903000,-0.1248000,30.0622000
20240301,476,P,7.4150,7.4150,7.4150,7.4150,0,0,0.1207000,-0.4672000,0.0000000,66.1891000,-0.0554000,-28.2280000
20240301,540,C,0.0350,0.0350,0.0350,0.0350,0,0,0.1328000,0.0043000,0.0000000,2.1098000,-0.0034000,0.2485000
20240301,540,P,65.8550,65.8550,65.8550,65.8550,0,0,0.3095000,-0.8605000,0.0000000,36.9565000,-0.0580000,-58.4183000
20240301,465,C,16.4700,16.4700,16.4700,16.4700,0,0,0.1394000,0.7105000,0.0000000,56.9375000,-0.1348000,39.4996000
20240301,465,P,4.0500,4.0500,4.0500,4.0500,0,0,0.1346000,-0.2834000,0.0000000,56.3652000,-0.0641000,-17.0646000
20240301,497,C,1.1700,1.1700,1.1700,1.1700,0,0,0.1035000,0.1361000,0.0000000,36.3479000,-0.0510000,7.8119000
20240301,497,P,22.8550,22.8550,22.8550,22.8550,0,0,0.1497000,-0.7721000,0.0000000,50.2860000,-0.0269000,-47.9493000
20240301,390,C,87.3250,87.3250,87.3250,87.3250,0,0,0.3172000,0.9690000,0.0000000,11.6086000,-0.0951000,45.8801000
20240301,390,P,0.3050,0.3050,0.3050,0.3050,0,0,0.2785000,-0.0173000,0.0000000,7.1301000,-0.0208000,-1.0491000
20240301,454,C,25.7500,25.7500,25.7500,25.7500,0,0,0.1601000,0.8200000,0.0000000,43.6770000,-0.1306000,44.7578000
20240301,454,P,2.3500,2.3500,2.3500,2.3500,0,0,0.1526000,-0.1690000,0.0000000,41.9794000,-0.0591000,-10.1727000
20240301,486,C,3.8150,3.8150,3.8150,3.8150,0,0,0.1098000,0.3253000,0.0000000,59.9383000,-0.0950000,18.5449000
20240301,486,P,13.0150,13.0150,13.0150,13.0150,0,0,0.1178000,-0.6624000,0.0000000,60.8252000,-0.0319000,-40.3269000
20240301,475,C,9.3050,9.3050,9.3050,9.3050,0,0,0.1229000,0.5517000,0.0000000,65.8527000,-0.1267000,31.1044000
20240301,475,P,7.0050,7.0050,7.0050,7.0050,0,0,0.1216000,-0.4478000,0.0000000,65.8448000,-0.0570000,-27.0426000
20240301,400,C,77.4700,77.4700,77.4700,77.4700,0,0,0.2900000,0.9628000,0.0000000,13.5162000,-0.0988000,46.7275000
20240301,400,P,0.3850,0.3850,0.3850,0.3850,0,0,0.2578000,-0.0229000,0.0000000,9.0710000,-0.0243000,-1.3913000
20240301,464,C,17.2650,17.2650,17.2650,17.2650,0,0,0.1411000,0.7231000,0.0000000,55.7316000,-0.1348000,40.1404000
20240301,464,P,3.8450,3.8450,3.8450,3.8450,0,0,0.1361000,-0.2702000,0.0000000,55.0649000,-0.0640000,-16.2680000
20240301,496,C,1.3200,1.3200,1.3200,1.3200,0,0,0.1040000,0.1496000,0.0000000,38.7457000,-0.0549000,8.5819000
20240301,496,P,21.8550,21.8550,21.8550,21.8550,0,0,0.1453000,-0.7674000,0.0000000,50.8652000,-0.0259000,-47.5504000
20240301,453,C,26.6400,26.6400,26.6400,26.6400,0,0,0.1621000,0.8272000,0.0000000,42.5526000,-0.1299000,45.0728000
20240301,453,P,2.2400,2.2400,2.2400,2.2400,0,0,0.1542000,-0.1613000,0.0000000,40.7298000,-0.0583000,-9.7083000
20240301,485,C,4.1950,4.1950,4.1950,4.1950,0,0,0.1108000,0.3462000,0.0000000,61.4155000,-0.0989000,19.7209000
20240301,485,P,12.3350,12.3350,12.3350,12.3350,0,0,0.1176000,-0.6444000,0.0000000,62.0110000,-0.0347000,-39.1883000
20240301,410,C,67.6400,67.6400,67.6400,67.6400,0,0,0.2630000,0.9544000,0.0000000,15.9221000,-0.1026000,47.4527000
20240301,410,P,0.4850,0.4850,0.4850,0.4850,0,0,0.2360000,-0.0305000,0.0000000,11.4899000,-0.0279000,-1.8431000
20240301,474,C,9.9400,9.9400,9.9400,9.9400,0,0,0.1244000,0.5703000,0.0000000,65.3771000,-0.1283000,32.1123000
20240301,474,P,6.6250,6.6250,6.6250,6.6250,0,0,0.1227000,-0.4289000,0.0000000,65.3554000,-0.0585000,-25.8874000
20240301,463,C,18.0750,18.0750,18.0750,18.0750,0,0,0.1429000,0.7350000,0.0000000,54.5194000,-0.1347000,40.7383000
20240301,463,P,3.6500,3.6500,3.6500,3.6500,0,0,0.1377000,-0.2577000,0.0000000,53.7603000,-0.0639000,-15.5187000
20240301,495,C,1.4800,1.4800,1.4800,1.4800,0,0,0.1043000,0.1637000,0.0000000,41.1150000,-0.0587000,9.3870000
20240301,495,P,20.8550,20.8550,20.8550,20.8550,0,0,0.1409000,-0.7623000,0.0000000,51.4726000,-0.0248000,-47.1318000
20240301,420,C,57.8700,57.8700,57.8700,57.8700,0,0,0.2377000,0.9420000,0.0000000,19.3008000,-0.1076000,47.9290000
20240301,420,P,0.6350,0.6350,0.6350,0.6350,0,0,0.2153000,-0.0420000,0.0000000,14.9395000,-0.0327000,-2.5357000
20240301,452,C,27.5300,27.5300,27.5300,27.5300,0,0,0.1640000,0.8343000,0.0000000,41.4212000,-0.1291000,45.3779000
20240301,452,P,2.1400,2.1400,2.1400,2.1400,0,0,0.1560000,-0.1541000,0.0000000,39.5171000,-0.0575000,-9.2717000
20240301,484,C,4.5900,4.5900,4.5900,4.5900,0,0,0.1117000,0.3672000,0.0000000,62.6982000,-0.1025000,20.8980000
20240301,484,P,11.6500,11.6500,11.6500,11.6500,0,0,0.1170000,-0.6262000,0.0000000,63.0559000,-0.0370000,-38.0443000
20240301,473,C,10.6000,10.6000,10.6000,10.6000,0,0,0.1260000,0.5883000,0.0000000,64.7764000,-0.1298000,33.0843000
20240301,473,P,6.2550,6.2550,6.2550,6.2550,0,0,0.1237000,-0.4103000,0.0000000,64.7280000,-0.0597000,-24.7557000
20240301,505,C,0.4350,0.4350,0.4350,0.4350,0,0,0.1021000,0.0595000,0.0000000,19.7115000,-0.0264000,3.4273000
20240301,505,P,30.8500,30.8500,30.8500,30.8500,0,0,0.1829000,-0.8018000,0.0000000,46.3475000,-0.0343000,-50.6721000
20240301,472.5,C,10.9350,10.9350,10.9350,10.9350,0,0,0.1266000,0.5972000,0.0000000,64.4302000,-0.1303000,33.5615000
20240301,472.5,P,6.0850,6.0850,6.0850,6.0850,0,0,0.1243000,-0.4013000,0.0000000,64.3700000,-0.0603000,-24.2073000
20240301,430,C,48.1850,48.1850,48.1850,48.1850,0,0,0.2133000,0.9234000,0.0000000,23.9305000,-0.1135000,48.0384000
20240301,430,P,0.8750,0.8750,0.8750,0.8750,0,0,0.1955000,-0.0603000,0.0000000,19.9147000,-0.0389000,-3.6333000
20240301,462,C,18.8900,18.8900,18.8900,18.8900,0,0,0.1448000,0.7464000,0.0000000,53.2976000,-0.1345000,41.3017000
20240301,462,P,3.4700,3.4700,3.4700,3.4700,0,0,0.1393000,-0.2459000,0.0000000,52.4390000,-0.0636000,-14.8027000
20240301,494,C,1.6600,1.6600,1.6600,1.6600,0,0,0.1047000,0.1787000,0.0000000,43.4888000,-0.0627000,10.2427000
20240301,494,P,19.8550,19.8550,19.8550,19.8550,0,0,0.1365000,-0.7569000,0.0000000,52.1044000,-0.0238000,-46.6939000
20240301,355,C,121.9200,121.9200,121.9200,121.9200,0,0,0.4182000,0.9816000,0.0000000,7.5028000,-0.0849000,42.3462000
20240301,355,P,0.1550,0.1550,0.1550,0.1550,0,0,0.3549000,-0.0074000,0.0000000,3.4158000,-0.0129000,-0.4522000
20240301,483,C,5.0150,5.0150,5.0150,5.0150,0,0,0.1127000,0.3882000,0.0000000,63.7903000,-0.1060000,22.0773000
20240301,483,P,11.0150,11.0150,11.0150,11.0150,0,0,0.1169000,-0.6072000,0.0000000,63.9963000,-0.0395000,-36.8541000
20240301,515,C,0.1450,0.1450,0.1450,0.1450,0,0,0.1063000,0.0216000,0.0000000,8.6058000,-0.0116000,1.2457000
20240301,515,P,40.8550,40.8550,40.8550,40.8550,0,0,0.2217000,-0.8262000,0.0000000,42.7204000,-0.0422000,-53.3310000
20240301,525,C,0.0650,0.0650,0.0650,0.0650,0,0,0.1147000,0.0094000,0.0000000,4.2209000,-0.0060000,0.5446000
20240301,525,P,50.8550,50.8550,50.8550,50.8550,0,0,0.2581000,-0.8431000,0.0000000,39.9869000,-0.0490000,-55.5501000
20240301,482.5,C,5.2350,5.2350,5.2350,5.2350,0,0,0.1132000,0.3988000,0.0000000,64.2650000,-0.1076000,22.6674000
20240301,482.5,P,10.7050,10.7050,10.7050,10.7050,0,0,0.1168000,-0.5975000,0.0000000,64.4156000,-0.0408000,-36.2489000
20240301,440,C,38.6500,38.6500,38.6500,38.6500,0,0,0.1906000,0.8937000,0.0000000,30.5324000,-0.1208000,47.4758000
20240301,440,P,1.2750,1.2750,1.2750,1.2750,0,0,0.1770000,-0.0905000,0.0000000,27.1499000,-0.0469000,-5.4479000
20240301,472,C,11.2800,11.2800,11.2800,11.2800,0,0,0.1276000,0.6057000,0.0000000,64.0644000,-0.1310000,34.0176000
20240301,472,P,5.9150,5.9150,5.9150,5.9150,0,0,0.1249000,-0.3923000,0.0000000,63.9800000,-0.0608000,-23.6628000
20240301,365,C,112.0200,112.0200,112.0200,112.0200,0,0,0.3881000,0.9790000,0.0000000,8.3728000,-0.0874000,43.4185000
20240301,365,P,0.1850,0.1850,0.1850,0.1850,0,0,0.3330000,-0.0093000,0.0000000,4.1847000,-0.0148000,-0.5689000
20240301,461,C,19.7200,19.7200,19.7200,19.7200,0,0,0.1466000,0.7572000,0.0000000,52.0727000,-0.1343000,41.8315000
20240301,461,P,3.3000,3.3000,3.3000,3.3000,0,0,0.1409000,-0.2345000,0.0000000,51.1072000,-0.0633000,-14.1190000
20240301,493,C,1.8600,1.8600,1.8600,1.8600,0,0,0.1053000,0.1947000,0.0000000,45.8657000,-0.0668000,11.1558000
20240301,493,P,18.8600,18.8600,18.8600,18.8600,0,0,0.1322000,-0.7508000,0.0000000,52.8050000,-0.0229000,-46.2138000
20240301,535,C,0.0350,0.0350,0.0350,0.0350,0,0,0.1240000,0.0046000,0.0000000,2.2481000,-0.0034000,0.2670000
20240301,535,P,60.8550,60.8550,60.8550,60.8550,0,0,0.2927000,-0.8554000,0.0000000,37.8624000,-0.0551000,-57.5050000
20240301,450,C,29.3350,29.3350,29.3350,29.3350,0,0,0.1679000,0.8474000,0.0000000,39.2486000,-0.1275000,45.9201000
20240301,450,P,1.9500,1.9500,1.9500,1.9500,0,0,0.1593000,-0.1405000,0.0000000,37.1485000,-0.0557000,-8.4548000
20240301,482,C,5.4650,5.4650,5.4650,5.4650,0,0,0.1138000,0.4094000,0.0000000,64.6946000,-0.1093000,23.2607000
20240301,482,P,10.4100,10.4100,10.4100,10.4100,0,0,0.1170000,-0.5876000,0.0000000,64.8042000,-0.0421000,-35.6306000
20240301,375,C,102.1300,102.1300,102.1300,102.1300,0,0,0.3592000,0.9758000,0.0000000,9.4609000,-0.0903000,44.4471000
20240301,375,P,0.2250,0.2250,0.2250,0.2250,0,0,0.3110000,-0.0118000,0.0000000,5.1427000,-0.0169000,-0.7196000
20240301,471,C,11.9700,11.9700,11.9700,11.9700,0,0,0.1291000,0.6226000,0.0000000,63.2486000,-0.1320000,34.9190000
20240301,471,P,5.6000,5.6000,5.6000,5.6000,0,0,0.1262000,-0.3750000,0.0000000,63.1275000,-0.0618000,-22.6125000
20240301,545,C,0.0250,0.0250,0.0250,0.0250,0,0,0.1367000,0.0030000,0.0000000,1.5469000,-0.0025000,0.1758000
20240301,545,P,70.8550,70.8550,70.8550,70.8550,0,0,0.3259000,-0.8650000,0.0000000,36.1426000,-0.0607000,-59.2962000
20240301,460,C,20.5600,20.5600,20.5600,20.5600,0,0,0.1486000,0.7675000,0.0000000,50.8504000,-0.1340000,42.3289000
20240301,460,P,3.1400,3.1400,3.1400,3.1400,0,0,0.1426000,-0.2238000,0.0000000,49.7764000,-0.0629000,-13.4691000
20240301,492,C,2.0700,2.0700,2.0700,2.0700,0,0,0.1057000,0.2111000,0.0000000,48.1338000,-0.0708000,12.0880000
20240301,492,P,17.9200,17.9200,17.9200,17.9200,0,0,0.1287000,-0.7426000,0.0000000,53.7090000,-0.0229000,-45.6202000
20240301,385,C,92.2550,92.2550,92.2550,92.2550,0,0,0.3308000,0.9717000,0.0000000,10.7798000,-0.0933000,45.4265000
20240301,385,P,0.2750,0.2750,0.2750,0.2750,0,0,0.2895000,-0.0152000,0.0000000,6.3998000,-0.0194000,-0.9255000
20240301,481,C,5.9450,5.9450,5.9450,5.9450,0,0,0.1150000,0.4306000,0.0000000,65.4071000,-0.1124000,24.4415000
20240301,481,P,9.8400,9.8400,9.8400,9.8400,0,0,0.1173000,-0.5676000,0.0000000,65.4558000,-0.0447000,-34.3920000
20240301,470,C,12.6800,12.6800,12.6800,12.6800,0,0,0.1307000,0.6388000,0.0000000,62.3456000,-0.1328000,35.7812000
20240301,470,P,5.3000,5.3000,5.3000,5.3000,0,0,0.1275000,-0.3582000,0.0000000,62.1729000,-0.0625000,-21.5920000
20240301,395,C,82.3950,82.3950,82.3950,82.3950,0,0,0.3034000,0.9662000,0.0000000,12.4902000,-0.0968000,46.3203000
20240301,395,P,0.3450,0.3450,0.3450,0.3450,0,0,0.2685000,-0.0200000,0.0000000,8.0780000,-0.0226000,-1.2140000
20240301,459,C,21.4000,21.4000,21.4000,21.4000,0,0,0.1503000,0.7775000,0.0000000,49.6031000,-0.1334000,42.8114000
20240301,459,P,2.9850,2.9850,2.9850,2.9850,0,0,0.1440000,-0.2132000,0.0000000,48.4099000,-0.0623000,-12.8320000
20240301,491,C,2.3100,2.3100,2.3100,2.3100,0,0,0.1063000,0.2287000,0.0000000,50.3991000,-0.0750000,13.0883000
20240301,491,P,17.0150,17.0150,17.0150,17.0150,0,0,0.1257000,-0.7331000,0.0000000,54.7227000,-0.0233000,-44.9490000
20240315,320,C,157.2850,157.2850,157.2850,157.2850,0,0,0.4794000,0.9859000,0.0000000,6.7560000,-0.0731000,49.2887000
20240315,320,P,0.1450,0.1450,0.1450,0.1450,0,0,0.4082000,-0.0053000,0.0000000,2.9256000,-0.0099000,-0.4288000
20240315,448,C,32.7150,32.7150,32.7150,32.7150,0,0,0.1708000,0.8389000,0.0000000,46.1887000,-0.1212000,58.0040000
20240315,448,P,2.6500,2.6500,2.6500,2.6500,0,0,0.1669000,-0.1558000,0.0000000,45.2014000,-0.0538000,-12.1640000
20240315,512,C,0.4100,0.4100,0.4100,0.4100,0,0,0.1035000,0.0507000,0.0000000,19.7207000,-0.0210000,3.7574000
20240315,512,P,37.8550,37.8550,37.8550,37.8550,0,0,0.2006000,-0.7926000,0.0000000,54.0662000,-0.0332000,-65.7291000
20240315,640,P,165.8450,165.8450,165.8450,165.8450,0,0,0.5561000,-0.8857000,0.0000000,36.5087000,-0.0896000,-93.0848000
20240315,405,C,73.5800,73.5800,73.5800,73.5800,0,0,0.2607000,0.9504000,0.0000000,19.3555000,-0.0984000,59.9120000
20240315,405,P,0.7200,0.7200,0.7200,0.7200,0,0,0.2413000,-0.0380000,0.0000000,15.6390000,-0.0298000,-2.9815000
20240315,469,C,15.2000,15.2000,15.2000,15.2000,0,0,0.1342000,0.6506000,0.0000000,69.9535000,-0.1237000,46.6055000
20240315,469,P,6.2650,6.2650,6.2650,6.2650,0,0,0.1359000,-0.3508000,0.0000000,70.0664000,-0.0569000,-27.4290000
20240315,575,C,0.0150,0.0150,0.0150,0.0150,0,0,0.1523000,0.0013000,0.0000000,0.8192000,-0.0011000,0.0975000
20240315,575,P,100.8500,100.8500,100.8500,100.8500,0,0,0.3936000,-0.8637000,0.0000000,41.2966000,-0.0657000,-81.0975000
20240315,426,C,53.2550,53.2550,53.2550,53.2550,0,0,0.2141000,0.9184000,0.0000000,28.4959000,-0.1083000,60.7357000
20240315,426,P,1.2550,1.2550,1.2550,1.2550,0,0,0.2030000,-0.0711000,0.0000000,25.6993000,-0.0398000,-5.5601000
20240315,490,C,3.7500,3.7500,3.7500,3.7500,0,0,0.1093000,0.2944000,0.0000000,65.1481000,-0.0812000,21.5838000
20240315,490,P,16.6850,16.6850,16.6850,16.6850,0,0,0.1268000,-0.6770000,0.0000000,67.8456000,-0.0249000,-53.6572000
20240315,255,C,221.5950,221.5950,221.5950,221.5950,0,0,0.6828000,0.9927000,0.0000000,3.7893000,-0.0586000,39.5818000
20240315,255,P,0.0450,0.0450,0.0450,0.0450,0,0,0.5437000,-0.0013000,0.0000000,0.8162000,-0.0037000,-0.1052000
20240315,447,C,33.6200,33.6200,33.6200,33.6200,0,0,0.1728000,0.8441000,0.0000000,45.1967000,-0.1207000,58.2546000
20240315,447,P,2.5500,2.5500,2.5500,2.5500,0,0,0.1684000,-0.1500000,0.0000000,44.0716000,-0.0532000,-11.7083000
20240315,340,C,137.5350,137.5350,137.5350,137.5350,0,0,0.4252000,0.9819000,0.0000000,8.3851000,-0.0785000,52.1244000
20240315,340,P,0.2050,0.2050,0.2050,0.2050,0,0,0.3681000,-0.0082000,0.0000000,4.2677000,-0.0129000,-0.6552000
20240315,404,C,74.5550,74.5550,74.5550,74.5550,0,0,0.2628000,0.9515000,0.0000000,18.9938000,-0.0979000,59.8448000
20240315,404,P,0.7050,0.7050,0.7050,0.7050,0,0,0.2429000,-0.0368000,0.0000000,15.2383000,-0.0292000,-2.8885000
20240315,468,C,15.9350,15.9350,15.9350,15.9350,0,0,0.1357000,0.6638000,0.0000000,68.9426000,-0.1242000,47.4841000
20240315,468,P,5.9950,5.9950,5.9950,5.9950,0,0,0.1372000,-0.3376000,0.0000000,69.0663000,-0.0575000,-26.3915000
20240315,660,P,185.8450,185.8450,185.8450,185.8450,0,0,0.6016000,-0.8895000,0.0000000,35.6383000,-0.0962000,-96.5487000
20240315,425,C,54.2150,54.2150,54.2150,54.2150,0,0,0.2163000,0.9205000,0.0000000,27.9439000,-0.1078000,60.7401000
20240315,425,P,1.2200,1.2200,1.2200,1.2200,0,0,0.2049000,-0.0690000,0.0000000,25.1163000,-0.0394000,-5.3975000
20240315,489,C,4.0850,4.0850,4.0850,4.0850,0,0,0.1100000,0.3119000,0.0000000,66.8542000,-0.0843000,22.8510000
20240315,489,P,15.9200,15.9200,15.9200,15.9200,0,0,0.1257000,-0.6639000,0.0000000,68.9377000,-0.0265000,-52.5500000
20240315,595,P,120.8450,120.8450,120.8450,120.8450,0,0,0.4463000,-0.8728000,0.0000000,39.3642000,-0.0735000,-84.9628000
20240315,446,C,34.5300,34.5300,34.5300,34.5300,0,0,0.1748000,0.8492000,0.0000000,44.2089000,-0.1202000,58.4951000
20240315,446,P,2.4600,2.4600,2.4600,2.4600,0,0,0.1701000,-0.1445000,0.0000000,42.9929000,-0.0526000,-11.2837000
20240315,510,C,0.5050,0.5050,0.5050,0.5050,0,0,0.1030000,0.0605000,0.0000000,22.6667000,-0.0242000,4.4801000
20240315,510,P,35.8550,35.8550,35.8550,35.8550,0,0,0.1934000,-0.7875000,0.0000000,54.8396000,-0.0318000,-65.0290000
20240315,275,C,201.8050,201.8050,201.8050,201.8050,0,0,0.6171000,0.9911000,0.0000000,4.5332000,-0.0631000,42.6034000
20240315,275,P,0.0650,0.0650,0.0650,0.0650,0,0,0.5000000,-0.0020000,0.0000000,1.2099000,-0.0050000,-0.1616000
20240315,403,C,75.5300,75.5300,75.5300,75.5300,0,0,0.2652000,0.9525000,0.0000000,18.7075000,-0.0975000,59.7578000
20240315,403,P,0.6850,0.6850,0.6850,0.6850,0,0,0.2446000,-0.0357000,0.0000000,14.8708000,-0.0287000,-2.8039000
20240315,467,C,16.7400,16.7400,16.7400,16.7400,0,0,0.1381000,0.6756000,0.0000000,67.9677000,-0.1251000,48.2401000
20240315,467,P,5.7350,5.7350,5.7350,5.7350,0,0,0.1385000,-0.3248000,0.0000000,68.0086000,-0.0579000,-25.3841000
20240315,360,C,117.7950,117.7950,117.7950,117.7950,0,0,0.3720000,0.9765000,0.0000000,10.4604000,-0.0838000,54.8553000
20240315,360,P,0.2950,0.2950,0.2950,0.2950,0,0,0.3286000,-0.0128000,0.0000000,6.2466000,-0.0167000,-1.0110000
20240315,424,C,55.1750,55.1750,55.1750,55.1750,0,0,0.2185000,0.9226000,0.0000000,27.3908000,-0.1073000,60.7433000
20240315,424,P,1.1850,1.1850,1.1850,1.1850,0,0,0.2065000,-0.0667000,0.0000000,24.4564000,-0.0387000,-5.2149000
20240315,488,C,4.4400,4.4400,4.4400,4.4400,0,0,0.1108000,0.3299000,0.0000000,68.4414000,-0.0875000,24.1540000
20240315,488,P,15.2100,15.2100,15.2100,15.2100,0,0,0.1251000,-0.6496000,0.0000000,70.0261000,-0.0284000,-51.3626000
20240315,445,C,35.4400,35.4400,35.4400,35.4400,0,0,0.1766000,0.8542000,0.0000000,43.2251000,-0.1197000,58.7260000
20240315,445,P,2.3700,2.3700,2.3700,2.3700,0,0,0.1716000,-0.1392000,0.0000000,41.9095000,-0.0520000,-10.8664000
20240315,615,P,140.8400,140.8400,140.8400,140.8400,0,0,0.4965000,-0.8795000,0.0000000,37.9081000,-0.0809000,-88.6430000
20240315,210,C,266.1650,266.1650,266.1650,266.1650,0,0,0.8574000,0.9950000,0.0000000,2.7164000,-0.0500000,32.6699000
20240315,210,P,0.0150,0.0150,0.0150,0.0150,0,0,0.6250000,-0.0003000,0.0000000,0.2123000,-0.0011000,-0.0245000
20240315,402,C,76.5100,76.5100,76.5100,76.5100,0,0,0.2678000,0.9533000,0.0000000,18.4491000,-0.0973000,59.6634000
20240315,402,P,0.6750,0.6750,0.6750,0.6750,0,0,0.2468000,-0.0349000,0.0000000,14.6023000,-0.0285000,-2.7429000
20240315,466,C,17.4700,17.4700,17.4700,17.4700,0,0,0.1392000,0.6882000,0.0000000,66.8365000,-0.1252000,49.0771000
20240315,466,P,5.4900,5.4900,5.4900,5.4900,0,0,0.1400000,-0.3125000,0.0000000,66.9172000,-0.0583000,-24.4230000
20240315,530,C,0.0950,0.0950,0.0950,0.0950,0,0,0.1137000,0.0122000,0.0000000,6.0241000,-0.0067000,0.9111000
20240315,530,P,55.8600,55.8600,55.8600,55.8600,0,0,0.2614000,-0.8253000,0.0000000,48.6572000,-0.0445000,-71.0559000
20240315,295,C,182.0100,182.0100,182.0100,182.0100,0,0,0.5542000,0.9891000,0.0000000,5.4025000,-0.0676000,45.5994000
20240315,295,P,0.0950,0.0950,0.0950,0.0950,0,0,0.4599000,-0.0032000,0.0000000,1.8379000,-0.0070000,-0.2560000
20240315,423,C,56.1350,56.1350,56.1350,56.1350,0,0,0.2206000,0.9246000,0.0000000,26.8511000,-0.1067000,60.7411000
20240315,423,P,1.1500,1.1500,1.1500,1.1500,0,0,0.2084000,-0.0647000,0.0000000,23.8895000,-0.0382000,-5.0602000
20240315,487,C,4.8150,4.8150,4.8150,4.8150,0,0,0.1116000,0.3480000,0.0000000,69.8569000,-0.0905000,25.4539000
20240315,487,P,14.5050,14.5050,14.5050,14.5050,0,0,0.1243000,-0.6352000,0.0000000,71.0216000,-0.0301000,-50.1628000
20240315,380,C,98.0900,98.0900,98.0900,98.0900,0,0,0.3210000,0.9684000,0.0000000,13.3941000,-0.0896000,57.3770000
20240315,380,P,0.4250,0.4250,0.4250,0.4250,0,0,0.2890000,-0.0201000,0.0000000,9.1980000,-0.0214000,-1.5827000
20240315,444,C,36.3500,36.3500,36.3500,36.3500,0,0,0.1784000,0.8591000,0.0000000,42.2296000,-0.1190000,58.9540000
20240315,444,P,2.2850,2.2850,2.2850,2.2850,0,0,0.1731000,-0.1340000,0.0000000,40.8296000,-0.0513000,-10.4593000
20240315,508,C,0.6250,0.6250,0.6250,0.6250,0,0,0.1029000,0.0727000,0.0000000,26.1373000,-0.0281000,5.3822000
20240315,508,P,33.8550,33.8550,33.8550,33.8550,0,0,0.1862000,-0.7820000,0.0000000,55.6611000,-0.0303000,-64.2959000
20240315,401,C,77.4850,77.4850,77.4850,77.4850,0,0,0.2697000,0.9544000,0.0000000,18.0756000,-0.0966000,59.5978000
20240315,401,P,0.6550,0.6550,0.6550,0.6550,0,0,0.2484000,-0.0339000,0.0000000,14.2298000,-0.0280000,-2.6582000
20240315,465,C,18.2550,18.2550,18.2550,18.2550,0,0,0.1408000,0.6998000,0.0000000,65.7243000,-0.1255000,49.8268000
20240315,465,P,5.2550,5.2550,5.2550,5.2550,0,0,0.1412000,-0.3005000,0.0000000,65.7660000,-0.0585000,-23.4771000
20240315,635,P,160.8500,160.8500,160.8500,160.8500,0,0,0.5447000,-0.8845000,0.0000000,36.7897000,-0.0882000,-92.1987000
20240315,230,C,246.3500,246.3500,246.3500,246.3500,0,0,0.7759000,0.9941000,0.0000000,3.1465000,-0.0538000,35.7506000
20240315,230,P,0.0250,0.0250,0.0250,0.0250,0,0,0.5906000,-0.0006000,0.0000000,0.4144000,-0.0020000,-0.0504000
20240315,422,C,57.0950,57.0950,57.0950,57.0950,0,0,0.2227000,0.9266000,0.0000000,26.3101000,-0.1062000,60.7379000
20240315,422,P,1.1150,1.1150,1.1150,1.1150,0,0,0.2098000,-0.0624000,0.0000000,23.2323000,-0.0375000,-4.8822000
20240315,486,C,5.2150,5.2150,5.2150,5.2150,0,0,0.1124000,0.3663000,0.0000000,71.1282000,-0.0935000,26.7749000
20240315,486,P,13.8550,13.8550,13.8550,13.8550,0,0,0.1242000,-0.6196000,0.0000000,71.9778000,-0.0322000,-48.8875000
20240315,550,C,0.0350,0.0350,0.0350,0.0350,0,0,0.1308000,0.0039000,0.0000000,2.2026000,-0.0027000,0.2911000
20240315,550,P,75.8550,75.8550,75.8550,75.8550,0,0,0.3228000,-0.8470000,0.0000000,44.6427000,-0.0546000,-75.8668000
20240315,315,C,162.2250,162.2250,162.2250,162.2250,0,0,0.4931000,0.9868000,0.0000000,6.3989000,-0.0717000,48.5683000
20240315,315,P,0.1350,0.1350,0.1350,0.1350,0,0,0.4194000,-0.0049000,0.0000000,2.7065000,-0.0094000,-0.3933000
20240315,443,C,37.2650,37.2650,37.2650,37.2650,0,0,0.1802000,0.8639000,0.0000000,41.2532000,-0.1183000,59.1670000
20240315,443,P,2.2000,2.2000,2.2000,2.2000,0,0,0.1747000,-0.1291000,0.0000000,39.7947000,-0.0507000,-10.0777000
20240315,400,C,78.4650,78.4650,78.4650,78.4650,0,0,0.2722000,0.9552000,0.0000000,17.8182000,-0.0963000,59.5026000
20240315,400,P,0.6450,0.6450,0.6450,0.6450,0,0,0.2506000,-0.0331000,0.0000000,13.9753000,-0.0278000,-2.6012000
20240315,464,C,19.0350,19.0350,19.0350,19.0350,0,0,0.1424000,0.7112000,0.0000000,64.5656000,-0.1256000,50.5576000
20240315,464,P,5.0350,5.0350,5.0350,5.0350,0,0,0.1426000,-0.2890000,0.0000000,64.5963000,-0.0587000,-22.5776000
20240315,421,C,58.0550,58.0550,58.0550,58.0550,0,0,0.2247000,0.9285000,0.0000000,25.7680000,-0.1056000,60.7337000
20240315,421,P,1.0850,1.0850,1.0850,1.0850,0,0,0.2117000,-0.0605000,0.0000000,22.6812000,-0.0370000,-4.7350000
20240315,485,C,5.6400,5.6400,5.6400,5.6400,0,0,0.1135000,0.3849000,0.0000000,72.2424000,-0.0964000,28.1084000
20240315,485,P,13.2150,13.2150,13.2150,13.2150,0,0,0.1240000,-0.6039000,0.0000000,72.8223000,-0.0341000,-47.6008000
20240315,655,P,180.8450,180.8450,180.8450,180.8450,0,0,0.5904000,-0.8886000,0.0000000,35.8403000,-0.0946000,-95.6883000
20240315,250,C,226.5500,226.5500,226.5500,226.5500,0,0,0.7033000,0.9929000,0.0000000,3.7215000,-0.0581000,38.8045000
20240315,250,P,0.0450,0.0450,0.0450,0.0450,0,0,0.5593000,-0.0012000,0.0000000,0.7898000,-0.0037000,-0.1017000
20240315,442,C,38.1850,38.1850,38.1850,38.1850,0,0,0.1821000,0.8683000,0.0000000,40.3277000,-0.1177000,59.3536000
20240315,442,P,2.1250,2.1250,2.1250,2.1250,0,0,0.1763000,-0.1244000,0.0000000,38.7807000,-0.0500000,-9.7112000
20240315,506,C,0.7700,0.7700,0.7700,0.7700,0,0,0.1030000,0.0872000,0.0000000,29.9910000,-0.0325000,6.4512000
20240315,506,P,31.8550,31.8550,31.8550,31.8550,0,0,0.1788000,-0.7760000,0.0000000,56.5368000,-0.0289000,-63.5242000
20240315,570,C,0.0150,0.0150,0.0150,0.0150,0,0,0.1445000,0.0012000,0.0000000,0.7849000,-0.0010000,0.0932000
20240315,570,P,95.8550,95.8550,95.8550,95.8550,0,0,0.3799000,-0.8609000,0.0000000,41.8697000,-0.0636000,-80.0939000
20240315,335,C,142.4700,142.4700,142.4700,142.4700,0,0,0.4392000,0.9829000,0.0000000,7.9770000,-0.0773000,51.4165000
20240315,335,P,0.1850,0.1850,0.1850,0.1850,0,0,0.3774000,-0.0073000,0.0000000,3.8442000,-0.0119000,-0.5822000
20240315,463,C,19.8350,19.8350,19.8350,19.8350,0,0,0.1441000,0.7219000,0.0000000,63.4066000,-0.1257000,51.2371000
20240315,463,P,4.8250,4.8250,4.8250,4.8250,0,0,0.1441000,-0.2780000,0.0000000,63.4024000,-0.0588000,-21.7129000
20240315,420,C,59.0200,59.0200,59.0200,59.0200,0,0,0.2271000,0.9301000,0.0000000,25.3365000,-0.1052000,60.6963000
20240315,420,P,1.0550,1.0550,1.0550,1.0550,0,0,0.2135000,-0.0586000,0.0000000,22.1299000,-0.0365000,-4.5891000
20240315,484,C,6.0850,6.0850,6.0850,6.0850,0,0,0.1144000,0.4034000,0.0000000,73.1775000,-0.0991000,29.4274000
20240315,484,P,12.5900,12.5900,12.5900,12.5900,0,0,0.1239000,-0.5879000,0.0000000,73.5597000,-0.0361000,-46.2920000
20240315,441,C,39.1150,39.1150,39.1150,39.1150,0,0,0.1842000,0.8723000,0.0000000,39.4695000,-0.1172000,59.5091000
20240315,441,P,2.0550,2.0550,2.0550,2.0550,0,0,0.1780000,-0.1200000,0.0000000,37.8213000,-0.0494000,-9.3714000
20240315,505,C,0.8600,0.8600,0.8600,0.8600,0,0,0.1032000,0.0955000,0.0000000,32.0802000,-0.0350000,7.0620000
20240315,505,P,30.8550,30.8550,30.8550,30.8550,0,0,0.1751000,-0.7727000,0.0000000,56.9946000,-0.0281000,-63.1231000
20240315,270,C,206.7550,206.7550,206.7550,206.7550,0,0,0.6339000,0.9915000,0.0000000,4.3598000,-0.0622000,41.8458000
20240315,270,P,0.0650,0.0650,0.0650,0.0650,0,0,0.5156000,-0.0019000,0.0000000,1.1814000,-0.0051000,-0.1577000
20240315,462,C,20.6400,20.6400,20.6400,20.6400,0,0,0.1458000,0.7322000,0.0000000,62.2314000,-0.1258000,51.8841000
20240315,462,P,4.6250,4.6250,4.6250,4.6250,0,0,0.1455000,-0.2673000,0.0000000,62.1815000,-0.0588000,-20.8760000
20240315,526,C,0.1250,0.1250,0.1250,0.1250,0,0,0.1108000,0.0162000,0.0000000,7.6817000,-0.0084000,1.2080000
20240315,526,P,51.8550,51.8550,51.8550,51.8550,0,0,0.2483000,-0.8197000,0.0000000,49.6382000,-0.0420000,-69.9961000
20240315,590,C,0.0150,0.0150,0.0150,0.0150,0,0,0.1718000,0.0012000,0.0000000,0.7555000,-0.0012000,0.0891000
20240315,590,P,115.8450,115.8450,115.8450,115.8450,0,0,0.4333000,-0.8708000,0.0000000,39.7903000,-0.0715000,-84.0187000
20240315,355,C,122.7250,122.7250,122.7250,122.7250,0,0,0.3850000,0.9781000,0.0000000,9.8623000,-0.0824000,54.1910000
20240315,355,P,0.2650,0.2650,0.2650,0.2650,0,0,0.3378000,-0.0113000,0.0000000,5.6285000,-0.0155000,-0.8971000
20240315,419,C,59.9850,59.9850,59.9850,59.9850,0,0,0.2291000,0.9320000,0.0000000,24.8050000,-0.1046000,60.6866000
20240315,419,P,1.0250,1.0250,1.0250,1.0250,0,0,0.2152000,-0.0568000,0.0000000,21.5785000,-0.0359000,-4.4446000
20240315,483,C,6.5550,6.5550,6.5550,6.5550,0,0,0.1154000,0.4219000,0.0000000,73.9503000,-0.1018000,30.7490000
20240315,483,P,12.0300,12.0300,12.0300,12.0300,0,0,0.1243000,-0.5711000,0.0000000,74.1934000,-0.0383000,-44.9448000
20240315,525,C,0.1250,0.1250,0.1250,0.1250,0,0,0.1088000,0.0164000,0.0000000,7.7595000,-0.0084000,1.2226000
20240315,525,P,50.8550,50.8550,50.8550,50.8550,0,0,0.2450000,-0.8181000,0.0000000,49.9041000,-0.0414000,-69.7208000
20240315,440,C,40.0400,40.0400,40.0400,40.0400,0,0,0.1862000,0.8763000,0.0000000,38.6152000,-0.1167000,59.6582000
20240315,440,P,1.9850,1.9850,1.9850,1.9850,0,0,0.1796000,-0.1158000,0.0000000,36.8662000,-0.0488000,-9.0391000
20240315,504,C,0.9550,0.9550,0.9550,0.9550,0,0,0.1032000,0.1038000,0.0000000,34.0918000,-0.0373000,7.6726000
20240315,504,P,29.8600,29.8600,29.8600,29.8600,0,0,0.1715000,-0.7692000,0.0000000,57.4973000,-0.0275000,-62.6957000
20240315,205,C,271.1150,271.1150,271.1150,271.1150,0,0,0.8773000,0.9952000,0.0000000,2.5913000,-0.0488000,31.9028000
20240315,205,P,0.0150,0.0150,0.0150,0.0150,0,0,0.6437000,-0.0003000,0.0000000,0.2112000,-0.0011000,-0.0244000
20240315,461,C,21.4600,21.4600,21.4600,21.4600,0,0,0.1476000,0.7420000,0.0000000,61.0542000,-0.1258000,52.4933000
20240315,461,P,4.4400,4.4400,4.4400,4.4400,0,0,0.1471000,-0.2573000,0.0000000,60.9763000,-0.0589000,-20.0923000
20240315,290,C,186.9600,186.9600,186.9600,186.9600,0,0,0.5703000,0.9896000,0.0000000,5.1948000,-0.0666000,44.8488000
20240315,290,P,0.0850,0.0850,0.0850,0.0850,0,0,0.4697000,-0.0028000,0.0000000,1.6536000,-0.0064000,-0.2278000
20240315,418,C,60.9500,60.9500,60.9500,60.9500,0,0,0.2314000,0.9335000,0.0000000,24.3679000,-0.1042000,60.6490000
20240315,418,P,1.0000,1.0000,1.0000,1.0000,0,0,0.2174000,-0.0554000,0.0000000,21.1559000,-0.0356000,-4.3355000
20240315,482,C,7.0450,7.0450,7.0450,7.0450,0,0,0.1165000,0.4403000,0.0000000,74.5538000,-0.1043000,32.0584000
20240315,482,P,11.4650,11.4650,11.4650,11.4650,0,0,0.1244000,-0.5546000,0.0000000,74.6882000,-0.0401000,-43.6092000
20240315,610,P,135.8400,135.8400,135.8400,135.8400,0,0,0.4842000,-0.8780000,0.0000000,38.2399000,-0.0791000,-87.7354000
20240315,375,C,103.0150,103.0150,103.0150,103.0150,0,0,0.3336000,0.9708000,0.0000000,12.5557000,-0.0881000,56.7733000
20240315,375,P,0.3850,0.3850,0.3850,0.3850,0,0,0.2985000,-0.0178000,0.0000000,8.2979000,-0.0200000,-1.4033000
20240315,439,C,40.9700,40.9700,40.9700,40.9700,0,0,0.1881000,0.8801000,0.0000000,37.7644000,-0.1161000,59.8012000
20240315,439,P,1.9100,1.9100,1.9100,1.9100,0,0,0.1812000,-0.1116000,0.0000000,35.9155000,-0.0481000,-8.7141000
20240315,545,C,0.0450,0.0450,0.0450,0.0450,0,0,0.1269000,0.0052000,0.0000000,2.8378000,-0.0034000,0.3867000
20240315,545,P,70.8550,70.8550,70.8550,70.8550,0,0,0.3078000,-0.8425000,0.0000000,45.4973000,-0.0522000,-74.7364000
20240315,460,C,22.3150,22.3150,22.3150,22.3150,0,0,0.1497000,0.7509000,0.0000000,59.9319000,-0.1260000,53.0324000
20240315,460,P,4.2500,4.2500,4.2500,4.2500,0,0,0.1484000,-0.2472000,0.0000000,59.7095000,-0.0586000,-19.3053000
20240315,524,C,0.1400,0.1400,0.1400,0.1400,0,0,0.1093000,0.0188000,0.0000000,8.6838000,-0.0094000,1.3945000
20240315,524,P,49.8550,49.8550,49.8550,49.8550,0,0,0.2417000,-0.8165000,0.0000000,50.1794000,-0.0408000,-69.4408000
20240315,225,C,251.3050,251.3050,251.3050,251.3050,0,0,0.7953000,0.9943000,0.0000000,3.0244000,-0.0528000,34.9830000
20240315,225,P,0.0250,0.0250,0.0250,0.0250,0,0,0.6062000,-0.0005000,0.0000000,0.3961000,-0.0020000,-0.0481000
20240315,417,C,61.9200,61.9200,61.9200,61.9200,0,0,0.2337000,0.9350000,0.0000000,23.9411000,-0.1038000,60.6076000
20240315,417,P,0.9750,0.9750,0.9750,0.9750,0,0,0.2189000,-0.0536000,0.0000000,20.6033000,-0.0350000,-4.1931000
20240315,481,C,7.5550,7.5550,7.5550,7.5550,0,0,0.1176000,0.4586000,0.0000000,74.9915000,-0.1066000,33.3520000
20240315,481,P,10.9350,10.9350,10.9350,10.9350,0,0,0.1248000,-0.5378000,0.0000000,75.0569000,-0.0420000,-42.2610000
20240315,310,C,167.1750,167.1750,167.1750,167.1750,0,0,0.5085000,0.9874000,0.0000000,6.1527000,-0.0708000,47.8258000
20240315,310,P,0.1250,0.1250,0.1250,0.1250,0,0,0.4296000,-0.0044000,0.0000000,2.4656000,-0.0088000,-0.3545000
20240315,438,C,41.9000,41.9000,41.9000,41.9000,0,0,0.1900000,0.8839000,0.0000000,36.9170000,-0.1154000,59.9384000
20240315,438,P,1.8450,1.8450,1.8450,1.8450,0,0,0.1827000,-0.1074000,0.0000000,34.9521000,-0.0473000,-8.3903000
20240315,502,C,1.1800,1.1800,1.1800,1.1800,0,0,0.1037000,0.1236000,0.0000000,38.6115000,-0.0429000,9.1283000
20240315,502,P,27.8600,27.8600,27.8600,27.8600,0,0,0.1639000,-0.7619000,0.0000000,58.4895000,-0.0259000,-61.8321000
20240315,630,P,155.8500,155.8500,155.8500,155.8500,0,0,0.5330000,-0.8833000,0.0000000,37.0551000,-0.0865000,-91.3158000
20240315,395,C,83.3600,83.3600,83.3600,83.3600,0,0,0.2843000,0.9592000,0.0000000,16.5333000,-0.0946000,59.0219000
20240315,395,P,0.5750,0.5750,0.5750,0.5750,0,0,0.2598000,-0.0290000,0.0000000,12.5066000,-0.0259000,-2.2762000
20240315,459,C,23.1250,23.1250,23.1250,23.1250,0,0,0.1510000,0.7605000,0.0000000,58.6728000,-0.1256000,53.6281000
20240315,459,P,4.0800,4.0800,4.0800,4.0800,0,0,0.1499000,-0.2378000,0.0000000,58.4696000,-0.0585000,-18.5704000
20240315,565,C,0.0200,0.0200,0.0200,0.0200,0,0,0.1474000,0.0024000,0.0000000,1.4526000,-0.0020000,0.1831000
20240315,565,P,90.8550,90.8550,90.8550,90.8550,0,0,0.3659000,-0.8579000,0.0000000,42.4786000,-0.0614000,-79.0740000
20240315,416,C,62.8850,62.8850,62.8850,62.8850,0,0,0.2357000,0.9368000,0.0000000,23.4444000,-0.1032000,60.5849000
20240315,416,P,0.9450,0.9450,0.9450,0.9450,0,0,0.2205000,-0.0518000,0.0000000,20.0652000,-0.0344000,-4.0558000
20240315,480,C,8.0900,8.0900,8.0900,8.0900,0,0,0.1189000,0.4767000,0.0000000,75.2689000,-0.1089000,34.6289000
20240315,480,P,10.4300,10.4300,10.4300,10.4300,0,0,0.1254000,-0.5210000,0.0000000,75.2922000,-0.0439000,-40.9137000
20240315,245,C,231.5000,231.5000,231.5000,231.5000,0,0,0.7208000,0.9932000,0.0000000,3.5654000,-0.0570000,38.0434000
20240315,245,P,0.0350,0.0350,0.0350,0.0350,0,0,0.5625000,-0.0009000,0.0000000,0.6288000,-0.0029000,-0.0792000
20240315,437,C,42.8350,42.8350,42.8350,42.8350,0,0,0.1918000,0.8876000,0.0000000,36.0727000,-0.1147000,60.0700000
20240315,437,P,1.7850,1.7850,1.7850,1.7850,0,0,0.1844000,-0.1037000,0.0000000,34.0773000,-0.0467000,-8.1019000
20240315,501,C,1.3100,1.3100,1.3100,1.3100,0,0,0.1040000,0.1343000,0.0000000,40.9008000,-0.0457000,9.9145000
20240315,501,P,26.8600,26.8600,26.8600,26.8600,0,0,0.1600000,-0.7581000,0.0000000,59.0054000,-0.0251000,-61.3819000
20240315,330,C,147.4000,147.4000,147.4000,147.4000,0,0,0.4519000,0.9841000,0.0000000,7.4995000,-0.0757000,50.7221000
20240315,330,P,0.1750,0.1750,0.1750,0.1750,0,0,0.3886000,-0.0067000,0.0000000,3.5627000,-0.0114000,-0.5347000
20240315,458,C,23.9600,23.9600,23.9600,23.9600,0,0,0.1528000,0.7693000,0.0000000,57.4743000,-0.1253000,54.1560000
20240315,458,P,3.9200,3.9200,3.9200,3.9200,0,0,0.1515000,-0.2288000,0.0000000,57.2317000,-0.0583000,-17.8669000
20240315,522,C,0.1650,0.1650,0.1650,0.1650,0,0,0.1076000,0.0215000,0.0000000,9.7292000,-0.0104000,1.5945000
20240315,522,P,47.8550,47.8550,47.8550,47.8550,0,0,0.2350000,-0.8132000,0.0000000,50.7483000,-0.0396000,-68.8699000
20240315,650,P,175.8500,175.8500,175.8500,175.8500,0,0,0.5793000,-0.8876000,0.0000000,36.0814000,-0.0932000,-94.8164000
20240315,415,C,63.8500,63.8500,63.8500,63.8500,0,0,0.2379000,0.9382000,0.0000000,23.0120000,-0.1027000,60.5434000
20240315,415,P,0.9250,0.9250,0.9250,0.9250,0,0,0.2226000,-0.0505000,0.0000000,19.6508000,-0.0340000,-3.9516000
20240315,479,C,8.6400,8.6400,8.6400,8.6400,0,0,0.1200000,0.4944000,0.0000000,75.3902000,-0.1109000,35.8807000
20240315,479,P,9.9450,9.9450,9.9450,9.9450,0,0,0.1259000,-0.5043000,0.0000000,75.3929000,-0.0455000,-39.5758000
20240315,585,C,0.0150,0.0150,0.0150,0.0150,0,0,0.1640000,0.0011000,0.0000000,0.7163000,-0.0010000,0.0841000
20240315,585,P,110.8450,110.8450,110.8450,110.8450,0,0,0.4202000,-0.8687000,0.0000000,40.2491000,-0.0696000,-83.0617000
20240315,436,C,43.7750,43.7750,43.7750,43.7750,0,0,0.1939000,0.8910000,0.0000000,35.2948000,-0.1141000,60.1744000
20240315,436,P,1.7250,1.7250,1.7250,1.7250,0,0,0.1860000,-0.1000000,0.0000000,33.1896000,-0.0460000,-7.8137000
20240315,500,C,1.4500,1.4500,1.4500,1.4500,0,0,0.1042000,0.1456000,0.0000000,43.2073000,-0.0486000,10.7433000
20240315,500,P,25.8600,25.8600,25.8600,25.8600,0,0,0.1561000,-0.7540000,0.0000000,59.5402000,-0.0242000,-60.9157000
20240315,265,C,211.6950,211.6950,211.6950,211.6950,0,0,0.6484000,0.9920000,0.0000000,4.1079000,-0.0606000,41.1027000
20240315,265,P,0.0550,0.0550,0.0550,0.0550,0,0,0.5218000,-0.0016000,0.0000000,0.9983000,-0.0043000,-0.1310000
20240315,457,C,24.8100,24.8100,24.8100,24.8100,0,0,0.1546000,0.7776000,0.0000000,56.2959000,-0.1251000,54.6467000
20240315,457,P,3.7600,3.7600,3.7600,3.7600,0,0,0.1529000,-0.2200000,0.0000000,55.9693000,-0.0580000,-17.1769000
20240315,350,C,127.6700,127.6700,127.6700,127.6700,0,0,0.3999000,0.9791000,0.0000000,9.4764000,-0.0817000,53.4804000
20240315,350,P,0.2450,0.2450,0.2450,0.2450,0,0,0.3481000,-0.0102000,0.0000000,5.1444000,-0.0146000,-0.8098000
20240315,414,C,64.8200,64.8200,64.8200,64.8200,0,0,0.2401000,0.9396000,0.0000000,22.6025000,-0.1022000,60.4947000
20240315,414,P,0.8950,0.8950,0.8950,0.8950,0,0,0.2241000,-0.0487000,0.0000000,19.1120000,-0.0334000,-3.8165000
20240315,478,C,9.2150,9.2150,9.2150,9.2150,0,0,0.1212000,0.5119000,0.0000000,75.3635000,-0.1128000,37.1074000
20240315,478,P,9.4850,9.4850,9.4850,9.4850,0,0,0.1266000,-0.4877000,0.0000000,75.3616000,-0.0471000,-38.2487000
20240315,435,C,44.7150,44.7150,44.7150,44.7150,0,0,0.1959000,0.8942000,0.0000000,34.5352000,-0.1136000,60.2690000
20240315,435,P,1.6700,1.6700,1.6700,1.6700,0,0,0.1879000,-0.0968000,0.0000000,32.4066000,-0.0455000,-7.5639000
20240315,499,C,1.6100,1.6100,1.6100,1.6100,0,0,0.1046000,0.1579000,0.0000000,45.6037000,-0.0518000,11.6464000
20240315,499,P,24.8600,24.8600,24.8600,24.8600,0,0,0.1522000,-0.7497000,0.0000000,60.0949000,-0.0234000,-60.4317000
20240315,605,P,130.8400,130.8400,130.8400,130.8400,0,0,0.4717000,-0.8764000,0.0000000,38.5882000,-0.0772000,-86.8211000
20240315,200,C,276.0700,276.0700,276.0700,276.0700,0,0,0.9025000,0.9953000,0.0000000,2.5509000,-0.0483000,31.1206000
20240315,200,P,0.0150,0.0150,0.0150,0.0150,0,0,0.6624000,-0.0002000,0.0000000,0.2085000,-0.0011000,-0.0241000
20240315,456,C,25.6050,25.6050,25.6050,25.6050,0,0,0.1551000,0.7873000,0.0000000,54.8731000,-0.1240000,55.2477000
20240315,456,P,3.6200,3.6200,3.6200,3.6200,0,0,0.1546000,-0.2118000,0.0000000,54.7523000,-0.0578000,-16.5372000
20240315,520,C,0.1950,0.1950,0.1950,0.1950,0,0,0.1065000,0.0253000,0.0000000,11.1619000,-0.0119000,1.8769000
20240315,520,P,45.8550,45.8550,45.8550,45.8550,0,0,0.2283000,-0.8096000,0.0000000,51.3476000,-0.0384000,-68.2817000
20240315,285,C,191.9100,191.9100,191.9100,191.9100,0,0,0.5867000,0.9900000,0.0000000,5.0039000,-0.0657000,44.0948000
20240315,285,P,0.0750,0.0750,0.0750,0.0750,0,0,0.4785000,-0.0024000,0.0000000,1.4633000,-0.0058000,-0.1991000
20240315,413,C,65.7900,65.7900,65.7900,65.7900,0,0,0.2424000,0.9410000,0.0000000,22.2025000,-0.1018000,60.4428000
20240315,413,P,0.8750,0.8750,0.8750,0.8750,0,0,0.2260000,-0.0474000,0.0000000,18.6939000,-0.0330000,-3.7130000
20240315,477,C,9.8100,9.8100,9.8100,9.8100,0,0,0.1226000,0.5291000,0.0000000,75.1965000,-0.1146000,38.3040000
20240315,477,P,9.0500,9.0500,9.0500,9.0500,0,0,0.1275000,-0.4712000,0.0000000,75.2013000,-0.0487000,-36.9401000
20240315,370,C,107.9400,107.9400,107.9400,107.9400,0,0,0.3468000,0.9728000,0.0000000,11.8508000,-0.0869000,56.1371000
20240315,370,P,0.3550,0.3550,0.3550,0.3550,0,0,0.3090000,-0.0160000,0.0000000,7.5952000,-0.0190000,-1.2666000
20240315,434,C,45.6550,45.6550,45.6550,45.6550,0,0,0.1978000,0.8974000,0.0000000,33.7779000,-0.1129000,60.3594000
20240315,434,P,1.6150,1.6150,1.6150,1.6150,0,0,0.1893000,-0.0933000,0.0000000,31.5265000,-0.0447000,-7.2865000
20240315,498,C,1.7800,1.7800,1.7800,1.7800,0,0,0.1050000,0.1707000,0.0000000,47.9593000,-0.0549000,12.5807000
20240315,498,P,23.8600,23.8600,23.8600,23.8600,0,0,0.1482000,-0.7451000,0.0000000,60.6710000,-0.0225000,-59.9283000
20240315,455,C,26.5150,26.5150,26.5150,26.5150,0,0,0.1578000,0.7938000,0.0000000,53.8825000,-0.1243000,55.5915000
20240315,455,P,3.4700,3.4700,3.4700,3.4700,0,0,0.1559000,-0.2036000,0.0000000,53.4827000,-0.0573000,-15.8919000
20240315,625,P,150.8350,150.8350,150.8350,150.8350,0,0,0.5205000,-0.8824000,0.0000000,37.2644000,-0.0842000,-90.4477000
20240315,220,C,256.2550,256.2550,256.2550,256.2550,0,0,0.8140000,0.9946000,0.0000000,2.8873000,-0.0516000,34.2182000
20240315,220,P,0.0250,0.0250,0.0250,0.0250,0,0,0.6250000,-0.0005000,0.0000000,0.3957000,-0.0020000,-0.0481000
20240315,412,C,66.7650,66.7650,66.7650,66.7650,0,0,0.2446000,0.9424000,0.0000000,21.7990000,-0.1013000,60.3911000
20240315,412,P,0.8550,0.8550,0.8550,0.8550,0,0,0.2280000,-0.0461000,0.0000000,18.2865000,-0.0326000,-3.6130000
20240315,476,C,10.4200,10.4200,10.4200,10.4200,0,0,0.1239000,0.5458000,0.0000000,74.8980000,-0.1162000,39.4707000
20240315,476,P,8.6350,8.6350,8.6350,8.6350,0,0,0.1283000,-0.4549000,0.0000000,74.9170000,-0.0501000,-35.6492000
20240315,540,C,0.0550,0.0550,0.0550,0.0550,0,0,0.1220000,0.0066000,0.0000000,3.5150000,-0.0041000,0.4924000
20240315,540,P,65.8600,65.8600,65.8600,65.8600,0,0,0.2929000,-0.8373000,0.0000000,46.4756000,-0.0498000,-73.5514000
20240315,305,C,172.1200,172.1200,172.1200,172.1200,0,0,0.5242000,0.9879000,0.0000000,5.9191000,-0.0699000,47.0806000
20240315,305,P,0.1150,0.1150,0.1150,0.1150,0,0,0.4404000,-0.0040000,0.0000000,2.2602000,-0.0082000,-0.3219000
20240315,433,C,46.6000,46.6000,46.6000,46.6000,0,0,0.2000000,0.9002000,0.0000000,33.1009000,-0.1125000,60.4201000
20240315,433,P,1.5650,1.5650,1.5650,1.5650,0,0,0.1911000,-0.0902000,0.0000000,30.7502000,-0.0442000,-7.0460000
20240315,497,C,1.9600,1.9600,1.9600,1.9600,0,0,0.1053000,0.1839000,0.0000000,50.2662000,-0.0580000,13.5455000
20240315,497,P,22.8600,22.8600,22.8600,22.8600,0,0,0.1442000,-0.7403000,0.0000000,61.2639000,-0.0216000,-59.4068000
20240315,390,C,88.2650,88.2650,88.2650,88.2650,0,0,0.2961000,0.9628000,0.0000000,15.3291000,-0.0928000,58.5155000
20240315,390,P,0.5250,0.5250,0.5250,0.5250,0,0,0.2701000,-0.0258000,0.0000000,11.3536000,-0.0245000,-2.0288000
20240315,454,C,27.4000,27.4000,27.4000,27.4000,0,0,0.1600000,0.8006000,0.0000000,52.8130000,-0.1241000,55.9628000
20240315,454,P,3.3450,3.3450,3.3450,3.3450,0,0,0.1575000,-0.1960000,0.0000000,52.2730000,-0.0569000,-15.2986000
20240315,518,C,0.2300,0.2300,0.2300,0.2300,0,0,0.1057000,0.0301000,0.0000000,12.8954000,-0.0137000,2.2312000
20240315,518,P,43.8550,43.8550,43.8550,43.8550,0,0,0.2215000,-0.8058000,0.0000000,51.9744000,-0.0371000,-67.6765000
20240315,411,C,67.7350,67.7350,67.7350,67.7350,0,0,0.2467000,0.9437000,0.0000000,21.3921000,-0.1008000,60.3397000
20240315,411,P,0.8350,0.8350,0.8350,0.8350,0,0,0.2299000,-0.0449000,0.0000000,17.8896000,-0.0322000,-3.5163000
20240315,475,C,11.0550,11.0550,11.0550,11.0550,0,0,0.1252000,0.5622000,0.0000000,74.4774000,-0.1176000,40.6036000
20240315,475,P,8.2400,8.2400,8.2400,8.2400,0,0,0.1293000,-0.4390000,0.0000000,74.5155000,-0.0515000,-34.3861000
20240315,645,P,170.8450,170.8450,170.8450,170.8450,0,0,0.5676000,-0.8868000,0.0000000,36.2717000,-0.0913000,-93.9575000
20240315,240,C,236.4500,236.4500,236.4500,236.4500,0,0,0.7390000,0.9935000,0.0000000,3.4231000,-0.0560000,37.2796000
20240315,240,P,0.0350,0.0350,0.0350,0.0350,0,0,0.5781000,-0.0009000,0.0000000,0.6059000,-0.0029000,-0.0762000
20240315,432,C,47.5450,47.5450,47.5450,47.5450,0,0,0.2019000,0.9033000,0.0000000,32.3476000,-0.1117000,60.5032000
20240315,432,P,1.5150,1.5150,1.5150,1.5150,0,0,0.1928000,-0.0871000,0.0000000,29.9604000,-0.0435000,-6.8046000
20240315,496,C,2.1600,2.1600,2.1600,2.1600,0,0,0.1057000,0.1979000,0.0000000,52.5858000,-0.0613000,14.5711000
20240315,496,P,21.8650,21.8650,21.8650,21.8650,0,0,0.1401000,-0.7351000,0.0000000,61.8810000,-0.0207000,-58.8614000
20240315,560,C,0.0250,0.0250,0.0250,0.0250,0,0,0.1406000,0.0026000,0.0000000,1.5327000,-0.0020000,0.1944000
20240315,560,P,85.8550,85.8550,85.8550,85.8550,0,0,0.3518000,-0.8546000,0.0000000,43.1393000,-0.0592000,-78.0319000
20240315,325,C,152.3400,152.3400,152.3400,152.3400,0,0,0.4655000,0.9851000,0.0000000,7.1122000,-0.0744000,50.0088000
20240315,325,P,0.1550,0.1550,0.1550,0.1550,0,0,0.3974000,-0.0059000,0.0000000,3.1830000,-0.0104000,-0.4711000
20240315,453,C,28.2750,28.2750,28.2750,28.2750,0,0,0.1617000,0.8077000,0.0000000,51.6580000,-0.1237000,56.3619000
20240315,453,P,3.2150,3.2150,3.2150,3.2150,0,0,0.1591000,-0.1885000,0.0000000,51.0530000,-0.0565000,-14.7187000
20240315,410,C,68.7050,68.7050,68.7050,68.7050,0,0,0.2489000,0.9450000,0.0000000,20.9945000,-0.1003000,60.2850000
20240315,410,P,0.8150,0.8150,0.8150,0.8150,0,0,0.2318000,-0.0436000,0.0000000,17.4773000,-0.0317000,-3.4165000
20240315,474,C,11.7000,11.7000,11.7000,11.7000,0,0,0.1266000,0.5781000,0.0000000,73.9448000,-0.1190000,41.7002000
20240315,474,P,7.8600,7.8600,7.8600,7.8600,0,0,0.1302000,-0.4233000,0.0000000,74.0021000,-0.0526000,-33.1449000
20240315,431,C,48.4900,48.4900,48.4900,48.4900,0,0,0.2039000,0.9060000,0.0000000,31.6734000,-0.1112000,60.5576000
20240315,431,P,1.4650,1.4650,1.4650,1.4650,0,0,0.1944000,-0.0841000,0.0000000,29.1901000,-0.0429000,-6.5724000
20240315,495,C,2.3800,2.3800,2.3800,2.3800,0,0,0.1063000,0.2128000,0.0000000,54.8945000,-0.0646000,15.6547000
20240315,495,P,20.9100,20.9100,20.9100,20.9100,0,0,0.1368000,-0.7284000,0.0000000,62.6657000,-0.0205000,-58.2046000
20240315,260,C,216.6450,216.6450,216.6450,216.6450,0,0,0.6656000,0.9924000,0.0000000,3.9494000,-0.0596000,40.3421000
20240315,260,P,0.0550,0.0550,0.0550,0.0550,0,0,0.5375000,-0.0015000,0.0000000,0.9707000,-0.0043000,-0.1273000
20240315,452,C,29.1500,29.1500,29.1500,29.1500,0,0,0.1636000,0.8144000,0.0000000,50.5367000,-0.1233000,56.7289000
20240315,452,P,3.0900,3.0900,3.0900,3.0900,0,0,0.1607000,-0.1815000,0.0000000,49.8588000,-0.0560000,-14.1684000
20240315,516,C,0.2750,0.2750,0.2750,0.2750,0,0,0.1043000,0.0350000,0.0000000,14.6264000,-0.0155000,2.5989000
20240315,516,P,41.8550,41.8550,41.8550,41.8550,0,0,0.2146000,-0.8017000,0.0000000,52.6320000,-0.0358000,-67.0520000
20240315,580,C,0.0150,0.0150,0.0150,0.0150,0,0,0.1582000,0.0012000,0.0000000,0.7628000,-0.0011000,0.0902000
20240315,580,P,105.8500,105.8500,105.8500,105.8500,0,0,0.4071000,-0.8662000,0.0000000,40.7753000,-0.0678000,-82.0807000
20240315,345,C,132.5950,132.5950,132.5950,132.5950,0,0,0.4116000,0.9808000,0.0000000,8.8316000,-0.0797000,52.8237000
20240315,345,P,0.2250,0.2250,0.2250,0.2250,0,0,0.3583000,-0.0092000,0.0000000,4.7025000,-0.0138000,-0.7313000
20240315,409,C,69.6800,69.6800,69.6800,69.6800,0,0,0.2514000,0.9460000,0.0000000,20.6911000,-0.1000000,60.2049000
20240315,409,P,0.7950,0.7950,0.7950,0.7950,0,0,0.2336000,-0.0424000,0.0000000,17.0755000,-0.0313000,-3.3200000
20240315,473,C,12.3700,12.3700,12.3700,12.3700,0,0,0.1281000,0.5936000,0.0000000,73.3115000,-0.1202000,42.7567000
20240315,473,P,7.5150,7.5150,7.5150,7.5150,0,0,0.1313000,-0.4080000,0.0000000,73.3878000,-0.0537000,-31.9384000
20240315,430,C,49.4400,49.4400,49.4400,49.4400,0,0,0.2060000,0.9087000,0.0000000,31.0157000,-0.1106000,60.6045000
20240315,430,P,1.4200,1.4200,1.4200,1.4200,0,0,0.1962000,-0.0814000,0.0000000,28.4880000,-0.0423000,-6.3639000
20240315,494,C,2.6100,2.6100,2.6100,2.6100,0,0,0.1067000,0.2278000,0.0000000,57.0915000,-0.0679000,16.7539000
20240315,494,P,19.9950,19.9950,19.9950,19.9950,0,0,0.1339000,-0.7206000,0.0000000,63.5464000,-0.0206000,-57.4696000
20240315,195,C,281.0200,281.0200,281.0200,281.0200,0,0,0.9236000,0.9956000,0.0000000,2.4360000,-0.0472000,30.3516000
20240315,195,P,0.0150,0.0150,0.0150,0.0150,0,0,0.6749000,-0.0002000,0.0000000,0.1845000,-0.0010000,-0.0212000
20240315,451,C,30.0350,30.0350,30.0350,30.0350,0,0,0.1653000,0.8210000,0.0000000,49.4090000,-0.1227000,57.0847000
20240315,451,P,2.9750,2.9750,2.9750,2.9750,0,0,0.1622000,-0.1746000,0.0000000,48.6636000,-0.0555000,-13.6331000
20240315,515,C,0.3050,0.3050,0.3050,0.3050,0,0,0.1041000,0.0384000,0.0000000,15.7794000,-0.0167000,2.8511000
20240315,515,P,40.8550,40.8550,40.8550,40.8550,0,0,0.2111000,-0.7996000,0.0000000,52.9742000,-0.0352000,-66.7315000
20240315,280,C,196.8550,196.8550,196.8550,196.8550,0,0,0.6007000,0.9907000,0.0000000,4.7202000,-0.0642000,43.3583000
20240315,280,P,0.0750,0.0750,0.0750,0.0750,0,0,0.4931000,-0.0023000,0.0000000,1.4132000,-0.0058000,-0.1919000
20240315,408,C,70.6550,70.6550,70.6550,70.6550,0,0,0.2536000,0.9473000,0.0000000,20.3101000,-0.0995000,60.1447000
20240315,408,P,0.7750,0.7750,0.7750,0.7750,0,0,0.2354000,-0.0412000,0.0000000,16.6841000,-0.0309000,-3.2268000
20240315,472,C,13.0550,13.0550,13.0550,13.0550,0,0,0.1295000,0.6086000,0.0000000,72.5829000,-0.1212000,43.7820000
20240315,472,P,7.1750,7.1750,7.1750,7.1750,0,0,0.1323000,-0.3931000,0.0000000,72.6771000,-0.0547000,-30.7590000
20240315,600,P,125.8450,125.8450,125.8450,125.8450,0,0,0.4591000,-0.8747000,0.0000000,38.9633000,-0.0754000,-85.8969000
20240315,365,C,112.8650,112.8650,112.8650,112.8650,0,0,0.3590000,0.9748000,0.0000000,11.0845000,-0.0852000,55.5128000
20240315,365,P,0.3250,0.3250,0.3250,0.3250,0,0,0.3190000,-0.0143000,0.0000000,6.9100000,-0.0179000,-1.1356000
20240315,429,C,50.3900,50.3900,50.3900,50.3900,0,0,0.2080000,0.9113000,0.0000000,30.3587000,-0.1100000,60.6488000
20240315,429,P,1.3750,1.3750,1.3750,1.3750,0,0,0.1978000,-0.0785000,0.0000000,27.7232000,-0.0416000,-6.1391000
20240315,493,C,2.8650,2.8650,2.8650,2.8650,0,0,0.1072000,0.2435000,0.0000000,59.2275000,-0.0711000,17.8966000
20240315,493,P,19.1150,19.1150,19.1150,19.1150,0,0,0.1315000,-0.7114000,0.0000000,64.5380000,-0.0212000,-56.6378000
20240315,535,C,0.0650,0.0650,0.0650,0.0650,0,0,0.1166000,0.0083000,0.0000000,4.3105000,-0.0049000,0.6209000
20240315,535,P,60.8600,60.8600,60.8600,60.8600,0,0,0.2773000,-0.8317000,0.0000000,47.5118000,-0.0472000,-72.3320000
20240315,450,C,30.9250,30.9250,30.9250,30.9250,0,0,0.1671000,0.8272000,0.0000000,48.3184000,-0.1222000,57.4102000
20240315,450,P,2.8600,2.8600,2.8600,2.8600,0,0,0.1638000,-0.1681000,0.0000000,47.4981000,-0.0550000,-13.1257000
20240315,514,C,0.3350,0.3350,0.3350,0.3350,0,0,0.1037000,0.0419000,0.0000000,16.9402000,-0.0180000,3.1109000
20240315,514,P,39.8550,39.8550,39.8550,39.8550,0,0,0.2077000,-0.7973000,0.0000000,53.3299000,-0.0345000,-66.4031000
20240315,215,C,261.2050,261.2050,261.2050,261.2050,0,0,0.8339000,0.9949000,0.0000000,2.7714000,-0.0506000,33.4494000
20240315,215,P,0.0250,0.0250,0.0250,0.0250,0,0,0.6437000,-0.0005000,0.0000000,0.3924000,-0.0021000,-0.0478000
20240315,407,C,71.6250,71.6250,71.6250,71.6250,0,0,0.2556000,0.9485000,0.0000000,19.9256000,-0.0990000,60.0848000
20240315,407,P,0.7550,0.7550,0.7550,0.7550,0,0,0.2373000,-0.0400000,0.0000000,16.3026000,-0.0304000,-3.1365000
20240315,471,C,13.7550,13.7550,13.7550,13.7550,0,0,0.1311000,0.6231000,0.0000000,71.7747000,-0.1221000,44.7634000
20240315,471,P,6.8600,6.8600,6.8600,6.8600,0,0,0.1336000,-0.3787000,0.0000000,71.8867000,-0.0556000,-29.6229000
20240315,300,C,177.0650,177.0650,177.0650,177.0650,0,0,0.5382000,0.9886000,0.0000000,5.6102000,-0.0685000,46.3499000
20240315,300,P,0.1050,0.1050,0.1050,0.1050,0,0,0.4501000,-0.0036000,0.0000000,2.0395000,-0.0076000,-0.2873000
20240315,428,C,51.3450,51.3450,51.3450,51.3450,0,0,0.2100000,0.9138000,0.0000000,29.7024000,-0.1094000,60.6907000
20240315,428,P,1.3350,1.3350,1.3350,1.3350,0,0,0.1995000,-0.0760000,0.0000000,27.0416000,-0.0410000,-5.9418000
20240315,492,C,3.1400,3.1400,3.1400,3.1400,0,0,0.1079000,0.2602000,0.0000000,61.3307000,-0.0746000,19.1060000
20240315,492,P,18.2700,18.2700,18.2700,18.2700,0,0,0.1296000,-0.7009000,0.0000000,65.6156000,-0.0222000,-55.7125000
20240315,620,P,145.8400,145.8400,145.8400,145.8400,0,0,0.5087000,-0.8809000,0.0000000,37.5922000,-0.0827000,-89.5444000
20240315,385,C,93.1750,93.1750,93.1750,93.1750,0,0,0.3083000,0.9659000,0.0000000,14.2852000,-0.0911000,57.9659000
20240315,385,P,0.4750,0.4750,0.4750,0.4750,0,0,0.2799000,-0.0228000,0.0000000,10.2557000,-0.0230000,-1.7989000
20240315,449,C,31.8150,31.8150,31.8150,31.8150,0,0,0.1689000,0.8332000,0.0000000,47.2298000,-0.1217000,57.7229000
20240315,449,P,2.7500,2.7500,2.7500,2.7500,0,0,0.1653000,-0.1618000,0.0000000,46.3256000,-0.0544000,-12.6284000
20240315,555,C,0.0250,0.0250,0.0250,0.0250,0,0,0.1328000,0.0026000,0.0000000,1.5413000,-0.0019000,0.1958000
20240315,555,P,80.8550,80.8550,80.8550,80.8550,0,0,0.3374000,-0.8510000,0.0000000,43.8606000,-0.0570000,-76.9634000
20240315,406,C,72.6150,72.6150,72.6150,72.6150,0,0,0.2587000,0.9492000,0.0000000,19.7370000,-0.0990000,59.9735000
20240315,406,P,0.7350,0.7350,0.7350,0.7350,0,0,0.2390000,-0.0388000,0.0000000,15.9069000,-0.0299000,-3.0435000
20240315,470,C,14.4650,14.4650,14.4650,14.4650,0,0,0.1325000,0.6372000,0.0000000,70.8893000,-0.1229000,45.7122000
20240315,470,P,6.5550,6.5550,6.5550,6.5550,0,0,0.1347000,-0.3645000,0.0000000,71.0095000,-0.0563000,-28.5060000
20240315,235,C,241.4000,241.4000,241.4000,241.4000,0,0,0.7572000,0.9938000,0.0000000,3.2789000,-0.0548000,36.5162000
20240315,235,P,0.0250,0.0250,0.0250,0.0250,0,0,0.5749000,-0.0006000,0.0000000,0.4314000,-0.0020000,-0.0526000
20240315,427,C,52.3000,52.3000,52.3000,52.3000,0,0,0.2122000,0.9160000,0.0000000,29.1366000,-0.1089000,60.7026000
20240315,427,P,1.2950,1.2950,1.2950,1.2950,0,0,0.2012000,-0.0735000,0.0000000,26.3617000,-0.0404000,-5.7473000
20240315,491,C,3.4350,3.4350,3.4350,3.4350,0,0,0.1085000,0.2769000,0.0000000,63.2798000,-0.0778000,20.3191000
20240315,491,P,17.4550,17.4550,17.4550,17.4550,0,0,0.1279000,-0.6897000,0.0000000,66.7031000,-0.0233000,-54.7339000
20240328,565,C,0.0350,0.0350,0.0350,0.0350,0,0,0.1367000,0.0033000,0.0000000,2.1391000,-0.0022000,0.3075000
20240328,565,P,90.8550,90.8550,90.8550,90.8550,0,0,0.3498000,-0.8395000,0.0000000,50.9798000,-0.0543000,-95.0949000
20240328,320,C,157.3200,157.3200,157.3200,157.3200,0,0,0.4172753,0.9881438,0.0003518,0.0650851,-0.0572233,0.6138125
20240328,320,P,0.2100,0.2100,0.2100,0.2100,0,0,0.3891000,-0.0074000,0.0000000,4.2869000,-0.0112000,-0.7244000
20240328,416,C,63.1750,63.1750,63.1750,63.1750,0,0,0.1937000,0.9548000,0.0000000,19.8786000,-0.0839000,75.7710000
20240328,416,P,1.2800,1.2800,1.2800,1.2800,0,0,0.2157000,-0.0629000,0.0000000,25.8642000,-0.0347000,-6.0555000
20240328,448,C,33.4150,33.4150,33.4150,33.4150,0,0,0.1545000,0.8454000,0.0000000,49.7374000,-0.1076000,71.4691000
20240328,448,P,3.3650,3.3650,3.3650,3.3650,0,0,0.1675000,-0.1726000,0.0000000,53.4482000,-0.0506000,-16.5798000
20240328,480,C,9.2200,9.2200,9.2200,9.2200,0,0,0.1160000,0.4946000,0.0000000,83.4127000,-0.1009000,43.8231000
20240328,480,P,11.3450,11.3450,11.3450,11.3450,0,0,0.1300000,-0.5024000,0.0000000,83.4187000,-0.0400000,-48.5443000
20240328,512,C,0.6300,0.6300,0.6300,0.6300,0,0,0.1003000,0.0692000,0.0000000,27.8460000,-0.0243000,6.2644000
20240328,512,P,37.8700,37.8700,37.8700,37.8700,0,0,0.1941000,-0.7685000,0.0000000,63.7171000,-0.0285000,-78.2455000
20240328,405,C,73.7950,73.7950,73.7950,73.7950,0,0,0.2067000,0.9703000,0.0000000,14.0738000,-0.0767000,75.1396000
20240328,405,P,0.9800,0.9800,0.9800,0.9800,0,0,0.2340000,-0.0466000,0.0000000,20.3962000,-0.0302000,-4.4913000
20240328,437,C,43.3500,43.3500,43.3500,43.3500,0,0,0.1682000,0.8988000,0.0000000,36.9963000,-0.0996000,74.4660000
20240328,437,P,2.3450,2.3450,2.3450,2.3450,0,0,0.1834000,-0.1198000,0.0000000,41.7812000,-0.0453000,-11.5042000
20240328,501,C,1.8250,1.8250,1.8250,1.8250,0,0,0.1018000,0.1646000,0.0000000,51.8262000,-0.0482000,14.8266000
20240328,501,P,26.8700,26.8700,26.8700,26.8700,0,0,0.1555000,-0.7320000,0.0000000,68.8766000,-0.0209000,-72.7384000
20240328,469,C,16.2750,16.2750,16.2750,16.2750,0,0,0.1280000,0.6566000,0.0000000,76.9005000,-0.1123000,57.3973000
20240328,469,P,7.2650,7.2650,7.2650,7.2650,0,0,0.1400000,-0.3542000,0.0000000,77.7871000,-0.0511000,-34.0802000
20240328,575,C,0.0300,0.0300,0.0300,0.0300,0,0,0.1503000,0.0032000,0.0000000,2.0668000,-0.0024000,0.2955000
20240328,575,P,100.8600,100.8600,100.8600,100.8600,0,0,0.3760000,-0.8456000,0.0000000,49.6928000,-0.0584000,-97.6067000
20240328,330,C,147.4400,147.4400,147.4400,147.4400,0,0,0.3932924,0.9865353,0.0004167,0.0726610,-0.0593325,0.6317975
20240328,330,P,0.2500,0.2500,0.2500,0.2500,0,0,0.3708000,-0.0091000,0.0000000,5.1455000,-0.0127000,-0.8904000
20240328,394,C,84.5000,84.5000,84.5000,84.5000,0,0,0.2192000,0.9807000,0.0000000,9.8001000,-0.0705000,74.0121000
20240328,394,P,0.7700,0.7700,0.7700,0.7700,0,0,0.2528000,-0.0352000,0.0000000,16.2558000,-0.0263000,-3.4014000
20240328,426,C,53.6350,53.6350,53.6350,53.6350,0,0,0.1815000,0.9338000,0.0000000,26.8659000,-0.0910000,75.6943000
20240328,426,P,1.6850,1.6850,1.6850,1.6850,0,0,0.1999000,-0.0846000,0.0000000,32.4241000,-0.0395000,-8.1291000
20240328,458,C,24.8450,24.8450,24.8450,24.8450,0,0,0.1417000,0.7732000,0.0000000,62.9887000,-0.1127000,66.4802000
20240328,458,P,4.7850,4.7850,4.7850,4.7850,0,0,0.1537000,-0.2430000,0.0000000,65.4553000,-0.0533000,-23.3470000
20240328,490,C,4.6550,4.6550,4.6550,4.6550,0,0,0.1073000,0.3249000,0.0000000,75.2544000,-0.0786000,29.0633000
20240328,490,P,17.1850,17.1850,17.1850,17.1850,0,0,0.1293000,-0.6435000,0.0000000,77.9591000,-0.0240000,-62.6934000
20240328,522,C,0.2500,0.2500,0.2500,0.2500,0,0,0.1026000,0.0304000,0.0000000,14.4084000,-0.0124000,2.7605000
20240328,522,P,47.8650,47.8650,47.8650,47.8650,0,0,0.2265000,-0.7908000,0.0000000,60.1208000,-0.0343000,-82.2450000
20240328,415,C,64.1350,64.1350,64.1350,64.1350,0,0,0.1949000,0.9565000,0.0000000,19.2645000,-0.0832000,75.7433000
20240328,415,P,1.2500,1.2500,1.2500,1.2500,0,0,0.2174000,-0.0612000,0.0000000,25.3206000,-0.0343000,-5.8937000
20240328,447,C,34.2950,34.2950,34.2950,34.2950,0,0,0.1557000,0.8514000,0.0000000,48.4496000,-0.1069000,71.8495000
20240328,447,P,3.2500,3.2500,3.2500,3.2500,0,0,0.1690000,-0.1670000,0.0000000,52.3150000,-0.0502000,-16.0349000
20240328,479,C,9.7850,9.7850,9.7850,9.7850,0,0,0.1170000,0.5109000,0.0000000,83.3888000,-0.1025000,45.2211000
20240328,479,P,10.8850,10.8850,10.8850,10.8850,0,0,0.1307000,-0.4878000,0.0000000,83.3819000,-0.0414000,-47.1126000
20240328,511,C,0.7000,0.7000,0.7000,0.7000,0,0,0.1004000,0.0755000,0.0000000,29.7771000,-0.0261000,6.8351000
20240328,511,P,36.8700,36.8700,36.8700,36.8700,0,0,0.1907000,-0.7658000,0.0000000,64.1226000,-0.0278000,-77.8058000
20240328,340,C,137.5750,137.5750,137.5750,137.5750,0,0,0.3711255,0.9843580,0.0005024,0.0826667,-0.0618817,0.6492210
20240328,340,P,0.2900,0.2900,0.2900,0.2900,0,0,0.3510000,-0.0109000,0.0000000,6.0386000,-0.0141000,-1.0675000
20240328,436,C,44.2750,44.2750,44.2750,44.2750,0,0,0.1693000,0.9027000,0.0000000,35.9432000,-0.0988000,74.6480000
20240328,436,P,2.2700,2.2700,2.2700,2.2700,0,0,0.1849000,-0.1160000,0.0000000,40.8479000,-0.0448000,-11.1433000
20240328,404,C,74.7650,74.7650,74.7650,74.7650,0,0,0.2078000,0.9715000,0.0000000,13.6153000,-0.0761000,75.0577000
20240328,404,P,0.9600,0.9600,0.9600,0.9600,0,0,0.2358000,-0.0455000,0.0000000,20.0035000,-0.0299000,-4.3847000
20240328,500,C,2.0000,2.0000,2.0000,2.0000,0,0,0.1022000,0.1769000,0.0000000,54.2777000,-0.0510000,15.9282000
20240328,500,P,25.8700,25.8700,25.8700,25.8700,0,0,0.1518000,-0.7276000,0.0000000,69.4328000,-0.0201000,-72.1435000
20240328,468,C,17.0000,17.0000,17.0000,17.0000,0,0,0.1292000,0.6691000,0.0000000,75.8048000,-0.1127000,58.4046000
20240328,468,P,6.9850,6.9850,6.9850,6.9850,0,0,0.1411000,-0.3424000,0.0000000,76.8290000,-0.0516000,-32.9416000
20240328,393,C,85.4700,85.4700,85.4700,85.4700,0,0,0.2197000,0.9817000,0.0000000,9.3648000,-0.0698000,73.9155000
20240328,393,P,0.7500,0.7500,0.7500,0.7500,0,0,0.2543000,-0.0343000,0.0000000,15.9038000,-0.0260000,-3.3123000
20240328,425,C,54.5800,54.5800,54.5800,54.5800,0,0,0.1829000,0.9362000,0.0000000,26.1167000,-0.0903000,75.7276000
20240328,425,P,1.6350,1.6350,1.6350,1.6350,0,0,0.2014000,-0.0819000,0.0000000,31.6660000,-0.0390000,-7.8777000
20240328,457,C,25.6750,25.6750,25.6750,25.6750,0,0,0.1430000,0.7817000,0.0000000,61.6329000,-0.1123000,67.1016000
20240328,457,P,4.6150,4.6150,4.6150,4.6150,0,0,0.1550000,-0.2348000,0.0000000,64.2349000,-0.0532000,-22.5553000
20240328,489,C,5.0200,5.0200,5.0200,5.0200,0,0,0.1081000,0.3417000,0.0000000,76.7705000,-0.0813000,30.5441000
20240328,489,P,16.4900,16.4900,16.4900,16.4900,0,0,0.1288000,-0.6306000,0.0000000,78.9039000,-0.0256000,-61.3713000
20240328,521,C,0.2750,0.2750,0.2750,0.2750,0,0,0.1021000,0.0328000,0.0000000,15.3300000,-0.0132000,2.9753000
20240328,521,P,46.8650,46.8650,46.8650,46.8650,0,0,0.2234000,-0.7889000,0.0000000,60.4392000,-0.0337000,-81.8762000
20240328,350,C,127.7100,127.7100,127.7100,127.7100,0,0,0.3485592,0.9819262,0.0006052,0.0935415,-0.0642926,0.6664064
20240328,350,P,0.3450,0.3450,0.3450,0.3450,0,0,0.3320000,-0.0133000,0.0000000,7.1533000,-0.0157000,-1.2954000
20240328,414,C,65.0950,65.0950,65.0950,65.0950,0,0,0.1960000,0.9582000,0.0000000,18.6513000,-0.0824000,75.7137000
20240328,414,P,1.2200,1.2200,1.2200,1.2200,0,0,0.2191000,-0.0595000,0.0000000,24.7737000,-0.0339000,-5.7322000
20240328,446,C,35.1850,35.1850,35.1850,35.1850,0,0,0.1569000,0.8570000,0.0000000,47.2090000,-0.1062000,72.1953000
20240328,446,P,3.1450,3.1450,3.1450,3.1450,0,0,0.1703000,-0.1614000,0.0000000,51.1711000,-0.0497000,-15.4972000
20240328,510,C,0.7700,0.7700,0.7700,0.7700,0,0,0.1004000,0.0819000,0.0000000,31.6585000,-0.0279000,7.4085000
20240328,510,P,35.8700,35.8700,35.8700,35.8700,0,0,0.1874000,-0.7630000,0.0000000,64.5437000,-0.0272000,-77.3538000
20240328,478,C,10.3650,10.3650,10.3650,10.3650,0,0,0.1180000,0.5270000,0.0000000,83.2285000,-0.1040000,46.5913000
20240328,478,P,10.4400,10.4400,10.4400,10.4400,0,0,0.1314000,-0.4734000,0.0000000,83.2358000,-0.0427000,-45.6965000
20240328,275,C,201.8250,201.8250,201.8250,201.8250,0,0,0.5349188,0.9928320,0.0001767,0.0419017,-0.0487157,0.5304064
20240328,275,P,0.0950,0.0950,0.0950,0.0950,0,0,0.4726000,-0.0028000,0.0000000,1.8160000,-0.0058000,-0.2785000
20240328,435,C,45.2000,45.2000,45.2000,45.2000,0,0,0.1707000,0.9063000,0.0000000,34.9748000,-0.0980000,74.7937000
20240328,435,P,2.2050,2.2050,2.2050,2.2050,0,0,0.1864000,-0.1123000,0.0000000,39.9148000,-0.0443000,-10.7880000
20240328,403,C,75.7350,75.7350,75.7350,75.7350,0,0,0.2089000,0.9726000,0.0000000,13.1705000,-0.0755000,74.9715000
20240328,403,P,0.9400,0.9400,0.9400,0.9400,0,0,0.2375000,-0.0443000,0.0000000,19.5923000,-0.0295000,-4.2736000
20240328,499,C,2.1900,2.1900,2.1900,2.1900,0,0,0.1026000,0.1895000,0.0000000,56.6680000,-0.0537000,17.0586000
20240328,499,P,24.8700,24.8700,24.8700,24.8700,0,0,0.1481000,-0.7231000,0.0000000,70.0015000,-0.0194000,-71.5300000
20240328,467,C,17.7500,17.7500,17.7500,17.7500,0,0,0.1306000,0.6810000,0.0000000,74.6712000,-0.1131000,59.3598000
20240328,467,P,6.7200,6.7200,6.7200,6.7200,0,0,0.1424000,-0.3311000,0.0000000,75.8321000,-0.0521000,-31.8473000
20240328,392,C,86.4500,86.4500,86.4500,86.4500,0,0,0.2210000,0.9823000,0.0000000,9.0933000,-0.0694000,73.7820000
20240328,392,P,0.7400,0.7400,0.7400,0.7400,0,0,0.2564000,-0.0336000,0.0000000,15.6532000,-0.0258000,-3.2497000
20240328,360,C,117.8550,117.8550,117.8550,117.8550,0,0,0.2324000,0.9977000,0.0000000,1.4862000,-0.0542000,69.0907000
20240328,360,P,0.4100,0.4100,0.4100,0.4100,0,0,0.3144000,-0.0166000,0.0000000,8.6455000,-0.0179000,-1.6123000
20240328,424,C,55.5300,55.5300,55.5300,55.5300,0,0,0.1842000,0.9385000,0.0000000,25.3685000,-0.0896000,75.7579000
20240328,424,P,1.5900,1.5900,1.5900,1.5900,0,0,0.2031000,-0.0796000,0.0000000,30.9936000,-0.0385000,-7.6580000
20240328,456,C,26.5100,26.5100,26.5100,26.5100,0,0,0.1444000,0.7898000,0.0000000,60.2932000,-0.1120000,67.6842000
20240328,456,P,4.4550,4.4550,4.4550,4.4550,0,0,0.1564000,-0.2269000,0.0000000,63.0233000,-0.0531000,-21.7980000
20240328,520,C,0.3000,0.3000,0.3000,0.3000,0,0,0.1020000,0.0359000,0.0000000,16.5009000,-0.0142000,3.2534000
20240328,520,P,45.8650,45.8650,45.8650,45.8650,0,0,0.2202000,-0.7870000,0.0000000,60.7627000,-0.0331000,-81.5031000
20240328,488,C,5.4100,5.4100,5.4100,5.4100,0,0,0.1089000,0.3587000,0.0000000,78.1389000,-0.0839000,32.0374000
20240328,488,P,15.8200,15.8200,15.8200,15.8200,0,0,0.1284000,-0.6174000,0.0000000,79.7802000,-0.0271000,-60.0185000
20240328,285,C,191.9350,191.9350,191.9350,191.9350,0,0,0.5082623,0.9919531,0.0002059,0.0463940,-0.0506936,0.5490935
20240328,285,P,0.1250,0.1250,0.1250,0.1250,0,0,0.4589000,-0.0038000,0.0000000,2.3839000,-0.0074000,-0.3768000
20240328,445,C,36.0800,36.0800,36.0800,36.0800,0,0,0.1583000,0.8622000,0.0000000,46.0374000,-0.1056000,72.4992000
20240328,445,P,3.0400,3.0400,3.0400,3.0400,0,0,0.1718000,-0.1561000,0.0000000,50.0749000,-0.0493000,-14.9940000
20240328,413,C,66.0550,66.0550,66.0550,66.0550,0,0,0.1970000,0.9599000,0.0000000,18.0394000,-0.0817000,75.6820000
20240328,413,P,1.1900,1.1900,1.1900,1.1900,0,0,0.2208000,-0.0579000,0.0000000,24.2550000,-0.0335000,-5.5805000
20240328,477,C,10.9550,10.9550,10.9550,10.9550,0,0,0.1190000,0.5428000,0.0000000,82.9386000,-0.1054000,47.9340000
20240328,477,P,10.0250,10.0250,10.0250,10.0250,0,0,0.1321000,-0.4592000,0.0000000,82.9839000,-0.0440000,-44.2994000
20240328,509,C,0.8500,0.8500,0.8500,0.8500,0,0,0.1004000,0.0890000,0.0000000,33.6786000,-0.0298000,8.0437000
20240328,509,P,34.8700,34.8700,34.8700,34.8700,0,0,0.1839000,-0.7602000,0.0000000,64.9689000,-0.0265000,-76.8954000
20240328,370,C,108.0150,108.0150,108.0150,108.0150,0,0,0.2358000,0.9943000,0.0000000,3.3549000,-0.0585000,70.6955000
20240328,370,P,0.4850,0.4850,0.4850,0.4850,0,0,0.2951000,-0.0202000,0.0000000,10.2208000,-0.0197000,-1.9585000
20240328,434,C,46.1300,46.1300,46.1300,46.1300,0,0,0.1719000,0.9098000,0.0000000,34.0087000,-0.0973000,74.9334000
20240328,434,P,2.1350,2.1350,2.1350,2.1350,0,0,0.1878000,-0.1086000,0.0000000,38.9818000,-0.0437000,-10.4381000
20240328,402,C,76.7050,76.7050,76.7050,76.7050,0,0,0.2099000,0.9737000,0.0000000,12.7128000,-0.0749000,74.8874000
20240328,402,P,0.9150,0.9150,0.9150,0.9150,0,0,0.2387000,-0.0429000,0.0000000,19.0822000,-0.0289000,-4.1362000
20240328,498,C,2.3950,2.3950,2.3950,2.3950,0,0,0.1029000,0.2025000,0.0000000,58.9913000,-0.0564000,18.2171000
20240328,498,P,23.8700,23.8700,23.8700,23.8700,0,0,0.1443000,-0.7183000,0.0000000,70.5895000,-0.0186000,-70.8922000
20240328,466,C,18.5000,18.5000,18.5000,18.5000,0,0,0.1318000,0.6927000,0.0000000,73.4785000,-0.1133000,60.2936000
20240328,466,P,6.4600,6.4600,6.4600,6.4600,0,0,0.1435000,-0.3200000,0.0000000,74.7792000,-0.0525000,-30.7696000
20240328,530,C,0.1350,0.1350,0.1350,0.1350,0,0,0.1064000,0.0165000,0.0000000,8.6357000,-0.0076000,1.5050000
20240328,530,P,55.8650,55.8650,55.8650,55.8650,0,0,0.2513000,-0.8041000,0.0000000,57.8066000,-0.0386000,-85.0267000
20240328,295,C,182.0350,182.0350,182.0350,182.0350,0,0,0.4799290,0.9912047,0.0002357,0.0501607,-0.0522129,0.5679223
20240328,295,P,0.1450,0.1450,0.1450,0.1450,0,0,0.4384000,-0.0046000,0.0000000,2.8134000,-0.0083000,-0.4526000
20240328,391,C,87.4250,87.4250,87.4250,87.4250,0,0,0.2211000,0.9834000,0.0000000,8.6230000,-0.0686000,73.6914000
20240328,391,P,0.7250,0.7250,0.7250,0.7250,0,0,0.2578000,-0.0326000,0.0000000,15.2692000,-0.0253000,-3.1533000
20240328,455,C,27.3550,27.3550,27.3550,27.3550,0,0,0.1456000,0.7977000,0.0000000,58.9268000,-0.1115000,68.2560000
20240328,455,P,4.3000,4.3000,4.3000,4.3000,0,0,0.1579000,-0.2194000,0.0000000,61.8313000,-0.0529000,-21.0786000
20240328,423,C,56.4800,56.4800,56.4800,56.4800,0,0,0.1853000,0.9409000,0.0000000,24.6027000,-0.0889000,75.7909000
20240328,423,P,1.5500,1.5500,1.5500,1.5500,0,0,0.2048000,-0.0774000,0.0000000,30.3365000,-0.0381000,-7.4455000
20240328,487,C,5.8200,5.8200,5.8200,5.8200,0,0,0.1097000,0.3759000,0.0000000,79.3509000,-0.0864000,33.5350000
20240328,487,P,15.1750,15.1750,15.1750,15.1750,0,0,0.1281000,-0.6038000,0.0000000,80.5788000,-0.0287000,-58.6384000
20240328,519,C,0.3250,0.3250,0.3250,0.3250,0,0,0.1013000,0.0383000,0.0000000,17.4007000,-0.0150000,3.4716000
20240328,519,P,44.8650,44.8650,44.8650,44.8650,0,0,0.2170000,-0.7850000,0.0000000,61.0975000,-0.0325000,-81.1223000
20240328,529,C,0.1450,0.1450,0.1450,0.1450,0,0,0.1057000,0.0176000,0.0000000,9.1133000,-0.0079000,1.6028000
20240328,529,P,54.8650,54.8650,54.8650,54.8650,0,0,0.2482000,-0.8026000,0.0000000,58.0720000,-0.0380000,-84.6950000
20240328,380,C,98.1950,98.1950,98.1950,98.1950,0,0,0.2304000,0.9900000,0.0000000,5.5328000,-0.0630000,72.2096000
20240328,380,P,0.5800,0.5800,0.5800,0.5800,0,0,0.2773000,-0.0253000,0.0000000,12.3482000,-0.0222000,-2.4470000
20240328,412,C,67.0200,67.0200,67.0200,67.0200,0,0,0.1986000,0.9612000,0.0000000,17.5731000,-0.0812000,75.6103000
20240328,412,P,1.1600,1.1600,1.1600,1.1600,0,0,0.2224000,-0.0563000,0.0000000,23.7174000,-0.0330000,-5.4244000
20240328,444,C,36.9750,36.9750,36.9750,36.9750,0,0,0.1594000,0.8676000,0.0000000,44.7774000,-0.1048000,72.8302000
20240328,444,P,2.9400,2.9400,2.9400,2.9400,0,0,0.1733000,-0.1510000,0.0000000,48.9774000,-0.0489000,-14.5006000
20240328,476,C,11.5750,11.5750,11.5750,11.5750,0,0,0.1201000,0.5583000,0.0000000,82.5277000,-0.1067000,49.2389000
20240328,476,P,9.6200,9.6200,9.6200,9.6200,0,0,0.1330000,-0.4451000,0.0000000,82.6308000,-0.0452000,-42.9255000
20240328,508,C,0.9300,0.9300,0.9300,0.9300,0,0,0.1003000,0.0960000,0.0000000,35.6418000,-0.0316000,8.6814000
20240328,508,P,33.8700,33.8700,33.8700,33.8700,0,0,0.1805000,-0.7572000,0.0000000,65.4111000,-0.0258000,-76.4233000
20240328,540,C,0.0850,0.0850,0.0850,0.0850,0,0,0.1152000,0.0098000,0.0000000,5.5079000,-0.0051000,0.8945000
20240328,540,P,65.8650,65.8650,65.8650,65.8650,0,0,0.2809000,-0.8171000,0.0000000,55.4080000,-0.0435000,-88.1736000
20240328,305,C,172.1500,172.1500,172.1500,172.1500,0,0,0.4549465,0.9900470,0.0002771,0.0558916,-0.0543043,0.5863387
20240328,305,P,0.1650,0.1650,0.1650,0.1650,0,0,0.4169000,-0.0054000,0.0000000,3.2569000,-0.0091000,-0.5323000
20240328,433,C,47.0600,47.0600,47.0600,47.0600,0,0,0.1732000,0.9132000,0.0000000,33.0449000,-0.0965000,75.0673000
20240328,433,P,2.0700,2.0700,2.0700,2.0700,0,0,0.1893000,-0.1053000,0.0000000,38.1207000,-0.0432000,-10.1206000
20240328,401,C,77.6750,77.6750,77.6750,77.6750,0,0,0.2108000,0.9749000,0.0000000,12.2434000,-0.0742000,74.8051000
20240328,401,P,0.8900,0.8900,0.8900,0.8900,0,0,0.2404000,-0.0418000,0.0000000,18.6907000,-0.0286000,-4.0321000
20240328,465,C,19.2550,19.2550,19.2550,19.2550,0,0,0.1329000,0.7042000,0.0000000,72.2293000,-0.1134000,61.2066000
20240328,465,P,6.2200,6.2200,6.2200,6.2200,0,0,0.1448000,-0.3093000,0.0000000,73.7005000,-0.0528000,-29.7372000
20240328,497,C,2.6200,2.6200,2.6200,2.6200,0,0,0.1034000,0.2166000,0.0000000,61.3716000,-0.0593000,19.4720000
20240328,497,P,22.9000,22.9000,22.9000,22.9000,0,0,0.1409000,-0.7126000,0.0000000,71.2735000,-0.0181000,-70.1739000
20240328,390,C,88.4050,88.4050,88.4050,88.4050,0,0,0.2225000,0.9839000,0.0000000,8.3719000,-0.0682000,73.5525000
20240328,390,P,0.7100,0.7100,0.7100,0.7100,0,0,0.2598000,-0.0320000,0.0000000,15.0303000,-0.0251000,-3.0944000
20240328,422,C,57.4300,57.4300,57.4300,57.4300,0,0,0.1865000,0.9432000,0.0000000,23.8573000,-0.0881000,75.8151000
20240328,422,P,1.5050,1.5050,1.5050,1.5050,0,0,0.2061000,-0.0749000,0.0000000,29.5753000,-0.0375000,-7.2010000
20240328,454,C,28.2050,28.2050,28.2050,28.2050,0,0,0.1469000,0.8053000,0.0000000,57.5819000,-0.1111000,68.7907000
20240328,454,P,4.1450,4.1450,4.1450,4.1450,0,0,0.1591000,-0.2118000,0.0000000,60.5751000,-0.0526000,-20.3431000
20240328,486,C,6.2500,6.2500,6.2500,6.2500,0,0,0.1105000,0.3930000,0.0000000,80.4051000,-0.0888000,35.0343000
20240328,486,P,14.5500,14.5500,14.5500,14.5500,0,0,0.1280000,-0.5898000,0.0000000,81.2966000,-0.0304000,-57.2267000
20240328,518,C,0.3600,0.3600,0.3600,0.3600,0,0,0.1015000,0.0423000,0.0000000,18.8688000,-0.0163000,3.8346000
20240328,518,P,43.8650,43.8650,43.8650,43.8650,0,0,0.2138000,-0.7828000,0.0000000,61.4441000,-0.0320000,-80.7334000
20240328,550,C,0.0550,0.0550,0.0550,0.0550,0,0,0.1235000,0.0060000,0.0000000,3.5927000,-0.0035000,0.5502000
20240328,550,P,75.8600,75.8600,75.8600,75.8600,0,0,0.3093000,-0.8274000,0.0000000,53.4243000,-0.0481000,-91.0655000
20240328,315,C,162.2650,162.2650,162.2650,162.2650,0,0,0.4300596,0.9887720,0.0003256,0.0620796,-0.0563306,0.6046455
20240328,315,P,0.2000,0.2000,0.2000,0.2000,0,0,0.4003000,-0.0069000,0.0000000,4.0252000,-0.0108000,-0.6754000
20240328,411,C,67.9900,67.9900,67.9900,67.9900,0,0,0.2000000,0.9624000,0.0000000,17.1041000,-0.0806000,75.5384000
20240328,411,P,1.1300,1.1300,1.1300,1.1300,0,0,0.2239000,-0.0547000,0.0000000,23.1921000,-0.0326000,-5.2732000
20240328,443,C,37.8750,37.8750,37.8750,37.8750,0,0,0.1606000,0.8727000,0.0000000,43.5877000,-0.1040000,73.1205000
20240328,443,P,2.8500,2.8500,2.8500,2.8500,0,0,0.1748000,-0.1462000,0.0000000,47.9302000,-0.0485000,-14.0400000
20240328,475,C,12.2050,12.2050,12.2050,12.2050,0,0,0.1212000,0.5734000,0.0000000,82.0026000,-0.1078000,50.5125000
20240328,475,P,9.2350,9.2350,9.2350,9.2350,0,0,0.1338000,-0.4313000,0.0000000,82.1804000,-0.0463000,-41.5719000
20240328,507,C,1.0300,1.0300,1.0300,1.0300,0,0,0.1005000,0.1044000,0.0000000,37.8858000,-0.0339000,9.4350000
20240328,507,P,32.8700,32.8700,32.8700,32.8700,0,0,0.1770000,-0.7540000,0.0000000,65.8647000,-0.0252000,-75.9398000
20240328,400,C,78.6500,78.6500,78.6500,78.6500,0,0,0.2125000,0.9756000,0.0000000,11.9666000,-0.0738000,74.6766000
20240328,400,P,0.8750,0.8750,0.8750,0.8750,0,0,0.2421000,-0.0407000,0.0000000,18.3079000,-0.0282000,-3.9311000
20240328,432,C,47.9900,47.9900,47.9900,47.9900,0,0,0.1743000,0.9166000,0.0000000,32.0633000,-0.0957000,75.2022000
20240328,432,P,2.0100,2.0100,2.0100,2.0100,0,0,0.1909000,-0.1021000,0.0000000,37.2774000,-0.0427000,-9.8141000
20240328,496,C,2.8550,2.8550,2.8550,2.8550,0,0,0.1038000,0.2306000,0.0000000,63.5987000,-0.0620000,20.7196000
20240328,496,P,21.9850,21.9850,21.9850,21.9850,0,0,0.1381000,-0.7055000,0.0000000,72.0870000,-0.0181000,-69.3434000
20240328,464,C,20.0300,20.0300,20.0300,20.0300,0,0,0.1342000,0.7150000,0.0000000,70.9825000,-0.1136000,62.0504000
20240328,464,P,5.9850,5.9850,5.9850,5.9850,0,0,0.1459000,-0.2988000,0.0000000,72.5737000,-0.0530000,-28.7214000
20240328,560,C,0.0400,0.0400,0.0400,0.0400,0,0,0.1347000,0.0046000,0.0000000,2.8596000,-0.0030000,0.4252000
20240328,560,P,85.8550,85.8550,85.8550,85.8550,0,0,0.3365000,-0.8359000,0.0000000,51.7216000,-0.0523000,-93.7904000
20240328,528,C,0.1550,0.1550,0.1550,0.1550,0,0,0.1052000,0.0190000,0.0000000,9.7187000,-0.0084000,1.7284000
20240328,528,P,53.8650,53.8650,53.8650,53.8650,0,0,0.2452000,-0.8011000,0.0000000,58.3460000,-0.0375000,-84.3581000
20240328,325,C,152.3800,152.3800,152.3800,152.3800,0,0,0.4052878,0.9873608,0.0003828,0.0687941,-0.0582886,0.6228249
20240328,325,P,0.2300,0.2300,0.2300,0.2300,0,0,0.3803000,-0.0082000,0.0000000,4.7225000,-0.0120000,-0.8081000
20240328,421,C,58.3850,58.3850,58.3850,58.3850,0,0,0.1876000,0.9454000,0.0000000,23.1136000,-0.0873000,75.8361000
20240328,421,P,1.4650,1.4650,1.4650,1.4650,0,0,0.2077000,-0.0727000,0.0000000,28.9151000,-0.0370000,-6.9921000
20240328,453,C,29.0550,29.0550,29.0550,29.0550,0,0,0.1481000,0.8128000,0.0000000,56.2201000,-0.1105000,69.3119000
20240328,453,P,4.0050,4.0050,4.0050,4.0050,0,0,0.1606000,-0.2048000,0.0000000,59.3828000,-0.0524000,-19.6687000
20240328,485,C,6.7000,6.7000,6.7000,6.7000,0,0,0.1114000,0.4102000,0.0000000,81.3004000,-0.0911000,36.5319000
20240328,485,P,13.9350,13.9350,13.9350,13.9350,0,0,0.1277000,-0.5758000,0.0000000,81.9099000,-0.0318000,-55.8123000
20240328,517,C,0.3900,0.3900,0.3900,0.3900,0,0,0.1010000,0.0455000,0.0000000,20.0243000,-0.0173000,4.1274000
20240328,517,P,42.8650,42.8650,42.8650,42.8650,0,0,0.2105000,-0.7807000,0.0000000,61.7909000,-0.0314000,-80.3421000
20240328,527,C,0.1650,0.1650,0.1650,0.1650,0,0,0.1044000,0.0203000,0.0000000,10.2594000,-0.0089000,1.8422000
20240328,527,P,52.8650,52.8650,52.8650,52.8650,0,0,0.2421000,-0.7995000,0.0000000,58.6288000,-0.0370000,-84.0157000
20240328,410,C,68.9500,68.9500,68.9500,68.9500,0,0,0.2009000,0.9641000,0.0000000,16.4938000,-0.0799000,75.5020000
20240328,410,P,1.1000,1.1000,1.1000,1.1000,0,0,0.2254000,-0.0531000,0.0000000,22.6488000,-0.0321000,-5.1180000
20240328,442,C,38.7800,38.7800,38.7800,38.7800,0,0,0.1620000,0.8773000,0.0000000,42.4804000,-0.1034000,73.3678000
20240328,442,P,2.7550,2.7550,2.7550,2.7550,0,0,0.1761000,-0.1412000,0.0000000,46.8220000,-0.0479000,-13.5611000
20240328,474,C,12.8450,12.8450,12.8450,12.8450,0,0,0.1223000,0.5882000,0.0000000,81.3705000,-0.1088000,51.7536000
20240328,474,P,8.8600,8.8600,8.8600,8.8600,0,0,0.1347000,-0.4177000,0.0000000,81.6391000,-0.0473000,-40.2462000
20240328,506,C,1.1350,1.1350,1.1350,1.1350,0,0,0.1005000,0.1127000,0.0000000,40.0249000,-0.0359000,10.1802000
20240328,506,P,31.8700,31.8700,31.8700,31.8700,0,0,0.1735000,-0.7508000,0.0000000,66.3306000,-0.0245000,-75.4440000
20240328,570,C,0.0250,0.0250,0.0250,0.0250,0,0,0.1386000,0.0024000,0.0000000,1.6007000,-0.0017000,0.2230000
20240328,570,P,95.8600,95.8600,95.8600,95.8600,0,0,0.3631000,-0.8426000,0.0000000,50.3278000,-0.0565000,-96.3573000
20240328,335,C,142.5100,142.5100,142.5100,142.5100,0,0,0.3825870,0.9854131,0.0004589,0.0778517,-0.0607136,0.6404730
20240328,335,P,0.2700,0.2700,0.2700,0.2700,0,0,0.3610000,-0.0100000,0.0000000,5.5846000,-0.0134000,-0.9769000
20240328,431,C,48.9300,48.9300,48.9300,48.9300,0,0,0.1757000,0.9195000,0.0000000,31.2055000,-0.0950000,75.2908000
20240328,431,P,1.9500,1.9500,1.9500,1.9500,0,0,0.1924000,-0.0989000,0.0000000,36.4161000,-0.0422000,-9.5050000
20240328,495,C,3.1100,3.1100,3.1100,3.1100,0,0,0.1044000,0.2455000,0.0000000,65.8191000,-0.0649000,22.0438000
20240328,495,P,21.1050,21.1050,21.1050,21.1050,0,0,0.1358000,-0.6973000,0.0000000,72.9927000,-0.0185000,-68.4166000
20240328,463,C,20.8100,20.8100,20.8100,20.8100,0,0,0.1355000,0.7256000,0.0000000,69.6905000,-0.1136000,62.8746000
20240328,463,P,5.7600,5.7600,5.7600,5.7600,0,0,0.1472000,-0.2887000,0.0000000,71.4356000,-0.0532000,-27.7531000
20240328,420,C,59.3400,59.3400,59.3400,59.3400,0,0,0.1890000,0.9473000,0.0000000,22.4805000,-0.0867000,75.8229000
20240328,420,P,1.4200,1.4200,1.4200,1.4200,0,0,0.2092000,-0.0705000,0.0000000,28.2530000,-0.0365000,-6.7847000
20240328,452,C,29.9150,29.9150,29.9150,29.9150,0,0,0.1493000,0.8199000,0.0000000,54.8849000,-0.1100000,69.7978000
20240328,452,P,3.8650,3.8650,3.8650,3.8650,0,0,0.1619000,-0.1978000,0.0000000,58.1683000,-0.0521000,-19.0012000
20240328,484,C,7.1600,7.1600,7.1600,7.1600,0,0,0.1122000,0.4273000,0.0000000,82.0313000,-0.0933000,38.0146000
20240328,484,P,13.3950,13.3950,13.3950,13.3950,0,0,0.1283000,-0.5610000,0.0000000,82.4416000,-0.0337000,-54.3471000
20240328,516,C,0.4250,0.4250,0.4250,0.4250,0,0,0.1004000,0.0488000,0.0000000,21.1672000,-0.0182000,4.4229000
20240328,516,P,41.8650,41.8650,41.8650,41.8650,0,0,0.2072000,-0.7785000,0.0000000,62.1502000,-0.0308000,-79.9420000
20240328,345,C,132.6400,132.6400,132.6400,132.6400,0,0,0.3596020,0.9832418,0.0005500,0.0876953,-0.0630191,0.6579119
20240328,345,P,0.3150,0.3150,0.3150,0.3150,0,0,0.3410000,-0.0119000,0.0000000,6.5282000,-0.0148000,-1.1665000
20240328,409,C,69.9200,69.9200,69.9200,69.9200,0,0,0.2023000,0.9652000,0.0000000,16.0534000,-0.0793000,75.4205000
20240328,409,P,1.0800,1.0800,1.0800,1.0800,0,0,0.2274000,-0.0519000,0.0000000,22.2365000,-0.0318000,-5.0020000
20240328,441,C,39.6900,39.6900,39.6900,39.6900,0,0,0.1633000,0.8819000,0.0000000,41.3548000,-0.1027000,73.6140000
20240328,441,P,2.6700,2.6700,2.6700,2.6700,0,0,0.1777000,-0.1368000,0.0000000,45.8261000,-0.0475000,-13.1405000
20240328,505,C,1.2450,1.2450,1.2450,1.2450,0,0,0.1006000,0.1216000,0.0000000,42.2417000,-0.0381000,10.9810000
20240328,505,P,30.8700,30.8700,30.8700,30.8700,0,0,0.1700000,-0.7473000,0.0000000,66.8154000,-0.0238000,-74.9315000
20240328,473,C,13.5050,13.5050,13.5050,13.5050,0,0,0.1234000,0.6026000,0.0000000,80.6415000,-0.1098000,52.9558000
20240328,473,P,8.5150,8.5150,8.5150,8.5150,0,0,0.1357000,-0.4043000,0.0000000,81.0134000,-0.0482000,-38.9505000
20240328,430,C,49.8650,49.8650,49.8650,49.8650,0,0,0.1766000,0.9228000,0.0000000,30.2292000,-0.0941000,75.4146000
20240328,430,P,1.8950,1.8950,1.8950,1.8950,0,0,0.1939000,-0.0958000,0.0000000,35.5724000,-0.0416000,-9.2066000
20240328,398,C,80.5950,80.5950,80.5950,80.5950,0,0,0.2141000,0.9777000,0.0000000,11.0691000,-0.0725000,74.4981000
20240328,398,P,0.8400,0.8400,0.8400,0.8400,0,0,0.2459000,-0.0389000,0.0000000,17.6445000,-0.0277000,-3.7580000
20240328,494,C,3.3800,3.3800,3.3800,3.3800,0,0,0.1049000,0.2607000,0.0000000,67.9225000,-0.0677000,23.3869000
20240328,494,P,20.2550,20.2550,20.2550,20.2550,0,0,0.1339000,-0.6882000,0.0000000,73.9488000,-0.0192000,-67.4143000
20240328,462,C,21.6000,21.6000,21.6000,21.6000,0,0,0.1367000,0.7358000,0.0000000,68.3781000,-0.1135000,63.6620000
20240328,462,P,5.5500,5.5500,5.5500,5.5500,0,0,0.1485000,-0.2790000,0.0000000,70.2757000,-0.0534000,-26.8167000
20240328,526,C,0.1850,0.1850,0.1850,0.1850,0,0,0.1044000,0.0224000,0.0000000,11.1531000,-0.0097000,2.0330000
20240328,526,P,51.8650,51.8650,51.8650,51.8650,0,0,0.2390000,-0.7978000,0.0000000,58.9090000,-0.0364000,-83.6732000
20240328,355,C,122.7800,122.7800,122.7800,122.7800,0,0,0.2265000,0.9988000,0.0000000,0.7992000,-0.0524000,68.2349000
20240328,355,P,0.3750,0.3750,0.3750,0.3750,0,0,0.3227000,-0.0147000,0.0000000,7.8117000,-0.0166000,-1.4335000
20240328,419,C,60.2950,60.2950,60.2950,60.2950,0,0,0.1899000,0.9495000,0.0000000,21.7222000,-0.0858000,75.8434000
20240328,419,P,1.3900,1.3900,1.3900,1.3900,0,0,0.2111000,-0.0688000,0.0000000,27.7053000,-0.0362000,-6.6156000
20240328,451,C,30.7800,30.7800,30.7800,30.7800,0,0,0.1506000,0.8265000,0.0000000,53.5885000,-0.1095000,70.2448000
20240328,451,P,3.7350,3.7350,3.7350,3.7350,0,0,0.1633000,-0.1913000,0.0000000,56.9829000,-0.0518000,-18.3687000
20240328,515,C,0.4700,0.4700,0.4700,0.4700,0,0,0.1005000,0.0537000,0.0000000,22.8489000,-0.0198000,4.8675000
20240328,515,P,40.8650,40.8650,40.8650,40.8650,0,0,0.2040000,-0.7762000,0.0000000,62.5227000,-0.0302000,-79.5326000
20240328,483,C,7.6400,7.6400,7.6400,7.6400,0,0,0.1130000,0.4442000,0.0000000,82.6059000,-0.0953000,39.4889000
20240328,483,P,12.8350,12.8350,12.8350,12.8350,0,0,0.1284000,-0.5465000,0.0000000,82.8520000,-0.0353000,-52.8999000
20240328,525,C,0.2000,0.2000,0.2000,0.2000,0,0,0.1044000,0.0247000,0.0000000,12.1060000,-0.0105000,2.2407000
20240328,525,P,50.8650,50.8650,50.8650,50.8650,0,0,0.2359000,-0.7961000,0.0000000,59.2045000,-0.0359000,-83.3221000
20240328,280,C,196.8800,196.8800,196.8800,196.8800,0,0,0.5215539,0.9924022,0.0001907,0.0441082,-0.0497105,0.5397590
20240328,280,P,0.1150,0.1150,0.1150,0.1150,0,0,0.4687000,-0.0034000,0.0000000,2.1741000,-0.0069000,-0.3403000
20240328,440,C,40.6000,40.6000,40.6000,40.6000,0,0,0.1645000,0.8864000,0.0000000,40.2312000,-0.1019000,73.8512000
20240328,440,P,2.5800,2.5800,2.5800,2.5800,0,0,0.1791000,-0.1322000,0.0000000,44.7688000,-0.0469000,-12.7010000
20240328,408,C,70.8850,70.8850,70.8850,70.8850,0,0,0.2030000,0.9669000,0.0000000,15.4168000,-0.0785000,75.3878000
20240328,408,P,1.0500,1.0500,1.0500,1.0500,0,0,0.2288000,-0.0504000,0.0000000,21.7165000,-0.0313000,-4.8558000
20240328,504,C,1.3800,1.3800,1.3800,1.3800,0,0,0.1011000,0.1322000,0.0000000,44.7723000,-0.0408000,11.9319000
20240328,504,P,29.8700,29.8700,29.8700,29.8700,0,0,0.1664000,-0.7438000,0.0000000,67.3080000,-0.0231000,-74.4081000
20240328,472,C,14.1850,14.1850,14.1850,14.1850,0,0,0.1246000,0.6166000,0.0000000,79.8265000,-0.1106000,54.1141000
20240328,472,P,8.1800,8.1800,8.1800,8.1800,0,0,0.1367000,-0.3914000,0.0000000,80.3106000,-0.0491000,-37.6885000
20240328,365,C,112.9300,112.9300,112.9300,112.9300,0,0,0.2363000,0.9961000,0.0000000,2.4214000,-0.0564000,69.8974000
20240328,365,P,0.4450,0.4450,0.4450,0.4450,0,0,0.3044000,-0.0182000,0.0000000,9.3518000,-0.0187000,-1.7657000
20240328,397,C,81.5700,81.5700,81.5700,81.5700,0,0,0.2156000,0.9784000,0.0000000,10.7968000,-0.0721000,74.3670000
20240328,397,P,0.8200,0.8200,0.8200,0.8200,0,0,0.2476000,-0.0380000,0.0000000,17.2856000,-0.0274000,-3.6650000
20240328,429,C,50.8050,50.8050,50.8050,50.8050,0,0,0.1779000,0.9258000,0.0000000,29.3558000,-0.0933000,75.5003000
20240328,429,P,1.8350,1.8350,1.8350,1.8350,0,0,0.1952000,-0.0927000,0.0000000,34.7107000,-0.0410000,-8.9056000
20240328,493,C,3.6700,3.6700,3.6700,3.6700,0,0,0.1054000,0.2762000,0.0000000,69.9285000,-0.0705000,24.7636000
20240328,493,P,19.4450,19.4450,19.4450,19.4450,0,0,0.1324000,-0.6781000,0.0000000,74.9556000,-0.0201000,-66.3253000
20240328,461,C,22.4000,22.4000,22.4000,22.4000,0,0,0.1380000,0.7456000,0.0000000,67.0535000,-0.1134000,64.4111000
20240328,461,P,5.3450,5.3450,5.3450,5.3450,0,0,0.1497000,-0.2695000,0.0000000,69.0770000,-0.0534000,-25.8944000
20240328,535,C,0.1000,0.1000,0.1000,0.1000,0,0,0.1108000,0.0126000,0.0000000,6.8560000,-0.0062000,1.1508000
20240328,535,P,60.8650,60.8650,60.8650,60.8650,0,0,0.2663000,-0.8110000,0.0000000,56.5480000,-0.0411000,-86.6381000
20240328,290,C,186.9850,186.9850,186.9850,186.9850,0,0,0.4940138,0.9915876,0.0002202,0.0482401,-0.0514568,0.5585160
20240328,290,P,0.1400,0.1400,0.1400,0.1400,0,0,0.4521000,-0.0044000,0.0000000,2.7201000,-0.0083000,-0.4366000
20240328,450,C,31.6550,31.6550,31.6550,31.6550,0,0,0.1519000,0.8332000,0.0000000,52.2706000,-0.1088000,70.6852000
20240328,450,P,3.6150,3.6150,3.6150,3.6150,0,0,0.1649000,-0.1850000,0.0000000,55.8298000,-0.0515000,-17.7704000
20240328,418,C,61.2550,61.2550,61.2550,61.2550,0,0,0.1912000,0.9513000,0.0000000,21.1078000,-0.0852000,75.8210000
20240328,418,P,1.3500,1.3500,1.3500,1.3500,0,0,0.2125000,-0.0667000,0.0000000,27.0556000,-0.0356000,-6.4158000
20240328,482,C,8.1550,8.1550,8.1550,8.1550,0,0,0.1140000,0.4612000,0.0000000,83.0268000,-0.0973000,40.9546000
20240328,482,P,12.3300,12.3300,12.3300,12.3300,0,0,0.1291000,-0.5317000,0.0000000,83.1562000,-0.0370000,-51.4371000
20240328,514,C,0.5150,0.5150,0.5150,0.5150,0,0,0.1000000,0.0578000,0.0000000,24.1945000,-0.0209000,5.2329000
20240328,514,P,39.8700,39.8700,39.8700,39.8700,0,0,0.2008000,-0.7736000,0.0000000,62.9328000,-0.0297000,-79.1005000
20240328,375,C,103.1050,103.1050,103.1050,103.1050,0,0,0.2343000,0.9922000,0.0000000,4.4572000,-0.0608000,71.4543000
20240328,375,P,0.5300,0.5300,0.5300,0.5300,0,0,0.2864000,-0.0226000,0.0000000,11.2669000,-0.0210000,-2.1961000
20240328,439,C,41.5100,41.5100,41.5100,41.5100,0,0,0.1656000,0.8908000,0.0000000,39.0891000,-0.1011000,74.0876000
20240328,439,P,2.5000,2.5000,2.5000,2.5000,0,0,0.1806000,-0.1280000,0.0000000,43.7729000,-0.0464000,-12.2953000
20240328,407,C,71.8550,71.8550,71.8550,71.8550,0,0,0.2043000,0.9680000,0.0000000,14.9753000,-0.0779000,75.3044000
20240328,407,P,1.0300,1.0300,1.0300,1.0300,0,0,0.2307000,-0.0492000,0.0000000,21.3096000,-0.0310000,-4.7429000
20240328,503,C,1.5200,1.5200,1.5200,1.5200,0,0,0.1014000,0.1427000,0.0000000,47.1566000,-0.0433000,12.8682000
20240328,503,P,28.8700,28.8700,28.8700,28.8700,0,0,0.1628000,-0.7400000,0.0000000,67.8151000,-0.0224000,-73.8691000
20240328,471,C,14.8550,14.8550,14.8550,14.8550,0,0,0.1256000,0.6305000,0.0000000,78.9133000,-0.1112000,55.2626000
20240328,471,P,7.8600,7.8600,7.8600,7.8600,0,0,0.1378000,-0.3787000,0.0000000,79.5347000,-0.0498000,-36.4555000
20240328,545,C,0.0650,0.0650,0.0650,0.0650,0,0,0.1186000,0.0073000,0.0000000,4.2624000,-0.0040000,0.6678000
20240328,545,P,70.8600,70.8600,70.8600,70.8600,0,0,0.2953000,-0.8225000,0.0000000,54.3708000,-0.0459000,-89.6462000
20240328,300,C,177.0950,177.0950,177.0950,177.0950,0,0,0.4678983,0.9905851,0.0002566,0.0532420,-0.0533679,0.5770875
20240328,300,P,0.1550,0.1550,0.1550,0.1550,0,0,0.4277000,-0.0050000,0.0000000,3.0289000,-0.0087000,-0.4912000
20240328,364,C,113.9200,113.9200,113.9200,113.9200,0,0,0.2392000,0.9960000,0.0000000,2.4557000,-0.0563000,69.6988000
20240328,364,P,0.4350,0.4350,0.4350,0.4350,0,0,0.3059000,-0.0177000,0.0000000,9.1392000,-0.0184000,-1.7189000
20240328,396,C,82.5450,82.5450,82.5450,82.5450,0,0,0.2163000,0.9794000,0.0000000,10.3456000,-0.0714000,74.2762000
20240328,396,P,0.8000,0.8000,0.8000,0.8000,0,0,0.2491000,-0.0369000,0.0000000,16.8851000,-0.0269000,-3.5616000
20240328,428,C,51.7450,51.7450,51.7450,51.7450,0,0,0.1790000,0.9286000,0.0000000,28.4845000,-0.0925000,75.5814000
20240328,428,P,1.7800,1.7800,1.7800,1.7800,0,0,0.1968000,-0.0899000,0.0000000,33.9553000,-0.0406000,-8.6461000
20240328,460,C,23.2100,23.2100,23.2100,23.2100,0,0,0.1393000,0.7550000,0.0000000,65.7220000,-0.1133000,65.1226000
20240328,460,P,5.1550,5.1550,5.1550,5.1550,0,0,0.1511000,-0.2604000,0.0000000,67.8898000,-0.0535000,-25.0237000
20240328,492,C,3.9800,3.9800,3.9800,3.9800,0,0,0.1061000,0.2922000,0.0000000,71.8384000,-0.0733000,26.1802000
20240328,492,P,18.6650,18.6650,18.6650,18.6650,0,0,0.1311000,-0.6672000,0.0000000,75.9732000,-0.0213000,-65.1705000
20240328,524,C,0.2150,0.2150,0.2150,0.2150,0,0,0.1033000,0.0259000,0.0000000,12.5996000,-0.0109000,2.3503000
20240328,524,P,49.8650,49.8650,49.8650,49.8650,0,0,0.2328000,-0.7944000,0.0000000,59.5038000,-0.0354000,-82.9677000
20240328,385,C,93.2950,93.2950,93.2950,93.2950,0,0,0.2268000,0.9872000,0.0000000,6.8675000,-0.0655000,72.9044000
20240328,385,P,0.6400,0.6400,0.6400,0.6400,0,0,0.2685000,-0.0284000,0.0000000,13.6076000,-0.0236000,-2.7467000
20240328,417,C,62.2150,62.2150,62.2150,62.2150,0,0,0.1926000,0.9530000,0.0000000,20.5104000,-0.0846000,75.7920000
20240328,417,P,1.3200,1.3200,1.3200,1.3200,0,0,0.2143000,-0.0649000,0.0000000,26.5017000,-0.0353000,-6.2479000
20240328,449,C,32.5300,32.5300,32.5300,32.5300,0,0,0.1532000,0.8393000,0.0000000,51.0047000,-0.1083000,71.0841000
20240328,449,P,3.4850,3.4850,3.4850,3.4850,0,0,0.1661000,-0.1787000,0.0000000,54.6260000,-0.0510000,-17.1607000
20240328,481,C,8.6850,8.6850,8.6850,8.6850,0,0,0.1150000,0.4780000,0.0000000,83.2942000,-0.0992000,42.4011000
20240328,481,P,11.8250,11.8250,11.8250,11.8250,0,0,0.1295000,-0.5170000,0.0000000,83.3437000,-0.0385000,-49.9879000
20240328,513,C,0.5700,0.5700,0.5700,0.5700,0,0,0.1003000,0.0635000,0.0000000,26.0601000,-0.0227000,5.7521000
20240328,513,P,38.8700,38.8700,38.8700,38.8700,0,0,0.1975000,-0.7711000,0.0000000,63.3147000,-0.0291000,-78.6801000
20240328,555,C,0.0450,0.0450,0.0450,0.0450,0,0,0.1274000,0.0047000,0.0000000,2.9117000,-0.0029000,0.4343000
20240328,555,P,80.8600,80.8600,80.8600,80.8600,0,0,0.3231000,-0.8318000,0.0000000,52.5538000,-0.0503000,-92.4411000
20240328,310,C,167.2050,167.2050,167.2050,167.2050,0,0,0.4420641,0.9894819,0.0002992,0.0586492,-0.0552275,0.5955648
20240328,310,P,0.1800,0.1800,0.1800,0.1800,0,0,0.4091000,-0.0061000,0.0000000,3.6483000,-0.0100000,-0.6047000
20240328,438,C,42.4300,42.4300,42.4300,42.4300,0,0,0.1669000,0.8948000,0.0000000,38.0517000,-0.1004000,74.2766000
20240328,438,P,2.4200,2.4200,2.4200,2.4200,0,0,0.1820000,-0.1238000,0.0000000,42.7771000,-0.0459000,-11.8964000
20240328,406,C,72.8250,72.8250,72.8250,72.8250,0,0,0.2055000,0.9692000,0.0000000,14.5178000,-0.0773000,75.2241000
20240328,406,P,1.0000,1.0000,1.0000,1.0000,0,0,0.2321000,-0.0477000,0.0000000,20.7977000,-0.0305000,-4.6011000
20240328,470,C,15.5700,15.5700,15.5700,15.5700,0,0,0.1270000,0.6436000,0.0000000,77.9540000,-0.1119000,56.3291000
20240328,470,P,7.5550,7.5550,7.5550,7.5550,0,0,0.1388000,-0.3662000,0.0000000,78.6895000,-0.0505000,-35.2491000
20240328,502,C,1.6650,1.6650,1.6650,1.6650,0,0,0.1015000,0.1532000,0.0000000,49.4502000,-0.0457000,13.8086000
20240328,502,P,27.8700,27.8700,27.8700,27.8700,0,0,0.1592000,-0.7361000,0.0000000,68.3377000,-0.0216000,-73.3131000
20240328,395,C,83.5200,83.5200,83.5200,83.5200,0,0,0.2177000,0.9801000,0.0000000,10.0689000,-0.0709000,74.1452000
20240328,395,P,0.7850,0.7850,0.7850,0.7850,0,0,0.2507000,-0.0359000,0.0000000,16.5182000,-0.0265000,-3.4676000
20240328,427,C,52.6850,52.6850,52.6850,52.6850,0,0,0.1801000,0.9314000,0.0000000,27.6157000,-0.0917000,75.6581000
20240328,427,P,1.7300,1.7300,1.7300,1.7300,0,0,0.1984000,-0.0872000,0.0000000,33.1813000,-0.0400000,-8.3832000
20240328,491,C,4.3100,4.3100,4.3100,4.3100,0,0,0.1068000,0.3085000,0.0000000,73.6241000,-0.0760000,27.6213000
20240328,491,P,17.9100,17.9100,17.9100,17.9100,0,0,0.1301000,-0.6556000,0.0000000,76.9850000,-0.0226000,-63.9534000
20240328,523,C,0.2300,0.2300,0.2300,0.2300,0,0,0.1031000,0.0282000,0.0000000,13.5374000,-0.0117000,2.5611000
20240328,523,P,48.8650,48.8650,48.8650,48.8650,0,0,0.2297000,-0.7926000,0.0000000,59.8071000,-0.0348000,-82.6097000
20240328,459,C,24.0200,24.0200,24.0200,24.0200,0,0,0.1405000,0.7643000,0.0000000,64.3557000,-0.1130000,65.8193000
20240328,459,P,4.9650,4.9650,4.9650,4.9650,0,0,0.1524000,-0.2516000,0.0000000,66.6749000,-0.0534000,-24.1697000
