#expiry,strike,right,open,high,low,close,volume,open_interest,implied_volatility,delta,gamma,vega,theta,rho
,,,476.3400,476.3400,476.3400,476.3400,0,,,,,,,
20240118,416,C,60.3350,60.3350,60.3350,60.3350,0,0,,,,,,
20240118,448,C,28.3500,28.3500,28.3500,28.3500,0,0,2.0468000,0.9975000,0.0000000,0.0385000,-1.0111000,0.0510000
20240118,480,P,3.6800,3.6800,3.6800,3.6800,0,0,0.3828000,-0.9691000,0.0000000,0.3547000,-1.5620000,-0.0531000
20240118,512,P,35.6300,35.6300,35.6300,35.6300,0,0,,,,,,
20240118,405,C,71.3200,71.3200,71.3200,71.3200,0,0,,,,,,
20240118,437,C,39.3500,39.3500,39.3500,39.3500,0,0,2.7500000,0.9984000,0.0000000,0.0262000,-0.9306000,0.0497000
20240118,469,C,7.2300,7.2300,7.2300,7.2300,0,0,,,,,,
20240118,458,C,18.3550,18.3550,18.3550,18.3550,0,0,1.3750000,0.9963000,0.0000000,0.0559000,-0.9890000,0.0520000
20240118,426,C,50.3350,50.3350,50.3350,50.3350,0,0,,,,,,
20240118,490,P,13.6250,13.6250,13.6250,13.6250,0,0,,,,,,
20240118,415,C,61.3250,61.3250,61.3250,61.3250,0,0,,,,,,
20240118,447,C,29.3300,29.3300,29.3300,29.3300,0,0,,,,,,
20240118,479,P,2.8250,2.8250,2.8250,2.8250,0,0,0.4707000,-0.8651000,0.0000000,1.1043000,-6.1776000,-0.0473000
20240118,404,C,72.3250,72.3250,72.3250,72.3250,0,0,,,,,,
20240118,436,C,40.3500,40.3500,40.3500,40.3500,0,0,2.8437000,0.9982000,0.0000000,0.0279000,-1.0166000,0.0496000
20240118,468,C,8.2350,8.2350,8.2350,8.2350,0,0,,,,,,
20240118,500,P,23.6050,23.6050,23.6050,23.6050,0,0,,,,,,
20240118,457,C,19.3850,19.3850,19.3850,19.3850,0,0,1.7250000,0.9880000,0.0000000,0.1584000,-3.3463000,0.0515000
20240118,425,C,51.3400,51.3400,51.3400,51.3400,0,0,,,,,,
20240118,489,P,12.6250,12.6250,12.6250,12.6250,0,0,,,,,,
20240118,414,C,62.3350,62.3350,62.3350,62.3350,0,0,,,,,,
20240118,446,C,30.3950,30.3950,30.3950,30.3950,0,0,2.6679000,0.9899000,0.0000000,0.1366000,-4.4383000,0.0503000
20240118,478,C,0.0150,0.0150,0.0150,0.0150,0,0,0.1718000,0.0293000,0.0000000,0.3402000,-0.7037000,0.0015000
20240118,478,P,1.6900,1.6900,1.6900,1.6900,0,0,0.2187000,-0.9311000,0.0000000,0.6743000,-1.7054000,-0.0508000
20240118,510,P,33.6100,33.6100,33.6100,33.6100,0,0,,,,,,
20240118,403,C,73.3150,73.3150,73.3150,73.3150,0,0,,,,,,
20240118,435,C,41.3550,41.3550,41.3550,41.3550,0,0,2.9375000,0.9981000,0.0000000,0.0295000,-1.1049000,0.0495000
20240118,467,C,9.3600,9.3600,9.3600,9.3600,0,0,0.8187000,0.9883000,0.0000000,0.1548000,-1.5882000,0.0526000
20240118,499,P,22.5850,22.5850,22.5850,22.5850,0,0,,,,,,
20240118,456,C,20.3700,20.3700,20.3700,20.3700,0,0,1.7359000,0.9909000,0.0000000,0.1246000,-2.6620000,0.0515000
20240118,424,C,52.3350,52.3350,52.3350,52.3350,0,0,,,,,,
20240118,520,P,43.6150,43.6150,43.6150,43.6150,0,0,,,,,,
20240118,488,P,11.5850,11.5850,11.5850,11.5850,0,0,,,,,,
20240118,413,C,63.3200,63.3200,63.3200,63.3200,0,0,,,,,,
20240118,445,C,31.3450,31.3450,31.3450,31.3450,0,0,,,,,,
20240118,477,C,0.0950,0.0950,0.0950,0.0950,0,0,0.1552000,0.2032000,0.0000000,1.4385000,-2.6945000,0.0110000
20240118,477,P,0.7600,0.7600,0.7600,0.7600,0,0,0.1640000,-0.7839000,0.0000000,1.4913000,-2.8816000,-0.0427000
20240118,402,C,74.3150,74.3150,74.3150,74.3150,0,0,,,,,,
20240118,434,C,42.3350,42.3350,42.3350,42.3350,0,0,,,,,,
20240118,466,C,10.3550,10.3550,10.3550,10.3550,0,0,0.8000000,0.9949000,0.0000000,0.0742000,-0.7798000,0.0529000
20240118,498,P,21.6150,21.6150,21.6150,21.6150,0,0,,,,,,
20240118,530,P,53.6150,53.6150,53.6150,53.6150,0,0,,,,,,
20240118,455,C,21.3450,21.3450,21.3450,21.3450,0,0,,,,,,
20240118,423,C,53.3300,53.3300,53.3300,53.3300,0,0,,,,,,
20240118,487,P,10.5950,10.5950,10.5950,10.5950,0,0,,,,,,
20240118,412,C,64.3200,64.3200,64.3200,64.3200,0,0,,,,,,
20240118,444,C,32.3600,32.3600,32.3600,32.3600,0,0,2.5156000,0.9957000,0.0000000,0.0640000,-1.9963000,0.0504000
20240118,476,C,0.5250,0.5250,0.5250,0.5250,0,0,0.1572000,0.6662000,0.0000000,1.8514000,-3.5393000,0.0361000
20240118,476,P,0.1850,0.1850,0.1850,0.1850,0,0,0.1591000,-0.3356000,0.0000000,1.8556000,-3.5212000,-0.0182000
20240118,508,P,31.6000,31.6000,31.6000,31.6000,0,0,,,,,,
20240118,540,P,63.6200,63.6200,63.6200,63.6200,0,0,,,,,,
20240118,433,C,43.3600,43.3600,43.3600,43.3600,0,0,3.3125000,0.9966000,0.0000000,0.0511000,-2.0967000,0.0492000
20240118,465,C,11.3550,11.3550,11.3550,11.3550,0,0,0.8750000,0.9950000,0.0000000,0.0723000,-0.8266000,0.0528000
20240118,497,P,20.6300,20.6300,20.6300,20.6300,0,0,,,,,,
20240118,390,C,86.3100,86.3100,86.3100,86.3100,0,0,,,,,,
20240118,454,C,22.3800,22.3800,22.3800,22.3800,0,0,1.9648000,0.9892000,0.0000000,0.1445000,-3.4730000,0.0512000
20240118,422,C,54.3350,54.3350,54.3350,54.3350,0,0,,,,,,
20240118,486,P,9.6200,9.6200,9.6200,9.6200,0,0,,,,,,
20240118,518,P,41.6300,41.6300,41.6300,41.6300,0,0,,,,,,
20240118,411,C,65.3250,65.3250,65.3250,65.3250,0,0,,,,,,
20240118,443,C,33.3400,33.3400,33.3400,33.3400,0,0,,,,,,
20240118,475,C,1.4050,1.4050,1.4050,1.4050,0,0,0.2148000,0.8908000,0.0000000,0.9517000,-2.5151000,0.0482000
20240118,475,P,0.0450,0.0450,0.0450,0.0450,0,0,0.1953000,-0.0878000,0.0000000,0.8119000,-1.8969000,-0.0047000
20240118,432,C,44.3350,44.3350,44.3350,44.3350,0,0,,,,,,
20240118,400,C,76.3100,76.3100,76.3100,76.3100,0,0,,,,,,
20240118,464,C,12.3800,12.3800,12.3800,12.3800,0,0,1.1671000,0.9826000,0.0000000,0.2185000,-3.1268000,0.0520000
20240118,496,P,19.6350,19.6350,19.6350,19.6350,0,0,,,,,,
20240118,453,C,23.3450,23.3450,23.3450,23.3450,0,0,,,,,,
20240118,421,C,55.3350,55.3350,55.3350,55.3350,0,0,,,,,,
20240118,485,P,8.6100,8.6100,8.6100,8.6100,0,0,,,,,,
20240118,410,C,66.3300,66.3300,66.3300,66.3300,0,0,,,,,,
20240118,442,C,34.3550,34.3550,34.3550,34.3550,0,0,2.4687000,0.9978000,0.0000000,0.0349000,-1.1002000,0.0503000
20240118,474,C,2.3550,2.3550,2.3550,2.3550,0,0,0.2187000,0.9826000,0.0000000,0.2188000,-0.6421000,0.0531000
20240118,474,P,0.0250,0.0250,0.0250,0.0250,0,0,0.2578000,-0.0366000,0.0000000,0.4080000,-1.2599000,-0.0019000
20240118,506,P,29.6200,29.6200,29.6200,29.6200,0,0,,,,,,
20240118,431,C,45.3300,45.3300,45.3300,45.3300,0,0,,,,,,
20240118,463,C,13.3400,13.3400,13.3400,13.3400,0,0,,,,,,
20240118,495,P,18.6250,18.6250,18.6250,18.6250,0,0,,,,,,
20240118,452,C,24.3400,24.3400,24.3400,24.3400,0,0,,,,,,
20240118,420,C,56.3150,56.3150,56.3150,56.3150,0,0,,,,,,
20240118,484,P,7.6750,7.6750,7.6750,7.6750,0,0,0.6499000,-0.9890000,0.0000000,0.1465000,-1.0736000,-0.0546000
20240118,516,P,39.6300,39.6300,39.6300,39.6300,0,0,,,,,,
20240118,409,C,67.3250,67.3250,67.3250,67.3250,0,0,,,,,,
20240118,441,C,35.3350,35.3350,35.3350,35.3350,0,0,,,,,,
20240118,473,C,3.3450,3.3450,3.3450,3.3450,0,0,,,,,,
20240118,473,P,0.0150,0.0150,0.0150,0.0150,0,0,0.3125000,-0.0173000,0.0000000,0.2187000,-0.8191000,-0.0009000
20240118,505,P,28.6300,28.6300,28.6300,28.6300,0,0,,,,,,
20240118,430,C,46.3500,46.3500,46.3500,46.3500,0,0,3.2187000,0.9986000,0.0000000,0.0230000,-0.9510000,0.0490000
20240118,462,C,14.2400,14.2400,14.2400,14.2400,0,0,,,,,,
20240118,494,P,17.6450,17.6450,17.6450,17.6450,0,0,,,,,,
20240118,451,C,25.3500,25.3500,25.3500,25.3500,0,0,1.8125000,0.9976000,0.0000000,0.0367000,-0.8643000,0.0513000
20240118,419,C,57.3250,57.3250,57.3250,57.3250,0,0,,,,,,
20240118,483,P,6.7650,6.7650,6.7650,6.7650,0,0,0.8234000,-0.9421000,0.0000000,0.5891000,-5.7550000,-0.0520000
20240118,515,P,38.6300,38.6300,38.6300,38.6300,0,0,,,,,,
20240118,525,P,48.6100,48.6100,48.6100,48.6100,0,0,,,,,,
20240118,440,C,36.2850,36.2850,36.2850,36.2850,0,0,,,,,,
20240118,408,C,68.3200,68.3200,68.3200,68.3200,0,0,,,,,,
20240118,472,C,4.3150,4.3150,4.3150,4.3150,0,0,,,,,,
20240118,472,P,0.0150,0.0150,0.0150,0.0150,0,0,0.3906000,-0.0140000,0.0000000,0.1818000,-0.8516000,-0.0007000
20240118,504,P,27.6250,27.6250,27.6250,27.6250,0,0,,,,,,
20240118,429,C,47.3350,47.3350,47.3350,47.3350,0,0,,,,,,
20240118,461,C,15.3500,15.3500,15.3500,15.3500,0,0,1.1562000,0.9960000,0.0000000,0.0596000,-0.8938000,0.0524000
20240118,493,P,16.6400,16.6400,16.6400,16.6400,0,0,,,,,,
20240118,535,P,58.6300,58.6300,58.6300,58.6300,0,0,,,,,,
20240118,450,C,26.2900,26.2900,26.2900,26.2900,0,0,,,,,,
20240118,418,C,58.3350,58.3350,58.3350,58.3350,0,0,,,,,,
20240118,482,P,5.7700,5.7700,5.7700,5.7700,0,0,0.7390000,-0.9320000,0.0000000,0.6679000,-5.8581000,-0.0513000
20240118,514,P,37.6250,37.6250,37.6250,37.6250,0,0,,,,,,
20240118,407,C,69.3400,69.3400,69.3400,69.3400,0,0,,,,,,
20240118,439,C,37.3400,37.3400,37.3400,37.3400,0,0,,,,,,
20240118,471,C,5.3050,5.3050,5.3050,5.3050,0,0,,,,,,
20240118,471,P,0.0150,0.0150,0.0150,0.0150,0,0,0.4687000,-0.0120000,0.0000000,0.1598000,-0.8981000,-0.0006000
20240118,545,P,68.6150,68.6150,68.6150,68.6150,0,0,,,,,,
20240118,428,C,48.3350,48.3350,48.3350,48.3350,0,0,,,,,,
20240118,460,C,16.3450,16.3450,16.3450,16.3450,0,0,,,,,,
20240118,492,P,15.6300,15.6300,15.6300,15.6300,0,0,,,,,,
20240118,417,C,59.3250,59.3250,59.3250,59.3250,0,0,,,,,,
20240118,449,C,27.3450,27.3450,27.3450,27.3450,0,0,,,,,,
20240118,481,P,4.7750,4.7750,4.7750,4.7750,0,0,0.6374000,-0.9229000,0.0000000,0.7355000,-5.5624000,-0.0507000
20240118,406,C,70.3350,70.3350,70.3350,70.3350,0,0,,,,,,
20240118,438,C,38.3500,38.3500,38.3500,38.3500,0,0,2.7031000,0.9982000,0.0000000,0.0285000,-0.9904000,0.0499000
20240118,470,C,6.3200,6.3200,6.3200,6.3200,0,0,,,,,,
20240118,502,P,25.6150,25.6150,25.6150,25.6150,0,0,,,,,,
20240118,427,C,49.3350,49.3350,49.3350,49.3350,0,0,,,,,,
20240118,459,C,17.3700,17.3700,17.3700,17.3700,0,0,1.5062000,0.9896000,0.0000000,0.1400000,-2.5972000,0.0518000
20240118,491,P,14.6100,14.6100,14.6100,14.6100,0,0,,,,,,
20240119,320,C,156.3300,156.3300,156.3300,156.3300,0,0,,,,,,
20240119,384,C,92.3600,92.3600,92.3600,92.3600,0,0,,,,,,
20240119,448,C,28.4250,28.4250,28.4250,28.4250,0,0,0.4453000,0.9958000,0.0000000,0.3098000,-0.1331000,1.2344000
20240119,448,P,0.0250,0.0250,0.0250,0.0250,0,0,0.4609000,-0.0054000,0.0000000,0.3897000,-0.0885000,-0.0072000
20240119,512,P,35.6300,35.6300,35.6300,35.6300,0,0,0.5781000,-0.9906000,0.0000000,0.6270000,-0.1055000,-1.4050000
20240119,640,P,163.5700,163.5700,163.5700,163.5700,0,0,1.6375000,-0.9996000,0.0000000,0.0326000,0.0665000,-1.7709000
20240119,405,C,71.3800,71.3800,71.3800,71.3800,0,0,,,,,,
20240119,469,C,7.4850,7.4850,7.4850,7.4850,0,0,0.1718000,0.9588000,0.0000000,2.2079000,-0.2531000,1.2437000
20240119,469,P,0.0850,0.0850,0.0850,0.0850,0,0,0.1757000,-0.0446000,0.0000000,2.3587000,-0.2020000,-0.0590000
20240119,575,P,98.6000,98.6000,98.6000,98.6000,0,0,1.2656000,-0.9973000,0.0000000,0.2032000,-0.0438000,-1.5881000
20240119,362,C,114.3600,114.3600,114.3600,114.3600,0,0,,,,,,
20240119,426,C,50.3900,50.3900,50.3900,50.3900,0,0,,,,,,
20240119,490,P,13.6500,13.6500,13.6500,13.6500,0,0,0.2705000,-0.9755000,0.0000000,1.4387000,-0.1230000,-1.3241000
20240119,255,C,221.2850,221.2850,221.2850,221.2850,0,0,,,,,,
20240119,383,C,93.3600,93.3600,93.3600,93.3600,0,0,,,,,,
20240119,447,C,29.4250,29.4250,29.4250,29.4250,0,0,0.4609000,0.9958000,0.0000000,0.3069000,-0.1347000,1.2317000
20240119,447,P,0.0250,0.0250,0.0250,0.0250,0,0,0.4765000,-0.0053000,0.0000000,0.3834000,-0.0900000,-0.0070000
20240119,340,C,136.3400,136.3400,136.3400,136.3400,0,0,,,,,,
20240119,404,C,72.3750,72.3750,72.3750,72.3750,0,0,,,,,,
20240119,468,C,8.4750,8.4750,8.4750,8.4750,0,0,0.1855000,0.9663000,0.0000000,1.8762000,-0.2380000,1.2507000
20240119,468,P,0.0750,0.0750,0.0750,0.0750,0,0,0.1894000,-0.0365000,0.0000000,2.0081000,-0.1857000,-0.0484000
20240119,660,P,183.5700,183.5700,183.5700,183.5700,0,0,1.8562000,-0.9994000,0.0000000,0.0448000,0.0548000,-1.8261000
20240119,361,C,115.3550,115.3550,115.3550,115.3550,0,0,,,,,,
20240119,425,C,51.3900,51.3900,51.3900,51.3900,0,0,,,,,,
20240119,425,P,0.0150,0.0150,0.0150,0.0150,0,0,0.7531000,-0.0018000,0.0000000,0.1485000,-0.0552000,-0.0024000
20240119,489,P,12.6500,12.6500,12.6500,12.6500,0,0,0.2539000,-0.9741000,0.0000000,1.5057000,-0.1198000,-1.3195000
20240119,595,P,118.5950,118.5950,118.5950,118.5950,0,0,1.4296000,-0.9982000,0.0000000,0.1418000,-0.0139000,-1.6445000
20240119,190,C,286.2400,286.2400,286.2400,286.2400,0,0,,,,,,
20240119,382,C,94.3600,94.3600,94.3600,94.3600,0,0,,,,,,
20240119,446,C,30.4150,30.4150,30.4150,30.4150,0,0,0.4218000,0.9985000,0.0000000,0.1169000,-0.0891000,1.2325000
20240119,446,P,0.0250,0.0250,0.0250,0.0250,0,0,0.4921000,-0.0052000,0.0000000,0.3773000,-0.0915000,-0.0069000
20240119,510,P,33.6300,33.6300,33.6300,33.6300,0,0,0.5500000,-0.9903000,0.0000000,0.6470000,-0.1025000,-1.3990000
20240119,275,C,201.3000,201.3000,201.3000,201.3000,0,0,,,,,,
20240119,403,C,73.3850,73.3850,73.3850,73.3850,0,0,,,,,,
20240119,467,C,9.4600,9.4600,9.4600,9.4600,0,0,0.1972000,0.9730000,0.0000000,1.5607000,-0.2184000,1.2568000
20240119,467,P,0.0550,0.0550,0.0550,0.0550,0,0,0.1962000,-0.0263000,0.0000000,1.5322000,-0.1469000,-0.0349000
20240119,360,C,116.3550,116.3550,116.3550,116.3550,0,0,,,,,,
20240119,424,C,52.3900,52.3900,52.3900,52.3900,0,0,,,,,,
20240119,488,C,0.0150,0.0150,0.0150,0.0150,0,0,0.1835000,0.0065000,0.0000000,0.4577000,-0.0420000,0.0085000
20240119,488,P,11.6400,11.6400,11.6400,11.6400,0,0,0.2304000,-0.9759000,0.0000000,1.4187000,-0.0924000,-1.3191000
20240119,680,P,203.5600,203.5600,203.5600,203.5600,0,0,,,,,,
20240119,381,C,95.3550,95.3550,95.3550,95.3550,0,0,,,,,,
20240119,445,C,31.4100,31.4100,31.4100,31.4100,0,0,0.4375000,0.9985000,0.0000000,0.1198000,-0.0905000,1.2297000
20240119,445,P,0.0250,0.0250,0.0250,0.0250,0,0,0.5062000,-0.0050000,0.0000000,0.3641000,-0.0908000,-0.0066000
20240119,615,P,138.5900,138.5900,138.5900,138.5900,0,0,1.6375000,-0.9982000,0.0000000,0.1404000,-0.0244000,-1.6999000
20240119,210,C,266.2500,266.2500,266.2500,266.2500,0,0,,,,,,
20240119,402,C,74.3850,74.3850,74.3850,74.3850,0,0,,,,,,
20240119,466,C,10.4500,10.4500,10.4500,10.4500,0,0,0.2080000,0.9785000,0.0000000,1.2888000,-0.1989000,1.2613000
20240119,466,P,0.0550,0.0550,0.0550,0.0550,0,0,0.2138000,-0.0244000,0.0000000,1.4388000,-0.1505000,-0.0324000
20240119,530,P,53.6250,53.6250,53.6250,53.6250,0,0,0.8000000,-0.9939000,0.0000000,0.4268000,-0.0922000,-1.4591000
20240119,295,C,181.3150,181.3150,181.3150,181.3150,0,0,,,,,,
20240119,359,C,117.3500,117.3500,117.3500,117.3500,0,0,,,,,,
20240119,423,C,53.3950,53.3950,53.3950,53.3950,0,0,0.7054234,0.9993985,0.0001199,0.0005257,-0.0706504,0.0115797
20240119,487,C,0.0150,0.0150,0.0150,0.0150,0,0,0.1718000,0.0076000,0.0000000,0.5263000,-0.0452000,0.0100000
20240119,487,P,10.6450,10.6450,10.6450,10.6450,0,0,0.2138000,-0.9743000,0.0000000,1.4988000,-0.0895000,-1.3142000
20240119,380,C,96.3550,96.3550,96.3550,96.3550,0,0,,,,,,
20240119,444,C,32.4150,32.4150,32.4150,32.4150,0,0,0.4531000,0.9984000,0.0000000,0.1225000,-0.0919000,1.2269000
20240119,444,P,0.0150,0.0150,0.0150,0.0150,0,0,0.4843000,-0.0027000,0.0000000,0.2113000,-0.0504000,-0.0036000
20240119,508,P,31.6350,31.6350,31.6350,31.6350,0,0,0.5218000,-0.9899000,0.0000000,0.6708000,-0.1000000,-1.3929000
20240119,700,P,223.5550,223.5550,223.5550,223.5550,0,0,,,,,,
20240119,401,C,75.3750,75.3750,75.3750,75.3750,0,0,,,,,,
20240119,465,C,11.4400,11.4400,11.4400,11.4400,0,0,0.2167000,0.9834000,0.0000000,1.0325000,-0.1772000,1.2651000
20240119,465,P,0.0450,0.0450,0.0450,0.0450,0,0,0.2236000,-0.0194000,0.0000000,1.1829000,-0.1295000,-0.0257000
20240119,635,P,158.5800,158.5800,158.5800,158.5800,0,0,1.7687000,-0.9988000,0.0000000,0.0980000,0.0064000,-1.7560000
20240119,230,C,246.2600,246.2600,246.2600,246.2600,0,0,,,,,,
20240119,358,C,118.3500,118.3500,118.3500,118.3500,0,0,,,,,,
20240119,422,C,54.3900,54.3900,54.3900,54.3900,0,0,,,,,,
20240119,486,C,0.0150,0.0150,0.0150,0.0150,0,0,0.1562000,0.0077000,0.0000000,0.5346000,-0.0418000,0.0102000
20240119,486,P,9.6400,9.6400,9.6400,9.6400,0,0,0.1972000,-0.9722000,0.0000000,1.5980000,-0.0872000,-1.3087000
20240119,550,P,73.6150,73.6150,73.6150,73.6150,0,0,1.0156000,-0.9961000,0.0000000,0.2897000,-0.0658000,-1.5172000
20240119,315,C,161.3250,161.3250,161.3250,161.3250,0,0,,,,,,
20240119,379,C,97.3550,97.3550,97.3550,97.3550,0,0,,,,,,
20240119,443,C,33.4100,33.4100,33.4100,33.4100,0,0,0.4687000,0.9984000,0.0000000,0.1249000,-0.0933000,1.2241000
20240119,443,P,0.0150,0.0150,0.0150,0.0150,0,0,0.5000000,-0.0027000,0.0000000,0.2115000,-0.0521000,-0.0036000
20240119,400,C,76.3700,76.3700,76.3700,76.3700,0,0,,,,,,
20240119,464,C,12.4400,12.4400,12.4400,12.4400,0,0,0.2324000,0.9847000,0.0000000,0.9606000,-0.1769000,1.2641000
20240119,464,P,0.0350,0.0350,0.0350,0.0350,0,0,0.2304000,-0.0145000,0.0000000,0.9233000,-0.1042000,-0.0192000
20240119,720,P,243.5500,243.5500,243.5500,243.5500,0,0,,,,,,
20240119,357,C,119.3500,119.3500,119.3500,119.3500,0,0,,,,,,
20240119,421,C,55.3900,55.3900,55.3900,55.3900,0,0,,,,,,
20240119,485,C,0.0150,0.0150,0.0150,0.0150,0,0,0.1406000,0.0079000,0.0000000,0.5459000,-0.0385000,0.0104000
20240119,485,P,8.6400,8.6400,8.6400,8.6400,0,0,0.1796000,-0.9703000,0.0000000,1.6903000,-0.0818000,-1.3034000
20240119,655,P,178.5750,178.5750,178.5750,178.5750,0,0,1.8125000,-0.9995000,0.0000000,0.0445000,0.0553000,-1.8123000
20240119,250,C,226.2750,226.2750,226.2750,226.2750,0,0,,,,,,
20240119,378,C,98.3650,98.3650,98.3650,98.3650,0,0,,,,,,
20240119,442,C,34.4100,34.4100,34.4100,34.4100,0,0,0.4843000,0.9984000,0.0000000,0.1272000,-0.0946000,1.2213000
20240119,442,P,0.0150,0.0150,0.0150,0.0150,0,0,0.5124000,-0.0026000,0.0000000,0.2018000,-0.0510000,-0.0034000
20240119,506,P,29.6350,29.6350,29.6350,29.6350,0,0,0.4941000,-0.9894000,0.0000000,0.7022000,-0.0988000,-1.3866000
20240119,570,P,93.6050,93.6050,93.6050,93.6050,0,0,1.2109000,-0.9973000,0.0000000,0.2078000,-0.0418000,-1.5741000
20240119,335,C,141.3400,141.3400,141.3400,141.3400,0,0,,,,,,
20240119,399,C,77.3700,77.3700,77.3700,77.3700,0,0,,,,,,
20240119,463,C,13.4350,13.4350,13.4350,13.4350,0,0,0.2363000,0.9893000,0.0000000,0.7059000,-0.1491000,1.2674000
20240119,463,P,0.0350,0.0350,0.0350,0.0350,0,0,0.2460000,-0.0134000,0.0000000,0.8666000,-0.1045000,-0.0178000
20240119,356,C,120.3500,120.3500,120.3500,120.3500,0,0,,,,,,
20240119,420,C,56.3850,56.3850,56.3850,56.3850,0,0,,,,,,
20240119,484,C,0.0350,0.0350,0.0350,0.0350,0,0,0.1484000,0.0216000,0.0000000,1.3000000,-0.0969000,0.0285000
20240119,484,P,7.6450,7.6450,7.6450,7.6450,0,0,0.1621000,-0.9677000,0.0000000,1.8098000,-0.0770000,-1.2972000
20240119,185,C,291.2400,291.2400,291.2400,291.2400,0,0,,,,,,
20240119,377,C,99.3600,99.3600,99.3600,99.3600,0,0,,,,,,
20240119,441,C,35.4100,35.4100,35.4100,35.4100,0,0,0.5000000,0.9984000,0.0000000,0.1292000,-0.0960000,1.2185000
20240119,441,P,0.0150,0.0150,0.0150,0.0150,0,0,0.5250000,-0.0024000,0.0000000,0.1929000,-0.0499000,-0.0032000
20240119,505,P,28.6350,28.6350,28.6350,28.6350,0,0,0.4804000,-0.9890000,0.0000000,0.7218000,-0.0989000,-1.3834000
20240119,675,P,198.5650,198.5650,198.5650,198.5650,0,0,,,,,,
20240119,270,C,206.2950,206.2950,206.2950,206.2950,0,0,,,,,,
20240119,398,C,78.3750,78.3750,78.3750,78.3750,0,0,,,,,,
20240119,462,C,14.4350,14.4350,14.4350,14.4350,0,0,0.2539000,0.9894000,0.0000000,0.7005000,-0.1544000,1.2647000
20240119,462,P,0.0350,0.0350,0.0350,0.0350,0,0,0.2636000,-0.0131000,0.0000000,0.8489000,-0.1098000,-0.0174000
20240119,590,P,113.6000,113.6000,113.6000,113.6000,0,0,1.4296000,-0.9974000,0.0000000,0.1954000,-0.0526000,-1.6297000
20240119,355,C,121.3450,121.3450,121.3450,121.3450,0,0,,,,,,
20240119,419,C,57.3850,57.3850,57.3850,57.3850,0,0,,,,,,
20240119,483,C,0.0550,0.0550,0.0550,0.0550,0,0,0.1435000,0.0347000,0.0000000,1.9255000,-0.1391000,0.0456000
20240119,483,P,6.6500,6.6500,6.6500,6.6500,0,0,0.1494000,-0.9593000,0.0000000,2.1866000,-0.0942000,-1.2834000
20240119,525,P,48.6300,48.6300,48.6300,48.6300,0,0,0.7531000,-0.9924000,0.0000000,0.5205000,-0.1181000,-1.4433000
20240119,376,C,100.3650,100.3650,100.3650,100.3650,0,0,,,,,,
20240119,440,C,36.4050,36.4050,36.4050,36.4050,0,0,0.5467447,0.9973776,0.0005944,0.0020204,-0.1093170,0.0120188
20240119,440,P,0.0150,0.0150,0.0150,0.0150,0,0,0.5375000,-0.0023000,0.0000000,0.1846000,-0.0489000,-0.0031000
20240119,504,P,27.6400,27.6400,27.6400,27.6400,0,0,0.4785000,-0.9869000,0.0000000,0.8440000,-0.1274000,-1.3778000
20240119,205,C,271.2500,271.2500,271.2500,271.2500,0,0,,,,,,
20240119,397,C,79.3700,79.3700,79.3700,79.3700,0,0,,,,,,
20240119,461,C,15.4350,15.4350,15.4350,15.4350,0,0,0.2695000,0.9899000,0.0000000,0.6689000,-0.1555000,1.2627000
20240119,461,P,0.0350,0.0350,0.0350,0.0350,0,0,0.2792000,-0.0123000,0.0000000,0.8046000,-0.1103000,-0.0164000
20240119,695,P,218.5550,218.5550,218.5550,218.5550,0,0,,,,,,
20240119,290,C,186.3050,186.3050,186.3050,186.3050,0,0,,,,,,
20240119,418,C,58.3900,58.3900,58.3900,58.3900,0,0,,,,,,
20240119,482,C,0.0850,0.0850,0.0850,0.0850,0,0,0.1381000,0.0547000,0.0000000,2.7761000,-0.1936000,0.0719000
20240119,482,P,5.6700,5.6700,5.6700,5.6700,0,0,0.1386000,-0.9446000,0.0000000,2.8014000,-0.1259000,-1.2613000
20240119,610,P,133.5900,133.5900,133.5900,133.5900,0,0,1.5828000,-0.9982000,0.0000000,0.1381000,-0.0195000,-1.6861000
20240119,375,C,101.3650,101.3650,101.3650,101.3650,0,0,,,,,,
20240119,439,C,37.4150,37.4150,37.4150,37.4150,0,0,0.5250000,0.9985000,0.0000000,0.1198000,-0.0949000,1.2131000
20240119,439,P,0.0150,0.0150,0.0150,0.0150,0,0,0.5500000,-0.0022000,0.0000000,0.1769000,-0.0480000,-0.0029000
20240119,545,P,68.6200,68.6200,68.6200,68.6200,0,0,0.9875000,-0.9948000,0.0000000,0.3746000,-0.1041000,-1.5017000
20240119,396,C,80.3700,80.3700,80.3700,80.3700,0,0,,,,,,
20240119,460,C,16.4300,16.4300,16.4300,16.4300,0,0,0.2851000,0.9904000,0.0000000,0.6412000,-0.1567000,1.2605000
20240119,460,P,0.0350,0.0350,0.0350,0.0350,0,0,0.2949000,-0.0117000,0.0000000,0.7660000,-0.1109000,-0.0155000
20240119,524,P,47.6300,47.6300,47.6300,47.6300,0,0,0.7414000,-0.9922000,0.0000000,0.5331000,-0.1199000,-1.4402000
20240119,225,C,251.2650,251.2650,251.2650,251.2650,0,0,,,,,,
20240119,417,C,59.3850,59.3850,59.3850,59.3850,0,0,,,,,,
20240119,481,C,0.1550,0.1550,0.1550,0.1550,0,0,0.1376000,0.0934000,0.0000000,4.1845000,-0.2915000,0.1227000
20240119,481,P,4.7500,4.7500,4.7500,4.7500,0,0,0.1401000,-0.9026000,0.0000000,4.3130000,-0.2358000,-1.2034000
20240119,310,C,166.3200,166.3200,166.3200,166.3200,0,0,,,,,,
20240119,374,C,102.3600,102.3600,102.3600,102.3600,0,0,,,,,,
20240119,438,C,38.4150,38.4150,38.4150,38.4150,0,0,0.5375000,0.9985000,0.0000000,0.1156000,-0.0943000,1.2104000
20240119,438,P,0.0150,0.0150,0.0150,0.0150,0,0,0.5687000,-0.0023000,0.0000000,0.1854000,-0.0520000,-0.0031000
20240119,502,P,25.6400,25.6400,25.6400,25.6400,0,0,0.4492000,-0.9861000,0.0000000,0.8854000,-0.1247000,-1.3713000
20240119,630,P,153.5850,153.5850,153.5850,153.5850,0,0,1.7031000,-0.9989000,0.0000000,0.0888000,0.0167000,-1.7423000
20240119,395,C,81.3700,81.3700,81.3700,81.3700,0,0,,,,,,
20240119,459,C,17.4300,17.4300,17.4300,17.4300,0,0,0.3007000,0.9908000,0.0000000,0.6167000,-0.1579000,1.2583000
20240119,459,P,0.0350,0.0350,0.0350,0.0350,0,0,0.3105000,-0.0111000,0.0000000,0.7320000,-0.1117000,-0.0147000
20240119,565,P,88.6150,88.6150,88.6150,88.6150,0,0,1.1945000,-0.9963000,0.0000000,0.2740000,-0.0800000,-1.5591000
20240119,416,C,60.3950,60.3950,60.3950,60.3950,0,0,0.8133009,0.9993268,0.0001154,0.0005833,-0.0749601,0.0113870
20240119,480,C,0.2650,0.2650,0.2650,0.2650,0,0,0.1362000,0.1482000,0.0000000,5.7989000,-0.4011000,0.1948000
20240119,480,P,3.8600,3.8600,3.8600,3.8600,0,0,0.1379000,-0.8486000,0.0000000,5.8778000,-0.3418000,-1.1297000
20240119,245,C,231.2700,231.2700,231.2700,231.2700,0,0,,,,,,
20240119,373,C,103.3600,103.3600,103.3600,103.3600,0,0,,,,,,
20240119,437,C,39.4050,39.4050,39.4050,39.4050,0,0,0.5911946,0.9974845,0.0005295,0.0019458,-0.1112397,0.0119380
20240119,437,P,0.0150,0.0150,0.0150,0.0150,0,0,0.5874000,-0.0024000,0.0000000,0.1935000,-0.0560000,-0.0033000
20240119,330,C,146.3400,146.3400,146.3400,146.3400,0,0,,,,,,
20240119,394,C,82.3700,82.3700,82.3700,82.3700,0,0,,,,,,
20240119,458,C,18.4300,18.4300,18.4300,18.4300,0,0,0.3164000,0.9912000,0.0000000,0.5948000,-0.1591000,1.2560000
20240119,458,P,0.0250,0.0250,0.0250,0.0250,0,0,0.3105000,-0.0077000,0.0000000,0.5346000,-0.0816000,-0.0102000
20240119,522,P,45.6300,45.6300,45.6300,45.6300,0,0,0.7156000,-0.9919000,0.0000000,0.5500000,-0.1194000,-1.4343000
20240119,650,P,173.5750,173.5750,173.5750,173.5750,0,0,1.7687000,-0.9995000,0.0000000,0.0443000,0.0557000,-1.7984000
20240119,415,C,61.3950,61.3950,61.3950,61.3950,0,0,0.8287883,0.9993183,0.0001145,0.0005901,-0.0755704,0.0113595
20240119,479,C,0.4450,0.4450,0.4450,0.4450,0,0,0.1357000,0.2249000,0.0000000,7.5156000,-0.5203000,0.2954000
20240119,479,P,3.0400,3.0400,3.0400,3.0400,0,0,0.1369000,-0.7730000,0.0000000,7.5541000,-0.4579000,-1.0277000
20240119,585,P,108.6050,108.6050,108.6050,108.6050,0,0,1.3750000,-0.9974000,0.0000000,0.1972000,-0.0492000,-1.6159000
20240119,180,C,296.2350,296.2350,296.2350,296.2350,0,0,,,,,,
20240119,372,C,104.3550,104.3550,104.3550,104.3550,0,0,,,,,,
20240119,436,C,40.4000,40.4000,40.4000,40.4000,0,0,0.5740097,0.9984834,0.0003444,0.0012289,-0.0889270,0.0119238
20240119,436,P,0.0150,0.0150,0.0150,0.0150,0,0,0.5999000,-0.0023000,0.0000000,0.1856000,-0.0549000,-0.0031000
20240119,500,P,23.6400,23.6400,23.6400,23.6400,0,0,0.4179000,-0.9856000,0.0000000,0.9154000,-0.1176000,-1.3651000
20240119,265,C,211.2950,211.2950,211.2950,211.2950,0,0,,,,,,
20240119,393,C,83.3650,83.3650,83.3650,83.3650,0,0,,,,,,
20240119,457,C,19.4300,19.4300,19.4300,19.4300,0,0,0.3320000,0.9915000,0.0000000,0.5751000,-0.1603000,1.2537000
20240119,457,P,0.0250,0.0250,0.0250,0.0250,0,0,0.3242000,-0.0072000,0.0000000,0.5009000,-0.0798000,-0.0095000
20240119,350,C,126.3500,126.3500,126.3500,126.3500,0,0,,,,,,
20240119,414,C,62.3850,62.3850,62.3850,62.3850,0,0,,,,,,
20240119,478,C,0.7150,0.7150,0.7150,0.7150,0,0,0.1357000,0.3217000,0.0000000,8.9823000,-0.6255000,0.4222000
20240119,478,P,2.2900,2.2900,2.2900,2.2900,0,0,0.1347000,-0.6795000,0.0000000,8.9681000,-0.5506000,-0.9023000
20240119,670,P,193.5650,193.5650,193.5650,193.5650,0,0,,,,,,
20240119,371,C,105.3550,105.3550,105.3550,105.3550,0,0,,,,,,
20240119,435,C,41.4000,41.4000,41.4000,41.4000,0,0,0.5886293,0.9984916,0.0003342,0.0012229,-0.0895250,0.0118965
20240119,435,P,0.0150,0.0150,0.0150,0.0150,0,0,0.6125000,-0.0022000,0.0000000,0.1783000,-0.0538000,-0.0030000
20240119,499,P,22.6400,22.6400,22.6400,22.6400,0,0,0.4042000,-0.9848000,0.0000000,0.9550000,-0.1195000,-1.3613000
20240119,605,P,128.5950,128.5950,128.5950,128.5950,0,0,1.5281000,-0.9983000,0.0000000,0.1359000,-0.0149000,-1.6723000
20240119,200,C,276.2500,276.2500,276.2500,276.2500,0,0,,,,,,
20240119,392,C,84.3650,84.3650,84.3650,84.3650,0,0,,,,,,
20240119,456,C,20.4250,20.4250,20.4250,20.4250,0,0,0.3242000,0.9949000,0.0000000,0.3628000,-0.1241000,1.2555000
20240119,456,P,0.0250,0.0250,0.0250,0.0250,0,0,0.3398000,-0.0069000,0.0000000,0.4878000,-0.0815000,-0.0092000
20240119,520,P,43.6350,43.6350,43.6350,43.6350,0,0,0.6875000,-0.9918000,0.0000000,0.5582000,-0.1148000,-1.4286000
20240119,285,C,191.3050,191.3050,191.3050,191.3050,0,0,,,,,,
20240119,413,C,63.3800,63.3800,63.3800,63.3800,0,0,,,,,,
20240119,477,C,1.0950,1.0950,1.0950,1.0950,0,0,0.1364000,0.4329000,0.0000000,9.8570000,-0.6955000,0.5679000
20240119,477,P,1.6750,1.6750,1.6750,1.6750,0,0,0.1354000,-0.5675000,0.0000000,9.8549000,-0.6212000,-0.7529000
20240119,370,C,106.3550,106.3550,106.3550,106.3550,0,0,,,,,,
20240119,434,C,42.4000,42.4000,42.4000,42.4000,0,0,0.6032869,0.9984993,0.0003245,0.0012172,-0.0901260,0.0118692
20240119,434,P,0.0150,0.0150,0.0150,0.0150,0,0,0.6250000,-0.0021000,0.0000000,0.1714000,-0.0528000,-0.0028000
20240119,498,P,21.6450,21.6450,21.6450,21.6450,0,0,0.3886000,-0.9845000,0.0000000,0.9761000,-0.1163000,-1.3581000
20240119,690,P,213.5550,213.5550,213.5550,213.5550,0,0,,,,,,
20240119,391,C,85.3750,85.3750,85.3750,85.3750,0,0,,,,,,
20240119,455,C,21.4350,21.4350,21.4350,21.4350,0,0,0.3632000,0.9921000,0.0000000,0.5410000,-0.1628000,1.2489000
20240119,455,P,0.0250,0.0250,0.0250,0.0250,0,0,0.3554000,-0.0067000,0.0000000,0.4757000,-0.0832000,-0.0090000
20240119,625,P,148.5800,148.5800,148.5800,148.5800,0,0,1.6593000,-0.9989000,0.0000000,0.0909000,0.0161000,-1.7285000
20240119,220,C,256.2600,256.2600,256.2600,256.2600,0,0,,,,,,
20240119,412,C,64.3800,64.3800,64.3800,64.3800,0,0,,,,,,
20240119,476,C,1.5850,1.5850,1.5850,1.5850,0,0,0.1365000,0.5491000,0.0000000,9.9225000,-0.7085000,0.7196000
20240119,476,P,1.1750,1.1750,1.1750,1.1750,0,0,0.1365000,-0.4508000,0.0000000,9.9225000,-0.6392000,-0.5978000
20240119,540,P,63.6250,63.6250,63.6250,63.6250,0,0,0.9265000,-0.9945000,0.0000000,0.3915000,-0.1013000,-1.4875000
20240119,305,C,171.3150,171.3150,171.3150,171.3150,0,0,,,,,,
20240119,369,C,107.3550,107.3550,107.3550,107.3550,0,0,,,,,,
20240119,433,C,43.4000,43.4000,43.4000,43.4000,0,0,0.6179637,0.9985071,0.0003153,0.0012114,-0.0907187,0.0118419
20240119,433,P,0.0150,0.0150,0.0150,0.0150,0,0,0.6374000,-0.0020000,0.0000000,0.1649000,-0.0518000,-0.0027000
20240119,497,P,20.6450,20.6450,20.6450,20.6450,0,0,0.3730000,-0.9840000,0.0000000,1.0000000,-0.1134000,-1.3547000
20240119,390,C,86.3650,86.3650,86.3650,86.3650,0,0,,,,,,
20240119,454,C,22.4350,22.4350,22.4350,22.4350,0,0,0.3789000,0.9923000,0.0000000,0.5261000,-0.1641000,1.2464000
20240119,454,P,0.0250,0.0250,0.0250,0.0250,0,0,0.3710000,-0.0066000,0.0000000,0.4646000,-0.0848000,-0.0087000
20240119,518,P,41.6350,41.6350,41.6350,41.6350,0,0,0.6624000,-0.9914000,0.0000000,0.5835000,-0.1165000,-1.4225000
20240119,710,P,233.5550,233.5550,233.5550,233.5550,0,0,,,,,,
20240119,411,C,65.3800,65.3800,65.3800,65.3800,0,0,,,,,,
20240119,475,C,2.2100,2.2100,2.2100,2.2100,0,0,0.1395000,0.6581000,0.0000000,9.2020000,-0.6806000,0.8617000
20240119,475,P,0.7950,0.7950,0.7950,0.7950,0,0,0.1384000,-0.3406000,0.0000000,9.1900000,-0.6058000,-0.4514000
20240119,645,P,168.5750,168.5750,168.5750,168.5750,0,0,1.7250000,-0.9995000,0.0000000,0.0442000,0.0560000,-1.7846000
20240119,240,C,236.2700,236.2700,236.2700,236.2700,0,0,,,,,,
20240119,368,C,108.3600,108.3600,108.3600,108.3600,0,0,,,,,,
20240119,432,C,44.3950,44.3950,44.3950,44.3950,0,0,0.5671434,0.9995341,0.0001177,0.0004150,-0.0649951,0.0118280
20240119,432,P,0.0150,0.0150,0.0150,0.0150,0,0,0.6499000,-0.0019000,0.0000000,0.1588000,-0.0509000,-0.0026000
20240119,496,P,19.6450,19.6450,19.6450,19.6450,0,0,0.3574000,-0.9835000,0.0000000,1.0270000,-0.1106000,-1.3513000
20240119,560,P,83.6150,83.6150,83.6150,83.6150,0,0,1.1343000,-0.9963000,0.0000000,0.2765000,-0.0740000,-1.5452000
20240119,325,C,151.3300,151.3300,151.3300,151.3300,0,0,,,,,,
20240119,389,C,87.3650,87.3650,87.3650,87.3650,0,0,,,,,,
20240119,453,C,23.3750,23.3750,23.3750,23.3750,0,0,,,,,,
20240119,453,P,0.0250,0.0250,0.0250,0.0250,0,0,0.3867000,-0.0064000,0.0000000,0.4542000,-0.0864000,-0.0085000
20240119,410,C,66.3850,66.3850,66.3850,66.3850,0,0,,,,,,
20240119,474,C,2.9450,2.9450,2.9450,2.9450,0,0,0.1425000,0.7516000,0.0000000,7.9355000,-0.6115000,0.9830000
20240119,474,P,0.5350,0.5350,0.5350,0.5350,0,0,0.1425000,-0.2483000,0.0000000,7.9355000,-0.5426000,-0.3289000
20240119,367,C,109.3600,109.3600,109.3600,109.3600,0,0,,,,,,
20240119,431,C,45.4000,45.4000,45.4000,45.4000,0,0,0.6474412,0.9985213,0.0002984,0.0012009,-0.0919179,0.0117873
20240119,431,P,0.0150,0.0150,0.0150,0.0150,0,0,0.6624000,-0.0019000,0.0000000,0.1530000,-0.0500000,-0.0025000
20240119,495,P,18.6450,18.6450,18.6450,18.6450,0,0,0.3417000,-0.9829000,0.0000000,1.0577000,-0.1080000,-1.3477000
20240119,665,P,188.5650,188.5650,188.5650,188.5650,0,0,,,,,,
20240119,260,C,216.2900,216.2900,216.2900,216.2900,0,0,,,,,,
20240119,388,C,88.3600,88.3600,88.3600,88.3600,0,0,,,,,,
20240119,452,C,24.4200,24.4200,24.4200,24.4200,0,0,0.3828000,0.9956000,0.0000000,0.3218000,-0.1264000,1.2452000
20240119,452,P,0.0250,0.0250,0.0250,0.0250,0,0,0.4023000,-0.0062000,0.0000000,0.4446000,-0.0880000,-0.0083000
20240119,516,P,39.6350,39.6350,39.6350,39.6350,0,0,0.6343000,-0.9912000,0.0000000,0.5957000,-0.1125000,-1.4167000
20240119,580,P,103.6050,103.6050,103.6050,103.6050,0,0,1.3203000,-0.9974000,0.0000000,0.1997000,-0.0463000,-1.6020000
20240119,345,C,131.3450,131.3450,131.3450,131.3450,0,0,,,,,,
20240119,409,C,67.3800,67.3800,67.3800,67.3800,0,0,,,,,,
20240119,473,C,3.7550,3.7550,3.7550,3.7550,0,0,0.1455000,0.8269000,0.0000000,6.4148000,-0.5186000,1.0800000
20240119,473,P,0.3550,0.3550,0.3550,0.3550,0,0,0.1469000,-0.1754000,0.0000000,6.4711000,-0.4584000,-0.2323000
20240119,366,C,110.3550,110.3550,110.3550,110.3550,0,0,,,,,,
20240119,430,C,46.3950,46.3950,46.3950,46.3950,0,0,0.5979655,0.9994983,0.0001196,0.0004445,-0.0662677,0.0117728
20240119,430,P,0.0150,0.0150,0.0150,0.0150,0,0,0.6749000,-0.0018000,0.0000000,0.1475000,-0.0491000,-0.0024000
20240119,494,P,17.6450,17.6450,17.6450,17.6450,0,0,0.3261000,-0.9823000,0.0000000,1.0928000,-0.1057000,-1.3441000
20240119,195,C,281.2400,281.2400,281.2400,281.2400,0,0,,,,,,
20240119,387,C,89.3600,89.3600,89.3600,89.3600,0,0,,,,,,
20240119,451,C,25.4200,25.4200,25.4200,25.4200,0,0,0.3984000,0.9956000,0.0000000,0.3188000,-0.1281000,1.2425000
20240119,451,P,0.0250,0.0250,0.0250,0.0250,0,0,0.4140000,-0.0057000,0.0000000,0.4106000,-0.0837000,-0.0076000
20240119,515,P,38.6350,38.6350,38.6350,38.6350,0,0,0.6187000,-0.9912000,0.0000000,0.5940000,-0.1075000,-1.4140000
20240119,685,P,208.5550,208.5550,208.5550,208.5550,0,0,,,,,,
20240119,280,C,196.3050,196.3050,196.3050,196.3050,0,0,,,,,,
20240119,408,C,68.3800,68.3800,68.3800,68.3800,0,0,,,,,,
20240119,472,C,4.6400,4.6400,4.6400,4.6400,0,0,0.1523000,0.8778000,0.0000000,5.0768000,-0.4428000,1.1447000
20240119,472,P,0.2350,0.2350,0.2350,0.2350,0,0,0.1520000,-0.1217000,0.0000000,5.0658000,-0.3728000,-0.1612000
20240119,600,P,123.5900,123.5900,123.5900,123.5900,0,0,1.4843000,-0.9982000,0.0000000,0.1431000,-0.0179000,-1.6584000
20240119,365,C,111.3550,111.3550,111.3550,111.3550,0,0,,,,,,
20240119,429,C,47.4050,47.4050,47.4050,47.4050,0,0,0.7108974,0.9977087,0.0004046,0.0017882,-0.1163097,0.0117217
20240119,429,P,0.0150,0.0150,0.0150,0.0150,0,0,0.6937000,-0.0019000,0.0000000,0.1535000,-0.0525000,-0.0025000
20240119,493,P,16.6450,16.6450,16.6450,16.6450,0,0,0.3105000,-0.9815000,0.0000000,1.1331000,-0.1037000,-1.3403000
20240119,535,P,58.6250,58.6250,58.6250,58.6250,0,0,0.8609000,-0.9944000,0.0000000,0.3992000,-0.0926000,-1.4735000
20240119,386,C,90.3650,90.3650,90.3650,90.3650,0,0,,,,,,
20240119,450,C,26.4200,26.4200,26.4200,26.4200,0,0,0.4140000,0.9957000,0.0000000,0.3157000,-0.1298000,1.2398000
20240119,450,P,0.0250,0.0250,0.0250,0.0250,0,0,0.4296000,-0.0056000,0.0000000,0.4033000,-0.0853000,-0.0074000
20240119,514,P,37.6350,37.6350,37.6350,37.6350,0,0,0.6062000,-0.9909000,0.0000000,0.6101000,-0.1088000,-1.4109000
20240119,215,C,261.2600,261.2600,261.2600,261.2600,0,0,,,,,,
20240119,407,C,69.3800,69.3800,69.3800,69.3800,0,0,,,,,,
20240119,471,C,5.5550,5.5550,5.5550,5.5550,0,0,0.1547000,0.9202000,0.0000000,3.7187000,-0.3477000,1.1980000
20240119,471,P,0.1650,0.1650,0.1650,0.1650,0,0,0.1596000,-0.0863000,0.0000000,3.9456000,-0.3057000,-0.1142000
20240119,705,P,228.5600,228.5600,228.5600,228.5600,0,0,2.0937000,-0.9997000,0.0000000,0.0216000,0.0800000,-1.9510000
20240119,300,C,176.3150,176.3150,176.3150,176.3150,0,0,,,,,,
20240119,364,C,112.3600,112.3600,112.3600,112.3600,0,0,,,,,,
20240119,428,C,48.4050,48.4050,48.4050,48.4050,0,0,0.7259842,0.9977321,0.0003926,0.0017716,-0.1169354,0.0116947
20240119,492,P,15.6450,15.6450,15.6450,15.6450,0,0,0.2949000,-0.9806000,0.0000000,1.1799000,-0.1019000,-1.3364000
20240119,620,P,143.5800,143.5800,143.5800,143.5800,0,0,1.5937000,-0.9990000,0.0000000,0.0819000,0.0254000,-1.7148000
20240119,385,C,91.3600,91.3600,91.3600,91.3600,0,0,,,,,,
20240119,449,C,27.4200,27.4200,27.4200,27.4200,0,0,0.4296000,0.9957000,0.0000000,0.3127000,-0.1315000,1.2371000
20240119,449,P,0.0250,0.0250,0.0250,0.0250,0,0,0.4453000,-0.0055000,0.0000000,0.3963000,-0.0869000,-0.0073000
20240119,555,P,78.6100,78.6100,78.6100,78.6100,0,0,1.0765000,-0.9961000,0.0000000,0.2850000,-0.0714000,-1.5312000
20240119,406,C,70.3800,70.3800,70.3800,70.3800,0,0,,,,,,
20240119,470,C,6.5150,6.5150,6.5150,6.5150,0,0,0.1635000,0.9427000,0.0000000,2.8775000,-0.2973000,1.2251000
20240119,470,P,0.1150,0.1150,0.1150,0.1150,0,0,0.1669000,-0.0610000,0.0000000,3.0256000,-0.2457000,-0.0807000
20240119,235,C,241.2700,241.2700,241.2700,241.2700,0,0,,,,,,
20240119,363,C,113.3600,113.3600,113.3600,113.3600,0,0,,,,,,
20240119,427,C,49.3950,49.3950,49.3950,49.3950,0,0,0.6440462,0.9994511,0.0001206,0.0004830,-0.0681593,0.0116900
20240119,491,P,14.6450,14.6450,14.6450,14.6450,0,0,0.2792000,-0.9795000,0.0000000,1.2343000,-0.1005000,-1.3322000
20240122,416,C,60.4650,60.4650,60.4650,60.4650,0,0,,,,,,
20240122,416,P,0.0150,0.0150,0.0150,0.0150,0,0,0.4453000,-0.0016000,0.0000000,0.2663000,-0.0146000,-0.0087000
20240122,448,C,28.5000,28.5000,28.5000,28.5000,0,0,,,,,,
20240122,448,P,0.0250,0.0250,0.0250,0.0250,0,0,0.2324000,-0.0053000,0.0000000,0.7638000,-0.0217000,-0.0280000
20240122,480,C,0.5650,0.5650,0.5650,0.5650,0,0,0.0878000,0.2227000,0.0000000,14.8900000,-0.1785000,1.1597000
20240122,480,P,4.1000,4.1000,4.1000,4.1000,0,0,0.0982000,-0.7521000,0.0000000,15.7935000,-0.1407000,-3.9816000
20240122,512,P,35.6300,35.6300,35.6300,35.6300,0,0,0.3764000,-0.9636000,0.0000000,3.9780000,-0.1147000,-5.4350000
20240122,405,C,71.4400,71.4400,71.4400,71.4400,0,0,,,,,,
20240122,405,P,0.0150,0.0150,0.0150,0.0150,0,0,0.5250000,-0.0014000,0.0000000,0.2305000,-0.0149000,-0.0075000
20240122,437,C,39.4850,39.4850,39.4850,39.4850,0,0,,,,,,
20240122,437,P,0.0250,0.0250,0.0250,0.0250,0,0,0.3164000,-0.0042000,0.0000000,0.6218000,-0.0242000,-0.0223000
20240122,469,C,7.7050,7.7050,7.7050,7.7050,0,0,0.0913000,0.9543000,0.0000000,4.7903000,-0.1195000,4.9100000
20240122,469,P,0.2150,0.2150,0.2150,0.2150,0,0,0.1113000,-0.0827000,0.0000000,7.6171000,-0.0999000,-0.4356000
20240122,426,C,50.4700,50.4700,50.4700,50.4700,0,0,,,,,,
20240122,426,P,0.0150,0.0150,0.0150,0.0150,0,0,0.3710000,-0.0018000,0.0000000,0.2922000,-0.0133000,-0.0096000
20240122,458,C,18.5150,18.5150,18.5150,18.5150,0,0,,,,,,
20240122,458,P,0.0450,0.0450,0.0450,0.0450,0,0,0.1718000,-0.0131000,0.0000000,1.6920000,-0.0353000,-0.0694000
20240122,490,C,0.0150,0.0150,0.0150,0.0150,0,0,0.1054000,0.0062000,0.0000000,0.8770000,-0.0119000,0.0324000
20240122,490,P,13.6500,13.6500,13.6500,13.6500,0,0,0.1782000,-0.9296000,0.0000000,6.7328000,-0.0831000,-5.0153000
20240122,522,P,45.6300,45.6300,45.6300,45.6300,0,0,0.4599000,-0.9687000,0.0000000,3.5167000,-0.1279000,-5.5714000
20240122,415,C,61.4550,61.4550,61.4550,61.4550,0,0,,,,,,
20240122,415,P,0.0150,0.0150,0.0150,0.0150,0,0,0.4531000,-0.0016000,0.0000000,0.2657000,-0.0148000,-0.0087000
20240122,447,C,29.5050,29.5050,29.5050,29.5050,0,0,,,,,,
20240122,447,P,0.0250,0.0250,0.0250,0.0250,0,0,0.2402000,-0.0052000,0.0000000,0.7512000,-0.0221000,-0.0275000
20240122,479,C,0.8350,0.8350,0.8350,0.8350,0,0,0.0887000,0.2976000,0.0000000,17.2976000,-0.2118000,1.5485000
20240122,479,P,3.3500,3.3500,3.3500,3.3500,0,0,0.0966000,-0.6868000,0.0000000,17.6930000,-0.1651000,-3.6314000
20240122,404,C,72.4400,72.4400,72.4400,72.4400,0,0,,,,,,
20240122,404,P,0.0150,0.0150,0.0150,0.0150,0,0,0.5250000,-0.0012000,0.0000000,0.2013000,-0.0130000,-0.0064000
20240122,436,C,40.4850,40.4850,40.4850,40.4850,0,0,,,,,,
20240122,436,P,0.0250,0.0250,0.0250,0.0250,0,0,0.3222000,-0.0039000,0.0000000,0.5889000,-0.0233000,-0.0210000
20240122,468,C,8.6450,8.6450,8.6450,8.6450,0,0,0.0830000,0.9822000,0.0000000,2.1893000,-0.0894000,5.0456000
20240122,468,P,0.1750,0.1750,0.1750,0.1750,0,0,0.1162000,-0.0662000,0.0000000,6.4277000,-0.0885000,-0.3487000
20240122,500,P,23.6400,23.6400,23.6400,23.6400,0,0,0.2729000,-0.9515000,0.0000000,5.0253000,-0.1016000,-5.2396000
20240122,425,C,51.4650,51.4650,51.4650,51.4650,0,0,,,,,,
20240122,425,P,0.0150,0.0150,0.0150,0.0150,0,0,0.3750000,-0.0016000,0.0000000,0.2677000,-0.0124000,-0.0088000
20240122,457,C,19.5100,19.5100,19.5100,19.5100,0,0,,,,,,
20240122,457,P,0.0350,0.0350,0.0350,0.0350,0,0,0.1738000,-0.0102000,0.0000000,1.3633000,-0.0288000,-0.0541000
20240122,489,C,0.0150,0.0150,0.0150,0.0150,0,0,0.0976000,0.0062000,0.0000000,0.8744000,-0.0110000,0.0323000
20240122,489,P,12.6500,12.6500,12.6500,12.6500,0,0,0.1679000,-0.9261000,0.0000000,6.9833000,-0.0802000,-4.9863000
20240122,414,C,62.4500,62.4500,62.4500,62.4500,0,0,,,,,,
20240122,414,P,0.0150,0.0150,0.0150,0.0150,0,0,0.4531000,-0.0013000,0.0000000,0.2285000,-0.0128000,-0.0074000
20240122,446,C,30.5050,30.5050,30.5050,30.5050,0,0,,,,,,
20240122,446,P,0.0250,0.0250,0.0250,0.0250,0,0,0.2480000,-0.0051000,0.0000000,0.7392000,-0.0225000,-0.0270000
20240122,478,C,1.1750,1.1750,1.1750,1.1750,0,0,0.0889000,0.3799000,0.0000000,19.0097000,-0.2370000,1.9754000
20240122,478,P,2.6850,2.6850,2.6850,2.6850,0,0,0.0957000,-0.6115000,0.0000000,19.1351000,-0.1856000,-3.2302000
20240122,510,P,33.6300,33.6300,33.6300,33.6300,0,0,0.3593000,-0.9623000,0.0000000,4.0986000,-0.1120000,-5.4060000
20240122,403,C,73.4400,73.4400,73.4400,73.4400,0,0,,,,,,
20240122,403,P,0.0150,0.0150,0.0150,0.0150,0,0,0.5375000,-0.0013000,0.0000000,0.2172000,-0.0144000,-0.0070000
20240122,435,C,41.4800,41.4800,41.4800,41.4800,0,0,,,,,,
20240122,435,P,0.0250,0.0250,0.0250,0.0250,0,0,0.3281000,-0.0037000,0.0000000,0.5583000,-0.0225000,-0.0198000
20240122,467,C,9.6100,9.6100,9.6100,9.6100,0,0,0.0966081,0.9778836,0.0109436,0.0262890,-0.0879899,0.0499940
20240122,467,P,0.1350,0.1350,0.1350,0.1350,0,0,0.1196000,-0.0513000,0.0000000,5.2591000,-0.0748000,-0.2701000
20240122,499,P,22.6400,22.6400,22.6400,22.6400,0,0,0.2636000,-0.9501000,0.0000000,5.1349000,-0.0996000,-5.2217000
20240122,424,C,52.4750,52.4750,52.4750,52.4750,0,0,,,,,,
20240122,424,P,0.0150,0.0150,0.0150,0.0150,0,0,0.3828000,-0.0016000,0.0000000,0.2680000,-0.0126000,-0.0088000
20240122,456,C,20.5150,20.5150,20.5150,20.5150,0,0,,,,,,
20240122,456,P,0.0350,0.0350,0.0350,0.0350,0,0,0.1816000,-0.0098000,0.0000000,1.3128000,-0.0290000,-0.0518000
20240122,520,P,43.6350,43.6350,43.6350,43.6350,0,0,0.4433000,-0.9679000,0.0000000,3.5899000,-0.1250000,-5.5453000
20240122,488,C,0.0250,0.0250,0.0250,0.0250,0,0,0.0996000,0.0120000,0.0000000,1.5667000,-0.0202000,0.0629000
20240122,488,P,11.6500,11.6500,11.6500,11.6500,0,0,0.1577000,-0.9220000,0.0000000,7.2754000,-0.0774000,-4.9540000
20240122,413,C,63.4550,63.4550,63.4550,63.4550,0,0,,,,,,
20240122,413,P,0.0150,0.0150,0.0150,0.0150,0,0,0.4609000,-0.0013000,0.0000000,0.2284000,-0.0130000,-0.0074000
20240122,445,C,31.4900,31.4900,31.4900,31.4900,0,0,,,,,,
20240122,445,P,0.0250,0.0250,0.0250,0.0250,0,0,0.2539000,-0.0047000,0.0000000,0.6917000,-0.0215000,-0.0251000
20240122,477,C,1.6150,1.6150,1.6150,1.6150,0,0,0.0900000,0.4680000,0.0000000,19.8555000,-0.2552000,2.4320000
20240122,477,P,2.1150,2.1150,2.1150,2.1150,0,0,0.0960000,-0.5297000,0.0000000,19.8640000,-0.2007000,-2.7956000
20240122,402,C,74.4400,74.4400,74.4400,74.4400,0,0,,,,,,
20240122,402,P,0.0150,0.0150,0.0150,0.0150,0,0,0.5437000,-0.0012000,0.0000000,0.2110000,-0.0142000,-0.0068000
20240122,434,C,42.4800,42.4800,42.4800,42.4800,0,0,,,,,,
20240122,434,P,0.0250,0.0250,0.0250,0.0250,0,0,0.3359000,-0.0037000,0.0000000,0.5524000,-0.0228000,-0.0196000
20240122,466,C,10.5850,10.5850,10.5850,10.5850,0,0,0.0920288,0.9902022,0.0057051,0.0130553,-0.0718647,0.0505302
20240122,466,P,0.1050,0.1050,0.1050,0.1050,0,0,0.1230000,-0.0397000,0.0000000,4.2836000,-0.0629000,-0.2092000
20240122,498,P,21.6450,21.6450,21.6450,21.6450,0,0,0.2543000,-0.9487000,0.0000000,5.2558000,-0.0978000,-5.2030000
20240122,530,P,53.6200,53.6200,53.6200,53.6200,0,0,0.5207000,-0.9724000,0.0000000,3.1670000,-0.1304000,-5.6786000
20240122,423,C,53.4650,53.4650,53.4650,53.4650,0,0,,,,,,
20240122,423,P,0.0150,0.0150,0.0150,0.0150,0,0,0.3906000,-0.0016000,0.0000000,0.2682000,-0.0129000,-0.0088000
20240122,455,C,21.5100,21.5100,21.5100,21.5100,0,0,,,,,,
20240122,455,P,0.0350,0.0350,0.0350,0.0350,0,0,0.1894000,-0.0094000,0.0000000,1.2670000,-0.0292000,-0.0498000
20240122,487,C,0.0350,0.0350,0.0350,0.0350,0,0,0.0966000,0.0169000,0.0000000,2.0995000,-0.0264000,0.0883000
20240122,487,P,10.6450,10.6450,10.6450,10.6450,0,0,0.1457000,-0.9196000,0.0000000,7.4464000,-0.0700000,-4.9302000
20240122,412,C,64.4500,64.4500,64.4500,64.4500,0,0,,,,,,
20240122,412,P,0.0150,0.0150,0.0150,0.0150,0,0,0.4687000,-0.0013000,0.0000000,0.2282000,-0.0132000,-0.0074000
20240122,444,C,32.4900,32.4900,32.4900,32.4900,0,0,,,,,,
20240122,444,P,0.0250,0.0250,0.0250,0.0250,0,0,0.2617000,-0.0046000,0.0000000,0.6820000,-0.0219000,-0.0247000
20240122,476,C,2.1350,2.1350,2.1350,2.1350,0,0,0.0906000,0.5561000,0.0000000,19.7214000,-0.2610000,2.8875000
20240122,476,P,1.6450,1.6450,1.6450,1.6450,0,0,0.0971000,-0.4472000,0.0000000,19.7451000,-0.2078000,-2.3589000
20240122,508,P,31.6350,31.6350,31.6350,31.6350,0,0,0.3422000,-0.9607000,0.0000000,4.2379000,-0.1096000,-5.3758000
20240122,540,P,63.6200,63.6200,63.6200,63.6200,0,0,0.5976000,-0.9750000,0.0000000,2.9085000,-0.1398000,-5.8024000
20240122,433,C,43.4800,43.4800,43.4800,43.4800,0,0,,,,,,
20240122,433,P,0.0250,0.0250,0.0250,0.0250,0,0,0.3437000,-0.0036000,0.0000000,0.5466000,-0.0231000,-0.0193000
20240122,465,C,11.5700,11.5700,11.5700,11.5700,0,0,0.0739892,0.9992593,0.0006925,0.0012740,-0.0584352,0.0508950
20240122,465,P,0.0950,0.0950,0.0950,0.0950,0,0,0.1303000,-0.0349000,0.0000000,3.8528000,-0.0601000,-0.1838000
20240122,497,P,20.6450,20.6450,20.6450,20.6450,0,0,0.2451000,-0.9470000,0.0000000,5.3894000,-0.0960000,-5.1834000
20240122,422,C,54.4600,54.4600,54.4600,54.4600,0,0,,,,,,
20240122,422,P,0.0150,0.0150,0.0150,0.0150,0,0,0.3984000,-0.0016000,0.0000000,0.2683000,-0.0132000,-0.0088000
20240122,454,C,22.5050,22.5050,22.5050,22.5050,0,0,,,,,,
20240122,454,P,0.0350,0.0350,0.0350,0.0350,0,0,0.1972000,-0.0090000,0.0000000,1.2252000,-0.0294000,-0.0479000
20240122,486,C,0.0450,0.0450,0.0450,0.0450,0,0,0.0927000,0.0227000,0.0000000,2.6975000,-0.0327000,0.1187000
20240122,486,P,9.6500,9.6500,9.6500,9.6500,0,0,0.1364000,-0.9123000,0.0000000,7.9486000,-0.0706000,-4.8811000
20240122,518,P,41.6350,41.6350,41.6350,41.6350,0,0,0.4267000,-0.9670000,0.0000000,3.6727000,-0.1223000,-5.5186000
20240122,411,C,65.4500,65.4500,65.4500,65.4500,0,0,,,,,,
20240122,411,P,0.0150,0.0150,0.0150,0.0150,0,0,0.4765000,-0.0013000,0.0000000,0.2279000,-0.0134000,-0.0074000
20240122,443,C,33.4900,33.4900,33.4900,33.4900,0,0,,,,,,
20240122,443,P,0.0250,0.0250,0.0250,0.0250,0,0,0.2695000,-0.0046000,0.0000000,0.6727000,-0.0222000,-0.0243000
20240122,475,C,2.7550,2.7550,2.7550,2.7550,0,0,0.0919000,0.6397000,0.0000000,18.6846000,-0.2580000,3.3180000
20240122,475,P,1.2550,1.2550,1.2550,1.2550,0,0,0.0982000,-0.3686000,0.0000000,18.8293000,-0.2048000,-1.9430000
20240122,432,C,44.4850,44.4850,44.4850,44.4850,0,0,,,,,,
20240122,432,P,0.0250,0.0250,0.0250,0.0250,0,0,0.3515000,-0.0036000,0.0000000,0.5408000,-0.0234000,-0.0191000
20240122,464,C,12.5500,12.5500,12.5500,12.5500,0,0,,,,,,
20240122,464,P,0.0750,0.0750,0.0750,0.0750,0,0,0.1337000,-0.0274000,0.0000000,3.1520000,-0.0506000,-0.1442000
20240122,496,P,19.6450,19.6450,19.6450,19.6450,0,0,0.2353000,-0.9455000,0.0000000,5.5079000,-0.0932000,-5.1647000
20240122,421,C,55.4650,55.4650,55.4650,55.4650,0,0,,,,,,
20240122,421,P,0.0150,0.0150,0.0150,0.0150,0,0,0.4062000,-0.0016000,0.0000000,0.2682000,-0.0134000,-0.0088000
20240122,453,C,23.5150,23.5150,23.5150,23.5150,0,0,,,,,,
20240122,453,P,0.0350,0.0350,0.0350,0.0350,0,0,0.2050000,-0.0087000,0.0000000,1.1869000,-0.0297000,-0.0462000
20240122,485,C,0.0650,0.0650,0.0650,0.0650,0,0,0.0908000,0.0338000,0.0000000,3.7569000,-0.0448000,0.1766000
20240122,485,P,8.6500,8.6500,8.6500,8.6500,0,0,0.1254000,-0.9063000,0.0000000,8.3485000,-0.0665000,-4.8388000
20240122,410,C,66.4500,66.4500,66.4500,66.4500,0,0,,,,,,
20240122,410,P,0.0150,0.0150,0.0150,0.0150,0,0,0.4843000,-0.0013000,0.0000000,0.2275000,-0.0136000,-0.0073000
20240122,442,C,34.4850,34.4850,34.4850,34.4850,0,0,,,,,,
20240122,442,P,0.0250,0.0250,0.0250,0.0250,0,0,0.2773000,-0.0045000,0.0000000,0.6636000,-0.0226000,-0.0240000
20240122,474,C,3.4400,3.4400,3.4400,3.4400,0,0,0.0927000,0.7160000,0.0000000,16.9204000,-0.2448000,3.7100000
20240122,474,P,0.9450,0.9450,0.9450,0.9450,0,0,0.0996000,-0.2971000,0.0000000,17.2840000,-0.1939000,-1.5652000
20240122,506,P,29.6350,29.6350,29.6350,29.6350,0,0,0.3247000,-0.9591000,0.0000000,4.3793000,-0.1065000,-5.3453000
20240122,431,C,45.4700,45.4700,45.4700,45.4700,0,0,,,,,,
20240122,431,P,0.0250,0.0250,0.0250,0.0250,0,0,0.3593000,-0.0035000,0.0000000,0.5351000,-0.0237000,-0.0189000
20240122,463,C,13.5400,13.5400,13.5400,13.5400,0,0,,,,,,
20240122,463,P,0.0650,0.0650,0.0650,0.0650,0,0,0.1391000,-0.0230000,0.0000000,2.7251000,-0.0456000,-0.1212000
20240122,495,C,0.0150,0.0150,0.0150,0.0150,0,0,0.1386000,0.0047000,0.0000000,0.6850000,-0.0121000,0.0245000
20240122,495,P,18.6450,18.6450,18.6450,18.6450,0,0,0.2260000,-0.9435000,0.0000000,5.6716000,-0.0917000,-5.1429000
20240122,420,C,56.4600,56.4600,56.4600,56.4600,0,0,,,,,,
20240122,420,P,0.0150,0.0150,0.0150,0.0150,0,0,0.4140000,-0.0016000,0.0000000,0.2680000,-0.0137000,-0.0088000
20240122,452,C,24.5050,24.5050,24.5050,24.5050,0,0,,,,,,
20240122,452,P,0.0350,0.0350,0.0350,0.0350,0,0,0.2128000,-0.0084000,0.0000000,1.1516000,-0.0299000,-0.0447000
20240122,484,C,0.0950,0.0950,0.0950,0.0950,0,0,0.0883000,0.0490000,0.0000000,5.0688000,-0.0592000,0.2555000
20240122,484,P,7.6650,7.6650,7.6650,7.6650,0,0,0.1154000,-0.8968000,0.0000000,8.9642000,-0.0657000,-4.7779000
20240122,516,P,39.6350,39.6350,39.6350,39.6350,0,0,0.4101000,-0.9660000,0.0000000,3.7665000,-0.1199000,-5.4912000
20240122,409,C,67.4550,67.4550,67.4550,67.4550,0,0,,,,,,
20240122,409,P,0.0150,0.0150,0.0150,0.0150,0,0,0.4921000,-0.0013000,0.0000000,0.2270000,-0.0138000,-0.0073000
20240122,441,C,35.4900,35.4900,35.4900,35.4900,0,0,,,,,,
20240122,441,P,0.0250,0.0250,0.0250,0.0250,0,0,0.2851000,-0.0044000,0.0000000,0.6548000,-0.0229000,-0.0236000
20240122,473,C,4.2000,4.2000,4.2000,4.2000,0,0,0.0936000,0.7826000,0.0000000,14.6795000,-0.2249000,4.0502000
20240122,473,P,0.7050,0.7050,0.7050,0.7050,0,0,0.1014000,-0.2351000,0.0000000,15.3496000,-0.1777000,-1.2384000
20240122,505,P,28.6350,28.6350,28.6350,28.6350,0,0,0.3159000,-0.9582000,0.0000000,4.4589000,-0.1050000,-5.3295000
20240122,430,C,46.4700,46.4700,46.4700,46.4700,0,0,,,,,,
20240122,430,P,0.0150,0.0150,0.0150,0.0150,0,0,0.3437000,-0.0020000,0.0000000,0.3198000,-0.0135000,-0.0106000
20240122,462,C,14.5400,14.5400,14.5400,14.5400,0,0,,,,,,
20240122,462,P,0.0550,0.0550,0.0550,0.0550,0,0,0.1435000,-0.0188000,0.0000000,2.3010000,-0.0398000,-0.0993000
20240122,494,C,0.0150,0.0150,0.0150,0.0150,0,0,0.1328000,0.0051000,0.0000000,0.7403000,-0.0126000,0.0268000
20240122,494,P,17.6450,17.6450,17.6450,17.6450,0,0,0.2163000,-0.9416000,0.0000000,5.8219000,-0.0891000,-5.1220000
20240122,419,C,57.4600,57.4600,57.4600,57.4600,0,0,,,,,,
20240122,419,P,0.0150,0.0150,0.0150,0.0150,0,0,0.4218000,-0.0016000,0.0000000,0.2677000,-0.0139000,-0.0088000
20240122,451,C,25.5000,25.5000,25.5000,25.5000,0,0,,,,,,
20240122,451,P,0.0250,0.0250,0.0250,0.0250,0,0,0.2109000,-0.0060000,0.0000000,0.8540000,-0.0220000,-0.0318000
20240122,483,C,0.1550,0.1550,0.1550,0.1550,0,0,0.0883000,0.0761000,0.0000000,7.1531000,-0.0840000,0.3971000
20240122,483,P,6.6950,6.6950,6.6950,6.6950,0,0,0.1071000,-0.8806000,0.0000000,9.9485000,-0.0709000,-4.6827000
20240122,515,P,38.6350,38.6350,38.6350,38.6350,0,0,0.4018000,-0.9654000,0.0000000,3.8181000,-0.1187000,-5.4773000
20240122,525,P,48.6300,48.6300,48.6300,48.6300,0,0,0.4838000,-0.9699000,0.0000000,3.3973000,-0.1306000,-5.6110000
20240122,440,C,36.4850,36.4850,36.4850,36.4850,0,0,,,,,,
20240122,440,P,0.0250,0.0250,0.0250,0.0250,0,0,0.2929000,-0.0044000,0.0000000,0.6462000,-0.0232000,-0.0233000
20240122,408,C,68.4550,68.4550,68.4550,68.4550,0,0,,,,,,
20240122,408,P,0.0150,0.0150,0.0150,0.0150,0,0,0.5000000,-0.0013000,0.0000000,0.2265000,-0.0140000,-0.0073000
20240122,472,C,5.0150,5.0150,5.0150,5.0150,0,0,0.0937000,0.8402000,0.0000000,12.1337000,-0.1993000,4.3428000
20240122,472,P,0.5250,0.5250,0.5250,0.5250,0,0,0.1035000,-0.1833000,0.0000000,13.2530000,-0.1582000,-0.9652000
20240122,504,P,27.6350,27.6350,27.6350,27.6350,0,0,0.3071000,-0.9571000,0.0000000,4.5453000,-0.1036000,-5.3133000
20240122,429,C,47.4700,47.4700,47.4700,47.4700,0,0,,,,,,
20240122,429,P,0.0150,0.0150,0.0150,0.0150,0,0,0.3515000,-0.0020000,0.0000000,0.3197000,-0.0138000,-0.0106000
20240122,461,C,15.5350,15.5350,15.5350,15.5350,0,0,,,,,,
20240122,461,P,0.0550,0.0550,0.0550,0.0550,0,0,0.1523000,-0.0181000,0.0000000,2.2221000,-0.0409000,-0.0953000
20240122,493,C,0.0150,0.0150,0.0150,0.0150,0,0,0.1250000,0.0050000,0.0000000,0.7279000,-0.0116000,0.0263000
20240122,493,P,16.6450,16.6450,16.6450,16.6450,0,0,0.2065000,-0.9394000,0.0000000,5.9912000,-0.0867000,-5.0996000
20240122,535,P,58.6200,58.6200,58.6200,58.6200,0,0,0.5593000,-0.9738000,0.0000000,3.0258000,-0.1350000,-5.7412000
20240122,450,C,26.5000,26.5000,26.5000,26.5000,0,0,,,,,,
20240122,450,P,0.0350,0.0350,0.0350,0.0350,0,0,0.2285000,-0.0079000,0.0000000,1.0886000,-0.0304000,-0.0419000
20240122,418,C,58.4600,58.4600,58.4600,58.4600,0,0,,,,,,
20240122,418,P,0.0150,0.0150,0.0150,0.0150,0,0,0.4296000,-0.0016000,0.0000000,0.2674000,-0.0142000,-0.0088000
20240122,482,C,0.2450,0.2450,0.2450,0.2450,0,0,0.0881000,0.1129000,0.0000000,9.5700000,-0.1129000,0.5886000
20240122,482,P,5.7900,5.7900,5.7900,5.7900,0,0,0.1040000,-0.8472000,0.0000000,11.7852000,-0.0932000,-4.4977000
20240122,514,P,37.6350,37.6350,37.6350,37.6350,0,0,0.3935000,-0.9648000,0.0000000,3.8732000,-0.1177000,-5.4631000
20240122,407,C,69.4450,69.4450,69.4450,69.4450,0,0,,,,,,
20240122,407,P,0.0150,0.0150,0.0150,0.0150,0,0,0.5062000,-0.0013000,0.0000000,0.2198000,-0.0137000,-0.0071000
20240122,439,C,37.4950,37.4950,37.4950,37.4950,0,0,,,,,,
20240122,439,P,0.0250,0.0250,0.0250,0.0250,0,0,0.3007000,-0.0043000,0.0000000,0.6378000,-0.0236000,-0.0230000
20240122,471,C,5.8800,5.8800,5.8800,5.8800,0,0,0.0944000,0.8853000,0.0000000,9.6702000,-0.1744000,4.5691000
20240122,471,P,0.3950,0.3950,0.3950,0.3950,0,0,0.1064000,-0.1426000,0.0000000,11.2581000,-0.1394000,-0.7511000
20240122,545,P,68.6200,68.6200,68.6200,68.6200,0,0,0.6351000,-0.9761000,0.0000000,2.8027000,-0.1443000,-5.8630000
20240122,428,C,48.4700,48.4700,48.4700,48.4700,0,0,,,,,,
20240122,428,P,0.0150,0.0150,0.0150,0.0150,0,0,0.3593000,-0.0020000,0.0000000,0.3194000,-0.0141000,-0.0106000
20240122,460,C,16.5250,16.5250,16.5250,16.5250,0,0,,,,,,
20240122,460,P,0.0450,0.0450,0.0450,0.0450,0,0,0.1552000,-0.0143000,0.0000000,1.8161000,-0.0341000,-0.0753000
20240122,492,C,0.0150,0.0150,0.0150,0.0150,0,0,0.1171000,0.0049000,0.0000000,0.7148000,-0.0107000,0.0257000
20240122,492,P,15.6450,15.6450,15.6450,15.6450,0,0,0.1967000,-0.9369000,0.0000000,6.1830000,-0.0844000,-5.0755000
20240122,524,P,47.6300,47.6300,47.6300,47.6300,0,0,0.4760000,-0.9695000,0.0000000,3.4391000,-0.1300000,-5.5977000
20240122,417,C,59.4650,59.4650,59.4650,59.4650,0,0,,,,,,
20240122,417,P,0.0150,0.0150,0.0150,0.0150,0,0,0.4375000,-0.0016000,0.0000000,0.2669000,-0.0144000,-0.0087000
20240122,449,C,27.4950,27.4950,27.4950,27.4950,0,0,,,,,,
20240122,449,P,0.0250,0.0250,0.0250,0.0250,0,0,0.2246000,-0.0054000,0.0000000,0.7770000,-0.0213000,-0.0286000
20240122,481,C,0.3750,0.3750,0.3750,0.3750,0,0,0.0877000,0.1610000,0.0000000,12.2003000,-0.1446000,0.8387000
20240122,481,P,4.9150,4.9150,4.9150,4.9150,0,0,0.1000000,-0.8070000,0.0000000,13.6787000,-0.1140000,-4.2777000
20240122,406,C,70.4400,70.4400,70.4400,70.4400,0,0,,,,,,
20240122,406,P,0.0150,0.0150,0.0150,0.0150,0,0,0.5124000,-0.0012000,0.0000000,0.2134000,-0.0135000,-0.0068000
20240122,438,C,38.4850,38.4850,38.4850,38.4850,0,0,,,,,,
20240122,438,P,0.0250,0.0250,0.0250,0.0250,0,0,0.3085000,-0.0042000,0.0000000,0.6297000,-0.0239000,-0.0226000
20240122,470,C,6.7750,6.7750,6.7750,6.7750,0,0,0.0927000,0.9254000,0.0000000,7.0354000,-0.1445000,4.7692000
20240122,470,P,0.2950,0.2950,0.2950,0.2950,0,0,0.1091000,-0.1097000,0.0000000,9.3710000,-0.1198000,-0.5773000
20240122,502,P,25.6400,25.6400,25.6400,25.6400,0,0,0.2910000,-0.9540000,0.0000000,4.8115000,-0.1047000,-5.2750000
20240122,427,C,49.4700,49.4700,49.4700,49.4700,0,0,,,,,,
20240122,427,P,0.0150,0.0150,0.0150,0.0150,0,0,0.3671000,-0.0020000,0.0000000,0.3190000,-0.0144000,-0.0106000
20240122,459,C,17.5200,17.5200,17.5200,17.5200,0,0,,,,,,
20240122,459,P,0.0450,0.0450,0.0450,0.0450,0,0,0.1640000,-0.0139000,0.0000000,1.7759000,-0.0353000,-0.0734000
20240122,491,C,0.0150,0.0150,0.0150,0.0150,0,0,0.1113000,0.0055000,0.0000000,0.7878000,-0.0113000,0.0287000
20240122,491,P,14.6450,14.6450,14.6450,14.6450,0,0,0.1867000,-0.9343000,0.0000000,6.3822000,-0.0817000,-5.0508000
20240123,416,C,60.5300,60.5300,60.5300,60.5300,0,0,,,,,,
20240123,416,P,0.0250,0.0250,0.0250,0.0250,0,0,0.4218000,-0.0027000,0.0000000,0.4674000,-0.0194000,-0.0180000
20240123,448,C,28.5750,28.5750,28.5750,28.5750,0,0,,,,,,
20240123,448,P,0.0350,0.0350,0.0350,0.0350,0,0,0.2187000,-0.0074000,0.0000000,1.1496000,-0.0245000,-0.0491000
20240123,480,C,0.8250,0.8250,0.8250,0.8250,0,0,0.0925000,0.2632000,0.0000000,18.2180000,-0.1863000,1.7100000
20240123,480,P,4.2900,4.2900,4.2900,4.2900,0,0,0.1011000,-0.7185000,0.0000000,18.8339000,-0.1396000,-4.7573000
20240123,512,P,35.6300,35.6300,35.6300,35.6300,0,0,0.3520000,-0.9565000,0.0000000,5.1429000,-0.1092000,-6.7437000
20240123,405,C,71.5100,71.5100,71.5100,71.5100,0,0,,,,,,
20240123,405,P,0.0150,0.0150,0.0150,0.0150,0,0,0.4687000,-0.0013000,0.0000000,0.2511000,-0.0116000,-0.0091000
20240123,437,C,39.5600,39.5600,39.5600,39.5600,0,0,,,,,,
20240123,437,P,0.0350,0.0350,0.0350,0.0350,0,0,0.2949000,-0.0056000,0.0000000,0.9003000,-0.0261000,-0.0373000
20240123,469,C,7.9150,7.9150,7.9150,7.9150,0,0,0.1022000,0.9134000,0.0000000,8.8003000,-0.1519000,5.8644000
20240123,469,P,0.3650,0.3650,0.3650,0.3650,0,0,0.1157000,-0.1139000,0.0000000,10.7609000,-0.1163000,-0.7499000
20240123,426,C,50.5400,50.5400,50.5400,50.5400,0,0,,,,,,
20240123,426,P,0.0250,0.0250,0.0250,0.0250,0,0,0.3554000,-0.0032000,0.0000000,0.5506000,-0.0193000,-0.0216000
20240123,458,C,18.6050,18.6050,18.6050,18.6050,0,0,,,,,,
20240123,458,P,0.0650,0.0650,0.0650,0.0650,0,0,0.1635000,-0.0180000,0.0000000,2.4738000,-0.0391000,-0.1187000
20240123,490,C,0.0250,0.0250,0.0250,0.0250,0,0,0.1015000,0.0104000,0.0000000,1.5490000,-0.0164000,0.0682000
20240123,490,P,13.6500,13.6500,13.6500,13.6500,0,0,0.1677000,-0.9180000,0.0000000,8.4517000,-0.0758000,-6.1900000
20240123,522,P,45.6300,45.6300,45.6300,45.6300,0,0,0.4287000,-0.9626000,0.0000000,4.5445000,-0.1210000,-6.9211000
20240123,415,C,61.5350,61.5350,61.5350,61.5350,0,0,,,,,,
20240123,415,P,0.0250,0.0250,0.0250,0.0250,0,0,0.4296000,-0.0027000,0.0000000,0.4698000,-0.0199000,-0.0181000
20240123,447,C,29.5700,29.5700,29.5700,29.5700,0,0,,,,,,
20240123,447,P,0.0350,0.0350,0.0350,0.0350,0,0,0.2255000,-0.0072000,0.0000000,1.1177000,-0.0246000,-0.0476000
20240123,479,C,1.1350,1.1350,1.1350,1.1350,0,0,0.0933000,0.3310000,0.0000000,20.2382000,-0.2113000,2.1494000
20240123,479,P,3.5850,3.5850,3.5850,3.5850,0,0,0.1002000,-0.6577000,0.0000000,20.5007000,-0.1589000,-4.3499000
20240123,404,C,72.5100,72.5100,72.5100,72.5100,0,0,,,,,,
20240123,404,P,0.0150,0.0150,0.0150,0.0150,0,0,0.4765000,-0.0013000,0.0000000,0.2540000,-0.0119000,-0.0092000
20240123,436,C,40.5650,40.5650,40.5650,40.5650,0,0,,,,,,
20240123,436,P,0.0350,0.0350,0.0350,0.0350,0,0,0.3007000,-0.0053000,0.0000000,0.8636000,-0.0255000,-0.0356000
20240123,468,C,8.8400,8.8400,8.8400,8.8400,0,0,0.1030000,0.9369000,0.0000000,6.9099000,-0.1346000,6.0052000
20240123,468,P,0.2850,0.2850,0.2850,0.2850,0,0,0.1181000,-0.0908000,0.0000000,9.1277000,-0.1012000,-0.5980000
20240123,500,C,0.0150,0.0150,0.0150,0.0150,0,0,0.1523000,0.0038000,0.0000000,0.6369000,-0.0099000,0.0249000
20240123,500,P,23.6400,23.6400,23.6400,23.6400,0,0,0.2556000,-0.9428000,0.0000000,6.3972000,-0.0944000,-6.4897000
20240123,425,C,51.5400,51.5400,51.5400,51.5400,0,0,,,,,,
20240123,425,P,0.0250,0.0250,0.0250,0.0250,0,0,0.3632000,-0.0032000,0.0000000,0.5542000,-0.0198000,-0.0217000
20240123,457,C,19.6050,19.6050,19.6050,19.6050,0,0,,,,,,
20240123,457,P,0.0650,0.0650,0.0650,0.0650,0,0,0.1708000,-0.0171000,0.0000000,2.3709000,-0.0392000,-0.1129000
20240123,489,C,0.0350,0.0350,0.0350,0.0350,0,0,0.1005000,0.0154000,0.0000000,2.1694000,-0.0228000,0.1006000
20240123,489,P,12.6500,12.6500,12.6500,12.6500,0,0,0.1582000,-0.9141000,0.0000000,8.7518000,-0.0729000,-6.1508000
20240123,414,C,62.5350,62.5350,62.5350,62.5350,0,0,,,,,,
20240123,414,P,0.0250,0.0250,0.0250,0.0250,0,0,0.4375000,-0.0027000,0.0000000,0.4719000,-0.0204000,-0.0182000
20240123,446,C,30.5700,30.5700,30.5700,30.5700,0,0,,,,,,
20240123,446,P,0.0350,0.0350,0.0350,0.0350,0,0,0.2324000,-0.0070000,0.0000000,1.0877000,-0.0247000,-0.0461000
20240123,478,C,1.5250,1.5250,1.5250,1.5250,0,0,0.0947000,0.4043000,0.0000000,21.6210000,-0.2321000,2.6227000
20240123,478,P,2.9550,2.9550,2.9550,2.9550,0,0,0.1001000,-0.5903000,0.0000000,21.6911000,-0.1754000,-3.9007000
20240123,510,P,33.6300,33.6300,33.6300,33.6300,0,0,0.3359000,-0.9551000,0.0000000,5.2796000,-0.1059000,-6.7069000
20240123,403,C,73.5100,73.5100,73.5100,73.5100,0,0,,,,,,
20240123,403,P,0.0150,0.0150,0.0150,0.0150,0,0,0.4843000,-0.0014000,0.0000000,0.2568000,-0.0123000,-0.0093000
20240123,435,C,41.5500,41.5500,41.5500,41.5500,0,0,,,,,,
20240123,435,P,0.0350,0.0350,0.0350,0.0350,0,0,0.3085000,-0.0053000,0.0000000,0.8639000,-0.0262000,-0.0357000
20240123,467,C,9.7800,9.7800,9.7800,9.7800,0,0,0.1020000,0.9575000,0.0000000,5.0448000,-0.1163000,6.1271000
20240123,467,P,0.2250,0.2250,0.2250,0.2250,0,0,0.1210000,-0.0729000,0.0000000,7.7338000,-0.0883000,-0.4799000
20240123,499,C,0.0150,0.0150,0.0150,0.0150,0,0,0.1464000,0.0039000,0.0000000,0.6528000,-0.0098000,0.0256000
20240123,499,P,22.6450,22.6450,22.6450,22.6450,0,0,0.2470000,-0.9413000,0.0000000,6.5346000,-0.0925000,-6.4657000
20240123,424,C,52.5350,52.5350,52.5350,52.5350,0,0,,,,,,
20240123,424,P,0.0250,0.0250,0.0250,0.0250,0,0,0.3671000,-0.0030000,0.0000000,0.5158000,-0.0186000,-0.0200000
20240123,456,C,20.6000,20.6000,20.6000,20.6000,0,0,,,,,,
20240123,456,P,0.0550,0.0550,0.0550,0.0550,0,0,0.1738000,-0.0143000,0.0000000,2.0295000,-0.0342000,-0.0942000
20240123,520,P,43.6300,43.6300,43.6300,43.6300,0,0,0.4135000,-0.9616000,0.0000000,4.6438000,-0.1186000,-6.8871000
20240123,488,C,0.0350,0.0350,0.0350,0.0350,0,0,0.0932000,0.0161000,0.0000000,2.2500000,-0.0220000,0.1050000
20240123,488,P,11.6500,11.6500,11.6500,11.6500,0,0,0.1486000,-0.9095000,0.0000000,9.0999000,-0.0702000,-6.1069000
20240123,413,C,63.5200,63.5200,63.5200,63.5200,0,0,,,,,,
20240123,413,P,0.0250,0.0250,0.0250,0.0250,0,0,0.4453000,-0.0027000,0.0000000,0.4738000,-0.0208000,-0.0183000
20240123,445,C,31.5700,31.5700,31.5700,31.5700,0,0,,,,,,
20240123,445,P,0.0350,0.0350,0.0350,0.0350,0,0,0.2402000,-0.0069000,0.0000000,1.0857000,-0.0255000,-0.0461000
20240123,477,C,1.9800,1.9800,1.9800,1.9800,0,0,0.0957000,0.4789000,0.0000000,22.2336000,-0.2453000,3.1044000
20240123,477,P,2.4150,2.4150,2.4150,2.4150,0,0,0.1010000,-0.5197000,0.0000000,22.2375000,-0.1879000,-3.4314000
20240123,402,C,74.5050,74.5050,74.5050,74.5050,0,0,,,,,,
20240123,402,P,0.0150,0.0150,0.0150,0.0150,0,0,0.4843000,-0.0012000,0.0000000,0.2251000,-0.0107000,-0.0080000
20240123,434,C,42.5500,42.5500,42.5500,42.5500,0,0,,,,,,
20240123,434,P,0.0350,0.0350,0.0350,0.0350,0,0,0.3164000,-0.0053000,0.0000000,0.8638000,-0.0268000,-0.0357000
20240123,466,C,10.7350,10.7350,10.7350,10.7350,0,0,0.0986000,0.9754000,0.0000000,3.2109000,-0.0976000,6.2310000
20240123,466,P,0.1850,0.1850,0.1850,0.1850,0,0,0.1250000,-0.0599000,0.0000000,6.6396000,-0.0786000,-0.3941000
20240123,498,C,0.0150,0.0150,0.0150,0.0150,0,0,0.1406000,0.0040000,0.0000000,0.6710000,-0.0096000,0.0264000
20240123,498,P,21.6450,21.6450,21.6450,21.6450,0,0,0.2385000,-0.9395000,0.0000000,6.6857000,-0.0908000,-6.4406000
20240123,530,P,53.6200,53.6200,53.6200,53.6200,0,0,0.4853000,-0.9668000,0.0000000,4.1277000,-0.1251000,-7.0578000
20240123,423,C,53.5400,53.5400,53.5400,53.5400,0,0,,,,,,
20240123,423,P,0.0250,0.0250,0.0250,0.0250,0,0,0.3750000,-0.0030000,0.0000000,0.5193000,-0.0192000,-0.0202000
20240123,455,C,21.5900,21.5900,21.5900,21.5900,0,0,,,,,,
20240123,455,P,0.0550,0.0550,0.0550,0.0550,0,0,0.1816000,-0.0139000,0.0000000,1.9858000,-0.0350000,-0.0919000
20240123,487,C,0.0550,0.0550,0.0550,0.0550,0,0,0.0932000,0.0253000,0.0000000,3.3044000,-0.0325000,0.1653000
20240123,487,P,10.6450,10.6450,10.6450,10.6450,0,0,0.1376000,-0.9063000,0.0000000,9.3335000,-0.0638000,-6.0725000
20240123,412,C,64.5200,64.5200,64.5200,64.5200,0,0,,,,,,
20240123,412,P,0.0150,0.0150,0.0150,0.0150,0,0,0.4218000,-0.0014000,0.0000000,0.2663000,-0.0111000,-0.0097000
20240123,444,C,32.5700,32.5700,32.5700,32.5700,0,0,,,,,,
20240123,444,P,0.0350,0.0350,0.0350,0.0350,0,0,0.2460000,-0.0066000,0.0000000,1.0329000,-0.0249000,-0.0435000
20240123,476,C,2.5150,2.5150,2.5150,2.5150,0,0,0.0965000,0.5529000,0.0000000,22.0680000,-0.2505000,3.5814000
20240123,476,P,1.9500,1.9500,1.9500,1.9500,0,0,0.1023000,-0.4497000,0.0000000,22.0878000,-0.1941000,-2.9675000
20240123,508,P,31.6350,31.6350,31.6350,31.6350,0,0,0.3200000,-0.9533000,0.0000000,5.4494000,-0.1033000,-6.6676000
20240123,540,P,63.6200,63.6200,63.6200,63.6200,0,0,0.5566000,-0.9699000,0.0000000,3.8060000,-0.1349000,-7.2154000
20240123,433,C,43.5500,43.5500,43.5500,43.5500,0,0,,,,,,
20240123,433,P,0.0350,0.0350,0.0350,0.0350,0,0,0.3222000,-0.0051000,0.0000000,0.8304000,-0.0263000,-0.0341000
20240123,465,C,11.7000,11.7000,11.7000,11.7000,0,0,0.0937000,0.9882000,0.0000000,1.7106000,-0.0827000,6.3014000
20240123,465,P,0.1450,0.1450,0.1450,0.1450,0,0,0.1274000,-0.0474000,0.0000000,5.5213000,-0.0669000,-0.3122000
20240123,497,C,0.0150,0.0150,0.0150,0.0150,0,0,0.1347000,0.0042000,0.0000000,0.6917000,-0.0095000,0.0273000
20240123,497,P,20.6450,20.6450,20.6450,20.6450,0,0,0.2297000,-0.9378000,0.0000000,6.8348000,-0.0887000,-6.4156000
20240123,422,C,54.5450,54.5450,54.5450,54.5450,0,0,,,,,,
20240123,422,P,0.0250,0.0250,0.0250,0.0250,0,0,0.3828000,-0.0030000,0.0000000,0.5226000,-0.0197000,-0.0204000
20240123,454,C,22.5900,22.5900,22.5900,22.5900,0,0,,,,,,
20240123,454,P,0.0550,0.0550,0.0550,0.0550,0,0,0.1894000,-0.0136000,0.0000000,1.9453000,-0.0358000,-0.0897000
20240123,486,C,0.0850,0.0850,0.0850,0.0850,0,0,0.0932000,0.0387000,0.0000000,4.6880000,-0.0463000,0.2523000
20240123,486,P,9.6550,9.6550,9.6550,9.6550,0,0,0.1289000,-0.8985000,0.0000000,9.8956000,-0.0636000,-6.0081000
20240123,518,P,41.6300,41.6300,41.6300,41.6300,0,0,0.3984000,-0.9605000,0.0000000,4.7555000,-0.1164000,-6.8523000
20240123,411,C,65.5200,65.5200,65.5200,65.5200,0,0,,,,,,
20240123,411,P,0.0150,0.0150,0.0150,0.0150,0,0,0.4296000,-0.0014000,0.0000000,0.2702000,-0.0114000,-0.0098000
20240123,443,C,33.5700,33.5700,33.5700,33.5700,0,0,,,,,,
20240123,443,P,0.0350,0.0350,0.0350,0.0350,0,0,0.2539000,-0.0065000,0.0000000,1.0318000,-0.0256000,-0.0435000
20240123,475,C,3.1250,3.1250,3.1250,3.1250,0,0,0.0977000,0.6237000,0.0000000,21.1853000,-0.2494000,4.0355000
20240123,475,P,1.5550,1.5550,1.5550,1.5550,0,0,0.1032000,-0.3824000,0.0000000,21.2906000,-0.1926000,-2.5218000
20240123,432,C,44.5500,44.5500,44.5500,44.5500,0,0,,,,,,
20240123,432,P,0.0350,0.0350,0.0350,0.0350,0,0,0.3300000,-0.0051000,0.0000000,0.8304000,-0.0269000,-0.0341000
20240123,464,C,12.6750,12.6750,12.6750,12.6750,0,0,0.1131910,0.9790435,0.0079824,0.0280837,-0.0877217,0.0621483
20240123,464,P,0.1250,0.1250,0.1250,0.1250,0,0,0.1323000,-0.0402000,0.0000000,4.8339000,-0.0610000,-0.2648000
20240123,496,C,0.0150,0.0150,0.0150,0.0150,0,0,0.1289000,0.0043000,0.0000000,0.7156000,-0.0095000,0.0284000
20240123,496,P,19.6450,19.6450,19.6450,19.6450,0,0,0.2209000,-0.9358000,0.0000000,7.0000000,-0.0866000,-6.3892000
20240123,421,C,55.5450,55.5450,55.5450,55.5450,0,0,,,,,,
20240123,421,P,0.0250,0.0250,0.0250,0.0250,0,0,0.3906000,-0.0030000,0.0000000,0.5255000,-0.0202000,-0.0205000
20240123,453,C,23.5900,23.5900,23.5900,23.5900,0,0,,,,,,
20240123,453,P,0.0450,0.0450,0.0450,0.0450,0,0,0.1904000,-0.0108000,0.0000000,1.5970000,-0.0295000,-0.0714000
20240123,485,C,0.1250,0.1250,0.1250,0.1250,0,0,0.0920000,0.0550000,0.0000000,6.2126000,-0.0608000,0.3583000
20240123,485,P,8.6550,8.6550,8.6550,8.6550,0,0,0.1186000,-0.8918000,0.0000000,10.3641000,-0.0596000,-5.9506000
20240123,410,C,66.5200,66.5200,66.5200,66.5200,0,0,,,,,,
20240123,410,P,0.0150,0.0150,0.0150,0.0150,0,0,0.4375000,-0.0015000,0.0000000,0.2739000,-0.0118000,-0.0100000
20240123,442,C,34.5600,34.5600,34.5600,34.5600,0,0,,,,,,
20240123,442,P,0.0350,0.0350,0.0350,0.0350,0,0,0.2597000,-0.0062000,0.0000000,0.9841000,-0.0250000,-0.0412000
20240123,474,C,3.8000,3.8000,3.8000,3.8000,0,0,0.0991000,0.6888000,0.0000000,19.7207000,-0.2422000,4.4521000
20240123,474,P,1.2350,1.2350,1.2350,1.2350,0,0,0.1049000,-0.3206000,0.0000000,19.9758000,-0.1868000,-2.1137000
20240123,506,P,29.6350,29.6350,29.6350,29.6350,0,0,0.3039000,-0.9513000,0.0000000,5.6332000,-0.1006000,-6.6273000
20240123,431,C,45.5500,45.5500,45.5500,45.5500,0,0,,,,,,
20240123,431,P,0.0350,0.0350,0.0350,0.0350,0,0,0.3359000,-0.0049000,0.0000000,0.7994000,-0.0264000,-0.0327000
20240123,463,C,13.6600,13.6600,13.6600,13.6600,0,0,0.1148700,0.9848183,0.0059749,0.0213329,-0.0806563,0.0623902
20240123,463,P,0.1050,0.1050,0.1050,0.1050,0,0,0.1362000,-0.0333000,0.0000000,4.1477000,-0.0540000,-0.2196000
20240123,495,C,0.0150,0.0150,0.0150,0.0150,0,0,0.1230000,0.0045000,0.0000000,0.7431000,-0.0094000,0.0296000
20240123,495,P,18.6450,18.6450,18.6450,18.6450,0,0,0.2121000,-0.9337000,0.0000000,7.1837000,-0.0846000,-6.3613000
20240123,420,C,56.5300,56.5300,56.5300,56.5300,0,0,,,,,,
20240123,420,P,0.0250,0.0250,0.0250,0.0250,0,0,0.3945000,-0.0028000,0.0000000,0.4909000,-0.0191000,-0.0190000
20240123,452,C,24.5800,24.5800,24.5800,24.5800,0,0,,,,,,
20240123,452,P,0.0450,0.0450,0.0450,0.0450,0,0,0.1972000,-0.0103000,0.0000000,1.5361000,-0.0295000,-0.0683000
20240123,484,C,0.1850,0.1850,0.1850,0.1850,0,0,0.0915000,0.0786000,0.0000000,8.1941000,-0.0802000,0.5120000
20240123,484,P,7.7000,7.7000,7.7000,7.7000,0,0,0.1127000,-0.8739000,0.0000000,11.5538000,-0.0683000,-5.8204000
20240123,516,P,39.6300,39.6300,39.6300,39.6300,0,0,0.3830000,-0.9593000,0.0000000,4.8718000,-0.1139000,-6.8170000
20240123,409,C,67.5200,67.5200,67.5200,67.5200,0,0,,,,,,
20240123,409,P,0.0150,0.0150,0.0150,0.0150,0,0,0.4375000,-0.0012000,0.0000000,0.2376000,-0.0102000,-0.0085000
20240123,441,C,35.5600,35.5600,35.5600,35.5600,0,0,,,,,,
20240123,441,P,0.0350,0.0350,0.0350,0.0350,0,0,0.2675000,-0.0062000,0.0000000,0.9835000,-0.0258000,-0.0412000
20240123,473,C,4.5350,4.5350,4.5350,4.5350,0,0,0.0999000,0.7481000,0.0000000,17.8027000,-0.2288000,4.8300000
20240123,473,P,0.9750,0.9750,0.9750,0.9750,0,0,0.1069000,-0.2656000,0.0000000,18.3021000,-0.1767000,-1.7502000
20240123,505,P,28.6400,28.6400,28.6400,28.6400,0,0,0.2973000,-0.9493000,0.0000000,5.8148000,-0.1025000,-6.6007000
20240123,430,C,46.5500,46.5500,46.5500,46.5500,0,0,,,,,,
20240123,430,P,0.0250,0.0250,0.0250,0.0250,0,0,0.3281000,-0.0034000,0.0000000,0.5809000,-0.0187000,-0.0229000
20240123,462,C,14.6600,14.6600,14.6600,14.6600,0,0,0.1225076,0.9854446,0.0054031,0.0205739,-0.0812692,0.0622941
20240123,462,P,0.0950,0.0950,0.0950,0.0950,0,0,0.1416000,-0.0290000,0.0000000,3.6991000,-0.0502000,-0.1912000
20240123,494,C,0.0150,0.0150,0.0150,0.0150,0,0,0.1171000,0.0047000,0.0000000,0.7751000,-0.0093000,0.0311000
20240123,494,P,17.6450,17.6450,17.6450,17.6450,0,0,0.2033000,-0.9312000,0.0000000,7.3886000,-0.0828000,-6.3315000
20240123,419,C,57.5300,57.5300,57.5300,57.5300,0,0,,,,,,
20240123,419,P,0.0250,0.0250,0.0250,0.0250,0,0,0.4023000,-0.0028000,0.0000000,0.4938000,-0.0196000,-0.0191000
20240123,451,C,25.5800,25.5800,25.5800,25.5800,0,0,,,,,,
20240123,451,P,0.0450,0.0450,0.0450,0.0450,0,0,0.2050000,-0.0102000,0.0000000,1.5185000,-0.0303000,-0.0675000
20240123,483,C,0.2750,0.2750,0.2750,0.2750,0,0,0.0913000,0.1104000,0.0000000,10.5215000,-0.1034000,0.7181000
20240123,483,P,6.7800,6.7800,6.7800,6.7800,0,0,0.1082000,-0.8486000,0.0000000,13.0898000,-0.0816000,-5.6422000
20240123,515,P,38.6300,38.6300,38.6300,38.6300,0,0,0.3754000,-0.9586000,0.0000000,4.9406000,-0.1130000,-6.7987000
20240123,525,P,48.6300,48.6300,48.6300,48.6300,0,0,0.4511000,-0.9640000,0.0000000,4.4074000,-0.1245000,-6.9713000
20240123,440,C,36.5600,36.5600,36.5600,36.5600,0,0,,,,,,
20240123,440,P,0.0350,0.0350,0.0350,0.0350,0,0,0.2734000,-0.0059000,0.0000000,0.9401000,-0.0252000,-0.0392000
20240123,408,C,68.5300,68.5300,68.5300,68.5300,0,0,,,,,,
20240123,408,P,0.0150,0.0150,0.0150,0.0150,0,0,0.4453000,-0.0013000,0.0000000,0.2412000,-0.0106000,-0.0087000
20240123,472,C,5.3200,5.3200,5.3200,5.3200,0,0,0.1011000,0.7993000,0.0000000,15.6539000,-0.2127000,5.1539000
20240123,472,P,0.7650,0.7650,0.7650,0.7650,0,0,0.1088000,-0.2174000,0.0000000,16.4125000,-0.1631000,-1.4320000
20240123,504,P,27.6350,27.6350,27.6350,27.6350,0,0,0.2875000,-0.9491000,0.0000000,5.8340000,-0.0976000,-6.5855000
20240123,429,C,47.5550,47.5550,47.5550,47.5550,0,0,,,,,,
20240123,429,P,0.0250,0.0250,0.0250,0.0250,0,0,0.3359000,-0.0034000,0.0000000,0.5852000,-0.0193000,-0.0231000
20240123,461,C,15.6350,15.6350,15.6350,15.6350,0,0,0.1122141,0.9945496,0.0024957,0.0087045,-0.0662468,0.0627546
20240123,461,P,0.0850,0.0850,0.0850,0.0850,0,0,0.1469000,-0.0254000,0.0000000,3.3137000,-0.0468000,-0.1676000
20240123,493,C,0.0150,0.0150,0.0150,0.0150,0,0,0.1113000,0.0050000,0.0000000,0.8125000,-0.0093000,0.0328000
20240123,493,P,16.6450,16.6450,16.6450,16.6450,0,0,0.1943000,-0.9287000,0.0000000,7.5972000,-0.0805000,-6.3012000
20240123,535,P,58.6200,58.6200,58.6200,58.6200,0,0,0.5210000,-0.9685000,0.0000000,3.9499000,-0.1297000,-7.1377000
20240123,450,C,26.5800,26.5800,26.5800,26.5800,0,0,,,,,,
20240123,450,P,0.0450,0.0450,0.0450,0.0450,0,0,0.2119000,-0.0098000,0.0000000,1.4650000,-0.0302000,-0.0648000
20240123,418,C,58.5300,58.5300,58.5300,58.5300,0,0,,,,,,
20240123,418,P,0.0250,0.0250,0.0250,0.0250,0,0,0.4101000,-0.0029000,0.0000000,0.4965000,-0.0201000,-0.0192000
20240123,482,C,0.4050,0.4050,0.4050,0.4050,0,0,0.0914000,0.1516000,0.0000000,13.1089000,-0.1300000,0.9862000
20240123,482,P,5.9000,5.9000,5.9000,5.9000,0,0,0.1049000,-0.8145000,0.0000000,14.9175000,-0.0989000,-5.4074000
20240123,514,P,37.6300,37.6300,37.6300,37.6300,0,0,0.3676000,-0.9579000,0.0000000,5.0037000,-0.1117000,-6.7807000
20240123,407,C,69.5250,69.5250,69.5250,69.5250,0,0,,,,,,
20240123,407,P,0.0150,0.0150,0.0150,0.0150,0,0,0.4531000,-0.0013000,0.0000000,0.2447000,-0.0109000,-0.0088000
20240123,439,C,37.5600,37.5600,37.5600,37.5600,0,0,,,,,,
20240123,439,P,0.0350,0.0350,0.0350,0.0350,0,0,0.2812000,-0.0059000,0.0000000,0.9399000,-0.0259000,-0.0392000
20240123,471,C,6.1500,6.1500,6.1500,6.1500,0,0,0.1019000,0.8439000,0.0000000,13.3552000,-0.1934000,5.4343000
20240123,471,P,0.5950,0.5950,0.5950,0.5950,0,0,0.1108000,-0.1759000,0.0000000,14.4378000,-0.1474000,-1.1588000
20240123,545,P,68.6200,68.6200,68.6200,68.6200,0,0,0.5914000,-0.9711000,0.0000000,3.6748000,-0.1396000,-7.2922000
20240123,428,C,48.5400,48.5400,48.5400,48.5400,0,0,,,,,,
20240123,428,P,0.0250,0.0250,0.0250,0.0250,0,0,0.3437000,-0.0035000,0.0000000,0.5891000,-0.0199000,-0.0232000
20240123,460,C,16.6400,16.6400,16.6400,16.6400,0,0,0.1244829,0.9927646,0.0028910,0.0111859,-0.0701750,0.0625005
20240123,460,P,0.0750,0.0750,0.0750,0.0750,0,0,0.1518000,-0.0221000,0.0000000,2.9430000,-0.0430000,-0.1456000
20240123,492,C,0.0150,0.0150,0.0150,0.0150,0,0,0.1054000,0.0053000,0.0000000,0.8566000,-0.0093000,0.0348000
20240123,492,P,15.6450,15.6450,15.6450,15.6450,0,0,0.1850000,-0.9261000,0.0000000,7.8107000,-0.0777000,-6.2703000
20240123,524,P,47.6300,47.6300,47.6300,47.6300,0,0,0.4438000,-0.9635000,0.0000000,4.4560000,-0.1236000,-6.9544000
20240123,417,C,59.5300,59.5300,59.5300,59.5300,0,0,,,,,,
20240123,417,P,0.0250,0.0250,0.0250,0.0250,0,0,0.4179000,-0.0029000,0.0000000,0.4988000,-0.0206000,-0.0194000
20240123,449,C,27.5800,27.5800,27.5800,27.5800,0,0,,,,,,
20240123,449,P,0.0450,0.0450,0.0450,0.0450,0,0,0.2187000,-0.0094000,0.0000000,1.4155000,-0.0302000,-0.0623000
20240123,481,C,0.5850,0.5850,0.5850,0.5850,0,0,0.0919000,0.2030000,0.0000000,15.7651000,-0.1585000,1.3194000
20240123,481,P,5.0650,5.0650,5.0650,5.0650,0,0,0.1022000,-0.7720000,0.0000000,16.8632000,-0.1179000,-5.1174000
20240123,406,C,70.5100,70.5100,70.5100,70.5100,0,0,,,,,,
20240123,406,P,0.0150,0.0150,0.0150,0.0150,0,0,0.4609000,-0.0013000,0.0000000,0.2480000,-0.0113000,-0.0089000
20240123,438,C,38.5600,38.5600,38.5600,38.5600,0,0,,,,,,
20240123,438,P,0.0350,0.0350,0.0350,0.0350,0,0,0.2871000,-0.0056000,0.0000000,0.9002000,-0.0253000,-0.0373000
20240123,470,C,7.0200,7.0200,7.0200,7.0200,0,0,0.1027000,0.8808000,0.0000000,11.1086000,-0.1739000,5.6633000
20240123,470,P,0.4650,0.4650,0.4650,0.4650,0,0,0.1131000,-0.1418000,0.0000000,12.5302000,-0.1316000,-0.9335000
20240123,502,P,25.6400,25.6400,25.6400,25.6400,0,0,0.2724000,-0.9457000,0.0000000,6.1427000,-0.0977000,-6.5359000
20240123,427,C,49.5400,49.5400,49.5400,49.5400,0,0,,,,,,
20240123,427,P,0.0250,0.0250,0.0250,0.0250,0,0,0.3476000,-0.0032000,0.0000000,0.5467000,-0.0187000,-0.0214000
20240123,459,C,17.6200,17.6200,17.6200,17.6200,0,0,,,,,,
20240123,459,P,0.0750,0.0750,0.0750,0.0750,0,0,0.1596000,-0.0211000,0.0000000,2.8333000,-0.0436000,-0.1392000
20240123,491,C,0.0250,0.0250,0.0250,0.0250,0,0,0.1074000,0.0095000,0.0000000,1.4266000,-0.0159000,0.0620000
20240123,491,P,14.6450,14.6450,14.6450,14.6450,0,0,0.1760000,-0.9227000,0.0000000,8.0763000,-0.0757000,-6.2349000
20240124,416,C,60.5950,60.5950,60.5950,60.5950,0,0,,,,,,
20240124,416,P,0.0250,0.0250,0.0250,0.0250,0,0,0.3867000,-0.0027000,0.0000000,0.5233000,-0.0166000,-0.0221000
20240124,448,C,28.6500,28.6500,28.6500,28.6500,0,0,,,,,,
20240124,448,P,0.0550,0.0550,0.0550,0.0550,0,0,0.2128000,-0.0109000,0.0000000,1.7678000,-0.0305000,-0.0869000
20240124,480,C,1.0850,1.0850,1.0850,1.0850,0,0,0.0961000,0.2935000,0.0000000,21.0419000,-0.1885000,2.2846000
20240124,480,P,4.4800,4.4800,4.4800,4.4800,0,0,0.1036000,-0.6924000,0.0000000,21.4895000,-0.1367000,-5.5053000
20240124,405,C,71.5800,71.5800,71.5800,71.5800,0,0,,,,,,
20240124,405,P,0.0250,0.0250,0.0250,0.0250,0,0,0.4531000,-0.0022000,0.0000000,0.4391000,-0.0163000,-0.0183000
20240124,437,C,39.6300,39.6300,39.6300,39.6300,0,0,,,,,,
20240124,437,P,0.0350,0.0350,0.0350,0.0350,0,0,0.2695000,-0.0056000,0.0000000,0.9815000,-0.0216000,-0.0446000
20240124,469,C,8.1450,8.1450,8.1450,8.1450,0,0,0.1088000,0.8811000,0.0000000,12.1419000,-0.1698000,6.7778000
20240124,469,P,0.5250,0.5250,0.5250,0.5250,0,0,0.1188000,-0.1394000,0.0000000,13.5692000,-0.1244000,-1.1024000
20240124,426,C,50.6100,50.6100,50.6100,50.6100,0,0,,,,,,
20240124,426,P,0.0350,0.0350,0.0350,0.0350,0,0,0.3398000,-0.0046000,0.0000000,0.8237000,-0.0229000,-0.0367000
20240124,458,C,18.7000,18.7000,18.7000,18.7000,0,0,0.1301202,0.9919389,0.0027768,0.0134766,-0.0705611,0.0745973
20240124,458,P,0.0950,0.0950,0.0950,0.0950,0,0,0.1596000,-0.0244000,0.0000000,3.5083000,-0.0448000,-0.1933000
20240124,490,C,0.0350,0.0350,0.0350,0.0350,0,0,0.0976000,0.0146000,0.0000000,2.2648000,-0.0194000,0.1141000
20240124,490,P,13.6400,13.6400,13.6400,13.6400,0,0,0.1589000,-0.9087000,0.0000000,10.0267000,-0.0676000,-7.3528000
20240124,415,C,61.5900,61.5900,61.5900,61.5900,0,0,,,,,,
20240124,415,P,0.0250,0.0250,0.0250,0.0250,0,0,0.3945000,-0.0028000,0.0000000,0.5326000,-0.0172000,-0.0226000
20240124,447,C,29.6500,29.6500,29.6500,29.6500,0,0,,,,,,
20240124,447,P,0.0550,0.0550,0.0550,0.0550,0,0,0.2197000,-0.0107000,0.0000000,1.7323000,-0.0309000,-0.0849000
20240124,479,C,1.4200,1.4200,1.4200,1.4200,0,0,0.0971000,0.3555000,0.0000000,22.7701000,-0.2084000,2.7658000
20240124,479,P,3.8000,3.8000,3.8000,3.8000,0,0,0.1032000,-0.6360000,0.0000000,22.9542000,-0.1524000,-5.0513000
20240124,404,C,72.5800,72.5800,72.5800,72.5800,0,0,,,,,,
20240124,404,P,0.0250,0.0250,0.0250,0.0250,0,0,0.4609000,-0.0023000,0.0000000,0.4457000,-0.0169000,-0.0186000
20240124,436,C,40.6250,40.6250,40.6250,40.6250,0,0,,,,,,
20240124,436,P,0.0350,0.0350,0.0350,0.0350,0,0,0.2753000,-0.0054000,0.0000000,0.9529000,-0.0214000,-0.0431000
20240124,468,C,9.0450,9.0450,9.0450,9.0450,0,0,0.1096000,0.9073000,0.0000000,10.1382000,-0.1540000,6.9686000
20240124,468,P,0.4250,0.4250,0.4250,0.4250,0,0,0.1213000,-0.1153000,0.0000000,11.8929000,-0.1119000,-0.9119000
20240124,500,C,0.0150,0.0150,0.0150,0.0150,0,0,0.1386000,0.0038000,0.0000000,0.6975000,-0.0083000,0.0299000
20240124,500,P,23.6400,23.6400,23.6400,23.6400,0,0,0.2426000,-0.9348000,0.0000000,7.7630000,-0.0884000,-7.7221000
20240124,425,C,51.6100,51.6100,51.6100,51.6100,0,0,,,,,,
20240124,425,P,0.0350,0.0350,0.0350,0.0350,0,0,0.3457000,-0.0044000,0.0000000,0.8033000,-0.0227000,-0.0357000
20240124,457,C,19.6900,19.6900,19.6900,19.6900,0,0,0.1277420,0.9951181,0.0018144,0.0086448,-0.0652152,0.0746835
20240124,457,P,0.0850,0.0850,0.0850,0.0850,0,0,0.1635000,-0.0213000,0.0000000,3.1269000,-0.0410000,-0.1687000
20240124,489,C,0.0450,0.0450,0.0450,0.0450,0,0,0.0947000,0.0187000,0.0000000,2.8039000,-0.0233000,0.1465000
20240124,489,P,12.6400,12.6400,12.6400,12.6400,0,0,0.1499000,-0.9046000,0.0000000,10.3588000,-0.0646000,-7.3041000
20240124,414,C,62.5900,62.5900,62.5900,62.5900,0,0,,,,,,
20240124,414,P,0.0250,0.0250,0.0250,0.0250,0,0,0.3984000,-0.0026000,0.0000000,0.5030000,-0.0164000,-0.0212000
20240124,446,C,30.6500,30.6500,30.6500,30.6500,0,0,,,,,,
20240124,446,P,0.0450,0.0450,0.0450,0.0450,0,0,0.2207000,-0.0089000,0.0000000,1.4745000,-0.0264000,-0.0706000
20240124,478,C,1.8300,1.8300,1.8300,1.8300,0,0,0.0982000,0.4206000,0.0000000,23.9015000,-0.2242000,3.2693000
20240124,478,P,3.2050,3.2050,3.2050,3.2050,0,0,0.1036000,-0.5750000,0.0000000,23.9530000,-0.1661000,-4.5631000
20240124,510,P,33.6300,33.6300,33.6300,33.6300,0,0,0.3183000,-0.9483000,0.0000000,6.4646000,-0.1005000,-7.9928000
20240124,435,C,41.6300,41.6300,41.6300,41.6300,0,0,,,,,,
20240124,435,P,0.0350,0.0350,0.0350,0.0350,0,0,0.2812000,-0.0052000,0.0000000,0.9258000,-0.0212000,-0.0417000
20240124,467,C,9.9700,9.9700,9.9700,9.9700,0,0,0.1113000,0.9270000,0.0000000,8.4671000,-0.1412000,7.1078000
20240124,467,P,0.3450,0.3450,0.3450,0.3450,0,0,0.1237000,-0.0951000,0.0000000,10.3431000,-0.0998000,-0.7519000
20240124,499,C,0.0150,0.0150,0.0150,0.0150,0,0,0.1328000,0.0038000,0.0000000,0.6958000,-0.0079000,0.0298000
20240124,499,P,22.6450,22.6450,22.6450,22.6450,0,0,0.2346000,-0.9331000,0.0000000,7.9223000,-0.0866000,-7.6921000
20240124,424,C,52.6050,52.6050,52.6050,52.6050,0,0,,,,,,
20240124,424,P,0.0350,0.0350,0.0350,0.0350,0,0,0.3515000,-0.0043000,0.0000000,0.7838000,-0.0226000,-0.0347000
20240124,456,C,20.6850,20.6850,20.6850,20.6850,0,0,0.1276967,0.9967240,0.0012699,0.0060484,-0.0624206,0.0746457
20240124,456,P,0.0750,0.0750,0.0750,0.0750,0,0,0.1674000,-0.0186000,0.0000000,2.7919000,-0.0375000,-0.1476000
20240124,520,P,43.6300,43.6300,43.6300,43.6300,0,0,0.3911000,-0.9558000,0.0000000,5.7018000,-0.1129000,-8.2162000
20240124,488,C,0.0650,0.0650,0.0650,0.0650,0,0,0.0942000,0.0273000,0.0000000,3.8497000,-0.0320000,0.2134000
20240124,488,P,11.6400,11.6400,11.6400,11.6400,0,0,0.1408000,-0.8997000,0.0000000,10.7431000,-0.0618000,-7.2495000
20240124,413,C,63.5900,63.5900,63.5900,63.5900,0,0,,,,,,
20240124,413,P,0.0250,0.0250,0.0250,0.0250,0,0,0.4062000,-0.0027000,0.0000000,0.5118000,-0.0171000,-0.0216000
20240124,445,C,31.6500,31.6500,31.6500,31.6500,0,0,,,,,,
20240124,445,P,0.0450,0.0450,0.0450,0.0450,0,0,0.2265000,-0.0085000,0.0000000,1.4171000,-0.0261000,-0.0675000
20240124,477,C,2.3050,2.3050,2.3050,2.3050,0,0,0.0991000,0.4865000,0.0000000,24.3717000,-0.2344000,3.7785000
20240124,477,P,2.6750,2.6750,2.6750,2.6750,0,0,0.1043000,-0.5125000,0.0000000,24.3735000,-0.1757000,-4.0641000
20240124,434,C,42.6200,42.6200,42.6200,42.6200,0,0,,,,,,
20240124,434,P,0.0350,0.0350,0.0350,0.0350,0,0,0.2890000,-0.0053000,0.0000000,0.9403000,-0.0222000,-0.0425000
20240124,466,C,10.9050,10.9050,10.9050,10.9050,0,0,0.1105000,0.9468000,0.0000000,6.6176000,-0.1249000,7.2474000
20240124,466,P,0.2850,0.2850,0.2850,0.2850,0,0,0.1269000,-0.0794000,0.0000000,9.0378000,-0.0899000,-0.6276000
20240124,498,C,0.0150,0.0150,0.0150,0.0150,0,0,0.1289000,0.0043000,0.0000000,0.7734000,-0.0085000,0.0335000
20240124,498,P,21.6450,21.6450,21.6450,21.6450,0,0,0.2265000,-0.9312000,0.0000000,8.0971000,-0.0849000,-7.6606000
20240124,530,P,53.6200,53.6200,53.6200,53.6200,0,0,0.4584000,-0.9616000,0.0000000,5.0912000,-0.1197000,-8.4258000
20240124,423,C,53.6050,53.6050,53.6050,53.6050,0,0,,,,,,
20240124,423,P,0.0350,0.0350,0.0350,0.0350,0,0,0.3593000,-0.0044000,0.0000000,0.7937000,-0.0234000,-0.0352000
20240124,455,C,21.6800,21.6800,21.6800,21.6800,0,0,0.1237843,0.9983724,0.0006954,0.0032105,-0.0592701,0.0746112
20240124,455,P,0.0750,0.0750,0.0750,0.0750,0,0,0.1748000,-0.0181000,0.0000000,2.7254000,-0.0383000,-0.1435000
20240124,487,C,0.0950,0.0950,0.0950,0.0950,0,0,0.0937000,0.0391000,0.0000000,5.1728000,-0.0430000,0.3053000
20240124,487,P,10.6400,10.6400,10.6400,10.6400,0,0,0.1318000,-0.8940000,0.0000000,11.1911000,-0.0592000,-7.1876000
20240124,412,C,64.5900,64.5900,64.5900,64.5900,0,0,,,,,,
20240124,412,P,0.0250,0.0250,0.0250,0.0250,0,0,0.4101000,-0.0025000,0.0000000,0.4839000,-0.0163000,-0.0203000
20240124,444,C,32.6400,32.6400,32.6400,32.6400,0,0,,,,,,
20240124,444,P,0.0450,0.0450,0.0450,0.0450,0,0,0.2333000,-0.0083000,0.0000000,1.3966000,-0.0265000,-0.0664000
20240124,476,C,2.8550,2.8550,2.8550,2.8550,0,0,0.1007000,0.5514000,0.0000000,24.1823000,-0.2403000,4.2786000
20240124,476,P,2.2200,2.2200,2.2200,2.2200,0,0,0.1058000,-0.4507000,0.0000000,24.1997000,-0.1816000,-3.5724000
20240124,540,P,63.6200,63.6200,63.6200,63.6200,0,0,0.5253000,-0.9651000,0.0000000,4.7065000,-0.1295000,-8.6181000
20240124,433,C,43.6200,43.6200,43.6200,43.6200,0,0,,,,,,
20240124,433,P,0.0350,0.0350,0.0350,0.0350,0,0,0.2949000,-0.0051000,0.0000000,0.9142000,-0.0220000,-0.0412000
20240124,465,C,11.8550,11.8550,11.8550,11.8550,0,0,0.1103000,0.9616000,0.0000000,5.0883000,-0.1116000,7.3479000
20240124,465,P,0.2350,0.2350,0.2350,0.2350,0,0,0.1298000,-0.0659000,0.0000000,7.8406000,-0.0801000,-0.5213000
20240124,497,C,0.0150,0.0150,0.0150,0.0150,0,0,0.1230000,0.0043000,0.0000000,0.7763000,-0.0082000,0.0337000
20240124,497,P,20.6450,20.6450,20.6450,20.6450,0,0,0.2185000,-0.9290000,0.0000000,8.2893000,-0.0832000,-7.6275000
20240124,422,C,54.6100,54.6100,54.6100,54.6100,0,0,,,,,,
20240124,422,P,0.0350,0.0350,0.0350,0.0350,0,0,0.3652000,-0.0043000,0.0000000,0.7747000,-0.0232000,-0.0343000
20240124,454,C,22.6750,22.6750,22.6750,22.6750,0,0,,,,,,
20240124,454,P,0.0650,0.0650,0.0650,0.0650,0,0,0.1777000,-0.0155000,0.0000000,2.3873000,-0.0342000,-0.1229000
20240124,486,C,0.1450,0.1450,0.1450,0.1450,0,0,0.0942000,0.0568000,0.0000000,6.9787000,-0.0586000,0.4435000
20240124,486,P,9.6600,9.6600,9.6600,9.6600,0,0,0.1241000,-0.8844000,0.0000000,11.9068000,-0.0602000,-7.0963000
20240124,411,C,65.5900,65.5900,65.5900,65.5900,0,0,,,,,,
20240124,411,P,0.0250,0.0250,0.0250,0.0250,0,0,0.4179000,-0.0026000,0.0000000,0.4921000,-0.0169000,-0.0207000
20240124,443,C,33.6400,33.6400,33.6400,33.6400,0,0,,,,,,
20240124,443,P,0.0450,0.0450,0.0450,0.0450,0,0,0.2402000,-0.0082000,0.0000000,1.3768000,-0.0269000,-0.0653000
20240124,475,C,3.4650,3.4650,3.4650,3.4650,0,0,0.1020000,0.6134000,0.0000000,23.3919000,-0.2405000,4.7551000
20240124,475,P,1.8250,1.8250,1.8250,1.8250,0,0,0.1069000,-0.3913000,0.0000000,23.4759000,-0.1815000,-3.0998000
20240124,432,C,44.6200,44.6200,44.6200,44.6200,0,0,,,,,,
20240124,432,P,0.0350,0.0350,0.0350,0.0350,0,0,0.3007000,-0.0050000,0.0000000,0.8894000,-0.0219000,-0.0399000
20240124,464,C,12.8150,12.8150,12.8150,12.8150,0,0,0.1088000,0.9742000,0.0000000,3.6567000,-0.0987000,7.4312000
20240124,464,P,0.1950,0.1950,0.1950,0.1950,0,0,0.1328000,-0.0548000,0.0000000,6.7812000,-0.0710000,-0.4330000
20240124,496,C,0.0150,0.0150,0.0150,0.0150,0,0,0.1171000,0.0043000,0.0000000,0.7802000,-0.0079000,0.0339000
20240124,496,P,19.6450,19.6450,19.6450,19.6450,0,0,0.2102000,-0.9269000,0.0000000,8.4801000,-0.0811000,-7.5942000
20240124,421,C,55.6000,55.6000,55.6000,55.6000,0,0,,,,,,
20240124,421,P,0.0350,0.0350,0.0350,0.0350,0,0,0.3710000,-0.0041000,0.0000000,0.7563000,-0.0230000,-0.0334000
20240124,453,C,23.6700,23.6700,23.6700,23.6700,0,0,,,,,,
20240124,453,P,0.0650,0.0650,0.0650,0.0650,0,0,0.1845000,-0.0150000,0.0000000,2.3155000,-0.0345000,-0.1186000
20240124,485,C,0.2050,0.2050,0.2050,0.2050,0,0,0.0937000,0.0779000,0.0000000,8.9111000,-0.0748000,0.6081000
20240124,485,P,8.6850,8.6850,8.6850,8.6850,0,0,0.1160000,-0.8735000,0.0000000,12.6850000,-0.0607000,-6.9948000
20240124,410,C,66.5850,66.5850,66.5850,66.5850,0,0,,,,,,
20240124,410,P,0.0250,0.0250,0.0250,0.0250,0,0,0.4218000,-0.0024000,0.0000000,0.4658000,-0.0161000,-0.0195000
20240124,442,C,34.6400,34.6400,34.6400,34.6400,0,0,,,,,,
20240124,442,P,0.0450,0.0450,0.0450,0.0450,0,0,0.2460000,-0.0079000,0.0000000,1.3273000,-0.0266000,-0.0627000
20240124,474,C,4.1300,4.1300,4.1300,4.1300,0,0,0.1035000,0.6711000,0.0000000,22.1044000,-0.2362000,5.1966000
20240124,474,P,1.4900,1.4900,1.4900,1.4900,0,0,0.1086000,-0.3361000,0.0000000,22.2993000,-0.1780000,-2.6614000
20240124,506,C,0.0150,0.0150,0.0150,0.0150,0,0,0.1679000,0.0029000,0.0000000,0.5541000,-0.0079000,0.0231000
20240124,506,P,29.6350,29.6350,29.6350,29.6350,0,0,0.2880000,-0.9442000,0.0000000,6.8690000,-0.0948000,-7.8947000
20240124,431,C,45.6200,45.6200,45.6200,45.6200,0,0,,,,,,
20240124,431,P,0.0350,0.0350,0.0350,0.0350,0,0,0.3085000,-0.0051000,0.0000000,0.9024000,-0.0228000,-0.0406000
20240124,463,C,13.7850,13.7850,13.7850,13.7850,0,0,0.1054000,0.9850000,0.0000000,2.3146000,-0.0865000,7.4992000
20240124,463,P,0.1650,0.1650,0.1650,0.1650,0,0,0.1362000,-0.0461000,0.0000000,5.9104000,-0.0637000,-0.3644000
20240124,495,C,0.0150,0.0150,0.0150,0.0150,0,0,0.1132000,0.0049000,0.0000000,0.8835000,-0.0086000,0.0390000
20240124,495,P,18.6450,18.6450,18.6450,18.6450,0,0,0.2019000,-0.9245000,0.0000000,8.6916000,-0.0792000,-7.5590000
20240124,420,C,56.6000,56.6000,56.6000,56.6000,0,0,,,,,,
20240124,420,P,0.0350,0.0350,0.0350,0.0350,0,0,0.3769000,-0.0040000,0.0000000,0.7387000,-0.0228000,-0.0325000
20240124,452,C,24.6700,24.6700,24.6700,24.6700,0,0,,,,,,
20240124,452,P,0.0650,0.0650,0.0650,0.0650,0,0,0.1914000,-0.0145000,0.0000000,2.2492000,-0.0348000,-0.1147000
20240124,484,C,0.2950,0.2950,0.2950,0.2950,0,0,0.0937000,0.1061000,0.0000000,11.2012000,-0.0946000,0.8276000
20240124,484,P,7.7500,7.7500,7.7500,7.7500,0,0,0.1113000,-0.8527000,0.0000000,14.0761000,-0.0701000,-6.8165000
20240124,409,C,67.6000,67.6000,67.6000,67.6000,0,0,,,,,,
20240124,409,P,0.0250,0.0250,0.0250,0.0250,0,0,0.4296000,-0.0024000,0.0000000,0.4735000,-0.0167000,-0.0198000
20240124,441,C,35.6400,35.6400,35.6400,35.6400,0,0,,,,,,
20240124,441,P,0.0450,0.0450,0.0450,0.0450,0,0,0.2529000,-0.0077000,0.0000000,1.3100000,-0.0270000,-0.0618000
20240124,473,C,4.8450,4.8450,4.8450,4.8450,0,0,0.1042000,0.7250000,0.0000000,20.3923000,-0.2263000,5.6078000
20240124,473,P,1.2150,1.2150,1.2150,1.2150,0,0,0.1102000,-0.2856000,0.0000000,20.7758000,-0.1706000,-2.2607000
20240124,505,C,0.0150,0.0150,0.0150,0.0150,0,0,0.1640000,0.0032000,0.0000000,0.5982000,-0.0083000,0.0251000
20240124,505,P,28.6400,28.6400,28.6400,28.6400,0,0,0.2819000,-0.9420000,0.0000000,7.0834000,-0.0967000,-7.8610000
20240124,430,C,46.6200,46.6200,46.6200,46.6200,0,0,,,,,,
20240124,430,P,0.0350,0.0350,0.0350,0.0350,0,0,0.3144000,-0.0049000,0.0000000,0.8784000,-0.0226000,-0.0394000
20240124,462,C,14.7750,14.7750,14.7750,14.7750,0,0,0.1083000,0.9883000,0.0000000,1.8657000,-0.0831000,7.5089000
20240124,462,P,0.1450,0.1450,0.1450,0.1450,0,0,0.1406000,-0.0399000,0.0000000,5.2611000,-0.0587000,-0.3155000
20240124,494,C,0.0150,0.0150,0.0150,0.0150,0,0,0.1074000,0.0050000,0.0000000,0.8959000,-0.0083000,0.0396000
20240124,494,P,17.6450,17.6450,17.6450,17.6450,0,0,0.1933000,-0.9221000,0.0000000,8.9039000,-0.0767000,-7.5234000
20240124,419,C,57.6000,57.6000,57.6000,57.6000,0,0,,,,,,
20240124,419,P,0.0350,0.0350,0.0350,0.0350,0,0,0.3828000,-0.0039000,0.0000000,0.7217000,-0.0227000,-0.0317000
20240124,451,C,25.6600,25.6600,25.6600,25.6600,0,0,,,,,,
20240124,451,P,0.0550,0.0550,0.0550,0.0550,0,0,0.1933000,-0.0122000,0.0000000,1.9368000,-0.0303000,-0.0965000
20240124,483,C,0.4200,0.4200,0.4200,0.4200,0,0,0.0944000,0.1429000,0.0000000,13.8007000,-0.1183000,1.1145000
20240124,483,P,6.8750,6.8750,6.8750,6.8750,0,0,0.1086000,-0.8228000,0.0000000,15.8794000,-0.0854000,-6.5673000
20240124,515,P,38.6300,38.6300,38.6300,38.6300,0,0,0.3552000,-0.9525000,0.0000000,6.0475000,-0.1070000,-8.1076000
20240124,525,P,48.6300,48.6300,48.6300,48.6300,0,0,0.4262000,-0.9586000,0.0000000,5.4149000,-0.1185000,-8.3200000
20240124,440,C,36.6300,36.6300,36.6300,36.6300,0,0,,,,,,
20240124,440,P,0.0450,0.0450,0.0450,0.0450,0,0,0.2597000,-0.0076000,0.0000000,1.2932000,-0.0274000,-0.0609000
20240124,408,C,68.5800,68.5800,68.5800,68.5800,0,0,,,,,,
20240124,408,P,0.0250,0.0250,0.0250,0.0250,0,0,0.4375000,-0.0025000,0.0000000,0.4809000,-0.0173000,-0.0202000
20240124,472,C,5.6100,5.6100,5.6100,5.6100,0,0,0.1055000,0.7724000,0.0000000,18.4512000,-0.2147000,5.9662000
20240124,472,P,0.9850,0.9850,0.9850,0.9850,0,0,0.1121000,-0.2407000,0.0000000,19.0365000,-0.1608000,-1.9049000
20240124,504,C,0.0150,0.0150,0.0150,0.0150,0,0,0.1601000,0.0035000,0.0000000,0.6480000,-0.0088000,0.0275000
20240124,504,P,27.6350,27.6350,27.6350,27.6350,0,0,0.2729000,-0.9416000,0.0000000,7.1210000,-0.0924000,-7.8413000
20240124,429,C,47.6200,47.6200,47.6200,47.6200,0,0,,,,,,
20240124,429,P,0.0350,0.0350,0.0350,0.0350,0,0,0.3203000,-0.0048000,0.0000000,0.8555000,-0.0224000,-0.0383000
20240124,461,C,15.7600,15.7600,15.7600,15.7600,0,0,0.1083000,0.9923000,0.0000000,1.2948000,-0.0781000,7.5239000
20240124,461,P,0.1250,0.1250,0.1250,0.1250,0,0,0.1445000,-0.0342000,0.0000000,4.6428000,-0.0534000,-0.2708000
20240124,493,C,0.0250,0.0250,0.0250,0.0250,0,0,0.1093000,0.0086000,0.0000000,1.4358000,-0.0136000,0.0675000
20240124,493,P,16.6450,16.6450,16.6450,16.6450,0,0,0.1850000,-0.9190000,0.0000000,9.1658000,-0.0749000,-7.4831000
20240124,535,P,58.6250,58.6250,58.6250,58.6250,0,0,0.4921000,-0.9635000,0.0000000,4.8839000,-0.1246000,-8.5231000
20240124,450,C,26.6600,26.6600,26.6600,26.6600,0,0,,,,,,
20240124,450,P,0.0550,0.0550,0.0550,0.0550,0,0,0.2001000,-0.0118000,0.0000000,1.8918000,-0.0306000,-0.0939000
20240124,418,C,58.6000,58.6000,58.6000,58.6000,0,0,,,,,,
20240124,418,P,0.0350,0.0350,0.0350,0.0350,0,0,0.3906000,-0.0040000,0.0000000,0.7302000,-0.0234000,-0.0321000
20240124,482,C,0.5850,0.5850,0.5850,0.5850,0,0,0.0944000,0.1851000,0.0000000,16.3219000,-0.1410000,1.4423000
20240124,482,P,6.0200,6.0200,6.0200,6.0200,0,0,0.1062000,-0.7869000,0.0000000,17.7672000,-0.1015000,-6.2716000
20240124,407,C,69.5800,69.5800,69.5800,69.5800,0,0,,,,,,
20240124,407,P,0.0250,0.0250,0.0250,0.0250,0,0,0.4414000,-0.0023000,0.0000000,0.4559000,-0.0165000,-0.0190000
20240124,439,C,37.6300,37.6300,37.6300,37.6300,0,0,,,,,,
20240124,439,P,0.0450,0.0450,0.0450,0.0450,0,0,0.2656000,-0.0073000,0.0000000,1.2498000,-0.0271000,-0.0586000
20240124,471,C,6.4250,6.4250,6.4250,6.4250,0,0,0.1068000,0.8141000,0.0000000,16.3645000,-0.2008000,6.2800000
20240124,471,P,0.7950,0.7950,0.7950,0.7950,0,0,0.1140000,-0.2011000,0.0000000,17.1701000,-0.1488000,-1.5905000
20240124,545,P,68.6250,68.6250,68.6250,68.6250,0,0,0.5578000,-0.9666000,0.0000000,4.5438000,-0.1338000,-8.7118000
20240124,428,C,48.6100,48.6100,48.6100,48.6100,0,0,,,,,,
20240124,428,P,0.0350,0.0350,0.0350,0.0350,0,0,0.3261000,-0.0046000,0.0000000,0.8336000,-0.0222000,-0.0372000
20240124,460,C,16.7350,16.7350,16.7350,16.7350,0,0,0.1336797,0.9816143,0.0055211,0.0275286,-0.0862507,0.0741119
20240124,460,P,0.1150,0.1150,0.1150,0.1150,0,0,0.1499000,-0.0307000,0.0000000,4.2468000,-0.0508000,-0.2431000
20240124,492,C,0.0250,0.0250,0.0250,0.0250,0,0,0.1035000,0.0090000,0.0000000,1.4962000,-0.0135000,0.0708000
20240124,492,P,15.6450,15.6450,15.6450,15.6450,0,0,0.1763000,-0.9160000,0.0000000,9.4218000,-0.0724000,-7.4430000
20240124,417,C,59.5950,59.5950,59.5950,59.5950,0,0,,,,,,
20240124,417,P,0.0250,0.0250,0.0250,0.0250,0,0,0.3789000,-0.0027000,0.0000000,0.5136000,-0.0159000,-0.0217000
20240124,449,C,27.6600,27.6600,27.6600,27.6600,0,0,,,,,,
20240124,449,P,0.0550,0.0550,0.0550,0.0550,0,0,0.2070000,-0.0115000,0.0000000,1.8497000,-0.0310000,-0.0915000
20240124,481,C,0.8050,0.8050,0.8050,0.8050,0,0,0.0952000,0.2360000,0.0000000,18.8295000,-0.1653000,1.8382000
20240124,481,P,5.2200,5.2200,5.2200,5.2200,0,0,0.1046000,-0.7432000,0.0000000,19.6988000,-0.1191000,-5.9157000
20240124,406,C,70.5800,70.5800,70.5800,70.5800,0,0,,,,,,
20240124,406,P,0.0250,0.0250,0.0250,0.0250,0,0,0.4492000,-0.0024000,0.0000000,0.4629000,-0.0171000,-0.0194000
20240124,438,C,38.6300,38.6300,38.6300,38.6300,0,0,,,,,,
20240124,438,P,0.0450,0.0450,0.0450,0.0450,0,0,0.2714000,-0.0071000,0.0000000,1.2090000,-0.0268000,-0.0564000
20240124,470,C,7.2700,7.2700,7.2700,7.2700,0,0,0.1082000,0.8494000,0.0000000,14.2843000,-0.1864000,6.5435000
20240124,470,P,0.6450,0.6450,0.6450,0.6450,0,0,0.1164000,-0.1678000,0.0000000,15.3432000,-0.1369000,-1.3273000
20240124,502,C,0.0150,0.0150,0.0150,0.0150,0,0,0.1484000,0.0034000,0.0000000,0.6385000,-0.0081000,0.0271000
20240124,502,P,25.6400,25.6400,25.6400,25.6400,0,0,0.2585000,-0.9380000,0.0000000,7.4670000,-0.0918000,-7.7800000
20240124,427,C,49.6100,49.6100,49.6100,49.6100,0,0,,,,,,
20240124,427,P,0.0350,0.0350,0.0350,0.0350,0,0,0.3320000,-0.0045000,0.0000000,0.8126000,-0.0221000,-0.0361000
20240124,459,C,17.7200,17.7200,17.7200,17.7200,0,0,0.1347019,0.9860464,0.0043256,0.0217326,-0.0801180,0.0742970
20240124,459,P,0.1050,0.1050,0.1050,0.1050,0,0,0.1547000,-0.0273000,0.0000000,3.8540000,-0.0477000,-0.2163000
20240124,491,C,0.0350,0.0350,0.0350,0.0350,0,0,0.1035000,0.0135000,0.0000000,2.1235000,-0.0192000,0.1059000
20240124,491,P,14.6450,14.6450,14.6450,14.6450,0,0,0.1677000,-0.9126000,0.0000000,9.7113000,-0.0701000,-7.3994000
20240125,480,C,1.4050,1.4050,1.4050,1.4050,0,0,0.1020000,0.3218000,0.0000000,23.6474000,-0.1944000,2.9135000
20240125,480,P,4.6500,4.6500,4.6500,4.6500,0,0,0.1053000,-0.6727000,0.0000000,23.8085000,-0.1318000,-6.2350000
20240125,469,C,8.5250,8.5250,8.5250,8.5250,0,0,0.1226000,0.8370000,0.0000000,16.2414000,-0.1990000,7.4834000
20240125,469,P,0.6750,0.6750,0.6750,0.6750,0,0,0.1206000,-0.1588000,0.0000000,15.9762000,-0.1265000,-1.4641000
20240125,490,C,0.0650,0.0650,0.0650,0.0650,0,0,0.0996000,0.0244000,0.0000000,3.7881000,-0.0286000,0.2224000
20240125,490,P,13.6400,13.6400,13.6400,13.6400,0,0,0.1529000,-0.8990000,0.0000000,11.6574000,-0.0630000,-8.4746000
20240125,479,C,1.7750,1.7750,1.7750,1.7750,0,0,0.1030000,0.3776000,0.0000000,25.0695000,-0.2105000,3.4162000
20240125,479,P,4.0000,4.0000,4.0000,4.0000,0,0,0.1054000,-0.6195000,0.0000000,25.1249000,-0.1456000,-5.7369000
20240125,468,C,9.4100,9.4100,9.4100,9.4100,0,0,0.1256000,0.8605000,0.0000000,14.6451000,-0.1896000,7.6806000
20240125,468,P,0.5650,0.5650,0.5650,0.5650,0,0,0.1232000,-0.1350000,0.0000000,14.3279000,-0.1167000,-1.2446000
20240125,500,C,0.0150,0.0150,0.0150,0.0150,0,0,0.1289000,0.0040000,0.0000000,0.7867000,-0.0075000,0.0366000
20240125,500,P,23.6400,23.6400,23.6400,23.6400,0,0,0.2326000,-0.9274000,0.0000000,9.1073000,-0.0836000,-8.9255000
20240125,489,C,0.0950,0.0950,0.0950,0.0950,0,0,0.0998000,0.0346000,0.0000000,5.0564000,-0.0384000,0.3149000
20240125,489,P,12.6400,12.6400,12.6400,12.6400,0,0,0.1445000,-0.8942000,0.0000000,12.0541000,-0.0606000,-8.4119000
20240125,478,C,2.2150,2.2150,2.2150,2.2150,0,0,0.1046000,0.4354000,0.0000000,25.9710000,-0.2239000,3.9353000
20240125,478,P,3.4250,3.4250,3.4250,3.4250,0,0,0.1060000,-0.5636000,0.0000000,25.9812000,-0.1573000,-5.2144000
20240125,510,P,33.6350,33.6350,33.6350,33.6350,0,0,0.3046000,-0.9421000,0.0000000,7.6377000,-0.0960000,-9.2516000
20240125,467,C,10.3200,10.3200,10.3200,10.3200,0,0,0.1289000,0.8800000,0.0000000,13.1915000,-0.1809000,7.8416000
20240125,467,P,0.4650,0.4650,0.4650,0.4650,0,0,0.1253000,-0.1135000,0.0000000,12.6875000,-0.1056000,-1.0459000
20240125,499,C,0.0150,0.0150,0.0150,0.0150,0,0,0.1230000,0.0039000,0.0000000,0.7671000,-0.0070000,0.0356000
20240125,499,P,22.6450,22.6450,22.6450,22.6450,0,0,0.2248000,-0.9256000,0.0000000,9.2750000,-0.0815000,-8.8903000
20240125,520,P,43.6350,43.6350,43.6350,43.6350,0,0,0.3735000,-0.9505000,0.0000000,6.7486000,-0.1078000,-9.5198000
20240125,488,C,0.1250,0.1250,0.1250,0.1250,0,0,0.0983000,0.0451000,0.0000000,6.2745000,-0.0472000,0.4105000
20240125,488,P,11.6400,11.6400,11.6400,11.6400,0,0,0.1358000,-0.8891000,0.0000000,12.4761000,-0.0577000,-8.3454000
20240125,477,C,2.7150,2.7150,2.7150,2.7150,0,0,0.1062000,0.4930000,0.0000000,26.3125000,-0.2334000,4.4517000
20240125,477,P,2.9100,2.9100,2.9100,2.9100,0,0,0.1071000,-0.5068000,0.0000000,26.3126000,-0.1658000,-4.6863000
20240125,466,C,11.2450,11.2450,11.2450,11.2450,0,0,0.1315000,0.8978000,0.0000000,11.7595000,-0.1711000,7.9863000
20240125,466,P,0.3950,0.3950,0.3950,0.3950,0,0,0.1285000,-0.0969000,0.0000000,11.3194000,-0.0971000,-0.8933000
20240125,498,C,0.0150,0.0150,0.0150,0.0150,0,0,0.1171000,0.0038000,0.0000000,0.7466000,-0.0065000,0.0345000
20240125,498,P,21.6450,21.6450,21.6450,21.6450,0,0,0.2172000,-0.9234000,0.0000000,9.4810000,-0.0800000,-8.8513000
20240125,530,P,53.6250,53.6250,53.6250,53.6250,0,0,0.4377000,-0.9567000,0.0000000,6.0601000,-0.1153000,-9.7681000
20240125,487,C,0.1750,0.1750,0.1750,0.1750,0,0,0.0981000,0.0609000,0.0000000,7.9575000,-0.0599000,0.5537000
20240125,487,P,10.6500,10.6500,10.6500,10.6500,0,0,0.1279000,-0.8815000,0.0000000,13.0730000,-0.0568000,-8.2577000
20240125,476,C,3.2700,3.2700,3.2700,3.2700,0,0,0.1079000,0.5490000,0.0000000,26.1171000,-0.2389000,4.9532000
20240125,476,P,2.4500,2.4500,2.4500,2.4500,0,0,0.1081000,-0.4509000,0.0000000,26.1177000,-0.1701000,-4.1669000
20240125,465,C,12.1800,12.1800,12.1800,12.1800,0,0,0.1352000,0.9115000,0.0000000,10.5783000,-0.1635000,8.0932000
20240125,465,P,0.3350,0.3350,0.3350,0.3350,0,0,0.1315000,-0.0826000,0.0000000,10.0552000,-0.0887000,-0.7617000
20240125,497,C,0.0150,0.0150,0.0150,0.0150,0,0,0.1132000,0.0042000,0.0000000,0.8203000,-0.0069000,0.0383000
20240125,497,P,20.6450,20.6450,20.6450,20.6450,0,0,0.2094000,-0.9213000,0.0000000,9.6839000,-0.0780000,-8.8123000
20240125,486,C,0.2450,0.2450,0.2450,0.2450,0,0,0.0983000,0.0819000,0.0000000,9.9887000,-0.0758000,0.7442000
20240125,486,P,9.6850,9.6850,9.6850,9.6850,0,0,0.1210000,-0.8703000,0.0000000,13.9279000,-0.0587000,-8.1366000
20240125,475,C,3.8850,3.8850,3.8850,3.8850,0,0,0.1094000,0.6027000,0.0000000,25.4385000,-0.2401000,5.4320000
20240125,475,P,2.0550,2.0550,2.0550,2.0550,0,0,0.1092000,-0.3970000,0.0000000,25.4348000,-0.1706000,-3.6662000
20240125,400,C,76.7650,76.7650,76.7650,76.7650,0,0,0.4335000,0.9984000,0.0000000,0.3334000,-0.0683000,7.6489000
20240125,400,P,0.0250,0.0250,0.0250,0.0250,0,0,0.4531000,-0.0023000,0.0000000,0.4783000,-0.0153000,-0.0215000
20240125,464,C,13.1150,13.1150,13.1150,13.1150,0,0,0.1367000,0.9264000,0.0000000,9.2037000,-0.1521000,8.2115000
20240125,464,P,0.2850,0.2850,0.2850,0.2850,0,0,0.1347000,-0.0707000,0.0000000,8.9293000,-0.0810000,-0.6516000
20240125,496,C,0.0250,0.0250,0.0250,0.0250,0,0,0.1171000,0.0077000,0.0000000,1.4034000,-0.0122000,0.0702000
20240125,496,P,19.6450,19.6450,19.6450,19.6450,0,0,0.2016000,-0.9189000,0.0000000,9.9075000,-0.0761000,-8.7711000
20240125,485,C,0.3350,0.3350,0.3350,0.3350,0,0,0.0981000,0.1067000,0.0000000,12.1408000,-0.0924000,0.9690000
20240125,485,P,8.7350,8.7350,8.7350,8.7350,0,0,0.1152000,-0.8547000,0.0000000,15.0495000,-0.0633000,-7.9762000
20240125,410,C,66.7850,66.7850,66.7850,66.7850,0,0,0.3984000,0.9971000,0.0000000,0.5770000,-0.0758000,7.8284000
20240125,410,P,0.0350,0.0350,0.0350,0.0350,0,0,0.4101000,-0.0036000,0.0000000,0.7124000,-0.0206000,-0.0335000
20240125,474,C,4.5550,4.5550,4.5550,4.5550,0,0,0.1114000,0.6527000,0.0000000,24.3630000,-0.2385000,5.8758000
20240125,474,P,1.7150,1.7150,1.7150,1.7150,0,0,0.1107000,-0.3463000,0.0000000,24.3390000,-0.1682000,-3.1965000
20240125,463,C,14.0700,14.0700,14.0700,14.0700,0,0,0.1403000,0.9361000,0.0000000,8.2492000,-0.1455000,8.2821000
20240125,463,P,0.2350,0.2350,0.2350,0.2350,0,0,0.1367000,-0.0589000,0.0000000,7.7519000,-0.0715000,-0.5431000
20240125,495,C,0.0250,0.0250,0.0250,0.0250,0,0,0.1123000,0.0082000,0.0000000,1.4862000,-0.0124000,0.0750000
20240125,495,P,18.6450,18.6450,18.6450,18.6450,0,0,0.1938000,-0.9162000,0.0000000,10.1547000,-0.0744000,-8.7273000
20240125,420,C,56.8050,56.8050,56.8050,56.8050,0,0,0.3535000,0.9955000,0.0000000,0.8583000,-0.0824000,8.0053000
20240125,420,P,0.0350,0.0350,0.0350,0.0350,0,0,0.3496000,-0.0040000,0.0000000,0.7959000,-0.0195000,-0.0378000
20240125,484,C,0.4650,0.4650,0.4650,0.4650,0,0,0.0988000,0.1392000,0.0000000,14.6267000,-0.1128000,1.2629000
20240125,484,P,7.8250,7.8250,7.8250,7.8250,0,0,0.1112000,-0.8319000,0.0000000,16.5671000,-0.0728000,-7.7504000
20240125,473,C,5.2700,5.2700,5.2700,5.2700,0,0,0.1135000,0.6984000,0.0000000,22.9894000,-0.2341000,6.2794000
20240125,473,P,1.4250,1.4250,1.4250,1.4250,0,0,0.1123000,-0.2995000,0.0000000,22.9203000,-0.1628000,-2.7637000
20240125,430,C,46.8250,46.8250,46.8250,46.8250,0,0,0.3027000,0.9935000,0.0000000,1.1958000,-0.0878000,8.1784000
20240125,430,P,0.0450,0.0450,0.0450,0.0450,0,0,0.3007000,-0.0061000,0.0000000,1.1494000,-0.0242000,-0.0571000
20240125,462,C,15.0550,15.0550,15.0550,15.0550,0,0,0.1459000,0.9420000,0.0000000,7.6453000,-0.1428000,8.3173000
20240125,462,P,0.2150,0.2150,0.2150,0.2150,0,0,0.1418000,-0.0528000,0.0000000,7.1109000,-0.0683000,-0.4869000
20240125,494,C,0.0250,0.0250,0.0250,0.0250,0,0,0.1074000,0.0088000,0.0000000,1.5823000,-0.0127000,0.0805000
20240125,494,P,17.6450,17.6450,17.6450,17.6450,0,0,0.1857000,-0.9134000,0.0000000,10.4029000,-0.0721000,-8.6831000
20240125,483,C,0.6250,0.6250,0.6250,0.6250,0,0,0.0993000,0.1765000,0.0000000,17.0976000,-0.1334000,1.6006000
20240125,483,P,6.9550,6.9550,6.9550,6.9550,0,0,0.1083000,-0.8022000,0.0000000,18.3438000,-0.0854000,-7.4618000
20240125,440,C,36.8500,36.8500,36.8500,36.8500,0,0,0.2539000,0.9893000,0.0000000,1.8539000,-0.0968000,8.3315000
20240125,440,P,0.0550,0.0550,0.0550,0.0550,0,0,0.2470000,-0.0089000,0.0000000,1.6011000,-0.0276000,-0.0830000
20240125,472,C,6.0300,6.0300,6.0300,6.0300,0,0,0.1157000,0.7397000,0.0000000,21.4060000,-0.2273000,6.6425000
20240125,472,P,1.1850,1.1850,1.1850,1.1850,0,0,0.1142000,-0.2576000,0.0000000,21.2951000,-0.1557000,-2.3759000
20240125,461,C,16.0250,16.0250,16.0250,16.0250,0,0,0.1496000,0.9493000,0.0000000,6.8702000,-0.1369000,8.3656000
20240125,461,P,0.1850,0.1850,0.1850,0.1850,0,0,0.1450000,-0.0454000,0.0000000,6.3028000,-0.0621000,-0.4186000
20240125,493,C,0.0350,0.0350,0.0350,0.0350,0,0,0.1064000,0.0120000,0.0000000,2.0673000,-0.0165000,0.1094000
20240125,493,P,16.6450,16.6450,16.6450,16.6450,0,0,0.1777000,-0.9103000,0.0000000,10.6800000,-0.0700000,-8.6355000
20240125,450,C,26.8850,26.8850,26.8850,26.8850,0,0,0.1992000,0.9826000,0.0000000,2.8256000,-0.1043000,8.4615000
20240125,450,P,0.0750,0.0750,0.0750,0.0750,0,0,0.1943000,-0.0151000,0.0000000,2.5260000,-0.0340000,-0.1401000
20240125,482,C,0.8250,0.8250,0.8250,0.8250,0,0,0.0996000,0.2191000,0.0000000,19.4881000,-0.1538000,1.9861000
20240125,482,P,6.1300,6.1300,6.1300,6.1300,0,0,0.1066000,-0.7652000,0.0000000,20.2613000,-0.1004000,-7.1079000
20240125,471,C,6.8350,6.8350,6.8350,6.8350,0,0,0.1179000,0.7765000,0.0000000,19.7077000,-0.2188000,6.9627000
20240125,471,P,0.9850,0.9850,0.9850,0.9850,0,0,0.1164000,-0.2205000,0.0000000,19.5612000,-0.1472000,-2.0338000
20240125,460,C,17.0050,17.0050,17.0050,17.0050,0,0,0.1542000,0.9546000,0.0000000,6.2899000,-0.1330000,8.3951000
20240125,460,P,0.1650,0.1650,0.1650,0.1650,0,0,0.1489000,-0.0398000,0.0000000,5.6699000,-0.0575000,-0.3673000
20240125,492,C,0.0350,0.0350,0.0350,0.0350,0,0,0.1015000,0.0131000,0.0000000,2.2369000,-0.0171000,0.1199000
20240125,492,P,15.6450,15.6450,15.6450,15.6450,0,0,0.1695000,-0.9069000,0.0000000,10.9762000,-0.0678000,-8.5855000
20240125,481,C,1.0850,1.0850,1.0850,1.0850,0,0,0.1007000,0.2682000,0.0000000,21.7410000,-0.1748000,2.4299000
20240125,481,P,5.3600,5.3600,5.3600,5.3600,0,0,0.1057000,-0.7217000,0.0000000,22.1371000,-0.1163000,-6.6964000
20240125,470,C,7.6700,7.6700,7.6700,7.6700,0,0,0.1208000,0.8078000,0.0000000,18.0272000,-0.2104000,7.2324000
20240125,470,P,0.8150,0.8150,0.8150,0.8150,0,0,0.1184000,-0.1875000,0.0000000,17.7577000,-0.1371000,-1.7287000
20240125,491,C,0.0450,0.0450,0.0450,0.0450,0,0,0.0996000,0.0171000,0.0000000,2.8009000,-0.0211000,0.1558000
20240125,491,P,14.6450,14.6450,14.6450,14.6450,0,0,0.1613000,-0.9031000,0.0000000,11.3101000,-0.0656000,-8.5311000
20240126,448,C,28.9900,28.9900,28.9900,28.9900,0,0,0.2128000,0.9771000,0.0000000,3.8162000,-0.1142000,9.5667000
20240126,448,P,0.0950,0.0950,0.0950,0.0950,0,0,0.2011000,-0.0172000,0.0000000,3.0147000,-0.0366000,-0.1823000
20240126,480,C,1.6750,1.6750,1.6750,1.6750,0,0,0.1051000,0.3411000,0.0000000,25.8726000,-0.1933000,3.5250000
20240126,480,P,4.8350,4.8350,4.8350,4.8350,0,0,0.1073000,-0.6555000,0.0000000,25.9664000,-0.1281000,-6.9502000
20240126,512,C,0.0150,0.0150,0.0150,0.0150,0,0,0.1718000,0.0027000,0.0000000,0.5923000,-0.0065000,0.0282000
20240126,512,P,35.6350,35.6350,35.6350,35.6350,0,0,0.3066000,-0.9384000,0.0000000,8.5695000,-0.0940000,-10.5786000
20240126,447.5,C,29.4900,29.4900,29.4900,29.4900,0,0,0.2163000,0.9773000,0.0000000,3.7874000,-0.1146000,9.5579000
20240126,447.5,P,0.0950,0.0950,0.0950,0.0950,0,0,0.2045000,-0.0171000,0.0000000,3.0016000,-0.0371000,-0.1814000
20240126,437,C,39.9250,39.9250,39.9250,39.9250,0,0,0.2607000,0.9887000,0.0000000,2.0795000,-0.0966000,9.4481000
20240126,437,P,0.0650,0.0650,0.0650,0.0650,0,0,0.2548000,-0.0097000,0.0000000,1.8460000,-0.0287000,-0.1035000
20240126,405,C,71.8450,71.8450,71.8450,71.8450,0,0,0.4101000,0.9967000,0.0000000,0.6933000,-0.0763000,8.8318000
20240126,405,P,0.0350,0.0350,0.0350,0.0350,0,0,0.4101000,-0.0032000,0.0000000,0.6933000,-0.0175000,-0.0345000
20240126,469,C,8.7900,8.7900,8.7900,8.7900,0,0,0.1265000,0.8159000,0.0000000,18.7627000,-0.2037000,8.3263000
20240126,469,P,0.8550,0.8550,0.8550,0.8550,0,0,0.1236000,-0.1785000,0.0000000,18.4093000,-0.1297000,-1.8825000
20240126,458,C,19.0950,19.0950,19.0950,19.0950,0,0,0.1628000,0.9543000,0.0000000,6.7579000,-0.1321000,9.5456000
20240126,458,P,0.1850,0.1850,0.1850,0.1850,0,0,0.1569000,-0.0399000,0.0000000,6.0727000,-0.0567000,-0.4211000
20240126,490,C,0.1050,0.1050,0.1050,0.1050,0,0,0.1010000,0.0355000,0.0000000,5.5254000,-0.0373000,0.3694000
20240126,490,P,13.6400,13.6400,13.6400,13.6400,0,0,0.1480000,-0.8898000,0.0000000,13.2736000,-0.0591000,-9.5892000
20240126,457.5,C,19.5850,19.5850,19.5850,19.5850,0,0,0.1650000,0.9565000,0.0000000,6.5038000,-0.1305000,9.5570000
20240126,457.5,P,0.1750,0.1750,0.1750,0.1750,0,0,0.1586000,-0.0376000,0.0000000,5.7810000,-0.0547000,-0.3965000
20240126,415,C,61.8700,61.8700,61.8700,61.8700,0,0,0.3730000,0.9945000,0.0000000,1.1041000,-0.0856000,9.0272000
20240126,415,P,0.0450,0.0450,0.0450,0.0450,0,0,0.3671000,-0.0048000,0.0000000,0.9971000,-0.0225000,-0.0517000
20240126,447,C,29.9800,29.9800,29.9800,29.9800,0,0,0.2167000,0.9789000,0.0000000,3.5621000,-0.1117000,9.5637000
20240126,447,P,0.0850,0.0850,0.0850,0.0850,0,0,0.2041000,-0.0154000,0.0000000,2.7441000,-0.0339000,-0.1633000
20240126,479,C,2.0750,2.0750,2.0750,2.0750,0,0,0.1065000,0.3930000,0.0000000,27.1170000,-0.2075000,4.0584000
20240126,479,P,4.2100,4.2100,4.2100,4.2100,0,0,0.1079000,-0.6054000,0.0000000,27.1443000,-0.1406000,-6.4137000
20240126,436,C,40.9200,40.9200,40.9200,40.9200,0,0,0.2675000,0.9887000,0.0000000,2.0770000,-0.0973000,9.4263000
20240126,436,P,0.0650,0.0650,0.0650,0.0650,0,0,0.2607000,-0.0095000,0.0000000,1.8129000,-0.0288000,-0.1014000
20240126,500,C,0.0250,0.0250,0.0250,0.0250,0,0,0.1289000,0.0067000,0.0000000,1.3330000,-0.0112000,0.0701000
20240126,500,P,23.6400,23.6400,23.6400,23.6400,0,0,0.2242000,-0.9205000,0.0000000,10.4330000,-0.0789000,-10.1286000
20240126,468,C,9.6550,9.6550,9.6550,9.6550,0,0,0.1286000,0.8408000,0.0000000,17.0989000,-0.1943000,8.5672000
20240126,468,P,0.7300,0.7300,0.7300,0.7300,0,0,0.1265000,-0.1552000,0.0000000,16.8251000,-0.1222000,-1.6373000
20240126,467.5,C,10.1000,10.1000,10.1000,10.1000,0,0,0.1304000,0.8507000,0.0000000,16.3895000,-0.1911000,8.6604000
20240126,467.5,P,0.6750,0.6750,0.6750,0.6750,0,0,0.1275000,-0.1438000,0.0000000,15.9906000,-0.1174000,-1.5169000
20240126,425,C,51.8900,51.8900,51.8900,51.8900,0,0,0.3222000,0.9926000,0.0000000,1.4385000,-0.0902000,9.2260000
20240126,425,P,0.0550,0.0550,0.0550,0.0550,0,0,0.3183000,-0.0067000,0.0000000,1.3386000,-0.0261000,-0.0720000
20240126,457,C,20.0750,20.0750,20.0750,20.0750,0,0,0.1669000,0.9587000,0.0000000,6.2348000,-0.1285000,9.5694000
20240126,457,P,0.1650,0.1650,0.1650,0.1650,0,0,0.1604000,-0.0354000,0.0000000,5.5044000,-0.0527000,-0.3734000
20240126,489,C,0.1450,0.1450,0.1450,0.1450,0,0,0.1010000,0.0476000,0.0000000,7.0032000,-0.0475000,0.4948000
20240126,489,P,12.6450,12.6450,12.6450,12.6450,0,0,0.1398000,-0.8849000,0.0000000,13.6944000,-0.0565000,-9.5159000
20240126,350,C,126.7250,126.7250,126.7250,126.7250,0,0,0.7571449,0.9975561,0.0001424,0.0053617,-0.0683323,0.0763728
20240126,350,P,0.0150,0.0150,0.0150,0.0150,0,0,0.6687000,-0.0007000,0.0000000,0.1825000,-0.0075000,-0.0080000
20240126,446,C,30.9800,30.9800,30.9800,30.9800,0,0,0.2236000,0.9793000,0.0000000,3.5153000,-0.1124000,9.5452000
20240126,446,P,0.0850,0.0850,0.0850,0.0850,0,0,0.2099000,-0.0149000,0.0000000,2.6697000,-0.0339000,-0.1582000
20240126,478,C,2.5250,2.5250,2.5250,2.5250,0,0,0.1079000,0.4455000,0.0000000,27.8711000,-0.2184000,4.5964000
20240126,478,P,3.6450,3.6450,3.6450,3.6450,0,0,0.1085000,-0.5541000,0.0000000,27.8744000,-0.1501000,-5.8649000
20240126,510,C,0.0150,0.0150,0.0150,0.0150,0,0,0.1640000,0.0029000,0.0000000,0.6394000,-0.0067000,0.0307000
20240126,510,P,33.6350,33.6350,33.6350,33.6350,0,0,0.2932000,-0.9362000,0.0000000,8.8028000,-0.0915000,-10.5123000
20240126,435,C,41.9200,41.9200,41.9200,41.9200,0,0,0.2734000,0.9890000,0.0000000,2.0363000,-0.0972000,9.4070000
20240126,435,P,0.0550,0.0550,0.0550,0.0550,0,0,0.2607000,-0.0081000,0.0000000,1.5743000,-0.0250000,-0.0863000
20240126,467,C,10.5500,10.5500,10.5500,10.5500,0,0,0.1319000,0.8605000,0.0000000,15.6508000,-0.1871000,8.7536000
20240126,467,P,0.6250,0.6250,0.6250,0.6250,0,0,0.1290000,-0.1341000,0.0000000,15.2423000,-0.1135000,-1.4138000
20240126,499,C,0.0250,0.0250,0.0250,0.0250,0,0,0.1240000,0.0069000,0.0000000,1.3699000,-0.0110000,0.0723000
20240126,499,P,22.6450,22.6450,22.6450,22.6450,0,0,0.2170000,-0.9183000,0.0000000,10.6468000,-0.0774000,-10.0841000
20240126,360,C,116.7500,116.7500,116.7500,116.7500,0,0,0.7168768,0.9965420,0.0002057,0.0073318,-0.0769797,0.0784532
20240126,360,P,0.0150,0.0150,0.0150,0.0150,0,0,0.6125000,-0.0008000,0.0000000,0.1993000,-0.0075000,-0.0088000
20240126,456,C,21.0650,21.0650,21.0650,21.0650,0,0,0.1723000,0.9615000,0.0000000,5.8893000,-0.1270000,9.5769000
20240126,456,P,0.1550,0.1550,0.1550,0.1550,0,0,0.1650000,-0.0324000,0.0000000,5.1208000,-0.0505000,-0.3421000
20240126,520,P,43.6350,43.6350,43.6350,43.6350,0,0,0.3591000,-0.9453000,0.0000000,7.8102000,-0.1034000,-10.8256000
20240126,488,C,0.1950,0.1950,0.1950,0.1950,0,0,0.1005000,0.0619000,0.0000000,8.6161000,-0.0584000,0.6429000
20240126,488,P,11.6500,11.6500,11.6500,11.6500,0,0,0.1323000,-0.8780000,0.0000000,14.2682000,-0.0554000,-9.4224000
20240126,487.5,C,0.2250,0.2250,0.2250,0.2250,0,0,0.1003000,0.0703000,0.0000000,9.5054000,-0.0644000,0.7297000
20240126,487.5,P,11.1500,11.1500,11.1500,11.1500,0,0,0.1281000,-0.8748000,0.0000000,14.5293000,-0.0541000,-9.3780000
20240126,445,C,31.9700,31.9700,31.9700,31.9700,0,0,0.2270000,0.9810000,0.0000000,3.2604000,-0.1096000,9.5418000
20240126,445,P,0.0850,0.0850,0.0850,0.0850,0,0,0.2163000,-0.0147000,0.0000000,2.6275000,-0.0344000,-0.1554000
20240126,477,C,3.0350,3.0350,3.0350,3.0350,0,0,0.1095000,0.4978000,0.0000000,28.1331000,-0.2266000,5.1308000
20240126,477,P,3.1400,3.1400,3.1400,3.1400,0,0,0.1097000,-0.5021000,0.0000000,28.1332000,-0.1577000,-5.3117000
20240126,370,C,106.7700,106.7700,106.7700,106.7700,0,0,0.6650719,0.9956676,0.0002713,0.0089730,-0.0826071,0.0805493
20240126,370,P,0.0150,0.0150,0.0150,0.0150,0,0,0.5562000,-0.0008000,0.0000000,0.2144000,-0.0073000,-0.0095000
20240126,434,C,42.9150,42.9150,42.9150,42.9150,0,0,0.2753000,0.9901000,0.0000000,1.8543000,-0.0942000,9.3970000
20240126,434,P,0.0550,0.0550,0.0550,0.0550,0,0,0.2656000,-0.0078000,0.0000000,1.5181000,-0.0246000,-0.0829000
20240126,466,C,11.4550,11.4550,11.4550,11.4550,0,0,0.1343000,0.8792000,0.0000000,14.1662000,-0.1782000,8.9290000
20240126,466,P,0.5350,0.5350,0.5350,0.5350,0,0,0.1315000,-0.1158000,0.0000000,13.7601000,-0.1050000,-1.2211000
20240126,498,C,0.0250,0.0250,0.0250,0.0250,0,0,0.1191000,0.0072000,0.0000000,1.4116000,-0.0110000,0.0749000
20240126,498,P,21.6450,21.6450,21.6450,21.6450,0,0,0.2095000,-0.9162000,0.0000000,10.8556000,-0.0755000,-10.0398000
20240126,530,P,53.6250,53.6250,53.6250,53.6250,0,0,0.4204000,-0.9520000,0.0000000,7.0320000,-0.1109000,-11.1151000
20240126,455,C,22.0500,22.0500,22.0500,22.0500,0,0,0.1777000,0.9640000,0.0000000,5.5747000,-0.1255000,9.5813000
20240126,455,P,0.1350,0.1350,0.1350,0.1350,0,0,0.1674000,-0.0282000,0.0000000,4.5583000,-0.0457000,-0.2972000
20240126,487,C,0.2650,0.2650,0.2650,0.2650,0,0,0.1008000,0.0811000,0.0000000,10.6000000,-0.0723000,0.8417000
20240126,487,P,10.6500,10.6500,10.6500,10.6500,0,0,0.1239000,-0.8715000,0.0000000,14.7914000,-0.0525000,-9.3331000
20240126,380,C,96.7850,96.7850,96.7850,96.7850,0,0,0.6066986,0.9949386,0.0003417,0.0103086,-0.0855860,0.0826617
20240126,380,P,0.0250,0.0250,0.0250,0.0250,0,0,0.5343000,-0.0018000,0.0000000,0.4072000,-0.0134000,-0.0192000
20240126,444,C,32.9550,32.9550,32.9550,32.9550,0,0,0.2275000,0.9837000,0.0000000,2.8586000,-0.1040000,9.5485000
20240126,444,P,0.0750,0.0750,0.0750,0.0750,0,0,0.2177000,-0.0127000,0.0000000,2.3256000,-0.0307000,-0.1349000
20240126,476,C,3.5950,3.5950,3.5950,3.5950,0,0,0.1110000,0.5487000,0.0000000,27.9236000,-0.2313000,5.6500000
20240126,476,P,2.6950,2.6950,2.6950,2.6950,0,0,0.1109000,-0.4512000,0.0000000,27.9230000,-0.1618000,-4.7698000
20240126,508,C,0.0150,0.0150,0.0150,0.0150,0,0,0.1562000,0.0032000,0.0000000,0.6962000,-0.0070000,0.0338000
20240126,508,P,31.6350,31.6350,31.6350,31.6350,0,0,0.2795000,-0.9339000,0.0000000,9.0505000,-0.0888000,-10.4442000
20240126,540,P,63.6250,63.6250,63.6250,63.6250,0,0,0.4807000,-0.9564000,0.0000000,6.5134000,-0.1201000,-11.3798000
20240126,433,C,43.9150,43.9150,43.9150,43.9150,0,0,0.2812000,0.9903000,0.0000000,1.8214000,-0.0942000,9.3772000
20240126,433,P,0.0550,0.0550,0.0550,0.0550,0,0,0.2714000,-0.0077000,0.0000000,1.4959000,-0.0248000,-0.0815000
20240126,465,C,12.3750,12.3750,12.3750,12.3750,0,0,0.1372000,0.8950000,0.0000000,12.8224000,-0.1701000,9.0730000
20240126,465,P,0.4550,0.4550,0.4550,0.4550,0,0,0.1340000,-0.0997000,0.0000000,12.3561000,-0.0965000,-1.0515000
20240126,497,C,0.0250,0.0250,0.0250,0.0250,0,0,0.1142000,0.0074000,0.0000000,1.4590000,-0.0109000,0.0777000
20240126,497,P,20.6450,20.6450,20.6450,20.6450,0,0,0.2021000,-0.9138000,0.0000000,11.0845000,-0.0737000,-9.9932000
20240126,390,C,86.8100,86.8100,86.8100,86.8100,0,0,0.4687000,0.9983000,0.0000000,0.3810000,-0.0677000,8.5201000
20240126,390,P,0.0250,0.0250,0.0250,0.0250,0,0,0.4765000,-0.0019000,0.0000000,0.4367000,-0.0128000,-0.0207000
20240126,454,C,23.0350,23.0350,23.0350,23.0350,0,0,0.1809000,0.9678000,0.0000000,5.0789000,-0.1211000,9.6000000
20240126,454,P,0.1250,0.1250,0.1250,0.1250,0,0,0.1718000,-0.0258000,0.0000000,4.2338000,-0.0436000,-0.2721000
20240126,486,C,0.3550,0.3550,0.3550,0.3550,0,0,0.1008000,0.1039000,0.0000000,12.7276000,-0.0873000,1.0773000
20240126,486,P,9.7000,9.7000,9.7000,9.7000,0,0,0.1185000,-0.8574000,0.0000000,15.8882000,-0.0568000,-9.1648000
20240126,443,C,33.9500,33.9500,33.9500,33.9500,0,0,0.2338000,0.9840000,0.0000000,2.8100000,-0.1043000,9.5300000
20240126,443,P,0.0750,0.0750,0.0750,0.0750,0,0,0.2241000,-0.0125000,0.0000000,2.2964000,-0.0312000,-0.1329000
20240126,475,C,4.2050,4.2050,4.2050,4.2050,0,0,0.1126000,0.5975000,0.0000000,27.2884000,-0.2329000,6.1465000
20240126,475,P,2.3000,2.3000,2.3000,2.3000,0,0,0.1124000,-0.4022000,0.0000000,27.2850000,-0.1635000,-4.2501000
20240126,432,C,44.9100,44.9100,44.9100,44.9100,0,0,0.2880000,0.9903000,0.0000000,1.8227000,-0.0949000,9.3552000
20240126,432,P,0.0550,0.0550,0.0550,0.0550,0,0,0.2773000,-0.0075000,0.0000000,1.4743000,-0.0250000,-0.0802000
20240126,400,C,76.8350,76.8350,76.8350,76.8350,0,0,0.4296000,0.9974000,0.0000000,0.5647000,-0.0731000,8.7293000
20240126,400,P,0.0350,0.0350,0.0350,0.0350,0,0,0.4394000,-0.0031000,0.0000000,0.6679000,-0.0181000,-0.0332000
20240126,464,C,13.3150,13.3150,13.3150,13.3150,0,0,0.1406000,0.9077000,0.0000000,11.6631000,-0.1634000,9.1855000
20240126,464,P,0.3950,0.3950,0.3950,0.3950,0,0,0.1372000,-0.0869000,0.0000000,11.1642000,-0.0896000,-0.9166000
20240126,496,C,0.0250,0.0250,0.0250,0.0250,0,0,0.1093000,0.0078000,0.0000000,1.5132000,-0.0108000,0.0810000
20240126,496,P,19.6450,19.6450,19.6450,19.6450,0,0,0.1947000,-0.9112000,0.0000000,11.3362000,-0.0719000,-9.9438000
20240126,453,C,24.0250,24.0250,24.0250,24.0250,0,0,0.1857000,0.9701000,0.0000000,4.7822000,-0.1192000,9.6019000
20240126,453,P,0.1250,0.1250,0.1250,0.1250,0,0,0.1782000,-0.0249000,0.0000000,4.1101000,-0.0440000,-0.2627000
20240126,485,C,0.4750,0.4750,0.4750,0.4750,0,0,0.1011000,0.1319000,0.0000000,15.0691000,-0.1043000,1.3668000
20240126,485,P,8.8050,8.8050,8.8050,8.8050,0,0,0.1156000,-0.8355000,0.0000000,17.4701000,-0.0670000,-8.9159000
20240126,452.5,C,24.5200,24.5200,24.5200,24.5200,0,0,0.1894000,0.9703000,0.0000000,4.7505000,-0.1199000,9.5934000
20240126,452.5,P,0.1150,0.1150,0.1150,0.1150,0,0,0.1791000,-0.0231000,0.0000000,3.8651000,-0.0416000,-0.2442000
20240126,410,C,66.8550,66.8550,66.8550,66.8550,0,0,0.3867000,0.9961000,0.0000000,0.7997000,-0.0786000,8.9353000
20240126,410,P,0.0450,0.0450,0.0450,0.0450,0,0,0.3945000,-0.0044000,0.0000000,0.9168000,-0.0222000,-0.0471000
20240126,442,C,34.9400,34.9400,34.9400,34.9400,0,0,0.2363000,0.9857000,0.0000000,2.5611000,-0.1010000,9.5253000
20240126,442,P,0.0750,0.0750,0.0750,0.0750,0,0,0.2304000,-0.0124000,0.0000000,2.2683000,-0.0318000,-0.1311000
20240126,474,C,4.8700,4.8700,4.8700,4.8700,0,0,0.1148000,0.6430000,0.0000000,26.3041000,-0.2325000,6.6072000
20240126,474,P,1.9550,1.9550,1.9550,1.9550,0,0,0.1137000,-0.3556000,0.0000000,26.2714000,-0.1617000,-3.7559000
20240126,506,C,0.0150,0.0150,0.0150,0.0150,0,0,0.1464000,0.0032000,0.0000000,0.6945000,-0.0065000,0.0337000
20240126,506,P,29.6400,29.6400,29.6400,29.6400,0,0,0.2668000,-0.9305000,0.0000000,9.4126000,-0.0881000,-10.3647000
20240126,495,C,0.0350,0.0350,0.0350,0.0350,0,0,0.1103000,0.0115000,0.0000000,2.1265000,-0.0154000,0.1196000
20240126,495,P,18.6450,18.6450,18.6450,18.6450,0,0,0.1871000,-0.9084000,0.0000000,11.6001000,-0.0700000,-9.8928000
20240126,463,C,14.2600,14.2600,14.2600,14.2600,0,0,0.1442000,0.9184000,0.0000000,10.6343000,-0.1574000,9.2766000
20240126,463,P,0.3450,0.3450,0.3450,0.3450,0,0,0.1403000,-0.0759000,0.0000000,10.0747000,-0.0830000,-0.7999000
20240126,462.5,C,14.7400,14.7400,14.7400,14.7400,0,0,0.1464000,0.9227000,0.0000000,10.2052000,-0.1552000,9.3112000
20240126,462.5,P,0.3150,0.3150,0.3150,0.3150,0,0,0.1411000,-0.0697000,0.0000000,9.4444000,-0.0784000,-0.7351000
20240126,420,C,56.8800,56.8800,56.8800,56.8800,0,0,0.3476000,0.9936000,0.0000000,1.2547000,-0.0878000,9.1277000
20240126,420,P,0.0450,0.0450,0.0450,0.0450,0,0,0.3378000,-0.0051000,0.0000000,1.0494000,-0.0217000,-0.0547000
20240126,452,C,25.0200,25.0200,25.0200,25.0200,0,0,0.1928000,0.9707000,0.0000000,4.6988000,-0.1202000,9.5865000
20240126,452,P,0.1150,0.1150,0.1150,0.1150,0,0,0.1821000,-0.0226000,0.0000000,3.7933000,-0.0415000,-0.2388000
20240126,484,C,0.6250,0.6250,0.6250,0.6250,0,0,0.1015000,0.1645000,0.0000000,17.4722000,-0.1222000,1.7040000
20240126,484,P,7.9100,7.9100,7.9100,7.9100,0,0,0.1120000,-0.8114000,0.0000000,19.0485000,-0.0760000,-8.6448000
20240126,441,C,35.9400,35.9400,35.9400,35.9400,0,0,0.2431000,0.9857000,0.0000000,2.5479000,-0.1018000,9.5043000
20240126,441,P,0.0750,0.0750,0.0750,0.0750,0,0,0.2363000,-0.0120000,0.0000000,2.2180000,-0.0319000,-0.1278000
20240126,505,C,0.0150,0.0150,0.0150,0.0150,0,0,0.1406000,0.0030000,0.0000000,0.6589000,-0.0060000,0.0318000
20240126,505,P,28.6400,28.6400,28.6400,28.6400,0,0,0.2597000,-0.9291000,0.0000000,9.5531000,-0.0865000,-10.3287000
20240126,473,C,5.5800,5.5800,5.5800,5.5800,0,0,0.1168000,0.6853000,0.0000000,25.0386000,-0.2294000,7.0332000
20240126,473,P,1.6600,1.6600,1.6600,1.6600,0,0,0.1156000,-0.3129000,0.0000000,24.9820000,-0.1586000,-3.3038000
20240126,430,C,46.9050,46.9050,46.9050,46.9050,0,0,0.2958000,0.9914000,0.0000000,1.6377000,-0.0921000,9.3231000
20240126,430,P,0.0550,0.0550,0.0550,0.0550,0,0,0.2890000,-0.0073000,0.0000000,1.4329000,-0.0253000,-0.0777000
20240126,462,C,15.2150,15.2150,15.2150,15.2150,0,0,0.1474000,0.9284000,0.0000000,9.6287000,-0.1508000,9.3599000
20240126,462,P,0.2950,0.2950,0.2950,0.2950,0,0,0.1428000,-0.0653000,0.0000000,8.9802000,-0.0755000,-0.6887000
20240126,494,C,0.0450,0.0450,0.0450,0.0450,0,0,0.1088000,0.0147000,0.0000000,2.6251000,-0.0188000,0.1526000
20240126,494,P,17.6450,17.6450,17.6450,17.6450,0,0,0.1794000,-0.9054000,0.0000000,11.8780000,-0.0679000,-9.8397000
20240126,355,C,121.7400,121.7400,121.7400,121.7400,0,0,0.7418626,0.9969363,0.0001782,0.0065754,-0.0740256,0.0774007
20240126,355,P,0.0150,0.0150,0.0150,0.0150,0,0,0.6374000,-0.0007000,0.0000000,0.1822000,-0.0072000,-0.0080000
20240126,451,C,26.0100,26.0100,26.0100,26.0100,0,0,0.1972000,0.9729000,0.0000000,4.4007000,-0.1178000,9.5879000
20240126,451,P,0.1050,0.1050,0.1050,0.1050,0,0,0.1855000,-0.0203000,0.0000000,3.4683000,-0.0387000,-0.2148000
20240126,515,P,38.6350,38.6350,38.6350,38.6350,0,0,0.3264000,-0.9413000,0.0000000,8.2475000,-0.0974000,-10.6750000
20240126,483,C,0.8150,0.8150,0.8150,0.8150,0,0,0.1021000,0.2023000,0.0000000,19.8792000,-0.1408000,2.0943000
20240126,483,P,7.0600,7.0600,7.0600,7.0600,0,0,0.1096000,-0.7810000,0.0000000,20.8234000,-0.0875000,-8.3091000
20240126,525,P,48.6300,48.6300,48.6300,48.6300,0,0,0.3908000,-0.9486000,0.0000000,7.4301000,-0.1087000,-10.9700000
20240126,440,C,36.9350,36.9350,36.9350,36.9350,0,0,0.2460000,0.9870000,0.0000000,2.3497000,-0.0991000,9.4958000
20240126,440,P,0.0650,0.0650,0.0650,0.0650,0,0,0.2373000,-0.0104000,0.0000000,1.9543000,-0.0282000,-0.1105000
20240126,472,C,6.3300,6.3300,6.3300,6.3300,0,0,0.1190000,0.7238000,0.0000000,23.5791000,-0.2246000,7.4184000
20240126,472,P,1.4050,1.4050,1.4050,1.4050,0,0,0.1172000,-0.2732000,0.0000000,23.4565000,-0.1527000,-2.8834000
20240126,504,C,0.0150,0.0150,0.0150,0.0150,0,0,0.1367000,0.0032000,0.0000000,0.6941000,-0.0061000,0.0337000
20240126,504,P,27.6400,27.6400,27.6400,27.6400,0,0,0.2529000,-0.9275000,0.0000000,9.7250000,-0.0854000,-10.2894000
20240126,365,C,111.7600,111.7600,111.7600,111.7600,0,0,0.6912449,0.9961203,0.0002365,0.0081291,-0.0798405,0.0795029
20240126,365,P,0.0150,0.0150,0.0150,0.0150,0,0,0.5874000,-0.0009000,0.0000000,0.2179000,-0.0079000,-0.0097000
20240126,461,C,16.1750,16.1750,16.1750,16.1750,0,0,0.1508000,0.9368000,0.0000000,8.7449000,-0.1450000,9.4264000
20240126,461,P,0.2550,0.2550,0.2550,0.2550,0,0,0.1455000,-0.0565000,0.0000000,8.0197000,-0.0689000,-0.5959000
20240126,493,C,0.0550,0.0550,0.0550,0.0550,0,0,0.1069000,0.0183000,0.0000000,3.1669000,-0.0224000,0.1900000
20240126,493,P,16.6450,16.6450,16.6450,16.6450,0,0,0.1717000,-0.9020000,0.0000000,12.1874000,-0.0658000,-9.7827000
20240126,535,P,58.6250,58.6250,58.6250,58.6250,0,0,0.4506000,-0.9544000,0.0000000,6.7484000,-0.1154000,-11.2497000
20240126,450,C,27.0000,27.0000,27.0000,27.0000,0,0,0.2016000,0.9749000,0.0000000,4.1272000,-0.1156000,9.5871000
20240126,450,P,0.1050,0.1050,0.1050,0.1050,0,0,0.1923000,-0.0200000,0.0000000,3.4244000,-0.0397000,-0.2117000
20240126,482,C,1.0500,1.0500,1.0500,1.0500,0,0,0.1031000,0.2452000,0.0000000,22.1790000,-0.1598000,2.5369000
20240126,482,P,6.2650,6.2650,6.2650,6.2650,0,0,0.1080000,-0.7445000,0.0000000,22.6662000,-0.1006000,-7.9104000
20240126,514,P,37.6350,37.6350,37.6350,37.6350,0,0,0.3198000,-0.9404000,0.0000000,8.3483000,-0.0962000,-10.6436000
20240126,375,C,101.7800,101.7800,101.7800,101.7800,0,0,0.4843000,0.9996000,0.0000000,0.0905000,-0.0572000,8.2058000
20240126,375,P,0.0250,0.0250,0.0250,0.0250,0,0,0.5625000,-0.0017000,0.0000000,0.3868000,-0.0134000,-0.0182000
20240126,439,C,37.9300,37.9300,37.9300,37.9300,0,0,0.2519000,0.9874000,0.0000000,2.2976000,-0.0990000,9.4774000
20240126,439,P,0.0650,0.0650,0.0650,0.0650,0,0,0.2431000,-0.0102000,0.0000000,1.9166000,-0.0284000,-0.1080000
20240126,471,C,7.1200,7.1200,7.1200,7.1200,0,0,0.1213000,0.7583000,0.0000000,22.0046000,-0.2184000,7.7614000
20240126,471,P,1.1950,1.1950,1.1950,1.1950,0,0,0.1195000,-0.2382000,0.0000000,21.8371000,-0.1464000,-2.5138000
20240126,545,P,68.6250,68.6250,68.6250,68.6250,0,0,0.5099000,-0.9582000,0.0000000,6.2956000,-0.1242000,-11.5081000
20240126,460,C,17.1450,17.1450,17.1450,17.1450,0,0,0.1547000,0.9435000,0.0000000,8.0052000,-0.1403000,9.4755000
20240126,460,P,0.2250,0.2250,0.2250,0.2250,0,0,0.1489000,-0.0497000,0.0000000,7.2479000,-0.0639000,-0.5245000
20240126,492,C,0.0650,0.0650,0.0650,0.0650,0,0,0.1044000,0.0223000,0.0000000,3.7468000,-0.0260000,0.2317000
20240126,492,P,15.6450,15.6450,15.6450,15.6450,0,0,0.1639000,-0.8984000,0.0000000,12.5176000,-0.0637000,-9.7226000
20240126,385,C,91.8000,91.8000,91.8000,91.8000,0,0,0.4843000,0.9987000,0.0000000,0.2935000,-0.0647000,8.4151000
20240126,385,P,0.0250,0.0250,0.0250,0.0250,0,0,0.5062000,-0.0019000,0.0000000,0.4278000,-0.0134000,-0.0203000
20240126,449,C,27.9950,27.9950,27.9950,27.9950,0,0,0.2060000,0.9767000,0.0000000,3.8761000,-0.1135000,9.5842000
20240126,449,P,0.0950,0.0950,0.0950,0.0950,0,0,0.1953000,-0.0179000,0.0000000,3.1088000,-0.0366000,-0.1889000
20240126,481,C,1.3350,1.3350,1.3350,1.3350,0,0,0.1038000,0.2912000,0.0000000,24.1892000,-0.1770000,3.0119000
20240126,481,P,5.5200,5.5200,5.5200,5.5200,0,0,0.1076000,-0.7019000,0.0000000,24.4460000,-0.1149000,-7.4498000
20240126,438,C,38.9300,38.9300,38.9300,38.9300,0,0,0.2587000,0.9874000,0.0000000,2.2904000,-0.0998000,9.4559000
20240126,438,P,0.0650,0.0650,0.0650,0.0650,0,0,0.2490000,-0.0100000,0.0000000,1.8806000,-0.0285000,-0.1057000
20240126,470,C,7.9350,7.9350,7.9350,7.9350,0,0,0.1234000,0.7899000,0.0000000,20.3277000,-0.2103000,8.0733000
20240126,470,P,1.0150,1.0150,1.0150,1.0150,0,0,0.1217000,-0.2068000,0.0000000,20.1460000,-0.1387000,-2.1821000
20240126,502,C,0.0150,0.0150,0.0150,0.0150,0,0,0.1289000,0.0036000,0.0000000,0.7780000,-0.0065000,0.0383000
20240126,502,P,25.6400,25.6400,25.6400,25.6400,0,0,0.2386000,-0.9242000,0.0000000,10.0558000,-0.0822000,-10.2117000
20240126,395,C,81.8200,81.8200,81.8200,81.8200,0,0,0.4531000,0.9977000,0.0000000,0.4956000,-0.0712000,8.6235000
20240126,395,P,0.0350,0.0350,0.0350,0.0350,0,0,0.4687000,-0.0029000,0.0000000,0.6418000,-0.0185000,-0.0318000
20240126,459,C,18.1150,18.1150,18.1150,18.1150,0,0,0.1582000,0.9499000,0.0000000,7.2757000,-0.1351000,9.5211000
20240126,459,P,0.2050,0.2050,0.2050,0.2050,0,0,0.1530000,-0.0446000,0.0000000,6.6442000,-0.0604000,-0.4706000
20240126,491,C,0.0850,0.0850,0.0850,0.0850,0,0,0.1030000,0.0284000,0.0000000,4.5975000,-0.0315000,0.2957000
20240126,491,P,14.6400,14.6400,14.6400,14.6400,0,0,0.1560000,-0.8944000,0.0000000,12.8724000,-0.0613000,-9.6591000
20240129,480,C,1.9700,1.9700,1.9700,1.9700,0,0,0.0970000,0.3628000,0.0000000,31.0196000,-0.1616000,5.1491000
20240129,480,P,5.0450,5.0450,5.0450,5.0450,0,0,0.1027000,-0.6295000,0.0000000,31.2354000,-0.1014000,-9.1888000
20240129,469,C,9.0700,9.0700,9.0700,9.0700,0,0,0.1131000,0.8110000,0.0000000,22.3631000,-0.1699000,11.3697000
20240129,469,P,1.0750,1.0750,1.0750,1.0750,0,0,0.1170000,-0.1968000,0.0000000,22.9279000,-0.1082000,-2.8576000
20240129,490,C,0.1650,0.1650,0.1650,0.1650,0,0,0.0930000,0.0501000,0.0000000,8.5442000,-0.0395000,0.7145000
20240129,490,P,13.6450,13.6450,13.6450,13.6450,0,0,0.1374000,-0.8656000,0.0000000,17.8978000,-0.0498000,-12.8373000
20240129,479,C,2.3900,2.3900,2.3900,2.3900,0,0,0.0983000,0.4113000,0.0000000,32.1726000,-0.1719000,5.8337000
20240129,479,P,4.4350,4.4350,4.4350,4.4350,0,0,0.1028000,-0.5844000,0.0000000,32.2472000,-0.1096000,-8.5238000
20240129,468,C,9.9300,9.9300,9.9300,9.9300,0,0,0.1151000,0.8349000,0.0000000,20.5297000,-0.1638000,11.6870000
20240129,468,P,0.9300,0.9300,0.9300,0.9300,0,0,0.1193000,-0.1736000,0.0000000,21.2112000,-0.1029000,-2.5208000
20240129,500,C,0.0250,0.0250,0.0250,0.0250,0,0,0.1093000,0.0069000,0.0000000,1.6034000,-0.0084000,0.0993000
20240129,500,P,23.6450,23.6450,23.6450,23.6450,0,0,0.2062000,-0.9016000,0.0000000,14.3374000,-0.0685000,-13.6559000
20240129,478,C,2.8550,2.8550,2.8550,2.8550,0,0,0.0993000,0.4600000,0.0000000,32.8239000,-0.1796000,6.5180000
20240129,478,P,3.8900,3.8900,3.8900,3.8900,0,0,0.1036000,-0.5379000,0.0000000,32.8399000,-0.1169000,-7.8402000
20240129,510,C,0.0150,0.0150,0.0150,0.0150,0,0,0.1386000,0.0029000,0.0000000,0.7360000,-0.0048000,0.0414000
20240129,510,P,33.6350,33.6350,33.6350,33.6350,0,0,0.2684000,-0.9203000,0.0000000,12.2504000,-0.0808000,-14.2258000
20240129,467,C,10.8050,10.8050,10.8050,10.8050,0,0,0.1166000,0.8569000,0.0000000,18.6786000,-0.1568000,11.9760000
20240129,467,P,0.8050,0.8050,0.8050,0.8050,0,0,0.1212000,-0.1520000,0.0000000,19.4566000,-0.0965000,-2.2070000
20240129,520,P,43.6350,43.6350,43.6350,43.6350,0,0,0.3275000,-0.9313000,0.0000000,10.9388000,-0.0919000,-14.6847000
20240129,477,C,3.3700,3.3700,3.3700,3.3700,0,0,0.1005000,0.5084000,0.0000000,32.9822000,-0.1855000,7.1969000
20240129,477,P,3.4000,3.4000,3.4000,3.4000,0,0,0.1046000,-0.4916000,0.0000000,32.9823000,-0.1222000,-7.1601000
20240129,466,C,11.7000,11.7000,11.7000,11.7000,0,0,0.1188000,0.8751000,0.0000000,17.0075000,-0.1508000,12.2106000
20240129,466,P,0.7050,0.7050,0.7050,0.7050,0,0,0.1237000,-0.1342000,0.0000000,17.8852000,-0.0912000,-1.9482000
20240129,530,P,53.6350,53.6350,53.6350,53.6350,0,0,0.3837000,-0.9388000,0.0000000,10.0036000,-0.1016000,-15.0932000
20240129,476,C,3.9400,3.9400,3.9400,3.9400,0,0,0.1019000,0.5554000,0.0000000,32.6698000,-0.1893000,7.8556000
20240129,476,P,2.9600,2.9600,2.9600,2.9600,0,0,0.1057000,-0.4461000,0.0000000,32.6890000,-0.1257000,-6.4945000
20240129,465,C,12.6100,12.6100,12.6100,12.6100,0,0,0.1208000,0.8916000,0.0000000,15.3832000,-0.1444000,12.4197000
20240129,465,P,0.6150,0.6150,0.6150,0.6150,0,0,0.1260000,-0.1180000,0.0000000,16.3530000,-0.0854000,-1.7132000
20240129,475,C,4.5600,4.5600,4.5600,4.5600,0,0,0.1035000,0.6005000,0.0000000,31.9359000,-0.1912000,8.4839000
20240129,475,P,2.5650,2.5650,2.5650,2.5650,0,0,0.1066000,-0.4021000,0.0000000,31.9913000,-0.1268000,-5.8495000
20240129,485,C,0.6350,0.6350,0.6350,0.6350,0,0,0.0932000,0.1572000,0.0000000,19.8912000,-0.0951000,2.2381000
20240129,485,P,8.8650,8.8650,8.8650,8.8650,0,0,0.1093000,-0.8038000,0.0000000,22.8777000,-0.0566000,-11.8072000
20240129,474,C,5.2200,5.2200,5.2200,5.2200,0,0,0.1049000,0.6432000,0.0000000,30.8395000,-0.1909000,9.0767000
20240129,474,P,2.2200,2.2200,2.2200,2.2200,0,0,0.1081000,-0.3605000,0.0000000,30.9539000,-0.1268000,-5.2432000
20240129,484,C,0.8150,0.8150,0.8150,0.8150,0,0,0.0937000,0.1911000,0.0000000,22.5215000,-0.1090000,2.7192000
20240129,484,P,8.0050,8.0050,8.0050,8.0050,0,0,0.1065000,-0.7783000,0.0000000,24.5909000,-0.0640000,-11.4143000
20240129,473,C,5.9150,5.9150,5.9150,5.9150,0,0,0.1061000,0.6836000,0.0000000,29.4289000,-0.1884000,9.6360000
20240129,473,P,1.9200,1.9200,1.9200,1.9200,0,0,0.1097000,-0.3217000,0.0000000,29.6382000,-0.1252000,-4.6764000
20240129,430,C,46.9900,46.9900,46.9900,46.9900,0,0,0.2562733,0.9906942,0.0011810,0.0206964,-0.0764958,0.1280573
20240129,430,P,0.0750,0.0750,0.0750,0.0750,0,0,0.2578000,-0.0095000,0.0000000,2.1105000,-0.0240000,-0.1387000
20240129,483,C,1.0300,1.0300,1.0300,1.0300,0,0,0.0943000,0.2291000,0.0000000,25.0558000,-0.1231000,3.2581000
20240129,483,P,7.1900,7.1900,7.1900,7.1900,0,0,0.1049000,-0.7470000,0.0000000,26.4392000,-0.0732000,-10.9414000
20240129,440,C,37.0250,37.0250,37.0250,37.0250,0,0,0.2136443,0.9859100,0.0020312,0.0296739,-0.0821513,0.1303736
20240129,440,P,0.0950,0.0950,0.0950,0.0950,0,0,0.2148000,-0.0142000,0.0000000,3.0033000,-0.0283000,-0.2078000
20240129,472,C,6.6550,6.6550,6.6550,6.6550,0,0,0.1076000,0.7206000,0.0000000,27.8066000,-0.1850000,10.1443000
20240129,472,P,1.6600,1.6600,1.6600,1.6600,0,0,0.1114000,-0.2858000,0.0000000,28.1155000,-0.1223000,-4.1539000
20240129,450,C,27.0900,27.0900,27.0900,27.0900,0,0,0.1406000,0.9919000,0.0000000,1.8170000,-0.0764000,13.4238000
20240129,450,P,0.1450,0.1450,0.1450,0.1450,0,0,0.1738000,-0.0253000,0.0000000,4.8976000,-0.0369000,-0.3688000
20240129,482,C,1.2950,1.2950,1.2950,1.2950,0,0,0.0949000,0.2705000,0.0000000,27.3697000,-0.1367000,3.8449000
20240129,482,P,6.4200,6.4200,6.4200,6.4200,0,0,0.1036000,-0.7117000,0.0000000,28.2240000,-0.0826000,-10.4114000
20240129,471,C,7.4350,7.4350,7.4350,7.4350,0,0,0.1095000,0.7537000,0.0000000,26.0656000,-0.1809000,10.5967000
20240129,471,P,1.4350,1.4350,1.4350,1.4350,0,0,0.1130000,-0.2528000,0.0000000,26.4361000,-0.1181000,-3.6729000
20240129,460,C,17.3150,17.3150,17.3150,17.3150,0,0,0.1298000,0.9484000,0.0000000,8.7340000,-0.1147000,13.0942000
20240129,460,P,0.3250,0.3250,0.3250,0.3250,0,0,0.1389000,-0.0635000,0.0000000,10.2998000,-0.0605000,-0.9216000
20240129,481,C,1.6100,1.6100,1.6100,1.6100,0,0,0.0961000,0.3159000,0.0000000,29.4121000,-0.1501000,4.4866000
20240129,481,P,5.7050,5.7050,5.7050,5.7050,0,0,0.1028000,-0.6724000,0.0000000,29.8567000,-0.0921000,-9.8252000
20240129,470,C,8.2450,8.2450,8.2450,8.2450,0,0,0.1114000,0.7837000,0.0000000,24.2431000,-0.1759000,11.0027000
20240129,470,P,1.2400,1.2400,1.2400,1.2400,0,0,0.1152000,-0.2236000,0.0000000,24.7183000,-0.1137000,-3.2485000
20240130,480,C,2.2600,2.2600,2.2600,2.2600,0,0,0.1010000,0.3769000,0.0000000,32.8048000,-0.1638000,5.8293000
20240130,480,P,5.2550,5.2550,5.2550,5.2550,0,0,0.1061000,-0.6169000,0.0000000,32.9660000,-0.1022000,-9.8338000
20240130,469,C,9.3450,9.3450,9.3450,9.3450,0,0,0.1173000,0.7946000,0.0000000,24.5622000,-0.1737000,12.1381000
20240130,469,P,1.2750,1.2750,1.2750,1.2750,0,0,0.1208000,-0.2120000,0.0000000,25.0342000,-0.1111000,-3.3625000
20240130,490,C,0.2350,0.2350,0.2350,0.2350,0,0,0.0957000,0.0642000,0.0000000,10.8527000,-0.0476000,0.9986000
20240130,490,P,13.6450,13.6450,13.6450,13.6450,0,0,0.1348000,-0.8582000,0.0000000,19.3882000,-0.0475000,-13.8887000
20240130,479,C,2.6900,2.6900,2.6900,2.6900,0,0,0.1021000,0.4218000,0.0000000,33.7937000,-0.1727000,6.5183000
20240130,479,P,4.6650,4.6650,4.6650,4.6650,0,0,0.1065000,-0.5746000,0.0000000,33.8510000,-0.1097000,-9.1530000
20240130,468,C,10.1900,10.1900,10.1900,10.1900,0,0,0.1195000,0.8176000,0.0000000,22.8459000,-0.1689000,12.4702000
20240130,468,P,1.1150,1.1150,1.1150,1.1150,0,0,0.1228000,-0.1886000,0.0000000,23.3364000,-0.1061000,-2.9911000
20240130,500,C,0.0350,0.0350,0.0350,0.0350,0,0,0.1093000,0.0094000,0.0000000,2.1964000,-0.0106000,0.1474000
20240130,500,P,23.6500,23.6500,23.6500,23.6500,0,0,0.2023000,-0.8952000,0.0000000,15.6760000,-0.0667000,-14.7978000
20240130,478,C,3.1700,3.1700,3.1700,3.1700,0,0,0.1034000,0.4669000,0.0000000,34.3379000,-0.1799000,7.2080000
20240130,478,P,4.1300,4.1300,4.1300,4.1300,0,0,0.1073000,-0.5316000,0.0000000,34.3483000,-0.1162000,-8.4609000
20240130,510,C,0.0150,0.0150,0.0150,0.0150,0,0,0.1328000,0.0029000,0.0000000,0.7836000,-0.0045000,0.0462000
20240130,510,P,33.6450,33.6450,33.6450,33.6450,0,0,0.2629000,-0.9149000,0.0000000,13.4494000,-0.0790000,-15.4340000
20240130,467,C,11.0550,11.0550,11.0550,11.0550,0,0,0.1212000,0.8392000,0.0000000,21.0785000,-0.1630000,12.7798000
20240130,467,P,0.9850,0.9850,0.9850,0.9850,0,0,0.1251000,-0.1682000,0.0000000,21.7103000,-0.1013000,-2.6668000
20240130,520,P,43.6400,43.6400,43.6400,43.6400,0,0,0.3204000,-0.9265000,0.0000000,12.0375000,-0.0901000,-15.9443000
20240130,477,C,3.7000,3.7000,3.7000,3.7000,0,0,0.1048000,0.5113000,0.0000000,34.4425000,-0.1854000,7.8866000
20240130,477,P,3.6450,3.6450,3.6450,3.6450,0,0,0.1081000,-0.4887000,0.0000000,34.4427000,-0.1208000,-7.7736000
20240130,466,C,11.9350,11.9350,11.9350,11.9350,0,0,0.1230000,0.8583000,0.0000000,19.3746000,-0.1570000,13.0504000
20240130,466,P,0.8650,0.8650,0.8650,0.8650,0,0,0.1273000,-0.1496000,0.0000000,20.1089000,-0.0961000,-2.3723000
20240130,530,P,53.6350,53.6350,53.6350,53.6350,0,0,0.3742000,-0.9349000,0.0000000,10.9641000,-0.0983000,-16.4042000
20240130,476,C,4.2700,4.2700,4.2700,4.2700,0,0,0.1062000,0.5546000,0.0000000,34.1329000,-0.1888000,8.5454000
20240130,476,P,3.2100,3.2100,3.2100,3.2100,0,0,0.1094000,-0.4467000,0.0000000,34.1490000,-0.1242000,-7.1018000
20240130,465,C,12.8300,12.8300,12.8300,12.8300,0,0,0.1252000,0.8747000,0.0000000,17.8023000,-0.1516000,13.2774000
20240130,465,P,0.7650,0.7650,0.7650,0.7650,0,0,0.1296000,-0.1332000,0.0000000,18.5872000,-0.0910000,-2.1120000
20240130,475,C,4.8850,4.8850,4.8850,4.8850,0,0,0.1074000,0.5963000,0.0000000,33.4469000,-0.1904000,9.1784000
20240130,475,P,2.8200,2.8200,2.8200,2.8200,0,0,0.1107000,-0.4062000,0.0000000,33.4997000,-0.1259000,-6.4540000
20240130,485,C,0.8050,0.8050,0.8050,0.8050,0,0,0.0965000,0.1786000,0.0000000,22.5543000,-0.1030000,2.7710000
20240130,485,P,8.9600,8.9600,8.9600,8.9600,0,0,0.1110000,-0.7874000,0.0000000,25.0651000,-0.0601000,-12.6272000
20240130,474,C,5.5300,5.5300,5.5300,5.5300,0,0,0.1087000,0.6361000,0.0000000,32.4309000,-0.1902000,9.7800000
20240130,474,P,2.4700,2.4700,2.4700,2.4700,0,0,0.1120000,-0.3675000,0.0000000,32.5385000,-0.1261000,-5.8366000
20240130,484,C,1.0150,1.0150,1.0150,1.0150,0,0,0.0974000,0.2131000,0.0000000,25.1098000,-0.1165000,3.3048000
20240130,484,P,8.1150,8.1150,8.1150,8.1150,0,0,0.1083000,-0.7622000,0.0000000,26.7145000,-0.0665000,-12.2032000
20240130,473,C,6.2250,6.2250,6.2250,6.2250,0,0,0.1101000,0.6735000,0.0000000,31.1403000,-0.1886000,10.3444000
20240130,473,P,2.1600,2.1600,2.1600,2.1600,0,0,0.1134000,-0.3309000,0.0000000,31.3164000,-0.1248000,-5.2545000
20240130,430,C,47.0750,47.0750,47.0750,47.0750,0,0,0.2585412,0.9873970,0.0014594,0.0281471,-0.0825046,0.1391545
20240130,430,P,0.0850,0.0850,0.0850,0.0850,0,0,0.2519000,-0.0106000,0.0000000,2.4388000,-0.0248000,-0.1699000
20240130,483,C,1.2600,1.2600,1.2600,1.2600,0,0,0.0982000,0.2506000,0.0000000,27.4852000,-0.1297000,3.8842000
20240130,483,P,7.3250,7.3250,7.3250,7.3250,0,0,0.1069000,-0.7311000,0.0000000,28.4952000,-0.0752000,-11.6912000
20240130,440,C,37.1200,37.1200,37.1200,37.1200,0,0,0.1640000,0.9969000,0.0000000,0.8045000,-0.0691000,14.3921000
20240130,440,P,0.1150,0.1150,0.1150,0.1150,0,0,0.2119000,-0.0165000,0.0000000,3.5657000,-0.0303000,-0.2634000
20240130,472,C,6.9700,6.9700,6.9700,6.9700,0,0,0.1123000,0.7071000,0.0000000,29.6992000,-0.1870000,10.8453000
20240130,472,P,1.8950,1.8950,1.8950,1.8950,0,0,0.1151000,-0.2971000,0.0000000,29.9002000,-0.1225000,-4.7157000
20240130,450,C,27.2000,27.2000,27.2000,27.2000,0,0,0.1513000,0.9842000,0.0000000,3.4164000,-0.0857000,14.5191000
20240130,450,P,0.1850,0.1850,0.1850,0.1850,0,0,0.1740000,-0.0305000,0.0000000,5.9593000,-0.0410000,-0.4837000
20240130,482,C,1.5500,1.5500,1.5500,1.5500,0,0,0.0991000,0.2908000,0.0000000,29.6074000,-0.1422000,4.5046000
20240130,482,P,6.5850,6.5850,6.5850,6.5850,0,0,0.1062000,-0.6959000,0.0000000,30.2108000,-0.0845000,-11.1154000
20240130,471,C,7.7300,7.7300,7.7300,7.7300,0,0,0.1138000,0.7391000,0.0000000,28.0613000,-0.1832000,11.3216000
20240130,471,P,1.6600,1.6600,1.6600,1.6600,0,0,0.1171000,-0.2664000,0.0000000,28.3667000,-0.1197000,-4.2268000
20240130,460,C,17.4900,17.4900,17.4900,17.4900,0,0,0.1359000,0.9330000,0.0000000,11.2070000,-0.1256000,14.0367000
20240130,460,P,0.4250,0.4250,0.4250,0.4250,0,0,0.1420000,-0.0755000,0.0000000,12.2976000,-0.0675000,-1.1973000
20240130,481,C,1.8800,1.8800,1.8800,1.8800,0,0,0.1000000,0.3330000,0.0000000,31.3947000,-0.1536000,5.1544000
20240130,481,P,5.8900,5.8900,5.8900,5.8900,0,0,0.1060000,-0.6576000,0.0000000,31.7303000,-0.0937000,-10.4925000
20240130,470,C,8.5250,8.5250,8.5250,8.5250,0,0,0.1154000,0.7684000,0.0000000,26.3240000,-0.1786000,11.7543000
20240130,470,P,1.4550,1.4550,1.4550,1.4550,0,0,0.1188000,-0.2378000,0.0000000,26.7171000,-0.1156000,-3.7722000
20240131,320,C,156.8300,156.8300,156.8300,156.8300,0,0,,,,,,
20240131,320,P,0.0150,0.0150,0.0150,0.0150,0,0,0.6624000,-0.0005000,0.0000000,0.1769000,-0.0044000,-0.0097000
20240131,416,C,61.1100,61.1100,61.1100,61.1100,0,0,0.3185243,0.9895538,0.0009669,0.0248892,-0.0810709,0.1461179
20240131,416,P,0.0850,0.0850,0.0850,0.0850,0,0,0.3085000,-0.0084000,0.0000000,2.0753000,-0.0240000,-0.1468000
20240131,448,C,29.3350,29.3350,29.3350,29.3350,0,0,0.1713000,0.9756000,0.0000000,5.1407000,-0.0972000,15.5076000
20240131,448,P,0.2250,0.2250,0.2250,0.2250,0,0,0.1845000,-0.0334000,0.0000000,6.6885000,-0.0451000,-0.5749000
20240131,480,C,2.7250,2.7250,2.7250,2.7250,0,0,0.1096000,0.3943000,0.0000000,34.5977000,-0.1728000,6.5930000
20240131,480,P,5.6150,5.6150,5.6150,5.6150,0,0,0.1136000,-0.6017000,0.0000000,34.6897000,-0.1091000,-10.4094000
20240131,512,C,0.0150,0.0150,0.0150,0.0150,0,0,0.1328000,0.0026000,0.0000000,0.7271000,-0.0038000,0.0440000
20240131,512,P,35.6450,35.6450,35.6450,35.6450,0,0,0.2687000,-0.9131000,0.0000000,14.2147000,-0.0784000,-16.7615000
20240131,437,C,40.2100,40.2100,40.2100,40.2100,0,0,0.1933000,0.9924000,0.0000000,1.8623000,-0.0767000,15.4061000
20240131,437,P,0.1350,0.1350,0.1350,0.1350,0,0,0.2241000,-0.0176000,0.0000000,3.9224000,-0.0325000,-0.3049000
20240131,405,C,72.0650,72.0650,72.0650,72.0650,0,0,0.3589545,0.9929073,0.0006109,0.0177226,-0.0738934,0.1427850
20240131,405,P,0.0650,0.0650,0.0650,0.0650,0,0,0.3496000,-0.0058000,0.0000000,1.4960000,-0.0197000,-0.1015000
20240131,469,C,9.7600,9.7600,9.7600,9.7600,0,0,0.1265000,0.7706000,0.0000000,27.2506000,-0.1846000,12.7276000
20240131,469,P,1.6100,1.6100,1.6100,1.6100,0,0,0.1293000,-0.2340000,0.0000000,27.5633000,-0.1207000,-4.0281000
20240131,501,C,0.0450,0.0450,0.0450,0.0450,0,0,0.1127000,0.0115000,0.0000000,2.7168000,-0.0125000,0.1945000
20240131,501,P,24.6500,24.6500,24.6500,24.6500,0,0,0.2045000,-0.8923000,0.0000000,16.6464000,-0.0655000,-16.0166000
20240131,330,C,146.8550,146.8550,146.8550,146.8550,0,0,,,,,,
20240131,330,P,0.0150,0.0150,0.0150,0.0150,0,0,0.6187000,-0.0006000,0.0000000,0.2024000,-0.0047000,-0.0113000
20240131,426,C,51.1500,51.1500,51.1500,51.1500,0,0,0.1953000,0.9990000,0.0000000,0.2937000,-0.0639000,15.1273000
20240131,426,P,0.1050,0.1050,0.1050,0.1050,0,0,0.2685000,-0.0117000,0.0000000,2.7493000,-0.0275000,-0.2022000
20240131,458,C,19.6250,19.6250,19.6250,19.6250,0,0,0.1486000,0.9306000,0.0000000,11.9831000,-0.1301000,15.0902000
20240131,458,P,0.4950,0.4950,0.4950,0.4950,0,0,0.1547000,-0.0773000,0.0000000,13.0220000,-0.0720000,-1.3289000
20240131,490,C,0.3750,0.3750,0.3750,0.3750,0,0,0.1024000,0.0876000,0.0000000,14.3152000,-0.0624000,1.4741000
20240131,490,P,13.6450,13.6450,13.6450,13.6450,0,0,0.1325000,-0.8512000,0.0000000,20.8394000,-0.0452000,-14.9284000
20240131,522,P,45.6400,45.6400,45.6400,45.6400,0,0,0.3242000,-0.9242000,0.0000000,12.8179000,-0.0891000,-17.3064000
20240131,415,C,62.1050,62.1050,62.1050,62.1050,0,0,0.3220349,0.9899640,0.0009235,0.0240345,-0.0802498,0.1458331
20240131,415,P,0.0850,0.0850,0.0850,0.0850,0,0,0.3134000,-0.0083000,0.0000000,2.0535000,-0.0241000,-0.1451000
20240131,447,C,30.3250,30.3250,30.3250,30.3250,0,0,0.1748000,0.9772000,0.0000000,4.8449000,-0.0958000,15.5005000
20240131,447,P,0.2150,0.2150,0.2150,0.2150,0,0,0.1882000,-0.0314000,0.0000000,6.3522000,-0.0437000,-0.5401000
20240131,479,C,3.1750,3.1750,3.1750,3.1750,0,0,0.1109000,0.4344000,0.0000000,35.3777000,-0.1806000,7.2571000
20240131,479,P,5.0500,5.0500,5.0500,5.0500,0,0,0.1145000,-0.5633000,0.0000000,35.4108000,-0.1161000,-9.7368000
20240131,340,C,136.8800,136.8800,136.8800,136.8800,0,0,,,,,,
20240131,340,P,0.0150,0.0150,0.0150,0.0150,0,0,0.5749000,-0.0007000,0.0000000,0.2292000,-0.0050000,-0.0129000
20240131,436,C,41.2000,41.2000,41.2000,41.2000,0,0,0.1933000,0.9937000,0.0000000,1.5954000,-0.0747000,15.3913000
20240131,436,P,0.1350,0.1350,0.1350,0.1350,0,0,0.2290000,-0.0173000,0.0000000,3.8482000,-0.0326000,-0.2982000
20240131,500,C,0.0550,0.0550,0.0550,0.0550,0,0,0.1123000,0.0143000,0.0000000,3.2785000,-0.0151000,0.2417000
20240131,500,P,23.6500,23.6500,23.6500,23.6500,0,0,0.1983000,-0.8898000,0.0000000,16.9214000,-0.0639000,-15.9389000
20240131,468,C,10.5850,10.5850,10.5850,10.5850,0,0,0.1283000,0.7937000,0.0000000,25.6370000,-0.1800000,13.0888000
20240131,468,P,1.4350,1.4350,1.4350,1.4350,0,0,0.1312000,-0.2112000,0.0000000,26.0007000,-0.1163000,-3.6354000
20240131,425,C,52.1450,52.1450,52.1450,52.1450,0,0,0.2814271,0.9862361,0.0013900,0.0316141,-0.0857092,0.1487480
20240131,425,P,0.1050,0.1050,0.1050,0.1050,0,0,0.2734000,-0.0115000,0.0000000,2.7122000,-0.0277000,-0.1991000
20240131,457,C,20.5800,20.5800,20.5800,20.5800,0,0,0.1514000,0.9370000,0.0000000,11.1220000,-0.1267000,15.1640000
20240131,457,P,0.4550,0.4550,0.4550,0.4550,0,0,0.1577000,-0.0706000,0.0000000,12.1561000,-0.0687000,-1.2145000
20240131,489,C,0.4750,0.4750,0.4750,0.4750,0,0,0.1029000,0.1068000,0.0000000,16.5517000,-0.0728000,1.7956000
20240131,489,P,12.6900,12.6900,12.6900,12.6900,0,0,0.1278000,-0.8405000,0.0000000,21.8276000,-0.0472000,-14.7115000
20240131,350,C,126.9050,126.9050,126.9050,126.9050,0,0,0.4944844,0.9996192,0.0000311,0.0012410,-0.0454189,0.1243917
20240131,350,P,0.0250,0.0250,0.0250,0.0250,0,0,0.5562000,-0.0013000,0.0000000,0.3908000,-0.0082000,-0.0231000
20240131,414,C,63.0950,63.0950,63.0950,63.0950,0,0,0.3232872,0.9907579,0.0008560,0.0223645,-0.0782135,0.1456152
20240131,414,P,0.0850,0.0850,0.0850,0.0850,0,0,0.3183000,-0.0082000,0.0000000,2.0320000,-0.0242000,-0.1434000
20240131,446,C,31.3100,31.3100,31.3100,31.3100,0,0,0.1782000,0.9788000,0.0000000,4.5712000,-0.0946000,15.4908000
20240131,446,P,0.2050,0.2050,0.2050,0.2050,0,0,0.1918000,-0.0295000,0.0000000,6.0385000,-0.0424000,-0.5082000
20240131,510,C,0.0150,0.0150,0.0150,0.0150,0,0,0.1269000,0.0028000,0.0000000,0.7976000,-0.0040000,0.0488000
20240131,510,P,33.6450,33.6450,33.6450,33.6450,0,0,0.2574000,-0.9102000,0.0000000,14.5720000,-0.0763000,-16.6404000
20240131,478,C,3.6650,3.6650,3.6650,3.6650,0,0,0.1121000,0.4743000,0.0000000,35.7891000,-0.1867000,7.9168000
20240131,478,P,4.5300,4.5300,4.5300,4.5300,0,0,0.1153000,-0.5247000,0.0000000,35.7945000,-0.1217000,-9.0637000
20240131,435,C,42.1950,42.1950,42.1950,42.1950,0,0,0.1923000,0.9949000,0.0000000,1.3170000,-0.0725000,15.3767000
20240131,435,P,0.1350,0.1350,0.1350,0.1350,0,0,0.2338000,-0.0169000,0.0000000,3.7769000,-0.0327000,-0.2918000
20240131,467,C,11.4300,11.4300,11.4300,11.4300,0,0,0.1304000,0.8141000,0.0000000,24.0662000,-0.1755000,13.4050000
20240131,467,P,1.2850,1.2850,1.2850,1.2850,0,0,0.1335000,-0.1912000,0.0000000,24.4917000,-0.1123000,-3.2899000
20240131,499,C,0.0550,0.0550,0.0550,0.0550,0,0,0.1079000,0.0146000,0.0000000,3.3391000,-0.0148000,0.2470000
20240131,499,P,22.6500,22.6500,22.6500,22.6500,0,0,0.1921000,-0.8871000,0.0000000,17.2189000,-0.0624000,-15.8572000
20240131,360,C,116.9350,116.9350,116.9350,116.9350,0,0,0.5071013,0.9986081,0.0001000,0.0040973,-0.0522198,0.1277711
20240131,360,P,0.0250,0.0250,0.0250,0.0250,0,0,0.5124000,-0.0015000,0.0000000,0.4446000,-0.0086000,-0.0265000
20240131,424,C,53.1400,53.1400,53.1400,53.1400,0,0,0.2853007,0.9867398,0.0013278,0.0306129,-0.0849884,0.1484791
20240131,424,P,0.0950,0.0950,0.0950,0.0950,0,0,0.2744000,-0.0104000,0.0000000,2.4885000,-0.0255000,-0.1803000
20240131,456,C,21.5400,21.5400,21.5400,21.5400,0,0,0.1538000,0.9432000,0.0000000,10.2440000,-0.1228000,15.2363000
20240131,456,P,0.4150,0.4150,0.4150,0.4150,0,0,0.1604000,-0.0643000,0.0000000,11.3103000,-0.0652000,-1.1063000
20240131,520,P,43.6400,43.6400,43.6400,43.6400,0,0,0.3133000,-0.9223000,0.0000000,13.0598000,-0.0871000,-17.2032000
20240131,488,C,0.5950,0.5950,0.5950,0.5950,0,0,0.1032000,0.1283000,0.0000000,18.8531000,-0.0836000,2.1571000
20240131,488,P,11.7550,11.7550,11.7550,11.7550,0,0,0.1233000,-0.8279000,0.0000000,22.9266000,-0.0496000,-14.4645000
20240131,413,C,64.1000,64.1000,64.1000,64.1000,0,0,0.3310601,0.9903741,0.0008662,0.0231746,-0.0797672,0.1451921
20240131,413,P,0.0750,0.0750,0.0750,0.0750,0,0,0.3173000,-0.0072000,0.0000000,1.8111000,-0.0215000,-0.1257000
20240131,445,C,32.2950,32.2950,32.2950,32.2950,0,0,0.1791000,0.9814000,0.0000000,4.0780000,-0.0914000,15.5011000
20240131,445,P,0.1950,0.1950,0.1950,0.1950,0,0,0.1955000,-0.0278000,0.0000000,5.7457000,-0.0412000,-0.4788000
20240131,477,C,4.2000,4.2000,4.2000,4.2000,0,0,0.1137000,0.5136000,0.0000000,35.8423000,-0.1918000,8.5654000
20240131,477,P,4.0550,4.0550,4.0550,4.0550,0,0,0.1162000,-0.4864000,0.0000000,35.8426000,-0.1259000,-8.3965000
20240131,370,C,106.9600,106.9600,106.9600,106.9600,0,0,0.4786657,0.9978783,0.0001555,0.0060134,-0.0564863,0.1312000
20240131,370,P,0.0350,0.0350,0.0350,0.0350,0,0,0.4843000,-0.0023000,0.0000000,0.6539000,-0.0120000,-0.0405000
20240131,434,C,43.1900,43.1900,43.1900,43.1900,0,0,0.1982000,0.9947000,0.0000000,1.3629000,-0.0730000,15.3377000
20240131,434,P,0.1250,0.1250,0.1250,0.1250,0,0,0.2363000,-0.0157000,0.0000000,3.5413000,-0.0310000,-0.2707000
20240131,466,C,12.2900,12.2900,12.2900,12.2900,0,0,0.1324000,0.8330000,0.0000000,22.4880000,-0.1704000,13.6948000
20240131,466,P,1.1450,1.1450,1.1450,1.1450,0,0,0.1354000,-0.1723000,0.0000000,22.9480000,-0.1074000,-2.9643000
20240131,498,C,0.0750,0.0750,0.0750,0.0750,0,0,0.1088000,0.0196000,0.0000000,4.2824000,-0.0192000,0.3303000
20240131,498,P,21.6500,21.6500,21.6500,21.6500,0,0,0.1859000,-0.8841000,0.0000000,17.5414000,-0.0610000,-15.7710000
20240131,530,P,53.6350,53.6350,53.6350,53.6350,0,0,0.3657000,-0.9311000,0.0000000,11.9127000,-0.0952000,-17.7081000
20240131,423,C,54.1350,54.1350,54.1350,54.1350,0,0,0.2891255,0.9872305,0.0012682,0.0296311,-0.0842532,0.1482080
20240131,423,P,0.0950,0.0950,0.0950,0.0950,0,0,0.2792000,-0.0102000,0.0000000,2.4580000,-0.0256000,-0.1778000
20240131,455,C,22.5000,22.5000,22.5000,22.5000,0,0,0.1557000,0.9493000,0.0000000,9.3725000,-0.1186000,15.3042000
20240131,455,P,0.3850,0.3850,0.3850,0.3850,0,0,0.1636000,-0.0593000,0.0000000,10.6168000,-0.0626000,-1.0203000
20240131,487,C,0.7450,0.7450,0.7450,0.7450,0,0,0.1039000,0.1533000,0.0000000,21.2731000,-0.0955000,2.5758000
20240131,487,P,10.8450,10.8450,10.8450,10.8450,0,0,0.1197000,-0.8117000,0.0000000,24.2568000,-0.0538000,-14.1577000
20240131,380,C,96.9900,96.9900,96.9900,96.9900,0,0,0.4506401,0.9967189,0.0002448,0.0089153,-0.0620288,0.1345543
20240131,380,P,0.0450,0.0450,0.0450,0.0450,0,0,0.4492000,-0.0031000,0.0000000,0.8634000,-0.0146000,-0.0551000
20240131,412,C,65.0950,65.0950,65.0950,65.0950,0,0,0.3344551,0.9907611,0.0008272,0.0223575,-0.0789188,0.1449034
20240131,412,P,0.0750,0.0750,0.0750,0.0750,0,0,0.3222000,-0.0071000,0.0000000,1.7946000,-0.0217000,-0.1245000
20240131,444,C,33.2850,33.2850,33.2850,33.2850,0,0,0.1816000,0.9831000,0.0000000,3.7641000,-0.0895000,15.4941000
20240131,444,P,0.1850,0.1850,0.1850,0.1850,0,0,0.1989000,-0.0261000,0.0000000,5.4472000,-0.0398000,-0.4492000
20240131,476,C,4.7700,4.7700,4.7700,4.7700,0,0,0.1150000,0.5520000,0.0000000,35.5577000,-0.1949000,9.1959000
20240131,476,P,3.6200,3.6200,3.6200,3.6200,0,0,0.1175000,-0.4488000,0.0000000,35.5684000,-0.1291000,-7.7441000
20240131,508,C,0.0150,0.0150,0.0150,0.0150,0,0,0.1210000,0.0032000,0.0000000,0.8835000,-0.0043000,0.0547000
20240131,508,P,31.6450,31.6450,31.6450,31.6450,0,0,0.2458000,-0.9070000,0.0000000,14.9484000,-0.0738000,-16.5159000
20240131,540,P,63.6300,63.6300,63.6300,63.6300,0,0,0.4167000,-0.9371000,0.0000000,11.1001000,-0.1037000,-18.1660000
20240131,433,C,44.1850,44.1850,44.1850,44.1850,0,0,0.1953000,0.9960000,0.0000000,1.0490000,-0.0704000,15.3252000
20240131,433,P,0.1250,0.1250,0.1250,0.1250,0,0,0.2412000,-0.0153000,0.0000000,3.4806000,-0.0312000,-0.2654000
20240131,465,C,13.1650,13.1650,13.1650,13.1650,0,0,0.1340000,0.8508000,0.0000000,20.8838000,-0.1647000,13.9658000
20240131,465,P,1.0250,1.0250,1.0250,1.0250,0,0,0.1378000,-0.1557000,0.0000000,21.4891000,-0.1029000,-2.6786000
20240131,497,C,0.0850,0.0850,0.0850,0.0850,0,0,0.1066000,0.0224000,0.0000000,4.8081000,-0.0212000,0.3788000
20240131,497,P,20.6450,20.6450,20.6450,20.6450,0,0,0.1789000,-0.8818000,0.0000000,17.7868000,-0.0583000,-15.6961000
20240131,390,C,87.0200,87.0200,87.0200,87.0200,0,0,0.4165279,0.9953896,0.0003592,0.0120917,-0.0670989,0.1378797
20240131,390,P,0.0550,0.0550,0.0550,0.0550,0,0,0.4121000,-0.0042000,0.0000000,1.1154000,-0.0173000,-0.0732000
20240131,422,C,55.1300,55.1300,55.1300,55.1300,0,0,0.2928996,0.9877087,0.0012111,0.0286678,-0.0835035,0.1479347
20240131,422,P,0.0950,0.0950,0.0950,0.0950,0,0,0.2841000,-0.0101000,0.0000000,2.4282000,-0.0258000,-0.1754000
20240131,454,C,23.4700,23.4700,23.4700,23.4700,0,0,0.1582000,0.9542000,0.0000000,8.6411000,-0.1152000,15.3527000
20240131,454,P,0.3550,0.3550,0.3550,0.3550,0,0,0.1667000,-0.0545000,0.0000000,9.9357000,-0.0598000,-0.9379000
20240131,486,C,0.9150,0.9150,0.9150,0.9150,0,0,0.1043000,0.1803000,0.0000000,23.6192000,-0.1071000,3.0276000
20240131,486,P,9.9700,9.9700,9.9700,9.9700,0,0,0.1171000,-0.7913000,0.0000000,25.8078000,-0.0600000,-13.7812000
20240131,518,P,41.6400,41.6400,41.6400,41.6400,0,0,0.3023000,-0.9203000,0.0000000,13.3168000,-0.0850000,-17.0977000
20240131,411,C,66.0850,66.0850,66.0850,66.0850,0,0,0.3354159,0.9915235,0.0007648,0.0207321,-0.0768273,0.1446801
20240131,411,P,0.0750,0.0750,0.0750,0.0750,0,0,0.3271000,-0.0071000,0.0000000,1.7782000,-0.0218000,-0.1232000
20240131,443,C,34.2750,34.2750,34.2750,34.2750,0,0,0.1845000,0.9844000,0.0000000,3.5183000,-0.0882000,15.4805000
20240131,443,P,0.1750,0.1750,0.1750,0.1750,0,0,0.2021000,-0.0243000,0.0000000,5.1446000,-0.0382000,-0.4196000
20240131,475,C,5.3800,5.3800,5.3800,5.3800,0,0,0.1164000,0.5890000,0.0000000,34.9653000,-0.1966000,9.8026000
20240131,475,P,3.2350,3.2350,3.2350,3.2350,0,0,0.1189000,-0.4125000,0.0000000,34.9986000,-0.1310000,-7.1144000
20240131,432,C,45.1800,45.1800,45.1800,45.1800,0,0,0.2011000,0.9958000,0.0000000,1.0928000,-0.0708000,15.2865000
20240131,432,P,0.1150,0.1150,0.1150,0.1150,0,0,0.2431000,-0.0141000,0.0000000,3.2365000,-0.0292000,-0.2438000
20240131,400,C,77.0550,77.0550,77.0550,77.0550,0,0,0.3819054,0.9934622,0.0005344,0.0164920,-0.0730675,0.1411019
20240131,400,P,0.0650,0.0650,0.0650,0.0650,0,0,0.3730000,-0.0054000,0.0000000,1.4136000,-0.0198000,-0.0953000
20240131,464,C,14.0600,14.0600,14.0600,14.0600,0,0,0.1364000,0.8655000,0.0000000,19.4681000,-0.1601000,14.1830000
20240131,464,P,0.9150,0.9150,0.9150,0.9150,0,0,0.1398000,-0.1402000,0.0000000,20.0370000,-0.0979000,-2.4125000
20240131,496,C,0.1050,0.1050,0.1050,0.1050,0,0,0.1059000,0.0275000,0.0000000,5.6996000,-0.0251000,0.4639000
20240131,496,P,19.6500,19.6500,19.6500,19.6500,0,0,0.1730000,-0.8777000,0.0000000,18.2189000,-0.0576000,-15.5914000
20240131,421,C,56.1300,56.1300,56.1300,56.1300,0,0,0.2983986,0.9877639,0.0011842,0.0285564,-0.0838619,0.1475879
20240131,421,P,0.0950,0.0950,0.0950,0.0950,0,0,0.2890000,-0.0100000,0.0000000,2.3990000,-0.0259000,-0.1731000
20240131,453,C,24.4400,24.4400,24.4400,24.4400,0,0,0.1604000,0.9588000,0.0000000,7.9301000,-0.1118000,15.3966000
20240131,453,P,0.3250,0.3250,0.3250,0.3250,0,0,0.1694000,-0.0498000,0.0000000,9.2494000,-0.0567000,-0.8571000
20240131,485,C,1.1200,1.1200,1.1200,1.1200,0,0,0.1051000,0.2111000,0.0000000,25.9882000,-0.1195000,3.5416000
20240131,485,P,9.1350,9.1350,9.1350,9.1350,0,0,0.1151000,-0.7677000,0.0000000,27.4461000,-0.0669000,-13.3503000
20240131,410,C,67.0900,67.0900,67.0900,67.0900,0,0,0.3433992,0.9911371,0.0007769,0.0215588,-0.0784091,0.1442566
20240131,410,P,0.0750,0.0750,0.0750,0.0750,0,0,0.3320000,-0.0070000,0.0000000,1.7619000,-0.0220000,-0.1220000
20240131,442,C,35.2650,35.2650,35.2650,35.2650,0,0,0.1870000,0.9857000,0.0000000,3.2510000,-0.0865000,15.4684000
20240131,442,P,0.1650,0.1650,0.1650,0.1650,0,0,0.2055000,-0.0229000,0.0000000,4.8848000,-0.0370000,-0.3946000
20240131,474,C,6.0300,6.0300,6.0300,6.0300,0,0,0.1179000,0.6244000,0.0000000,34.1034000,-0.1971000,10.3796000
20240131,474,P,2.8800,2.8800,2.8800,2.8800,0,0,0.1204000,-0.3778000,0.0000000,34.1690000,-0.1317000,-6.5130000
20240131,506,C,0.0250,0.0250,0.0250,0.0250,0,0,0.1220000,0.0057000,0.0000000,1.4671000,-0.0072000,0.0964000
20240131,506,P,29.6500,29.6500,29.6500,29.6500,0,0,0.2347000,-0.9029000,0.0000000,15.4321000,-0.0724000,-16.3754000
20240131,335,C,141.8650,141.8650,141.8650,141.8650,0,0,,,,,,
20240131,335,P,0.0150,0.0150,0.0150,0.0150,0,0,0.5937000,-0.0006000,0.0000000,0.2047000,-0.0046000,-0.0114000
20240131,431,C,46.1700,46.1700,46.1700,46.1700,0,0,0.1972000,0.9970000,0.0000000,0.8037000,-0.0684000,15.2715000
20240131,431,P,0.1150,0.1150,0.1150,0.1150,0,0,0.2480000,-0.0138000,0.0000000,3.1854000,-0.0294000,-0.2395000
20240131,463,C,14.9600,14.9600,14.9600,14.9600,0,0,0.1383000,0.8797000,0.0000000,18.0089000,-0.1545000,14.3926000
20240131,463,P,0.8250,0.8250,0.8250,0.8250,0,0,0.1424000,-0.1270000,0.0000000,18.7191000,-0.0936000,-2.1851000
20240131,495,C,0.1250,0.1250,0.1250,0.1250,0,0,0.1044000,0.0326000,0.0000000,6.5650000,-0.0286000,0.5501000
20240131,495,P,18.6500,18.6500,18.6500,18.6500,0,0,0.1666000,-0.8741000,0.0000000,18.5961000,-0.0558000,-15.4941000
20240131,420,C,57.1250,57.1250,57.1250,57.1250,0,0,0.3021268,0.9882215,0.0011315,0.0276278,-0.0830966,0.1473112
20240131,420,P,0.0950,0.0950,0.0950,0.0950,0,0,0.2939000,-0.0098000,0.0000000,2.3704000,-0.0261000,-0.1707000
20240131,452,C,25.4150,25.4150,25.4150,25.4150,0,0,0.1623000,0.9631000,0.0000000,7.2406000,-0.1082000,15.4358000
20240131,452,P,0.2950,0.2950,0.2950,0.2950,0,0,0.1716000,-0.0451000,0.0000000,8.5431000,-0.0532000,-0.7762000
20240131,484,C,1.3600,1.3600,1.3600,1.3600,0,0,0.1058000,0.2438000,0.0000000,28.1874000,-0.1314000,4.0882000
20240131,484,P,8.3400,8.3400,8.3400,8.3400,0,0,0.1140000,-0.7398000,0.0000000,29.1702000,-0.0754000,-12.8483000
20240131,516,C,0.0150,0.0150,0.0150,0.0150,0,0,0.1464000,0.0024000,0.0000000,0.6905000,-0.0040000,0.0415000
20240131,516,P,39.6400,39.6400,39.6400,39.6400,0,0,0.2913000,-0.9181000,0.0000000,13.6025000,-0.0830000,-16.9880000
20240131,345,C,131.8950,131.8950,131.8950,131.8950,0,0,0.4951424,0.9997810,0.0000185,0.0007416,-0.0438652,0.1226419
20240131,345,P,0.0150,0.0150,0.0150,0.0150,0,0,0.5500000,-0.0007000,0.0000000,0.2299000,-0.0048000,-0.0129000
20240131,409,C,68.0850,68.0850,68.0850,68.0850,0,0,0.3466690,0.9915037,0.0007415,0.0207746,-0.0775336,0.1439645
20240131,409,P,0.0750,0.0750,0.0750,0.0750,0,0,0.3369000,-0.0069000,0.0000000,1.7458000,-0.0221000,-0.1208000
20240131,441,C,36.2400,36.2400,36.2400,36.2400,0,0,0.1855000,0.9884000,0.0000000,2.7090000,-0.0825000,15.4794000
20240131,441,P,0.1650,0.1650,0.1650,0.1650,0,0,0.2104000,-0.0223000,0.0000000,4.7725000,-0.0370000,-0.3840000
20240131,505,C,0.0250,0.0250,0.0250,0.0250,0,0,0.1181000,0.0058000,0.0000000,1.4834000,-0.0071000,0.0977000
20240131,505,P,28.6500,28.6500,28.6500,28.6500,0,0,0.2287000,-0.9011000,0.0000000,15.6476000,-0.0710000,-16.3083000
20240131,473,C,6.7150,6.7150,6.7150,6.7150,0,0,0.1193000,0.6581000,0.0000000,33.0058000,-0.1961000,10.9274000
20240131,473,P,2.5650,2.5650,2.5650,2.5650,0,0,0.1219000,-0.3447000,0.0000000,33.1137000,-0.1310000,-5.9407000
20240131,430,C,47.1650,47.1650,47.1650,47.1650,0,0,0.1875000,0.9984000,0.0000000,0.4442000,-0.0655000,15.2600000
20240131,430,P,0.1150,0.1150,0.1150,0.1150,0,0,0.2529000,-0.0136000,0.0000000,3.1360000,-0.0295000,-0.2352000
20240131,462,C,15.8750,15.8750,15.8750,15.8750,0,0,0.1401000,0.8926000,0.0000000,16.6145000,-0.1490000,14.5783000
20240131,462,P,0.7450,0.7450,0.7450,0.7450,0,0,0.1450000,-0.1151000,0.0000000,17.4639000,-0.0893000,-1.9797000
20240131,494,C,0.1550,0.1550,0.1550,0.1550,0,0,0.1040000,0.0401000,0.0000000,7.7761000,-0.0338000,0.6764000
20240131,494,P,17.6500,17.6500,17.6500,17.6500,0,0,0.1600000,-0.8701000,0.0000000,19.0004000,-0.0541000,-15.3914000
20240131,526,P,49.6400,49.6400,49.6400,49.6400,0,0,0.3455000,-0.9277000,0.0000000,12.3722000,-0.0929000,-17.5071000
20240131,355,C,121.9200,121.9200,121.9200,121.9200,0,0,0.5091850,0.9991090,0.0000662,0.0027225,-0.0489750,0.1260806
20240131,355,P,0.0250,0.0250,0.0250,0.0250,0,0,0.5343000,-0.0014000,0.0000000,0.4172000,-0.0084000,-0.0247000
20240131,419,C,58.1150,58.1150,58.1150,58.1150,0,0,0.3039000,0.9890750,0.0010538,0.0258797,-0.0811698,0.1471034
20240131,419,P,0.0850,0.0850,0.0850,0.0850,0,0,0.2939000,-0.0088000,0.0000000,2.1425000,-0.0236000,-0.1521000
20240131,451,C,26.3950,26.3950,26.3950,26.3950,0,0,0.1650000,0.9664000,0.0000000,6.7044000,-0.1056000,15.4568000
20240131,451,P,0.2750,0.2750,0.2750,0.2750,0,0,0.1748000,-0.0417000,0.0000000,8.0189000,-0.0509000,-0.7177000
20240131,515,C,0.0150,0.0150,0.0150,0.0150,0,0,0.1445000,0.0027000,0.0000000,0.7567000,-0.0043000,0.0460000
20240131,515,P,38.6400,38.6400,38.6400,38.6400,0,0,0.2857000,-0.9169000,0.0000000,13.7456000,-0.0819000,-16.9329000
20240131,483,C,1.6400,1.6400,1.6400,1.6400,0,0,0.1067000,0.2791000,0.0000000,30.2187000,-0.1431000,4.6781000
20240131,483,P,7.5900,7.5900,7.5900,7.5900,0,0,0.1133000,-0.7088000,0.0000000,30.8293000,-0.0841000,-12.2961000
20240131,525,P,48.6400,48.6400,48.6400,48.6400,0,0,0.3403000,-0.9268000,0.0000000,12.4831000,-0.0920000,-17.4571000
20240131,408,C,69.0750,69.0750,69.0750,69.0750,0,0,0.3473116,0.9922381,0.0006836,0.0191882,-0.0753867,0.1437364
20240131,408,P,0.0750,0.0750,0.0750,0.0750,0,0,0.3417000,-0.0069000,0.0000000,1.7298000,-0.0222000,-0.1195000
20240131,440,C,37.2300,37.2300,37.2300,37.2300,0,0,0.1870000,0.9898000,0.0000000,2.4330000,-0.0806000,15.4668000
20240131,440,P,0.1550,0.1550,0.1550,0.1550,0,0,0.2133000,-0.0207000,0.0000000,4.4974000,-0.0354000,-0.3579000
20240131,472,C,7.4350,7.4350,7.4350,7.4350,0,0,0.1210000,0.6895000,0.0000000,31.7330000,-0.1945000,11.4346000
20240131,472,P,2.2850,2.2850,2.2850,2.2850,0,0,0.1236000,-0.3138000,0.0000000,31.8854000,-0.1295000,-5.4061000
20240131,504,C,0.0250,0.0250,0.0250,0.0250,0,0,0.1152000,0.0062000,0.0000000,1.5851000,-0.0074000,0.1053000
20240131,504,P,27.6500,27.6500,27.6500,27.6500,0,0,0.2227000,-0.8991000,0.0000000,15.8785000,-0.0697000,-16.2387000
20240131,365,C,111.9500,111.9500,111.9500,111.9500,0,0,0.4985661,0.9980959,0.0001353,0.0054509,-0.0552654,0.1294597
20240131,365,P,0.0350,0.0350,0.0350,0.0350,0,0,0.5062000,-0.0021000,0.0000000,0.6105000,-0.0117000,-0.0376000
20240131,429,C,48.1650,48.1650,48.1650,48.1650,0,0,0.1953000,0.9981000,0.0000000,0.5204000,-0.0660000,15.2195000
20240131,429,P,0.1150,0.1150,0.1150,0.1150,0,0,0.2578000,-0.0133000,0.0000000,3.0881000,-0.0296000,-0.2311000
20240131,461,C,16.8050,16.8050,16.8050,16.8050,0,0,0.1425000,0.9032000,0.0000000,15.4002000,-0.1445000,14.7256000
20240131,461,P,0.6650,0.6650,0.6650,0.6650,0,0,0.1469000,-0.1034000,0.0000000,16.1698000,-0.0841000,-1.7783000
20240131,493,C,0.1950,0.1950,0.1950,0.1950,0,0,0.1035000,0.0491000,0.0000000,9.1458000,-0.0397000,0.8271000
20240131,493,P,16.6500,16.6500,16.6500,16.6500,0,0,0.1534000,-0.8659000,0.0000000,19.4259000,-0.0522000,-15.2839000
20240131,535,P,58.6300,58.6300,58.6300,58.6300,0,0,0.3913000,-0.9344000,0.0000000,11.4715000,-0.0993000,-17.9417000
20240131,418,C,59.1200,59.1200,59.1200,59.1200,0,0,0.3113272,0.9887056,0.0010588,0.0266391,-0.0826728,0.1466827
20240131,418,P,0.0850,0.0850,0.0850,0.0850,0,0,0.2988000,-0.0086000,0.0000000,2.1197000,-0.0237000,-0.1503000
20240131,450,C,27.3750,27.3750,27.3750,27.3750,0,0,0.1674000,0.9696000,0.0000000,6.1795000,-0.1030000,15.4754000
20240131,450,P,0.2550,0.2550,0.2550,0.2550,0,0,0.1777000,-0.0384000,0.0000000,7.5005000,-0.0485000,-0.6611000
20240131,482,C,1.9600,1.9600,1.9600,1.9600,0,0,0.1076000,0.3162000,0.0000000,31.9901000,-0.1541000,5.2962000
20240131,482,P,6.8850,6.8850,6.8850,6.8850,0,0,0.1129000,-0.6753000,0.0000000,32.3419000,-0.0927000,-11.7021000
20240131,514,C,0.0150,0.0150,0.0150,0.0150,0,0,0.1406000,0.0026000,0.0000000,0.7469000,-0.0042000,0.0453000
20240131,514,P,37.6400,37.6400,37.6400,37.6400,0,0,0.2801000,-0.9157000,0.0000000,13.8970000,-0.0808000,-16.8766000
20240131,375,C,101.9750,101.9750,101.9750,101.9750,0,0,0.4656697,0.9973158,0.0001977,0.0074396,-0.0593216,0.1328801
20240131,375,P,0.0350,0.0350,0.0350,0.0350,0,0,0.4609000,-0.0024000,0.0000000,0.6821000,-0.0119000,-0.0424000
20240131,439,C,38.2200,38.2200,38.2200,38.2200,0,0,0.1879000,0.9911000,0.0000000,2.1523000,-0.0786000,15.4541000
20240131,439,P,0.1450,0.1450,0.1450,0.1450,0,0,0.2163000,-0.0193000,0.0000000,4.2403000,-0.0339000,-0.3340000
20240131,407,C,70.0800,70.0800,70.0800,70.0800,0,0,0.3555273,0.9918495,0.0006972,0.0200303,-0.0769978,0.1433126
20240131,407,P,0.0750,0.0750,0.0750,0.0750,0,0,0.3457000,-0.0067000,0.0000000,1.6855000,-0.0219000,-0.1161000
20240131,471,C,8.1800,8.1800,8.1800,8.1800,0,0,0.1228000,0.7188000,0.0000000,30.3224000,-0.1919000,11.9039000
20240131,471,P,2.0300,2.0300,2.0300,2.0300,0,0,0.1254000,-0.2851000,0.0000000,30.5253000,-0.1272000,-4.9092000
20240131,545,P,68.6300,68.6300,68.6300,68.6300,0,0,0.4414000,-0.9396000,0.0000000,10.7538000,-0.1074000,-18.3864000
20240131,428,C,49.1600,49.1600,49.1600,49.1600,0,0,0.2031000,0.9978000,0.0000000,0.6005000,-0.0666000,15.1786000
20240131,428,P,0.1050,0.1050,0.1050,0.1050,0,0,0.2592000,-0.0122000,0.0000000,2.8531000,-0.0275000,-0.2109000
20240131,460,C,17.7350,17.7350,17.7350,17.7350,0,0,0.1444000,0.9136000,0.0000000,14.1505000,-0.1393000,14.8696000
20240131,460,P,0.6050,0.6050,0.6050,0.6050,0,0,0.1497000,-0.0941000,0.0000000,15.0886000,-0.0803000,-1.6179000
20240131,492,C,0.2450,0.2450,0.2450,0.2450,0,0,0.1032000,0.0602000,0.0000000,10.7398000,-0.0467000,1.0131000
20240131,492,P,15.6550,15.6550,15.6550,15.6550,0,0,0.1467000,-0.8612000,0.0000000,19.8863000,-0.0502000,-15.1690000
20240131,524,P,47.6400,47.6400,47.6400,47.6400,0,0,0.3349000,-0.9260000,0.0000000,12.5893000,-0.0910000,-17.4076000
20240131,385,C,92.0050,92.0050,92.0050,92.0050,0,0,0.4341431,0.9960797,0.0002981,0.0104598,-0.0646192,0.1362213
20240131,385,P,0.0450,0.0450,0.0450,0.0450,0,0,0.4257000,-0.0033000,0.0000000,0.9042000,-0.0145000,-0.0579000
20240131,417,C,60.1150,60.1150,60.1150,60.1150,0,0,0.3149546,0.9891343,0.0010120,0.0257574,-0.0818788,0.1464011
20240131,417,P,0.0850,0.0850,0.0850,0.0850,0,0,0.3037000,-0.0085000,0.0000000,2.0973000,-0.0238000,-0.1485000
20240131,449,C,28.3550,28.3550,28.3550,28.3550,0,0,0.1696000,0.9726000,0.0000000,5.6671000,-0.1002000,15.4914000
20240131,449,P,0.2450,0.2450,0.2450,0.2450,0,0,0.1818000,-0.0363000,0.0000000,7.1709000,-0.0476000,-0.6258000
20240131,481,C,2.3250,2.3250,2.3250,2.3250,0,0,0.1087000,0.3549000,0.0000000,33.4645000,-0.1641000,5.9385000
20240131,481,P,6.2300,6.2300,6.2300,6.2300,0,0,0.1134000,-0.6390000,0.0000000,33.6635000,-0.1016000,-11.0630000
20240131,438,C,39.2150,39.2150,39.2150,39.2150,0,0,0.1884000,0.9924000,0.0000000,1.8722000,-0.0766000,15.4409000
20240131,438,P,0.1450,0.1450,0.1450,0.1450,0,0,0.2211000,-0.0189000,0.0000000,4.1540000,-0.0340000,-0.3261000
20240131,406,C,71.0750,71.0750,71.0750,71.0750,0,0,0.3586613,0.9921980,0.0006650,0.0192752,-0.0760955,0.1430173
20240131,406,P,0.0750,0.0750,0.0750,0.0750,0,0,0.3515000,-0.0067000,0.0000000,1.6982000,-0.0224000,-0.1171000
20240131,470,C,8.9600,8.9600,8.9600,8.9600,0,0,0.1248000,0.7456000,0.0000000,28.8275000,-0.1887000,12.3313000
20240131,470,P,1.8100,1.8100,1.8100,1.8100,0,0,0.1275000,-0.2586000,0.0000000,29.0816000,-0.1244000,-4.4528000
20240131,502,C,0.0350,0.0350,0.0350,0.0350,0,0,0.1123000,0.0087000,0.0000000,2.1333000,-0.0098000,0.1475000
20240131,502,P,25.6450,25.6450,25.6450,25.6450,0,0,0.2100000,-0.8954000,0.0000000,16.2997000,-0.0659000,-16.1043000
20240131,427,C,50.1550,50.1550,50.1550,50.1550,0,0,0.1875000,0.9992000,0.0000000,0.2423000,-0.0636000,15.1660000
20240131,427,P,0.1050,0.1050,0.1050,0.1050,0,0,0.2641000,-0.0120000,0.0000000,2.8133000,-0.0277000,-0.2076000
20240131,395,C,82.0350,82.0350,82.0350,82.0350,0,0,0.3980270,0.9946389,0.0004300,0.0138310,-0.0694716,0.1395279
20240131,395,P,0.0550,0.0550,0.0550,0.0550,0,0,0.3886000,-0.0044000,0.0000000,1.1736000,-0.0172000,-0.0774000
20240131,459,C,18.6800,18.6800,18.6800,18.6800,0,0,0.1472000,0.9217000,0.0000000,13.1481000,-0.1356000,14.9719000
20240131,459,P,0.5450,0.5450,0.5450,0.5450,0,0,0.1520000,-0.0850000,0.0000000,13.9912000,-0.0758000,-1.4616000
20240131,491,C,0.3050,0.3050,0.3050,0.3050,0,0,0.1030000,0.0732000,0.0000000,12.4981000,-0.0545000,1.2320000
20240131,491,P,14.6450,14.6450,14.6450,14.6450,0,0,0.1394000,-0.8570000,0.0000000,20.2942000,-0.0472000,-15.0615000
20240201,480,C,3.0700,3.0700,3.0700,3.0700,0,0,0.1146000,0.4055000,0.0000000,36.1692000,-0.1757000,7.2918000
20240201,480,P,5.8050,5.8050,5.8050,5.8050,0,0,0.1159000,-0.5933000,0.0000000,36.1941000,-0.1078000,-11.0629000
20240201,469,C,10.1450,10.1450,10.1450,10.1450,0,0,0.1333000,0.7535000,0.0000000,29.4221000,-0.1908000,13.3782000
20240201,469,P,1.7900,1.7900,1.7900,1.7900,0,0,0.1314000,-0.2434000,0.0000000,29.2299000,-0.1201000,-4.5174000
20240201,490,C,0.5050,0.5050,0.5050,0.5050,0,0,0.1064000,0.1059000,0.0000000,17.0794000,-0.0722000,1.9174000
20240201,490,P,13.6650,13.6650,13.6650,13.6650,0,0,0.1314000,-0.8429000,0.0000000,22.4246000,-0.0448000,-15.9248000
20240201,479,C,3.5300,3.5300,3.5300,3.5300,0,0,0.1159000,0.4426000,0.0000000,36.8321000,-0.1826000,7.9521000
20240201,479,P,5.2450,5.2450,5.2450,5.2450,0,0,0.1165000,-0.5569000,0.0000000,36.8371000,-0.1140000,-10.3771000
20240201,468,C,10.9600,10.9600,10.9600,10.9600,0,0,0.1356000,0.7748000,0.0000000,27.9878000,-0.1876000,13.7369000
20240201,468,P,1.6100,1.6100,1.6100,1.6100,0,0,0.1335000,-0.2217000,0.0000000,27.7478000,-0.1167000,-4.1131000
20240201,500,C,0.0650,0.0650,0.0650,0.0650,0,0,0.1103000,0.0162000,0.0000000,3.7860000,-0.0160000,0.2947000
20240201,500,P,23.6500,23.6500,23.6500,23.6500,0,0,0.1948000,-0.8845000,0.0000000,18.1585000,-0.0616000,-17.0682000
20240201,478,C,4.0350,4.0350,4.0350,4.0350,0,0,0.1171000,0.4795000,0.0000000,37.1682000,-0.1882000,8.6065000
20240201,478,P,4.7350,4.7350,4.7350,4.7350,0,0,0.1175000,-0.5203000,0.0000000,37.1686000,-0.1192000,-9.6892000
20240201,510,C,0.0150,0.0150,0.0150,0.0150,0,0,0.1210000,0.0027000,0.0000000,0.7779000,-0.0035000,0.0491000
20240201,510,P,33.6450,33.6450,33.6450,33.6450,0,0,0.2524000,-0.9057000,0.0000000,15.6737000,-0.0736000,-17.8391000
20240201,467,C,11.8000,11.8000,11.8000,11.8000,0,0,0.1380000,0.7942000,0.0000000,26.5644000,-0.1843000,14.0585000
20240201,467,P,1.4450,1.4450,1.4450,1.4450,0,0,0.1353000,-0.2013000,0.0000000,26.2196000,-0.1126000,-3.7331000
20240201,520,C,0.0150,0.0150,0.0150,0.0150,0,0,0.1542000,0.0024000,0.0000000,0.6989000,-0.0040000,0.0435000
20240201,520,P,43.6400,43.6400,43.6400,43.6400,0,0,0.3070000,-0.9184000,0.0000000,14.0737000,-0.0843000,-18.4541000
20240201,477,C,4.5800,4.5800,4.5800,4.5800,0,0,0.1188000,0.5158000,0.0000000,37.1880000,-0.1929000,9.2485000
20240201,477,P,4.2650,4.2650,4.2650,4.2650,0,0,0.1186000,-0.4841000,0.0000000,37.1879000,-0.1234000,-9.0095000
20240201,466,C,12.6550,12.6550,12.6550,12.6550,0,0,0.1401000,0.8125000,0.0000000,25.1088000,-0.1801000,14.3598000
20240201,466,P,1.3000,1.3000,1.3000,1.3000,0,0,0.1376000,-0.1833000,0.0000000,24.7600000,-0.1088000,-3.3990000
20240201,476,C,5.1600,5.1600,5.1600,5.1600,0,0,0.1204000,0.5510000,0.0000000,36.9116000,-0.1961000,9.8708000
20240201,476,P,3.8400,3.8400,3.8400,3.8400,0,0,0.1201000,-0.4488000,0.0000000,36.9103000,-0.1266000,-8.3471000
20240201,465,C,13.5250,13.5250,13.5250,13.5250,0,0,0.1425000,0.8288000,0.0000000,23.7062000,-0.1761000,14.6256000
20240201,465,P,1.1750,1.1750,1.1750,1.1750,0,0,0.1398000,-0.1666000,0.0000000,23.3073000,-0.1047000,-3.0897000
20240201,475,C,5.7750,5.7750,5.7750,5.7750,0,0,0.1218000,0.5852000,0.0000000,36.3641000,-0.1979000,10.4717000
20240201,475,P,3.4500,3.4500,3.4500,3.4500,0,0,0.1214000,-0.4145000,0.0000000,36.3595000,-0.1284000,-7.7057000
20240201,464,C,14.4100,14.4100,14.4100,14.4100,0,0,0.1452000,0.8433000,0.0000000,22.3836000,-0.1724000,14.8561000
20240201,464,P,1.0550,1.0550,1.0550,1.0550,0,0,0.1418000,-0.1510000,0.0000000,21.8506000,-0.1000000,-2.7996000
20240201,474,C,6.4300,6.4300,6.4300,6.4300,0,0,0.1237000,0.6176000,0.0000000,35.5873000,-0.1991000,11.0379000
20240201,474,P,3.0900,3.0900,3.0900,3.0900,0,0,0.1227000,-0.3814000,0.0000000,35.5624000,-0.1290000,-7.0882000
20240201,463,C,15.3050,15.3050,15.3050,15.3050,0,0,0.1474000,0.8573000,0.0000000,21.0291000,-0.1679000,15.0775000
20240201,463,P,0.9550,0.9550,0.9550,0.9550,0,0,0.1442000,-0.1374000,0.0000000,20.5059000,-0.0959000,-2.5477000
20240201,420,C,57.3350,57.3350,57.3350,57.3350,0,0,0.2998000,0.9863000,0.0000000,3.2524000,-0.0948000,15.8226000
20240201,420,P,0.1050,0.1050,0.1050,0.1050,0,0,0.2875000,-0.0107000,0.0000000,2.6477000,-0.0264000,-0.2002000
20240201,473,C,7.1100,7.1100,7.1100,7.1100,0,0,0.1253000,0.6487000,0.0000000,34.6009000,-0.1988000,11.5794000
20240201,473,P,2.7700,2.7700,2.7700,2.7700,0,0,0.1242000,-0.3501000,0.0000000,34.5602000,-0.1287000,-6.5038000
20240201,430,C,47.3850,47.3850,47.3850,47.3850,0,0,0.2587000,0.9814000,0.0000000,4.2352000,-0.1002000,16.1144000
20240201,430,P,0.1350,0.1350,0.1350,0.1350,0,0,0.2495000,-0.0153000,0.0000000,3.6067000,-0.0310000,-0.2856000
20240201,462,C,16.2150,16.2150,16.2150,16.2150,0,0,0.1501000,0.8693000,0.0000000,19.8003000,-0.1640000,15.2623000
20240201,462,P,0.8650,0.8650,0.8650,0.8650,0,0,0.1466000,-0.1250000,0.0000000,19.2144000,-0.0918000,-2.3185000
20240201,440,C,37.4650,37.4650,37.4650,37.4650,0,0,0.2202000,0.9718000,0.0000000,6.0194000,-0.1092000,16.3195000
20240201,440,P,0.1850,0.1850,0.1850,0.1850,0,0,0.2121000,-0.0238000,0.0000000,5.2445000,-0.0380000,-0.4430000
20240201,472,C,7.8250,7.8250,7.8250,7.8250,0,0,0.1270000,0.6779000,0.0000000,33.4491000,-0.1976000,12.0870000
20240201,472,P,2.4900,2.4900,2.4900,2.4900,0,0,0.1261000,-0.3208000,0.0000000,33.3999000,-0.1278000,-5.9582000
20240201,450,C,27.6200,27.6200,27.6200,27.6200,0,0,0.1848000,0.9501000,0.0000000,9.6040000,-0.1252000,16.2997000
20240201,450,P,0.3050,0.3050,0.3050,0.3050,0,0,0.1777000,-0.0436000,0.0000000,8.6238000,-0.0516000,-0.8085000
20240201,482,C,2.2700,2.2700,2.2700,2.2700,0,0,0.1123000,0.3324000,0.0000000,33.8838000,-0.1586000,5.9866000
20240201,482,P,7.0450,7.0450,7.0450,7.0450,0,0,0.1149000,-0.6637000,0.0000000,34.0349000,-0.0927000,-12.3976000
20240201,471,C,8.5750,8.5750,8.5750,8.5750,0,0,0.1291000,0.7050000,0.0000000,32.1874000,-0.1960000,12.5523000
20240201,471,P,2.2300,2.2300,2.2300,2.2300,0,0,0.1278000,-0.2932000,0.0000000,32.0977000,-0.1259000,-5.4426000
20240201,460,C,18.0550,18.0550,18.0550,18.0550,0,0,0.1552000,0.8906000,0.0000000,17.4669000,-0.1559000,15.5804000
20240201,460,P,0.7100,0.7100,0.7100,0.7100,0,0,0.1516000,-0.1040000,0.0000000,16.8481000,-0.0839000,-1.9277000
20240201,481,C,2.6500,2.6500,2.6500,2.6500,0,0,0.1134000,0.3686000,0.0000000,35.1824000,-0.1677000,6.6344000
20240201,481,P,6.3800,6.3800,6.3800,6.3800,0,0,0.1148000,-0.6297000,0.0000000,35.2326000,-0.0999000,-11.7497000
20240201,470,C,9.3500,9.3500,9.3500,9.3500,0,0,0.1314000,0.7298000,0.0000000,30.8541000,-0.1940000,12.9762000
20240201,470,P,2.0000,2.0000,2.0000,2.0000,0,0,0.1296000,-0.2675000,0.0000000,30.7022000,-0.1233000,-4.9641000
20240202,448,C,29.7250,29.7250,29.7250,29.7250,0,0,0.1936000,0.9492000,0.0000000,10.0703000,-0.1264000,17.3617000
20240202,448,P,0.3350,0.3350,0.3350,0.3350,0,0,0.1860000,-0.0442000,0.0000000,9.0329000,-0.0528000,-0.8801000
20240202,480,C,3.3700,3.3700,3.3700,3.3700,0,0,0.1179000,0.4141000,0.0000000,37.6285000,-0.1761000,7.9691000
20240202,480,P,6.0300,6.0300,6.0300,6.0300,0,0,0.1192000,-0.5848000,0.0000000,37.6490000,-0.1082000,-11.6965000
20240202,512,C,0.0150,0.0150,0.0150,0.0150,0,0,0.1250000,0.0029000,0.0000000,0.8777000,-0.0038000,0.0578000
20240202,512,P,35.6400,35.6400,35.6400,35.6400,0,0,0.2589000,-0.9045000,0.0000000,16.3843000,-0.0735000,-19.1708000
20240202,405,C,72.3500,72.3500,72.3500,72.3500,0,0,0.3574000,0.9894000,0.0000000,2.7007000,-0.0902000,16.3954000
20240202,405,P,0.0850,0.0850,0.0850,0.0850,0,0,0.3369000,-0.0073000,0.0000000,1.9554000,-0.0214000,-0.1464000
20240202,469,C,10.4300,10.4300,10.4300,10.4300,0,0,0.1366000,0.7431000,0.0000000,31.1232000,-0.1917000,14.1194000
20240202,469,P,2.0000,2.0000,2.0000,2.0000,0,0,0.1344000,-0.2535000,0.0000000,30.9144000,-0.1206000,-5.0453000
20240202,458,C,20.1250,20.1250,20.1250,20.1250,0,0,0.1634000,0.8974000,0.0000000,17.2564000,-0.1532000,16.7420000
20240202,458,P,0.7050,0.7050,0.7050,0.7050,0,0,0.1586000,-0.0960000,0.0000000,16.4537000,-0.0802000,-1.9090000
20240202,490,C,0.6300,0.6300,0.6300,0.6300,0,0,0.1093000,0.1218000,0.0000000,19.5290000,-0.0795000,2.3599000
20240202,490,P,13.7000,13.7000,13.7000,13.7000,0,0,0.1311000,-0.8334000,0.0000000,24.1141000,-0.0456000,-16.8786000
20240202,415,C,62.3900,62.3900,62.3900,62.3900,0,0,0.3164000,0.9866000,0.0000000,3.3119000,-0.0942000,16.7498000
20240202,415,P,0.1050,0.1050,0.1050,0.1050,0,0,0.3007000,-0.0099000,0.0000000,2.5691000,-0.0250000,-0.1994000
20240202,447,C,30.7050,30.7050,30.7050,30.7050,0,0,0.1972000,0.9519000,0.0000000,9.6439000,-0.1249000,17.3738000
20240202,447,P,0.3150,0.3150,0.3150,0.3150,0,0,0.1889000,-0.0413000,0.0000000,8.5417000,-0.0508000,-0.8214000
20240202,479,C,3.8400,3.8400,3.8400,3.8400,0,0,0.1192000,0.4490000,0.0000000,38.2093000,-0.1824000,8.6332000
20240202,479,P,5.4600,5.4600,5.4600,5.4600,0,0,0.1193000,-0.5508000,0.0000000,38.2100000,-0.1130000,-11.0077000
20240202,500,C,0.0950,0.0950,0.0950,0.0950,0,0,0.1130000,0.0222000,0.0000000,5.1225000,-0.0208000,0.4324000
20240202,500,P,23.6500,23.6500,23.6500,23.6500,0,0,0.1915000,-0.8795000,0.0000000,19.3727000,-0.0593000,-18.1887000
20240202,468,C,11.2450,11.2450,11.2450,11.2450,0,0,0.1388000,0.7639000,0.0000000,29.7465000,-0.1889000,14.4930000
20240202,468,P,1.8100,1.8100,1.8100,1.8100,0,0,0.1364000,-0.2323000,0.0000000,29.4876000,-0.1177000,-4.6226000
20240202,467.5,C,11.6550,11.6550,11.6550,11.6550,0,0,0.1398000,0.7738000,0.0000000,29.0425000,-0.1873000,14.6703000
20240202,467.5,P,1.7250,1.7250,1.7250,1.7250,0,0,0.1374000,-0.2222000,0.0000000,28.7610000,-0.1161000,-4.4219000
20240202,425,C,52.4450,52.4450,52.4450,52.4450,0,0,0.2758000,0.9824000,0.0000000,4.1927000,-0.0990000,17.0761000
20240202,425,P,0.1350,0.1350,0.1350,0.1350,0,0,0.2646000,-0.0141000,0.0000000,3.4772000,-0.0296000,-0.2822000
20240202,457,C,21.0650,21.0650,21.0650,21.0650,0,0,0.1662000,0.9051000,0.0000000,16.3043000,-0.1500000,16.8530000
20240202,457,P,0.6450,0.6450,0.6450,0.6450,0,0,0.1610000,-0.0880000,0.0000000,15.4239000,-0.0765000,-1.7494000
20240202,489,C,0.7650,0.7650,0.7650,0.7650,0,0,0.1095000,0.1419000,0.0000000,21.6936000,-0.0889000,2.7471000
20240202,489,P,12.7700,12.7700,12.7700,12.7700,0,0,0.1271000,-0.8211000,0.0000000,25.2370000,-0.0482000,-16.5991000
20240202,350,C,127.1350,127.1350,127.1350,127.1350,0,0,0.5343000,0.9982000,0.0000000,0.5433000,-0.0603000,14.3167000
20240202,350,P,0.0350,0.0350,0.0350,0.0350,0,0,0.5406000,-0.0019000,0.0000000,0.5971000,-0.0106000,-0.0393000
20240202,478,C,4.3500,4.3500,4.3500,4.3500,0,0,0.1206000,0.4837000,0.0000000,38.4915000,-0.1877000,9.2908000
20240202,478,P,4.9600,4.9600,4.9600,4.9600,0,0,0.1204000,-0.5163000,0.0000000,38.4913000,-0.1180000,-10.3107000
20240202,510,C,0.0250,0.0250,0.0250,0.0250,0,0,0.1269000,0.0053000,0.0000000,1.4715000,-0.0065000,0.1029000
20240202,510,P,33.6450,33.6450,33.6450,33.6450,0,0,0.2480000,-0.9013000,0.0000000,16.7785000,-0.0713000,-19.0271000
20240202,477.5,C,4.6200,4.6200,4.6200,4.6200,0,0,0.1214000,0.5008000,0.0000000,38.5234000,-0.1900000,9.6147000
20240202,477.5,P,4.7200,4.7200,4.7200,4.7200,0,0,0.1209000,-0.4991000,0.0000000,38.5234000,-0.1200000,-9.9656000
20240202,435,C,42.5200,42.5200,42.5200,42.5200,0,0,0.2390000,0.9739000,0.0000000,5.8342000,-0.1077000,17.3190000
20240202,435,P,0.1850,0.1850,0.1850,0.1850,0,0,0.2294000,-0.0216000,0.0000000,4.9921000,-0.0366000,-0.4304000
20240202,467,C,12.0700,12.0700,12.0700,12.0700,0,0,0.1411000,0.7831000,0.0000000,28.3566000,-0.1858000,14.8343000
20240202,467,P,1.6350,1.6350,1.6350,1.6350,0,0,0.1381000,-0.2121000,0.0000000,28.0002000,-0.1140000,-4.2208000
20240202,499,C,0.1050,0.1050,0.1050,0.1050,0,0,0.1108000,0.0250000,0.0000000,5.6437000,-0.0225000,0.4852000
20240202,499,P,22.6500,22.6500,22.6500,22.6500,0,0,0.1856000,-0.8765000,0.0000000,19.7047000,-0.0579000,-18.0899000
20240202,360,C,117.1750,117.1750,117.1750,117.1750,0,0,0.5156000,0.9970000,0.0000000,0.8730000,-0.0670000,14.7024000
20240202,360,P,0.0350,0.0350,0.0350,0.0350,0,0,0.4960000,-0.0021000,0.0000000,0.6516000,-0.0106000,-0.0432000
20240202,456,C,22.0100,22.0100,22.0100,22.0100,0,0,0.1694000,0.9116000,0.0000000,15.4619000,-0.1473000,16.9422000
20240202,456,P,0.5950,0.5950,0.5950,0.5950,0,0,0.1635000,-0.0809000,0.0000000,14.4906000,-0.0733000,-1.6097000
20240202,488,C,0.9250,0.9250,0.9250,0.9250,0,0,0.1101000,0.1649000,0.0000000,23.9611000,-0.0992000,3.1902000
20240202,488,P,11.8700,11.8700,11.8700,11.8700,0,0,0.1240000,-0.8056000,0.0000000,26.5674000,-0.0523000,-16.2594000
20240202,520,C,0.0150,0.0150,0.0150,0.0150,0,0,0.1484000,0.0023000,0.0000000,0.7088000,-0.0036000,0.0456000
20240202,520,P,43.6450,43.6450,43.6450,43.6450,0,0,0.3012000,-0.9146000,0.0000000,15.0789000,-0.0816000,-19.6972000
20240202,487.5,C,1.0150,1.0150,1.0150,1.0150,0,0,0.1104000,0.1772000,0.0000000,25.0925000,-0.1044000,3.4279000
20240202,487.5,P,11.4300,11.4300,11.4300,11.4300,0,0,0.1226000,-0.7970000,0.0000000,27.2755000,-0.0546000,-16.0717000
20240202,445,C,32.6650,32.6650,32.6650,32.6650,0,0,0.2041000,0.9571000,0.0000000,8.8021000,-0.1214000,17.3941000
20240202,445,P,0.2850,0.2850,0.2850,0.2850,0,0,0.1955000,-0.0365000,0.0000000,7.7395000,-0.0478000,-0.7279000
20240202,477,C,4.9000,4.9000,4.9000,4.9000,0,0,0.1222000,0.5177000,0.0000000,38.4853000,-0.1919000,9.9344000
20240202,477,P,4.5000,4.5000,4.5000,4.5000,0,0,0.1217000,-0.4821000,0.0000000,38.4851000,-0.1220000,-9.6240000
20240202,370,C,107.2100,107.2100,107.2100,107.2100,0,0,0.4863000,0.9957000,0.0000000,1.2003000,-0.0728000,15.0870000
20240202,370,P,0.0450,0.0450,0.0450,0.0450,0,0,0.4628000,-0.0028000,0.0000000,0.8486000,-0.0128000,-0.0577000
20240202,466,C,12.9200,12.9200,12.9200,12.9200,0,0,0.1435000,0.8005000,0.0000000,26.9878000,-0.1827000,15.1407000
20240202,466,P,1.4850,1.4850,1.4850,1.4850,0,0,0.1404000,-0.1944000,0.0000000,26.5754000,-0.1107000,-3.8667000
20240202,498,C,0.1350,0.1350,0.1350,0.1350,0,0,0.1113000,0.0312000,0.0000000,6.8007000,-0.0273000,0.6068000
20240202,498,P,21.6500,21.6500,21.6500,21.6500,0,0,0.1796000,-0.8734000,0.0000000,20.0452000,-0.0563000,-17.9888000
20240202,530,P,53.6300,53.6300,53.6300,53.6300,0,0,0.3513000,-0.9240000,0.0000000,13.8066000,-0.0898000,-20.2920000
20240202,455,C,22.9600,22.9600,22.9600,22.9600,0,0,0.1722000,0.9181000,0.0000000,14.6079000,-0.1441000,17.0294000
20240202,455,P,0.5450,0.5450,0.5450,0.5450,0,0,0.1660000,-0.0744000,0.0000000,13.5899000,-0.0699000,-1.4792000
20240202,487,C,1.1150,1.1150,1.1150,1.1150,0,0,0.1108000,0.1903000,0.0000000,26.2332000,-0.1099000,3.6804000
20240202,487,P,11.0000,11.0000,11.0000,11.0000,0,0,0.1215000,-0.7873000,0.0000000,28.0387000,-0.0574000,-15.8640000
20240202,380,C,97.2400,97.2400,97.2400,97.2400,0,0,0.4462000,0.9948000,0.0000000,1.4286000,-0.0760000,15.4790000
20240202,380,P,0.0550,0.0550,0.0550,0.0550,0,0,0.4296000,-0.0038000,0.0000000,1.1122000,-0.0156000,-0.0779000
20240202,476,C,5.4800,5.4800,5.4800,5.4800,0,0,0.1237000,0.5509000,0.0000000,38.2091000,-0.1949000,10.5596000
20240202,476,P,4.0700,4.0700,4.0700,4.0700,0,0,0.1228000,-0.4487000,0.0000000,38.2056000,-0.1247000,-8.9524000
20240202,508,C,0.0250,0.0250,0.0250,0.0250,0,0,0.1201000,0.0055000,0.0000000,1.5269000,-0.0064000,0.1073000
20240202,508,P,31.6450,31.6450,31.6450,31.6450,0,0,0.2369000,-0.8980000,0.0000000,17.1927000,-0.0689000,-18.8792000
20240202,540,P,63.6350,63.6350,63.6350,63.6350,0,0,0.3997000,-0.9306000,0.0000000,12.8789000,-0.0978000,-20.8320000
20240202,465,C,13.7750,13.7750,13.7750,13.7750,0,0,0.1455000,0.8174000,0.0000000,25.5657000,-0.1786000,15.4355000
20240202,465,P,1.3450,1.3450,1.3450,1.3450,0,0,0.1425000,-0.1777000,0.0000000,25.1392000,-0.1069000,-3.5347000
20240202,497,C,0.1550,0.1550,0.1550,0.1550,0,0,0.1096000,0.0358000,0.0000000,7.6057000,-0.0302000,0.6951000
20240202,497,P,20.6500,20.6500,20.6500,20.6500,0,0,0.1735000,-0.8701000,0.0000000,20.4145000,-0.0548000,-17.8817000
20240202,390,C,87.2850,87.2850,87.2850,87.2850,0,0,0.4111000,0.9931000,0.0000000,1.8356000,-0.0812000,15.8555000
20240202,390,P,0.0650,0.0650,0.0650,0.0650,0,0,0.3925000,-0.0049000,0.0000000,1.3810000,-0.0177000,-0.0991000
20240202,454,C,23.9200,23.9200,23.9200,23.9200,0,0,0.1755000,0.9234000,0.0000000,13.8778000,-0.1417000,17.0949000
20240202,454,P,0.5050,0.5050,0.5050,0.5050,0,0,0.1687000,-0.0687000,0.0000000,12.7811000,-0.0670000,-1.3656000
20240202,486,C,1.3300,1.3300,1.3300,1.3300,0,0,0.1116000,0.2179000,0.0000000,28.4420000,-0.1208000,4.2127000
20240202,486,P,10.1650,10.1650,10.1650,10.1650,0,0,0.1195000,-0.7661000,0.0000000,29.5958000,-0.0633000,-15.4148000
20240202,475,C,6.1000,6.1000,6.1000,6.1000,0,0,0.1254000,0.5829000,0.0000000,37.6887000,-0.1970000,11.1600000
20240202,475,P,3.6800,3.6800,3.6800,3.6800,0,0,0.1242000,-0.4164000,0.0000000,37.6747000,-0.1266000,-8.3026000
20240202,400,C,77.3250,77.3250,77.3250,77.3250,0,0,0.3730000,0.9912000,0.0000000,2.2882000,-0.0858000,16.2269000
20240202,400,P,0.0850,0.0850,0.0850,0.0850,0,0,0.3593000,-0.0068000,0.0000000,1.8512000,-0.0216000,-0.1377000
20240202,464,C,14.6550,14.6550,14.6550,14.6550,0,0,0.1481000,0.8319000,0.0000000,24.2594000,-0.1753000,15.6830000
20240202,464,P,1.2250,1.2250,1.2250,1.2250,0,0,0.1448000,-0.1628000,0.0000000,23.7642000,-0.1032000,-3.2373000
20240202,496,C,0.1950,0.1950,0.1950,0.1950,0,0,0.1098000,0.0439000,0.0000000,8.9767000,-0.0358000,0.8521000
20240202,496,P,19.6500,19.6500,19.6500,19.6500,0,0,0.1674000,-0.8664000,0.0000000,20.8062000,-0.0532000,-17.7697000
20240202,453,C,24.8750,24.8750,24.8750,24.8750,0,0,0.1777000,0.9296000,0.0000000,13.0199000,-0.1379000,17.1757000
20240202,453,P,0.4750,0.4750,0.4750,0.4750,0,0,0.1719000,-0.0641000,0.0000000,12.1181000,-0.0649000,-1.2749000
20240202,485,C,1.5800,1.5800,1.5800,1.5800,0,0,0.1124000,0.2473000,0.0000000,30.5091000,-0.1313000,4.7762000
20240202,485,P,9.3550,9.3550,9.3550,9.3550,0,0,0.1179000,-0.7423000,0.0000000,31.1783000,-0.0697000,-14.9152000
20240202,410,C,67.3700,67.3700,67.3700,67.3700,0,0,0.3369000,0.9881000,0.0000000,2.9834000,-0.0921000,16.5750000
20240202,410,P,0.0950,0.0950,0.0950,0.0950,0,0,0.3193000,-0.0085000,0.0000000,2.2533000,-0.0233000,-0.1718000
20240202,474,C,6.7500,6.7500,6.7500,6.7500,0,0,0.1271000,0.6135000,0.0000000,36.9512000,-0.1980000,11.7340000
20240202,474,P,3.3300,3.3300,3.3300,3.3300,0,0,0.1258000,-0.3854000,0.0000000,36.9231000,-0.1277000,-7.6814000
20240202,506,C,0.0350,0.0350,0.0350,0.0350,0,0,0.1181000,0.0077000,0.0000000,2.0678000,-0.0086000,0.1513000
20240202,506,P,29.6450,29.6450,29.6450,29.6450,0,0,0.2257000,-0.8942000,0.0000000,17.6465000,-0.0664000,-18.7240000
20240202,495,C,0.2250,0.2250,0.2250,0.2250,0,0,0.1083000,0.0506000,0.0000000,10.0660000,-0.0398000,0.9829000
20240202,495,P,18.6550,18.6550,18.6550,18.6550,0,0,0.1612000,-0.8626000,0.0000000,21.2133000,-0.0515000,-17.6536000
20240202,463,C,15.5400,15.5400,15.5400,15.5400,0,0,0.1506000,0.8453000,0.0000000,22.9799000,-0.1717000,15.9087000
20240202,463,P,1.1100,1.1100,1.1100,1.1100,0,0,0.1470000,-0.1490000,0.0000000,22.4162000,-0.0994000,-2.9626000
20240202,462.5,C,15.9900,15.9900,15.9900,15.9900,0,0,0.1519000,0.8515000,0.0000000,22.3553000,-0.1699000,16.0132000
20240202,462.5,P,1.0550,1.0550,1.0550,1.0550,0,0,0.1478000,-0.1419000,0.0000000,21.6930000,-0.0969000,-2.8214000
20240202,420,C,57.4200,57.4200,57.4200,57.4200,0,0,0.2978000,0.9842000,0.0000000,3.8104000,-0.0976000,16.9078000
20240202,420,P,0.1250,0.1250,0.1250,0.1250,0,0,0.2851000,-0.0124000,0.0000000,3.1052000,-0.0286000,-0.2479000
20240202,452,C,25.8400,25.8400,25.8400,25.8400,0,0,0.1812000,0.9338000,0.0000000,12.4125000,-0.1359000,17.2186000
20240202,452,P,0.4350,0.4350,0.4350,0.4350,0,0,0.1740000,-0.0586000,0.0000000,11.3066000,-0.0614000,-1.1666000
20240202,484,C,1.8650,1.8650,1.8650,1.8650,0,0,0.1133000,0.2783000,0.0000000,32.4106000,-0.1414000,5.3717000
20240202,484,P,8.6250,8.6250,8.6250,8.6250,0,0,0.1180000,-0.7134000,0.0000000,32.8679000,-0.0786000,-14.3205000
20240202,473,C,7.4300,7.4300,7.4300,7.4300,0,0,0.1288000,0.6428000,0.0000000,36.0278000,-0.1981000,12.2781000
20240202,473,P,3.0050,3.0050,3.0050,3.0050,0,0,0.1271000,-0.3555000,0.0000000,35.9694000,-0.1274000,-7.0832000
20240202,505,C,0.0450,0.0450,0.0450,0.0450,0,0,0.1191000,0.0102000,0.0000000,2.6321000,-0.0111000,0.1992000
20240202,505,P,28.6450,28.6450,28.6450,28.6450,0,0,0.2200000,-0.8921000,0.0000000,17.8963000,-0.0653000,-18.6422000
20240202,472.5,C,7.7850,7.7850,7.7850,7.7850,0,0,0.1296000,0.6568000,0.0000000,35.5047000,-0.1978000,12.5392000
20240202,472.5,P,2.8600,2.8600,2.8600,2.8600,0,0,0.1282000,-0.3415000,0.0000000,35.4452000,-0.1274000,-6.8044000
20240202,430,C,47.4750,47.4750,47.4750,47.4750,0,0,0.2563000,0.9791000,0.0000000,4.8342000,-0.1022000,17.2175000
20240202,430,P,0.1550,0.1550,0.1550,0.1550,0,0,0.2465000,-0.0171000,0.0000000,4.1055000,-0.0325000,-0.3422000
20240202,462,C,16.4400,16.4400,16.4400,16.4400,0,0,0.1532000,0.8576000,0.0000000,21.7416000,-0.1681000,16.1125000
20240202,462,P,1.0100,1.0100,1.0100,1.0100,0,0,0.1494000,-0.1364000,0.0000000,21.1211000,-0.0955000,-2.7128000
20240202,494,C,0.2850,0.2850,0.2850,0.2850,0,0,0.1088000,0.0618000,0.0000000,11.7818000,-0.0470000,1.1995000
20240202,494,P,17.6550,17.6550,17.6550,17.6550,0,0,0.1549000,-0.8585000,0.0000000,21.6487000,-0.0497000,-17.5310000
20240202,355,C,122.1550,122.1550,122.1550,122.1550,0,0,0.5250000,0.9977000,0.0000000,0.6900000,-0.0634000,14.5111000
20240202,355,P,0.0350,0.0350,0.0350,0.0350,0,0,0.5156000,-0.0019000,0.0000000,0.5987000,-0.0101000,-0.0393000
20240202,451,C,26.8050,26.8050,26.8050,26.8050,0,0,0.1838000,0.9387000,0.0000000,11.6968000,-0.1328000,17.2743000
20240202,451,P,0.4050,0.4050,0.4050,0.4050,0,0,0.1770000,-0.0545000,0.0000000,10.6731000,-0.0591000,-1.0844000
20240202,483,C,2.1850,2.1850,2.1850,2.1850,0,0,0.1143000,0.3108000,0.0000000,34.1088000,-0.1512000,5.9959000
20240202,483,P,7.8950,7.8950,7.8950,7.8950,0,0,0.1173000,-0.6843000,0.0000000,34.3326000,-0.0857000,-13.7211000
20240202,515,C,0.0150,0.0150,0.0150,0.0150,0,0,0.1328000,0.0025000,0.0000000,0.7561000,-0.0035000,0.0490000
20240202,515,P,38.6400,38.6400,38.6400,38.6400,0,0,0.2750000,-0.9086000,0.0000000,15.8523000,-0.0767000,-19.3757000
20240202,525,P,48.6350,48.6350,48.6350,48.6350,0,0,0.3262000,-0.9199000,0.0000000,14.3693000,-0.0854000,-20.0061000
20240202,482.5,C,2.3600,2.3600,2.3600,2.3600,0,0,0.1150000,0.3279000,0.0000000,34.8813000,-0.1561000,6.3221000
20240202,482.5,P,7.5600,7.5600,7.5600,7.5600,0,0,0.1176000,-0.6682000,0.0000000,35.0425000,-0.0900000,-13.3930000
20240202,440,C,37.5900,37.5900,37.5900,37.5900,0,0,0.2229000,0.9661000,0.0000000,7.2582000,-0.1154000,17.3682000
20240202,440,P,0.2250,0.2250,0.2250,0.2250,0,0,0.2121000,-0.0275000,0.0000000,6.1294000,-0.0414000,-0.5492000
20240202,472,C,8.1400,8.1400,8.1400,8.1400,0,0,0.1306000,0.6705000,0.0000000,34.9488000,-0.1974000,12.7911000
20240202,472,P,2.7150,2.7150,2.7150,2.7150,0,0,0.1289000,-0.3274000,0.0000000,34.8635000,-0.1267000,-6.5224000
20240202,504,C,0.0450,0.0450,0.0450,0.0450,0,0,0.1152000,0.0104000,0.0000000,2.6660000,-0.0109000,0.2022000
20240202,504,P,27.6500,27.6500,27.6500,27.6500,0,0,0.2149000,-0.8894000,0.0000000,18.2196000,-0.0648000,-18.5483000
20240202,365,C,112.1900,112.1900,112.1900,112.1900,0,0,0.5015000,0.9964000,0.0000000,1.0317000,-0.0699000,14.8952000
20240202,365,P,0.0450,0.0450,0.0450,0.0450,0,0,0.4863000,-0.0027000,0.0000000,0.8266000,-0.0132000,-0.0562000
20240202,461,C,17.3450,17.3450,17.3450,17.3450,0,0,0.1553000,0.8695000,0.0000000,20.4797000,-0.1638000,16.3087000
20240202,461,P,0.9250,0.9250,0.9250,0.9250,0,0,0.1516000,-0.1248000,0.0000000,19.8641000,-0.0916000,-2.4823000
20240202,493,C,0.3450,0.3450,0.3450,0.3450,0,0,0.1086000,0.0734000,0.0000000,13.4484000,-0.0537000,1.4232000
20240202,493,P,16.6550,16.6550,16.6550,16.6550,0,0,0.1486000,-0.8539000,0.0000000,22.1162000,-0.0479000,-17.4008000
20240202,535,P,58.6300,58.6300,58.6300,58.6300,0,0,0.3757000,-0.9275000,0.0000000,13.3089000,-0.0938000,-20.5672000
20240202,450,C,27.7750,27.7750,27.7750,27.7750,0,0,0.1870000,0.9425000,0.0000000,11.1099000,-0.1305000,17.3107000
20240202,450,P,0.3850,0.3850,0.3850,0.3850,0,0,0.1804000,-0.0512000,0.0000000,10.1507000,-0.0574000,-1.0180000
20240202,482,C,2.5400,2.5400,2.5400,2.5400,0,0,0.1155000,0.3447000,0.0000000,35.5697000,-0.1605000,6.6449000
20240202,482,P,7.2250,7.2250,7.2250,7.2250,0,0,0.1174000,-0.6526000,0.0000000,35.6689000,-0.0934000,-13.0721000
20240202,514,C,0.0150,0.0150,0.0150,0.0150,0,0,0.1308000,0.0027000,0.0000000,0.8244000,-0.0037000,0.0539000
20240202,514,P,37.6450,37.6450,37.6450,37.6450,0,0,0.2696000,-0.9073000,0.0000000,16.0198000,-0.0756000,-19.3091000
20240202,375,C,102.2250,102.2250,102.2250,102.2250,0,0,0.4628000,0.9955000,0.0000000,1.2471000,-0.0733000,15.2885000
20240202,375,P,0.0550,0.0550,0.0550,0.0550,0,0,0.4511000,-0.0036000,0.0000000,1.0479000,-0.0155000,-0.0730000
20240202,471,C,8.8800,8.8800,8.8800,8.8800,0,0,0.1326000,0.6963000,0.0000000,33.7579000,-0.1962000,13.2663000
20240202,471,P,2.4500,2.4500,2.4500,2.4500,0,0,0.1307000,-0.3011000,0.0000000,33.6350000,-0.1253000,-5.9968000
20240202,545,P,68.6250,68.6250,68.6250,68.6250,0,0,0.4226000,-0.9336000,0.0000000,12.4423000,-0.1005000,-21.0965000
20240202,460,C,18.2650,18.2650,18.2650,18.2650,0,0,0.1580000,0.8796000,0.0000000,19.3543000,-0.1602000,16.4696000
20240202,460,P,0.8450,0.8450,0.8450,0.8450,0,0,0.1540000,-0.1144000,0.0000000,18.6797000,-0.0878000,-2.2750000
20240202,492,C,0.4250,0.4250,0.4250,0.4250,0,0,0.1087000,0.0873000,0.0000000,15.3401000,-0.0616000,1.6933000
20240202,492,P,15.6550,15.6550,15.6550,15.6550,0,0,0.1422000,-0.8489000,0.0000000,22.6205000,-0.0461000,-17.2616000
20240202,385,C,92.2650,92.2650,92.2650,92.2650,0,0,0.4287000,0.9941000,0.0000000,1.6173000,-0.0785000,15.6686000
20240202,385,P,0.0650,0.0650,0.0650,0.0650,0,0,0.4140000,-0.0046000,0.0000000,1.2974000,-0.0175000,-0.0925000
20240202,449,C,28.7550,28.7550,28.7550,28.7550,0,0,0.1909000,0.9455000,0.0000000,10.6600000,-0.1291000,17.3278000
20240202,449,P,0.3550,0.3550,0.3550,0.3550,0,0,0.1828000,-0.0472000,0.0000000,9.5218000,-0.0547000,-0.9397000
20240202,481,C,2.9400,2.9400,2.9400,2.9400,0,0,0.1168000,0.3793000,0.0000000,36.7491000,-0.1689000,7.3058000
20240202,481,P,6.5950,6.5950,6.5950,6.5950,0,0,0.1178000,-0.6195000,0.0000000,36.7818000,-0.1006000,-12.3980000
20240202,470,C,9.6450,9.6450,9.6450,9.6450,0,0,0.1344000,0.7208000,0.0000000,32.4599000,-0.1940000,13.7141000
20240202,470,P,2.2150,2.2150,2.2150,2.2150,0,0,0.1324000,-0.2763000,0.0000000,32.2979000,-0.1231000,-5.5003000
20240202,502,C,0.0650,0.0650,0.0650,0.0650,0,0,0.1142000,0.0154000,0.0000000,3.7422000,-0.0153000,0.2991000
20240202,502,P,25.6500,25.6500,25.6500,25.6500,0,0,0.2033000,-0.8847000,0.0000000,18.7713000,-0.0622000,-18.3738000
20240202,395,C,82.3000,82.3000,82.3000,82.3000,0,0,0.3925000,0.9922000,0.0000000,2.0606000,-0.0837000,16.0415000
20240202,395,P,0.0750,0.0750,0.0750,0.0750,0,0,0.3769000,-0.0059000,0.0000000,1.6215000,-0.0199000,-0.1187000
20240202,459,C,19.1900,19.1900,19.1900,19.1900,0,0,0.1610000,0.8886000,0.0000000,18.3199000,-0.1571000,16.6067000
20240202,459,P,0.7650,0.7650,0.7650,0.7650,0,0,0.1560000,-0.1043000,0.0000000,17.4760000,-0.0835000,-2.0733000
20240202,491,C,0.5150,0.5150,0.5150,0.5150,0,0,0.1087000,0.1029000,0.0000000,17.3126000,-0.0698000,1.9948000
20240202,491,P,14.6550,14.6550,14.6550,14.6550,0,0,0.1356000,-0.8435000,0.0000000,23.1564000,-0.0441000,-17.1141000
20240209,480,C,4.4400,4.4400,4.4400,4.4400,0,0,0.1162000,0.4436000,0.0000000,46.1879000,-0.1521000,12.4697000
20240209,480,P,6.6550,6.6550,6.6550,6.6550,0,0,0.1181000,-0.5553000,0.0000000,46.2051000,-0.0845000,-16.3444000
20240209,512,C,0.0450,0.0450,0.0450,0.0450,0,0,0.1176000,0.0088000,0.0000000,2.7890000,-0.0080000,0.2504000
20240209,512,P,35.6450,35.6450,35.6450,35.6450,0,0,0.2352000,-0.8780000,0.0000000,23.6558000,-0.0604000,-27.3587000
20240209,405,C,72.8450,72.8450,72.8450,72.8450,0,0,0.3168000,0.9848000,0.0000000,4.4735000,-0.0898000,23.8848000
20240209,405,P,0.1450,0.1450,0.1450,0.1450,0,0,0.3007000,-0.0113000,0.0000000,3.4886000,-0.0230000,-0.3352000
20240209,469,C,11.6150,11.6150,11.6150,11.6150,0,0,0.1345000,0.7202000,0.0000000,39.3483000,-0.1685000,19.9796000
20240209,469,P,2.6900,2.6900,2.6900,2.6900,0,0,0.1324000,-0.2768000,0.0000000,39.1491000,-0.0982000,-8.1104000
20240209,458,C,21.0750,21.0750,21.0750,21.0750,0,0,0.1585000,0.8666000,0.0000000,25.1789000,-0.1476000,23.6119000
20240209,458,P,1.1550,1.1550,1.1550,1.1550,0,0,0.1538000,-0.1264000,0.0000000,24.2661000,-0.0758000,-3.6994000
20240209,490,C,1.1450,1.1450,1.1450,1.1450,0,0,0.1066000,0.1724000,0.0000000,29.8606000,-0.0841000,4.8812000
20240209,490,P,13.8400,13.8400,13.8400,13.8400,0,0,0.1255000,-0.7875000,0.0000000,33.9313000,-0.0402000,-23.4460000
20240209,415,C,62.9150,62.9150,62.9150,62.9150,0,0,0.2834000,0.9803000,0.0000000,5.5696000,-0.0946000,24.3559000
20240209,415,P,0.1750,0.1750,0.1750,0.1750,0,0,0.2685000,-0.0149000,0.0000000,4.4071000,-0.0258000,-0.4384000
20240209,479,C,4.9500,4.9500,4.9500,4.9500,0,0,0.1176000,0.4730000,0.0000000,46.5480000,-0.1565000,13.2842000
20240209,479,P,6.1200,6.1200,6.1200,6.1200,0,0,0.1185000,-0.5266000,0.0000000,46.5502000,-0.0880000,-15.4891000
20240209,500,C,0.2050,0.2050,0.2050,0.2050,0,0,0.1049000,0.0405000,0.0000000,10.1997000,-0.0271000,1.1535000
20240209,500,P,23.6450,23.6450,23.6450,23.6450,0,0,0.1751000,-0.8487000,0.0000000,27.4124000,-0.0468000,-25.7945000
20240209,468,C,12.4100,12.4100,12.4100,12.4100,0,0,0.1366000,0.7384000,0.0000000,38.0473000,-0.1675000,20.4542000
20240209,468,P,2.4800,2.4800,2.4800,2.4800,0,0,0.1341000,-0.2579000,0.0000000,37.7749000,-0.0969000,-7.5543000
20240209,425,C,53.0050,53.0050,53.0050,53.0050,0,0,0.2507000,0.9735000,0.0000000,7.1695000,-0.1006000,24.7564000
20240209,425,P,0.2350,0.2350,0.2350,0.2350,0,0,0.2397000,-0.0216000,0.0000000,6.0486000,-0.0314000,-0.6346000
20240209,457,C,21.9950,21.9950,21.9950,21.9950,0,0,0.1609000,0.8748000,0.0000000,24.0915000,-0.1455000,23.7927000
20240209,457,P,1.0750,1.0750,1.0750,1.0750,0,0,0.1558000,-0.1178000,0.0000000,23.0970000,-0.0735000,-3.4481000
20240209,489,C,1.3400,1.3400,1.3400,1.3400,0,0,0.1074000,0.1948000,0.0000000,32.2305000,-0.0919000,5.5143000
20240209,489,P,12.9550,12.9550,12.9550,12.9550,0,0,0.1225000,-0.7734000,0.0000000,35.2123000,-0.0426000,-22.9861000
20240209,350,C,127.5550,127.5550,127.5550,127.5550,0,0,0.5015000,0.9952000,0.0000000,1.6283000,-0.0689000,20.8853000
20240209,350,P,0.0550,0.0550,0.0550,0.0550,0,0,0.4707000,-0.0029000,0.0000000,1.0563000,-0.0110000,-0.0879000
20240209,478,C,5.4900,5.4900,5.4900,5.4900,0,0,0.1190000,0.5020000,0.0000000,46.6537000,-0.1602000,14.0829000
20240209,478,P,5.6400,5.6400,5.6400,5.6400,0,0,0.1194000,-0.4979000,0.0000000,46.6537000,-0.0913000,-14.6361000
20240209,510,C,0.0550,0.0550,0.0550,0.0550,0,0,0.1152000,0.0111000,0.0000000,3.4193000,-0.0097000,0.3162000
20240209,510,P,33.6450,33.6450,33.6450,33.6450,0,0,0.2256000,-0.8743000,0.0000000,24.1652000,-0.0584000,-27.1300000
20240209,435,C,43.1300,43.1300,43.1300,43.1300,0,0,0.2192000,0.9618000,0.0000000,9.6878000,-0.1086000,25.0171000
20240209,435,P,0.3250,0.3250,0.3250,0.3250,0,0,0.2104000,-0.0325000,0.0000000,8.5071000,-0.0383000,-0.9530000
20240209,467,C,13.2150,13.2150,13.2150,13.2150,0,0,0.1384000,0.7561000,0.0000000,36.6733000,-0.1658000,20.9124000
20240209,467,P,2.2900,2.2900,2.2900,2.2900,0,0,0.1360000,-0.2402000,0.0000000,36.3781000,-0.0954000,-7.0366000
20240209,360,C,117.5950,117.5950,117.5950,117.5950,0,0,0.4648000,0.9944000,0.0000000,1.8587000,-0.0714000,21.4636000
20240209,360,P,0.0650,0.0650,0.0650,0.0650,0,0,0.4394000,-0.0036000,0.0000000,1.2890000,-0.0126000,-0.1095000
20240209,456,C,22.9150,22.9150,22.9150,22.9150,0,0,0.1631000,0.8828000,0.0000000,22.9973000,-0.1431000,23.9670000
20240209,456,P,1.0050,1.0050,1.0050,1.0050,0,0,0.1581000,-0.1101000,0.0000000,22.0084000,-0.0713000,-3.2222000
20240209,488,C,1.5650,1.5650,1.5650,1.5650,0,0,0.1080000,0.2184000,0.0000000,34.4868000,-0.0996000,6.1780000
20240209,488,P,12.1100,12.1100,12.1100,12.1100,0,0,0.1206000,-0.7559000,0.0000000,36.6827000,-0.0464000,-22.4352000
20240209,520,C,0.0250,0.0250,0.0250,0.0250,0,0,0.1298000,0.0042000,0.0000000,1.4535000,-0.0045000,0.1199000
20240209,520,P,43.6400,43.6400,43.6400,43.6400,0,0,0.2727000,-0.8903000,0.0000000,21.9422000,-0.0679000,-28.1925000
20240209,445,C,33.3850,33.3850,33.3850,33.3850,0,0,0.1920000,0.9376000,0.0000000,14.3596000,-0.1227000,24.9081000
20240209,445,P,0.5150,0.5150,0.5150,0.5150,0,0,0.1840000,-0.0548000,0.0000000,12.9855000,-0.0504000,-1.6062000
20240209,477,C,6.0600,6.0600,6.0600,6.0600,0,0,0.1205000,0.5303000,0.0000000,46.5191000,-0.1632000,14.8618000
20240209,477,P,5.2000,5.2000,5.2000,5.2000,0,0,0.1206000,-0.4696000,0.0000000,46.5193000,-0.0942000,-13.7976000
20240209,370,C,107.6450,107.6450,107.6450,107.6450,0,0,0.4326000,0.9930000,0.0000000,2.2536000,-0.0753000,22.0245000
20240209,370,P,0.0750,0.0750,0.0750,0.0750,0,0,0.4072000,-0.0045000,0.0000000,1.5522000,-0.0140000,-0.1346000
20240209,466,C,14.0450,14.0450,14.0450,14.0450,0,0,0.1406000,0.7720000,0.0000000,35.3316000,-0.1643000,21.3202000
20240209,466,P,2.1150,2.1150,2.1150,2.1150,0,0,0.1377000,-0.2234000,0.0000000,34.9396000,-0.0935000,-6.5438000
20240209,498,C,0.2850,0.2850,0.2850,0.2850,0,0,0.1042000,0.0548000,0.0000000,12.9795000,-0.0345000,1.5576000
20240209,498,P,21.6500,21.6500,21.6500,21.6500,0,0,0.1649000,-0.8411000,0.0000000,28.3255000,-0.0447000,-25.4537000
20240209,530,C,0.0150,0.0150,0.0150,0.0150,0,0,0.1445000,0.0018000,0.0000000,0.6953000,-0.0024000,0.0529000
20240209,530,P,53.6350,53.6350,53.6350,53.6350,0,0,0.3169000,-0.9017000,0.0000000,20.2562000,-0.0756000,-29.1233000
20240209,455,C,23.8450,23.8450,23.8450,23.8450,0,0,0.1655000,0.8900000,0.0000000,21.9786000,-0.1408000,24.1180000
20240209,455,P,0.9350,0.9350,0.9350,0.9350,0,0,0.1601000,-0.1026000,0.0000000,20.9144000,-0.0688000,-3.0024000
20240209,487,C,1.8150,1.8150,1.8150,1.8150,0,0,0.1088000,0.2434000,0.0000000,36.6383000,-0.1072000,6.8808000
20240209,487,P,11.2900,11.2900,11.2900,11.2900,0,0,0.1188000,-0.7369000,0.0000000,38.1606000,-0.0504000,-21.8390000
20240209,380,C,97.6950,97.6950,97.6950,97.6950,0,0,0.3994000,0.9914000,0.0000000,2.7081000,-0.0790000,22.5781000
20240209,380,P,0.0950,0.0950,0.0950,0.0950,0,0,0.3798000,-0.0061000,0.0000000,2.0306000,-0.0170000,-0.1818000
20240209,476,C,6.6600,6.6600,6.6600,6.6600,0,0,0.1220000,0.5579000,0.0000000,46.1620000,-0.1656000,15.6165000
20240209,476,P,4.7900,4.7900,4.7900,4.7900,0,0,0.1218000,-0.4420000,0.0000000,46.1608000,-0.0964000,-12.9796000
20240209,508,C,0.0650,0.0650,0.0650,0.0650,0,0,0.1118000,0.0134000,0.0000000,4.0243000,-0.0111000,0.3816000
20240209,508,P,31.6450,31.6450,31.6450,31.6450,0,0,0.2158000,-0.8702000,0.0000000,24.7061000,-0.0562000,-26.8927000
20240209,540,C,0.0150,0.0150,0.0150,0.0150,0,0,0.1679000,0.0016000,0.0000000,0.6128000,-0.0024000,0.0460000
20240209,540,P,63.6300,63.6300,63.6300,63.6300,0,0,0.3596000,-0.9099000,0.0000000,19.0008000,-0.0829000,-29.9602000
20240209,465,C,14.8800,14.8800,14.8800,14.8800,0,0,0.1427000,0.7870000,0.0000000,33.9783000,-0.1626000,21.7005000
20240209,465,P,1.9550,1.9550,1.9550,1.9550,0,0,0.1396000,-0.2080000,0.0000000,33.5173000,-0.0916000,-6.0902000
20240209,390,C,87.7550,87.7550,87.7550,87.7550,0,0,0.3676000,0.9891000,0.0000000,3.3427000,-0.0837000,23.1107000
20240209,390,P,0.1050,0.1050,0.1050,0.1050,0,0,0.3452000,-0.0073000,0.0000000,2.3786000,-0.0181000,-0.2170000
20240209,454,C,24.7850,24.7850,24.7850,24.7850,0,0,0.1682000,0.8963000,0.0000000,21.0593000,-0.1390000,24.2427000
20240209,454,P,0.8750,0.8750,0.8750,0.8750,0,0,0.1624000,-0.0959000,0.0000000,19.9141000,-0.0667000,-2.8078000
20240209,486,C,2.0950,2.0950,2.0950,2.0950,0,0,0.1097000,0.2699000,0.0000000,38.6650000,-0.1148000,7.6249000
20240209,486,P,10.5150,10.5150,10.5150,10.5150,0,0,0.1177000,-0.7155000,0.0000000,39.6691000,-0.0550000,-21.1763000
20240209,475,C,7.2950,7.2950,7.2950,7.2950,0,0,0.1235000,0.5845000,0.0000000,45.6031000,-0.1675000,16.3428000
20240209,475,P,4.4100,4.4100,4.4100,4.4100,0,0,0.1231000,-0.4151000,0.0000000,45.5961000,-0.0981000,-12.1863000
20240209,400,C,77.8150,77.8150,77.8150,77.8150,0,0,0.3344000,0.9863000,0.0000000,4.0839000,-0.0880000,23.6289000
20240209,400,P,0.1350,0.1350,0.1350,0.1350,0,0,0.3173000,-0.0101000,0.0000000,3.1509000,-0.0220000,-0.2985000
20240209,464,C,15.7350,15.7350,15.7350,15.7350,0,0,0.1447000,0.8013000,0.0000000,32.6118000,-0.1605000,22.0580000
20240209,464,P,1.8100,1.8100,1.8100,1.8100,0,0,0.1417000,-0.1939000,0.0000000,32.1383000,-0.0898000,-5.6779000
20240209,496,C,0.4050,0.4050,0.4050,0.4050,0,0,0.1041000,0.0743000,0.0000000,16.4453000,-0.0440000,2.1106000
20240209,496,P,19.6500,19.6500,19.6500,19.6500,0,0,0.1540000,-0.8329000,0.0000000,29.2641000,-0.0418000,-25.0985000
20240209,453,C,25.7250,25.7250,25.7250,25.7250,0,0,0.1706000,0.9025000,0.0000000,20.1328000,-0.1368000,24.3640000
20240209,453,P,0.8250,0.8250,0.8250,0.8250,0,0,0.1649000,-0.0901000,0.0000000,19.0065000,-0.0648000,-2.6362000
20240209,485,C,2.4000,2.4000,2.4000,2.4000,0,0,0.1106000,0.2974000,0.0000000,40.5023000,-0.1221000,8.3948000
20240209,485,P,9.7800,9.7800,9.7800,9.7800,0,0,0.1172000,-0.6915000,0.0000000,41.1655000,-0.0603000,-20.4453000
20240209,410,C,67.8800,67.8800,67.8800,67.8800,0,0,0.3015000,0.9824000,0.0000000,5.0761000,-0.0929000,24.1144000
20240209,410,P,0.1550,0.1550,0.1550,0.1550,0,0,0.2836000,-0.0127000,0.0000000,3.8465000,-0.0238000,-0.3748000
20240209,474,C,7.9550,7.9550,7.9550,7.9550,0,0,0.1252000,0.6100000,0.0000000,44.8664000,-0.1688000,17.0371000
20240209,474,P,4.0600,4.0600,4.0600,4.0600,0,0,0.1244000,-0.3892000,0.0000000,44.8464000,-0.0993000,-11.4218000
20240209,506,C,0.0750,0.0750,0.0750,0.0750,0,0,0.1076000,0.0157000,0.0000000,4.6160000,-0.0123000,0.4477000
20240209,506,P,29.6450,29.6450,29.6450,29.6450,0,0,0.2059000,-0.8656000,0.0000000,25.3037000,-0.0541000,-26.6408000
20240209,495,C,0.4850,0.4850,0.4850,0.4850,0,0,0.1042000,0.0863000,0.0000000,18.4148000,-0.0495000,2.4505000
20240209,495,P,18.6500,18.6500,18.6500,18.6500,0,0,0.1485000,-0.8283000,0.0000000,29.7795000,-0.0404000,-24.9060000
20240209,463,C,16.6050,16.6050,16.6050,16.6050,0,0,0.1471000,0.8140000,0.0000000,31.3164000,-0.1587000,22.3712000
20240209,463,P,1.6750,1.6750,1.6750,1.6750,0,0,0.1435000,-0.1802000,0.0000000,30.7138000,-0.0874000,-5.2759000
20240209,420,C,57.9600,57.9600,57.9600,57.9600,0,0,0.2683000,0.9768000,0.0000000,6.4098000,-0.0983000,24.5524000
20240209,420,P,0.2050,0.2050,0.2050,0.2050,0,0,0.2548000,-0.0181000,0.0000000,5.2084000,-0.0288000,-0.5325000
20240209,452,C,26.6700,26.6700,26.6700,26.6700,0,0,0.1734000,0.9079000,0.0000000,19.3152000,-0.1351000,24.4597000
20240209,452,P,0.7750,0.7750,0.7750,0.7750,0,0,0.1673000,-0.0845000,0.0000000,18.1287000,-0.0629000,-2.4745000
20240209,484,C,2.7450,2.7450,2.7450,2.7450,0,0,0.1115000,0.3256000,0.0000000,42.1264000,-0.1289000,9.1855000
20240209,484,P,9.0650,9.0650,9.0650,9.0650,0,0,0.1164000,-0.6670000,0.0000000,42.5026000,-0.0649000,-19.6972000
20240209,473,C,8.6400,8.6400,8.6400,8.6400,0,0,0.1271000,0.6344000,0.0000000,43.9791000,-0.1697000,17.6948000
20240209,473,P,3.7350,3.7350,3.7350,3.7350,0,0,0.1257000,-0.3643000,0.0000000,43.9296000,-0.0998000,-10.6850000
20240209,505,C,0.0950,0.0950,0.0950,0.0950,0,0,0.1083000,0.0196000,0.0000000,5.5683000,-0.0150000,0.5575000
20240209,505,P,28.6450,28.6450,28.6450,28.6450,0,0,0.2009000,-0.8632000,0.0000000,25.6204000,-0.0530000,-26.5099000
20240209,430,C,48.0600,48.0600,48.0600,48.0600,0,0,0.2351000,0.9683000,0.0000000,8.3120000,-0.1045000,24.9061000
20240209,430,P,0.2650,0.2650,0.2650,0.2650,0,0,0.2238000,-0.0257000,0.0000000,6.9992000,-0.0337000,-0.7541000
20240209,462,C,17.4750,17.4750,17.4750,17.4750,0,0,0.1491000,0.8264000,0.0000000,29.9829000,-0.1563000,22.6760000
20240209,462,P,1.5550,1.5550,1.5550,1.5550,0,0,0.1456000,-0.1680000,0.0000000,29.3734000,-0.0853000,-4.9179000
20240209,494,C,0.5850,0.5850,0.5850,0.5850,0,0,0.1048000,0.1008000,0.0000000,20.6463000,-0.0561000,2.8596000
20240209,494,P,17.6500,17.6500,17.6500,17.6500,0,0,0.1430000,-0.8233000,0.0000000,30.3265000,-0.0389000,-24.7026000
20240209,355,C,122.5700,122.5700,122.5700,122.5700,0,0,0.4833000,0.9948000,0.0000000,1.7444000,-0.0702000,21.1744000
20240209,355,P,0.0550,0.0550,0.0550,0.0550,0,0,0.4511000,-0.0030000,0.0000000,1.0971000,-0.0110000,-0.0916000
20240209,483,C,3.1200,3.1200,3.1200,3.1200,0,0,0.1127000,0.3549000,0.0000000,43.5338000,-0.1357000,10.0018000
20240209,483,P,8.4150,8.4150,8.4150,8.4150,0,0,0.1167000,-0.6399000,0.0000000,43.7523000,-0.0705000,-18.8811000
20240209,515,C,0.0350,0.0350,0.0350,0.0350,0,0,0.1220000,0.0065000,0.0000000,2.1435000,-0.0063000,0.1857000
20240209,515,P,38.6400,38.6400,38.6400,38.6400,0,0,0.2495000,-0.8831000,0.0000000,22.9542000,-0.0633000,-27.6857000
20240209,525,C,0.0150,0.0150,0.0150,0.0150,0,0,0.1328000,0.0020000,0.0000000,0.7621000,-0.0024000,0.0586000
20240209,525,P,48.6350,48.6350,48.6350,48.6350,0,0,0.2949000,-0.8966000,0.0000000,21.0151000,-0.0716000,-28.6761000
20240209,440,C,38.2550,38.2550,38.2550,38.2550,0,0,0.2065000,0.9508000,0.0000000,11.8912000,-0.1161000,24.9951000
20240209,440,P,0.3950,0.3950,0.3950,0.3950,0,0,0.1962000,-0.0411000,0.0000000,10.3165000,-0.0431000,-1.2055000
20240209,472,C,9.3500,9.3500,9.3500,9.3500,0,0,0.1289000,0.6576000,0.0000000,42.9604000,-0.1700000,18.3193000
20240209,472,P,3.4400,3.4400,3.4400,3.4400,0,0,0.1274000,-0.3407000,0.0000000,42.8849000,-0.1000000,-9.9899000
20240209,504,C,0.1050,0.1050,0.1050,0.1050,0,0,0.1066000,0.0217000,0.0000000,6.0694000,-0.0162000,0.6173000
20240209,504,P,27.6450,27.6450,27.6450,27.6450,0,0,0.1958000,-0.8606000,0.0000000,25.9474000,-0.0518000,-26.3759000
20240209,365,C,112.6200,112.6200,112.6200,112.6200,0,0,0.4511000,0.9935000,0.0000000,2.1129000,-0.0741000,21.7383000
20240209,365,P,0.0750,0.0750,0.0750,0.0750,0,0,0.4267000,-0.0043000,0.0000000,1.4918000,-0.0141000,-0.1289000
20240209,461,C,18.3600,18.3600,18.3600,18.3600,0,0,0.1515000,0.8375000,0.0000000,28.7385000,-0.1543000,22.9399000
20240209,461,P,1.4400,1.4400,1.4400,1.4400,0,0,0.1477000,-0.1565000,0.0000000,28.0518000,-0.0831000,-4.5818000
20240209,535,C,0.0150,0.0150,0.0150,0.0150,0,0,0.1582000,0.0019000,0.0000000,0.7201000,-0.0027000,0.0549000
20240209,535,P,58.6300,58.6300,58.6300,58.6300,0,0,0.3385000,-0.9061000,0.0000000,19.5897000,-0.0793000,-29.5501000
20240209,450,C,28.5750,28.5750,28.5750,28.5750,0,0,0.1785000,0.9180000,0.0000000,17.6987000,-0.1313000,24.6370000
20240209,450,P,0.6850,0.6850,0.6850,0.6850,0,0,0.1719000,-0.0743000,0.0000000,16.4472000,-0.0590000,-2.1761000
20240209,482,C,3.5300,3.5300,3.5300,3.5300,0,0,0.1139000,0.3844000,0.0000000,44.6831000,-0.1418000,10.8249000
20240209,482,P,7.7750,7.7750,7.7750,7.7750,0,0,0.1166000,-0.6127000,0.0000000,44.7794000,-0.0751000,-18.0600000
20240209,514,C,0.0350,0.0350,0.0350,0.0350,0,0,0.1191000,0.0066000,0.0000000,2.1685000,-0.0063000,0.1882000
20240209,514,P,37.6400,37.6400,37.6400,37.6400,0,0,0.2448000,-0.8815000,0.0000000,23.1817000,-0.0624000,-27.5784000
20240209,375,C,102.6750,102.6750,102.6750,102.6750,0,0,0.4179000,0.9921000,0.0000000,2.5345000,-0.0778000,22.2958000
20240209,375,P,0.0850,0.0850,0.0850,0.0850,0,0,0.3935000,-0.0052000,0.0000000,1.7740000,-0.0154000,-0.1562000
20240209,471,C,10.0800,10.0800,10.0800,10.0800,0,0,0.1306000,0.6798000,0.0000000,41.8304000,-0.1698000,18.9107000
20240209,471,P,3.1700,3.1700,3.1700,3.1700,0,0,0.1290000,-0.3182000,0.0000000,41.7253000,-0.0998000,-9.3286000
20240209,545,P,68.6300,68.6300,68.6300,68.6300,0,0,0.3803000,-0.9132000,0.0000000,18.4791000,-0.0864000,-30.3565000
20240209,460,C,19.2600,19.2600,19.2600,19.2600,0,0,0.1539000,0.8477000,0.0000000,27.5381000,-0.1523000,23.1788000
20240209,460,P,1.3350,1.3350,1.3350,1.3350,0,0,0.1495000,-0.1455000,0.0000000,26.7170000,-0.0805000,-4.2578000
20240209,492,C,0.8250,0.8250,0.8250,0.8250,0,0,0.1055000,0.1332000,0.0000000,25.1586000,-0.0694000,3.7750000
20240209,492,P,15.6850,15.6850,15.6850,15.6850,0,0,0.1325000,-0.8103000,0.0000000,31.6970000,-0.0370000,-24.2115000
20240209,385,C,92.7250,92.7250,92.7250,92.7250,0,0,0.3837000,0.9903000,0.0000000,3.0156000,-0.0814000,22.8458000
20240209,385,P,0.1050,0.1050,0.1050,0.1050,0,0,0.3647000,-0.0069000,0.0000000,2.2754000,-0.0183000,-0.2066000
20240209,481,C,3.9700,3.9700,3.9700,3.9700,0,0,0.1151000,0.4140000,0.0000000,45.5677000,-0.1473000,11.6488000
20240209,481,P,7.1850,7.1850,7.1850,7.1850,0,0,0.1170000,-0.5843000,0.0000000,45.6066000,-0.0797000,-17.2109000
20240209,470,C,10.8400,10.8400,10.8400,10.8400,0,0,0.1326000,0.7005000,0.0000000,40.6300000,-0.1694000,19.4586000
20240209,470,P,2.9200,2.9200,2.9200,2.9200,0,0,0.1307000,-0.2969000,0.0000000,40.4716000,-0.0992000,-8.7013000
20240209,502,C,0.1450,0.1450,0.1450,0.1450,0,0,0.1057000,0.0296000,0.0000000,7.8892000,-0.0209000,0.8439000
20240209,502,P,25.6500,25.6500,25.6500,25.6500,0,0,0.1859000,-0.8545000,0.0000000,26.7078000,-0.0499000,-26.0814000
20240209,395,C,82.7850,82.7850,82.7850,82.7850,0,0,0.3510000,0.9878000,0.0000000,3.6895000,-0.0858000,23.3729000
20240209,395,P,0.1250,0.1250,0.1250,0.1250,0,0,0.3334000,-0.0089000,0.0000000,2.8333000,-0.0208000,-0.2646000
20240209,459,C,20.1600,20.1600,20.1600,20.1600,0,0,0.1561000,0.8576000,0.0000000,26.3287000,-0.1499000,23.4078000
20240209,459,P,1.2450,1.2450,1.2450,1.2450,0,0,0.1518000,-0.1358000,0.0000000,25.5012000,-0.0784000,-3.9753000
20240216,565,P,88.6200,88.6200,88.6200,88.6200,0,0,0.4256000,-0.9078000,0.0000000,22.1923000,-0.0870000,-41.3989000
20240216,320,C,157.8450,157.8450,157.8450,157.8450,0,0,0.5835000,0.9942000,0.0000000,2.2034000,-0.0681000,25.0873000
20240216,320,P,0.0450,0.0450,0.0450,0.0450,0,0,0.5062000,-0.0019000,0.0000000,0.8258000,-0.0070000,-0.0763000
20240216,416,C,62.5400,62.5400,62.5400,62.5400,0,0,0.2707000,0.9691000,0.0000000,9.3537000,-0.1017000,31.7091000
20240216,416,P,0.2750,0.2750,0.2750,0.2750,0,0,0.2487000,-0.0213000,0.0000000,6.8690000,-0.0279000,-0.8292000
20240216,448,C,31.3800,31.3800,31.3800,31.3800,0,0,0.1831000,0.9025000,0.0000000,23.1290000,-0.1309000,31.6634000
20240216,448,P,0.9350,0.9350,0.9350,0.9350,0,0,0.1729000,-0.0855000,0.0000000,20.9859000,-0.0565000,-3.3098000
20240216,480,C,5.5600,5.5600,5.5600,5.5600,0,0,0.1182000,0.4655000,0.0000000,53.3654000,-0.1402000,17.1789000
20240216,480,P,7.2600,7.2600,7.2600,7.2600,0,0,0.1194000,-0.5339000,0.0000000,53.3706000,-0.0718000,-20.7852000
20240216,512,C,0.0750,0.0750,0.0750,0.0750,0,0,0.1088000,0.0139000,0.0000000,4.7698000,-0.0099000,0.5214000
20240216,512,P,35.6450,35.6450,35.6450,35.6450,0,0,0.2207000,-0.8557000,0.0000000,30.5017000,-0.0516000,-35.2169000
20240216,245,C,232.4350,232.4350,232.4350,232.4350,0,0,0.8445000,0.9983000,0.0000000,0.7328000,-0.0460000,19.3149000
20240216,245,P,0.0150,0.0150,0.0150,0.0150,0,0,0.7250000,-0.0003000,0.0000000,0.1792000,-0.0022000,-0.0146000
20240216,437,C,41.9450,41.9450,41.9450,41.9450,0,0,0.2111000,0.9392000,0.0000000,16.1453000,-0.1177000,32.2157000
20240216,437,P,0.5550,0.5550,0.5550,0.5550,0,0,0.1970000,-0.0488000,0.0000000,13.5978000,-0.0427000,-1.8932000
20240216,405,C,73.4300,73.4300,73.4300,73.4300,0,0,0.3059000,0.9757000,0.0000000,7.6389000,-0.0972000,31.0956000
20240216,405,P,0.2150,0.2150,0.2150,0.2150,0,0,0.2783000,-0.0153000,0.0000000,5.1845000,-0.0237000,-0.5973000
20240216,469,C,12.8450,12.8450,12.8450,12.8450,0,0,0.1367000,0.7025000,0.0000000,46.5038000,-0.1564000,25.5681000
20240216,469,P,3.3600,3.3600,3.3600,3.3600,0,0,0.1331000,-0.2928000,0.0000000,46.1736000,-0.0852000,-11.3519000
20240216,501,C,0.3450,0.3450,0.3450,0.3450,0,0,0.1033000,0.0579000,0.0000000,15.5553000,-0.0316000,2.1646000
20240216,501,P,24.6500,24.6500,24.6500,24.6500,0,0,0.1705000,-0.8258000,0.0000000,34.5037000,-0.0406000,-33.2137000
20240216,575,P,98.6100,98.6100,98.6100,98.6100,0,0,0.4597000,-0.9123000,0.0000000,21.3799000,-0.0918000,-42.3633000
20240216,330,C,147.9000,147.9000,147.9000,147.9000,0,0,0.5507000,0.9932000,0.0000000,2.5420000,-0.0714000,25.8387000
20240216,330,P,0.0550,0.0550,0.0550,0.0550,0,0,0.4804000,-0.0024000,0.0000000,1.0362000,-0.0084000,-0.0979000
20240216,426,C,52.6850,52.6850,52.6850,52.6850,0,0,0.2407000,0.9592000,0.0000000,11.7431000,-0.1075000,32.1189000
20240216,426,P,0.3750,0.3750,0.3750,0.3750,0,0,0.2239000,-0.0309000,0.0000000,9.3683000,-0.0339000,-1.1997000
20240216,458,C,22.1350,22.1350,22.1350,22.1350,0,0,0.1596000,0.8386000,0.0000000,32.8462000,-0.1452000,29.9821000
20240216,458,P,1.6550,1.6550,1.6550,1.6550,0,0,0.1530000,-0.1516000,0.0000000,31.5368000,-0.0724000,-5.8712000
20240216,490,C,1.7850,1.7850,1.7850,1.7850,0,0,0.1076000,0.2183000,0.0000000,39.5799000,-0.0883000,8.1209000
20240216,490,P,14.0250,14.0250,14.0250,14.0250,0,0,0.1232000,-0.7502000,0.0000000,42.6480000,-0.0365000,-29.5064000
20240216,522,C,0.0250,0.0250,0.0250,0.0250,0,0,0.1171000,0.0043000,0.0000000,1.6999000,-0.0037000,0.1613000
20240216,522,P,45.6450,45.6450,45.6450,45.6450,0,0,0.2634000,-0.8725000,0.0000000,28.0158000,-0.0601000,-36.6489000
20240216,255,C,222.4900,222.4900,222.4900,222.4900,0,0,0.8164000,0.9978000,0.0000000,0.9260000,-0.0498000,20.0859000
20240216,255,P,0.0150,0.0150,0.0150,0.0150,0,0,0.6875000,-0.0004000,0.0000000,0.2003000,-0.0023000,-0.0165000
20240216,415,C,63.5300,63.5300,63.5300,63.5300,0,0,0.2740000,0.9697000,0.0000000,9.1868000,-0.1013000,31.6555000
20240216,415,P,0.2750,0.2750,0.2750,0.2750,0,0,0.2524000,-0.0210000,0.0000000,6.7935000,-0.0280000,-0.8187000
20240216,447,C,32.3300,32.3300,32.3300,32.3300,0,0,0.1856000,0.9068000,0.0000000,22.3692000,-0.1297000,31.7516000
20240216,447,P,0.8850,0.8850,0.8850,0.8850,0,0,0.1749000,-0.0808000,0.0000000,20.1160000,-0.0549000,-3.1287000
20240216,479,C,6.1000,6.1000,6.1000,6.1000,0,0,0.1197000,0.4907000,0.0000000,53.5505000,-0.1436000,18.0892000
20240216,479,P,6.7550,6.7550,6.7550,6.7550,0,0,0.1198000,-0.5092000,0.0000000,53.5505000,-0.0743000,-19.8076000
20240216,340,C,137.9600,137.9600,137.9600,137.9600,0,0,0.5171000,0.9921000,0.0000000,2.9016000,-0.0745000,26.5870000
20240216,340,P,0.0650,0.0650,0.0650,0.0650,0,0,0.4531000,-0.0031000,0.0000000,1.2657000,-0.0096000,-0.1220000
20240216,436,C,42.9200,42.9200,42.9200,42.9200,0,0,0.2143000,0.9411000,0.0000000,15.7512000,-0.1171000,32.2092000
20240216,436,P,0.5350,0.5350,0.5350,0.5350,0,0,0.1995000,-0.0468000,0.0000000,13.1484000,-0.0419000,-1.8157000
20240216,404,C,74.4200,74.4200,74.4200,74.4200,0,0,0.3088000,0.9763000,0.0000000,7.4819000,-0.0966000,31.0394000
20240216,404,P,0.2150,0.2150,0.2150,0.2150,0,0,0.2822000,-0.0152000,0.0000000,5.1593000,-0.0240000,-0.5941000
20240216,500,C,0.4050,0.4050,0.4050,0.4050,0,0,0.1035000,0.0665000,0.0000000,17.3324000,-0.0354000,2.4857000
20240216,500,P,23.6500,23.6500,23.6500,23.6500,0,0,0.1657000,-0.8222000,0.0000000,34.9596000,-0.0395000,-32.9962000
20240216,468,C,13.6250,13.6250,13.6250,13.6250,0,0,0.1385000,0.7189000,0.0000000,45.2792000,-0.1560000,26.1274000
20240216,468,P,3.1400,3.1400,3.1400,3.1400,0,0,0.1348000,-0.2759000,0.0000000,44.8803000,-0.0847000,-10.6946000
20240216,265,C,212.5400,212.5400,212.5400,212.5400,0,0,0.7789000,0.9974000,0.0000000,1.0631000,-0.0524000,20.8626000
20240216,265,P,0.0150,0.0150,0.0150,0.0150,0,0,0.6499000,-0.0004000,0.0000000,0.2199000,-0.0024000,-0.0182000
20240216,425,C,53.6650,53.6650,53.6650,53.6650,0,0,0.2434000,0.9606000,0.0000000,11.4231000,-0.1067000,32.0925000
20240216,425,P,0.3550,0.3550,0.3550,0.3550,0,0,0.2255000,-0.0292000,0.0000000,8.9506000,-0.0327000,-1.1355000
20240216,457,C,23.0300,23.0300,23.0300,23.0300,0,0,0.1618000,0.8470000,0.0000000,31.7177000,-0.1438000,30.2266000
20240216,457,P,1.5550,1.5550,1.5550,1.5550,0,0,0.1549000,-0.1428000,0.0000000,30.2921000,-0.0707000,-5.5285000
20240216,489,C,2.0350,2.0350,2.0350,2.0350,0,0,0.1083000,0.2403000,0.0000000,41.7746000,-0.0944000,8.9355000
20240216,489,P,13.1900,13.1900,13.1900,13.1900,0,0,0.1213000,-0.7343000,0.0000000,44.0295000,-0.0393000,-28.8419000
20240216,350,C,128.0200,128.0200,128.0200,128.0200,0,0,0.4833000,0.9908000,0.0000000,3.2994000,-0.0775000,27.3297000
20240216,350,P,0.0850,0.0850,0.0850,0.0850,0,0,0.4316000,-0.0042000,0.0000000,1.6922000,-0.0122000,-0.1686000
20240216,414,C,64.5150,64.5150,64.5150,64.5150,0,0,0.2761000,0.9709000,0.0000000,8.8890000,-0.1002000,31.6222000
20240216,414,P,0.2650,0.2650,0.2650,0.2650,0,0,0.2543000,-0.0201000,0.0000000,6.5405000,-0.0272000,-0.7829000
20240216,446,C,33.2800,33.2800,33.2800,33.2800,0,0,0.1881000,0.9110000,0.0000000,21.6130000,-0.1283000,31.8358000
20240216,446,P,0.8450,0.8450,0.8450,0.8450,0,0,0.1772000,-0.0768000,0.0000000,19.3585000,-0.0537000,-2.9744000
20240216,510,C,0.0950,0.0950,0.0950,0.0950,0,0,0.1069000,0.0174000,0.0000000,5.7797000,-0.0118000,0.6521000
20240216,510,P,33.6450,33.6450,33.6450,33.6450,0,0,0.2119000,-0.8514000,0.0000000,31.1062000,-0.0497000,-34.8961000
20240216,478,C,6.6700,6.6700,6.6700,6.6700,0,0,0.1212000,0.5154000,0.0000000,53.5246000,-0.1466000,18.9779000
20240216,478,P,6.2900,6.2900,6.2900,6.2900,0,0,0.1207000,-0.4845000,0.0000000,53.5245000,-0.0769000,-18.8376000
20240216,275,C,202.5950,202.5950,202.5950,202.5950,0,0,0.7402000,0.9970000,0.0000000,1.1961000,-0.0548000,21.6397000
20240216,275,P,0.0250,0.0250,0.0250,0.0250,0,0,0.6437000,-0.0008000,0.0000000,0.3853000,-0.0042000,-0.0334000
20240216,435,C,43.8950,43.8950,43.8950,43.8950,0,0,0.2169000,0.9434000,0.0000000,15.2682000,-0.1160000,32.2186000
20240216,435,P,0.5150,0.5150,0.5150,0.5150,0,0,0.2019000,-0.0447000,0.0000000,12.6748000,-0.0409000,-1.7349000
20240216,403,C,75.4100,75.4100,75.4100,75.4100,0,0,0.3120000,0.9768000,0.0000000,7.3508000,-0.0962000,30.9793000
20240216,403,P,0.2050,0.2050,0.2050,0.2050,0,0,0.2836000,-0.0144000,0.0000000,4.9373000,-0.0231000,-0.5645000
20240216,467,C,14.4250,14.4250,14.4250,14.4250,0,0,0.1405000,0.7343000,0.0000000,44.0311000,-0.1555000,26.6475000
20240216,467,P,2.9350,2.9350,2.9350,2.9350,0,0,0.1363000,-0.2597000,0.0000000,43.5307000,-0.0839000,-10.0636000
20240216,499,C,0.4750,0.4750,0.4750,0.4750,0,0,0.1036000,0.0760000,0.0000000,19.2164000,-0.0395000,2.8423000
20240216,499,P,22.6500,22.6500,22.6500,22.6500,0,0,0.1609000,-0.8182000,0.0000000,35.4458000,-0.0383000,-32.7673000
20240216,360,C,118.0900,118.0900,118.0900,118.0900,0,0,0.4516000,0.9891000,0.0000000,3.8353000,-0.0812000,28.0539000
20240216,360,P,0.0950,0.0950,0.0950,0.0950,0,0,0.4013000,-0.0050000,0.0000000,1.9756000,-0.0133000,-0.2001000
20240216,424,C,54.6450,54.6450,54.6450,54.6450,0,0,0.2458000,0.9620000,0.0000000,11.0808000,-0.1056000,32.0693000
20240216,424,P,0.3450,0.3450,0.3450,0.3450,0,0,0.2282000,-0.0282000,0.0000000,8.6974000,-0.0322000,-1.0971000
20240216,456,C,23.9400,23.9400,23.9400,23.9400,0,0,0.1641000,0.8548000,0.0000000,30.6305000,-0.1424000,30.4490000
20240216,456,P,1.4650,1.4650,1.4650,1.4650,0,0,0.1568000,-0.1346000,0.0000000,29.1053000,-0.0691000,-5.2134000
20240216,520,C,0.0250,0.0250,0.0250,0.0250,0,0,0.1123000,0.0043000,0.0000000,1.7253000,-0.0036000,0.1641000
20240216,520,P,43.6450,43.6450,43.6450,43.6450,0,0,0.2551000,-0.8696000,0.0000000,28.4525000,-0.0585000,-36.3811000
20240216,488,C,2.3150,2.3150,2.3150,2.3150,0,0,0.1092000,0.2634000,0.0000000,43.8479000,-0.1005000,9.7874000
20240216,488,P,12.3900,12.3900,12.3900,12.3900,0,0,0.1199000,-0.7169000,0.0000000,45.4340000,-0.0424000,-28.1183000
20240216,285,C,192.6450,192.6450,192.6450,192.6450,0,0,0.7015000,0.9967000,0.0000000,1.3339000,-0.0571000,22.4161000
20240216,285,P,0.0250,0.0250,0.0250,0.0250,0,0,0.6031000,-0.0008000,0.0000000,0.3980000,-0.0040000,-0.0345000
20240216,413,C,65.5050,65.5050,65.5050,65.5050,0,0,0.2792000,0.9716000,0.0000000,8.7205000,-0.0997000,31.5686000
20240216,413,P,0.2550,0.2550,0.2550,0.2550,0,0,0.2565000,-0.0193000,0.0000000,6.3221000,-0.0265000,-0.7523000
20240216,445,C,34.2300,34.2300,34.2300,34.2300,0,0,0.1904000,0.9151000,0.0000000,20.8603000,-0.1269000,31.9164000
20240216,445,P,0.8050,0.8050,0.8050,0.8050,0,0,0.1794000,-0.0729000,0.0000000,18.6060000,-0.0523000,-2.8239000
20240216,477,C,7.2600,7.2600,7.2600,7.2600,0,0,0.1227000,0.5395000,0.0000000,53.3017000,-0.1491000,19.8421000
20240216,477,P,5.8700,5.8700,5.8700,5.8700,0,0,0.1219000,-0.4603000,0.0000000,53.2995000,-0.0793000,-17.8875000
20240216,210,C,267.2500,267.2500,267.2500,267.2500,0,0,0.9546000,0.9992000,0.0000000,0.3265000,-0.0357000,16.5860000
20240216,370,C,108.1550,108.1550,108.1550,108.1550,0,0,0.4174000,0.9875000,0.0000000,4.3436000,-0.0839000,28.7804000
20240216,370,P,0.1150,0.1150,0.1150,0.1150,0,0,0.3750000,-0.0065000,0.0000000,2.4566000,-0.0154000,-0.2554000
20240216,434,C,44.8700,44.8700,44.8700,44.8700,0,0,0.2199000,0.9452000,0.0000000,14.8843000,-0.1154000,32.2088000
20240216,434,P,0.4950,0.4950,0.4950,0.4950,0,0,0.2043000,-0.0428000,0.0000000,12.2417000,-0.0400000,-1.6619000
20240216,402,C,76.4050,76.4050,76.4050,76.4050,0,0,0.3149000,0.9774000,0.0000000,7.2015000,-0.0957000,30.9218000
20240216,402,P,0.2050,0.2050,0.2050,0.2050,0,0,0.2871000,-0.0142000,0.0000000,4.8766000,-0.0231000,-0.5566000
20240216,466,C,15.2400,15.2400,15.2400,15.2400,0,0,0.1427000,0.7486000,0.0000000,42.7861000,-0.1549000,27.1238000
20240216,466,P,2.7450,2.7450,2.7450,2.7450,0,0,0.1380000,-0.2445000,0.0000000,42.1692000,-0.0830000,-9.4738000
20240216,498,C,0.5550,0.5550,0.5550,0.5550,0,0,0.1037000,0.0866000,0.0000000,21.1993000,-0.0438000,3.2364000
20240216,498,P,21.6500,21.6500,21.6500,21.6500,0,0,0.1560000,-0.8141000,0.0000000,35.9412000,-0.0371000,-32.5328000
20240216,530,C,0.0150,0.0150,0.0150,0.0150,0,0,0.1250000,0.0019000,0.0000000,0.8173000,-0.0018000,0.0716000
20240216,530,P,53.6350,53.6350,53.6350,53.6350,0,0,0.2956000,-0.8827000,0.0000000,26.4303000,-0.0657000,-37.6678000
20240216,295,C,182.7000,182.7000,182.7000,182.7000,0,0,0.6703000,0.9960000,0.0000000,1.5876000,-0.0607000,23.1792000
20240216,295,P,0.0350,0.0350,0.0350,0.0350,0,0,0.5843000,-0.0012000,0.0000000,0.5655000,-0.0056000,-0.0506000
20240216,423,C,55.6350,55.6350,55.6350,55.6350,0,0,0.2492000,0.9629000,0.0000000,10.8810000,-0.1053000,32.0223000
20240216,423,P,0.3350,0.3350,0.3350,0.3350,0,0,0.2307000,-0.0272000,0.0000000,8.4217000,-0.0315000,-1.0557000
20240216,455,C,24.8500,24.8500,24.8500,24.8500,0,0,0.1663000,0.8623000,0.0000000,29.5492000,-0.1409000,30.6604000
20240216,455,P,1.3850,1.3850,1.3850,1.3850,0,0,0.1589000,-0.1272000,0.0000000,27.9792000,-0.0676000,-4.9240000
20240216,487,C,2.6200,2.6200,2.6200,2.6200,0,0,0.1103000,0.2875000,0.0000000,45.7781000,-0.1066000,10.6750000
20240216,487,P,11.6300,11.6300,11.6300,11.6300,0,0,0.1189000,-0.6975000,0.0000000,46.8525000,-0.0460000,-27.3250000
20240216,220,C,257.3050,257.3050,257.3050,257.3050,0,0,0.9218000,0.9990000,0.0000000,0.4134000,-0.0383000,17.3688000
20240216,380,C,98.2250,98.2250,98.2250,98.2250,0,0,0.3847000,0.9852000,0.0000000,5.0135000,-0.0872000,29.4840000
20240216,380,P,0.1350,0.1350,0.1350,0.1350,0,0,0.3471000,-0.0081000,0.0000000,2.9987000,-0.0173000,-0.3196000
20240216,412,C,66.4950,66.4950,66.4950,66.4950,0,0,0.2827000,0.9721000,0.0000000,8.5827000,-0.0995000,31.5101000
20240216,412,P,0.2550,0.2550,0.2550,0.2550,0,0,0.2602000,-0.0191000,0.0000000,6.2572000,-0.0267000,-0.7434000
20240216,444,C,35.1900,35.1900,35.1900,35.1900,0,0,0.1931000,0.9186000,0.0000000,20.2068000,-0.1258000,31.9731000
20240216,444,P,0.7650,0.7650,0.7650,0.7650,0,0,0.1815000,-0.0692000,0.0000000,17.8713000,-0.0510000,-2.6798000
20240216,476,C,7.8800,7.8800,7.8800,7.8800,0,0,0.1243000,0.5628000,0.0000000,52.8980000,-0.1512000,20.6768000
20240216,476,P,5.4700,5.4700,5.4700,5.4700,0,0,0.1230000,-0.4366000,0.0000000,52.8874000,-0.0811000,-16.9591000
20240216,508,C,0.1150,0.1150,0.1150,0.1150,0,0,0.1044000,0.0213000,0.0000000,6.8681000,-0.0138000,0.7989000
20240216,508,P,31.6450,31.6450,31.6450,31.6450,0,0,0.2028000,-0.8468000,0.0000000,31.7451000,-0.0477000,-34.5627000
20240216,540,C,0.0150,0.0150,0.0150,0.0150,0,0,0.1464000,0.0017000,0.0000000,0.7648000,-0.0020000,0.0664000
20240216,540,P,63.6350,63.6350,63.6350,63.6350,0,0,0.3347000,-0.8920000,0.0000000,24.9038000,-0.0726000,-38.8171000
20240216,305,C,172.7550,172.7550,172.7550,172.7550,0,0,0.6328000,0.9955000,0.0000000,1.7665000,-0.0631000,23.9506000
20240216,305,P,0.0350,0.0350,0.0350,0.0350,0,0,0.5468000,-0.0013000,0.0000000,0.6011000,-0.0055000,-0.0540000
20240216,433,C,45.8150,45.8150,45.8150,45.8150,0,0,0.2202000,0.9490000,0.0000000,14.0543000,-0.1124000,32.2787000
20240216,433,P,0.4750,0.4750,0.4750,0.4750,0,0,0.2065000,-0.0409000,0.0000000,11.7856000,-0.0390000,-1.5859000
20240216,401,C,77.3950,77.3950,77.3950,77.3950,0,0,0.3181000,0.9778000,0.0000000,7.0771000,-0.0953000,30.8605000
20240216,401,P,0.1950,0.1950,0.1950,0.1950,0,0,0.2885000,-0.0135000,0.0000000,4.6675000,-0.0222000,-0.5290000
20240216,465,C,16.0650,16.0650,16.0650,16.0650,0,0,0.1446000,0.7626000,0.0000000,41.4891000,-0.1539000,27.5866000
20240216,465,P,2.5700,2.5700,2.5700,2.5700,0,0,0.1400000,-0.2305000,0.0000000,40.8213000,-0.0821000,-8.9285000
20240216,497,C,0.6450,0.6450,0.6450,0.6450,0,0,0.1038000,0.0983000,0.0000000,23.2705000,-0.0483000,3.6696000
20240216,497,P,20.6550,20.6550,20.6550,20.6550,0,0,0.1510000,-0.8097000,0.0000000,36.4657000,-0.0358000,-32.2863000
20240216,230,C,247.3550,247.3550,247.3550,247.3550,0,0,0.8890000,0.9988000,0.0000000,0.5156000,-0.0411000,18.1500000
20240216,390,C,88.3050,88.3050,88.3050,88.3050,0,0,0.3535000,0.9820000,0.0000000,5.9165000,-0.0912000,30.1529000
20240216,390,P,0.1650,0.1650,0.1650,0.1650,0,0,0.3208000,-0.0106000,0.0000000,3.7730000,-0.0201000,-0.4149000
20240216,422,C,56.6150,56.6150,56.6150,56.6150,0,0,0.2518000,0.9641000,0.0000000,10.5753000,-0.1044000,31.9924000
20240216,422,P,0.3250,0.3250,0.3250,0.3250,0,0,0.2333000,-0.0263000,0.0000000,8.1877000,-0.0310000,-1.0208000
20240216,454,C,25.7700,25.7700,25.7700,25.7700,0,0,0.1687000,0.8691000,0.0000000,28.5359000,-0.1395000,30.8454000
20240216,454,P,1.3050,1.3050,1.3050,1.3050,0,0,0.1608000,-0.1200000,0.0000000,26.8615000,-0.0660000,-4.6455000
20240216,486,C,2.9500,2.9500,2.9500,2.9500,0,0,0.1112000,0.3119000,0.0000000,47.5001000,-0.1122000,11.5731000
20240216,486,P,10.9000,10.9000,10.9000,10.9000,0,0,0.1182000,-0.6769000,0.0000000,48.2048000,-0.0497000,-26.4861000
20240216,518,C,0.0350,0.0350,0.0350,0.0350,0,0,0.1123000,0.0062000,0.0000000,2.3563000,-0.0049000,0.2329000
20240216,518,P,41.6450,41.6450,41.6450,41.6450,0,0,0.2467000,-0.8665000,0.0000000,28.9205000,-0.0569000,-36.1043000
20240216,550,P,73.6250,73.6250,73.6250,73.6250,0,0,0.3718000,-0.8995000,0.0000000,23.6331000,-0.0784000,-39.8955000
20240216,315,C,162.8150,162.8150,162.8150,162.8150,0,0,0.5999000,0.9946000,0.0000000,2.0489000,-0.0664000,24.7096000
20240216,315,P,0.0450,0.0450,0.0450,0.0450,0,0,0.5250000,-0.0018000,0.0000000,0.8058000,-0.0071000,-0.0744000
20240216,411,C,67.4900,67.4900,67.4900,67.4900,0,0,0.2868000,0.9723000,0.0000000,8.5249000,-0.0997000,31.4393000
20240216,411,P,0.2450,0.2450,0.2450,0.2450,0,0,0.2622000,-0.0182000,0.0000000,6.0273000,-0.0259000,-0.7115000
20240216,443,C,36.1450,36.1450,36.1450,36.1450,0,0,0.1952000,0.9225000,0.0000000,19.4717000,-0.1242000,32.0446000
20240216,443,P,0.7250,0.7250,0.7250,0.7250,0,0,0.1834000,-0.0654000,0.0000000,17.1163000,-0.0495000,-2.5343000
20240216,475,C,8.5250,8.5250,8.5250,8.5250,0,0,0.1258000,0.5855000,0.0000000,52.3293000,-0.1529000,21.4826000
20240216,475,P,5.0950,5.0950,5.0950,5.0950,0,0,0.1241000,-0.4134000,0.0000000,52.3005000,-0.0825000,-16.0536000
20240216,240,C,237.4050,237.4050,237.4050,237.4050,0,0,0.8539000,0.9985000,0.0000000,0.6207000,-0.0438000,18.9307000
20240216,240,P,0.0150,0.0150,0.0150,0.0150,0,0,0.7437000,-0.0003000,0.0000000,0.1684000,-0.0021000,-0.0137000
20240216,432,C,46.7950,46.7950,46.7950,46.7950,0,0,0.2232000,0.9506000,0.0000000,13.7068000,-0.1118000,32.2603000
20240216,432,P,0.4550,0.4550,0.4550,0.4550,0,0,0.2087000,-0.0390000,0.0000000,11.3482000,-0.0380000,-1.5139000
20240216,400,C,78.4700,78.4700,78.4700,78.4700,0,0,0.3332000,0.9744000,0.0000000,7.9807000,-0.1019000,30.6461000
20240216,400,P,0.1950,0.1950,0.1950,0.1950,0,0,0.2922000,-0.0134000,0.0000000,4.6300000,-0.0223000,-0.5242000
20240216,464,C,16.9050,16.9050,16.9050,16.9050,0,0,0.1467000,0.7754000,0.0000000,40.2196000,-0.1530000,28.0062000
20240216,464,P,2.4050,2.4050,2.4050,2.4050,0,0,0.1416000,-0.2167000,0.0000000,39.4148000,-0.0808000,-8.3933000
20240216,496,C,0.7550,0.7550,0.7550,0.7550,0,0,0.1043000,0.1118000,0.0000000,25.5538000,-0.0536000,4.1742000
20240216,496,P,19.6550,19.6550,19.6550,19.6550,0,0,0.1459000,-0.8050000,0.0000000,37.0161000,-0.0345000,-32.0282000
20240216,560,P,83.6200,83.6200,83.6200,83.6200,0,0,0.4080000,-0.9053000,0.0000000,22.6307000,-0.0842000,-40.9080000
20240216,325,C,152.8750,152.8750,152.8750,152.8750,0,0,0.5671000,0.9937000,0.0000000,2.3675000,-0.0697000,25.4637000
20240216,325,P,0.0550,0.0550,0.0550,0.0550,0,0,0.5000000,-0.0024000,0.0000000,1.0246000,-0.0086000,-0.0969000
20240216,421,C,57.6050,57.6050,57.6050,57.6050,0,0,0.2551000,0.9650000,0.0000000,10.3739000,-0.1041000,31.9453000
20240216,421,P,0.3150,0.3150,0.3150,0.3150,0,0,0.2358000,-0.0253000,0.0000000,7.9319000,-0.0304000,-0.9830000
20240216,453,C,26.6950,26.6950,26.6950,26.6950,0,0,0.1709000,0.8757000,0.0000000,27.5168000,-0.1379000,31.0247000
20240216,453,P,1.2250,1.2250,1.2250,1.2250,0,0,0.1625000,-0.1129000,0.0000000,25.7248000,-0.0641000,-4.3705000
20240216,485,C,3.3100,3.3100,3.3100,3.3100,0,0,0.1122000,0.3370000,0.0000000,49.0340000,-0.1177000,12.4945000
20240216,485,P,10.2050,10.2050,10.2050,10.2050,0,0,0.1177000,-0.6551000,0.0000000,49.4628000,-0.0535000,-25.6041000
20240216,250,C,227.4600,227.4600,227.4600,227.4600,0,0,0.8304000,0.9980000,0.0000000,0.8249000,-0.0478000,19.7009000
20240216,250,P,0.0150,0.0150,0.0150,0.0150,0,0,0.7062000,-0.0003000,0.0000000,0.1899000,-0.0022000,-0.0156000
20240216,410,C,68.4800,68.4800,68.4800,68.4800,0,0,0.2900000,0.9730000,0.0000000,8.3673000,-0.0993000,31.3838000
20240216,410,P,0.2450,0.2450,0.2450,0.2450,0,0,0.2658000,-0.0180000,0.0000000,5.9678000,-0.0260000,-0.7035000
20240216,442,C,37.1100,37.1100,37.1100,37.1100,0,0,0.1982000,0.9254000,0.0000000,18.9267000,-0.1234000,32.0748000
20240216,442,P,0.6950,0.6950,0.6950,0.6950,0,0,0.1859000,-0.0624000,0.0000000,16.5028000,-0.0484000,-2.4183000
20240216,474,C,9.1950,9.1950,9.1950,9.1950,0,0,0.1275000,0.6072000,0.0000000,51.6165000,-0.1542000,22.2527000
20240216,474,P,4.7500,4.7500,4.7500,4.7500,0,0,0.1255000,-0.3912000,0.0000000,51.5629000,-0.0838000,-15.1855000
20240216,506,C,0.1550,0.1550,0.1550,0.1550,0,0,0.1037000,0.0282000,0.0000000,8.7024000,-0.0175000,1.0589000
20240216,506,P,29.6450,29.6450,29.6450,29.6450,0,0,0.1937000,-0.8416000,0.0000000,32.4465000,-0.0457000,-34.2085000
20240216,570,P,93.6200,93.6200,93.6200,93.6200,0,0,0.4431000,-0.9100000,0.0000000,21.7984000,-0.0898000,-41.8794000
20240216,335,C,142.9300,142.9300,142.9300,142.9300,0,0,0.5335000,0.9927000,0.0000000,2.7055000,-0.0728000,26.2150000
20240216,335,P,0.0650,0.0650,0.0650,0.0650,0,0,0.4716000,-0.0030000,0.0000000,1.2352000,-0.0098000,-0.1190000
20240216,431,C,47.7750,47.7750,47.7750,47.7750,0,0,0.2260000,0.9523000,0.0000000,13.3333000,-0.1110000,32.2460000
20240216,431,P,0.4350,0.4350,0.4350,0.4350,0,0,0.2108000,-0.0372000,0.0000000,10.9095000,-0.0370000,-1.4426000
20240216,495,C,0.8750,0.8750,0.8750,0.8750,0,0,0.1046000,0.1260000,0.0000000,27.8002000,-0.0587000,4.7012000
20240216,495,P,18.6550,18.6550,18.6550,18.6550,0,0,0.1409000,-0.7998000,0.0000000,37.6015000,-0.0332000,-31.7548000
20240216,463,C,17.7500,17.7500,17.7500,17.7500,0,0,0.1489000,0.7876000,0.0000000,38.9535000,-0.1520000,28.3976000
20240216,463,P,2.2550,2.2550,2.2550,2.2550,0,0,0.1434000,-0.2040000,0.0000000,38.0466000,-0.0796000,-7.9023000
20240216,260,C,217.5100,217.5100,217.5100,217.5100,0,0,0.7929000,0.9977000,0.0000000,0.9510000,-0.0505000,20.4790000
20240216,260,P,0.0150,0.0150,0.0150,0.0150,0,0,0.6624000,-0.0003000,0.0000000,0.1905000,-0.0021000,-0.0156000
20240216,420,C,58.5950,58.5950,58.5950,58.5950,0,0,0.2585000,0.9657000,0.0000000,10.1939000,-0.1038000,31.8945000
20240216,420,P,0.3050,0.3050,0.3050,0.3050,0,0,0.2382000,-0.0243000,0.0000000,7.6857000,-0.0298000,-0.9468000
20240216,452,C,27.6250,27.6250,27.6250,27.6250,0,0,0.1733000,0.8818000,0.0000000,26.5668000,-0.1364000,31.1799000
20240216,452,P,1.1650,1.1650,1.1650,1.1650,0,0,0.1649000,-0.1070000,0.0000000,24.7601000,-0.0628000,-4.1441000
20240216,484,C,3.7050,3.7050,3.7050,3.7050,0,0,0.1132000,0.3625000,0.0000000,50.3555000,-0.1229000,13.4290000
20240216,484,P,9.5500,9.5500,9.5500,9.5500,0,0,0.1177000,-0.6318000,0.0000000,50.6114000,-0.0576000,-24.6724000
20240216,516,C,0.0450,0.0450,0.0450,0.0450,0,0,0.1113000,0.0082000,0.0000000,3.0181000,-0.0063000,0.3083000
20240216,516,P,39.6450,39.6450,39.6450,39.6450,0,0,0.2381000,-0.8632000,0.0000000,29.4138000,-0.0551000,-35.8192000
20240216,345,C,132.9900,132.9900,132.9900,132.9900,0,0,0.5000000,0.9915000,0.0000000,3.0849000,-0.0759000,26.9604000
20240216,345,P,0.0750,0.0750,0.0750,0.0750,0,0,0.4433000,-0.0037000,0.0000000,1.4862000,-0.0110000,-0.1459000
20240216,409,C,69.4700,69.4700,69.4700,69.4700,0,0,0.2932000,0.9735000,0.0000000,8.2139000,-0.0988000,31.3275000
20240216,409,P,0.2350,0.2350,0.2350,0.2350,0,0,0.2678000,-0.0173000,0.0000000,5.7506000,-0.0253000,-0.6736000
20240216,441,C,38.0750,38.0750,38.0750,38.0750,0,0,0.2006000,0.9286000,0.0000000,18.2995000,-0.1221000,32.1201000
20240216,441,P,0.6550,0.6550,0.6550,0.6550,0,0,0.1876000,-0.0589000,0.0000000,15.7698000,-0.0468000,-2.2818000
20240216,505,C,0.1850,0.1850,0.1850,0.1850,0,0,0.1040000,0.0332000,0.0000000,9.9574000,-0.0201000,1.2457000
20240216,505,P,28.6450,28.6450,28.6450,28.6450,0,0,0.1891000,-0.8389000,0.0000000,32.8111000,-0.0447000,-34.0257000
20240216,473,C,9.8800,9.8800,9.8800,9.8800,0,0,0.1293000,0.6281000,0.0000000,50.7767000,-0.1553000,22.9882000
20240216,473,P,4.4300,4.4300,4.4300,4.4300,0,0,0.1270000,-0.3698000,0.0000000,50.6878000,-0.0847000,-14.3490000
20240216,270,C,207.5650,207.5650,207.5650,207.5650,0,0,0.7554000,0.9973000,0.0000000,1.0860000,-0.0530000,21.2560000
20240216,270,P,0.0250,0.0250,0.0250,0.0250,0,0,0.6624000,-0.0007000,0.0000000,0.3680000,-0.0041000,-0.0318000
20240216,430,C,48.7550,48.7550,48.7550,48.7550,0,0,0.2290000,0.9538000,0.0000000,12.9921000,-0.1103000,32.2255000
20240216,430,P,0.4250,0.4250,0.4250,0.4250,0,0,0.2137000,-0.0360000,0.0000000,10.6217000,-0.0365000,-1.3965000
20240216,462,C,18.6100,18.6100,18.6100,18.6100,0,0,0.1510000,0.7990000,0.0000000,37.6965000,-0.1508000,28.7624000
20240216,462,P,2.1150,2.1150,2.1150,2.1150,0,0,0.1452000,-0.1921000,0.0000000,36.6867000,-0.0782000,-7.4394000
20240216,494,C,1.0250,1.0250,1.0250,1.0250,0,0,0.1054000,0.1426000,0.0000000,30.2703000,-0.0647000,5.3186000
20240216,494,P,17.6600,17.6600,17.6600,17.6600,0,0,0.1360000,-0.7939000,0.0000000,38.2616000,-0.0321000,-31.4521000
20240216,526,C,0.0150,0.0150,0.0150,0.0150,0,0,0.1171000,0.0021000,0.0000000,0.9019000,-0.0019000,0.0799000
20240216,526,P,49.6350,49.6350,49.6350,49.6350,0,0,0.2795000,-0.8781000,0.0000000,27.1544000,-0.0628000,-37.1766000
20240216,355,C,123.0500,123.0500,123.0500,123.0500,0,0,0.4663000,0.9902000,0.0000000,3.5095000,-0.0789000,27.6994000
20240216,355,P,0.0850,0.0850,0.0850,0.0850,0,0,0.4140000,-0.0044000,0.0000000,1.7600000,-0.0122000,-0.1759000
20240216,419,C,59.5750,59.5750,59.5750,59.5750,0,0,0.2609000,0.9669000,0.0000000,9.8989000,-0.1028000,31.8620000
20240216,419,P,0.3050,0.3050,0.3050,0.3050,0,0,0.2419000,-0.0240000,0.0000000,7.5929000,-0.0299000,-0.9336000
20240216,451,C,28.5550,28.5550,28.5550,28.5550,0,0,0.1755000,0.8877000,0.0000000,25.6234000,-0.1349000,31.3277000
20240216,451,P,1.0950,1.0950,1.0950,1.0950,0,0,0.1666000,-0.1007000,0.0000000,23.6953000,-0.0609000,-3.9002000
20240216,515,C,0.0450,0.0450,0.0450,0.0450,0,0,0.1083000,0.0081000,0.0000000,3.0024000,-0.0061000,0.3066000
20240216,515,P,38.6450,38.6450,38.6450,38.6450,0,0,0.2338000,-0.8614000,0.0000000,29.6686000,-0.0542000,-35.6739000
20240216,483,C,4.1250,4.1250,4.1250,4.1250,0,0,0.1144000,0.3883000,0.0000000,51.4547000,-0.1278000,14.3717000
20240216,483,P,8.9250,8.9250,8.9250,8.9250,0,0,0.1177000,-0.6081000,0.0000000,51.5842000,-0.0613000,-23.7249000
20240216,525,C,0.0150,0.0150,0.0150,0.0150,0,0,0.1152000,0.0021000,0.0000000,0.9270000,-0.0019000,0.0823000
20240216,525,P,48.6350,48.6350,48.6350,48.6350,0,0,0.2754000,-0.8768000,0.0000000,27.3458000,-0.0620000,-37.0507000
20240216,280,C,197.6200,197.6200,197.6200,197.6200,0,0,0.7250000,0.9967000,0.0000000,1.3150000,-0.0567000,22.0223000
20240216,280,P,0.0250,0.0250,0.0250,0.0250,0,0,0.6218000,-0.0008000,0.0000000,0.3836000,-0.0040000,-0.0332000
20240216,408,C,70.4600,70.4600,70.4600,70.4600,0,0,0.2963000,0.9741000,0.0000000,8.0645000,-0.0984000,31.2705000
20240216,408,P,0.2350,0.2350,0.2350,0.2350,0,0,0.2714000,-0.0171000,0.0000000,5.6959000,-0.0254000,-0.6664000
20240216,440,C,39.0350,39.0350,39.0350,39.0350,0,0,0.2030000,0.9317000,0.0000000,17.6730000,-0.1207000,32.1634000
20240216,440,P,0.6350,0.6350,0.6350,0.6350,0,0,0.1904000,-0.0566000,0.0000000,15.2806000,-0.0461000,-2.1926000
20240216,472,C,10.5950,10.5950,10.5950,10.5950,0,0,0.1311000,0.6481000,0.0000000,49.8276000,-0.1560000,23.6884000
20240216,472,P,4.1300,4.1300,4.1300,4.1300,0,0,0.1284000,-0.3491000,0.0000000,49.6903000,-0.0852000,-13.5436000
20240216,504,C,0.2150,0.2150,0.2150,0.2150,0,0,0.1036000,0.0381000,0.0000000,11.1209000,-0.0224000,1.4252000
20240216,504,P,27.6450,27.6450,27.6450,27.6450,0,0,0.1845000,-0.8360000,0.0000000,33.1976000,-0.0436000,-33.8356000
20240216,365,C,113.1200,113.1200,113.1200,113.1200,0,0,0.4345000,0.9883000,0.0000000,4.0811000,-0.0826000,28.4184000
20240216,365,P,0.1050,0.1050,0.1050,0.1050,0,0,0.3886000,-0.0058000,0.0000000,2.2190000,-0.0144000,-0.2279000
20240216,429,C,49.7350,49.7350,49.7350,49.7350,0,0,0.2318000,0.9553000,0.0000000,12.6446000,-0.1095000,32.2055000
20240216,429,P,0.4050,0.4050,0.4050,0.4050,0,0,0.2155000,-0.0341000,0.0000000,10.1783000,-0.0354000,-1.3258000
20240216,461,C,19.4800,19.4800,19.4800,19.4800,0,0,0.1532000,0.8097000,0.0000000,36.4642000,-0.1496000,29.0983000
20240216,461,P,1.9850,1.9850,1.9850,1.9850,0,0,0.1471000,-0.1809000,0.0000000,35.3525000,-0.0768000,-7.0069000
20240216,493,C,1.1850,1.1850,1.1850,1.1850,0,0,0.1059000,0.1599000,0.0000000,32.6562000,-0.0705000,5.9580000
20240216,493,P,16.7100,16.7100,16.7100,16.7100,0,0,0.1320000,-0.7856000,0.0000000,39.1616000,-0.0323000,-31.0618000
20240216,535,C,0.0150,0.0150,0.0150,0.0150,0,0,0.1367000,0.0019000,0.0000000,0.8350000,-0.0021000,0.0732000
20240216,535,P,58.6350,58.6350,58.6350,58.6350,0,0,0.3154000,-0.8876000,0.0000000,25.6269000,-0.0693000,-38.2536000
20240216,290,C,187.6700,187.6700,187.6700,187.6700,0,0,0.6859000,0.9963000,0.0000000,1.4563000,-0.0589000,22.7982000
20240216,290,P,0.0250,0.0250,0.0250,0.0250,0,0,0.5812000,-0.0008000,0.0000000,0.3913000,-0.0038000,-0.0338000
20240216,418,C,60.5650,60.5650,60.5650,60.5650,0,0,0.2641000,0.9677000,0.0000000,9.7020000,-0.1024000,31.8136000
20240216,418,P,0.2950,0.2950,0.2950,0.2950,0,0,0.2441000,-0.0230000,0.0000000,7.3329000,-0.0292000,-0.8958000
20240216,450,C,29.4900,29.4900,29.4900,29.4900,0,0,0.1781000,0.8929000,0.0000000,24.7615000,-0.1336000,31.4508000
20240216,450,P,1.0350,1.0350,1.0350,1.0350,0,0,0.1685000,-0.0951000,0.0000000,22.7209000,-0.0592000,-3.6830000
20240216,482,C,4.5750,4.5750,4.5750,4.5750,0,0,0.1156000,0.4142000,0.0000000,52.3220000,-0.1323000,15.3139000
20240216,482,P,8.2950,8.2950,8.2950,8.2950,0,0,0.1173000,-0.5843000,0.0000000,52.3629000,-0.0642000,-22.7741000
20240216,514,C,0.0550,0.0550,0.0550,0.0550,0,0,0.1093000,0.0102000,0.0000000,3.6667000,-0.0076000,0.3851000
20240216,514,P,37.6450,37.6450,37.6450,37.6450,0,0,0.2294000,-0.8596000,0.0000000,29.9361000,-0.0534000,-35.5248000
20240216,215,C,262.2800,262.2800,262.2800,262.2800,0,0,0.9500000,0.9990000,0.0000000,0.4117000,-0.0378000,16.9733000
20240216,375,C,103.1900,103.1900,103.1900,103.1900,0,0,0.4023000,0.9862000,0.0000000,4.7304000,-0.0861000,29.1254000
20240216,375,P,0.1250,0.1250,0.1250,0.1250,0,0,0.3613000,-0.0073000,0.0000000,2.7228000,-0.0164000,-0.2867000
20240216,439,C,40.0050,40.0050,40.0050,40.0050,0,0,0.2058000,0.9343000,0.0000000,17.1589000,-0.1198000,32.1829000
20240216,439,P,0.6050,0.6050,0.6050,0.6050,0,0,0.1925000,-0.0537000,0.0000000,14.6724000,-0.0448000,-2.0828000
20240216,407,C,71.4500,71.4500,71.4500,71.4500,0,0,0.2995000,0.9747000,0.0000000,7.9190000,-0.0980000,31.2128000
20240216,407,P,0.2250,0.2250,0.2250,0.2250,0,0,0.2731000,-0.0163000,0.0000000,5.4692000,-0.0245000,-0.6355000
20240216,471,C,11.3250,11.3250,11.3250,11.3250,0,0,0.1328000,0.6672000,0.0000000,48.7846000,-0.1563000,24.3541000
20240216,471,P,3.8550,3.8550,3.8550,3.8550,0,0,0.1298000,-0.3294000,0.0000000,48.5910000,-0.0854000,-12.7736000
20240216,545,P,68.6300,68.6300,68.6300,68.6300,0,0,0.3536000,-0.8959000,0.0000000,24.2579000,-0.0758000,-39.3602000
20240216,300,C,177.7300,177.7300,177.7300,177.7300,0,0,0.6546000,0.9956000,0.0000000,1.7284000,-0.0626000,23.5590000
20240216,300,P,0.0350,0.0350,0.0350,0.0350,0,0,0.5656000,-0.0013000,0.0000000,0.5842000,-0.0056000,-0.0524000
20240216,428,C,50.7150,50.7150,50.7150,50.7150,0,0,0.2344000,0.9569000,0.0000000,12.2912000,-0.1086000,32.1861000
20240216,428,P,0.3950,0.3950,0.3950,0.3950,0,0,0.2185000,-0.0331000,0.0000000,9.9159000,-0.0350000,-1.2847000
20240216,460,C,20.3550,20.3550,20.3550,20.3550,0,0,0.1552000,0.8202000,0.0000000,35.2066000,-0.1480000,29.4247000
20240216,460,P,1.8650,1.8650,1.8650,1.8650,0,0,0.1490000,-0.1704000,0.0000000,34.0385000,-0.0753000,-6.5999000
20240216,492,C,1.3650,1.3650,1.3650,1.3650,0,0,0.1065000,0.1782000,0.0000000,35.0200000,-0.0764000,6.6392000
20240216,492,P,15.7850,15.7850,15.7850,15.7850,0,0,0.1284000,-0.7759000,0.0000000,40.1716000,-0.0329000,-30.6205000
20240216,524,C,0.0250,0.0250,0.0250,0.0250,0,0,0.1210000,0.0039000,0.0000000,1.5863000,-0.0035000,0.1493000
20240216,524,P,47.6350,47.6350,47.6350,47.6350,0,0,0.2713000,-0.8756000,0.0000000,27.5455000,-0.0612000,-36.9226000
20240216,225,C,252.3300,252.3300,252.3300,252.3300,0,0,0.9171000,0.9988000,0.0000000,0.5166000,-0.0406000,17.7542000
20240216,385,C,93.2650,93.2650,93.2650,93.2650,0,0,0.3691000,0.9837000,0.0000000,5.4418000,-0.0892000,29.8221000
20240216,385,P,0.1450,0.1450,0.1450,0.1450,0,0,0.3325000,-0.0090000,0.0000000,3.2821000,-0.0181000,-0.3539000
20240216,417,C,61.5550,61.5550,61.5550,61.5550,0,0,0.2675000,0.9683000,0.0000000,9.5397000,-0.1021000,31.7595000
20240216,417,P,0.2850,0.2850,0.2850,0.2850,0,0,0.2465000,-0.0222000,0.0000000,7.1103000,-0.0286000,-0.8637000
20240216,449,C,30.4350,30.4350,30.4350,30.4350,0,0,0.1804000,0.8980000,0.0000000,23.8927000,-0.1321000,31.5712000
20240216,449,P,0.9850,0.9850,0.9850,0.9850,0,0,0.1708000,-0.0903000,0.0000000,21.8632000,-0.0580000,-3.4966000
20240216,481,C,5.0550,5.0550,5.0550,5.0550,0,0,0.1169000,0.4400000,0.0000000,52.9582000,-0.1365000,16.2518000
20240216,481,P,7.7400,7.7400,7.7400,7.7400,0,0,0.1179000,-0.5593000,0.0000000,52.9711000,-0.0678000,-21.7838000
20240216,555,P,78.6250,78.6250,78.6250,78.6250,0,0,0.3900000,-0.9026000,0.0000000,23.1083000,-0.0814000,-40.4076000
20240216,310,C,167.7850,167.7850,167.7850,167.7850,0,0,0.6164000,0.9951000,0.0000000,1.9035000,-0.0647000,24.3306000
20240216,310,P,0.0450,0.0450,0.0450,0.0450,0,0,0.5437000,-0.0018000,0.0000000,0.7835000,-0.0072000,-0.0722000
20240216,438,C,40.9750,40.9750,40.9750,40.9750,0,0,0.2084000,0.9368000,0.0000000,16.6424000,-0.1187000,32.2018000
20240216,438,P,0.5750,0.5750,0.5750,0.5750,0,0,0.1944000,-0.0509000,0.0000000,14.0666000,-0.0435000,-1.9752000
20240216,406,C,72.4400,72.4400,72.4400,72.4400,0,0,0.3027000,0.9752000,0.0000000,7.7772000,-0.0976000,31.1545000
20240216,406,P,0.2250,0.2250,0.2250,0.2250,0,0,0.2768000,-0.0161000,0.0000000,5.4192000,-0.0247000,-0.6289000
20240216,470,C,12.0750,12.0750,12.0750,12.0750,0,0,0.1347000,0.6853000,0.0000000,47.6722000,-0.1565000,24.9798000
20240216,470,P,3.5950,3.5950,3.5950,3.5950,0,0,0.1313000,-0.3105000,0.0000000,47.4031000,-0.0853000,-12.0371000
20240216,502,C,0.2950,0.2950,0.2950,0.2950,0,0,0.1033000,0.0503000,0.0000000,13.9359000,-0.0282000,1.8844000
20240216,502,P,25.6450,25.6450,25.6450,25.6450,0,0,0.1751000,-0.8296000,0.0000000,34.0195000,-0.0414000,-33.4368000
20240216,235,C,242.3850,242.3850,242.3850,242.3850,0,0,0.8796000,0.9986000,0.0000000,0.6123000,-0.0432000,18.5359000
20240216,235,P,0.0150,0.0150,0.0150,0.0150,0,0,0.7718000,-0.0003000,0.0000000,0.1796000,-0.0023000,-0.0147000
20240216,427,C,51.6950,51.6950,51.6950,51.6950,0,0,0.2373000,0.9582000,0.0000000,11.9681000,-0.1078000,32.1609000
20240216,427,P,0.3850,0.3850,0.3850,0.3850,0,0,0.2211000,-0.0319000,0.0000000,9.6280000,-0.0344000,-1.2398000
20240216,395,C,83.3450,83.3450,83.3450,83.3450,0,0,0.3374000,0.9803000,0.0000000,6.4078000,-0.0930000,30.4804000
20240216,395,P,0.1750,0.1750,0.1750,0.1750,0,0,0.3056000,-0.0117000,0.0000000,4.1166000,-0.0208000,-0.4581000
20240216,459,C,21.2400,21.2400,21.2400,21.2400,0,0,0.1575000,0.8295000,0.0000000,34.0367000,-0.1468000,29.7069000
20240216,459,P,1.7550,1.7550,1.7550,1.7550,0,0,0.1510000,-0.1606000,0.0000000,32.7609000,-0.0739000,-6.2205000
20240216,491,C,1.5650,1.5650,1.5650,1.5650,0,0,0.1070000,0.1977000,0.0000000,37.3364000,-0.0823000,7.3609000
20240216,491,P,14.8900,14.8900,14.8900,14.8900,0,0,0.1257000,-0.7637000,0.0000000,41.3778000,-0.0346000,-30.0894000
20240223,480,C,6.4050,6.4050,6.4050,6.4050,0,0,0.1165000,0.4809000,0.0000000,59.6124000,-0.1288000,21.9647000
20240223,480,P,7.6750,7.6750,7.6750,7.6750,0,0,0.1184000,-0.5184000,0.0000000,59.6163000,-0.0610000,-25.1157000
20240223,512,C,0.1150,0.1150,0.1150,0.1150,0,0,0.1027000,0.0197000,0.0000000,7.1786000,-0.0116000,0.9188000
20240223,512,P,35.6400,35.6400,35.6400,35.6400,0,0,0.2106000,-0.8361000,0.0000000,36.9653000,-0.0450000,-42.7991000
20240223,405,C,73.8900,73.8900,73.8900,73.8900,0,0,0.2814000,0.9737000,0.0000000,9.1132000,-0.0923000,38.4595000
20240223,405,P,0.2850,0.2850,0.2850,0.2850,0,0,0.2622000,-0.0189000,0.0000000,6.9319000,-0.0238000,-0.9198000
20240223,469,C,13.7450,13.7450,13.7450,13.7450,0,0,0.1337000,0.6968000,0.0000000,52.2559000,-0.1433000,31.3855000
20240223,469,P,3.8400,3.8400,3.8400,3.8400,0,0,0.1316000,-0.3004000,0.0000000,52.0506000,-0.0737000,-14.4953000
20240223,458,C,22.9400,22.9400,22.9400,22.9400,0,0,0.1547000,0.8264000,0.0000000,38.3640000,-0.1363000,36.5635000
20240223,458,P,2.0350,2.0350,2.0350,2.0350,0,0,0.1500000,-0.1665000,0.0000000,37.3545000,-0.0660000,-8.0232000
20240223,490,C,2.3400,2.3400,2.3400,2.3400,0,0,0.1063000,0.2504000,0.0000000,47.5863000,-0.0873000,11.5370000
20240223,490,P,14.1950,14.1950,14.1950,14.1950,0,0,0.1216000,-0.7203000,0.0000000,50.3265000,-0.0330000,-35.2429000
20240223,457.5,C,23.3800,23.3800,23.3800,23.3800,0,0,0.1556000,0.8308000,0.0000000,37.7402000,-0.1357000,36.7267000
20240223,457.5,P,1.9800,1.9800,1.9800,1.9800,0,0,0.1510000,-0.1623000,0.0000000,36.7504000,-0.0655000,-7.8240000
20240223,415,C,64.0250,64.0250,64.0250,64.0250,0,0,0.2539000,0.9666000,0.0000000,11.0964000,-0.0968000,39.1026000
20240223,415,P,0.3650,0.3650,0.3650,0.3650,0,0,0.2387000,-0.0258000,0.0000000,8.9899000,-0.0279000,-1.2496000
20240223,479,C,6.9600,6.9600,6.9600,6.9600,0,0,0.1179000,0.5038000,0.0000000,59.6776000,-0.1316000,22.9836000
20240223,479,P,7.2000,7.2000,7.2000,7.2000,0,0,0.1192000,-0.4960000,0.0000000,59.6775000,-0.0634000,-24.0155000
20240223,468,C,14.5250,14.5250,14.5250,14.5250,0,0,0.1355000,0.7119000,0.0000000,51.0419000,-0.1433000,32.0182000
20240223,468,P,3.6100,3.6100,3.6100,3.6100,0,0,0.1330000,-0.2847000,0.0000000,50.7662000,-0.0735000,-13.7336000
20240223,500,C,0.6250,0.6250,0.6250,0.6250,0,0,0.1012000,0.0895000,0.0000000,24.1939000,-0.0401000,4.1439000
20240223,500,P,23.6450,23.6450,23.6450,23.6450,0,0,0.1588000,-0.8000000,0.0000000,41.8804000,-0.0335000,-39.9171000
20240223,467.5,C,14.9200,14.9200,14.9200,14.9200,0,0,0.1365000,0.7191000,0.0000000,50.4315000,-0.1433000,32.3152000
20240223,467.5,P,3.5100,3.5100,3.5100,3.5100,0,0,0.1340000,-0.2774000,0.0000000,50.1323000,-0.0735000,-13.3804000
20240223,425,C,54.2050,54.2050,54.2050,54.2050,0,0,0.2281000,0.9554000,0.0000000,14.0561000,-0.1028000,39.5444000
20240223,425,P,0.4850,0.4850,0.4850,0.4850,0,0,0.2158000,-0.0364000,0.0000000,11.9447000,-0.0332000,-1.7588000
20240223,457,C,23.8300,23.8300,23.8300,23.8300,0,0,0.1567000,0.8347000,0.0000000,37.1736000,-0.1353000,36.8666000
20240223,457,P,1.9300,1.9300,1.9300,1.9300,0,0,0.1520000,-0.1582000,0.0000000,36.1393000,-0.0650000,-7.6258000
20240223,489,C,2.6300,2.6300,2.6300,2.6300,0,0,0.1072000,0.2720000,0.0000000,49.6486000,-0.0923000,12.5209000
20240223,489,P,13.3900,13.3900,13.3900,13.3900,0,0,0.1201000,-0.7045000,0.0000000,51.6490000,-0.0353000,-34.4233000
20240223,350,C,128.3800,128.3800,128.3800,128.3800,0,0,0.4365000,0.9907000,0.0000000,3.7296000,-0.0725000,33.8840000
20240223,350,P,0.1050,0.1050,0.1050,0.1050,0,0,0.3984000,-0.0051000,0.0000000,2.2103000,-0.0118000,-0.2505000
20240223,478,C,7.5400,7.5400,7.5400,7.5400,0,0,0.1193000,0.5261000,0.0000000,59.5519000,-0.1340000,23.9767000
20240223,478,P,6.7550,6.7550,6.7550,6.7550,0,0,0.1200000,-0.4738000,0.0000000,59.5526000,-0.0655000,-22.9299000
20240223,510,C,0.1450,0.1450,0.1450,0.1450,0,0,0.1013000,0.0246000,0.0000000,8.6518000,-0.0138000,1.1461000
20240223,510,P,33.6500,33.6500,33.6500,33.6500,0,0,0.2026000,-0.8310000,0.0000000,37.6998000,-0.0436000,-42.3648000
20240223,477.5,C,7.8350,7.8350,7.8350,7.8350,0,0,0.1198000,0.5371000,0.0000000,59.4210000,-0.1350000,24.4651000
20240223,477.5,P,6.5400,6.5400,6.5400,6.5400,0,0,0.1206000,-0.4629000,0.0000000,59.4229000,-0.0665000,-22.3952000
20240223,435,C,44.4800,44.4800,44.4800,44.4800,0,0,0.2047000,0.9364000,0.0000000,18.6358000,-0.1114000,39.6092000
20240223,435,P,0.6850,0.6850,0.6850,0.6850,0,0,0.1939000,-0.0540000,0.0000000,16.4147000,-0.0403000,-2.6065000
20240223,467,C,15.3200,15.3200,15.3200,15.3200,0,0,0.1375000,0.7262000,0.0000000,49.8072000,-0.1432000,32.6076000
20240223,467,P,3.4000,3.4000,3.4000,3.4000,0,0,0.1347000,-0.2699000,0.0000000,49.4563000,-0.0733000,-13.0167000
20240223,360,C,118.4600,118.4600,118.4600,118.4600,0,0,0.4082000,0.9889000,0.0000000,4.3430000,-0.0759000,34.7794000
20240223,360,P,0.1250,0.1250,0.1250,0.1250,0,0,0.3740000,-0.0064000,0.0000000,2.7067000,-0.0135000,-0.3143000
20240223,456,C,24.7250,24.7250,24.7250,24.7250,0,0,0.1585000,0.8428000,0.0000000,35.9676000,-0.1340000,37.1616000
20240223,456,P,1.8300,1.8300,1.8300,1.8300,0,0,0.1538000,-0.1501000,0.0000000,34.9097000,-0.0639000,-7.2368000
20240223,488,C,2.9400,2.9400,2.9400,2.9400,0,0,0.1079000,0.2939000,0.0000000,51.5337000,-0.0972000,13.5218000
20240223,488,P,12.6250,12.6250,12.6250,12.6250,0,0,0.1188000,-0.6875000,0.0000000,52.9585000,-0.0379000,-33.5459000
20240223,520,C,0.0550,0.0550,0.0550,0.0550,0,0,0.1103000,0.0090000,0.0000000,3.6672000,-0.0062000,0.4220000
20240223,520,P,43.6400,43.6400,43.6400,43.6400,0,0,0.2429000,-0.8514000,0.0000000,34.6523000,-0.0515000,-44.3072000
20240223,445,C,34.9000,34.9000,34.9000,34.9000,0,0,0.1818000,0.9052000,0.0000000,25.2336000,-0.1213000,39.0882000
20240223,445,P,1.0550,1.0550,1.0550,1.0550,0,0,0.1741000,-0.0857000,0.0000000,23.4406000,-0.0506000,-4.1341000
20240223,477,C,8.1450,8.1450,8.1450,8.1450,0,0,0.1206000,0.5480000,0.0000000,59.2479000,-0.1360000,24.9430000
20240223,477,P,6.3350,6.3350,6.3350,6.3350,0,0,0.1210000,-0.4520000,0.0000000,59.2496000,-0.0673000,-21.8645000
20240223,370,C,108.5450,108.5450,108.5450,108.5450,0,0,0.3789000,0.9870000,0.0000000,5.0046000,-0.0789000,35.6658000
20240223,370,P,0.1450,0.1450,0.1450,0.1450,0,0,0.3476000,-0.0078000,0.0000000,3.2206000,-0.0149000,-0.3819000
20240223,466,C,16.1250,16.1250,16.1250,16.1250,0,0,0.1392000,0.7400000,0.0000000,48.5206000,-0.1427000,33.1779000
20240223,466,P,3.2100,3.2100,3.2100,3.2100,0,0,0.1364000,-0.2559000,0.0000000,48.1329000,-0.0730000,-12.3427000
20240223,498,C,0.8350,0.8350,0.8350,0.8350,0,0,0.1019000,0.1133000,0.0000000,28.7436000,-0.0484000,5.2445000
20240223,498,P,21.6450,21.6450,21.6450,21.6450,0,0,0.1496000,-0.7913000,0.0000000,42.9542000,-0.0313000,-39.3117000
20240223,530,C,0.0250,0.0250,0.0250,0.0250,0,0,0.1191000,0.0035000,0.0000000,1.5835000,-0.0028000,0.1638000
20240223,530,P,53.6350,53.6350,53.6350,53.6350,0,0,0.2808000,-0.8658000,0.0000000,32.3438000,-0.0583000,-45.9671000
20240223,455,C,25.6250,25.6250,25.6250,25.6250,0,0,0.1605000,0.8503000,0.0000000,34.8266000,-0.1328000,37.4233000
20240223,455,P,1.7350,1.7350,1.7350,1.7350,0,0,0.1555000,-0.1422000,0.0000000,33.6648000,-0.0626000,-6.8555000
20240223,487,C,3.2800,3.2800,3.2800,3.2800,0,0,0.1088000,0.3166000,0.0000000,53.2639000,-0.1020000,14.5553000
20240223,487,P,11.8900,11.8900,11.8900,11.8900,0,0,0.1181000,-0.6689000,0.0000000,54.2464000,-0.0408000,-32.6000000
20240223,380,C,98.6300,98.6300,98.6300,98.6300,0,0,0.3510000,0.9843000,0.0000000,5.8906000,-0.0825000,36.5161000
20240223,380,P,0.1750,0.1750,0.1750,0.1750,0,0,0.3237000,-0.0100000,0.0000000,4.0008000,-0.0172000,-0.4884000
20240223,476,C,8.7750,8.7750,8.7750,8.7750,0,0,0.1221000,0.5691000,0.0000000,58.7810000,-0.1379000,25.8755000
20240223,476,P,5.9450,5.9450,5.9450,5.9450,0,0,0.1221000,-0.4308000,0.0000000,58.7803000,-0.0689000,-20.8255000
20240223,508,C,0.1950,0.1950,0.1950,0.1950,0,0,0.1010000,0.0324000,0.0000000,10.8535000,-0.0174000,1.5044000
20240223,508,P,31.6500,31.6500,31.6500,31.6500,0,0,0.1942000,-0.8260000,0.0000000,38.4213000,-0.0418000,-41.9286000
20240223,540,C,0.0150,0.0150,0.0150,0.0150,0,0,0.1308000,0.0018000,0.0000000,0.8795000,-0.0017000,0.0854000
20240223,540,P,63.6250,63.6250,63.6250,63.6250,0,0,0.3170000,-0.8764000,0.0000000,30.5410000,-0.0644000,-47.4527000
20240223,465,C,16.9400,16.9400,16.9400,16.9400,0,0,0.1411000,0.7529000,0.0000000,47.2405000,-0.1423000,33.7029000
20240223,465,P,3.0200,3.0200,3.0200,3.0200,0,0,0.1379000,-0.2423000,0.0000000,46.7530000,-0.0723000,-11.6840000
20240223,390,C,88.7200,88.7200,88.7200,88.7200,0,0,0.3222000,0.9811000,0.0000000,6.8847000,-0.0859000,37.3459000
20240223,390,P,0.2150,0.2150,0.2150,0.2150,0,0,0.2998000,-0.0129000,0.0000000,5.0023000,-0.0198000,-0.6306000
20240223,454,C,26.5350,26.5350,26.5350,26.5350,0,0,0.1626000,0.8573000,0.0000000,33.7266000,-0.1317000,37.6618000
20240223,454,P,1.6450,1.6450,1.6450,1.6450,0,0,0.1572000,-0.1349000,0.0000000,32.4771000,-0.0613000,-6.5033000
20240223,486,C,3.6400,3.6400,3.6400,3.6400,0,0,0.1097000,0.3396000,0.0000000,54.7939000,-0.1065000,15.5996000
20240223,486,P,11.1950,11.1950,11.1950,11.1950,0,0,0.1175000,-0.6493000,0.0000000,55.4470000,-0.0438000,-31.6117000
20240223,475,C,9.4250,9.4250,9.4250,9.4250,0,0,0.1236000,0.5896000,0.0000000,58.1654000,-0.1394000,26.7758000
20240223,475,P,5.5800,5.5800,5.5800,5.5800,0,0,0.1233000,-0.4101000,0.0000000,58.1593000,-0.0704000,-19.8185000
20240223,400,C,78.8300,78.8300,78.8300,78.8300,0,0,0.2951000,0.9765000,0.0000000,8.2871000,-0.0901000,38.1044000
20240223,400,P,0.2550,0.2550,0.2550,0.2550,0,0,0.2744000,-0.0165000,0.0000000,6.1672000,-0.0223000,-0.8027000
20240223,464,C,17.7700,17.7700,17.7700,17.7700,0,0,0.1430000,0.7652000,0.0000000,45.9471000,-0.1417000,34.1986000
20240223,464,P,2.8500,2.8500,2.8500,2.8500,0,0,0.1396000,-0.2297000,0.0000000,45.3921000,-0.0717000,-11.0729000
20240223,496,C,1.0950,1.0950,1.0950,1.0950,0,0,0.1026000,0.1409000,0.0000000,33.4571000,-0.0573000,6.5166000
20240223,496,P,19.6450,19.6450,19.6450,19.6450,0,0,0.1402000,-0.7814000,0.0000000,44.1217000,-0.0289000,-38.6526000
20240223,453,C,27.4450,27.4450,27.4450,27.4450,0,0,0.1646000,0.8640000,0.0000000,32.6409000,-0.1305000,37.8866000
20240223,453,P,1.5600,1.5600,1.5600,1.5600,0,0,0.1592000,-0.1283000,0.0000000,31.3641000,-0.0602000,-6.1830000
20240223,485,C,4.0300,4.0300,4.0300,4.0300,0,0,0.1107000,0.3631000,0.0000000,56.1317000,-0.1108000,16.6620000
20240223,485,P,10.5150,10.5150,10.5150,10.5150,0,0,0.1169000,-0.6291000,0.0000000,56.5268000,-0.0467000,-30.5933000
20240223,410,C,68.9500,68.9500,68.9500,68.9500,0,0,0.2675000,0.9705000,0.0000000,10.0220000,-0.0944000,38.7975000
20240223,410,P,0.3250,0.3250,0.3250,0.3250,0,0,0.2509000,-0.0222000,0.0000000,7.9388000,-0.0260000,-1.0787000
20240223,474,C,10.0950,10.0950,10.0950,10.0950,0,0,0.1252000,0.6095000,0.0000000,57.4170000,-0.1406000,27.6411000
20240223,474,P,5.2350,5.2350,5.2350,5.2350,0,0,0.1244000,-0.3899000,0.0000000,57.3936000,-0.0714000,-18.8345000
20240223,506,C,0.2550,0.2550,0.2550,0.2550,0,0,0.1003000,0.0413000,0.0000000,13.2512000,-0.0212000,1.9195000
20240223,506,P,29.6500,29.6500,29.6500,29.6500,0,0,0.1856000,-0.8204000,0.0000000,39.1972000,-0.0399000,-41.4686000
20240223,463,C,18.6100,18.6100,18.6100,18.6100,0,0,0.1449000,0.7768000,0.0000000,44.6560000,-0.1410000,34.6620000
20240223,463,P,2.6900,2.6900,2.6900,2.6900,0,0,0.1413000,-0.2176000,0.0000000,44.0268000,-0.0709000,-10.4929000
20240223,495,C,1.2550,1.2550,1.2550,1.2550,0,0,0.1032000,0.1567000,0.0000000,35.9192000,-0.0621000,7.2434000
20240223,495,P,18.6600,18.6600,18.6600,18.6600,0,0,0.1359000,-0.7752000,0.0000000,44.8417000,-0.0282000,-38.2610000
20240223,462.5,C,19.0300,19.0300,19.0300,19.0300,0,0,0.1458000,0.7825000,0.0000000,43.9983000,-0.1406000,34.8884000
20240223,462.5,P,2.6150,2.6150,2.6150,2.6150,0,0,0.1420000,-0.2117000,0.0000000,43.3220000,-0.0704000,-10.2047000
20240223,420,C,59.1050,59.1050,59.1050,59.1050,0,0,0.2407000,0.9618000,0.0000000,12.4137000,-0.0995000,39.3582000
20240223,420,P,0.4150,0.4150,0.4150,0.4150,0,0,0.2269000,-0.0303000,0.0000000,10.2830000,-0.0302000,-1.4673000
20240223,452,C,28.3650,28.3650,28.3650,28.3650,0,0,0.1668000,0.8702000,0.0000000,31.6118000,-0.1294000,38.0863000
20240223,452,P,1.4850,1.4850,1.4850,1.4850,0,0,0.1610000,-0.1217000,0.0000000,30.2381000,-0.0589000,-5.8676000
20240223,484,C,4.4500,4.4500,4.4500,4.4500,0,0,0.1117000,0.3867000,0.0000000,57.2598000,-0.1150000,17.7318000
20240223,484,P,9.8950,9.8950,9.8950,9.8950,0,0,0.1171000,-0.6075000,0.0000000,57.4986000,-0.0499000,-29.5186000
20240223,473,C,10.7900,10.7900,10.7900,10.7900,0,0,0.1269000,0.6284000,0.0000000,56.5590000,-0.1417000,28.4618000
20240223,473,P,4.9200,4.9200,4.9200,4.9200,0,0,0.1259000,-0.3706000,0.0000000,56.5148000,-0.0724000,-17.8985000
20240223,505,C,0.2950,0.2950,0.2950,0.2950,0,0,0.1003000,0.0472000,0.0000000,14.7468000,-0.0237000,2.1913000
20240223,505,P,28.6500,28.6500,28.6500,28.6500,0,0,0.1813000,-0.8174000,0.0000000,39.6081000,-0.0389000,-41.2283000
20240223,472.5,C,11.1450,11.1450,11.1450,11.1450,0,0,0.1277000,0.6377000,0.0000000,56.0868000,-0.1420000,28.8633000
20240223,472.5,P,4.7650,4.7650,4.7650,4.7650,0,0,0.1264000,-0.3610000,0.0000000,56.0239000,-0.0726000,-17.4331000
20240223,430,C,49.3200,49.3200,49.3200,49.3200,0,0,0.2159000,0.9474000,0.0000000,16.0603000,-0.1066000,39.6464000
20240223,430,P,0.5750,0.5750,0.5750,0.5750,0,0,0.2049000,-0.0442000,0.0000000,13.9837000,-0.0366000,-2.1340000
20240223,462,C,19.4550,19.4550,19.4550,19.4550,0,0,0.1466000,0.7881000,0.0000000,43.3304000,-0.1400000,35.1123000
20240223,462,P,2.5400,2.5400,2.5400,2.5400,0,0,0.1430000,-0.2062000,0.0000000,42.6634000,-0.0701000,-9.9426000
20240223,494,C,1.4300,1.4300,1.4300,1.4300,0,0,0.1038000,0.1738000,0.0000000,38.4035000,-0.0672000,8.0274000
20240223,494,P,17.7050,17.7050,17.7050,17.7050,0,0,0.1319000,-0.7677000,0.0000000,45.6765000,-0.0279000,-37.8139000
20240223,355,C,123.4200,123.4200,123.4200,123.4200,0,0,0.4223000,0.9898000,0.0000000,4.0242000,-0.0742000,34.3336000
20240223,355,P,0.1150,0.1150,0.1150,0.1150,0,0,0.3862000,-0.0057000,0.0000000,2.4455000,-0.0127000,-0.2805000
20240223,483,C,4.9000,4.9000,4.9000,4.9000,0,0,0.1129000,0.4105000,0.0000000,58.1739000,-0.1189000,18.8050000
20240223,483,P,9.2900,9.2900,9.2900,9.2900,0,0,0.1172000,-0.5856000,0.0000000,58.2996000,-0.0530000,-28.4309000
20240223,515,C,0.0850,0.0850,0.0850,0.0850,0,0,0.1054000,0.0145000,0.0000000,5.5294000,-0.0090000,0.6771000
20240223,515,P,38.6400,38.6400,38.6400,38.6400,0,0,0.2229000,-0.8424000,0.0000000,36.0304000,-0.0475000,-43.3911000
20240223,525,C,0.0350,0.0350,0.0350,0.0350,0,0,0.1142000,0.0054000,0.0000000,2.3304000,-0.0040000,0.2525000
20240223,525,P,48.6400,48.6400,48.6400,48.6400,0,0,0.2622000,-0.8590000,0.0000000,33.4474000,-0.0552000,-45.1575000
20240223,482.5,C,5.1300,5.1300,5.1300,5.1300,0,0,0.1134000,0.4223000,0.0000000,58.5466000,-0.1207000,19.3372000
20240223,482.5,P,9.0050,9.0050,9.0050,9.0050,0,0,0.1173000,-0.5745000,0.0000000,58.6342000,-0.0544000,-27.8827000
20240223,440,C,39.6650,39.6650,39.6650,39.6650,0,0,0.1928000,0.9231000,0.0000000,21.5637000,-0.1159000,39.4612000
20240223,440,P,0.8450,0.8450,0.8450,0.8450,0,0,0.1840000,-0.0678000,0.0000000,19.6034000,-0.0452000,-3.2694000
20240223,472,C,11.5050,11.5050,11.5050,11.5050,0,0,0.1286000,0.6467000,0.0000000,55.5970000,-0.1424000,29.2497000
20240223,472,P,4.6200,4.6200,4.6200,4.6200,0,0,0.1272000,-0.3519000,0.0000000,55.5224000,-0.0730000,-16.9911000
20240223,504,C,0.3450,0.3450,0.3450,0.3450,0,0,0.1004000,0.0540000,0.0000000,16.4025000,-0.0265000,2.5037000
20240223,504,P,27.6500,27.6500,27.6500,27.6500,0,0,0.1770000,-0.8141000,0.0000000,40.0420000,-0.0379000,-40.9783000
20240223,365,C,113.5000,113.5000,113.5000,113.5000,0,0,0.3935000,0.9880000,0.0000000,4.6610000,-0.0774000,35.2247000
20240223,365,P,0.1350,0.1350,0.1350,0.1350,0,0,0.3608000,-0.0070000,0.0000000,2.9515000,-0.0142000,-0.3463000
20240223,461,C,20.3150,20.3150,20.3150,20.3150,0,0,0.1486000,0.7985000,0.0000000,42.0604000,-0.1392000,35.5149000
20240223,461,P,2.4000,2.4000,2.4000,2.4000,0,0,0.1447000,-0.1954000,0.0000000,41.3073000,-0.0691000,-9.4208000
20240223,535,C,0.0250,0.0250,0.0250,0.0250,0,0,0.1298000,0.0034000,0.0000000,1.5659000,-0.0030000,0.1616000
20240223,535,P,58.6250,58.6250,58.6250,58.6250,0,0,0.2989000,-0.8716000,0.0000000,31.3668000,-0.0613000,-46.7332000
20240223,450,C,30.2100,30.2100,30.2100,30.2100,0,0,0.1710000,0.8816000,0.0000000,29.6274000,-0.1270000,38.4434000
20240223,450,P,1.3450,1.3450,1.3450,1.3450,0,0,0.1647000,-0.1100000,0.0000000,28.1412000,-0.0565000,-5.3030000
20240223,482,C,5.3750,5.3750,5.3750,5.3750,0,0,0.1140000,0.4341000,0.0000000,58.8665000,-0.1225000,19.8691000
20240223,482,P,8.7200,8.7200,8.7200,8.7200,0,0,0.1175000,-0.5634000,0.0000000,58.9248000,-0.0558000,-27.3302000
20240223,514,C,0.0950,0.0950,0.0950,0.0950,0,0,0.1047000,0.0162000,0.0000000,6.0754000,-0.0099000,0.7556000
20240223,514,P,37.6400,37.6400,37.6400,37.6400,0,0,0.2189000,-0.8404000,0.0000000,36.3383000,-0.0467000,-43.1959000
20240223,375,C,103.5850,103.5850,103.5850,103.5850,0,0,0.3642000,0.9858000,0.0000000,5.3773000,-0.0804000,36.1020000
20240223,375,P,0.1650,0.1650,0.1650,0.1650,0,0,0.3374000,-0.0091000,0.0000000,3.6859000,-0.0166000,-0.4452000
20240223,471,C,12.2400,12.2400,12.2400,12.2400,0,0,0.1304000,0.6640000,0.0000000,54.5622000,-0.1431000,29.9894000
20240223,471,P,4.3400,4.3400,4.3400,4.3400,0,0,0.1286000,-0.3339000,0.0000000,54.4356000,-0.0734000,-16.1195000
20240223,545,C,0.0150,0.0150,0.0150,0.0150,0,0,0.1406000,0.0018000,0.0000000,0.8692000,-0.0018000,0.0842000
20240223,545,P,68.6250,68.6250,68.6250,68.6250,0,0,0.3346000,-0.8807000,0.0000000,29.7908000,-0.0674000,-48.1475000
20240223,460,C,21.1850,21.1850,21.1850,21.1850,0,0,0.1506000,0.8083000,0.0000000,40.8100000,-0.1383000,35.8889000
20240223,460,P,2.2700,2.2700,2.2700,2.2700,0,0,0.1465000,-0.1853000,0.0000000,39.9759000,-0.0681000,-8.9309000
20240223,492,C,1.8400,1.8400,1.8400,1.8400,0,0,0.1049000,0.2101000,0.0000000,43.1363000,-0.0771000,9.6934000
20240223,492,P,15.8900,15.8900,15.8900,15.8900,0,0,0.1260000,-0.7470000,0.0000000,47.8329000,-0.0296000,-36.6651000
20240223,385,C,93.6750,93.6750,93.6750,93.6750,0,0,0.3359000,0.9830000,0.0000000,6.3046000,-0.0839000,36.9445000
20240223,385,P,0.1950,0.1950,0.1950,0.1950,0,0,0.3120000,-0.0114000,0.0000000,4.4867000,-0.0186000,-0.5567000
20240223,481,C,5.8750,5.8750,5.8750,5.8750,0,0,0.1152000,0.4576000,0.0000000,59.3446000,-0.1258000,20.9243000
20240223,481,P,8.1850,8.1850,8.1850,8.1850,0,0,0.1179000,-0.5409000,0.0000000,59.3652000,-0.0585000,-26.2229000
20240223,470,C,12.9850,12.9850,12.9850,12.9850,0,0,0.1320000,0.6808000,0.0000000,53.4366000,-0.1432000,30.7078000
20240223,470,P,4.0800,4.0800,4.0800,4.0800,0,0,0.1300000,-0.3168000,0.0000000,53.2713000,-0.0736000,-15.2860000
20240223,502,C,0.4650,0.4650,0.4650,0.4650,0,0,0.1007000,0.0698000,0.0000000,20.0617000,-0.0328000,3.2381000
20240223,502,P,25.6500,25.6500,25.6500,25.6500,0,0,0.1681000,-0.8072000,0.0000000,40.9485000,-0.0359000,-40.4578000
20240223,395,C,83.7700,83.7700,83.7700,83.7700,0,0,0.3083000,0.9791000,0.0000000,7.5094000,-0.0878000,37.7386000
20240223,395,P,0.2350,0.2350,0.2350,0.2350,0,0,0.2873000,-0.0147000,0.0000000,5.5683000,-0.0211000,-0.7134000
20240223,459,C,22.0550,22.0550,22.0550,22.0550,0,0,0.1525000,0.8179000,0.0000000,39.5400000,-0.1372000,36.2515000
20240223,459,P,2.1500,2.1500,2.1500,2.1500,0,0,0.1483000,-0.1758000,0.0000000,38.6749000,-0.0672000,-8.4716000
20240229,320,C,158.4800,158.4800,158.4800,158.4800,0,0,0.5003000,0.9931000,0.0000000,3.0931000,-0.0641000,36.1996000
20240229,320,P,0.0750,0.0750,0.0750,0.0750,0,0,0.4472000,-0.0030000,0.0000000,1.5179000,-0.0078000,-0.1774000
20240229,416,C,63.5300,63.5300,63.5300,63.5300,0,0,0.2441000,0.9599000,0.0000000,13.9242000,-0.0977000,45.3088000
20240229,416,P,0.4750,0.4750,0.4750,0.4750,0,0,0.2294000,-0.0316000,0.0000000,11.4878000,-0.0291000,-1.7880000
20240229,448,C,32.7750,32.7750,32.7750,32.7750,0,0,0.1736000,0.8799000,0.0000000,32.3406000,-0.1230000,44.4584000
20240229,448,P,1.4950,1.4950,1.4950,1.4950,0,0,0.1669000,-0.1113000,0.0000000,30.6478000,-0.0529000,-6.2740000
20240229,480,C,7.2000,7.2000,7.2000,7.2000,0,0,0.1172000,0.4924000,0.0000000,64.4506000,-0.1230000,26.1630000
20240229,480,P,8.0800,8.0800,8.0800,8.0800,0,0,0.1194000,-0.5071000,0.0000000,64.4519000,-0.0553000,-28.7256000
20240229,512,C,0.1750,0.1750,0.1750,0.1750,0,0,0.1007000,0.0275000,0.0000000,10.2577000,-0.0141000,1.4931000
20240229,512,P,35.6400,35.6400,35.6400,35.6400,0,0,0.2042000,-0.8210000,0.0000000,42.2480000,-0.0406000,-49.1026000
20240229,437,C,43.1550,43.1550,43.1550,43.1550,0,0,0.1964000,0.9219000,0.0000000,23.5751000,-0.1127000,45.5688000
20240229,437,P,0.9450,0.9450,0.9450,0.9450,0,0,0.1872000,-0.0687000,0.0000000,21.4024000,-0.0428000,-3.8779000
20240229,405,C,74.3450,74.3450,74.3450,74.3450,0,0,0.2712000,0.9696000,0.0000000,11.0988000,-0.0922000,44.5943000
20240229,405,P,0.3650,0.3650,0.3650,0.3650,0,0,0.2537000,-0.0228000,0.0000000,8.7474000,-0.0247000,-1.2923000
20240229,469,C,14.6050,14.6050,14.6050,14.6050,0,0,0.1341000,0.6908000,0.0000000,56.9342000,-0.1366000,36.1885000
20240229,469,P,4.2850,4.2850,4.2850,4.2850,0,0,0.1319000,-0.3064000,0.0000000,56.7218000,-0.0672000,-17.2921000
20240229,501,C,0.7650,0.7650,0.7650,0.7650,0,0,0.1007000,0.0999000,0.0000000,28.3571000,-0.0408000,5.3936000
20240229,501,P,24.6450,24.6450,24.6450,24.6450,0,0,0.1589000,-0.7869000,0.0000000,46.9681000,-0.0307000,-45.9672000
20240229,330,C,148.5600,148.5600,148.5600,148.5600,0,0,0.4716000,0.9920000,0.0000000,3.5142000,-0.0668000,37.2824000
20240229,330,P,0.0950,0.0950,0.0950,0.0950,0,0,0.4267000,-0.0040000,0.0000000,1.9246000,-0.0094000,-0.2309000
20240229,426,C,53.7650,53.7650,53.7650,53.7650,0,0,0.2203000,0.9466000,0.0000000,17.5385000,-0.1037000,45.7031000
20240229,426,P,0.6450,0.6450,0.6450,0.6450,0,0,0.2091000,-0.0449000,0.0000000,15.2941000,-0.0348000,-2.5358000
20240229,458,C,23.7250,23.7250,23.7250,23.7250,0,0,0.1540000,0.8143000,0.0000000,43.2183000,-0.1322000,41.9091000
20240229,458,P,2.4050,2.4050,2.4050,2.4050,0,0,0.1496000,-0.1789000,0.0000000,42.2460000,-0.0625000,-10.0855000
20240229,490,C,2.9000,2.9000,2.9000,2.9000,0,0,0.1070000,0.2768000,0.0000000,54.0959000,-0.0877000,14.8422000
20240229,490,P,14.3750,14.3750,14.3750,14.3750,0,0,0.1213000,-0.6976000,0.0000000,56.3803000,-0.0310000,-39.8919000
20240229,522,C,0.0650,0.0650,0.0650,0.0650,0,0,0.1079000,0.0102000,0.0000000,4.4172000,-0.0063000,0.5573000
20240229,522,P,45.6350,45.6350,45.6350,45.6350,0,0,0.2421000,-0.8410000,0.0000000,39.1474000,-0.0479000,-51.3495000
20240229,415,C,64.5150,64.5150,64.5150,64.5150,0,0,0.2464000,0.9611000,0.0000000,13.6074000,-0.0971000,45.2573000
20240229,415,P,0.4650,0.4650,0.4650,0.4650,0,0,0.2318000,-0.0307000,0.0000000,11.2169000,-0.0287000,-1.7375000
20240229,447,C,33.7000,33.7000,33.7000,33.7000,0,0,0.1756000,0.8847000,0.0000000,31.4057000,-0.1220000,44.6187000
20240229,447,P,1.4350,1.4350,1.4350,1.4350,0,0,0.1688000,-0.1065000,0.0000000,29.6974000,-0.0521000,-6.0054000
20240229,479,C,7.7700,7.7700,7.7700,7.7700,0,0,0.1185000,0.5133000,0.0000000,64.4259000,-0.1253000,27.2457000
20240229,479,P,7.6200,7.6200,7.6200,7.6200,0,0,0.1202000,-0.4865000,0.0000000,64.4257000,-0.0573000,-27.5466000
20240229,340,C,138.6500,138.6500,138.6500,138.6500,0,0,0.4453000,0.9905000,0.0000000,4.0926000,-0.0701000,38.3403000
20240229,340,P,0.1150,0.1150,0.1150,0.1150,0,0,0.4047000,-0.0051000,0.0000000,2.3790000,-0.0110000,-0.2923000
20240229,436,C,44.1150,44.1150,44.1150,44.1150,0,0,0.1987000,0.9246000,0.0000000,22.9564000,-0.1119000,45.6054000
20240229,436,P,0.9150,0.9150,0.9150,0.9150,0,0,0.1893000,-0.0662000,0.0000000,20.7835000,-0.0421000,-3.7339000
20240229,500,C,0.8800,0.8800,0.8800,0.8800,0,0,0.1014000,0.1123000,0.0000000,30.8515000,-0.0449000,6.0581000
20240229,500,P,23.6450,23.6450,23.6450,23.6450,0,0,0.1546000,-0.7827000,0.0000000,47.5007000,-0.0297000,-45.6231000
20240229,468,C,15.3750,15.3750,15.3750,15.3750,0,0,0.1357000,0.7051000,0.0000000,55.7369000,-0.1367000,36.8829000
20240229,468,P,4.0550,4.0550,4.0550,4.0550,0,0,0.1334000,-0.2918000,0.0000000,55.4775000,-0.0673000,-16.4643000
20240229,425,C,54.7400,54.7400,54.7400,54.7400,0,0,0.2230000,0.9480000,0.0000000,17.1858000,-0.1033000,45.6643000
20240229,425,P,0.6250,0.6250,0.6250,0.6250,0,0,0.2111000,-0.0433000,0.0000000,14.8613000,-0.0342000,-2.4474000
20240229,457,C,24.6000,24.6000,24.6000,24.6000,0,0,0.1559000,0.8226000,0.0000000,42.0126000,-0.1314000,42.2574000
20240229,457,P,2.2850,2.2850,2.2850,2.2850,0,0,0.1512000,-0.1703000,0.0000000,40.9489000,-0.0615000,-9.6016000
20240229,489,C,3.2150,3.2150,3.2150,3.2150,0,0,0.1077000,0.2972000,0.0000000,55.9463000,-0.0918000,15.9232000
20240229,489,P,13.6000,13.6000,13.6000,13.6000,0,0,0.1201000,-0.6819000,0.0000000,57.6352000,-0.0332000,-38.9439000
20240229,350,C,128.7350,128.7350,128.7350,128.7350,0,0,0.4157000,0.9892000,0.0000000,4.5869000,-0.0725000,39.4097000
20240229,350,P,0.1350,0.1350,0.1350,0.1350,0,0,0.3808000,-0.0062000,0.0000000,2.8504000,-0.0124000,-0.3577000
20240229,414,C,65.5000,65.5000,65.5000,65.5000,0,0,0.2495000,0.9617000,0.0000000,13.4173000,-0.0969000,45.1800000
20240229,414,P,0.4550,0.4550,0.4550,0.4550,0,0,0.2341000,-0.0298000,0.0000000,10.9541000,-0.0283000,-1.6888000
20240229,446,C,34.6350,34.6350,34.6350,34.6350,0,0,0.1776000,0.8895000,0.0000000,30.4818000,-0.1210000,44.7703000
20240229,446,P,1.3750,1.3750,1.3750,1.3750,0,0,0.1707000,-0.1019000,0.0000000,28.7599000,-0.0512000,-5.7458000
20240229,510,C,0.2250,0.2250,0.2250,0.2250,0,0,0.1000000,0.0348000,0.0000000,12.4395000,-0.0172000,1.8844000
20240229,510,P,33.6400,33.6400,33.6400,33.6400,0,0,0.1962000,-0.8160000,0.0000000,42.9798000,-0.0389000,-48.5996000
20240229,478,C,8.3650,8.3650,8.3650,8.3650,0,0,0.1199000,0.5338000,0.0000000,64.2296000,-0.1274000,28.3009000
20240229,478,P,7.1800,7.1800,7.1800,7.1800,0,0,0.1210000,-0.4662000,0.0000000,64.2318000,-0.0591000,-26.3836000
20240229,435,C,45.0750,45.0750,45.0750,45.0750,0,0,0.2009000,0.9272000,0.0000000,22.3433000,-0.1111000,45.6387000
20240229,435,P,0.8750,0.8750,0.8750,0.8750,0,0,0.1910000,-0.0633000,0.0000000,20.0709000,-0.0411000,-3.5700000
20240229,467,C,16.1650,16.1650,16.1650,16.1650,0,0,0.1375000,0.7186000,0.0000000,54.5229000,-0.1367000,37.5287000
20240229,467,P,3.8400,3.8400,3.8400,3.8400,0,0,0.1350000,-0.2780000,0.0000000,54.2098000,-0.0673000,-15.6832000
20240229,499,C,1.0050,1.0050,1.0050,1.0050,0,0,0.1016000,0.1244000,0.0000000,33.1626000,-0.0486000,6.7070000
20240229,499,P,22.6450,22.6450,22.6450,22.6450,0,0,0.1502000,-0.7782000,0.0000000,48.0583000,-0.0287000,-45.2637000
20240229,360,C,118.8300,118.8300,118.8300,118.8300,0,0,0.3901000,0.9870000,0.0000000,5.3840000,-0.0761000,40.4294000
20240229,360,P,0.1550,0.1550,0.1550,0.1550,0,0,0.3564000,-0.0076000,0.0000000,3.3907000,-0.0138000,-0.4345000
20240229,424,C,55.7150,55.7150,55.7150,55.7150,0,0,0.2250000,0.9497000,0.0000000,16.7269000,-0.1025000,45.6479000
20240229,424,P,0.6050,0.6050,0.6050,0.6050,0,0,0.2131000,-0.0417000,0.0000000,14.4191000,-0.0336000,-2.3579000
20240229,456,C,25.4900,25.4900,25.4900,25.4900,0,0,0.1579000,0.8302000,0.0000000,40.8467000,-0.1306000,42.5757000
20240229,456,P,2.1800,2.1800,2.1800,2.1800,0,0,0.1531000,-0.1627000,0.0000000,39.7513000,-0.0609000,-9.1704000
20240229,520,C,0.0750,0.0750,0.0750,0.0750,0,0,0.1057000,0.0119000,0.0000000,5.0455000,-0.0071000,0.6494000
20240229,520,P,43.6350,43.6350,43.6350,43.6350,0,0,0.2347000,-0.8376000,0.0000000,39.6879000,-0.0464000,-50.9344000
20240229,488,C,3.5600,3.5600,3.5600,3.5600,0,0,0.1087000,0.3185000,0.0000000,57.6753000,-0.0961000,17.0517000
20240229,488,P,12.8650,12.8650,12.8650,12.8650,0,0,0.1192000,-0.6651000,0.0000000,58.8546000,-0.0355000,-37.9393000
20240229,413,C,66.4800,66.4800,66.4800,66.4800,0,0,0.2519000,0.9627000,0.0000000,13.1352000,-0.0964000,45.1209000
20240229,413,P,0.4450,0.4450,0.4450,0.4450,0,0,0.2364000,-0.0290000,0.0000000,10.6991000,-0.0280000,-1.6419000
20240229,445,C,35.5700,35.5700,35.5700,35.5700,0,0,0.1798000,0.8937000,0.0000000,29.6432000,-0.1202000,44.8924000
20240229,445,P,1.3150,1.3150,1.3150,1.3150,0,0,0.1725000,-0.0974000,0.0000000,27.8190000,-0.0502000,-5.4902000
20240229,477,C,8.9800,8.9800,8.9800,8.9800,0,0,0.1213000,0.5538000,0.0000000,63.8745000,-0.1293000,29.3229000
20240229,477,P,6.7700,6.7700,6.7700,6.7700,0,0,0.1219000,-0.4463000,0.0000000,63.8781000,-0.0608000,-25.2436000
20240229,370,C,108.9300,108.9300,108.9300,108.9300,0,0,0.3637000,0.9845000,0.0000000,6.2746000,-0.0795000,41.4307000
20240229,370,P,0.1850,0.1850,0.1850,0.1850,0,0,0.3334000,-0.0095000,0.0000000,4.1354000,-0.0157000,-0.5439000
20240229,434,C,46.0350,46.0350,46.0350,46.0350,0,0,0.2030000,0.9298000,0.0000000,21.7222000,-0.1102000,45.6721000
20240229,434,P,0.8450,0.8450,0.8450,0.8450,0,0,0.1929000,-0.0608000,0.0000000,19.4524000,-0.0403000,-3.4299000
20240229,466,C,16.9650,16.9650,16.9650,16.9650,0,0,0.1392000,0.7315000,0.0000000,53.2745000,-0.1365000,38.1449000
20240229,466,P,3.6350,3.6350,3.6350,3.6350,0,0,0.1364000,-0.2645000,0.0000000,52.8817000,-0.0670000,-14.9192000
20240229,498,C,1.1400,1.1400,1.1400,1.1400,0,0,0.1021000,0.1379000,0.0000000,35.6118000,-0.0527000,7.4322000
20240229,498,P,21.6450,21.6450,21.6450,21.6450,0,0,0.1458000,-0.7736000,0.0000000,48.6305000,-0.0276000,-44.8926000
20240229,530,C,0.0350,0.0350,0.0350,0.0350,0,0,0.1147000,0.0051000,0.0000000,2.3964000,-0.0036000,0.2785000
20240229,530,P,53.6300,53.6300,53.6300,53.6300,0,0,0.2712000,-0.8526000,0.0000000,37.2280000,-0.0533000,-52.9063000
20240229,423,C,56.6900,56.6900,56.6900,56.6900,0,0,0.2277000,0.9510000,0.0000000,16.3965000,-0.1021000,45.6030000
20240229,423,P,0.5850,0.5850,0.5850,0.5850,0,0,0.2150000,-0.0402000,0.0000000,13.9915000,-0.0329000,-2.2723000
20240229,455,C,26.3800,26.3800,26.3800,26.3800,0,0,0.1598000,0.8377000,0.0000000,39.6750000,-0.1297000,42.8829000
20240229,455,P,2.0750,2.0750,2.0750,2.0750,0,0,0.1547000,-0.1548000,0.0000000,38.4749000,-0.0598000,-8.7244000
20240229,487,C,3.9200,3.9200,3.9200,3.9200,0,0,0.1094000,0.3398000,0.0000000,59.1977000,-0.1001000,18.1784000
20240229,487,P,12.1600,12.1600,12.1600,12.1600,0,0,0.1186000,-0.6472000,0.0000000,60.0186000,-0.0381000,-36.8769000
20240229,380,C,99.0300,99.0300,99.0300,99.0300,0,0,0.3364000,0.9817000,0.0000000,7.2483000,-0.0826000,42.4144000
20240229,380,P,0.2150,0.2150,0.2150,0.2150,0,0,0.3093000,-0.0117000,0.0000000,4.9672000,-0.0174000,-0.6699000
20240229,412,C,67.4600,67.4600,67.4600,67.4600,0,0,0.2542000,0.9637000,0.0000000,12.8418000,-0.0958000,45.0637000
20240229,412,P,0.4250,0.4250,0.4250,0.4250,0,0,0.2377000,-0.0277000,0.0000000,10.3030000,-0.0271000,-1.5691000
20240229,444,C,36.5100,36.5100,36.5100,36.5100,0,0,0.1818000,0.8978000,0.0000000,28.8000000,-0.1192000,45.0117000
20240229,444,P,1.2550,1.2550,1.2550,1.2550,0,0,0.1741000,-0.0929000,0.0000000,26.8749000,-0.0491000,-5.2388000
20240229,476,C,9.6150,9.6150,9.6150,9.6150,0,0,0.1227000,0.5732000,0.0000000,63.3718000,-0.1309000,30.3163000
20240229,476,P,6.3900,6.3900,6.3900,6.3900,0,0,0.1230000,-0.4268000,0.0000000,63.3759000,-0.0623000,-24.1324000
20240229,508,C,0.2950,0.2950,0.2950,0.2950,0,0,0.0998000,0.0443000,0.0000000,15.1332000,-0.0210000,2.3967000
20240229,508,P,31.6400,31.6400,31.6400,31.6400,0,0,0.1882000,-0.8106000,0.0000000,43.7601000,-0.0372000,-48.0722000
20240229,540,C,0.0250,0.0250,0.0250,0.0250,0,0,0.1279000,0.0031000,0.0000000,1.5605000,-0.0025000,0.1723000
20240229,540,P,63.6300,63.6300,63.6300,63.6300,0,0,0.3060000,-0.8638000,0.0000000,35.2956000,-0.0594000,-54.6683000
20240229,305,C,173.3650,173.3650,173.3650,173.3650,0,0,0.5429000,0.9945000,0.0000000,2.5233000,-0.0600000,34.5647000
20240229,305,P,0.0650,0.0650,0.0650,0.0650,0,0,0.4882000,-0.0024000,0.0000000,1.2390000,-0.0070000,-0.1421000
20240229,433,C,47.0050,47.0050,47.0050,47.0050,0,0,0.2055000,0.9319000,0.0000000,21.2270000,-0.1096000,45.6737000
20240229,433,P,0.8150,0.8150,0.8150,0.8150,0,0,0.1949000,-0.0584000,0.0000000,18.8546000,-0.0395000,-3.2963000
20240229,465,C,17.7750,17.7750,17.7750,17.7750,0,0,0.1410000,0.7438000,0.0000000,52.0102000,-0.1362000,38.7257000
20240229,465,P,3.4500,3.4500,3.4500,3.4500,0,0,0.1382000,-0.2521000,0.0000000,51.5826000,-0.0668000,-14.2189000
20240229,497,C,1.2950,1.2950,1.2950,1.2950,0,0,0.1025000,0.1520000,0.0000000,38.0194000,-0.0567000,8.1868000
20240229,497,P,20.6450,20.6450,20.6450,20.6450,0,0,0.1413000,-0.7685000,0.0000000,49.2379000,-0.0265000,-44.5001000
20240229,390,C,89.1450,89.1450,89.1450,89.1450,0,0,0.3098000,0.9779000,0.0000000,8.4892000,-0.0861000,43.3471000
20240229,390,P,0.2650,0.2650,0.2650,0.2650,0,0,0.2873000,-0.0152000,0.0000000,6.2129000,-0.0201000,-0.8667000
20240229,422,C,57.6650,57.6650,57.6650,57.6650,0,0,0.2297000,0.9527000,0.0000000,15.9404000,-0.1012000,45.5845000
20240229,422,P,0.5650,0.5650,0.5650,0.5650,0,0,0.2169000,-0.0387000,0.0000000,13.5552000,-0.0322000,-2.1857000
20240229,454,C,27.2800,27.2800,27.2800,27.2800,0,0,0.1618000,0.8446000,0.0000000,38.5539000,-0.1288000,43.1598000
20240229,454,P,1.9750,1.9750,1.9750,1.9750,0,0,0.1564000,-0.1475000,0.0000000,37.2589000,-0.0588000,-8.3131000
20240229,486,C,4.3100,4.3100,4.3100,4.3100,0,0,0.1104000,0.3616000,0.0000000,60.5433000,-0.1040000,19.3242000
20240229,486,P,11.4850,11.4850,11.4850,11.4850,0,0,0.1181000,-0.6286000,0.0000000,61.0783000,-0.0406000,-35.7809000
20240229,518,C,0.0850,0.0850,0.0850,0.0850,0,0,0.1032000,0.0138000,0.0000000,5.7139000,-0.0079000,0.7500000
20240229,518,P,41.6350,41.6350,41.6350,41.6350,0,0,0.2271000,-0.8340000,0.0000000,40.2633000,-0.0450000,-50.5046000
20240229,315,C,163.4400,163.4400,163.4400,163.4400,0,0,0.5148000,0.9936000,0.0000000,2.9015000,-0.0628000,35.6551000
20240229,315,P,0.0750,0.0750,0.0750,0.0750,0,0,0.4628000,-0.0029000,0.0000000,1.4644000,-0.0078000,-0.1707000
20240229,411,C,68.4400,68.4400,68.4400,68.4400,0,0,0.2564000,0.9648000,0.0000000,12.5379000,-0.0951000,45.0082000
20240229,411,P,0.4150,0.4150,0.4150,0.4150,0,0,0.2399000,-0.0269000,0.0000000,10.0476000,-0.0267000,-1.5228000
20240229,443,C,37.4500,37.4500,37.4500,37.4500,0,0,0.1838000,0.9018000,0.0000000,27.9667000,-0.1182000,45.1242000
20240229,443,P,1.2050,1.2050,1.2050,1.2050,0,0,0.1760000,-0.0889000,0.0000000,26.0215000,-0.0482000,-5.0161000
20240229,475,C,10.2750,10.2750,10.2750,10.2750,0,0,0.1242000,0.5920000,0.0000000,62.7380000,-0.1323000,31.2703000
20240229,475,P,6.0300,6.0300,6.0300,6.0300,0,0,0.1241000,-0.4078000,0.0000000,62.7360000,-0.0635000,-23.0506000
20240229,432,C,47.9650,47.9650,47.9650,47.9650,0,0,0.2075000,0.9344000,0.0000000,20.6157000,-0.1087000,45.7016000
20240229,432,P,0.7850,0.7850,0.7850,0.7850,0,0,0.1968000,-0.0561000,0.0000000,18.2769000,-0.0388000,-3.1688000
20240229,400,C,79.2750,79.2750,79.2750,79.2750,0,0,0.2841000,0.9727000,0.0000000,10.1364000,-0.0901000,44.1988000
20240229,400,P,0.3250,0.3250,0.3250,0.3250,0,0,0.2646000,-0.0197000,0.0000000,7.7459000,-0.0229000,-1.1201000
20240229,464,C,18.5950,18.5950,18.5950,18.5950,0,0,0.1428000,0.7555000,0.0000000,50.7328000,-0.1359000,39.2746000
20240229,464,P,3.2700,3.2700,3.2700,3.2700,0,0,0.1397000,-0.2400000,0.0000000,50.2364000,-0.0664000,-13.5333000
20240229,496,C,1.4650,1.4650,1.4650,1.4650,0,0,0.1030000,0.1673000,0.0000000,40.4802000,-0.0610000,9.0054000
20240229,496,P,19.6600,19.6600,19.6600,19.6600,0,0,0.1372000,-0.7625000,0.0000000,49.9433000,-0.0258000,-44.0568000
20240229,325,C,153.5200,153.5200,153.5200,153.5200,0,0,0.4863000,0.9925000,0.0000000,3.3093000,-0.0656000,36.7403000
20240229,325,P,0.0850,0.0850,0.0850,0.0850,0,0,0.4375000,-0.0035000,0.0000000,1.7231000,-0.0087000,-0.2042000
20240229,421,C,58.6400,58.6400,58.6400,58.6400,0,0,0.2322000,0.9539000,0.0000000,15.6089000,-0.1007000,45.5388000
20240229,421,P,0.5450,0.5450,0.5450,0.5450,0,0,0.2187000,-0.0372000,0.0000000,13.1335000,-0.0315000,-2.1028000
20240229,453,C,28.1850,28.1850,28.1850,28.1850,0,0,0.1636000,0.8515000,0.0000000,37.4211000,-0.1278000,43.4300000
20240229,453,P,1.8850,1.8850,1.8850,1.8850,0,0,0.1582000,-0.1407000,0.0000000,36.0990000,-0.0579000,-7.9323000
20240229,485,C,4.7300,4.7300,4.7300,4.7300,0,0,0.1114000,0.3835000,0.0000000,61.6984000,-0.1077000,20.4814000
20240229,485,P,10.8400,10.8400,10.8400,10.8400,0,0,0.1179000,-0.6093000,0.0000000,62.0273000,-0.0433000,-34.6442000
20240229,410,C,69.4250,69.4250,69.4250,69.4250,0,0,0.2587000,0.9657000,0.0000000,12.2606000,-0.0945000,44.9471000
20240229,410,P,0.4050,0.4050,0.4050,0.4050,0,0,0.2421000,-0.0261000,0.0000000,9.8000000,-0.0263000,-1.4782000
20240229,442,C,38.4000,38.4000,38.4000,38.4000,0,0,0.1861000,0.9054000,0.0000000,27.2165000,-0.1174000,45.2103000
20240229,442,P,1.1550,1.1550,1.1550,1.1550,0,0,0.1778000,-0.0850000,0.0000000,25.1641000,-0.0472000,-4.7963000
20240229,474,C,10.9500,10.9500,10.9500,10.9500,0,0,0.1258000,0.6101000,0.0000000,61.9873000,-0.1335000,32.1857000
20240229,474,P,5.6900,5.6900,5.6900,5.6900,0,0,0.1253000,-0.3894000,0.0000000,61.9702000,-0.0646000,-22.0001000
20240229,506,C,0.3850,0.3850,0.3850,0.3850,0,0,0.0997000,0.0561000,0.0000000,18.2696000,-0.0255000,3.0336000
20240229,506,P,29.6400,29.6400,29.6400,29.6400,0,0,0.1800000,-0.8046000,0.0000000,44.5960000,-0.0355000,-47.5158000
20240229,335,C,143.6050,143.6050,143.6050,143.6050,0,0,0.4570000,0.9915000,0.0000000,3.7291000,-0.0681000,37.8229000
20240229,335,P,0.1050,0.1050,0.1050,0.1050,0,0,0.4160000,-0.0045000,0.0000000,2.1483000,-0.0103000,-0.2609000
20240229,431,C,48.9350,48.9350,48.9350,48.9350,0,0,0.2099000,0.9364000,0.0000000,20.1270000,-0.1080000,45.6992000
20240229,431,P,0.7550,0.7550,0.7550,0.7550,0,0,0.1986000,-0.0538000,0.0000000,17.6647000,-0.0379000,-3.0352000
20240229,463,C,19.4300,19.4300,19.4300,19.4300,0,0,0.1447000,0.7664000,0.0000000,49.4792000,-0.1355000,39.7773000
20240229,463,P,3.1000,3.1000,3.1000,3.1000,0,0,0.1413000,-0.2285000,0.0000000,48.8854000,-0.0659000,-12.8816000
20240229,495,C,1.6500,1.6500,1.6500,1.6500,0,0,0.1036000,0.1836000,0.0000000,42.9313000,-0.0654000,9.8749000
20240229,495,P,18.6950,18.6950,18.6950,18.6950,0,0,0.1332000,-0.7557000,0.0000000,50.7167000,-0.0253000,-43.5723000
20240229,420,C,59.6200,59.6200,59.6200,59.6200,0,0,0.2348000,0.9551000,0.0000000,15.2869000,-0.1002000,45.4906000
20240229,420,P,0.5350,0.5350,0.5350,0.5350,0,0,0.2213000,-0.0362000,0.0000000,12.8572000,-0.0312000,-2.0493000
20240229,452,C,29.0950,29.0950,29.0950,29.0950,0,0,0.1656000,0.8577000,0.0000000,36.3561000,-0.1269000,43.6671000
20240229,452,P,1.8000,1.8000,1.8000,1.8000,0,0,0.1601000,-0.1345000,0.0000000,35.0052000,-0.0571000,-7.5830000
20240229,484,C,5.1750,5.1750,5.1750,5.1750,0,0,0.1124000,0.4055000,0.0000000,62.6479000,-0.1112000,21.6352000
20240229,484,P,10.2250,10.2250,10.2250,10.2250,0,0,0.1178000,-0.5894000,0.0000000,62.8339000,-0.0458000,-33.4864000
20240229,516,C,0.1050,0.1050,0.1050,0.1050,0,0,0.1020000,0.0171000,0.0000000,6.8649000,-0.0095000,0.9286000
20240229,516,P,39.6400,39.6400,39.6400,39.6400,0,0,0.2197000,-0.8298000,0.0000000,40.9168000,-0.0437000,-50.0451000
20240229,345,C,133.6950,133.6950,133.6950,133.6950,0,0,0.4304000,0.9899000,0.0000000,4.3274000,-0.0713000,38.8770000
20240229,345,P,0.1250,0.1250,0.1250,0.1250,0,0,0.3930000,-0.0056000,0.0000000,2.6140000,-0.0118000,-0.3247000
20240229,409,C,70.4100,70.4100,70.4100,70.4100,0,0,0.2617000,0.9663000,0.0000000,12.0806000,-0.0943000,44.8668000
20240229,409,P,0.3950,0.3950,0.3950,0.3950,0,0,0.2443000,-0.0253000,0.0000000,9.5597000,-0.0259000,-1.4353000
20240229,441,C,39.3450,39.3450,39.3450,39.3450,0,0,0.1879000,0.9093000,0.0000000,26.3876000,-0.1163000,45.3144000
20240229,441,P,1.1100,1.1100,1.1100,1.1100,0,0,0.1799000,-0.0817000,0.0000000,24.4259000,-0.0465000,-4.6106000
20240229,505,C,0.4450,0.4450,0.4450,0.4450,0,0,0.0999000,0.0635000,0.0000000,20.1301000,-0.0282000,3.4322000
20240229,505,P,28.6400,28.6400,28.6400,28.6400,0,0,0.1759000,-0.8014000,0.0000000,45.0345000,-0.0345000,-47.2263000
20240229,473,C,11.6500,11.6500,11.6500,11.6500,0,0,0.1275000,0.6276000,0.0000000,61.1344000,-0.1345000,33.0610000
20240229,473,P,5.3700,5.3700,5.3700,5.3700,0,0,0.1265000,-0.3715000,0.0000000,61.0923000,-0.0655000,-20.9843000
20240229,430,C,49.9000,49.9000,49.9000,49.9000,0,0,0.2124000,0.9383000,0.0000000,19.6535000,-0.1074000,45.6922000
20240229,430,P,0.7350,0.7350,0.7350,0.7350,0,0,0.2009000,-0.0520000,0.0000000,17.2055000,-0.0374000,-2.9366000
20240229,462,C,20.2700,20.2700,20.2700,20.2700,0,0,0.1466000,0.7770000,0.0000000,48.2056000,-0.1350000,40.2605000
20240229,462,P,2.9450,2.9450,2.9450,2.9450,0,0,0.1429000,-0.2174000,0.0000000,47.5250000,-0.0653000,-12.2576000
20240229,494,C,1.8600,1.8600,1.8600,1.8600,0,0,0.1043000,0.2008000,0.0000000,45.3574000,-0.0699000,10.7968000
20240229,494,P,17.7750,17.7750,17.7750,17.7750,0,0,0.1300000,-0.7467000,0.0000000,51.6959000,-0.0257000,-42.9769000
20240229,526,C,0.0450,0.0450,0.0450,0.0450,0,0,0.1103000,0.0068000,0.0000000,3.0719000,-0.0045000,0.3686000
20240229,526,P,49.6300,49.6300,49.6300,49.6300,0,0,0.2568000,-0.8472000,0.0000000,38.1378000,-0.0506000,-52.1482000
20240229,355,C,123.7850,123.7850,123.7850,123.7850,0,0,0.4030000,0.9881000,0.0000000,4.9761000,-0.0743000,39.9214000
20240229,355,P,0.1450,0.1450,0.1450,0.1450,0,0,0.3691000,-0.0069000,0.0000000,3.1322000,-0.0132000,-0.3976000
20240229,419,C,60.6000,60.6000,60.6000,60.6000,0,0,0.2374000,0.9562000,0.0000000,14.9740000,-0.0997000,45.4401000
20240229,419,P,0.5150,0.5150,0.5150,0.5150,0,0,0.2230000,-0.0348000,0.0000000,12.4388000,-0.0305000,-1.9684000
20240229,451,C,30.0050,30.0050,30.0050,30.0050,0,0,0.1675000,0.8638000,0.0000000,35.2874000,-0.1258000,43.8968000
20240229,451,P,1.7150,1.7150,1.7150,1.7150,0,0,0.1616000,-0.1280000,0.0000000,33.8305000,-0.0559000,-7.2169000
20240229,515,C,0.1150,0.1150,0.1150,0.1150,0,0,0.1010000,0.0187000,0.0000000,7.4005000,-0.0101000,1.0141000
20240229,515,P,38.6400,38.6400,38.6400,38.6400,0,0,0.2159000,-0.8277000,0.0000000,41.2362000,-0.0430000,-49.8160000
20240229,483,C,5.6400,5.6400,5.6400,5.6400,0,0,0.1135000,0.4275000,0.0000000,63.3974000,-0.1145000,22.7879000
20240229,483,P,9.6500,9.6500,9.6500,9.6500,0,0,0.1181000,-0.5690000,0.0000000,63.4952000,-0.0485000,-32.2991000
20240229,525,C,0.0450,0.0450,0.0450,0.0450,0,0,0.1083000,0.0069000,0.0000000,3.1225000,-0.0045000,0.3755000
20240229,525,P,48.6300,48.6300,48.6300,48.6300,0,0,0.2531000,-0.8457000,0.0000000,38.3756000,-0.0499000,-51.9541000
20240229,408,C,71.3950,71.3950,71.3950,71.3950,0,0,0.2639000,0.9673000,0.0000000,11.7989000,-0.0937000,44.8061000
20240229,408,P,0.3850,0.3850,0.3850,0.3850,0,0,0.2465000,-0.0246000,0.0000000,9.3265000,-0.0256000,-1.3938000
20240229,440,C,40.2950,40.2950,40.2950,40.2950,0,0,0.1901000,0.9126000,0.0000000,25.6550000,-0.1154000,45.3895000
20240229,440,P,1.0650,1.0650,1.0650,1.0650,0,0,0.1816000,-0.0781000,0.0000000,23.5904000,-0.0454000,-4.4032000
20240229,472,C,12.3650,12.3650,12.3650,12.3650,0,0,0.1290000,0.6445000,0.0000000,60.1856000,-0.1353000,33.9042000
20240229,472,P,5.0700,5.0700,5.0700,5.0700,0,0,0.1278000,-0.3543000,0.0000000,60.1140000,-0.0661000,-20.0033000
20240229,504,C,0.5050,0.5050,0.5050,0.5050,0,0,0.0998000,0.0709000,0.0000000,21.9110000,-0.0308000,3.8288000
20240229,504,P,27.6400,27.6400,27.6400,27.6400,0,0,0.1717000,-0.7981000,0.0000000,45.4902000,-0.0336000,-46.9274000
20240229,365,C,113.8800,113.8800,113.8800,113.8800,0,0,0.3769000,0.9858000,0.0000000,5.8106000,-0.0778000,40.9336000
20240229,365,P,0.1650,0.1650,0.1650,0.1650,0,0,0.3437000,-0.0083000,0.0000000,3.6718000,-0.0144000,-0.4752000
20240229,429,C,50.8700,50.8700,50.8700,50.8700,0,0,0.2147000,0.9403000,0.0000000,19.1693000,-0.1067000,45.6867000
20240229,429,P,0.7050,0.7050,0.7050,0.7050,0,0,0.2026000,-0.0498000,0.0000000,16.6315000,-0.0365000,-2.8142000
20240229,461,C,21.1200,21.1200,21.1200,21.1200,0,0,0.1484000,0.7871000,0.0000000,46.9358000,-0.1344000,40.7154000
20240229,461,P,2.7950,2.7950,2.7950,2.7950,0,0,0.1445000,-0.2070000,0.0000000,46.1776000,-0.0647000,-11.6682000
20240229,493,C,2.0850,2.0850,2.0850,2.0850,0,0,0.1047000,0.2183000,0.0000000,47.6340000,-0.0742000,11.7276000
20240229,493,P,16.8800,16.8800,16.8800,16.8800,0,0,0.1274000,-0.7363000,0.0000000,52.7838000,-0.0265000,-42.3052000
20240229,535,C,0.0250,0.0250,0.0250,0.0250,0,0,0.1191000,0.0034000,0.0000000,1.6738000,-0.0026000,0.1864000
20240229,535,P,58.6300,58.6300,58.6300,58.6300,0,0,0.2888000,-0.8585000,0.0000000,36.2089000,-0.0564000,-53.8076000
20240229,418,C,61.5750,61.5750,61.5750,61.5750,0,0,0.2392000,0.9577000,0.0000000,14.5436000,-0.0988000,45.4135000
20240229,418,P,0.5050,0.5050,0.5050,0.5050,0,0,0.2254000,-0.0338000,0.0000000,12.1607000,-0.0302000,-1.9153000
20240229,450,C,30.9250,30.9250,30.9250,30.9250,0,0,0.1695000,0.8694000,0.0000000,34.2739000,-0.1249000,44.1006000
20240229,450,P,1.6400,1.6400,1.6400,1.6400,0,0,0.1636000,-0.1224000,0.0000000,32.7934000,-0.0551000,-6.9026000
20240229,482,C,6.1400,6.1400,6.1400,6.1400,0,0,0.1148000,0.4495000,0.0000000,63.9452000,-0.1176000,23.9318000
20240229,482,P,9.1050,9.1050,9.1050,9.1050,0,0,0.1185000,-0.5484000,0.0000000,63.9865000,-0.0509000,-31.1079000
20240229,514,C,0.1350,0.1350,0.1350,0.1350,0,0,0.1013000,0.0217000,0.0000000,8.3973000,-0.0116000,1.1768000
20240229,514,P,37.6400,37.6400,37.6400,37.6400,0,0,0.2120000,-0.8256000,0.0000000,41.5584000,-0.0422000,-49.5846000
20240229,375,C,103.9800,103.9800,103.9800,103.9800,0,0,0.3500000,0.9832000,0.0000000,6.7408000,-0.0811000,41.9265000
20240229,375,P,0.1950,0.1950,0.1950,0.1950,0,0,0.3203000,-0.0103000,0.0000000,4.4515000,-0.0162000,-0.5911000
20240229,439,C,41.2450,41.2450,41.2450,41.2450,0,0,0.1921000,0.9159000,0.0000000,24.9304000,-0.1145000,45.4598000
20240229,439,P,1.0250,1.0250,1.0250,1.0250,0,0,0.1835000,-0.0749000,0.0000000,22.8568000,-0.0446000,-4.2245000
20240229,407,C,72.3750,72.3750,72.3750,72.3750,0,0,0.2661000,0.9682000,0.0000000,11.5248000,-0.0930000,44.7435000
20240229,407,P,0.3750,0.3750,0.3750,0.3750,0,0,0.2485000,-0.0238000,0.0000000,9.0667000,-0.0251000,-1.3479000
20240229,471,C,13.0950,13.0950,13.0950,13.0950,0,0,0.1307000,0.6606000,0.0000000,59.1620000,-0.1359000,34.7052000
20240229,471,P,4.7900,4.7900,4.7900,4.7900,0,0,0.1291000,-0.3377000,0.0000000,59.0521000,-0.0666000,-19.0618000
20240229,545,C,0.0150,0.0150,0.0150,0.0150,0,0,0.1289000,0.0017000,0.0000000,0.9132000,-0.0015000,0.0953000
20240229,545,P,68.6250,68.6250,68.6250,68.6250,0,0,0.3225000,-0.8686000,0.0000000,34.4265000,-0.0620000,-55.5083000
20240229,300,C,178.3250,178.3250,178.3250,178.3250,0,0,0.5578000,0.9949000,0.0000000,2.3696000,-0.0587000,34.0141000
20240229,300,P,0.0550,0.0550,0.0550,0.0550,0,0,0.4960000,-0.0020000,0.0000000,1.0551000,-0.0060000,-0.1190000
20240229,428,C,51.8250,51.8250,51.8250,51.8250,0,0,0.2159000,0.9430000,0.0000000,18.4763000,-0.1053000,45.7272000
20240229,428,P,0.6850,0.6850,0.6850,0.6850,0,0,0.2048000,-0.0481000,0.0000000,16.1791000,-0.0360000,-2.7191000
20240229,460,C,21.9800,21.9800,21.9800,21.9800,0,0,0.1503000,0.7966000,0.0000000,45.6857000,-0.1337000,41.1379000
20240229,460,P,2.6550,2.6550,2.6550,2.6550,0,0,0.1461000,-0.1971000,0.0000000,44.8433000,-0.0639000,-11.1096000
20240229,492,C,2.3350,2.3350,2.3350,2.3350,0,0,0.1054000,0.2371000,0.0000000,49.9060000,-0.0787000,12.7312000
20240229,492,P,16.0100,16.0100,16.0100,16.0100,0,0,0.1250000,-0.7249000,0.0000000,53.9222000,-0.0276000,-41.5770000
20240229,524,C,0.0550,0.0550,0.0550,0.0550,0,0,0.1093000,0.0084000,0.0000000,3.7331000,-0.0054000,0.4598000
20240229,524,P,47.6300,47.6300,47.6300,47.6300,0,0,0.2495000,-0.8442000,0.0000000,38.6229000,-0.0492000,-51.7564000
20240229,385,C,94.0850,94.0850,94.0850,94.0850,0,0,0.3225000,0.9801000,0.0000000,7.7794000,-0.0841000,42.8971000
20240229,385,P,0.2450,0.2450,0.2450,0.2450,0,0,0.2993000,-0.0136000,0.0000000,5.6358000,-0.0191000,-0.7747000
20240229,417,C,62.5500,62.5500,62.5500,62.5500,0,0,0.2416000,0.9589000,0.0000000,14.2295000,-0.0982000,45.3623000
20240229,417,P,0.4900,0.4900,0.4900,0.4900,0,0,0.2279000,-0.0329000,0.0000000,11.8910000,-0.0299000,-1.8643000
20240229,449,C,31.8450,31.8450,31.8450,31.8450,0,0,0.1715000,0.8749000,0.0000000,33.2718000,-0.1239000,44.2936000
20240229,449,P,1.5650,1.5650,1.5650,1.5650,0,0,0.1652000,-0.1166000,0.0000000,31.6905000,-0.0540000,-6.5756000
20240229,481,C,6.6600,6.6600,6.6600,6.6600,0,0,0.1160000,0.4711000,0.0000000,64.2933000,-0.1204000,25.0571000
20240229,481,P,8.5800,8.5800,8.5800,8.5800,0,0,0.1189000,-0.5277000,0.0000000,64.3061000,-0.0532000,-29.9145000
20240229,310,C,168.4050,168.4050,168.4050,168.4050,0,0,0.5289000,0.9940000,0.0000000,2.7072000,-0.0614000,35.1107000
20240229,310,P,0.0650,0.0650,0.0650,0.0650,0,0,0.4716000,-0.0025000,0.0000000,1.2686000,-0.0069000,-0.1457000
20240229,438,C,42.2050,42.2050,42.2050,42.2050,0,0,0.1945000,0.9187000,0.0000000,24.2989000,-0.1138000,45.5037000
20240229,438,P,0.9850,0.9850,0.9850,0.9850,0,0,0.1854000,-0.0717000,0.0000000,22.1175000,-0.0437000,-4.0470000
20240229,406,C,73.3600,73.3600,73.3600,73.3600,0,0,0.2691000,0.9687000,0.0000000,11.3771000,-0.0929000,44.6565000
20240229,406,P,0.3750,0.3750,0.3750,0.3750,0,0,0.2517000,-0.0235000,0.0000000,8.9789000,-0.0252000,-1.3329000
20240229,470,C,13.8400,13.8400,13.8400,13.8400,0,0,0.1324000,0.6760000,0.0000000,58.0783000,-0.1364000,35.4631000
20240229,470,P,4.5300,4.5300,4.5300,4.5300,0,0,0.1305000,-0.3218000,0.0000000,57.9217000,-0.0670000,-18.1615000
20240229,502,C,0.6750,0.6750,0.6750,0.6750,0,0,0.1007000,0.0901000,0.0000000,26.2685000,-0.0376000,4.8632000
20240229,502,P,25.6450,25.6450,25.6450,25.6450,0,0,0.1632000,-0.7908000,0.0000000,46.4585000,-0.0317000,-46.2977000
20240229,427,C,52.7950,52.7950,52.7950,52.7950,0,0,0.2181000,0.9449000,0.0000000,18.0001000,-0.1045000,45.7173000
20240229,427,P,0.6650,0.6650,0.6650,0.6650,0,0,0.2070000,-0.0465000,0.0000000,15.7417000,-0.0354000,-2.6281000
20240229,395,C,84.2050,84.2050,84.2050,84.2050,0,0,0.2966000,0.9756000,0.0000000,9.2244000,-0.0879000,43.7904000
20240229,395,P,0.2950,0.2950,0.2950,0.2950,0,0,0.2763000,-0.0174000,0.0000000,6.9681000,-0.0216000,-0.9902000
20240229,459,C,22.8450,22.8450,22.8450,22.8450,0,0,0.1520000,0.8060000,0.0000000,44.4103000,-0.1329000,41.5502000
20240229,459,P,2.5250,2.5250,2.5250,2.5250,0,0,0.1478000,-0.1877000,0.0000000,43.5335000,-0.0632000,-10.5833000
20240229,491,C,2.6050,2.6050,2.6050,2.6050,0,0,0.1061000,0.2565000,0.0000000,52.0510000,-0.0831000,13.7631000
20240229,491,P,15.1800,15.1800,15.1800,15.1800,0,0,0.1231000,-0.7118000,0.0000000,55.1482000,-0.0292000,-40.7619000
20240301,480,C,7.3750,7.3750,7.3750,7.3750,0,0,0.1179000,0.4942000,0.0000000,65.2184000,-0.1226000,26.8699000
20240301,480,P,8.1750,8.1750,8.1750,8.1750,0,0,0.1199000,-0.5053000,0.0000000,65.2192000,-0.0547000,-29.3200000
20240301,405,C,74.4350,74.4350,74.4350,74.4350,0,0,0.2709000,0.9684000,0.0000000,11.6075000,-0.0928000,45.5761000
20240301,405,P,0.3850,0.3850,0.3850,0.3850,0,0,0.2531000,-0.0237000,0.0000000,9.1398000,-0.0252000,-1.3752000
20240301,469,C,14.7800,14.7800,14.7800,14.7800,0,0,0.1348000,0.6892000,0.0000000,57.7418000,-0.1361000,36.9363000
20240301,469,P,4.3850,4.3850,4.3850,4.3850,0,0,0.1325000,-0.3079000,0.0000000,57.5141000,-0.0666000,-17.7981000
20240301,458,C,23.8800,23.8800,23.8800,23.8800,0,0,0.1547000,0.8115000,0.0000000,44.1418000,-0.1321000,42.7290000
20240301,458,P,2.4850,2.4850,2.4850,2.4850,0,0,0.1500000,-0.1814000,0.0000000,43.1229000,-0.0622000,-10.4764000
20240301,490,C,3.0200,3.0200,3.0200,3.0200,0,0,0.1076000,0.2817000,0.0000000,55.2068000,-0.0881000,15.4577000
20240301,490,P,14.4150,14.4150,14.4150,14.4150,0,0,0.1215000,-0.6938000,0.0000000,57.3656000,-0.0309000,-40.6334000
20240301,415,C,64.6100,64.6100,64.6100,64.6100,0,0,0.2465000,0.9595000,0.0000000,14.2289000,-0.0978000,46.2331000
20240301,415,P,0.4850,0.4850,0.4850,0.4850,0,0,0.2309000,-0.0316000,0.0000000,11.6186000,-0.0289000,-1.8306000
20240301,479,C,7.9450,7.9450,7.9450,7.9450,0,0,0.1192000,0.5148000,0.0000000,65.1798000,-0.1249000,27.9566000
20240301,479,P,7.7150,7.7150,7.7150,7.7150,0,0,0.1207000,-0.4851000,0.0000000,65.1797000,-0.0567000,-28.1319000
20240301,468,C,15.5550,15.5550,15.5550,15.5550,0,0,0.1365000,0.7032000,0.0000000,56.5630000,-0.1362000,37.6333000
20240301,468,P,4.1500,4.1500,4.1500,4.1500,0,0,0.1340000,-0.2935000,0.0000000,56.2865000,-0.0667000,-16.9641000
20240301,500,C,0.9450,0.9450,0.9450,0.9450,0,0,0.1018000,0.1170000,0.0000000,32.1280000,-0.0460000,6.4556000
20240301,500,P,23.6450,23.6450,23.6450,23.6450,0,0,0.1540000,-0.7800000,0.0000000,48.4091000,-0.0292000,-46.5564000
20240301,467.5,C,15.9500,15.9500,15.9500,15.9500,0,0,0.1375000,0.7098000,0.0000000,55.9796000,-0.1363000,37.9547000
20240301,467.5,P,4.0400,4.0400,4.0400,4.0400,0,0,0.1347000,-0.2866000,0.0000000,55.6547000,-0.0667000,-16.5589000
20240301,425,C,54.8450,54.8450,54.8450,54.8450,0,0,0.2229000,0.9463000,0.0000000,17.8277000,-0.1038000,46.6466000
20240301,425,P,0.6550,0.6550,0.6550,0.6550,0,0,0.2108000,-0.0446000,0.0000000,15.4103000,-0.0345000,-2.5842000
20240301,457,C,24.7600,24.7600,24.7600,24.7600,0,0,0.1566000,0.8196000,0.0000000,42.9494000,-0.1314000,43.0806000
20240301,457,P,2.3700,2.3700,2.3700,2.3700,0,0,0.1519000,-0.1733000,0.0000000,41.8944000,-0.0616000,-10.0078000
20240301,489,C,3.3450,3.3450,3.3450,3.3450,0,0,0.1083000,0.3021000,0.0000000,57.0278000,-0.0923000,16.5611000
20240301,489,P,13.6500,13.6500,13.6500,13.6500,0,0,0.1204000,-0.6780000,0.0000000,58.6132000,-0.0331000,-39.6600000
20240301,350,C,128.8050,128.8050,128.8050,128.8050,0,0,0.4150000,0.9886000,0.0000000,4.8635000,-0.0732000,40.3064000
20240301,350,P,0.1350,0.1350,0.1350,0.1350,0,0,0.3769000,-0.0062000,0.0000000,2.9009000,-0.0122000,-0.3686000
20240301,478,C,8.5350,8.5350,8.5350,8.5350,0,0,0.1205000,0.5349000,0.0000000,64.9742000,-0.1269000,29.0166000
20240301,478,P,7.2750,7.2750,7.2750,7.2750,0,0,0.1214000,-0.4651000,0.0000000,64.9762000,-0.0584000,-26.9597000
20240301,510,C,0.2450,0.2450,0.2450,0.2450,0,0,0.1002000,0.0370000,0.0000000,13.2390000,-0.0179000,2.0514000
20240301,510,P,33.6400,33.6400,33.6400,33.6400,0,0,0.1953000,-0.8136000,0.0000000,43.8406000,-0.0383000,-49.6217000
20240301,477.5,C,8.8450,8.8450,8.8450,8.8450,0,0,0.1213000,0.5448000,0.0000000,64.8127000,-0.1279000,29.5329000
20240301,477.5,P,7.0700,7.0700,7.0700,7.0700,0,0,0.1220000,-0.4553000,0.0000000,64.8158000,-0.0594000,-26.3847000
20240301,435,C,45.1850,45.1850,45.1850,45.1850,0,0,0.2008000,0.9254000,0.0000000,23.0470000,-0.1113000,46.6085000
20240301,435,P,0.9200,0.9200,0.9200,0.9200,0,0,0.1914000,-0.0655000,0.0000000,20.8604000,-0.0417000,-3.7855000
20240301,467,C,16.3400,16.3400,16.3400,16.3400,0,0,0.1383000,0.7165000,0.0000000,55.3644000,-0.1363000,38.2840000
20240301,467,P,3.9350,3.9350,3.9350,3.9350,0,0,0.1354000,-0.2797000,0.0000000,55.0093000,-0.0666000,-16.1598000
20240301,499,C,1.0700,1.0700,1.0700,1.0700,0,0,0.1022000,0.1296000,0.0000000,34.5271000,-0.0498000,7.1510000
20240301,499,P,22.6450,22.6450,22.6450,22.6450,0,0,0.1496000,-0.7755000,0.0000000,48.9653000,-0.0281000,-46.1889000
20240301,360,C,118.9000,118.9000,118.9000,118.9000,0,0,0.3891000,0.9864000,0.0000000,5.6725000,-0.0767000,41.3489000
20240301,360,P,0.1650,0.1650,0.1650,0.1650,0,0,0.3554000,-0.0080000,0.0000000,3.5965000,-0.0142000,-0.4696000
20240301,456,C,25.6450,25.6450,25.6450,25.6450,0,0,0.1584000,0.8275000,0.0000000,41.7488000,-0.1305000,43.4203000
20240301,456,P,2.2600,2.2600,2.2600,2.2600,0,0,0.1536000,-0.1654000,0.0000000,40.6588000,-0.0608000,-9.5516000
20240301,488,C,3.6900,3.6900,3.6900,3.6900,0,0,0.1092000,0.3230000,0.0000000,58.6983000,-0.0964000,17.6935000
20240301,488,P,12.9150,12.9150,12.9150,12.9150,0,0,0.1194000,-0.6615000,0.0000000,59.8017000,-0.0353000,-38.6445000
20240301,520,C,0.0750,0.0750,0.0750,0.0750,0,0,0.1044000,0.0121000,0.0000000,5.1562000,-0.0070000,0.6726000
20240301,520,P,43.6350,43.6350,43.6350,43.6350,0,0,0.2335000,-0.8354000,0.0000000,40.5206000,-0.0458000,-52.0201000
20240301,487.5,C,3.8750,3.8750,3.8750,3.8750,0,0,0.1096000,0.3335000,0.0000000,59.4609000,-0.0983000,18.2610000
20240301,487.5,P,12.5650,12.5650,12.5650,12.5650,0,0,0.1192000,-0.6527000,0.0000000,60.3854000,-0.0366000,-38.1082000
20240301,445,C,35.7050,35.7050,35.7050,35.7050,0,0,0.1801000,0.8912000,0.0000000,30.5000000,-0.1204000,45.8060000
20240301,445,P,1.3750,1.3750,1.3750,1.3750,0,0,0.1728000,-0.0998000,0.0000000,28.6677000,-0.0504000,-5.7662000
20240301,477,C,9.1550,9.1550,9.1550,9.1550,0,0,0.1220000,0.5545000,0.0000000,64.6136000,-0.1287000,30.0436000
20240301,477,P,6.8650,6.8650,6.8650,6.8650,0,0,0.1224000,-0.4455000,0.0000000,64.6163000,-0.0600000,-25.8102000
20240301,370,C,109.0000,109.0000,109.0000,109.0000,0,0,0.3623000,0.9839000,0.0000000,6.5500000,-0.0799000,42.3768000
20240301,370,P,0.1950,0.1950,0.1950,0.1950,0,0,0.3320000,-0.0099000,0.0000000,4.3345000,-0.0160000,-0.5800000
20240301,466,C,17.1400,17.1400,17.1400,17.1400,0,0,0.1401000,0.7292000,0.0000000,54.1355000,-0.1362000,38.9030000
20240301,466,P,3.7300,3.7300,3.7300,3.7300,0,0,0.1370000,-0.2666000,0.0000000,53.7229000,-0.0666000,-15.4043000
20240301,498,C,1.2150,1.2150,1.2150,1.2150,0,0,0.1026000,0.1430000,0.0000000,36.9206000,-0.0538000,7.8833000
20240301,498,P,21.6450,21.6450,21.6450,21.6450,0,0,0.1452000,-0.7707000,0.0000000,49.5482000,-0.0271000,-45.8041000
20240301,530,C,0.0350,0.0350,0.0350,0.0350,0,0,0.1132000,0.0051000,0.0000000,2.4305000,-0.0035000,0.2859000
20240301,530,P,53.6300,53.6300,53.6300,53.6300,0,0,0.2697000,-0.8505000,0.0000000,38.0207000,-0.0525000,-54.0501000
20240301,455,C,26.5350,26.5350,26.5350,26.5350,0,0,0.1603000,0.8349000,0.0000000,40.5881000,-0.1296000,43.7308000
20240301,455,P,2.1500,2.1500,2.1500,2.1500,0,0,0.1552000,-0.1576000,0.0000000,39.4011000,-0.0598000,-9.1017000
20240301,487,C,4.0600,4.0600,4.0600,4.0600,0,0,0.1101000,0.3442000,0.0000000,60.1871000,-0.1003000,18.8383000
20240301,487,P,12.2200,12.2200,12.2200,12.2200,0,0,0.1190000,-0.6436000,0.0000000,60.9498000,-0.0379000,-37.5589000
20240301,380,C,99.1100,99.1100,99.1100,99.1100,0,0,0.3359000,0.9808000,0.0000000,7.6300000,-0.0833000,43.3661000
20240301,380,P,0.2350,0.2350,0.2350,0.2350,0,0,0.3095000,-0.0125000,0.0000000,5.3237000,-0.0182000,-0.7335000
20240301,476,C,9.7950,9.7950,9.7950,9.7950,0,0,0.1235000,0.5736000,0.0000000,64.1112000,-0.1303000,31.0366000
20240301,476,P,6.4850,6.4850,6.4850,6.4850,0,0,0.1234000,-0.4263000,0.0000000,64.1107000,-0.0615000,-24.6893000
20240301,540,C,0.0250,0.0250,0.0250,0.0250,0,0,0.1269000,0.0033000,0.0000000,1.6433000,-0.0026000,0.1844000
20240301,540,P,63.6300,63.6300,63.6300,63.6300,0,0,0.3043000,-0.8618000,0.0000000,36.0577000,-0.0586000,-55.8616000
20240301,465,C,17.9450,17.9450,17.9450,17.9450,0,0,0.1416000,0.7416000,0.0000000,52.8602000,-0.1358000,39.5043000
20240301,465,P,3.5400,3.5400,3.5400,3.5400,0,0,0.1386000,-0.2541000,0.0000000,52.4094000,-0.0663000,-14.6798000
20240301,497,C,1.3750,1.3750,1.3750,1.3750,0,0,0.1031000,0.1574000,0.0000000,39.3692000,-0.0579000,8.6761000
20240301,497,P,20.6450,20.6450,20.6450,20.6450,0,0,0.1408000,-0.7657000,0.0000000,50.1540000,-0.0260000,-45.4027000
20240301,390,C,89.2250,89.2250,89.2250,89.2250,0,0,0.3090000,0.9770000,0.0000000,8.8782000,-0.0866000,44.3204000
20240301,390,P,0.2750,0.2750,0.2750,0.2750,0,0,0.2856000,-0.0156000,0.0000000,6.4300000,-0.0202000,-0.9113000
20240301,454,C,27.4350,27.4350,27.4350,27.4350,0,0,0.1623000,0.8418000,0.0000000,39.4772000,-0.1288000,44.0107000
20240301,454,P,2.0550,2.0550,2.0550,2.0550,0,0,0.1569000,-0.1504000,0.0000000,38.1955000,-0.0589000,-8.6840000
20240301,486,C,4.4600,4.4600,4.4600,4.4600,0,0,0.1111000,0.3657000,0.0000000,61.4964000,-0.1041000,19.9994000
20240301,486,P,11.5500,11.5500,11.5500,11.5500,0,0,0.1186000,-0.6251000,0.0000000,61.9873000,-0.0404000,-36.4435000
20240301,475,C,10.4550,10.4550,10.4550,10.4550,0,0,0.1250000,0.5920000,0.0000000,63.4803000,-0.1317000,31.9939000
20240301,475,P,6.1250,6.1250,6.1250,6.1250,0,0,0.1246000,-0.4076000,0.0000000,63.4707000,-0.0628000,-23.5985000
20240301,400,C,79.3600,79.3600,79.3600,79.3600,0,0,0.2840000,0.9715000,0.0000000,10.6381000,-0.0909000,45.1722000
20240301,400,P,0.3450,0.3450,0.3450,0.3450,0,0,0.2644000,-0.0207000,0.0000000,8.1591000,-0.0235000,-1.2032000
20240301,464,C,18.7700,18.7700,18.7700,18.7700,0,0,0.1436000,0.7529000,0.0000000,51.6291000,-0.1357000,40.0409000
20240301,464,P,3.3600,3.3600,3.3600,3.3600,0,0,0.1402000,-0.2422000,0.0000000,51.0795000,-0.0660000,-13.9876000
20240301,496,C,1.5500,1.5500,1.5500,1.5500,0,0,0.1037000,0.1730000,0.0000000,41.8461000,-0.0622000,9.5284000
20240301,496,P,19.6550,19.6550,19.6550,19.6550,0,0,0.1365000,-0.7599000,0.0000000,50.8274000,-0.0251000,-44.9631000
20240301,453,C,28.3350,28.3350,28.3350,28.3350,0,0,0.1642000,0.8485000,0.0000000,38.3613000,-0.1279000,44.2816000
20240301,453,P,1.9600,1.9600,1.9600,1.9600,0,0,0.1588000,-0.1437000,0.0000000,37.0451000,-0.0581000,-8.2970000
20240301,485,C,4.8800,4.8800,4.8800,4.8800,0,0,0.1121000,0.3872000,0.0000000,62.6045000,-0.1077000,21.1589000
20240301,485,P,10.9100,10.9100,10.9100,10.9100,0,0,0.1184000,-0.6060000,0.0000000,62.9061000,-0.0430000,-35.2954000
20240301,410,C,69.5200,69.5200,69.5200,69.5200,0,0,0.2591000,0.9641000,0.0000000,12.8881000,-0.0955000,45.9141000
20240301,410,P,0.4350,0.4350,0.4350,0.4350,0,0,0.2424000,-0.0274000,0.0000000,10.3428000,-0.0271000,-1.5928000
20240301,474,C,11.1350,11.1350,11.1350,11.1350,0,0,0.1266000,0.6098000,0.0000000,62.7355000,-0.1330000,32.9128000
20240301,474,P,5.7850,5.7850,5.7850,5.7850,0,0,0.1257000,-0.3895000,0.0000000,62.7074000,-0.0638000,-22.5392000
20240301,463,C,19.6000,19.6000,19.6000,19.6000,0,0,0.1454000,0.7639000,0.0000000,50.3643000,-0.1352000,40.5621000
20240301,463,P,3.1900,3.1900,3.1900,3.1900,0,0,0.1418000,-0.2307000,0.0000000,49.7397000,-0.0655000,-13.3268000
20240301,495,C,1.7500,1.7500,1.7500,1.7500,0,0,0.1044000,0.1895000,0.0000000,44.3012000,-0.0666000,10.4303000
20240301,495,P,18.7150,18.7150,18.7150,18.7150,0,0,0.1331000,-0.7521000,0.0000000,51.7173000,-0.0252000,-44.4121000
20240301,420,C,59.7200,59.7200,59.7200,59.7200,0,0,0.2348000,0.9534000,0.0000000,15.9208000,-0.1008000,46.4698000
20240301,420,P,0.5650,0.5650,0.5650,0.5650,0,0,0.2211000,-0.0376000,0.0000000,13.4170000,-0.0318000,-2.1799000
20240301,452,C,29.2450,29.2450,29.2450,29.2450,0,0,0.1662000,0.8548000,0.0000000,37.2979000,-0.1270000,44.5242000
20240301,452,P,1.8700,1.8700,1.8700,1.8700,0,0,0.1605000,-0.1371000,0.0000000,35.8902000,-0.0572000,-7.9188000
20240301,484,C,5.3300,5.3300,5.3300,5.3300,0,0,0.1132000,0.4090000,0.0000000,63.5209000,-0.1111000,22.3240000
20240301,484,P,10.3050,10.3050,10.3050,10.3050,0,0,0.1184000,-0.5863000,0.0000000,63.6895000,-0.0455000,-34.1202000
20240301,473,C,11.8350,11.8350,11.8350,11.8350,0,0,0.1282000,0.6270000,0.0000000,61.8898000,-0.1340000,33.7934000
20240301,473,P,5.4700,5.4700,5.4700,5.4700,0,0,0.1271000,-0.3720000,0.0000000,61.8397000,-0.0648000,-21.5212000
20240301,505,C,0.4850,0.4850,0.4850,0.4850,0,0,0.1004000,0.0673000,0.0000000,21.3113000,-0.0294000,3.7236000
20240301,505,P,28.6400,28.6400,28.6400,28.6400,0,0,0.1751000,-0.7989000,0.0000000,45.9190000,-0.0339000,-48.2074000
20240301,472.5,C,12.1850,12.1850,12.1850,12.1850,0,0,0.1289000,0.6354000,0.0000000,61.4289000,-0.1343000,34.2241000
20240301,472.5,P,5.3200,5.3200,5.3200,5.3200,0,0,0.1277000,-0.3634000,0.0000000,61.3688000,-0.0652000,-21.0251000
20240301,430,C,50.0050,50.0050,50.0050,50.0050,0,0,0.2120000,0.9368000,0.0000000,20.2768000,-0.1076000,46.6810000
20240301,430,P,0.7700,0.7700,0.7700,0.7700,0,0,0.2010000,-0.0538000,0.0000000,17.8952000,-0.0379000,-3.1144000
20240301,462,C,20.4400,20.4400,20.4400,20.4400,0,0,0.1473000,0.7744000,0.0000000,49.1028000,-0.1348000,41.0512000
20240301,462,P,3.0300,3.0300,3.0300,3.0300,0,0,0.1434000,-0.2198000,0.0000000,48.3955000,-0.0650000,-12.6962000
20240301,494,C,1.9600,1.9600,1.9600,1.9600,0,0,0.1049000,0.2063000,0.0000000,46.6338000,-0.0709000,11.3486000
20240301,494,P,17.8000,17.8000,17.8000,17.8000,0,0,0.1301000,-0.7429000,0.0000000,52.7239000,-0.0257000,-43.7867000
20240301,355,C,123.8500,123.8500,123.8500,123.8500,0,0,0.4023000,0.9875000,0.0000000,5.2669000,-0.0750000,40.8282000
20240301,355,P,0.1450,0.1450,0.1450,0.1450,0,0,0.3647000,-0.0069000,0.0000000,3.1564000,-0.0128000,-0.4051000
20240301,483,C,5.8050,5.8050,5.8050,5.8050,0,0,0.1142000,0.4305000,0.0000000,64.2354000,-0.1143000,23.4800000
20240301,483,P,9.7300,9.7300,9.7300,9.7300,0,0,0.1186000,-0.5662000,0.0000000,64.3228000,-0.0481000,-32.9241000
20240301,515,C,0.1350,0.1350,0.1350,0.1350,0,0,0.1022000,0.0213000,0.0000000,8.3634000,-0.0114000,1.1822000
20240301,515,P,38.6400,38.6400,38.6400,38.6400,0,0,0.2149000,-0.8254000,0.0000000,42.0800000,-0.0423000,-50.8722000
20240301,525,C,0.0550,0.0550,0.0550,0.0550,0,0,0.1103000,0.0085000,0.0000000,3.8050000,-0.0054000,0.4746000
20240301,525,P,48.6300,48.6300,48.6300,48.6300,0,0,0.2518000,-0.8436000,0.0000000,39.1877000,-0.0492000,-53.0699000
20240301,482.5,C,6.0500,6.0500,6.0500,6.0500,0,0,0.1149000,0.4413000,0.0000000,64.5201000,-0.1159000,24.0572000
20240301,482.5,P,9.4550,9.4550,9.4550,9.4550,0,0,0.1187000,-0.5562000,0.0000000,64.5767000,-0.0492000,-32.3255000
20240301,440,C,40.4150,40.4150,40.4150,40.4150,0,0,0.1903000,0.9104000,0.0000000,26.4583000,-0.1157000,46.3290000
20240301,440,P,1.1150,1.1150,1.1150,1.1150,0,0,0.1817000,-0.0802000,0.0000000,24.3604000,-0.0457000,-4.6332000
20240301,472,C,12.5450,12.5450,12.5450,12.5450,0,0,0.1297000,0.6436000,0.0000000,60.9513000,-0.1347000,34.6407000
20240301,472,P,5.1750,5.1750,5.1750,5.1750,0,0,0.1283000,-0.3550000,0.0000000,60.8715000,-0.0655000,-20.5338000
20240301,365,C,113.9500,113.9500,113.9500,113.9500,0,0,0.3757000,0.9852000,0.0000000,6.0939000,-0.0783000,41.8661000
20240301,365,P,0.1750,0.1750,0.1750,0.1750,0,0,0.3427000,-0.0087000,0.0000000,3.8873000,-0.0148000,-0.5125000
20240301,461,C,21.2900,21.2900,21.2900,21.2900,0,0,0.1491000,0.7843000,0.0000000,47.8499000,-0.1342000,41.5094000
20240301,461,P,2.8800,2.8800,2.8800,2.8800,0,0,0.1450000,-0.2095000,0.0000000,47.0641000,-0.0644000,-12.1003000
20240301,493,C,2.1900,2.1900,2.1900,2.1900,0,0,0.1054000,0.2240000,0.0000000,48.9111000,-0.0751000,12.3125000
20240301,493,P,16.9050,16.9050,16.9050,16.9050,0,0,0.1273000,-0.7329000,0.0000000,53.7643000,-0.0263000,-43.1200000
20240301,535,C,0.0350,0.0350,0.0350,0.0350,0,0,0.1230000,0.0049000,0.0000000,2.3352000,-0.0036000,0.2731000
20240301,535,P,58.6300,58.6300,58.6300,58.6300,0,0,0.2872000,-0.8565000,0.0000000,36.9882000,-0.0556000,-54.9761000
20240301,450,C,31.0700,31.0700,31.0700,31.0700,0,0,0.1702000,0.8663000,0.0000000,35.2461000,-0.1253000,44.9587000
20240301,450,P,1.7100,1.7100,1.7100,1.7100,0,0,0.1640000,-0.1251000,0.0000000,33.6921000,-0.0553000,-7.2267000
20240301,482,C,6.3000,6.3000,6.3000,6.3000,0,0,0.1154000,0.4520000,0.0000000,64.7542000,-0.1173000,24.6278000
20240301,482,P,9.1850,9.1850,9.1850,9.1850,0,0,0.1189000,-0.5460000,0.0000000,64.7901000,-0.0504000,-31.7236000
20240301,375,C,104.0500,104.0500,104.0500,104.0500,0,0,0.3486000,0.9826000,0.0000000,7.0246000,-0.0814000,42.8833000
20240301,375,P,0.2150,0.2150,0.2150,0.2150,0,0,0.3212000,-0.0112000,0.0000000,4.8372000,-0.0172000,-0.6574000
20240301,471,C,13.2750,13.2750,13.2750,13.2750,0,0,0.1314000,0.6595000,0.0000000,59.9396000,-0.1353000,35.4460000
20240301,471,P,4.8950,4.8950,4.8950,4.8950,0,0,0.1297000,-0.3387000,0.0000000,59.8201000,-0.0660000,-19.5844000
20240301,545,C,0.0150,0.0150,0.0150,0.0150,0,0,0.1269000,0.0017000,0.0000000,0.9052000,-0.0014000,0.0954000
20240301,545,P,68.6250,68.6250,68.6250,68.6250,0,0,0.3208000,-0.8667000,0.0000000,35.1854000,-0.0612000,-56.7218000
20240301,460,C,22.1450,22.1450,22.1450,22.1450,0,0,0.1508000,0.7940000,0.0000000,46.5747000,-0.1335000,41.9538000
20240301,460,P,2.7400,2.7400,2.7400,2.7400,0,0,0.1467000,-0.1997000,0.0000000,45.7391000,-0.0637000,-11.5324000
20240301,492,C,2.4500,2.4500,2.4500,2.4500,0,0,0.1062000,0.2428000,0.0000000,51.1545000,-0.0796000,13.3399000
20240301,492,P,16.0450,16.0450,16.0450,16.0450,0,0,0.1250000,-0.7212000,0.0000000,54.9178000,-0.0275000,-42.3631000
20240301,385,C,94.1650,94.1650,94.1650,94.1650,0,0,0.3220000,0.9792000,0.0000000,8.1759000,-0.0847000,43.8580000
20240301,385,P,0.2550,0.2550,0.2550,0.2550,0,0,0.2978000,-0.0140000,0.0000000,5.8677000,-0.0193000,-0.8202000
20240301,481,C,6.8250,6.8250,6.8250,6.8250,0,0,0.1166000,0.4733000,0.0000000,65.0793000,-0.1200000,25.7583000
20240301,481,P,8.6700,8.6700,8.6700,8.6700,0,0,0.1195000,-0.5256000,0.0000000,65.0905000,-0.0528000,-30.5176000
20240301,470,C,14.0200,14.0200,14.0200,14.0200,0,0,0.1331000,0.6746000,0.0000000,58.8690000,-0.1358000,36.2084000
20240301,470,P,4.6300,4.6300,4.6300,4.6300,0,0,0.1311000,-0.3230000,0.0000000,58.7013000,-0.0664000,-18.6759000
20240301,395,C,84.2950,84.2950,84.2950,84.2950,0,0,0.2967000,0.9744000,0.0000000,9.7301000,-0.0888000,44.7531000
20240301,395,P,0.3050,0.3050,0.3050,0.3050,0,0,0.2746000,-0.0178000,0.0000000,7.1950000,-0.0216000,-1.0384000
20240301,459,C,23.0100,23.0100,23.0100,23.0100,0,0,0.1528000,0.8029000,0.0000000,45.3695000,-0.1329000,42.3458000
20240301,459,P,2.6100,2.6100,2.6100,2.6100,0,0,0.1484000,-0.1905000,0.0000000,44.4440000,-0.0631000,-10.9998000
20240301,491,C,2.7200,2.7200,2.7200,2.7200,0,0,0.1068000,0.2618000,0.0000000,53.2254000,-0.0838000,14.3735000
20240301,491,P,15.2200,15.2200,15.2200,15.2200,0,0,0.1233000,-0.7078000,0.0000000,56.1565000,-0.0292000,-41.5165000
20240315,320,C,159.2300,159.2300,159.2300,159.2300,0,0,0.4599000,0.9904000,0.0000000,4.7792000,-0.0650000,47.9542000
20240315,320,P,0.1350,0.1350,0.1350,0.1350,0,0,0.4160000,-0.0050000,0.0000000,2.7192000,-0.0097000,-0.3886000
20240315,448,C,34.4050,34.4050,34.4050,34.4050,0,0,0.1718000,0.8567000,0.0000000,42.1808000,-0.1190000,57.3346000
20240315,448,P,2.3950,2.3950,2.3950,2.3950,0,0,0.1710000,-0.1421000,0.0000000,41.9566000,-0.0538000,-10.7541000
20240315,512,C,0.4350,0.4350,0.4350,0.4350,0,0,0.1008000,0.0546000,0.0000000,20.6659000,-0.0223000,3.9316000
20240315,512,P,35.6400,35.6400,35.6400,35.6400,0,0,0.1934000,-0.7902000,0.0000000,53.7387000,-0.0328000,-63.2193000
20240315,640,P,163.6000,163.6000,163.6000,163.6000,0,0,0.5536000,-0.8880000,0.0000000,35.5392000,-0.0903000,-89.9973000
20240315,405,C,75.4550,75.4550,75.4550,75.4550,0,0,0.2573000,0.9591000,0.0000000,16.3548000,-0.0930000,58.5209000
20240315,405,P,0.6450,0.6450,0.6450,0.6450,0,0,0.2452000,-0.0342000,0.0000000,14.1589000,-0.0285000,-2.6004000
20240315,469,C,16.5650,16.5650,16.5650,16.5650,0,0,0.1361000,0.6810000,0.0000000,66.6333000,-0.1257000,47.2301000
20240315,469,P,5.6250,5.6250,5.6250,5.6250,0,0,0.1392000,-0.3222000,0.0000000,66.9202000,-0.0600000,-24.4149000
20240315,575,C,0.0150,0.0150,0.0150,0.0150,0,0,0.1503000,0.0012000,0.0000000,0.7605000,-0.0011000,0.0885000
20240315,575,P,98.6100,98.6100,98.6100,98.6100,0,0,0.3890000,-0.8655000,0.0000000,40.3951000,-0.0659000,-78.3861000
20240315,426,C,55.0800,55.0800,55.0800,55.0800,0,0,0.2137000,0.9296000,0.0000000,25.1459000,-0.1043000,59.4907000
20240315,426,P,1.1350,1.1350,1.1350,1.1350,0,0,0.2073000,-0.0647000,0.0000000,23.5960000,-0.0390000,-4.9078000
20240315,490,C,4.3100,4.3100,4.3100,4.3100,0,0,0.1099000,0.3278000,0.0000000,67.3902000,-0.0882000,23.2973000
20240315,490,P,15.0950,15.0950,15.0950,15.0950,0,0,0.1259000,-0.6492000,0.0000000,69.1650000,-0.0306000,-49.7615000
20240315,255,C,223.5650,223.5650,223.5650,223.5650,0,0,0.6359000,0.9961000,0.0000000,2.1310000,-0.0486000,38.5019000
20240315,255,P,0.0450,0.0450,0.0450,0.0450,0,0,0.5562000,-0.0012000,0.0000000,0.7921000,-0.0038000,-0.1002000
20240315,447,C,35.3200,35.3200,35.3200,35.3200,0,0,0.1738000,0.8615000,0.0000000,41.2190000,-0.1185000,57.5436000
20240315,447,P,2.3100,2.3100,2.3100,2.3100,0,0,0.1727000,-0.1370000,0.0000000,40.9368000,-0.0533000,-10.3726000
20240315,340,C,139.4800,139.4800,139.4800,139.4800,0,0,0.4130000,0.9866000,0.0000000,6.4007000,-0.0716000,50.7053000
20240315,340,P,0.1950,0.1950,0.1950,0.1950,0,0,0.3764000,-0.0078000,0.0000000,4.0241000,-0.0129000,-0.6032000
20240315,404,C,76.4350,76.4350,76.4350,76.4350,0,0,0.2596000,0.9599000,0.0000000,16.0813000,-0.0926000,58.4320000
20240315,404,P,0.6350,0.6350,0.6350,0.6350,0,0,0.2474000,-0.0334000,0.0000000,13.8978000,-0.0282000,-2.5428000
20240315,468,C,17.3350,17.3350,17.3350,17.3350,0,0,0.1378000,0.6932000,0.0000000,65.5195000,-0.1261000,48.0062000
20240315,468,P,5.3800,5.3800,5.3800,5.3800,0,0,0.1406000,-0.3099000,0.0000000,65.8183000,-0.0603000,-23.4763000
20240315,660,P,183.5900,183.5900,183.5900,183.5900,0,0,0.5993000,-0.8919000,0.0000000,34.6349000,-0.0968000,-93.3532000
20240315,425,C,56.0400,56.0400,56.0400,56.0400,0,0,0.2156000,0.9316000,0.0000000,24.5848000,-0.1037000,59.4919000
20240315,425,P,1.1050,1.1050,1.1050,1.1050,0,0,0.2093000,-0.0628000,0.0000000,23.0531000,-0.0385000,-4.7638000
20240315,489,C,4.6850,4.6850,4.6850,4.6850,0,0,0.1106000,0.3462000,0.0000000,68.8368000,-0.0913000,24.5877000
20240315,489,P,14.4000,14.4000,14.4000,14.4000,0,0,0.1254000,-0.6343000,0.0000000,70.1720000,-0.0325000,-48.5698000
20240315,595,P,118.6050,118.6050,118.6050,118.6050,0,0,0.4423000,-0.8749000,0.0000000,38.4237000,-0.0738000,-82.1376000
20240315,446,C,36.2350,36.2350,36.2350,36.2350,0,0,0.1755000,0.8665000,0.0000000,40.1979000,-0.1177000,57.7680000
20240315,446,P,2.2250,2.2250,2.2250,2.2250,0,0,0.1742000,-0.1318000,0.0000000,39.8564000,-0.0525000,-9.9761000
20240315,510,C,0.5450,0.5450,0.5450,0.5450,0,0,0.1008000,0.0664000,0.0000000,24.0643000,-0.0261000,4.7732000
20240315,510,P,33.6400,33.6400,33.6400,33.6400,0,0,0.1861000,-0.7847000,0.0000000,54.5591000,-0.0314000,-62.5096000
20240315,275,C,203.7600,203.7600,203.7600,203.7600,0,0,0.5804000,0.9948000,0.0000000,2.7690000,-0.0536000,41.4441000
20240315,275,P,0.0650,0.0650,0.0650,0.0650,0,0,0.5124000,-0.0020000,0.0000000,1.1849000,-0.0052000,-0.1555000
20240315,403,C,77.4100,77.4100,77.4100,77.4100,0,0,0.2619000,0.9608000,0.0000000,15.8137000,-0.0923000,58.3413000
20240315,403,P,0.6250,0.6250,0.6250,0.6250,0,0,0.2497000,-0.0327000,0.0000000,13.6643000,-0.0281000,-2.4916000
20240315,467,C,18.1100,18.1100,18.1100,18.1100,0,0,0.1394000,0.7050000,0.0000000,64.3689000,-0.1263000,48.7499000
20240315,467,P,5.1500,5.1500,5.1500,5.1500,0,0,0.1420000,-0.2980000,0.0000000,64.6772000,-0.0606000,-22.5699000
20240315,360,C,119.7250,119.7250,119.7250,119.7250,0,0,0.3625000,0.9821000,0.0000000,8.2015000,-0.0771000,53.4096000
20240315,360,P,0.2650,0.2650,0.2650,0.2650,0,0,0.3337000,-0.0116000,0.0000000,5.6627000,-0.0160000,-0.8883000
20240315,424,C,57.0050,57.0050,57.0050,57.0050,0,0,0.2175000,0.9336000,0.0000000,24.0236000,-0.1030000,59.4916000
20240315,424,P,1.0650,1.0650,1.0650,1.0650,0,0,0.2106000,-0.0605000,0.0000000,22.3773000,-0.0377000,-4.5856000
20240315,488,C,5.0850,5.0850,5.0850,5.0850,0,0,0.1116000,0.3650000,0.0000000,70.1341000,-0.0944000,25.8991000
20240315,488,P,13.7350,13.7350,13.7350,13.7350,0,0,0.1250000,-0.6190000,0.0000000,71.0956000,-0.0344000,-47.3475000
20240315,445,C,37.1550,37.1550,37.1550,37.1550,0,0,0.1773000,0.8711000,0.0000000,39.2380000,-0.1171000,57.9624000
20240315,445,P,2.1450,2.1450,2.1450,2.1450,0,0,0.1758000,-0.1269000,0.0000000,38.8291000,-0.0518000,-9.6074000
20240315,615,P,138.5900,138.5900,138.5900,138.5900,0,0,0.4930000,-0.8818000,0.0000000,36.9199000,-0.0812000,-85.7097000
20240315,210,C,268.1450,268.1450,268.1450,268.1450,0,0,0.7777000,0.9979000,0.0000000,1.2193000,-0.0386000,31.7919000
20240315,210,P,0.0250,0.0250,0.0250,0.0250,0,0,0.6749000,-0.0005000,0.0000000,0.3655000,-0.0021000,-0.0436000
20240315,402,C,78.3900,78.3900,78.3900,78.3900,0,0,0.2642000,0.9616000,0.0000000,15.5520000,-0.0919000,58.2490000
20240315,402,P,0.6050,0.6050,0.6050,0.6050,0,0,0.2512000,-0.0317000,0.0000000,13.2885000,-0.0275000,-2.4090000
20240315,466,C,18.8900,18.8900,18.8900,18.8900,0,0,0.1408000,0.7166000,0.0000000,63.1703000,-0.1263000,49.4748000
20240315,466,P,4.9300,4.9300,4.9300,4.9300,0,0,0.1434000,-0.2864000,0.0000000,63.4990000,-0.0607000,-21.6921000
20240315,530,C,0.0750,0.0750,0.0750,0.0750,0,0,0.1079000,0.0104000,0.0000000,5.1461000,-0.0056000,0.7493000
20240315,530,P,53.6300,53.6300,53.6300,53.6300,0,0,0.2551000,-0.8255000,0.0000000,48.0012000,-0.0443000,-68.5605000
20240315,295,C,183.9650,183.9650,183.9650,183.9650,0,0,0.5246000,0.9933000,0.0000000,3.4871000,-0.0584000,44.3703000
20240315,295,P,0.0850,0.0850,0.0850,0.0850,0,0,0.4667000,-0.0029000,0.0000000,1.6661000,-0.0067000,-0.2258000
20240315,423,C,57.9650,57.9650,57.9650,57.9650,0,0,0.2194000,0.9356000,0.0000000,23.4765000,-0.1024000,59.4860000
20240315,423,P,1.0350,1.0350,1.0350,1.0350,0,0,0.2125000,-0.0586000,0.0000000,21.8357000,-0.0372000,-4.4451000
20240315,487,C,5.5050,5.5050,5.5050,5.5050,0,0,0.1125000,0.3838000,0.0000000,71.2591000,-0.0973000,27.2114000
20240315,487,P,13.1000,13.1000,13.1000,13.1000,0,0,0.1249000,-0.6030000,0.0000000,71.9375000,-0.0365000,-46.0817000
20240315,380,C,100.0000,100.0000,100.0000,100.0000,0,0,0.3146000,0.9750000,0.0000000,10.8857000,-0.0836000,55.9164000
20240315,380,P,0.3850,0.3850,0.3850,0.3850,0,0,0.2941000,-0.0183000,0.0000000,8.3937000,-0.0207000,-1.3989000
20240315,444,C,38.0750,38.0750,38.0750,38.0750,0,0,0.1791000,0.8755000,0.0000000,38.2829000,-0.1163000,58.1488000
20240315,444,P,2.0700,2.0700,2.0700,2.0700,0,0,0.1776000,-0.1225000,0.0000000,37.8891000,-0.0513000,-9.2772000
20240315,508,C,0.6900,0.6900,0.6900,0.6900,0,0,0.1013000,0.0814000,0.0000000,28.1130000,-0.0309000,5.8456000
20240315,508,P,31.6400,31.6400,31.6400,31.6400,0,0,0.1787000,-0.7786000,0.0000000,55.4343000,-0.0299000,-61.7622000
20240315,401,C,79.3700,79.3700,79.3700,79.3700,0,0,0.2664000,0.9624000,0.0000000,15.2749000,-0.0914000,58.1600000
20240315,401,P,0.5950,0.5950,0.5950,0.5950,0,0,0.2534000,-0.0310000,0.0000000,13.0470000,-0.0272000,-2.3566000
20240315,465,C,19.6750,19.6750,19.6750,19.6750,0,0,0.1422000,0.7279000,0.0000000,61.9239000,-0.1262000,50.1831000
20240315,465,P,4.7200,4.7200,4.7200,4.7200,0,0,0.1448000,-0.2753000,0.0000000,62.2966000,-0.0607000,-20.8481000
20240315,635,P,158.6050,158.6050,158.6050,158.6050,0,0,0.5417000,-0.8868000,0.0000000,35.7884000,-0.0885000,-89.1496000
20240315,230,C,248.3300,248.3300,248.3300,248.3300,0,0,0.7156000,0.9971000,0.0000000,1.6209000,-0.0433000,34.7754000
20240315,230,P,0.0350,0.0350,0.0350,0.0350,0,0,0.6250000,-0.0008000,0.0000000,0.5557000,-0.0030000,-0.0685000
20240315,422,C,58.9300,58.9300,58.9300,58.9300,0,0,0.2217000,0.9372000,0.0000000,23.0275000,-0.1019000,59.4525000
20240315,422,P,1.0050,1.0050,1.0050,1.0050,0,0,0.2142000,-0.0567000,0.0000000,21.2799000,-0.0366000,-4.3021000
20240315,486,C,5.9550,5.9550,5.9550,5.9550,0,0,0.1135000,0.4028000,0.0000000,72.2179000,-0.1002000,28.5306000
20240315,486,P,12.5000,12.5000,12.5000,12.5000,0,0,0.1250000,-0.5866000,0.0000000,72.6711000,-0.0386000,-44.7928000
20240315,550,C,0.0250,0.0250,0.0250,0.0250,0,0,0.1250000,0.0030000,0.0000000,1.7162000,-0.0021000,0.2173000
20240315,550,P,73.6250,73.6250,73.6250,73.6250,0,0,0.3174000,-0.8481000,0.0000000,43.8516000,-0.0548000,-73.2827000
20240315,315,C,164.1750,164.1750,164.1750,164.1750,0,0,0.4716000,0.9912000,0.0000000,4.4364000,-0.0634000,47.2532000
20240315,315,P,0.1250,0.1250,0.1250,0.1250,0,0,0.4267000,-0.0045000,0.0000000,2.4926000,-0.0091000,-0.3528000
20240315,443,C,39.0050,39.0050,39.0050,39.0050,0,0,0.1811000,0.8796000,0.0000000,37.4059000,-0.1157000,58.3013000
20240315,443,P,1.9950,1.9950,1.9950,1.9950,0,0,0.1790000,-0.1178000,0.0000000,36.8546000,-0.0504000,-8.9195000
20240315,400,C,80.3500,80.3500,80.3500,80.3500,0,0,0.2687000,0.9631000,0.0000000,15.0245000,-0.0911000,58.0645000
20240315,400,P,0.5850,0.5850,0.5850,0.5850,0,0,0.2554000,-0.0302000,0.0000000,12.7907000,-0.0269000,-2.3013000
20240315,464,C,20.4700,20.4700,20.4700,20.4700,0,0,0.1437000,0.7386000,0.0000000,60.6822000,-0.1260000,50.8411000
20240315,464,P,4.5200,4.5200,4.5200,4.5200,0,0,0.1462000,-0.2646000,0.0000000,61.0716000,-0.0607000,-20.0344000
20240315,421,C,59.8950,59.8950,59.8950,59.8950,0,0,0.2235000,0.9391000,0.0000000,22.4790000,-0.1012000,59.4448000
20240315,421,P,0.9750,0.9750,0.9750,0.9750,0,0,0.2159000,-0.0549000,0.0000000,20.7388000,-0.0360000,-4.1643000
20240315,485,C,6.4150,6.4150,6.4150,6.4150,0,0,0.1145000,0.4216000,0.0000000,72.9957000,-0.1029000,29.8342000
20240315,485,P,11.8950,11.8950,11.8950,11.8950,0,0,0.1248000,-0.5703000,0.0000000,73.2726000,-0.0404000,-43.5101000
20240315,655,P,178.5950,178.5950,178.5950,178.5950,0,0,0.5880000,-0.8910000,0.0000000,34.8367000,-0.0951000,-92.5220000
20240315,250,C,228.5200,228.5200,228.5200,228.5200,0,0,0.6546000,0.9962000,0.0000000,2.0853000,-0.0479000,37.7476000
20240315,250,P,0.0450,0.0450,0.0450,0.0450,0,0,0.5718000,-0.0012000,0.0000000,0.7637000,-0.0038000,-0.0965000
20240315,442,C,39.9300,39.9300,39.9300,39.9300,0,0,0.1830000,0.8835000,0.0000000,36.5335000,-0.1151000,58.4474000
20240315,442,P,1.9250,1.9250,1.9250,1.9250,0,0,0.1807000,-0.1136000,0.0000000,35.9076000,-0.0497000,-8.5989000
20240315,506,C,0.8650,0.8650,0.8650,0.8650,0,0,0.1015000,0.0978000,0.0000000,32.2348000,-0.0358000,7.0212000
20240315,506,P,29.6400,29.6400,29.6400,29.6400,0,0,0.1712000,-0.7720000,0.0000000,56.3651000,-0.0283000,-60.9736000
20240315,570,C,0.0150,0.0150,0.0150,0.0150,0,0,0.1445000,0.0013000,0.0000000,0.8304000,-0.0011000,0.0975000
20240315,570,P,93.6100,93.6100,93.6100,93.6100,0,0,0.3751000,-0.8627000,0.0000000,40.9707000,-0.0638000,-77.4138000
20240315,335,C,144.4200,144.4200,144.4200,144.4200,0,0,0.4257000,0.9875000,0.0000000,6.0177000,-0.0703000,50.0145000
20240315,335,P,0.1750,0.1750,0.1750,0.1750,0,0,0.3852000,-0.0069000,0.0000000,3.5929000,-0.0118000,-0.5307000
20240315,463,C,21.2850,21.2850,21.2850,21.2850,0,0,0.1452000,0.7489000,0.0000000,59.4259000,-0.1258000,51.4682000
20240315,463,P,4.3400,4.3400,4.3400,4.3400,0,0,0.1478000,-0.2545000,0.0000000,59.8585000,-0.0607000,-19.2695000
20240315,420,C,60.8650,60.8650,60.8650,60.8650,0,0,0.2257000,0.9406000,0.0000000,22.0400000,-0.1007000,59.4067000
20240315,420,P,0.9550,0.9550,0.9550,0.9550,0,0,0.2180000,-0.0534000,0.0000000,20.2961000,-0.0356000,-4.0530000
20240315,484,C,6.9000,6.9000,6.9000,6.9000,0,0,0.1156000,0.4404000,0.0000000,73.6045000,-0.1054000,31.1326000
20240315,484,P,11.3450,11.3450,11.3450,11.3450,0,0,0.1252000,-0.5535000,0.0000000,73.7629000,-0.0424000,-42.1947000
20240315,441,C,40.8600,40.8600,40.8600,40.8600,0,0,0.1848000,0.8874000,0.0000000,35.6573000,-0.1144000,58.5899000
20240315,441,P,1.8550,1.8550,1.8550,1.8550,0,0,0.1822000,-0.1094000,0.0000000,34.9486000,-0.0490000,-8.2798000
20240315,505,C,0.9700,0.9700,0.9700,0.9700,0,0,0.1019000,0.1077000,0.0000000,34.5642000,-0.0388000,7.7252000
20240315,505,P,28.6400,28.6400,28.6400,28.6400,0,0,0.1673000,-0.7685000,0.0000000,56.8476000,-0.0275000,-60.5646000
20240315,270,C,208.7100,208.7100,208.7100,208.7100,0,0,0.5945000,0.9951000,0.0000000,2.6059000,-0.0524000,40.7094000
20240315,270,P,0.0550,0.0550,0.0550,0.0550,0,0,0.5187000,-0.0016000,0.0000000,1.0008000,-0.0045000,-0.1291000
20240315,462,C,22.1300,22.1300,22.1300,22.1300,0,0,0.1472000,0.7580000,0.0000000,58.2629000,-0.1259000,52.0021000
20240315,462,P,4.1600,4.1600,4.1600,4.1600,0,0,0.1492000,-0.2446000,0.0000000,58.6149000,-0.0605000,-18.5211000
20240315,526,C,0.1050,0.1050,0.1050,0.1050,0,0,0.1054000,0.0145000,0.0000000,6.8751000,-0.0074000,1.0466000
20240315,526,P,49.6300,49.6300,49.6300,49.6300,0,0,0.2419000,-0.8194000,0.0000000,49.0603000,-0.0419000,-67.4984000
20240315,590,C,0.0150,0.0150,0.0150,0.0150,0,0,0.1699000,0.0011000,0.0000000,0.6906000,-0.0011000,0.0795000
20240315,590,P,113.6050,113.6050,113.6050,113.6050,0,0,0.4292000,-0.8728000,0.0000000,38.8580000,-0.0719000,-81.2220000
20240315,355,C,124.6600,124.6600,124.6600,124.6600,0,0,0.3754000,0.9833000,0.0000000,7.7350000,-0.0759000,52.7380000
20240315,355,P,0.2450,0.2450,0.2450,0.2450,0,0,0.3442000,-0.0104000,0.0000000,5.1843000,-0.0151000,-0.8033000
20240315,419,C,61.8300,61.8300,61.8300,61.8300,0,0,0.2279000,0.9421000,0.0000000,21.6121000,-0.1002000,59.3648000
20240315,419,P,0.9250,0.9250,0.9250,0.9250,0,0,0.2196000,-0.0516000,0.0000000,19.7548000,-0.0350000,-3.9176000
20240315,483,C,7.4150,7.4150,7.4150,7.4150,0,0,0.1167000,0.4591000,0.0000000,74.0435000,-0.1079000,32.4170000
20240315,483,P,10.8150,10.8150,10.8150,10.8150,0,0,0.1256000,-0.5366000,0.0000000,74.1200000,-0.0443000,-40.8788000
20240315,525,C,0.1150,0.1150,0.1150,0.1150,0,0,0.1049000,0.0159000,0.0000000,7.4312000,-0.0080000,1.1457000
20240315,525,P,48.6300,48.6300,48.6300,48.6300,0,0,0.2385000,-0.8177000,0.0000000,49.3374000,-0.0413000,-67.2256000
20240315,440,C,41.7950,41.7950,41.7950,41.7950,0,0,0.1865000,0.8913000,0.0000000,34.7691000,-0.1136000,58.7319000
20240315,440,P,1.7950,1.7950,1.7950,1.7950,0,0,0.1840000,-0.1056000,0.0000000,34.0776000,-0.0484000,-7.9955000
20240315,504,C,1.0850,1.0850,1.0850,1.0850,0,0,0.1021000,0.1176000,0.0000000,36.8061000,-0.0415000,8.4325000
20240315,504,P,27.6400,27.6400,27.6400,27.6400,0,0,0.1635000,-0.7648000,0.0000000,57.3532000,-0.0267000,-60.1394000
20240315,205,C,273.1000,273.1000,273.1000,273.1000,0,0,0.8000000,0.9979000,0.0000000,1.1996000,-0.0379000,31.0335000
20240315,205,P,0.0150,0.0150,0.0150,0.0150,0,0,0.6624000,-0.0003000,0.0000000,0.2220000,-0.0012000,-0.0254000
20240315,461,C,22.9500,22.9500,22.9500,22.9500,0,0,0.1486000,0.7676000,0.0000000,56.9789000,-0.1254000,52.5794000
20240315,461,P,3.9900,3.9900,3.9900,3.9900,0,0,0.1507000,-0.2352000,0.0000000,57.3688000,-0.0603000,-17.8042000
20240315,290,C,188.9150,188.9150,188.9150,188.9150,0,0,0.5382000,0.9937000,0.0000000,3.2890000,-0.0571000,43.6422000
20240315,290,P,0.0850,0.0850,0.0850,0.0850,0,0,0.4814000,-0.0028000,0.0000000,1.6099000,-0.0067000,-0.2177000
20240315,418,C,62.7950,62.7950,62.7950,62.7950,0,0,0.2295000,0.9439000,0.0000000,21.0747000,-0.0994000,59.3507000
20240315,418,P,0.9050,0.9050,0.9050,0.9050,0,0,0.2216000,-0.0503000,0.0000000,19.3367000,-0.0346000,-3.8144000
20240315,482,C,7.9500,7.9500,7.9500,7.9500,0,0,0.1179000,0.4775000,0.0000000,74.3170000,-0.1102000,33.6834000
20240315,482,P,10.3050,10.3050,10.3050,10.3050,0,0,0.1260000,-0.5197000,0.0000000,74.3432000,-0.0461000,-39.5652000
20240315,610,P,133.5900,133.5900,133.5900,133.5900,0,0,0.4805000,-0.8803000,0.0000000,37.2514000,-0.0793000,-84.8324000
20240315,375,C,104.9300,104.9300,104.9300,104.9300,0,0,0.3269000,0.9770000,0.0000000,10.1592000,-0.0820000,55.3039000
20240315,375,P,0.3550,0.3550,0.3550,0.3550,0,0,0.3046000,-0.0164000,0.0000000,7.6648000,-0.0196000,-1.2589000
20240315,439,C,42.7300,42.7300,42.7300,42.7300,0,0,0.1885000,0.8947000,0.0000000,33.9826000,-0.1130000,58.8353000
20240315,439,P,1.7350,1.7350,1.7350,1.7350,0,0,0.1856000,-0.1018000,0.0000000,33.1943000,-0.0477000,-7.7117000
20240315,545,C,0.0350,0.0350,0.0350,0.0350,0,0,0.1220000,0.0043000,0.0000000,2.3935000,-0.0029000,0.3148000
20240315,545,P,68.6250,68.6250,68.6250,68.6250,0,0,0.3023000,-0.8435000,0.0000000,44.7334000,-0.0523000,-72.1767000
20240315,460,C,23.8200,23.8200,23.8200,23.8200,0,0,0.1508000,0.7758000,0.0000000,55.8408000,-0.1255000,53.0446000
20240315,460,P,3.8300,3.8300,3.8300,3.8300,0,0,0.1523000,-0.2261000,0.0000000,56.1248000,-0.0600000,-17.1180000
20240315,524,C,0.1250,0.1250,0.1250,0.1250,0,0,0.1044000,0.0174000,0.0000000,8.0292000,-0.0086000,1.2540000
20240315,524,P,47.6300,47.6300,47.6300,47.6300,0,0,0.2352000,-0.8160000,0.0000000,49.6248000,-0.0407000,-66.9476000
20240315,225,C,253.2800,253.2800,253.2800,253.2800,0,0,0.7296000,0.9974000,0.0000000,1.4951000,-0.0420000,34.0336000
20240315,225,P,0.0250,0.0250,0.0250,0.0250,0,0,0.6218000,-0.0006000,0.0000000,0.3982000,-0.0021000,-0.0476000
20240315,417,C,63.7650,63.7650,63.7650,63.7650,0,0,0.2316000,0.9453000,0.0000000,20.6561000,-0.0989000,59.3045000
20240315,417,P,0.8750,0.8750,0.8750,0.8750,0,0,0.2232000,-0.0485000,0.0000000,18.8090000,-0.0339000,-3.6846000
20240315,481,C,8.5050,8.5050,8.5050,8.5050,0,0,0.1191000,0.4957000,0.0000000,74.4303000,-0.1122000,34.9247000
20240315,481,P,9.8200,9.8200,9.8200,9.8200,0,0,0.1266000,-0.5028000,0.0000000,74.4326000,-0.0479000,-38.2577000
20240315,310,C,169.1250,169.1250,169.1250,169.1250,0,0,0.4858000,0.9916000,0.0000000,4.2264000,-0.0624000,46.5280000
20240315,310,P,0.1150,0.1150,0.1150,0.1150,0,0,0.4375000,-0.0041000,0.0000000,2.2827000,-0.0086000,-0.3200000
20240315,438,C,43.6700,43.6700,43.6700,43.6700,0,0,0.1905000,0.8980000,0.0000000,33.1995000,-0.1123000,58.9341000
20240315,438,P,1.6750,1.6750,1.6750,1.6750,0,0,0.1872000,-0.0982000,0.0000000,32.3155000,-0.0469000,-7.4337000
20240315,502,C,1.3500,1.3500,1.3500,1.3500,0,0,0.1029000,0.1403000,0.0000000,41.5980000,-0.0477000,10.0496000
20240315,502,P,25.6450,25.6450,25.6450,25.6450,0,0,0.1557000,-0.7568000,0.0000000,58.4134000,-0.0250000,-59.2470000
20240315,630,P,153.5850,153.5850,153.5850,153.5850,0,0,0.5293000,-0.8859000,0.0000000,35.9933000,-0.0863000,-88.3132000
20240315,395,C,85.2550,85.2550,85.2550,85.2550,0,0,0.2797000,0.9669000,0.0000000,13.7533000,-0.0889000,57.5874000
20240315,395,P,0.5250,0.5250,0.5250,0.5250,0,0,0.2651000,-0.0265000,0.0000000,11.4840000,-0.0252000,-2.0233000
20240315,459,C,24.6550,24.6550,24.6550,24.6550,0,0,0.1521000,0.7848000,0.0000000,54.5458000,-0.1249000,53.5732000
20240315,459,P,3.6750,3.6750,3.6750,3.6750,0,0,0.1537000,-0.2173000,0.0000000,54.8564000,-0.0596000,-16.4450000
20240315,565,C,0.0150,0.0150,0.0150,0.0150,0,0,0.1367000,0.0013000,0.0000000,0.8059000,-0.0010000,0.0944000
20240315,565,P,88.6150,88.6150,88.6150,88.6150,0,0,0.3610000,-0.8596000,0.0000000,41.5982000,-0.0616000,-76.4204000
20240315,416,C,64.7350,64.7350,64.7350,64.7350,0,0,0.2337000,0.9467000,0.0000000,20.2219000,-0.0983000,59.2617000
20240315,416,P,0.8550,0.8550,0.8550,0.8550,0,0,0.2252000,-0.0472000,0.0000000,18.4010000,-0.0336000,-3.5857000
20240315,480,C,9.0800,9.0800,9.0800,9.0800,0,0,0.1204000,0.5135000,0.0000000,74.3914000,-0.1142000,36.1399000
20240315,480,P,9.3600,9.3600,9.3600,9.3600,0,0,0.1273000,-0.4861000,0.0000000,74.3894000,-0.0495000,-36.9621000
20240315,245,C,233.4700,233.4700,233.4700,233.4700,0,0,0.6687000,0.9965000,0.0000000,1.9428000,-0.0466000,37.0089000
20240315,245,P,0.0350,0.0350,0.0350,0.0350,0,0,0.5749000,-0.0009000,0.0000000,0.6079000,-0.0030000,-0.0751000
20240315,437,C,44.6100,44.6100,44.6100,44.6100,0,0,0.1923000,0.9014000,0.0000000,32.4037000,-0.1116000,59.0336000
20240315,437,P,1.6150,1.6150,1.6150,1.6150,0,0,0.1887000,-0.0946000,0.0000000,31.4410000,-0.0462000,-7.1615000
20240315,501,C,1.5050,1.5050,1.5050,1.5050,0,0,0.1032000,0.1524000,0.0000000,43.9659000,-0.0508000,10.9081000
20240315,501,P,24.6450,24.6450,24.6450,24.6450,0,0,0.1517000,-0.7525000,0.0000000,58.9706000,-0.0241000,-58.7770000
20240315,330,C,149.3650,149.3650,149.3650,149.3650,0,0,0.4379000,0.9884000,0.0000000,5.6254000,-0.0687000,49.3247000
20240315,330,P,0.1650,0.1650,0.1650,0.1650,0,0,0.3969000,-0.0063000,0.0000000,3.3476000,-0.0114000,-0.4905000
20240315,458,C,25.5200,25.5200,25.5200,25.5200,0,0,0.1541000,0.7925000,0.0000000,53.3821000,-0.1246000,54.0081000
20240315,458,P,3.5300,3.5300,3.5300,3.5300,0,0,0.1553000,-0.2091000,0.0000000,53.6399000,-0.0594000,-15.8244000
20240315,522,C,0.1550,0.1550,0.1550,0.1550,0,0,0.1038000,0.0212000,0.0000000,9.5014000,-0.0102000,1.5283000
20240315,522,P,45.6300,45.6300,45.6300,45.6300,0,0,0.2284000,-0.8124000,0.0000000,50.2199000,-0.0394000,-66.3800000
20240315,650,P,173.5950,173.5950,173.5950,173.5950,0,0,0.5765000,-0.8901000,0.0000000,35.0459000,-0.0934000,-91.6881000
20240315,415,C,65.7100,65.7100,65.7100,65.7100,0,0,0.2362000,0.9478000,0.0000000,19.9008000,-0.0980000,59.1891000
20240315,415,P,0.8350,0.8350,0.8350,0.8350,0,0,0.2271000,-0.0459000,0.0000000,17.9907000,-0.0331000,-3.4869000
20240315,479,C,9.6750,9.6750,9.6750,9.6750,0,0,0.1216000,0.5310000,0.0000000,74.2089000,-0.1160000,37.3270000
20240315,479,P,8.9250,8.9250,8.9250,8.9250,0,0,0.1280000,-0.4695000,0.0000000,74.2172000,-0.0510000,-35.6822000
20240315,585,P,108.6050,108.6050,108.6050,108.6050,0,0,0.4159000,-0.8707000,0.0000000,39.3225000,-0.0699000,-80.2946000
20240315,436,C,45.5500,45.5500,45.5500,45.5500,0,0,0.1942000,0.9046000,0.0000000,31.6273000,-0.1109000,59.1234000
20240315,436,P,1.5650,1.5650,1.5650,1.5650,0,0,0.1906000,-0.0914000,0.0000000,30.6696000,-0.0456000,-6.9255000
20240315,500,C,1.6700,1.6700,1.6700,1.6700,0,0,0.1037000,0.1655000,0.0000000,46.4113000,-0.0542000,11.8410000
20240315,500,P,23.6450,23.6450,23.6450,23.6450,0,0,0.1477000,-0.7479000,0.0000000,59.5437000,-0.0232000,-58.2910000
20240315,265,C,213.6650,213.6650,213.6650,213.6650,0,0,0.6078000,0.9955000,0.0000000,2.4285000,-0.0510000,39.9769000
20240315,265,P,0.0550,0.0550,0.0550,0.0550,0,0,0.5359000,-0.0016000,0.0000000,0.9964000,-0.0046000,-0.1287000
20240315,457,C,26.3900,26.3900,26.3900,26.3900,0,0,0.1560000,0.8001000,0.0000000,52.2109000,-0.1243000,54.4280000
20240315,457,P,3.3900,3.3900,3.3900,3.3900,0,0,0.1569000,-0.2011000,0.0000000,52.4111000,-0.0590000,-15.2187000
20240315,350,C,129.6000,129.6000,129.6000,129.6000,0,0,0.3881000,0.9844000,0.0000000,7.2755000,-0.0745000,52.0641000
20240315,350,P,0.2250,0.2250,0.2250,0.2250,0,0,0.3544000,-0.0094000,0.0000000,4.7306000,-0.0142000,-0.7239000
20240315,414,C,66.6800,66.6800,66.6800,66.6800,0,0,0.2382000,0.9491000,0.0000000,19.4989000,-0.0975000,59.1366000
20240315,414,P,0.8150,0.8150,0.8150,0.8150,0,0,0.2290000,-0.0446000,0.0000000,17.5654000,-0.0327000,-3.3852000
20240315,478,C,10.2850,10.2850,10.2850,10.2850,0,0,0.1229000,0.5481000,0.0000000,73.8914000,-0.1175000,38.4839000
20240315,478,P,8.5050,8.5050,8.5050,8.5050,0,0,0.1288000,-0.4531000,0.0000000,73.9205000,-0.0524000,-34.4209000
20240315,435,C,46.4950,46.4950,46.4950,46.4950,0,0,0.1959000,0.9078000,0.0000000,30.8380000,-0.1100000,59.2139000
20240315,435,P,1.5100,1.5100,1.5100,1.5100,0,0,0.1923000,-0.0883000,0.0000000,29.8853000,-0.0449000,-6.6888000
20240315,499,C,1.8500,1.8500,1.8500,1.8500,0,0,0.1041000,0.1791000,0.0000000,48.8057000,-0.0575000,12.8055000
20240315,499,P,22.6500,22.6500,22.6500,22.6500,0,0,0.1438000,-0.7428000,0.0000000,60.1757000,-0.0225000,-57.7642000
20240315,605,P,128.5950,128.5950,128.5950,128.5950,0,0,0.4678000,-0.8786000,0.0000000,37.6078000,-0.0775000,-83.9462000
20240315,200,C,278.0500,278.0500,278.0500,278.0500,0,0,0.8140000,0.9981000,0.0000000,1.0896000,-0.0366000,30.2889000
20240315,200,P,0.0150,0.0150,0.0150,0.0150,0,0,0.6749000,-0.0002000,0.0000000,0.1968000,-0.0011000,-0.0223000
20240315,456,C,27.2600,27.2600,27.2600,27.2600,0,0,0.1577000,0.8076000,0.0000000,51.0185000,-0.1238000,54.8407000
20240315,456,P,3.2600,3.2600,3.2600,3.2600,0,0,0.1585000,-0.1934000,0.0000000,51.1976000,-0.0585000,-14.6403000
20240315,520,C,0.1850,0.1850,0.1850,0.1850,0,0,0.1027000,0.0252000,0.0000000,10.9939000,-0.0118000,1.8172000
20240315,520,P,43.6400,43.6400,43.6400,43.6400,0,0,0.2218000,-0.8084000,0.0000000,50.8839000,-0.0383000,-65.7791000
20240315,285,C,193.8650,193.8650,193.8650,193.8650,0,0,0.5523000,0.9941000,0.0000000,3.1106000,-0.0560000,42.9105000
20240315,285,P,0.0750,0.0750,0.0750,0.0750,0,0,0.4902000,-0.0024000,0.0000000,1.4225000,-0.0060000,-0.1899000
20240315,413,C,67.6550,67.6550,67.6550,67.6550,0,0,0.2402000,0.9505000,0.0000000,19.0819000,-0.0969000,59.0873000
20240315,413,P,0.7950,0.7950,0.7950,0.7950,0,0,0.2309000,-0.0433000,0.0000000,17.1765000,-0.0322000,-3.2930000
20240315,477,C,10.9200,10.9200,10.9200,10.9200,0,0,0.1243000,0.5648000,0.0000000,73.4504000,-0.1191000,39.6014000
20240315,477,P,8.1150,8.1150,8.1150,8.1150,0,0,0.1298000,-0.4370000,0.0000000,73.5065000,-0.0537000,-33.1861000
20240315,370,C,109.8600,109.8600,109.8600,109.8600,0,0,0.3389000,0.9788000,0.0000000,9.4758000,-0.0805000,54.6806000
20240315,370,P,0.3250,0.3250,0.3250,0.3250,0,0,0.3149000,-0.0147000,0.0000000,6.9816000,-0.0185000,-1.1302000
20240315,434,C,47.4450,47.4450,47.4450,47.4450,0,0,0.1979000,0.9106000,0.0000000,30.1471000,-0.1094000,59.2707000
20240315,434,P,1.4650,1.4650,1.4650,1.4650,0,0,0.1939000,-0.0852000,0.0000000,29.1044000,-0.0442000,-6.4563000
20240315,498,C,2.0500,2.0500,2.0500,2.0500,0,0,0.1046000,0.1934000,0.0000000,51.1871000,-0.0609000,13.8209000
20240315,498,P,21.6900,21.6900,21.6900,21.6900,0,0,0.1403000,-0.7366000,0.0000000,60.9186000,-0.0221000,-57.1640000
20240315,455,C,28.1350,28.1350,28.1350,28.1350,0,0,0.1593000,0.8148000,0.0000000,49.8249000,-0.1232000,55.2369000
20240315,455,P,3.1300,3.1300,3.1300,3.1300,0,0,0.1600000,-0.1860000,0.0000000,49.9738000,-0.0580000,-14.0750000
20240315,625,P,148.5850,148.5850,148.5850,148.5850,0,0,0.5172000,-0.8847000,0.0000000,36.2731000,-0.0846000,-87.4549000
20240315,220,C,258.2350,258.2350,258.2350,258.2350,0,0,0.7437000,0.9976000,0.0000000,1.3752000,-0.0406000,33.2907000
20240315,220,P,0.0250,0.0250,0.0250,0.0250,0,0,0.6374000,-0.0005000,0.0000000,0.3771000,-0.0021000,-0.0449000
20240315,412,C,68.6250,68.6250,68.6250,68.6250,0,0,0.2421000,0.9518000,0.0000000,18.6750000,-0.0963000,59.0347000
20240315,412,P,0.7650,0.7650,0.7650,0.7650,0,0,0.2321000,-0.0417000,0.0000000,16.6487000,-0.0315000,-3.1682000
20240315,476,C,11.5700,11.5700,11.5700,11.5700,0,0,0.1257000,0.5810000,0.0000000,72.8941000,-0.1204000,40.6872000
20240315,476,P,7.7400,7.7400,7.7400,7.7400,0,0,0.1308000,-0.4213000,0.0000000,72.9824000,-0.0549000,-31.9790000
20240315,540,C,0.0450,0.0450,0.0450,0.0450,0,0,0.1171000,0.0056000,0.0000000,3.0151000,-0.0035000,0.4080000
20240315,540,P,63.6250,63.6250,63.6250,63.6250,0,0,0.2868000,-0.8383000,0.0000000,45.7036000,-0.0497000,-71.0289000
20240315,305,C,174.0700,174.0700,174.0700,174.0700,0,0,0.4995000,0.9921000,0.0000000,4.0004000,-0.0612000,45.8055000
20240315,305,P,0.1050,0.1050,0.1050,0.1050,0,0,0.4472000,-0.0036000,0.0000000,2.0581000,-0.0079000,-0.2852000
20240315,433,C,48.3950,48.3950,48.3950,48.3950,0,0,0.1998000,0.9133000,0.0000000,29.4581000,-0.1088000,59.3244000
20240315,433,P,1.4150,1.4150,1.4150,1.4150,0,0,0.1955000,-0.0822000,0.0000000,28.3271000,-0.0435000,-6.2281000
20240315,497,C,2.2700,2.2700,2.2700,2.2700,0,0,0.1052000,0.2085000,0.0000000,53.5575000,-0.0644000,14.8949000
20240315,497,P,20.7600,20.7600,20.7600,20.7600,0,0,0.1373000,-0.7293000,0.0000000,61.7670000,-0.0221000,-56.4870000
20240315,390,C,90.1650,90.1650,90.1650,90.1650,0,0,0.2912000,0.9700000,0.0000000,12.6806000,-0.0870000,57.0599000
20240315,390,P,0.4650,0.4650,0.4650,0.4650,0,0,0.2741000,-0.0231000,0.0000000,10.2403000,-0.0233000,-1.7660000
20240315,454,C,29.0200,29.0200,29.0200,29.0200,0,0,0.1613000,0.8214000,0.0000000,48.7179000,-0.1228000,55.5776000
20240315,454,P,3.0100,3.0100,3.0100,3.0100,0,0,0.1615000,-0.1789000,0.0000000,48.7760000,-0.0575000,-13.5385000
20240315,518,C,0.2250,0.2250,0.2250,0.2250,0,0,0.1018000,0.0301000,0.0000000,12.7547000,-0.0136000,2.1712000
20240315,518,P,41.6400,41.6400,41.6400,41.6400,0,0,0.2148000,-0.8043000,0.0000000,51.5383000,-0.0370000,-65.1757000
20240315,411,C,69.6000,69.6000,69.6000,69.6000,0,0,0.2446000,0.9528000,0.0000000,18.3748000,-0.0960000,58.9549000
20240315,411,P,0.7550,0.7550,0.7550,0.7550,0,0,0.2346000,-0.0409000,0.0000000,16.3797000,-0.0313000,-3.1061000
20240315,475,C,12.2400,12.2400,12.2400,12.2400,0,0,0.1271000,0.5967000,0.0000000,72.2343000,-0.1216000,41.7348000
20240315,475,P,7.3900,7.3900,7.3900,7.3900,0,0,0.1319000,-0.4059000,0.0000000,72.3566000,-0.0560000,-30.8018000
20240315,645,P,168.6000,168.6000,168.6000,168.6000,0,0,0.5653000,-0.8890000,0.0000000,35.3063000,-0.0920000,-90.8395000
20240315,240,C,238.4250,238.4250,238.4250,238.4250,0,0,0.6828000,0.9968000,0.0000000,1.8058000,-0.0454000,36.2692000
20240315,240,P,0.0350,0.0350,0.0350,0.0350,0,0,0.5906000,-0.0009000,0.0000000,0.5836000,-0.0030000,-0.0720000
20240315,432,C,49.3450,49.3450,49.3450,49.3450,0,0,0.2018000,0.9159000,0.0000000,28.7866000,-0.1081000,59.3705000
20240315,432,P,1.3700,1.3700,1.3700,1.3700,0,0,0.1973000,-0.0796000,0.0000000,27.6334000,-0.0429000,-6.0275000
20240315,496,C,2.5000,2.5000,2.5000,2.5000,0,0,0.1058000,0.2240000,0.0000000,55.8231000,-0.0678000,15.9902000
20240315,496,P,19.8650,19.8650,19.8650,19.8650,0,0,0.1347000,-0.7209000,0.0000000,62.7062000,-0.0225000,-55.7339000
20240315,560,C,0.0150,0.0150,0.0150,0.0150,0,0,0.1308000,0.0014000,0.0000000,0.8985000,-0.0011000,0.1064000
20240315,560,P,83.6150,83.6150,83.6150,83.6150,0,0,0.3466000,-0.8562000,0.0000000,42.2762000,-0.0593000,-75.4054000
20240315,325,C,154.2900,154.2900,154.2900,154.2900,0,0,0.4482000,0.9896000,0.0000000,5.1451000,-0.0667000,48.6504000
20240315,325,P,0.1450,0.1450,0.1450,0.1450,0,0,0.4052000,-0.0055000,0.0000000,2.9641000,-0.0103000,-0.4278000
20240315,453,C,29.9050,29.9050,29.9050,29.9050,0,0,0.1629000,0.8281000,0.0000000,47.5476000,-0.1222000,55.9337000
20240315,453,P,2.9000,2.9000,2.9000,2.9000,0,0,0.1632000,-0.1723000,0.0000000,47.6293000,-0.0570000,-13.0400000
20240315,410,C,70.5750,70.5750,70.5750,70.5750,0,0,0.2465000,0.9540000,0.0000000,17.9861000,-0.0954000,58.8966000
20240315,410,P,0.7350,0.7350,0.7350,0.7350,0,0,0.2363000,-0.0396000,0.0000000,15.9727000,-0.0308000,-3.0116000
20240315,474,C,12.9200,12.9200,12.9200,12.9200,0,0,0.1286000,0.6120000,0.0000000,71.4786000,-0.1226000,42.7481000
20240315,474,P,7.0550,7.0550,7.0550,7.0550,0,0,0.1329000,-0.3909000,0.0000000,71.6336000,-0.0569000,-29.6495000
20240315,431,C,50.2950,50.2950,50.2950,50.2950,0,0,0.2036000,0.9186000,0.0000000,28.1013000,-0.1074000,59.4184000
20240315,431,P,1.3250,1.3250,1.3250,1.3250,0,0,0.1988000,-0.0766000,0.0000000,26.8625000,-0.0421000,-5.8070000
20240315,495,C,2.7500,2.7500,2.7500,2.7500,0,0,0.1063000,0.2400000,0.0000000,58.0144000,-0.0713000,17.1244000
20240315,495,P,18.9950,18.9950,18.9950,18.9950,0,0,0.1324000,-0.7114000,0.0000000,63.7186000,-0.0233000,-54.9066000
20240315,260,C,218.6150,218.6150,218.6150,218.6150,0,0,0.6218000,0.9958000,0.0000000,2.2772000,-0.0498000,39.2399000
20240315,260,P,0.0450,0.0450,0.0450,0.0450,0,0,0.5406000,-0.0013000,0.0000000,0.8182000,-0.0038000,-0.1037000
20240315,452,C,30.7950,30.7950,30.7950,30.7950,0,0,0.1646000,0.8344000,0.0000000,46.4236000,-0.1215000,56.2561000
20240315,452,P,2.7900,2.7900,2.7900,2.7900,0,0,0.1648000,-0.1658000,0.0000000,46.4691000,-0.0565000,-12.5487000
20240315,516,C,0.2750,0.2750,0.2750,0.2750,0,0,0.1010000,0.0363000,0.0000000,14.8770000,-0.0159000,2.6165000
20240315,516,P,39.6400,39.6400,39.6400,39.6400,0,0,0.2078000,-0.8000000,0.0000000,52.2333000,-0.0357000,-64.5484000
20240315,580,C,0.0150,0.0150,0.0150,0.0150,0,0,0.1562000,0.0011000,0.0000000,0.7034000,-0.0010000,0.0812000
20240315,580,P,103.6100,103.6100,103.6100,103.6100,0,0,0.4027000,-0.8681000,0.0000000,39.8559000,-0.0680000,-79.3431000
20240315,345,C,134.5400,134.5400,134.5400,134.5400,0,0,0.4006000,0.9855000,0.0000000,6.8246000,-0.0731000,51.3877000
20240315,345,P,0.2050,0.2050,0.2050,0.2050,0,0,0.3642000,-0.0084000,0.0000000,4.2859000,-0.0133000,-0.6473000
20240315,409,C,71.5500,71.5500,71.5500,71.5500,0,0,0.2490000,0.9549000,0.0000000,17.7007000,-0.0951000,58.8123000
20240315,409,P,0.7150,0.7150,0.7150,0.7150,0,0,0.2380000,-0.0384000,0.0000000,15.5764000,-0.0303000,-2.9204000
20240315,473,C,13.6150,13.6150,13.6150,13.6150,0,0,0.1299000,0.6269000,0.0000000,70.6332000,-0.1234000,43.7309000
20240315,473,P,6.7350,6.7350,6.7350,6.7350,0,0,0.1341000,-0.3762000,0.0000000,70.8256000,-0.0577000,-28.5315000
20240315,430,C,51.2500,51.2500,51.2500,51.2500,0,0,0.2058000,0.9208000,0.0000000,27.5097000,-0.1069000,59.4363000
20240315,430,P,1.2850,1.2850,1.2850,1.2850,0,0,0.2005000,-0.0741000,0.0000000,26.1741000,-0.0415000,-5.6130000
20240315,494,C,3.0200,3.0200,3.0200,3.0200,0,0,0.1069000,0.2567000,0.0000000,60.1313000,-0.0747000,18.3031000
20240315,494,P,18.1550,18.1550,18.1550,18.1550,0,0,0.1305000,-0.7008000,0.0000000,64.7885000,-0.0243000,-54.0049000
20240315,195,C,283.0050,283.0050,283.0050,283.0050,0,0,0.8257000,0.9984000,0.0000000,0.9647000,-0.0351000,29.5463000
20240315,195,P,0.0150,0.0150,0.0150,0.0150,0,0,0.6937000,-0.0002000,0.0000000,0.1919000,-0.0011000,-0.0217000
20240315,451,C,31.6900,31.6900,31.6900,31.6900,0,0,0.1665000,0.8402000,0.0000000,45.3564000,-0.1210000,56.5429000
20240315,451,P,2.6800,2.6800,2.6800,2.6800,0,0,0.1663000,-0.1594000,0.0000000,45.2948000,-0.0558000,-12.0641000
20240315,515,C,0.3100,0.3100,0.3100,0.3100,0,0,0.1014000,0.0410000,0.0000000,16.4081000,-0.0176000,2.9497000
20240315,515,P,38.6400,38.6400,38.6400,38.6400,0,0,0.2042000,-0.7976000,0.0000000,52.5958000,-0.0350000,-64.2255000
20240315,280,C,198.8150,198.8150,198.8150,198.8150,0,0,0.5664000,0.9944000,0.0000000,2.9372000,-0.0548000,42.1778000
20240315,280,P,0.0650,0.0650,0.0650,0.0650,0,0,0.4980000,-0.0020000,0.0000000,1.2356000,-0.0053000,-0.1626000
20240315,408,C,72.5300,72.5300,72.5300,72.5300,0,0,0.2513000,0.9559000,0.0000000,17.3985000,-0.0947000,58.7318000
20240315,408,P,0.6950,0.6950,0.6950,0.6950,0,0,0.2397000,-0.0373000,0.0000000,15.1905000,-0.0298000,-2.8323000
20240315,472,C,14.3350,14.3350,14.3350,14.3350,0,0,0.1315000,0.6411000,0.0000000,69.7234000,-0.1242000,44.6604000
20240315,472,P,6.4350,6.4350,6.4350,6.4350,0,0,0.1353000,-0.3621000,0.0000000,69.9434000,-0.0585000,-27.4511000
20240315,600,P,123.6000,123.6000,123.6000,123.6000,0,0,0.4553000,-0.8767000,0.0000000,38.0237000,-0.0758000,-83.0407000
20240315,365,C,114.7950,114.7950,114.7950,114.7950,0,0,0.3508000,0.9805000,0.0000000,8.8196000,-0.0788000,54.0498000
20240315,365,P,0.2950,0.2950,0.2950,0.2950,0,0,0.3247000,-0.0131000,0.0000000,6.3197000,-0.0173000,-1.0077000
20240315,429,C,52.2050,52.2050,52.2050,52.2050,0,0,0.2075000,0.9233000,0.0000000,26.8426000,-0.1061000,59.4746000
20240315,429,P,1.2450,1.2450,1.2450,1.2450,0,0,0.2022000,-0.0716000,0.0000000,25.5036000,-0.0409000,-5.4264000
20240315,493,C,3.3100,3.3100,3.3100,3.3100,0,0,0.1076000,0.2738000,0.0000000,62.1326000,-0.0782000,19.5089000
20240315,493,P,17.3450,17.3450,17.3450,17.3450,0,0,0.1289000,-0.6892000,0.0000000,65.8888000,-0.0255000,-53.0360000
20240315,535,C,0.0550,0.0550,0.0550,0.0550,0,0,0.1123000,0.0074000,0.0000000,3.8591000,-0.0043000,0.5395000
20240315,535,P,58.6300,58.6300,58.6300,58.6300,0,0,0.2712000,-0.8322000,0.0000000,46.8084000,-0.0471000,-69.8195000
20240315,450,C,32.5950,32.5950,32.5950,32.5950,0,0,0.1683000,0.8459000,0.0000000,44.2780000,-0.1204000,56.8243000
20240315,450,P,2.5800,2.5800,2.5800,2.5800,0,0,0.1679000,-0.1534000,0.0000000,44.1685000,-0.0552000,-11.6116000
20240315,514,C,0.3450,0.3450,0.3450,0.3450,0,0,0.1009000,0.0447000,0.0000000,17.5924000,-0.0189000,3.2149000
20240315,514,P,37.6400,37.6400,37.6400,37.6400,0,0,0.2007000,-0.7952000,0.0000000,52.9672000,-0.0343000,-63.8966000
20240315,215,C,263.1950,263.1950,263.1950,263.1950,0,0,0.7648000,0.9976000,0.0000000,1.3484000,-0.0400000,32.5335000
20240315,215,P,0.0250,0.0250,0.0250,0.0250,0,0,0.6562000,-0.0005000,0.0000000,0.3725000,-0.0021000,-0.0444000
20240315,407,C,73.5000,73.5000,73.5000,73.5000,0,0,0.2531000,0.9571000,0.0000000,17.0119000,-0.0940000,58.6714000
20240315,407,P,0.6850,0.6850,0.6850,0.6850,0,0,0.2420000,-0.0365000,0.0000000,14.9293000,-0.0296000,-2.7735000
20240315,471,C,15.0600,15.0600,15.0600,15.0600,0,0,0.1330000,0.6549000,0.0000000,68.7455000,-0.1248000,45.5561000
20240315,471,P,6.1500,6.1500,6.1500,6.1500,0,0,0.1366000,-0.3484000,0.0000000,68.9971000,-0.0591000,-26.4092000
20240315,300,C,179.0200,179.0200,179.0200,179.0200,0,0,0.5132000,0.9926000,0.0000000,3.7861000,-0.0600000,45.0807000
20240315,300,P,0.1050,0.1050,0.1050,0.1050,0,0,0.4619000,-0.0035000,0.0000000,1.9925000,-0.0079000,-0.2756000
20240315,428,C,53.1600,53.1600,53.1600,53.1600,0,0,0.2097000,0.9254000,0.0000000,26.2823000,-0.1056000,59.4800000
20240315,428,P,1.2050,1.2050,1.2050,1.2050,0,0,0.2039000,-0.0692000,0.0000000,24.8353000,-0.0402000,-5.2425000
20240315,492,C,3.6250,3.6250,3.6250,3.6250,0,0,0.1083000,0.2914000,0.0000000,64.0193000,-0.0815000,20.7466000
20240315,492,P,16.5650,16.5650,16.5650,16.5650,0,0,0.1277000,-0.6767000,0.0000000,67.0005000,-0.0270000,-52.0020000
20240315,620,P,143.5900,143.5900,143.5900,143.5900,0,0,0.5053000,-0.8832000,0.0000000,36.6036000,-0.0830000,-86.5810000
20240315,385,C,95.0800,95.0800,95.0800,95.0800,0,0,0.3029000,0.9726000,0.0000000,11.7416000,-0.0853000,56.4988000
20240315,385,P,0.4250,0.4250,0.4250,0.4250,0,0,0.2844000,-0.0206000,0.0000000,9.2967000,-0.0221000,-1.5764000
20240315,449,C,33.4750,33.4750,33.4750,33.4750,0,0,0.1695000,0.8521000,0.0000000,43.0768000,-0.1193000,57.1450000
20240315,449,P,2.4850,2.4850,2.4850,2.4850,0,0,0.1694000,-0.1476000,0.0000000,43.0371000,-0.0545000,-11.1677000
20240315,555,C,0.0250,0.0250,0.0250,0.0250,0,0,0.1318000,0.0027000,0.0000000,1.5786000,-0.0020000,0.1979000
20240315,555,P,78.6150,78.6150,78.6150,78.6150,0,0,0.3320000,-0.8525000,0.0000000,43.0089000,-0.0569000,-74.3662000
20240315,406,C,74.4800,74.4800,74.4800,74.4800,0,0,0.2555000,0.9579000,0.0000000,16.7357000,-0.0937000,58.5838000
20240315,406,P,0.6650,0.6650,0.6650,0.6650,0,0,0.2436000,-0.0353000,0.0000000,14.5389000,-0.0290000,-2.6854000
20240315,470,C,15.8100,15.8100,15.8100,15.8100,0,0,0.1347000,0.6681000,0.0000000,67.7227000,-0.1254000,46.4021000
20240315,470,P,5.8800,5.8800,5.8800,5.8800,0,0,0.1379000,-0.3351000,0.0000000,67.9874000,-0.0596000,-25.3974000
20240315,235,C,243.3750,243.3750,243.3750,243.3750,0,0,0.6960000,0.9970000,0.0000000,1.6617000,-0.0440000,35.5305000
20240315,235,P,0.0350,0.0350,0.0350,0.0350,0,0,0.6062000,-0.0008000,0.0000000,0.5579000,-0.0029000,-0.0686000
20240315,427,C,54.1200,54.1200,54.1200,54.1200,0,0,0.2117000,0.9276000,0.0000000,25.7067000,-0.1050000,59.4882000
20240315,427,P,1.1700,1.1700,1.1700,1.1700,0,0,0.2059000,-0.0672000,0.0000000,24.2760000,-0.0398000,-5.0909000
20240315,491,C,3.9550,3.9550,3.9550,3.9550,0,0,0.1090000,0.3093000,0.0000000,65.7663000,-0.0848000,22.0040000
20240315,491,P,15.8150,15.8150,15.8150,15.8150,0,0,0.1267000,-0.6634000,0.0000000,68.0994000,-0.0287000,-50.9090000
20240328,565,C,0.0350,0.0350,0.0350,0.0350,0,0,0.1357000,0.0035000,0.0000000,2.2018000,-0.0024000,0.3135000
20240328,565,P,88.6350,88.6350,88.6350,88.6350,0,0,0.3449000,-0.8404000,0.0000000,50.3083000,-0.0546000,-92.4312000
20240328,320,C,159.2600,159.2600,159.2600,159.2600,0,0,0.3844791,0.9937570,0.0002196,0.0367382,-0.0488148,0.6023955
20240328,320,P,0.2000,0.2000,0.2000,0.2000,0,0,0.3959000,-0.0070000,0.0000000,4.0594000,-0.0111000,-0.6721000
20240328,416,C,64.9900,64.9900,64.9900,64.9900,0,0,0.1848000,0.9678000,0.0000000,14.9059000,-0.0775000,74.8710000
20240328,416,P,1.1750,1.1750,1.1750,1.1750,0,0,0.2194000,-0.0579000,0.0000000,24.0059000,-0.0339000,-5.4390000
20240328,448,C,35.0450,35.0450,35.0450,35.0450,0,0,0.1533000,0.8652000,0.0000000,44.9174000,-0.1047000,71.2866000
20240328,448,P,3.0750,3.0750,3.0750,3.0750,0,0,0.1710000,-0.1593000,0.0000000,50.2597000,-0.0507000,-14.9305000
20240328,480,C,10.1950,10.1950,10.1950,10.1950,0,0,0.1164000,0.5288000,0.0000000,82.4075000,-0.1047000,45.6959000
20240328,480,P,10.3150,10.3150,10.3150,10.3150,0,0,0.1317000,-0.4719000,0.0000000,82.4201000,-0.0444000,-44.4510000
20240328,512,C,0.6800,0.6800,0.6800,0.6800,0,0,0.0982000,0.0757000,0.0000000,29.5379000,-0.0261000,6.6919000
20240328,512,P,35.6600,35.6600,35.6600,35.6600,0,0,0.1870000,-0.7653000,0.0000000,63.5976000,-0.0279000,-75.6556000
20240328,405,C,75.6350,75.6350,75.6350,75.6350,0,0,0.1901000,0.9831000,0.0000000,8.6441000,-0.0690000,74.2378000
20240328,405,P,0.9000,0.9000,0.9000,0.9000,0,0,0.2380000,-0.0430000,0.0000000,18.9406000,-0.0295000,-4.0463000
20240328,437,C,45.0850,45.0850,45.0850,45.0850,0,0,0.1655000,0.9150000,0.0000000,32.2059000,-0.0954000,73.8787000
20240328,437,P,2.1450,2.1450,2.1450,2.1450,0,0,0.1870000,-0.1104000,0.0000000,39.0535000,-0.0449000,-10.3489000
20240328,501,C,2.0650,2.0650,2.0650,2.0650,0,0,0.1009000,0.1842000,0.0000000,55.1428000,-0.0528000,16.2015000
20240328,501,P,24.6700,24.6700,24.6700,24.6700,0,0,0.1477000,-0.7249000,0.0000000,69.1151000,-0.0201000,-69.9416000
20240328,469,C,17.5850,17.5850,17.5850,17.5850,0,0,0.1286000,0.6862000,0.0000000,73.4482000,-0.1134000,58.4709000
20240328,469,P,6.6050,6.6050,6.6050,6.6050,0,0,0.1426000,-0.3288000,0.0000000,74.8954000,-0.0536000,-30.8568000
20240328,575,C,0.0250,0.0250,0.0250,0.0250,0,0,0.1425000,0.0022000,0.0000000,1.4495000,-0.0016000,0.1972000
20240328,575,P,98.6300,98.6300,98.6300,98.6300,0,0,0.3713000,-0.8468000,0.0000000,48.9567000,-0.0586000,-94.9037000
20240328,330,C,149.3800,149.3800,149.3800,149.3800,0,0,0.3662768,0.9922874,0.0002778,0.0442766,-0.0514411,0.6200009
20240328,330,P,0.2350,0.2350,0.2350,0.2350,0,0,0.3759000,-0.0084000,0.0000000,4.7682000,-0.0123000,-0.8054000
20240328,394,C,86.3650,86.3650,86.3650,86.3650,0,0,0.1884000,0.9934000,0.0000000,3.8217000,-0.0614000,73.1295000
20240328,394,P,0.7050,0.7050,0.7050,0.7050,0,0,0.2564000,-0.0323000,0.0000000,14.9889000,-0.0255000,-3.0428000
20240328,426,C,55.4200,55.4200,55.4200,55.4200,0,0,0.1765000,0.9478000,0.0000000,22.0820000,-0.0858000,74.8766000
20240328,426,P,1.5450,1.5450,1.5450,1.5450,0,0,0.2037000,-0.0780000,0.0000000,30.2112000,-0.0389000,-7.3166000
20240328,458,C,26.3500,26.3500,26.3500,26.3500,0,0,0.1416000,0.7971000,0.0000000,58.4806000,-0.1114000,66.7979000
20240328,458,P,4.3600,4.3600,4.3600,4.3600,0,0,0.1569000,-0.2246000,0.0000000,62.0597000,-0.0543000,-21.0537000
20240328,490,C,5.2500,5.2500,5.2500,5.2500,0,0,0.1074000,0.3568000,0.0000000,77.2438000,-0.0841000,31.1387000
20240328,490,P,15.6900,15.6900,15.6900,15.6900,0,0,0.1288000,-0.6169000,0.0000000,79.0470000,-0.0287000,-58.5217000
20240328,522,C,0.2450,0.2450,0.2450,0.2450,0,0,0.0989000,0.0306000,0.0000000,14.3304000,-0.0123000,2.7113000
20240328,522,P,45.6600,45.6600,45.6600,45.6600,0,0,0.2202000,-0.7890000,0.0000000,59.8504000,-0.0342000,-79.6818000
20240328,415,C,65.9550,65.9550,65.9550,65.9550,0,0,0.1853000,0.9696000,0.0000000,14.2219000,-0.0766000,74.8491000
20240328,415,P,1.1450,1.1450,1.1450,1.1450,0,0,0.2210000,-0.0562000,0.0000000,23.4646000,-0.0335000,-5.2842000
20240328,447,C,35.9400,35.9400,35.9400,35.9400,0,0,0.1545000,0.8705000,0.0000000,43.6777000,-0.1040000,71.5995000
20240328,447,P,2.9800,2.9800,2.9800,2.9800,0,0,0.1726000,-0.1543000,0.0000000,49.2177000,-0.0504000,-14.4637000
20240328,479,C,10.7850,10.7850,10.7850,10.7850,0,0,0.1174000,0.5450000,0.0000000,82.0973000,-0.1060000,47.0392000
20240328,479,P,9.8950,9.8950,9.8950,9.8950,0,0,0.1324000,-0.4576000,0.0000000,82.1574000,-0.0457000,-43.0787000
20240328,511,C,0.7600,0.7600,0.7600,0.7600,0,0,0.0984000,0.0830000,0.0000000,31.6653000,-0.0282000,7.3331000
20240328,511,P,34.6650,34.6650,34.6650,34.6650,0,0,0.1836000,-0.7623000,0.0000000,64.0342000,-0.0273000,-75.2028000
20240328,340,C,139.5050,139.5050,139.5050,139.5050,0,0,0.3478701,0.9905163,0.0003507,0.0530809,-0.0541601,0.6373213
20240328,340,P,0.2700,0.2700,0.2700,0.2700,0,0,0.3564000,-0.0102000,0.0000000,5.6284000,-0.0137000,-0.9717000
20240328,436,C,46.0100,46.0100,46.0100,46.0100,0,0,0.1666000,0.9186000,0.0000000,31.1950000,-0.0946000,74.0202000
20240328,436,P,2.0800,2.0800,2.0800,2.0800,0,0,0.1886000,-0.1070000,0.0000000,38.1986000,-0.0444000,-10.0361000
20240328,404,C,76.6050,76.6050,76.6050,76.6050,0,0,0.1901000,0.9844000,0.0000000,8.1085000,-0.0682000,74.1632000
20240328,404,P,0.8750,0.8750,0.8750,0.8750,0,0,0.2391000,-0.0416000,0.0000000,18.4267000,-0.0289000,-3.9110000
20240328,500,C,2.2700,2.2700,2.2700,2.2700,0,0,0.1015000,0.1980000,0.0000000,57.6385000,-0.0558000,17.4036000
20240328,500,P,23.6950,23.6950,23.6950,23.6950,0,0,0.1441000,-0.7196000,0.0000000,69.7557000,-0.0195000,-69.2838000
20240328,468,C,18.3400,18.3400,18.3400,18.3400,0,0,0.1299000,0.6980000,0.0000000,72.2252000,-0.1136000,59.3866000
20240328,468,P,6.3500,6.3500,6.3500,6.3500,0,0,0.1439000,-0.3177000,0.0000000,73.8450000,-0.0540000,-29.8136000
20240328,393,C,87.3400,87.3400,87.3400,87.3400,0,0,0.1875000,0.9941000,0.0000000,3.4263000,-0.0608000,73.0132000
20240328,393,P,0.6900,0.6900,0.6900,0.6900,0,0,0.2585000,-0.0317000,0.0000000,14.7500000,-0.0253000,-2.9849000
20240328,425,C,56.3700,56.3700,56.3700,56.3700,0,0,0.1773000,0.9502000,0.0000000,21.2659000,-0.0849000,74.9140000
20240328,425,P,1.5000,1.5000,1.5000,1.5000,0,0,0.2054000,-0.0758000,0.0000000,29.5613000,-0.0385000,-7.1112000
20240328,457,C,27.1950,27.1950,27.1950,27.1950,0,0,0.1427000,0.8052000,0.0000000,57.0572000,-0.1108000,67.3705000
20240328,457,P,4.2100,4.2100,4.2100,4.2100,0,0,0.1584000,-0.2171000,0.0000000,60.8601000,-0.0542000,-20.3475000
20240328,489,C,5.6600,5.6600,5.6600,5.6600,0,0,0.1083000,0.3743000,0.0000000,78.4920000,-0.0867000,32.6406000
20240328,489,P,15.0600,15.0600,15.0600,15.0600,0,0,0.1287000,-0.6030000,0.0000000,79.8530000,-0.0305000,-57.1479000
20240328,521,C,0.2750,0.2750,0.2750,0.2750,0,0,0.0991000,0.0340000,0.0000000,15.6268000,-0.0135000,3.0104000
20240328,521,P,44.6600,44.6600,44.6600,44.6600,0,0,0.2170000,-0.7870000,0.0000000,60.1832000,-0.0336000,-79.3117000
20240328,350,C,129.6300,129.6300,129.6300,129.6300,0,0,0.3283598,0.9885528,0.0004377,0.0625414,-0.0567414,0.6544659
20240328,350,P,0.3200,0.3200,0.3200,0.3200,0,0,0.3378000,-0.0125000,0.0000000,6.7281000,-0.0155000,-1.1912000
20240328,414,C,66.9200,66.9200,66.9200,66.9200,0,0,0.1864000,0.9709000,0.0000000,13.7166000,-0.0760000,74.7822000
20240328,414,P,1.1150,1.1150,1.1150,1.1150,0,0,0.2226000,-0.0546000,0.0000000,22.9358000,-0.0330000,-5.1344000
20240328,446,C,36.8400,36.8400,36.8400,36.8400,0,0,0.1557000,0.8758000,0.0000000,42.4401000,-0.1032000,71.9007000
20240328,446,P,2.8750,2.8750,2.8750,2.8750,0,0,0.1738000,-0.1489000,0.0000000,48.0575000,-0.0498000,-13.9528000
20240328,510,C,0.8400,0.8400,0.8400,0.8400,0,0,0.0985000,0.0903000,0.0000000,33.7406000,-0.0302000,7.9805000
20240328,510,P,33.6650,33.6650,33.6650,33.6650,0,0,0.1801000,-0.7593000,0.0000000,64.4758000,-0.0266000,-74.7429000
20240328,478,C,11.4000,11.4000,11.4000,11.4000,0,0,0.1185000,0.5608000,0.0000000,81.6623000,-0.1073000,48.3439000
20240328,478,P,9.4950,9.4950,9.4950,9.4950,0,0,0.1333000,-0.4434000,0.0000000,81.7932000,-0.0468000,-41.7283000
20240328,275,C,203.7750,203.7750,203.7750,203.7750,0,0,0.4676974,0.9976488,0.0000753,0.0153153,-0.0385822,0.5205795
20240328,275,P,0.1000,0.1000,0.1000,0.1000,0,0,0.4882000,-0.0030000,0.0000000,1.9298000,-0.0066000,-0.2945000
20240328,435,C,46.9400,46.9400,46.9400,46.9400,0,0,0.1676000,0.9221000,0.0000000,30.1676000,-0.0937000,74.1618000
20240328,435,P,2.0200,2.0200,2.0200,2.0200,0,0,0.1902000,-0.1037000,0.0000000,37.3439000,-0.0439000,-9.7278000
20240328,403,C,77.5800,77.5800,77.5800,77.5800,0,0,0.1911000,0.9851000,0.0000000,7.7778000,-0.0677000,74.0445000
20240328,403,P,0.8600,0.8600,0.8600,0.8600,0,0,0.2414000,-0.0408000,0.0000000,18.1604000,-0.0288000,-3.8425000
20240328,499,C,2.4850,2.4850,2.4850,2.4850,0,0,0.1018000,0.2117000,0.0000000,59.9727000,-0.0585000,18.5948000
20240328,499,P,22.7650,22.7650,22.7650,22.7650,0,0,0.1413000,-0.7130000,0.0000000,70.5442000,-0.0195000,-68.5089000
20240328,467,C,19.1100,19.1100,19.1100,19.1100,0,0,0.1311000,0.7094000,0.0000000,70.9613000,-0.1138000,60.2681000
20240328,467,P,6.1100,6.1100,6.1100,6.1100,0,0,0.1451000,-0.3070000,0.0000000,72.7569000,-0.0543000,-28.8011000
20240328,392,C,88.3200,88.3200,88.3200,88.3200,0,0,0.1865000,0.9948000,0.0000000,3.0618000,-0.0602000,72.8902000
20240328,392,P,0.6800,0.6800,0.6800,0.6800,0,0,0.2606000,-0.0310000,0.0000000,14.5158000,-0.0251000,-2.9284000
20240328,360,C,119.7700,119.7700,119.7700,119.7700,0,0,0.3100678,0.9858716,0.0005561,0.0750317,-0.0597488,0.6709262
20240328,360,P,0.3800,0.3800,0.3800,0.3800,0,0,0.3193000,-0.0154000,0.0000000,8.0411000,-0.0174000,-1.4624000
20240328,424,C,57.3200,57.3200,57.3200,57.3200,0,0,0.1781000,0.9526000,0.0000000,20.4367000,-0.0840000,74.9519000
20240328,424,P,1.4600,1.4600,1.4600,1.4600,0,0,0.2070000,-0.0735000,0.0000000,28.8927000,-0.0380000,-6.9018000
20240328,456,C,28.0450,28.0450,28.0450,28.0450,0,0,0.1439000,0.8130000,0.0000000,55.6486000,-0.1102000,67.9102000
20240328,456,P,4.0600,4.0600,4.0600,4.0600,0,0,0.1597000,-0.2096000,0.0000000,59.6370000,-0.0539000,-19.6497000
20240328,520,C,0.3000,0.3000,0.3000,0.3000,0,0,0.0989000,0.0372000,0.0000000,16.8329000,-0.0146000,3.2956000
20240328,520,P,43.6600,43.6600,43.6600,43.6600,0,0,0.2138000,-0.7849000,0.0000000,60.5278000,-0.0330000,-78.9337000
20240328,488,C,6.0800,6.0800,6.0800,6.0800,0,0,0.1090000,0.3917000,0.0000000,79.5652000,-0.0891000,34.1300000
20240328,488,P,14.4400,14.4400,14.4400,14.4400,0,0,0.1286000,-0.5889000,0.0000000,80.5617000,-0.0322000,-55.7629000
20240328,285,C,193.8800,193.8800,193.8800,193.8800,0,0,0.4506616,0.9969746,0.0000981,0.0192312,-0.0408367,0.5389403
20240328,285,P,0.1150,0.1150,0.1150,0.1150,0,0,0.4643000,-0.0035000,0.0000000,2.1889000,-0.0071000,-0.3379000
20240328,445,C,37.7450,37.7450,37.7450,37.7450,0,0,0.1567000,0.8809000,0.0000000,41.2048000,-0.1023000,72.1906000
20240328,445,P,2.7800,2.7800,2.7800,2.7800,0,0,0.1754000,-0.1440000,0.0000000,47.0061000,-0.0493000,-13.5010000
20240328,413,C,67.8800,67.8800,67.8800,67.8800,0,0,0.1866000,0.9727000,0.0000000,13.0169000,-0.0751000,74.7601000
20240328,413,P,1.0900,1.0900,1.0900,1.0900,0,0,0.2246000,-0.0534000,0.0000000,22.5091000,-0.0327000,-5.0150000
20240328,477,C,12.0300,12.0300,12.0300,12.0300,0,0,0.1196000,0.5762000,0.0000000,81.1095000,-0.1085000,49.6168000
20240328,477,P,9.1150,9.1150,9.1150,9.1150,0,0,0.1342000,-0.4295000,0.0000000,81.3329000,-0.0480000,-40.4039000
20240328,509,C,0.9350,0.9350,0.9350,0.9350,0,0,0.0985000,0.0982000,0.0000000,35.8753000,-0.0322000,8.6696000
20240328,509,P,32.6650,32.6650,32.6650,32.6650,0,0,0.1766000,-0.7562000,0.0000000,64.9292000,-0.0259000,-74.2719000
20240328,370,C,109.9200,109.9200,109.9200,109.9200,0,0,0.2916869,0.9825339,0.0007091,0.0900021,-0.0629011,0.6867675
20240328,370,P,0.4500,0.4500,0.4500,0.4500,0,0,0.3005000,-0.0189000,0.0000000,9.5876000,-0.0194000,-1.7933000
20240328,434,C,47.8800,47.8800,47.8800,47.8800,0,0,0.1688000,0.9252000,0.0000000,29.2493000,-0.0929000,74.2633000
20240328,434,P,1.9550,1.9550,1.9550,1.9550,0,0,0.1914000,-0.1002000,0.0000000,36.4005000,-0.0432000,-9.3914000
20240328,402,C,78.5550,78.5550,78.5550,78.5550,0,0,0.1909000,0.9863000,0.0000000,7.2418000,-0.0669000,73.9674000
20240328,402,P,0.8400,0.8400,0.8400,0.8400,0,0,0.2430000,-0.0397000,0.0000000,17.7578000,-0.0283000,-3.7383000
20240328,498,C,2.7200,2.7200,2.7200,2.7200,0,0,0.1024000,0.2264000,0.0000000,62.3353000,-0.0615000,19.8742000
20240328,498,P,21.8600,21.8600,21.8600,21.8600,0,0,0.1388000,-0.7054000,0.0000000,71.4050000,-0.0197000,-67.6597000
20240328,466,C,19.8800,19.8800,19.8800,19.8800,0,0,0.1323000,0.7205000,0.0000000,69.6466000,-0.1138000,61.1289000
20240328,466,P,5.8800,5.8800,5.8800,5.8800,0,0,0.1464000,-0.2965000,0.0000000,71.6359000,-0.0546000,-27.8188000
20240328,530,C,0.1250,0.1250,0.1250,0.1250,0,0,0.1027000,0.0161000,0.0000000,8.3390000,-0.0073000,1.4278000
20240328,530,P,53.6500,53.6500,53.6500,53.6500,0,0,0.2452000,-0.8033000,0.0000000,57.3997000,-0.0385000,-82.4789000
20240328,295,C,183.9900,183.9900,183.9900,183.9900,0,0,0.4340048,0.9961101,0.0001276,0.0241030,-0.0432867,0.5571177
20240328,295,P,0.1400,0.1400,0.1400,0.1400,0,0,0.4482000,-0.0045000,0.0000000,2.7584000,-0.0086000,-0.4371000
20240328,391,C,89.2950,89.2950,89.2950,89.2950,0,0,0.1816000,0.9961000,0.0000000,2.3617000,-0.0591000,72.8230000
20240328,391,P,0.6600,0.6600,0.6600,0.6600,0,0,0.2619000,-0.0301000,0.0000000,14.1550000,-0.0246000,-2.8408000
20240328,455,C,28.9050,28.9050,28.9050,28.9050,0,0,0.1451000,0.8203000,0.0000000,54.2759000,-0.1097000,68.4085000
20240328,455,P,3.9200,3.9200,3.9200,3.9200,0,0,0.1611000,-0.2026000,0.0000000,58.4386000,-0.0536000,-18.9878000
20240328,423,C,58.2800,58.2800,58.2800,58.2800,0,0,0.1793000,0.9545000,0.0000000,19.7797000,-0.0833000,74.9402000
20240328,423,P,1.4200,1.4200,1.4200,1.4200,0,0,0.2086000,-0.0714000,0.0000000,28.2393000,-0.0375000,-6.6994000
20240328,487,C,6.5300,6.5300,6.5300,6.5300,0,0,0.1099000,0.4093000,0.0000000,80.4827000,-0.0915000,35.6289000
20240328,487,P,13.8450,13.8450,13.8450,13.8450,0,0,0.1286000,-0.5746000,0.0000000,81.1730000,-0.0338000,-54.3624000
20240328,519,C,0.3300,0.3300,0.3300,0.3300,0,0,0.0986000,0.0405000,0.0000000,18.0393000,-0.0156000,3.5873000
20240328,519,P,42.6600,42.6600,42.6600,42.6600,0,0,0.2105000,-0.7827000,0.0000000,60.8787000,-0.0324000,-78.5504000
20240328,529,C,0.1350,0.1350,0.1350,0.1350,0,0,0.1020000,0.0172000,0.0000000,8.8298000,-0.0077000,1.5265000
20240328,529,P,52.6500,52.6500,52.6500,52.6500,0,0,0.2421000,-0.8017000,0.0000000,57.6799000,-0.0380000,-82.1467000
20240328,380,C,100.0900,100.0900,100.0900,100.0900,0,0,0.2739004,0.9780861,0.0009156,0.1091239,-0.0664494,0.7015564
20240328,380,P,0.5350,0.5350,0.5350,0.5350,0,0,0.2813000,-0.0232000,0.0000000,11.4015000,-0.0215000,-2.1966000
20240328,412,C,68.8500,68.8500,68.8500,68.8500,0,0,0.1876000,0.9739000,0.0000000,12.5201000,-0.0744000,74.6884000
20240328,412,P,1.0600,1.0600,1.0600,1.0600,0,0,0.2261000,-0.0518000,0.0000000,21.9888000,-0.0322000,-4.8698000
20240328,444,C,38.6500,38.6500,38.6500,38.6500,0,0,0.1579000,0.8857000,0.0000000,40.0247000,-0.1015000,72.4492000
20240328,444,P,2.6900,2.6900,2.6900,2.6900,0,0,0.1768000,-0.1393000,0.0000000,45.9546000,-0.0488000,-13.0577000
20240328,476,C,12.6600,12.6600,12.6600,12.6600,0,0,0.1205000,0.5914000,0.0000000,80.4419000,-0.1094000,50.8682000
20240328,476,P,8.7450,8.7450,8.7450,8.7450,0,0,0.1351000,-0.4158000,0.0000000,80.7806000,-0.0489000,-39.1023000
20240328,508,C,1.0350,1.0350,1.0350,1.0350,0,0,0.0987000,0.1068000,0.0000000,38.1391000,-0.0345000,9.4273000
20240328,508,P,31.6650,31.6650,31.6650,31.6650,0,0,0.1731000,-0.7529000,0.0000000,65.4010000,-0.0252000,-73.7853000
20240328,540,C,0.0750,0.0750,0.0750,0.0750,0,0,0.1113000,0.0091000,0.0000000,5.1028000,-0.0047000,0.8099000
20240328,540,P,63.6450,63.6450,63.6450,63.6450,0,0,0.2751000,-0.8171000,0.0000000,54.8749000,-0.0435000,-85.6165000
20240328,305,C,174.0950,174.0950,174.0950,174.0950,0,0,0.4138195,0.9953156,0.0001580,0.0284602,-0.0454004,0.5753686
20240328,305,P,0.1600,0.1600,0.1600,0.1600,0,0,0.4267000,-0.0053000,0.0000000,3.2031000,-0.0095000,-0.5159000
20240328,433,C,48.8100,48.8100,48.8100,48.8100,0,0,0.1696000,0.9286000,0.0000000,28.2106000,-0.0919000,74.3982000
20240328,433,P,1.9000,1.9000,1.9000,1.9000,0,0,0.1932000,-0.0973000,0.0000000,35.6350000,-0.0428000,-9.1238000
20240328,401,C,79.5300,79.5300,79.5300,79.5300,0,0,0.1918000,0.9869000,0.0000000,6.9425000,-0.0664000,73.8407000
20240328,401,P,0.8200,0.8200,0.8200,0.8200,0,0,0.2447000,-0.0387000,0.0000000,17.3898000,-0.0280000,-3.6438000
20240328,465,C,20.6500,20.6500,20.6500,20.6500,0,0,0.1333000,0.7315000,0.0000000,68.2811000,-0.1136000,61.9709000
20240328,465,P,5.6550,5.6550,5.6550,5.6550,0,0,0.1475000,-0.2863000,0.0000000,70.4697000,-0.0546000,-26.8519000
20240328,497,C,2.9700,2.9700,2.9700,2.9700,0,0,0.1029000,0.2413000,0.0000000,64.5791000,-0.0644000,21.1705000
20240328,497,P,20.9900,20.9900,20.9900,20.9900,0,0,0.1366000,-0.6970000,0.0000000,72.3277000,-0.0202000,-66.7355000
20240328,390,C,90.2750,90.2750,90.2750,90.2750,0,0,0.1787000,0.9969000,0.0000000,1.9262000,-0.0584000,72.7079000
20240328,390,P,0.6500,0.6500,0.6500,0.6500,0,0,0.2639000,-0.0295000,0.0000000,13.9103000,-0.0244000,-2.7823000
20240328,422,C,59.2300,59.2300,59.2300,59.2300,0,0,0.1799000,0.9568000,0.0000000,18.9621000,-0.0824000,74.9692000
20240328,422,P,1.3800,1.3800,1.3800,1.3800,0,0,0.2101000,-0.0692000,0.0000000,27.5845000,-0.0370000,-6.4986000
20240328,454,C,29.7700,29.7700,29.7700,29.7700,0,0,0.1464000,0.8273000,0.0000000,52.9346000,-0.1091000,68.8712000
20240328,454,P,3.7850,3.7850,3.7850,3.7850,0,0,0.1625000,-0.1956000,0.0000000,57.2252000,-0.0532000,-18.3368000
20240328,486,C,6.9900,6.9900,6.9900,6.9900,0,0,0.1107000,0.4268000,0.0000000,81.2299000,-0.0937000,37.1132000
20240328,486,P,13.2750,13.2750,13.2750,13.2750,0,0,0.1288000,-0.5601000,0.0000000,81.6843000,-0.0355000,-52.9447000
20240328,518,C,0.3650,0.3650,0.3650,0.3650,0,0,0.0982000,0.0438000,0.0000000,19.2419000,-0.0166000,3.8846000
20240328,518,P,41.6600,41.6600,41.6600,41.6600,0,0,0.2072000,-0.7805000,0.0000000,61.2423000,-0.0318000,-78.1583000
20240328,550,C,0.0500,0.0500,0.0500,0.0500,0,0,0.1220000,0.0063000,0.0000000,3.6899000,-0.0036000,0.5599000
20240328,550,P,73.6450,73.6450,73.6450,73.6450,0,0,0.3039000,-0.8279000,0.0000000,52.8189000,-0.0482000,-88.4730000
20240328,315,C,164.2050,164.2050,164.2050,164.2050,0,0,0.3944829,0.9943007,0.0001974,0.0338867,-0.0476961,0.5934086
20240328,315,P,0.1800,0.1800,0.1800,0.1800,0,0,0.4047000,-0.0063000,0.0000000,3.6771000,-0.0103000,-0.6013000
20240328,411,C,69.8200,69.8200,69.8200,69.8200,0,0,0.1884000,0.9752000,0.0000000,12.0119000,-0.0738000,74.6181000
20240328,411,P,1.0350,1.0350,1.0350,1.0350,0,0,0.2276000,-0.0503000,0.0000000,21.4661000,-0.0317000,-4.7251000
20240328,443,C,39.5550,39.5550,39.5550,39.5550,0,0,0.1588000,0.8907000,0.0000000,38.7629000,-0.1005000,72.7297000
20240328,443,P,2.6000,2.6000,2.6000,2.6000,0,0,0.1782000,-0.1347000,0.0000000,44.9029000,-0.0482000,-12.6227000
20240328,475,C,13.3400,13.3400,13.3400,13.3400,0,0,0.1218000,0.6060000,0.0000000,79.6863000,-0.1104000,52.0527000
20240328,475,P,8.3950,8.3950,8.3950,8.3950,0,0,0.1360000,-0.4025000,0.0000000,80.1442000,-0.0499000,-37.8311000
20240328,507,C,1.1500,1.1500,1.1500,1.1500,0,0,0.0991000,0.1165000,0.0000000,40.5946000,-0.0370000,10.2815000
20240328,507,P,30.6650,30.6650,30.6650,30.6650,0,0,0.1695000,-0.7495000,0.0000000,65.8801000,-0.0245000,-73.2890000
20240328,400,C,80.5050,80.5050,80.5050,80.5050,0,0,0.1909000,0.9882000,0.0000000,6.3311000,-0.0655000,73.7760000
20240328,400,P,0.8050,0.8050,0.8050,0.8050,0,0,0.2463000,-0.0376000,0.0000000,17.0050000,-0.0276000,-3.5456000
20240328,432,C,49.7500,49.7500,49.7500,49.7500,0,0,0.1707000,0.9317000,0.0000000,27.2807000,-0.0910000,74.4943000
20240328,432,P,1.8400,1.8400,1.8400,1.8400,0,0,0.1946000,-0.0941000,0.0000000,34.7808000,-0.0422000,-8.8280000
20240328,496,C,3.2400,3.2400,3.2400,3.2400,0,0,0.1035000,0.2568000,0.0000000,66.7561000,-0.0674000,22.5166000
20240328,496,P,20.1500,20.1500,20.1500,20.1500,0,0,0.1348000,-0.6877000,0.0000000,73.2994000,-0.0210000,-65.7363000
20240328,464,C,21.4300,21.4300,21.4300,21.4300,0,0,0.1344000,0.7421000,0.0000000,66.8884000,-0.1134000,62.7789000
20240328,464,P,5.4500,5.4500,5.4500,5.4500,0,0,0.1490000,-0.2767000,0.0000000,69.3252000,-0.0548000,-25.9539000
20240328,560,C,0.0350,0.0350,0.0350,0.0350,0,0,0.1289000,0.0036000,0.0000000,2.2785000,-0.0023000,0.3260000
20240328,560,P,83.6400,83.6400,83.6400,83.6400,0,0,0.3316000,-0.8365000,0.0000000,51.0988000,-0.0526000,-91.1399000
20240328,528,C,0.1450,0.1450,0.1450,0.1450,0,0,0.1015000,0.0186000,0.0000000,9.4524000,-0.0082000,1.6533000
20240328,528,P,51.6500,51.6500,51.6500,51.6500,0,0,0.2390000,-0.8001000,0.0000000,57.9634000,-0.0374000,-81.8117000
20240328,325,C,154.3200,154.3200,154.3200,154.3200,0,0,0.3755493,0.9930391,0.0002475,0.0404498,-0.0501429,0.6112136
20240328,325,P,0.2100,0.2100,0.2100,0.2100,0,0,0.3847000,-0.0075000,0.0000000,4.3252000,-0.0115000,-0.7213000
20240328,421,C,60.1900,60.1900,60.1900,60.1900,0,0,0.1809000,0.9588000,0.0000000,18.2767000,-0.0816000,74.9606000
20240328,421,P,1.3400,1.3400,1.3400,1.3400,0,0,0.2116000,-0.0671000,0.0000000,26.9282000,-0.0364000,-6.2993000
20240328,453,C,30.6350,30.6350,30.6350,30.6350,0,0,0.1475000,0.8344000,0.0000000,51.5245000,-0.1084000,69.3487000
20240328,453,P,3.6550,3.6550,3.6550,3.6550,0,0,0.1639000,-0.1890000,0.0000000,56.0339000,-0.0529000,-17.7161000
20240328,485,C,7.4800,7.4800,7.4800,7.4800,0,0,0.1116000,0.4443000,0.0000000,81.8175000,-0.0959000,38.5953000
20240328,485,P,12.7850,12.7850,12.7850,12.7850,0,0,0.1297000,-0.5450000,0.0000000,82.0963000,-0.0375000,-51.4970000
20240328,517,C,0.4050,0.4050,0.4050,0.4050,0,0,0.0981000,0.0481000,0.0000000,20.7296000,-0.0180000,4.2609000
20240328,517,P,40.6600,40.6600,40.6600,40.6600,0,0,0.2039000,-0.7782000,0.0000000,61.6071000,-0.0312000,-77.7631000
20240328,527,C,0.1550,0.1550,0.1550,0.1550,0,0,0.1008000,0.0199000,0.0000000,10.0118000,-0.0086000,1.7690000
20240328,527,P,50.6500,50.6500,50.6500,50.6500,0,0,0.2359000,-0.7984000,0.0000000,58.2563000,-0.0369000,-81.4709000
20240328,410,C,70.7850,70.7850,70.7850,70.7850,0,0,0.1882000,0.9770000,0.0000000,11.2698000,-0.0727000,74.5999000
20240328,410,P,1.0100,1.0100,1.0100,1.0100,0,0,0.2294000,-0.0491000,0.0000000,21.0564000,-0.0314000,-4.6132000
20240328,442,C,40.4750,40.4750,40.4750,40.4750,0,0,0.1601000,0.8949000,0.0000000,37.6638000,-0.0998000,72.9407000
20240328,442,P,2.5200,2.5200,2.5200,2.5200,0,0,0.1798000,-0.1303000,0.0000000,43.9035000,-0.0478000,-12.2176000
20240328,474,C,14.0100,14.0100,14.0100,14.0100,0,0,0.1229000,0.6204000,0.0000000,78.8282000,-0.1111000,53.2224000
20240328,474,P,8.0600,8.0600,8.0600,8.0600,0,0,0.1371000,-0.3894000,0.0000000,79.4311000,-0.0507000,-36.5933000
20240328,506,C,1.2700,1.2700,1.2700,1.2700,0,0,0.0993000,0.1262000,0.0000000,42.9347000,-0.0394000,11.1301000
20240328,506,P,29.6650,29.6650,29.6650,29.6650,0,0,0.1659000,-0.7459000,0.0000000,66.3732000,-0.0238000,-72.7786000
20240328,570,C,0.0250,0.0250,0.0250,0.0250,0,0,0.1367000,0.0023000,0.0000000,1.5447000,-0.0016000,0.2117000
20240328,570,P,93.6350,93.6350,93.6350,93.6350,0,0,0.3582000,-0.8437000,0.0000000,49.6073000,-0.0566000,-93.6803000
20240328,335,C,144.4400,144.4400,144.4400,144.4400,0,0,0.3567194,0.9914983,0.0003107,0.0482343,-0.0527100,0.6287540
20240328,335,P,0.2500,0.2500,0.2500,0.2500,0,0,0.3662000,-0.0093000,0.0000000,5.1815000,-0.0130000,-0.8847000
20240328,431,C,50.6900,50.6900,50.6900,50.6900,0,0,0.1716000,0.9346000,0.0000000,26.3554000,-0.0901000,74.5848000
20240328,431,P,1.7850,1.7850,1.7850,1.7850,0,0,0.1959000,-0.0910000,0.0000000,33.9267000,-0.0416000,-8.5363000
20240328,495,C,3.5250,3.5250,3.5250,3.5250,0,0,0.1039000,0.2725000,0.0000000,68.7947000,-0.0702000,23.8728000
20240328,495,P,19.3400,19.3400,19.3400,19.3400,0,0,0.1332000,-0.6775000,0.0000000,74.2965000,-0.0219000,-64.6706000
20240328,463,C,22.2300,22.2300,22.2300,22.2300,0,0,0.1356000,0.7522000,0.0000000,65.5047000,-0.1132000,63.5316000
20240328,463,P,5.2500,5.2500,5.2500,5.2500,0,0,0.1503000,-0.2673000,0.0000000,68.1409000,-0.0549000,-25.0670000
20240328,420,C,61.1450,61.1450,61.1450,61.1450,0,0,0.1813000,0.9610000,0.0000000,17.4733000,-0.0806000,74.9803000
20240328,420,P,1.3100,1.3100,1.3100,1.3100,0,0,0.2134000,-0.0653000,0.0000000,26.3840000,-0.0360000,-6.1365000
20240328,452,C,31.5050,31.5050,31.5050,31.5050,0,0,0.1486000,0.8411000,0.0000000,50.1472000,-0.1077000,69.7921000
20240328,452,P,3.5300,3.5300,3.5300,3.5300,0,0,0.1654000,-0.1828000,0.0000000,54.8825000,-0.0526000,-17.1329000
20240328,484,C,7.9800,7.9800,7.9800,7.9800,0,0,0.1125000,0.4615000,0.0000000,82.2407000,-0.0978000,40.0572000
20240328,484,P,12.2050,12.2050,12.2050,12.2050,0,0,0.1294000,-0.5306000,0.0000000,82.3796000,-0.0387000,-50.0910000
20240328,516,C,0.4500,0.4500,0.4500,0.4500,0,0,0.0983000,0.0532000,0.0000000,22.4430000,-0.0196000,4.7062000
20240328,516,P,39.6600,39.6600,39.6600,39.6600,0,0,0.2006000,-0.7758000,0.0000000,61.9855000,-0.0305000,-77.3582000
20240328,345,C,134.5650,134.5650,134.5650,134.5650,0,0,0.3377971,0.9896378,0.0003902,0.0573494,-0.0553656,0.6459928
20240328,345,P,0.2950,0.2950,0.2950,0.2950,0,0,0.3466000,-0.0112000,0.0000000,6.1123000,-0.0145000,-1.0672000
20240328,409,C,71.7550,71.7550,71.7550,71.7550,0,0,0.1889000,0.9782000,0.0000000,10.7764000,-0.0721000,74.5232000
20240328,409,P,0.9850,0.9850,0.9850,0.9850,0,0,0.2308000,-0.0475000,0.0000000,20.5281000,-0.0308000,-4.4691000
20240328,441,C,41.3900,41.3900,41.3900,41.3900,0,0,0.1613000,0.8991000,0.0000000,36.5684000,-0.0990000,73.1432000
20240328,441,P,2.4400,2.4400,2.4400,2.4400,0,0,0.1813000,-0.1261000,0.0000000,42.9133000,-0.0472000,-11.8232000
20240328,505,C,1.4000,1.4000,1.4000,1.4000,0,0,0.0995000,0.1365000,0.0000000,45.3184000,-0.0419000,12.0308000
20240328,505,P,28.6650,28.6650,28.6650,28.6650,0,0,0.1623000,-0.7421000,0.0000000,66.8872000,-0.0231000,-72.2491000
20240328,473,C,14.7000,14.7000,14.7000,14.7000,0,0,0.1240000,0.6343000,0.0000000,77.8904000,-0.1118000,54.3463000
20240328,473,P,7.7400,7.7400,7.7400,7.7400,0,0,0.1381000,-0.3766000,0.0000000,78.6435000,-0.0515000,-35.3817000
20240328,430,C,51.6350,51.6350,51.6350,51.6350,0,0,0.1726000,0.9376000,0.0000000,25.4351000,-0.0892000,74.6697000
20240328,430,P,1.7350,1.7350,1.7350,1.7350,0,0,0.1975000,-0.0883000,0.0000000,33.1605000,-0.0411000,-8.2788000
20240328,398,C,82.4500,82.4500,82.4500,82.4500,0,0,0.1904000,0.9901000,0.0000000,5.4378000,-0.0641000,73.5762000
20240328,398,P,0.7700,0.7700,0.7700,0.7700,0,0,0.2500000,-0.0359000,0.0000000,16.3590000,-0.0270000,-3.3828000
20240328,494,C,3.8400,3.8400,3.8400,3.8400,0,0,0.1047000,0.2891000,0.0000000,70.7964000,-0.0732000,25.3118000
20240328,494,P,18.5550,18.5550,18.5550,18.5550,0,0,0.1318000,-0.6668000,0.0000000,75.2890000,-0.0230000,-63.5536000
20240328,462,C,23.0400,23.0400,23.0400,23.0400,0,0,0.1368000,0.7618000,0.0000000,64.1142000,-0.1130000,64.2461000
20240328,462,P,5.0600,5.0600,5.0600,5.0600,0,0,0.1517000,-0.2583000,0.0000000,66.9510000,-0.0549000,-24.2161000
20240328,526,C,0.1750,0.1750,0.1750,0.1750,0,0,0.1008000,0.0221000,0.0000000,10.9336000,-0.0094000,1.9627000
20240328,526,P,49.6500,49.6500,49.6500,49.6500,0,0,0.2328000,-0.7966000,0.0000000,58.5590000,-0.0363000,-81.1241000
20240328,355,C,124.7000,124.7000,124.7000,124.7000,0,0,0.3193882,0.9872487,0.0004941,0.0686734,-0.0582708,0.6627294
20240328,355,P,0.3500,0.3500,0.3500,0.3500,0,0,0.3286000,-0.0139000,0.0000000,7.3550000,-0.0164000,-1.3195000
20240328,419,C,62.1050,62.1050,62.1050,62.1050,0,0,0.1822000,0.9628000,0.0000000,16.7990000,-0.0798000,74.9641000
20240328,419,P,1.2700,1.2700,1.2700,1.2700,0,0,0.2148000,-0.0633000,0.0000000,25.7405000,-0.0354000,-5.9448000
20240328,451,C,32.3850,32.3850,32.3850,32.3850,0,0,0.1498000,0.8474000,0.0000000,48.8252000,-0.1070000,70.1933000
20240328,451,P,3.4050,3.4050,3.4050,3.4050,0,0,0.1666000,-0.1764000,0.0000000,53.6652000,-0.0520000,-16.5309000
20240328,515,C,0.5000,0.5000,0.5000,0.5000,0,0,0.0982000,0.0581000,0.0000000,24.0862000,-0.0211000,5.1457000
20240328,515,P,38.6600,38.6600,38.6600,38.6600,0,0,0.1972000,-0.7733000,0.0000000,62.3720000,-0.0299000,-76.9462000
20240328,483,C,8.5050,8.5050,8.5050,8.5050,0,0,0.1134000,0.4787000,0.0000000,82.5063000,-0.0997000,41.5019000
20240328,483,P,11.6950,11.6950,11.6950,11.6950,0,0,0.1298000,-0.5159000,0.0000000,82.5580000,-0.0402000,-48.6671000
20240328,525,C,0.1850,0.1850,0.1850,0.1850,0,0,0.0999000,0.0235000,0.0000000,11.5216000,-0.0099000,2.0886000
20240328,525,P,48.6550,48.6550,48.6550,48.6550,0,0,0.2296000,-0.7949000,0.0000000,58.8599000,-0.0357000,-80.7766000
20240328,280,C,198.8300,198.8300,198.8300,198.8300,0,0,0.4608848,0.9972504,0.0000880,0.0176426,-0.0398601,0.5296992
20240328,280,P,0.1100,0.1100,0.1100,0.1100,0,0,0.4785000,-0.0034000,0.0000000,2.1226000,-0.0071000,-0.3271000
20240328,440,C,42.3100,42.3100,42.3100,42.3100,0,0,0.1624000,0.9033000,0.0000000,35.4556000,-0.0981000,73.3448000
20240328,440,P,2.3650,2.3650,2.3650,2.3650,0,0,0.1827000,-0.1220000,0.0000000,41.9146000,-0.0466000,-11.4320000
20240328,408,C,72.7250,72.7250,72.7250,72.7250,0,0,0.1894000,0.9794000,0.0000000,10.2486000,-0.0713000,74.4529000
20240328,408,P,0.9600,0.9600,0.9600,0.9600,0,0,0.2326000,-0.0464000,0.0000000,20.1244000,-0.0305000,-4.3606000
20240328,504,C,1.5500,1.5500,1.5500,1.5500,0,0,0.0999000,0.1478000,0.0000000,47.8174000,-0.0446000,13.0173000
20240328,504,P,27.6650,27.6650,27.6650,27.6650,0,0,0.1587000,-0.7382000,0.0000000,67.4110000,-0.0223000,-71.7062000
20240328,472,C,15.4100,15.4100,15.4100,15.4100,0,0,0.1253000,0.6478000,0.0000000,76.8835000,-0.1124000,55.4232000
20240328,472,P,7.4400,7.4400,7.4400,7.4400,0,0,0.1393000,-0.3642000,0.0000000,77.7931000,-0.0522000,-34.2064000
20240328,365,C,114.8450,114.8450,114.8450,114.8450,0,0,0.3010575,0.9842513,0.0006288,0.0823725,-0.0613565,0.6788912
20240328,365,P,0.4100,0.4100,0.4100,0.4100,0,0,0.3095000,-0.0170000,0.0000000,8.7351000,-0.0183000,-1.6091000
20240328,397,C,83.4300,83.4300,83.4300,83.4300,0,0,0.1909000,0.9907000,0.0000000,5.1336000,-0.0636000,73.4472000
20240328,397,P,0.7500,0.7500,0.7500,0.7500,0,0,0.2515000,-0.0349000,0.0000000,15.9987000,-0.0266000,-3.2925000
20240328,429,C,52.5750,52.5750,52.5750,52.5750,0,0,0.1734000,0.9405000,0.0000000,24.5003000,-0.0883000,74.7547000
20240328,429,P,1.6850,1.6850,1.6850,1.6850,0,0,0.1991000,-0.0856000,0.0000000,32.4113000,-0.0405000,-8.0300000
20240328,493,C,4.1600,4.1600,4.1600,4.1600,0,0,0.1053000,0.3056000,0.0000000,72.6100000,-0.0760000,26.7334000
20240328,493,P,17.8000,17.8000,17.8000,17.8000,0,0,0.1308000,-0.6551000,0.0000000,76.2949000,-0.0243000,-62.3586000
20240328,461,C,23.8550,23.8550,23.8550,23.8550,0,0,0.1379000,0.7713000,0.0000000,62.6872000,-0.1126000,64.9457000
20240328,461,P,4.8700,4.8700,4.8700,4.8700,0,0,0.1529000,-0.2493000,0.0000000,65.7229000,-0.0548000,-23.3739000
20240328,535,C,0.0950,0.0950,0.0950,0.0950,0,0,0.1069000,0.0119000,0.0000000,6.4455000,-0.0058000,1.0590000
20240328,535,P,58.6500,58.6500,58.6500,58.6500,0,0,0.2604000,-0.8106000,0.0000000,56.0924000,-0.0411000,-84.0800000
20240328,290,C,188.9350,188.9350,188.9350,188.9350,0,0,0.4426127,0.9965501,0.0001124,0.0216419,-0.0420730,0.5480361
20240328,290,P,0.1250,0.1250,0.1250,0.1250,0,0,0.4541000,-0.0038000,0.0000000,2.3832000,-0.0075000,-0.3712000
20240328,450,C,33.2700,33.2700,33.2700,33.2700,0,0,0.1511000,0.8533000,0.0000000,47.5623000,-0.1064000,70.5537000
20240328,450,P,3.2950,3.2950,3.2950,3.2950,0,0,0.1682000,-0.1706000,0.0000000,52.5376000,-0.0517000,-15.9887000
20240328,418,C,63.0650,63.0650,63.0650,63.0650,0,0,0.1829000,0.9647000,0.0000000,16.1130000,-0.0790000,74.9487000
20240328,418,P,1.2400,1.2400,1.2400,1.2400,0,0,0.2165000,-0.0616000,0.0000000,25.1909000,-0.0350000,-5.7833000
20240328,482,C,9.0500,9.0500,9.0500,9.0500,0,0,0.1144000,0.4957000,0.0000000,82.6190000,-0.1015000,42.9268000
20240328,482,P,11.2150,11.2150,11.2150,11.2150,0,0,0.1304000,-0.5011000,0.0000000,82.6234000,-0.0417000,-47.2489000
20240328,514,C,0.5550,0.5550,0.5550,0.5550,0,0,0.0980000,0.0633000,0.0000000,25.7276000,-0.0225000,5.5969000
20240328,514,P,37.6600,37.6600,37.6600,37.6600,0,0,0.1939000,-0.7707000,0.0000000,62.7731000,-0.0293000,-76.5234000
20240328,375,C,105.0050,105.0050,105.0050,105.0050,0,0,0.2830169,0.9803771,0.0008070,0.0993830,-0.0647194,0.6942232
20240328,375,P,0.4900,0.4900,0.4900,0.4900,0,0,0.2911000,-0.0210000,0.0000000,10.4768000,-0.0205000,-1.9892000
20240328,439,C,43.2300,43.2300,43.2300,43.2300,0,0,0.1635000,0.9074000,0.0000000,34.3468000,-0.0972000,73.5381000
20240328,439,P,2.2850,2.2850,2.2850,2.2850,0,0,0.1840000,-0.1178000,0.0000000,40.9072000,-0.0460000,-11.0441000
20240328,407,C,73.6950,73.6950,73.6950,73.6950,0,0,0.1899000,0.9806000,0.0000000,9.7417000,-0.0706000,74.3765000
20240328,407,P,0.9400,0.9400,0.9400,0.9400,0,0,0.2344000,-0.0452000,0.0000000,19.7300000,-0.0302000,-4.2552000
20240328,503,C,1.7050,1.7050,1.7050,1.7050,0,0,0.1001000,0.1590000,0.0000000,50.2011000,-0.0472000,14.0030000
20240328,503,P,26.6650,26.6650,26.6650,26.6650,0,0,0.1550000,-0.7341000,0.0000000,67.9516000,-0.0215000,-71.1450000
20240328,471,C,16.1200,16.1200,16.1200,16.1200,0,0,0.1263000,0.6610000,0.0000000,75.7957000,-0.1128000,56.4793000
20240328,471,P,7.1500,7.1500,7.1500,7.1500,0,0,0.1404000,-0.3521000,0.0000000,76.8818000,-0.0527000,-33.0610000
20240328,545,C,0.0600,0.0600,0.0600,0.0600,0,0,0.1166000,0.0075000,0.0000000,4.3073000,-0.0041000,0.6674000
20240328,545,P,68.6450,68.6450,68.6450,68.6450,0,0,0.2897000,-0.8228000,0.0000000,53.8034000,-0.0459000,-87.0708000
20240328,300,C,179.0400,179.0400,179.0400,179.0400,0,0,0.4230503,0.9957909,0.0001405,0.0258663,-0.0442225,0.5663192
20240328,300,P,0.1500,0.1500,0.1500,0.1500,0,0,0.4375000,-0.0049000,0.0000000,2.9742000,-0.0090000,-0.4752000
20240328,364,C,115.8300,115.8300,115.8300,115.8300,0,0,0.3028903,0.9845827,0.0006137,0.0808828,-0.0610400,0.6773049
20240328,364,P,0.4000,0.4000,0.4000,0.4000,0,0,0.3110000,-0.0165000,0.0000000,8.5343000,-0.0180000,-1.5661000
20240328,396,C,84.4100,84.4100,84.4100,84.4100,0,0,0.1909000,0.9915000,0.0000000,4.7765000,-0.0630000,73.3275000
20240328,396,P,0.7350,0.7350,0.7350,0.7350,0,0,0.2530000,-0.0339000,0.0000000,15.6229000,-0.0261000,-3.1988000
20240328,428,C,53.5250,53.5250,53.5250,53.5250,0,0,0.1744000,0.9430000,0.0000000,23.6902000,-0.0875000,74.7995000
20240328,428,P,1.6350,1.6350,1.6350,1.6350,0,0,0.2006000,-0.0829000,0.0000000,31.6441000,-0.0400000,-7.7782000
20240328,460,C,24.6800,24.6800,24.6800,24.6800,0,0,0.1392000,0.7801000,0.0000000,61.2970000,-0.1123000,65.5864000
20240328,460,P,4.6950,4.6950,4.6950,4.6950,0,0,0.1542000,-0.2408000,0.0000000,64.5010000,-0.0547000,-22.5703000
20240328,492,C,4.5000,4.5000,4.5000,4.5000,0,0,0.1059000,0.3223000,0.0000000,74.2922000,-0.0787000,28.1785000
20240328,492,P,17.0800,17.0800,17.0800,17.0800,0,0,0.1301000,-0.6427000,0.0000000,77.2735000,-0.0258000,-61.1104000
20240328,524,C,0.2050,0.2050,0.2050,0.2050,0,0,0.0998000,0.0259000,0.0000000,12.4986000,-0.0108000,2.3010000
20240328,524,P,47.6550,47.6550,47.6550,47.6550,0,0,0.2265000,-0.7930000,0.0000000,59.1712000,-0.0352000,-80.4225000
20240328,385,C,95.1800,95.1800,95.1800,95.1800,0,0,0.2648143,0.9754735,0.0010412,0.1199781,-0.0682462,0.7085861
20240328,385,P,0.5900,0.5900,0.5900,0.5900,0,0,0.2729000,-0.0263000,0.0000000,12.6387000,-0.0230000,-2.4819000
20240328,417,C,64.0250,64.0250,64.0250,64.0250,0,0,0.1835000,0.9665000,0.0000000,15.4169000,-0.0781000,74.9337000
20240328,417,P,1.2050,1.2050,1.2050,1.2050,0,0,0.2178000,-0.0596000,0.0000000,24.5445000,-0.0344000,-5.5943000
20240328,449,C,34.1550,34.1550,34.1550,34.1550,0,0,0.1521000,0.8595000,0.0000000,46.1995000,-0.1055000,70.9442000
20240328,449,P,3.1850,3.1850,3.1850,3.1850,0,0,0.1696000,-0.1649000,0.0000000,51.3999000,-0.0512000,-15.4541000
20240328,481,C,9.6100,9.6100,9.6100,9.6100,0,0,0.1154000,0.5124000,0.0000000,82.5837000,-0.1032000,44.3254000
20240328,481,P,10.7550,10.7550,10.7550,10.7550,0,0,0.1310000,-0.4865000,0.0000000,82.5766000,-0.0431000,-45.8422000
20240328,513,C,0.6200,0.6200,0.6200,0.6200,0,0,0.0984000,0.0699000,0.0000000,27.7898000,-0.0245000,6.1807000
20240328,513,P,36.6600,36.6600,36.6600,36.6600,0,0,0.1905000,-0.7680000,0.0000000,63.1835000,-0.0286000,-76.0923000
20240328,555,C,0.0450,0.0450,0.0450,0.0450,0,0,0.1259000,0.0049000,0.0000000,2.9650000,-0.0030000,0.4376000
20240328,555,P,78.6400,78.6400,78.6400,78.6400,0,0,0.3179000,-0.8324000,0.0000000,51.9271000,-0.0505000,-89.8245000
20240328,310,C,169.1500,169.1500,169.1500,169.1500,0,0,0.4042782,0.9948195,0.0001770,0.0311307,-0.0465581,0.5843990
20240328,310,P,0.1700,0.1700,0.1700,0.1700,0,0,0.4155000,-0.0058000,0.0000000,3.4218000,-0.0098000,-0.5551000
20240328,438,C,44.1550,44.1550,44.1550,44.1550,0,0,0.1644000,0.9114000,0.0000000,33.2210000,-0.0963000,73.7303000
20240328,438,P,2.2150,2.2150,2.2150,2.2150,0,0,0.1855000,-0.1141000,0.0000000,39.9801000,-0.0455000,-10.6937000
20240328,406,C,74.6650,74.6650,74.6650,74.6650,0,0,0.1901000,0.9819000,0.0000000,9.2055000,-0.0698000,74.3052000
20240328,406,P,0.9200,0.9200,0.9200,0.9200,0,0,0.2362000,-0.0441000,0.0000000,19.3307000,-0.0299000,-4.1492000
20240328,470,C,16.8500,16.8500,16.8500,16.8500,0,0,0.1275000,0.6737000,0.0000000,74.6574000,-0.1132000,57.4848000
20240328,470,P,6.8700,6.8700,6.8700,6.8700,0,0,0.1415000,-0.3403000,0.0000000,75.9150000,-0.0532000,-31.9455000
20240328,502,C,1.8800,1.8800,1.8800,1.8800,0,0,0.1006000,0.1717000,0.0000000,52.7460000,-0.0501000,15.1067000
20240328,502,P,25.6650,25.6650,25.6650,25.6650,0,0,0.1513000,-0.7297000,0.0000000,68.5099000,-0.0208000,-70.5637000
20240328,395,C,85.3850,85.3850,85.3850,85.3850,0,0,0.1884000,0.9928000,0.0000000,4.1243000,-0.0620000,73.2616000
20240328,395,P,0.7200,0.7200,0.7200,0.7200,0,0,0.2551000,-0.0333000,0.0000000,15.3721000,-0.0260000,-3.1373000
20240328,427,C,54.4700,54.4700,54.4700,54.4700,0,0,0.1755000,0.9454000,0.0000000,22.8839000,-0.0867000,74.8402000
20240328,427,P,1.5900,1.5900,1.5900,1.5900,0,0,0.2023000,-0.0806000,0.0000000,30.9797000,-0.0396000,-7.5633000
20240328,491,C,4.8700,4.8700,4.8700,4.8700,0,0,0.1067000,0.3396000,0.0000000,75.8545000,-0.0815000,29.6621000
20240328,491,P,16.3800,16.3800,16.3800,16.3800,0,0,0.1295000,-0.6300000,0.0000000,78.1967000,-0.0273000,-59.8273000
20240328,523,C,0.2250,0.2250,0.2250,0.2250,0,0,0.0994000,0.0282000,0.0000000,13.4173000,-0.0116000,2.5048000
20240328,523,P,46.6600,46.6600,46.6600,46.6600,0,0,0.2234000,-0.7909000,0.0000000,59.5231000,-0.0347000,-80.0472000
20240328,459,C,25.5100,25.5100,25.5100,25.5100,0,0,0.1404000,0.7888000,0.0000000,59.8840000,-0.1118000,66.2095000
20240328,459,P,4.5250,4.5250,4.5250,4.5250,0,0,0.1555000,-0.2325000,0.0000000,63.2727000,-0.0545000,-21.7931000
