#expiry,strike,right,open,high,low,close,volume,open_interest,implied_volatility,delta,gamma,vega,theta,rho
,,,469.0200,469.0200,469.0200,469.0200,0,,,,,,,
20240103,416,C,53.0300,53.0300,53.0300,53.0300,0,0,3.7937000,0.9985000,0.0000000,0.0235000,-1.1349000,0.0474000
20240103,448,C,21.1000,21.1000,21.1000,21.1000,0,0,2.0996000,0.9800000,0.0000000,0.2417000,-6.1565000,0.0500000
20240103,480,P,10.8950,10.8950,10.8950,10.8950,0,0,,,,,,
20240103,437,C,32.0300,32.0300,32.0300,32.0300,0,0,2.3281000,0.9978000,0.0000000,0.0339000,-1.0117000,0.0497000
20240103,405,C,64.0200,64.0200,64.0200,64.0200,0,0,,,,,,
20240103,469,C,0.3450,0.3450,0.3450,0.3450,0,0,0.1640000,0.5114000,0.0000000,1.9983000,-3.9696000,0.0273000
20240103,469,P,0.3150,0.3150,0.3150,0.3150,0,0,0.1611000,-0.4883000,0.0000000,1.9983000,-3.8300000,-0.0261000
20240103,426,C,43.0350,43.0350,43.0350,43.0350,0,0,3.0781000,0.9983000,0.0000000,0.0263000,-1.0376000,0.0485000
20240103,458,C,11.1350,11.1350,11.1350,11.1350,0,0,1.2820000,0.9593000,0.0000000,0.4376000,-6.7970000,0.0500000
20240103,490,P,20.8950,20.8950,20.8950,20.8950,0,0,,,,,,
20240103,415,C,54.0250,54.0250,54.0250,54.0250,0,0,,,,,,
20240103,447,C,22.1450,22.1450,22.1450,22.1450,0,0,2.3339000,0.9738000,0.0000000,0.3038000,-8.5755000,0.0496000
20240103,479,P,9.8700,9.8700,9.8700,9.8700,0,0,,,,,,
20240103,436,C,33.0350,33.0350,33.0350,33.0350,0,0,2.3750000,0.9980000,0.0000000,0.0307000,-0.9396000,0.0496000
20240103,404,C,65.0600,65.0600,65.0600,65.0600,0,0,5.3921000,0.9955000,0.0000000,0.0647000,-4.2486000,0.0458000
20240103,500,P,30.9400,30.9400,30.9400,30.9400,0,0,,,,,,
20240103,468,C,1.1000,1.1000,1.1000,1.1000,0,0,0.1972000,0.8501000,0.0000000,1.1677000,-2.8231000,0.0453000
20240103,468,P,0.0550,0.0550,0.0550,0.0550,0,0,0.1718000,-0.1170000,0.0000000,0.9850000,-2.0234000,-0.0062000
20240103,425,C,44.0200,44.0200,44.0200,44.0200,0,0,,,,,,
20240103,457,C,12.1450,12.1450,12.1450,12.1450,0,0,1.4023000,0.9591000,0.0000000,0.4394000,-7.4599000,0.0499000
20240103,489,P,19.8400,19.8400,19.8400,19.8400,0,0,,,,,,
20240103,414,C,55.0150,55.0150,55.0150,55.0150,0,0,,,,,,
20240103,446,C,23.0700,23.0700,23.0700,23.0700,0,0,2.1171000,0.9873000,0.0000000,0.1639000,-4.2313000,0.0502000
20240103,478,P,8.8650,8.8650,8.8650,8.8650,0,0,,,,,,
20240103,510,P,40.9550,40.9550,40.9550,40.9550,0,0,,,,,,
20240103,435,C,34.0850,34.0850,34.0850,34.0850,0,0,3.0898000,0.9892000,0.0000000,0.1427000,-5.3559000,0.0490000
20240103,403,C,66.0600,66.0600,66.0600,66.0600,0,0,5.4648000,0.9957000,0.0000000,0.0633000,-4.2124000,0.0457000
20240103,467,C,2.0400,2.0400,2.0400,2.0400,0,0,0.2265000,0.9630000,0.0000000,0.4051000,-1.1678000,0.0513000
20240103,467,P,0.0150,0.0150,0.0150,0.0150,0,0,0.2070000,-0.0252000,0.0000000,0.2956000,-0.7327000,-0.0013000
20240103,499,P,29.9650,29.9650,29.9650,29.9650,0,0,,,,,,
20240103,424,C,45.0250,45.0250,45.0250,45.0250,0,0,,,,,,
20240103,456,C,13.1500,13.1500,13.1500,13.1500,0,0,1.5226000,0.9589000,0.0000000,0.4407000,-8.1173000,0.0498000
20240103,520,P,50.9550,50.9550,50.9550,50.9550,0,0,,,,,,
20240103,488,P,18.9000,18.9000,18.9000,18.9000,0,0,,,,,,
20240103,413,C,56.0200,56.0200,56.0200,56.0200,0,0,,,,,,
20240103,445,C,24.0800,24.0800,24.0800,24.0800,0,0,2.2578000,0.9857000,0.0000000,0.1810000,-4.9709000,0.0500000
20240103,477,P,7.9350,7.9350,7.9350,7.9350,0,0,,,,,,
20240103,434,C,35.0250,35.0250,35.0250,35.0250,0,0,,,,,,
20240103,402,C,67.0600,67.0600,67.0600,67.0600,0,0,5.5375000,0.9958000,0.0000000,0.0619000,-4.1767000,0.0456000
20240103,466,C,3.0550,3.0550,3.0550,3.0550,0,0,0.3437000,0.9609000,0.0000000,0.4230000,-1.8112000,0.0511000
20240103,498,P,28.9650,28.9650,28.9650,28.9650,0,0,,,,,,
20240103,530,P,60.9550,60.9550,60.9550,60.9550,0,0,,,,,,
20240103,423,C,46.0250,46.0250,46.0250,46.0250,0,0,,,,,,
20240103,455,C,14.1250,14.1250,14.1250,14.1250,0,0,1.5390000,0.9681000,0.0000000,0.3583000,-6.6835000,0.0502000
20240103,487,P,17.9100,17.9100,17.9100,17.9100,0,0,,,,,,
20240103,412,C,57.0300,57.0300,57.0300,57.0300,0,0,4.0843000,0.9986000,0.0000000,0.0227000,-1.1746000,0.0469000
20240103,444,C,25.0200,25.0200,25.0200,25.0200,0,0,,,,,,
20240103,476,P,7.0700,7.0700,7.0700,7.0700,0,0,0.8468000,-0.9481000,0.0000000,0.5317000,-5.3375000,-0.0515000
20240103,540,P,70.9650,70.9650,70.9650,70.9650,0,0,,,,,,
20240103,433,C,36.0200,36.0200,36.0200,36.0200,0,0,,,,,,
20240103,465,C,4.2050,4.2050,4.2050,4.2050,0,0,0.6609000,0.8894000,0.0000000,0.9459000,-7.5633000,0.0471000
20240103,497,P,27.9700,27.9700,27.9700,27.9700,0,0,,,,,,
20240103,422,C,47.0150,47.0150,47.0150,47.0150,0,0,,,,,,
20240103,454,C,15.0450,15.0450,15.0450,15.0450,0,0,1.2656000,0.9921000,0.0000000,0.1084000,-1.7135000,0.0514000
20240103,486,P,16.8450,16.8450,16.8450,16.8450,0,0,,,,,,
20240103,411,C,58.0250,58.0250,58.0250,58.0250,0,0,,,,,,
20240103,443,C,26.0300,26.0300,26.0300,26.0300,0,0,1.9062000,0.9975000,0.0000000,0.0382000,-0.9404000,0.0504000
20240103,475,P,6.0350,6.0350,6.0350,6.0350,0,0,0.6718000,-0.9608000,0.0000000,0.4244000,-3.3550000,-0.0521000
20240103,432,C,37.0300,37.0300,37.0300,37.0300,0,0,2.6562000,0.9982000,0.0000000,0.0288000,-0.9832000,0.0492000
20240103,464,C,5.1550,5.1550,5.1550,5.1550,0,0,0.7132000,0.9217000,0.0000000,0.7329000,-6.3366000,0.0487000
20240103,496,P,26.9700,26.9700,26.9700,26.9700,0,0,,,,,,
20240103,421,C,48.0250,48.0250,48.0250,48.0250,0,0,,,,,,
20240103,453,C,16.0900,16.0900,16.0900,16.0900,0,0,1.6265000,0.9777000,0.0000000,0.2658000,-5.2539000,0.0505000
20240103,485,P,15.9050,15.9050,15.9050,15.9050,0,0,,,,,,
20240103,410,C,59.0250,59.0250,59.0250,59.0250,0,0,,,,,,
20240103,442,C,27.0200,27.0200,27.0200,27.0200,0,0,,,,,,
20240103,474,P,5.0950,5.0950,5.0950,5.0950,0,0,0.6812000,-0.9259000,0.0000000,0.7021000,-5.6754000,-0.0501000
20240103,431,C,38.0250,38.0250,38.0250,38.0250,0,0,,,,,,
20240103,495,P,25.9650,25.9650,25.9650,25.9650,0,0,,,,,,
20240103,463,C,6.1550,6.1550,6.1550,6.1550,0,0,0.8210000,0.9302000,0.0000000,0.6710000,-6.6751000,0.0491000
20240103,420,C,49.0300,49.0300,49.0300,49.0300,0,0,3.4531000,0.9986000,0.0000000,0.0215000,-0.9531000,0.0478000
20240103,452,C,17.0850,17.0850,17.0850,17.0850,0,0,1.6703000,0.9812000,0.0000000,0.2295000,-4.6672000,0.0505000
20240103,484,P,14.9000,14.9000,14.9000,14.9000,0,0,,,,,,
20240103,409,C,60.0100,60.0100,60.0100,60.0100,0,0,,,,,,
20240103,441,C,28.0250,28.0250,28.0250,28.0250,0,0,,,,,,
20240103,473,P,3.9750,3.9750,3.9750,3.9750,0,0,,,,,,
20240103,505,P,35.9850,35.9850,35.9850,35.9850,0,0,2.1875000,-0.9991000,0.0000000,0.0139000,-0.2924000,-0.0576000
20240103,430,C,39.0350,39.0350,39.0350,39.0350,0,0,2.7968000,0.9982000,0.0000000,0.0279000,-1.0028000,0.0489000
20240103,494,P,24.9700,24.9700,24.9700,24.9700,0,0,,,,,,
20240103,462,C,7.1500,7.1500,7.1500,7.1500,0,0,0.9265000,0.9368000,0.0000000,0.6212000,-6.9712000,0.0493000
20240103,419,C,50.0250,50.0250,50.0250,50.0250,0,0,,,,,,
20240103,451,C,18.0900,18.0900,18.0900,18.0900,0,0,1.7960000,0.9798000,0.0000000,0.2437000,-5.3189000,0.0503000
20240103,483,P,13.8300,13.8300,13.8300,13.8300,0,0,,,,,,
20240103,515,P,45.9600,45.9600,45.9600,45.9600,0,0,,,,,,
20240103,525,P,55.9450,55.9450,55.9450,55.9450,0,0,,,,,,
20240103,440,C,29.0900,29.0900,29.0900,29.0900,0,0,2.7382000,0.9860000,0.0000000,0.1785000,-5.9317000,0.0494000
20240103,408,C,61.0250,61.0250,61.0250,61.0250,0,0,,,,,,
20240103,472,P,2.9550,2.9550,2.9550,2.9550,0,0,,,,,,
20240103,429,C,40.0200,40.0200,40.0200,40.0200,0,0,,,,,,
20240103,493,P,23.9700,23.9700,23.9700,23.9700,0,0,,,,,,
20240103,461,C,8.1550,8.1550,8.1550,8.1550,0,0,1.0296000,0.9422000,0.0000000,0.5794000,-7.2239000,0.0495000
20240103,535,P,65.9650,65.9650,65.9650,65.9650,0,0,,,,,,
20240103,450,C,19.0900,19.0900,19.0900,19.0900,0,0,1.8835000,0.9806000,0.0000000,0.2358000,-5.3971000,0.0503000
20240103,418,C,51.0250,51.0250,51.0250,51.0250,0,0,,,,,,
20240103,482,P,12.8400,12.8400,12.8400,12.8400,0,0,,,,,,
20240103,439,C,30.0300,30.0300,30.0300,30.0300,0,0,2.1875000,0.9977000,0.0000000,0.0352000,-0.9893000,0.0499000
20240103,407,C,62.0200,62.0200,62.0200,62.0200,0,0,,,,,,
20240103,471,C,0.0150,0.0150,0.0150,0.0150,0,0,0.2031000,0.0263000,0.0000000,0.3061000,-0.7481000,0.0014000
20240103,471,P,1.9600,1.9600,1.9600,1.9600,0,0,,,,,,
20240103,545,P,75.9650,75.9650,75.9650,75.9650,0,0,,,,,,
20240103,428,C,41.0300,41.0300,41.0300,41.0300,0,0,2.9375000,0.9983000,0.0000000,0.0271000,-1.0209000,0.0487000
20240103,460,C,9.1550,9.1550,9.1550,9.1550,0,0,1.1289000,0.9470000,0.0000000,0.5412000,-7.3967000,0.0496000
20240103,492,P,22.9350,22.9350,22.9350,22.9350,0,0,,,,,,
20240103,417,C,52.0200,52.0200,52.0200,52.0200,0,0,,,,,,
20240103,449,C,20.0900,20.0900,20.0900,20.0900,0,0,1.9707000,0.9813000,0.0000000,0.2285000,-5.4706000,0.0502000
20240103,481,P,11.8750,11.8750,11.8750,11.8750,0,0,,,,,,
20240103,438,C,31.0250,31.0250,31.0250,31.0250,0,0,,,,,,
20240103,406,C,63.0200,63.0200,63.0200,63.0200,0,0,,,,,,
20240103,470,C,0.0750,0.0750,0.0750,0.0750,0,0,0.1855000,0.1471000,0.0000000,1.1534000,-2.5783000,0.0078000
20240103,470,P,1.0250,1.0250,1.0250,1.0250,0,0,0.1601000,-0.8878000,0.0000000,0.9552000,-1.7741000,-0.0476000
20240103,427,C,42.0200,42.0200,42.0200,42.0200,0,0,,,,,,
20240103,491,P,21.9200,21.9200,21.9200,21.9200,0,0,,,,,,
20240103,459,C,10.1550,10.1550,10.1550,10.1550,0,0,1.2273000,0.9509000,0.0000000,0.5092000,-7.5643000,0.0497000
20240104,416,C,53.2500,53.2500,53.2500,53.2500,0,0,1.0906000,0.9830000,0.0000000,1.0365000,-0.6196000,1.1289000
20240104,448,C,21.2700,21.2700,21.2700,21.2700,0,0,0.4941000,0.9626000,0.0000000,2.0108000,-0.5552000,1.1910000
20240104,480,C,0.0150,0.0150,0.0150,0.0150,0,0,0.1757000,0.0065000,0.0000000,0.4531000,-0.0398000,0.0084000
20240104,480,P,10.9200,10.9200,10.9200,10.9200,0,0,0.1796000,-0.9923000,0.0000000,0.5175000,0.0243000,-1.3187000
20240104,437,C,32.2850,32.2850,32.2850,32.2850,0,0,0.7144000,0.9715000,0.0000000,1.6072000,-0.6307000,1.1720000
20240104,405,C,64.2500,64.2500,64.2500,64.2500,0,0,1.3011000,0.9853000,0.0000000,0.9143000,-0.6475000,1.1015000
20240104,469,C,1.3650,1.3650,1.3650,1.3650,0,0,0.1335000,0.5122000,0.0000000,9.8400000,-0.6855000,0.6613000
20240104,469,P,1.0850,1.0850,1.0850,1.0850,0,0,0.1142000,-0.4860000,0.0000000,9.8387000,-0.5224000,-0.6340000
20240104,426,C,43.2600,43.2600,43.2600,43.2600,0,0,0.9101000,0.9791000,0.0000000,1.2388000,-0.6193000,1.1515000
20240104,458,C,11.3600,11.3600,11.3600,11.3600,0,0,0.3193000,0.9239000,0.0000000,3.5291000,-0.6200000,1.1682000
20240104,458,P,0.0150,0.0150,0.0150,0.0150,0,0,0.1835000,-0.0065000,0.0000000,0.4527000,-0.0406000,-0.0085000
20240104,490,P,20.9300,20.9300,20.9300,20.9300,0,0,0.3437000,-0.9918000,0.0000000,0.5496000,-0.0217000,-1.3457000
20240104,415,C,54.2400,54.2400,54.2400,54.2400,0,0,1.1001000,0.9840000,0.0000000,0.9855000,-0.5967000,1.1275000
20240104,447,C,22.2650,22.2650,22.2650,22.2650,0,0,0.5085000,0.9653000,0.0000000,1.8928000,-0.5399000,1.1917000
20240104,479,C,0.0150,0.0150,0.0150,0.0150,0,0,0.1640000,0.0078000,0.0000000,0.5297000,-0.0435000,0.0101000
20240104,479,P,9.9100,9.9100,9.9100,9.9100,0,0,0.1250000,-0.9992000,0.0000000,0.0636000,0.0667000,-1.3248000
20240104,436,C,33.2850,33.2850,33.2850,33.2850,0,0,0.7332000,0.9722000,0.0000000,1.5718000,-0.6327000,1.1702000
20240104,404,C,65.2450,65.2450,65.2450,65.2450,0,0,1.3093000,0.9861000,0.0000000,0.8700000,-0.6224000,1.0998000
20240104,500,P,30.9900,30.9900,30.9900,30.9900,0,0,0.5671000,-0.9831000,0.0000000,1.0329000,-0.2172000,-1.3622000
20240104,468,C,1.9750,1.9750,1.9750,1.9750,0,0,0.1379000,0.6270000,0.0000000,9.3408000,-0.6807000,0.8087000
20240104,468,P,0.6950,0.6950,0.6950,0.6950,0,0,0.1174000,-0.3521000,0.0000000,9.1604000,-0.5078000,-0.4590000
20240104,425,C,44.2600,44.2600,44.2600,44.2600,0,0,0.9289000,0.9795000,0.0000000,1.2188000,-0.6215000,1.1492000
20240104,457,C,12.3750,12.3750,12.3750,12.3750,0,0,0.3447000,0.9262000,0.0000000,3.4472000,-0.6503000,1.1684000
20240104,457,P,0.0150,0.0150,0.0150,0.0150,0,0,0.1992000,-0.0062000,0.0000000,0.4365000,-0.0425000,-0.0081000
20240104,489,P,19.9300,19.9300,19.9300,19.9300,0,0,0.3281000,-0.9917000,0.0000000,0.5537000,-0.0182000,-1.3428000
20240104,414,C,55.2500,55.2500,55.2500,55.2500,0,0,1.1289000,0.9835000,0.0000000,1.0121000,-0.6254000,1.1240000
20240104,446,C,23.2650,23.2650,23.2650,23.2650,0,0,0.5281000,0.9664000,0.0000000,1.8436000,-0.5453000,1.1903000
20240104,478,C,0.0150,0.0150,0.0150,0.0150,0,0,0.1484000,0.0080000,0.0000000,0.5455000,-0.0406000,0.0104000
20240104,478,P,8.9600,8.9600,8.9600,8.9600,0,0,0.1875000,-0.9714000,0.0000000,1.6118000,-0.0809000,-1.2860000
20240104,510,P,40.9550,40.9550,40.9550,40.9550,0,0,0.6624000,-0.9913000,0.0000000,0.5777000,-0.1146000,-1.4005000
20240104,435,C,34.2850,34.2850,34.2850,34.2850,0,0,0.7531000,0.9728000,0.0000000,1.5469000,-0.6388000,1.1681000
20240104,403,C,66.2500,66.2500,66.2500,66.2500,0,0,1.3394000,0.9857000,0.0000000,0.8947000,-0.6515000,1.0964000
20240104,467,C,2.7000,2.7000,2.7000,2.7000,0,0,0.1442000,0.7230000,0.0000000,8.2623000,-0.6396000,0.9313000
20240104,467,P,0.4150,0.4150,0.4150,0.4150,0,0,0.1191000,-0.2371000,0.0000000,7.6215000,-0.4328000,-0.3090000
20240104,499,P,29.9750,29.9750,29.9750,29.9750,0,0,0.5312000,-0.9860000,0.0000000,0.8803000,-0.1587000,-1.3631000
20240104,424,C,45.2600,45.2600,45.2600,45.2600,0,0,0.9488000,0.9797000,0.0000000,1.2056000,-0.6272000,1.1468000
20240104,456,C,13.3700,13.3700,13.3700,13.3700,0,0,0.3666000,0.9301000,0.0000000,3.3096000,-0.6630000,1.1706000
20240104,456,P,0.0150,0.0150,0.0150,0.0150,0,0,0.2148000,-0.0060000,0.0000000,0.4225000,-0.0444000,-0.0078000
20240104,520,P,50.9550,50.9550,50.9550,50.9550,0,0,0.7976000,-0.9925000,0.0000000,0.5089000,-0.1246000,-1.4297000
20240104,488,P,18.9300,18.9300,18.9300,18.9300,0,0,0.3164000,-0.9910000,0.0000000,0.5997000,-0.0224000,-1.3390000
20240104,413,C,56.2500,56.2500,56.2500,56.2500,0,0,1.1480000,0.9837000,0.0000000,1.0004000,-0.6281000,1.1215000
20240104,445,C,24.2500,24.2500,24.2500,24.2500,0,0,0.5414000,0.9689000,0.0000000,1.7294000,-0.5268000,1.1908000
20240104,477,C,0.0250,0.0250,0.0250,0.0250,0,0,0.1464000,0.0151000,0.0000000,0.9432000,-0.0694000,0.0196000
20240104,477,P,7.9900,7.9900,7.9900,7.9900,0,0,0.1855000,-0.9561000,0.0000000,2.2894000,-0.1428000,-1.2635000
20240104,434,C,35.2850,35.2850,35.2850,35.2850,0,0,0.7718000,0.9734000,0.0000000,1.5147000,-0.6407000,1.1662000
20240104,402,C,67.2500,67.2500,67.2500,67.2500,0,0,1.3585000,0.9859000,0.0000000,0.8852000,-0.6534000,1.0939000
20240104,466,C,3.5200,3.5200,3.5200,3.5200,0,0,0.1523000,0.7963000,0.0000000,6.9845000,-0.5811000,1.0241000
20240104,466,P,0.2350,0.2350,0.2350,0.2350,0,0,0.1208000,-0.1485000,0.0000000,5.7170000,-0.3315000,-0.1935000
20240104,498,P,28.9900,28.9900,28.9900,28.9900,0,0,0.5375000,-0.9821000,0.0000000,1.0840000,-0.2160000,-1.3554000
20240104,530,P,60.9550,60.9550,60.9550,60.9550,0,0,0.9289000,-0.9933000,0.0000000,0.4620000,-0.1345000,-1.4584000
20240104,423,C,46.2650,46.2650,46.2650,46.2650,0,0,0.9675000,0.9801000,0.0000000,1.1868000,-0.6293000,1.1445000
20240104,455,C,14.3050,14.3050,14.3050,14.3050,0,0,0.3652000,0.9448000,0.0000000,2.7519000,-0.5607000,1.1871000
20240104,455,P,0.0150,0.0150,0.0150,0.0150,0,0,0.2265000,-0.0051000,0.0000000,0.3675000,-0.0408000,-0.0067000
20240104,487,P,17.9400,17.9400,17.9400,17.9400,0,0,0.3164000,-0.9875000,0.0000000,0.7966000,-0.0536000,-1.3318000
20240104,412,C,57.2500,57.2500,57.2500,57.2500,0,0,1.1671000,0.9839000,0.0000000,0.9889000,-0.6308000,1.1190000
20240104,444,C,25.2600,25.2600,25.2600,25.2600,0,0,0.5671000,0.9683000,0.0000000,1.7556000,-0.5560000,1.1873000
20240104,476,C,0.0250,0.0250,0.0250,0.0250,0,0,0.1308000,0.0169000,0.0000000,1.0395000,-0.0684000,0.0219000
20240104,476,P,6.9350,6.9350,6.9350,6.9350,0,0,0.1328000,-0.9816000,0.0000000,1.1102000,-0.0039000,-1.2937000
20240104,540,P,70.9500,70.9500,70.9500,70.9500,0,0,1.0578000,-0.9938000,0.0000000,0.4308000,-0.1462000,-1.4867000
20240104,433,C,36.2750,36.2750,36.2750,36.2750,0,0,0.7847000,0.9749000,0.0000000,1.4434000,-0.6227000,1.1654000
20240104,465,C,4.4100,4.4100,4.4100,4.4100,0,0,0.1630000,0.8472000,0.0000000,5.8226000,-0.5279000,1.0878000
20240104,465,P,0.1350,0.1350,0.1350,0.1350,0,0,0.1250000,-0.0909000,0.0000000,4.0392000,-0.2435000,-0.1184000
20240104,497,P,27.9650,27.9650,27.9650,27.9650,0,0,0.4902000,-0.9870000,0.0000000,0.8231000,-0.1271000,-1.3589000
20240104,422,C,47.2600,47.2600,47.2600,47.2600,0,0,0.9875000,0.9804000,0.0000000,1.1744000,-0.6348000,1.1420000
20240104,454,C,15.2900,15.2900,15.2900,15.2900,0,0,0.3818000,0.9492000,0.0000000,2.5756000,-0.5501000,1.1901000
20240104,454,P,0.0150,0.0150,0.0150,0.0150,0,0,0.2421000,-0.0050000,0.0000000,0.3600000,-0.0427000,-0.0065000
20240104,486,P,16.9350,16.9350,16.9350,16.9350,0,0,0.2851000,-0.9906000,0.0000000,0.6180000,-0.0160000,-1.3331000
20240104,411,C,58.2450,58.2450,58.2450,58.2450,0,0,1.1753000,0.9849000,0.0000000,0.9374000,-0.6048000,1.1176000
20240104,443,C,26.2550,26.2550,26.2550,26.2550,0,0,0.5796000,0.9707000,0.0000000,1.6455000,-0.5353000,1.1876000
20240104,475,C,0.0550,0.0550,0.0550,0.0550,0,0,0.1337000,0.0379000,0.0000000,2.0368000,-0.1374000,0.0491000
20240104,475,P,5.9400,5.9400,5.9400,5.9400,0,0,0.1230000,-0.9732000,0.0000000,1.5268000,-0.0246000,-1.2800000
20240104,432,C,37.2800,37.2800,37.2800,37.2800,0,0,0.8105000,0.9745000,0.0000000,1.4627000,-0.6486000,1.1621000
20240104,496,P,26.9750,26.9750,26.9750,26.9750,0,0,0.4863000,-0.9848000,0.0000000,0.9404000,-0.1541000,-1.3534000
20240104,464,C,5.3550,5.3550,5.3550,5.3550,0,0,0.1774000,0.8795000,0.0000000,4.9482000,-0.4947000,1.1272000
20240104,464,P,0.0750,0.0750,0.0750,0.0750,0,0,0.1279000,-0.0521000,0.0000000,2.6322000,-0.1630000,-0.0679000
20240104,421,C,48.2600,48.2600,48.2600,48.2600,0,0,1.0062000,0.9807000,0.0000000,1.1567000,-0.6367000,1.1397000
20240104,453,C,16.2950,16.2950,16.2950,16.2950,0,0,0.4023000,0.9514000,0.0000000,2.4849000,-0.5582000,1.1902000
20240104,453,P,0.0150,0.0150,0.0150,0.0150,0,0,0.2578000,-0.0049000,0.0000000,0.3531000,-0.0447000,-0.0064000
20240104,485,P,15.9500,15.9500,15.9500,15.9500,0,0,0.2949000,-0.9838000,0.0000000,0.9933000,-0.0744000,-1.3216000
20240104,410,C,59.2500,59.2500,59.2500,59.2500,0,0,1.2054000,0.9843000,0.0000000,0.9665000,-0.6360000,1.1140000
20240104,442,C,27.2550,27.2550,27.2550,27.2550,0,0,0.5992000,0.9714000,0.0000000,1.6114000,-0.5410000,1.1858000
20240104,474,C,0.0950,0.0950,0.0950,0.0950,0,0,0.1298000,0.0642000,0.0000000,3.0995000,-0.2036000,0.0831000
20240104,474,P,4.8500,4.8500,4.8500,4.8500,0,0,,,,,,
20240104,431,C,38.2700,38.2700,38.2700,38.2700,0,0,0.8234000,0.9759000,0.0000000,1.3964000,-0.6309000,1.1611000
20240104,495,P,25.9400,25.9400,25.9400,25.9400,0,0,0.4335000,-0.9904000,0.0000000,0.6292000,-0.0625000,-1.3578000
20240104,463,C,6.3350,6.3350,6.3350,6.3350,0,0,0.1972000,0.8969000,0.0000000,4.4273000,-0.4933000,1.1470000
20240104,463,P,0.0450,0.0450,0.0450,0.0450,0,0,0.1337000,-0.0314000,0.0000000,1.7459000,-0.1134000,-0.0409000
20240104,420,C,49.2600,49.2600,49.2600,49.2600,0,0,1.0250000,0.9810000,0.0000000,1.1395000,-0.6386000,1.1374000
20240104,452,C,17.3100,17.3100,17.3100,17.3100,0,0,0.4306000,0.9504000,0.0000000,2.5269000,-0.6018000,1.1861000
20240104,452,P,0.0150,0.0150,0.0150,0.0150,0,0,0.2734000,-0.0048000,0.0000000,0.3468000,-0.0465000,-0.0063000
20240104,484,P,14.9800,14.9800,14.9800,14.9800,0,0,0.3037000,-0.9744000,0.0000000,1.4701000,-0.1512000,-1.3066000
20240104,409,C,60.2500,60.2500,60.2500,60.2500,0,0,1.2246000,0.9846000,0.0000000,0.9557000,-0.6384000,1.1115000
20240104,441,C,28.2850,28.2850,28.2850,28.2850,0,0,0.6359000,0.9687000,0.0000000,1.7384000,-0.6099000,1.1794000
20240104,473,C,0.1850,0.1850,0.1850,0.1850,0,0,0.1308000,0.1146000,0.0000000,4.7794000,-0.3174000,0.1483000
20240104,473,P,3.9650,3.9650,3.9650,3.9650,0,0,0.0961000,-0.9492000,0.0000000,2.5755000,-0.0562000,-1.2434000
20240104,505,P,35.9750,35.9750,35.9750,35.9750,0,0,0.6203000,-0.9875000,0.0000000,0.7942000,-0.1700000,-1.3818000
20240104,430,C,39.2600,39.2600,39.2600,39.2600,0,0,0.8351000,0.9773000,0.0000000,1.3267000,-0.6102000,1.1602000
20240104,494,P,24.9450,24.9450,24.9450,24.9450,0,0,0.4179000,-0.9904000,0.0000000,0.6343000,-0.0589000,-1.3549000
20240104,462,C,7.4150,7.4150,7.4150,7.4150,0,0,0.2390000,0.8882000,0.0000000,4.6925000,-0.6154000,1.1327000
20240104,462,P,0.0250,0.0250,0.0250,0.0250,0,0,0.1367000,-0.0169000,0.0000000,1.0388000,-0.0691000,-0.0220000
20240104,419,C,50.2600,50.2600,50.2600,50.2600,0,0,1.0437000,0.9814000,0.0000000,1.1229000,-0.6405000,1.1351000
20240104,451,C,18.3000,18.3000,18.3000,18.3000,0,0,0.4472000,0.9538000,0.0000000,2.3887000,-0.5920000,1.1877000
20240104,451,P,0.0150,0.0150,0.0150,0.0150,0,0,0.2890000,-0.0047000,0.0000000,0.3409000,-0.0484000,-0.0061000
20240104,483,P,13.8600,13.8600,13.8600,13.8600,0,0,,,,,,
20240104,515,P,45.9550,45.9550,45.9550,45.9550,0,0,0.7296000,-0.9920000,0.0000000,0.5357000,-0.1179000,-1.4152000
20240104,525,P,55.9550,55.9550,55.9550,55.9550,0,0,0.8656000,-0.9928000,0.0000000,0.4899000,-0.1328000,-1.4439000
20240104,440,C,29.2850,29.2850,29.2850,29.2850,0,0,0.6562000,0.9693000,0.0000000,1.7089000,-0.6177000,1.1775000
20240104,408,C,61.2500,61.2500,61.2500,61.2500,0,0,1.2437000,0.9848000,0.0000000,0.9451000,-0.6408000,1.1090000
20240104,472,C,0.3150,0.3150,0.3150,0.3150,0,0,0.1284000,0.1809000,0.0000000,6.4956000,-0.4252000,0.2340000
20240104,472,P,3.0750,3.0750,3.0750,3.0750,0,0,0.1030000,-0.8724000,0.0000000,5.1511000,-0.2017000,-1.1412000
20240104,429,C,40.2600,40.2600,40.2600,40.2600,0,0,0.8539000,0.9778000,0.0000000,1.3034000,-0.6125000,1.1581000
20240104,493,P,23.9500,23.9500,23.9500,23.9500,0,0,0.4179000,-0.9877000,0.0000000,0.7838000,-0.0901000,-1.3487000
20240104,461,C,8.4050,8.4050,8.4050,8.4050,0,0,0.2607000,0.8988000,0.0000000,4.3675000,-0.6245000,1.1437000
20240104,461,P,0.0250,0.0250,0.0250,0.0250,0,0,0.1523000,-0.0148000,0.0000000,0.9258000,-0.0687000,-0.0193000
20240104,535,P,65.9500,65.9500,65.9500,65.9500,0,0,0.9921000,-0.9936000,0.0000000,0.4408000,-0.1378000,-1.4726000
20240104,450,C,19.2750,19.2750,19.2750,19.2750,0,0,0.4541000,0.9600000,0.0000000,2.1257000,-0.5413000,1.1931000
20240104,450,P,0.0150,0.0150,0.0150,0.0150,0,0,0.3007000,-0.0042000,0.0000000,0.3072000,-0.0454000,-0.0055000
20240104,418,C,51.2550,51.2550,51.2550,51.2550,0,0,1.0531000,0.9825000,0.0000000,1.0654000,-0.6157000,1.1338000
20240104,482,P,12.8700,12.8700,12.8700,12.8700,0,0,,,,,,
20240104,439,C,30.2850,30.2850,30.2850,30.2850,0,0,0.6749000,0.9702000,0.0000000,1.6675000,-0.6197000,1.1759000
20240104,407,C,62.2500,62.2500,62.2500,62.2500,0,0,1.2628000,0.9849000,0.0000000,0.9346000,-0.6431000,1.1065000
20240104,471,C,0.5450,0.5450,0.5450,0.5450,0,0,0.1291000,0.2760000,0.0000000,8.2496000,-0.5462000,0.3569000
20240104,471,P,2.2650,2.2650,2.2650,2.2650,0,0,0.1052000,-0.7676000,0.0000000,7.5354000,-0.3388000,-1.0029000
20240104,545,P,75.9400,75.9400,75.9400,75.9400,0,0,1.0906000,-0.9951000,0.0000000,0.3483000,-0.1078000,-1.5022000
20240104,428,C,41.2600,41.2600,41.2600,41.2600,0,0,0.8726000,0.9782000,0.0000000,1.2810000,-0.6148000,1.1559000
20240104,460,C,9.3600,9.3600,9.3600,9.3600,0,0,0.2744000,0.9134000,0.0000000,3.8911000,-0.5902000,1.1601000
20240104,460,P,0.0150,0.0150,0.0150,0.0150,0,0,0.1542000,-0.0078000,0.0000000,0.5337000,-0.0402000,-0.0102000
20240104,492,P,22.9400,22.9400,22.9400,22.9400,0,0,0.3906000,-0.9895000,0.0000000,0.6833000,-0.0601000,-1.3483000
20240104,417,C,52.2550,52.2550,52.2550,52.2550,0,0,1.0718000,0.9828000,0.0000000,1.0507000,-0.6177000,1.1314000
20240104,449,C,20.2750,20.2750,20.2750,20.2750,0,0,0.4746000,0.9612000,0.0000000,2.0723000,-0.5502000,1.1919000
20240104,481,P,11.8650,11.8650,11.8650,11.8650,0,0,,,,,,
20240104,438,C,31.2750,31.2750,31.2750,31.2750,0,0,0.6882000,0.9720000,0.0000000,1.5833000,-0.6019000,1.1755000
20240104,406,C,63.2500,63.2500,63.2500,63.2500,0,0,1.2820000,0.9851000,0.0000000,0.9244000,-0.6453000,1.1040000
20240104,470,C,0.8950,0.8950,0.8950,0.8950,0,0,0.1313000,0.3908000,0.0000000,9.4742000,-0.6427000,0.5050000
20240104,470,P,1.6050,1.6050,1.6050,1.6050,0,0,0.1101000,-0.6299000,0.0000000,9.3179000,-0.4638000,-0.8223000
20240104,427,C,42.2600,42.2600,42.2600,42.2600,0,0,0.8914000,0.9787000,0.0000000,1.2595000,-0.6171000,1.1537000
20240104,491,P,21.9300,21.9300,21.9300,21.9300,0,0,0.3593000,-0.9919000,0.0000000,0.5462000,-0.0252000,-1.3485000
20240104,459,C,10.3700,10.3700,10.3700,10.3700,0,0,0.2998000,0.9171000,0.0000000,3.7656000,-0.6206000,1.1621000
20240104,459,P,0.0150,0.0150,0.0150,0.0150,0,0,0.1679000,-0.0068000,0.0000000,0.4719000,-0.0387000,-0.0089000
20240105,320,C,149.2500,149.2500,149.2500,149.2500,0,0,2.0937000,0.9944000,0.0000000,0.5515000,-0.3340000,1.7469000
20240105,384,C,85.2950,85.2950,85.2950,85.2950,0,0,1.1958000,0.9893000,0.0000000,0.9834000,-0.3484000,2.0859000
20240105,448,C,21.3850,21.3850,21.3850,21.3850,0,0,0.3657000,0.9567000,0.0000000,3.1973000,-0.3539000,2.3537000
20240105,448,P,0.0150,0.0150,0.0150,0.0150,0,0,0.2343000,-0.0038000,0.0000000,0.4018000,-0.0231000,-0.0100000
20240105,447.5,C,21.8600,21.8600,21.8600,21.8600,0,0,0.3662000,0.9601000,0.0000000,2.9892000,-0.3355000,2.3600000
20240105,447.5,P,0.0150,0.0150,0.0150,0.0150,0,0,0.2421000,-0.0041000,0.0000000,0.4272000,-0.0254000,-0.0108000
20240105,341,C,128.2600,128.2600,128.2600,128.2600,0,0,1.7824000,0.9933000,0.0000000,0.6443000,-0.3355000,1.8598000
20240105,405,C,64.3200,64.3200,64.3200,64.3200,0,0,0.9312000,0.9847000,0.0000000,1.3406000,-0.3692000,2.1895000
20240105,469,C,2.0550,2.0550,2.0550,2.0550,0,0,0.1418000,0.5149000,0.0000000,13.8768000,-0.5249000,1.3190000
20240105,469,P,1.7000,1.7000,1.7000,1.7000,0,0,0.1280000,-0.4838000,0.0000000,13.8752000,-0.4081000,-1.2593000
20240105,362,C,107.2800,107.2800,107.2800,107.2800,0,0,1.4980000,0.9915000,0.0000000,0.8025000,-0.3518000,1.9705000
20240105,426,C,43.3400,43.3400,43.3400,43.3400,0,0,0.6562000,0.9775000,0.0000000,1.8577000,-0.3645000,2.2866000
20240105,426,P,0.0150,0.0150,0.0150,0.0150,0,0,0.4531000,-0.0019000,0.0000000,0.2154000,-0.0241000,-0.0050000
20240105,490,P,20.9600,20.9600,20.9600,20.9600,0,0,0.3100000,-0.9697000,0.0000000,2.3841000,-0.1135000,-2.6206000
20240105,383,C,86.3000,86.3000,86.3000,86.3000,0,0,1.2191000,0.9889000,0.0000000,1.0139000,-0.3631000,2.0794000
20240105,447,C,22.3600,22.3600,22.3600,22.3600,0,0,0.3735000,0.9607000,0.0000000,2.9552000,-0.3377000,2.3587000
20240105,447,P,0.0150,0.0150,0.0150,0.0150,0,0,0.2460000,-0.0039000,0.0000000,0.4056000,-0.0245000,-0.0102000
20240105,340,C,129.2600,129.2600,129.2600,129.2600,0,0,1.7988000,0.9934000,0.0000000,0.6433000,-0.3375000,1.8543000
20240105,404,C,65.3200,65.3200,65.3200,65.3200,0,0,0.9453000,0.9848000,0.0000000,1.3288000,-0.3709000,2.1844000
20240105,468,C,2.6300,2.6300,2.6300,2.6300,0,0,0.1440000,0.5935000,0.0000000,13.5028000,-0.5244000,1.5189000
20240105,468,P,1.2850,1.2850,1.2850,1.2850,0,0,0.1298000,-0.3968000,0.0000000,13.4199000,-0.4058000,-1.0322000
20240105,361,C,108.2800,108.2800,108.2800,108.2800,0,0,1.5117000,0.9916000,0.0000000,0.7947000,-0.3514000,1.9653000
20240105,425,C,44.3400,44.3400,44.3400,44.3400,0,0,0.6695000,0.9780000,0.0000000,1.8263000,-0.3653000,2.2823000
20240105,425,P,0.0150,0.0150,0.0150,0.0150,0,0,0.4687000,-0.0021000,0.0000000,0.2332000,-0.0270000,-0.0055000
20240105,489,P,19.9350,19.9350,19.9350,19.9350,0,0,0.2841000,-0.9746000,0.0000000,2.0608000,-0.0752000,-2.6275000
20240105,382,C,87.3050,87.3050,87.3050,87.3050,0,0,1.2341000,0.9889000,0.0000000,1.0098000,-0.3655000,2.0740000
20240105,446,C,23.3600,23.3600,23.3600,23.3600,0,0,0.3876000,0.9619000,0.0000000,2.8799000,-0.3408000,2.3563000
20240105,446,P,0.0150,0.0150,0.0150,0.0150,0,0,0.2539000,-0.0035000,0.0000000,0.3667000,-0.0229000,-0.0091000
20240105,510,P,40.9550,40.9550,40.9550,40.9550,0,0,0.5328000,-0.9817000,0.0000000,1.5600000,-0.1326000,-2.7617000
20240105,275,C,194.2100,194.2100,194.2100,194.2100,0,0,2.7705000,0.9965000,0.0000000,0.3620000,-0.2897000,1.5047000
20240105,339,C,130.2600,130.2600,130.2600,130.2600,0,0,1.8125000,0.9934000,0.0000000,0.6367000,-0.3365000,1.8490000
20240105,403,C,66.3200,66.3200,66.3200,66.3200,0,0,0.9582000,0.9851000,0.0000000,1.3097000,-0.3705000,2.1796000
20240105,467,C,3.2950,3.2950,3.2950,3.2950,0,0,0.1466000,0.6661000,0.0000000,12.6636000,-0.5073000,1.7028000
20240105,467,P,0.9450,0.9450,0.9450,0.9450,0,0,0.1313000,-0.3162000,0.0000000,12.3869000,-0.3825000,-0.8222000
20240105,360,C,109.2800,109.2800,109.2800,109.2800,0,0,1.5281000,0.9916000,0.0000000,0.7947000,-0.3545000,1.9597000
20240105,424,C,45.3400,45.3400,45.3400,45.3400,0,0,0.6828000,0.9784000,0.0000000,1.7960000,-0.3660000,2.2779000
20240105,424,P,0.0150,0.0150,0.0150,0.0150,0,0,0.4765000,-0.0019000,0.0000000,0.2200000,-0.0259000,-0.0052000
20240105,488,P,18.9350,18.9350,18.9350,18.9350,0,0,0.2724000,-0.9736000,0.0000000,2.1273000,-0.0739000,-2.6194000
20240105,381,C,88.3000,88.3000,88.3000,88.3000,0,0,1.2478000,0.9890000,0.0000000,1.0001000,-0.3658000,2.0688000
20240105,445,C,24.3600,24.3600,24.3600,24.3600,0,0,0.4018000,0.9630000,0.0000000,2.8100000,-0.3439000,2.3537000
20240105,445,P,0.0150,0.0150,0.0150,0.0150,0,0,0.2656000,-0.0035000,0.0000000,0.3709000,-0.0242000,-0.0092000
20240105,338,C,131.2600,131.2600,131.2600,131.2600,0,0,1.8289000,0.9934000,0.0000000,0.6355000,-0.3385000,1.8435000
20240105,402,C,67.3200,67.3200,67.3200,67.3200,0,0,0.9722000,0.9852000,0.0000000,1.2983000,-0.3722000,2.1744000
20240105,466,C,4.0200,4.0200,4.0200,4.0200,0,0,0.1494000,0.7306000,0.0000000,11.4948000,-0.4771000,1.8654000
20240105,466,P,0.6750,0.6750,0.6750,0.6750,0,0,0.1323000,-0.2441000,0.0000000,10.9228000,-0.3424000,-0.6344000
20240105,530,P,60.9550,60.9550,60.9550,60.9550,0,0,0.7414000,-0.9856000,0.0000000,1.2663000,-0.1562000,-2.8820000
20240105,295,C,174.2300,174.2300,174.2300,174.2300,0,0,2.4687000,0.9956000,0.0000000,0.4441000,-0.3159000,1.6124000
20240105,359,C,110.2850,110.2850,110.2850,110.2850,0,0,1.5417000,0.9917000,0.0000000,0.7869000,-0.3541000,1.9545000
20240105,423,C,46.3400,46.3400,46.3400,46.3400,0,0,0.6968000,0.9787000,0.0000000,1.7748000,-0.3685000,2.2731000
20240105,423,P,0.0150,0.0150,0.0150,0.0150,0,0,0.4843000,-0.0018000,0.0000000,0.2077000,-0.0248000,-0.0048000
20240105,487,C,0.0150,0.0150,0.0150,0.0150,0,0,0.1953000,0.0051000,0.0000000,0.5142000,-0.0253000,0.0131000
20240105,487,P,17.9350,17.9350,17.9350,17.9350,0,0,0.2607000,-0.9725000,0.0000000,2.2027000,-0.0728000,-2.6110000
20240105,380,C,89.3000,89.3000,89.3000,89.3000,0,0,1.2628000,0.9891000,0.0000000,0.9959000,-0.3681000,2.0634000
20240105,444,C,25.3550,25.3550,25.3550,25.3550,0,0,0.4121000,0.9654000,0.0000000,2.6629000,-0.3360000,2.3544000
20240105,444,P,0.0150,0.0150,0.0150,0.0150,0,0,0.2734000,-0.0032000,0.0000000,0.3378000,-0.0227000,-0.0083000
20240105,337,C,132.2600,132.2600,132.2600,132.2600,0,0,1.8453000,0.9935000,0.0000000,0.6343000,-0.3404000,1.8381000
20240105,401,C,68.3200,68.3200,68.3200,68.3200,0,0,0.9863000,0.9854000,0.0000000,1.2869000,-0.3738000,2.1693000
20240105,465,C,4.8150,4.8150,4.8150,4.8150,0,0,0.1525000,0.7858000,0.0000000,10.1481000,-0.4388000,2.0035000
20240105,465,P,0.4750,0.4750,0.4750,0.4750,0,0,0.1340000,-0.1840000,0.0000000,9.2606000,-0.2958000,-0.4779000
20240105,358,C,111.2850,111.2850,111.2850,111.2850,0,0,1.5568000,0.9917000,0.0000000,0.7830000,-0.3554000,1.9491000
20240105,422,C,47.3400,47.3400,47.3400,47.3400,0,0,0.7109000,0.9790000,0.0000000,1.7541000,-0.3709000,2.2684000
20240105,422,P,0.0150,0.0150,0.0150,0.0150,0,0,0.5000000,-0.0020000,0.0000000,0.2237000,-0.0276000,-0.0053000
20240105,486,C,0.0150,0.0150,0.0150,0.0150,0,0,0.1835000,0.0049000,0.0000000,0.4961000,-0.0229000,0.0126000
20240105,486,P,16.9500,16.9500,16.9500,16.9500,0,0,0.2568000,-0.9671000,0.0000000,2.5522000,-0.0935000,-2.5918000
20240105,550,P,80.9500,80.9500,80.9500,80.9500,0,0,0.9359000,-0.9879000,0.0000000,1.0949000,-0.1745000,-2.9979000
20240105,315,C,154.2350,154.2350,154.2350,154.2350,0,0,2.1347000,0.9952000,0.0000000,0.4806000,-0.3013000,1.7215000
20240105,379,C,90.2950,90.2950,90.2950,90.2950,0,0,1.2656000,0.9898000,0.0000000,0.9438000,-0.3523000,2.0596000
20240105,443,C,26.3600,26.3600,26.3600,26.3600,0,0,0.4296000,0.9652000,0.0000000,2.6744000,-0.3487000,2.3483000
20240105,443,P,0.0150,0.0150,0.0150,0.0150,0,0,0.2851000,-0.0032000,0.0000000,0.3421000,-0.0240000,-0.0084000
20240105,442.5,C,26.8550,26.8550,26.8550,26.8550,0,0,0.4331000,0.9668000,0.0000000,2.5735000,-0.3402000,2.3497000
20240105,442.5,P,0.0150,0.0150,0.0150,0.0150,0,0,0.2890000,-0.0030000,0.0000000,0.3273000,-0.0233000,-0.0080000
20240105,336,C,133.2600,133.2600,133.2600,133.2600,0,0,1.8589000,0.9935000,0.0000000,0.6276000,-0.3393000,1.8328000
20240105,400,C,69.3150,69.3150,69.3150,69.3150,0,0,0.9921000,0.9861000,0.0000000,1.2278000,-0.3610000,2.1659000
20240105,464,C,5.6700,5.6700,5.6700,5.6700,0,0,0.1584000,0.8279000,0.0000000,8.8752000,-0.4062000,2.1077000
20240105,464,P,0.3250,0.3250,0.3250,0.3250,0,0,0.1352000,-0.1342000,0.0000000,7.5280000,-0.2438000,-0.3485000
20240105,357,C,112.2800,112.2800,112.2800,112.2800,0,0,1.5718000,0.9918000,0.0000000,0.7790000,-0.3566000,1.9437000
20240105,421,C,48.3450,48.3450,48.3450,48.3450,0,0,0.7250000,0.9793000,0.0000000,1.7340000,-0.3733000,2.2636000
20240105,421,P,0.0150,0.0150,0.0150,0.0150,0,0,0.5124000,-0.0020000,0.0000000,0.2281000,-0.0289000,-0.0054000
20240105,485,C,0.0150,0.0150,0.0150,0.0150,0,0,0.1757000,0.0055000,0.0000000,0.5532000,-0.0245000,0.0143000
20240105,485,P,15.9350,15.9350,15.9350,15.9350,0,0,0.2363000,-0.9702000,0.0000000,2.3519000,-0.0686000,-2.5942000
20240105,378,C,91.2950,91.2950,91.2950,91.2950,0,0,1.2792000,0.9899000,0.0000000,0.9349000,-0.3525000,2.0544000
20240105,442,C,27.3550,27.3550,27.3550,27.3550,0,0,0.4404000,0.9671000,0.0000000,2.5519000,-0.3424000,2.3478000
20240105,442,P,0.0150,0.0150,0.0150,0.0150,0,0,0.2968000,-0.0032000,0.0000000,0.3459000,-0.0253000,-0.0085000
20240105,335,C,134.2850,134.2850,134.2850,134.2850,0,0,1.9062000,0.9928000,0.0000000,0.6880000,-0.3751000,1.8253000
20240105,399,C,70.3100,70.3100,70.3100,70.3100,0,0,1.0062000,0.9863000,0.0000000,1.2176000,-0.3626000,2.1607000
20240105,463,C,6.5700,6.5700,6.5700,6.5700,0,0,0.1655000,0.8603000,0.0000000,7.7345000,-0.3770000,2.1864000
20240105,463,P,0.2250,0.2250,0.2250,0.2250,0,0,0.1376000,-0.0970000,0.0000000,5.9783000,-0.1979000,-0.2520000
20240105,462.5,C,7.0300,7.0300,7.0300,7.0300,0,0,0.1694000,0.8735000,0.0000000,7.2248000,-0.3639000,2.2178000
20240105,462.5,P,0.1950,0.1950,0.1950,0.1950,0,0,0.1406000,-0.0845000,0.0000000,5.3958000,-0.1828000,-0.2195000
20240105,356,C,113.2800,113.2800,113.2800,113.2800,0,0,1.5855000,0.9919000,0.0000000,0.7712000,-0.3561000,1.9384000
20240105,420,C,49.3450,49.3450,49.3450,49.3450,0,0,0.7378000,0.9797000,0.0000000,1.7033000,-0.3731000,2.2592000
20240105,420,P,0.0150,0.0150,0.0150,0.0150,0,0,0.5187000,-0.0019000,0.0000000,0.2106000,-0.0270000,-0.0049000
20240105,484,C,0.0150,0.0150,0.0150,0.0150,0,0,0.1640000,0.0053000,0.0000000,0.5355000,-0.0222000,0.0137000
20240105,484,P,14.9500,14.9500,14.9500,14.9500,0,0,0.2314000,-0.9644000,0.0000000,2.7261000,-0.0879000,-2.5737000
20240105,377,C,92.2900,92.2900,92.2900,92.2900,0,0,1.2943000,0.9899000,0.0000000,0.9312000,-0.3547000,2.0490000
20240105,441,C,28.3550,28.3550,28.3550,28.3550,0,0,0.4541000,0.9680000,0.0000000,2.4923000,-0.3443000,2.3447000
20240105,441,P,0.0150,0.0150,0.0150,0.0150,0,0,0.3046000,-0.0029000,0.0000000,0.3177000,-0.0238000,-0.0077000
20240105,505,P,35.9550,35.9550,35.9550,35.9550,0,0,0.4785000,-0.9800000,0.0000000,1.6805000,-0.1268000,-2.7298000
20240105,270,C,199.2150,199.2150,199.2150,199.2150,0,0,2.8613000,0.9966000,0.0000000,0.3549000,-0.2921000,1.4773000
20240105,334,C,135.2600,135.2600,135.2600,135.2600,0,0,1.8890000,0.9936000,0.0000000,0.6196000,-0.3399000,1.8220000
20240105,398,C,71.3100,71.3100,71.3100,71.3100,0,0,1.0203000,0.9864000,0.0000000,1.2075000,-0.3642000,2.1555000
20240105,462,C,7.5250,7.5250,7.5250,7.5250,0,0,0.1767000,0.8807000,0.0000000,6.9321000,-0.3646000,2.2338000
20240105,462,P,0.1550,0.1550,0.1550,0.1550,0,0,0.1403000,-0.0692000,0.0000000,4.6365000,-0.1570000,-0.1797000
20240105,355,C,114.2800,114.2800,114.2800,114.2800,0,0,1.6019000,0.9919000,0.0000000,0.7708000,-0.3589000,1.9329000
20240105,419,C,50.3400,50.3400,50.3400,50.3400,0,0,0.7519000,0.9800000,0.0000000,1.6844000,-0.3754000,2.2544000
20240105,419,P,0.0150,0.0150,0.0150,0.0150,0,0,0.5250000,-0.0017000,0.0000000,0.1946000,-0.0252000,-0.0045000
20240105,483,C,0.0150,0.0150,0.0150,0.0150,0,0,0.1562000,0.0061000,0.0000000,0.6079000,-0.0240000,0.0159000
20240105,483,P,13.8450,13.8450,13.8450,13.8450,0,0,0.1406000,-0.9972000,0.0000000,0.2908000,0.0609000,-2.6525000
20240105,525,P,55.9550,55.9550,55.9550,55.9550,0,0,0.6906000,-0.9849000,0.0000000,1.3230000,-0.1507000,-2.8526000
20240105,376,C,93.2950,93.2950,93.2950,93.2950,0,0,1.3093000,0.9900000,0.0000000,0.9275000,-0.3568000,2.0436000
20240105,440,C,29.3550,29.3550,29.3550,29.3550,0,0,0.4677000,0.9689000,0.0000000,2.4363000,-0.3462000,2.3415000
20240105,440,P,0.0150,0.0150,0.0150,0.0150,0,0,0.3164000,-0.0030000,0.0000000,0.3215000,-0.0250000,-0.0078000
20240105,333,C,136.2600,136.2600,136.2600,136.2600,0,0,1.9062000,0.9936000,0.0000000,0.6196000,-0.3424000,1.8165000
20240105,397,C,72.3100,72.3100,72.3100,72.3100,0,0,1.0332000,0.9866000,0.0000000,1.1911000,-0.3637000,2.1506000
20240105,461,C,8.4800,8.4800,8.4800,8.4800,0,0,0.1879000,0.8969000,0.0000000,6.2431000,-0.3527000,2.2704000
20240105,461,P,0.1150,0.1150,0.1150,0.1150,0,0,0.1455000,-0.0515000,0.0000000,3.6782000,-0.1295000,-0.1337000
20240105,290,C,179.2200,179.2200,179.2200,179.2200,0,0,2.5302000,0.9960000,0.0000000,0.4084000,-0.2995000,1.5859000
20240105,354,C,115.2750,115.2750,115.2750,115.2750,0,0,1.6019000,0.9924000,0.0000000,0.7278000,-0.3417000,1.9288000
20240105,418,C,51.3250,51.3250,51.3250,51.3250,0,0,0.7531000,0.9818000,0.0000000,1.5514000,-0.3510000,2.2538000
20240105,482,C,0.0250,0.0250,0.0250,0.0250,0,0,0.1582000,0.0108000,0.0000000,0.9999000,-0.0400000,0.0280000
20240105,482,P,12.8500,12.8500,12.8500,12.8500,0,0,0.1484000,-0.9927000,0.0000000,0.6980000,0.0448000,-2.6354000
20240105,375,C,94.2900,94.2900,94.2900,94.2900,0,0,1.3230000,0.9901000,0.0000000,0.9187000,-0.3569000,2.0384000
20240105,439,C,30.3500,30.3500,30.3500,30.3500,0,0,0.4814000,0.9697000,0.0000000,2.3835000,-0.3480000,2.3380000
20240105,439,P,0.0150,0.0150,0.0150,0.0150,0,0,0.3281000,-0.0030000,0.0000000,0.3248000,-0.0262000,-0.0079000
20240105,545,P,75.9500,75.9500,75.9500,75.9500,0,0,0.8878000,-0.9874000,0.0000000,1.1273000,-0.1693000,-2.9693000
20240105,332,C,137.2600,137.2600,137.2600,137.2600,0,0,1.9208000,0.9937000,0.0000000,0.6147000,-0.3422000,1.8111000
20240105,396,C,73.3100,73.3100,73.3100,73.3100,0,0,1.0472000,0.9867000,0.0000000,1.1813000,-0.3652000,2.1454000
20240105,460,C,9.4400,9.4400,9.4400,9.4400,0,0,0.1977000,0.9116000,0.0000000,5.5774000,-0.3360000,2.3030000
20240105,460,P,0.0850,0.0850,0.0850,0.0850,0,0,0.1503000,-0.0381000,0.0000000,2.8890000,-0.1053000,-0.0991000
20240105,353,C,116.2700,116.2700,116.2700,116.2700,0,0,1.6183000,0.9924000,0.0000000,0.7276000,-0.3444000,1.9233000
20240105,417,C,52.3300,52.3300,52.3300,52.3300,0,0,0.7730000,0.9813000,0.0000000,1.5866000,-0.3653000,2.2469000
20240105,481,C,0.0250,0.0250,0.0250,0.0250,0,0,0.1464000,0.0110000,0.0000000,1.0152000,-0.0377000,0.0285000
20240105,481,P,11.8550,11.8550,11.8550,11.8550,0,0,0.1386000,-0.9921000,0.0000000,0.7487000,0.0446000,-2.6283000
20240105,310,C,159.2350,159.2350,159.2350,159.2350,0,0,2.2167000,0.9953000,0.0000000,0.4717000,-0.3054000,1.6943000
20240105,374,C,95.2850,95.2850,95.2850,95.2850,0,0,1.3257000,0.9906000,0.0000000,0.8715000,-0.3419000,2.0345000
20240105,438,C,31.3500,31.3500,31.3500,31.3500,0,0,0.4956000,0.9704000,0.0000000,2.3418000,-0.3512000,2.3342000
20240105,438,P,0.0150,0.0150,0.0150,0.0150,0,0,0.3359000,-0.0028000,0.0000000,0.3004000,-0.0249000,-0.0073000
20240105,331,C,138.2600,138.2600,138.2600,138.2600,0,0,1.9355000,0.9937000,0.0000000,0.6099000,-0.3420000,1.8057000
20240105,395,C,74.3100,74.3100,74.3100,74.3100,0,0,1.0613000,0.9869000,0.0000000,1.1716000,-0.3666000,2.1402000
20240105,459,C,10.4200,10.4200,10.4200,10.4200,0,0,0.2104000,0.9206000,0.0000000,5.1429000,-0.3314000,2.3209000
20240105,459,P,0.0650,0.0650,0.0650,0.0650,0,0,0.1552000,-0.0283000,0.0000000,2.2602000,-0.0853000,-0.0735000
20240105,352,C,117.2700,117.2700,117.2700,117.2700,0,0,1.6320000,0.9925000,0.0000000,0.7204000,-0.3438000,1.9180000
20240105,416,C,53.3300,53.3300,53.3300,53.3300,0,0,0.7871000,0.9815000,0.0000000,1.5704000,-0.3675000,2.2420000
20240105,480,C,0.0350,0.0350,0.0350,0.0350,0,0,0.1445000,0.0168000,0.0000000,1.4544000,-0.0534000,0.0432000
20240105,480,P,10.9150,10.9150,10.9150,10.9150,0,0,0.1660000,-0.9676000,0.0000000,2.5182000,-0.0353000,-2.5599000
20240105,373,C,96.2900,96.2900,96.2900,96.2900,0,0,1.3503000,0.9903000,0.0000000,0.9013000,-0.3570000,2.0280000
20240105,437,C,32.3550,32.3550,32.3550,32.3550,0,0,0.5093000,0.9711000,0.0000000,2.2958000,-0.3533000,2.3305000
20240105,437,P,0.0150,0.0150,0.0150,0.0150,0,0,0.3437000,-0.0025000,0.0000000,0.2785000,-0.0236000,-0.0067000
20240105,330,C,139.2600,139.2600,139.2600,139.2600,0,0,1.9531000,0.9937000,0.0000000,0.6104000,-0.3447000,1.8002000
20240105,458,C,11.4000,11.4000,11.4000,11.4000,0,0,0.2219000,0.9291000,0.0000000,4.7147000,-0.3228000,2.3376000
20240105,458,P,0.0450,0.0450,0.0450,0.0450,0,0,0.1582000,-0.0198000,0.0000000,1.6769000,-0.0645000,-0.0515000
20240105,394,C,75.3100,75.3100,75.3100,75.3100,0,0,1.0742000,0.9871000,0.0000000,1.1559000,-0.3660000,2.1352000
20240105,457.5,C,11.9150,11.9150,11.9150,11.9150,0,0,0.2319000,0.9292000,0.0000000,4.7096000,-0.3342000,2.3351000
20240105,457.5,P,0.0450,0.0450,0.0450,0.0450,0,0,0.1640000,-0.0190000,0.0000000,1.6201000,-0.0647000,-0.0495000
20240105,351,C,118.2700,118.2700,118.2700,118.2700,0,0,1.6484000,0.9925000,0.0000000,0.7199000,-0.3464000,1.9125000
20240105,415,C,54.3300,54.3300,54.3300,54.3300,0,0,0.8000000,0.9819000,0.0000000,1.5449000,-0.3673000,2.2374000
20240105,479,C,0.0450,0.0450,0.0450,0.0450,0,0,0.1386000,0.0221000,0.0000000,1.8351000,-0.0648000,0.0569000
20240105,479,P,9.8500,9.8500,9.8500,9.8500,0,0,0.1171000,-0.9914000,0.0000000,0.8129000,0.0464000,-2.6153000
20240105,372,C,97.2850,97.2850,97.2850,97.2850,0,0,1.3531000,0.9908000,0.0000000,0.8555000,-0.3421000,2.0239000
20240105,436,C,33.3500,33.3500,33.3500,33.3500,0,0,0.5234000,0.9716000,0.0000000,2.2567000,-0.3561000,2.3265000
20240105,436,P,0.0150,0.0150,0.0150,0.0150,0,0,0.3593000,-0.0028000,0.0000000,0.3065000,-0.0271000,-0.0074000
20240105,500,P,30.9550,30.9550,30.9550,30.9550,0,0,0.4218000,-0.9781000,0.0000000,1.8134000,-0.1179000,-2.6974000
20240105,393,C,76.3000,76.3000,76.3000,76.3000,0,0,1.0800000,0.9877000,0.0000000,1.1051000,-0.3540000,2.1315000
20240105,329,C,140.2600,140.2600,140.2600,140.2600,0,0,1.9677000,0.9938000,0.0000000,0.6054000,-0.3444000,1.7949000
20240105,457,C,12.3850,12.3850,12.3850,12.3850,0,0,0.2329000,0.9367000,0.0000000,4.3227000,-0.3134000,2.3516000
20240105,457,P,0.0450,0.0450,0.0450,0.0450,0,0,0.1699000,-0.0183000,0.0000000,1.5681000,-0.0649000,-0.0476000
20240105,350,C,119.2650,119.2650,119.2650,119.2650,0,0,1.6484000,0.9929000,0.0000000,0.6800000,-0.3299000,1.9083000
20240105,414,C,55.3400,55.3400,55.3400,55.3400,0,0,0.8210000,0.9813000,0.0000000,1.5864000,-0.3837000,2.2304000
20240105,478,C,0.0650,0.0650,0.0650,0.0650,0,0,0.1357000,0.0322000,0.0000000,2.5175000,-0.0872000,0.0831000
20240105,478,P,8.9650,8.9650,8.9650,8.9650,0,0,0.1552000,-0.9467000,0.0000000,3.7736000,-0.0788000,-2.4951000
20240105,371,C,98.2900,98.2900,98.2900,98.2900,0,0,1.3804000,0.9904000,0.0000000,0.8935000,-0.3608000,2.0172000
20240105,435,C,34.3450,34.3450,34.3450,34.3450,0,0,0.5328000,0.9732000,0.0000000,2.1501000,-0.3472000,2.3252000
20240105,435,P,0.0150,0.0150,0.0150,0.0150,0,0,0.3671000,-0.0026000,0.0000000,0.2851000,-0.0258000,-0.0069000
20240105,499,P,29.9350,29.9350,29.9350,29.9350,0,0,0.3994000,-0.9805000,0.0000000,1.6453000,-0.0911000,-2.6979000
20240105,392,C,77.3200,77.3200,77.3200,77.3200,0,0,1.1111000,0.9867000,0.0000000,1.1810000,-0.3833000,2.1233000
20240105,328,C,141.2500,141.2500,141.2500,141.2500,0,0,1.9677000,0.9941000,0.0000000,0.5745000,-0.3291000,1.7903000
20240105,456,C,13.3850,13.3850,13.3850,13.3850,0,0,0.2480000,0.9399000,0.0000000,4.1475000,-0.3189000,2.3546000
20240105,456,P,0.0350,0.0350,0.0350,0.0350,0,0,0.1748000,-0.0139000,0.0000000,1.2364000,-0.0527000,-0.0361000
20240105,520,P,50.9550,50.9550,50.9550,50.9550,0,0,0.6390000,-0.9840000,0.0000000,1.3898000,-0.1452000,-2.8227000
20240105,285,C,184.2250,184.2250,184.2250,184.2250,0,0,2.6152000,0.9961000,0.0000000,0.3982000,-0.3008000,1.5587000
20240105,349,C,120.2700,120.2700,120.2700,120.2700,0,0,1.6757000,0.9926000,0.0000000,0.7056000,-0.3450000,1.9020000
20240105,413,C,56.3300,56.3300,56.3300,56.3300,0,0,0.8281000,0.9823000,0.0000000,1.5144000,-0.3716000,2.2275000
20240105,477,C,0.1050,0.1050,0.1050,0.1050,0,0,0.1357000,0.0504000,0.0000000,3.6177000,-0.1256000,0.1298000
20240105,477,P,7.8550,7.8550,7.8550,7.8550,0,0,0.0957000,-0.9900000,0.0000000,0.9199000,0.0478000,-2.6010000
20240105,370,C,99.2900,99.2900,99.2900,99.2900,0,0,1.3941000,0.9905000,0.0000000,0.8849000,-0.3607000,2.0119000
20240105,434,C,35.3450,35.3450,35.3450,35.3450,0,0,0.5460000,0.9739000,0.0000000,2.1057000,-0.3482000,2.3214000
20240105,434,P,0.0150,0.0150,0.0150,0.0150,0,0,0.3750000,-0.0024000,0.0000000,0.2657000,-0.0246000,-0.0063000
20240105,498,P,28.9350,28.9350,28.9350,28.9350,0,0,0.3886000,-0.9800000,0.0000000,1.6853000,-0.0907000,-2.6910000
20240105,327,C,142.2500,142.2500,142.2500,142.2500,0,0,1.9824000,0.9942000,0.0000000,0.5699000,-0.3288000,1.7849000
20240105,391,C,78.3050,78.3050,78.3050,78.3050,0,0,1.1070000,0.9880000,0.0000000,1.0822000,-0.3548000,2.1212000
20240105,455,C,14.3750,14.3750,14.3750,14.3750,0,0,0.2607000,0.9444000,0.0000000,3.9025000,-0.3163000,2.3607000
20240105,455,P,0.0350,0.0350,0.0350,0.0350,0,0,0.1865000,-0.0131000,0.0000000,1.1796000,-0.0538000,-0.0342000
20240105,348,C,121.2700,121.2700,121.2700,121.2700,0,0,1.6921000,0.9926000,0.0000000,0.7049000,-0.3475000,1.8965000
20240105,412,C,57.3300,57.3300,57.3300,57.3300,0,0,0.8421000,0.9825000,0.0000000,1.4996000,-0.3736000,2.2225000
20240105,476,C,0.1650,0.1650,0.1650,0.1650,0,0,0.1357000,0.0760000,0.0000000,4.9819000,-0.1734000,0.1956000
20240105,476,P,6.9750,6.9750,6.9750,6.9750,0,0,0.1293000,-0.9335000,0.0000000,4.4909000,-0.0788000,-2.4500000
20240105,540,P,70.9500,70.9500,70.9500,70.9500,0,0,0.8398000,-0.9869000,0.0000000,1.1683000,-0.1652000,-2.9404000
20240105,305,C,164.2400,164.2400,164.2400,164.2400,0,0,2.3193000,0.9951000,0.0000000,0.4879000,-0.3261000,1.6662000
20240105,369,C,100.2900,100.2900,100.2900,100.2900,0,0,1.4078000,0.9906000,0.0000000,0.8764000,-0.3606000,2.0067000
20240105,433,C,36.3500,36.3500,36.3500,36.3500,0,0,0.5648000,0.9734000,0.0000000,2.1389000,-0.3625000,2.3145000
20240105,433,P,0.0150,0.0150,0.0150,0.0150,0,0,0.3828000,-0.0022000,0.0000000,0.2480000,-0.0234000,-0.0059000
20240105,497,P,27.9550,27.9550,27.9550,27.9550,0,0,0.3876000,-0.9766000,0.0000000,1.9205000,-0.1134000,-2.6769000
20240105,326,C,143.2500,143.2500,143.2500,143.2500,0,0,1.9970000,0.9943000,0.0000000,0.5653000,-0.3285000,1.7796000
20240105,390,C,79.3050,79.3050,79.3050,79.3050,0,0,1.1220000,0.9881000,0.0000000,1.0784000,-0.3576000,2.1158000
20240105,454,C,15.3750,15.3750,15.3750,15.3750,0,0,0.2753000,0.9470000,0.0000000,3.7553000,-0.3205000,2.3620000
20240105,454,P,0.0250,0.0250,0.0250,0.0250,0,0,0.1875000,-0.0089000,0.0000000,0.8427000,-0.0386000,-0.0232000
20240105,347,C,122.2700,122.2700,122.2700,122.2700,0,0,1.7058000,0.9927000,0.0000000,0.6977000,-0.3467000,1.8912000
20240105,411,C,58.3250,58.3250,58.3250,58.3250,0,0,0.8492000,0.9834000,0.0000000,1.4324000,-0.3620000,2.2194000
20240105,475,C,0.2550,0.2550,0.2550,0.2550,0,0,0.1354000,0.1102000,0.0000000,6.5549000,-0.2284000,0.2833000
20240105,475,P,5.9950,5.9950,5.9950,5.9950,0,0,0.1186000,-0.9193000,0.0000000,5.2072000,-0.0891000,-2.4079000
20240105,368,C,101.2950,101.2950,101.2950,101.2950,0,0,1.4242000,0.9906000,0.0000000,0.8768000,-0.3642000,2.0012000
20240105,432,C,37.3500,37.3500,37.3500,37.3500,0,0,0.5781000,0.9740000,0.0000000,2.0961000,-0.3633000,2.3107000
20240105,432,P,0.0150,0.0150,0.0150,0.0150,0,0,0.3984000,-0.0025000,0.0000000,0.2714000,-0.0267000,-0.0065000
20240105,496,P,26.9500,26.9500,26.9500,26.9500,0,0,0.3769000,-0.9758000,0.0000000,1.9765000,-0.1137000,-2.6694000
20240105,325,C,144.2500,144.2500,144.2500,144.2500,0,0,2.0146000,0.9942000,0.0000000,0.5656000,-0.3309000,1.7740000
20240105,389,C,80.3150,80.3150,80.3150,80.3150,0,0,1.1453000,0.9876000,0.0000000,1.1128000,-0.3735000,2.1091000
20240105,453,C,16.3700,16.3700,16.3700,16.3700,0,0,0.2900000,0.9494000,0.0000000,3.6242000,-0.3247000,2.3624000
20240105,453,P,0.0250,0.0250,0.0250,0.0250,0,0,0.1992000,-0.0087000,0.0000000,0.8215000,-0.0400000,-0.0225000
20240105,452.5,C,16.8700,16.8700,16.8700,16.8700,0,0,0.2973000,0.9504000,0.0000000,3.5639000,-0.3269000,2.3624000
20240105,452.5,P,0.0250,0.0250,0.0250,0.0250,0,0,0.2050000,-0.0085000,0.0000000,0.8117000,-0.0408000,-0.0222000
20240105,346,C,123.2700,123.2700,123.2700,123.2700,0,0,1.7222000,0.9927000,0.0000000,0.6969000,-0.3490000,1.8857000
20240105,410,C,59.3300,59.3300,59.3300,59.3300,0,0,0.8691000,0.9830000,0.0000000,1.4621000,-0.3753000,2.2128000
20240105,474,C,0.3950,0.3950,0.3950,0.3950,0,0,0.1367000,0.1570000,0.0000000,8.3671000,-0.2953000,0.4036000
20240105,474,P,5.0750,5.0750,5.0750,5.0750,0,0,0.1159000,-0.8826000,0.0000000,6.8537000,-0.1357000,-2.3081000
20240105,367,C,102.2900,102.2900,102.2900,102.2900,0,0,1.4378000,0.9907000,0.0000000,0.8682000,-0.3640000,1.9959000
20240105,431,C,38.3450,38.3450,38.3450,38.3450,0,0,0.5874000,0.9754000,0.0000000,2.0046000,-0.3548000,2.3087000
20240105,431,P,0.0150,0.0150,0.0150,0.0150,0,0,0.4062000,-0.0023000,0.0000000,0.2540000,-0.0255000,-0.0060000
20240105,495,P,25.9550,25.9550,25.9550,25.9550,0,0,0.3652000,-0.9752000,0.0000000,2.0166000,-0.1118000,-2.6623000
20240105,388,C,81.3100,81.3100,81.3100,81.3100,0,0,1.1589000,0.9878000,0.0000000,1.1018000,-0.3740000,2.1040000
20240105,452,C,17.3900,17.3900,17.3900,17.3900,0,0,0.3100000,0.9485000,0.0000000,3.6741000,-0.3464000,2.3545000
20240105,452,P,0.0250,0.0250,0.0250,0.0250,0,0,0.2109000,-0.0084000,0.0000000,0.8023000,-0.0415000,-0.0220000
20240105,345,C,124.2950,124.2950,124.2950,124.2950,0,0,1.7660000,0.9920000,0.0000000,0.7593000,-0.3838000,1.8782000
20240105,409,C,60.3200,60.3200,60.3200,60.3200,0,0,0.8761000,0.9839000,0.0000000,1.3979000,-0.3638000,2.2096000
20240105,473,C,0.5750,0.5750,0.5750,0.5750,0,0,0.1367000,0.2123000,0.0000000,10.0962000,-0.3579000,0.5453000
20240105,473,P,4.2350,4.2350,4.2350,4.2350,0,0,0.1179000,-0.8231000,0.0000000,9.0343000,-0.2073000,-2.1496000
20240105,366,C,103.2850,103.2850,103.2850,103.2850,0,0,1.4406000,0.9912000,0.0000000,0.8257000,-0.3492000,1.9918000
20240105,430,C,39.3500,39.3500,39.3500,39.3500,0,0,0.6062000,0.9749000,0.0000000,2.0358000,-0.3686000,2.3019000
20240105,430,P,0.0150,0.0150,0.0150,0.0150,0,0,0.4140000,-0.0021000,0.0000000,0.2381000,-0.0243000,-0.0056000
20240105,494,P,24.9550,24.9550,24.9550,24.9550,0,0,0.3535000,-0.9746000,0.0000000,2.0608000,-0.1100000,-2.6551000
20240105,387,C,82.3000,82.3000,82.3000,82.3000,0,0,1.1644000,0.9884000,0.0000000,1.0538000,-0.3615000,2.1001000
20240105,451,C,18.3850,18.3850,18.3850,18.3850,0,0,0.3222000,0.9517000,0.0000000,3.4871000,-0.3426000,2.3575000
20240105,451,P,0.0250,0.0250,0.0250,0.0250,0,0,0.2207000,-0.0077000,0.0000000,0.7461000,-0.0404000,-0.0202000
20240105,515,P,45.9550,45.9550,45.9550,45.9550,0,0,0.5859000,-0.9830000,0.0000000,1.4613000,-0.1380000,-2.7927000
20240105,280,C,189.2200,189.2200,189.2200,189.2200,0,0,2.7089000,0.9961000,0.0000000,0.3954000,-0.3074000,1.5312000
20240105,344,C,125.2700,125.2700,125.2700,125.2700,0,0,1.7523000,0.9928000,0.0000000,0.6888000,-0.3504000,1.8749000
20240105,408,C,61.3200,61.3200,61.3200,61.3200,0,0,0.8890000,0.9842000,0.0000000,1.3771000,-0.3636000,2.2048000
20240105,472,C,0.8250,0.8250,0.8250,0.8250,0,0,0.1374000,0.2787000,0.0000000,11.6912000,-0.4188000,0.7154000
20240105,472,P,3.4800,3.4800,3.4800,3.4800,0,0,0.1217000,-0.7465000,0.0000000,11.1406000,-0.2849000,-1.9478000
20240105,365,C,104.2800,104.2800,104.2800,104.2800,0,0,1.4542000,0.9913000,0.0000000,0.8178000,-0.3490000,1.9866000
20240105,429,C,40.3400,40.3400,40.3400,40.3400,0,0,0.6148000,0.9763000,0.0000000,1.9407000,-0.3584000,2.3001000
20240105,429,P,0.0150,0.0150,0.0150,0.0150,0,0,0.4296000,-0.0023000,0.0000000,0.2589000,-0.0275000,-0.0062000
20240105,493,P,23.9550,23.9550,23.9550,23.9550,0,0,0.3417000,-0.9738000,0.0000000,2.1097000,-0.1083000,-2.6478000
20240105,535,P,65.9500,65.9500,65.9500,65.9500,0,0,0.7906000,-0.9864000,0.0000000,1.2112000,-0.1601000,-2.9114000
20240105,386,C,83.3000,83.3000,83.3000,83.3000,0,0,1.1781000,0.9885000,0.0000000,1.0437000,-0.3619000,2.0949000
20240105,450,C,19.3650,19.3650,19.3650,19.3650,0,0,0.3305000,0.9565000,0.0000000,3.2085000,-0.3271000,2.3644000
20240105,450,P,0.0250,0.0250,0.0250,0.0250,0,0,0.2304000,-0.0072000,0.0000000,0.6969000,-0.0394000,-0.0187000
20240105,343,C,126.2700,126.2700,126.2700,126.2700,0,0,1.7687000,0.9928000,0.0000000,0.6877000,-0.3526000,1.8694000
20240105,407,C,62.3200,62.3200,62.3200,62.3200,0,0,0.9031000,0.9843000,0.0000000,1.3648000,-0.3655000,2.1997000
20240105,471,C,1.1450,1.1450,1.1450,1.1450,0,0,0.1380000,0.3530000,0.0000000,12.9338000,-0.4683000,0.9058000
20240105,471,P,2.8000,2.8000,2.8000,2.8000,0,0,0.1240000,-0.6630000,0.0000000,12.7099000,-0.3457000,-1.7283000
20240105,300,C,169.2300,169.2300,169.2300,169.2300,0,0,2.3808000,0.9955000,0.0000000,0.4499000,-0.3103000,1.6398000
20240105,364,C,105.2800,105.2800,105.2800,105.2800,0,0,1.4693000,0.9913000,0.0000000,0.8141000,-0.3506000,1.9812000
20240105,428,C,41.3500,41.3500,41.3500,41.3500,0,0,0.6335000,0.9759000,0.0000000,1.9705000,-0.3720000,2.2934000
20240105,428,P,0.0150,0.0150,0.0150,0.0150,0,0,0.4375000,-0.0022000,0.0000000,0.2432000,-0.0263000,-0.0058000
20240105,492,P,22.9550,22.9550,22.9550,22.9550,0,0,0.3300000,-0.9730000,0.0000000,2.1637000,-0.1068000,-2.6402000
20240105,385,C,84.3000,84.3000,84.3000,84.3000,0,0,1.1917000,0.9886000,0.0000000,1.0337000,-0.3624000,2.0897000
20240105,449,C,20.3650,20.3650,20.3650,20.3650,0,0,0.3447000,0.9581000,0.0000000,3.1124000,-0.3302000,2.3630000
20240105,449,P,0.0250,0.0250,0.0250,0.0250,0,0,0.2421000,-0.0070000,0.0000000,0.6863000,-0.0408000,-0.0184000
20240105,342,C,127.2650,127.2650,127.2650,127.2650,0,0,1.7687000,0.9933000,0.0000000,0.6510000,-0.3364000,1.8651000
20240105,406,C,63.3200,63.3200,63.3200,63.3200,0,0,0.9171000,0.9845000,0.0000000,1.3526000,-0.3673000,2.1946000
20240105,470,C,1.5550,1.5550,1.5550,1.5550,0,0,0.1396000,0.4334000,0.0000000,13.6930000,-0.5053000,1.1112000
20240105,470,P,2.2050,2.2050,2.2050,2.2050,0,0,0.1257000,-0.5742000,0.0000000,13.6454000,-0.3865000,-1.4956000
20240105,363,C,106.2800,106.2800,106.2800,106.2800,0,0,1.4843000,0.9914000,0.0000000,0.8103000,-0.3521000,1.9758000
20240105,427,C,42.3400,42.3400,42.3400,42.3400,0,0,0.6421000,0.9772000,0.0000000,1.8814000,-0.3619000,2.2912000
20240105,427,P,0.0150,0.0150,0.0150,0.0150,0,0,0.4453000,-0.0020000,0.0000000,0.2288000,-0.0251000,-0.0054000
20240105,491,P,21.9650,21.9650,21.9650,21.9650,0,0,0.3222000,-0.9706000,0.0000000,2.3254000,-0.1159000,-2.6285000
20240108,416,C,53.4000,53.4000,53.4000,53.4000,0,0,0.4394000,0.9911000,0.0000000,1.3219000,-0.1187000,5.6480000
20240108,416,P,0.0150,0.0150,0.0150,0.0150,0,0,0.3554000,-0.0017000,0.0000000,0.3095000,-0.0108000,-0.0114000
20240108,448,C,21.4450,21.4450,21.4450,21.4450,0,0,0.1982000,0.9781000,0.0000000,2.8639000,-0.1212000,6.0035000
20240108,448,P,0.0250,0.0250,0.0250,0.0250,0,0,0.1621000,-0.0068000,0.0000000,1.0569000,-0.0166000,-0.0446000
20240108,480,C,0.0650,0.0650,0.0650,0.0650,0,0,0.1000000,0.0284000,0.0000000,3.5769000,-0.0376000,0.1822000
20240108,480,P,10.8500,10.8500,10.8500,10.8500,0,0,0.1298000,-0.9284000,0.0000000,7.5024000,-0.0313000,-6.1266000
20240108,437,C,32.4200,32.4200,32.4200,32.4200,0,0,0.2792000,0.9860000,0.0000000,1.9498000,-0.1178000,5.9037000
20240108,437,P,0.0250,0.0250,0.0250,0.0250,0,0,0.2363000,-0.0047000,0.0000000,0.7573000,-0.0175000,-0.0307000
20240108,469,C,2.4650,2.4650,2.4650,2.4650,0,0,0.1036000,0.5281000,0.0000000,21.8681000,-0.2623000,3.3663000
20240108,469,P,2.0450,2.0450,2.0450,2.0450,0,0,0.1012000,-0.4713000,0.0000000,21.8660000,-0.1880000,-3.0626000
20240108,426,C,43.4100,43.4100,43.4100,43.4100,0,0,0.3632000,0.9892000,0.0000000,1.5602000,-0.1186000,5.7731000
20240108,426,P,0.0150,0.0150,0.0150,0.0150,0,0,0.2890000,-0.0019000,0.0000000,0.3471000,-0.0098000,-0.0129000
20240108,458,C,11.5400,11.5400,11.5400,11.5400,0,0,0.1333000,0.9426000,0.0000000,6.3166000,-0.1476000,5.9107000
20240108,458,P,0.1050,0.1050,0.1050,0.1050,0,0,0.1186000,-0.0383000,0.0000000,4.5731000,-0.0514000,-0.2481000
20240108,490,P,20.9350,20.9350,20.9350,20.9350,0,0,0.2314000,-0.9421000,0.0000000,6.3629000,-0.0786000,-6.3530000
20240108,415,C,54.4000,54.4000,54.4000,54.4000,0,0,0.4472000,0.9912000,0.0000000,1.3049000,-0.1188000,5.6351000
20240108,415,P,0.0150,0.0150,0.0150,0.0150,0,0,0.3593000,-0.0016000,0.0000000,0.2869000,-0.0101000,-0.0105000
20240108,447,C,22.4400,22.4400,22.4400,22.4400,0,0,0.2065000,0.9788000,0.0000000,2.7940000,-0.1220000,5.9938000
20240108,447,P,0.0250,0.0250,0.0250,0.0250,0,0,0.1679000,-0.0063000,0.0000000,0.9853000,-0.0160000,-0.0412000
20240108,479,C,0.0950,0.0950,0.0950,0.0950,0,0,0.0991000,0.0406000,0.0000000,4.7952000,-0.0502000,0.2603000
20240108,479,P,9.9350,9.9350,9.9350,9.9350,0,0,0.1298000,-0.9078000,0.0000000,9.0841000,-0.0534000,-5.9810000
20240108,436,C,33.4250,33.4250,33.4250,33.4250,0,0,0.2880000,0.9861000,0.0000000,1.9422000,-0.1192000,5.8904000
20240108,436,P,0.0250,0.0250,0.0250,0.0250,0,0,0.2441000,-0.0047000,0.0000000,0.7613000,-0.0182000,-0.0309000
20240108,500,P,30.9550,30.9550,30.9550,30.9550,0,0,0.3193000,-0.9526000,0.0000000,5.4262000,-0.1023000,-6.5583000
20240108,468,C,3.0450,3.0450,3.0450,3.0450,0,0,0.1047000,0.5963000,0.0000000,21.2804000,-0.2632000,3.7975000
20240108,468,P,1.6200,1.6200,1.6200,1.6200,0,0,0.1021000,-0.4014000,0.0000000,21.2499000,-0.1886000,-2.6067000
20240108,425,C,44.4100,44.4100,44.4100,44.4100,0,0,0.3720000,0.9892000,0.0000000,1.5580000,-0.1198000,5.7595000
20240108,425,P,0.0150,0.0150,0.0150,0.0150,0,0,0.2968000,-0.0020000,0.0000000,0.3544000,-0.0103000,-0.0132000
20240108,457,C,12.5250,12.5250,12.5250,12.5250,0,0,0.1394000,0.9498000,0.0000000,5.6847000,-0.1430000,5.9433000
20240108,457,P,0.0850,0.0850,0.0850,0.0850,0,0,0.1220000,-0.0304000,0.0000000,3.7860000,-0.0439000,-0.1971000
20240108,489,P,19.9550,19.9550,19.9550,19.9550,0,0,0.2258000,-0.9376000,0.0000000,6.7441000,-0.0840000,-6.3108000
20240108,414,C,55.4000,55.4000,55.4000,55.4000,0,0,0.4550000,0.9913000,0.0000000,1.2883000,-0.1189000,5.6222000
20240108,414,P,0.0150,0.0150,0.0150,0.0150,0,0,0.3671000,-0.0016000,0.0000000,0.2917000,-0.0105000,-0.0107000
20240108,446,C,23.4400,23.4400,23.4400,23.4400,0,0,0.2148000,0.9793000,0.0000000,2.7293000,-0.1228000,5.9838000
20240108,446,P,0.0250,0.0250,0.0250,0.0250,0,0,0.1757000,-0.0063000,0.0000000,0.9879000,-0.0168000,-0.0414000
20240108,478,C,0.1350,0.1350,0.1350,0.1350,0,0,0.0979000,0.0566000,0.0000000,6.2606000,-0.0650000,0.3632000
20240108,478,P,8.9400,8.9400,8.9400,8.9400,0,0,0.1208000,-0.8997000,0.0000000,9.6617000,-0.0528000,-5.9155000
20240108,510,P,40.9550,40.9550,40.9550,40.9550,0,0,0.3991000,-0.9601000,0.0000000,4.7255000,-0.1156000,-6.7435000
20240108,435,C,34.4200,34.4200,34.4200,34.4200,0,0,0.2958000,0.9864000,0.0000000,1.9040000,-0.1194000,5.8787000
20240108,435,P,0.0250,0.0250,0.0250,0.0250,0,0,0.2500000,-0.0045000,0.0000000,0.7259000,-0.0177000,-0.0293000
20240108,467,C,3.6900,3.6900,3.6900,3.6900,0,0,0.1059000,0.6603000,0.0000000,20.1264000,-0.2580000,4.2010000
20240108,467,P,1.2650,1.2650,1.2650,1.2650,0,0,0.1027000,-0.3350000,0.0000000,20.0220000,-0.1819000,-2.1747000
20240108,499,P,29.9550,29.9550,29.9550,29.9550,0,0,0.3110000,-0.9517000,0.0000000,5.5114000,-0.1007000,-6.5385000
20240108,424,C,45.4100,45.4100,45.4100,45.4100,0,0,0.3798000,0.9894000,0.0000000,1.5347000,-0.1200000,5.7470000
20240108,424,P,0.0150,0.0150,0.0150,0.0150,0,0,0.3046000,-0.0020000,0.0000000,0.3614000,-0.0108000,-0.0135000
20240108,456,C,13.5200,13.5200,13.5200,13.5200,0,0,0.1486000,0.9522000,0.0000000,5.4607000,-0.1449000,5.9454000
20240108,456,P,0.0650,0.0650,0.0650,0.0650,0,0,0.1245000,-0.0234000,0.0000000,3.0397000,-0.0361000,-0.1515000
20240108,520,P,50.9500,50.9500,50.9500,50.9500,0,0,0.4750000,-0.9650000,0.0000000,4.2411000,-0.1267000,-6.9126000
20240108,488,P,18.9600,18.9600,18.9600,18.9600,0,0,0.2182000,-0.9344000,0.0000000,7.0154000,-0.0852000,-6.2763000
20240108,413,C,56.4000,56.4000,56.4000,56.4000,0,0,0.4638000,0.9913000,0.0000000,1.2871000,-0.1199000,5.6085000
20240108,413,P,0.0150,0.0150,0.0150,0.0150,0,0,0.3750000,-0.0016000,0.0000000,0.2963000,-0.0109000,-0.0109000
20240108,445,C,24.4400,24.4400,24.4400,24.4400,0,0,0.2226000,0.9801000,0.0000000,2.6449000,-0.1230000,5.9749000
20240108,445,P,0.0250,0.0250,0.0250,0.0250,0,0,0.1816000,-0.0059000,0.0000000,0.9260000,-0.0163000,-0.0385000
20240108,477,C,0.2050,0.2050,0.2050,0.2050,0,0,0.0983000,0.0817000,0.0000000,8.3016000,-0.0871000,0.5233000
20240108,477,P,7.9750,7.9750,7.9750,7.9750,0,0,0.1135000,-0.8861000,0.0000000,10.5924000,-0.0574000,-5.8145000
20240108,434,C,35.4250,35.4250,35.4250,35.4250,0,0,0.3046000,0.9865000,0.0000000,1.8968000,-0.1207000,5.8653000
20240108,434,P,0.0250,0.0250,0.0250,0.0250,0,0,0.2578000,-0.0045000,0.0000000,0.7297000,-0.0184000,-0.0295000
20240108,466,C,4.3950,4.3950,4.3950,4.3950,0,0,0.1066000,0.7197000,0.0000000,18.5047000,-0.2462000,4.5739000
20240108,466,P,0.9750,0.9750,0.9750,0.9750,0,0,0.1037000,-0.2748000,0.0000000,18.3298000,-0.1706000,-1.7826000
20240108,498,P,28.9550,28.9550,28.9550,28.9550,0,0,0.3027000,-0.9507000,0.0000000,5.6035000,-0.0991000,-6.5183000
20240108,530,P,60.9500,60.9500,60.9500,60.9500,0,0,0.5484000,-0.9684000,0.0000000,3.8974000,-0.1372000,-7.0719000
20240108,423,C,46.4100,46.4100,46.4100,46.4100,0,0,0.3886000,0.9894000,0.0000000,1.5321000,-0.1211000,5.7334000
20240108,423,P,0.0150,0.0150,0.0150,0.0150,0,0,0.3125000,-0.0021000,0.0000000,0.3679000,-0.0113000,-0.0138000
20240108,455,C,14.4950,14.4950,14.4950,14.4950,0,0,0.1518000,0.9604000,0.0000000,4.6897000,-0.1354000,5.9849000
20240108,455,P,0.0550,0.0550,0.0550,0.0550,0,0,0.1289000,-0.0194000,0.0000000,2.5946000,-0.0320000,-0.1257000
20240108,487,P,17.9350,17.9350,17.9350,17.9350,0,0,0.2050000,-0.9361000,0.0000000,6.8757000,-0.0732000,-6.2730000
20240108,412,C,57.4000,57.4000,57.4000,57.4000,0,0,0.4726000,0.9913000,0.0000000,1.2855000,-0.1208000,5.5948000
20240108,412,P,0.0150,0.0150,0.0150,0.0150,0,0,0.3828000,-0.0017000,0.0000000,0.3006000,-0.0113000,-0.0110000
20240108,444,C,25.4350,25.4350,25.4350,25.4350,0,0,0.2275000,0.9820000,0.0000000,2.4299000,-0.1194000,5.9734000
20240108,444,P,0.0250,0.0250,0.0250,0.0250,0,0,0.1894000,-0.0059000,0.0000000,0.9295000,-0.0171000,-0.0386000
20240108,476,C,0.3050,0.3050,0.3050,0.3050,0,0,0.0988000,0.1140000,0.0000000,10.6004000,-0.1124000,0.7298000
20240108,476,P,7.0000,7.0000,7.0000,7.0000,0,0,0.1053000,-0.8709000,0.0000000,11.5679000,-0.0602000,-5.7033000
20240108,540,P,70.9500,70.9500,70.9500,70.9500,0,0,0.6187000,-0.9711000,0.0000000,3.6230000,-0.1459000,-7.2262000
20240108,433,C,36.4200,36.4200,36.4200,36.4200,0,0,0.3125000,0.9868000,0.0000000,1.8610000,-0.1210000,5.8535000
20240108,433,P,0.0250,0.0250,0.0250,0.0250,0,0,0.2636000,-0.0043000,0.0000000,0.6973000,-0.0180000,-0.0280000
20240108,465,C,5.1550,5.1550,5.1550,5.1550,0,0,0.1077000,0.7723000,0.0000000,16.5911000,-0.2311000,4.9017000
20240108,465,P,0.7350,0.7350,0.7350,0.7350,0,0,0.1043000,-0.2204000,0.0000000,16.2913000,-0.1543000,-1.4295000
20240108,497,P,27.9550,27.9550,27.9550,27.9550,0,0,0.2944000,-0.9496000,0.0000000,5.7033000,-0.0976000,-6.4975000
20240108,422,C,47.4150,47.4150,47.4150,47.4150,0,0,0.3964000,0.9896000,0.0000000,1.5097000,-0.1212000,5.7208000
20240108,422,P,0.0150,0.0150,0.0150,0.0150,0,0,0.3164000,-0.0019000,0.0000000,0.3385000,-0.0105000,-0.0126000
20240108,454,C,15.4750,15.4750,15.4750,15.4750,0,0,0.1562000,0.9661000,0.0000000,4.1273000,-0.1289000,6.0082000
20240108,454,P,0.0550,0.0550,0.0550,0.0550,0,0,0.1367000,-0.0184000,0.0000000,2.4881000,-0.0326000,-0.1196000
20240108,486,C,0.0150,0.0150,0.0150,0.0150,0,0,0.1152000,0.0050000,0.0000000,0.8013000,-0.0095000,0.0323000
20240108,486,P,16.9550,16.9550,16.9550,16.9550,0,0,0.1987000,-0.9310000,0.0000000,7.2896000,-0.0775000,-6.2273000
20240108,411,C,58.3850,58.3850,58.3850,58.3850,0,0,0.4628000,0.9933000,0.0000000,1.0234000,-0.1074000,5.5941000
20240108,411,P,0.0150,0.0150,0.0150,0.0150,0,0,0.3906000,-0.0017000,0.0000000,0.3046000,-0.0117000,-0.0112000
20240108,443,C,26.4350,26.4350,26.4350,26.4350,0,0,0.2353000,0.9825000,0.0000000,2.3641000,-0.1196000,5.9634000
20240108,443,P,0.0250,0.0250,0.0250,0.0250,0,0,0.1953000,-0.0055000,0.0000000,0.8753000,-0.0166000,-0.0361000
20240108,475,C,0.4450,0.4450,0.4450,0.4450,0,0,0.0996000,0.1547000,0.0000000,13.0792000,-0.1406000,0.9901000
20240108,475,P,6.0800,6.0800,6.0800,6.0800,0,0,0.1004000,-0.8431000,0.0000000,13.1955000,-0.0729000,-5.5121000
20240108,432,C,37.4250,37.4250,37.4250,37.4250,0,0,0.3203000,0.9871000,0.0000000,1.8268000,-0.1212000,5.8416000
20240108,432,P,0.0250,0.0250,0.0250,0.0250,0,0,0.2695000,-0.0041000,0.0000000,0.6671000,-0.0176000,-0.0267000
20240108,464,C,5.9650,5.9650,5.9650,5.9650,0,0,0.1088000,0.8180000,0.0000000,14.5182000,-0.2135000,5.1849000
20240108,464,P,0.5550,0.5550,0.5550,0.5550,0,0,0.1057000,-0.1749000,0.0000000,14.1631000,-0.1372000,-1.1339000
20240108,496,P,26.9550,26.9550,26.9550,26.9550,0,0,0.2861000,-0.9483000,0.0000000,5.8114000,-0.0962000,-6.4760000
20240108,421,C,48.4100,48.4100,48.4100,48.4100,0,0,0.4042000,0.9898000,0.0000000,1.4878000,-0.1214000,5.7082000
20240108,421,P,0.0150,0.0150,0.0150,0.0150,0,0,0.3203000,-0.0017000,0.0000000,0.3116000,-0.0098000,-0.0115000
20240108,453,C,16.4700,16.4700,16.4700,16.4700,0,0,0.1645000,0.9678000,0.0000000,3.9553000,-0.1295000,6.0055000
20240108,453,P,0.0450,0.0450,0.0450,0.0450,0,0,0.1396000,-0.0147000,0.0000000,2.0479000,-0.0275000,-0.0953000
20240108,485,C,0.0150,0.0150,0.0150,0.0150,0,0,0.1093000,0.0053000,0.0000000,0.8482000,-0.0096000,0.0345000
20240108,485,P,15.9350,15.9350,15.9350,15.9350,0,0,0.1870000,-0.9311000,0.0000000,7.2853000,-0.0691000,-6.2136000
20240108,410,C,59.3900,59.3900,59.3900,59.3900,0,0,0.4804000,0.9924000,0.0000000,1.1436000,-0.1148000,5.5745000
20240108,410,P,0.0150,0.0150,0.0150,0.0150,0,0,0.3945000,-0.0015000,0.0000000,0.2837000,-0.0110000,-0.0104000
20240108,442,C,27.4300,27.4300,27.4300,27.4300,0,0,0.2436000,0.9829000,0.0000000,2.3234000,-0.1205000,5.9519000
20240108,442,P,0.0250,0.0250,0.0250,0.0250,0,0,0.2031000,-0.0056000,0.0000000,0.8792000,-0.0174000,-0.0363000
20240108,474,C,0.6250,0.6250,0.6250,0.6250,0,0,0.0999000,0.2025000,0.0000000,15.5001000,-0.1685000,1.2953000
20240108,474,P,5.2350,5.2350,5.2350,5.2350,0,0,0.0987000,-0.8004000,0.0000000,15.3651000,-0.0952000,-5.2251000
20240108,431,C,38.4200,38.4200,38.4200,38.4200,0,0,0.3291000,0.9871000,0.0000000,1.8203000,-0.1224000,5.8282000
20240108,431,P,0.0250,0.0250,0.0250,0.0250,0,0,0.2773000,-0.0041000,0.0000000,0.6710000,-0.0182000,-0.0269000
20240108,495,P,25.9550,25.9550,25.9550,25.9550,0,0,0.2778000,-0.9470000,0.0000000,5.9289000,-0.0949000,-6.4538000
20240108,463,C,6.8250,6.8250,6.8250,6.8250,0,0,0.1109000,0.8547000,0.0000000,12.5385000,-0.1970000,5.4096000
20240108,463,P,0.4050,0.4050,0.4050,0.4050,0,0,0.1062000,-0.1348000,0.0000000,11.9200000,-0.1169000,-0.8734000
20240108,420,C,49.4100,49.4100,49.4100,49.4100,0,0,0.4130000,0.9898000,0.0000000,1.4850000,-0.1224000,5.6946000
20240108,420,P,0.0150,0.0150,0.0150,0.0150,0,0,0.3281000,-0.0018000,0.0000000,0.3178000,-0.0102000,-0.0117000
20240108,452,C,17.4550,17.4550,17.4550,17.4550,0,0,0.1679000,0.9729000,0.0000000,3.4328000,-0.1223000,6.0244000
20240108,452,P,0.0450,0.0450,0.0450,0.0450,0,0,0.1474000,-0.0142000,0.0000000,1.9886000,-0.0282000,-0.0921000
20240108,484,C,0.0150,0.0150,0.0150,0.0150,0,0,0.1035000,0.0057000,0.0000000,0.9041000,-0.0097000,0.0370000
20240108,484,P,14.9400,14.9400,14.9400,14.9400,0,0,0.1789000,-0.9269000,0.0000000,7.6208000,-0.0696000,-6.1733000
20240108,409,C,60.3800,60.3800,60.3800,60.3800,0,0,0.4804000,0.9933000,0.0000000,1.0282000,-0.1091000,5.5664000
20240108,409,P,0.0150,0.0150,0.0150,0.0150,0,0,0.3984000,-0.0014000,0.0000000,0.2644000,-0.0104000,-0.0096000
20240108,441,C,28.4300,28.4300,28.4300,28.4300,0,0,0.2519000,0.9832000,0.0000000,2.2848000,-0.1213000,5.9403000
20240108,441,P,0.0250,0.0250,0.0250,0.0250,0,0,0.2109000,-0.0056000,0.0000000,0.8823000,-0.0181000,-0.0365000
20240108,473,C,0.8550,0.8550,0.8550,0.8550,0,0,0.1002000,0.2576000,0.0000000,17.7392000,-0.1951000,1.6468000
20240108,473,P,4.4600,4.4600,4.4600,4.4600,0,0,0.0991000,-0.7447000,0.0000000,17.6542000,-0.1223000,-4.8562000
20240108,505,P,35.9550,35.9550,35.9550,35.9550,0,0,0.3598000,-0.9567000,0.0000000,5.0425000,-0.1095000,-6.6535000
20240108,430,C,39.4200,39.4200,39.4200,39.4200,0,0,0.3369000,0.9874000,0.0000000,1.7880000,-0.1226000,5.8161000
20240108,430,P,0.0250,0.0250,0.0250,0.0250,0,0,0.2851000,-0.0041000,0.0000000,0.6744000,-0.0189000,-0.0270000
20240108,494,P,24.9550,24.9550,24.9550,24.9550,0,0,0.2692000,-0.9458000,0.0000000,6.0423000,-0.0931000,-6.4318000
20240108,462,C,7.7200,7.7200,7.7200,7.7200,0,0,0.1137000,0.8836000,0.0000000,10.7538000,-0.1821000,5.5833000
20240108,462,P,0.3050,0.3050,0.3050,0.3050,0,0,0.1081000,-0.1047000,0.0000000,9.9764000,-0.1003000,-0.6786000
20240108,419,C,50.4050,50.4050,50.4050,50.4050,0,0,0.4140000,0.9909000,0.0000000,1.3403000,-0.1165000,5.6882000
20240108,419,P,0.0150,0.0150,0.0150,0.0150,0,0,0.3359000,-0.0018000,0.0000000,0.3235000,-0.0107000,-0.0120000
20240108,451,C,18.4600,18.4600,18.4600,18.4600,0,0,0.1791000,0.9720000,0.0000000,3.5257000,-0.1276000,6.0049000
20240108,451,P,0.0450,0.0450,0.0450,0.0450,0,0,0.1542000,-0.0133000,0.0000000,1.8769000,-0.0279000,-0.0862000
20240108,483,C,0.0250,0.0250,0.0250,0.0250,0,0,0.1054000,0.0104000,0.0000000,1.5182000,-0.0166000,0.0668000
20240108,483,P,13.9350,13.9350,13.9350,13.9350,0,0,0.1684000,-0.9251000,0.0000000,7.7647000,-0.0643000,-6.1478000
20240108,515,P,45.9550,45.9550,45.9550,45.9550,0,0,0.4375000,-0.9628000,0.0000000,4.4612000,-0.1213000,-6.8297000
20240108,525,P,55.9550,55.9550,55.9550,55.9550,0,0,0.5121000,-0.9668000,0.0000000,4.0570000,-0.1321000,-6.9931000
20240108,440,C,29.4300,29.4300,29.4300,29.4300,0,0,0.2597000,0.9837000,0.0000000,2.2293000,-0.1215000,5.9296000
20240108,440,P,0.0250,0.0250,0.0250,0.0250,0,0,0.2167000,-0.0052000,0.0000000,0.8352000,-0.0177000,-0.0343000
20240108,408,C,61.3900,61.3900,61.3900,61.3900,0,0,0.4980000,0.9924000,0.0000000,1.1434000,-0.1165000,5.5470000
20240108,408,P,0.0150,0.0150,0.0150,0.0150,0,0,0.4062000,-0.0015000,0.0000000,0.2682000,-0.0107000,-0.0097000
20240108,472,C,1.1550,1.1550,1.1550,1.1550,0,0,0.1010000,0.3204000,0.0000000,19.6629000,-0.2203000,2.0473000
20240108,472,P,3.7450,3.7450,3.7450,3.7450,0,0,0.0989000,-0.6831000,0.0000000,19.5703000,-0.1454000,-4.4495000
20240108,429,C,40.4200,40.4200,40.4200,40.4200,0,0,0.3447000,0.9876000,0.0000000,1.7569000,-0.1228000,5.8041000
20240108,429,P,0.0150,0.0150,0.0150,0.0150,0,0,0.2734000,-0.0023000,0.0000000,0.4076000,-0.0109000,-0.0154000
20240108,493,P,23.9550,23.9550,23.9550,23.9550,0,0,0.2607000,-0.9443000,0.0000000,6.1663000,-0.0915000,-6.4090000
20240108,461,C,8.6400,8.6400,8.6400,8.6400,0,0,0.1166000,0.9069000,0.0000000,9.1446000,-0.1680000,5.7208000
20240108,461,P,0.2250,0.2250,0.2250,0.2250,0,0,0.1098000,-0.0801000,0.0000000,8.1836000,-0.0841000,-0.5192000
20240108,535,P,65.9500,65.9500,65.9500,65.9500,0,0,0.5839000,-0.9698000,0.0000000,3.7540000,-0.1418000,-7.1495000
20240108,450,C,19.4500,19.4500,19.4500,19.4500,0,0,0.1845000,0.9749000,0.0000000,3.2152000,-0.1238000,6.0101000
20240108,450,P,0.0350,0.0350,0.0350,0.0350,0,0,0.1562000,-0.0104000,0.0000000,1.5179000,-0.0229000,-0.0674000
20240108,418,C,51.4000,51.4000,51.4000,51.4000,0,0,0.4218000,0.9910000,0.0000000,1.3231000,-0.1167000,5.6754000
20240108,418,P,0.0150,0.0150,0.0150,0.0150,0,0,0.3437000,-0.0018000,0.0000000,0.3290000,-0.0111000,-0.0122000
20240108,482,C,0.0250,0.0250,0.0250,0.0250,0,0,0.0986000,0.0109000,0.0000000,1.5837000,-0.0163000,0.0701000
20240108,482,P,12.9550,12.9550,12.9550,12.9550,0,0,0.1613000,-0.9185000,0.0000000,8.2829000,-0.0678000,-6.0915000
20240108,439,C,30.4300,30.4300,30.4300,30.4300,0,0,0.2685000,0.9838000,0.0000000,2.2134000,-0.1229000,5.9168000
20240108,439,P,0.0250,0.0250,0.0250,0.0250,0,0,0.2226000,-0.0049000,0.0000000,0.7922000,-0.0172000,-0.0323000
20240108,407,C,62.3900,62.3900,62.3900,62.3900,0,0,0.5062000,0.9925000,0.0000000,1.1353000,-0.1168000,5.5337000
20240108,407,P,0.0150,0.0150,0.0150,0.0150,0,0,0.4140000,-0.0015000,0.0000000,0.2718000,-0.0111000,-0.0099000
20240108,471,C,1.5150,1.5150,1.5150,1.5150,0,0,0.1016000,0.3875000,0.0000000,21.0457000,-0.2400000,2.4744000
20240108,471,P,3.1050,3.1050,3.1050,3.1050,0,0,0.0996000,-0.6147000,0.0000000,21.0092000,-0.1658000,-4.0005000
20240108,545,P,75.9500,75.9500,75.9500,75.9500,0,0,0.6531000,-0.9721000,0.0000000,3.5098000,-0.1502000,-7.3018000
20240108,428,C,41.4150,41.4150,41.4150,41.4150,0,0,0.3476000,0.9888000,0.0000000,1.6094000,-0.1182000,5.7981000
20240108,428,P,0.0150,0.0150,0.0150,0.0150,0,0,0.2773000,-0.0021000,0.0000000,0.3717000,-0.0101000,-0.0139000
20240108,460,C,9.7000,9.7000,9.7000,9.7000,0,0,0.1335000,0.9025000,0.0000000,9.4634000,-0.1871000,5.6777000
20240108,460,P,0.1650,0.1650,0.1650,0.1650,0,0,0.1113000,-0.0603000,0.0000000,6.5740000,-0.0688000,-0.3906000
20240108,492,P,22.9550,22.9550,22.9550,22.9550,0,0,0.2519000,-0.9430000,0.0000000,6.2865000,-0.0893000,-6.3864000
20240108,417,C,52.4000,52.4000,52.4000,52.4000,0,0,0.4306000,0.9910000,0.0000000,1.3227000,-0.1177000,5.6617000
20240108,417,P,0.0150,0.0150,0.0150,0.0150,0,0,0.3515000,-0.0019000,0.0000000,0.3341000,-0.0115000,-0.0124000
20240108,449,C,20.4650,20.4650,20.4650,20.4650,0,0,0.1962000,0.9738000,0.0000000,3.3360000,-0.1297000,5.9890000
20240108,449,P,0.0350,0.0350,0.0350,0.0350,0,0,0.1630000,-0.0098000,0.0000000,1.4479000,-0.0228000,-0.0639000
20240108,481,C,0.0450,0.0450,0.0450,0.0450,0,0,0.1010000,0.0196000,0.0000000,2.6189000,-0.0277000,0.1258000
20240108,481,P,11.9350,11.9350,11.9350,11.9350,0,0,0.1494000,-0.9176000,0.0000000,8.3462000,-0.0591000,-6.0721000
20240108,438,C,31.4300,31.4300,31.4300,31.4300,0,0,0.2763000,0.9843000,0.0000000,2.1627000,-0.1231000,5.9058000
20240108,438,P,0.0250,0.0250,0.0250,0.0250,0,0,0.2304000,-0.0050000,0.0000000,0.7963000,-0.0179000,-0.0325000
20240108,406,C,63.3900,63.3900,63.3900,63.3900,0,0,0.5140000,0.9926000,0.0000000,1.1222000,-0.1169000,5.5206000
20240108,406,P,0.0150,0.0150,0.0150,0.0150,0,0,0.4218000,-0.0015000,0.0000000,0.2752000,-0.0114000,-0.0100000
20240108,470,C,1.9550,1.9550,1.9550,1.9550,0,0,0.1026000,0.4577000,0.0000000,21.7997000,-0.2547000,2.9206000
20240108,470,P,2.5350,2.5350,2.5350,2.5350,0,0,0.1002000,-0.5433000,0.0000000,21.7930000,-0.1799000,-3.5329000
20240108,427,C,42.4100,42.4100,42.4100,42.4100,0,0,0.3554000,0.9890000,0.0000000,1.5844000,-0.1184000,5.7856000
20240108,427,P,0.0150,0.0150,0.0150,0.0150,0,0,0.2851000,-0.0021000,0.0000000,0.3795000,-0.0106000,-0.0142000
20240108,491,P,21.9550,21.9550,21.9550,21.9550,0,0,0.2434000,-0.9412000,0.0000000,6.4350000,-0.0878000,-6.3616000
20240108,459,C,10.5700,10.5700,10.5700,10.5700,0,0,0.1281000,0.9325000,0.0000000,7.1727000,-0.1547000,5.8587000
20240108,459,P,0.1350,0.1350,0.1350,0.1350,0,0,0.1157000,-0.0490000,0.0000000,5.5816000,-0.0610000,-0.3176000
20240109,416,C,53.4750,53.4750,53.4750,53.4750,0,0,0.4072000,0.9903000,0.0000000,1.5585000,-0.1134000,6.7680000
20240109,416,P,0.0250,0.0250,0.0250,0.0250,0,0,0.3476000,-0.0031000,0.0000000,0.5763000,-0.0164000,-0.0247000
20240109,448,C,21.5350,21.5350,21.5350,21.5350,0,0,0.1884000,0.9740000,0.0000000,3.6246000,-0.1211000,7.1686000
20240109,448,P,0.0550,0.0550,0.0550,0.0550,0,0,0.1669000,-0.0141000,0.0000000,2.1735000,-0.0292000,-0.1104000
20240109,480,C,0.1150,0.1150,0.1150,0.1150,0,0,0.1015000,0.0444000,0.0000000,5.6513000,-0.0508000,0.3416000
20240109,480,P,10.9600,10.9600,10.9600,10.9600,0,0,0.1367000,-0.8960000,0.0000000,10.8609000,-0.0598000,-7.1013000
20240109,437,C,32.5100,32.5100,32.5100,32.5100,0,0,0.2666000,0.9825000,0.0000000,2.5921000,-0.1207000,7.0533000
20240109,437,P,0.0350,0.0350,0.0350,0.0350,0,0,0.2265000,-0.0066000,0.0000000,1.1163000,-0.0205000,-0.0516000
20240109,469,C,2.7800,2.7800,2.7800,2.7800,0,0,0.1065000,0.5298000,0.0000000,23.9435000,-0.2484000,4.0464000
20240109,469,P,2.2900,2.2900,2.2900,2.2900,0,0,0.1042000,-0.4696000,0.0000000,23.9411000,-0.1747000,-3.6647000
20240109,426,C,43.4900,43.4900,43.4900,43.4900,0,0,0.3417000,0.9873000,0.0000000,1.9729000,-0.1180000,6.9091000
20240109,426,P,0.0250,0.0250,0.0250,0.0250,0,0,0.2851000,-0.0037000,0.0000000,0.6767000,-0.0157000,-0.0294000
20240109,458,C,11.7000,11.7000,11.7000,11.7000,0,0,0.1342000,0.9250000,0.0000000,8.5141000,-0.1574000,6.9518000
20240109,458,P,0.1750,0.1750,0.1750,0.1750,0,0,0.1206000,-0.0546000,0.0000000,6.6613000,-0.0630000,-0.4248000
20240109,490,C,0.0150,0.0150,0.0150,0.0150,0,0,0.1269000,0.0043000,0.0000000,0.7688000,-0.0084000,0.0334000
20240109,490,P,20.9500,20.9500,20.9500,20.9500,0,0,0.2231000,-0.9309000,0.0000000,7.9965000,-0.0808000,-7.5349000
20240109,415,C,54.4700,54.4700,54.4700,54.4700,0,0,0.4140000,0.9905000,0.0000000,1.5311000,-0.1133000,6.7531000
20240109,415,P,0.0250,0.0250,0.0250,0.0250,0,0,0.3535000,-0.0030000,0.0000000,0.5630000,-0.0163000,-0.0240000
20240109,447,C,22.5350,22.5350,22.5350,22.5350,0,0,0.1962000,0.9748000,0.0000000,3.5386000,-0.1219000,7.1578000
20240109,447,P,0.0450,0.0450,0.0450,0.0450,0,0,0.1679000,-0.0112000,0.0000000,1.7729000,-0.0239000,-0.0872000
20240109,479,C,0.1650,0.1650,0.1650,0.1650,0,0,0.1013000,0.0612000,0.0000000,7.2826000,-0.0655000,0.4701000
20240109,479,P,9.9650,9.9650,9.9650,9.9650,0,0,0.1274000,-0.8897000,0.0000000,11.3378000,-0.0571000,-7.0355000
20240109,436,C,33.5100,33.5100,33.5100,33.5100,0,0,0.2744000,0.9828000,0.0000000,2.5596000,-0.1215000,7.0388000
20240109,436,P,0.0350,0.0350,0.0350,0.0350,0,0,0.2333000,-0.0065000,0.0000000,1.1031000,-0.0209000,-0.0509000
20240109,500,P,30.9550,30.9550,30.9550,30.9550,0,0,0.3027000,-0.9456000,0.0000000,6.6309000,-0.0969000,-7.8133000
20240109,468,C,3.3650,3.3650,3.3650,3.3650,0,0,0.1075000,0.5905000,0.0000000,23.3895000,-0.2496000,4.5057000
20240109,468,P,1.8700,1.8700,1.8700,1.8700,0,0,0.1052000,-0.4076000,0.0000000,23.3639000,-0.1760000,-3.1788000
20240109,425,C,44.4900,44.4900,44.4900,44.4900,0,0,0.3496000,0.9874000,0.0000000,1.9578000,-0.1187000,6.8935000
20240109,425,P,0.0250,0.0250,0.0250,0.0250,0,0,0.2910000,-0.0036000,0.0000000,0.6590000,-0.0156000,-0.0286000
20240109,457,C,12.6800,12.6800,12.6800,12.6800,0,0,0.1411000,0.9321000,0.0000000,7.8915000,-0.1553000,6.9902000
20240109,457,P,0.1450,0.1450,0.1450,0.1450,0,0,0.1242000,-0.0453000,0.0000000,5.7406000,-0.0561000,-0.3525000
20240109,489,C,0.0150,0.0150,0.0150,0.0150,0,0,0.1210000,0.0043000,0.0000000,0.7764000,-0.0081000,0.0338000
20240109,489,P,19.9550,19.9550,19.9550,19.9550,0,0,0.2148000,-0.9288000,0.0000000,8.1840000,-0.0789000,-7.5022000
20240109,414,C,55.4700,55.4700,55.4700,55.4700,0,0,0.4218000,0.9905000,0.0000000,1.5236000,-0.1138000,6.7370000
20240109,414,P,0.0250,0.0250,0.0250,0.0250,0,0,0.3593000,-0.0029000,0.0000000,0.5502000,-0.0162000,-0.0234000
20240109,446,C,23.5300,23.5300,23.5300,23.5300,0,0,0.2041000,0.9754000,0.0000000,3.4590000,-0.1228000,7.1465000
20240109,446,P,0.0450,0.0450,0.0450,0.0450,0,0,0.1748000,-0.0108000,0.0000000,1.7272000,-0.0243000,-0.0847000
20240109,478,C,0.2350,0.2350,0.2350,0.2350,0,0,0.1013000,0.0831000,0.0000000,9.2153000,-0.0833000,0.6387000
20240109,478,P,8.9850,8.9850,8.9850,8.9850,0,0,0.1193000,-0.8794000,0.0000000,12.0768000,-0.0577000,-6.9403000
20240109,510,P,40.9550,40.9550,40.9550,40.9550,0,0,0.3776000,-0.9540000,0.0000000,5.7982000,-0.1100000,-8.0429000
20240109,435,C,34.5050,34.5050,34.5050,34.5050,0,0,0.2778000,0.9844000,0.0000000,2.3560000,-0.1175000,7.0347000
20240109,435,P,0.0350,0.0350,0.0350,0.0350,0,0,0.2402000,-0.0064000,0.0000000,1.0902000,-0.0213000,-0.0502000
20240109,467,C,4.0050,4.0050,4.0050,4.0050,0,0,0.1087000,0.6479000,0.0000000,22.3399000,-0.2464000,4.9385000
20240109,467,P,1.5050,1.5050,1.5050,1.5050,0,0,0.1057000,-0.3482000,0.0000000,22.2510000,-0.1714000,-2.7140000
20240109,499,P,29.9550,29.9550,29.9550,29.9550,0,0,0.2951000,-0.9444000,0.0000000,6.7457000,-0.0958000,-7.7876000
20240109,424,C,45.4900,45.4900,45.4900,45.4900,0,0,0.3574000,0.9875000,0.0000000,1.9429000,-0.1194000,6.8779000
20240109,424,P,0.0250,0.0250,0.0250,0.0250,0,0,0.2968000,-0.0035000,0.0000000,0.6421000,-0.0156000,-0.0278000
20240109,456,C,13.7300,13.7300,13.7300,13.7300,0,0,0.1562000,0.9276000,0.0000000,8.2902000,-0.1699000,6.9382000
20240109,456,P,0.1150,0.1150,0.1150,0.1150,0,0,0.1264000,-0.0361000,0.0000000,4.7724000,-0.0476000,-0.2807000
20240109,520,P,50.9550,50.9550,50.9550,50.9550,0,0,0.4489000,-0.9596000,0.0000000,5.2224000,-0.1210000,-8.2507000
20240109,488,C,0.0150,0.0150,0.0150,0.0150,0,0,0.1152000,0.0044000,0.0000000,0.7855000,-0.0078000,0.0342000
20240109,488,P,18.9550,18.9550,18.9550,18.9550,0,0,0.2065000,-0.9264000,0.0000000,8.3918000,-0.0772000,-7.4674000
20240109,413,C,56.4700,56.4700,56.4700,56.4700,0,0,0.4296000,0.9906000,0.0000000,1.5159000,-0.1144000,6.7210000
20240109,413,P,0.0250,0.0250,0.0250,0.0250,0,0,0.3671000,-0.0030000,0.0000000,0.5595000,-0.0168000,-0.0239000
20240109,445,C,24.5250,24.5250,24.5250,24.5250,0,0,0.2089000,0.9776000,0.0000000,3.2053000,-0.1198000,7.1466000
20240109,445,P,0.0450,0.0450,0.0450,0.0450,0,0,0.1816000,-0.0105000,0.0000000,1.6847000,-0.0247000,-0.0823000
20240109,477,C,0.3250,0.3250,0.3250,0.3250,0,0,0.1008000,0.1095000,0.0000000,11.2850000,-0.1021000,0.8409000
20240109,477,P,7.9900,7.9900,7.9900,7.9900,0,0,0.1103000,-0.8689000,0.0000000,12.8002000,-0.0561000,-6.8430000
20240109,434,C,35.5000,35.5000,35.5000,35.5000,0,0,0.2851000,0.9847000,0.0000000,2.3133000,-0.1178000,7.0208000
20240109,434,P,0.0350,0.0350,0.0350,0.0350,0,0,0.2460000,-0.0061000,0.0000000,1.0517000,-0.0210000,-0.0482000
20240109,466,C,4.7000,4.7000,4.7000,4.7000,0,0,0.1101000,0.7009000,0.0000000,20.8969000,-0.2392000,5.3360000
20240109,466,P,1.2050,1.2050,1.2050,1.2050,0,0,0.1069000,-0.2938000,0.0000000,20.7274000,-0.1638000,-2.2889000
20240109,498,P,28.9550,28.9550,28.9550,28.9550,0,0,0.2873000,-0.9433000,0.0000000,6.8544000,-0.0942000,-7.7623000
20240109,530,P,60.9500,60.9500,60.9500,60.9500,0,0,0.5171000,-0.9636000,0.0000000,4.7929000,-0.1304000,-8.4464000
20240109,423,C,46.4850,46.4850,46.4850,46.4850,0,0,0.3593000,0.9887000,0.0000000,1.7778000,-0.1147000,6.8710000
20240109,423,P,0.0250,0.0250,0.0250,0.0250,0,0,0.3046000,-0.0036000,0.0000000,0.6554000,-0.0163000,-0.0284000
20240109,455,C,14.6250,14.6250,14.6250,14.6250,0,0,0.1501000,0.9485000,0.0000000,6.3518000,-0.1428000,7.0850000
20240109,455,P,0.1050,0.1050,0.1050,0.1050,0,0,0.1318000,-0.0318000,0.0000000,4.2989000,-0.0449000,-0.2473000
20240109,487,C,0.0150,0.0150,0.0150,0.0150,0,0,0.1093000,0.0045000,0.0000000,0.7964000,-0.0075000,0.0348000
20240109,487,P,17.9550,17.9550,17.9550,17.9550,0,0,0.1979000,-0.9240000,0.0000000,8.6004000,-0.0750000,-7.4324000
20240109,412,C,57.4900,57.4900,57.4900,57.4900,0,0,0.4501000,0.9889000,0.0000000,1.7525000,-0.1256000,6.6911000
20240109,412,P,0.0250,0.0250,0.0250,0.0250,0,0,0.3710000,-0.0028000,0.0000000,0.5259000,-0.0160000,-0.0223000
20240109,444,C,25.5250,25.5250,25.5250,25.5250,0,0,0.2167000,0.9781000,0.0000000,3.1444000,-0.1206000,7.1340000
20240109,444,P,0.0450,0.0450,0.0450,0.0450,0,0,0.1884000,-0.0102000,0.0000000,1.6452000,-0.0250000,-0.0801000
20240109,476,C,0.4550,0.4550,0.4550,0.4550,0,0,0.1014000,0.1445000,0.0000000,13.6883000,-0.1254000,1.1088000
20240109,476,P,7.0600,7.0600,7.0600,7.0600,0,0,0.1052000,-0.8465000,0.0000000,14.2495000,-0.0650000,-6.6540000
20240109,540,P,70.9500,70.9500,70.9500,70.9500,0,0,0.5835000,-0.9665000,0.0000000,4.4795000,-0.1400000,-8.6333000
20240109,433,C,36.5000,36.5000,36.5000,36.5000,0,0,0.2929000,0.9849000,0.0000000,2.2900000,-0.1186000,7.0057000
20240109,433,P,0.0350,0.0350,0.0350,0.0350,0,0,0.2519000,-0.0059000,0.0000000,1.0156000,-0.0208000,-0.0464000
20240109,465,C,5.4450,5.4450,5.4450,5.4450,0,0,0.1111000,0.7494000,0.0000000,19.1462000,-0.2281000,5.6989000
20240109,465,P,0.9500,0.9500,0.9500,0.9500,0,0,0.1081000,-0.2447000,0.0000000,18.9098000,-0.1530000,-1.9058000
20240109,497,P,27.9550,27.9550,27.9550,27.9550,0,0,0.2795000,-0.9421000,0.0000000,6.9718000,-0.0927000,-7.7363000
20240109,422,C,47.4900,47.4900,47.4900,47.4900,0,0,0.3720000,0.9879000,0.0000000,1.8887000,-0.1198000,6.8481000
20240109,422,P,0.0250,0.0250,0.0250,0.0250,0,0,0.3085000,-0.0033000,0.0000000,0.6106000,-0.0154000,-0.0263000
20240109,454,C,15.6100,15.6100,15.6100,15.6100,0,0,0.1569000,0.9525000,0.0000000,5.9552000,-0.1414000,7.0996000
20240109,454,P,0.0850,0.0850,0.0850,0.0850,0,0,0.1347000,-0.0260000,0.0000000,3.6425000,-0.0390000,-0.2026000
20240109,486,C,0.0150,0.0150,0.0150,0.0150,0,0,0.1054000,0.0053000,0.0000000,0.9172000,-0.0084000,0.0407000
20240109,486,P,16.9500,16.9500,16.9500,16.9500,0,0,0.1894000,-0.9213000,0.0000000,8.8337000,-0.0729000,-7.3949000
20240109,411,C,58.4750,58.4750,58.4750,58.4750,0,0,0.4453000,0.9907000,0.0000000,1.5001000,-0.1155000,6.6889000
20240109,411,P,0.0250,0.0250,0.0250,0.0250,0,0,0.3789000,-0.0029000,0.0000000,0.5347000,-0.0166000,-0.0227000
20240109,443,C,26.5200,26.5200,26.5200,26.5200,0,0,0.2241000,0.9788000,0.0000000,3.0601000,-0.1209000,7.1229000
20240109,443,P,0.0350,0.0350,0.0350,0.0350,0,0,0.1875000,-0.0077000,0.0000000,1.2810000,-0.0194000,-0.0602000
20240109,475,C,0.6250,0.6250,0.6250,0.6250,0,0,0.1020000,0.1858000,0.0000000,16.1135000,-0.1495000,1.4254000
20240109,475,P,6.1950,6.1950,6.1950,6.1950,0,0,0.1026000,-0.8126000,0.0000000,16.1910000,-0.0810000,-6.3783000
20240109,432,C,37.5000,37.5000,37.5000,37.5000,0,0,0.3007000,0.9850000,0.0000000,2.2674000,-0.1194000,6.9906000
20240109,432,P,0.0250,0.0250,0.0250,0.0250,0,0,0.2480000,-0.0043000,0.0000000,0.7620000,-0.0154000,-0.0336000
20240109,464,C,6.2350,6.2350,6.2350,6.2350,0,0,0.1124000,0.7923000,0.0000000,17.2308000,-0.2151000,6.0170000
20240109,464,P,0.7450,0.7450,0.7450,0.7450,0,0,0.1090000,-0.2005000,0.0000000,16.8768000,-0.1390000,-1.5609000
20240109,496,P,26.9550,26.9550,26.9550,26.9550,0,0,0.2714000,-0.9409000,0.0000000,7.0830000,-0.0908000,-7.7107000
20240109,421,C,48.4800,48.4800,48.4800,48.4800,0,0,0.3750000,0.9889000,0.0000000,1.7561000,-0.1161000,6.8392000
20240109,421,P,0.0250,0.0250,0.0250,0.0250,0,0,0.3164000,-0.0034000,0.0000000,0.6231000,-0.0161000,-0.0269000
20240109,453,C,16.5750,16.5750,16.5750,16.5750,0,0,0.1579000,0.9615000,0.0000000,5.0268000,-0.1302000,7.1531000
20240109,453,P,0.0750,0.0750,0.0750,0.0750,0,0,0.1386000,-0.0221000,0.0000000,3.1736000,-0.0350000,-0.1719000
20240109,485,C,0.0250,0.0250,0.0250,0.0250,0,0,0.1074000,0.0091000,0.0000000,1.4852000,-0.0139000,0.0703000
20240109,485,P,15.9550,15.9550,15.9550,15.9550,0,0,0.1807000,-0.9183000,0.0000000,9.0834000,-0.0706000,-7.3556000
20240109,410,C,59.4700,59.4700,59.4700,59.4700,0,0,0.4531000,0.9907000,0.0000000,1.4920000,-0.1160000,6.6729000
20240109,410,P,0.0150,0.0150,0.0150,0.0150,0,0,0.3593000,-0.0015000,0.0000000,0.3017000,-0.0089000,-0.0120000
20240109,442,C,27.5200,27.5200,27.5200,27.5200,0,0,0.2319000,0.9792000,0.0000000,3.0074000,-0.1217000,7.1098000
20240109,442,P,0.0350,0.0350,0.0350,0.0350,0,0,0.1953000,-0.0078000,0.0000000,1.2988000,-0.0205000,-0.0612000
20240109,474,C,0.8350,0.8350,0.8350,0.8350,0,0,0.1022000,0.2325000,0.0000000,18.3888000,-0.1724000,1.7825000
20240109,474,P,5.3900,5.3900,5.3900,5.3900,0,0,0.1022000,-0.7674000,0.0000000,18.3888000,-0.1025000,-6.0158000
20240109,431,C,38.5000,38.5000,38.5000,38.5000,0,0,0.3085000,0.9852000,0.0000000,2.2452000,-0.1201000,6.9754000
20240109,431,P,0.0250,0.0250,0.0250,0.0250,0,0,0.2539000,-0.0041000,0.0000000,0.7398000,-0.0153000,-0.0325000
20240109,495,P,25.9550,25.9550,25.9550,25.9550,0,0,0.2636000,-0.9394000,0.0000000,7.2203000,-0.0894000,-7.6830000
20240109,463,C,7.0700,7.0700,7.0700,7.0700,0,0,0.1145000,0.8281000,0.0000000,15.3350000,-0.2023000,6.2797000
20240109,463,P,0.5750,0.5750,0.5750,0.5750,0,0,0.1098000,-0.1619000,0.0000000,14.7623000,-0.1236000,-1.2604000
20240109,420,C,49.4700,49.4700,49.4700,49.4700,0,0,0.3759000,0.9901000,0.0000000,1.5883000,-0.1109000,6.8323000
20240109,420,P,0.0250,0.0250,0.0250,0.0250,0,0,0.3222000,-0.0033000,0.0000000,0.6079000,-0.0160000,-0.0261000
20240109,452,C,17.5650,17.5650,17.5650,17.5650,0,0,0.1640000,0.9647000,0.0000000,4.6802000,-0.1281000,7.1617000
20240109,452,P,0.0750,0.0750,0.0750,0.0750,0,0,0.1464000,-0.0215000,0.0000000,3.1024000,-0.0363000,-0.1674000
20240109,484,C,0.0250,0.0250,0.0250,0.0250,0,0,0.1015000,0.0097000,0.0000000,1.5621000,-0.0138000,0.0745000
20240109,484,P,14.9550,14.9550,14.9550,14.9550,0,0,0.1721000,-0.9150000,0.0000000,9.3653000,-0.0685000,-7.3130000
20240109,409,C,60.4600,60.4600,60.4600,60.4600,0,0,0.4541000,0.9916000,0.0000000,1.3666000,-0.1113000,6.6633000
20240109,409,P,0.0150,0.0150,0.0150,0.0150,0,0,0.3671000,-0.0015000,0.0000000,0.3109000,-0.0093000,-0.0125000
20240109,441,C,28.5200,28.5200,28.5200,28.5200,0,0,0.2397000,0.9796000,0.0000000,2.9575000,-0.1226000,7.0964000
20240109,441,P,0.0350,0.0350,0.0350,0.0350,0,0,0.2011000,-0.0074000,0.0000000,1.2429000,-0.0202000,-0.0582000
20240109,473,C,1.1000,1.1000,1.1000,1.1000,0,0,0.1031000,0.2861000,0.0000000,20.4719000,-0.1953000,2.1917000
20240109,473,P,4.6400,4.6400,4.6400,4.6400,0,0,0.1021000,-0.7158000,0.0000000,20.4038000,-0.1230000,-5.6052000
20240109,505,P,35.9550,35.9550,35.9550,35.9550,0,0,0.3408000,-0.9503000,0.0000000,6.1768000,-0.1039000,-7.9315000
20240109,430,C,39.5050,39.5050,39.5050,39.5050,0,0,0.3164000,0.9854000,0.0000000,2.2236000,-0.1209000,6.9602000
20240109,430,P,0.0250,0.0250,0.0250,0.0250,0,0,0.2597000,-0.0040000,0.0000000,0.7187000,-0.0152000,-0.0314000
20240109,494,C,0.0150,0.0150,0.0150,0.0150,0,0,0.1484000,0.0038000,0.0000000,0.6833000,-0.0087000,0.0292000
20240109,494,P,24.9550,24.9550,24.9550,24.9550,0,0,0.2556000,-0.9380000,0.0000000,7.3524000,-0.0876000,-7.6555000
20240109,462,C,7.9350,7.9350,7.9350,7.9350,0,0,0.1159000,0.8600000,0.0000000,13.3938000,-0.1876000,6.5117000
20240109,462,P,0.4450,0.4450,0.4450,0.4450,0,0,0.1113000,-0.1303000,0.0000000,12.7536000,-0.1090000,-1.0137000
20240109,419,C,50.4800,50.4800,50.4800,50.4800,0,0,0.3896000,0.9892000,0.0000000,1.7119000,-0.1165000,6.8088000
20240109,419,P,0.0250,0.0250,0.0250,0.0250,0,0,0.3281000,-0.0032000,0.0000000,0.5933000,-0.0159000,-0.0254000
20240109,451,C,18.5550,18.5550,18.5550,18.5550,0,0,0.1699000,0.9677000,0.0000000,4.3505000,-0.1257000,7.1685000
20240109,451,P,0.0650,0.0650,0.0650,0.0650,0,0,0.1499000,-0.0181000,0.0000000,2.6893000,-0.0322000,-0.1415000
20240109,483,C,0.0350,0.0350,0.0350,0.0350,0,0,0.1005000,0.0138000,0.0000000,2.1336000,-0.0188000,0.1068000
20240109,483,P,13.9600,13.9600,13.9600,13.9600,0,0,0.1643000,-0.9099000,0.0000000,9.7784000,-0.0685000,-7.2576000
20240109,515,P,45.9600,45.9600,45.9600,45.9600,0,0,0.4155000,-0.9564000,0.0000000,5.5590000,-0.1191000,-8.1435000
20240109,525,P,55.9550,55.9550,55.9550,55.9550,0,0,0.4833000,-0.9618000,0.0000000,4.9922000,-0.1258000,-8.3498000
20240109,440,C,29.5150,29.5150,29.5150,29.5150,0,0,0.2436000,0.9815000,0.0000000,2.7212000,-0.1187000,7.0948000
20240109,440,P,0.0350,0.0350,0.0350,0.0350,0,0,0.2070000,-0.0071000,0.0000000,1.1915000,-0.0200000,-0.0555000
20240109,408,C,61.4650,61.4650,61.4650,61.4650,0,0,0.4619000,0.9917000,0.0000000,1.3607000,-0.1119000,6.6472000
20240109,408,P,0.0150,0.0150,0.0150,0.0150,0,0,0.3750000,-0.0016000,0.0000000,0.3197000,-0.0098000,-0.0128000
20240109,472,C,1.4250,1.4250,1.4250,1.4250,0,0,0.1036000,0.3435000,0.0000000,22.1394000,-0.2144000,2.6297000
20240109,472,P,3.9500,3.9500,3.9500,3.9500,0,0,0.1021000,-0.6586000,0.0000000,22.0859000,-0.1415000,-5.1520000
20240109,429,C,40.4850,40.4850,40.4850,40.4850,0,0,0.3134000,0.9880000,0.0000000,1.8704000,-0.1112000,6.9645000
20240109,429,P,0.0250,0.0250,0.0250,0.0250,0,0,0.2656000,-0.0039000,0.0000000,0.6987000,-0.0151000,-0.0305000
20240109,493,C,0.0150,0.0150,0.0150,0.0150,0,0,0.1425000,0.0038000,0.0000000,0.6839000,-0.0083000,0.0293000
20240109,493,P,23.9600,23.9600,23.9600,23.9600,0,0,0.2490000,-0.9353000,0.0000000,7.6017000,-0.0891000,-7.6183000
20240109,461,C,8.8350,8.8350,8.8350,8.8350,0,0,0.1184000,0.8851000,0.0000000,11.6717000,-0.1749000,6.6908000
20240109,461,P,0.3450,0.3450,0.3450,0.3450,0,0,0.1130000,-0.1042000,0.0000000,10.8903000,-0.0951000,-0.8110000
20240109,535,P,65.9550,65.9550,65.9550,65.9550,0,0,0.5507000,-0.9651000,0.0000000,4.6299000,-0.1355000,-8.5404000
20240109,450,C,19.5450,19.5450,19.5450,19.5450,0,0,0.1752000,0.9706000,0.0000000,4.0164000,-0.1229000,7.1752000
20240109,450,P,0.0550,0.0550,0.0550,0.0550,0,0,0.1533000,-0.0154000,0.0000000,2.3342000,-0.0286000,-0.1199000
20240109,418,C,51.4800,51.4800,51.4800,51.4800,0,0,0.3974000,0.9893000,0.0000000,1.7015000,-0.1171000,6.7929000
20240109,418,P,0.0250,0.0250,0.0250,0.0250,0,0,0.3359000,-0.0033000,0.0000000,0.6044000,-0.0166000,-0.0260000
20240109,482,C,0.0550,0.0550,0.0550,0.0550,0,0,0.1020000,0.0222000,0.0000000,3.1833000,-0.0285000,0.1706000
20240109,482,P,12.9700,12.9700,12.9700,12.9700,0,0,0.1562000,-0.9044000,0.0000000,10.2176000,-0.0682000,-7.1987000
20240109,439,C,30.5100,30.5100,30.5100,30.5100,0,0,0.2514000,0.9818000,0.0000000,2.6836000,-0.1196000,7.0806000
20240109,439,P,0.0350,0.0350,0.0350,0.0350,0,0,0.2148000,-0.0072000,0.0000000,1.2079000,-0.0210000,-0.0564000
20240109,407,C,62.4500,62.4500,62.4500,62.4500,0,0,0.4619000,0.9926000,0.0000000,1.2312000,-0.1068000,6.6378000
20240109,407,P,0.0150,0.0150,0.0150,0.0150,0,0,0.3750000,-0.0013000,0.0000000,0.2749000,-0.0084000,-0.0109000
20240109,471,C,1.8150,1.8150,1.8150,1.8150,0,0,0.1045000,0.4047000,0.0000000,23.3228000,-0.2306000,3.0960000
20240109,471,P,3.3300,3.3300,3.3300,3.3300,0,0,0.1027000,-0.5970000,0.0000000,23.2971000,-0.1572000,-4.6658000
20240109,545,P,75.9500,75.9500,75.9500,75.9500,0,0,0.6156000,-0.9678000,0.0000000,4.3389000,-0.1439000,-8.7254000
20240109,428,C,41.4900,41.4900,41.4900,41.4900,0,0,0.3261000,0.9870000,0.0000000,2.0033000,-0.1165000,6.9403000
20240109,428,P,0.0250,0.0250,0.0250,0.0250,0,0,0.2734000,-0.0040000,0.0000000,0.7147000,-0.0159000,-0.0313000
20240109,460,C,9.7600,9.7600,9.7600,9.7600,0,0,0.1218000,0.9043000,0.0000000,10.2236000,-0.1648000,6.8238000
20240109,460,P,0.2750,0.2750,0.2750,0.2750,0,0,0.1154000,-0.0841000,0.0000000,9.2943000,-0.0834000,-0.6542000
20240109,492,C,0.0150,0.0150,0.0150,0.0150,0,0,0.1367000,0.0038000,0.0000000,0.6851000,-0.0080000,0.0293000
20240109,492,P,22.9550,22.9550,22.9550,22.9550,0,0,0.2395000,-0.9347000,0.0000000,7.6540000,-0.0843000,-7.5972000
20240109,417,C,52.4800,52.4800,52.4800,52.4800,0,0,0.4052000,0.9893000,0.0000000,1.6909000,-0.1177000,6.7770000
20240109,417,P,0.0250,0.0250,0.0250,0.0250,0,0,0.3398000,-0.0030000,0.0000000,0.5658000,-0.0157000,-0.0242000
20240109,449,C,20.5600,20.5600,20.5600,20.5600,0,0,0.1879000,0.9683000,0.0000000,4.2800000,-0.1309000,7.1403000
20240109,449,P,0.0550,0.0550,0.0550,0.0550,0,0,0.1601000,-0.0147000,0.0000000,2.2500000,-0.0289000,-0.1149000
20240109,481,C,0.0750,0.0750,0.0750,0.0750,0,0,0.1005000,0.0301000,0.0000000,4.1103000,-0.0364000,0.2315000
20240109,481,P,11.9250,11.9250,11.9250,11.9250,0,0,0.1420000,-0.9074000,0.0000000,9.9747000,-0.0532000,-7.2051000
20240109,438,C,31.5100,31.5100,31.5100,31.5100,0,0,0.2587000,0.9823000,0.0000000,2.6259000,-0.1199000,7.0677000
20240109,438,P,0.0350,0.0350,0.0350,0.0350,0,0,0.2207000,-0.0069000,0.0000000,1.1604000,-0.0208000,-0.0539000
20240109,406,C,63.4600,63.4600,63.4600,63.4600,0,0,0.4775000,0.9917000,0.0000000,1.3485000,-0.1128000,6.6149000
20240109,406,P,0.0150,0.0150,0.0150,0.0150,0,0,0.3828000,-0.0014000,0.0000000,0.2832000,-0.0089000,-0.0112000
20240109,470,C,2.2650,2.2650,2.2650,2.2650,0,0,0.1053000,0.4673000,0.0000000,23.9302000,-0.2417000,3.5721000
20240109,470,P,2.7800,2.7800,2.7800,2.7800,0,0,0.1035000,-0.5333000,0.0000000,23.9270000,-0.1688000,-4.1647000
20240109,427,C,42.4900,42.4900,42.4900,42.4900,0,0,0.3339000,0.9871000,0.0000000,1.9880000,-0.1173000,6.9247000
20240109,427,P,0.0250,0.0250,0.0250,0.0250,0,0,0.2773000,-0.0036000,0.0000000,0.6617000,-0.0150000,-0.0287000
20240109,491,C,0.0150,0.0150,0.0150,0.0150,0,0,0.1328000,0.0043000,0.0000000,0.7625000,-0.0087000,0.0331000
20240109,491,P,21.9550,21.9550,21.9550,21.9550,0,0,0.2314000,-0.9328000,0.0000000,7.8265000,-0.0828000,-7.5660000
20240109,459,C,10.7550,10.7550,10.7550,10.7550,0,0,0.1304000,0.9116000,0.0000000,9.6398000,-0.1662000,6.8639000
20240109,459,P,0.2150,0.2150,0.2150,0.2150,0,0,0.1176000,-0.0672000,0.0000000,7.8370000,-0.0720000,-0.5230000
20240110,416,C,53.5500,53.5500,53.5500,53.5500,0,0,0.3876000,0.9887000,0.0000000,1.9243000,-0.1138000,7.8663000
20240110,416,P,0.0250,0.0250,0.0250,0.0250,0,0,0.3222000,-0.0031000,0.0000000,0.6181000,-0.0140000,-0.0285000
20240110,448,C,21.6350,21.6350,21.6350,21.6350,0,0,0.1831000,0.9686000,0.0000000,4.5803000,-0.1238000,8.2983000
20240110,448,P,0.0750,0.0750,0.0750,0.0750,0,0,0.1625000,-0.0181000,0.0000000,2.8962000,-0.0323000,-0.1646000
20240110,480,C,0.1750,0.1750,0.1750,0.1750,0,0,0.1020000,0.0597000,0.0000000,7.7081000,-0.0602000,0.5338000
20240110,480,P,10.9600,10.9600,10.9600,10.9600,0,0,0.1318000,-0.8852000,0.0000000,12.5866000,-0.0555000,-8.1730000
20240110,437,C,32.5950,32.5950,32.5950,32.5950,0,0,0.2529000,0.9805000,0.0000000,3.0676000,-0.1185000,8.1951000
20240110,437,P,0.0450,0.0450,0.0450,0.0450,0,0,0.2177000,-0.0083000,0.0000000,1.4754000,-0.0223000,-0.0757000
20240110,469,C,3.0800,3.0800,3.0800,3.0800,0,0,0.1088000,0.5314000,0.0000000,25.8316000,-0.2372000,4.7212000
20240110,469,P,2.5250,2.5250,2.5250,2.5250,0,0,0.1067000,-0.4680000,0.0000000,25.8289000,-0.1641000,-4.2582000
20240110,426,C,43.5700,43.5700,43.5700,43.5700,0,0,0.3251000,0.9854000,0.0000000,2.3982000,-0.1175000,8.0283000
20240110,426,P,0.0350,0.0350,0.0350,0.0350,0,0,0.2753000,-0.0051000,0.0000000,0.9563000,-0.0184000,-0.0464000
20240110,458,C,11.8750,11.8750,11.8750,11.8750,0,0,0.1354000,0.9084000,0.0000000,10.6780000,-0.1645000,7.9441000
20240110,458,P,0.2650,0.2650,0.2650,0.2650,0,0,0.1235000,-0.0723000,0.0000000,8.9415000,-0.0738000,-0.6554000
20240110,490,C,0.0150,0.0150,0.0150,0.0150,0,0,0.1171000,0.0043000,0.0000000,0.8272000,-0.0072000,0.0388000
20240110,490,P,20.9600,20.9600,20.9600,20.9600,0,0,0.2153000,-0.9218000,0.0000000,9.4831000,-0.0789000,-8.6942000
20240110,415,C,54.5550,54.5550,54.5550,54.5550,0,0,0.3955000,0.9887000,0.0000000,1.9244000,-0.1147000,7.8471000
20240110,415,P,0.0250,0.0250,0.0250,0.0250,0,0,0.3281000,-0.0030000,0.0000000,0.6097000,-0.0140000,-0.0281000
20240110,447,C,22.6300,22.6300,22.6300,22.6300,0,0,0.1909000,0.9693000,0.0000000,4.5007000,-0.1251000,8.2850000
20240110,447,P,0.0750,0.0750,0.0750,0.0750,0,0,0.1689000,-0.0173000,0.0000000,2.7903000,-0.0324000,-0.1576000
20240110,479,C,0.2450,0.2450,0.2450,0.2450,0,0,0.1024000,0.0800000,0.0000000,9.6633000,-0.0762000,0.7156000
20240110,479,P,9.9550,9.9550,9.9550,9.9550,0,0,0.1220000,-0.8801000,0.0000000,12.9790000,-0.0507000,-8.1079000
20240110,436,C,33.5900,33.5900,33.5900,33.5900,0,0,0.2602000,0.9808000,0.0000000,3.0271000,-0.1192000,8.1787000
20240110,436,P,0.0450,0.0450,0.0450,0.0450,0,0,0.2246000,-0.0082000,0.0000000,1.4693000,-0.0229000,-0.0753000
20240110,500,P,30.9550,30.9550,30.9550,30.9550,0,0,0.2897000,-0.9391000,0.0000000,7.8193000,-0.0922000,-9.0414000
20240110,468,C,3.6650,3.6650,3.6650,3.6650,0,0,0.1099000,0.5864000,0.0000000,25.3014000,-0.2388000,5.2048000
20240110,468,P,2.1050,2.1050,2.1050,2.1050,0,0,0.1077000,-0.4118000,0.0000000,25.2776000,-0.1656000,-3.7451000
20240110,425,C,44.5650,44.5650,44.5650,44.5650,0,0,0.3281000,0.9865000,0.0000000,2.2321000,-0.1140000,8.0197000
20240110,425,P,0.0350,0.0350,0.0350,0.0350,0,0,0.2812000,-0.0049000,0.0000000,0.9377000,-0.0184000,-0.0454000
20240110,457,C,12.8250,12.8250,12.8250,12.8250,0,0,0.1394000,0.9204000,0.0000000,9.6164000,-0.1576000,8.0333000
20240110,457,P,0.2150,0.2150,0.2150,0.2150,0,0,0.1257000,-0.0594000,0.0000000,7.6852000,-0.0648000,-0.5390000
20240110,489,C,0.0150,0.0150,0.0150,0.0150,0,0,0.1113000,0.0042000,0.0000000,0.8132000,-0.0067000,0.0380000
20240110,489,P,19.9550,19.9550,19.9550,19.9550,0,0,0.2062000,-0.9206000,0.0000000,9.5929000,-0.0746000,-8.6641000
20240110,414,C,55.5400,55.5400,55.5400,55.5400,0,0,0.3974000,0.9896000,0.0000000,1.7844000,-0.1110000,7.8366000
20240110,414,P,0.0250,0.0250,0.0250,0.0250,0,0,0.3320000,-0.0028000,0.0000000,0.5759000,-0.0134000,-0.0264000
20240110,446,C,23.6250,23.6250,23.6250,23.6250,0,0,0.1958000,0.9717000,0.0000000,4.1999000,-0.1225000,8.2881000
20240110,446,P,0.0650,0.0650,0.0650,0.0650,0,0,0.1718000,-0.0150000,0.0000000,2.4618000,-0.0291000,-0.1362000
20240110,478,C,0.3350,0.3350,0.3350,0.3350,0,0,0.1025000,0.1046000,0.0000000,11.7793000,-0.0934000,0.9346000
20240110,478,P,8.9850,8.9850,8.9850,8.9850,0,0,0.1152000,-0.8677000,0.0000000,13.9062000,-0.0530000,-7.9772000
20240110,510,P,40.9550,40.9550,40.9550,40.9550,0,0,0.3608000,-0.9485000,0.0000000,6.8569000,-0.1049000,-9.3171000
20240110,435,C,34.5900,34.5900,34.5900,34.5900,0,0,0.2675000,0.9811000,0.0000000,2.9881000,-0.1199000,8.1621000
20240110,435,P,0.0450,0.0450,0.0450,0.0450,0,0,0.2304000,-0.0080000,0.0000000,1.4282000,-0.0229000,-0.0729000
20240110,467,C,4.3100,4.3100,4.3100,4.3100,0,0,0.1117000,0.6381000,0.0000000,24.3434000,-0.2378000,5.6570000
20240110,467,P,1.7400,1.7400,1.7400,1.7400,0,0,0.1090000,-0.3587000,0.0000000,24.2693000,-0.1638000,-3.2598000
20240110,499,C,0.0150,0.0150,0.0150,0.0150,0,0,0.1601000,0.0031000,0.0000000,0.6138000,-0.0072000,0.0277000
20240110,499,P,29.9550,29.9550,29.9550,29.9550,0,0,0.2824000,-0.9379000,0.0000000,7.9410000,-0.0908000,-9.0113000
20240110,424,C,45.5600,45.5600,45.5600,45.5600,0,0,0.3349000,0.9868000,0.0000000,2.2000000,-0.1142000,8.0026000
20240110,424,P,0.0350,0.0350,0.0350,0.0350,0,0,0.2890000,-0.0051000,0.0000000,0.9615000,-0.0194000,-0.0467000
20240110,456,C,13.7850,13.7850,13.7850,13.7850,0,0,0.1435000,0.9303000,0.0000000,8.6919000,-0.1515000,8.1037000
20240110,456,P,0.1850,0.1850,0.1850,0.1850,0,0,0.1293000,-0.0507000,0.0000000,6.7776000,-0.0591000,-0.4598000
20240110,520,P,50.9550,50.9550,50.9550,50.9550,0,0,0.4282000,-0.9547000,0.0000000,6.1830000,-0.1154000,-9.5650000
20240110,488,C,0.0150,0.0150,0.0150,0.0150,0,0,0.1074000,0.0048000,0.0000000,0.9060000,-0.0072000,0.0429000
20240110,488,P,18.9550,18.9550,18.9550,18.9550,0,0,0.1982000,-0.9182000,0.0000000,9.8123000,-0.0725000,-8.6232000
20240110,413,C,56.5400,56.5400,56.5400,56.5400,0,0,0.4042000,0.9897000,0.0000000,1.7638000,-0.1111000,7.8186000
20240110,413,P,0.0250,0.0250,0.0250,0.0250,0,0,0.3398000,-0.0029000,0.0000000,0.5935000,-0.0141000,-0.0273000
20240110,445,C,24.6150,24.6150,24.6150,24.6150,0,0,0.2006000,0.9739000,0.0000000,3.9261000,-0.1201000,8.2888000
20240110,445,P,0.0650,0.0650,0.0650,0.0650,0,0,0.1787000,-0.0146000,0.0000000,2.4160000,-0.0298000,-0.1333000
20240110,477,C,0.4550,0.4550,0.4550,0.4550,0,0,0.1027000,0.1344000,0.0000000,14.0639000,-0.1124000,1.2008000
20240110,477,P,8.0200,8.0200,8.0200,8.0200,0,0,0.1083000,-0.8525000,0.0000000,14.9704000,-0.0556000,-7.8225000
20240110,434,C,35.5850,35.5850,35.5850,35.5850,0,0,0.2714000,0.9825000,0.0000000,2.7953000,-0.1170000,8.1558000
20240110,434,P,0.0350,0.0350,0.0350,0.0350,0,0,0.2285000,-0.0061000,0.0000000,1.1366000,-0.0181000,-0.0563000
20240110,466,C,4.9950,4.9950,4.9950,4.9950,0,0,0.1127000,0.6871000,0.0000000,23.0056000,-0.2321000,6.0851000
20240110,466,P,1.4250,1.4250,1.4250,1.4250,0,0,0.1097000,-0.3083000,0.0000000,22.8597000,-0.1576000,-2.8003000
20240110,498,C,0.0150,0.0150,0.0150,0.0150,0,0,0.1562000,0.0033000,0.0000000,0.6549000,-0.0075000,0.0298000
20240110,498,P,28.9550,28.9550,28.9550,28.9550,0,0,0.2751000,-0.9366000,0.0000000,8.0721000,-0.0894000,-8.9803000
20240110,530,P,60.9500,60.9500,60.9500,60.9500,0,0,0.4931000,-0.9591000,0.0000000,5.6980000,-0.1252000,-9.7960000
20240110,423,C,46.5600,46.5600,46.5600,46.5600,0,0,0.3422000,0.9869000,0.0000000,2.1840000,-0.1148000,7.9844000
20240110,423,P,0.0350,0.0350,0.0350,0.0350,0,0,0.2949000,-0.0050000,0.0000000,0.9428000,-0.0195000,-0.0457000
20240110,455,C,14.7550,14.7550,14.7550,14.7550,0,0,0.1481000,0.9381000,0.0000000,7.9236000,-0.1466000,8.1556000
20240110,455,P,0.1550,0.1550,0.1550,0.1550,0,0,0.1323000,-0.0425000,0.0000000,5.8862000,-0.0526000,-0.3857000
20240110,487,C,0.0250,0.0250,0.0250,0.0250,0,0,0.1103000,0.0085000,0.0000000,1.5028000,-0.0124000,0.0761000
20240110,487,P,17.9550,17.9550,17.9550,17.9550,0,0,0.1901000,-0.9155000,0.0000000,10.0559000,-0.0705000,-8.5797000
20240110,412,C,57.5400,57.5400,57.5400,57.5400,0,0,0.4121000,0.9897000,0.0000000,1.7654000,-0.1120000,7.7993000
20240110,412,P,0.0250,0.0250,0.0250,0.0250,0,0,0.3437000,-0.0028000,0.0000000,0.5613000,-0.0135000,-0.0257000
20240110,444,C,25.6150,25.6150,25.6150,25.6150,0,0,0.2080000,0.9746000,0.0000000,3.8452000,-0.1208000,8.2754000
20240110,444,P,0.0550,0.0550,0.0550,0.0550,0,0,0.1806000,-0.0123000,0.0000000,2.0849000,-0.0260000,-0.1123000
20240110,476,C,0.6050,0.6050,0.6050,0.6050,0,0,0.1029000,0.1692000,0.0000000,16.3928000,-0.1321000,1.5113000
20240110,476,P,7.1400,7.1400,7.1400,7.1400,0,0,0.1059000,-0.8235000,0.0000000,16.8310000,-0.0692000,-7.5446000
20240110,540,P,70.9500,70.9500,70.9500,70.9500,0,0,0.5558000,-0.9623000,0.0000000,5.3264000,-0.1343000,-10.0170000
20240110,433,C,36.5800,36.5800,36.5800,36.5800,0,0,0.2783000,0.9829000,0.0000000,2.7429000,-0.1172000,8.1401000
20240110,433,P,0.0350,0.0350,0.0350,0.0350,0,0,0.2343000,-0.0060000,0.0000000,1.1103000,-0.0181000,-0.0548000
20240110,465,C,5.7300,5.7300,5.7300,5.7300,0,0,0.1143000,0.7312000,0.0000000,21.4259000,-0.2248000,6.4676000
20240110,465,P,1.1650,1.1650,1.1650,1.1650,0,0,0.1110000,-0.2628000,0.0000000,21.1883000,-0.1497000,-2.3869000
20240110,497,P,27.9550,27.9550,27.9550,27.9550,0,0,0.2675000,-0.9354000,0.0000000,8.1957000,-0.0877000,-8.9498000
20240110,422,C,47.5600,47.5600,47.5600,47.5600,0,0,0.3496000,0.9870000,0.0000000,2.1680000,-0.1154000,7.9662000
20240110,422,P,0.0350,0.0350,0.0350,0.0350,0,0,0.3007000,-0.0049000,0.0000000,0.9248000,-0.0195000,-0.0447000
20240110,454,C,15.7350,15.7350,15.7350,15.7350,0,0,0.1538000,0.9437000,0.0000000,7.3524000,-0.1438000,8.1874000
20240110,454,P,0.1350,0.1350,0.1350,0.1350,0,0,0.1362000,-0.0367000,0.0000000,5.2258000,-0.0482000,-0.3332000
20240110,486,C,0.0250,0.0250,0.0250,0.0250,0,0,0.1044000,0.0086000,0.0000000,1.5296000,-0.0120000,0.0777000
20240110,486,P,16.9550,16.9550,16.9550,16.9550,0,0,0.1821000,-0.9125000,0.0000000,10.3273000,-0.0686000,-8.5330000
20240110,411,C,58.5400,58.5400,58.5400,58.5400,0,0,0.4189000,0.9899000,0.0000000,1.7450000,-0.1121000,7.7814000
20240110,411,P,0.0250,0.0250,0.0250,0.0250,0,0,0.3515000,-0.0029000,0.0000000,0.5779000,-0.0143000,-0.0265000
20240110,443,C,26.6150,26.6150,26.6150,26.6150,0,0,0.2153000,0.9752000,0.0000000,3.7694000,-0.1215000,8.2615000
20240110,443,P,0.0550,0.0550,0.0550,0.0550,0,0,0.1865000,-0.0118000,0.0000000,2.0040000,-0.0258000,-0.1073000
20240110,475,C,0.8050,0.8050,0.8050,0.8050,0,0,0.1037000,0.2111000,0.0000000,18.7771000,-0.1536000,1.8835000
20240110,475,P,6.3150,6.3150,6.3150,6.3150,0,0,0.1048000,-0.7864000,0.0000000,18.9059000,-0.0862000,-7.1947000
20240110,432,C,37.5800,37.5800,37.5800,37.5800,0,0,0.2856000,0.9831000,0.0000000,2.7133000,-0.1179000,8.1229000
20240110,432,P,0.0350,0.0350,0.0350,0.0350,0,0,0.2402000,-0.0058000,0.0000000,1.0852000,-0.0182000,-0.0534000
20240110,464,C,6.5000,6.5000,6.5000,6.5000,0,0,0.1155000,0.7719000,0.0000000,19.6307000,-0.2145000,6.8185000
20240110,464,P,0.9400,0.9400,0.9400,0.9400,0,0,0.1124000,-0.2220000,0.0000000,19.3336000,-0.1397000,-2.0152000
20240110,496,P,26.9550,26.9550,26.9550,26.9550,0,0,0.2602000,-0.9338000,0.0000000,8.3476000,-0.0865000,-8.9168000
20240110,421,C,48.5600,48.5600,48.5600,48.5600,0,0,0.3564000,0.9872000,0.0000000,2.1379000,-0.1156000,7.9489000
20240110,421,P,0.0350,0.0350,0.0350,0.0350,0,0,0.3066000,-0.0048000,0.0000000,0.9074000,-0.0195000,-0.0438000
20240110,453,C,16.7200,16.7200,16.7200,16.7200,0,0,0.1604000,0.9476000,0.0000000,6.9515000,-0.1428000,8.2030000
20240110,453,P,0.1150,0.1150,0.1150,0.1150,0,0,0.1391000,-0.0309000,0.0000000,4.5384000,-0.0429000,-0.2807000
20240110,485,C,0.0350,0.0350,0.0350,0.0350,0,0,0.1044000,0.0126000,0.0000000,2.1244000,-0.0167000,0.1132000
20240110,485,P,15.9550,15.9550,15.9550,15.9550,0,0,0.1738000,-0.9093000,0.0000000,10.6037000,-0.0663000,-8.4854000
20240110,410,C,59.5400,59.5400,59.5400,59.5400,0,0,0.4267000,0.9899000,0.0000000,1.7460000,-0.1129000,7.7621000
20240110,410,P,0.0250,0.0250,0.0250,0.0250,0,0,0.3554000,-0.0027000,0.0000000,0.5472000,-0.0137000,-0.0249000
20240110,442,C,27.6050,27.6050,27.6050,27.6050,0,0,0.2197000,0.9772000,0.0000000,3.5127000,-0.1187000,8.2605000
20240110,442,P,0.0550,0.0550,0.0550,0.0550,0,0,0.1933000,-0.0116000,0.0000000,1.9799000,-0.0265000,-0.1059000
20240110,474,C,1.0450,1.0450,1.0450,1.0450,0,0,0.1042000,0.2569000,0.0000000,20.9398000,-0.1735000,2.2913000
20240110,474,P,5.5350,5.5350,5.5350,5.5350,0,0,0.1042000,-0.7430000,0.0000000,20.9398000,-0.1036000,-6.7897000
20240110,431,C,38.5800,38.5800,38.5800,38.5800,0,0,0.2929000,0.9833000,0.0000000,2.6845000,-0.1185000,8.1056000
20240110,431,P,0.0350,0.0350,0.0350,0.0350,0,0,0.2460000,-0.0057000,0.0000000,1.0613000,-0.0182000,-0.0521000
20240110,495,C,0.0150,0.0150,0.0150,0.0150,0,0,0.1406000,0.0034000,0.0000000,0.6667000,-0.0069000,0.0304000
20240110,495,P,25.9500,25.9500,25.9500,25.9500,0,0,0.2526000,-0.9323000,0.0000000,8.4932000,-0.0848000,-8.8841000
20240110,463,C,7.3200,7.3200,7.3200,7.3200,0,0,0.1174000,0.8067000,0.0000000,17.8086000,-0.2041000,7.1164000
20240110,463,P,0.7550,0.7550,0.7550,0.7550,0,0,0.1134000,-0.1850000,0.0000000,17.3410000,-0.1275000,-1.6789000
20240110,420,C,49.5550,49.5550,49.5550,49.5550,0,0,0.3593000,0.9882000,0.0000000,1.9985000,-0.1124000,7.9385000
20240110,420,P,0.0350,0.0350,0.0350,0.0350,0,0,0.3125000,-0.0047000,0.0000000,0.8906000,-0.0195000,-0.0429000
20240110,452,C,17.7000,17.7000,17.7000,17.7000,0,0,0.1655000,0.9524000,0.0000000,6.4356000,-0.1394000,8.2276000
20240110,452,P,0.1050,0.1050,0.1050,0.1050,0,0,0.1440000,-0.0277000,0.0000000,4.1433000,-0.0406000,-0.2516000
20240110,484,C,0.0450,0.0450,0.0450,0.0450,0,0,0.1025000,0.0164000,0.0000000,2.6576000,-0.0205000,0.1469000
20240110,484,P,14.9450,14.9450,14.9450,14.9450,0,0,0.1645000,-0.9070000,0.0000000,10.8013000,-0.0619000,-8.4454000
20240110,409,C,60.5350,60.5350,60.5350,60.5350,0,0,0.4277000,0.9908000,0.0000000,1.6046000,-0.1087000,7.7515000
20240110,409,P,0.0250,0.0250,0.0250,0.0250,0,0,0.3632000,-0.0028000,0.0000000,0.5628000,-0.0144000,-0.0257000
20240110,441,C,28.6100,28.6100,28.6100,28.6100,0,0,0.2299000,0.9762000,0.0000000,3.6309000,-0.1230000,8.2329000
20240110,441,P,0.0450,0.0450,0.0450,0.0450,0,0,0.1933000,-0.0093000,0.0000000,1.6285000,-0.0218000,-0.0846000
20240110,473,C,1.3350,1.3350,1.3350,1.3350,0,0,0.1048000,0.3073000,0.0000000,22.8278000,-0.1920000,2.7388000
20240110,473,P,4.8100,4.8100,4.8100,4.8100,0,0,0.1043000,-0.6935000,0.0000000,22.7999000,-0.1212000,-6.3304000
20240110,505,P,35.9450,35.9450,35.9450,35.9450,0,0,0.3244000,-0.9451000,0.0000000,7.2105000,-0.0963000,-9.1907000
20240110,430,C,39.5800,39.5800,39.5800,39.5800,0,0,0.2998000,0.9837000,0.0000000,2.6372000,-0.1187000,8.0895000
20240110,430,P,0.0350,0.0350,0.0350,0.0350,0,0,0.2519000,-0.0055000,0.0000000,1.0385000,-0.0182000,-0.0509000
20240110,494,C,0.0150,0.0150,0.0150,0.0150,0,0,0.1367000,0.0037000,0.0000000,0.7208000,-0.0072000,0.0332000
20240110,494,P,24.9550,24.9550,24.9550,24.9550,0,0,0.2451000,-0.9307000,0.0000000,8.6512000,-0.0833000,-8.8502000
20240110,462,C,8.1700,8.1700,8.1700,8.1700,0,0,0.1193000,0.8371000,0.0000000,15.9846000,-0.1930000,7.3736000
20240110,462,P,0.6050,0.6050,0.6050,0.6050,0,0,0.1147000,-0.1533000,0.0000000,15.3705000,-0.1152000,-1.3911000
20240110,419,C,50.5500,50.5500,50.5500,50.5500,0,0,0.3662000,0.9883000,0.0000000,1.9729000,-0.1125000,7.9209000
20240110,419,P,0.0250,0.0250,0.0250,0.0250,0,0,0.3046000,-0.0032000,0.0000000,0.6440000,-0.0137000,-0.0298000
20240110,451,C,18.6900,18.6900,18.6900,18.6900,0,0,0.1716000,0.9557000,0.0000000,6.0702000,-0.1378000,8.2387000
20240110,451,P,0.0950,0.0950,0.0950,0.0950,0,0,0.1484000,-0.0246000,0.0000000,3.7481000,-0.0380000,-0.2232000
20240110,483,C,0.0650,0.0650,0.0650,0.0650,0,0,0.1030000,0.0239000,0.0000000,3.6564000,-0.0285000,0.2139000
20240110,483,P,13.9600,13.9600,13.9600,13.9600,0,0,0.1579000,-0.9005000,0.0000000,11.3560000,-0.0636000,-8.3677000
20240110,515,P,45.9550,45.9550,45.9550,45.9550,0,0,0.3950000,-0.9518000,0.0000000,6.4972000,-0.1106000,-9.4432000
20240110,525,P,55.9550,55.9550,55.9550,55.9550,0,0,0.4609000,-0.9571000,0.0000000,5.9209000,-0.1203000,-9.6822000
20240110,440,C,29.6000,29.6000,29.6000,29.6000,0,0,0.2343000,0.9780000,0.0000000,3.3965000,-0.1202000,8.2302000
20240110,440,P,0.0450,0.0450,0.0450,0.0450,0,0,0.1992000,-0.0089000,0.0000000,1.5760000,-0.0217000,-0.0815000
20240110,408,C,61.5300,61.5300,61.5300,61.5300,0,0,0.4355000,0.9908000,0.0000000,1.6071000,-0.1095000,7.7322000
20240110,408,P,0.0250,0.0250,0.0250,0.0250,0,0,0.3671000,-0.0026000,0.0000000,0.5335000,-0.0138000,-0.0243000
20240110,472,C,1.6750,1.6750,1.6750,1.6750,0,0,0.1053000,0.3609000,0.0000000,24.3212000,-0.2077000,3.2144000
20240110,472,P,4.1400,4.1400,4.1400,4.1400,0,0,0.1044000,-0.6402000,0.0000000,24.2930000,-0.1362000,-5.8387000
20240110,429,C,40.5700,40.5700,40.5700,40.5700,0,0,0.3037000,0.9848000,0.0000000,2.4809000,-0.1160000,8.0805000
20240110,429,P,0.0350,0.0350,0.0350,0.0350,0,0,0.2578000,-0.0054000,0.0000000,1.0166000,-0.0183000,-0.0497000
20240110,493,C,0.0150,0.0150,0.0150,0.0150,0,0,0.1328000,0.0040000,0.0000000,0.7826000,-0.0077000,0.0364000
20240110,493,P,23.9500,23.9500,23.9500,23.9500,0,0,0.2375000,-0.9289000,0.0000000,8.8230000,-0.0818000,-8.8149000
20240110,461,C,9.0550,9.0550,9.0550,9.0550,0,0,0.1217000,0.8628000,0.0000000,14.2576000,-0.1823000,7.5874000
20240110,461,P,0.4850,0.4850,0.4850,0.4850,0,0,0.1163000,-0.1265000,0.0000000,13.4869000,-0.1032000,-1.1476000
20240110,535,P,65.9500,65.9500,65.9500,65.9500,0,0,0.5246000,-0.9608000,0.0000000,5.4952000,-0.1296000,-9.9079000
20240110,450,C,19.6550,19.6550,19.6550,19.6550,0,0,0.1723000,0.9632000,0.0000000,5.2249000,-0.1281000,8.2873000
20240110,450,P,0.0850,0.0850,0.0850,0.0850,0,0,0.1523000,-0.0215000,0.0000000,3.3565000,-0.0350000,-0.1958000
20240110,418,C,51.5500,51.5500,51.5500,51.5500,0,0,0.3740000,0.9883000,0.0000000,1.9738000,-0.1135000,7.9016000
20240110,418,P,0.0250,0.0250,0.0250,0.0250,0,0,0.3105000,-0.0032000,0.0000000,0.6352000,-0.0138000,-0.0294000
20240110,482,C,0.0850,0.0850,0.0850,0.0850,0,0,0.1015000,0.0314000,0.0000000,4.5914000,-0.0354000,0.2810000
20240110,482,P,12.9600,12.9600,12.9600,12.9600,0,0,0.1494000,-0.8959000,0.0000000,11.7301000,-0.0612000,-8.3078000
20240110,439,C,30.6000,30.6000,30.6000,30.6000,0,0,0.2416000,0.9785000,0.0000000,3.3429000,-0.1209000,8.2147000
20240110,439,P,0.0450,0.0450,0.0450,0.0450,0,0,0.2060000,-0.0089000,0.0000000,1.5679000,-0.0224000,-0.0810000
20240110,407,C,62.5300,62.5300,62.5300,62.5300,0,0,0.4423000,0.9909000,0.0000000,1.5899000,-0.1096000,7.7140000
20240110,407,P,0.0250,0.0250,0.0250,0.0250,0,0,0.3750000,-0.0027000,0.0000000,0.5481000,-0.0144000,-0.0250000
20240110,471,C,2.0850,2.0850,2.0850,2.0850,0,0,0.1064000,0.4175000,0.0000000,25.3561000,-0.2213000,3.7155000
20240110,471,P,3.5400,3.5400,3.5400,3.5400,0,0,0.1051000,-0.5836000,0.0000000,25.3410000,-0.1492000,-5.3173000
20240110,545,P,75.9500,75.9500,75.9500,75.9500,0,0,0.5863000,-0.9637000,0.0000000,5.1673000,-0.1384000,-10.1252000
20240110,428,C,41.5700,41.5700,41.5700,41.5700,0,0,0.3105000,0.9851000,0.0000000,2.4407000,-0.1162000,8.0639000
20240110,428,P,0.0350,0.0350,0.0350,0.0350,0,0,0.2636000,-0.0053000,0.0000000,0.9957000,-0.0183000,-0.0485000
20240110,460,C,9.9550,9.9550,9.9550,9.9550,0,0,0.1239000,0.8850000,0.0000000,12.6042000,-0.1713000,7.7700000
20240110,460,P,0.3950,0.3950,0.3950,0.3950,0,0,0.1186000,-0.1051000,0.0000000,11.8200000,-0.0928000,-0.9529000
20240110,492,C,0.0150,0.0150,0.0150,0.0150,0,0,0.1269000,0.0039000,0.0000000,0.7673000,-0.0072000,0.0356000
20240110,492,P,22.9500,22.9500,22.9500,22.9500,0,0,0.2297000,-0.9271000,0.0000000,8.9897000,-0.0799000,-8.7799000
20240110,417,C,52.5500,52.5500,52.5500,52.5500,0,0,0.3808000,0.9885000,0.0000000,1.9487000,-0.1137000,7.8840000
20240110,417,P,0.0250,0.0250,0.0250,0.0250,0,0,0.3164000,-0.0031000,0.0000000,0.6266000,-0.0139000,-0.0290000
20240110,449,C,20.6500,20.6500,20.6500,20.6500,0,0,0.1796000,0.9646000,0.0000000,5.0635000,-0.1287000,8.2806000
20240110,449,P,0.0850,0.0850,0.0850,0.0850,0,0,0.1591000,-0.0208000,0.0000000,3.2557000,-0.0355000,-0.1889000
20240110,481,C,0.1250,0.1250,0.1250,0.1250,0,0,0.1020000,0.0441000,0.0000000,6.0624000,-0.0472000,0.3948000
20240110,481,P,11.9600,11.9600,11.9600,11.9600,0,0,0.1407000,-0.8908000,0.0000000,12.1430000,-0.0586000,-8.2427000
20240110,438,C,31.5950,31.5950,31.5950,31.5950,0,0,0.2460000,0.9800000,0.0000000,3.1356000,-0.1183000,8.2097000
20240110,438,P,0.0450,0.0450,0.0450,0.0450,0,0,0.2119000,-0.0086000,0.0000000,1.5202000,-0.0224000,-0.0783000
20240110,406,C,63.5350,63.5350,63.5350,63.5350,0,0,0.4501000,0.9909000,0.0000000,1.5917000,-0.1104000,7.6948000
20240110,406,P,0.0250,0.0250,0.0250,0.0250,0,0,0.3789000,-0.0025000,0.0000000,0.5202000,-0.0138000,-0.0236000
20240110,470,C,2.5550,2.5550,2.5550,2.5550,0,0,0.1076000,0.4747000,0.0000000,25.8604000,-0.2312000,4.2217000
20240110,470,P,3.0000,3.0000,3.0000,3.0000,0,0,0.1058000,-0.5257000,0.0000000,25.8583000,-0.1587000,-4.7863000
20240110,427,C,42.5650,42.5650,42.5650,42.5650,0,0,0.3134000,0.9863000,0.0000000,2.2657000,-0.1127000,8.0560000
20240110,427,P,0.0350,0.0350,0.0350,0.0350,0,0,0.2695000,-0.0052000,0.0000000,0.9756000,-0.0184000,-0.0475000
20240110,491,C,0.0150,0.0150,0.0150,0.0150,0,0,0.1210000,0.0038000,0.0000000,0.7514000,-0.0067000,0.0348000
20240110,491,P,21.9550,21.9550,21.9550,21.9550,0,0,0.2219000,-0.9252000,0.0000000,9.1721000,-0.0780000,-8.7433000
20240110,459,C,10.8800,10.8800,10.8800,10.8800,0,0,0.1273000,0.9018000,0.0000000,11.2434000,-0.1631000,7.9035000
20240110,459,P,0.3250,0.3250,0.3250,0.3250,0,0,0.1213000,-0.0876000,0.0000000,10.3458000,-0.0835000,-0.7949000
20240111,416,C,53.8250,53.8250,53.8250,53.8250,0,0,0.4301000,0.9734000,0.0000000,4.2685000,-0.1742000,8.8272000
20240111,416,P,0.0350,0.0350,0.0350,0.0350,0,0,0.3144000,-0.0043000,0.0000000,0.8824000,-0.0170000,-0.0451000
20240111,448,C,21.9950,21.9950,21.9950,21.9950,0,0,0.2141000,0.9331000,0.0000000,8.9982000,-0.1817000,9.1106000
20240111,448,P,0.1350,0.1350,0.1350,0.1350,0,0,0.1684000,-0.0288000,0.0000000,4.5702000,-0.0461000,-0.2991000
20240111,480,C,0.3450,0.3450,0.3450,0.3450,0,0,0.1120000,0.0941000,0.0000000,11.6630000,-0.0881000,0.9608000
20240111,480,P,10.9550,10.9550,10.9550,10.9550,0,0,0.1271000,-0.8763000,0.0000000,14.1894000,-0.0504000,-9.2483000
20240111,437,C,32.9000,32.9000,32.9000,32.9000,0,0,0.2878000,0.9562000,0.0000000,6.4377000,-0.1771000,9.1087000
20240111,437,P,0.0650,0.0650,0.0650,0.0650,0,0,0.2148000,-0.0114000,0.0000000,2.0769000,-0.0270000,-0.1186000
20240111,469,C,3.7100,3.7100,3.7100,3.7100,0,0,0.1233000,0.5303000,0.0000000,27.6210000,-0.2491000,5.3706000
20240111,469,P,2.8850,2.8850,2.8850,2.8850,0,0,0.1140000,-0.4677000,0.0000000,27.6107000,-0.1640000,-4.8715000
20240111,426,C,43.8500,43.8500,43.8500,43.8500,0,0,0.3618000,0.9674000,0.0000000,5.0515000,-0.1747000,8.9844000
20240111,426,P,0.0450,0.0450,0.0450,0.0450,0,0,0.2675000,-0.0066000,0.0000000,1.2849000,-0.0210000,-0.0687000
20240111,458,C,12.3000,12.3000,12.3000,12.3000,0,0,0.1544000,0.8650000,0.0000000,15.0748000,-0.2035000,8.6226000
20240111,458,P,0.4450,0.4450,0.4450,0.4450,0,0,0.1325000,-0.1000000,0.0000000,12.1875000,-0.0939000,-1.0377000
20240111,490,C,0.0250,0.0250,0.0250,0.0250,0,0,0.1171000,0.0072000,0.0000000,1.3925000,-0.0106000,0.0739000
20240111,490,P,20.9500,20.9500,20.9500,20.9500,0,0,0.2067000,-0.9155000,0.0000000,10.7560000,-0.0725000,-9.8705000
20240111,415,C,54.8200,54.8200,54.8200,54.8200,0,0,0.4375000,0.9738000,0.0000000,4.2204000,-0.1747000,8.8090000
20240111,415,P,0.0350,0.0350,0.0350,0.0350,0,0,0.3203000,-0.0042000,0.0000000,0.8741000,-0.0171000,-0.0446000
20240111,447,C,22.9850,22.9850,22.9850,22.9850,0,0,0.2209000,0.9360000,0.0000000,8.6920000,-0.1814000,9.1189000
20240111,447,P,0.1250,0.1250,0.1250,0.1250,0,0,0.1723000,-0.0259000,0.0000000,4.1907000,-0.0433000,-0.2696000
20240111,479,C,0.4500,0.4500,0.4500,0.4500,0,0,0.1125000,0.1181000,0.0000000,13.7368000,-0.1047000,1.2044000
20240111,479,P,9.9850,9.9850,9.9850,9.9850,0,0,0.1206000,-0.8652000,0.0000000,15.0583000,-0.0521000,-9.1132000
20240111,436,C,33.8900,33.8900,33.8900,33.8900,0,0,0.2939000,0.9578000,0.0000000,6.2410000,-0.1759000,9.1039000
20240111,436,P,0.0650,0.0650,0.0650,0.0650,0,0,0.2216000,-0.0113000,0.0000000,2.0740000,-0.0279000,-0.1185000
20240111,468,C,4.3050,4.3050,4.3050,4.3050,0,0,0.1250000,0.5756000,0.0000000,27.2019000,-0.2517000,5.8232000
20240111,468,P,2.4700,2.4700,2.4700,2.4700,0,0,0.1155000,-0.4188000,0.0000000,27.1258000,-0.1665000,-4.3596000
20240111,500,C,0.0150,0.0150,0.0150,0.0150,0,0,0.1542000,0.0031000,0.0000000,0.6544000,-0.0065000,0.0316000
20240111,500,P,30.9550,30.9550,30.9550,30.9550,0,0,0.2790000,-0.9330000,0.0000000,9.0067000,-0.0878000,-10.2701000
20240111,425,C,44.8500,44.8500,44.8500,44.8500,0,0,0.3696000,0.9678000,0.0000000,5.0041000,-0.1760000,8.9662000
20240111,425,P,0.0450,0.0450,0.0450,0.0450,0,0,0.2734000,-0.0064000,0.0000000,1.2665000,-0.0211000,-0.0676000
20240111,457,C,13.2350,13.2350,13.2350,13.2350,0,0,0.1589000,0.8780000,0.0000000,14.0479000,-0.1984000,8.7363000
20240111,457,P,0.3750,0.3750,0.3750,0.3750,0,0,0.1347000,-0.0852000,0.0000000,10.8311000,-0.0852000,-0.8847000
20240111,489,C,0.0250,0.0250,0.0250,0.0250,0,0,0.1132000,0.0080000,0.0000000,1.5230000,-0.0113000,0.0818000
20240111,489,P,19.9550,19.9550,19.9550,19.9550,0,0,0.1992000,-0.9130000,0.0000000,10.9920000,-0.0706000,-9.8230000
20240111,414,C,55.8200,55.8200,55.8200,55.8200,0,0,0.4453000,0.9740000,0.0000000,4.1901000,-0.1758000,8.7894000
20240111,414,P,0.0350,0.0350,0.0350,0.0350,0,0,0.3261000,-0.0042000,0.0000000,0.8659000,-0.0173000,-0.0442000
20240111,446,C,23.9750,23.9750,23.9750,23.9750,0,0,0.2277000,0.9387000,0.0000000,8.4073000,-0.1811000,9.1247000
20240111,446,P,0.1150,0.1150,0.1150,0.1150,0,0,0.1767000,-0.0237000,0.0000000,3.8903000,-0.0413000,-0.2468000
20240111,478,C,0.5850,0.5850,0.5850,0.5850,0,0,0.1127000,0.1453000,0.0000000,15.8509000,-0.1217000,1.4813000
20240111,478,P,9.0150,9.0150,9.0150,9.0150,0,0,0.1136000,-0.8528000,0.0000000,15.9861000,-0.0531000,-8.9643000
20240111,510,P,40.9550,40.9550,40.9550,40.9550,0,0,0.3469000,-0.9432000,0.0000000,7.9228000,-0.1004000,-10.5935000
20240111,435,C,34.8850,34.8850,34.8850,34.8850,0,0,0.2998000,0.9595000,0.0000000,6.0401000,-0.1744000,9.0994000
20240111,435,P,0.0650,0.0650,0.0650,0.0650,0,0,0.2275000,-0.0110000,0.0000000,2.0254000,-0.0280000,-0.1153000
20240111,467,C,4.9500,4.9500,4.9500,4.9500,0,0,0.1272000,0.6183000,0.0000000,26.4726000,-0.2526000,6.2483000
20240111,467,P,2.1050,2.1050,2.1050,2.1050,0,0,0.1166000,-0.3718000,0.0000000,26.2605000,-0.1654000,-3.8690000
20240111,499,C,0.0150,0.0150,0.0150,0.0150,0,0,0.1484000,0.0029000,0.0000000,0.6231000,-0.0059000,0.0299000
20240111,499,P,29.9550,29.9550,29.9550,29.9550,0,0,0.2719000,-0.9318000,0.0000000,9.1374000,-0.0863000,-10.2352000
20240111,424,C,45.8500,45.8500,45.8500,45.8500,0,0,0.3769000,0.9683000,0.0000000,4.9365000,-0.1766000,8.9497000
20240111,424,P,0.0450,0.0450,0.0450,0.0450,0,0,0.2792000,-0.0063000,0.0000000,1.2486000,-0.0213000,-0.0665000
20240111,456,C,14.2150,14.2150,14.2150,14.2150,0,0,0.1665000,0.8853000,0.0000000,13.4460000,-0.1991000,8.7901000
20240111,456,P,0.3250,0.3250,0.3250,0.3250,0,0,0.1379000,-0.0739000,0.0000000,9.7288000,-0.0787000,-0.7676000
20240111,488,C,0.0350,0.0350,0.0350,0.0350,0,0,0.1132000,0.0111000,0.0000000,2.0284000,-0.0151000,0.1135000
20240111,488,P,18.9550,18.9550,18.9550,18.9550,0,0,0.1916000,-0.9102000,0.0000000,11.2521000,-0.0689000,-9.7726000
20240111,520,P,50.9600,50.9600,50.9600,50.9600,0,0,0.4128000,-0.9493000,0.0000000,7.2385000,-0.1134000,-10.8758000
20240111,413,C,56.8200,56.8200,56.8200,56.8200,0,0,0.4526000,0.9743000,0.0000000,4.1438000,-0.1763000,8.7710000
20240111,413,P,0.0350,0.0350,0.0350,0.0350,0,0,0.3320000,-0.0041000,0.0000000,0.8577000,-0.0175000,-0.0437000
20240111,445,C,24.9450,24.9450,24.9450,24.9450,0,0,0.2319000,0.9432000,0.0000000,7.9181000,-0.1764000,9.1498000
20240111,445,P,0.1050,0.1050,0.1050,0.1050,0,0,0.1801000,-0.0212000,0.0000000,3.5400000,-0.0383000,-0.2206000
20240111,477,C,0.7550,0.7550,0.7550,0.7550,0,0,0.1135000,0.1774000,0.0000000,18.0574000,-0.1403000,1.8077000
20240111,477,P,8.1350,8.1350,8.1350,8.1350,0,0,0.1114000,-0.8270000,0.0000000,17.7641000,-0.0652000,-8.6803000
20240111,434,C,35.8800,35.8800,35.8800,35.8800,0,0,0.3073000,0.9602000,0.0000000,5.9487000,-0.1754000,9.0852000
20240111,434,P,0.0650,0.0650,0.0650,0.0650,0,0,0.2333000,-0.0108000,0.0000000,1.9793000,-0.0281000,-0.1123000
20240111,466,C,5.6400,5.6400,5.6400,5.6400,0,0,0.1295000,0.6583000,0.0000000,25.4880000,-0.2510000,6.6446000
20240111,466,P,1.7800,1.7800,1.7800,1.7800,0,0,0.1181000,-0.3278000,0.0000000,25.0814000,-0.1621000,-3.4096000
20240111,498,C,0.0150,0.0150,0.0150,0.0150,0,0,0.1445000,0.0031000,0.0000000,0.6560000,-0.0061000,0.0317000
20240111,498,P,28.9550,28.9550,28.9550,28.9550,0,0,0.2650000,-0.9303000,0.0000000,9.2875000,-0.0851000,-10.1983000
20240111,530,P,60.9500,60.9500,60.9500,60.9500,0,0,0.4731000,-0.9547000,0.0000000,6.6074000,-0.1202000,-11.1509000
20240111,423,C,46.8450,46.8450,46.8450,46.8450,0,0,0.3823000,0.9695000,0.0000000,4.7876000,-0.1746000,8.9398000
20240111,423,P,0.0450,0.0450,0.0450,0.0450,0,0,0.2851000,-0.0062000,0.0000000,1.2312000,-0.0215000,-0.0655000
20240111,455,C,15.1650,15.1650,15.1650,15.1650,0,0,0.1715000,0.8951000,0.0000000,12.6123000,-0.1949000,8.8698000
20240111,455,P,0.2750,0.2750,0.2750,0.2750,0,0,0.1403000,-0.0633000,0.0000000,8.6269000,-0.0712000,-0.6568000
20240111,487,C,0.0450,0.0450,0.0450,0.0450,0,0,0.1123000,0.0145000,0.0000000,2.5554000,-0.0189000,0.1482000
20240111,487,P,17.9550,17.9550,17.9550,17.9550,0,0,0.1838000,-0.9074000,0.0000000,11.5123000,-0.0667000,-9.7218000
20240111,412,C,57.8100,57.8100,57.8100,57.8100,0,0,0.4575000,0.9752000,0.0000000,4.0183000,-0.1739000,8.7588000
20240111,412,P,0.0350,0.0350,0.0350,0.0350,0,0,0.3359000,-0.0039000,0.0000000,0.8164000,-0.0168000,-0.0414000
20240111,444,C,25.9350,25.9350,25.9350,25.9350,0,0,0.2382000,0.9457000,0.0000000,7.6386000,-0.1754000,9.1540000
20240111,444,P,0.0950,0.0950,0.0950,0.0950,0,0,0.1835000,-0.0190000,0.0000000,3.2245000,-0.0356000,-0.1976000
20240111,476,C,0.9550,0.9550,0.9550,0.9550,0,0,0.1140000,0.2127000,0.0000000,20.1675000,-0.1583000,2.1667000
20240111,476,P,7.3050,7.3050,7.3050,7.3050,0,0,0.1105000,-0.7944000,0.0000000,19.7613000,-0.0804000,-8.3266000
20240111,540,P,70.9550,70.9550,70.9550,70.9550,0,0,0.5328000,-0.9583000,0.0000000,6.1802000,-0.1289000,-11.4070000
20240111,433,C,36.8800,36.8800,36.8800,36.8800,0,0,0.3149000,0.9610000,0.0000000,5.8612000,-0.1764000,9.0706000
20240111,433,P,0.0550,0.0550,0.0550,0.0550,0,0,0.2333000,-0.0090000,0.0000000,1.6941000,-0.0240000,-0.0940000
20240111,465,C,6.3600,6.3600,6.3600,6.3600,0,0,0.1315000,0.6957000,0.0000000,24.2954000,-0.2470000,7.0128000
20240111,465,P,1.5050,1.5050,1.5050,1.5050,0,0,0.1194000,-0.2869000,0.0000000,23.6488000,-0.1564000,-2.9823000
20240111,497,C,0.0150,0.0150,0.0150,0.0150,0,0,0.1406000,0.0033000,0.0000000,0.6927000,-0.0063000,0.0337000
20240111,497,P,27.9550,27.9550,27.9550,27.9550,0,0,0.2579000,-0.9288000,0.0000000,9.4391000,-0.0837000,-10.1612000
20240111,422,C,47.8400,47.8400,47.8400,47.8400,0,0,0.3896000,0.9699000,0.0000000,4.7262000,-0.1752000,8.9228000
20240111,422,P,0.0450,0.0450,0.0450,0.0450,0,0,0.2910000,-0.0061000,0.0000000,1.2142000,-0.0216000,-0.0645000
20240111,454,C,16.1250,16.1250,16.1250,16.1250,0,0,0.1768000,0.9033000,0.0000000,11.8815000,-0.1915000,8.9334000
20240111,454,P,0.2450,0.2450,0.2450,0.2450,0,0,0.1442000,-0.0559000,0.0000000,7.8296000,-0.0666000,-0.5804000
20240111,486,C,0.0550,0.0550,0.0550,0.0550,0,0,0.1103000,0.0180000,0.0000000,3.0775000,-0.0224000,0.1842000
20240111,486,P,16.9550,16.9550,16.9550,16.9550,0,0,0.1760000,-0.9042000,0.0000000,11.8019000,-0.0647000,-9.6673000
20240111,411,C,58.8100,58.8100,58.8100,58.8100,0,0,0.4653000,0.9754000,0.0000000,3.9913000,-0.1749000,8.7389000
20240111,411,P,0.0350,0.0350,0.0350,0.0350,0,0,0.3437000,-0.0041000,0.0000000,0.8415000,-0.0177000,-0.0428000
20240111,443,C,26.9250,26.9250,26.9250,26.9250,0,0,0.2448000,0.9479000,0.0000000,7.3964000,-0.1748000,9.1545000
20240111,443,P,0.0950,0.0950,0.0950,0.0950,0,0,0.1899000,-0.0184000,0.0000000,3.1463000,-0.0360000,-0.1921000
20240111,475,C,1.2050,1.2050,1.2050,1.2050,0,0,0.1151000,0.2528000,0.0000000,22.1975000,-0.1770000,2.5728000
20240111,475,P,6.5150,6.5150,6.5150,6.5150,0,0,0.1101000,-0.7569000,0.0000000,21.7335000,-0.0961000,-7.9242000
20240111,432,C,37.8800,37.8800,37.8800,37.8800,0,0,0.3225000,0.9616000,0.0000000,5.7772000,-0.1774000,9.0558000
20240111,432,P,0.0550,0.0550,0.0550,0.0550,0,0,0.2392000,-0.0088000,0.0000000,1.6614000,-0.0242000,-0.0919000
20240111,464,C,7.1200,7.1200,7.1200,7.1200,0,0,0.1339000,0.7298000,0.0000000,22.9663000,-0.2417000,7.3464000
20240111,464,P,1.2650,1.2650,1.2650,1.2650,0,0,0.1209000,-0.2494000,0.0000000,22.0414000,-0.1490000,-2.5923000
20240111,496,C,0.0150,0.0150,0.0150,0.0150,0,0,0.1367000,0.0035000,0.0000000,0.7338000,-0.0065000,0.0359000
20240111,496,P,26.9500,26.9500,26.9500,26.9500,0,0,0.2507000,-0.9273000,0.0000000,9.5925000,-0.0821000,-10.1237000
20240111,421,C,48.8400,48.8400,48.8400,48.8400,0,0,0.3974000,0.9702000,0.0000000,4.6863000,-0.1764000,8.9040000
20240111,421,P,0.0450,0.0450,0.0450,0.0450,0,0,0.2958000,-0.0059000,0.0000000,1.1735000,-0.0212000,-0.0621000
20240111,453,C,17.0900,17.0900,17.0900,17.0900,0,0,0.1828000,0.9100000,0.0000000,11.2735000,-0.1893000,8.9803000
20240111,453,P,0.2150,0.2150,0.2150,0.2150,0,0,0.1474000,-0.0487000,0.0000000,7.0198000,-0.0612000,-0.5058000
20240111,485,C,0.0750,0.0750,0.0750,0.0750,0,0,0.1103000,0.0244000,0.0000000,3.9768000,-0.0291000,0.2493000
20240111,485,P,15.9550,15.9550,15.9550,15.9550,0,0,0.1682000,-0.9006000,0.0000000,12.1252000,-0.0627000,-9.6085000
20240111,410,C,59.8100,59.8100,59.8100,59.8100,0,0,0.4726000,0.9757000,0.0000000,3.9491000,-0.1754000,8.7201000
20240111,410,P,0.0350,0.0350,0.0350,0.0350,0,0,0.3476000,-0.0038000,0.0000000,0.8019000,-0.0171000,-0.0406000
20240111,442,C,27.9200,27.9200,27.9200,27.9200,0,0,0.2524000,0.9492000,0.0000000,7.2430000,-0.1759000,9.1466000
20240111,442,P,0.0850,0.0850,0.0850,0.0850,0,0,0.1928000,-0.0164000,0.0000000,2.8439000,-0.0331000,-0.1706000
20240111,474,C,1.4950,1.4950,1.4950,1.4950,0,0,0.1160000,0.2955000,0.0000000,23.9790000,-0.1942000,3.0056000
20240111,474,P,5.7750,5.7750,5.7750,5.7750,0,0,0.1101000,-0.7146000,0.0000000,23.5881000,-0.1120000,-7.4728000
20240111,431,C,38.8700,38.8700,38.8700,38.8700,0,0,0.3281000,0.9631000,0.0000000,5.5927000,-0.1756000,9.0494000
20240111,431,P,0.0550,0.0550,0.0550,0.0550,0,0,0.2451000,-0.0086000,0.0000000,1.6300000,-0.0243000,-0.0900000
20240111,463,C,7.9200,7.9200,7.9200,7.9200,0,0,0.1366000,0.7602000,0.0000000,21.5749000,-0.2357000,7.6414000
20240111,463,P,1.0600,1.0600,1.0600,1.0600,0,0,0.1226000,-0.2161000,0.0000000,20.3495000,-0.1409000,-2.2448000
20240111,495,C,0.0150,0.0150,0.0150,0.0150,0,0,0.1328000,0.0037000,0.0000000,0.7801000,-0.0067000,0.0385000
20240111,495,P,25.9600,25.9600,25.9600,25.9600,0,0,0.2446000,-0.9247000,0.0000000,9.8524000,-0.0827000,-10.0754000
20240111,420,C,49.8450,49.8450,49.8450,49.8450,0,0,0.4047000,0.9707000,0.0000000,4.6278000,-0.1769000,8.8867000
20240111,420,P,0.0450,0.0450,0.0450,0.0450,0,0,0.3017000,-0.0058000,0.0000000,1.1581000,-0.0214000,-0.0612000
20240111,452,C,18.0650,18.0650,18.0650,18.0650,0,0,0.1884000,0.9163000,0.0000000,10.6752000,-0.1865000,9.0242000
20240111,452,P,0.1950,0.1950,0.1950,0.1950,0,0,0.1518000,-0.0438000,0.0000000,6.4427000,-0.0580000,-0.4546000
20240111,484,C,0.1050,0.1050,0.1050,0.1050,0,0,0.1108000,0.0331000,0.0000000,5.1372000,-0.0378000,0.3390000
20240111,484,P,14.9500,14.9500,14.9500,14.9500,0,0,0.1601000,-0.8969000,0.0000000,12.4567000,-0.0603000,-9.5480000
20240111,409,C,60.8100,60.8100,60.8100,60.8100,0,0,0.4799000,0.9760000,0.0000000,3.9078000,-0.1758000,8.7013000
20240111,409,P,0.0350,0.0350,0.0350,0.0350,0,0,0.3535000,-0.0038000,0.0000000,0.7946000,-0.0172000,-0.0402000
20240111,441,C,28.9150,28.9150,28.9150,28.9150,0,0,0.2587000,0.9513000,0.0000000,7.0096000,-0.1749000,9.1458000
20240111,441,P,0.0850,0.0850,0.0850,0.0850,0,0,0.1992000,-0.0160000,0.0000000,2.7853000,-0.0335000,-0.1666000
20240111,473,C,1.8300,1.8300,1.8300,1.8300,0,0,0.1171000,0.3407000,0.0000000,25.4651000,-0.2098000,3.4632000
20240111,473,P,5.0850,5.0850,5.0850,5.0850,0,0,0.1104000,-0.6686000,0.0000000,25.1869000,-0.1268000,-6.9852000
20240111,505,C,0.0150,0.0150,0.0150,0.0150,0,0,0.1757000,0.0027000,0.0000000,0.5782000,-0.0065000,0.0275000
20240111,505,P,35.9550,35.9550,35.9550,35.9550,0,0,0.3134000,-0.9387000,0.0000000,8.4110000,-0.0944000,-10.4377000
20240111,430,C,39.8700,39.8700,39.8700,39.8700,0,0,0.3359000,0.9636000,0.0000000,5.5305000,-0.1769000,9.0326000
20240111,430,P,0.0550,0.0550,0.0550,0.0550,0,0,0.2509000,-0.0084000,0.0000000,1.6000000,-0.0245000,-0.0881000
20240111,462,C,8.7450,8.7450,8.7450,8.7450,0,0,0.1391000,0.7880000,0.0000000,20.1212000,-0.2282000,7.9093000
20240111,462,P,0.8850,0.8850,0.8850,0.8850,0,0,0.1240000,-0.1854000,0.0000000,18.5618000,-0.1309000,-1.9255000
20240111,494,C,0.0150,0.0150,0.0150,0.0150,0,0,0.1269000,0.0035000,0.0000000,0.7461000,-0.0061000,0.0366000
20240111,494,P,24.9400,24.9400,24.9400,24.9400,0,0,0.2353000,-0.9247000,0.0000000,9.8518000,-0.0771000,-10.0531000
20240111,419,C,50.8300,50.8300,50.8300,50.8300,0,0,0.4101000,0.9717000,0.0000000,4.4955000,-0.1750000,8.8753000
20240111,419,P,0.0350,0.0350,0.0350,0.0350,0,0,0.2968000,-0.0044000,0.0000000,0.9075000,-0.0165000,-0.0465000
20240111,451,C,19.0250,19.0250,19.0250,19.0250,0,0,0.1928000,0.9233000,0.0000000,9.9969000,-0.1816000,9.0747000
20240111,451,P,0.1750,0.1750,0.1750,0.1750,0,0,0.1555000,-0.0388000,0.0000000,5.8405000,-0.0540000,-0.4028000
20240111,483,C,0.1350,0.1350,0.1350,0.1350,0,0,0.1098000,0.0422000,0.0000000,6.2563000,-0.0458000,0.4315000
20240111,483,P,13.9600,13.9600,13.9600,13.9600,0,0,0.1529000,-0.8913000,0.0000000,12.9439000,-0.0599000,-9.4686000
20240111,515,P,45.9550,45.9550,45.9550,45.9550,0,0,0.3793000,-0.9469000,0.0000000,7.5074000,-0.1056000,-10.7415000
20240111,525,P,55.9500,55.9500,55.9500,55.9500,0,0,0.4426000,-0.9525000,0.0000000,6.8707000,-0.1158000,-11.0181000
20240111,408,C,61.8200,61.8200,61.8200,61.8200,0,0,0.4902000,0.9757000,0.0000000,3.9557000,-0.1796000,8.6756000
20240111,408,P,0.0350,0.0350,0.0350,0.0350,0,0,0.3593000,-0.0038000,0.0000000,0.7874000,-0.0174000,-0.0398000
20240111,440,C,29.9100,29.9100,29.9100,29.9100,0,0,0.2666000,0.9523000,0.0000000,6.8932000,-0.1764000,9.1342000
20240111,440,P,0.0750,0.0750,0.0750,0.0750,0,0,0.2011000,-0.0139000,0.0000000,2.4680000,-0.0300000,-0.1447000
20240111,472,C,2.2250,2.2250,2.2250,2.2250,0,0,0.1184000,0.3878000,0.0000000,26.5989000,-0.2234000,3.9381000
20240111,472,P,4.4500,4.4500,4.4500,4.4500,0,0,0.1112000,-0.6197000,0.0000000,26.4446000,-0.1402000,-6.4680000
20240111,429,C,40.8650,40.8650,40.8650,40.8650,0,0,0.3413000,0.9651000,0.0000000,5.3478000,-0.1748000,9.0259000
20240111,429,P,0.0550,0.0550,0.0550,0.0550,0,0,0.2568000,-0.0082000,0.0000000,1.5711000,-0.0246000,-0.0863000
20240111,493,C,0.0150,0.0150,0.0150,0.0150,0,0,0.1230000,0.0038000,0.0000000,0.7984000,-0.0064000,0.0395000
20240111,493,P,23.9550,23.9550,23.9550,23.9550,0,0,0.2290000,-0.9220000,0.0000000,10.1223000,-0.0774000,-10.0034000
20240111,461,C,9.6000,9.6000,9.6000,9.6000,0,0,0.1425000,0.8115000,0.0000000,18.7480000,-0.2218000,8.1322000
20240111,461,P,0.7450,0.7450,0.7450,0.7450,0,0,0.1260000,-0.1595000,0.0000000,16.8606000,-0.1217000,-1.6559000
20240111,535,P,65.9500,65.9500,65.9500,65.9500,0,0,0.5031000,-0.9567000,0.0000000,6.3767000,-0.1245000,-11.2805000
20240111,418,C,51.8300,51.8300,51.8300,51.8300,0,0,0.4174000,0.9721000,0.0000000,4.4419000,-0.1755000,8.8575000
20240111,418,P,0.0350,0.0350,0.0350,0.0350,0,0,0.3027000,-0.0044000,0.0000000,0.8991000,-0.0167000,-0.0460000
20240111,450,C,20.0250,20.0250,20.0250,20.0250,0,0,0.2011000,0.9257000,0.0000000,9.7583000,-0.1838000,9.0773000
20240111,450,P,0.1550,0.1550,0.1550,0.1550,0,0,0.1586000,-0.0340000,0.0000000,5.2476000,-0.0496000,-0.3534000
20240111,482,C,0.1850,0.1850,0.1850,0.1850,0,0,0.1101000,0.0554000,0.0000000,7.7756000,-0.0573000,0.5662000
20240111,482,P,12.9600,12.9600,12.9600,12.9600,0,0,0.1447000,-0.8864000,0.0000000,13.3574000,-0.0575000,-9.3965000
20240111,439,C,30.9050,30.9050,30.9050,30.9050,0,0,0.2727000,0.9542000,0.0000000,6.6666000,-0.1751000,9.1325000
20240111,439,P,0.0750,0.0750,0.0750,0.0750,0,0,0.2080000,-0.0138000,0.0000000,2.4539000,-0.0309000,-0.1438000
20240111,407,C,62.8000,62.8000,62.8000,62.8000,0,0,0.4926000,0.9770000,0.0000000,3.7700000,-0.1744000,8.6680000
20240111,407,P,0.0250,0.0250,0.0250,0.0250,0,0,0.3515000,-0.0027000,0.0000000,0.5913000,-0.0127000,-0.0289000
20240111,471,C,2.6650,2.6650,2.6650,2.6650,0,0,0.1198000,0.4356000,0.0000000,27.3400000,-0.2345000,4.4200000
20240111,471,P,3.8700,3.8700,3.8700,3.8700,0,0,0.1119000,-0.5693000,0.0000000,27.2821000,-0.1508000,-5.9373000
20240111,545,P,75.9500,75.9500,75.9500,75.9500,0,0,0.5617000,-0.9599000,0.0000000,5.9945000,-0.1327000,-11.5324000
20240111,428,C,41.8600,41.8600,41.8600,41.8600,0,0,0.3488000,0.9656000,0.0000000,5.2807000,-0.1758000,9.0095000
20240111,428,P,0.0450,0.0450,0.0450,0.0450,0,0,0.2558000,-0.0068000,0.0000000,1.3233000,-0.0206000,-0.0710000
20240111,460,C,10.4850,10.4850,10.4850,10.4850,0,0,0.1462000,0.8320000,0.0000000,17.4344000,-0.2154000,8.3237000
20240111,460,P,0.6250,0.6250,0.6250,0.6250,0,0,0.1280000,-0.1365000,0.0000000,15.1914000,-0.1120000,-1.4169000
20240111,492,C,0.0150,0.0150,0.0150,0.0150,0,0,0.1171000,0.0036000,0.0000000,0.7629000,-0.0058000,0.0376000
20240111,492,P,22.9550,22.9550,22.9550,22.9550,0,0,0.2216000,-0.9200000,0.0000000,10.3227000,-0.0759000,-9.9605000
20240111,417,C,52.8300,52.8300,52.8300,52.8300,0,0,0.4248000,0.9725000,0.0000000,4.3897000,-0.1761000,8.8396000
20240111,417,P,0.0450,0.0450,0.0450,0.0450,0,0,0.3183000,-0.0054000,0.0000000,1.0923000,-0.0213000,-0.0573000
20240111,449,C,21.0100,21.0100,21.0100,21.0100,0,0,0.2082000,0.9290000,0.0000000,9.4220000,-0.1838000,9.0898000
20240111,449,P,0.1450,0.1450,0.1450,0.1450,0,0,0.1635000,-0.0312000,0.0000000,4.8915000,-0.0478000,-0.3246000
20240111,481,C,0.2550,0.2550,0.2550,0.2550,0,0,0.1110000,0.0730000,0.0000000,9.6312000,-0.0718000,0.7452000
20240111,481,P,11.9550,11.9550,11.9550,11.9550,0,0,0.1356000,-0.8824000,0.0000000,13.6894000,-0.0531000,-9.3333000
20240111,438,C,31.9050,31.9050,31.9050,31.9050,0,0,0.2802000,0.9552000,0.0000000,6.5492000,-0.1761000,9.1209000
20240111,438,P,0.0750,0.0750,0.0750,0.0750,0,0,0.2138000,-0.0134000,0.0000000,2.3868000,-0.0309000,-0.1393000
20240111,406,C,63.8000,63.8000,63.8000,63.8000,0,0,0.5000000,0.9773000,0.0000000,3.7321000,-0.1749000,8.6489000
20240111,406,P,0.0250,0.0250,0.0250,0.0250,0,0,0.3554000,-0.0026000,0.0000000,0.5642000,-0.0123000,-0.0274000
20240111,470,C,3.1600,3.1600,3.1600,3.1600,0,0,0.1215000,0.4835000,0.0000000,27.6776000,-0.2432000,4.9011000
20240111,470,P,3.3500,3.3500,3.3500,3.3500,0,0,0.1130000,-0.5182000,0.0000000,27.6722000,-0.1591000,-5.4009000
20240111,427,C,42.8600,42.8600,42.8600,42.8600,0,0,0.3564000,0.9661000,0.0000000,5.2158000,-0.1767000,8.9928000
20240111,427,P,0.0550,0.0550,0.0550,0.0550,0,0,0.2685000,-0.0079000,0.0000000,1.5166000,-0.0248000,-0.0830000
20240111,491,C,0.0250,0.0250,0.0250,0.0250,0,0,0.1230000,0.0073000,0.0000000,1.4110000,-0.0113000,0.0750000
20240111,491,P,21.9550,21.9550,21.9550,21.9550,0,0,0.2142000,-0.9178000,0.0000000,10.5295000,-0.0741000,-9.9167000
20240111,459,C,11.3850,11.3850,11.3850,11.3850,0,0,0.1500000,0.8500000,0.0000000,16.1872000,-0.2089000,8.4888000
20240111,459,P,0.5250,0.5250,0.5250,0.5250,0,0,0.1301000,-0.1166000,0.0000000,13.6146000,-0.1025000,-1.2105000
20240112,448,C,22.1200,22.1200,22.1200,22.1200,0,0,0.2087000,0.9272000,0.0000000,10.1825000,-0.1790000,10.1784000
20240112,448,P,0.1850,0.1850,0.1850,0.1850,0,0,0.1684000,-0.0361000,0.0000000,5.8475000,-0.0521000,-0.4228000
20240112,480,C,0.4450,0.4450,0.4450,0.4450,0,0,0.1126000,0.1104000,0.0000000,13.8919000,-0.0945000,1.2668000
20240112,480,P,10.9800,10.9800,10.9800,10.9800,0,0,0.1258000,-0.8629000,0.0000000,16.1539000,-0.0515000,-10.2510000
20240112,447.5,C,22.6000,22.6000,22.6000,22.6000,0,0,0.2106000,0.9300000,0.0000000,9.8801000,-0.1767000,10.1989000
20240112,447.5,P,0.1750,0.1750,0.1750,0.1750,0,0,0.1699000,-0.0341000,0.0000000,5.5727000,-0.0502000,-0.3987000
20240112,437,C,33.0000,33.0000,33.0000,33.0000,0,0,0.2768000,0.9534000,0.0000000,7.1785000,-0.1715000,10.2123000
20240112,437,P,0.0950,0.0950,0.0950,0.0950,0,0,0.2148000,-0.0156000,0.0000000,2.8985000,-0.0334000,-0.1836000
20240112,405,C,64.8850,64.8850,64.8850,64.8850,0,0,0.4838000,0.9765000,0.0000000,4.0812000,-0.1677000,9.6937000
20240112,405,P,0.0450,0.0450,0.0450,0.0450,0,0,0.3671000,-0.0046000,0.0000000,1.0077000,-0.0202000,-0.0553000
20240112,469,C,4.0150,4.0150,4.0150,4.0150,0,0,0.1253000,0.5317000,0.0000000,29.2888000,-0.2401000,6.0502000
20240112,469,P,3.1100,3.1100,3.1100,3.1100,0,0,0.1165000,-0.4664000,0.0000000,29.2779000,-0.1568000,-5.4716000
20240112,458,C,12.5150,12.5150,12.5150,12.5150,0,0,0.1549000,0.8518000,0.0000000,17.0327000,-0.2037000,9.5426000
20240112,458,P,0.5850,0.5850,0.5850,0.5850,0,0,0.1357000,-0.1173000,0.0000000,14.4999000,-0.1011000,-1.3711000
20240112,490,C,0.0350,0.0350,0.0350,0.0350,0,0,0.1162000,0.0102000,0.0000000,2.0102000,-0.0136000,0.1181000
20240112,490,P,20.9300,20.9300,20.9300,20.9300,0,0,0.1989000,-0.9102000,0.0000000,11.9333000,-0.0657000,-11.0432000
20240112,457.5,C,12.9700,12.9700,12.9700,12.9700,0,0,0.1569000,0.8588000,0.0000000,16.4852000,-0.2013000,9.6124000
20240112,457.5,P,0.5450,0.5450,0.5450,0.5450,0,0,0.1370000,-0.1097000,0.0000000,13.8273000,-0.0976000,-1.2827000
20240112,415,C,54.9100,54.9100,54.9100,54.9100,0,0,0.4194000,0.9719000,0.0000000,4.7320000,-0.1694000,9.8870000
20240112,415,P,0.0550,0.0550,0.0550,0.0550,0,0,0.3203000,-0.0064000,0.0000000,1.3420000,-0.0234000,-0.0762000
20240112,447,C,23.1000,23.1000,23.1000,23.1000,0,0,0.2144000,0.9311000,0.0000000,9.7677000,-0.1774000,10.1985000
20240112,447,P,0.1750,0.1750,0.1750,0.1750,0,0,0.1733000,-0.0336000,0.0000000,5.5155000,-0.0507000,-0.3938000
20240112,479,C,0.5750,0.5750,0.5750,0.5750,0,0,0.1134000,0.1359000,0.0000000,16.0649000,-0.1105000,1.5578000
20240112,479,P,9.9950,9.9950,9.9950,9.9950,0,0,0.1180000,-0.8542000,0.0000000,16.8425000,-0.0498000,-10.1259000
20240112,436,C,34.0150,34.0150,34.0150,34.0150,0,0,0.2856000,0.9534000,0.0000000,7.1691000,-0.1747000,10.1883000
20240112,436,P,0.0950,0.0950,0.0950,0.0950,0,0,0.2207000,-0.0153000,0.0000000,2.8374000,-0.0337000,-0.1791000
20240112,500,C,0.0150,0.0150,0.0150,0.0150,0,0,0.1445000,0.0029000,0.0000000,0.6726000,-0.0056000,0.0343000
20240112,500,P,30.9350,30.9350,30.9350,30.9350,0,0,0.2680000,-0.9287000,0.0000000,10.0187000,-0.0803000,-11.5040000
20240112,468,C,4.6150,4.6150,4.6150,4.6150,0,0,0.1272000,0.5735000,0.0000000,28.8807000,-0.2432000,6.5194000
20240112,468,P,2.7000,2.7000,2.7000,2.7000,0,0,0.1179000,-0.4212000,0.0000000,28.8078000,-0.1591000,-4.9386000
20240112,467.5,C,4.9350,4.9350,4.9350,4.9350,0,0,0.1283000,0.5936000,0.0000000,28.5675000,-0.2441000,6.7444000
20240112,467.5,P,2.5150,2.5150,2.5150,2.5150,0,0,0.1185000,-0.3993000,0.0000000,28.4417000,-0.1593000,-4.6804000
20240112,425,C,44.9450,44.9450,44.9450,44.9450,0,0,0.3537000,0.9660000,0.0000000,5.5479000,-0.1693000,10.0643000
20240112,425,P,0.0650,0.0650,0.0650,0.0650,0,0,0.2705000,-0.0088000,0.0000000,1.7601000,-0.0258000,-0.1035000
20240112,457,C,13.4300,13.4300,13.4300,13.4300,0,0,0.1589000,0.8656000,0.0000000,15.9388000,-0.1987000,9.6798000
20240112,457,P,0.5150,0.5150,0.5150,0.5150,0,0,0.1389000,-0.1034000,0.0000000,13.2505000,-0.0950000,-1.2092000
20240112,489,C,0.0450,0.0450,0.0450,0.0450,0,0,0.1157000,0.0134000,0.0000000,2.5359000,-0.0172000,0.1543000
20240112,489,P,19.9250,19.9250,19.9250,19.9250,0,0,0.1909000,-0.9086000,0.0000000,12.0972000,-0.0624000,-10.9990000
20240112,350,C,119.7450,119.7450,119.7450,119.7450,0,0,0.8468000,0.9886000,0.0000000,2.1959000,-0.1541000,8.4808000
20240112,350,P,0.0150,0.0150,0.0150,0.0150,0,0,0.5999000,-0.0007000,0.0000000,0.1944000,-0.0064000,-0.0091000
20240112,446,C,24.0750,24.0750,24.0750,24.0750,0,0,0.2189000,0.9356000,0.0000000,9.2644000,-0.1739000,10.2272000
20240112,446,P,0.1650,0.1650,0.1650,0.1650,0,0,0.1777000,-0.0311000,0.0000000,5.1635000,-0.0488000,-0.3636000
20240112,478,C,0.7350,0.7350,0.7350,0.7350,0,0,0.1142000,0.1650000,0.0000000,18.2838000,-0.1273000,1.8904000
20240112,478,P,9.0800,9.0800,9.0800,9.0800,0,0,0.1145000,-0.8344000,0.0000000,18.3215000,-0.0574000,-9.8741000
20240112,510,P,40.9200,40.9200,40.9200,40.9200,0,0,0.3317000,-0.9401000,0.0000000,8.7533000,-0.0901000,-11.8819000
20240112,435,C,34.9900,34.9900,34.9900,34.9900,0,0,0.2900000,0.9559000,0.0000000,6.8645000,-0.1716000,10.1924000
20240112,435,P,0.0950,0.0950,0.0950,0.0950,0,0,0.2265000,-0.0149000,0.0000000,2.7794000,-0.0339000,-0.1749000
20240112,467,C,5.2600,5.2600,5.2600,5.2600,0,0,0.1295000,0.6132000,0.0000000,28.1901000,-0.2445000,6.9622000
20240112,467,P,2.3350,2.3350,2.3350,2.3350,0,0,0.1192000,-0.3779000,0.0000000,27.9949000,-0.1588000,-4.4280000
20240112,499,C,0.0150,0.0150,0.0150,0.0150,0,0,0.1406000,0.0031000,0.0000000,0.6983000,-0.0056000,0.0358000
20240112,499,P,29.9350,29.9350,29.9350,29.9350,0,0,0.2614000,-0.9273000,0.0000000,10.1771000,-0.0791000,-11.4624000
20240112,360,C,109.7700,109.7700,109.7700,109.7700,0,0,0.7824000,0.9869000,0.0000000,2.4697000,-0.1595000,8.7075000
20240112,360,P,0.0150,0.0150,0.0150,0.0150,0,0,0.5500000,-0.0008000,0.0000000,0.2249000,-0.0068000,-0.0106000
20240112,456,C,14.3650,14.3650,14.3650,14.3650,0,0,0.1632000,0.8776000,0.0000000,14.9375000,-0.1941000,9.7954000
20240112,456,P,0.4450,0.4450,0.4450,0.4450,0,0,0.1413000,-0.0902000,0.0000000,11.9835000,-0.0877000,-1.0544000
20240112,520,P,50.9250,50.9250,50.9250,50.9250,0,0,0.3933000,-0.9472000,0.0000000,7.9320000,-0.1001000,-12.2098000
20240112,488,C,0.0550,0.0550,0.0550,0.0550,0,0,0.1142000,0.0166000,0.0000000,3.0530000,-0.0205000,0.1915000
20240112,488,P,18.9350,18.9350,18.9350,18.9350,0,0,0.1843000,-0.9049000,0.0000000,12.4545000,-0.0620000,-10.9321000
20240112,487.5,C,0.0550,0.0550,0.0550,0.0550,0,0,0.1113000,0.0167000,0.0000000,3.0671000,-0.0201000,0.1925000
20240112,487.5,P,18.4350,18.4350,18.4350,18.4350,0,0,0.1806000,-0.9034000,0.0000000,12.6017000,-0.0611000,-10.9021000
20240112,445,C,25.0750,25.0750,25.0750,25.0750,0,0,0.2265000,0.9373000,0.0000000,9.0754000,-0.1754000,10.2220000
20240112,445,P,0.1550,0.1550,0.1550,0.1550,0,0,0.1821000,-0.0287000,0.0000000,4.8419000,-0.0469000,-0.3365000
20240112,477,C,0.9150,0.9150,0.9150,0.9150,0,0,0.1145000,0.1961000,0.0000000,20.3788000,-0.1430000,2.2461000
20240112,477,P,8.2200,8.2200,8.2200,8.2200,0,0,0.1126000,-0.8077000,0.0000000,20.1309000,-0.0688000,-9.5441000
20240112,370,C,99.8050,99.8050,99.8050,99.8050,0,0,0.7173000,0.9851000,0.0000000,2.7698000,-0.1638000,8.9319000
20240112,370,P,0.0150,0.0150,0.0150,0.0150,0,0,0.5000000,-0.0010000,0.0000000,0.2586000,-0.0071000,-0.0123000
20240112,434,C,35.9950,35.9950,35.9950,35.9950,0,0,0.2973000,0.9567000,0.0000000,6.7664000,-0.1727000,10.1767000
20240112,434,P,0.0850,0.0850,0.0850,0.0850,0,0,0.2285000,-0.0132000,0.0000000,2.5131000,-0.0309000,-0.1556000
20240112,466,C,5.9400,5.9400,5.9400,5.9400,0,0,0.1315000,0.6507000,0.0000000,27.2571000,-0.2433000,7.3797000
20240112,466,P,2.0150,2.0150,2.0150,2.0150,0,0,0.1207000,-0.3371000,0.0000000,26.8996000,-0.1568000,-3.9491000
20240112,498,C,0.0150,0.0150,0.0150,0.0150,0,0,0.1367000,0.0032000,0.0000000,0.7269000,-0.0057000,0.0375000
20240112,498,P,28.9350,28.9350,28.9350,28.9350,0,0,0.2546000,-0.9259000,0.0000000,10.3257000,-0.0776000,-11.4216000
20240112,530,P,60.9250,60.9250,60.9250,60.9250,0,0,0.4523000,-0.9521000,0.0000000,7.3293000,-0.1092000,-12.5140000
20240112,455,C,15.3500,15.3500,15.3500,15.3500,0,0,0.1710000,0.8835000,0.0000000,14.4220000,-0.1959000,9.8398000
20240112,455,P,0.3850,0.3850,0.3850,0.3850,0,0,0.1437000,-0.0786000,0.0000000,10.8098000,-0.0808000,-0.9190000
20240112,487,C,0.0650,0.0650,0.0650,0.0650,0,0,0.1118000,0.0197000,0.0000000,3.5346000,-0.0233000,0.2274000
20240112,487,P,17.9350,17.9350,17.9350,17.9350,0,0,0.1770000,-0.9017000,0.0000000,12.7565000,-0.0603000,-10.8710000
20240112,380,C,89.8050,89.8050,89.8050,89.8050,0,0,0.6421000,0.9842000,0.0000000,2.9078000,-0.1586000,9.1685000
20240112,380,P,0.0250,0.0250,0.0250,0.0250,0,0,0.4726000,-0.0019000,0.0000000,0.4501000,-0.0116000,-0.0227000
20240112,444,C,26.0550,26.0550,26.0550,26.0550,0,0,0.2316000,0.9408000,0.0000000,8.6810000,-0.1730000,10.2379000
20240112,444,P,0.1450,0.1450,0.1450,0.1450,0,0,0.1860000,-0.0263000,0.0000000,4.5038000,-0.0447000,-0.3086000
20240112,476,C,1.1450,1.1450,1.1450,1.1450,0,0,0.1154000,0.2319000,0.0000000,22.4712000,-0.1600000,2.6548000
20240112,476,P,7.4100,7.4100,7.4100,7.4100,0,0,0.1119000,-0.7750000,0.0000000,22.0850000,-0.0826000,-9.1461000
20240112,540,P,70.9350,70.9350,70.9350,70.9350,0,0,0.5107000,-0.9554000,0.0000000,6.9210000,-0.1197000,-12.7989000
20240112,433,C,36.9750,36.9750,36.9750,36.9750,0,0,0.3015000,0.9590000,0.0000000,6.4718000,-0.1693000,10.1794000
20240112,433,P,0.0850,0.0850,0.0850,0.0850,0,0,0.2343000,-0.0130000,0.0000000,2.4680000,-0.0312000,-0.1524000
20240112,465,C,6.6550,6.6550,6.6550,6.6550,0,0,0.1334000,0.6860000,0.0000000,26.1243000,-0.2401000,7.7704000
20240112,465,P,1.7300,1.7300,1.7300,1.7300,0,0,0.1224000,-0.2993000,0.0000000,25.5827000,-0.1531000,-3.5048000
20240112,497,C,0.0150,0.0150,0.0150,0.0150,0,0,0.1328000,0.0034000,0.0000000,0.7586000,-0.0058000,0.0393000
20240112,497,P,27.9350,27.9350,27.9350,27.9350,0,0,0.2478000,-0.9244000,0.0000000,10.4857000,-0.0762000,-11.3795000
20240112,390,C,79.8400,79.8400,79.8400,79.8400,0,0,0.5820000,0.9811000,0.0000000,3.3850000,-0.1656000,9.3786000
20240112,390,P,0.0250,0.0250,0.0250,0.0250,0,0,0.4179000,-0.0020000,0.0000000,0.4861000,-0.0111000,-0.0246000
20240112,454,C,16.3000,16.3000,16.3000,16.3000,0,0,0.1759000,0.8925000,0.0000000,13.6155000,-0.1924000,9.9205000
20240112,454,P,0.3450,0.3450,0.3450,0.3450,0,0,0.1474000,-0.0701000,0.0000000,9.9058000,-0.0762000,-0.8197000
20240112,486,C,0.0850,0.0850,0.0850,0.0850,0,0,0.1113000,0.0256000,0.0000000,4.3928000,-0.0289000,0.2942000
20240112,486,P,16.9350,16.9350,16.9350,16.9350,0,0,0.1695000,-0.8983000,0.0000000,13.0757000,-0.0584000,-10.8073000
20240112,443,C,27.0450,27.0450,27.0450,27.0450,0,0,0.2380000,0.9430000,0.0000000,8.4169000,-0.1726000,10.2399000
20240112,443,P,0.1350,0.1350,0.1350,0.1350,0,0,0.1904000,-0.0245000,0.0000000,4.2360000,-0.0430000,-0.2868000
20240112,475,C,1.4150,1.4150,1.4150,1.4150,0,0,0.1165000,0.2708000,0.0000000,24.3884000,-0.1765000,3.0971000
20240112,475,P,6.6450,6.6450,6.6450,6.6450,0,0,0.1116000,-0.7383000,0.0000000,23.9685000,-0.0965000,-8.7022000
20240112,442.5,C,27.5450,27.5450,27.5450,27.5450,0,0,0.2416000,0.9438000,0.0000000,8.3324000,-0.1731000,10.2359000
20240112,442.5,P,0.1350,0.1350,0.1350,0.1350,0,0,0.1933000,-0.0240000,0.0000000,4.1711000,-0.0431000,-0.2817000
20240112,432,C,37.9800,37.9800,37.9800,37.9800,0,0,0.3103000,0.9589000,0.0000000,6.4769000,-0.1724000,10.1540000
20240112,432,P,0.0850,0.0850,0.0850,0.0850,0,0,0.2402000,-0.0127000,0.0000000,2.4249000,-0.0314000,-0.1494000
20240112,400,C,69.8800,69.8800,69.8800,69.8800,0,0,0.5199000,0.9776000,0.0000000,3.9222000,-0.1706000,9.5829000
20240112,400,P,0.0350,0.0350,0.0350,0.0350,0,0,0.3828000,-0.0034000,0.0000000,0.7669000,-0.0160000,-0.0408000
20240112,464,C,7.4150,7.4150,7.4150,7.4150,0,0,0.1359000,0.7179000,0.0000000,24.8781000,-0.2365000,8.1206000
20240112,464,P,1.4850,1.4850,1.4850,1.4850,0,0,0.1240000,-0.2641000,0.0000000,24.0849000,-0.1474000,-3.0916000
20240112,496,C,0.0150,0.0150,0.0150,0.0150,0,0,0.1289000,0.0036000,0.0000000,0.7941000,-0.0059000,0.0413000
20240112,496,P,26.9300,26.9300,26.9300,26.9300,0,0,0.2409000,-0.9227000,0.0000000,10.6583000,-0.0747000,-11.3359000
20240112,453,C,17.2450,17.2450,17.2450,17.2450,0,0,0.1796000,0.9019000,0.0000000,12.7377000,-0.1870000,10.0061000
20240112,453,P,0.3050,0.3050,0.3050,0.3050,0,0,0.1503000,-0.0618000,0.0000000,8.9799000,-0.0707000,-0.7222000
20240112,485,C,0.1150,0.1150,0.1150,0.1150,0,0,0.1118000,0.0341000,0.0000000,5.5705000,-0.0369000,0.3916000
20240112,485,P,15.9350,15.9350,15.9350,15.9350,0,0,0.1619000,-0.8947000,0.0000000,13.4152000,-0.0564000,-10.7404000
20240112,452.5,C,17.7300,17.7300,17.7300,17.7300,0,0,0.1828000,0.9048000,0.0000000,12.4669000,-0.1867000,10.0267000
20240112,452.5,P,0.2850,0.2850,0.2850,0.2850,0,0,0.1518000,-0.0580000,0.0000000,8.5480000,-0.0680000,-0.6781000
20240112,410,C,59.9100,59.9100,59.9100,59.9100,0,0,0.4550000,0.9735000,0.0000000,4.5070000,-0.1725000,9.7821000
20240112,410,P,0.0450,0.0450,0.0450,0.0450,0,0,0.3398000,-0.0050000,0.0000000,1.0761000,-0.0199000,-0.0595000
20240112,442,C,28.0450,28.0450,28.0450,28.0450,0,0,0.2453000,0.9445000,0.0000000,8.2504000,-0.1737000,10.2317000
20240112,442,P,0.1250,0.1250,0.1250,0.1250,0,0,0.1938000,-0.0223000,0.0000000,3.9116000,-0.0405000,-0.2609000
20240112,474,C,1.7250,1.7250,1.7250,1.7250,0,0,0.1175000,0.3117000,0.0000000,26.0457000,-0.1914000,3.5627000
20240112,474,P,5.9200,5.9200,5.9200,5.9200,0,0,0.1117000,-0.6975000,0.0000000,25.7013000,-0.1103000,-8.2130000
20240112,431,C,38.9650,38.9650,38.9650,38.9650,0,0,0.3142000,0.9612000,0.0000000,6.1889000,-0.1688000,10.1557000
20240112,431,P,0.0750,0.0750,0.0750,0.0750,0,0,0.2421000,-0.0113000,0.0000000,2.1996000,-0.0287000,-0.1335000
20240112,495,C,0.0150,0.0150,0.0150,0.0150,0,0,0.1250000,0.0038000,0.0000000,0.8338000,-0.0060000,0.0437000
20240112,495,P,25.9300,25.9300,25.9300,25.9300,0,0,0.2341000,-0.9210000,0.0000000,10.8446000,-0.0734000,-11.2906000
20240112,463,C,8.2050,8.2050,8.2050,8.2050,0,0,0.1386000,0.7470000,0.0000000,23.5502000,-0.2319000,8.4371000
20240112,463,P,1.2650,1.2650,1.2650,1.2650,0,0,0.1254000,-0.2318000,0.0000000,22.4616000,-0.1403000,-2.7119000
20240112,462.5,C,8.6000,8.6000,8.6000,8.6000,0,0,0.1398000,0.7607000,0.0000000,22.8557000,-0.2290000,8.5860000
20240112,462.5,P,1.1750,1.1750,1.1750,1.1750,0,0,0.1265000,-0.2173000,0.0000000,21.6574000,-0.1370000,-2.5428000
20240112,420,C,49.9300,49.9300,49.9300,49.9300,0,0,0.3876000,0.9689000,0.0000000,5.1562000,-0.1707000,9.9746000
20240112,420,P,0.0550,0.0550,0.0550,0.0550,0,0,0.2929000,-0.0071000,0.0000000,1.4557000,-0.0231000,-0.0835000
20240112,452,C,18.2100,18.2100,18.2100,18.2100,0,0,0.1853000,0.9083000,0.0000000,12.1241000,-0.1850000,10.0557000
20240112,452,P,0.2750,0.2750,0.2750,0.2750,0,0,0.1540000,-0.0553000,0.0000000,8.2341000,-0.0665000,-0.6467000
20240112,484,C,0.1550,0.1550,0.1550,0.1550,0,0,0.1123000,0.0446000,0.0000000,6.9428000,-0.0463000,0.5131000
20240112,484,P,14.9350,14.9350,14.9350,14.9350,0,0,0.1542000,-0.8907000,0.0000000,13.7788000,-0.0542000,-10.6697000
20240112,441,C,29.0250,29.0250,29.0250,29.0250,0,0,0.2502000,0.9475000,0.0000000,7.8961000,-0.1711000,10.2422000
20240112,441,P,0.1250,0.1250,0.1250,0.1250,0,0,0.2001000,-0.0218000,0.0000000,3.8386000,-0.0411000,-0.2553000
20240112,505,C,0.0150,0.0150,0.0150,0.0150,0,0,0.1660000,0.0027000,0.0000000,0.6315000,-0.0060000,0.0320000
20240112,505,P,35.9300,35.9300,35.9300,35.9300,0,0,0.3010000,-0.9347000,0.0000000,9.3692000,-0.0866000,-11.6958000
20240112,473,C,2.0850,2.0850,2.0850,2.0850,0,0,0.1188000,0.3548000,0.0000000,27.4145000,-0.2052000,4.0524000
20240112,473,P,5.2550,5.2550,5.2550,5.2550,0,0,0.1121000,-0.6537000,0.0000000,27.1720000,-0.1232000,-7.6898000
20240112,430,C,39.9700,39.9700,39.9700,39.9700,0,0,0.3229000,0.9611000,0.0000000,6.1984000,-0.1718000,10.1299000
20240112,430,P,0.0750,0.0750,0.0750,0.0750,0,0,0.2475000,-0.0110000,0.0000000,2.1441000,-0.0287000,-0.1297000
20240112,462,C,9.0150,9.0150,9.0150,9.0150,0,0,0.1412000,0.7736000,0.0000000,22.1618000,-0.2261000,8.7252000
20240112,462,P,1.0850,1.0850,1.0850,1.0850,0,0,0.1274000,-0.2032000,0.0000000,20.8201000,-0.1331000,-2.3774000
20240112,494,C,0.0250,0.0250,0.0250,0.0250,0,0,0.1289000,0.0064000,0.0000000,1.3310000,-0.0099000,0.0738000
20240112,494,P,24.9350,24.9350,24.9350,24.9350,0,0,0.2272000,-0.9190000,0.0000000,11.0462000,-0.0721000,-11.2435000
20240112,355,C,114.7550,114.7550,114.7550,114.7550,0,0,0.8128000,0.9879000,0.0000000,2.3048000,-0.1555000,8.5963000
20240112,355,P,0.0150,0.0150,0.0150,0.0150,0,0,0.5749000,-0.0008000,0.0000000,0.2092000,-0.0066000,-0.0098000
20240112,451,C,19.1800,19.1800,19.1800,19.1800,0,0,0.1907000,0.9141000,0.0000000,11.5421000,-0.1828000,10.0995000
20240112,451,P,0.2450,0.2450,0.2450,0.2450,0,0,0.1572000,-0.0491000,0.0000000,7.4938000,-0.0620000,-0.5744000
20240112,515,P,45.9150,45.9150,45.9150,45.9150,0,0,0.3618000,-0.9445000,0.0000000,8.2442000,-0.0935000,-12.0557000
20240112,483,C,0.2050,0.2050,0.2050,0.2050,0,0,0.1123000,0.0569000,0.0000000,8.4153000,-0.0564000,0.6531000
20240112,483,P,13.9350,13.9350,13.9350,13.9350,0,0,0.1466000,-0.8862000,0.0000000,14.1885000,-0.0521000,-10.5923000
20240112,525,P,55.9250,55.9250,55.9250,55.9250,0,0,0.4230000,-0.9499000,0.0000000,7.6077000,-0.1047000,-12.3643000
20240112,440,C,30.0200,30.0200,30.0200,30.0200,0,0,0.2578000,0.9485000,0.0000000,7.7731000,-0.1725000,10.2293000
20240112,440,P,0.1150,0.1150,0.1150,0.1150,0,0,0.2031000,-0.0196000,0.0000000,3.5198000,-0.0383000,-0.2304000
20240112,472,C,2.4950,2.4950,2.4950,2.4950,0,0,0.1203000,0.3991000,0.0000000,28.4382000,-0.2173000,4.5550000
20240112,472,P,4.6450,4.6450,4.6450,4.6450,0,0,0.1131000,-0.6074000,0.0000000,28.3087000,-0.1352000,-7.1398000
20240112,365,C,104.7750,104.7750,104.7750,104.7750,0,0,0.7437000,0.9866000,0.0000000,2.5175000,-0.1568000,8.8274000
20240112,365,P,0.0150,0.0150,0.0150,0.0150,0,0,0.5250000,-0.0009000,0.0000000,0.2413000,-0.0069000,-0.0114000
20240112,461,C,9.8550,9.8550,9.8550,9.8550,0,0,0.1441000,0.7973000,0.0000000,20.7811000,-0.2201000,8.9785000
20240112,461,P,0.9250,0.9250,0.9250,0.9250,0,0,0.1292000,-0.1773000,0.0000000,19.1424000,-0.1249000,-2.0731000
20240112,493,C,0.0250,0.0250,0.0250,0.0250,0,0,0.1250000,0.0068000,0.0000000,1.4155000,-0.0103000,0.0791000
20240112,493,P,23.9350,23.9350,23.9350,23.9350,0,0,0.2202000,-0.9171000,0.0000000,11.2402000,-0.0704000,-11.1969000
20240112,535,P,65.9200,65.9200,65.9200,65.9200,0,0,0.4809000,-0.9542000,0.0000000,7.0756000,-0.1132000,-12.6610000
20240112,450,C,20.1550,20.1550,20.1550,20.1550,0,0,0.1960000,0.9197000,0.0000000,10.9758000,-0.1802000,10.1398000
20240112,450,P,0.2250,0.2250,0.2250,0.2250,0,0,0.1613000,-0.0446000,0.0000000,6.9410000,-0.0591000,-0.5221000
20240112,482,C,0.2650,0.2650,0.2650,0.2650,0,0,0.1121000,0.0714000,0.0000000,10.0405000,-0.0674000,0.8193000
20240112,482,P,12.9350,12.9350,12.9350,12.9350,0,0,0.1386000,-0.8813000,0.0000000,14.6160000,-0.0496000,-10.5114000
20240112,375,C,94.8100,94.8100,94.8100,94.8100,0,0,0.6828000,0.9843000,0.0000000,2.8968000,-0.1640000,9.0458000
20240112,375,P,0.0150,0.0150,0.0150,0.0150,0,0,0.4687000,-0.0009000,0.0000000,0.2449000,-0.0063000,-0.0116000
20240112,439,C,31.0150,31.0150,31.0150,31.0150,0,0,0.2636000,0.9505000,0.0000000,7.5268000,-0.1715000,10.2285000
20240112,439,P,0.1050,0.1050,0.1050,0.1050,0,0,0.2065000,-0.0180000,0.0000000,3.2620000,-0.0361000,-0.2107000
20240112,471,C,2.9550,2.9550,2.9550,2.9550,0,0,0.1218000,0.4438000,0.0000000,29.0906000,-0.2272000,5.0608000
20240112,471,P,4.0800,4.0800,4.0800,4.0800,0,0,0.1141000,-0.5603000,0.0000000,29.0448000,-0.1448000,-6.5809000
20240112,545,P,75.9400,75.9400,75.9400,75.9400,0,0,0.5398000,-0.9566000,0.0000000,6.7736000,-0.1256000,-12.9360000
20240112,460,C,10.7200,10.7200,10.7200,10.7200,0,0,0.1475000,0.8177000,0.0000000,19.4754000,-0.2147000,9.1930000
20240112,460,P,0.7950,0.7950,0.7950,0.7950,0,0,0.1314000,-0.1549000,0.0000000,17.5474000,-0.1173000,-1.8117000
20240112,492,C,0.0250,0.0250,0.0250,0.0250,0,0,0.1201000,0.0070000,0.0000000,1.4392000,-0.0100000,0.0807000
20240112,492,P,22.9350,22.9350,22.9350,22.9350,0,0,0.2131000,-0.9150000,0.0000000,11.4513000,-0.0688000,-11.1482000
20240112,385,C,84.8250,84.8250,84.8250,84.8250,0,0,0.6125000,0.9827000,0.0000000,3.1428000,-0.1624000,9.2739000
20240112,385,P,0.0250,0.0250,0.0250,0.0250,0,0,0.4453000,-0.0020000,0.0000000,0.4685000,-0.0114000,-0.0237000
20240112,449,C,21.1350,21.1350,21.1350,21.1350,0,0,0.2020000,0.9240000,0.0000000,10.5261000,-0.1790000,10.1654000
20240112,449,P,0.2050,0.2050,0.2050,0.2050,0,0,0.1650000,-0.0402000,0.0000000,6.3821000,-0.0556000,-0.4707000
20240112,481,C,0.3450,0.3450,0.3450,0.3450,0,0,0.1124000,0.0893000,0.0000000,11.8989000,-0.0804000,1.0253000
20240112,481,P,11.9300,11.9300,11.9300,11.9300,0,0,0.1307000,-0.8756000,0.0000000,15.1046000,-0.0472000,-10.4210000
20240112,438,C,32.0250,32.0250,32.0250,32.0250,0,0,0.2724000,0.9507000,0.0000000,7.5091000,-0.1747000,10.2053000
20240112,438,P,0.1050,0.1050,0.1050,0.1050,0,0,0.2124000,-0.0175000,0.0000000,3.1845000,-0.0363000,-0.2049000
20240112,470,C,3.4600,3.4600,3.4600,3.4600,0,0,0.1236000,0.4882000,0.0000000,29.3690000,-0.2350000,5.5617000
20240112,470,P,3.5700,3.5700,3.5700,3.5700,0,0,0.1152000,-0.5130000,0.0000000,29.3658000,-0.1520000,-6.0218000
20240112,395,C,74.8500,74.8500,74.8500,74.8500,0,0,0.5484000,0.9799000,0.0000000,3.5719000,-0.1656000,9.4874000
20240112,395,P,0.0350,0.0350,0.0350,0.0350,0,0,0.4101000,-0.0032000,0.0000000,0.7276000,-0.0163000,-0.0385000
20240112,459,C,11.6100,11.6100,11.6100,11.6100,0,0,0.1512000,0.8357000,0.0000000,18.2284000,-0.2093000,9.3790000
20240112,459,P,0.6850,0.6850,0.6850,0.6850,0,0,0.1337000,-0.1352000,0.0000000,16.0147000,-0.1095000,-1.5814000
20240112,491,C,0.0250,0.0250,0.0250,0.0250,0,0,0.1152000,0.0071000,0.0000000,1.4662000,-0.0098000,0.0824000
20240112,491,P,21.9350,21.9350,21.9350,21.9350,0,0,0.2060000,-0.9128000,0.0000000,11.6816000,-0.0672000,-11.0971000
20240116,480,C,0.5950,0.5950,0.5950,0.5950,0,0,0.1002000,0.1331000,0.0000000,19.0323000,-0.0825000,2.2024000
20240116,480,P,10.9900,10.9900,10.9900,10.9900,0,0,0.1166000,-0.8297000,0.0000000,22.4230000,-0.0415000,-14.2516000
20240116,469,C,4.3850,4.3850,4.3850,4.3850,0,0,0.1106000,0.5415000,0.0000000,35.1204000,-0.1863000,8.8909000
20240116,469,P,3.4000,3.4000,3.4000,3.4000,0,0,0.1089000,-0.4578000,0.0000000,35.1154000,-0.1148000,-7.7701000
20240116,490,C,0.0550,0.0550,0.0550,0.0550,0,0,0.1025000,0.0156000,0.0000000,3.4824000,-0.0148000,0.2601000
20240116,490,P,20.9350,20.9350,20.9350,20.9350,0,0,0.1820000,-0.8851000,0.0000000,17.1693000,-0.0557000,-15.5310000
20240116,479,C,0.7400,0.7400,0.7400,0.7400,0,0,0.1007000,0.1593000,0.0000000,21.4755000,-0.0941000,2.6348000
20240116,479,P,10.0450,10.0450,10.0450,10.0450,0,0,0.1113000,-0.8160000,0.0000000,23.5469000,-0.0428000,-13.9889000
20240116,468,C,4.9950,4.9950,4.9950,4.9950,0,0,0.1123000,0.5807000,0.0000000,34.5859000,-0.1888000,9.5241000
20240116,468,P,3.0000,3.0000,3.0000,3.0000,0,0,0.1102000,-0.4178000,0.0000000,34.5614000,-0.1171000,-7.0873000
20240116,500,C,0.0150,0.0150,0.0150,0.0150,0,0,0.1191000,0.0029000,0.0000000,0.8091000,-0.0039000,0.0497000
20240116,500,P,30.9350,30.9350,30.9350,30.9350,0,0,0.2435000,-0.9077000,0.0000000,14.6409000,-0.0696000,-16.2652000
20240116,478,C,0.9200,0.9200,0.9200,0.9200,0,0,0.1011000,0.1886000,0.0000000,23.9126000,-0.1060000,3.1181000
20240116,478,P,9.1750,9.1750,9.1750,9.1750,0,0,0.1087000,-0.7939000,0.0000000,25.2266000,-0.0491000,-13.5891000
20240116,467,C,5.6400,5.6400,5.6400,5.6400,0,0,0.1140000,0.6180000,0.0000000,33.7542000,-0.1900000,10.1238000
20240116,467,P,2.6350,2.6350,2.6350,2.6350,0,0,0.1112000,-0.3792000,0.0000000,33.6820000,-0.1174000,-6.4289000
20240116,477,C,1.1350,1.1350,1.1350,1.1350,0,0,0.1016000,0.2207000,0.0000000,26.2628000,-0.1178000,3.6480000
20240116,477,P,8.3400,8.3400,8.3400,8.3400,0,0,0.1070000,-0.7672000,0.0000000,27.0541000,-0.0570000,-13.1143000
20240116,466,C,6.3150,6.3150,6.3150,6.3150,0,0,0.1153000,0.6538000,0.0000000,32.6520000,-0.1892000,10.6980000
20240116,466,P,2.3100,2.3100,2.3100,2.3100,0,0,0.1127000,-0.3429000,0.0000000,32.5384000,-0.1169000,-5.8107000
20240116,476,C,1.3850,1.3850,1.3850,1.3850,0,0,0.1022000,0.2558000,0.0000000,28.4741000,-0.1295000,4.2252000
20240116,476,P,7.5600,7.5600,7.5600,7.5600,0,0,0.1062000,-0.7359000,0.0000000,28.9402000,-0.0661000,-12.5629000
20240116,465,C,7.0300,7.0300,7.0300,7.0300,0,0,0.1171000,0.6868000,0.0000000,31.3623000,-0.1878000,11.2241000
20240116,465,P,2.0250,2.0250,2.0250,2.0250,0,0,0.1140000,-0.3085000,0.0000000,31.1625000,-0.1149000,-5.2257000
20240116,475,C,1.6800,1.6800,1.6800,1.6800,0,0,0.1033000,0.2942000,0.0000000,30.5026000,-0.1414000,4.8547000
20240116,475,P,6.8150,6.8150,6.8150,6.8150,0,0,0.1054000,-0.7020000,0.0000000,30.6782000,-0.0747000,-11.9709000
20240116,464,C,7.7850,7.7850,7.7850,7.7850,0,0,0.1190000,0.7176000,0.0000000,29.9183000,-0.1855000,11.7105000
20240116,464,P,1.7700,1.7700,1.7700,1.7700,0,0,0.1156000,-0.2769000,0.0000000,29.6390000,-0.1124000,-4.6898000
20240116,474,C,2.0200,2.0200,2.0200,2.0200,0,0,0.1044000,0.3341000,0.0000000,32.2164000,-0.1523000,5.5105000
20240116,474,P,6.1200,6.1200,6.1200,6.1200,0,0,0.1053000,-0.6644000,0.0000000,32.2664000,-0.0838000,-11.3181000
20240116,463,C,8.5650,8.5650,8.5650,8.5650,0,0,0.1209000,0.7458000,0.0000000,28.3759000,-0.1824000,12.1536000
20240116,463,P,1.5500,1.5500,1.5500,1.5500,0,0,0.1173000,-0.2479000,0.0000000,28.0051000,-0.1090000,-4.1971000
20240116,473,C,2.4000,2.4000,2.4000,2.4000,0,0,0.1054000,0.3751000,0.0000000,33.5699000,-0.1618000,6.1820000
20240116,473,P,5.4750,5.4750,5.4750,5.4750,0,0,0.1054000,-0.6248000,0.0000000,33.5678000,-0.0920000,-10.6333000
20240116,483,C,0.2950,0.2950,0.2950,0.2950,0,0,0.0998000,0.0739000,0.0000000,12.3899000,-0.0526000,1.2242000
20240116,483,P,13.9350,13.9350,13.9350,13.9350,0,0,0.1353000,-0.8558000,0.0000000,20.0980000,-0.0433000,-14.7923000
20240116,472,C,2.8300,2.8300,2.8300,2.8300,0,0,0.1067000,0.4172000,0.0000000,34.5493000,-0.1703000,6.8687000
20240116,472,P,4.8800,4.8800,4.8800,4.8800,0,0,0.1060000,-0.5834000,0.0000000,34.5378000,-0.0997000,-9.9194000
20240116,450,C,20.3300,20.3300,20.3300,20.3300,0,0,0.1580000,0.9287000,0.0000000,12.0413000,-0.1345000,14.7912000
20240116,450,P,0.3350,0.3350,0.3350,0.3350,0,0,0.1475000,-0.0583000,0.0000000,10.3094000,-0.0544000,-0.9856000
20240116,482,C,0.3700,0.3700,0.3700,0.3700,0,0,0.0999000,0.0908000,0.0000000,14.4721000,-0.0618000,1.5040000
20240116,482,P,12.9350,12.9350,12.9350,12.9350,0,0,0.1282000,-0.8499000,0.0000000,20.6457000,-0.0411000,-14.6581000
20240116,471,C,3.3000,3.3000,3.3000,3.3000,0,0,0.1079000,0.4592000,0.0000000,35.1276000,-0.1771000,7.5535000
20240116,471,P,4.3400,4.3400,4.3400,4.3400,0,0,0.1068000,-0.5412000,0.0000000,35.1233000,-0.1062000,-9.1962000
20240116,460,C,11.0400,11.0400,11.0400,11.0400,0,0,0.1270000,0.8164000,0.0000000,23.5150000,-0.1698000,13.2447000
20240116,460,P,1.0350,1.0350,1.0350,1.0350,0,0,0.1223000,-0.1747000,0.0000000,22.7976000,-0.0950000,-2.9561000
20240116,481,C,0.4650,0.4650,0.4650,0.4650,0,0,0.0994000,0.1090000,0.0000000,16.5384000,-0.0707000,1.8049000
20240116,481,P,11.9450,11.9450,11.9450,11.9450,0,0,0.1217000,-0.8420000,0.0000000,21.3527000,-0.0398000,-14.4920000
20240116,470,C,3.8200,3.8200,3.8200,3.8200,0,0,0.1092000,0.5008000,0.0000000,35.3122000,-0.1825000,8.2309000
20240116,470,P,3.8500,3.8500,3.8500,3.8500,0,0,0.1079000,-0.4992000,0.0000000,35.3122000,-0.1114000,-8.4765000
20240117,480,C,0.7000,0.7000,0.7000,0.7000,0,0,0.1015000,0.1469000,0.0000000,21.1270000,-0.0867000,2.6171000
20240117,480,P,10.9950,10.9950,10.9950,10.9950,0,0,0.1148000,-0.8226000,0.0000000,23.8796000,-0.0393000,-15.2206000
20240117,469,C,4.6450,4.6450,4.6450,4.6450,0,0,0.1127000,0.5424000,0.0000000,36.4377000,-0.1835000,9.5806000
20240117,469,P,3.5900,3.5900,3.5900,3.5900,0,0,0.1110000,-0.4570000,0.0000000,36.4326000,-0.1123000,-8.3597000
20240117,490,C,0.0650,0.0650,0.0650,0.0650,0,0,0.1010000,0.0180000,0.0000000,4.0715000,-0.0159000,0.3219000
20240117,490,P,20.9350,20.9350,20.9350,20.9350,0,0,0.1789000,-0.8794000,0.0000000,18.4380000,-0.0538000,-16.6232000
20240117,479,C,0.8650,0.8650,0.8650,0.8650,0,0,0.1018000,0.1730000,0.0000000,23.5065000,-0.0973000,3.0793000
20240117,479,P,10.0900,10.0900,10.0900,10.0900,0,0,0.1115000,-0.8045000,0.0000000,25.3600000,-0.0438000,-14.8609000
20240117,468,C,5.2550,5.2550,5.2550,5.2550,0,0,0.1143000,0.5795000,0.0000000,35.9148000,-0.1860000,10.2241000
20240117,468,P,3.1900,3.1900,3.1900,3.1900,0,0,0.1123000,-0.4191000,0.0000000,35.8908000,-0.1144000,-7.6634000
20240117,500,C,0.0250,0.0250,0.0250,0.0250,0,0,0.1240000,0.0056000,0.0000000,1.4702000,-0.0068000,0.1000000
20240117,500,P,30.9350,30.9350,30.9350,30.9350,0,0,0.2390000,-0.9030000,0.0000000,15.7646000,-0.0674000,-17.4312000
20240117,478,C,1.0600,1.0600,1.0600,1.0600,0,0,0.1025000,0.2028000,0.0000000,25.9369000,-0.1088000,3.6089000
20240117,478,P,9.2400,9.2400,9.2400,9.2400,0,0,0.1095000,-0.7813000,0.0000000,27.1009000,-0.0505000,-14.4109000
20240117,510,C,0.0150,0.0150,0.0150,0.0150,0,0,0.1484000,0.0025000,0.0000000,0.7357000,-0.0040000,0.0461000
20240117,510,P,40.9300,40.9300,40.9300,40.9300,0,0,0.2950000,-0.9169000,0.0000000,14.0443000,-0.0784000,-18.0660000
20240117,467,C,5.9000,5.9000,5.9000,5.9000,0,0,0.1161000,0.6148000,0.0000000,35.1159000,-0.1873000,10.8348000
20240117,467,P,2.8300,2.8300,2.8300,2.8300,0,0,0.1137000,-0.3829000,0.0000000,35.0560000,-0.1154000,-6.9974000
20240117,520,P,50.9250,50.9250,50.9250,50.9250,0,0,0.3474000,-0.9267000,0.0000000,12.7683000,-0.0867000,-18.6254000
20240117,477,C,1.2900,1.2900,1.2900,1.2900,0,0,0.1031000,0.2349000,0.0000000,28.2230000,-0.1200000,4.1769000
20240117,477,P,8.4250,8.4250,8.4250,8.4250,0,0,0.1079000,-0.7548000,0.0000000,28.8844000,-0.0577000,-13.9029000
20240117,466,C,6.5900,6.5900,6.5900,6.5900,0,0,0.1181000,0.6481000,0.0000000,34.0898000,-0.1877000,11.4066000
20240117,466,P,2.5100,2.5100,2.5100,2.5100,0,0,0.1152000,-0.3485000,0.0000000,33.9734000,-0.1153000,-6.3674000
20240117,530,P,60.9250,60.9250,60.9250,60.9250,0,0,0.3980000,-0.9334000,0.0000000,11.8550000,-0.0948000,-19.1300000
20240117,476,C,1.5600,1.5600,1.5600,1.5600,0,0,0.1040000,0.2697000,0.0000000,30.3579000,-0.1312000,4.7929000
20240117,476,P,7.6600,7.6600,7.6600,7.6600,0,0,0.1073000,-0.7236000,0.0000000,30.7235000,-0.0665000,-13.3121000
20240117,465,C,7.3000,7.3000,7.3000,7.3000,0,0,0.1197000,0.6797000,0.0000000,32.8609000,-0.1865000,11.9480000
20240117,465,P,2.2200,2.2200,2.2200,2.2200,0,0,0.1166000,-0.3161000,0.0000000,32.6811000,-0.1139000,-5.7724000
20240117,475,C,1.8700,1.8700,1.8700,1.8700,0,0,0.1049000,0.3065000,0.0000000,32.2471000,-0.1417000,5.4428000
20240117,475,P,6.9350,6.9350,6.9350,6.9350,0,0,0.1068000,-0.6901000,0.0000000,32.3981000,-0.0747000,-12.6819000
20240117,464,C,8.0400,8.0400,8.0400,8.0400,0,0,0.1214000,0.7092000,0.0000000,31.4811000,-0.1844000,12.4507000
20240117,464,P,1.9600,1.9600,1.9600,1.9600,0,0,0.1182000,-0.2858000,0.0000000,31.2283000,-0.1117000,-5.2171000
20240117,485,C,0.2250,0.2250,0.2250,0.2250,0,0,0.1005000,0.0563000,0.0000000,10.4196000,-0.0413000,1.0057000
20240117,485,P,15.9350,15.9350,15.9350,15.9350,0,0,0.1467000,-0.8598000,0.0000000,20.4614000,-0.0453000,-16.0792000
20240117,474,C,2.2200,2.2200,2.2200,2.2200,0,0,0.1059000,0.3449000,0.0000000,33.8418000,-0.1516000,6.1205000
20240117,474,P,6.2550,6.2550,6.2550,6.2550,0,0,0.1068000,-0.6538000,0.0000000,33.8870000,-0.0830000,-12.0015000
20240117,463,C,8.8100,8.8100,8.8100,8.8100,0,0,0.1232000,0.7365000,0.0000000,29.9980000,-0.1818000,12.9122000
20240117,463,P,1.7350,1.7350,1.7350,1.7350,0,0,0.1198000,-0.2577000,0.0000000,29.6597000,-0.1088000,-4.7027000
20240117,473,C,2.6200,2.6200,2.6200,2.6200,0,0,0.1071000,0.3845000,0.0000000,35.0997000,-0.1606000,6.8173000
20240117,473,P,5.6300,5.6300,5.6300,5.6300,0,0,0.1074000,-0.6151000,0.0000000,35.1070000,-0.0912000,-11.2830000
20240117,483,C,0.3650,0.3650,0.3650,0.3650,0,0,0.1009000,0.0851000,0.0000000,14.3152000,-0.0574000,1.5184000
20240117,483,P,13.9350,13.9350,13.9350,13.9350,0,0,0.1333000,-0.8491000,0.0000000,21.4976000,-0.0414000,-15.8103000
20240117,472,C,3.0600,3.0600,3.0600,3.0600,0,0,0.1084000,0.4245000,0.0000000,35.9883000,-0.1683000,7.5205000
20240117,472,P,5.0500,5.0500,5.0500,5.0500,0,0,0.1080000,-0.5757000,0.0000000,35.9825000,-0.0982000,-10.5515000
20240117,482,C,0.4550,0.4550,0.4550,0.4550,0,0,0.1009000,0.1027000,0.0000000,16.4373000,-0.0663000,1.8304000
20240117,482,P,12.9350,12.9350,12.9350,12.9350,0,0,0.1264000,-0.8428000,0.0000000,22.0858000,-0.0394000,-15.6590000
20240117,471,C,3.5400,3.5400,3.5400,3.5400,0,0,0.1096000,0.4644000,0.0000000,36.5000000,-0.1746000,8.2202000
20240117,471,P,4.5100,4.5100,4.5100,4.5100,0,0,0.1086000,-0.5359000,0.0000000,36.4966000,-0.1038000,-9.8142000
20240117,481,C,0.5650,0.5650,0.5650,0.5650,0,0,0.1010000,0.1230000,0.0000000,18.7034000,-0.0759000,2.1923000
20240117,481,P,11.9800,11.9800,11.9800,11.9800,0,0,0.1216000,-0.8314000,0.0000000,23.1149000,-0.0410000,-15.4175000
20240117,470,C,4.0700,4.0700,4.0700,4.0700,0,0,0.1112000,0.5039000,0.0000000,36.6435000,-0.1798000,8.9103000
20240117,470,P,4.0300,4.0300,4.0300,4.0300,0,0,0.1098000,-0.4960000,0.0000000,36.6435000,-0.1088000,-9.0789000
20240119,320,C,149.9900,149.9900,149.9900,149.9900,0,0,0.7894000,0.9920000,0.0000000,2.1467000,-0.0995000,13.8208000
20240119,320,P,0.0150,0.0150,0.0150,0.0150,0,0,0.5812000,-0.0006000,0.0000000,0.2182000,-0.0039000,-0.0135000
20240119,384,C,86.2250,86.2250,86.2250,86.2250,0,0,0.4677000,0.9827000,0.0000000,4.1825000,-0.1164000,16.4265000
20240119,384,P,0.0650,0.0650,0.0650,0.0650,0,0,0.3808000,-0.0049000,0.0000000,1.4131000,-0.0164000,-0.1048000
20240119,448,C,22.9300,22.9300,22.9300,22.9300,0,0,0.1818000,0.9006000,0.0000000,17.1542000,-0.1564000,17.5116000
20240119,448,P,0.4750,0.4750,0.4750,0.4750,0,0,0.1566000,-0.0685000,0.0000000,12.9720000,-0.0586000,-1.4297000
20240119,640,P,170.9300,170.9300,170.9300,170.9300,0,0,0.8319000,-0.9538000,0.0000000,9.4917000,-0.1554000,-27.1045000
20240119,405,C,65.3200,65.3200,65.3200,65.3200,0,0,0.3691000,0.9754000,0.0000000,5.6483000,-0.1230000,17.1921000
20240119,405,P,0.0950,0.0950,0.0950,0.0950,0,0,0.3046000,-0.0089000,0.0000000,2.3650000,-0.0218000,-0.1870000
20240119,469,C,5.2100,5.2100,5.2100,5.2100,0,0,0.1181000,0.5436000,0.0000000,38.9410000,-0.1807000,10.9484000
20240119,469,P,3.9050,3.9050,3.9050,3.9050,0,0,0.1134000,-0.4549000,0.0000000,38.9257000,-0.1059000,-9.5250000
20240119,575,P,105.9350,105.9350,105.9350,105.9350,0,0,0.5831000,-0.9438000,0.0000000,11.0969000,-0.1211000,-24.0497000
20240119,362,C,108.1400,108.1400,108.1400,108.1400,0,0,0.5757000,0.9870000,0.0000000,3.2715000,-0.1112000,15.5536000
20240119,362,P,0.0350,0.0350,0.0350,0.0350,0,0,0.4472000,-0.0022000,0.0000000,0.6985000,-0.0096000,-0.0480000
20240119,426,C,44.4500,44.4500,44.4500,44.4500,0,0,0.2712000,0.9611000,0.0000000,8.2652000,-0.1300000,17.8123000
20240119,426,P,0.1650,0.1650,0.1650,0.1650,0,0,0.2299000,-0.0191000,0.0000000,4.5869000,-0.0316000,-0.4012000
20240119,490,C,0.1250,0.1250,0.1250,0.1250,0,0,0.1047000,0.0302000,0.0000000,6.7312000,-0.0241000,0.6170000
20240119,490,P,20.9350,20.9350,20.9350,20.9350,0,0,0.1737000,-0.8686000,0.0000000,20.9212000,-0.0503000,-18.7769000
20240119,255,C,214.7900,214.7900,214.7900,214.7900,0,0,1.1685000,0.9956000,0.0000000,1.2569000,-0.0831000,11.0546000
20240119,383,C,87.2250,87.2250,87.2250,87.2250,0,0,0.4736000,0.9828000,0.0000000,4.1706000,-0.1169000,16.3838000
20240119,383,P,0.0550,0.0550,0.0550,0.0550,0,0,0.3769000,-0.0041000,0.0000000,1.2119000,-0.0139000,-0.0882000
20240119,447,C,23.8400,23.8400,23.8400,23.8400,0,0,0.1827000,0.9095000,0.0000000,16.0113000,-0.1509000,17.6542000
20240119,447,P,0.4350,0.4350,0.4350,0.4350,0,0,0.1589000,-0.0626000,0.0000000,12.1027000,-0.0557000,-1.3073000
20240119,340,C,130.0600,130.0600,130.0600,130.0600,0,0,0.6859000,0.9900000,0.0000000,2.6054000,-0.1052000,14.6539000
20240119,340,P,0.0150,0.0150,0.0150,0.0150,0,0,0.4921000,-0.0006000,0.0000000,0.2369000,-0.0035000,-0.0147000
20240119,404,C,66.3150,66.3150,66.3150,66.3150,0,0,0.3730000,0.9761000,0.0000000,5.5176000,-0.1221000,17.1625000
20240119,404,P,0.0950,0.0950,0.0950,0.0950,0,0,0.3085000,-0.0086000,0.0000000,2.3145000,-0.0217000,-0.1825000
20240119,468,C,5.8300,5.8300,5.8300,5.8300,0,0,0.1200000,0.5766000,0.0000000,38.4510000,-0.1832000,11.5993000
20240119,468,P,3.5100,3.5100,3.5100,3.5100,0,0,0.1149000,-0.4204000,0.0000000,38.3944000,-0.1082000,-8.7985000
20240119,660,P,190.9150,190.9150,190.9150,190.9150,0,0,0.8999000,-0.9560000,0.0000000,9.1373000,-0.1625000,-28.0242000
20240119,361,C,109.1350,109.1350,109.1350,109.1350,0,0,0.5789000,0.9874000,0.0000000,3.1889000,-0.1099000,15.5179000
20240119,361,P,0.0350,0.0350,0.0350,0.0350,0,0,0.4511000,-0.0022000,0.0000000,0.6877000,-0.0095000,-0.0471000
20240119,425,C,45.4400,45.4400,45.4400,45.4400,0,0,0.2756000,0.9622000,0.0000000,8.0698000,-0.1294000,17.7920000
20240119,425,P,0.1550,0.1550,0.1550,0.1550,0,0,0.2324000,-0.0179000,0.0000000,4.3354000,-0.0302000,-0.3755000
20240119,489,C,0.1450,0.1450,0.1450,0.1450,0,0,0.1032000,0.0352000,0.0000000,7.6237000,-0.0270000,0.7175000
20240119,489,P,19.9350,19.9350,19.9350,19.9350,0,0,0.1676000,-0.8651000,0.0000000,21.2997000,-0.0486000,-18.6618000
20240119,595,P,125.9350,125.9350,125.9350,125.9350,0,0,0.6636000,-0.9479000,0.0000000,10.4495000,-0.1324000,-25.0108000
20240119,190,C,279.6300,279.6300,279.6300,279.6300,0,0,1.6785000,0.9970000,0.0000000,0.8839000,-0.0741000,8.2414000
20240119,382,C,88.2100,88.2100,88.2100,88.2100,0,0,0.4765000,0.9834000,0.0000000,4.0502000,-0.1154000,16.3524000
20240119,382,P,0.0550,0.0550,0.0550,0.0550,0,0,0.3818000,-0.0041000,0.0000000,1.2119000,-0.0141000,-0.0882000
20240119,446,C,24.7750,24.7750,24.7750,24.7750,0,0,0.1843000,0.9169000,0.0000000,15.0222000,-0.1463000,17.7656000
20240119,446,P,0.4050,0.4050,0.4050,0.4050,0,0,0.1618000,-0.0580000,0.0000000,11.3927000,-0.0535000,-1.2102000
20240119,510,C,0.0150,0.0150,0.0150,0.0150,0,0,0.1367000,0.0023000,0.0000000,0.7154000,-0.0032000,0.0475000
20240119,510,P,40.9300,40.9300,40.9300,40.9300,0,0,0.2849000,-0.9090000,0.0000000,16.0740000,-0.0741000,-20.4836000
20240119,275,C,194.8550,194.8550,194.8550,194.8550,0,0,1.0437000,0.9948000,0.0000000,1.4671000,-0.0879000,11.9118000
20240119,403,C,67.3150,67.3150,67.3150,67.3150,0,0,0.3784000,0.9763000,0.0000000,5.4708000,-0.1223000,17.1237000
20240119,403,P,0.0950,0.0950,0.0950,0.0950,0,0,0.3134000,-0.0086000,0.0000000,2.3050000,-0.0219000,-0.1817000
20240119,467,C,6.4850,6.4850,6.4850,6.4850,0,0,0.1218000,0.6081000,0.0000000,37.7259000,-0.1847000,12.2201000
20240119,467,P,3.1550,3.1550,3.1550,3.1550,0,0,0.1163000,-0.3872000,0.0000000,37.6014000,-0.1094000,-8.1006000
20240119,360,C,110.1350,110.1350,110.1350,110.1350,0,0,0.5851000,0.9874000,0.0000000,3.1888000,-0.1104000,15.4740000
20240119,360,P,0.0250,0.0250,0.0250,0.0250,0,0,0.4375000,-0.0015000,0.0000000,0.4908000,-0.0066000,-0.0325000
20240119,424,C,46.4400,46.4400,46.4400,46.4400,0,0,0.2812000,0.9627000,0.0000000,7.9886000,-0.1300000,17.7577000
20240119,424,P,0.1550,0.1550,0.1550,0.1550,0,0,0.2368000,-0.0175000,0.0000000,4.2497000,-0.0302000,-0.3669000
20240119,488,C,0.1750,0.1750,0.1750,0.1750,0,0,0.1024000,0.0418000,0.0000000,8.7858000,-0.0309000,0.8538000
20240119,488,P,18.9300,18.9300,18.9300,18.9300,0,0,0.1614000,-0.8613000,0.0000000,21.7123000,-0.0471000,-18.5390000
20240119,680,P,210.9250,210.9250,210.9250,210.9250,0,0,0.9684000,-0.9571000,0.0000000,8.9422000,-0.1731000,-28.9252000
20240119,381,C,89.2250,89.2250,89.2250,89.2250,0,0,0.4848000,0.9830000,0.0000000,4.1278000,-0.1174000,16.3004000
20240119,381,P,0.0550,0.0550,0.0550,0.0550,0,0,0.3867000,-0.0041000,0.0000000,1.2115000,-0.0143000,-0.0882000
20240119,445,C,25.7300,25.7300,25.7300,25.7300,0,0,0.1876000,0.9219000,0.0000000,14.3332000,-0.1440000,17.8265000
20240119,445,P,0.3850,0.3850,0.3850,0.3850,0,0,0.1655000,-0.0545000,0.0000000,10.8499000,-0.0522000,-1.1378000
20240119,615,P,145.9300,145.9300,145.9300,145.9300,0,0,0.7405000,-0.9510000,0.0000000,9.9599000,-0.1430000,-25.9500000
20240119,210,C,259.6800,259.6800,259.6800,259.6800,0,0,1.5062000,0.9966000,0.0000000,0.9875000,-0.0771000,9.1080000
20240119,402,C,68.3150,68.3150,68.3150,68.3150,0,0,0.3842000,0.9764000,0.0000000,5.4508000,-0.1230000,17.0819000
20240119,402,P,0.0850,0.0850,0.0850,0.0850,0,0,0.3134000,-0.0077000,0.0000000,2.1049000,-0.0200000,-0.1639000
20240119,466,C,7.1700,7.1700,7.1700,7.1700,0,0,0.1239000,0.6379000,0.0000000,36.8083000,-0.1856000,12.8024000
20240119,466,P,2.8300,2.8300,2.8300,2.8300,0,0,0.1179000,-0.3558000,0.0000000,36.5878000,-0.1097000,-7.4393000
20240119,530,P,60.9250,60.9250,60.9250,60.9250,0,0,0.3835000,-0.9268000,0.0000000,13.6410000,-0.0903000,-21.7258000
20240119,295,C,174.9150,174.9150,174.9150,174.9150,0,0,0.9265000,0.9937000,0.0000000,1.7242000,-0.0929000,12.7645000
20240119,359,C,111.1250,111.1250,111.1250,111.1250,0,0,0.5882000,0.9878000,0.0000000,3.1086000,-0.1091000,15.4381000
20240119,359,P,0.0350,0.0350,0.0350,0.0350,0,0,0.4609000,-0.0022000,0.0000000,0.6889000,-0.0097000,-0.0473000
20240119,423,C,47.4300,47.4300,47.4300,47.4300,0,0,0.2854000,0.9638000,0.0000000,7.7846000,-0.1291000,17.7382000
20240119,423,P,0.1450,0.1450,0.1450,0.1450,0,0,0.2392000,-0.0164000,0.0000000,4.0206000,-0.0289000,-0.3439000
20240119,487,C,0.2250,0.2250,0.2250,0.2250,0,0,0.1030000,0.0522000,0.0000000,10.4849000,-0.0373000,1.0640000
20240119,487,P,17.9350,17.9350,17.9350,17.9350,0,0,0.1553000,-0.8571000,0.0000000,22.1527000,-0.0455000,-18.4096000
20240119,380,C,90.2150,90.2150,90.2150,90.2150,0,0,0.4882000,0.9835000,0.0000000,4.0274000,-0.1162000,16.2669000
20240119,380,P,0.0550,0.0550,0.0550,0.0550,0,0,0.3906000,-0.0041000,0.0000000,1.1907000,-0.0142000,-0.0865000
20240119,444,C,26.7100,26.7100,26.7100,26.7100,0,0,0.1922000,0.9251000,0.0000000,13.8769000,-0.1435000,17.8503000
20240119,444,P,0.3550,0.3550,0.3550,0.3550,0,0,0.1679000,-0.0501000,0.0000000,10.1483000,-0.0497000,-1.0459000
20240119,700,P,230.9050,230.9050,230.9050,230.9050,0,0,1.0311000,-0.9587000,0.0000000,8.6830000,-0.1793000,-29.8324000
20240119,401,C,69.3200,69.3200,69.3200,69.3200,0,0,0.3916000,0.9761000,0.0000000,5.5079000,-0.1247000,17.0316000
20240119,401,P,0.0850,0.0850,0.0850,0.0850,0,0,0.3173000,-0.0076000,0.0000000,2.0619000,-0.0199000,-0.1601000
20240119,465,C,7.8800,7.8800,7.8800,7.8800,0,0,0.1258000,0.6662000,0.0000000,35.7234000,-0.1854000,13.3520000
20240119,465,P,2.5400,2.5400,2.5400,2.5400,0,0,0.1195000,-0.3260000,0.0000000,35.3912000,-0.1092000,-6.8155000
20240119,635,P,165.9100,165.9100,165.9100,165.9100,0,0,0.8120000,-0.9538000,0.0000000,9.5013000,-0.1505000,-26.8833000
20240119,230,C,239.7200,239.7200,239.7200,239.7200,0,0,1.3394000,0.9964000,0.0000000,1.0526000,-0.0776000,9.9779000
20240119,358,C,112.1250,112.1250,112.1250,112.1250,0,0,0.5941000,0.9878000,0.0000000,3.0985000,-0.1093000,15.3952000
20240119,358,P,0.0250,0.0250,0.0250,0.0250,0,0,0.4453000,-0.0014000,0.0000000,0.4772000,-0.0065000,-0.0315000
20240119,422,C,48.4300,48.4300,48.4300,48.4300,0,0,0.2910000,0.9643000,0.0000000,7.7104000,-0.1297000,17.7030000
20240119,422,P,0.1450,0.1450,0.1450,0.1450,0,0,0.2436000,-0.0160000,0.0000000,3.9454000,-0.0289000,-0.3365000
20240119,486,C,0.2850,0.2850,0.2850,0.2850,0,0,0.1033000,0.0638000,0.0000000,12.2864000,-0.0440000,1.3014000
20240119,486,P,16.9350,16.9350,16.9350,16.9350,0,0,0.1490000,-0.8527000,0.0000000,22.6142000,-0.0437000,-18.2744000
20240119,550,P,80.9350,80.9350,80.9350,80.9350,0,0,0.4760000,-0.9362000,0.0000000,12.2582000,-0.1055000,-22.7975000
20240119,315,C,154.9800,154.9800,154.9800,154.9800,0,0,0.8187000,0.9922000,0.0000000,2.0871000,-0.0992000,13.6073000
20240119,379,C,91.2100,91.2100,91.2100,91.2100,0,0,0.4941000,0.9835000,0.0000000,4.0154000,-0.1166000,16.2242000
20240119,379,P,0.0550,0.0550,0.0550,0.0550,0,0,0.3945000,-0.0040000,0.0000000,1.1702000,-0.0141000,-0.0849000
20240119,443,C,27.6700,27.6700,27.6700,27.6700,0,0,0.1951000,0.9298000,0.0000000,13.2028000,-0.1408000,17.9051000
20240119,443,P,0.3350,0.3350,0.3350,0.3350,0,0,0.1711000,-0.0467000,0.0000000,9.6056000,-0.0480000,-0.9766000
20240119,400,C,70.3050,70.3050,70.3050,70.3050,0,0,0.3935000,0.9773000,0.0000000,5.2836000,-0.1222000,17.0123000
20240119,400,P,0.0850,0.0850,0.0850,0.0850,0,0,0.3222000,-0.0075000,0.0000000,2.0556000,-0.0201000,-0.1596000
20240119,464,C,8.6300,8.6300,8.6300,8.6300,0,0,0.1281000,0.6923000,0.0000000,34.5298000,-0.1849000,13.8557000
20240119,464,P,2.2750,2.2750,2.2750,2.2750,0,0,0.1210000,-0.2978000,0.0000000,34.0321000,-0.1077000,-6.2235000
20240119,720,P,250.9200,250.9200,250.9200,250.9200,0,0,1.0964000,-0.9592000,0.0000000,8.5927000,-0.1909000,-30.7209000
20240119,357,C,113.1200,113.1200,113.1200,113.1200,0,0,0.5999000,0.9879000,0.0000000,3.0882000,-0.1096000,15.3524000
20240119,357,P,0.0250,0.0250,0.0250,0.0250,0,0,0.4531000,-0.0015000,0.0000000,0.5065000,-0.0070000,-0.0336000
20240119,421,C,49.4200,49.4200,49.4200,49.4200,0,0,0.2954000,0.9652000,0.0000000,7.5386000,-0.1291000,17.6794000
20240119,421,P,0.1350,0.1350,0.1350,0.1350,0,0,0.2456000,-0.0149000,0.0000000,3.7021000,-0.0273000,-0.3124000
20240119,485,C,0.3550,0.3550,0.3550,0.3550,0,0,0.1036000,0.0771000,0.0000000,14.2069000,-0.0513000,1.5714000
20240119,485,P,15.9350,15.9350,15.9350,15.9350,0,0,0.1427000,-0.8477000,0.0000000,23.1220000,-0.0420000,-18.1282000
20240119,655,P,185.9150,185.9150,185.9150,185.9150,0,0,0.8826000,-0.9556000,0.0000000,9.2011000,-0.1601000,-27.7972000
20240119,250,C,219.8050,219.8050,219.8050,219.8050,0,0,1.2205000,0.9953000,0.0000000,1.3365000,-0.0874000,10.8286000
20240119,378,C,92.2050,92.2050,92.2050,92.2050,0,0,0.4975000,0.9840000,0.0000000,3.9186000,-0.1154000,16.1903000
20240119,378,P,0.0550,0.0550,0.0550,0.0550,0,0,0.3994000,-0.0040000,0.0000000,1.1696000,-0.0143000,-0.0849000
20240119,442,C,28.6550,28.6550,28.6550,28.6550,0,0,0.1995000,0.9328000,0.0000000,12.7683000,-0.1400000,17.9233000
20240119,442,P,0.3150,0.3150,0.3150,0.3150,0,0,0.1743000,-0.0437000,0.0000000,9.0984000,-0.0464000,-0.9130000
20240119,570,P,100.9400,100.9400,100.9400,100.9400,0,0,0.5631000,-0.9423000,0.0000000,11.3388000,-0.1193000,-23.7989000
20240119,335,C,135.0400,135.0400,135.0400,135.0400,0,0,0.7103000,0.9906000,0.0000000,2.4595000,-0.1032000,14.4487000
20240119,335,P,0.0150,0.0150,0.0150,0.0150,0,0,0.5124000,-0.0006000,0.0000000,0.2254000,-0.0035000,-0.0139000
20240119,399,C,71.3100,71.3100,71.3100,71.3100,0,0,0.4011000,0.9769000,0.0000000,5.3515000,-0.1242000,16.9609000
20240119,399,P,0.0850,0.0850,0.0850,0.0850,0,0,0.3261000,-0.0074000,0.0000000,2.0141000,-0.0200000,-0.1560000
20240119,463,C,9.3950,9.3950,9.3950,9.3950,0,0,0.1301000,0.7171000,0.0000000,33.2157000,-0.1833000,14.3335000
20240119,463,P,2.0400,2.0400,2.0400,2.0400,0,0,0.1228000,-0.2719000,0.0000000,32.5861000,-0.1059000,-5.6807000
20240119,356,C,114.1350,114.1350,114.1350,114.1350,0,0,0.6093000,0.9875000,0.0000000,3.1637000,-0.1117000,15.3011000
20240119,356,P,0.0250,0.0250,0.0250,0.0250,0,0,0.4570000,-0.0015000,0.0000000,0.4991000,-0.0070000,-0.0331000
20240119,420,C,50.4200,50.4200,50.4200,50.4200,0,0,0.3007000,0.9657000,0.0000000,7.4506000,-0.1294000,17.6458000
20240119,420,P,0.1350,0.1350,0.1350,0.1350,0,0,0.2500000,-0.0146000,0.0000000,3.6369000,-0.0273000,-0.3061000
20240119,484,C,0.4350,0.4350,0.4350,0.4350,0,0,0.1035000,0.0916000,0.0000000,16.1605000,-0.0585000,1.8650000
20240119,484,P,14.9300,14.9300,14.9300,14.9300,0,0,0.1363000,-0.8423000,0.0000000,23.6603000,-0.0402000,-17.9734000
20240119,185,C,284.6150,284.6150,284.6150,284.6150,0,0,1.7140000,0.9972000,0.0000000,0.8258000,-0.0712000,8.0275000
20240119,377,C,93.1950,93.1950,93.1950,93.1950,0,0,0.5007000,0.9845000,0.0000000,3.8176000,-0.1141000,16.1567000
20240119,377,P,0.0550,0.0550,0.0550,0.0550,0,0,0.4042000,-0.0040000,0.0000000,1.1686000,-0.0144000,-0.0848000
20240119,441,C,29.6350,29.6350,29.6350,29.6350,0,0,0.2038000,0.9357000,0.0000000,12.3408000,-0.1390000,17.9397000
20240119,441,P,0.2950,0.2950,0.2950,0.2950,0,0,0.1772000,-0.0407000,0.0000000,8.5889000,-0.0447000,-0.8503000
20240119,505,C,0.0150,0.0150,0.0150,0.0150,0,0,0.1230000,0.0028000,0.0000000,0.8581000,-0.0034000,0.0581000
20240119,505,P,35.9300,35.9300,35.9300,35.9300,0,0,0.2584000,-0.9024000,0.0000000,16.9297000,-0.0689000,-20.1281000
20240119,675,P,205.9350,205.9350,205.9350,205.9350,0,0,0.9529000,-0.9566000,0.0000000,9.0302000,-0.1722000,-28.6957000
20240119,270,C,199.8600,199.8600,199.8600,199.8600,0,0,1.0917000,0.9944000,0.0000000,1.5545000,-0.0924000,11.6849000
20240119,398,C,72.2850,72.2850,72.2850,72.2850,0,0,0.4008000,0.9786000,0.0000000,5.0275000,-0.1200000,16.9521000
20240119,398,P,0.0850,0.0850,0.0850,0.0850,0,0,0.3310000,-0.0073000,0.0000000,2.0078000,-0.0202000,-0.1555000
20240119,462,C,10.1850,10.1850,10.1850,10.1850,0,0,0.1323000,0.7400000,0.0000000,31.8496000,-0.1814000,14.7687000
20240119,462,P,1.8250,1.8250,1.8250,1.8250,0,0,0.1243000,-0.2473000,0.0000000,31.0297000,-0.1032000,-5.1656000
20240119,590,P,120.9350,120.9350,120.9350,120.9350,0,0,0.6439000,-0.9470000,0.0000000,10.5961000,-0.1297000,-24.7727000
20240119,355,C,115.1150,115.1150,115.1150,115.1150,0,0,0.6093000,0.9882000,0.0000000,3.0103000,-0.1087000,15.2723000
20240119,355,P,0.0250,0.0250,0.0250,0.0250,0,0,0.4609000,-0.0015000,0.0000000,0.4919000,-0.0069000,-0.0326000
20240119,419,C,51.4000,51.4000,51.4000,51.4000,0,0,0.3037000,0.9672000,0.0000000,7.1756000,-0.1275000,17.6342000
20240119,419,P,0.1350,0.1350,0.1350,0.1350,0,0,0.2548000,-0.0144000,0.0000000,3.6060000,-0.0277000,-0.3032000
20240119,483,C,0.5250,0.5250,0.5250,0.5250,0,0,0.1032000,0.1077000,0.0000000,18.1985000,-0.0661000,2.1934000
20240119,483,P,13.9350,13.9350,13.9350,13.9350,0,0,0.1298000,-0.8364000,0.0000000,24.2345000,-0.0383000,-17.8083000
20240119,525,C,0.0150,0.0150,0.0150,0.0150,0,0,0.1816000,0.0019000,0.0000000,0.6127000,-0.0036000,0.0399000
20240119,525,P,55.9250,55.9250,55.9250,55.9250,0,0,0.3594000,-0.9234000,0.0000000,14.1121000,-0.0863000,-21.4381000
20240119,376,C,94.1950,94.1950,94.1950,94.1950,0,0,0.5066000,0.9845000,0.0000000,3.8069000,-0.1145000,16.1139000
20240119,376,P,0.0450,0.0450,0.0450,0.0450,0,0,0.3984000,-0.0032000,0.0000000,0.9695000,-0.0118000,-0.0688000
20240119,440,C,30.6100,30.6100,30.6100,30.6100,0,0,0.2080000,0.9385000,0.0000000,11.9200000,-0.1379000,17.9543000
20240119,440,P,0.2850,0.2850,0.2850,0.2850,0,0,0.1811000,-0.0387000,0.0000000,8.2479000,-0.0439000,-0.8091000
20240119,205,C,264.6550,264.6550,264.6550,264.6550,0,0,1.5281000,0.9970000,0.0000000,0.8827000,-0.0721000,8.8981000
20240119,397,C,73.3000,73.3000,73.3000,73.3000,0,0,0.4106000,0.9777000,0.0000000,5.2020000,-0.1236000,16.8892000
20240119,397,P,0.0850,0.0850,0.0850,0.0850,0,0,0.3349000,-0.0072000,0.0000000,1.9677000,-0.0200000,-0.1520000
20240119,461,C,10.9900,10.9900,10.9900,10.9900,0,0,0.1345000,0.7611000,0.0000000,30.4466000,-0.1791000,15.1675000
20240119,461,P,1.6350,1.6350,1.6350,1.6350,0,0,0.1261000,-0.2249000,0.0000000,29.4463000,-0.1002000,-4.6961000
20240119,695,P,225.9050,225.9050,225.9050,225.9050,0,0,1.0151000,-0.9584000,0.0000000,8.7291000,-0.1771000,-29.6077000
20240119,290,C,179.9200,179.9200,179.9200,179.9200,0,0,0.9699000,0.9934000,0.0000000,1.8063000,-0.0969000,12.5380000
20240119,418,C,52.3950,52.3950,52.3950,52.3950,0,0,0.3078000,0.9682000,0.0000000,7.0040000,-0.1267000,17.6103000
20240119,418,P,0.1250,0.1250,0.1250,0.1250,0,0,0.2563000,-0.0133000,0.0000000,3.3583000,-0.0259000,-0.2792000
20240119,482,C,0.6450,0.6450,0.6450,0.6450,0,0,0.1036000,0.1274000,0.0000000,20.4940000,-0.0751000,2.5930000
20240119,482,P,12.9500,12.9500,12.9500,12.9500,0,0,0.1240000,-0.8282000,0.0000000,25.0117000,-0.0376000,-17.5965000
20240119,610,P,140.9300,140.9300,140.9300,140.9300,0,0,0.7216000,-0.9503000,0.0000000,10.0705000,-0.1404000,-25.7168000
20240119,375,C,95.1950,95.1950,95.1950,95.1950,0,0,0.5124000,0.9846000,0.0000000,3.7958000,-0.1149000,16.0712000
20240119,375,P,0.0450,0.0450,0.0450,0.0450,0,0,0.4023000,-0.0032000,0.0000000,0.9537000,-0.0117000,-0.0676000
20240119,439,C,31.6000,31.6000,31.6000,31.6000,0,0,0.2128000,0.9405000,0.0000000,11.6156000,-0.1377000,17.9520000
20240119,439,P,0.2650,0.2650,0.2650,0.2650,0,0,0.1835000,-0.0358000,0.0000000,7.7319000,-0.0418000,-0.7476000
20240119,545,P,75.9400,75.9400,75.9400,75.9400,0,0,0.4545000,-0.9338000,0.0000000,12.6219000,-0.1034000,-22.5285000
20240119,396,C,74.2750,74.2750,74.2750,74.2750,0,0,0.4101000,0.9793000,0.0000000,4.8789000,-0.1194000,16.8802000
20240119,396,P,0.0750,0.0750,0.0750,0.0750,0,0,0.3339000,-0.0064000,0.0000000,1.7696000,-0.0180000,-0.1347000
20240119,460,C,11.8350,11.8350,11.8350,11.8350,0,0,0.1372000,0.7800000,0.0000000,29.0743000,-0.1769000,15.5184000
20240119,460,P,1.4700,1.4700,1.4700,1.4700,0,0,0.1282000,-0.2048000,0.0000000,27.8907000,-0.0974000,-4.2766000
20240119,225,C,244.7100,244.7100,244.7100,244.7100,0,0,1.3804000,0.9964000,0.0000000,1.0396000,-0.0777000,9.7601000
20240119,417,C,53.3950,53.3950,53.3950,53.3950,0,0,0.3134000,0.9685000,0.0000000,6.9467000,-0.1272000,17.5729000
20240119,417,P,0.1250,0.1250,0.1250,0.1250,0,0,0.2612000,-0.0132000,0.0000000,3.3332000,-0.0262000,-0.2768000
20240119,481,C,0.7850,0.7850,0.7850,0.7850,0,0,0.1038000,0.1491000,0.0000000,22.8080000,-0.0842000,3.0320000
20240119,481,P,11.8350,11.8350,11.8350,11.8350,0,0,0.1125000,-0.8310000,0.0000000,24.7516000,-0.0277000,-17.6046000
20240119,310,C,159.9600,159.9600,159.9600,159.9600,0,0,0.8445000,0.9927000,0.0000000,1.9789000,-0.0973000,13.3983000
20240119,374,C,96.1850,96.1850,96.1850,96.1850,0,0,0.5156000,0.9851000,0.0000000,3.6960000,-0.1135000,16.0374000
20240119,374,P,0.0450,0.0450,0.0450,0.0450,0,0,0.4062000,-0.0031000,0.0000000,0.9382000,-0.0116000,-0.0664000
20240119,438,C,32.5800,32.5800,32.5800,32.5800,0,0,0.2169000,0.9431000,0.0000000,11.2196000,-0.1365000,17.9618000
20240119,438,P,0.2550,0.2550,0.2550,0.2550,0,0,0.1872000,-0.0339000,0.0000000,7.4067000,-0.0409000,-0.7096000
20240119,630,P,160.9100,160.9100,160.9100,160.9100,0,0,0.7938000,-0.9533000,0.0000000,9.5848000,-0.1479000,-26.6537000
20240119,395,C,75.2750,75.2750,75.2750,75.2750,0,0,0.4160000,0.9794000,0.0000000,4.8640000,-0.1199000,16.8378000
20240119,395,P,0.0750,0.0750,0.0750,0.0750,0,0,0.3388000,-0.0063000,0.0000000,1.7661000,-0.0182000,-0.1345000
20240119,459,C,12.6750,12.6750,12.6750,12.6750,0,0,0.1394000,0.7982000,0.0000000,27.6348000,-0.1738000,15.8567000
20240119,459,P,1.3200,1.3200,1.3200,1.3200,0,0,0.1302000,-0.1861000,0.0000000,26.3130000,-0.0940000,-3.8850000
20240119,565,P,95.9400,95.9400,95.9400,95.9400,0,0,0.5420000,-0.9409000,0.0000000,11.5517000,-0.1163000,-23.5513000
20240119,416,C,54.3800,54.3800,54.3800,54.3800,0,0,0.3176000,0.9694000,0.0000000,6.7844000,-0.1264000,17.5477000
20240119,416,P,0.1250,0.1250,0.1250,0.1250,0,0,0.2656000,-0.0129000,0.0000000,3.2791000,-0.0263000,-0.2717000
20240119,480,C,0.9550,0.9550,0.9550,0.9550,0,0,0.1044000,0.1739000,0.0000000,25.2134000,-0.0942000,3.5340000
20240119,480,P,11.0200,11.0200,11.0200,11.0200,0,0,0.1130000,-0.8067000,0.0000000,26.9228000,-0.0375000,-17.0704000
20240119,245,C,224.7900,224.7900,224.7900,224.7900,0,0,1.2574000,0.9954000,0.0000000,1.3088000,-0.0871000,10.6121000
20240119,373,C,97.1850,97.1850,97.1850,97.1850,0,0,0.5218000,0.9850000,0.0000000,3.6978000,-0.1141000,15.9934000
20240119,373,P,0.0450,0.0450,0.0450,0.0450,0,0,0.4121000,-0.0032000,0.0000000,0.9553000,-0.0120000,-0.0678000
20240119,437,C,33.5650,33.5650,33.5650,33.5650,0,0,0.2208000,0.9456000,0.0000000,10.8285000,-0.1352000,17.9703000
20240119,437,P,0.2450,0.2450,0.2450,0.2450,0,0,0.1909000,-0.0322000,0.0000000,7.1012000,-0.0400000,-0.6744000
20240119,330,C,140.0350,140.0350,140.0350,140.0350,0,0,0.7390000,0.9909000,0.0000000,2.3927000,-0.1032000,14.2359000
20240119,330,P,0.0150,0.0150,0.0150,0.0150,0,0,0.5375000,-0.0006000,0.0000000,0.2332000,-0.0038000,-0.0145000
20240119,394,C,76.2750,76.2750,76.2750,76.2750,0,0,0.4213000,0.9796000,0.0000000,4.8262000,-0.1201000,16.7979000
20240119,394,P,0.0750,0.0750,0.0750,0.0750,0,0,0.3427000,-0.0062000,0.0000000,1.7322000,-0.0181000,-0.1316000
20240119,458,C,13.5400,13.5400,13.5400,13.5400,0,0,0.1421000,0.8141000,0.0000000,26.2902000,-0.1711000,16.1443000
20240119,458,P,1.1850,1.1850,1.1850,1.1850,0,0,0.1319000,-0.1685000,0.0000000,24.7130000,-0.0900000,-3.5170000
20240119,650,P,180.9200,180.9200,180.9200,180.9200,0,0,0.8662000,-0.9550000,0.0000000,9.3040000,-0.1589000,-27.5657000
20240119,415,C,55.3850,55.3850,55.3850,55.3850,0,0,0.3232000,0.9697000,0.0000000,6.7313000,-0.1269000,17.5097000
20240119,415,P,0.1150,0.1150,0.1150,0.1150,0,0,0.2670000,-0.0119000,0.0000000,3.0580000,-0.0246000,-0.2507000
20240119,479,C,1.1550,1.1550,1.1550,1.1550,0,0,0.1052000,0.2011000,0.0000000,27.5882000,-0.1044000,4.0855000
20240119,479,P,10.1650,10.1650,10.1650,10.1650,0,0,0.1109000,-0.7861000,0.0000000,28.6067000,-0.0432000,-16.6075000
20240119,585,P,115.9350,115.9350,115.9350,115.9350,0,0,0.6238000,-0.9461000,0.0000000,10.7464000,-0.1268000,-24.5339000
20240119,180,C,289.6000,289.6000,289.6000,289.6000,0,0,1.7632000,0.9973000,0.0000000,0.8103000,-0.0709000,7.8100000
20240119,372,C,98.1750,98.1750,98.1750,98.1750,0,0,0.5250000,0.9855000,0.0000000,3.6012000,-0.1128000,15.9593000
20240119,372,P,0.0450,0.0450,0.0450,0.0450,0,0,0.4160000,-0.0031000,0.0000000,0.9396000,-0.0119000,-0.0665000
20240119,436,C,34.5550,34.5550,34.5550,34.5550,0,0,0.2255000,0.9473000,0.0000000,10.5589000,-0.1349000,17.9619000
20240119,436,P,0.2350,0.2350,0.2350,0.2350,0,0,0.1943000,-0.0305000,0.0000000,6.7847000,-0.0390000,-0.6383000
20240119,500,C,0.0250,0.0250,0.0250,0.0250,0,0,0.1152000,0.0055000,0.0000000,1.5517000,-0.0059000,0.1127000
20240119,500,P,30.9300,30.9300,30.9300,30.9300,0,0,0.2312000,-0.8940000,0.0000000,17.9728000,-0.0633000,-19.7372000
20240119,265,C,204.8250,204.8250,204.8250,204.8250,0,0,1.1056000,0.9952000,0.0000000,1.3611000,-0.0857000,11.4833000
20240119,393,C,77.2650,77.2650,77.2650,77.2650,0,0,0.4252000,0.9801000,0.0000000,4.7228000,-0.1192000,16.7650000
20240119,393,P,0.0750,0.0750,0.0750,0.0750,0,0,0.3476000,-0.0062000,0.0000000,1.7285000,-0.0183000,-0.1313000
20240119,457,C,14.4200,14.4200,14.4200,14.4200,0,0,0.1447000,0.8288000,0.0000000,24.9574000,-0.1681000,16.4087000
20240119,457,P,1.0650,1.0650,1.0650,1.0650,0,0,0.1339000,-0.1528000,0.0000000,23.1842000,-0.0862000,-3.1889000
20240119,350,C,120.1000,120.1000,120.1000,120.1000,0,0,0.6367000,0.9886000,0.0000000,2.9112000,-0.1086000,15.0628000
20240119,350,P,0.0250,0.0250,0.0250,0.0250,0,0,0.4804000,-0.0014000,0.0000000,0.4571000,-0.0067000,-0.0301000
20240119,414,C,56.3700,56.3700,56.3700,56.3700,0,0,0.3271000,0.9706000,0.0000000,6.5607000,-0.1259000,17.4853000
20240119,414,P,0.1150,0.1150,0.1150,0.1150,0,0,0.2714000,-0.0117000,0.0000000,3.0113000,-0.0247000,-0.2463000
20240119,478,C,1.3850,1.3850,1.3850,1.3850,0,0,0.1059000,0.2304000,0.0000000,29.8517000,-0.1146000,4.6778000
20240119,478,P,9.3400,9.3400,9.3400,9.3400,0,0,0.1095000,-0.7618000,0.0000000,30.3970000,-0.0499000,-16.0733000
20240119,670,P,200.9050,200.9050,200.9050,200.9050,0,0,0.9327000,-0.9569000,0.0000000,8.9787000,-0.1657000,-28.4815000
20240119,371,C,99.1750,99.1750,99.1750,99.1750,0,0,0.5308000,0.9855000,0.0000000,3.5908000,-0.1131000,15.9164000
20240119,371,P,0.0450,0.0450,0.0450,0.0450,0,0,0.4199000,-0.0030000,0.0000000,0.9243000,-0.0119000,-0.0653000
20240119,435,C,35.5350,35.5350,35.5350,35.5350,0,0,0.2293000,0.9496000,0.0000000,10.1888000,-0.1335000,17.9665000
20240119,435,P,0.2250,0.2250,0.2250,0.2250,0,0,0.1977000,-0.0289000,0.0000000,6.4871000,-0.0380000,-0.6048000
20240119,499,C,0.0250,0.0250,0.0250,0.0250,0,0,0.1123000,0.0058000,0.0000000,1.6250000,-0.0061000,0.1187000
20240119,499,P,29.9400,29.9400,29.9400,29.9400,0,0,0.2261000,-0.8915000,0.0000000,18.2787000,-0.0630000,-19.6422000
20240119,605,P,135.9300,135.9300,135.9300,135.9300,0,0,0.7024000,-0.9496000,0.0000000,10.1848000,-0.1377000,-25.4830000
20240119,200,C,269.6600,269.6600,269.6600,269.6600,0,0,1.5951000,0.9967000,0.0000000,0.9531000,-0.0767000,8.6731000
20240119,392,C,78.2650,78.2650,78.2650,78.2650,0,0,0.4306000,0.9803000,0.0000000,4.6868000,-0.1194000,16.7249000
20240119,392,P,0.0750,0.0750,0.0750,0.0750,0,0,0.3515000,-0.0061000,0.0000000,1.6957000,-0.0181000,-0.1285000
20240119,456,C,15.3150,15.3150,15.3150,15.3150,0,0,0.1474000,0.8422000,0.0000000,23.6702000,-0.1651000,16.6457000
20240119,456,P,0.9650,0.9650,0.9650,0.9650,0,0,0.1362000,-0.1391000,0.0000000,21.7667000,-0.0828000,-2.9030000
20240119,520,C,0.0150,0.0150,0.0150,0.0150,0,0,0.1679000,0.0021000,0.0000000,0.6762000,-0.0036000,0.0445000
20240119,520,P,50.9300,50.9300,50.9300,50.9300,0,0,0.3356000,-0.9191000,0.0000000,14.7167000,-0.0832000,-21.1299000
20240119,285,C,184.8850,184.8850,184.8850,184.8850,0,0,0.9851000,0.9942000,0.0000000,1.5971000,-0.0907000,12.3380000
20240119,413,C,57.3800,57.3800,57.3800,57.3800,0,0,0.3342000,0.9703000,0.0000000,6.6107000,-0.1277000,17.4355000
20240119,413,P,0.1150,0.1150,0.1150,0.1150,0,0,0.2758000,-0.0115000,0.0000000,2.9659000,-0.0247000,-0.2421000
20240119,477,C,1.6550,1.6550,1.6550,1.6550,0,0,0.1069000,0.2622000,0.0000000,31.9929000,-0.1248000,5.3192000
20240119,477,P,8.5400,8.5400,8.5400,8.5400,0,0,0.1080000,-0.7355000,0.0000000,32.1289000,-0.0563000,-15.4975000
20240119,370,C,100.1750,100.1750,100.1750,100.1750,0,0,0.5367000,0.9856000,0.0000000,3.5801000,-0.1135000,15.8736000
20240119,370,P,0.0450,0.0450,0.0450,0.0450,0,0,0.4238000,-0.0030000,0.0000000,0.9092000,-0.0118000,-0.0642000
20240119,434,C,36.5450,36.5450,36.5450,36.5450,0,0,0.2360000,0.9497000,0.0000000,10.1675000,-0.1353000,17.9249000
20240119,434,P,0.2150,0.2150,0.2150,0.2150,0,0,0.2011000,-0.0274000,0.0000000,6.2070000,-0.0370000,-0.5737000
20240119,498,C,0.0350,0.0350,0.0350,0.0350,0,0,0.1142000,0.0082000,0.0000000,2.2228000,-0.0085000,0.1692000
20240119,498,P,28.9300,28.9300,28.9300,28.9300,0,0,0.2200000,-0.8900000,0.0000000,18.4594000,-0.0610000,-19.5672000
20240119,690,P,220.9100,220.9100,220.9100,220.9100,0,0,1.0000000,-0.9579000,0.0000000,8.8074000,-0.1762000,-29.3795000
20240119,391,C,79.2600,79.2600,79.2600,79.2600,0,0,0.4365000,0.9804000,0.0000000,4.6723000,-0.1199000,16.6825000
20240119,391,P,0.0750,0.0750,0.0750,0.0750,0,0,0.3564000,-0.0060000,0.0000000,1.6918000,-0.0184000,-0.1282000
20240119,455,C,16.2250,16.2250,16.2250,16.2250,0,0,0.1505000,0.8540000,0.0000000,22.4847000,-0.1625000,16.8471000
20240119,455,P,0.8750,0.8750,0.8750,0.8750,0,0,0.1385000,-0.1266000,0.0000000,20.4055000,-0.0794000,-2.6429000
20240119,625,P,155.9150,155.9150,155.9150,155.9150,0,0,0.7756000,-0.9527000,0.0000000,9.6803000,-0.1456000,-26.4227000
20240119,220,C,249.6900,249.6900,249.6900,249.6900,0,0,1.4105000,0.9967000,0.0000000,0.9719000,-0.0750000,9.5471000
20240119,412,C,58.3600,58.3600,58.3600,58.3600,0,0,0.3366000,0.9717000,0.0000000,6.3498000,-0.1254000,17.4214000
20240119,412,P,0.1150,0.1150,0.1150,0.1150,0,0,0.2802000,-0.0113000,0.0000000,2.9217000,-0.0247000,-0.2380000
20240119,476,C,1.9550,1.9550,1.9550,1.9550,0,0,0.1078000,0.2951000,0.0000000,33.8918000,-0.1343000,5.9835000
20240119,476,P,7.8350,7.8350,7.8350,7.8350,0,0,0.1085000,-0.7035000,0.0000000,33.9607000,-0.0653000,-14.8071000
20240119,540,P,70.9250,70.9250,70.9250,70.9250,0,0,0.4301000,-0.9323000,0.0000000,12.8444000,-0.0976000,-22.2774000
20240119,305,C,164.9500,164.9500,164.9500,164.9500,0,0,0.8750000,0.9929000,0.0000000,1.9313000,-0.0972000,13.1836000
20240119,369,C,101.1850,101.1850,101.1850,101.1850,0,0,0.5453000,0.9853000,0.0000000,3.6510000,-0.1155000,15.8226000
20240119,369,P,0.0350,0.0350,0.0350,0.0350,0,0,0.4179000,-0.0024000,0.0000000,0.7524000,-0.0096000,-0.0520000
20240119,433,C,37.5350,37.5350,37.5350,37.5350,0,0,0.2407000,0.9512000,0.0000000,9.9176000,-0.1349000,17.9132000
20240119,433,P,0.2050,0.2050,0.2050,0.2050,0,0,0.2041000,-0.0257000,0.0000000,5.8909000,-0.0357000,-0.5389000
20240119,497,C,0.0350,0.0350,0.0350,0.0350,0,0,0.1103000,0.0083000,0.0000000,2.2301000,-0.0082000,0.1699000
20240119,497,P,27.9350,27.9350,27.9350,27.9350,0,0,0.2144000,-0.8878000,0.0000000,18.7194000,-0.0598000,-19.4789000
20240119,390,C,80.2650,80.2650,80.2650,80.2650,0,0,0.4423000,0.9804000,0.0000000,4.6573000,-0.1204000,16.6401000
20240119,390,P,0.0650,0.0650,0.0650,0.0650,0,0,0.3544000,-0.0053000,0.0000000,1.4986000,-0.0162000,-0.1118000
20240119,454,C,17.1400,17.1400,17.1400,17.1400,0,0,0.1536000,0.8645000,0.0000000,21.3681000,-0.1599000,17.0238000
20240119,454,P,0.7950,0.7950,0.7950,0.7950,0,0,0.1409000,-0.1155000,0.0000000,19.1280000,-0.0761000,-2.4108000
20240119,710,P,240.9050,240.9050,240.9050,240.9050,0,0,1.0629000,-0.9591000,0.0000000,8.6038000,-0.1837000,-30.2803000
20240119,411,C,59.3500,59.3500,59.3500,59.3500,0,0,0.3408000,0.9725000,0.0000000,6.2094000,-0.1247000,17.3933000
20240119,411,P,0.1050,0.1050,0.1050,0.1050,0,0,0.2812000,-0.0103000,0.0000000,2.7051000,-0.0230000,-0.2178000
20240119,475,C,2.3000,2.3000,2.3000,2.3000,0,0,0.1091000,0.3301000,0.0000000,35.5704000,-0.1439000,6.6877000
20240119,475,P,7.1650,7.1650,7.1650,7.1650,0,0,0.1092000,-0.6697000,0.0000000,35.5725000,-0.0739000,-14.0841000
20240119,645,P,175.9250,175.9250,175.9250,175.9250,0,0,0.8486000,-0.9545000,0.0000000,9.3771000,-0.1565000,-27.3375000
20240119,240,C,229.7600,229.7600,229.7600,229.7600,0,0,1.2792000,0.9959000,0.0000000,1.1878000,-0.0825000,10.4039000
20240119,368,C,102.1650,102.1650,102.1650,102.1650,0,0,0.5457000,0.9861000,0.0000000,3.4772000,-0.1125000,15.7962000
20240119,368,P,0.0350,0.0350,0.0350,0.0350,0,0,0.4218000,-0.0024000,0.0000000,0.7408000,-0.0095000,-0.0511000
20240119,432,C,38.5200,38.5200,38.5200,38.5200,0,0,0.2453000,0.9527000,0.0000000,9.6789000,-0.1345000,17.8999000
20240119,432,P,0.1950,0.1950,0.1950,0.1950,0,0,0.2072000,-0.0243000,0.0000000,5.6190000,-0.0346000,-0.5095000
20240119,496,C,0.0350,0.0350,0.0350,0.0350,0,0,0.1069000,0.0086000,0.0000000,2.2988000,-0.0082000,0.1759000
20240119,496,P,26.9350,26.9350,26.9350,26.9350,0,0,0.2087000,-0.8856000,0.0000000,18.9808000,-0.0584000,-19.3897000
20240119,560,P,90.9400,90.9400,90.9400,90.9400,0,0,0.5207000,-0.9394000,0.0000000,11.7837000,-0.1132000,-23.3010000
20240119,325,C,145.0250,145.0250,145.0250,145.0250,0,0,0.7683000,0.9912000,0.0000000,2.3325000,-0.1032000,14.0225000
20240119,325,P,0.0150,0.0150,0.0150,0.0150,0,0,0.5625000,-0.0007000,0.0000000,0.2389000,-0.0041000,-0.0149000
20240119,389,C,81.2500,81.2500,81.2500,81.2500,0,0,0.4458000,0.9810000,0.0000000,4.5393000,-0.1191000,16.6087000
20240119,389,P,0.0650,0.0650,0.0650,0.0650,0,0,0.3593000,-0.0053000,0.0000000,1.4970000,-0.0164000,-0.1117000
20240119,453,C,18.0700,18.0700,18.0700,18.0700,0,0,0.1570000,0.8739000,0.0000000,20.3327000,-0.1576000,17.1761000
20240119,453,P,0.7250,0.7250,0.7250,0.7250,0,0,0.1434000,-0.1054000,0.0000000,17.9142000,-0.0728000,-2.2000000
20240119,410,C,60.3500,60.3500,60.3500,60.3500,0,0,0.3461000,0.9728000,0.0000000,6.1507000,-0.1250000,17.3559000
20240119,410,P,0.1050,0.1050,0.1050,0.1050,0,0,0.2861000,-0.0103000,0.0000000,2.6912000,-0.0233000,-0.2166000
20240119,474,C,2.6850,2.6850,2.6850,2.6850,0,0,0.1103000,0.3656000,0.0000000,36.9334000,-0.1522000,7.4007000
20240119,474,P,6.5000,6.5000,6.5000,6.5000,0,0,0.1091000,-0.6357000,0.0000000,36.8838000,-0.0808000,-13.3564000
20240119,367,C,103.1550,103.1550,103.1550,103.1550,0,0,0.5488000,0.9865000,0.0000000,3.3878000,-0.1112000,15.7613000
20240119,367,P,0.0350,0.0350,0.0350,0.0350,0,0,0.4257000,-0.0023000,0.0000000,0.7294000,-0.0095000,-0.0502000
20240119,431,C,39.5100,39.5100,39.5100,39.5100,0,0,0.2500000,0.9541000,0.0000000,9.4507000,-0.1340000,17.8849000
20240119,431,P,0.1950,0.1950,0.1950,0.1950,0,0,0.2121000,-0.0239000,0.0000000,5.5328000,-0.0349000,-0.5003000
20240119,495,C,0.0450,0.0450,0.0450,0.0450,0,0,0.1074000,0.0112000,0.0000000,2.9068000,-0.0105000,0.2301000
20240119,495,P,25.9350,25.9350,25.9350,25.9350,0,0,0.2030000,-0.8832000,0.0000000,19.2611000,-0.0571000,-19.2969000
20240119,665,P,195.9100,195.9100,195.9100,195.9100,0,0,0.9168000,-0.9564000,0.0000000,9.0725000,-0.1647000,-28.2513000
20240119,260,C,209.8300,209.8300,209.8300,209.8300,0,0,1.1548000,0.9949000,0.0000000,1.4392000,-0.0898000,11.2573000
20240119,388,C,82.2650,82.2650,82.2650,82.2650,0,0,0.4536000,0.9807000,0.0000000,4.6060000,-0.1210000,16.5577000
20240119,388,P,0.0650,0.0650,0.0650,0.0650,0,0,0.3632000,-0.0051000,0.0000000,1.4698000,-0.0163000,-0.1095000
20240119,452,C,19.0000,19.0000,19.0000,19.0000,0,0,0.1600000,0.8829000,0.0000000,19.2979000,-0.1548000,17.3209000
20240119,452,P,0.6650,0.6650,0.6650,0.6650,0,0,0.1461000,-0.0966000,0.0000000,16.8113000,-0.0699000,-2.0164000
20240119,580,P,110.9350,110.9350,110.9350,110.9350,0,0,0.6037000,-0.9450000,0.0000000,10.9207000,-0.1241000,-24.2921000
20240119,345,C,125.0950,125.0950,125.0950,125.0950,0,0,0.6648000,0.9890000,0.0000000,2.8281000,-0.1087000,14.8516000
20240119,345,P,0.0250,0.0250,0.0250,0.0250,0,0,0.5031000,-0.0013000,0.0000000,0.4478000,-0.0069000,-0.0295000
20240119,409,C,61.3400,61.3400,61.3400,61.3400,0,0,0.3500000,0.9736000,0.0000000,6.0022000,-0.1240000,17.3286000
20240119,409,P,0.1050,0.1050,0.1050,0.1050,0,0,0.2900000,-0.0100000,0.0000000,2.6304000,-0.0231000,-0.2111000
20240119,473,C,3.1100,3.1100,3.1100,3.1100,0,0,0.1118000,0.4019000,0.0000000,37.9862000,-0.1601000,8.1276000
20240119,473,P,5.8700,5.8700,5.8700,5.8700,0,0,0.1090000,-0.6006000,0.0000000,37.9209000,-0.0867000,-12.6074000
20240119,366,C,104.1550,104.1550,104.1550,104.1550,0,0,0.5546000,0.9865000,0.0000000,3.3778000,-0.1115000,15.7185000
20240119,366,P,0.0350,0.0350,0.0350,0.0350,0,0,0.4296000,-0.0023000,0.0000000,0.7182000,-0.0094000,-0.0494000
20240119,430,C,40.4950,40.4950,40.4950,40.4950,0,0,0.2534000,0.9561000,0.0000000,9.1082000,-0.1323000,17.8842000
20240119,430,P,0.1750,0.1750,0.1750,0.1750,0,0,0.2131000,-0.0216000,0.0000000,5.0749000,-0.0322000,-0.4515000
20240119,494,C,0.0550,0.0550,0.0550,0.0550,0,0,0.1064000,0.0135000,0.0000000,3.3987000,-0.0122000,0.2756000
20240119,494,P,24.9350,24.9350,24.9350,24.9350,0,0,0.1972000,-0.8807000,0.0000000,19.5622000,-0.0559000,-19.1999000
20240119,195,C,274.6400,274.6400,274.6400,274.6400,0,0,1.6292000,0.9970000,0.0000000,0.8922000,-0.0739000,8.4595000
20240119,387,C,83.2400,83.2400,83.2400,83.2400,0,0,0.4550000,0.9816000,0.0000000,4.4116000,-0.1184000,16.5343000
20240119,387,P,0.0650,0.0650,0.0650,0.0650,0,0,0.3671000,-0.0050000,0.0000000,1.4431000,-0.0161000,-0.1073000
20240119,451,C,19.9050,19.9050,19.9050,19.9050,0,0,0.1611000,0.8940000,0.0000000,17.9760000,-0.1494000,17.5086000
20240119,451,P,0.6050,0.6050,0.6050,0.6050,0,0,0.1484000,-0.0881000,0.0000000,15.7028000,-0.0666000,-1.8388000
20240119,515,C,0.0150,0.0150,0.0150,0.0150,0,0,0.1523000,0.0022000,0.0000000,0.6903000,-0.0034000,0.0456000
20240119,515,P,45.9350,45.9350,45.9350,45.9350,0,0,0.3105000,-0.9145000,0.0000000,15.3368000,-0.0787000,-20.8169000
20240119,685,P,215.9250,215.9250,215.9250,215.9250,0,0,0.9848000,-0.9574000,0.0000000,8.8887000,-0.1753000,-29.1509000
20240119,280,C,189.8850,189.8850,189.8850,189.8850,0,0,1.0238000,0.9942000,0.0000000,1.6176000,-0.0925000,12.1172000
20240119,408,C,62.3500,62.3500,62.3500,62.3500,0,0,0.3574000,0.9732000,0.0000000,6.0659000,-0.1259000,17.2774000
20240119,408,P,0.1050,0.1050,0.1050,0.1050,0,0,0.2949000,-0.0099000,0.0000000,2.6171000,-0.0234000,-0.2099000
20240119,472,C,3.5750,3.5750,3.5750,3.5750,0,0,0.1131000,0.4381000,0.0000000,38.7032000,-0.1666000,8.8509000
20240119,472,P,5.3250,5.3250,5.3250,5.3250,0,0,0.1101000,-0.5638000,0.0000000,38.6728000,-0.0932000,-11.8256000
20240119,600,P,130.9300,130.9300,130.9300,130.9300,0,0,0.6832000,-0.9488000,0.0000000,10.3142000,-0.1351000,-25.2473000
20240119,365,C,105.1550,105.1550,105.1550,105.1550,0,0,0.5609000,0.9865000,0.0000000,3.3783000,-0.1120000,15.6745000
20240119,365,P,0.0350,0.0350,0.0350,0.0350,0,0,0.4335000,-0.0023000,0.0000000,0.7072000,-0.0094000,-0.0486000
20240119,429,C,41.4750,41.4750,41.4750,41.4750,0,0,0.2568000,0.9581000,0.0000000,8.7811000,-0.1307000,17.8811000
20240119,429,P,0.1750,0.1750,0.1750,0.1750,0,0,0.2177000,-0.0211000,0.0000000,4.9835000,-0.0324000,-0.4421000
20240119,493,C,0.0650,0.0650,0.0650,0.0650,0,0,0.1054000,0.0161000,0.0000000,3.9672000,-0.0141000,0.3299000
20240119,493,P,23.9350,23.9350,23.9350,23.9350,0,0,0.1914000,-0.8780000,0.0000000,19.8681000,-0.0544000,-19.1013000
20240119,535,P,65.9350,65.9350,65.9350,65.9350,0,0,0.4078000,-0.9293000,0.0000000,13.2768000,-0.0951000,-21.9976000
20240119,386,C,84.2300,84.2300,84.2300,84.2300,0,0,0.4584000,0.9822000,0.0000000,4.3013000,-0.1172000,16.5019000
20240119,386,P,0.0650,0.0650,0.0650,0.0650,0,0,0.3720000,-0.0050000,0.0000000,1.4413000,-0.0163000,-0.1071000
20240119,450,C,20.9350,20.9350,20.9350,20.9350,0,0,0.1691000,0.8949000,0.0000000,17.8668000,-0.1533000,17.4817000
20240119,450,P,0.5550,0.5550,0.5550,0.5550,0,0,0.1510000,-0.0807000,0.0000000,14.7034000,-0.0637000,-1.6845000
20240119,215,C,254.6850,254.6850,254.6850,254.6850,0,0,1.4515000,0.9967000,0.0000000,0.9528000,-0.0746000,9.3299000
20240119,407,C,63.3300,63.3300,63.3300,63.3300,0,0,0.3598000,0.9745000,0.0000000,5.8352000,-0.1237000,17.2593000
20240119,407,P,0.0950,0.0950,0.0950,0.0950,0,0,0.2954000,-0.0090000,0.0000000,2.4056000,-0.0215000,-0.1906000
20240119,471,C,4.0800,4.0800,4.0800,4.0800,0,0,0.1148000,0.4741000,0.0000000,39.0930000,-0.1724000,9.5687000
20240119,471,P,4.8100,4.8100,4.8100,4.8100,0,0,0.1112000,-0.5270000,0.0000000,39.0857000,-0.0986000,-11.0461000
20240119,705,P,235.9150,235.9150,235.9150,235.9150,0,0,1.0482000,-0.9587000,0.0000000,8.6756000,-0.1829000,-30.0529000
20240119,300,C,169.9350,169.9350,169.9350,169.9350,0,0,0.9007000,0.9933000,0.0000000,1.8260000,-0.0951000,12.9742000
20240119,364,C,106.1500,106.1500,106.1500,106.1500,0,0,0.5671000,0.9865000,0.0000000,3.3782000,-0.1125000,15.6307000
20240119,364,P,0.0350,0.0350,0.0350,0.0350,0,0,0.4375000,-0.0022000,0.0000000,0.6963000,-0.0093000,-0.0478000
20240119,428,C,42.4750,42.4750,42.4750,42.4750,0,0,0.2624000,0.9587000,0.0000000,8.6808000,-0.1313000,17.8494000
20240119,428,P,0.1750,0.1750,0.1750,0.1750,0,0,0.2226000,-0.0208000,0.0000000,4.9177000,-0.0327000,-0.4353000
20240119,492,C,0.0750,0.0750,0.0750,0.0750,0,0,0.1040000,0.0188000,0.0000000,4.5289000,-0.0160000,0.3852000
20240119,492,P,22.9400,22.9400,22.9400,22.9400,0,0,0.1860000,-0.8745000,0.0000000,20.2707000,-0.0538000,-18.9851000
20240119,620,P,150.9150,150.9150,150.9150,150.9150,0,0,0.7572000,-0.9521000,0.0000000,9.7777000,-0.1431000,-26.1913000
20240119,385,C,85.2400,85.2400,85.2400,85.2400,0,0,0.4665000,0.9818000,0.0000000,4.3747000,-0.1192000,16.4503000
20240119,385,P,0.0650,0.0650,0.0650,0.0650,0,0,0.3769000,-0.0050000,0.0000000,1.4391000,-0.0165000,-0.1070000
20240119,449,C,21.8850,21.8850,21.8850,21.8850,0,0,0.1727000,0.9014000,0.0000000,17.0552000,-0.1512000,17.5736000
20240119,449,P,0.5050,0.5050,0.5050,0.5050,0,0,0.1531000,-0.0735000,0.0000000,13.6975000,-0.0604000,-1.5344000
20240119,555,P,85.9400,85.9400,85.9400,85.9400,0,0,0.4990000,-0.9377000,0.0000000,12.0384000,-0.1100000,-23.0472000
20240119,406,C,64.3350,64.3350,64.3350,64.3350,0,0,0.3652000,0.9747000,0.0000000,5.7831000,-0.1240000,17.2211000
20240119,406,P,0.0950,0.0950,0.0950,0.0950,0,0,0.2998000,-0.0089000,0.0000000,2.3747000,-0.0216000,-0.1879000
20240119,470,C,4.6300,4.6300,4.6300,4.6300,0,0,0.1165000,0.5093000,0.0000000,39.1647000,-0.1772000,10.2695000
20240119,470,P,4.3350,4.3350,4.3350,4.3350,0,0,0.1121000,-0.4906000,0.0000000,39.1647000,-0.1026000,-10.2771000
20240119,235,C,234.7550,234.7550,234.7550,234.7550,0,0,1.3189000,0.9959000,0.0000000,1.1724000,-0.0826000,10.1863000
20240119,363,C,107.1450,107.1450,107.1450,107.1450,0,0,0.5699000,0.9870000,0.0000000,3.2821000,-0.1109000,15.5964000
20240119,363,P,0.0350,0.0350,0.0350,0.0350,0,0,0.4414000,-0.0022000,0.0000000,0.6856000,-0.0092000,-0.0470000
20240119,427,C,43.4600,43.4600,43.4600,43.4600,0,0,0.2668000,0.9599000,0.0000000,8.4687000,-0.1306000,17.8315000
20240119,427,P,0.1650,0.1650,0.1650,0.1650,0,0,0.2250000,-0.0194000,0.0000000,4.6428000,-0.0312000,-0.4068000
20240119,491,C,0.0950,0.0950,0.0950,0.0950,0,0,0.1040000,0.0236000,0.0000000,5.4751000,-0.0194000,0.4820000
20240119,491,P,21.9350,21.9350,21.9350,21.9350,0,0,0.1796000,-0.8719000,0.0000000,20.5545000,-0.0517000,-18.8888000
20240126,448,C,23.6450,23.6450,23.6450,23.6450,0,0,0.1655000,0.8860000,0.0000000,22.7095000,-0.1396000,24.6961000
20240126,448,P,0.8150,0.8150,0.8150,0.8150,0,0,0.1519000,-0.0950000,0.0000000,19.9149000,-0.0590000,-2.8616000
20240126,480,C,1.6900,1.6900,1.6900,1.6900,0,0,0.1063000,0.2339000,0.0000000,36.0885000,-0.0994000,6.8070000
20240126,480,P,11.3200,11.3200,11.3200,11.3200,0,0,0.1139000,-0.7504000,0.0000000,37.3772000,-0.0389000,-22.8929000
20240126,447.5,C,24.1450,24.1450,24.1450,24.1450,0,0,0.1683000,0.8874000,0.0000000,22.5061000,-0.1402000,24.7068000
20240126,447.5,P,0.7850,0.7850,0.7850,0.7850,0,0,0.1529000,-0.0916000,0.0000000,19.3711000,-0.0579000,-2.7564000
20240126,437,C,34.2250,34.2250,34.2250,34.2250,0,0,0.2010000,0.9323000,0.0000000,15.3945000,-0.1268000,25.3994000
20240126,437,P,0.4150,0.4150,0.4150,0.4150,0,0,0.1782000,-0.0465000,0.0000000,11.4756000,-0.0411000,-1.4028000
20240126,405,C,65.8450,65.8450,65.8450,65.8450,0,0,0.3237000,0.9705000,0.0000000,7.8975000,-0.1130000,24.5343000
20240126,405,P,0.1450,0.1450,0.1450,0.1450,0,0,0.2705000,-0.0123000,0.0000000,3.7772000,-0.0213000,-0.3746000
20240126,469,C,6.5050,6.5050,6.5050,6.5050,0,0,0.1206000,0.5511000,0.0000000,46.5825000,-0.1594000,15.8808000
20240126,469,P,4.7100,4.7100,4.7100,4.7100,0,0,0.1168000,-0.4475000,0.0000000,46.5627000,-0.0865000,-13.5230000
20240126,458,C,14.6700,14.6700,14.6700,14.6700,0,0,0.1414000,0.7832000,0.0000000,34.5641000,-0.1583000,22.2240000
20240126,458,P,1.8200,1.8200,1.8200,1.8200,0,0,0.1332000,-0.2035000,0.0000000,33.3069000,-0.0821000,-6.1293000
20240126,490,C,0.3050,0.3050,0.3050,0.3050,0,0,0.1019000,0.0588000,0.0000000,13.8089000,-0.0346000,1.7196000
20240126,490,P,20.9450,20.9450,20.9450,20.9450,0,0,0.1611000,-0.8357000,0.0000000,29.1354000,-0.0411000,-26.0209000
20240126,457.5,C,15.0950,15.0950,15.0950,15.0950,0,0,0.1423000,0.7906000,0.0000000,33.8715000,-0.1573000,22.4159000
20240126,457.5,P,1.7450,1.7450,1.7450,1.7450,0,0,0.1339000,-0.1956000,0.0000000,32.5262000,-0.0809000,-5.8919000
20240126,415,C,55.9100,55.9100,55.9100,55.9100,0,0,0.2832000,0.9644000,0.0000000,9.2187000,-0.1152000,24.9803000
20240126,415,P,0.1850,0.1850,0.1850,0.1850,0,0,0.2404000,-0.0172000,0.0000000,5.0329000,-0.0250000,-0.5219000
20240126,447,C,24.6150,24.6150,24.6150,24.6150,0,0,0.1697000,0.8905000,0.0000000,22.0556000,-0.1394000,24.7698000
20240126,447,P,0.7650,0.7650,0.7650,0.7650,0,0,0.1544000,-0.0889000,0.0000000,18.9457000,-0.0573000,-2.6753000
20240126,479,C,1.9600,1.9600,1.9600,1.9600,0,0,0.1072000,0.2602000,0.0000000,38.2096000,-0.1068000,7.5686000
20240126,479,P,10.5200,10.5200,10.5200,10.5200,0,0,0.1125000,-0.7293000,0.0000000,38.9743000,-0.0432000,-22.2191000
20240126,436,C,35.2050,35.2050,35.2050,35.2050,0,0,0.2048000,0.9346000,0.0000000,14.9860000,-0.1262000,25.4059000
20240126,436,P,0.3950,0.3950,0.3950,0.3950,0,0,0.1807000,-0.0439000,0.0000000,10.9571000,-0.0399000,-1.3246000
20240126,500,C,0.0550,0.0550,0.0550,0.0550,0,0,0.1059000,0.0117000,0.0000000,3.6222000,-0.0091000,0.3453000
20240126,500,P,30.9500,30.9500,30.9500,30.9500,0,0,0.2131000,-0.8654000,0.0000000,25.5000000,-0.0536000,-27.5292000
20240126,468,C,7.1350,7.1350,7.1350,7.1350,0,0,0.1223000,0.5780000,0.0000000,46.0690000,-0.1615000,16.6335000
20240126,468,P,4.3300,4.3300,4.3300,4.3300,0,0,0.1181000,-0.4196000,0.0000000,46.0148000,-0.0885000,-12.6766000
20240126,467.5,C,7.4600,7.4600,7.4600,7.4600,0,0,0.1233000,0.5909000,0.0000000,45.7437000,-0.1624000,16.9954000
20240126,467.5,P,4.1450,4.1450,4.1450,4.1450,0,0,0.1186000,-0.4059000,0.0000000,45.6591000,-0.0890000,-12.2593000
20240126,425,C,46.0150,46.0150,46.0150,46.0150,0,0,0.2443000,0.9547000,0.0000000,11.2131000,-0.1189000,25.3176000
20240126,425,P,0.2450,0.2450,0.2450,0.2450,0,0,0.2104000,-0.0252000,0.0000000,6.9304000,-0.0299000,-0.7603000
20240126,457,C,15.5200,15.5200,15.5200,15.5200,0,0,0.1435000,0.7974000,0.0000000,33.2081000,-0.1565000,22.5918000
20240126,457,P,1.6700,1.6700,1.6700,1.6700,0,0,0.1349000,-0.1884000,0.0000000,31.7894000,-0.0799000,-5.6750000
20240126,489,C,0.3650,0.3650,0.3650,0.3650,0,0,0.1019000,0.0687000,0.0000000,15.5967000,-0.0392000,2.0102000
20240126,489,P,19.9450,19.9450,19.9450,19.9450,0,0,0.1557000,-0.8316000,0.0000000,29.6129000,-0.0397000,-25.8341000
20240126,350,C,120.5300,120.5300,120.5300,120.5300,0,0,0.5511000,0.9864000,0.0000000,4.0914000,-0.0995000,21.5584000
20240126,350,P,0.0450,0.0450,0.0450,0.0450,0,0,0.4296000,-0.0025000,0.0000000,0.9340000,-0.0085000,-0.0782000
20240126,446,C,25.5550,25.5550,25.5550,25.5550,0,0,0.1723000,0.8967000,0.0000000,21.1485000,-0.1375000,24.8933000
20240126,446,P,0.7100,0.7100,0.7100,0.7100,0,0,0.1567000,-0.0830000,0.0000000,17.9980000,-0.0554000,-2.4981000
20240126,478,C,2.2700,2.2700,2.2700,2.2700,0,0,0.1083000,0.2882000,0.0000000,40.1858000,-0.1143000,8.3756000
20240126,478,P,9.7600,9.7600,9.7600,9.7600,0,0,0.1116000,-0.7059000,0.0000000,40.5630000,-0.0481000,-21.4788000
20240126,510,C,0.0250,0.0250,0.0250,0.0250,0,0,0.1220000,0.0045000,0.0000000,1.5684000,-0.0044000,0.1335000
20240126,510,P,40.9500,40.9500,40.9500,40.9500,0,0,0.2610000,-0.8837000,0.0000000,23.0360000,-0.0634000,-28.6978000
20240126,435,C,36.1700,36.1700,36.1700,36.1700,0,0,0.2077000,0.9376000,0.0000000,14.4602000,-0.1249000,25.4314000
20240126,435,P,0.3750,0.3750,0.3750,0.3750,0,0,0.1833000,-0.0415000,0.0000000,10.4659000,-0.0387000,-1.2516000
20240126,467,C,7.7900,7.7900,7.7900,7.7900,0,0,0.1242000,0.6037000,0.0000000,45.3737000,-0.1631000,17.3515000
20240126,467,P,3.9700,3.9700,3.9700,3.9700,0,0,0.1194000,-0.3927000,0.0000000,45.2613000,-0.0897000,-11.8571000
20240126,360,C,110.5750,110.5750,110.5750,110.5750,0,0,0.5062000,0.9850000,0.0000000,4.4409000,-0.1007000,22.1460000
20240126,360,P,0.0550,0.0550,0.0550,0.0550,0,0,0.4013000,-0.0033000,0.0000000,1.1950000,-0.0101000,-0.1026000
20240126,456,C,16.3800,16.3800,16.3800,16.3800,0,0,0.1456000,0.8108000,0.0000000,31.8640000,-0.1546000,22.9314000
20240126,456,P,1.5350,1.5350,1.5350,1.5350,0,0,0.1365000,-0.1742000,0.0000000,30.2630000,-0.0775000,-5.2453000
20240126,520,C,0.0150,0.0150,0.0150,0.0150,0,0,0.1386000,0.0021000,0.0000000,0.8110000,-0.0025000,0.0641000
20240126,520,P,50.9450,50.9450,50.9450,50.9450,0,0,0.3058000,-0.8964000,0.0000000,21.2003000,-0.0713000,-29.7029000
20240126,488,C,0.4400,0.4400,0.4400,0.4400,0,0,0.1024000,0.0810000,0.0000000,17.6762000,-0.0449000,2.3676000
20240126,488,P,18.9450,18.9450,18.9450,18.9450,0,0,0.1502000,-0.8270000,0.0000000,30.1174000,-0.0383000,-25.6380000
20240126,487.5,C,0.4850,0.4850,0.4850,0.4850,0,0,0.1024000,0.0872000,0.0000000,18.6747000,-0.0475000,2.5470000
20240126,487.5,P,18.4450,18.4450,18.4450,18.4450,0,0,0.1475000,-0.8246000,0.0000000,30.3851000,-0.0376000,-25.5349000
20240126,445,C,26.5050,26.5050,26.5050,26.5050,0,0,0.1754000,0.9020000,0.0000000,20.3592000,-0.1361000,24.9884000
20240126,445,P,0.6650,0.6650,0.6650,0.6650,0,0,0.1588000,-0.0772000,0.0000000,17.0453000,-0.0534000,-2.3247000
20240126,477,C,2.6000,2.6000,2.6000,2.6000,0,0,0.1093000,0.3166000,0.0000000,41.9153000,-0.1211000,9.1936000
20240126,477,P,9.0550,9.0550,9.0550,9.0550,0,0,0.1114000,-0.6800000,0.0000000,42.1019000,-0.0535000,-20.6683000
20240126,370,C,100.6100,100.6100,100.6100,100.6100,0,0,0.4621000,0.9834000,0.0000000,4.8458000,-0.1019000,22.7263000
20240126,370,P,0.0750,0.0750,0.0750,0.0750,0,0,0.3769000,-0.0048000,0.0000000,1.6440000,-0.0131000,-0.1464000
20240126,434,C,37.1600,37.1600,37.1600,37.1600,0,0,0.2120000,0.9392000,0.0000000,14.1652000,-0.1248000,25.4171000
20240126,434,P,0.3550,0.3550,0.3550,0.3550,0,0,0.1856000,-0.0391000,0.0000000,9.9608000,-0.0374000,-1.1777000
20240126,466,C,8.4750,8.4750,8.4750,8.4750,0,0,0.1259000,0.6283000,0.0000000,44.5164000,-0.1641000,18.0377000
20240126,466,P,3.6450,3.6450,3.6450,3.6450,0,0,0.1207000,-0.3668000,0.0000000,44.3285000,-0.0904000,-11.0714000
20240126,530,C,0.0150,0.0150,0.0150,0.0150,0,0,0.1621000,0.0018000,0.0000000,0.7010000,-0.0025000,0.0545000
20240126,530,P,60.9400,60.9400,60.9400,60.9400,0,0,0.3489000,-0.9053000,0.0000000,19.8457000,-0.0788000,-30.5973000
20240126,455,C,17.2550,17.2550,17.2550,17.2550,0,0,0.1477000,0.8233000,0.0000000,30.5285000,-0.1525000,23.2473000
20240126,455,P,1.4100,1.4100,1.4100,1.4100,0,0,0.1384000,-0.1614000,0.0000000,28.8171000,-0.0753000,-4.8608000
20240126,487,C,0.5250,0.5250,0.5250,0.5250,0,0,0.1022000,0.0934000,0.0000000,19.6577000,-0.0501000,2.7287000
20240126,487,P,17.9450,17.9450,17.9450,17.9450,0,0,0.1447000,-0.8221000,0.0000000,30.6638000,-0.0369000,-25.4281000
20240126,380,C,90.6750,90.6750,90.6750,90.6750,0,0,0.4223000,0.9807000,0.0000000,5.5103000,-0.1051000,23.2732000
20240126,380,P,0.0850,0.0850,0.0850,0.0850,0,0,0.3447000,-0.0059000,0.0000000,1.9887000,-0.0144000,-0.1810000
20240126,444,C,27.4650,27.4650,27.4650,27.4650,0,0,0.1787000,0.9066000,0.0000000,19.6503000,-0.1350000,25.0641000
20240126,444,P,0.6250,0.6250,0.6250,0.6250,0,0,0.1611000,-0.0722000,0.0000000,16.1901000,-0.0516000,-2.1731000
20240126,476,C,2.9700,2.9700,2.9700,2.9700,0,0,0.1105000,0.3459000,0.0000000,43.4236000,-0.1278000,10.0377000
20240126,476,P,8.3700,8.3700,8.3700,8.3700,0,0,0.1112000,-0.6529000,0.0000000,43.4755000,-0.0587000,-19.8242000
20240126,540,C,0.0150,0.0150,0.0150,0.0150,0,0,0.1835000,0.0015000,0.0000000,0.5860000,-0.0024000,0.0447000
20240126,540,P,70.9400,70.9400,70.9400,70.9400,0,0,0.3903000,-0.9121000,0.0000000,18.7706000,-0.0856000,-31.4298000
20240126,433,C,38.1550,38.1550,38.1550,38.1550,0,0,0.2163000,0.9407000,0.0000000,13.8826000,-0.1248000,25.4003000
20240126,433,P,0.3450,0.3450,0.3450,0.3450,0,0,0.1889000,-0.0375000,0.0000000,9.6358000,-0.0369000,-1.1310000
20240126,465,C,9.1800,9.1800,9.1800,9.1800,0,0,0.1278000,0.6517000,0.0000000,43.5295000,-0.1647000,18.6836000
20240126,465,P,3.3400,3.3400,3.3400,3.3400,0,0,0.1222000,-0.3421000,0.0000000,43.2448000,-0.0907000,-10.3236000
20240126,390,C,80.7450,80.7450,80.7450,80.7450,0,0,0.3837000,0.9771000,0.0000000,6.3759000,-0.1089000,23.7921000
20240126,390,P,0.1050,0.1050,0.1050,0.1050,0,0,0.3154000,-0.0079000,0.0000000,2.5580000,-0.0169000,-0.2403000
20240126,454,C,18.1450,18.1450,18.1450,18.1450,0,0,0.1502000,0.8345000,0.0000000,29.2820000,-0.1507000,23.5206000
20240126,454,P,1.3000,1.3000,1.3000,1.3000,0,0,0.1403000,-0.1496000,0.0000000,27.4044000,-0.0730000,-4.5038000
20240126,486,C,0.6300,0.6300,0.6300,0.6300,0,0,0.1029000,0.1089000,0.0000000,21.9813000,-0.0566000,3.1792000
20240126,486,P,16.9450,16.9450,16.9450,16.9450,0,0,0.1390000,-0.8169000,0.0000000,31.2215000,-0.0353000,-25.2118000
20240126,443,C,28.4250,28.4250,28.4250,28.4250,0,0,0.1818000,0.9110000,0.0000000,18.9518000,-0.1338000,25.1351000
20240126,443,P,0.5850,0.5850,0.5850,0.5850,0,0,0.1634000,-0.0675000,0.0000000,15.3785000,-0.0498000,-2.0327000
20240126,475,C,3.3800,3.3800,3.3800,3.3800,0,0,0.1118000,0.3759000,0.0000000,44.6802000,-0.1342000,10.8980000
20240126,475,P,7.7350,7.7350,7.7350,7.7350,0,0,0.1114000,-0.6245000,0.0000000,44.6615000,-0.0638000,-18.9455000
20240126,432,C,39.1350,39.1350,39.1350,39.1350,0,0,0.2198000,0.9428000,0.0000000,13.5034000,-0.1240000,25.3992000
20240126,432,P,0.3250,0.3250,0.3250,0.3250,0,0,0.1911000,-0.0352000,0.0000000,9.1593000,-0.0355000,-1.0631000
20240126,400,C,70.8100,70.8100,70.8100,70.8100,0,0,0.3442000,0.9728000,0.0000000,7.3701000,-0.1120000,24.2906000
20240126,400,P,0.1250,0.1250,0.1250,0.1250,0,0,0.2841000,-0.0103000,0.0000000,3.2239000,-0.0191000,-0.3124000
20240126,464,C,9.9100,9.9100,9.9100,9.9100,0,0,0.1297000,0.6740000,0.0000000,42.4275000,-0.1648000,19.2957000
20240126,464,P,3.0600,3.0600,3.0600,3.0600,0,0,0.1236000,-0.3186000,0.0000000,42.0265000,-0.0904000,-9.6090000
20240126,453,C,19.0400,19.0400,19.0400,19.0400,0,0,0.1527000,0.8447000,0.0000000,28.0907000,-0.1489000,23.7650000
20240126,453,P,1.2000,1.2000,1.2000,1.2000,0,0,0.1422000,-0.1387000,0.0000000,26.0429000,-0.0707000,-4.1756000
20240126,485,C,0.7500,0.7500,0.7500,0.7500,0,0,0.1032000,0.1254000,0.0000000,24.2905000,-0.0631000,3.6589000
20240126,485,P,15.9450,15.9450,15.9450,15.9450,0,0,0.1334000,-0.8111000,0.0000000,31.8294000,-0.0337000,-24.9779000
20240126,452.5,C,19.4950,19.4950,19.4950,19.4950,0,0,0.1539000,0.8497000,0.0000000,27.4862000,-0.1479000,23.8848000
20240126,452.5,P,1.1550,1.1550,1.1550,1.1550,0,0,0.1431000,-0.1333000,0.0000000,25.3524000,-0.0694000,-4.0147000
20240126,410,C,60.8550,60.8550,60.8550,60.8550,0,0,0.3005000,0.9689000,0.0000000,8.2452000,-0.1119000,24.8022000
20240126,410,P,0.1650,0.1650,0.1650,0.1650,0,0,0.2558000,-0.0146000,0.0000000,4.3737000,-0.0232000,-0.4435000
20240126,442,C,29.4000,29.4000,29.4000,29.4000,0,0,0.1860000,0.9141000,0.0000000,18.4603000,-0.1336000,25.1643000
20240126,442,P,0.5450,0.5450,0.5450,0.5450,0,0,0.1654000,-0.0628000,0.0000000,14.5353000,-0.0478000,-1.8902000
20240126,474,C,3.8200,3.8200,3.8200,3.8200,0,0,0.1132000,0.4059000,0.0000000,45.6592000,-0.1399000,11.7578000
20240126,474,P,7.1350,7.1350,7.1350,7.1350,0,0,0.1118000,-0.5952000,0.0000000,45.6242000,-0.0686000,-18.0421000
20240126,495,C,0.1150,0.1150,0.1150,0.1150,0,0,0.1015000,0.0244000,0.0000000,6.7643000,-0.0166000,0.7170000
20240126,495,P,25.9500,25.9500,25.9500,25.9500,0,0,0.1879000,-0.8525000,0.0000000,27.1437000,-0.0480000,-26.8307000
20240126,463,C,10.6550,10.6550,10.6550,10.6550,0,0,0.1314000,0.6953000,0.0000000,41.2192000,-0.1643000,19.8797000
20240126,463,P,2.8100,2.8100,2.8100,2.8100,0,0,0.1253000,-0.2965000,0.0000000,40.7197000,-0.0899000,-8.9410000
20240126,462.5,C,11.0350,11.0350,11.0350,11.0350,0,0,0.1322000,0.7055000,0.0000000,40.5883000,-0.1639000,20.1571000
20240126,462.5,P,2.6900,2.6900,2.6900,2.6900,0,0,0.1260000,-0.2858000,0.0000000,40.0262000,-0.0894000,-8.6168000
20240126,420,C,50.9750,50.9750,50.9750,50.9750,0,0,0.2651000,0.9593000,0.0000000,10.2842000,-0.1181000,25.1407000
20240126,420,P,0.2150,0.2150,0.2150,0.2150,0,0,0.2260000,-0.0210000,0.0000000,5.9423000,-0.0277000,-0.6340000
20240126,452,C,19.9500,19.9500,19.9500,19.9500,0,0,0.1553000,0.8540000,0.0000000,26.9474000,-0.1472000,23.9853000
20240126,452,P,1.1050,1.1050,1.1050,1.1050,0,0,0.1438000,-0.1280000,0.0000000,24.6465000,-0.0680000,-3.8537000
20240126,484,C,0.8900,0.8900,0.8900,0.8900,0,0,0.1037000,0.1437000,0.0000000,26.6780000,-0.0700000,4.1922000
20240126,484,P,14.9500,14.9500,14.9500,14.9500,0,0,0.1279000,-0.8043000,0.0000000,32.5285000,-0.0325000,-24.7137000
20240126,441,C,30.3500,30.3500,30.3500,30.3500,0,0,0.1884000,0.9188000,0.0000000,17.6915000,-0.1316000,25.2441000
20240126,441,P,0.5150,0.5150,0.5150,0.5150,0,0,0.1679000,-0.0590000,0.0000000,13.8551000,-0.0464000,-1.7780000
20240126,505,C,0.0350,0.0350,0.0350,0.0350,0,0,0.1132000,0.0068000,0.0000000,2.2478000,-0.0060000,0.2002000
20240126,505,P,35.9500,35.9500,35.9500,35.9500,0,0,0.2374000,-0.8755000,0.0000000,24.1610000,-0.0587000,-28.1421000
20240126,473,C,4.2900,4.2900,4.2900,4.2900,0,0,0.1145000,0.4359000,0.0000000,46.3624000,-0.1450000,12.6129000
20240126,473,P,6.5850,6.5850,6.5850,6.5850,0,0,0.1127000,-0.5653000,0.0000000,46.3391000,-0.0734000,-17.1220000
20240126,430,C,41.0950,41.0950,41.0950,41.0950,0,0,0.2266000,0.9467000,0.0000000,12.7567000,-0.1223000,25.3931000
20240126,430,P,0.3050,0.3050,0.3050,0.3050,0,0,0.1972000,-0.0323000,0.0000000,8.5248000,-0.0342000,-0.9747000
20240126,462,C,11.4250,11.4250,11.4250,11.4250,0,0,0.1333000,0.7152000,0.0000000,39.9518000,-0.1636000,20.4206000
20240126,462,P,2.5750,2.5750,2.5750,2.5750,0,0,0.1266000,-0.2752000,0.0000000,39.3042000,-0.0887000,-8.2975000
20240126,355,C,115.5500,115.5500,115.5500,115.5500,0,0,0.5289000,0.9857000,0.0000000,4.2711000,-0.1003000,21.8516000
20240126,355,P,0.0450,0.0450,0.0450,0.0450,0,0,0.4101000,-0.0026000,0.0000000,0.9592000,-0.0083000,-0.0804000
20240126,451,C,20.8600,20.8600,20.8600,20.8600,0,0,0.1577000,0.8631000,0.0000000,25.7969000,-0.1451000,24.1968000
20240126,451,P,1.0250,1.0250,1.0250,1.0250,0,0,0.1459000,-0.1189000,0.0000000,23.4128000,-0.0659000,-3.5812000
20240126,515,C,0.0150,0.0150,0.0150,0.0150,0,0,0.1250000,0.0021000,0.0000000,0.7942000,-0.0023000,0.0627000
20240126,515,P,45.9500,45.9500,45.9500,45.9500,0,0,0.2839000,-0.8904000,0.0000000,22.0760000,-0.0678000,-29.2118000
20240126,483,C,1.0500,1.0500,1.0500,1.0500,0,0,0.1042000,0.1636000,0.0000000,29.0726000,-0.0770000,4.7709000
20240126,483,P,13.9350,13.9350,13.9350,13.9350,0,0,0.1214000,-0.7986000,0.0000000,33.0984000,-0.0300000,-24.4805000
20240126,525,C,0.0150,0.0150,0.0150,0.0150,0,0,0.1503000,0.0020000,0.0000000,0.7471000,-0.0025000,0.0585000
20240126,525,P,55.9250,55.9250,55.9250,55.9250,0,0,0.3266000,-0.9019000,0.0000000,20.3703000,-0.0739000,-30.1799000
20240126,440,C,31.3300,31.3300,31.3300,31.3300,0,0,0.1925000,0.9216000,0.0000000,17.2313000,-0.1313000,25.2645000
20240126,440,P,0.4850,0.4850,0.4850,0.4850,0,0,0.1704000,-0.0554000,0.0000000,13.1874000,-0.0449000,-1.6700000
20240126,472,C,4.7950,4.7950,4.7950,4.7950,0,0,0.1159000,0.4655000,0.0000000,46.7948000,-0.1494000,13.4580000
20240126,472,P,6.0650,6.0650,6.0650,6.0650,0,0,0.1135000,-0.5353000,0.0000000,46.7851000,-0.0775000,-16.2043000
20240126,365,C,105.5850,105.5850,105.5850,105.5850,0,0,0.4819000,0.9846000,0.0000000,4.5449000,-0.1002000,22.4484000
20240126,365,P,0.0650,0.0650,0.0650,0.0650,0,0,0.3906000,-0.0041000,0.0000000,1.4369000,-0.0119000,-0.1260000
20240126,461,C,12.2100,12.2100,12.2100,12.2100,0,0,0.1353000,0.7339000,0.0000000,38.6426000,-0.1627000,20.9216000
20240126,461,P,2.3600,2.3600,2.3600,2.3600,0,0,0.1283000,-0.2556000,0.0000000,37.8566000,-0.0875000,-7.7044000
20240126,535,C,0.0150,0.0150,0.0150,0.0150,0,0,0.1718000,0.0015000,0.0000000,0.6047000,-0.0023000,0.0463000
20240126,535,P,65.9400,65.9400,65.9400,65.9400,0,0,0.3698000,-0.9089000,0.0000000,19.2771000,-0.0823000,-31.0202000
20240126,450,C,21.7800,21.7800,21.7800,21.7800,0,0,0.1603000,0.8714000,0.0000000,24.7198000,-0.1433000,24.3815000
20240126,450,P,0.9450,0.9450,0.9450,0.9450,0,0,0.1478000,-0.1101000,0.0000000,22.1617000,-0.0634000,-3.3150000
20240126,482,C,1.2350,1.2350,1.2350,1.2350,0,0,0.1046000,0.1849000,0.0000000,31.4259000,-0.0841000,5.3897000
20240126,482,P,13.0050,13.0050,13.0050,13.0050,0,0,0.1175000,-0.7867000,0.0000000,34.2366000,-0.0310000,-24.0717000
20240126,375,C,95.6600,95.6600,95.6600,95.6600,0,0,0.4460000,0.9814000,0.0000000,5.3505000,-0.1057000,22.9781000
20240126,375,P,0.0750,0.0750,0.0750,0.0750,0,0,0.3583000,-0.0050000,0.0000000,1.7307000,-0.0131000,-0.1549000
20240126,439,C,32.3000,32.3000,32.3000,32.3000,0,0,0.1959000,0.9248000,0.0000000,16.6888000,-0.1303000,25.2987000
20240126,439,P,0.4600,0.4600,0.4600,0.4600,0,0,0.1733000,-0.0526000,0.0000000,12.6462000,-0.0439000,-1.5841000
20240126,471,C,5.3350,5.3350,5.3350,5.3350,0,0,0.1174000,0.4948000,0.0000000,46.9658000,-0.1534000,14.2889000
20240126,471,P,5.5800,5.5800,5.5800,5.5800,0,0,0.1146000,-0.5055000,0.0000000,46.9652000,-0.0811000,-15.2937000
20240126,545,C,0.0150,0.0150,0.0150,0.0150,0,0,0.1953000,0.0014000,0.0000000,0.5731000,-0.0025000,0.0436000
20240126,545,P,75.9400,75.9400,75.9400,75.9400,0,0,0.4105000,-0.9150000,0.0000000,18.3142000,-0.0888000,-31.8289000
20240126,460,C,13.0200,13.0200,13.0200,13.0200,0,0,0.1374000,0.7512000,0.0000000,37.3124000,-0.1616000,21.3831000
20240126,460,P,2.1650,2.1650,2.1650,2.1650,0,0,0.1298000,-0.2369000,0.0000000,36.3473000,-0.0858000,-7.1397000
20240126,385,C,85.7000,85.7000,85.7000,85.7000,0,0,0.4023000,0.9792000,0.0000000,5.8796000,-0.1065000,23.5413000
20240126,385,P,0.0950,0.0950,0.0950,0.0950,0,0,0.3300000,-0.0068000,0.0000000,2.2519000,-0.0156000,-0.2081000
20240126,449,C,22.7100,22.7100,22.7100,22.7100,0,0,0.1630000,0.8787000,0.0000000,23.7180000,-0.1416000,24.5414000
20240126,449,P,0.8800,0.8800,0.8800,0.8800,0,0,0.1502000,-0.1028000,0.0000000,21.0932000,-0.0616000,-3.0958000
20240126,481,C,1.4500,1.4500,1.4500,1.4500,0,0,0.1055000,0.2089000,0.0000000,33.8291000,-0.0919000,6.0833000
20240126,481,P,12.1450,12.1450,12.1450,12.1450,0,0,0.1154000,-0.7699000,0.0000000,35.7508000,-0.0345000,-23.5219000
20240126,438,C,33.2500,33.2500,33.2500,33.2500,0,0,0.1978000,0.9293000,0.0000000,15.9252000,-0.1279000,25.3707000
20240126,438,P,0.4350,0.4350,0.4350,0.4350,0,0,0.1754000,-0.0491000,0.0000000,11.9785000,-0.0422000,-1.4798000
20240126,470,C,5.9050,5.9050,5.9050,5.9050,0,0,0.1190000,0.5234000,0.0000000,46.8888000,-0.1567000,15.0978000
20240126,470,P,5.1300,5.1300,5.1300,5.1300,0,0,0.1157000,-0.4762000,0.0000000,46.8864000,-0.0842000,-14.3984000
20240126,395,C,75.7600,75.7600,75.7600,75.7600,0,0,0.3618000,0.9758000,0.0000000,6.6948000,-0.1090000,24.0656000
20240126,395,P,0.1150,0.1150,0.1150,0.1150,0,0,0.2998000,-0.0090000,0.0000000,2.8657000,-0.0180000,-0.2733000
20240126,459,C,13.8350,13.8350,13.8350,13.8350,0,0,0.1392000,0.7680000,0.0000000,35.9154000,-0.1598000,21.8292000
20240126,459,P,1.9850,1.9850,1.9850,1.9850,0,0,0.1314000,-0.2195000,0.0000000,34.8183000,-0.0840000,-6.6129000
20240131,320,C,150.5350,150.5350,150.5350,150.5350,0,0,0.5898000,0.9928000,0.0000000,2.5944000,-0.0738000,24.1731000
20240131,320,P,0.0250,0.0250,0.0250,0.0250,0,0,0.4687000,-0.0011000,0.0000000,0.5077000,-0.0041000,-0.0439000
20240131,416,C,55.1750,55.1750,55.1750,55.1750,0,0,0.2489000,0.9667000,0.0000000,9.6316000,-0.1016000,30.5497000
20240131,416,P,0.2450,0.2450,0.2450,0.2450,0,0,0.2250000,-0.0216000,0.0000000,6.7152000,-0.0254000,-0.7957000
20240131,448,C,24.1700,24.1700,24.1700,24.1700,0,0,0.1594000,0.8756000,0.0000000,26.6377000,-0.1329000,29.6528000
20240131,448,P,1.1250,1.1250,1.1250,1.1250,0,0,0.1524000,-0.1141000,0.0000000,25.0791000,-0.0602000,-4.1923000
20240131,480,C,2.2450,2.2450,2.2450,2.2450,0,0,0.1076000,0.2668000,0.0000000,42.6977000,-0.1002000,9.4284000
20240131,480,P,11.5800,11.5800,11.5800,11.5800,0,0,0.1155000,-0.7183000,0.0000000,43.8540000,-0.0390000,-26.7339000
20240131,437,C,34.6100,34.6100,34.6100,34.6100,0,0,0.1876000,0.9287000,0.0000000,17.6872000,-0.1184000,30.7598000
20240131,437,P,0.5850,0.5850,0.5850,0.5850,0,0,0.1750000,-0.0584000,0.0000000,15.1580000,-0.0432000,-2.1471000
20240131,405,C,66.0750,66.0750,66.0750,66.0750,0,0,0.2863000,0.9739000,0.0000000,7.8623000,-0.0979000,29.9734000
20240131,405,P,0.1850,0.1850,0.1850,0.1850,0,0,0.2551000,-0.0149000,0.0000000,4.9126000,-0.0213000,-0.5526000
20240131,469,C,7.3250,7.3250,7.3250,7.3250,0,0,0.1217000,0.5559000,0.0000000,51.3133000,-0.1489000,19.4424000
20240131,469,P,5.2900,5.2900,5.2900,5.2900,0,0,0.1202000,-0.4435000,0.0000000,51.3038000,-0.0786000,-16.3628000
20240131,501,C,0.0850,0.0850,0.0850,0.0850,0,0,0.1040000,0.0165000,0.0000000,5.3408000,-0.0110000,0.5878000
20240131,501,P,31.9500,31.9500,31.9500,31.9500,0,0,0.2087000,-0.8509000,0.0000000,30.1616000,-0.0487000,-33.0674000
20240131,330,C,140.6050,140.6050,140.6050,140.6050,0,0,0.5570000,0.9914000,0.0000000,3.0327000,-0.0780000,24.8846000
20240131,330,P,0.0350,0.0350,0.0350,0.0350,0,0,0.4492000,-0.0017000,0.0000000,0.7274000,-0.0057000,-0.0651000
20240131,426,C,45.3450,45.3450,45.3450,45.3450,0,0,0.2197000,0.9534000,0.0000000,12.6542000,-0.1089000,30.8264000
20240131,426,P,0.3550,0.3550,0.3550,0.3550,0,0,0.2006000,-0.0333000,0.0000000,9.6588000,-0.0322000,-1.2284000
20240131,458,C,15.3850,15.3850,15.3850,15.3850,0,0,0.1398000,0.7703000,0.0000000,39.4105000,-0.1494000,26.5374000
20240131,458,P,2.3100,2.3100,2.3100,2.3100,0,0,0.1357000,-0.2232000,0.0000000,38.7899000,-0.0782000,-8.2105000
20240131,490,C,0.5050,0.5050,0.5050,0.5050,0,0,0.1024000,0.0833000,0.0000000,19.9235000,-0.0421000,2.9613000
20240131,490,P,20.9450,20.9450,20.9450,20.9450,0,0,0.1551000,-0.8161000,0.0000000,34.5462000,-0.0360000,-30.9695000
20240131,415,C,56.1650,56.1650,56.1650,56.1650,0,0,0.2521000,0.9675000,0.0000000,9.4319000,-0.1011000,30.5039000
20240131,415,P,0.2450,0.2450,0.2450,0.2450,0,0,0.2290000,-0.0213000,0.0000000,6.6539000,-0.0256000,-0.7875000
20240131,447,C,25.0950,25.0950,25.0950,25.0950,0,0,0.1614000,0.8829000,0.0000000,25.5337000,-0.1310000,29.8433000
20240131,447,P,1.0550,1.0550,1.0550,1.0550,0,0,0.1544000,-0.1070000,0.0000000,23.9530000,-0.0584000,-3.9320000
20240131,479,C,2.5550,2.5550,2.5550,2.5550,0,0,0.1086000,0.2920000,0.0000000,44.6128000,-0.1063000,10.3119000
20240131,479,P,10.8400,10.8400,10.8400,10.8400,0,0,0.1149000,-0.6968000,0.0000000,45.3798000,-0.0433000,-25.9037000
20240131,340,C,130.6400,130.6400,130.6400,130.6400,0,0,0.5148000,0.9907000,0.0000000,3.2276000,-0.0790000,25.6258000
20240131,340,P,0.0450,0.0450,0.0450,0.0450,0,0,0.4257000,-0.0023000,0.0000000,0.9667000,-0.0071000,-0.0889000
20240131,436,C,35.5850,35.5850,35.5850,35.5850,0,0,0.1905000,0.9316000,0.0000000,17.1300000,-0.1175000,30.7898000
20240131,436,P,0.5550,0.5550,0.5550,0.5550,0,0,0.1772000,-0.0552000,0.0000000,14.5050000,-0.0420000,-2.0305000
20240131,500,C,0.0950,0.0950,0.0950,0.0950,0,0,0.1030000,0.0186000,0.0000000,5.9285000,-0.0121000,0.6643000
20240131,500,P,30.9500,30.9500,30.9500,30.9500,0,0,0.2041000,-0.8485000,0.0000000,30.4880000,-0.0477000,-32.9034000
20240131,468,C,7.9550,7.9550,7.9550,7.9550,0,0,0.1232000,0.5800000,0.0000000,50.7777000,-0.1507000,20.2597000
20240131,468,P,4.9100,4.9100,4.9100,4.9100,0,0,0.1214000,-0.4190000,0.0000000,50.7525000,-0.0803000,-15.4521000
20240131,425,C,46.3250,46.3250,46.3250,46.3250,0,0,0.2226000,0.9550000,0.0000000,12.3000000,-0.1082000,30.8093000
20240131,425,P,0.3350,0.3350,0.3350,0.3350,0,0,0.2025000,-0.0315000,0.0000000,9.2090000,-0.0310000,-1.1595000
20240131,457,C,16.2150,16.2150,16.2150,16.2150,0,0,0.1415000,0.7844000,0.0000000,38.0125000,-0.1480000,26.9809000
20240131,457,P,2.1450,2.1450,2.1450,2.1450,0,0,0.1372000,-0.2086000,0.0000000,37.3009000,-0.0766000,-7.6727000
20240131,489,C,0.5900,0.5900,0.5900,0.5900,0,0,0.1026000,0.0955000,0.0000000,22.0443000,-0.0469000,3.3914000
20240131,489,P,19.9450,19.9450,19.9450,19.9450,0,0,0.1500000,-0.8115000,0.0000000,35.0723000,-0.0348000,-30.7294000
20240131,350,C,120.6950,120.6950,120.6950,120.6950,0,0,0.4765000,0.9896000,0.0000000,3.5550000,-0.0809000,26.3502000
20240131,350,P,0.0550,0.0550,0.0550,0.0550,0,0,0.3994000,-0.0030000,0.0000000,1.2186000,-0.0084000,-0.1148000
20240131,414,C,57.1700,57.1700,57.1700,57.1700,0,0,0.2578000,0.9671000,0.0000000,9.5171000,-0.1023000,30.4136000
20240131,414,P,0.2350,0.2350,0.2350,0.2350,0,0,0.2309000,-0.0203000,0.0000000,6.3738000,-0.0248000,-0.7485000
20240131,446,C,26.0250,26.0250,26.0250,26.0250,0,0,0.1637000,0.8894000,0.0000000,24.5194000,-0.1294000,30.0048000
20240131,446,P,0.9850,0.9850,0.9850,0.9850,0,0,0.1561000,-0.1001000,0.0000000,22.8267000,-0.0565000,-3.6793000
20240131,510,C,0.0250,0.0250,0.0250,0.0250,0,0,0.1093000,0.0044000,0.0000000,1.7035000,-0.0036000,0.1597000
20240131,510,P,40.9500,40.9500,40.9500,40.9500,0,0,0.2491000,-0.8685000,0.0000000,27.6951000,-0.0570000,-34.3906000
20240131,478,C,2.8950,2.8950,2.8950,2.8950,0,0,0.1096000,0.3180000,0.0000000,46.3362000,-0.1123000,11.2217000
20240131,478,P,10.1200,10.1200,10.1200,10.1200,0,0,0.1144000,-0.6743000,0.0000000,46.7909000,-0.0474000,-25.0403000
20240131,435,C,36.5400,36.5400,36.5400,36.5400,0,0,0.1927000,0.9350000,0.0000000,16.4581000,-0.1160000,30.8402000
20240131,435,P,0.5250,0.5250,0.5250,0.5250,0,0,0.1791000,-0.0520000,0.0000000,13.8340000,-0.0405000,-1.9127000
20240131,467,C,8.6100,8.6100,8.6100,8.6100,0,0,0.1248000,0.6031000,0.0000000,50.0806000,-0.1521000,21.0423000
20240131,467,P,4.5500,4.5500,4.5500,4.5500,0,0,0.1226000,-0.3951000,0.0000000,50.0254000,-0.0814000,-14.5677000
20240131,499,C,0.1050,0.1050,0.1050,0.1050,0,0,0.1015000,0.0205000,0.0000000,6.4479000,-0.0131000,0.7333000
20240131,499,P,29.9500,29.9500,29.9500,29.9500,0,0,0.1994000,-0.8459000,0.0000000,30.8227000,-0.0467000,-32.7362000
20240131,360,C,110.7750,110.7750,110.7750,110.7750,0,0,0.4458000,0.9873000,0.0000000,4.2383000,-0.0857000,27.0281000
20240131,360,P,0.0650,0.0650,0.0650,0.0650,0,0,0.3720000,-0.0039000,0.0000000,1.5120000,-0.0097000,-0.1457000
20240131,424,C,47.2900,47.2900,47.2900,47.2900,0,0,0.2246000,0.9572000,0.0000000,11.8129000,-0.1066000,30.8139000
20240131,424,P,0.3250,0.3250,0.3250,0.3250,0,0,0.2053000,-0.0303000,0.0000000,8.9250000,-0.0305000,-1.1166000
20240131,456,C,17.0550,17.0550,17.0550,17.0550,0,0,0.1432000,0.7977000,0.0000000,36.6128000,-0.1463000,27.3949000
20240131,456,P,1.9900,1.9900,1.9900,1.9900,0,0,0.1389000,-0.1953000,0.0000000,35.8531000,-0.0751000,-7.1807000
20240131,520,C,0.0250,0.0250,0.0250,0.0250,0,0,0.1328000,0.0037000,0.0000000,1.4507000,-0.0036000,0.1332000
20240131,520,P,50.9450,50.9450,50.9450,50.9450,0,0,0.2912000,-0.8824000,0.0000000,25.6052000,-0.0645000,-35.6590000
20240131,488,C,0.6950,0.6950,0.6950,0.6950,0,0,0.1027000,0.1085000,0.0000000,24.2024000,-0.0518000,3.8543000
20240131,488,P,18.9450,18.9450,18.9450,18.9450,0,0,0.1448000,-0.8066000,0.0000000,35.6262000,-0.0334000,-30.4773000
20240131,413,C,58.1600,58.1600,58.1600,58.1600,0,0,0.2612000,0.9679000,0.0000000,9.3383000,-0.1020000,30.3644000
20240131,413,P,0.2250,0.2250,0.2250,0.2250,0,0,0.2331000,-0.0194000,0.0000000,6.1325000,-0.0241000,-0.7153000
20240131,445,C,26.9600,26.9600,26.9600,26.9600,0,0,0.1662000,0.8951000,0.0000000,23.5950000,-0.1280000,30.1393000
20240131,445,P,0.9250,0.9250,0.9250,0.9250,0,0,0.1582000,-0.0940000,0.0000000,21.7991000,-0.0549000,-3.4555000
20240131,477,C,3.2700,3.2700,3.2700,3.2700,0,0,0.1109000,0.3448000,0.0000000,47.8558000,-0.1182000,12.1579000
20240131,477,P,9.4400,9.4400,9.4400,9.4400,0,0,0.1142000,-0.6505000,0.0000000,48.0899000,-0.0516000,-24.1299000
20240131,370,C,100.8150,100.8150,100.8150,100.8150,0,0,0.4052000,0.9862000,0.0000000,4.5516000,-0.0863000,27.7531000
20240131,370,P,0.0850,0.0850,0.0850,0.0850,0,0,0.3486000,-0.0054000,0.0000000,2.0224000,-0.0122000,-0.2016000
20240131,434,C,37.5050,37.5050,37.5050,37.5050,0,0,0.1948000,0.9384000,0.0000000,15.7906000,-0.1143000,30.8876000
20240131,434,P,0.5050,0.5050,0.5050,0.5050,0,0,0.1818000,-0.0497000,0.0000000,13.3355000,-0.0397000,-1.8268000
20240131,466,C,9.2900,9.2900,9.2900,9.2900,0,0,0.1265000,0.6254000,0.0000000,49.2401000,-0.1532000,21.7910000
20240131,466,P,4.2300,4.2300,4.2300,4.2300,0,0,0.1241000,-0.3724000,0.0000000,49.1534000,-0.0825000,-13.7258000
20240131,498,C,0.1250,0.1250,0.1250,0.1250,0,0,0.1015000,0.0244000,0.0000000,7.4395000,-0.0151000,0.8687000
20240131,498,P,28.9500,28.9500,28.9500,28.9500,0,0,0.1947000,-0.8433000,0.0000000,31.1770000,-0.0457000,-32.5627000
20240131,530,C,0.0150,0.0150,0.0150,0.0150,0,0,0.1445000,0.0016000,0.0000000,0.7082000,-0.0019000,0.0602000
20240131,530,P,60.9400,60.9400,60.9400,60.9400,0,0,0.3317000,-0.8923000,0.0000000,24.0486000,-0.0716000,-36.7816000
20240131,423,C,48.2850,48.2850,48.2850,48.2850,0,0,0.2282000,0.9582000,0.0000000,11.5956000,-0.1065000,30.7728000
20240131,423,P,0.3150,0.3150,0.3150,0.3150,0,0,0.2080000,-0.0291000,0.0000000,8.6353000,-0.0300000,-1.0733000
20240131,455,C,17.9150,17.9150,17.9150,17.9150,0,0,0.1452000,0.8099000,0.0000000,35.2628000,-0.1448000,27.7660000
20240131,455,P,1.8500,1.8500,1.8500,1.8500,0,0,0.1405000,-0.1826000,0.0000000,34.4042000,-0.0734000,-6.7148000
20240131,487,C,0.8100,0.8100,0.8100,0.8100,0,0,0.1031000,0.1234000,0.0000000,26.5141000,-0.0572000,4.3808000
20240131,487,P,17.9450,17.9450,17.9450,17.9450,0,0,0.1395000,-0.8014000,0.0000000,36.2112000,-0.0321000,-30.2114000
20240131,380,C,90.8900,90.8900,90.8900,90.8900,0,0,0.3735000,0.9832000,0.0000000,5.4072000,-0.0907000,28.4046000
20240131,380,P,0.1050,0.1050,0.1050,0.1050,0,0,0.3222000,-0.0071000,0.0000000,2.5832000,-0.0143000,-0.2654000
20240131,412,C,59.1500,59.1500,59.1500,59.1500,0,0,0.2646000,0.9686000,0.0000000,9.1648000,-0.1016000,30.3143000
20240131,412,P,0.2250,0.2250,0.2250,0.2250,0,0,0.2368000,-0.0191000,0.0000000,6.0566000,-0.0242000,-0.7051000
20240131,444,C,27.9250,27.9250,27.9250,27.9250,0,0,0.1694000,0.8996000,0.0000000,22.8632000,-0.1273000,30.2257000
20240131,444,P,0.8750,0.8750,0.8750,0.8750,0,0,0.1604000,-0.0886000,0.0000000,20.8552000,-0.0534000,-3.2554000
20240131,476,C,3.6700,3.6700,3.6700,3.6700,0,0,0.1120000,0.3717000,0.0000000,49.1228000,-0.1235000,13.0939000
20240131,476,P,8.8050,8.8050,8.8050,8.8050,0,0,0.1143000,-0.6254000,0.0000000,49.2385000,-0.0559000,-23.1801000
20240131,540,C,0.0150,0.0150,0.0150,0.0150,0,0,0.1660000,0.0015000,0.0000000,0.6643000,-0.0020000,0.0560000
20240131,540,P,70.9400,70.9400,70.9400,70.9400,0,0,0.3706000,-0.8999000,0.0000000,22.8120000,-0.0781000,-37.8205000
20240131,433,C,38.5000,38.5000,38.5000,38.5000,0,0,0.1994000,0.9392000,0.0000000,15.6166000,-0.1149000,30.8420000
20240131,433,P,0.4750,0.4750,0.4750,0.4750,0,0,0.1837000,-0.0467000,0.0000000,12.6990000,-0.0383000,-1.7185000
20240131,465,C,9.9850,9.9850,9.9850,9.9850,0,0,0.1279000,0.6470000,0.0000000,48.2644000,-0.1536000,22.5137000
20240131,465,P,3.9200,3.9200,3.9200,3.9200,0,0,0.1254000,-0.3504000,0.0000000,48.1376000,-0.0829000,-12.9087000
20240131,497,C,0.1550,0.1550,0.1550,0.1550,0,0,0.1020000,0.0294000,0.0000000,8.6929000,-0.0178000,1.0465000
20240131,497,P,27.9500,27.9500,27.9500,27.9500,0,0,0.1899000,-0.8405000,0.0000000,31.5418000,-0.0446000,-32.3852000
20240131,390,C,80.9600,80.9600,80.9600,80.9600,0,0,0.3388000,0.9801000,0.0000000,6.2511000,-0.0937000,29.0545000
20240131,390,P,0.1250,0.1250,0.1250,0.1250,0,0,0.2939000,-0.0091000,0.0000000,3.2173000,-0.0162000,-0.3401000
20240131,422,C,49.2600,49.2600,49.2600,49.2600,0,0,0.2309000,0.9597000,0.0000000,11.2456000,-0.1055000,30.7534000
20240131,422,P,0.3050,0.3050,0.3050,0.3050,0,0,0.2106000,-0.0280000,0.0000000,8.3579000,-0.0294000,-1.0321000
20240131,454,C,18.7800,18.7800,18.7800,18.7800,0,0,0.1472000,0.8212000,0.0000000,33.9409000,-0.1433000,28.1066000
20240131,454,P,1.7200,1.7200,1.7200,1.7200,0,0,0.1422000,-0.1707000,0.0000000,32.9717000,-0.0716000,-6.2772000
20240131,486,C,0.9450,0.9450,0.9450,0.9450,0,0,0.1033000,0.1393000,0.0000000,28.8249000,-0.0627000,4.9422000
20240131,486,P,16.9450,16.9450,16.9450,16.9450,0,0,0.1342000,-0.7957000,0.0000000,36.8309000,-0.0306000,-29.9295000
20240131,411,C,60.1200,60.1200,60.1200,60.1200,0,0,0.2656000,0.9704000,0.0000000,8.7213000,-0.0997000,30.3055000
20240131,411,P,0.2150,0.2150,0.2150,0.2150,0,0,0.2387000,-0.0182000,0.0000000,5.8055000,-0.0234000,-0.6709000
20240131,443,C,28.8700,28.8700,28.8700,28.8700,0,0,0.1721000,0.9045000,0.0000000,22.0353000,-0.1261000,30.3302000
20240131,443,P,0.8200,0.8200,0.8200,0.8200,0,0,0.1625000,-0.0834000,0.0000000,19.9377000,-0.0519000,-3.0655000
20240131,475,C,4.1000,4.1000,4.1000,4.1000,0,0,0.1132000,0.3987000,0.0000000,50.1475000,-0.1284000,14.0338000
20240131,475,P,8.2000,8.2000,8.2000,8.2000,0,0,0.1148000,-0.5996000,0.0000000,50.1993000,-0.0601000,-22.2040000
20240131,432,C,39.4550,39.4550,39.4550,39.4550,0,0,0.2006000,0.9431000,0.0000000,14.8418000,-0.1126000,30.9063000
20240131,432,P,0.4550,0.4550,0.4550,0.4550,0,0,0.1861000,-0.0445000,0.0000000,12.2045000,-0.0374000,-1.6358000
20240131,400,C,71.0350,71.0350,71.0350,71.0350,0,0,0.3037000,0.9763000,0.0000000,7.2473000,-0.0964000,29.6796000
20240131,400,P,0.1650,0.1650,0.1650,0.1650,0,0,0.2687000,-0.0128000,0.0000000,4.3036000,-0.0197000,-0.4744000
20240131,464,C,10.7100,10.7100,10.7100,10.7100,0,0,0.1298000,0.6672000,0.0000000,47.2023000,-0.1540000,23.1846000
20240131,464,P,3.6350,3.6350,3.6350,3.6350,0,0,0.1267000,-0.3292000,0.0000000,47.0036000,-0.0830000,-12.1259000
20240131,496,C,0.1850,0.1850,0.1850,0.1850,0,0,0.1021000,0.0346000,0.0000000,9.9605000,-0.0205000,1.2336000
20240131,496,P,26.9500,26.9500,26.9500,26.9500,0,0,0.1851000,-0.8375000,0.0000000,31.9181000,-0.0435000,-32.2032000
20240131,421,C,50.2600,50.2600,50.2600,50.2600,0,0,0.2353000,0.9602000,0.0000000,11.1484000,-0.1059000,30.6921000
20240131,421,P,0.2950,0.2950,0.2950,0.2950,0,0,0.2131000,-0.0268000,0.0000000,8.0589000,-0.0287000,-0.9881000
20240131,453,C,19.6600,19.6600,19.6600,19.6600,0,0,0.1492000,0.8318000,0.0000000,32.6418000,-0.1416000,28.4217000
20240131,453,P,1.5950,1.5950,1.5950,1.5950,0,0,0.1436000,-0.1592000,0.0000000,31.5105000,-0.0695000,-5.8518000
20240131,485,C,1.1050,1.1050,1.1050,1.1050,0,0,0.1040000,0.1574000,0.0000000,31.2717000,-0.0688000,5.5793000
20240131,485,P,15.9500,15.9500,15.9500,15.9500,0,0,0.1291000,-0.7890000,0.0000000,37.5376000,-0.0295000,-29.6134000
20240131,410,C,61.1100,61.1100,61.1100,61.1100,0,0,0.2690000,0.9711000,0.0000000,8.5635000,-0.0993000,30.2526000
20240131,410,P,0.2050,0.2050,0.2050,0.2050,0,0,0.2407000,-0.0173000,0.0000000,5.5653000,-0.0226000,-0.6385000
20240131,442,C,29.8200,29.8200,29.8200,29.8200,0,0,0.1746000,0.9092000,0.0000000,21.2284000,-0.1247000,30.4263000
20240131,442,P,0.7750,0.7750,0.7750,0.7750,0,0,0.1644000,-0.0783000,0.0000000,19.0050000,-0.0502000,-2.8770000
20240131,474,C,4.5700,4.5700,4.5700,4.5700,0,0,0.1146000,0.4260000,0.0000000,50.9307000,-0.1331000,14.9774000
20240131,474,P,7.6300,7.6300,7.6300,7.6300,0,0,0.1153000,-0.5734000,0.0000000,50.9433000,-0.0640000,-21.2181000
20240131,335,C,135.6250,135.6250,135.6250,135.6250,0,0,0.5359000,0.9910000,0.0000000,3.1315000,-0.0785000,25.2551000
20240131,335,P,0.0350,0.0350,0.0350,0.0350,0,0,0.4316000,-0.0018000,0.0000000,0.7529000,-0.0056000,-0.0675000
20240131,431,C,40.4400,40.4400,40.4400,40.4400,0,0,0.2045000,0.9444000,0.0000000,14.5669000,-0.1126000,30.8783000
20240131,431,P,0.4350,0.4350,0.4350,0.4350,0,0,0.1884000,-0.0422000,0.0000000,11.7109000,-0.0364000,-1.5544000
20240131,463,C,11.4550,11.4550,11.4550,11.4550,0,0,0.1315000,0.6866000,0.0000000,46.0443000,-0.1540000,23.8262000
20240131,463,P,3.3700,3.3700,3.3700,3.3700,0,0,0.1282000,-0.3092000,0.0000000,45.7828000,-0.0829000,-11.3861000
20240131,495,C,0.2150,0.2150,0.2150,0.2150,0,0,0.1016000,0.0397000,0.0000000,11.1419000,-0.0229000,1.4148000
20240131,495,P,25.9500,25.9500,25.9500,25.9500,0,0,0.1802000,-0.8344000,0.0000000,32.3180000,-0.0424000,-32.0132000
20240131,420,C,51.2500,51.2500,51.2500,51.2500,0,0,0.2388000,0.9611000,0.0000000,10.9360000,-0.1056000,30.6496000
20240131,420,P,0.2850,0.2850,0.2850,0.2850,0,0,0.2158000,-0.0258000,0.0000000,7.8050000,-0.0282000,-0.9512000
20240131,452,C,20.5450,20.5450,20.5450,20.5450,0,0,0.1510000,0.8422000,0.0000000,31.3204000,-0.1397000,28.7267000
20240131,452,P,1.4850,1.4850,1.4850,1.4850,0,0,0.1453000,-0.1488000,0.0000000,30.1393000,-0.0676000,-5.4707000
20240131,484,C,1.2800,1.2800,1.2800,1.2800,0,0,0.1046000,0.1767000,0.0000000,33.6964000,-0.0750000,6.2608000
20240131,484,P,14.9450,14.9450,14.9450,14.9450,0,0,0.1234000,-0.7828000,0.0000000,38.1802000,-0.0277000,-29.3113000
20240131,345,C,125.6800,125.6800,125.6800,125.6800,0,0,0.5000000,0.9897000,0.0000000,3.5408000,-0.0816000,25.9692000
20240131,345,P,0.0450,0.0450,0.0450,0.0450,0,0,0.4082000,-0.0024000,0.0000000,1.0015000,-0.0071000,-0.0923000
20240131,409,C,62.1150,62.1150,62.1150,62.1150,0,0,0.2734000,0.9713000,0.0000000,8.5155000,-0.0996000,30.1829000
20240131,409,P,0.2050,0.2050,0.2050,0.2050,0,0,0.2443000,-0.0170000,0.0000000,5.5018000,-0.0227000,-0.6302000
20240131,441,C,30.7650,30.7650,30.7650,30.7650,0,0,0.1766000,0.9143000,0.0000000,20.3278000,-0.1229000,30.5387000
20240131,441,P,0.7250,0.7250,0.7250,0.7250,0,0,0.1662000,-0.0734000,0.0000000,18.0986000,-0.0485000,-2.6981000
20240131,505,C,0.0450,0.0450,0.0450,0.0450,0,0,0.1054000,0.0087000,0.0000000,3.0946000,-0.0064000,0.3134000
20240131,505,P,35.9500,35.9500,35.9500,35.9500,0,0,0.2269000,-0.8595000,0.0000000,28.9718000,-0.0525000,-33.6853000
20240131,473,C,5.0600,5.0600,5.0600,5.0600,0,0,0.1159000,0.4528000,0.0000000,51.4625000,-0.1371000,15.9066000
20240131,473,P,7.1000,7.1000,7.1000,7.1000,0,0,0.1161000,-0.5469000,0.0000000,51.4645000,-0.0678000,-20.2250000
20240131,430,C,41.4100,41.4100,41.4100,41.4100,0,0,0.2070000,0.9469000,0.0000000,14.0529000,-0.1114000,30.8926000
20240131,430,P,0.4150,0.4150,0.4150,0.4150,0,0,0.1906000,-0.0401000,0.0000000,11.2188000,-0.0353000,-1.4744000
20240131,462,C,12.2000,12.2000,12.2000,12.2000,0,0,0.1330000,0.7053000,0.0000000,44.7973000,-0.1534000,24.4421000
20240131,462,P,3.1250,3.1250,3.1250,3.1250,0,0,0.1296000,-0.2900000,0.0000000,44.4706000,-0.0823000,-10.6753000
20240131,494,C,0.2550,0.2550,0.2550,0.2550,0,0,0.1016000,0.0463000,0.0000000,12.6043000,-0.0260000,1.6476000
20240131,494,P,24.9500,24.9500,24.9500,24.9500,0,0,0.1754000,-0.8311000,0.0000000,32.7324000,-0.0412000,-31.8176000
20240131,355,C,115.7400,115.7400,115.7400,115.7400,0,0,0.4638000,0.9882000,0.0000000,3.9918000,-0.0844000,26.6772000
20240131,355,P,0.0650,0.0650,0.0650,0.0650,0,0,0.3886000,-0.0036000,0.0000000,1.4302000,-0.0096000,-0.1371000
20240131,419,C,52.2300,52.2300,52.2300,52.2300,0,0,0.2414000,0.9625000,0.0000000,10.5996000,-0.1046000,30.6270000
20240131,419,P,0.2750,0.2750,0.2750,0.2750,0,0,0.2182000,-0.0247000,0.0000000,7.5302000,-0.0275000,-0.9114000
20240131,451,C,21.4350,21.4350,21.4350,21.4350,0,0,0.1528000,0.8518000,0.0000000,30.0387000,-0.1378000,29.0052000
20240131,451,P,1.3850,1.3850,1.3850,1.3850,0,0,0.1470000,-0.1392000,0.0000000,28.8142000,-0.0658000,-5.1175000
20240131,515,C,0.0250,0.0250,0.0250,0.0250,0,0,0.1210000,0.0040000,0.0000000,1.5541000,-0.0036000,0.1440000
20240131,515,P,45.9500,45.9500,45.9500,45.9500,0,0,0.2706000,-0.8759000,0.0000000,26.6056000,-0.0611000,-35.0396000
20240131,483,C,1.4850,1.4850,1.4850,1.4850,0,0,0.1052000,0.1972000,0.0000000,36.0700000,-0.0812000,6.9848000
20240131,483,P,14.0400,14.0400,14.0400,14.0400,0,0,0.1203000,-0.7703000,0.0000000,39.4070000,-0.0292000,-28.7956000
20240131,525,C,0.0150,0.0150,0.0150,0.0150,0,0,0.1347000,0.0019000,0.0000000,0.7929000,-0.0020000,0.0682000
20240131,525,P,55.9250,55.9250,55.9250,55.9250,0,0,0.3109000,-0.8883000,0.0000000,24.6819000,-0.0672000,-36.2538000
20240131,408,C,63.1050,63.1050,63.1050,63.1050,0,0,0.2766000,0.9720000,0.0000000,8.3385000,-0.0991000,30.1328000
20240131,408,P,0.1950,0.1950,0.1950,0.1950,0,0,0.2460000,-0.0161000,0.0000000,5.2536000,-0.0219000,-0.5971000
20240131,440,C,31.7250,31.7250,31.7250,31.7250,0,0,0.1794000,0.9182000,0.0000000,19.6369000,-0.1218000,30.6036000
20240131,440,P,0.6850,0.6850,0.6850,0.6850,0,0,0.1683000,-0.0691000,0.0000000,17.2847000,-0.0470000,-2.5413000
20240131,472,C,5.5850,5.5850,5.5850,5.5850,0,0,0.1172000,0.4794000,0.0000000,51.7557000,-0.1407000,16.8232000
20240131,472,P,6.6000,6.6000,6.6000,6.6000,0,0,0.1170000,-0.5205000,0.0000000,51.7552000,-0.0711000,-19.2371000
20240131,365,C,105.8000,105.8000,105.8000,105.8000,0,0,0.4277000,0.9864000,0.0000000,4.5008000,-0.0870000,27.3767000
20240131,365,P,0.0750,0.0750,0.0750,0.0750,0,0,0.3603000,-0.0046000,0.0000000,1.7477000,-0.0109000,-0.1712000
20240131,429,C,42.3850,42.3850,42.3850,42.3850,0,0,0.2093000,0.9493000,0.0000000,13.5390000,-0.1101000,30.9057000
20240131,429,P,0.3950,0.3950,0.3950,0.3950,0,0,0.1928000,-0.0380000,0.0000000,10.7494000,-0.0343000,-1.3991000
20240131,461,C,12.9750,12.9750,12.9750,12.9750,0,0,0.1346000,0.7230000,0.0000000,43.4938000,-0.1527000,25.0212000
20240131,461,P,2.9000,2.9000,2.9000,2.9000,0,0,0.1312000,-0.2721000,0.0000000,43.1220000,-0.0817000,-10.0141000
20240131,493,C,0.3050,0.3050,0.3050,0.3050,0,0,0.1019000,0.0541000,0.0000000,14.2783000,-0.0296000,1.9260000
20240131,493,P,23.9500,23.9500,23.9500,23.9500,0,0,0.1704000,-0.8276000,0.0000000,33.1629000,-0.0400000,-31.6156000
20240131,535,C,0.0150,0.0150,0.0150,0.0150,0,0,0.1562000,0.0017000,0.0000000,0.7206000,-0.0021000,0.0613000
20240131,535,P,65.9400,65.9400,65.9400,65.9400,0,0,0.3514000,-0.8963000,0.0000000,23.3998000,-0.0750000,-37.3089000
20240131,418,C,53.2200,53.2200,53.2200,53.2200,0,0,0.2449000,0.9634000,0.0000000,10.4036000,-0.1043000,30.5814000
20240131,418,P,0.2650,0.2650,0.2650,0.2650,0,0,0.2207000,-0.0237000,0.0000000,7.2669000,-0.0269000,-0.8737000
20240131,450,C,22.3450,22.3450,22.3450,22.3450,0,0,0.1551000,0.8601000,0.0000000,28.8903000,-0.1363000,29.2347000
20240131,450,P,1.2950,1.2950,1.2950,1.2950,0,0,0.1490000,-0.1305000,0.0000000,27.5666000,-0.0641000,-4.7975000
20240131,482,C,1.7100,1.7100,1.7100,1.7100,0,0,0.1060000,0.2195000,0.0000000,38.4186000,-0.0877000,7.7681000
20240131,482,P,13.1950,13.1950,13.1950,13.1950,0,0,0.1184000,-0.7548000,0.0000000,40.8484000,-0.0321000,-28.1720000
20240131,375,C,95.8450,95.8450,95.8450,95.8450,0,0,0.3876000,0.9852000,0.0000000,4.8606000,-0.0877000,28.0952000
20240131,375,P,0.0950,0.0950,0.0950,0.0950,0,0,0.3349000,-0.0061000,0.0000000,2.2633000,-0.0130000,-0.2287000
20240131,439,C,32.6800,32.6800,32.6800,32.6800,0,0,0.1820000,0.9221000,0.0000000,18.9261000,-0.1205000,30.6701000
20240131,439,P,0.6550,0.6550,0.6550,0.6550,0,0,0.1708000,-0.0657000,0.0000000,16.6121000,-0.0460000,-2.4143000
20240131,407,C,64.0950,64.0950,64.0950,64.0950,0,0,0.2800000,0.9726000,0.0000000,8.1921000,-0.0988000,30.0779000
20240131,407,P,0.1950,0.1950,0.1950,0.1950,0,0,0.2500000,-0.0160000,0.0000000,5.2191000,-0.0221000,-0.5928000
20240131,471,C,6.1400,6.1400,6.1400,6.1400,0,0,0.1188000,0.5056000,0.0000000,51.8192000,-0.1440000,17.7210000
20240131,471,P,6.1300,6.1300,6.1300,6.1300,0,0,0.1179000,-0.4944000,0.0000000,51.8193000,-0.0739000,-18.2598000
20240131,545,C,0.0150,0.0150,0.0150,0.0150,0,0,0.1757000,0.0014000,0.0000000,0.6211000,-0.0020000,0.0520000
20240131,545,P,75.9400,75.9400,75.9400,75.9400,0,0,0.3895000,-0.9030000,0.0000000,22.2796000,-0.0812000,-38.3183000
20240131,428,C,43.3650,43.3650,43.3650,43.3650,0,0,0.2124000,0.9510000,0.0000000,13.1659000,-0.1094000,30.8932000
20240131,428,P,0.3850,0.3850,0.3850,0.3850,0,0,0.1959000,-0.0367000,0.0000000,10.4432000,-0.0339000,-1.3508000
20240131,460,C,13.7650,13.7650,13.7650,13.7650,0,0,0.1364000,0.7396000,0.0000000,42.1649000,-0.1519000,25.5570000
20240131,460,P,2.6850,2.6850,2.6850,2.6850,0,0,0.1325000,-0.2545000,0.0000000,41.6780000,-0.0805000,-9.3653000
20240131,492,C,0.3550,0.3550,0.3550,0.3550,0,0,0.1015000,0.0618000,0.0000000,15.8471000,-0.0329000,2.1986000
20240131,492,P,22.9450,22.9450,22.9450,22.9450,0,0,0.1652000,-0.8243000,0.0000000,33.5660000,-0.0385000,-31.4192000
20240131,385,C,85.9150,85.9150,85.9150,85.9150,0,0,0.3535000,0.9824000,0.0000000,5.6268000,-0.0908000,28.7579000
20240131,385,P,0.1150,0.1150,0.1150,0.1150,0,0,0.3081000,-0.0081000,0.0000000,2.8788000,-0.0152000,-0.2999000
20240131,417,C,54.1950,54.1950,54.1950,54.1950,0,0,0.2465000,0.9653000,0.0000000,9.9632000,-0.1027000,30.5745000
20240131,417,P,0.2550,0.2550,0.2550,0.2550,0,0,0.2229000,-0.0226000,0.0000000,6.9850000,-0.0261000,-0.8337000
20240131,449,C,23.2550,23.2550,23.2550,23.2550,0,0,0.1572000,0.8683000,0.0000000,27.7264000,-0.1345000,29.4580000
20240131,449,P,1.2050,1.2050,1.2050,1.2050,0,0,0.1506000,-0.1219000,0.0000000,26.2751000,-0.0620000,-4.4779000
20240131,481,C,1.9600,1.9600,1.9600,1.9600,0,0,0.1068000,0.2425000,0.0000000,40.6197000,-0.0939000,8.5778000
20240131,481,P,12.3750,12.3750,12.3750,12.3750,0,0,0.1167000,-0.7375000,0.0000000,42.3425000,-0.0353000,-27.4845000
20240131,438,C,33.6600,33.6600,33.6600,33.6600,0,0,0.1856000,0.9246000,0.0000000,18.4628000,-0.1202000,30.6847000
20240131,438,P,0.6150,0.6150,0.6150,0.6150,0,0,0.1727000,-0.0617000,0.0000000,15.8167000,-0.0444000,-2.2668000
20240131,406,C,65.0750,65.0750,65.0750,65.0750,0,0,0.2819000,0.9737000,0.0000000,7.9011000,-0.0976000,30.0445000
20240131,406,P,0.1850,0.1850,0.1850,0.1850,0,0,0.2514000,-0.0151000,0.0000000,4.9642000,-0.0212000,-0.5591000
20240131,470,C,6.7200,6.7200,6.7200,6.7200,0,0,0.1203000,0.5311000,0.0000000,51.6665000,-0.1467000,18.5944000
20240131,470,P,5.6900,5.6900,5.6900,5.6900,0,0,0.1189000,-0.4686000,0.0000000,51.6644000,-0.0764000,-17.2990000
20240131,502,C,0.0650,0.0650,0.0650,0.0650,0,0,0.1030000,0.0131000,0.0000000,4.3871000,-0.0089000,0.4678000
20240131,502,P,32.9500,32.9500,32.9500,32.9500,0,0,0.2133000,-0.8532000,0.0000000,29.8426000,-0.0497000,-33.2285000
20240131,427,C,44.3400,44.3400,44.3400,44.3400,0,0,0.2153000,0.9528000,0.0000000,12.7879000,-0.1086000,30.8809000
20240131,427,P,0.3650,0.3650,0.3650,0.3650,0,0,0.1978000,-0.0347000,0.0000000,9.9731000,-0.0327000,-1.2770000
20240131,395,C,75.9950,75.9950,75.9950,75.9950,0,0,0.3205000,0.9785000,0.0000000,6.6623000,-0.0946000,29.3800000
20240131,395,P,0.1450,0.1450,0.1450,0.1450,0,0,0.2817000,-0.0109000,0.0000000,3.7384000,-0.0180000,-0.4036000
20240131,459,C,14.5750,14.5750,14.5750,14.5750,0,0,0.1382000,0.7552000,0.0000000,40.8142000,-0.1509000,26.0562000
20240131,459,P,2.4950,2.4950,2.4950,2.4950,0,0,0.1341000,-0.2385000,0.0000000,40.2482000,-0.0795000,-8.7731000
20240131,491,C,0.4250,0.4250,0.4250,0.4250,0,0,0.1020000,0.0721000,0.0000000,17.8532000,-0.0374000,2.5638000
20240131,491,P,21.9450,21.9450,21.9450,21.9450,0,0,0.1602000,-0.8203000,0.0000000,34.0449000,-0.0373000,-31.1990000
20240202,448,C,24.6450,24.6450,24.6450,24.6450,0,0,0.1664000,0.8593000,0.0000000,30.0163000,-0.1391000,31.1041000
20240202,448,P,1.3350,1.3350,1.3350,1.3350,0,0,0.1557000,-0.1254000,0.0000000,27.7440000,-0.0631000,-4.9440000
20240202,480,C,2.6500,2.6500,2.6500,2.6500,0,0,0.1123000,0.2860000,0.0000000,45.7286000,-0.1050000,10.8083000
20240202,480,P,11.7750,11.7750,11.7750,11.7750,0,0,0.1179000,-0.7041000,0.0000000,46.4589000,-0.0408000,-28.1106000
20240202,405,C,66.3600,66.3600,66.3600,66.3600,0,0,0.2958000,0.9659000,0.0000000,10.1523000,-0.1071000,31.7835000
20240202,405,P,0.2150,0.2150,0.2150,0.2150,0,0,0.2524000,-0.0167000,0.0000000,5.6074000,-0.0223000,-0.6642000
20240202,469,C,7.9150,7.9150,7.9150,7.9150,0,0,0.1272000,0.5559000,0.0000000,53.1141000,-0.1500000,20.7830000
20240202,469,P,5.6300,5.6300,5.6300,5.6300,0,0,0.1237000,-0.4428000,0.0000000,53.0916000,-0.0780000,-17.5339000
20240202,458,C,15.9500,15.9500,15.9500,15.9500,0,0,0.1463000,0.7559000,0.0000000,42.1865000,-0.1529000,27.8288000
20240202,458,P,2.6100,2.6100,2.6100,2.6100,0,0,0.1392000,-0.2338000,0.0000000,41.2054000,-0.0790000,-9.2279000
20240202,490,C,0.6650,0.6650,0.6650,0.6650,0,0,0.1055000,0.0995000,0.0000000,23.5217000,-0.0481000,3.7835000
20240202,490,P,20.9450,20.9450,20.9450,20.9450,0,0,0.1531000,-0.8088000,0.0000000,36.6231000,-0.0343000,-32.9022000
20240202,415,C,56.4850,56.4850,56.4850,56.4850,0,0,0.2622000,0.9576000,0.0000000,12.1301000,-0.1109000,32.2759000
20240202,415,P,0.2850,0.2850,0.2850,0.2850,0,0,0.2270000,-0.0238000,0.0000000,7.5475000,-0.0268000,-0.9414000
20240202,447,C,25.5600,25.5600,25.5600,25.5600,0,0,0.1688000,0.8662000,0.0000000,29.0075000,-0.1378000,31.2930000
20240202,447,P,1.2550,1.2550,1.2550,1.2550,0,0,0.1575000,-0.1180000,0.0000000,26.5831000,-0.0614000,-4.6521000
20240202,479,C,2.9850,2.9850,2.9850,2.9850,0,0,0.1132000,0.3100000,0.0000000,47.4389000,-0.1105000,11.7059000
20240202,479,P,11.0350,11.0350,11.0350,11.0350,0,0,0.1171000,-0.6836000,0.0000000,47.8510000,-0.0444000,-27.2626000
20240202,500,C,0.1350,0.1350,0.1350,0.1350,0,0,0.1049000,0.0248000,0.0000000,7.8124000,-0.0153000,0.9462000
20240202,500,P,30.9500,30.9500,30.9500,30.9500,0,0,0.2011000,-0.8422000,0.0000000,32.4157000,-0.0457000,-35.0118000
20240202,468,C,8.5500,8.5500,8.5500,8.5500,0,0,0.1289000,0.5781000,0.0000000,52.6104000,-0.1518000,21.5851000
20240202,468,P,5.2500,5.2500,5.2500,5.2500,0,0,0.1249000,-0.4198000,0.0000000,52.5564000,-0.0796000,-16.6157000
20240202,467.5,C,8.8800,8.8800,8.8800,8.8800,0,0,0.1298000,0.5889000,0.0000000,52.3052000,-0.1527000,21.9727000
20240202,467.5,P,5.0750,5.0750,5.0750,5.0750,0,0,0.1256000,-0.4085000,0.0000000,52.2290000,-0.0802000,-16.1678000
20240202,425,C,46.6650,46.6650,46.6650,46.6650,0,0,0.2309000,0.9439000,0.0000000,15.1913000,-0.1169000,32.5523000
20240202,425,P,0.4050,0.4050,0.4050,0.4050,0,0,0.2031000,-0.0361000,0.0000000,10.6617000,-0.0335000,-1.4253000
20240202,457,C,16.7750,16.7750,16.7750,16.7750,0,0,0.1481000,0.7694000,0.0000000,40.8890000,-0.1517000,28.2818000
20240202,457,P,2.4400,2.4400,2.4400,2.4400,0,0,0.1409000,-0.2200000,0.0000000,39.8166000,-0.0779000,-8.6825000
20240202,489,C,0.7700,0.7700,0.7700,0.7700,0,0,0.1059000,0.1127000,0.0000000,25.7269000,-0.0531000,4.2813000
20240202,489,P,19.9450,19.9450,19.9450,19.9450,0,0,0.1481000,-0.8042000,0.0000000,37.1638000,-0.0331000,-32.6409000
20240202,350,C,120.9450,120.9450,120.9450,120.9450,0,0,0.4941000,0.9849000,0.0000000,5.1117000,-0.0924000,28.0285000
20240202,350,P,0.0650,0.0650,0.0650,0.0650,0,0,0.3935000,-0.0035000,0.0000000,1.4395000,-0.0091000,-0.1426000
20240202,478,C,3.3500,3.3500,3.3500,3.3500,0,0,0.1145000,0.3349000,0.0000000,48.9823000,-0.1161000,12.6356000
20240202,478,P,10.3100,10.3100,10.3100,10.3100,0,0,0.1163000,-0.6623000,0.0000000,49.1372000,-0.0479000,-26.3809000
20240202,510,C,0.0350,0.0350,0.0350,0.0350,0,0,0.1103000,0.0063000,0.0000000,2.4052000,-0.0048000,0.2424000
20240202,510,P,40.9500,40.9500,40.9500,40.9500,0,0,0.2452000,-0.8628000,0.0000000,29.5111000,-0.0548000,-36.6284000
20240202,477.5,C,3.5400,3.5400,3.5400,3.5400,0,0,0.1150000,0.3473000,0.0000000,49.6651000,-0.1187000,13.0981000
20240202,477.5,P,9.9900,9.9900,9.9900,9.9900,0,0,0.1166000,-0.6504000,0.0000000,49.7795000,-0.0502000,-25.8973000
20240202,435,C,36.9250,36.9250,36.9250,36.9250,0,0,0.2005000,0.9215000,0.0000000,19.6905000,-0.1241000,32.4920000
20240202,435,P,0.6350,0.6350,0.6350,0.6350,0,0,0.1810000,-0.0591000,0.0000000,15.8341000,-0.0435000,-2.3310000
20240202,467,C,9.2100,9.2100,9.2100,9.2100,0,0,0.1306000,0.5995000,0.0000000,51.9642000,-0.1533000,22.3555000
20240202,467,P,4.9000,4.9000,4.9000,4.9000,0,0,0.1263000,-0.3975000,0.0000000,51.8654000,-0.0809000,-15.7290000
20240202,360,C,110.9950,110.9950,110.9950,110.9950,0,0,0.4541000,0.9834000,0.0000000,5.5371000,-0.0936000,28.7895000
20240202,360,P,0.0850,0.0850,0.0850,0.0850,0,0,0.3710000,-0.0049000,0.0000000,1.9166000,-0.0115000,-0.1962000
20240202,456,C,17.6050,17.6050,17.6050,17.6050,0,0,0.1499000,0.7822000,0.0000000,39.5840000,-0.1504000,28.7070000
20240202,456,P,2.2700,2.2700,2.2700,2.2700,0,0,0.1423000,-0.2064000,0.0000000,38.3621000,-0.0763000,-8.1441000
20240202,488,C,0.8950,0.8950,0.8950,0.8950,0,0,0.1062000,0.1266000,0.0000000,27.9397000,-0.0580000,4.8106000
20240202,488,P,18.9450,18.9450,18.9450,18.9450,0,0,0.1430000,-0.7991000,0.0000000,37.7382000,-0.0318000,-32.3645000
20240202,520,C,0.0250,0.0250,0.0250,0.0250,0,0,0.1279000,0.0037000,0.0000000,1.5017000,-0.0034000,0.1427000
20240202,520,P,50.9400,50.9400,50.9400,50.9400,0,0,0.2864000,-0.8772000,0.0000000,27.3337000,-0.0622000,-38.0035000
20240202,487.5,C,0.9650,0.9650,0.9650,0.9650,0,0,0.1065000,0.1345000,0.0000000,29.1237000,-0.0608000,5.1069000
20240202,487.5,P,18.4450,18.4450,18.4450,18.4450,0,0,0.1405000,-0.7965000,0.0000000,38.0354000,-0.0311000,-32.2212000
20240202,445,C,27.4050,27.4050,27.4050,27.4050,0,0,0.1732000,0.8794000,0.0000000,26.9842000,-0.1347000,31.6505000
20240202,445,P,1.1050,1.1050,1.1050,1.1050,0,0,0.1610000,-0.1042000,0.0000000,24.3306000,-0.0579000,-4.1107000
20240202,477,C,3.7450,3.7450,3.7450,3.7450,0,0,0.1156000,0.3599000,0.0000000,50.3007000,-0.1213000,13.5667000
20240202,477,P,9.6650,9.6650,9.6650,9.6650,0,0,0.1165000,-0.6389000,0.0000000,50.3579000,-0.0521000,-25.4233000
20240202,370,C,101.0800,101.0800,101.0800,101.0800,0,0,0.4211000,0.9803000,0.0000000,6.4118000,-0.0979000,29.4843000
20240202,370,P,0.0950,0.0950,0.0950,0.0950,0,0,0.3417000,-0.0059000,0.0000000,2.2740000,-0.0125000,-0.2373000
20240202,466,C,9.8900,9.8900,9.8900,9.8900,0,0,0.1323000,0.6201000,0.0000000,51.1902000,-0.1544000,23.0949000
20240202,466,P,4.5700,4.5700,4.5700,4.5700,0,0,0.1276000,-0.3760000,0.0000000,51.0330000,-0.0818000,-14.8723000
20240202,530,C,0.0150,0.0150,0.0150,0.0150,0,0,0.1406000,0.0018000,0.0000000,0.7962000,-0.0019000,0.0706000
20240202,530,P,60.9400,60.9400,60.9400,60.9400,0,0,0.3261000,-0.8874000,0.0000000,25.6966000,-0.0691000,-39.2208000
20240202,455,C,18.4500,18.4500,18.4500,18.4500,0,0,0.1519000,0.7939000,0.0000000,38.3176000,-0.1492000,29.0910000
20240202,455,P,2.1200,2.1200,2.1200,2.1200,0,0,0.1439000,-0.1940000,0.0000000,36.9597000,-0.0749000,-7.6537000
20240202,487,C,1.0350,1.0350,1.0350,1.0350,0,0,0.1066000,0.1423000,0.0000000,30.2700000,-0.0635000,5.4033000
20240202,487,P,17.9450,17.9450,17.9450,17.9450,0,0,0.1379000,-0.7937000,0.0000000,38.3378000,-0.0304000,-32.0749000
20240202,380,C,91.1300,91.1300,91.1300,91.1300,0,0,0.3815000,0.9782000,0.0000000,6.9863000,-0.0987000,30.2215000
20240202,380,P,0.1250,0.1250,0.1250,0.1250,0,0,0.3183000,-0.0081000,0.0000000,3.0097000,-0.0153000,-0.3256000
20240202,476,C,4.1700,4.1700,4.1700,4.1700,0,0,0.1170000,0.3853000,0.0000000,51.4125000,-0.1263000,14.5123000
20240202,476,P,9.0800,9.0800,9.0800,9.0800,0,0,0.1177000,-0.6139000,0.0000000,51.4402000,-0.0570000,-24.4135000
20240202,540,C,0.0150,0.0150,0.0150,0.0150,0,0,0.1601000,0.0015000,0.0000000,0.6919000,-0.0019000,0.0605000
20240202,540,P,70.9400,70.9400,70.9400,70.9400,0,0,0.3641000,-0.8953000,0.0000000,24.3977000,-0.0755000,-40.3445000
20240202,465,C,10.5850,10.5850,10.5850,10.5850,0,0,0.1338000,0.6401000,0.0000000,50.2976000,-0.1550000,23.8082000
20240202,465,P,4.2600,4.2600,4.2600,4.2600,0,0,0.1289000,-0.3553000,0.0000000,50.0749000,-0.0824000,-14.0469000
20240202,390,C,81.2250,81.2250,81.2250,81.2250,0,0,0.3476000,0.9741000,0.0000000,8.0857000,-0.1023000,30.8769000
20240202,390,P,0.1450,0.1450,0.1450,0.1450,0,0,0.2900000,-0.0103000,0.0000000,3.6906000,-0.0171000,-0.4102000
20240202,454,C,19.3100,19.3100,19.3100,19.3100,0,0,0.1539000,0.8051000,0.0000000,37.0608000,-0.1479000,29.4493000
20240202,454,P,1.9800,1.9800,1.9800,1.9800,0,0,0.1455000,-0.1822000,0.0000000,35.5555000,-0.0733000,-7.1872000
20240202,486,C,1.2000,1.2000,1.2000,1.2000,0,0,0.1074000,0.1598000,0.0000000,32.7011000,-0.0694000,6.0649000
20240202,486,P,16.9350,16.9350,16.9350,16.9350,0,0,0.1324000,-0.7884000,0.0000000,38.9241000,-0.0288000,-31.7845000
20240202,475,C,4.6200,4.6200,4.6200,4.6200,0,0,0.1183000,0.4106000,0.0000000,52.2914000,-0.1308000,15.4496000
20240202,475,P,8.4850,8.4850,8.4850,8.4850,0,0,0.1179000,-0.5897000,0.0000000,52.2810000,-0.0606000,-23.4302000
20240202,400,C,71.3100,71.3100,71.3100,71.3100,0,0,0.3129000,0.9691000,0.0000000,9.3674000,-0.1054000,31.4986000
20240202,400,P,0.1850,0.1850,0.1850,0.1850,0,0,0.2644000,-0.0140000,0.0000000,4.8091000,-0.0201000,-0.5558000
20240202,464,C,11.3050,11.3050,11.3050,11.3050,0,0,0.1356000,0.6591000,0.0000000,49.3159000,-0.1554000,24.4812000
20240202,464,P,3.9750,3.9750,3.9750,3.9750,0,0,0.1303000,-0.3353000,0.0000000,49.0084000,-0.0826000,-13.2548000
20240202,453,C,20.1800,20.1800,20.1800,20.1800,0,0,0.1560000,0.8155000,0.0000000,35.8287000,-0.1466000,29.7795000
20240202,453,P,1.8500,1.8500,1.8500,1.8500,0,0,0.1472000,-0.1711000,0.0000000,34.1781000,-0.0717000,-6.7511000
20240202,485,C,1.3800,1.3800,1.3800,1.3800,0,0,0.1080000,0.1780000,0.0000000,35.0470000,-0.0752000,6.7517000
20240202,485,P,15.9400,15.9400,15.9400,15.9400,0,0,0.1273000,-0.7816000,0.0000000,39.6394000,-0.0276000,-31.4433000
20240202,410,C,61.4300,61.4300,61.4300,61.4300,0,0,0.2801000,0.9616000,0.0000000,11.2041000,-0.1098000,32.0209000
20240202,410,P,0.2450,0.2450,0.2450,0.2450,0,0,0.2395000,-0.0198000,0.0000000,6.4602000,-0.0243000,-0.7836000
20240202,474,C,5.1000,5.1000,5.1000,5.1000,0,0,0.1196000,0.4358000,0.0000000,52.9479000,-0.1350000,16.3820000
20240202,474,P,7.9250,7.9250,7.9250,7.9250,0,0,0.1184000,-0.5649000,0.0000000,52.9306000,-0.0642000,-22.4299000
20240202,495,C,0.2950,0.2950,0.2950,0.2950,0,0,0.1040000,0.0500000,0.0000000,13.8732000,-0.0274000,1.9046000
20240202,495,P,25.9500,25.9500,25.9500,25.9500,0,0,0.1777000,-0.8277000,0.0000000,34.3149000,-0.0405000,-34.0419000
20240202,463,C,12.0400,12.0400,12.0400,12.0400,0,0,0.1374000,0.6772000,0.0000000,48.2588000,-0.1556000,25.1171000
20240202,463,P,3.7100,3.7100,3.7100,3.7100,0,0,0.1319000,-0.3165000,0.0000000,47.8637000,-0.0827000,-12.5060000
20240202,462.5,C,12.4150,12.4150,12.4150,12.4150,0,0,0.1382000,0.6860000,0.0000000,47.6956000,-0.1555000,25.4285000
20240202,462.5,P,3.5800,3.5800,3.5800,3.5800,0,0,0.1326000,-0.3072000,0.0000000,47.2526000,-0.0826000,-12.1382000
20240202,420,C,51.5750,51.5750,51.5750,51.5750,0,0,0.2470000,0.9511000,0.0000000,13.6055000,-0.1142000,32.4290000
20240202,420,P,0.3350,0.3350,0.3350,0.3350,0,0,0.2148000,-0.0290000,0.0000000,8.9077000,-0.0298000,-1.1469000
20240202,452,C,21.0550,21.0550,21.0550,21.0550,0,0,0.1578000,0.8257000,0.0000000,34.5708000,-0.1450000,30.1010000
20240202,452,P,1.7350,1.7350,1.7350,1.7350,0,0,0.1488000,-0.1607000,0.0000000,32.8215000,-0.0700000,-6.3403000
20240202,484,C,1.5800,1.5800,1.5800,1.5800,0,0,0.1087000,0.1973000,0.0000000,37.3442000,-0.0810000,7.4781000
20240202,484,P,15.0100,15.0100,15.0100,15.0100,0,0,0.1237000,-0.7713000,0.0000000,40.6929000,-0.0283000,-30.9698000
20240202,473,C,5.6100,5.6100,5.6100,5.6100,0,0,0.1211000,0.4608000,0.0000000,53.3844000,-0.1388000,17.3032000
20240202,473,P,7.4050,7.4050,7.4050,7.4050,0,0,0.1192000,-0.5400000,0.0000000,53.3732000,-0.0675000,-21.4255000
20240202,505,C,0.0650,0.0650,0.0650,0.0650,0,0,0.1069000,0.0121000,0.0000000,4.2569000,-0.0084000,0.4649000
20240202,505,P,35.9500,35.9500,35.9500,35.9500,0,0,0.2235000,-0.8536000,0.0000000,30.8361000,-0.0504000,-35.8633000
20240202,472.5,C,5.8750,5.8750,5.8750,5.8750,0,0,0.1217000,0.4731000,0.0000000,53.5216000,-0.1405000,17.7566000
20240202,472.5,P,7.1550,7.1550,7.1550,7.1550,0,0,0.1196000,-0.5275000,0.0000000,53.5151000,-0.0691000,-20.9253000
20240202,430,C,41.7850,41.7850,41.7850,41.7850,0,0,0.2158000,0.9340000,0.0000000,17.2495000,-0.1205000,32.5718000
20240202,430,P,0.5050,0.5050,0.5050,0.5050,0,0,0.1921000,-0.0460000,0.0000000,12.9752000,-0.0382000,-1.8148000
20240202,462,C,12.7950,12.7950,12.7950,12.7950,0,0,0.1391000,0.6946000,0.0000000,47.1259000,-0.1555000,25.7260000
20240202,462,P,3.4600,3.4600,3.4600,3.4600,0,0,0.1334000,-0.2983000,0.0000000,46.6369000,-0.0825000,-11.7866000
20240202,355,C,115.9850,115.9850,115.9850,115.9850,0,0,0.4770000,0.9837000,0.0000000,5.4648000,-0.0944000,28.3890000
20240202,355,P,0.0750,0.0750,0.0750,0.0750,0,0,0.3828000,-0.0042000,0.0000000,1.6748000,-0.0103000,-0.1688000
20240202,451,C,21.9400,21.9400,21.9400,21.9400,0,0,0.1600000,0.8348000,0.0000000,33.4010000,-0.1436000,30.3790000
20240202,451,P,1.6200,1.6200,1.6200,1.6200,0,0,0.1506000,-0.1511000,0.0000000,31.5157000,-0.0684000,-5.9611000
20240202,483,C,1.8100,1.8100,1.8100,1.8100,0,0,0.1094000,0.2180000,0.0000000,39.6100000,-0.0871000,8.2568000
20240202,483,P,14.1400,14.1400,14.1400,14.1400,0,0,0.1213000,-0.7577000,0.0000000,42.0099000,-0.0304000,-30.3747000
20240202,515,C,0.0250,0.0250,0.0250,0.0250,0,0,0.1171000,0.0042000,0.0000000,1.6665000,-0.0035000,0.1604000
20240202,515,P,45.9500,45.9500,45.9500,45.9500,0,0,0.2663000,-0.8704000,0.0000000,28.3772000,-0.0589000,-37.3322000
20240202,525,C,0.0150,0.0150,0.0150,0.0150,0,0,0.1308000,0.0020000,0.0000000,0.8762000,-0.0020000,0.0786000
20240202,525,P,55.9250,55.9250,55.9250,55.9250,0,0,0.3057000,-0.8833000,0.0000000,26.3684000,-0.0649000,-38.6481000
20240202,482.5,C,1.9300,1.9300,1.9300,1.9300,0,0,0.1098000,0.2286000,0.0000000,40.6973000,-0.0900000,8.6565000
20240202,482.5,P,13.7300,13.7300,13.7300,13.7300,0,0,0.1206000,-0.7497000,0.0000000,42.7565000,-0.0320000,-30.0291000
20240202,440,C,32.1500,32.1500,32.1500,32.1500,0,0,0.1877000,0.9024000,0.0000000,23.1668000,-0.1302000,32.1480000
20240202,440,P,0.8250,0.8250,0.8250,0.8250,0,0,0.1706000,-0.0777000,0.0000000,19.5594000,-0.0501000,-3.0639000
20240202,472,C,6.1500,6.1500,6.1500,6.1500,0,0,0.1226000,0.4854000,0.0000000,53.6075000,-0.1423000,18.2076000
20240202,472,P,6.9150,6.9150,6.9150,6.9150,0,0,0.1201000,-0.5151000,0.0000000,53.6045000,-0.0706000,-20.4272000
20240202,365,C,106.0400,106.0400,106.0400,106.0400,0,0,0.4384000,0.9818000,0.0000000,6.0042000,-0.0962000,29.1330000
20240202,365,P,0.0850,0.0850,0.0850,0.0850,0,0,0.3535000,-0.0051000,0.0000000,1.9814000,-0.0113000,-0.2034000
20240202,461,C,13.5600,13.5600,13.5600,13.5600,0,0,0.1409000,0.7111000,0.0000000,45.9450000,-0.1551000,26.2983000
20240202,461,P,3.2200,3.2200,3.2200,3.2200,0,0,0.1347000,-0.2808000,0.0000000,45.3283000,-0.0818000,-11.0903000
20240202,535,C,0.0150,0.0150,0.0150,0.0150,0,0,0.1503000,0.0017000,0.0000000,0.7367000,-0.0019000,0.0648000
20240202,535,P,65.9400,65.9400,65.9400,65.9400,0,0,0.3453000,-0.8916000,0.0000000,25.0157000,-0.0724000,-39.7913000
20240202,450,C,22.8350,22.8350,22.8350,22.8350,0,0,0.1620000,0.8436000,0.0000000,32.2216000,-0.1420000,30.6468000
20240202,450,P,1.5150,1.5150,1.5150,1.5150,0,0,0.1520000,-0.1416000,0.0000000,30.1728000,-0.0664000,-5.5860000
20240202,482,C,2.0600,2.0600,2.0600,2.0600,0,0,0.1102000,0.2396000,0.0000000,41.7676000,-0.0930000,9.0689000
20240202,482,P,13.3100,13.3100,13.3100,13.3100,0,0,0.1196000,-0.7419000,0.0000000,43.4480000,-0.0333000,-29.6949000
20240202,375,C,96.1100,96.1100,96.1100,96.1100,0,0,0.4020000,0.9791000,0.0000000,6.7407000,-0.0987000,29.8468000
20240202,375,P,0.1050,0.1050,0.1050,0.1050,0,0,0.3281000,-0.0067000,0.0000000,2.5247000,-0.0133000,-0.2668000
20240202,471,C,6.7150,6.7150,6.7150,6.7150,0,0,0.1241000,0.5095000,0.0000000,53.6279000,-0.1452000,19.0909000
20240202,471,P,6.4650,6.4650,6.4650,6.4650,0,0,0.1213000,-0.4905000,0.0000000,53.6283000,-0.0735000,-19.4421000
20240202,545,C,0.0150,0.0150,0.0150,0.0150,0,0,0.1699000,0.0015000,0.0000000,0.6581000,-0.0019000,0.0572000
20240202,545,P,75.9400,75.9400,75.9400,75.9400,0,0,0.3826000,-0.8985000,0.0000000,23.8435000,-0.0786000,-40.8812000
20240202,460,C,14.3400,14.3400,14.3400,14.3400,0,0,0.1427000,0.7268000,0.0000000,44.7149000,-0.1545000,26.8422000
20240202,460,P,3.0050,3.0050,3.0050,3.0050,0,0,0.1362000,-0.2642000,0.0000000,43.9829000,-0.0811000,-10.4350000
20240202,385,C,86.1900,86.1900,86.1900,86.1900,0,0,0.3666000,0.9757000,0.0000000,7.6687000,-0.1017000,30.5295000
20240202,385,P,0.1350,0.1350,0.1350,0.1350,0,0,0.3041000,-0.0091000,0.0000000,3.3284000,-0.0162000,-0.3649000
20240202,449,C,23.7400,23.7400,23.7400,23.7400,0,0,0.1644000,0.8514000,0.0000000,31.1525000,-0.1408000,30.8708000
20240202,449,P,1.4200,1.4200,1.4200,1.4200,0,0,0.1540000,-0.1334000,0.0000000,28.9682000,-0.0649000,-5.2623000
20240202,481,C,2.3400,2.3400,2.3400,2.3400,0,0,0.1112000,0.2623000,0.0000000,43.8149000,-0.0990000,9.9200000
20240202,481,P,12.5050,12.5050,12.5050,12.5050,0,0,0.1181000,-0.7247000,0.0000000,44.8878000,-0.0363000,-28.9657000
20240202,470,C,7.3050,7.3050,7.3050,7.3050,0,0,0.1257000,0.5330000,0.0000000,53.4587000,-0.1478000,19.9501000
20240202,470,P,6.0300,6.0300,6.0300,6.0300,0,0,0.1225000,-0.4664000,0.0000000,53.4532000,-0.0759000,-18.4761000
20240202,395,C,76.2600,76.2600,76.2600,76.2600,0,0,0.3298000,0.9719000,0.0000000,8.6477000,-0.1035000,31.2010000
20240202,395,P,0.1650,0.1650,0.1650,0.1650,0,0,0.2773000,-0.0120000,0.0000000,4.2138000,-0.0186000,-0.4774000
20240202,459,C,15.1400,15.1400,15.1400,15.1400,0,0,0.1445000,0.7417000,0.0000000,43.4654000,-0.1538000,27.3488000
20240202,459,P,2.8000,2.8000,2.8000,2.8000,0,0,0.1377000,-0.2487000,0.0000000,42.6113000,-0.0802000,-9.8174000
20240209,480,C,3.3900,3.3900,3.3900,3.3900,0,0,0.1125000,0.3173000,0.0000000,53.2122000,-0.1024000,14.7425000
20240209,480,P,12.0500,12.0500,12.0500,12.0500,0,0,0.1181000,-0.6741000,0.0000000,53.8058000,-0.0374000,-33.2719000
20240209,405,C,66.9100,66.9100,66.9100,66.9100,0,0,0.2790000,0.9606000,0.0000000,12.7100000,-0.1045000,38.8887000
20240209,405,P,0.2950,0.2950,0.2950,0.2950,0,0,0.2402000,-0.0212000,0.0000000,7.6141000,-0.0232000,-1.0401000
20240209,469,C,8.9450,8.9450,8.9450,8.9450,0,0,0.1276000,0.5619000,0.0000000,58.8551000,-0.1391000,25.8092000
20240209,469,P,6.2000,6.2000,6.2000,6.2000,0,0,0.1248000,-0.4370000,0.0000000,58.8311000,-0.0680000,-21.4087000
20240209,458,C,16.9800,16.9800,16.9800,16.9800,0,0,0.1461000,0.7426000,0.0000000,48.1813000,-0.1441000,33.5875000
20240209,458,P,3.1550,3.1550,3.1550,3.1550,0,0,0.1395000,-0.2482000,0.0000000,47.2719000,-0.0715000,-12.1200000
20240209,490,C,1.0000,1.0000,1.0000,1.0000,0,0,0.1049000,0.1294000,0.0000000,31.4955000,-0.0534000,6.0526000
20240209,490,P,20.9450,20.9450,20.9450,20.9450,0,0,0.1475000,-0.7856000,0.0000000,43.5524000,-0.0293000,-39.4773000
20240209,415,C,57.0600,57.0600,57.0600,57.0600,0,0,0.2484000,0.9511000,0.0000000,15.1257000,-0.1082000,39.4363000
20240209,415,P,0.3950,0.3950,0.3950,0.3950,0,0,0.2177000,-0.0301000,0.0000000,10.2082000,-0.0278000,-1.4739000
20240209,479,C,3.7650,3.7650,3.7650,3.7650,0,0,0.1136000,0.3398000,0.0000000,54.7055000,-0.1069000,15.7759000
20240209,479,P,11.3500,11.3500,11.3500,11.3500,0,0,0.1176000,-0.6545000,0.0000000,55.0455000,-0.0404000,-32.2707000
20240209,500,C,0.2350,0.2350,0.2350,0.2350,0,0,0.1025000,0.0379000,0.0000000,12.3166000,-0.0196000,1.7788000
20240209,500,P,30.9500,30.9500,30.9500,30.9500,0,0,0.1926000,-0.8219000,0.0000000,38.9149000,-0.0398000,-42.2170000
20240209,468,C,9.5900,9.5900,9.5900,9.5900,0,0,0.1293000,0.5816000,0.0000000,58.3209000,-0.1407000,26.6834000
20240209,468,P,5.8250,5.8250,5.8250,5.8250,0,0,0.1258000,-0.4165000,0.0000000,58.2662000,-0.0694000,-20.3955000
20240209,425,C,47.2950,47.2950,47.2950,47.2950,0,0,0.2204000,0.9353000,0.0000000,18.8496000,-0.1139000,39.6780000
20240209,425,P,0.5750,0.5750,0.5750,0.5750,0,0,0.1973000,-0.0458000,0.0000000,14.3667000,-0.0350000,-2.2372000
20240209,457,C,17.7950,17.7950,17.7950,17.7950,0,0,0.1478000,0.7552000,0.0000000,46.9227000,-0.1434000,34.1024000
20240209,457,P,2.9700,2.9700,2.9700,2.9700,0,0,0.1412000,-0.2353000,0.0000000,45.9220000,-0.0708000,-11.4885000
20240209,489,C,1.1500,1.1500,1.1500,1.1500,0,0,0.1055000,0.1442000,0.0000000,33.9118000,-0.0582000,6.7402000
20240209,489,P,19.9450,19.9450,19.9450,19.9450,0,0,0.1428000,-0.7806000,0.0000000,44.1421000,-0.0282000,-39.1362000
20240209,350,C,121.3500,121.3500,121.3500,121.3500,0,0,0.4548000,0.9834000,0.0000000,6.1452000,-0.0879000,34.4575000
20240209,350,P,0.0850,0.0850,0.0850,0.0850,0,0,0.3671000,-0.0045000,0.0000000,1.9814000,-0.0095000,-0.2240000
20240209,478,C,4.1650,4.1650,4.1650,4.1650,0,0,0.1147000,0.3627000,0.0000000,56.0110000,-0.1113000,16.8236000
20240209,478,P,10.6800,10.6800,10.6800,10.6800,0,0,0.1173000,-0.6340000,0.0000000,56.1760000,-0.0435000,-31.2302000
20240209,510,C,0.0650,0.0650,0.0650,0.0650,0,0,0.1069000,0.0112000,0.0000000,4.3997000,-0.0071000,0.5272000
20240209,510,P,40.9500,40.9500,40.9500,40.9500,0,0,0.2341000,-0.8445000,0.0000000,35.6588000,-0.0482000,-44.3024000
20240209,435,C,37.6550,37.6550,37.6550,37.6550,0,0,0.1945000,0.9090000,0.0000000,24.4493000,-0.1216000,39.4013000
20240209,435,P,0.8850,0.8850,0.8850,0.8850,0,0,0.1777000,-0.0727000,0.0000000,20.6552000,-0.0444000,-3.5487000
20240209,467,C,10.2600,10.2600,10.2600,10.2600,0,0,0.1309000,0.6007000,0.0000000,57.6627000,-0.1421000,27.5238000
20240209,467,P,5.4800,5.4800,5.4800,5.4800,0,0,0.1272000,-0.3968000,0.0000000,57.5693000,-0.0707000,-19.4212000
20240209,360,C,111.4450,111.4450,111.4450,111.4450,0,0,0.4226000,0.9809000,0.0000000,6.9347000,-0.0910000,35.3424000
20240209,360,P,0.1050,0.1050,0.1050,0.1050,0,0,0.3437000,-0.0058000,0.0000000,2.4783000,-0.0110000,-0.2876000
20240209,456,C,18.6150,18.6150,18.6150,18.6150,0,0,0.1495000,0.7672000,0.0000000,45.6431000,-0.1426000,34.5929000
20240209,456,P,2.7950,2.7950,2.7950,2.7950,0,0,0.1425000,-0.2226000,0.0000000,44.5208000,-0.0699000,-10.8693000
20240209,488,C,1.3100,1.3100,1.3100,1.3100,0,0,0.1060000,0.1596000,0.0000000,36.2813000,-0.0628000,7.4575000
20240209,488,P,18.9450,18.9450,18.9450,18.9450,0,0,0.1380000,-0.7752000,0.0000000,44.7593000,-0.0270000,-38.7780000
20240209,520,C,0.0250,0.0250,0.0250,0.0250,0,0,0.1142000,0.0038000,0.0000000,1.6955000,-0.0028000,0.1793000
20240209,520,P,50.9450,50.9450,50.9450,50.9450,0,0,0.2728000,-0.8602000,0.0000000,33.2030000,-0.0553000,-46.0621000
20240209,445,C,28.2650,28.2650,28.2650,28.2650,0,0,0.1708000,0.8629000,0.0000000,32.7539000,-0.1312000,38.1650000
20240209,445,P,1.4700,1.4700,1.4700,1.4700,0,0,0.1599000,-0.1219000,0.0000000,30.2116000,-0.0566000,-5.9467000
20240209,477,C,4.5950,4.5950,4.5950,4.5950,0,0,0.1160000,0.3857000,0.0000000,57.1154000,-0.1155000,17.8767000
20240209,477,P,10.0700,10.0700,10.0700,10.0700,0,0,0.1177000,-0.6123000,0.0000000,57.1950000,-0.0471000,-30.1352000
20240209,370,C,101.5250,101.5250,101.5250,101.5250,0,0,0.3886000,0.9784000,0.0000000,7.7078000,-0.0932000,36.2278000
20240209,370,P,0.1250,0.1250,0.1250,0.1250,0,0,0.3193000,-0.0074000,0.0000000,3.0579000,-0.0126000,-0.3641000
20240209,466,C,10.9450,10.9450,10.9450,10.9450,0,0,0.1325000,0.6192000,0.0000000,56.8906000,-0.1431000,28.3344000
20240209,466,P,5.1550,5.1550,5.1550,5.1550,0,0,0.1284000,-0.3775000,0.0000000,56.7447000,-0.0716000,-18.4720000
20240209,530,C,0.0150,0.0150,0.0150,0.0150,0,0,0.1250000,0.0017000,0.0000000,0.8532000,-0.0015000,0.0838000
20240209,530,P,60.9250,60.9250,60.9250,60.9250,0,0,0.3093000,-0.8720000,0.0000000,31.2430000,-0.0612000,-47.6368000
20240209,455,C,19.4500,19.4500,19.4500,19.4500,0,0,0.1514000,0.7783000,0.0000000,44.4011000,-0.1419000,35.0362000
20240209,455,P,2.6300,2.6300,2.6300,2.6300,0,0,0.1441000,-0.2108000,0.0000000,43.1444000,-0.0690000,-10.2934000
20240209,487,C,1.4900,1.4900,1.4900,1.4900,0,0,0.1066000,0.1761000,0.0000000,38.6521000,-0.0676000,8.2235000
20240209,487,P,17.9350,17.9350,17.9350,17.9350,0,0,0.1329000,-0.7698000,0.0000000,45.3652000,-0.0255000,-38.4175000
20240209,380,C,91.6050,91.6050,91.6050,91.6050,0,0,0.3547000,0.9754000,0.0000000,8.5843000,-0.0951000,37.0936000
20240209,380,P,0.1550,0.1550,0.1550,0.1550,0,0,0.2963000,-0.0097000,0.0000000,3.8959000,-0.0149000,-0.4792000
20240209,476,C,5.0500,5.0500,5.0500,5.0500,0,0,0.1174000,0.4089000,0.0000000,58.0142000,-0.1196000,18.9296000
20240209,476,P,9.5000,9.5000,9.5000,9.5000,0,0,0.1184000,-0.5901000,0.0000000,58.0472000,-0.0506000,-29.0200000
20240209,540,C,0.0150,0.0150,0.0150,0.0150,0,0,0.1445000,0.0017000,0.0000000,0.8369000,-0.0017000,0.0819000
20240209,540,P,70.9400,70.9400,70.9400,70.9400,0,0,0.3455000,-0.8802000,0.0000000,29.8320000,-0.0678000,-49.0411000
20240209,465,C,11.6450,11.6450,11.6450,11.6450,0,0,0.1341000,0.6371000,0.0000000,56.0186000,-0.1439000,29.1122000
20240209,465,P,4.8450,4.8450,4.8450,4.8450,0,0,0.1297000,-0.3589000,0.0000000,55.8104000,-0.0722000,-17.5567000
20240209,390,C,81.7200,81.7200,81.7200,81.7200,0,0,0.3249000,0.9704000,0.0000000,10.0269000,-0.0991000,37.8568000
20240209,390,P,0.1950,0.1950,0.1950,0.1950,0,0,0.2734000,-0.0130000,0.0000000,5.0064000,-0.0175000,-0.6385000
20240209,454,C,20.3000,20.3000,20.3000,20.3000,0,0,0.1533000,0.7889000,0.0000000,43.1624000,-0.1411000,35.4527000
20240209,454,P,2.4800,2.4800,2.4800,2.4800,0,0,0.1457000,-0.1997000,0.0000000,41.7757000,-0.0680000,-9.7486000
20240209,486,C,1.6900,1.6900,1.6900,1.6900,0,0,0.1072000,0.1938000,0.0000000,41.0171000,-0.0726000,9.0427000
20240209,486,P,16.9600,16.9600,16.9600,16.9600,0,0,0.1287000,-0.7623000,0.0000000,46.1717000,-0.0250000,-37.9655000
20240209,475,C,5.5350,5.5350,5.5350,5.5350,0,0,0.1187000,0.4318000,0.0000000,58.7017000,-0.1232000,19.9701000
20240209,475,P,8.9550,8.9550,8.9550,8.9550,0,0,0.1192000,-0.5678000,0.0000000,58.7103000,-0.0539000,-27.9050000
20240209,400,C,71.8250,71.8250,71.8250,71.8250,0,0,0.2923000,0.9652000,0.0000000,11.4672000,-0.1015000,38.6126000
20240209,400,P,0.2550,0.2550,0.2550,0.2550,0,0,0.2512000,-0.0179000,0.0000000,6.5897000,-0.0210000,-0.8780000
20240209,464,C,12.3600,12.3600,12.3600,12.3600,0,0,0.1358000,0.6542000,0.0000000,55.0659000,-0.1445000,29.8509000
20240209,464,P,4.5550,4.5550,4.5550,4.5550,0,0,0.1311000,-0.3410000,0.0000000,54.7811000,-0.0727000,-16.6769000
20240209,453,C,21.1500,21.1500,21.1500,21.1500,0,0,0.1551000,0.7992000,0.0000000,41.9043000,-0.1400000,35.8545000
20240209,453,P,2.3300,2.3300,2.3300,2.3300,0,0,0.1470000,-0.1888000,0.0000000,40.3713000,-0.0668000,-9.2148000
20240209,485,C,1.9100,1.9100,1.9100,1.9100,0,0,0.1079000,0.2121000,0.0000000,43.2960000,-0.0775000,9.8935000
20240209,485,P,16.0100,16.0100,16.0100,16.0100,0,0,0.1247000,-0.7536000,0.0000000,47.0813000,-0.0248000,-37.4553000
20240209,410,C,61.9650,61.9650,61.9650,61.9650,0,0,0.2622000,0.9571000,0.0000000,13.6152000,-0.1053000,39.2246000
20240209,410,P,0.3450,0.3450,0.3450,0.3450,0,0,0.2294000,-0.0254000,0.0000000,8.8659000,-0.0256000,-1.2455000
20240209,474,C,6.0450,6.0450,6.0450,6.0450,0,0,0.1201000,0.4545000,0.0000000,59.1870000,-0.1266000,20.9995000
20240209,474,P,8.4250,8.4250,8.4250,8.4250,0,0,0.1198000,-0.5455000,0.0000000,59.1844000,-0.0568000,-26.7934000
20240209,495,C,0.4950,0.4950,0.4950,0.4950,0,0,0.1031000,0.0723000,0.0000000,20.5560000,-0.0335000,3.3883000
20240209,495,P,25.9500,25.9500,25.9500,25.9500,0,0,0.1707000,-0.8061000,0.0000000,41.0213000,-0.0350000,-40.9592000
20240209,463,C,13.0950,13.0950,13.0950,13.0950,0,0,0.1374000,0.6707000,0.0000000,54.0315000,-0.1448000,30.5625000
20240209,463,P,4.2850,4.2850,4.2850,4.2850,0,0,0.1325000,-0.3239000,0.0000000,53.6713000,-0.0730000,-15.8337000
20240209,420,C,52.1650,52.1650,52.1650,52.1650,0,0,0.2340000,0.9443000,0.0000000,16.7702000,-0.1107000,39.6104000
20240209,420,P,0.4750,0.4750,0.4750,0.4750,0,0,0.2076000,-0.0370000,0.0000000,12.1000000,-0.0313000,-1.8110000
20240209,452,C,22.0150,22.0150,22.0150,22.0150,0,0,0.1569000,0.8089000,0.0000000,40.6609000,-0.1390000,36.2296000
20240209,452,P,2.2000,2.2000,2.2000,2.2000,0,0,0.1487000,-0.1788000,0.0000000,39.0333000,-0.0657000,-8.7287000
20240209,484,C,2.1600,2.1600,2.1600,2.1600,0,0,0.1088000,0.2319000,0.0000000,45.5603000,-0.0827000,10.8100000
20240209,484,P,15.1600,15.1600,15.1600,15.1600,0,0,0.1228000,-0.7404000,0.0000000,48.3915000,-0.0267000,-36.7423000
20240209,473,C,6.5750,6.5750,6.5750,6.5750,0,0,0.1215000,0.4769000,0.0000000,59.4743000,-0.1297000,22.0098000
20240209,473,P,7.9250,7.9250,7.9250,7.9250,0,0,0.1206000,-0.5233000,0.0000000,59.4718000,-0.0595000,-25.6848000
20240209,505,C,0.1150,0.1150,0.1150,0.1150,0,0,0.1035000,0.0196000,0.0000000,7.1322000,-0.0113000,0.9245000
20240209,505,P,35.9500,35.9500,35.9500,35.9500,0,0,0.2137000,-0.8343000,0.0000000,37.1578000,-0.0442000,-43.3146000
20240209,430,C,42.4650,42.4650,42.4650,42.4650,0,0,0.2077000,0.9234000,0.0000000,21.4671000,-0.1179000,39.6015000
20240209,430,P,0.7050,0.7050,0.7050,0.7050,0,0,0.1872000,-0.0572000,0.0000000,17.1433000,-0.0393000,-2.7924000
20240209,462,C,13.8450,13.8450,13.8450,13.8450,0,0,0.1391000,0.6864000,0.0000000,52.9420000,-0.1450000,31.2343000
20240209,462,P,4.0300,4.0300,4.0300,4.0300,0,0,0.1339000,-0.3074000,0.0000000,52.4955000,-0.0731000,-15.0280000
20240209,355,C,116.4050,116.4050,116.4050,116.4050,0,0,0.4394000,0.9821000,0.0000000,6.5723000,-0.0898000,34.8950000
20240209,355,P,0.0950,0.0950,0.0950,0.0950,0,0,0.3554000,-0.0051000,0.0000000,2.2152000,-0.0102000,-0.2537000
20240209,483,C,2.4300,2.4300,2.4300,2.4300,0,0,0.1096000,0.2523000,0.0000000,47.6873000,-0.0877000,11.7507000
20240209,483,P,14.3300,14.3300,14.3300,14.3300,0,0,0.1210000,-0.7261000,0.0000000,49.7214000,-0.0288000,-35.9785000
20240209,515,C,0.0350,0.0350,0.0350,0.0350,0,0,0.1088000,0.0058000,0.0000000,2.4725000,-0.0040000,0.2738000
20240209,515,P,45.9500,45.9500,45.9500,45.9500,0,0,0.2539000,-0.8528000,0.0000000,34.3693000,-0.0520000,-45.2075000
20240209,525,C,0.0250,0.0250,0.0250,0.0250,0,0,0.1240000,0.0034000,0.0000000,1.5675000,-0.0028000,0.1641000
20240209,525,P,55.9250,55.9250,55.9250,55.9250,0,0,0.2910000,-0.8668000,0.0000000,32.1168000,-0.0580000,-46.8823000
20240209,440,C,32.9450,32.9450,32.9450,32.9450,0,0,0.1834000,0.8881000,0.0000000,28.4244000,-0.1270000,38.8854000
20240209,440,P,1.1300,1.1300,1.1300,1.1300,0,0,0.1687000,-0.0938000,0.0000000,25.0040000,-0.0503000,-4.5741000
20240209,472,C,7.1350,7.1350,7.1350,7.1350,0,0,0.1230000,0.4989000,0.0000000,59.5736000,-0.1325000,22.9998000
20240209,472,P,7.4550,7.4550,7.4550,7.4550,0,0,0.1215000,-0.5012000,0.0000000,59.5735000,-0.0620000,-24.5866000
20240209,365,C,106.4800,106.4800,106.4800,106.4800,0,0,0.4055000,0.9797000,0.0000000,7.3012000,-0.0921000,35.7887000
20240209,365,P,0.1150,0.1150,0.1150,0.1150,0,0,0.3320000,-0.0066000,0.0000000,2.7752000,-0.0119000,-0.3266000
20240209,461,C,14.6150,14.6150,14.6150,14.6150,0,0,0.1409000,0.7013000,0.0000000,51.8121000,-0.1451000,31.8657000
20240209,461,P,3.7900,3.7900,3.7900,3.7900,0,0,0.1353000,-0.2916000,0.0000000,51.2547000,-0.0730000,-14.2521000
20240209,535,C,0.0150,0.0150,0.0150,0.0150,0,0,0.1347000,0.0017000,0.0000000,0.8416000,-0.0016000,0.0825000
20240209,535,P,65.9400,65.9400,65.9400,65.9400,0,0,0.3279000,-0.8761000,0.0000000,30.5383000,-0.0649000,-48.3413000
20240209,450,C,23.7650,23.7650,23.7650,23.7650,0,0,0.1607000,0.8266000,0.0000000,38.2587000,-0.1368000,36.8953000
20240209,450,P,1.9600,1.9600,1.9600,1.9600,0,0,0.1519000,-0.1604000,0.0000000,36.3986000,-0.0633000,-7.8266000
20240209,482,C,2.7250,2.7250,2.7250,2.7250,0,0,0.1104000,0.2731000,0.0000000,49.6647000,-0.0926000,12.7130000
20240209,482,P,13.5450,13.5450,13.5450,13.5450,0,0,0.1197000,-0.7100000,0.0000000,51.1093000,-0.0315000,-35.1330000
20240209,375,C,96.5700,96.5700,96.5700,96.5700,0,0,0.3730000,0.9766000,0.0000000,8.2416000,-0.0949000,36.6448000
20240209,375,P,0.1350,0.1350,0.1350,0.1350,0,0,0.3066000,-0.0082000,0.0000000,3.3741000,-0.0133000,-0.4068000
20240209,471,C,7.7150,7.7150,7.7150,7.7150,0,0,0.1245000,0.5204000,0.0000000,59.4952000,-0.1350000,23.9649000
20240209,471,P,7.0150,7.0150,7.0150,7.0150,0,0,0.1226000,-0.4794000,0.0000000,59.4947000,-0.0643000,-23.5052000
20240209,545,C,0.0150,0.0150,0.0150,0.0150,0,0,0.1523000,0.0015000,0.0000000,0.7488000,-0.0016000,0.0724000
20240209,545,P,75.9400,75.9400,75.9400,75.9400,0,0,0.3628000,-0.8838000,0.0000000,29.1876000,-0.0706000,-49.7210000
20240209,460,C,15.3900,15.3900,15.3900,15.3900,0,0,0.1427000,0.7157000,0.0000000,50.6365000,-0.1449000,32.4682000
20240209,460,P,3.5650,3.5650,3.5650,3.5650,0,0,0.1367000,-0.2764000,0.0000000,49.9567000,-0.0726000,-13.5049000
20240209,385,C,86.6500,86.6500,86.6500,86.6500,0,0,0.3388000,0.9734000,0.0000000,9.1759000,-0.0966000,37.4989000
20240209,385,P,0.1750,0.1750,0.1750,0.1750,0,0,0.2851000,-0.0113000,0.0000000,4.4298000,-0.0162000,-0.5549000
20240209,481,C,3.0450,3.0450,3.0450,3.0450,0,0,0.1114000,0.2949000,0.0000000,51.5173000,-0.0975000,13.7137000
20240209,481,P,12.7700,12.7700,12.7700,12.7700,0,0,0.1185000,-0.6930000,0.0000000,52.4576000,-0.0341000,-34.2433000
20240209,470,C,8.3150,8.3150,8.3150,8.3150,0,0,0.1260000,0.5415000,0.0000000,59.2511000,-0.1371000,24.9030000
20240209,470,P,6.5950,6.5950,6.5950,6.5950,0,0,0.1236000,-0.4580000,0.0000000,59.2435000,-0.0663000,-22.4439000
20240209,395,C,76.7750,76.7750,76.7750,76.7750,0,0,0.3088000,0.9679000,0.0000000,10.7315000,-0.1004000,38.2385000
20240209,395,P,0.2250,0.2250,0.2250,0.2250,0,0,0.2626000,-0.0153000,0.0000000,5.7708000,-0.0193000,-0.7524000
20240209,459,C,16.1800,16.1800,16.1800,16.1800,0,0,0.1444000,0.7294000,0.0000000,49.4217000,-0.1446000,33.0431000
20240209,459,P,3.3550,3.3550,3.3550,3.3550,0,0,0.1381000,-0.2620000,0.0000000,48.6333000,-0.0721000,-12.7986000
20240216,565,C,0.0150,0.0150,0.0150,0.0150,0,0,0.1699000,0.0012000,0.0000000,0.6875000,-0.0014000,0.0711000
20240216,565,P,95.9350,95.9350,95.9350,95.9350,0,0,0.4104000,-0.8828000,0.0000000,32.0186000,-0.0740000,-61.4824000
20240216,320,C,151.5750,151.5750,151.5750,151.5750,0,0,0.5359000,0.9854000,0.0000000,6.0012000,-0.0824000,37.4463000
20240216,320,P,0.0550,0.0550,0.0550,0.0550,0,0,0.4082000,-0.0024000,0.0000000,1.2382000,-0.0055000,-0.1442000
20240216,416,C,56.7800,56.7800,56.7800,56.7800,0,0,0.2416000,0.9392000,0.0000000,19.5767000,-0.1104000,46.2625000
20240216,416,P,0.5650,0.5650,0.5650,0.5650,0,0,0.2115000,-0.0393000,0.0000000,13.8436000,-0.0304000,-2.2917000
20240216,448,C,26.5650,26.5650,26.5650,26.5650,0,0,0.1668000,0.8245000,0.0000000,42.0454000,-0.1328000,43.4178000
20240216,448,P,2.2250,2.2250,2.2250,2.2250,0,0,0.1566000,-0.1611000,0.0000000,39.8012000,-0.0593000,-9.3767000
20240216,480,C,4.2700,4.2700,4.2700,4.2700,0,0,0.1154000,0.3463000,0.0000000,60.0857000,-0.1021000,19.0682000
20240216,480,P,12.4200,12.4200,12.4200,12.4200,0,0,0.1200000,-0.6474000,0.0000000,60.4784000,-0.0358000,-38.1011000
20240216,245,C,225.9800,225.9800,225.9800,225.9800,0,0,0.8281000,0.9923000,0.0000000,3.4341000,-0.0676000,28.8651000
20240216,245,P,0.0150,0.0150,0.0150,0.0150,0,0,0.5749000,-0.0003000,0.0000000,0.2110000,-0.0013000,-0.0211000
20240216,437,C,36.5950,36.5950,36.5950,36.5950,0,0,0.1889000,0.8868000,0.0000000,31.2433000,-0.1230000,45.7317000
20240216,437,P,1.3100,1.3100,1.3100,1.3100,0,0,0.1743000,-0.0958000,0.0000000,27.7055000,-0.0480000,-5.5774000
20240216,405,C,67.5250,67.5250,67.5250,67.5250,0,0,0.2703000,0.9534000,0.0000000,15.8567000,-0.1047000,45.7690000
20240216,405,P,0.4050,0.4050,0.4050,0.4050,0,0,0.2336000,-0.0268000,0.0000000,10.0926000,-0.0248000,-1.5644000
20240216,469,C,10.0850,10.0850,10.0850,10.0850,0,0,0.1307000,0.5662000,0.0000000,64.0677000,-0.1328000,30.7997000
20240216,469,P,6.8200,6.8200,6.8200,6.8200,0,0,0.1275000,-0.4325000,0.0000000,64.0353000,-0.0618000,-25.2799000
20240216,501,C,0.3550,0.3550,0.3550,0.3550,0,0,0.1032000,0.0504000,0.0000000,16.9164000,-0.0232000,2.8104000
20240216,501,P,31.9500,31.9500,31.9500,31.9500,0,0,0.1904000,-0.8067000,0.0000000,44.6508000,-0.0360000,-49.4648000
20240216,575,P,105.9150,105.9150,105.9150,105.9150,0,0,0.4397000,-0.8878000,0.0000000,31.0396000,-0.0779000,-62.9681000
20240216,330,C,141.6350,141.6350,141.6350,141.6350,0,0,0.4978000,0.9845000,0.0000000,6.3301000,-0.0830000,38.5919000
20240216,330,P,0.0750,0.0750,0.0750,0.0750,0,0,0.3916000,-0.0034000,0.0000000,1.6905000,-0.0072000,-0.2036000
20240216,426,C,47.0800,47.0800,47.0800,47.0800,0,0,0.2156000,0.9206000,0.0000000,24.0689000,-0.1157000,46.3755000
20240216,426,P,0.8250,0.8250,0.8250,0.8250,0,0,0.1934000,-0.0590000,0.0000000,19.1679000,-0.0379000,-3.4399000
20240216,458,C,18.1250,18.1250,18.1250,18.1250,0,0,0.1491000,0.7292000,0.0000000,53.9147000,-0.1391000,39.0489000
20240216,458,P,3.7600,3.7600,3.7600,3.7600,0,0,0.1421000,-0.2616000,0.0000000,52.9955000,-0.0669000,-15.2481000
20240216,490,C,1.4750,1.4750,1.4750,1.4750,0,0,0.1069000,0.1624000,0.0000000,40.0144000,-0.0596000,9.0068000
20240216,490,P,20.9450,20.9450,20.9450,20.9450,0,0,0.1434000,-0.7651000,0.0000000,50.0227000,-0.0254000,-45.7862000
20240216,255,C,216.0550,216.0550,216.0550,216.0550,0,0,0.7835000,0.9917000,0.0000000,3.6488000,-0.0692000,30.0311000
20240216,255,P,0.0150,0.0150,0.0150,0.0150,0,0,0.5437000,-0.0003000,0.0000000,0.2323000,-0.0014000,-0.0234000
20240216,415,C,57.7350,57.7350,57.7350,57.7350,0,0,0.2430000,0.9417000,0.0000000,18.9630000,-0.1090000,46.2846000
20240216,415,P,0.5450,0.5450,0.5450,0.5450,0,0,0.2133000,-0.0378000,0.0000000,13.4094000,-0.0298000,-2.2040000
20240216,447,C,27.4450,27.4450,27.4450,27.4450,0,0,0.1685000,0.8319000,0.0000000,40.9062000,-0.1319000,43.7292000
20240216,447,P,2.1150,2.1150,2.1150,2.1150,0,0,0.1581000,-0.1534000,0.0000000,38.5533000,-0.0583000,-8.9327000
20240216,479,C,4.6850,4.6850,4.6850,4.6850,0,0,0.1166000,0.3671000,0.0000000,61.3307000,-0.1060000,20.1961000
20240216,479,P,11.7050,11.7050,11.7050,11.7050,0,0,0.1189000,-0.6300000,0.0000000,61.4835000,-0.0377000,-37.0314000
20240216,340,C,131.7200,131.7200,131.7200,131.7200,0,0,0.4648000,0.9827000,0.0000000,6.9510000,-0.0853000,39.6857000
20240216,340,P,0.0850,0.0850,0.0850,0.0850,0,0,0.3671000,-0.0041000,0.0000000,2.0018000,-0.0080000,-0.2453000
20240216,436,C,37.5950,37.5950,37.5950,37.5950,0,0,0.1931000,0.8885000,0.0000000,30.9088000,-0.1238000,45.7066000
20240216,436,P,1.2550,1.2550,1.2550,1.2550,0,0,0.1759000,-0.0914000,0.0000000,26.7621000,-0.0469000,-5.3218000
20240216,404,C,68.5150,68.5150,68.5150,68.5150,0,0,0.2736000,0.9541000,0.0000000,15.6728000,-0.1047000,45.6876000
20240216,404,P,0.3950,0.3950,0.3950,0.3950,0,0,0.2358000,-0.0260000,0.0000000,9.8422000,-0.0245000,-1.5183000
20240216,500,C,0.4050,0.4050,0.4050,0.4050,0,0,0.1032000,0.0565000,0.0000000,18.5069000,-0.0255000,3.1469000
20240216,500,P,30.9500,30.9500,30.9500,30.9500,0,0,0.1864000,-0.8037000,0.0000000,45.0654000,-0.0352000,-49.1772000
20240216,468,C,10.7450,10.7450,10.7450,10.7450,0,0,0.1323000,0.5838000,0.0000000,63.5255000,-0.1344000,31.7148000
20240216,468,P,6.4600,6.4600,6.4600,6.4600,0,0,0.1287000,-0.4143000,0.0000000,63.4623000,-0.0632000,-24.2060000
20240216,265,C,206.1100,206.1100,206.1100,206.1100,0,0,0.7378000,0.9913000,0.0000000,3.8081000,-0.0701000,31.2062000
20240216,265,P,0.0150,0.0150,0.0150,0.0150,0,0,0.5124000,-0.0004000,0.0000000,0.2506000,-0.0014000,-0.0253000
20240216,425,C,48.0600,48.0600,48.0600,48.0600,0,0,0.2188000,0.9222000,0.0000000,23.6900000,-0.1157000,46.3502000
20240216,425,P,0.7850,0.7850,0.7850,0.7850,0,0,0.1948000,-0.0562000,0.0000000,18.4442000,-0.0368000,-3.2755000
20240216,457,C,18.9200,18.9200,18.9200,18.9200,0,0,0.1507000,0.7409000,0.0000000,52.7160000,-0.1388000,39.6148000
20240216,457,P,3.5600,3.5600,3.5600,3.5600,0,0,0.1434000,-0.2492000,0.0000000,51.6707000,-0.0664000,-14.5242000
20240216,489,C,1.6600,1.6600,1.6600,1.6600,0,0,0.1077000,0.1780000,0.0000000,42.4342000,-0.0640000,9.8651000
20240216,489,P,19.9500,19.9500,19.9500,19.9500,0,0,0.1391000,-0.7595000,0.0000000,50.6782000,-0.0245000,-45.3479000
20240216,350,C,121.8400,121.8400,121.8400,121.8400,0,0,0.4362000,0.9798000,0.0000000,7.9287000,-0.0891000,40.7135000
20240216,350,P,0.1050,0.1050,0.1050,0.1050,0,0,0.3457000,-0.0053000,0.0000000,2.4976000,-0.0094000,-0.3140000
20240216,414,C,58.7250,58.7250,58.7250,58.7250,0,0,0.2464000,0.9425000,0.0000000,18.7373000,-0.1090000,46.2151000
20240216,414,P,0.5350,0.5350,0.5350,0.5350,0,0,0.2158000,-0.0367000,0.0000000,13.1035000,-0.0295000,-2.1431000
20240216,446,C,28.3400,28.3400,28.3400,28.3400,0,0,0.1706000,0.8385000,0.0000000,39.8502000,-0.1311000,43.9968000
20240216,446,P,2.0100,2.0100,2.0100,2.0100,0,0,0.1597000,-0.1463000,0.0000000,37.3495000,-0.0573000,-8.5174000
20240216,510,C,0.1050,0.1050,0.1050,0.1050,0,0,0.1037000,0.0167000,0.0000000,6.7680000,-0.0091000,0.9331000
20240216,510,P,40.9500,40.9500,40.9500,40.9500,0,0,0.2258000,-0.8279000,0.0000000,41.5192000,-0.0431000,-51.7503000
20240216,478,C,5.1200,5.1200,5.1200,5.1200,0,0,0.1179000,0.3881000,0.0000000,62.3965000,-0.1097000,21.3304000
20240216,478,P,11.0400,11.0400,11.0400,11.0400,0,0,0.1184000,-0.6112000,0.0000000,62.4231000,-0.0400000,-35.8897000
20240216,275,C,196.2000,196.2000,196.2000,196.2000,0,0,0.7009000,0.9904000,0.0000000,4.1846000,-0.0729000,32.3455000
20240216,275,P,0.0250,0.0250,0.0250,0.0250,0,0,0.5093000,-0.0008000,0.0000000,0.4638000,-0.0026000,-0.0495000
20240216,435,C,38.5150,38.5150,38.5150,38.5150,0,0,0.1947000,0.8932000,0.0000000,29.9739000,-0.1224000,45.8595000
20240216,435,P,1.1950,1.1950,1.1950,1.1950,0,0,0.1774000,-0.0871000,0.0000000,25.8150000,-0.0458000,-5.0700000
20240216,403,C,69.4950,69.4950,69.4950,69.4950,0,0,0.2763000,0.9551000,0.0000000,15.4003000,-0.1042000,45.6254000
20240216,403,P,0.3850,0.3850,0.3850,0.3850,0,0,0.2379000,-0.0252000,0.0000000,9.5814000,-0.0241000,-1.4706000
20240216,467,C,11.4150,11.4150,11.4150,11.4150,0,0,0.1339000,0.6009000,0.0000000,62.8745000,-0.1356000,32.6014000
20240216,467,P,6.1200,6.1200,6.1200,6.1200,0,0,0.1300000,-0.3966000,0.0000000,62.7719000,-0.0643000,-23.1626000
20240216,499,C,0.4650,0.4650,0.4650,0.4650,0,0,0.1035000,0.0636000,0.0000000,20.3017000,-0.0282000,3.5406000
20240216,499,P,29.9500,29.9500,29.9500,29.9500,0,0,0.1823000,-0.8007000,0.0000000,45.4829000,-0.0343000,-48.8860000
20240216,360,C,111.9150,111.9150,111.9150,111.9150,0,0,0.4011000,0.9780000,0.0000000,8.5179000,-0.0900000,41.8100000
20240216,360,P,0.1350,0.1350,0.1350,0.1350,0,0,0.3266000,-0.0072000,0.0000000,3.2583000,-0.0115000,-0.4235000
20240216,424,C,49.0100,49.0100,49.0100,49.0100,0,0,0.2207000,0.9250000,0.0000000,23.0354000,-0.1146000,46.3947000
20240216,424,P,0.7550,0.7550,0.7550,0.7550,0,0,0.1965000,-0.0539000,0.0000000,17.8404000,-0.0360000,-3.1406000
20240216,456,C,19.7400,19.7400,19.7400,19.7400,0,0,0.1525000,0.7519000,0.0000000,51.5322000,-0.1385000,40.1354000
20240216,456,P,3.3800,3.3800,3.3800,3.3800,0,0,0.1449000,-0.2377000,0.0000000,50.3611000,-0.0659000,-13.8484000
20240216,520,C,0.0450,0.0450,0.0450,0.0450,0,0,0.1123000,0.0069000,0.0000000,3.1510000,-0.0044000,0.3876000
20240216,520,P,50.9450,50.9450,50.9450,50.9450,0,0,0.2626000,-0.8448000,0.0000000,38.8237000,-0.0498000,-53.9096000
20240216,488,C,1.8600,1.8600,1.8600,1.8600,0,0,0.1082000,0.1939000,0.0000000,44.7436000,-0.0682000,10.7390000
20240216,488,P,18.9300,18.9300,18.9300,18.9300,0,0,0.1342000,-0.7544000,0.0000000,51.2542000,-0.0231000,-44.9381000
20240216,285,C,186.2700,186.2700,186.2700,186.2700,0,0,0.6601000,0.9897000,0.0000000,4.4420000,-0.0743000,33.5043000
20240216,285,P,0.0250,0.0250,0.0250,0.0250,0,0,0.4765000,-0.0008000,0.0000000,0.4804000,-0.0025000,-0.0512000
20240216,413,C,59.7050,59.7050,59.7050,59.7050,0,0,0.2493000,0.9437000,0.0000000,18.4311000,-0.1087000,46.1640000
20240216,413,P,0.5150,0.5150,0.5150,0.5150,0,0,0.2175000,-0.0353000,0.0000000,12.6735000,-0.0288000,-2.0576000
20240216,445,C,29.2400,29.2400,29.2400,29.2400,0,0,0.1726000,0.8450000,0.0000000,38.8019000,-0.1303000,44.2515000
20240216,445,P,1.9150,1.9150,1.9150,1.9150,0,0,0.1612000,-0.1393000,0.0000000,36.1394000,-0.0562000,-8.1118000
20240216,477,C,5.5800,5.5800,5.5800,5.5800,0,0,0.1191000,0.4090000,0.0000000,63.2691000,-0.1131000,22.4540000
20240216,477,P,10.5750,10.5750,10.5750,10.5750,0,0,0.1207000,-0.5895000,0.0000000,63.3206000,-0.0444000,-34.6085000
20240216,210,C,260.7200,260.7200,260.7200,260.7200,0,0,0.9939000,0.9941000,0.0000000,2.7159000,-0.0610000,24.7782000
20240216,370,C,102.0400,102.0400,102.0400,102.0400,0,0,0.3730000,0.9741000,0.0000000,9.7837000,-0.0938000,42.7778000
20240216,370,P,0.1650,0.1650,0.1650,0.1650,0,0,0.3046000,-0.0092000,0.0000000,4.0490000,-0.0133000,-0.5414000
20240216,434,C,39.4550,39.4550,39.4550,39.4550,0,0,0.1968000,0.8969000,0.0000000,29.2116000,-0.1216000,45.9571000
20240216,434,P,1.1450,1.1450,1.1450,1.1450,0,0,0.1791000,-0.0833000,0.0000000,24.9733000,-0.0449000,-4.8508000
20240216,402,C,70.4650,70.4650,70.4650,70.4650,0,0,0.2783000,0.9564000,0.0000000,15.0250000,-0.1033000,45.5850000
20240216,402,P,0.3750,0.3750,0.3750,0.3750,0,0,0.2399000,-0.0244000,0.0000000,9.3287000,-0.0236000,-1.4247000
20240216,466,C,12.1050,12.1050,12.1050,12.1050,0,0,0.1355000,0.6174000,0.0000000,62.1294000,-0.1367000,33.4513000
20240216,466,P,5.7900,5.7900,5.7900,5.7900,0,0,0.1312000,-0.3793000,0.0000000,61.9715000,-0.0652000,-22.1466000
20240216,498,C,0.5350,0.5350,0.5350,0.5350,0,0,0.1038000,0.0715000,0.0000000,22.2438000,-0.0311000,3.9833000
20240216,498,P,28.9500,28.9500,28.9500,28.9500,0,0,0.1782000,-0.7975000,0.0000000,45.9219000,-0.0334000,-48.5838000
20240216,530,C,0.0250,0.0250,0.0250,0.0250,0,0,0.1220000,0.0033000,0.0000000,1.6539000,-0.0025000,0.1880000
20240216,530,P,60.9250,60.9250,60.9250,60.9250,0,0,0.2973000,-0.8575000,0.0000000,36.6657000,-0.0554000,-55.8317000
20240216,295,C,176.3600,176.3600,176.3600,176.3600,0,0,0.6250000,0.9885000,0.0000000,4.8824000,-0.0771000,34.6322000
20240216,295,P,0.0350,0.0350,0.0350,0.0350,0,0,0.4648000,-0.0013000,0.0000000,0.7350000,-0.0037000,-0.0815000
20240216,423,C,49.9800,49.9800,49.9800,49.9800,0,0,0.2233000,0.9270000,0.0000000,22.5715000,-0.1141000,46.3891000
20240216,423,P,0.7350,0.7350,0.7350,0.7350,0,0,0.1988000,-0.0521000,0.0000000,17.3648000,-0.0355000,-3.0359000
20240216,455,C,20.5700,20.5700,20.5700,20.5700,0,0,0.1544000,0.7623000,0.0000000,50.3463000,-0.1381000,40.6258000
20240216,455,P,3.2050,3.2050,3.2050,3.2050,0,0,0.1463000,-0.2263000,0.0000000,49.0102000,-0.0653000,-13.1861000
20240216,487,C,2.0850,2.0850,2.0850,2.0850,0,0,0.1089000,0.2107000,0.0000000,47.0302000,-0.0725000,11.6649000
20240216,487,P,17.9650,17.9650,17.9650,17.9650,0,0,0.1301000,-0.7473000,0.0000000,52.0351000,-0.0225000,-44.4207000
20240216,220,C,250.7950,250.7950,250.7950,250.7950,0,0,0.9429000,0.9937000,0.0000000,2.8847000,-0.0627000,25.9518000
20240216,380,C,92.1400,92.1400,92.1400,92.1400,0,0,0.3414000,0.9705000,0.0000000,10.8984000,-0.0959000,43.7694000
20240216,380,P,0.2150,0.2150,0.2150,0.2150,0,0,0.2856000,-0.0126000,0.0000000,5.3175000,-0.0163000,-0.7396000
20240216,412,C,60.6550,60.6550,60.6550,60.6550,0,0,0.2506000,0.9460000,0.0000000,17.8357000,-0.1073000,46.1788000
20240216,412,P,0.4950,0.4950,0.4950,0.4950,0,0,0.2192000,-0.0339000,0.0000000,12.2579000,-0.0281000,-1.9759000
20240216,444,C,30.1400,30.1400,30.1400,30.1400,0,0,0.1745000,0.8513000,0.0000000,37.7481000,-0.1293000,44.4986000
20240216,444,P,1.8250,1.8250,1.8250,1.8250,0,0,0.1629000,-0.1329000,0.0000000,34.9921000,-0.0552000,-7.7381000
20240216,476,C,6.0650,6.0650,6.0650,6.0650,0,0,0.1204000,0.4297000,0.0000000,63.9554000,-0.1163000,23.5673000
20240216,476,P,9.9900,9.9900,9.9900,9.9900,0,0,0.1209000,-0.5698000,0.0000000,63.9660000,-0.0469000,-33.4250000
20240216,540,C,0.0150,0.0150,0.0150,0.0150,0,0,0.1308000,0.0016000,0.0000000,0.8727000,-0.0014000,0.0927000
20240216,540,P,70.9400,70.9400,70.9400,70.9400,0,0,0.3316000,-0.8665000,0.0000000,35.0857000,-0.0617000,-57.5432000
20240216,305,C,166.4450,166.4450,166.4450,166.4450,0,0,0.5882000,0.9874000,0.0000000,5.2762000,-0.0790000,35.7674000
20240216,305,P,0.0450,0.0450,0.0450,0.0450,0,0,0.4453000,-0.0018000,0.0000000,0.9619000,-0.0047000,-0.1095000
20240216,433,C,40.4050,40.4050,40.4050,40.4050,0,0,0.1992000,0.9003000,0.0000000,28.5109000,-0.1209000,46.0337000
20240216,433,P,1.0950,1.0950,1.0950,1.0950,0,0,0.1809000,-0.0797000,0.0000000,24.1425000,-0.0439000,-4.6381000
20240216,401,C,71.4600,71.4600,71.4600,71.4600,0,0,0.2823000,0.9566000,0.0000000,14.9639000,-0.1037000,45.4767000
20240216,401,P,0.3650,0.3650,0.3650,0.3650,0,0,0.2420000,-0.0236000,0.0000000,9.0837000,-0.0232000,-1.3805000
20240216,465,C,12.8050,12.8050,12.8050,12.8050,0,0,0.1371000,0.6334000,0.0000000,61.2950000,-0.1375000,34.2726000
20240216,465,P,5.4800,5.4800,5.4800,5.4800,0,0,0.1324000,-0.3626000,0.0000000,61.0738000,-0.0659000,-21.1626000
20240216,497,C,0.6050,0.6050,0.6050,0.6050,0,0,0.1038000,0.0795000,0.0000000,24.0974000,-0.0338000,4.4231000
20240216,497,P,27.9500,27.9500,27.9500,27.9500,0,0,0.1740000,-0.7942000,0.0000000,46.3717000,-0.0325000,-48.2744000
20240216,230,C,240.8700,240.8700,240.8700,240.8700,0,0,0.8972000,0.9931000,0.0000000,3.1217000,-0.0650000,27.1144000
20240216,230,P,0.0150,0.0150,0.0150,0.0150,0,0,0.6312000,-0.0003000,0.0000000,0.2072000,-0.0014000,-0.0209000
20240216,390,C,82.2900,82.2900,82.2900,82.2900,0,0,0.3137000,0.9646000,0.0000000,12.6735000,-0.0998000,44.6232000
20240216,390,P,0.2750,0.2750,0.2750,0.2750,0,0,0.2648000,-0.0168000,0.0000000,6.8273000,-0.0193000,-0.9875000
20240216,422,C,50.9400,50.9400,50.9400,50.9400,0,0,0.2255000,0.9293000,0.0000000,22.0232000,-0.1133000,46.4036000
20240216,422,P,0.7050,0.7050,0.7050,0.7050,0,0,0.2005000,-0.0499000,0.0000000,16.7859000,-0.0346000,-2.9094000
20240216,454,C,21.3950,21.3950,21.3950,21.3950,0,0,0.1558000,0.7729000,0.0000000,49.0939000,-0.1373000,41.1218000
20240216,454,P,3.0400,3.0400,3.0400,3.0400,0,0,0.1478000,-0.2158000,0.0000000,47.6914000,-0.0647000,-12.5710000
20240216,486,C,2.3300,2.3300,2.3300,2.3300,0,0,0.1098000,0.2287000,0.0000000,49.2904000,-0.0770000,12.6496000
20240216,486,P,17.0500,17.0500,17.0500,17.0500,0,0,0.1271000,-0.7377000,0.0000000,53.0564000,-0.0230000,-43.7667000
20240216,550,C,0.0150,0.0150,0.0150,0.0150,0,0,0.1464000,0.0014000,0.0000000,0.7697000,-0.0013000,0.0807000
20240216,550,P,80.9400,80.9400,80.9400,80.9400,0,0,0.3640000,-0.8739000,0.0000000,33.7130000,-0.0669000,-59.1713000
20240216,315,C,156.5250,156.5250,156.5250,156.5250,0,0,0.5521000,0.9863000,0.0000000,5.6981000,-0.0809000,36.8975000
20240216,315,P,0.0550,0.0550,0.0550,0.0550,0,0,0.4238000,-0.0023000,0.0000000,1.2086000,-0.0056000,-0.1406000
20240216,411,C,61.6400,61.6400,61.6400,61.6400,0,0,0.2539000,0.9469000,0.0000000,17.6120000,-0.1072000,46.1078000
20240216,411,P,0.4850,0.4850,0.4850,0.4850,0,0,0.2216000,-0.0329000,0.0000000,11.9847000,-0.0278000,-1.9229000
20240216,443,C,31.0500,31.0500,31.0500,31.0500,0,0,0.1765000,0.8571000,0.0000000,36.7428000,-0.1285000,44.7199000
20240216,443,P,1.7350,1.7350,1.7350,1.7350,0,0,0.1643000,-0.1266000,0.0000000,33.8244000,-0.0541000,-7.3675000
20240216,475,C,6.5750,6.5750,6.5750,6.5750,0,0,0.1218000,0.4503000,0.0000000,64.4616000,-0.1194000,24.6706000
20240216,475,P,9.4850,9.4850,9.4850,9.4850,0,0,0.1219000,-0.5495000,0.0000000,64.4626000,-0.0498000,-32.2166000
20240216,240,C,230.9400,230.9400,230.9400,230.9400,0,0,0.8498000,0.9926000,0.0000000,3.3074000,-0.0665000,28.2852000
20240216,240,P,0.0150,0.0150,0.0150,0.0150,0,0,0.5999000,-0.0004000,0.0000000,0.2362000,-0.0015000,-0.0240000
20240216,432,C,41.3500,41.3500,41.3500,41.3500,0,0,0.2016000,0.9035000,0.0000000,27.8301000,-0.1202000,46.1019000
20240216,432,P,1.0450,1.0450,1.0450,1.0450,0,0,0.1824000,-0.0760000,0.0000000,23.2920000,-0.0428000,-4.4240000
20240216,400,C,72.4350,72.4350,72.4350,72.4350,0,0,0.2841000,0.9580000,0.0000000,14.5851000,-0.1027000,45.4363000
20240216,400,P,0.3550,0.3550,0.3550,0.3550,0,0,0.2441000,-0.0229000,0.0000000,8.8462000,-0.0229000,-1.3379000
20240216,464,C,13.5250,13.5250,13.5250,13.5250,0,0,0.1388000,0.6488000,0.0000000,60.3904000,-0.1382000,35.0545000
20240216,464,P,5.1900,5.1900,5.1900,5.1900,0,0,0.1337000,-0.3464000,0.0000000,60.0936000,-0.0665000,-20.2154000
20240216,496,C,0.6950,0.6950,0.6950,0.6950,0,0,0.1043000,0.0891000,0.0000000,26.2576000,-0.0372000,4.9570000
20240216,496,P,26.9500,26.9500,26.9500,26.9500,0,0,0.1698000,-0.7907000,0.0000000,46.8394000,-0.0316000,-47.9546000
20240216,560,P,90.9350,90.9350,90.9350,90.9350,0,0,0.3951000,-0.8802000,0.0000000,32.5244000,-0.0716000,-60.7312000
20240216,325,C,146.6100,146.6100,146.6100,146.6100,0,0,0.5183000,0.9847000,0.0000000,6.2452000,-0.0833000,38.0052000
20240216,325,P,0.0650,0.0650,0.0650,0.0650,0,0,0.4003000,-0.0029000,0.0000000,1.4608000,-0.0064000,-0.1731000
20240216,421,C,51.9100,51.9100,51.9100,51.9100,0,0,0.2282000,0.9312000,0.0000000,21.5744000,-0.1127000,46.3920000
20240216,421,P,0.6750,0.6750,0.6750,0.6750,0,0,0.2021000,-0.0477000,0.0000000,16.2005000,-0.0338000,-2.7831000
20240216,453,C,22.2350,22.2350,22.2350,22.2350,0,0,0.1576000,0.7826000,0.0000000,47.8837000,-0.1366000,41.5699000
20240216,453,P,2.8800,2.8800,2.8800,2.8800,0,0,0.1492000,-0.2055000,0.0000000,46.3381000,-0.0639000,-11.9673000
20240216,485,C,2.5900,2.5900,2.5900,2.5900,0,0,0.1105000,0.2468000,0.0000000,51.3971000,-0.0812000,13.6433000
20240216,485,P,16.2100,16.2100,16.2100,16.2100,0,0,0.1253000,-0.7254000,0.0000000,54.2964000,-0.0246000,-42.9684000
20240216,250,C,221.0150,221.0150,221.0150,221.0150,0,0,0.8041000,0.9921000,0.0000000,3.5045000,-0.0681000,29.4541000
20240216,250,P,0.0150,0.0150,0.0150,0.0150,0,0,0.5625000,-0.0004000,0.0000000,0.2355000,-0.0014000,-0.0238000
20240216,410,C,62.6150,62.6150,62.6150,62.6150,0,0,0.2561000,0.9484000,0.0000000,17.2082000,-0.1065000,46.0773000
20240216,410,P,0.4650,0.4650,0.4650,0.4650,0,0,0.2231000,-0.0315000,0.0000000,11.5522000,-0.0270000,-1.8392000
20240216,442,C,31.9600,31.9600,31.9600,31.9600,0,0,0.1784000,0.8628000,0.0000000,35.7325000,-0.1275000,44.9350000
20240216,442,P,1.6550,1.6550,1.6550,1.6550,0,0,0.1660000,-0.1208000,0.0000000,32.7299000,-0.0531000,-7.0294000
20240216,474,C,7.1100,7.1100,7.1100,7.1100,0,0,0.1233000,0.4707000,0.0000000,64.7901000,-0.1223000,25.7564000
20240216,474,P,8.9800,8.9800,8.9800,8.9800,0,0,0.1227000,-0.5295000,0.0000000,64.7873000,-0.0523000,-31.0213000
20240216,570,P,100.9200,100.9200,100.9200,100.9200,0,0,0.4251000,-0.8855000,0.0000000,31.5052000,-0.0759000,-62.2327000
20240216,335,C,136.6950,136.6950,136.6950,136.6950,0,0,0.4836000,0.9832000,0.0000000,6.7700000,-0.0851000,39.1161000
20240216,335,P,0.0850,0.0850,0.0850,0.0850,0,0,0.3818000,-0.0039000,0.0000000,1.9212000,-0.0080000,-0.2347000
20240216,431,C,42.3100,42.3100,42.3100,42.3100,0,0,0.2042000,0.9064000,0.0000000,27.2222000,-0.1197000,46.1474000
20240216,431,P,1.0050,1.0050,1.0050,1.0050,0,0,0.1843000,-0.0729000,0.0000000,22.5587000,-0.0420000,-4.2428000
20240216,495,C,0.7900,0.7900,0.7900,0.7900,0,0,0.1047000,0.0994000,0.0000000,28.4553000,-0.0406000,5.5252000
20240216,495,P,25.9500,25.9500,25.9500,25.9500,0,0,0.1655000,-0.7869000,0.0000000,47.3264000,-0.0307000,-47.6233000
20240216,463,C,14.2600,14.2600,14.2600,14.2600,0,0,0.1405000,0.6635000,0.0000000,59.4267000,-0.1387000,35.7973000
20240216,463,P,4.9200,4.9200,4.9200,4.9200,0,0,0.1351000,-0.3309000,0.0000000,59.0439000,-0.0670000,-19.3067000
20240216,260,C,211.0700,211.0700,211.0700,211.0700,0,0,0.7578000,0.9917000,0.0000000,3.6599000,-0.0690000,30.6298000
20240216,260,P,0.0150,0.0150,0.0150,0.0150,0,0,0.5312000,-0.0004000,0.0000000,0.2573000,-0.0015000,-0.0261000
20240216,420,C,52.8850,52.8850,52.8850,52.8850,0,0,0.2307000,0.9330000,0.0000000,21.1262000,-0.1122000,46.3794000
20240216,420,P,0.6550,0.6550,0.6550,0.6550,0,0,0.2042000,-0.0460000,0.0000000,15.7372000,-0.0332000,-2.6845000
20240216,452,C,23.0900,23.0900,23.0900,23.0900,0,0,0.1596000,0.7915000,0.0000000,46.7212000,-0.1361000,41.9730000
20240216,452,P,2.7350,2.7350,2.7350,2.7350,0,0,0.1506000,-0.1956000,0.0000000,44.9933000,-0.0630000,-11.3930000
20240216,484,C,2.8800,2.8800,2.8800,2.8800,0,0,0.1114000,0.2659000,0.0000000,53.4315000,-0.0856000,14.6872000
20240216,484,P,15.4000,15.4000,15.4000,15.4000,0,0,0.1238000,-0.7118000,0.0000000,55.5766000,-0.0266000,-42.1027000
20240216,345,C,126.7850,126.7850,126.7850,126.7850,0,0,0.4506000,0.9813000,0.0000000,7.4317000,-0.0873000,40.2015000
20240216,345,P,0.0950,0.0950,0.0950,0.0950,0,0,0.3564000,-0.0047000,0.0000000,2.2358000,-0.0087000,-0.2775000
20240216,409,C,63.6000,63.6000,63.6000,63.6000,0,0,0.2595000,0.9491000,0.0000000,17.0177000,-0.1065000,45.9983000
20240216,409,P,0.4550,0.4550,0.4550,0.4550,0,0,0.2255000,-0.0307000,0.0000000,11.2986000,-0.0267000,-1.7909000
20240216,441,C,32.8750,32.8750,32.8750,32.8750,0,0,0.1802000,0.8684000,0.0000000,34.7304000,-0.1264000,45.1397000
20240216,441,P,1.5750,1.5750,1.5750,1.5750,0,0,0.1675000,-0.1151000,0.0000000,31.6314000,-0.0520000,-6.6980000
20240216,505,C,0.2050,0.2050,0.2050,0.2050,0,0,0.1030000,0.0309000,0.0000000,11.3756000,-0.0154000,1.7268000
20240216,505,P,35.9500,35.9500,35.9500,35.9500,0,0,0.2064000,-0.8171000,0.0000000,43.1538000,-0.0393000,-50.5343000
20240216,473,C,7.6600,7.6600,7.6600,7.6600,0,0,0.1247000,0.4906000,0.0000000,64.9474000,-0.1249000,26.8177000
20240216,473,P,8.5000,8.5000,8.5000,8.5000,0,0,0.1235000,-0.5096000,0.0000000,64.9464000,-0.0546000,-29.8372000
20240216,270,C,201.1550,201.1550,201.1550,201.1550,0,0,0.7179000,0.9910000,0.0000000,3.9546000,-0.0711000,31.7828000
20240216,270,P,0.0250,0.0250,0.0250,0.0250,0,0,0.5250000,-0.0007000,0.0000000,0.4460000,-0.0026000,-0.0475000
20240216,430,C,43.2550,43.2550,43.2550,43.2550,0,0,0.2061000,0.9098000,0.0000000,26.4727000,-0.1186000,46.2297000
20240216,430,P,0.9650,0.9650,0.9650,0.9650,0,0,0.1861000,-0.0698000,0.0000000,21.8345000,-0.0412000,-4.0664000
20240216,462,C,15.0100,15.0100,15.0100,15.0100,0,0,0.1423000,0.6777000,0.0000000,58.4043000,-0.1391000,36.5106000
20240216,462,P,4.6600,4.6600,4.6600,4.6600,0,0,0.1365000,-0.3159000,0.0000000,57.9245000,-0.0672000,-18.4268000
20240216,494,C,0.9050,0.9050,0.9050,0.9050,0,0,0.1052000,0.1104000,0.0000000,30.7076000,-0.0442000,6.1354000
20240216,494,P,24.9500,24.9500,24.9500,24.9500,0,0,0.1612000,-0.7830000,0.0000000,47.8282000,-0.0297000,-47.2819000
20240216,355,C,116.8650,116.8650,116.8650,116.8650,0,0,0.4167000,0.9794000,0.0000000,8.0736000,-0.0888000,41.2893000
20240216,355,P,0.1250,0.1250,0.1250,0.1250,0,0,0.3383000,-0.0064000,0.0000000,2.9646000,-0.0109000,-0.3809000
20240216,419,C,53.8600,53.8600,53.8600,53.8600,0,0,0.2337000,0.9344000,0.0000000,20.7724000,-0.1119000,46.3430000
20240216,419,P,0.6350,0.6350,0.6350,0.6350,0,0,0.2062000,-0.0444000,0.0000000,15.2893000,-0.0326000,-2.5902000
20240216,451,C,23.9500,23.9500,23.9500,23.9500,0,0,0.1614000,0.8003000,0.0000000,45.5461000,-0.1354000,42.3624000
20240216,451,P,2.5950,2.5950,2.5950,2.5950,0,0,0.1520000,-0.1863000,0.0000000,43.6617000,-0.0621000,-10.8473000
20240216,515,C,0.0750,0.0750,0.0750,0.0750,0,0,0.1093000,0.0115000,0.0000000,4.9108000,-0.0068000,0.6431000
20240216,515,P,45.9500,45.9500,45.9500,45.9500,0,0,0.2446000,-0.8369000,0.0000000,40.1077000,-0.0467000,-52.8615000
20240216,483,C,3.1900,3.1900,3.1900,3.1900,0,0,0.1123000,0.2853000,0.0000000,55.3197000,-0.0899000,15.7501000
20240216,483,P,14.6050,14.6050,14.6050,14.6050,0,0,0.1222000,-0.6976000,0.0000000,56.8228000,-0.0284000,-41.2020000
20240216,525,C,0.0350,0.0350,0.0350,0.0350,0,0,0.1181000,0.0050000,0.0000000,2.3939000,-0.0035000,0.2842000
20240216,525,P,55.9300,55.9300,55.9300,55.9300,0,0,0.2802000,-0.8516000,0.0000000,37.6901000,-0.0527000,-54.8937000
20240216,280,C,191.2400,191.2400,191.2400,191.2400,0,0,0.6816000,0.9899000,0.0000000,4.3490000,-0.0740000,32.9190000
20240216,280,P,0.0250,0.0250,0.0250,0.0250,0,0,0.4921000,-0.0008000,0.0000000,0.4664000,-0.0025000,-0.0497000
20240216,408,C,64.5850,64.5850,64.5850,64.5850,0,0,0.2622000,0.9503000,0.0000000,16.7116000,-0.1060000,45.9451000
20240216,408,P,0.4450,0.4450,0.4450,0.4450,0,0,0.2277000,-0.0297000,0.0000000,11.0123000,-0.0263000,-1.7366000
20240216,440,C,33.8050,33.8050,33.8050,33.8050,0,0,0.1825000,0.8732000,0.0000000,33.8486000,-0.1257000,45.2986000
20240216,440,P,1.5050,1.5050,1.5050,1.5050,0,0,0.1692000,-0.1099000,0.0000000,30.6080000,-0.0510000,-6.3966000
20240216,472,C,8.2400,8.2400,8.2400,8.2400,0,0,0.1262000,0.5102000,0.0000000,64.9439000,-0.1272000,27.8551000
20240216,472,P,8.0450,8.0450,8.0450,8.0450,0,0,0.1243000,-0.4898000,0.0000000,64.9443000,-0.0566000,-28.6662000
20240216,365,C,106.9850,106.9850,106.9850,106.9850,0,0,0.3876000,0.9760000,0.0000000,9.1784000,-0.0922000,42.2895000
20240216,365,P,0.1550,0.1550,0.1550,0.1550,0,0,0.3173000,-0.0084000,0.0000000,3.7392000,-0.0128000,-0.4949000
20240216,429,C,44.2250,44.2250,44.2250,44.2250,0,0,0.2091000,0.9121000,0.0000000,25.9675000,-0.1183000,46.2430000
20240216,429,P,0.9250,0.9250,0.9250,0.9250,0,0,0.1878000,-0.0668000,0.0000000,21.1044000,-0.0402000,-3.8913000
20240216,461,C,15.7650,15.7650,15.7650,15.7650,0,0,0.1438000,0.6916000,0.0000000,57.3184000,-0.1392000,37.2041000
20240216,461,P,4.4200,4.4200,4.4200,4.4200,0,0,0.1379000,-0.3016000,0.0000000,56.7605000,-0.0674000,-17.5884000
20240216,493,C,1.0200,1.0200,1.0200,1.0200,0,0,0.1055000,0.1220000,0.0000000,32.9750000,-0.0478000,6.7802000
20240216,493,P,23.9500,23.9500,23.9500,23.9500,0,0,0.1569000,-0.7788000,0.0000000,48.3582000,-0.0287000,-46.9242000
20240216,535,C,0.0150,0.0150,0.0150,0.0150,0,0,0.1230000,0.0018000,0.0000000,0.9486000,-0.0014000,0.1017000
20240216,535,P,65.9250,65.9250,65.9250,65.9250,0,0,0.3143000,-0.8625000,0.0000000,35.7910000,-0.0583000,-56.7155000
20240216,290,C,181.3250,181.3250,181.3250,181.3250,0,0,0.6437000,0.9890000,0.0000000,4.7005000,-0.0761000,34.0619000
20240216,290,P,0.0350,0.0350,0.0350,0.0350,0,0,0.4804000,-0.0013000,0.0000000,0.7124000,-0.0037000,-0.0789000
20240216,418,C,54.8150,54.8150,54.8150,54.8150,0,0,0.2353000,0.9369000,0.0000000,20.1624000,-0.1107000,46.3677000
20240216,418,P,0.6050,0.6050,0.6050,0.6050,0,0,0.2076000,-0.0423000,0.0000000,14.7087000,-0.0316000,-2.4689000
20240216,450,C,24.8100,24.8100,24.8100,24.8100,0,0,0.1631000,0.8089000,0.0000000,44.3465000,-0.1345000,42.7442000
20240216,450,P,2.4650,2.4650,2.4650,2.4650,0,0,0.1535000,-0.1774000,0.0000000,42.3545000,-0.0612000,-10.3317000
20240216,482,C,3.5300,3.5300,3.5300,3.5300,0,0,0.1134000,0.3055000,0.0000000,57.0831000,-0.0942000,16.8478000
20240216,482,P,13.8300,13.8300,13.8300,13.8300,0,0,0.1210000,-0.6821000,0.0000000,58.0661000,-0.0305000,-40.2382000
20240216,215,C,255.7550,255.7550,255.7550,255.7550,0,0,0.9664000,0.9939000,0.0000000,2.7712000,-0.0615000,25.3696000
20240216,375,C,97.1000,97.1000,97.1000,97.1000,0,0,0.3581000,0.9721000,0.0000000,10.4131000,-0.0953000,43.2601000
20240216,375,P,0.1850,0.1850,0.1850,0.1850,0,0,0.2944000,-0.0106000,0.0000000,4.5798000,-0.0145000,-0.6230000
20240216,439,C,34.7250,34.7250,34.7250,34.7250,0,0,0.1845000,0.8781000,0.0000000,32.9200000,-0.1247000,45.4668000
20240216,439,P,1.4350,1.4350,1.4350,1.4350,0,0,0.1708000,-0.1048000,0.0000000,29.5809000,-0.0499000,-6.1007000
20240216,407,C,65.5500,65.5500,65.5500,65.5500,0,0,0.2644000,0.9517000,0.0000000,16.3344000,-0.1053000,45.9071000
20240216,407,P,0.4250,0.4250,0.4250,0.4250,0,0,0.2292000,-0.0284000,0.0000000,10.6171000,-0.0256000,-1.6619000
20240216,471,C,8.8350,8.8350,8.8350,8.8350,0,0,0.1276000,0.5293000,0.0000000,64.7890000,-0.1293000,28.8665000
20240216,471,P,7.6150,7.6150,7.6150,7.6150,0,0,0.1253000,-0.4704000,0.0000000,64.7864000,-0.0585000,-27.5137000
20240216,545,C,0.0150,0.0150,0.0150,0.0150,0,0,0.1386000,0.0015000,0.0000000,0.8146000,-0.0013000,0.0859000
20240216,545,P,75.9400,75.9400,75.9400,75.9400,0,0,0.3479000,-0.8704000,0.0000000,34.3643000,-0.0643000,-58.3696000
20240216,300,C,171.4050,171.4050,171.4050,171.4050,0,0,0.6062000,0.9880000,0.0000000,5.0638000,-0.0780000,35.2025000
20240216,300,P,0.0350,0.0350,0.0350,0.0350,0,0,0.4492000,-0.0014000,0.0000000,0.7554000,-0.0037000,-0.0839000
20240216,428,C,45.1650,45.1650,45.1650,45.1650,0,0,0.2108000,0.9155000,0.0000000,25.2166000,-0.1171000,46.3207000
20240216,428,P,0.8850,0.8850,0.8850,0.8850,0,0,0.1894000,-0.0638000,0.0000000,20.3690000,-0.0392000,-3.7174000
20240216,460,C,16.5450,16.5450,16.5450,16.5450,0,0,0.1456000,0.7046000,0.0000000,56.2199000,-0.1394000,37.8449000
20240216,460,P,4.1850,4.1850,4.1850,4.1850,0,0,0.1391000,-0.2875000,0.0000000,55.5236000,-0.0672000,-16.7640000
20240216,492,C,1.1550,1.1550,1.1550,1.1550,0,0,0.1058000,0.1343000,0.0000000,35.2338000,-0.0515000,7.4556000
20240216,492,P,22.9500,22.9500,22.9500,22.9500,0,0,0.1525000,-0.7744000,0.0000000,48.9004000,-0.0277000,-46.5562000
20240216,225,C,245.8300,245.8300,245.8300,245.8300,0,0,0.9195000,0.9934000,0.0000000,2.9945000,-0.0637000,26.5345000
20240216,385,C,87.2200,87.2200,87.2200,87.2200,0,0,0.3281000,0.9676000,0.0000000,11.8064000,-0.0981000,44.1938000
20240216,385,P,0.2450,0.2450,0.2450,0.2450,0,0,0.2753000,-0.0146000,0.0000000,6.0315000,-0.0178000,-0.8553000
20240216,417,C,55.7900,55.7900,55.7900,55.7900,0,0,0.2382000,0.9383000,0.0000000,19.8201000,-0.1104000,46.3270000
20240216,417,P,0.5850,0.5850,0.5850,0.5850,0,0,0.2095000,-0.0408000,0.0000000,14.2688000,-0.0310000,-2.3783000
20240216,449,C,25.6850,25.6850,25.6850,25.6850,0,0,0.1649000,0.8169000,0.0000000,43.1824000,-0.1337000,43.0940000
20240216,449,P,2.3400,2.3400,2.3400,2.3400,0,0,0.1551000,-0.1691000,0.0000000,41.0830000,-0.0603000,-9.8482000
20240216,481,C,3.8900,3.8900,3.8900,3.8900,0,0,0.1144000,0.3258000,0.0000000,58.6731000,-0.0982000,17.9549000
20240216,481,P,13.1100,13.1100,13.1100,13.1100,0,0,0.1204000,-0.6652000,0.0000000,59.3094000,-0.0331000,-39.1927000
20240216,555,C,0.0150,0.0150,0.0150,0.0150,0,0,0.1542000,0.0013000,0.0000000,0.7349000,-0.0013000,0.0766000
20240216,555,P,85.9350,85.9350,85.9350,85.9350,0,0,0.3795000,-0.8773000,0.0000000,33.0729000,-0.0691000,-59.9655000
20240216,310,C,161.4850,161.4850,161.4850,161.4850,0,0,0.5699000,0.9869000,0.0000000,5.4738000,-0.0799000,36.3348000
20240216,310,P,0.0450,0.0450,0.0450,0.0450,0,0,0.4296000,-0.0019000,0.0000000,0.9872000,-0.0046000,-0.1125000
20240216,438,C,35.6550,35.6550,35.6550,35.6550,0,0,0.1865000,0.8827000,0.0000000,32.0423000,-0.1238000,45.6137000
20240216,438,P,1.3700,1.3700,1.3700,1.3700,0,0,0.1726000,-0.1003000,0.0000000,28.6451000,-0.0490000,-5.8371000
20240216,406,C,66.5300,66.5300,66.5300,66.5300,0,0,0.2670000,0.9527000,0.0000000,16.0443000,-0.1048000,45.8494000
20240216,406,P,0.4150,0.4150,0.4150,0.4150,0,0,0.2314000,-0.0276000,0.0000000,10.3508000,-0.0252000,-1.6122000
20240216,470,C,9.4500,9.4500,9.4500,9.4500,0,0,0.1292000,0.5480000,0.0000000,64.4936000,-0.1312000,29.8469000
20240216,470,P,7.2100,7.2100,7.2100,7.2100,0,0,0.1265000,-0.4513000,0.0000000,64.4807000,-0.0603000,-26.3858000
20240216,502,C,0.3050,0.3050,0.3050,0.3050,0,0,0.1029000,0.0443000,0.0000000,15.2570000,-0.0208000,2.4715000
20240216,502,P,32.9500,32.9500,32.9500,32.9500,0,0,0.1945000,-0.8095000,0.0000000,44.2613000,-0.0369000,-49.7407000
20240216,235,C,235.9050,235.9050,235.9050,235.9050,0,0,0.8714000,0.9929000,0.0000000,3.1780000,-0.0654000,27.7057000
20240216,427,C,46.1350,46.1350,46.1350,46.1350,0,0,0.2136000,0.9177000,0.0000000,24.7314000,-0.1168000,46.3256000
20240216,427,P,0.8550,0.8550,0.8550,0.8550,0,0,0.1915000,-0.0614000,0.0000000,19.7726000,-0.0386000,-3.5788000
20240216,395,C,77.3500,77.3500,77.3500,77.3500,0,0,0.2983000,0.9618000,0.0000000,13.4992000,-0.1009000,45.0586000
20240216,395,P,0.3050,0.3050,0.3050,0.3050,0,0,0.2536000,-0.0193000,0.0000000,7.6557000,-0.0206000,-1.1284000
20240216,459,C,17.3250,17.3250,17.3250,17.3250,0,0,0.1472000,0.7173000,0.0000000,55.0679000,-0.1392000,38.4700000
20240216,459,P,3.9700,3.9700,3.9700,3.9700,0,0,0.1407000,-0.2744000,0.0000000,54.2860000,-0.0672000,-15.9976000
20240216,491,C,1.3050,1.3050,1.3050,1.3050,0,0,0.1063000,0.1478000,0.0000000,37.6099000,-0.0555000,8.2044000
20240216,491,P,21.9500,21.9500,21.9500,21.9500,0,0,0.1481000,-0.7698000,0.0000000,49.4684000,-0.0267000,-46.1713000
20240229,320,C,152.2100,152.2100,152.2100,152.2100,0,0,0.4772000,0.9848000,0.0000000,7.0826000,-0.0753000,48.3643000
20240229,320,P,0.1050,0.1050,0.1050,0.1050,0,0,0.3876000,-0.0043000,0.0000000,2.3459000,-0.0076000,-0.3312000
20240229,416,C,57.8550,57.8550,57.8550,57.8550,0,0,0.2267000,0.9302000,0.0000000,24.8227000,-0.1052000,59.0999000
20240229,416,P,0.8850,0.8850,0.8850,0.8850,0,0,0.2061000,-0.0529000,0.0000000,20.0094000,-0.0323000,-4.0162000
20240229,448,C,28.1250,28.1250,28.1250,28.1250,0,0,0.1643000,0.8072000,0.0000000,50.7336000,-0.1249000,54.7384000
20240229,448,P,2.9750,2.9750,2.9750,2.9750,0,0,0.1568000,-0.1823000,0.0000000,49.0297000,-0.0543000,-13.8192000
20240229,480,C,5.6550,5.6550,5.6550,5.6550,0,0,0.1166000,0.3835000,0.0000000,70.7666000,-0.0981000,27.2068000
20240229,480,P,13.0000,13.0000,13.0000,13.0000,0,0,0.1221000,-0.6105000,0.0000000,71.0844000,-0.0319000,-46.7497000
20240229,437,C,37.9650,37.9650,37.9650,37.9650,0,0,0.1834000,0.8703000,0.0000000,39.1384000,-0.1176000,57.8190000
20240229,437,P,1.8800,1.8800,1.8800,1.8800,0,0,0.1728000,-0.1165000,0.0000000,36.3118000,-0.0467000,-8.8274000
20240229,405,C,68.5050,68.5050,68.5050,68.5050,0,0,0.2509000,0.9467000,0.0000000,20.0956000,-0.0996000,58.6469000
20240229,405,P,0.6250,0.6250,0.6250,0.6250,0,0,0.2242000,-0.0362000,0.0000000,14.7541000,-0.0264000,-2.7551000
20240229,469,C,11.7700,11.7700,11.7700,11.7700,0,0,0.1312000,0.5749000,0.0000000,72.6332000,-0.1217000,40.2741000
20240229,469,P,7.7050,7.7050,7.7050,7.7050,0,0,0.1296000,-0.4243000,0.0000000,72.6096000,-0.0520000,-32.2854000
20240229,501,C,0.6900,0.6900,0.6900,0.6900,0,0,0.1026000,0.0810000,0.0000000,27.8246000,-0.0305000,5.8279000
20240229,501,P,31.9550,31.9550,31.9550,31.9550,0,0,0.1819000,-0.7776000,0.0000000,55.2165000,-0.0295000,-61.9467000
20240229,330,C,142.3300,142.3300,142.3300,142.3300,0,0,0.4489000,0.9828000,0.0000000,7.8554000,-0.0779000,49.7644000
20240229,330,P,0.1250,0.1250,0.1250,0.1250,0,0,0.3671000,-0.0053000,0.0000000,2.8392000,-0.0087000,-0.4095000
20240229,426,C,48.3000,48.3000,48.3000,48.3000,0,0,0.2062000,0.9073000,0.0000000,30.7588000,-0.1113000,58.9137000
20240229,426,P,1.2400,1.2400,1.2400,1.2400,0,0,0.1898000,-0.0760000,0.0000000,26.5286000,-0.0387000,-5.7672000
20240229,458,C,19.8000,19.8000,19.8000,19.8000,0,0,0.1481000,0.7187000,0.0000000,62.5307000,-0.1281000,49.5490000
20240229,458,P,4.6300,4.6300,4.6300,4.6300,0,0,0.1431000,-0.2751000,0.0000000,61.8640000,-0.0579000,-20.8781000
20240229,490,C,2.3100,2.3100,2.3100,2.3100,0,0,0.1076000,0.2090000,0.0000000,53.2780000,-0.0644000,14.9526000
20240229,490,P,20.9300,20.9300,20.9300,20.9300,0,0,0.1380000,-0.7326000,0.0000000,60.9820000,-0.0199000,-56.9300000
20240229,415,C,58.8200,58.8200,58.8200,58.8200,0,0,0.2291000,0.9318000,0.0000000,24.3787000,-0.1048000,59.0668000
20240229,415,P,0.8550,0.8550,0.8550,0.8550,0,0,0.2076000,-0.0510000,0.0000000,19.4307000,-0.0317000,-3.8707000
20240229,447,C,28.9900,28.9900,28.9900,28.9900,0,0,0.1660000,0.8143000,0.0000000,49.5806000,-0.1243000,55.1199000
20240229,447,P,2.8500,2.8500,2.8500,2.8500,0,0,0.1583000,-0.1751000,0.0000000,47.8014000,-0.0538000,-13.2730000
20240229,479,C,6.1050,6.1050,6.1050,6.1050,0,0,0.1177000,0.4019000,0.0000000,71.6971000,-0.1009000,28.4872000
20240229,479,P,12.3800,12.3800,12.3800,12.3800,0,0,0.1221000,-0.5939000,0.0000000,71.8821000,-0.0340000,-45.4367000
20240229,340,C,132.4450,132.4450,132.4450,132.4450,0,0,0.4194000,0.9809000,0.0000000,8.5973000,-0.0800000,51.1689000
20240229,340,P,0.1450,0.1450,0.1450,0.1450,0,0,0.3457000,-0.0064000,0.0000000,3.3747000,-0.0097000,-0.4967000
20240229,436,C,38.8850,38.8850,38.8850,38.8850,0,0,0.1852000,0.8747000,0.0000000,38.2118000,-0.1169000,57.9971000
20240229,436,P,1.8100,1.8100,1.8100,1.8100,0,0,0.1744000,-0.1120000,0.0000000,35.3195000,-0.0460000,-8.4908000
20240229,500,C,0.7750,0.7750,0.7750,0.7750,0,0,0.1027000,0.0888000,0.0000000,29.8050000,-0.0328000,6.3856000
20240229,500,P,30.9550,30.9550,30.9550,30.9550,0,0,0.1781000,-0.7744000,0.0000000,55.6638000,-0.0287000,-61.5576000
20240229,468,C,12.4300,12.4300,12.4300,12.4300,0,0,0.1327000,0.5902000,0.0000000,72.0414000,-0.1229000,41.2921000
20240229,468,P,7.3500,7.3500,7.3500,7.3500,0,0,0.1307000,-0.4087000,0.0000000,71.9986000,-0.0532000,-31.0849000
20240229,425,C,49.2450,49.2450,49.2450,49.2450,0,0,0.2080000,0.9102000,0.0000000,30.0286000,-0.1105000,58.9832000
20240229,425,P,1.1950,1.1950,1.1950,1.1950,0,0,0.1912000,-0.0730000,0.0000000,25.7157000,-0.0378000,-5.5367000
20240229,457,C,20.5950,20.5950,20.5950,20.5950,0,0,0.1496000,0.7293000,0.0000000,61.3563000,-0.1280000,50.2059000
20240229,457,P,4.4300,4.4300,4.4300,4.4300,0,0,0.1445000,-0.2642000,0.0000000,60.6233000,-0.0579000,-20.0479000
20240229,489,C,2.5500,2.5500,2.5500,2.5500,0,0,0.1083000,0.2246000,0.0000000,55.5365000,-0.0679000,16.0551000
20240229,489,P,19.9550,19.9550,19.9550,19.9550,0,0,0.1340000,-0.7263000,0.0000000,61.6908000,-0.0193000,-56.3187000
20240229,350,C,122.5800,122.5800,122.5800,122.5800,0,0,0.3933000,0.9780000,0.0000000,9.7072000,-0.0831000,52.4941000
20240229,350,P,0.1750,0.1750,0.1750,0.1750,0,0,0.3261000,-0.0081000,0.0000000,4.1439000,-0.0112000,-0.6259000
20240229,414,C,59.7850,59.7850,59.7850,59.7850,0,0,0.2311000,0.9336000,0.0000000,23.8651000,-0.1042000,59.0523000
20240229,414,P,0.8250,0.8250,0.8250,0.8250,0,0,0.2091000,-0.0491000,0.0000000,18.8685000,-0.0310000,-3.7310000
20240229,446,C,29.8650,29.8650,29.8650,29.8650,0,0,0.1676000,0.8212000,0.0000000,48.4261000,-0.1236000,55.4869000
20240229,446,P,2.7300,2.7300,2.7300,2.7300,0,0,0.1597000,-0.1680000,0.0000000,46.5575000,-0.0532000,-12.7356000
20240229,510,C,0.2450,0.2450,0.2450,0.2450,0,0,0.1024000,0.0327000,0.0000000,13.5690000,-0.0144000,2.3631000
20240229,510,P,40.9300,40.9300,40.9300,40.9300,0,0,0.2144000,-0.8014000,0.0000000,51.6597000,-0.0356000,-65.0947000
20240229,478,C,6.5850,6.5850,6.5850,6.5850,0,0,0.1190000,0.4204000,0.0000000,72.4666000,-0.1037000,29.7668000
20240229,478,P,11.7950,11.7950,11.7950,11.7950,0,0,0.1222000,-0.5769000,0.0000000,72.5612000,-0.0361000,-44.1016000
20240229,435,C,39.8050,39.8050,39.8050,39.8050,0,0,0.1869000,0.8790000,0.0000000,37.2894000,-0.1161000,58.1678000
20240229,435,P,1.7400,1.7400,1.7400,1.7400,0,0,0.1759000,-0.1077000,0.0000000,34.3332000,-0.0452000,-8.1624000
20240229,467,C,13.1150,13.1150,13.1150,13.1150,0,0,0.1342000,0.6051000,0.0000000,71.3606000,-0.1239000,42.2734000
20240229,467,P,7.0150,7.0150,7.0150,7.0150,0,0,0.1318000,-0.3934000,0.0000000,71.2886000,-0.0541000,-29.9121000
20240229,499,C,0.8700,0.8700,0.8700,0.8700,0,0,0.1032000,0.0981000,0.0000000,32.0774000,-0.0357000,7.0501000
20240229,499,P,29.9550,29.9550,29.9550,29.9550,0,0,0.1743000,-0.7711000,0.0000000,56.1256000,-0.0280000,-61.1575000
20240229,360,C,112.7050,112.7050,112.7050,112.7050,0,0,0.3648000,0.9753000,0.0000000,10.7222000,-0.0852000,53.8355000
20240229,360,P,0.2150,0.2150,0.2150,0.2150,0,0,0.3071000,-0.0104000,0.0000000,5.1346000,-0.0130000,-0.7985000
20240229,424,C,50.1950,50.1950,50.1950,50.1950,0,0,0.2100000,0.9128000,0.0000000,29.3747000,-0.1099000,59.0261000
20240229,424,P,1.1550,1.1550,1.1550,1.1550,0,0,0.1928000,-0.0704000,0.0000000,25.0057000,-0.0372000,-5.3386000
20240229,456,C,21.4000,21.4000,21.4000,21.4000,0,0,0.1513000,0.7393000,0.0000000,60.1952000,-0.1279000,50.8122000
20240229,456,P,4.2350,4.2350,4.2350,4.2350,0,0,0.1458000,-0.2535000,0.0000000,59.3395000,-0.0577000,-19.2321000
20240229,520,C,0.0950,0.0950,0.0950,0.0950,0,0,0.1069000,0.0131000,0.0000000,6.2705000,-0.0067000,0.9498000
20240229,520,P,50.9300,50.9300,50.9300,50.9300,0,0,0.2487000,-0.8198000,0.0000000,48.6607000,-0.0418000,-68.0025000
20240229,488,C,2.8150,2.8150,2.8150,2.8150,0,0,0.1090000,0.2408000,0.0000000,57.7313000,-0.0715000,17.2026000
20240229,488,P,19.0200,19.0200,19.0200,19.0200,0,0,0.1309000,-0.7183000,0.0000000,62.5651000,-0.0193000,-55.5880000
20240229,413,C,60.7500,60.7500,60.7500,60.7500,0,0,0.2335000,0.9352000,0.0000000,23.4433000,-0.1038000,59.0112000
20240229,413,P,0.8000,0.8000,0.8000,0.8000,0,0,0.2111000,-0.0477000,0.0000000,18.4349000,-0.0307000,-3.6247000
20240229,445,C,30.7500,30.7500,30.7500,30.7500,0,0,0.1694000,0.8274000,0.0000000,47.3555000,-0.1231000,55.8018000
20240229,445,P,2.6200,2.6200,2.6200,2.6200,0,0,0.1612000,-0.1613000,0.0000000,45.3524000,-0.0525000,-12.2301000
20240229,477,C,7.0800,7.0800,7.0800,7.0800,0,0,0.1202000,0.4387000,0.0000000,73.0693000,-0.1064000,31.0311000
20240229,477,P,11.2750,11.2750,11.2750,11.2750,0,0,0.1231000,-0.5593000,0.0000000,73.1210000,-0.0385000,-42.7325000
20240229,370,C,102.8500,102.8500,102.8500,102.8500,0,0,0.3389000,0.9712000,0.0000000,12.1603000,-0.0882000,55.0797000
20240229,370,P,0.2650,0.2650,0.2650,0.2650,0,0,0.2880000,-0.0134000,0.0000000,6.3765000,-0.0151000,-1.0234000
20240229,434,C,40.7300,40.7300,40.7300,40.7300,0,0,0.1889000,0.8828000,0.0000000,36.4412000,-0.1155000,58.3066000
20240229,434,P,1.6700,1.6700,1.6700,1.6700,0,0,0.1773000,-0.1034000,0.0000000,33.3355000,-0.0444000,-7.8360000
20240229,466,C,13.8050,13.8050,13.8050,13.8050,0,0,0.1356000,0.6195000,0.0000000,70.5967000,-0.1248000,43.2234000
20240229,466,P,6.6950,6.6950,6.6950,6.6950,0,0,0.1330000,-0.3785000,0.0000000,70.4901000,-0.0550000,-28.7731000
20240229,498,C,0.9800,0.9800,0.9800,0.9800,0,0,0.1036000,0.1078000,0.0000000,34.3662000,-0.0385000,7.7482000
20240229,498,P,28.9550,28.9550,28.9550,28.9550,0,0,0.1705000,-0.7676000,0.0000000,56.5967000,-0.0272000,-60.7485000
20240229,530,C,0.0450,0.0450,0.0450,0.0450,0,0,0.1132000,0.0058000,0.0000000,3.0894000,-0.0034000,0.4236000
20240229,530,P,60.9350,60.9350,60.9350,60.9350,0,0,0.2813000,-0.8334000,0.0000000,46.2832000,-0.0475000,-70.5623000
20240229,423,C,51.1500,51.1500,51.1500,51.1500,0,0,0.2123000,0.9151000,0.0000000,28.8101000,-0.1094000,59.0396000
20240229,423,P,1.1150,1.1150,1.1150,1.1150,0,0,0.1944000,-0.0678000,0.0000000,24.2992000,-0.0365000,-5.1440000
20240229,455,C,22.2150,22.2150,22.2150,22.2150,0,0,0.1528000,0.7491000,0.0000000,59.0000000,-0.1277000,51.4051000
20240229,455,P,4.0500,4.0500,4.0500,4.0500,0,0,0.1472000,-0.2434000,0.0000000,58.0705000,-0.0575000,-18.4656000
20240229,487,C,3.0950,3.0950,3.0950,3.0950,0,0,0.1098000,0.2574000,0.0000000,59.8190000,-0.0750000,18.3774000
20240229,487,P,18.1600,18.1600,18.1600,18.1600,0,0,0.1287000,-0.7082000,0.0000000,63.6210000,-0.0201000,-54.7126000
20240229,380,C,93.0050,93.0050,93.0050,93.0050,0,0,0.3126000,0.9666000,0.0000000,13.7669000,-0.0909000,56.2777000
20240229,380,P,0.3350,0.3350,0.3350,0.3350,0,0,0.2697000,-0.0175000,0.0000000,8.0410000,-0.0177000,-1.3390000
20240229,412,C,61.7350,61.7350,61.7350,61.7350,0,0,0.2362000,0.9363000,0.0000000,23.1098000,-0.1036000,58.9449000
20240229,412,P,0.7750,0.7750,0.7750,0.7750,0,0,0.2125000,-0.0459000,0.0000000,17.8611000,-0.0300000,-3.4846000
20240229,444,C,31.6300,31.6300,31.6300,31.6300,0,0,0.1710000,0.8338000,0.0000000,46.2229000,-0.1224000,56.1324000
20240229,444,P,2.5100,2.5100,2.5100,2.5100,0,0,0.1626000,-0.1548000,0.0000000,44.1410000,-0.0518000,-11.7352000
20240229,476,C,7.6000,7.6000,7.6000,7.6000,0,0,0.1215000,0.4568000,0.0000000,73.5099000,-0.1089000,32.2773000
20240229,476,P,10.7650,10.7650,10.7650,10.7650,0,0,0.1238000,-0.5419000,0.0000000,73.5329000,-0.0407000,-41.3751000
20240229,540,C,0.0350,0.0350,0.0350,0.0350,0,0,0.1259000,0.0041000,0.0000000,2.2863000,-0.0028000,0.3018000
20240229,540,P,70.9300,70.9300,70.9300,70.9300,0,0,0.3125000,-0.8439000,0.0000000,44.3538000,-0.0526000,-72.8945000
20240229,305,C,167.0700,167.0700,167.0700,167.0700,0,0,0.5265000,0.9865000,0.0000000,6.3953000,-0.0731000,46.1677000
20240229,305,P,0.0750,0.0750,0.0750,0.0750,0,0,0.4140000,-0.0028000,0.0000000,1.6251000,-0.0056000,-0.2204000
20240229,433,C,41.6600,41.6600,41.6600,41.6600,0,0,0.1907000,0.8866000,0.0000000,35.5971000,-0.1148000,58.4395000
20240229,433,P,1.6100,1.6100,1.6100,1.6100,0,0,0.1790000,-0.0995000,0.0000000,32.4297000,-0.0437000,-7.5456000
20240229,465,C,14.5100,14.5100,14.5100,14.5100,0,0,0.1372000,0.6334000,0.0000000,69.7631000,-0.1256000,44.1336000
20240229,465,P,6.3850,6.3850,6.3850,6.3850,0,0,0.1341000,-0.3640000,0.0000000,69.6078000,-0.0557000,-27.6630000
20240229,497,C,1.0900,1.0900,1.0900,1.0900,0,0,0.1038000,0.1176000,0.0000000,36.5690000,-0.0412000,8.4491000
20240229,497,P,27.9550,27.9550,27.9550,27.9550,0,0,0.1666000,-0.7640000,0.0000000,57.0901000,-0.0264000,-60.3235000
20240229,390,C,83.1850,83.1850,83.1850,83.1850,0,0,0.2877000,0.9602000,0.0000000,15.8917000,-0.0943000,57.3426000
20240229,390,P,0.4250,0.4250,0.4250,0.4250,0,0,0.2514000,-0.0232000,0.0000000,10.1879000,-0.0208000,-1.7676000
20240229,422,C,52.1000,52.1000,52.1000,52.1000,0,0,0.2142000,0.9176000,0.0000000,28.1579000,-0.1087000,59.0779000
20240229,422,P,1.0750,1.0750,1.0750,1.0750,0,0,0.1960000,-0.0653000,0.0000000,23.6123000,-0.0359000,-4.9572000
20240229,454,C,23.0350,23.0350,23.0350,23.0350,0,0,0.1544000,0.7585000,0.0000000,57.8059000,-0.1274000,51.9640000
20240229,454,P,3.8700,3.8700,3.8700,3.8700,0,0,0.1485000,-0.2336000,0.0000000,56.7702000,-0.0572000,-17.7148000
20240229,486,C,3.3950,3.3950,3.3950,3.3950,0,0,0.1106000,0.2746000,0.0000000,61.8019000,-0.0785000,19.5846000
20240229,486,P,17.3300,17.3300,17.3300,17.3300,0,0,0.1269000,-0.6970000,0.0000000,64.7298000,-0.0212000,-53.7595000
20240229,315,C,157.1550,157.1550,157.1550,157.1550,0,0,0.4916000,0.9857000,0.0000000,6.7336000,-0.0741000,47.6560000
20240229,315,P,0.0950,0.0950,0.0950,0.0950,0,0,0.3964000,-0.0037000,0.0000000,2.0783000,-0.0069000,-0.2894000
20240229,411,C,62.7000,62.7000,62.7000,62.7000,0,0,0.2385000,0.9378000,0.0000000,22.6939000,-0.1031000,58.9007000
20240229,411,P,0.7550,0.7550,0.7550,0.7550,0,0,0.2144000,-0.0445000,0.0000000,17.4402000,-0.0296000,-3.3834000
20240229,443,C,32.5250,32.5250,32.5250,32.5250,0,0,0.1727000,0.8397000,0.0000000,45.1420000,-0.1217000,56.4286000
20240229,443,P,2.4050,2.4050,2.4050,2.4050,0,0,0.1639000,-0.1484000,0.0000000,42.9150000,-0.0510000,-11.2474000
20240229,475,C,8.1350,8.1350,8.1350,8.1350,0,0,0.1227000,0.4747000,0.0000000,73.7936000,-0.1111000,33.5008000
20240229,475,P,10.2600,10.2600,10.2600,10.2600,0,0,0.1245000,-0.5246000,0.0000000,73.8010000,-0.0427000,-40.0293000
20240229,432,C,42.6700,42.6700,42.6700,42.6700,0,0,0.1948000,0.8878000,0.0000000,35.3284000,-0.1155000,58.3694000
20240229,432,P,1.5500,1.5500,1.5500,1.5500,0,0,0.1805000,-0.0957000,0.0000000,31.5125000,-0.0430000,-7.2562000
20240229,400,C,73.3950,73.3950,73.3950,73.3950,0,0,0.2633000,0.9517000,0.0000000,18.5697000,-0.0979000,58.2515000
20240229,400,P,0.5450,0.5450,0.5450,0.5450,0,0,0.2331000,-0.0310000,0.0000000,12.9880000,-0.0243000,-2.3611000
20240229,464,C,15.2300,15.2300,15.2300,15.2300,0,0,0.1387000,0.6469000,0.0000000,68.8640000,-0.1263000,45.0104000
20240229,464,P,6.0950,6.0950,6.0950,6.0950,0,0,0.1353000,-0.3500000,0.0000000,68.6540000,-0.0563000,-26.5887000
20240229,496,C,1.2250,1.2250,1.2250,1.2250,0,0,0.1042000,0.1286000,0.0000000,38.9288000,-0.0443000,9.2331000
20240229,496,P,26.9550,26.9550,26.9550,26.9550,0,0,0.1627000,-0.7601000,0.0000000,57.6009000,-0.0255000,-59.8844000
20240229,325,C,147.2750,147.2750,147.2750,147.2750,0,0,0.4631000,0.9838000,0.0000000,7.4611000,-0.0767000,49.0662000
20240229,325,P,0.1150,0.1150,0.1150,0.1150,0,0,0.3769000,-0.0047000,0.0000000,2.5605000,-0.0081000,-0.3649000
20240229,421,C,53.0600,53.0600,53.0600,53.0600,0,0,0.2164000,0.9197000,0.0000000,27.6079000,-0.1082000,59.0836000
20240229,421,P,1.0450,1.0450,1.0450,1.0450,0,0,0.1978000,-0.0632000,0.0000000,23.0074000,-0.0354000,-4.7950000
20240229,453,C,23.8700,23.8700,23.8700,23.8700,0,0,0.1562000,0.7673000,0.0000000,56.6399000,-0.1272000,52.4767000
20240229,453,P,3.7100,3.7100,3.7100,3.7100,0,0,0.1501000,-0.2244000,0.0000000,55.5044000,-0.0569000,-17.0159000
20240229,485,C,3.7150,3.7150,3.7150,3.7150,0,0,0.1115000,0.2921000,0.0000000,63.6592000,-0.0819000,20.8157000
20240229,485,P,16.5350,16.5350,16.5350,16.5350,0,0,0.1254000,-0.6847000,0.0000000,65.8622000,-0.0226000,-52.7367000
20240229,410,C,63.6500,63.6500,63.6500,63.6500,0,0,0.2399000,0.9399000,0.0000000,22.0969000,-0.1022000,58.9050000
20240229,410,P,0.7300,0.7300,0.7300,0.7300,0,0,0.2163000,-0.0432000,0.0000000,17.0042000,-0.0291000,-3.2793000
20240229,442,C,33.4200,33.4200,33.4200,33.4200,0,0,0.1745000,0.8453000,0.0000000,44.1007000,-0.1211000,56.6977000
20240229,442,P,2.3100,2.3100,2.3100,2.3100,0,0,0.1656000,-0.1427000,0.0000000,41.8063000,-0.0505000,-10.8183000
20240229,474,C,8.6950,8.6950,8.6950,8.6950,0,0,0.1240000,0.4923000,0.0000000,73.9285000,-0.1132000,34.7035000
20240229,474,P,9.7800,9.7800,9.7800,9.7800,0,0,0.1252000,-0.5074000,0.0000000,73.9294000,-0.0446000,-38.6928000
20240229,335,C,137.3800,137.3800,137.3800,137.3800,0,0,0.4335000,0.9820000,0.0000000,8.1736000,-0.0788000,50.4777000
20240229,335,P,0.1350,0.1350,0.1350,0.1350,0,0,0.3564000,-0.0058000,0.0000000,3.0958000,-0.0092000,-0.4510000
20240229,431,C,43.5900,43.5900,43.5900,43.5900,0,0,0.1964000,0.8918000,0.0000000,34.4298000,-0.1146000,58.5153000
20240229,431,P,1.4900,1.4900,1.4900,1.4900,0,0,0.1820000,-0.0920000,0.0000000,30.6009000,-0.0422000,-6.9733000
20240229,463,C,15.9650,15.9650,15.9650,15.9650,0,0,0.1402000,0.6600000,0.0000000,67.9052000,-0.1268000,45.8558000
20240229,463,P,5.8200,5.8200,5.8200,5.8200,0,0,0.1367000,-0.3365000,0.0000000,67.6453000,-0.0569000,-25.5588000
20240229,495,C,1.3700,1.3700,1.3700,1.3700,0,0,0.1048000,0.1406000,0.0000000,41.3926000,-0.0476000,10.0912000
20240229,495,P,25.9550,25.9550,25.9550,25.9550,0,0,0.1587000,-0.7561000,0.0000000,58.1245000,-0.0247000,-59.4327000
20240229,420,C,54.0150,54.0150,54.0150,54.0150,0,0,0.2183000,0.9222000,0.0000000,26.9717000,-0.1075000,59.1133000
20240229,420,P,1.0050,1.0050,1.0050,1.0050,0,0,0.1993000,-0.0608000,0.0000000,22.3264000,-0.0346000,-4.6140000
20240229,452,C,24.7000,24.7000,24.7000,24.7000,0,0,0.1577000,0.7761000,0.0000000,55.4247000,-0.1267000,52.9920000
20240229,452,P,3.5450,3.5450,3.5450,3.5450,0,0,0.1513000,-0.2150000,0.0000000,54.1703000,-0.0564000,-16.3073000
20240229,484,C,4.0550,4.0550,4.0550,4.0550,0,0,0.1123000,0.3099000,0.0000000,65.3799000,-0.0853000,22.0663000
20240229,484,P,15.7600,15.7600,15.7600,15.7600,0,0,0.1242000,-0.6715000,0.0000000,66.9938000,-0.0241000,-51.6497000
20240229,345,C,127.5050,127.5050,127.5050,127.5050,0,0,0.4052000,0.9798000,0.0000000,9.0403000,-0.0811000,51.8555000
20240229,345,P,0.1650,0.1650,0.1650,0.1650,0,0,0.3374000,-0.0074000,0.0000000,3.8321000,-0.0107000,-0.5733000
20240229,409,C,64.6200,64.6200,64.6200,64.6200,0,0,0.2421000,0.9413000,0.0000000,21.6775000,-0.1017000,58.8599000
20240229,409,P,0.7050,0.7050,0.7050,0.7050,0,0,0.2175000,-0.0414000,0.0000000,16.4486000,-0.0284000,-3.1473000
20240229,441,C,34.3200,34.3200,34.3200,34.3200,0,0,0.1763000,0.8507000,0.0000000,43.0702000,-0.1204000,56.9530000
20240229,441,P,2.2100,2.2100,2.2100,2.2100,0,0,0.1669000,-0.1368000,0.0000000,40.6274000,-0.0496000,-10.3718000
20240229,505,C,0.4300,0.4300,0.4300,0.4300,0,0,0.1020000,0.0543000,0.0000000,20.4303000,-0.0219000,3.9150000
20240229,505,P,35.9550,35.9550,35.9550,35.9550,0,0,0.1968000,-0.7890000,0.0000000,53.5594000,-0.0325000,-63.4071000
20240229,473,C,9.2750,9.2750,9.2750,9.2750,0,0,0.1254000,0.5096000,0.0000000,73.9206000,-0.1152000,35.8795000
20240229,473,P,9.3250,9.3250,9.3250,9.3250,0,0,0.1259000,-0.4903000,0.0000000,73.9205000,-0.0463000,-37.3696000
20240229,430,C,44.5250,44.5250,44.5250,44.5250,0,0,0.1981000,0.8954000,0.0000000,33.5958000,-0.1138000,58.6346000
20240229,430,P,1.4350,1.4350,1.4350,1.4350,0,0,0.1834000,-0.0883000,0.0000000,29.6949000,-0.0414000,-6.6968000
20240229,462,C,16.7150,16.7150,16.7150,16.7150,0,0,0.1418000,0.6726000,0.0000000,66.9078000,-0.1273000,46.6554000
20240229,462,P,5.5600,5.5600,5.5600,5.5600,0,0,0.1380000,-0.3234000,0.0000000,66.5753000,-0.0573000,-24.5571000
20240229,494,C,1.5250,1.5250,1.5250,1.5250,0,0,0.1051000,0.1526000,0.0000000,43.7279000,-0.0507000,10.9459000
20240229,494,P,24.9550,24.9550,24.9550,24.9550,0,0,0.1547000,-0.7518000,0.0000000,58.6678000,-0.0238000,-58.9640000
20240229,355,C,117.6350,117.6350,117.6350,117.6350,0,0,0.3780000,0.9769000,0.0000000,10.0996000,-0.0837000,53.1899000
20240229,355,P,0.1950,0.1950,0.1950,0.1950,0,0,0.3168000,-0.0092000,0.0000000,4.6306000,-0.0122000,-0.7100000
20240229,419,C,54.9750,54.9750,54.9750,54.9750,0,0,0.2204000,0.9243000,0.0000000,26.4214000,-0.1069000,59.1158000
20240229,419,P,0.9750,0.9750,0.9750,0.9750,0,0,0.2010000,-0.0587000,0.0000000,21.7258000,-0.0341000,-4.4565000
20240229,451,C,25.5500,25.5500,25.5500,25.5500,0,0,0.1594000,0.7843000,0.0000000,54.2567000,-0.1264000,53.4562000
20240229,451,P,3.3900,3.3900,3.3900,3.3900,0,0,0.1527000,-0.2064000,0.0000000,52.8860000,-0.0560000,-15.6525000
20240229,515,C,0.1450,0.1450,0.1450,0.1450,0,0,0.1038000,0.0200000,0.0000000,8.9957000,-0.0095000,1.4472000
20240229,515,P,45.9300,45.9300,45.9300,45.9300,0,0,0.2318000,-0.8114000,0.0000000,50.0669000,-0.0388000,-66.6034000
20240229,483,C,4.4250,4.4250,4.4250,4.4250,0,0,0.1134000,0.3281000,0.0000000,66.9707000,-0.0887000,23.3447000
20240229,483,P,15.0350,15.0350,15.0350,15.0350,0,0,0.1234000,-0.6572000,0.0000000,68.1189000,-0.0260000,-50.4886000
20240229,525,C,0.0650,0.0650,0.0650,0.0650,0,0,0.1103000,0.0088000,0.0000000,4.4506000,-0.0049000,0.6407000
20240229,525,P,55.9300,55.9300,55.9300,55.9300,0,0,0.2652000,-0.8271000,0.0000000,47.4049000,-0.0447000,-69.3175000
20240229,408,C,65.6150,65.6150,65.6150,65.6150,0,0,0.2453000,0.9421000,0.0000000,21.4666000,-0.1017000,58.7583000
20240229,408,P,0.6850,0.6850,0.6850,0.6850,0,0,0.2192000,-0.0401000,0.0000000,16.0129000,-0.0279000,-3.0452000
20240229,440,C,35.2250,35.2250,35.2250,35.2250,0,0,0.1779000,0.8561000,0.0000000,42.0280000,-0.1197000,57.2042000
20240229,440,P,2.1300,2.1300,2.1300,2.1300,0,0,0.1686000,-0.1317000,0.0000000,39.5700000,-0.0490000,-9.9815000
20240229,472,C,9.8750,9.8750,9.8750,9.8750,0,0,0.1269000,0.5265000,0.0000000,73.7782000,-0.1171000,37.0259000
20240229,472,P,8.8900,8.8900,8.8900,8.8900,0,0,0.1268000,-0.4734000,0.0000000,73.7782000,-0.0479000,-36.0648000
20240229,365,C,107.7750,107.7750,107.7750,107.7750,0,0,0.3515000,0.9734000,0.0000000,11.3740000,-0.0865000,54.4733000
20240229,365,P,0.2450,0.2450,0.2450,0.2450,0,0,0.2985000,-0.0120000,0.0000000,5.8111000,-0.0143000,-0.9202000
20240229,429,C,45.4650,45.4650,45.4650,45.4650,0,0,0.2000000,0.8986000,0.0000000,32.8413000,-0.1131000,58.7236000
20240229,429,P,1.3850,1.3850,1.3850,1.3850,0,0,0.1850000,-0.0851000,0.0000000,28.8795000,-0.0407000,-6.4523000
20240229,461,C,17.4650,17.4650,17.4650,17.4650,0,0,0.1433000,0.6848000,0.0000000,65.8520000,-0.1276000,47.4370000
20240229,461,P,5.3100,5.3100,5.3100,5.3100,0,0,0.1392000,-0.3107000,0.0000000,65.4550000,-0.0576000,-23.5879000
20240229,493,C,1.6950,1.6950,1.6950,1.6950,0,0,0.1056000,0.1656000,0.0000000,46.1244000,-0.0539000,11.8682000
20240229,493,P,23.9550,23.9550,23.9550,23.9550,0,0,0.1507000,-0.7473000,0.0000000,59.2324000,-0.0230000,-58.4765000
20240229,535,C,0.0350,0.0350,0.0350,0.0350,0,0,0.1181000,0.0044000,0.0000000,2.4203000,-0.0028000,0.3219000
20240229,535,P,65.9400,65.9400,65.9400,65.9400,0,0,0.2973000,-0.8388000,0.0000000,45.3104000,-0.0503000,-71.7375000
20240229,418,C,55.9350,55.9350,55.9350,55.9350,0,0,0.2225000,0.9263000,0.0000000,25.8847000,-0.1064000,59.1130000
20240229,418,P,0.9450,0.9450,0.9450,0.9450,0,0,0.2028000,-0.0568000,0.0000000,21.1574000,-0.0335000,-4.3092000
20240229,450,C,26.4000,26.4000,26.4000,26.4000,0,0,0.1610000,0.7923000,0.0000000,53.0706000,-0.1259000,53.9090000
20240229,450,P,3.2450,3.2450,3.2450,3.2450,0,0,0.1540000,-0.1980000,0.0000000,51.5794000,-0.0555000,-15.0098000
20240229,482,C,4.8150,4.8150,4.8150,4.8150,0,0,0.1145000,0.3465000,0.0000000,68.4022000,-0.0919000,24.6314000
20240229,482,P,14.3150,14.3150,14.3150,14.3150,0,0,0.1226000,-0.6425000,0.0000000,69.1689000,-0.0277000,-49.2990000
20240229,375,C,97.9250,97.9250,97.9250,97.9250,0,0,0.3254000,0.9692000,0.0000000,12.8854000,-0.0894000,55.6976000
20240229,375,P,0.2950,0.2950,0.2950,0.2950,0,0,0.2785000,-0.0152000,0.0000000,7.1154000,-0.0162000,-1.1615000
20240229,439,C,36.1350,36.1350,36.1350,36.1350,0,0,0.1797000,0.8610000,0.0000000,41.0351000,-0.1190000,57.4276000
20240229,439,P,2.0400,2.0400,2.0400,2.0400,0,0,0.1699000,-0.1263000,0.0000000,38.4420000,-0.0482000,-9.5733000
20240229,407,C,66.5850,66.5850,66.5850,66.5850,0,0,0.2475000,0.9434000,0.0000000,21.0641000,-0.1012000,58.7077000
20240229,407,P,0.6650,0.6650,0.6650,0.6650,0,0,0.2209000,-0.0388000,0.0000000,15.5896000,-0.0274000,-2.9468000
20240229,471,C,10.4850,10.4850,10.4850,10.4850,0,0,0.1282000,0.5431000,0.0000000,73.5098000,-0.1187000,38.1437000
20240229,471,P,8.4750,8.4750,8.4750,8.4750,0,0,0.1276000,-0.4567000,0.0000000,73.5078000,-0.0494000,-34.7788000
20240229,545,C,0.0250,0.0250,0.0250,0.0250,0,0,0.1289000,0.0029000,0.0000000,1.6548000,-0.0020000,0.2106000
20240229,545,P,75.9350,75.9350,75.9350,75.9350,0,0,0.3276000,-0.8484000,0.0000000,43.5187000,-0.0551000,-73.9987000
20240229,300,C,172.0200,172.0200,172.0200,172.0200,0,0,0.5429000,0.9870000,0.0000000,6.1643000,-0.0723000,45.4357000
20240229,300,P,0.0650,0.0650,0.0650,0.0650,0,0,0.4218000,-0.0024000,0.0000000,1.4095000,-0.0050000,-0.1883000
20240229,428,C,46.4150,46.4150,46.4150,46.4150,0,0,0.2022000,0.9015000,0.0000000,32.1654000,-0.1126000,58.7836000
20240229,428,P,1.3350,1.3350,1.3350,1.3350,0,0,0.1866000,-0.0819000,0.0000000,28.0690000,-0.0400000,-6.2127000
20240229,460,C,18.2350,18.2350,18.2350,18.2350,0,0,0.1449000,0.6966000,0.0000000,64.7699000,-0.1278000,48.1757000
20240229,460,P,5.0750,5.0750,5.0750,5.0750,0,0,0.1405000,-0.2984000,0.0000000,64.2873000,-0.0578000,-22.6480000
20240229,492,C,1.8850,1.8850,1.8850,1.8850,0,0,0.1062000,0.1794000,0.0000000,48.5451000,-0.0574000,12.8517000
20240229,492,P,22.9550,22.9550,22.9550,22.9550,0,0,0.1466000,-0.7425000,0.0000000,59.8136000,-0.0221000,-57.9715000
20240229,385,C,88.0900,88.0900,88.0900,88.0900,0,0,0.3002000,0.9635000,0.0000000,14.7986000,-0.0927000,56.8195000
20240229,385,P,0.3750,0.3750,0.3750,0.3750,0,0,0.2604000,-0.0201000,0.0000000,9.0280000,-0.0191000,-1.5330000
20240229,417,C,56.8950,56.8950,56.8950,56.8950,0,0,0.2247000,0.9282000,0.0000000,25.3610000,-0.1058000,59.1050000
20240229,417,P,0.9150,0.9150,0.9150,0.9150,0,0,0.2044000,-0.0548000,0.0000000,20.5751000,-0.0329000,-4.1598000
20240229,449,C,27.2550,27.2550,27.2550,27.2550,0,0,0.1625000,0.8001000,0.0000000,51.8720000,-0.1253000,54.3480000
20240229,449,P,3.1050,3.1050,3.1050,3.1050,0,0,0.1553000,-0.1899000,0.0000000,50.2856000,-0.0549000,-14.3956000
20240229,481,C,5.2250,5.2250,5.2250,5.2250,0,0,0.1155000,0.3650000,0.0000000,69.6672000,-0.0951000,25.9192000
20240229,481,P,13.6350,13.6350,13.6350,13.6350,0,0,0.1221000,-0.6269000,0.0000000,70.1631000,-0.0297000,-48.0525000
20240229,310,C,162.0950,162.0950,162.0950,162.0950,0,0,0.5058000,0.9865000,0.0000000,6.3831000,-0.0727000,46.9476000
20240229,310,P,0.0850,0.0850,0.0850,0.0850,0,0,0.4062000,-0.0033000,0.0000000,1.8700000,-0.0064000,-0.2575000
20240229,438,C,37.0450,37.0450,37.0450,37.0450,0,0,0.1814000,0.8659000,0.0000000,40.0537000,-0.1182000,57.6392000
20240229,438,P,1.9600,1.9600,1.9600,1.9600,0,0,0.1714000,-0.1213000,0.0000000,37.3784000,-0.0475000,-9.1971000
20240229,406,C,67.5550,67.5550,67.5550,67.5550,0,0,0.2497000,0.9448000,0.0000000,20.6708000,-0.1007000,58.6538000
20240229,406,P,0.6450,0.6450,0.6450,0.6450,0,0,0.2226000,-0.0375000,0.0000000,15.1783000,-0.0269000,-2.8521000
20240229,470,C,11.1200,11.1200,11.1200,11.1200,0,0,0.1298000,0.5592000,0.0000000,73.1255000,-0.1203000,39.2243000
20240229,470,P,8.0800,8.0800,8.0800,8.0800,0,0,0.1287000,-0.4404000,0.0000000,73.1164000,-0.0508000,-33.5210000
20240229,502,C,0.6150,0.6150,0.6150,0.6150,0,0,0.1023000,0.0732000,0.0000000,25.7791000,-0.0281000,5.2729000
20240229,502,P,32.9550,32.9550,32.9550,32.9550,0,0,0.1857000,-0.7806000,0.0000000,54.7826000,-0.0303000,-62.3257000
20240229,427,C,47.3550,47.3550,47.3550,47.3550,0,0,0.2041000,0.9045000,0.0000000,31.4309000,-0.1119000,58.8600000
20240229,427,P,1.2850,1.2850,1.2850,1.2850,0,0,0.1881000,-0.0788000,0.0000000,27.2465000,-0.0393000,-5.9730000
20240229,395,C,78.2900,78.2900,78.2900,78.2900,0,0,0.2760000,0.9560000,0.0000000,17.2400000,-0.0963000,57.7983000
20240229,395,P,0.4750,0.4750,0.4750,0.4750,0,0,0.2418000,-0.0266000,0.0000000,11.4113000,-0.0222000,-2.0219000
20240229,459,C,19.0100,19.0100,19.0100,19.0100,0,0,0.1465000,0.7078000,0.0000000,63.6607000,-0.1280000,48.8795000
20240229,459,P,4.8450,4.8450,4.8450,4.8450,0,0,0.1417000,-0.2864000,0.0000000,63.0813000,-0.0578000,-21.7397000
20240229,491,C,2.0900,2.0900,2.0900,2.0900,0,0,0.1070000,0.1941000,0.0000000,50.9657000,-0.0609000,13.8939000
20240229,491,P,21.9550,21.9550,21.9550,21.9550,0,0,0.1425000,-0.7374000,0.0000000,60.4189000,-0.0212000,-57.4436000
20240315,320,C,152.9950,152.9950,152.9950,152.9950,0,0,0.4444000,0.9822000,0.0000000,9.0626000,-0.0738000,59.8520000
20240315,320,P,0.1750,0.1750,0.1750,0.1750,0,0,0.3706000,-0.0064000,0.0000000,3.7648000,-0.0093000,-0.6240000
20240315,448,C,29.9650,29.9650,29.9650,29.9650,0,0,0.1665000,0.7891000,0.0000000,59.7585000,-0.1203000,66.1695000
20240315,448,P,4.0550,4.0550,4.0550,4.0550,0,0,0.1629000,-0.2061000,0.0000000,58.9670000,-0.0527000,-19.5944000
20240315,640,P,170.9350,170.9350,170.9350,170.9350,0,0,0.5455000,-0.8703000,0.0000000,43.6854000,-0.0823000,-112.6523000
20240315,405,C,69.7200,69.7200,69.7200,69.7200,0,0,0.2434000,0.9355000,0.0000000,26.0583000,-0.0991000,71.7912000
20240315,405,P,1.0250,1.0250,1.0250,1.0250,0,0,0.2242000,-0.0505000,0.0000000,21.5282000,-0.0303000,-4.8120000
20240315,469,C,13.6300,13.6300,13.6300,13.6300,0,0,0.1340000,0.5822000,0.0000000,80.7644000,-0.1145000,50.4698000
20240315,469,P,8.9450,8.9450,8.9450,8.9450,0,0,0.1367000,-0.4189000,0.0000000,80.8137000,-0.0474000,-39.9569000
20240315,575,C,0.0200,0.0200,0.0200,0.0200,0,0,0.1523000,0.0022000,0.0000000,1.4527000,-0.0017000,0.2002000
20240315,575,P,105.9400,105.9400,105.9400,105.9400,0,0,0.3931000,-0.8479000,0.0000000,48.6622000,-0.0603000,-97.9721000
20240315,426,C,49.7550,49.7550,49.7550,49.7550,0,0,0.2034000,0.8913000,0.0000000,38.5414000,-0.1096000,71.6482000
20240315,426,P,1.9100,1.9100,1.9100,1.9100,0,0,0.1932000,-0.0978000,0.0000000,35.7222000,-0.0415000,-9.2960000
20240315,490,C,3.4450,3.4450,3.4450,3.4450,0,0,0.1108000,0.2558000,0.0000000,66.5380000,-0.0691000,22.6716000
20240315,490,P,21.0900,21.0900,21.0900,21.0900,0,0,0.1364000,-0.6994000,0.0000000,71.9813000,-0.0176000,-67.9173000
20240315,255,C,217.1600,217.1600,217.1600,217.1600,0,0,0.6406000,0.9902000,0.0000000,5.4013000,-0.0608000,48.1009000
20240315,255,P,0.0550,0.0550,0.0550,0.0550,0,0,0.4960000,-0.0016000,0.0000000,1.0877000,-0.0036000,-0.1584000
20240315,447,C,30.8250,30.8250,30.8250,30.8250,0,0,0.1682000,0.7957000,0.0000000,58.6503000,-0.1200000,66.6019000
20240315,447,P,3.9150,3.9150,3.9150,3.9150,0,0,0.1643000,-0.1992000,0.0000000,57.7797000,-0.0524000,-18.9380000
20240315,340,C,133.2850,133.2850,133.2850,133.2850,0,0,0.3918000,0.9777000,0.0000000,10.9790000,-0.0783000,63.2743000
20240315,340,P,0.2450,0.2450,0.2450,0.2450,0,0,0.3334000,-0.0098000,0.0000000,5.4415000,-0.0120000,-0.9456000
20240315,404,C,70.6850,70.6850,70.6850,70.6850,0,0,0.2452000,0.9370000,0.0000000,25.5733000,-0.0986000,71.7449000
20240315,404,P,1.0000,1.0000,1.0000,1.0000,0,0,0.2261000,-0.0493000,0.0000000,21.1253000,-0.0300000,-4.7004000
20240315,468,C,14.3050,14.3050,14.3050,14.3050,0,0,0.1353000,0.5955000,0.0000000,80.1448000,-0.1155000,51.5555000
20240315,468,P,8.6000,8.6000,8.6000,8.6000,0,0,0.1378000,-0.4057000,0.0000000,80.2087000,-0.0485000,-38.6871000
20240315,660,P,190.9250,190.9250,190.9250,190.9250,0,0,0.5879000,-0.8743000,0.0000000,42.7404000,-0.0882000,-116.9071000
20240315,425,C,50.6850,50.6850,50.6850,50.6850,0,0,0.2050000,0.8944000,0.0000000,37.7457000,-0.1089000,71.7500000
20240315,425,P,1.8550,1.8550,1.8550,1.8550,0,0,0.1947000,-0.0946000,0.0000000,34.8640000,-0.0409000,-8.9937000
20240315,489,C,3.7450,3.7450,3.7450,3.7450,0,0,0.1116000,0.2710000,0.0000000,68.5258000,-0.0720000,23.9988000
20240315,489,P,20.2500,20.2500,20.2500,20.2500,0,0,0.1346000,-0.6901000,0.0000000,72.9594000,-0.0183000,-66.9072000
20240315,595,C,0.0150,0.0150,0.0150,0.0150,0,0,0.1660000,0.0010000,0.0000000,0.7424000,-0.0009000,0.0958000
20240315,595,P,125.9350,125.9350,125.9350,125.9350,0,0,0.4425000,-0.8571000,0.0000000,46.6677000,-0.0674000,-102.7002000
20240315,446,C,31.6850,31.6850,31.6850,31.6850,0,0,0.1697000,0.8021000,0.0000000,57.5301000,-0.1196000,67.0243000
20240315,446,P,3.7750,3.7750,3.7750,3.7750,0,0,0.1656000,-0.1924000,0.0000000,56.5705000,-0.0520000,-18.2879000
20240315,510,C,0.5100,0.5100,0.5100,0.5100,0,0,0.1035000,0.0567000,0.0000000,23.6015000,-0.0210000,5.0823000
20240315,510,P,40.9400,40.9400,40.9400,40.9400,0,0,0.2064000,-0.7761000,0.0000000,61.8643000,-0.0301000,-78.7719000
20240315,275,C,197.4100,197.4100,197.4100,197.4100,0,0,0.5765000,0.9883000,0.0000000,6.3061000,-0.0649000,51.7691000
20240315,275,P,0.0850,0.0850,0.0850,0.0850,0,0,0.4589000,-0.0026000,0.0000000,1.6823000,-0.0052000,-0.2556000
20240315,403,C,71.6350,71.6350,71.6350,71.6350,0,0,0.2467000,0.9388000,0.0000000,25.0158000,-0.0979000,71.7198000
20240315,403,P,0.9750,0.9750,0.9750,0.9750,0,0,0.2275000,-0.0478000,0.0000000,20.5876000,-0.0295000,-4.5514000
20240315,467,C,14.9900,14.9900,14.9900,14.9900,0,0,0.1368000,0.6084000,0.0000000,79.4540000,-0.1165000,52.5993000
20240315,467,P,8.2650,8.2650,8.2650,8.2650,0,0,0.1388000,-0.3927000,0.0000000,79.5222000,-0.0493000,-37.4356000
20240315,360,C,113.6150,113.6150,113.6150,113.6150,0,0,0.3425000,0.9710000,0.0000000,13.6754000,-0.0834000,66.4908000
20240315,360,P,0.3650,0.3650,0.3650,0.3650,0,0,0.2988000,-0.0156000,0.0000000,8.1348000,-0.0159000,-1.5001000
20240315,424,C,51.6250,51.6250,51.6250,51.6250,0,0,0.2069000,0.8972000,0.0000000,37.0304000,-0.1084000,71.8178000
20240315,424,P,1.7950,1.7950,1.7950,1.7950,0,0,0.1961000,-0.0915000,0.0000000,34.0237000,-0.0403000,-8.7019000
20240315,488,C,4.0550,4.0550,4.0550,4.0550,0,0,0.1123000,0.2863000,0.0000000,70.3847000,-0.0749000,25.3355000
20240315,488,P,19.4300,19.4300,19.4300,19.4300,0,0,0.1329000,-0.6802000,0.0000000,73.9523000,-0.0192000,-65.8398000
20240315,445,C,32.5500,32.5500,32.5500,32.5500,0,0,0.1714000,0.8083000,0.0000000,56.4393000,-0.1193000,67.4142000
20240315,445,P,3.6400,3.6400,3.6400,3.6400,0,0,0.1670000,-0.1859000,0.0000000,55.3975000,-0.0517000,-17.6756000
20240315,615,C,0.0150,0.0150,0.0150,0.0150,0,0,0.1875000,0.0009000,0.0000000,0.6578000,-0.0009000,0.0838000
20240315,615,P,145.9350,145.9350,145.9350,145.9350,0,0,0.4896000,-0.8639000,0.0000000,45.1484000,-0.0742000,-107.2094000
20240315,210,C,261.6200,261.6200,261.6200,261.6200,0,0,0.8052000,0.9932000,0.0000000,3.9107000,-0.0523000,39.7263000
20240315,210,P,0.0250,0.0250,0.0250,0.0250,0,0,0.5906000,-0.0005000,0.0000000,0.4127000,-0.0016000,-0.0555000
20240315,402,C,72.4200,72.4200,72.4200,72.4200,0,0,0.2413000,0.9452000,0.0000000,22.9309000,-0.0937000,72.1510000
20240315,402,P,0.9500,0.9500,0.9500,0.9500,0,0,0.2293000,-0.0466000,0.0000000,20.1765000,-0.0292000,-4.4390000
20240315,466,C,15.6950,15.6950,15.6950,15.6950,0,0,0.1383000,0.6210000,0.0000000,78.6949000,-0.1173000,53.6103000
20240315,466,P,7.9550,7.9550,7.9550,7.9550,0,0,0.1400000,-0.3801000,0.0000000,78.7709000,-0.0502000,-36.2273000
20240315,530,C,0.0950,0.0950,0.0950,0.0950,0,0,0.1103000,0.0115000,0.0000000,6.2515000,-0.0056000,1.0366000
20240315,530,P,60.9350,60.9350,60.9350,60.9350,0,0,0.2692000,-0.8110000,0.0000000,55.9509000,-0.0409000,-85.8436000
20240315,295,C,177.6600,177.6600,177.6600,177.6600,0,0,0.5154000,0.9860000,0.0000000,7.3472000,-0.0687000,55.4052000
20240315,295,P,0.1150,0.1150,0.1150,0.1150,0,0,0.4184000,-0.0038000,0.0000000,2.3905000,-0.0067000,-0.3763000
20240315,423,C,52.5600,52.5600,52.5600,52.5600,0,0,0.2088000,0.8998000,0.0000000,36.3300000,-0.1080000,71.8772000
20240315,423,P,1.7400,1.7400,1.7400,1.7400,0,0,0.1976000,-0.0887000,0.0000000,33.2534000,-0.0398000,-8.4385000
20240315,487,C,4.3900,4.3900,4.3900,4.3900,0,0,0.1132000,0.3021000,0.0000000,72.1594000,-0.0778000,26.7161000
20240315,487,P,18.6450,18.6450,18.6450,18.6450,0,0,0.1316000,-0.6694000,0.0000000,74.9619000,-0.0203000,-64.7041000
20240315,380,C,94.0100,94.0100,94.0100,94.0100,0,0,0.2963000,0.9604000,0.0000000,17.6703000,-0.0895000,69.3369000
20240315,380,P,0.5550,0.5550,0.5550,0.5550,0,0,0.2645000,-0.0254000,0.0000000,12.2738000,-0.0210000,-2.4292000
20240315,444,C,33.2600,33.2600,33.2600,33.2600,0,0,0.1701000,0.8180000,0.0000000,54.6541000,-0.1172000,68.1609000
20240315,444,P,3.5100,3.5100,3.5100,3.5100,0,0,0.1683000,-0.1796000,0.0000000,54.2040000,-0.0512000,-17.0684000
20240315,401,C,73.5700,73.5700,73.5700,73.5700,0,0,0.2510000,0.9412000,0.0000000,24.2437000,-0.0971000,71.5616000
20240315,401,P,0.9250,0.9250,0.9250,0.9250,0,0,0.2307000,-0.0451000,0.0000000,19.6627000,-0.0286000,-4.2990000
20240315,465,C,16.4000,16.4000,16.4000,16.4000,0,0,0.1397000,0.6332000,0.0000000,77.8740000,-0.1180000,54.5883000
20240315,465,P,7.6450,7.6450,7.6450,7.6450,0,0,0.1411000,-0.3677000,0.0000000,77.9473000,-0.0508000,-35.0368000
20240315,635,P,165.9350,165.9350,165.9350,165.9350,0,0,0.5345000,-0.8692000,0.0000000,43.9444000,-0.0807000,-111.5780000
20240315,230,C,241.8600,241.8600,241.8600,241.8600,0,0,0.7288000,0.9920000,0.0000000,4.5207000,-0.0561000,43.4599000
20240315,230,P,0.0350,0.0350,0.0350,0.0350,0,0,0.5468000,-0.0009000,0.0000000,0.6382000,-0.0023000,-0.0888000
20240315,422,C,53.5050,53.5050,53.5050,53.5050,0,0,0.2106000,0.9025000,0.0000000,35.6119000,-0.1074000,71.9404000
20240315,422,P,1.6850,1.6850,1.6850,1.6850,0,0,0.1989000,-0.0857000,0.0000000,32.3958000,-0.0391000,-8.1481000
20240315,486,C,4.7450,4.7450,4.7450,4.7450,0,0,0.1141000,0.3180000,0.0000000,73.7850000,-0.0806000,28.0949000
20240315,486,P,17.8900,17.8900,17.8900,17.8900,0,0,0.1306000,-0.6577000,0.0000000,75.9828000,-0.0217000,-63.4923000
20240315,550,C,0.0450,0.0450,0.0450,0.0450,0,0,0.1289000,0.0048000,0.0000000,2.8939000,-0.0029000,0.4318000
20240315,550,P,80.9450,80.9450,80.9450,80.9450,0,0,0.3268000,-0.8314000,0.0000000,52.0507000,-0.0502000,-91.6048000
20240315,315,C,157.9300,157.9300,157.9300,157.9300,0,0,0.4592000,0.9829000,0.0000000,8.7513000,-0.0730000,58.9559000
20240315,315,P,0.1650,0.1650,0.1650,0.1650,0,0,0.3813000,-0.0059000,0.0000000,3.5077000,-0.0089000,-0.5768000
20240315,443,C,34.3000,34.3000,34.3000,34.3000,0,0,0.1747000,0.8199000,0.0000000,54.2833000,-0.1185000,68.1381000
20240315,443,P,3.3900,3.3900,3.3900,3.3900,0,0,0.1696000,-0.1735000,0.0000000,53.0432000,-0.0508000,-16.4935000
20240315,400,C,74.5400,74.5400,74.5400,74.5400,0,0,0.2531000,0.9424000,0.0000000,23.8626000,-0.0968000,71.4801000
20240315,400,P,0.9000,0.9000,0.9000,0.9000,0,0,0.2324000,-0.0439000,0.0000000,19.2442000,-0.0283000,-4.1863000
20240315,464,C,17.1250,17.1250,17.1250,17.1250,0,0,0.1411000,0.6451000,0.0000000,76.9977000,-0.1187000,55.5324000
20240315,464,P,7.3550,7.3550,7.3550,7.3550,0,0,0.1423000,-0.3557000,0.0000000,77.0699000,-0.0515000,-33.8868000
20240315,421,C,54.4450,54.4450,54.4450,54.4450,0,0,0.2124000,0.9052000,0.0000000,34.9084000,-0.1068000,71.9954000
20240315,421,P,1.6350,1.6350,1.6350,1.6350,0,0,0.2004000,-0.0830000,0.0000000,31.6425000,-0.0386000,-7.8972000
20240315,485,C,5.1150,5.1150,5.1150,5.1150,0,0,0.1149000,0.3341000,0.0000000,75.2851000,-0.0833000,29.4905000
20240315,485,P,17.2100,17.2100,17.2100,17.2100,0,0,0.1304000,-0.6447000,0.0000000,77.0283000,-0.0235000,-62.1742000
20240315,655,P,185.9300,185.9300,185.9300,185.9300,0,0,0.5776000,-0.8733000,0.0000000,42.9761000,-0.0868000,-115.8454000
20240315,250,C,222.1000,222.1000,222.1000,222.1000,0,0,0.6578000,0.9906000,0.0000000,5.2182000,-0.0599000,47.1743000
20240315,250,P,0.0550,0.0550,0.0550,0.0550,0,0,0.5093000,-0.0015000,0.0000000,1.0339000,-0.0035000,-0.1501000
20240315,442,C,35.1800,35.1800,35.1800,35.1800,0,0,0.1763000,0.8255000,0.0000000,53.2195000,-0.1180000,68.4735000
20240315,442,P,3.2700,3.2700,3.2700,3.2700,0,0,0.1709000,-0.1676000,0.0000000,51.8784000,-0.0503000,-15.9305000
20240315,570,C,0.0250,0.0250,0.0250,0.0250,0,0,0.1464000,0.0023000,0.0000000,1.5324000,-0.0017000,0.2125000
20240315,570,P,100.9400,100.9400,100.9400,100.9400,0,0,0.3802000,-0.8452000,0.0000000,49.2418000,-0.0584000,-96.7493000
20240315,335,C,138.2100,138.2100,138.2100,138.2100,0,0,0.4051000,0.9788000,0.0000000,10.4866000,-0.0773000,62.4229000
20240315,335,P,0.2250,0.2250,0.2250,0.2250,0,0,0.3427000,-0.0088000,0.0000000,4.9656000,-0.0113000,-0.8524000
20240315,463,C,17.9000,17.9000,17.9000,17.9000,0,0,0.1432000,0.6561000,0.0000000,76.1185000,-0.1195000,56.3824000
20240315,463,P,7.0850,7.0850,7.0850,7.0850,0,0,0.1436000,-0.3441000,0.0000000,76.1471000,-0.0521000,-32.7785000
20240315,420,C,55.3900,55.3900,55.3900,55.3900,0,0,0.2144000,0.9074000,0.0000000,34.2830000,-0.1064000,72.0198000
20240315,420,P,1.5850,1.5850,1.5850,1.5850,0,0,0.2018000,-0.0804000,0.0000000,30.8716000,-0.0380000,-7.6432000
20240315,484,C,5.5050,5.5050,5.5050,5.5050,0,0,0.1159000,0.3503000,0.0000000,76.6487000,-0.0860000,30.8945000
20240315,484,P,16.4800,16.4800,16.4800,16.4800,0,0,0.1294000,-0.6324000,0.0000000,77.9306000,-0.0248000,-60.9105000
20240315,441,C,35.8950,35.8950,35.8950,35.8950,0,0,0.1745000,0.8351000,0.0000000,51.3149000,-0.1156000,69.2146000
20240315,441,P,3.1600,3.1600,3.1600,3.1600,0,0,0.1724000,-0.1620000,0.0000000,50.7580000,-0.0499000,-15.4024000
20240315,505,C,0.8450,0.8450,0.8450,0.8450,0,0,0.1038000,0.0865000,0.0000000,32.6271000,-0.0297000,7.7328000
20240315,505,P,35.9400,35.9400,35.9400,35.9400,0,0,0.1895000,-0.7632000,0.0000000,63.8221000,-0.0270000,-76.6291000
20240315,270,C,202.3450,202.3450,202.3450,202.3450,0,0,0.5910000,0.9889000,0.0000000,6.0084000,-0.0636000,50.8678000
20240315,270,P,0.0750,0.0750,0.0750,0.0750,0,0,0.4677000,-0.0023000,0.0000000,1.5019000,-0.0047000,-0.2256000
20240315,462,C,18.6150,18.6150,18.6150,18.6150,0,0,0.1442000,0.6676000,0.0000000,75.1220000,-0.1198000,57.2963000
20240315,462,P,6.8150,6.8150,6.8150,6.8150,0,0,0.1448000,-0.3327000,0.0000000,75.1651000,-0.0525000,-31.6863000
20240315,590,C,0.0150,0.0150,0.0150,0.0150,0,0,0.1601000,0.0010000,0.0000000,0.7528000,-0.0009000,0.0973000
20240315,590,P,120.9350,120.9350,120.9350,120.9350,0,0,0.4303000,-0.8551000,0.0000000,47.1111000,-0.0656000,-101.5437000
20240315,355,C,118.5250,118.5250,118.5250,118.5250,0,0,0.3543000,0.9730000,0.0000000,12.8819000,-0.0820000,65.7188000
20240315,355,P,0.3350,0.3350,0.3350,0.3350,0,0,0.3081000,-0.0140000,0.0000000,7.4228000,-0.0150000,-1.3497000
20240315,419,C,56.3350,56.3350,56.3350,56.3350,0,0,0.2161000,0.9100000,0.0000000,33.5919000,-0.1058000,72.0655000
20240315,419,P,1.5350,1.5350,1.5350,1.5350,0,0,0.2032000,-0.0778000,0.0000000,30.1176000,-0.0374000,-7.3979000
20240315,483,C,5.9200,5.9200,5.9200,5.9200,0,0,0.1170000,0.3668000,0.0000000,77.8850000,-0.0887000,32.3181000
20240315,483,P,15.7900,15.7900,15.7900,15.7900,0,0,0.1288000,-0.6194000,0.0000000,78.7985000,-0.0262000,-59.5845000
20240315,525,C,0.1350,0.1350,0.1350,0.1350,0,0,0.1076000,0.0165000,0.0000000,8.5403000,-0.0076000,1.4880000
20240315,525,P,55.9350,55.9350,55.9350,55.9350,0,0,0.2541000,-0.8041000,0.0000000,57.1889000,-0.0383000,-84.2426000
20240315,440,C,36.9600,36.9600,36.9600,36.9600,0,0,0.1796000,0.8359000,0.0000000,51.1617000,-0.1171000,69.0757000
20240315,440,P,3.0500,3.0500,3.0500,3.0500,0,0,0.1737000,-0.1565000,0.0000000,49.6190000,-0.0494000,-14.8771000
20240315,205,C,266.5650,266.5650,266.5650,266.5650,0,0,0.8251000,0.9935000,0.0000000,3.7656000,-0.0513000,38.7913000
20240315,205,P,0.0250,0.0250,0.0250,0.0250,0,0,0.6062000,-0.0005000,0.0000000,0.3955000,-0.0016000,-0.0531000
20240315,461,C,19.3700,19.3700,19.3700,19.3700,0,0,0.1458000,0.6784000,0.0000000,74.1282000,-0.1202000,58.1260000
20240315,461,P,6.5600,6.5600,6.5600,6.5600,0,0,0.1461000,-0.3218000,0.0000000,74.1510000,-0.0530000,-30.6379000
20240315,290,C,182.6000,182.6000,182.6000,182.6000,0,0,0.5308000,0.9866000,0.0000000,7.0955000,-0.0678000,54.4945000
20240315,290,P,0.1050,0.1050,0.1050,0.1050,0,0,0.4277000,-0.0034000,0.0000000,2.1652000,-0.0062000,-0.3372000
20240315,418,C,57.2800,57.2800,57.2800,57.2800,0,0,0.2180000,0.9122000,0.0000000,32.9620000,-0.1053000,72.0871000
20240315,418,P,1.4900,1.4900,1.4900,1.4900,0,0,0.2048000,-0.0755000,0.0000000,29.4481000,-0.0370000,-7.1832000
20240315,482,C,6.3500,6.3500,6.3500,6.3500,0,0,0.1179000,0.3831000,0.0000000,78.9614000,-0.0912000,33.7248000
20240315,482,P,15.1850,15.1850,15.1850,15.1850,0,0,0.1290000,-0.6052000,0.0000000,79.6364000,-0.0282000,-58.1714000
20240315,610,C,0.0150,0.0150,0.0150,0.0150,0,0,0.1835000,0.0010000,0.0000000,0.7283000,-0.0010000,0.0936000
20240315,610,P,140.9350,140.9350,140.9350,140.9350,0,0,0.4780000,-0.8624000,0.0000000,45.4948000,-0.0726000,-106.0973000
20240315,375,C,98.9000,98.9000,98.9000,98.9000,0,0,0.3076000,0.9635000,0.0000000,16.5063000,-0.0878000,68.6749000
20240315,375,P,0.4950,0.4950,0.4950,0.4950,0,0,0.2727000,-0.0223000,0.0000000,11.0047000,-0.0195000,-2.1347000
20240315,439,C,37.8500,37.8500,37.8500,37.8500,0,0,0.1812000,0.8409000,0.0000000,50.1310000,-0.1166000,69.3627000
20240315,439,P,2.9500,2.9500,2.9500,2.9500,0,0,0.1751000,-0.1513000,0.0000000,48.5273000,-0.0489000,-14.3852000
20240315,545,C,0.0550,0.0550,0.0550,0.0550,0,0,0.1250000,0.0061000,0.0000000,3.5752000,-0.0035000,0.5478000
20240315,545,P,75.9450,75.9450,75.9450,75.9450,0,0,0.3129000,-0.8271000,0.0000000,52.9096000,-0.0480000,-90.2343000
20240315,460,C,20.1350,20.1350,20.1350,20.1350,0,0,0.1473000,0.6889000,0.0000000,73.0901000,-0.1205000,58.9360000
20240315,460,P,6.3150,6.3150,6.3150,6.3150,0,0,0.1472000,-0.3110000,0.0000000,73.0870000,-0.0533000,-29.6068000
20240315,225,C,246.8000,246.8000,246.8000,246.8000,0,0,0.7472000,0.9923000,0.0000000,4.3576000,-0.0552000,42.5288000
20240315,225,P,0.0350,0.0350,0.0350,0.0350,0,0,0.5625000,-0.0008000,0.0000000,0.6210000,-0.0023000,-0.0863000
20240315,417,C,58.2300,58.2300,58.2300,58.2300,0,0,0.2199000,0.9143000,0.0000000,32.3609000,-0.1048000,72.0967000
20240315,417,P,1.4500,1.4500,1.4500,1.4500,0,0,0.2065000,-0.0733000,0.0000000,28.7939000,-0.0365000,-6.9757000
20240315,481,C,6.8000,6.8000,6.8000,6.8000,0,0,0.1190000,0.3995000,0.0000000,79.8949000,-0.0936000,35.1302000
20240315,481,P,14.5300,14.5300,14.5300,14.5300,0,0,0.1286000,-0.5915000,0.0000000,80.3433000,-0.0296000,-56.7936000
20240315,310,C,162.8600,162.8600,162.8600,162.8600,0,0,0.4727000,0.9838000,0.0000000,8.3524000,-0.0719000,58.0797000
20240315,310,P,0.1450,0.1450,0.1450,0.1450,0,0,0.3886000,-0.0051000,0.0000000,3.0961000,-0.0080000,-0.5013000
20240315,438,C,38.7450,38.7450,38.7450,38.7450,0,0,0.1828000,0.8459000,0.0000000,49.0990000,-0.1160000,69.6407000
20240315,438,P,2.8500,2.8500,2.8500,2.8500,0,0,0.1765000,-0.1463000,0.0000000,47.4426000,-0.0484000,-13.9067000
20240315,502,C,1.1400,1.1400,1.1400,1.1400,0,0,0.1046000,0.1108000,0.0000000,39.1245000,-0.0363000,9.8961000
20240315,502,P,32.9400,32.9400,32.9400,32.9400,0,0,0.1791000,-0.7542000,0.0000000,65.1316000,-0.0250000,-75.2236000
20240315,630,P,160.9300,160.9300,160.9300,160.9300,0,0,0.5235000,-0.8680000,0.0000000,44.2204000,-0.0791000,-110.4967000
20240315,395,C,79.3850,79.3850,79.3850,79.3850,0,0,0.2633000,0.9481000,0.0000000,21.9531000,-0.0946000,71.0644000
20240315,395,P,0.7950,0.7950,0.7950,0.7950,0,0,0.2402000,-0.0381000,0.0000000,17.1383000,-0.0262000,-3.6307000
20240315,459,C,20.9100,20.9100,20.9100,20.9100,0,0,0.1488000,0.6989000,0.0000000,72.0384000,-0.1208000,59.6993000
20240315,459,P,6.0850,6.0850,6.0850,6.0850,0,0,0.1485000,-0.3007000,0.0000000,72.0033000,-0.0536000,-28.6203000
20240315,565,C,0.0250,0.0250,0.0250,0.0250,0,0,0.1396000,0.0023000,0.0000000,1.5400000,-0.0016000,0.2139000
20240315,565,P,95.9450,95.9450,95.9450,95.9450,0,0,0.3672000,-0.8422000,0.0000000,49.8668000,-0.0564000,-95.5039000
20240315,416,C,59.1850,59.1850,59.1850,59.1850,0,0,0.2218000,0.9165000,0.0000000,31.7415000,-0.1043000,72.1108000
20240315,416,P,1.4050,1.4050,1.4050,1.4050,0,0,0.2077000,-0.0708000,0.0000000,28.0382000,-0.0359000,-6.7377000
20240315,480,C,7.2700,7.2700,7.2700,7.2700,0,0,0.1201000,0.4158000,0.0000000,80.6839000,-0.0959000,36.5293000
20240315,480,P,13.9750,13.9750,13.9750,13.9750,0,0,0.1290000,-0.5768000,0.0000000,80.9890000,-0.0316000,-55.3452000
20240315,245,C,227.0450,227.0450,227.0450,227.0450,0,0,0.6749000,0.9909000,0.0000000,5.0308000,-0.0590000,46.2486000
20240315,245,P,0.0450,0.0450,0.0450,0.0450,0,0,0.5140000,-0.0012000,0.0000000,0.8533000,-0.0029000,-0.1215000
20240315,437,C,39.6500,39.6500,39.6500,39.6500,0,0,0.1846000,0.8502000,0.0000000,48.1683000,-0.1156000,69.8628000
20240315,437,P,2.7500,2.7500,2.7500,2.7500,0,0,0.1778000,-0.1413000,0.0000000,46.3398000,-0.0478000,-13.4297000
20240315,501,C,1.2600,1.2600,1.2600,1.2600,0,0,0.1050000,0.1201000,0.0000000,41.4136000,-0.0387000,10.7156000
20240315,501,P,31.9400,31.9400,31.9400,31.9400,0,0,0.1755000,-0.7510000,0.0000000,65.5914000,-0.0243000,-74.7321000
20240315,330,C,143.1400,143.1400,143.1400,143.1400,0,0,0.4185000,0.9799000,0.0000000,10.0233000,-0.0762000,61.5640000
20240315,330,P,0.2050,0.2050,0.2050,0.2050,0,0,0.3515000,-0.0079000,0.0000000,4.4960000,-0.0105000,-0.7617000
20240315,458,C,21.7400,21.7400,21.7400,21.7400,0,0,0.1510000,0.7079000,0.0000000,71.0403000,-0.1214000,60.3617000
20240315,458,P,5.8550,5.8550,5.8550,5.8550,0,0,0.1497000,-0.2905000,0.0000000,70.8759000,-0.0537000,-27.6494000
20240315,650,P,180.9300,180.9300,180.9300,180.9300,0,0,0.5670000,-0.8723000,0.0000000,43.2010000,-0.0853000,-114.7859000
20240315,415,C,60.1350,60.1350,60.1350,60.1350,0,0,0.2236000,0.9186000,0.0000000,31.1503000,-0.1038000,72.1134000
20240315,415,P,1.3650,1.3650,1.3650,1.3650,0,0,0.2092000,-0.0687000,0.0000000,27.3820000,-0.0353000,-6.5341000
20240315,479,C,7.7600,7.7600,7.7600,7.7600,0,0,0.1212000,0.4321000,0.0000000,81.3270000,-0.0982000,37.9143000
20240315,479,P,13.4100,13.4100,13.4100,13.4100,0,0,0.1293000,-0.5622000,0.0000000,81.5178000,-0.0333000,-53.9051000
20240315,585,C,0.0150,0.0150,0.0150,0.0150,0,0,0.1542000,0.0011000,0.0000000,0.7668000,-0.0009000,0.0994000
20240315,585,P,115.9400,115.9400,115.9400,115.9400,0,0,0.4182000,-0.8528000,0.0000000,47.6169000,-0.0640000,-100.3615000
20240315,436,C,40.5500,40.5500,40.5500,40.5500,0,0,0.1862000,0.8548000,0.0000000,47.1822000,-0.1151000,70.1029000
20240315,436,P,2.6600,2.6600,2.6600,2.6600,0,0,0.1792000,-0.1366000,0.0000000,45.2871000,-0.0473000,-12.9840000
20240315,500,C,1.3900,1.3900,1.3900,1.3900,0,0,0.1054000,0.1298000,0.0000000,43.7260000,-0.0412000,11.5768000
20240315,500,P,30.9400,30.9400,30.9400,30.9400,0,0,0.1719000,-0.7476000,0.0000000,66.0640000,-0.0236000,-74.2276000
20240315,265,C,207.2850,207.2850,207.2850,207.2850,0,0,0.6074000,0.9893000,0.0000000,5.8038000,-0.0627000,49.9461000
20240315,265,P,0.0650,0.0650,0.0650,0.0650,0,0,0.4746000,-0.0019000,0.0000000,1.2964000,-0.0041000,-0.1918000
20240315,457,C,22.5450,22.5450,22.5450,22.5450,0,0,0.1527000,0.7172000,0.0000000,69.9659000,-0.1216000,61.0506000
20240315,457,P,5.6450,5.6450,5.6450,5.6450,0,0,0.1511000,-0.2809000,0.0000000,69.7469000,-0.0539000,-26.7287000
20240315,350,C,123.4450,123.4450,123.4450,123.4450,0,0,0.3669000,0.9746000,0.0000000,12.2228000,-0.0808000,64.9114000
20240315,350,P,0.2950,0.2950,0.2950,0.2950,0,0,0.3154000,-0.0122000,0.0000000,6.5808000,-0.0137000,-1.1746000
20240315,414,C,61.0900,61.0900,61.0900,61.0900,0,0,0.2257000,0.9204000,0.0000000,30.6174000,-0.1034000,72.0946000
20240315,414,P,1.3250,1.3250,1.3250,1.3250,0,0,0.2107000,-0.0665000,0.0000000,26.7244000,-0.0348000,-6.3321000
20240315,478,C,8.2700,8.2700,8.2700,8.2700,0,0,0.1224000,0.4482000,0.0000000,81.8293000,-0.1003000,39.2863000
20240315,478,P,12.8700,12.8700,12.8700,12.8700,0,0,0.1297000,-0.5475000,0.0000000,81.9373000,-0.0350000,-52.4606000
20240315,435,C,41.4600,41.4600,41.4600,41.4600,0,0,0.1879000,0.8590000,0.0000000,46.2516000,-0.1146000,70.3106000
20240315,435,P,2.5700,2.5700,2.5700,2.5700,0,0,0.1806000,-0.1320000,0.0000000,44.2426000,-0.0467000,-12.5501000
20240315,499,C,1.5300,1.5300,1.5300,1.5300,0,0,0.1057000,0.1400000,0.0000000,46.0527000,-0.0437000,12.4795000
20240315,499,P,29.9400,29.9400,29.9400,29.9400,0,0,0.1683000,-0.7440000,0.0000000,66.5503000,-0.0229000,-73.7088000
20240315,605,C,0.0150,0.0150,0.0150,0.0150,0,0,0.1757000,0.0009000,0.0000000,0.6555000,-0.0008000,0.0836000
20240315,605,P,135.9400,135.9400,135.9400,135.9400,0,0,0.4665000,-0.8606000,0.0000000,45.8898000,-0.0710000,-104.9662000
20240315,200,C,271.5100,271.5100,271.5100,271.5100,0,0,0.8480000,0.9936000,0.0000000,3.6821000,-0.0507000,37.8434000
20240315,200,P,0.0250,0.0250,0.0250,0.0250,0,0,0.6250000,-0.0005000,0.0000000,0.3959000,-0.0017000,-0.0533000
20240315,456,C,23.3150,23.3150,23.3150,23.3150,0,0,0.1539000,0.7268000,0.0000000,68.7993000,-0.1214000,61.7746000
20240315,456,P,5.4350,5.4350,5.4350,5.4350,0,0,0.1523000,-0.2714000,0.0000000,68.5761000,-0.0539000,-25.8186000
20240315,520,C,0.2050,0.2050,0.2050,0.2050,0,0,0.1057000,0.0247000,0.0000000,11.9732000,-0.0105000,2.2156000
20240315,520,P,50.9350,50.9350,50.9350,50.9350,0,0,0.2386000,-0.7962000,0.0000000,58.5649000,-0.0357000,-82.5494000
20240315,285,C,187.5350,187.5350,187.5350,187.5350,0,0,0.5449000,0.9873000,0.0000000,6.7667000,-0.0666000,53.6008000
20240315,285,P,0.0950,0.0950,0.0950,0.0950,0,0,0.4365000,-0.0030000,0.0000000,1.9430000,-0.0057000,-0.2991000
20240315,413,C,62.0400,62.0400,62.0400,62.0400,0,0,0.2275000,0.9225000,0.0000000,30.0201000,-0.1028000,72.0960000
20240315,413,P,1.2850,1.2850,1.2850,1.2850,0,0,0.2121000,-0.0644000,0.0000000,26.0658000,-0.0342000,-6.1319000
20240315,477,C,8.8000,8.8000,8.8000,8.8000,0,0,0.1236000,0.4641000,0.0000000,82.1920000,-0.1023000,40.6381000
20240315,477,P,12.3550,12.3550,12.3550,12.3550,0,0,0.1302000,-0.5328000,0.0000000,82.2447000,-0.0367000,-51.0170000
20240315,370,C,103.8000,103.8000,103.8000,103.8000,0,0,0.3192000,0.9663000,0.0000000,15.4869000,-0.0864000,67.9699000
20240315,370,P,0.4450,0.4450,0.4450,0.4450,0,0,0.2812000,-0.0197000,0.0000000,9.9222000,-0.0182000,-1.8902000
20240315,434,C,42.3700,42.3700,42.3700,42.3700,0,0,0.1896000,0.8632000,0.0000000,45.3209000,-0.1140000,70.5118000
20240315,434,P,2.4800,2.4800,2.4800,2.4800,0,0,0.1819000,-0.1275000,0.0000000,43.1890000,-0.0461000,-12.1204000
20240315,498,C,1.6850,1.6850,1.6850,1.6850,0,0,0.1061000,0.1507000,0.0000000,48.3845000,-0.0463000,13.4236000
20240315,498,P,28.9400,28.9400,28.9400,28.9400,0,0,0.1647000,-0.7403000,0.0000000,67.0510000,-0.0222000,-73.1747000
20240315,455,C,24.1300,24.1300,24.1300,24.1300,0,0,0.1556000,0.7353000,0.0000000,67.7058000,-0.1215000,62.3980000
20240315,455,P,5.2400,5.2400,5.2400,5.2400,0,0,0.1538000,-0.2624000,0.0000000,67.4204000,-0.0540000,-24.9626000
20240315,625,C,0.0150,0.0150,0.0150,0.0150,0,0,0.1992000,0.0009000,0.0000000,0.6667000,-0.0009000,0.0849000
20240315,625,P,155.9300,155.9300,155.9300,155.9300,0,0,0.5123000,-0.8667000,0.0000000,44.5119000,-0.0775000,-109.4087000
20240315,220,C,251.7400,251.7400,251.7400,251.7400,0,0,0.7663000,0.9926000,0.0000000,4.2064000,-0.0542000,41.5951000
20240315,220,P,0.0250,0.0250,0.0250,0.0250,0,0,0.5593000,-0.0006000,0.0000000,0.4416000,-0.0016000,-0.0595000
20240315,412,C,62.9950,62.9950,62.9950,62.9950,0,0,0.2293000,0.9244000,0.0000000,29.4351000,-0.1022000,72.0915000
20240315,412,P,1.2500,1.2500,1.2500,1.2500,0,0,0.2139000,-0.0627000,0.0000000,25.5187000,-0.0339000,-5.9678000
20240315,476,C,9.3400,9.3400,9.3400,9.3400,0,0,0.1247000,0.4798000,0.0000000,82.4199000,-0.1042000,41.9660000
20240315,476,P,11.8600,11.8600,11.8600,11.8600,0,0,0.1308000,-0.5181000,0.0000000,82.4396000,-0.0383000,-49.5764000
20240315,540,C,0.0550,0.0550,0.0550,0.0550,0,0,0.1176000,0.0064000,0.0000000,3.7424000,-0.0035000,0.5774000
20240315,540,P,70.9350,70.9350,70.9350,70.9350,0,0,0.2985000,-0.8224000,0.0000000,53.8065000,-0.0456000,-88.8359000
20240315,305,C,167.7950,167.7950,167.7950,167.7950,0,0,0.4865000,0.9846000,0.0000000,7.9820000,-0.0707000,57.1966000
20240315,305,P,0.1350,0.1350,0.1350,0.1350,0,0,0.3989000,-0.0047000,0.0000000,2.8582000,-0.0076000,-0.4587000
20240315,433,C,43.2850,43.2850,43.2850,43.2850,0,0,0.1912000,0.8672000,0.0000000,44.3900000,-0.1134000,70.7067000
20240315,433,P,2.4000,2.4000,2.4000,2.4000,0,0,0.1833000,-0.1233000,0.0000000,42.1962000,-0.0455000,-11.7234000
20240315,497,C,1.8550,1.8550,1.8550,1.8550,0,0,0.1066000,0.1622000,0.0000000,50.7856000,-0.0491000,14.4399000
20240315,497,P,27.9400,27.9400,27.9400,27.9400,0,0,0.1611000,-0.7364000,0.0000000,67.5669000,-0.0215000,-72.6237000
20240315,390,C,84.2500,84.2500,84.2500,84.2500,0,0,0.2742000,0.9527000,0.0000000,20.3867000,-0.0929000,70.5361000
20240315,390,P,0.7050,0.7050,0.7050,0.7050,0,0,0.2484000,-0.0332000,0.0000000,15.3403000,-0.0244000,-3.1735000
20240315,454,C,24.9450,24.9450,24.9450,24.9450,0,0,0.1571000,0.7439000,0.0000000,66.5665000,-0.1215000,63.0227000
20240315,454,P,5.0500,5.0500,5.0500,5.0500,0,0,0.1551000,-0.2536000,0.0000000,66.2330000,-0.0540000,-24.1193000
20240315,411,C,63.9550,63.9550,63.9550,63.9550,0,0,0.2313000,0.9262000,0.0000000,28.9217000,-0.1018000,72.0620000
20240315,411,P,1.2150,1.2150,1.2150,1.2150,0,0,0.2152000,-0.0606000,0.0000000,24.8574000,-0.0332000,-5.7706000
20240315,475,C,9.9050,9.9050,9.9050,9.9050,0,0,0.1259000,0.4953000,0.0000000,82.5192000,-0.1060000,43.2709000
20240315,475,P,11.3850,11.3850,11.3850,11.3850,0,0,0.1314000,-0.5034000,0.0000000,82.5216000,-0.0398000,-48.1468000
20240315,645,P,175.9300,175.9300,175.9300,175.9300,0,0,0.5563000,-0.8713000,0.0000000,43.4330000,-0.0838000,-113.7230000
20240315,240,C,231.9800,231.9800,231.9800,231.9800,0,0,0.6929000,0.9913000,0.0000000,4.8670000,-0.0581000,45.3177000
20240315,240,P,0.0450,0.0450,0.0450,0.0450,0,0,0.5296000,-0.0012000,0.0000000,0.8383000,-0.0030000,-0.1194000
20240315,432,C,44.2000,44.2000,44.2000,44.2000,0,0,0.1930000,0.8710000,0.0000000,43.5238000,-0.1129000,70.8680000
20240315,432,P,2.3200,2.3200,2.3200,2.3200,0,0,0.1847000,-0.1192000,0.0000000,41.2037000,-0.0449000,-11.3332000
20240315,496,C,2.0350,2.0350,2.0350,2.0350,0,0,0.1071000,0.1740000,0.0000000,53.1365000,-0.0518000,15.4833000
20240315,496,P,26.9400,26.9400,26.9400,26.9400,0,0,0.1573000,-0.7323000,0.0000000,68.0962000,-0.0207000,-72.0563000
20240315,560,C,0.0350,0.0350,0.0350,0.0350,0,0,0.1386000,0.0035000,0.0000000,2.1744000,-0.0023000,0.3135000
20240315,560,P,90.9450,90.9450,90.9450,90.9450,0,0,0.3540000,-0.8389000,0.0000000,50.5389000,-0.0544000,-94.2339000
20240315,325,C,148.0650,148.0650,148.0650,148.0650,0,0,0.4309000,0.9812000,0.0000000,9.4804000,-0.0748000,60.7229000
20240315,325,P,0.1950,0.1950,0.1950,0.1950,0,0,0.3623000,-0.0073000,0.0000000,4.1936000,-0.0101000,-0.7047000
20240315,453,C,25.7700,25.7700,25.7700,25.7700,0,0,0.1588000,0.7519000,0.0000000,65.4563000,-0.1214000,63.5940000
20240315,453,P,4.8650,4.8650,4.8650,4.8650,0,0,0.1563000,-0.2448000,0.0000000,65.0132000,-0.0538000,-23.2875000
20240315,410,C,64.9150,64.9150,64.9150,64.9150,0,0,0.2333000,0.9278000,0.0000000,28.4191000,-0.1013000,72.0277000
20240315,410,P,1.1800,1.1800,1.1800,1.1800,0,0,0.2169000,-0.0590000,0.0000000,24.3214000,-0.0328000,-5.6129000
20240315,474,C,10.4850,10.4850,10.4850,10.4850,0,0,0.1272000,0.5106000,0.0000000,82.4953000,-0.1077000,44.5493000
20240315,474,P,10.9300,10.9300,10.9300,10.9300,0,0,0.1322000,-0.4888000,0.0000000,82.4927000,-0.0413000,-46.7300000
20240315,431,C,45.1200,45.1200,45.1200,45.1200,0,0,0.1948000,0.8746000,0.0000000,42.6576000,-0.1124000,71.0241000
20240315,431,P,2.2500,2.2500,2.2500,2.2500,0,0,0.1862000,-0.1155000,0.0000000,40.2818000,-0.0445000,-10.9775000
20240315,495,C,2.2300,2.2300,2.2300,2.2300,0,0,0.1077000,0.1867000,0.0000000,55.5366000,-0.0547000,16.6024000
20240315,495,P,25.9400,25.9400,25.9400,25.9400,0,0,0.1536000,-0.7280000,0.0000000,68.6426000,-0.0200000,-71.4689000
20240315,260,C,212.2250,212.2250,212.2250,212.2250,0,0,0.6238000,0.9898000,0.0000000,5.5959000,-0.0618000,49.0250000
20240315,260,P,0.0650,0.0650,0.0650,0.0650,0,0,0.4892000,-0.0019000,0.0000000,1.2655000,-0.0042000,-0.1871000
20240315,452,C,26.5800,26.5800,26.5800,26.5800,0,0,0.1601000,0.7602000,0.0000000,64.2733000,-0.1212000,64.1883000
20240315,452,P,4.6950,4.6950,4.6950,4.6950,0,0,0.1577000,-0.2367000,0.0000000,63.8237000,-0.0537000,-22.5089000
20240315,580,C,0.0150,0.0150,0.0150,0.0150,0,0,0.1484000,0.0011000,0.0000000,0.7851000,-0.0008000,0.1021000
20240315,580,P,110.9400,110.9400,110.9400,110.9400,0,0,0.4057000,-0.8505000,0.0000000,48.1176000,-0.0622000,-99.1770000
20240315,345,C,128.3650,128.3650,128.3650,128.3650,0,0,0.3793000,0.9762000,0.0000000,11.5846000,-0.0796000,64.0975000
20240315,345,P,0.2750,0.2750,0.2750,0.2750,0,0,0.3254000,-0.0111000,0.0000000,6.0731000,-0.0131000,-1.0720000
20240315,409,C,65.8750,65.8750,65.8750,65.8750,0,0,0.2353000,0.9294000,0.0000000,27.9270000,-0.1009000,71.9888000
20240315,409,P,1.1500,1.1500,1.1500,1.1500,0,0,0.2185000,-0.0573000,0.0000000,23.7824000,-0.0324000,-5.4558000
20240315,473,C,11.0850,11.0850,11.0850,11.0850,0,0,0.1285000,0.5256000,0.0000000,82.3546000,-0.1093000,45.7983000
20240315,473,P,10.5000,10.5000,10.5000,10.5000,0,0,0.1330000,-0.4744000,0.0000000,82.3558000,-0.0427000,-45.3312000
20240315,430,C,46.0400,46.0400,46.0400,46.0400,0,0,0.1964000,0.8783000,0.0000000,41.7829000,-0.1118000,71.1786000
20240315,430,P,2.1700,2.1700,2.1700,2.1700,0,0,0.1875000,-0.1115000,0.0000000,39.2809000,-0.0438000,-10.5965000
20240315,494,C,2.4450,2.4450,2.4450,2.4450,0,0,0.1083000,0.1996000,0.0000000,57.8495000,-0.0575000,17.7391000
20240315,494,P,24.9400,24.9400,24.9400,24.9400,0,0,0.1498000,-0.7235000,0.0000000,69.2043000,-0.0192000,-70.8615000
20240315,195,C,276.4500,276.4500,276.4500,276.4500,0,0,0.8691000,0.9939000,0.0000000,3.5490000,-0.0497000,36.9058000
20240315,195,P,0.0150,0.0150,0.0150,0.0150,0,0,0.6125000,-0.0003000,0.0000000,0.2358000,-0.0009000,-0.0303000
20240315,451,C,27.4300,27.4300,27.4300,27.4300,0,0,0.1619000,0.7676000,0.0000000,63.1766000,-0.1211000,64.6960000
20240315,451,P,4.5250,4.5250,4.5250,4.5250,0,0,0.1589000,-0.2286000,0.0000000,62.6067000,-0.0535000,-21.7405000
20240315,515,C,0.3150,0.3150,0.3150,0.3150,0,0,0.1038000,0.0367000,0.0000000,16.6431000,-0.0146000,3.2943000
20240315,515,P,45.9400,45.9400,45.9400,45.9400,0,0,0.2228000,-0.7868000,0.0000000,60.1350000,-0.0330000,-80.7257000
20240315,280,C,192.4700,192.4700,192.4700,192.4700,0,0,0.5605000,0.9878000,0.0000000,6.5273000,-0.0657000,52.6870000
20240315,280,P,0.0850,0.0850,0.0850,0.0850,0,0,0.4453000,-0.0027000,0.0000000,1.7404000,-0.0052000,-0.2649000
20240315,408,C,66.8300,66.8300,66.8300,66.8300,0,0,0.2373000,0.9311000,0.0000000,27.4307000,-0.1004000,71.9502000
20240315,408,P,1.1150,1.1150,1.1150,1.1150,0,0,0.2197000,-0.0553000,0.0000000,23.1334000,-0.0317000,-5.2674000
20240315,472,C,11.7000,11.7000,11.7000,11.7000,0,0,0.1299000,0.5402000,0.0000000,82.1041000,-0.1108000,47.0142000
20240315,472,P,10.0850,10.0850,10.0850,10.0850,0,0,0.1338000,-0.4602000,0.0000000,82.1145000,-0.0440000,-43.9504000
20240315,600,C,0.0150,0.0150,0.0150,0.0150,0,0,0.1718000,0.0010000,0.0000000,0.7351000,-0.0009000,0.0947000
20240315,600,P,130.9350,130.9350,130.9350,130.9350,0,0,0.4544000,-0.8590000,0.0000000,46.2519000,-0.0692000,-103.8439000
20240315,365,C,108.7100,108.7100,108.7100,108.7100,0,0,0.3312000,0.9686000,0.0000000,14.6092000,-0.0851000,67.2246000
20240315,365,P,0.4050,0.4050,0.4050,0.4050,0,0,0.2902000,-0.0176000,0.0000000,9.0136000,-0.0171000,-1.6899000
20240315,429,C,46.9650,46.9650,46.9650,46.9650,0,0,0.1981000,0.8818000,0.0000000,40.9242000,-0.1112000,71.3216000
20240315,429,P,2.1050,2.1050,2.1050,2.1050,0,0,0.1889000,-0.1078000,0.0000000,38.3509000,-0.0432000,-10.2488000
20240315,493,C,2.6650,2.6650,2.6650,2.6650,0,0,0.1087000,0.2128000,0.0000000,60.0839000,-0.0603000,18.8987000
20240315,493,P,23.9400,23.9400,23.9400,23.9400,0,0,0.1460000,-0.7187000,0.0000000,69.7850000,-0.0184000,-70.2301000
20240315,535,C,0.0750,0.0750,0.0750,0.0750,0,0,0.1147000,0.0089000,0.0000000,4.9960000,-0.0046000,0.8015000
20240315,535,P,65.9350,65.9350,65.9350,65.9350,0,0,0.2840000,-0.8170000,0.0000000,54.8304000,-0.0433000,-87.3697000
20240315,450,C,28.2650,28.2650,28.2650,28.2650,0,0,0.1633000,0.7751000,0.0000000,62.0124000,-0.1208000,65.2249000
20240315,450,P,4.3650,4.3650,4.3650,4.3650,0,0,0.1603000,-0.2209000,0.0000000,61.4056000,-0.0534000,-21.0089000
20240315,215,C,256.6800,256.6800,256.6800,256.6800,0,0,0.7853000,0.9929000,0.0000000,4.0498000,-0.0532000,40.6626000
20240315,215,P,0.0250,0.0250,0.0250,0.0250,0,0,0.5749000,-0.0005000,0.0000000,0.4281000,-0.0016000,-0.0576000
20240315,407,C,67.7900,67.7900,67.7900,67.7900,0,0,0.2392000,0.9326000,0.0000000,26.9446000,-0.0999000,71.9072000
20240315,407,P,1.0850,1.0850,1.0850,1.0850,0,0,0.2213000,-0.0537000,0.0000000,22.6057000,-0.0313000,-5.1165000
20240315,471,C,12.3250,12.3250,12.3250,12.3250,0,0,0.1311000,0.5546000,0.0000000,81.7501000,-0.1121000,48.2034000
20240315,471,P,9.6850,9.6850,9.6850,9.6850,0,0,0.1347000,-0.4462000,0.0000000,81.7734000,-0.0452000,-42.5926000
20240315,300,C,172.7250,172.7250,172.7250,172.7250,0,0,0.5001000,0.9854000,0.0000000,7.6097000,-0.0695000,56.3134000
20240315,300,P,0.1250,0.1250,0.1250,0.1250,0,0,0.4091000,-0.0043000,0.0000000,2.6356000,-0.0072000,-0.4193000
20240315,428,C,47.8900,47.8900,47.8900,47.8900,0,0,0.1999000,0.8850000,0.0000000,40.1305000,-0.1107000,71.4341000
20240315,428,P,2.0400,2.0400,2.0400,2.0400,0,0,0.1904000,-0.1045000,0.0000000,37.4921000,-0.0427000,-9.9333000
20240315,492,C,2.9100,2.9100,2.9100,2.9100,0,0,0.1095000,0.2269000,0.0000000,62.3497000,-0.0633000,20.1435000
20240315,492,P,22.9400,22.9400,22.9400,22.9400,0,0,0.1422000,-0.7136000,0.0000000,70.3857000,-0.0176000,-69.5722000
20240315,620,C,0.0150,0.0150,0.0150,0.0150,0,0,0.1933000,0.0009000,0.0000000,0.6615000,-0.0009000,0.0842000
20240315,620,P,150.9350,150.9350,150.9350,150.9350,0,0,0.5010000,-0.8654000,0.0000000,44.8206000,-0.0759000,-108.3132000
20240315,385,C,89.1250,89.1250,89.1250,89.1250,0,0,0.2850000,0.9569000,0.0000000,18.9135000,-0.0910000,69.9720000
20240315,385,P,0.6250,0.6250,0.6250,0.6250,0,0,0.2564000,-0.0290000,0.0000000,13.7182000,-0.0226000,-2.7741000
20240315,449,C,29.0800,29.0800,29.0800,29.0800,0,0,0.1645000,0.7828000,0.0000000,60.7926000,-0.1203000,65.7651000
20240315,449,P,4.2050,4.2050,4.2050,4.2050,0,0,0.1616000,-0.2133000,0.0000000,60.1791000,-0.0530000,-20.2859000
20240315,555,C,0.0350,0.0350,0.0350,0.0350,0,0,0.1318000,0.0036000,0.0000000,2.2417000,-0.0023000,0.3246000
20240315,555,P,85.9450,85.9450,85.9450,85.9450,0,0,0.3405000,-0.8354000,0.0000000,51.2656000,-0.0523000,-92.9353000
20240315,406,C,68.7550,68.7550,68.7550,68.7550,0,0,0.2411000,0.9342000,0.0000000,26.4544000,-0.0994000,71.8645000
20240315,406,P,1.0550,1.0550,1.0550,1.0550,0,0,0.2227000,-0.0521000,0.0000000,22.0605000,-0.0308000,-4.9617000
20240315,470,C,12.9700,12.9700,12.9700,12.9700,0,0,0.1326000,0.5685000,0.0000000,81.3017000,-0.1134000,49.3522000
20240315,470,P,9.3000,9.3000,9.3000,9.3000,0,0,0.1357000,-0.4324000,0.0000000,81.3377000,-0.0464000,-41.2601000
20240315,235,C,236.9200,236.9200,236.9200,236.9200,0,0,0.7106000,0.9916000,0.0000000,4.6881000,-0.0571000,44.3901000
20240315,235,P,0.0350,0.0350,0.0350,0.0350,0,0,0.5312000,-0.0009000,0.0000000,0.6524000,-0.0023000,-0.0908000
20240315,427,C,48.8200,48.8200,48.8200,48.8200,0,0,0.2017000,0.8882000,0.0000000,39.3363000,-0.1101000,71.5430000
20240315,427,P,1.9700,1.9700,1.9700,1.9700,0,0,0.1917000,-0.1009000,0.0000000,36.5628000,-0.0420000,-9.5959000
20240315,491,C,3.1700,3.1700,3.1700,3.1700,0,0,0.1102000,0.2413000,0.0000000,64.4984000,-0.0663000,21.3995000
20240315,491,P,21.9700,21.9700,21.9700,21.9700,0,0,0.1387000,-0.7076000,0.0000000,71.0752000,-0.0171000,-68.8360000
