#expiry,strike,right,open,high,low,close,volume,open_interest,implied_volatility,delta,gamma,vega,theta,rho
,,,474.1700,474.1700,474.1700,474.1700,0,,,,,,,
20240108,416,C,58.3750,58.3750,58.3750,58.3750,0,0,5.9189000,0.9821000,0.0000000,0.2222000,-15.8430000,0.0465000
20240108,448,C,26.1500,26.1500,26.1500,26.1500,0,0,,,,,,
20240108,480,P,6.0250,6.0250,6.0250,6.0250,0,0,0.8656000,-0.9059000,0.0000000,0.8501000,-8.7679000,-0.0497000
20240108,437,C,37.1150,37.1150,37.1150,37.1150,0,0,,,,,,
20240108,405,C,69.1600,69.1600,69.1600,69.1600,0,0,,,,,,
20240108,469,C,5.1500,5.1500,5.1500,5.1500,0,0,,,,,,
20240108,426,C,48.1450,48.1450,48.1450,48.1450,0,0,,,,,,
20240108,458,C,16.1300,16.1300,16.1300,16.1300,0,0,,,,,,
20240108,490,P,15.8450,15.8450,15.8450,15.8450,0,0,1.2218000,-0.9939000,0.0000000,0.0869000,-1.2037000,-0.0556000
20240108,415,C,58.8000,58.8000,58.8000,58.8000,0,0,,,,,,
20240108,447,C,27.1650,27.1650,27.1650,27.1650,0,0,,,,,,
20240108,479,P,4.9200,4.9200,4.9200,4.9200,0,0,0.6312000,-0.9329000,0.0000000,0.6577000,-4.9173000,-0.0510000
20240108,436,C,38.0950,38.0950,38.0950,38.0950,0,0,,,,,,
20240108,500,P,25.6300,25.6300,25.6300,25.6300,0,0,,,,,,
20240108,468,C,6.1400,6.1400,6.1400,6.1400,0,0,,,,,,
20240108,425,C,49.1000,49.1000,49.1000,49.1000,0,0,,,,,,
20240108,457,C,17.1150,17.1150,17.1150,17.1150,0,0,,,,,,
20240108,489,P,14.8500,14.8500,14.8500,14.8500,0,0,1.2437000,-0.9895000,0.0000000,0.1401000,-2.0206000,-0.0552000
20240108,414,C,60.1450,60.1450,60.1450,60.1450,0,0,,,,,,
20240108,446,C,28.1600,28.1600,28.1600,28.1600,0,0,,,,,,
20240108,478,P,3.9650,3.9650,3.9650,3.9650,0,0,0.5781000,-0.9029000,0.0000000,0.8700000,-5.9732000,-0.0493000
20240108,510,P,36.2200,36.2200,36.2200,36.2200,0,0,4.0268000,-0.9526000,0.0000000,0.4999000,-24.0881000,-0.0557000
20240108,435,C,39.1050,39.1050,39.1050,39.1050,0,0,,,,,,
20240108,467,C,7.1500,7.1500,7.1500,7.1500,0,0,,,,,,
20240108,499,P,24.6450,24.6450,24.6450,24.6450,0,0,,,,,,
20240108,424,C,50.1200,50.1200,50.1200,50.1200,0,0,,,,,,
20240108,456,C,18.0750,18.0750,18.0750,18.0750,0,0,,,,,,
20240108,520,P,45.5950,45.5950,45.5950,45.5950,0,0,,,,,,
20240108,488,P,13.7550,13.7550,13.7550,13.7550,0,0,,,,,,
20240108,413,C,61.4150,61.4150,61.4150,61.4150,0,0,6.3730000,0.9804000,0.0000000,0.2408000,-18.4814000,0.0460000
20240108,445,C,29.1350,29.1350,29.1350,29.1350,0,0,,,,,,
20240108,477,P,2.9050,2.9050,2.9050,2.9050,0,0,0.3964000,-0.9194000,0.0000000,0.7573000,-3.5393000,-0.0500000
20240108,434,C,40.2350,40.2350,40.2350,40.2350,0,0,3.5515000,0.9906000,0.0000000,0.1271000,-5.4825000,0.0490000
20240108,466,C,8.1650,8.1650,8.1650,8.1650,0,0,,,,,,
20240108,498,P,23.9250,23.9250,23.9250,23.9250,0,0,2.2636000,-0.9780000,0.0000000,0.2653000,-7.1381000,-0.0556000
20240108,530,P,55.4350,55.4350,55.4350,55.4350,0,0,,,,,,
20240108,423,C,51.3700,51.3700,51.3700,51.3700,0,0,5.2650000,0.9802000,0.0000000,0.2430000,-15.4162000,0.0471000
20240108,455,C,19.1200,19.1200,19.1200,19.1200,0,0,,,,,,
20240108,487,P,12.8350,12.8350,12.8350,12.8350,0,0,0.8750000,-0.9978000,0.0000000,0.0347000,-0.2944000,-0.0554000
20240108,412,C,61.8350,61.8350,61.8350,61.8350,0,0,,,,,,
20240108,444,C,30.4950,30.4950,30.4950,30.4950,0,0,3.6060000,0.9578000,0.0000000,0.4559000,-19.7907000,0.0483000
20240108,476,C,0.0150,0.0150,0.0150,0.0150,0,0,0.1875000,0.0275000,0.0000000,0.3207000,-0.7235000,0.0014000
20240108,476,P,1.8650,1.8650,1.8650,1.8650,0,0,0.2343000,-0.9375000,0.0000000,0.6226000,-1.6862000,-0.0509000
20240108,540,P,65.8200,65.8200,65.8200,65.8200,0,0,,,,,,
20240108,433,C,41.1200,41.1200,41.1200,41.1200,0,0,,,,,,
20240108,465,C,9.2900,9.2900,9.2900,9.2900,0,0,1.1125000,0.9504000,0.0000000,0.5186000,-6.9877000,0.0503000
20240108,497,P,22.8900,22.8900,22.8900,22.8900,0,0,2.0585000,-0.9832000,0.0000000,0.2106000,-5.1314000,-0.0558000
20240108,422,C,52.0900,52.0900,52.0900,52.0900,0,0,,,,,,
20240108,454,C,20.2600,20.2600,20.2600,20.2600,0,0,2.0410000,0.9774000,0.0000000,0.2710000,-6.7033000,0.0505000
20240108,486,P,11.8650,11.8650,11.8650,11.8650,0,0,1.0812000,-0.9832000,0.0000000,0.2105000,-2.6623000,-0.0545000
20240108,411,C,63.1150,63.1150,63.1150,63.1150,0,0,,,,,,
20240108,443,C,31.1300,31.1300,31.1300,31.1300,0,0,,,,,,
20240108,475,C,0.0750,0.0750,0.0750,0.0750,0,0,0.1640000,0.1602000,0.0000000,1.2339000,-2.4404000,0.0086000
20240108,475,P,0.9150,0.9150,0.9150,0.9150,0,0,0.1738000,-0.8257000,0.0000000,1.3024000,-2.6596000,-0.0448000
20240108,432,C,42.2350,42.2350,42.2350,42.2350,0,0,3.7210000,0.9909000,0.0000000,0.1239000,-5.5983000,0.0488000
20240108,464,C,10.3250,10.3250,10.3250,10.3250,0,0,1.2683000,0.9459000,0.0000000,0.5555000,-8.5194000,0.0500000
20240108,496,P,21.8300,21.8300,21.8300,21.8300,0,0,1.3750000,-0.9988000,0.0000000,0.0189000,-0.2405000,-0.0565000
20240108,421,C,53.1450,53.1450,53.1450,53.1450,0,0,,,,,,
20240108,453,C,21.0500,21.0500,21.0500,21.0500,0,0,,,,,,
20240108,485,P,10.7150,10.7150,10.7150,10.7150,0,0,,,,,,
20240108,410,C,64.1300,64.1300,64.1300,64.1300,0,0,,,,,,
20240108,442,C,32.2450,32.2450,32.2450,32.2450,0,0,2.9609000,0.9873000,0.0000000,0.1656000,-5.9486000,0.0497000
20240108,474,C,0.4000,0.4000,0.4000,0.4000,0,0,0.1513000,0.5895000,0.0000000,1.9700000,-3.6189000,0.0318000
20240108,474,P,0.2450,0.2450,0.2450,0.2450,0,0,0.1582000,-0.4142000,0.0000000,1.9742000,-3.7194000,-0.0224000
20240108,431,C,43.1200,43.1200,43.1200,43.1200,0,0,,,,,,
20240108,495,P,20.8900,20.8900,20.8900,20.8900,0,0,1.9121000,-0.9818000,0.0000000,0.2257000,-5.1082000,-0.0555000
20240108,463,C,11.3000,11.3000,11.3000,11.3000,0,0,1.3257000,0.9545000,0.0000000,0.4842000,-7.7684000,0.0503000
20240108,420,C,54.1400,54.1400,54.1400,54.1400,0,0,,,,,,
20240108,452,C,22.2500,22.2500,22.2500,22.2500,0,0,2.1757000,0.9808000,0.0000000,0.2363000,-6.2363000,0.0505000
20240108,484,P,9.7100,9.7100,9.7100,9.7100,0,0,,,,,,
20240108,409,C,65.1150,65.1150,65.1150,65.1150,0,0,,,,,,
20240108,441,C,33.1000,33.1000,33.1000,33.1000,0,0,,,,,,
20240108,473,C,1.2050,1.2050,1.2050,1.2050,0,0,0.1601000,0.9262000,0.0000000,0.7082000,-1.4249000,0.0499000
20240108,473,P,0.0450,0.0450,0.0450,0.0450,0,0,0.1777000,-0.0959000,0.0000000,0.8624000,-1.8327000,-0.0051000
20240108,505,P,30.8900,30.8900,30.8900,30.8900,0,0,2.6445000,-0.9866000,0.0000000,0.1738000,-5.4440000,-0.0569000
20240108,430,C,44.0750,44.0750,44.0750,44.0750,0,0,,,,,,
20240108,494,P,19.7450,19.7450,19.7450,19.7450,0,0,,,,,,
20240108,462,C,12.0950,12.0950,12.0950,12.0950,0,0,,,,,,
20240108,419,C,55.1750,55.1750,55.1750,55.1750,0,0,,,,,,
20240108,451,C,23.0850,23.0850,23.0850,23.0850,0,0,,,,,,
20240108,483,P,8.8150,8.8150,8.8150,8.8150,0,0,,,,,,
20240108,515,P,41.2350,41.2350,41.2350,41.2350,0,0,4.4718000,-0.9558000,0.0000000,0.4725000,-25.2888000,-0.0564000
20240108,525,P,50.8650,50.8650,50.8650,50.8650,0,0,3.7210000,-0.9944000,0.0000000,0.0800000,-3.4971000,-0.0596000
20240108,440,C,34.2750,34.2750,34.2750,34.2750,0,0,3.3007000,0.9837000,0.0000000,0.2053000,-8.1968000,0.0493000
20240108,408,C,66.1650,66.1650,66.1650,66.1650,0,0,,,,,,
20240108,472,C,2.1600,2.1600,2.1600,2.1600,0,0,,,,,,
20240108,472,P,0.0150,0.0150,0.0150,0.0150,0,0,0.2187000,-0.0246000,0.0000000,0.2924000,-0.7658000,-0.0013000
20240108,429,C,45.1400,45.1400,45.1400,45.1400,0,0,,,,,,
20240108,493,P,18.9900,18.9900,18.9900,18.9900,0,0,2.0585000,-0.9607000,0.0000000,0.4300000,-10.5538000,-0.0541000
20240108,461,C,13.2250,13.2250,13.2250,13.2250,0,0,1.2875000,0.9800000,0.0000000,0.2446000,-3.8459000,0.0515000
20240108,535,P,60.8200,60.8200,60.8200,60.8200,0,0,,,,,,
20240108,450,C,24.2550,24.2550,24.2550,24.2550,0,0,2.3457000,0.9821000,0.0000000,0.2226000,-6.3325000,0.0503000
20240108,418,C,56.1050,56.1050,56.1050,56.1050,0,0,,,,,,
20240108,482,P,7.9250,7.9250,7.9250,7.9250,0,0,0.9171000,-0.9521000,0.0000000,0.5046000,-5.4879000,-0.0524000
20240108,439,C,34.8550,34.8550,34.8550,34.8550,0,0,,,,,,
20240108,407,C,67.1650,67.1650,67.1650,67.1650,0,0,,,,,,
20240108,471,C,3.1600,3.1600,3.1600,3.1600,0,0,,,,,,
20240108,471,P,0.0150,0.0150,0.0150,0.0150,0,0,0.2968000,-0.0170000,0.0000000,0.2144000,-0.7626000,-0.0009000
20240108,545,P,70.8150,70.8150,70.8150,70.8150,0,0,,,,,,
20240108,428,C,46.4350,46.4350,46.4350,46.4350,0,0,5.0107000,0.9738000,0.0000000,0.3076000,-18.5568000,0.0474000
20240108,460,C,14.1150,14.1150,14.1150,14.1150,0,0,,,,,,
20240108,492,P,17.9250,17.9250,17.9250,17.9250,0,0,1.7851000,-0.9729000,0.0000000,0.3166000,-6.7128000,-0.0547000
20240108,417,C,56.7750,56.7750,56.7750,56.7750,0,0,,,,,,
20240108,449,C,24.8300,24.8300,24.8300,24.8300,0,0,,,,,,
20240108,481,P,6.9700,6.9700,6.9700,6.9700,0,0,0.9054000,-0.9295000,0.0000000,0.6832000,-7.3584000,-0.0511000
20240108,438,C,36.3500,36.3500,36.3500,36.3500,0,0,3.7998000,0.9758000,0.0000000,0.2875000,-13.1726000,0.0486000
20240108,406,C,68.1600,68.1600,68.1600,68.1600,0,0,,,,,,
20240108,470,C,4.1500,4.1500,4.1500,4.1500,0,0,,,,,,
20240108,427,C,47.1300,47.1300,47.1300,47.1300,0,0,,,,,,
20240108,491,P,16.9050,16.9050,16.9050,16.9050,0,0,1.6375000,-0.9763000,0.0000000,0.2821000,-5.4741000,-0.0547000
20240108,459,C,15.2450,15.2450,15.2450,15.2450,0,0,1.5335000,0.9768000,0.0000000,0.2773000,-5.1699000,0.0511000
20240109,416,C,58.2250,58.2250,58.2250,58.2250,0,0,0.7881625,0.9993036,0.0001234,0.0005990,-0.0748474,0.0113867
20240109,448,C,26.2450,26.2450,26.2450,26.2450,0,0,0.3593000,0.9987000,0.0000000,0.1041000,-0.0836000,1.2383000
20240109,448,P,0.0150,0.0150,0.0150,0.0150,0,0,0.3984000,-0.0032000,0.0000000,0.2425000,-0.0475000,-0.0042000
20240109,480,C,0.0350,0.0350,0.0350,0.0350,0,0,0.1191000,0.0272000,0.0000000,1.5669000,-0.0942000,0.0356000
20240109,480,P,5.8250,5.8250,5.8250,5.8250,0,0,0.1347000,-0.9553000,0.0000000,2.3496000,-0.0899000,-1.2701000
20240109,437,C,37.2250,37.2250,37.2250,37.2250,0,0,0.4650260,0.9996255,0.0001178,0.0003374,-0.0616923,0.0119662
20240109,437,P,0.0150,0.0150,0.0150,0.0150,0,0,0.5500000,-0.0022000,0.0000000,0.1761000,-0.0477000,-0.0029000
20240109,405,C,69.2250,69.2250,69.2250,69.2250,0,0,0.9598968,0.9992269,0.0001116,0.0006596,-0.0815364,0.0110843
20240109,469,C,5.3200,5.3200,5.3200,5.3200,0,0,0.1337000,0.9431000,0.0000000,2.8483000,-0.2528000,1.2232000
20240109,469,P,0.0950,0.0950,0.0950,0.0950,0,0,0.1367000,-0.0607000,0.0000000,3.0028000,-0.1989000,-0.0800000
20240109,426,C,48.2350,48.2350,48.2350,48.2350,0,0,0.7284160,0.9976873,0.0004001,0.0017951,-0.1177578,0.0116394
20240109,458,C,16.2400,16.2400,16.2400,16.2400,0,0,0.2187000,0.9987000,0.0000000,0.1000000,-0.0773000,1.2660000
20240109,458,P,0.0150,0.0150,0.0150,0.0150,0,0,0.2578000,-0.0050000,0.0000000,0.3610000,-0.0457000,-0.0065000
20240109,490,P,15.8250,15.8250,15.8250,15.8250,0,0,0.3066000,-0.9782000,0.0000000,1.2983000,-0.1272000,-1.3278000
20240109,415,C,59.2250,59.2250,59.2250,59.2250,0,0,0.8036499,0.9992949,0.0001224,0.0006059,-0.0754641,0.0113592
20240109,447,C,27.2300,27.2300,27.2300,27.2300,0,0,0.3881995,0.9982511,0.0005825,0.0013929,-0.0820361,0.0122222
20240109,447,P,0.0150,0.0150,0.0150,0.0150,0,0,0.4140000,-0.0032000,0.0000000,0.2421000,-0.0493000,-0.0042000
20240109,479,C,0.0550,0.0550,0.0550,0.0550,0,0,0.1113000,0.0443000,0.0000000,2.3375000,-0.1318000,0.0580000
20240109,479,P,4.8550,4.8550,4.8550,4.8550,0,0,0.1259000,-0.9336000,0.0000000,3.2140000,-0.1352000,-1.2389000
20240109,436,C,38.2450,38.2450,38.2450,38.2450,0,0,0.5375000,0.9985000,0.0000000,0.1149000,-0.0939000,1.2049000
20240109,500,P,25.8250,25.8250,25.8250,25.8250,0,0,0.4628000,-0.9846000,0.0000000,0.9663000,-0.1496000,-1.3638000
20240109,468,C,6.2900,6.2900,6.2900,6.2900,0,0,0.1406000,0.9635000,0.0000000,1.9917000,-0.2041000,1.2474000
20240109,468,P,0.0550,0.0550,0.0550,0.0550,0,0,0.1396000,-0.0354000,0.0000000,1.9475000,-0.1321000,-0.0466000
20240109,425,C,49.2350,49.2350,49.2350,49.2350,0,0,0.7436173,0.9977109,0.0003883,0.0017786,-0.1183838,0.0116123
20240109,457,C,17.2550,17.2550,17.2550,17.2550,0,0,0.2812000,0.9939000,0.0000000,0.4267000,-0.1254000,1.2569000
20240109,457,P,0.0150,0.0150,0.0150,0.0150,0,0,0.2734000,-0.0049000,0.0000000,0.3559000,-0.0478000,-0.0064000
20240109,489,P,14.8250,14.8250,14.8250,14.8250,0,0,0.2910000,-0.9769000,0.0000000,1.3630000,-0.1267000,-1.3233000
20240109,414,C,60.2250,60.2250,60.2250,60.2250,0,0,0.8191373,0.9992869,0.0001214,0.0006123,-0.0760715,0.0113317
20240109,446,C,28.2300,28.2300,28.2300,28.2300,0,0,0.4025044,0.9982693,0.0005565,0.0013797,-0.0826446,0.0121951
20240109,446,P,0.0150,0.0150,0.0150,0.0150,0,0,0.4296000,-0.0031000,0.0000000,0.2416000,-0.0511000,-0.0042000
20240109,478,C,0.1050,0.1050,0.1050,0.1050,0,0,0.1074000,0.0815000,0.0000000,3.7640000,-0.2056000,0.1068000
20240109,478,P,3.8600,3.8600,3.8600,3.8600,0,0,0.1079000,-0.9174000,0.0000000,3.7973000,-0.1389000,-1.2149000
20240109,510,P,35.8200,35.8200,35.8200,35.8200,0,0,0.6109000,-0.9876000,0.0000000,0.7997000,-0.1684000,-1.3955000
20240109,435,C,39.2400,39.2400,39.2400,39.2400,0,0,0.5500000,0.9986000,0.0000000,0.1108000,-0.0933000,1.2022000
20240109,467,C,7.2750,7.2750,7.2750,7.2750,0,0,0.1464000,0.9772000,0.0000000,1.3473000,-0.1640000,1.2626000
20240109,467,P,0.0450,0.0450,0.0450,0.0450,0,0,0.1523000,-0.0272000,0.0000000,1.5658000,-0.1161000,-0.0358000
20240109,499,P,24.8250,24.8250,24.8250,24.8250,0,0,0.4492000,-0.9838000,0.0000000,1.0049000,-0.1519000,-1.3601000
20240109,424,C,50.2350,50.2350,50.2350,50.2350,0,0,0.7588567,0.9977334,0.0003771,0.0017627,-0.1190151,0.0115852
20240109,456,C,18.2350,18.2350,18.2350,18.2350,0,0,0.2832927,0.9959847,0.0016907,0.0029504,-0.0977681,0.0124392
20240109,456,P,0.0150,0.0150,0.0150,0.0150,0,0,0.2851000,-0.0043000,0.0000000,0.3202000,-0.0448000,-0.0057000
20240109,520,P,45.8350,45.8350,45.8350,45.8350,0,0,0.7671000,-0.9881000,0.0000000,0.7708000,-0.2178000,-1.4239000
20240109,488,P,13.8250,13.8250,13.8250,13.8250,0,0,0.2744000,-0.9757000,0.0000000,1.4188000,-0.1233000,-1.3191000
20240109,413,C,61.2250,61.2250,61.2250,61.2250,0,0,0.8346628,0.9992790,0.0001203,0.0006185,-0.0766820,0.0113042
20240109,445,C,29.2450,29.2450,29.2450,29.2450,0,0,0.4062000,0.9985000,0.0000000,0.1146000,-0.0876000,1.2298000
20240109,445,P,0.0150,0.0150,0.0150,0.0150,0,0,0.4375000,-0.0027000,0.0000000,0.2110000,-0.0455000,-0.0036000
20240109,477,C,0.2250,0.2250,0.2250,0.2250,0,0,0.1086000,0.1556000,0.0000000,5.9616000,-0.3312000,0.2037000
20240109,477,P,2.9950,2.9950,2.9950,2.9950,0,0,0.1103000,-0.8405000,0.0000000,6.0568000,-0.2723000,-1.1115000
20240109,434,C,40.2350,40.2350,40.2350,40.2350,0,0,0.6078073,0.9974626,0.0005214,0.0019523,-0.1126804,0.0118557
20240109,466,C,8.2650,8.2650,8.2650,8.2650,0,0,0.1542000,0.9847000,0.0000000,0.9592000,-0.1399000,1.2697000
20240109,466,P,0.0350,0.0350,0.0350,0.0350,0,0,0.1621000,-0.0197000,0.0000000,1.1944000,-0.0944000,-0.0259000
20240109,498,P,23.8250,23.8250,23.8250,23.8250,0,0,0.4335000,-0.9834000,0.0000000,1.0265000,-0.1489000,-1.3568000
20240109,530,P,55.8350,55.8350,55.8350,55.8350,0,0,0.9031000,-0.9897000,0.0000000,0.6815000,-0.2282000,-1.4536000
20240109,423,C,51.2350,51.2350,51.2350,51.2350,0,0,0.7741247,0.9977552,0.0003664,0.0017473,-0.1196438,0.0115581
20240109,455,C,19.2550,19.2550,19.2550,19.2550,0,0,0.3085000,0.9947000,0.0000000,0.3767000,-0.1233000,1.2524000
20240109,455,P,0.0150,0.0150,0.0150,0.0150,0,0,0.2968000,-0.0039000,0.0000000,0.2899000,-0.0423000,-0.0051000
20240109,487,P,12.8250,12.8250,12.8250,12.8250,0,0,0.2578000,-0.9744000,0.0000000,1.4850000,-0.1203000,-1.3145000
20240109,412,C,62.2250,62.2250,62.2250,62.2250,0,0,0.8502074,0.9992716,0.0001192,0.0006244,-0.0772890,0.0112767
20240109,444,C,30.2450,30.2450,30.2450,30.2450,0,0,0.4218000,0.9985000,0.0000000,0.1175000,-0.0890000,1.2270000
20240109,444,P,0.0150,0.0150,0.0150,0.0150,0,0,0.4531000,-0.0027000,0.0000000,0.2113000,-0.0472000,-0.0036000
20240109,476,C,0.4450,0.4450,0.4450,0.4450,0,0,0.1105000,0.2631000,0.0000000,8.1417000,-0.4636000,0.3441000
20240109,476,P,2.2050,2.2050,2.2050,2.2050,0,0,0.1105000,-0.7368000,0.0000000,8.1417000,-0.3944000,-0.9733000
20240109,540,P,65.8150,65.8150,65.8150,65.8150,0,0,1.0015000,-0.9926000,0.0000000,0.5097000,-0.1746000,-1.4851000
20240109,433,C,41.2350,41.2350,41.2350,41.2350,0,0,0.6227892,0.9974948,0.0005030,0.0019298,-0.1133217,0.0118287
20240109,465,C,9.2550,9.2550,9.2550,9.2550,0,0,0.1562000,0.9917000,0.0000000,0.5621000,-0.1105000,1.2761000
20240109,465,P,0.0350,0.0350,0.0350,0.0350,0,0,0.1796000,-0.0184000,0.0000000,1.1302000,-0.0992000,-0.0243000
20240109,497,P,22.8250,22.8250,22.8250,22.8250,0,0,0.4179000,-0.9830000,0.0000000,1.0505000,-0.1461000,-1.3535000
20240109,422,C,52.2350,52.2350,52.2350,52.2350,0,0,0.7894214,0.9977763,0.0003563,0.0017324,-0.1202699,0.0115310
20240109,454,C,20.2550,20.2550,20.2550,20.2550,0,0,0.3242000,0.9948000,0.0000000,0.3705000,-0.1251000,1.2498000
20240109,454,P,0.0150,0.0150,0.0150,0.0150,0,0,0.3125000,-0.0038000,0.0000000,0.2886000,-0.0443000,-0.0051000
20240109,486,P,11.8450,11.8450,11.8450,11.8450,0,0,0.2519000,-0.9672000,0.0000000,1.8272000,-0.1593000,-1.3023000
20240109,411,C,63.2250,63.2250,63.2250,63.2250,0,0,0.8657901,0.9992644,0.0001181,0.0006301,-0.0778988,0.0112492
20240109,443,C,31.2450,31.2450,31.2450,31.2450,0,0,0.4375000,0.9985000,0.0000000,0.1202000,-0.0903000,1.2242000
20240109,443,P,0.0150,0.0150,0.0150,0.0150,0,0,0.4687000,-0.0027000,0.0000000,0.2115000,-0.0488000,-0.0036000
20240109,475,C,0.7850,0.7850,0.7850,0.7850,0,0,0.1123000,0.3942000,0.0000000,9.6013000,-0.5606000,0.5154000
20240109,475,P,1.5500,1.5500,1.5500,1.5500,0,0,0.1134000,-0.6046000,0.0000000,9.6081000,-0.4972000,-0.7980000
20240109,432,C,42.2350,42.2350,42.2350,42.2350,0,0,0.6377902,0.9975260,0.0004857,0.0019081,-0.1139552,0.0118017
20240109,464,C,10.2550,10.2550,10.2550,10.2550,0,0,0.1718000,0.9922000,0.0000000,0.5345000,-0.1124000,1.2740000
20240109,464,P,0.0250,0.0250,0.0250,0.0250,0,0,0.1855000,-0.0125000,0.0000000,0.8083000,-0.0733000,-0.0164000
20240109,496,P,21.8250,21.8250,21.8250,21.8250,0,0,0.4023000,-0.9825000,0.0000000,1.0774000,-0.1435000,-1.3500000
20240109,421,C,53.2350,53.2350,53.2350,53.2350,0,0,0.8047371,0.9977970,0.0003465,0.0017178,-0.1208856,0.0115038
20240109,453,C,21.2550,21.2550,21.2550,21.2550,0,0,0.3398000,0.9949000,0.0000000,0.3647000,-0.1268000,1.2471000
20240109,453,P,0.0150,0.0150,0.0150,0.0150,0,0,0.3281000,-0.0038000,0.0000000,0.2872000,-0.0463000,-0.0051000
20240109,485,P,10.8450,10.8450,10.8450,10.8450,0,0,0.2343000,-0.9651000,0.0000000,1.9230000,-0.1548000,-1.2968000
20240109,410,C,64.2250,64.2250,64.2250,64.2250,0,0,0.8813919,0.9992575,0.0001171,0.0006355,-0.0785044,0.0112217
20240109,442,C,32.2450,32.2450,32.2450,32.2450,0,0,0.4531000,0.9984000,0.0000000,0.1227000,-0.0917000,1.2213000
20240109,442,P,0.0150,0.0150,0.0150,0.0150,0,0,0.4843000,-0.0027000,0.0000000,0.2115000,-0.0505000,-0.0036000
20240109,474,C,1.2750,1.2750,1.2750,1.2750,0,0,0.1152000,0.5344000,0.0000000,9.9157000,-0.6021000,0.6979000
20240109,474,P,1.0350,1.0350,1.0350,1.0350,0,0,0.1152000,-0.4655000,0.0000000,9.9157000,-0.5331000,-0.6139000
20240109,431,C,43.2200,43.2200,43.2200,43.2200,0,0,,,,,,
20240109,495,P,20.8250,20.8250,20.8250,20.8250,0,0,0.3867000,-0.9819000,0.0000000,1.1076000,-0.1411000,-1.3465000
20240109,463,C,11.2500,11.2500,11.2500,11.2500,0,0,0.1875000,0.9925000,0.0000000,0.5117000,-0.1143000,1.2717000
20240109,463,P,0.0250,0.0250,0.0250,0.0250,0,0,0.2011000,-0.0115000,0.0000000,0.7544000,-0.0743000,-0.0152000
20240109,420,C,54.2350,54.2350,54.2350,54.2350,0,0,0.8201005,0.9978167,0.0003373,0.0017039,-0.1215128,0.0114767
20240109,452,C,22.2550,22.2550,22.2550,22.2550,0,0,0.3515000,0.9954000,0.0000000,0.3337000,-0.1234000,1.2450000
20240109,452,P,0.0150,0.0150,0.0150,0.0150,0,0,0.3437000,-0.0038000,0.0000000,0.2857000,-0.0483000,-0.0050000
20240109,484,P,9.8250,9.8250,9.8250,9.8250,0,0,0.2060000,-0.9695000,0.0000000,1.7203000,-0.1071000,-1.2997000
20240109,409,C,65.2100,65.2100,65.2100,65.2100,0,0,,,,,,
20240109,441,C,33.2450,33.2450,33.2450,33.2450,0,0,0.4687000,0.9984000,0.0000000,0.1250000,-0.0930000,1.2185000
20240109,441,P,0.0150,0.0150,0.0150,0.0150,0,0,0.5000000,-0.0027000,0.0000000,0.2114000,-0.0521000,-0.0036000
20240109,473,C,1.9000,1.9000,1.9000,1.9000,0,0,0.1184000,0.6639000,0.0000000,9.1000000,-0.5787000,0.8662000
20240109,473,P,0.6650,0.6650,0.6650,0.6650,0,0,0.1184000,-0.3360000,0.0000000,9.1000000,-0.5099000,-0.4429000
20240109,505,P,30.8200,30.8200,30.8200,30.8200,0,0,0.5375000,-0.9863000,0.0000000,0.8693000,-0.1587000,-1.3800000
20240109,430,C,44.2350,44.2350,44.2350,44.2350,0,0,0.6678875,0.9975840,0.0004539,0.0018675,-0.1152294,0.0117477
20240109,494,P,19.8250,19.8250,19.8250,19.8250,0,0,0.3710000,-0.9812000,0.0000000,1.1416000,-0.1390000,-1.3429000
20240109,462,C,12.2300,12.2300,12.2300,12.2300,0,0,0.1767646,0.9976593,0.0016667,0.0018148,-0.0728542,0.0126255
20240109,462,P,0.0150,0.0150,0.0150,0.0150,0,0,0.1992000,-0.0062000,0.0000000,0.4374000,-0.0426000,-0.0081000
20240109,419,C,55.2300,55.2300,55.2300,55.2300,0,0,0.8004266,0.9985413,0.0002395,0.0011807,-0.0988164,0.0114589
20240109,451,C,23.2350,23.2350,23.2350,23.2350,0,0,0.3564714,0.9965430,0.0011748,0.0025797,-0.1013728,0.0123095
20240109,451,P,0.0150,0.0150,0.0150,0.0150,0,0,0.3593000,-0.0038000,0.0000000,0.2842000,-0.0502000,-0.0050000
20240109,483,P,8.8450,8.8450,8.8450,8.8450,0,0,0.1992000,-0.9591000,0.0000000,2.1865000,-0.1481000,-1.2834000
20240109,515,P,40.8350,40.8350,40.8350,40.8350,0,0,0.6953000,-0.9873000,0.0000000,0.8178000,-0.2073000,-1.4089000
20240109,525,P,50.8350,50.8350,50.8350,50.8350,0,0,0.8351000,-0.9890000,0.0000000,0.7195000,-0.2217000,-1.4389000
20240109,440,C,34.2450,34.2450,34.2450,34.2450,0,0,0.4843000,0.9984000,0.0000000,0.1270000,-0.0943000,1.2157000
20240109,440,P,0.0150,0.0150,0.0150,0.0150,0,0,0.5124000,-0.0026000,0.0000000,0.2016000,-0.0509000,-0.0034000
20240109,408,C,66.2100,66.2100,66.2100,66.2100,0,0,,,,,,
20240109,472,C,2.6400,2.6400,2.6400,2.6400,0,0,0.1210000,0.7722000,0.0000000,7.5342000,-0.5043000,1.0063000
20240109,472,P,0.4050,0.4050,0.4050,0.4050,0,0,0.1210000,-0.2277000,0.0000000,7.5342000,-0.4357000,-0.3000000
20240109,429,C,45.2350,45.2350,45.2350,45.2350,0,0,0.6829744,0.9976114,0.0004393,0.0018484,-0.1158616,0.0117206
20240109,493,P,18.8250,18.8250,18.8250,18.8250,0,0,0.3554000,-0.9805000,0.0000000,1.1802000,-0.1372000,-1.3391000
20240109,461,C,13.2650,13.2650,13.2650,13.2650,0,0,0.2343000,0.9893000,0.0000000,0.7029000,-0.1478000,1.2619000
20240109,461,P,0.0250,0.0250,0.0250,0.0250,0,0,0.2324000,-0.0101000,0.0000000,0.6723000,-0.0766000,-0.0133000
20240109,535,P,60.8200,60.8200,60.8200,60.8200,0,0,0.9546000,-0.9912000,0.0000000,0.5931000,-0.2030000,-1.4694000
20240109,450,C,24.2300,24.2300,24.2300,24.2300,0,0,0.3454758,0.9981876,0.0006761,0.0014389,-0.0802211,0.0123036
20240109,450,P,0.0150,0.0150,0.0150,0.0150,0,0,0.3710000,-0.0034000,0.0000000,0.2621000,-0.0479000,-0.0046000
20240109,418,C,56.2300,56.2300,56.2300,56.2300,0,0,0.8156278,0.9985474,0.0002341,0.0011761,-0.0994066,0.0114315
20240109,482,C,0.0150,0.0150,0.0150,0.0150,0,0,0.1289000,0.0084000,0.0000000,0.5725000,-0.0371000,0.0110000
20240109,482,P,7.8450,7.8450,7.8450,7.8450,0,0,0.1806000,-0.9556000,0.0000000,2.3351000,-0.1417000,-1.2761000
20240109,439,C,35.2450,35.2450,35.2450,35.2450,0,0,0.5000000,0.9984000,0.0000000,0.1289000,-0.0956000,1.2129000
20240109,439,P,0.0150,0.0150,0.0150,0.0150,0,0,0.5250000,-0.0024000,0.0000000,0.1924000,-0.0498000,-0.0032000
20240109,407,C,67.2250,67.2250,67.2250,67.2250,0,0,0.9283880,0.9992385,0.0001137,0.0006505,-0.0803209,0.0111393
20240109,471,C,3.4600,3.4600,3.4600,3.4600,0,0,0.1218000,0.8582000,0.0000000,5.5990000,-0.3962000,1.1170000
20240109,471,P,0.2450,0.2450,0.2450,0.2450,0,0,0.1252000,-0.1483000,0.0000000,5.7740000,-0.3475000,-0.1953000
20240109,545,P,70.8350,70.8350,70.8350,70.8350,0,0,1.1015000,-0.9911000,0.0000000,0.5993000,-0.2480000,-1.4970000
20240109,428,C,46.2350,46.2350,46.2350,46.2350,0,0,0.6980898,0.9976378,0.0004255,0.0018299,-0.1164926,0.0116936
20240109,460,C,14.2400,14.2400,14.2400,14.2400,0,0,0.2031000,0.9978000,0.0000000,0.1676000,-0.0836000,1.2704000
20240109,460,P,0.0150,0.0150,0.0150,0.0150,0,0,0.2265000,-0.0051000,0.0000000,0.3724000,-0.0413000,-0.0068000
20240109,492,P,17.8450,17.8450,17.8450,17.8450,0,0,0.3544000,-0.9751000,0.0000000,1.4526000,-0.1849000,-1.3293000
20240109,417,C,57.2250,57.2250,57.2250,57.2250,0,0,0.7727133,0.9993126,0.0001244,0.0005920,-0.0742346,0.0114142
20240109,449,C,25.2300,25.2300,25.2300,25.2300,0,0,0.3596852,0.9982105,0.0006420,0.0014223,-0.0808240,0.0122765
20240109,449,P,0.0150,0.0150,0.0150,0.0150,0,0,0.3828000,-0.0032000,0.0000000,0.2426000,-0.0457000,-0.0042000
20240109,481,C,0.0150,0.0150,0.0150,0.0150,0,0,0.1171000,0.0109000,0.0000000,0.7188000,-0.0424000,0.0143000
20240109,481,P,6.8450,6.8450,6.8450,6.8450,0,0,0.1611000,-0.9520000,0.0000000,2.4873000,-0.1316000,-1.2686000
20240109,438,C,36.2450,36.2450,36.2450,36.2450,0,0,0.5124000,0.9984000,0.0000000,0.1239000,-0.0950000,1.2102000
20240109,438,P,0.0150,0.0150,0.0150,0.0150,0,0,0.5375000,-0.0023000,0.0000000,0.1840000,-0.0487000,-0.0031000
20240109,406,C,68.2250,68.2250,68.2250,68.2250,0,0,0.9441424,0.9992325,0.0001127,0.0006552,-0.0809346,0.0111118
20240109,470,C,4.3700,4.3700,4.3700,4.3700,0,0,0.1269000,0.9111000,0.0000000,4.0133000,-0.3143000,1.1838000
20240109,470,P,0.1450,0.1450,0.1450,0.1450,0,0,0.1293000,-0.0930000,0.0000000,4.1511000,-0.2593000,-0.1224000
20240109,427,C,47.2150,47.2150,47.2150,47.2150,0,0,,,,,,
20240109,491,P,16.8450,16.8450,16.8450,16.8450,0,0,0.3378000,-0.9740000,0.0000000,1.5021000,-0.1815000,-1.3252000
20240109,459,C,15.2550,15.2550,15.2550,15.2550,0,0,0.2500000,0.9936000,0.0000000,0.4486000,-0.1218000,1.2620000
20240109,459,P,0.0150,0.0150,0.0150,0.0150,0,0,0.2421000,-0.0050000,0.0000000,0.3665000,-0.0435000,-0.0067000
20240110,416,C,58.3050,58.3050,58.3050,58.3050,0,0,0.5999000,0.9985000,0.0000000,0.1715000,-0.0860000,2.2866000
20240110,448,C,26.3250,26.3250,26.3250,26.3250,0,0,0.3046000,0.9943000,0.0000000,0.5649000,-0.1075000,2.4520000
20240110,448,P,0.0150,0.0150,0.0150,0.0150,0,0,0.2812000,-0.0030000,0.0000000,0.3250000,-0.0225000,-0.0079000
20240110,480,C,0.1250,0.1250,0.1250,0.1250,0,0,0.1088000,0.0705000,0.0000000,4.7517000,-0.1335000,0.1835000
20240110,480,P,5.8600,5.8600,5.8600,5.8600,0,0,0.1186000,-0.9115000,0.0000000,5.6431000,-0.1027000,-2.4128000
20240110,437,C,37.3150,37.3150,37.3150,37.3150,0,0,0.3984000,0.9973000,0.0000000,0.2902000,-0.0921000,2.3992000
20240110,437,P,0.0150,0.0150,0.0150,0.0150,0,0,0.3906000,-0.0022000,0.0000000,0.2485000,-0.0239000,-0.0059000
20240110,405,C,69.2950,69.2950,69.2950,69.2950,0,0,0.5999000,0.9998000,0.0000000,0.0239000,-0.0624000,2.2296000
20240110,469,C,5.5350,5.5350,5.5350,5.5350,0,0,0.1225000,0.8928000,0.0000000,6.4919000,-0.2586000,2.3015000
20240110,469,P,0.2450,0.2450,0.2450,0.2450,0,0,0.1252000,-0.1120000,0.0000000,6.7063000,-0.2011000,-0.2940000
20240110,426,C,48.2900,48.2900,48.2900,48.2900,0,0,0.5247582,0.9973121,0.0004499,0.0029084,-0.0905033,0.0232661
20240110,426,P,0.0150,0.0150,0.0150,0.0150,0,0,0.5000000,-0.0017000,0.0000000,0.2015000,-0.0249000,-0.0047000
20240110,458,C,16.3350,16.3350,16.3350,16.3350,0,0,0.2050000,0.9894000,0.0000000,0.9820000,-0.1159000,2.4942000
20240110,458,P,0.0250,0.0250,0.0250,0.0250,0,0,0.1992000,-0.0088000,0.0000000,0.8387000,-0.0409000,-0.0230000
20240110,490,P,15.8250,15.8250,15.8250,15.8250,0,0,0.2465000,-0.9615000,0.0000000,2.9345000,-0.1113000,-2.5985000
20240110,415,C,59.3000,59.3000,59.3000,59.3000,0,0,0.6125000,0.9984000,0.0000000,0.1750000,-0.0869000,2.2810000
20240110,447,C,27.3200,27.3200,27.3200,27.3200,0,0,0.3164000,0.9944000,0.0000000,0.5619000,-0.1088000,2.4466000
20240110,447,P,0.0150,0.0150,0.0150,0.0150,0,0,0.2929000,-0.0030000,0.0000000,0.3305000,-0.0238000,-0.0081000
20240110,479,C,0.2050,0.2050,0.2050,0.2050,0,0,0.1076000,0.1097000,0.0000000,6.6073000,-0.1844000,0.2855000
20240110,479,P,4.9400,4.9400,4.9400,4.9400,0,0,0.1147000,-0.8752000,0.0000000,7.2347000,-0.1453000,-2.3130000
20240110,436,C,38.3150,38.3150,38.3150,38.3150,0,0,0.4140000,0.9970000,0.0000000,0.3148000,-0.0956000,2.3930000
20240110,436,P,0.0150,0.0150,0.0150,0.0150,0,0,0.4062000,-0.0024000,0.0000000,0.2721000,-0.0273000,-0.0065000
20240110,500,P,25.8250,25.8250,25.8250,25.8250,0,0,0.3681000,-0.9723000,0.0000000,2.2358000,-0.1338000,-2.6817000
20240110,468,C,6.4650,6.4650,6.4650,6.4650,0,0,0.1264000,0.9238000,0.0000000,5.0403000,-0.2213000,2.3772000
20240110,468,P,0.1650,0.1650,0.1650,0.1650,0,0,0.1279000,-0.0785000,0.0000000,5.1585000,-0.1586000,-0.2059000
20240110,425,C,49.3050,49.3050,49.3050,49.3050,0,0,0.4843000,0.9989000,0.0000000,0.1255000,-0.0768000,2.3374000
20240110,425,P,0.0150,0.0150,0.0150,0.0150,0,0,0.5124000,-0.0018000,0.0000000,0.2064000,-0.0261000,-0.0048000
20240110,457,C,17.3350,17.3350,17.3350,17.3350,0,0,0.2167000,0.9897000,0.0000000,0.9551000,-0.1172000,2.4896000
20240110,457,P,0.0250,0.0250,0.0250,0.0250,0,0,0.2089000,-0.0080000,0.0000000,0.7794000,-0.0399000,-0.0212000
20240110,489,P,14.8250,14.8250,14.8250,14.8250,0,0,0.2338000,-0.9598000,0.0000000,3.0432000,-0.1086000,-2.5884000
20240110,414,C,60.2950,60.2950,60.2950,60.2950,0,0,0.6780964,0.9968664,0.0003998,0.0033398,-0.1074604,0.0225967
20240110,446,C,28.3150,28.3150,28.3150,28.3150,0,0,0.3046000,0.9968000,0.0000000,0.3354000,-0.0900000,2.4475000
20240110,446,P,0.0150,0.0150,0.0150,0.0150,0,0,0.3046000,-0.0031000,0.0000000,0.3354000,-0.0252000,-0.0082000
20240110,478,C,0.3350,0.3350,0.3350,0.3350,0,0,0.1070000,0.1655000,0.0000000,8.7556000,-0.2444000,0.4306000
20240110,478,P,4.0550,4.0550,4.0550,4.0550,0,0,0.1103000,-0.8270000,0.0000000,9.0043000,-0.1894000,-2.1822000
20240110,510,P,35.8200,35.8200,35.8200,35.8200,0,0,0.4824000,-0.9777000,0.0000000,1.8678000,-0.1514000,-2.7507000
20240110,435,C,39.3150,39.3150,39.3150,39.3150,0,0,0.4218000,0.9972000,0.0000000,0.2955000,-0.0940000,2.3880000
20240110,435,P,0.0150,0.0150,0.0150,0.0150,0,0,0.4140000,-0.0023000,0.0000000,0.2555000,-0.0261000,-0.0061000
20240110,467,C,7.4050,7.4050,7.4050,7.4050,0,0,0.1274000,0.9501000,0.0000000,3.6190000,-0.1791000,2.4408000
20240110,467,P,0.1150,0.1150,0.1150,0.1150,0,0,0.1318000,-0.0556000,0.0000000,3.9533000,-0.1257000,-0.1460000
20240110,499,P,24.8250,24.8250,24.8250,24.8250,0,0,0.3564000,-0.9716000,0.0000000,2.2867000,-0.1320000,-2.6743000
20240110,424,C,50.3050,50.3050,50.3050,50.3050,0,0,0.5000000,0.9988000,0.0000000,0.1381000,-0.0787000,2.3315000
20240110,424,P,0.0150,0.0150,0.0150,0.0150,0,0,0.5250000,-0.0018000,0.0000000,0.2111000,-0.0274000,-0.0049000
20240110,456,C,18.3300,18.3300,18.3300,18.3300,0,0,0.2285000,0.9900000,0.0000000,0.9307000,-0.1185000,2.4848000
20240110,456,P,0.0250,0.0250,0.0250,0.0250,0,0,0.2187000,-0.0074000,0.0000000,0.7278000,-0.0390000,-0.0196000
20240110,520,P,45.8350,45.8350,45.8350,45.8350,0,0,0.5968000,-0.9800000,0.0000000,1.7028000,-0.1785000,-2.8119000
20240110,488,P,13.8450,13.8450,13.8450,13.8450,0,0,0.2270000,-0.9535000,0.0000000,3.4214000,-0.1254000,-2.5666000
20240110,413,C,61.2950,61.2950,61.2950,61.2950,0,0,0.6897596,0.9968854,0.0003909,0.0033216,-0.1079978,0.0225424
20240110,445,C,29.3150,29.3150,29.3150,29.3150,0,0,0.3125000,0.9971000,0.0000000,0.3097000,-0.0885000,2.4427000
20240110,445,P,0.0150,0.0150,0.0150,0.0150,0,0,0.3125000,-0.0028000,0.0000000,0.3097000,-0.0238000,-0.0075000
20240110,477,C,0.5450,0.5450,0.5450,0.5450,0,0,0.1081000,0.2416000,0.0000000,10.9816000,-0.3119000,0.6282000
20240110,477,P,3.2600,3.2600,3.2600,3.2600,0,0,0.1107000,-0.7531000,0.0000000,11.1072000,-0.2534000,-1.9850000
20240110,434,C,40.3150,40.3150,40.3150,40.3150,0,0,0.4375000,0.9970000,0.0000000,0.3186000,-0.0975000,2.3819000
20240110,434,P,0.0150,0.0150,0.0150,0.0150,0,0,0.4218000,-0.0021000,0.0000000,0.2402000,-0.0250000,-0.0057000
20240110,466,C,8.3850,8.3850,8.3850,8.3850,0,0,0.1347000,0.9618000,0.0000000,2.9209000,-0.1630000,2.4658000
20240110,466,P,0.0850,0.0850,0.0850,0.0850,0,0,0.1372000,-0.0408000,0.0000000,3.0863000,-0.1024000,-0.1071000
20240110,498,P,23.8250,23.8250,23.8250,23.8250,0,0,0.3447000,-0.9707000,0.0000000,2.3427000,-0.1304000,-2.6666000
20240110,530,P,55.8350,55.8350,55.8350,55.8350,0,0,0.7015000,-0.9824000,0.0000000,1.5278000,-0.1906000,-2.8732000
20240110,423,C,51.3050,51.3050,51.3050,51.3050,0,0,0.5124000,0.9987000,0.0000000,0.1429000,-0.0796000,2.3259000
20240110,423,P,0.0150,0.0150,0.0150,0.0150,0,0,0.5375000,-0.0019000,0.0000000,0.2156000,-0.0286000,-0.0050000
20240110,455,C,19.3100,19.3100,19.3100,19.3100,0,0,0.2031000,0.9971000,0.0000000,0.3074000,-0.0815000,2.4979000
20240110,455,P,0.0250,0.0250,0.0250,0.0250,0,0,0.2304000,-0.0073000,0.0000000,0.7181000,-0.0406000,-0.0193000
20240110,487,P,12.8450,12.8450,12.8450,12.8450,0,0,0.2138000,-0.9511000,0.0000000,3.5650000,-0.1221000,-2.5547000
20240110,412,C,62.2950,62.2950,62.2950,62.2950,0,0,0.7014514,0.9969038,0.0003823,0.0033039,-0.1085362,0.0224880
20240110,444,C,30.3150,30.3150,30.3150,30.3150,0,0,0.3242000,0.9970000,0.0000000,0.3144000,-0.0897000,2.4371000
20240110,444,P,0.0150,0.0150,0.0150,0.0150,0,0,0.3242000,-0.0029000,0.0000000,0.3144000,-0.0251000,-0.0076000
20240110,476,C,0.8450,0.8450,0.8450,0.8450,0,0,0.1094000,0.3321000,0.0000000,12.7776000,-0.3707000,0.8628000
20240110,476,P,2.5500,2.5500,2.5500,2.5500,0,0,0.1109000,-0.6657000,0.0000000,12.8097000,-0.3072000,-1.7527000
20240110,540,P,65.8150,65.8150,65.8150,65.8150,0,0,0.7882000,-0.9856000,0.0000000,1.2819000,-0.1737000,-2.9367000
20240110,433,C,41.3150,41.3150,41.3150,41.3150,0,0,0.4453000,0.9972000,0.0000000,0.2997000,-0.0959000,2.3769000
20240110,433,P,0.0150,0.0150,0.0150,0.0150,0,0,0.4375000,-0.0023000,0.0000000,0.2614000,-0.0282000,-0.0062000
20240110,465,C,9.3650,9.3650,9.3650,9.3650,0,0,0.1406000,0.9715000,0.0000000,2.2898000,-0.1457000,2.4859000
20240110,465,P,0.0750,0.0750,0.0750,0.0750,0,0,0.1469000,-0.0341000,0.0000000,2.6668000,-0.0951000,-0.0896000
20240110,497,P,22.8250,22.8250,22.8250,22.8250,0,0,0.3330000,-0.9698000,0.0000000,2.4047000,-0.1289000,-2.6586000
20240110,422,C,52.3050,52.3050,52.3050,52.3050,0,0,0.5250000,0.9987000,0.0000000,0.1474000,-0.0805000,2.3203000
20240110,422,P,0.0150,0.0150,0.0150,0.0150,0,0,0.5437000,-0.0017000,0.0000000,0.2000000,-0.0269000,-0.0046000
20240110,454,C,20.3100,20.3100,20.3100,20.3100,0,0,0.2187000,0.9965000,0.0000000,0.3631000,-0.0855000,2.4908000
20240110,454,P,0.0250,0.0250,0.0250,0.0250,0,0,0.2421000,-0.0072000,0.0000000,0.7090000,-0.0422000,-0.0190000
20240110,486,P,11.8250,11.8250,11.8250,11.8250,0,0,0.1948000,-0.9532000,0.0000000,3.4415000,-0.0992000,-2.5546000
20240110,411,C,63.2800,63.2800,63.2800,63.2800,0,0,0.6490815,0.9986714,0.0001917,0.0015332,-0.0754588,0.0224800
20240110,443,C,31.3000,31.3000,31.3000,31.3000,0,0,0.2500000,0.9998000,0.0000000,0.0155000,-0.0653000,2.4390000
20240110,443,P,0.0150,0.0150,0.0150,0.0150,0,0,0.3359000,-0.0029000,0.0000000,0.3187000,-0.0264000,-0.0078000
20240110,475,C,1.2450,1.2450,1.2450,1.2450,0,0,0.1110000,0.4315000,0.0000000,13.8317000,-0.4117000,1.1201000
20240110,475,P,1.9450,1.9450,1.9450,1.9450,0,0,0.1118000,-0.5680000,0.0000000,13.8345000,-0.3452000,-1.4942000
20240110,432,C,42.3100,42.3100,42.3100,42.3100,0,0,0.4570000,0.9972000,0.0000000,0.3015000,-0.0969000,2.3713000
20240110,432,P,0.0150,0.0150,0.0150,0.0150,0,0,0.4453000,-0.0022000,0.0000000,0.2463000,-0.0271000,-0.0058000
20240110,464,C,10.3550,10.3550,10.3550,10.3550,0,0,0.1484000,0.9772000,0.0000000,1.8994000,-0.1360000,2.4953000
20240110,464,P,0.0550,0.0550,0.0550,0.0550,0,0,0.1513000,-0.0249000,0.0000000,2.0499000,-0.0754000,-0.0653000
20240110,496,P,21.8250,21.8250,21.8250,21.8250,0,0,0.3208000,-0.9690000,0.0000000,2.4603000,-0.1262000,-2.6509000
20240110,421,C,53.3050,53.3050,53.3050,53.3050,0,0,0.5375000,0.9986000,0.0000000,0.1519000,-0.0814000,2.3147000
20240110,421,P,0.0150,0.0150,0.0150,0.0150,0,0,0.5500000,-0.0016000,0.0000000,0.1856000,-0.0252000,-0.0043000
20240110,453,C,21.3250,21.3250,21.3250,21.3250,0,0,0.2500000,0.9935000,0.0000000,0.6376000,-0.1050000,2.4774000
20240110,453,P,0.0250,0.0250,0.0250,0.0250,0,0,0.2519000,-0.0068000,0.0000000,0.6685000,-0.0414000,-0.0178000
20240110,485,C,0.0150,0.0150,0.0150,0.0150,0,0,0.1210000,0.0066000,0.0000000,0.6551000,-0.0201000,0.0173000
20240110,485,P,10.8250,10.8250,10.8250,10.8250,0,0,0.1816000,-0.9501000,0.0000000,3.6179000,-0.0963000,-2.5412000
20240110,410,C,64.2800,64.2800,64.2800,64.2800,0,0,0.6608400,0.9986590,0.0001899,0.0015461,-0.0759997,0.0224249
20240110,442,C,32.3150,32.3150,32.3150,32.3150,0,0,0.3437000,0.9972000,0.0000000,0.2961000,-0.0894000,2.4266000
20240110,442,P,0.0150,0.0150,0.0150,0.0150,0,0,0.3437000,-0.0027000,0.0000000,0.2961000,-0.0251000,-0.0071000
20240110,474,C,1.7450,1.7450,1.7450,1.7450,0,0,0.1126000,0.5326000,0.0000000,13.9919000,-0.4285000,1.3816000
20240110,474,P,1.4500,1.4500,1.4500,1.4500,0,0,0.1140000,-0.4676000,0.0000000,13.9929000,-0.3643000,-1.2293000
20240110,431,C,43.3100,43.3100,43.3100,43.3100,0,0,0.4687000,0.9971000,0.0000000,0.3030000,-0.0978000,2.3658000
20240110,431,P,0.0150,0.0150,0.0150,0.0150,0,0,0.4531000,-0.0020000,0.0000000,0.2323000,-0.0260000,-0.0055000
20240110,495,P,20.8250,20.8250,20.8250,20.8250,0,0,0.3085000,-0.9680000,0.0000000,2.5222000,-0.1237000,-2.6429000
20240110,463,C,11.3600,11.3600,11.3600,11.3600,0,0,0.1660000,0.9752000,0.0000000,2.0376000,-0.1497000,2.4845000
20240110,463,P,0.0450,0.0450,0.0450,0.0450,0,0,0.1582000,-0.0196000,0.0000000,1.6781000,-0.0646000,-0.0515000
20240110,420,C,54.3050,54.3050,54.3050,54.3050,0,0,0.5500000,0.9986000,0.0000000,0.1561000,-0.0823000,2.3091000
20240110,420,P,0.0150,0.0150,0.0150,0.0150,0,0,0.5625000,-0.0016000,0.0000000,0.1898000,-0.0264000,-0.0044000
20240110,452,C,22.3250,22.3250,22.3250,22.3250,0,0,0.2597000,0.9939000,0.0000000,0.6037000,-0.1043000,2.4729000
20240110,452,P,0.0250,0.0250,0.0250,0.0250,0,0,0.2617000,-0.0063000,0.0000000,0.6324000,-0.0407000,-0.0167000
20240110,484,C,0.0150,0.0150,0.0150,0.0150,0,0,0.1132000,0.0081000,0.0000000,0.7849000,-0.0226000,0.0212000
20240110,484,P,9.8450,9.8450,9.8450,9.8450,0,0,0.1728000,-0.9418000,0.0000000,4.0916000,-0.1094000,-2.5139000
20240110,409,C,65.2950,65.2950,65.2950,65.2950,0,0,0.5000000,0.9999000,0.0000000,0.0045000,-0.0600000,2.2520000
20240110,441,C,33.3150,33.3150,33.3150,33.3150,0,0,0.3593000,0.9969000,0.0000000,0.3258000,-0.0930000,2.4203000
20240110,441,P,0.0150,0.0150,0.0150,0.0150,0,0,0.3515000,-0.0025000,0.0000000,0.2756000,-0.0239000,-0.0066000
20240110,473,C,2.3550,2.3550,2.3550,2.3550,0,0,0.1149000,0.6285000,0.0000000,13.3037000,-0.4234000,1.6286000
20240110,473,P,1.0550,1.0550,1.0550,1.0550,0,0,0.1156000,-0.3720000,0.0000000,13.3111000,-0.3568000,-0.9775000
20240110,505,P,30.8200,30.8200,30.8200,30.8200,0,0,0.4257000,-0.9754000,0.0000000,2.0229000,-0.1424000,-2.7174000
20240110,430,C,44.3050,44.3050,44.3050,44.3050,0,0,0.4375000,0.9988000,0.0000000,0.1396000,-0.0776000,2.3645000
20240110,430,P,0.0150,0.0150,0.0150,0.0150,0,0,0.4609000,-0.0019000,0.0000000,0.2193000,-0.0250000,-0.0051000
20240110,494,P,19.8250,19.8250,19.8250,19.8250,0,0,0.2968000,-0.9667000,0.0000000,2.6061000,-0.1228000,-2.6340000
20240110,462,C,12.3550,12.3550,12.3550,12.3550,0,0,0.1728000,0.9801000,0.0000000,1.6958000,-0.1387000,2.4917000
20240110,462,P,0.0450,0.0450,0.0450,0.0450,0,0,0.1699000,-0.0182000,0.0000000,1.5763000,-0.0653000,-0.0478000
20240110,419,C,55.3050,55.3050,55.3050,55.3050,0,0,0.5625000,0.9986000,0.0000000,0.1602000,-0.0832000,2.3034000
20240110,451,C,23.3250,23.3250,23.3250,23.3250,0,0,0.2695000,0.9942000,0.0000000,0.5732000,-0.1036000,2.4683000
20240110,451,P,0.0250,0.0250,0.0250,0.0250,0,0,0.2734000,-0.0063000,0.0000000,0.6272000,-0.0422000,-0.0166000
20240110,483,C,0.0250,0.0250,0.0250,0.0250,0,0,0.1113000,0.0141000,0.0000000,1.2660000,-0.0360000,0.0368000
20240110,483,P,8.8250,8.8250,8.8250,8.8250,0,0,0.1542000,-0.9429000,0.0000000,4.0296000,-0.0883000,-2.5112000
20240110,515,P,40.8350,40.8350,40.8350,40.8350,0,0,0.5429000,-0.9784000,0.0000000,1.8162000,-0.1718000,-2.7802000
20240110,525,P,50.8350,50.8350,50.8350,50.8350,0,0,0.6499000,-0.9812000,0.0000000,1.6113000,-0.1854000,-2.8427000
20240110,440,C,34.3150,34.3150,34.3150,34.3150,0,0,0.3671000,0.9971000,0.0000000,0.3037000,-0.0915000,2.4154000
20240110,440,P,0.0150,0.0150,0.0150,0.0150,0,0,0.3671000,-0.0028000,0.0000000,0.3037000,-0.0275000,-0.0074000
20240110,408,C,66.2950,66.2950,66.2950,66.2950,0,0,0.5000000,0.9999000,0.0000000,0.0034000,-0.0597000,2.2465000
20240110,472,C,3.0550,3.0550,3.0550,3.0550,0,0,0.1174000,0.7136000,0.0000000,11.9732000,-0.3984000,1.8471000
20240110,472,P,0.7450,0.7450,0.7450,0.7450,0,0,0.1173000,-0.2861000,0.0000000,11.9693000,-0.3293000,-0.7513000
20240110,429,C,45.3050,45.3050,45.3050,45.3050,0,0,0.4375000,0.9990000,0.0000000,0.1119000,-0.0745000,2.3597000
20240110,429,P,0.0150,0.0150,0.0150,0.0150,0,0,0.4765000,-0.0021000,0.0000000,0.2374000,-0.0279000,-0.0056000
20240110,493,P,18.8250,18.8250,18.8250,18.8250,0,0,0.2841000,-0.9657000,0.0000000,2.6695000,-0.1193000,-2.6260000
20240110,461,C,13.3500,13.3500,13.3500,13.3500,0,0,0.1855000,0.9809000,0.0000000,1.6353000,-0.1411000,2.4884000
20240110,461,P,0.0350,0.0350,0.0350,0.0350,0,0,0.1748000,-0.0138000,0.0000000,1.2476000,-0.0532000,-0.0364000
20240110,535,P,60.8200,60.8200,60.8200,60.8200,0,0,0.7460000,-0.9840000,0.0000000,1.4012000,-0.1832000,-2.9051000
20240110,450,C,24.3250,24.3250,24.3250,24.3250,0,0,0.2812000,0.9943000,0.0000000,0.5706000,-0.1049000,2.4629000
20240110,450,P,0.0250,0.0250,0.0250,0.0250,0,0,0.2851000,-0.0062000,0.0000000,0.6221000,-0.0436000,-0.0164000
20240110,418,C,56.3050,56.3050,56.3050,56.3050,0,0,0.5749000,0.9985000,0.0000000,0.1642000,-0.0841000,2.2978000
20240110,482,C,0.0350,0.0350,0.0350,0.0350,0,0,0.1074000,0.0220000,0.0000000,1.8485000,-0.0508000,0.0573000
20240110,482,P,7.8450,7.8450,7.8450,7.8450,0,0,0.1445000,-0.9324000,0.0000000,4.5971000,-0.0997000,-2.4784000
20240110,439,C,35.2950,35.2950,35.2950,35.2950,0,0,0.3945509,0.9961135,0.0008337,0.0040525,-0.0938534,0.0239470
20240110,439,P,0.0150,0.0150,0.0150,0.0150,0,0,0.3750000,-0.0026000,0.0000000,0.2836000,-0.0262000,-0.0068000
20240110,407,C,67.2950,67.2950,67.2950,67.2950,0,0,0.5000000,0.9999000,0.0000000,0.0026000,-0.0595000,2.2410000
20240110,471,C,3.8200,3.8200,3.8200,3.8200,0,0,0.1193000,0.7865000,0.0000000,10.2392000,-0.3577000,2.0332000
20240110,471,P,0.5150,0.5150,0.5150,0.5150,0,0,0.1191000,-0.2129000,0.0000000,10.2261000,-0.2882000,-0.5590000
20240110,545,P,70.8350,70.8350,70.8350,70.8350,0,0,0.8527000,-0.9847000,0.0000000,1.3516000,-0.2084000,-2.9620000
20240110,428,C,46.3050,46.3050,46.3050,46.3050,0,0,0.4531000,0.9989000,0.0000000,0.1254000,-0.0763000,2.3539000
20240110,428,P,0.0150,0.0150,0.0150,0.0150,0,0,0.4843000,-0.0020000,0.0000000,0.2246000,-0.0269000,-0.0053000
20240110,460,C,14.3450,14.3450,14.3450,14.3450,0,0,0.1904000,0.9851000,0.0000000,1.3200000,-0.1283000,2.4939000
20240110,460,P,0.0350,0.0350,0.0350,0.0350,0,0,0.1855000,-0.0128000,0.0000000,1.1646000,-0.0528000,-0.0336000
20240110,492,P,17.8450,17.8450,17.8450,17.8450,0,0,0.2788000,-0.9607000,0.0000000,2.9863000,-0.1382000,-2.6074000
20240110,417,C,57.3050,57.3050,57.3050,57.3050,0,0,0.5874000,0.9985000,0.0000000,0.1679000,-0.0850000,2.2922000
20240110,449,C,25.3250,25.3250,25.3250,25.3250,0,0,0.2929000,0.9943000,0.0000000,0.5678000,-0.1062000,2.4574000
20240110,449,P,0.0250,0.0250,0.0250,0.0250,0,0,0.2949000,-0.0059000,0.0000000,0.5922000,-0.0430000,-0.0155000
20240110,481,C,0.0650,0.0650,0.0650,0.0650,0,0,0.1074000,0.0397000,0.0000000,3.0192000,-0.0833000,0.1035000
20240110,481,P,6.8450,6.8450,6.8450,6.8450,0,0,0.1298000,-0.9262000,0.0000000,4.9175000,-0.0939000,-2.4568000
20240110,438,C,36.3150,36.3150,36.3150,36.3150,0,0,0.3906000,0.9971000,0.0000000,0.3099000,-0.0936000,2.4042000
20240110,438,P,0.0150,0.0150,0.0150,0.0150,0,0,0.3828000,-0.0024000,0.0000000,0.2653000,-0.0250000,-0.0063000
20240110,406,C,68.2750,68.2750,68.2750,68.2750,0,0,0.6676015,0.9992391,0.0001118,0.0009192,-0.0653393,0.0222211
20240110,470,C,4.6450,4.6450,4.6450,4.6450,0,0,0.1198000,0.8485000,0.0000000,8.2579000,-0.3040000,2.1906000
20240110,470,P,0.3550,0.3550,0.3550,0.3550,0,0,0.1218000,-0.1553000,0.0000000,8.3973000,-0.2436000,-0.4076000
20240110,427,C,47.2900,47.2900,47.2900,47.2900,0,0,0.5135146,0.9972991,0.0004617,0.0029211,-0.0899723,0.0233205
20240110,427,P,0.0150,0.0150,0.0150,0.0150,0,0,0.4921000,-0.0018000,0.0000000,0.2126000,-0.0258000,-0.0050000
20240110,491,P,16.8450,16.8450,16.8450,16.8450,0,0,0.2661000,-0.9591000,0.0000000,3.0825000,-0.1353000,-2.5978000
20240110,459,C,15.3350,15.3350,15.3350,15.3350,0,0,0.1933000,0.9890000,0.0000000,1.0120000,-0.1146000,2.4987000
20240110,459,P,0.0350,0.0350,0.0350,0.0350,0,0,0.1972000,-0.0122000,0.0000000,1.1212000,-0.0541000,-0.0322000
20240111,416,C,58.5450,58.5450,58.5450,58.5450,0,0,0.6929000,0.9829000,0.0000000,1.8231000,-0.2691000,3.3611000
20240111,416,P,0.0150,0.0150,0.0150,0.0150,0,0,0.4921000,-0.0015000,0.0000000,0.2148000,-0.0174000,-0.0060000
20240111,448,C,26.6100,26.6100,26.6100,26.6100,0,0,0.3598000,0.9613000,0.0000000,3.6066000,-0.2780000,3.5403000
20240111,448,P,0.0350,0.0350,0.0350,0.0350,0,0,0.2617000,-0.0077000,0.0000000,0.9214000,-0.0395000,-0.0306000
20240111,480,C,0.4350,0.4350,0.4350,0.4350,0,0,0.1259000,0.1528000,0.0000000,10.1685000,-0.2232000,0.5943000
20240111,480,P,5.9950,5.9950,5.9950,5.9950,0,0,0.1199000,-0.8589000,0.0000000,9.6322000,-0.1318000,-3.4087000
20240111,437,C,37.5700,37.5700,37.5700,37.5700,0,0,0.4726000,0.9734000,0.0000000,2.6503000,-0.2697000,3.4969000
20240111,437,P,0.0250,0.0250,0.0250,0.0250,0,0,0.3457000,-0.0042000,0.0000000,0.5411000,-0.0307000,-0.0168000
20240111,405,C,69.5300,69.5300,69.5300,69.5300,0,0,0.8105000,0.9855000,0.0000000,1.5793000,-0.2704000,3.2808000
20240111,405,P,0.0150,0.0150,0.0150,0.0150,0,0,0.5874000,-0.0013000,0.0000000,0.1965000,-0.0190000,-0.0055000
20240111,469,C,6.1450,6.1450,6.1450,6.1450,0,0,0.1534000,0.7953000,0.0000000,12.2228000,-0.3654000,3.0598000
20240111,469,P,0.5650,0.5650,0.5650,0.5650,0,0,0.1359000,-0.1763000,0.0000000,11.1548000,-0.2396000,-0.6943000
20240111,426,C,48.5800,48.5800,48.5800,48.5800,0,0,0.5999000,0.9773000,0.0000000,2.3191000,-0.2914000,3.4214000
20240111,426,P,0.0250,0.0250,0.0250,0.0250,0,0,0.4414000,-0.0034000,0.0000000,0.4447000,-0.0323000,-0.0135000
20240111,458,C,16.6400,16.6400,16.6400,16.6400,0,0,0.2482000,0.9417000,0.0000000,5.0137000,-0.2693000,3.5456000
20240111,458,P,0.0550,0.0550,0.0550,0.0550,0,0,0.1835000,-0.0171000,0.0000000,1.8329000,-0.0546000,-0.0676000
20240111,490,C,0.0150,0.0150,0.0150,0.0150,0,0,0.1406000,0.0056000,0.0000000,0.6987000,-0.0167000,0.0221000
20240111,490,P,15.8450,15.8450,15.8450,15.8450,0,0,0.2226000,-0.9443000,0.0000000,4.8358000,-0.1113000,-3.8237000
20240111,415,C,59.5400,59.5400,59.5400,59.5400,0,0,0.7039000,0.9831000,0.0000000,1.8011000,-0.2697000,3.3538000
20240111,415,P,0.0150,0.0150,0.0150,0.0150,0,0,0.5000000,-0.0015000,0.0000000,0.2101000,-0.0173000,-0.0059000
20240111,447,C,27.6050,27.6050,27.6050,27.6050,0,0,0.3686000,0.9634000,0.0000000,3.4472000,-0.2735000,3.5402000
20240111,447,P,0.0350,0.0350,0.0350,0.0350,0,0,0.2714000,-0.0076000,0.0000000,0.9115000,-0.0405000,-0.0303000
20240111,479,C,0.6250,0.6250,0.6250,0.6250,0,0,0.1274000,0.2026000,0.0000000,12.1530000,-0.2711000,0.7875000
20240111,479,P,5.1550,5.1550,5.1550,5.1550,0,0,0.1198000,-0.8119000,0.0000000,11.6100000,-0.1743000,-3.2180000
20240111,436,C,38.5900,38.5900,38.5900,38.5900,0,0,0.4912000,0.9721000,0.0000000,2.7543000,-0.2861000,3.4836000
20240111,436,P,0.0250,0.0250,0.0250,0.0250,0,0,0.3554000,-0.0042000,0.0000000,0.5416000,-0.0316000,-0.0168000
20240111,468,C,7.0200,7.0200,7.0200,7.0200,0,0,0.1596000,0.8265000,0.0000000,11.0370000,-0.3486000,3.1746000
20240111,468,P,0.4250,0.4250,0.4250,0.4250,0,0,0.1379000,-0.1385000,0.0000000,9.5181000,-0.2084000,-0.5454000
20240111,500,P,25.8200,25.8200,25.8200,25.8200,0,0,0.3232000,-0.9622000,0.0000000,3.5408000,-0.1199000,-3.9760000
20240111,425,C,49.5750,49.5750,49.5750,49.5750,0,0,0.6070000,0.9783000,0.0000000,2.2273000,-0.2848000,3.4174000
20240111,425,P,0.0250,0.0250,0.0250,0.0250,0,0,0.4492000,-0.0033000,0.0000000,0.4313000,-0.0319000,-0.0131000
20240111,457,C,17.6350,17.6350,17.6350,17.6350,0,0,0.2583000,0.9454000,0.0000000,4.7561000,-0.2667000,3.5522000
20240111,457,P,0.0550,0.0550,0.0550,0.0550,0,0,0.1933000,-0.0164000,0.0000000,1.7623000,-0.0554000,-0.0646000
20240111,489,C,0.0150,0.0150,0.0150,0.0150,0,0,0.1308000,0.0054000,0.0000000,0.6676000,-0.0148000,0.0210000
20240111,489,P,14.8250,14.8250,14.8250,14.8250,0,0,0.2070000,-0.9457000,0.0000000,4.7365000,-0.0954000,-3.8210000
20240111,414,C,60.5600,60.5600,60.5600,60.5600,0,0,0.7261000,0.9820000,0.0000000,1.9049000,-0.2886000,3.3410000
20240111,414,P,0.0150,0.0150,0.0150,0.0150,0,0,0.5124000,-0.0015000,0.0000000,0.2226000,-0.0188000,-0.0063000
20240111,446,C,28.6050,28.6050,28.6050,28.6050,0,0,0.3803000,0.9643000,0.0000000,3.3817000,-0.2760000,3.5353000
20240111,446,P,0.0350,0.0350,0.0350,0.0350,0,0,0.2812000,-0.0075000,0.0000000,0.9018000,-0.0415000,-0.0299000
20240111,478,C,0.8750,0.8750,0.8750,0.8750,0,0,0.1291000,0.2602000,0.0000000,13.9739000,-0.3175000,1.0104000
20240111,478,P,4.3750,4.3750,4.3750,4.3750,0,0,0.1203000,-0.7550000,0.0000000,13.5361000,-0.2178000,-2.9888000
20240111,510,P,35.8150,35.8150,35.8150,35.8150,0,0,0.4184000,-0.9703000,0.0000000,2.8998000,-0.1293000,-4.0903000
20240111,435,C,39.5900,39.5900,39.5900,39.5900,0,0,0.5023000,0.9727000,0.0000000,2.7076000,-0.2872000,3.4775000
20240111,435,P,0.0250,0.0250,0.0250,0.0250,0,0,0.3632000,-0.0041000,0.0000000,0.5223000,-0.0312000,-0.0162000
20240111,467,C,7.9050,7.9050,7.9050,7.9050,0,0,0.1638000,0.8556000,0.0000000,9.7848000,-0.3241000,3.2811000
20240111,467,P,0.3250,0.3250,0.3250,0.3250,0,0,0.1408000,-0.1090000,0.0000000,8.0468000,-0.1807000,-0.4291000
20240111,499,P,24.8200,24.8200,24.8200,24.8200,0,0,0.3134000,-0.9610000,0.0000000,3.6300000,-0.1190000,-3.9632000
20240111,424,C,50.5750,50.5750,50.5750,50.5750,0,0,0.6187000,0.9786000,0.0000000,2.2062000,-0.2868000,3.4101000
20240111,424,P,0.0250,0.0250,0.0250,0.0250,0,0,0.4570000,-0.0032000,0.0000000,0.4185000,-0.0315000,-0.0127000
20240111,456,C,18.6300,18.6300,18.6300,18.6300,0,0,0.2705000,0.9474000,0.0000000,4.6206000,-0.2702000,3.5516000
20240111,456,P,0.0450,0.0450,0.0450,0.0450,0,0,0.1972000,-0.0133000,0.0000000,1.4797000,-0.0475000,-0.0527000
20240111,488,C,0.0250,0.0250,0.0250,0.0250,0,0,0.1347000,0.0105000,0.0000000,1.2000000,-0.0275000,0.0409000
20240111,488,P,13.8250,13.8250,13.8250,13.8250,0,0,0.1960000,-0.9430000,0.0000000,4.9210000,-0.0931000,-3.8022000
20240111,520,P,45.8350,45.8350,45.8350,45.8350,0,0,0.5187000,-0.9729000,0.0000000,2.6908000,-0.1580000,-4.1829000
20240111,413,C,61.5400,61.5400,61.5400,61.5400,0,0,0.7267000,0.9835000,0.0000000,1.7690000,-0.2724000,3.3387000
20240111,413,P,0.0150,0.0150,0.0150,0.0150,0,0,0.5187000,-0.0015000,0.0000000,0.2120000,-0.0181000,-0.0060000
20240111,445,C,29.6050,29.6050,29.6050,29.6050,0,0,0.3916000,0.9652000,0.0000000,3.3066000,-0.2773000,3.5308000
20240111,445,P,0.0350,0.0350,0.0350,0.0350,0,0,0.2890000,-0.0071000,0.0000000,0.8576000,-0.0406000,-0.0283000
20240111,477,C,1.1900,1.1900,1.1900,1.1900,0,0,0.1313000,0.3241000,0.0000000,15.4819000,-0.3599000,1.2578000
20240111,477,P,3.6650,3.6650,3.6650,3.6650,0,0,0.1215000,-0.6892000,0.0000000,15.2081000,-0.2590000,-2.7257000
20240111,434,C,40.5900,40.5900,40.5900,40.5900,0,0,0.5140000,0.9731000,0.0000000,2.6738000,-0.2895000,3.4709000
20240111,434,P,0.0250,0.0250,0.0250,0.0250,0,0,0.3710000,-0.0039000,0.0000000,0.5042000,-0.0308000,-0.0156000
20240111,466,C,8.8250,8.8250,8.8250,8.8250,0,0,0.1699000,0.8774000,0.0000000,8.7423000,-0.3059000,3.3588000
20240111,466,P,0.2450,0.2450,0.2450,0.2450,0,0,0.1433000,-0.0844000,0.0000000,6.6701000,-0.1529000,-0.3323000
20240111,498,P,23.8250,23.8250,23.8250,23.8250,0,0,0.3032000,-0.9600000,0.0000000,3.7092000,-0.1171000,-3.9509000
20240111,530,P,55.8350,55.8350,55.8350,55.8350,0,0,0.6085000,-0.9760000,0.0000000,2.4272000,-0.1698000,-4.2776000
20240111,423,C,51.5500,51.5500,51.5500,51.5500,0,0,0.6203000,0.9804000,0.0000000,2.0457000,-0.2708000,3.4091000
20240111,423,P,0.0250,0.0250,0.0250,0.0250,0,0,0.4687000,-0.0033000,0.0000000,0.4320000,-0.0334000,-0.0131000
20240111,455,C,19.6200,19.6200,19.6200,19.6200,0,0,0.2802000,0.9506000,0.0000000,4.3946000,-0.2672000,3.5560000
20240111,455,P,0.0450,0.0450,0.0450,0.0450,0,0,0.2070000,-0.0129000,0.0000000,1.4370000,-0.0485000,-0.0509000
20240111,487,C,0.0250,0.0250,0.0250,0.0250,0,0,0.1250000,0.0105000,0.0000000,1.1987000,-0.0256000,0.0409000
20240111,487,P,12.8250,12.8250,12.8250,12.8250,0,0,0.1845000,-0.9404000,0.0000000,5.1019000,-0.0896000,-3.7835000
20240111,412,C,62.5550,62.5550,62.5550,62.5550,0,0,0.7437000,0.9830000,0.0000000,1.8120000,-0.2825000,3.3285000
20240111,412,P,0.0150,0.0150,0.0150,0.0150,0,0,0.5250000,-0.0014000,0.0000000,0.2021000,-0.0175000,-0.0057000
20240111,444,C,30.6050,30.6050,30.6050,30.6050,0,0,0.4033000,0.9660000,0.0000000,3.2486000,-0.2798000,3.5254000
20240111,444,P,0.0350,0.0350,0.0350,0.0350,0,0,0.2988000,-0.0071000,0.0000000,0.8497000,-0.0416000,-0.0280000
20240111,476,C,1.5750,1.5750,1.5750,1.5750,0,0,0.1330000,0.3910000,0.0000000,16.5352000,-0.3921000,1.5165000
20240111,476,P,3.0250,3.0250,3.0250,3.0250,0,0,0.1226000,-0.6182000,0.0000000,16.4193000,-0.2914000,-2.4427000
20240111,540,P,65.8150,65.8150,65.8150,65.8150,0,0,0.6867000,-0.9796000,0.0000000,2.1169000,-0.1643000,-4.3739000
20240111,433,C,41.5900,41.5900,41.5900,41.5900,0,0,0.5250000,0.9736000,0.0000000,2.6267000,-0.2901000,3.4649000
20240111,433,P,0.0250,0.0250,0.0250,0.0250,0,0,0.3789000,-0.0037000,0.0000000,0.4871000,-0.0303000,-0.0150000
20240111,465,C,9.7700,9.7700,9.7700,9.7700,0,0,0.1779000,0.8931000,0.0000000,7.9306000,-0.2946000,3.4123000
20240111,465,P,0.1850,0.1850,0.1850,0.1850,0,0,0.1459000,-0.0652000,0.0000000,5.4731000,-0.1281000,-0.2564000
20240111,497,P,22.8250,22.8250,22.8250,22.8250,0,0,0.2929000,-0.9588000,0.0000000,3.7963000,-0.1152000,-3.9381000
20240111,422,C,52.5700,52.5700,52.5700,52.5700,0,0,0.6406000,0.9793000,0.0000000,2.1441000,-0.2880000,3.3964000
20240111,422,P,0.0150,0.0150,0.0150,0.0150,0,0,0.4453000,-0.0017000,0.0000000,0.2466000,-0.0181000,-0.0070000
20240111,454,C,20.6250,20.6250,20.6250,20.6250,0,0,0.2919000,0.9524000,0.0000000,4.2671000,-0.2696000,3.5547000
20240111,454,P,0.0450,0.0450,0.0450,0.0450,0,0,0.2167000,-0.0125000,0.0000000,1.3982000,-0.0494000,-0.0494000
20240111,486,C,0.0350,0.0350,0.0350,0.0350,0,0,0.1240000,0.0160000,0.0000000,1.7276000,-0.0366000,0.0624000
20240111,486,P,11.8250,11.8250,11.8250,11.8250,0,0,0.1733000,-0.9369000,0.0000000,5.3319000,-0.0871000,-3.7617000
20240111,411,C,63.5600,63.5600,63.5600,63.5600,0,0,0.7601000,0.9826000,0.0000000,1.8472000,-0.2917000,3.3187000
20240111,411,P,0.0150,0.0150,0.0150,0.0150,0,0,0.5375000,-0.0015000,0.0000000,0.2135000,-0.0189000,-0.0060000
20240111,443,C,31.5800,31.5800,31.5800,31.5800,0,0,0.4082000,0.9688000,0.0000000,3.0207000,-0.2670000,3.5286000
20240111,443,P,0.0250,0.0250,0.0250,0.0250,0,0,0.2929000,-0.0048000,0.0000000,0.6075000,-0.0292000,-0.0191000
20240111,475,C,2.0350,2.0350,2.0350,2.0350,0,0,0.1353000,0.4599000,0.0000000,17.0930000,-0.4157000,1.7821000
20240111,475,P,2.4800,2.4800,2.4800,2.4800,0,0,0.1253000,-0.5435000,0.0000000,17.0769000,-0.3177000,-2.1462000
20240111,432,C,42.5850,42.5850,42.5850,42.5850,0,0,0.5328000,0.9748000,0.0000000,2.5260000,-0.2845000,3.4614000
20240111,432,P,0.0250,0.0250,0.0250,0.0250,0,0,0.3906000,-0.0039000,0.0000000,0.5054000,-0.0325000,-0.0156000
20240111,464,C,10.7250,10.7250,10.7250,10.7250,0,0,0.1850000,0.9073000,0.0000000,7.1458000,-0.2806000,3.4600000
20240111,464,P,0.1450,0.1450,0.1450,0.1450,0,0,0.1499000,-0.0513000,0.0000000,4.5388000,-0.1094000,-0.2021000
20240111,496,P,21.8250,21.8250,21.8250,21.8250,0,0,0.2822000,-0.9578000,0.0000000,3.8723000,-0.1122000,-3.9259000
20240111,421,C,53.5500,53.5500,53.5500,53.5500,0,0,0.6421000,0.9810000,0.0000000,1.9916000,-0.2723000,3.3950000
20240111,421,P,0.0150,0.0150,0.0150,0.0150,0,0,0.4531000,-0.0017000,0.0000000,0.2408000,-0.0180000,-0.0068000
20240111,453,C,21.6250,21.6250,21.6250,21.6250,0,0,0.3041000,0.9538000,0.0000000,4.1686000,-0.2732000,3.5518000
20240111,453,P,0.0450,0.0450,0.0450,0.0450,0,0,0.2255000,-0.0118000,0.0000000,1.3332000,-0.0491000,-0.0467000
20240111,485,C,0.0550,0.0550,0.0550,0.0550,0,0,0.1240000,0.0249000,0.0000000,2.5143000,-0.0535000,0.0972000
20240111,485,P,10.8250,10.8250,10.8250,10.8250,0,0,0.1616000,-0.9333000,0.0000000,5.5657000,-0.0834000,-3.7394000
20240111,410,C,64.5600,64.5600,64.5600,64.5600,0,0,0.7718000,0.9828000,0.0000000,1.8327000,-0.2933000,3.3111000
20240111,410,P,0.0150,0.0150,0.0150,0.0150,0,0,0.5437000,-0.0014000,0.0000000,0.2037000,-0.0182000,-0.0057000
20240111,442,C,32.5800,32.5800,32.5800,32.5800,0,0,0.4199000,0.9694000,0.0000000,2.9743000,-0.2695000,3.5226000
20240111,442,P,0.0250,0.0250,0.0250,0.0250,0,0,0.3007000,-0.0046000,0.0000000,0.5823000,-0.0287000,-0.0182000
20240111,474,C,2.5650,2.5650,2.5650,2.5650,0,0,0.1378000,0.5278000,0.0000000,17.1376000,-0.4283000,2.0432000
20240111,474,P,1.9950,1.9950,1.9950,1.9950,0,0,0.1265000,-0.4700000,0.0000000,17.1312000,-0.3274000,-1.8548000
20240111,431,C,43.5850,43.5850,43.5850,43.5850,0,0,0.5437000,0.9753000,0.0000000,2.4841000,-0.2852000,3.4551000
20240111,431,P,0.0250,0.0250,0.0250,0.0250,0,0,0.3984000,-0.0038000,0.0000000,0.4886000,-0.0320000,-0.0150000
20240111,463,C,11.6950,11.6950,11.6950,11.6950,0,0,0.1938000,0.9174000,0.0000000,6.5582000,-0.2727000,3.4913000
20240111,463,P,0.1250,0.1250,0.1250,0.1250,0,0,0.1567000,-0.0433000,0.0000000,3.9638000,-0.1001000,-0.1706000
20240111,495,P,20.8250,20.8250,20.8250,20.8250,0,0,0.2719000,-0.9564000,0.0000000,3.9781000,-0.1106000,-3.9120000
20240111,420,C,54.5700,54.5700,54.5700,54.5700,0,0,0.6632000,0.9798000,0.0000000,2.0955000,-0.2905000,3.3820000
20240111,420,P,0.0150,0.0150,0.0150,0.0150,0,0,0.4609000,-0.0016000,0.0000000,0.2353000,-0.0178000,-0.0067000
20240111,452,C,22.6150,22.6150,22.6150,22.6150,0,0,0.3134000,0.9565000,0.0000000,3.9707000,-0.2694000,3.5542000
20240111,452,P,0.0350,0.0350,0.0350,0.0350,0,0,0.2265000,-0.0091000,0.0000000,1.0637000,-0.0393000,-0.0361000
20240111,484,C,0.0850,0.0850,0.0850,0.0850,0,0,0.1240000,0.0377000,0.0000000,3.5411000,-0.0755000,0.1470000
20240111,484,P,9.8250,9.8250,9.8250,9.8250,0,0,0.1499000,-0.9289000,0.0000000,5.8464000,-0.0800000,-3.7140000
20240111,409,C,65.5550,65.5550,65.5550,65.5550,0,0,0.7777000,0.9836000,0.0000000,1.7595000,-0.2856000,3.3060000
20240111,409,P,0.0150,0.0150,0.0150,0.0150,0,0,0.5500000,-0.0013000,0.0000000,0.1944000,-0.0176000,-0.0054000
20240111,441,C,33.5950,33.5950,33.5950,33.5950,0,0,0.4345000,0.9691000,0.0000000,2.9991000,-0.2784000,3.5131000
20240111,441,P,0.0250,0.0250,0.0250,0.0250,0,0,0.3125000,-0.0048000,0.0000000,0.6081000,-0.0312000,-0.0192000
20240111,473,C,3.1650,3.1650,3.1650,3.1650,0,0,0.1403000,0.5927000,0.0000000,16.7135000,-0.4301000,2.2919000
20240111,473,P,1.5850,1.5850,1.5850,1.5850,0,0,0.1282000,-0.3991000,0.0000000,16.6280000,-0.3265000,-1.5741000
20240111,505,P,30.8200,30.8200,30.8200,30.8200,0,0,0.3730000,-0.9663000,0.0000000,3.2227000,-0.1285000,-4.0333000
20240111,430,C,44.5600,44.5600,44.5600,44.5600,0,0,0.5468000,0.9773000,0.0000000,2.3136000,-0.2710000,3.4548000
20240111,430,P,0.0250,0.0250,0.0250,0.0250,0,0,0.4062000,-0.0036000,0.0000000,0.4727000,-0.0316000,-0.0145000
20240111,462,C,12.6750,12.6750,12.6750,12.6750,0,0,0.2036000,0.9249000,0.0000000,6.1001000,-0.2682000,3.5127000
20240111,462,P,0.0950,0.0950,0.0950,0.0950,0,0,0.1591000,-0.0331000,0.0000000,3.1836000,-0.0818000,-0.1304000
20240111,494,P,19.8250,19.8250,19.8250,19.8250,0,0,0.2612000,-0.9551000,0.0000000,4.0735000,-0.1079000,-3.8987000
20240111,419,C,55.5450,55.5450,55.5450,55.5450,0,0,0.6593000,0.9822000,0.0000000,1.8825000,-0.2658000,3.3833000
20240111,419,P,0.0150,0.0150,0.0150,0.0150,0,0,0.4687000,-0.0016000,0.0000000,0.2299000,-0.0177000,-0.0065000
20240111,451,C,23.6150,23.6150,23.6150,23.6150,0,0,0.3251000,0.9578000,0.0000000,3.8739000,-0.2718000,3.5511000
20240111,451,P,0.0350,0.0350,0.0350,0.0350,0,0,0.2363000,-0.0090000,0.0000000,1.0473000,-0.0404000,-0.0354000
20240111,483,C,0.1250,0.1250,0.1250,0.1250,0,0,0.1230000,0.0541000,0.0000000,4.7282000,-0.1003000,0.2105000
20240111,483,P,8.8250,8.8250,8.8250,8.8250,0,0,0.1376000,-0.9242000,0.0000000,6.1427000,-0.0754000,-3.6872000
20240111,515,P,40.8350,40.8350,40.8350,40.8350,0,0,0.4726000,-0.9707000,0.0000000,2.8653000,-0.1520000,-4.1333000
20240111,525,P,50.8350,50.8350,50.8350,50.8350,0,0,0.5640000,-0.9746000,0.0000000,2.5477000,-0.1640000,-4.2308000
20240111,408,C,66.5300,66.5300,66.5300,66.5300,0,0,0.7765000,0.9850000,0.0000000,1.6218000,-0.2674000,3.3038000
20240111,408,P,0.0150,0.0150,0.0150,0.0150,0,0,0.5625000,-0.0014000,0.0000000,0.2048000,-0.0190000,-0.0057000
20240111,440,C,34.5950,34.5950,34.5950,34.5950,0,0,0.4458000,0.9698000,0.0000000,2.9433000,-0.2798000,3.5075000
20240111,440,P,0.0250,0.0250,0.0250,0.0250,0,0,0.3203000,-0.0046000,0.0000000,0.5839000,-0.0307000,-0.0183000
20240111,472,C,3.8400,3.8400,3.8400,3.8400,0,0,0.1442000,0.6517000,0.0000000,15.9213000,-0.4259000,2.5171000
20240111,472,P,1.2450,1.2450,1.2450,1.2450,0,0,0.1301000,-0.3331000,0.0000000,15.6550000,-0.3151000,-1.3132000
20240111,429,C,45.5800,45.5800,45.5800,45.5800,0,0,0.5664000,0.9761000,0.0000000,2.4175000,-0.2881000,3.4416000
20240111,429,P,0.0250,0.0250,0.0250,0.0250,0,0,0.4140000,-0.0035000,0.0000000,0.4577000,-0.0312000,-0.0140000
20240111,493,C,0.0150,0.0150,0.0150,0.0150,0,0,0.1621000,0.0045000,0.0000000,0.5727000,-0.0157000,0.0177000
20240111,493,P,18.8250,18.8250,18.8250,18.8250,0,0,0.2509000,-0.9533000,0.0000000,4.2036000,-0.1067000,-3.8835000
20240111,461,C,13.6750,13.6750,13.6750,13.6750,0,0,0.2163000,0.9286000,0.0000000,5.8658000,-0.2728000,3.5191000
20240111,461,P,0.0850,0.0850,0.0850,0.0850,0,0,0.1665000,-0.0287000,0.0000000,2.8293000,-0.0762000,-0.1131000
20240111,535,P,60.8150,60.8150,60.8150,60.8150,0,0,0.6437000,-0.9787000,0.0000000,2.1982000,-0.1586000,-4.3291000
20240111,418,C,56.5700,56.5700,56.5700,56.5700,0,0,0.6859000,0.9804000,0.0000000,2.0491000,-0.2928000,3.3676000
20240111,418,P,0.0150,0.0150,0.0150,0.0150,0,0,0.4765000,-0.0016000,0.0000000,0.2247000,-0.0176000,-0.0063000
20240111,450,C,24.6150,24.6150,24.6150,24.6150,0,0,0.3369000,0.9590000,0.0000000,3.7840000,-0.2743000,3.5475000
20240111,450,P,0.0350,0.0350,0.0350,0.0350,0,0,0.2441000,-0.0084000,0.0000000,0.9865000,-0.0394000,-0.0331000
20240111,482,C,0.1950,0.1950,0.1950,0.1950,0,0,0.1240000,0.0793000,0.0000000,6.3613000,-0.1364000,0.3086000
20240111,482,P,7.8450,7.8450,7.8450,7.8450,0,0,0.1286000,-0.9128000,0.0000000,6.8288000,-0.0818000,-3.6345000
20240111,439,C,35.5950,35.5950,35.5950,35.5950,0,0,0.4570000,0.9704000,0.0000000,2.8902000,-0.2811000,3.5018000
20240111,439,P,0.0250,0.0250,0.0250,0.0250,0,0,0.3281000,-0.0044000,0.0000000,0.5613000,-0.0302000,-0.0175000
20240111,407,C,67.5500,67.5500,67.5500,67.5500,0,0,0.8000000,0.9840000,0.0000000,1.7221000,-0.2868000,3.2911000
20240111,407,P,0.0150,0.0150,0.0150,0.0150,0,0,0.5687000,-0.0013000,0.0000000,0.1956000,-0.0183000,-0.0055000
20240111,471,C,4.5500,4.5500,4.5500,4.5500,0,0,0.1466000,0.7065000,0.0000000,14.8218000,-0.4089000,2.7256000
20240111,471,P,0.9650,0.9650,0.9650,0.9650,0,0,0.1318000,-0.2733000,0.0000000,14.3252000,-0.2946000,-1.0768000
20240111,545,P,70.8150,70.8150,70.8150,70.8150,0,0,0.7285000,-0.9805000,0.0000000,2.0391000,-0.1688000,-4.4186000
20240111,428,C,46.5750,46.5750,46.5750,46.5750,0,0,0.5734000,0.9773000,0.0000000,2.3177000,-0.2813000,3.4380000
20240111,428,P,0.0250,0.0250,0.0250,0.0250,0,0,0.4218000,-0.0034000,0.0000000,0.4434000,-0.0308000,-0.0135000
20240111,460,C,14.6500,14.6500,14.6500,14.6500,0,0,0.2255000,0.9348000,0.0000000,5.4730000,-0.2674000,3.5350000
20240111,460,P,0.0750,0.0750,0.0750,0.0750,0,0,0.1728000,-0.0245000,0.0000000,2.4751000,-0.0693000,-0.0964000
20240111,492,C,0.0150,0.0150,0.0150,0.0150,0,0,0.1542000,0.0047000,0.0000000,0.5910000,-0.0154000,0.0183000
20240111,492,P,17.8250,17.8250,17.8250,17.8250,0,0,0.2402000,-0.9516000,0.0000000,4.3249000,-0.1043000,-3.8686000
20240111,417,C,57.5650,57.5650,57.5650,57.5650,0,0,0.6921000,0.9813000,0.0000000,1.9657000,-0.2853000,3.3631000
20240111,417,P,0.0150,0.0150,0.0150,0.0150,0,0,0.4843000,-0.0015000,0.0000000,0.2197000,-0.0175000,-0.0062000
20240111,449,C,25.6150,25.6150,25.6150,25.6150,0,0,0.3486000,0.9601000,0.0000000,3.7001000,-0.2767000,3.5437000
20240111,449,P,0.0350,0.0350,0.0350,0.0350,0,0,0.2539000,-0.0082000,0.0000000,0.9739000,-0.0404000,-0.0326000
20240111,481,C,0.2950,0.2950,0.2950,0.2950,0,0,0.1247000,0.1116000,0.0000000,8.1827000,-0.1772000,0.4341000
20240111,481,P,6.9000,6.9000,6.9000,6.9000,0,0,0.1237000,-0.8902000,0.0000000,8.0862000,-0.1038000,-3.5383000
20240111,438,C,36.5950,36.5950,36.5950,36.5950,0,0,0.4687000,0.9709000,0.0000000,2.8499000,-0.2835000,3.4955000
20240111,438,P,0.0250,0.0250,0.0250,0.0250,0,0,0.3359000,-0.0042000,0.0000000,0.5402000,-0.0298000,-0.0168000
20240111,406,C,68.5500,68.5500,68.5500,68.5500,0,0,0.8117000,0.9841000,0.0000000,1.7093000,-0.2883000,3.2834000
20240111,406,P,0.0150,0.0150,0.0150,0.0150,0,0,0.5749000,-0.0013000,0.0000000,0.1869000,-0.0177000,-0.0052000
20240111,470,C,5.3250,5.3250,5.3250,5.3250,0,0,0.1496000,0.7545000,0.0000000,13.5503000,-0.3880000,2.9070000
20240111,470,P,0.7450,0.7450,0.7450,0.7450,0,0,0.1341000,-0.2215000,0.0000000,12.8011000,-0.2698000,-0.8724000
20240111,427,C,47.5800,47.5800,47.5800,47.5800,0,0,0.5890000,0.9769000,0.0000000,2.3549000,-0.2908000,3.4280000
20240111,427,P,0.0250,0.0250,0.0250,0.0250,0,0,0.4335000,-0.0035000,0.0000000,0.4588000,-0.0327000,-0.0140000
20240111,491,C,0.0150,0.0150,0.0150,0.0150,0,0,0.1484000,0.0054000,0.0000000,0.6685000,-0.0168000,0.0210000
20240111,491,P,16.8450,16.8450,16.8450,16.8450,0,0,0.2333000,-0.9467000,0.0000000,4.6687000,-0.1132000,-3.8414000
20240111,459,C,15.6500,15.6500,15.6500,15.6500,0,0,0.2377000,0.9378000,0.0000000,5.2747000,-0.2707000,3.5385000
20240111,459,P,0.0650,0.0650,0.0650,0.0650,0,0,0.1787000,-0.0207000,0.0000000,2.1509000,-0.0624000,-0.0816000
20240112,448,C,26.6950,26.6950,26.6950,26.6950,0,0,0.3159000,0.9598000,0.0000000,4.2988000,-0.2316000,4.7073000
20240112,448,P,0.0450,0.0450,0.0450,0.0450,0,0,0.2363000,-0.0099000,0.0000000,1.3204000,-0.0382000,-0.0523000
20240112,416,C,58.6100,58.6100,58.6100,58.6100,0,0,0.6054000,0.9822000,0.0000000,2.1717000,-0.2231000,4.4735000
20240112,416,P,0.0250,0.0250,0.0250,0.0250,0,0,0.4570000,-0.0028000,0.0000000,0.4299000,-0.0242000,-0.0149000
20240112,480,C,0.6350,0.6350,0.6350,0.6350,0,0,0.1241000,0.1873000,0.0000000,13.3710000,-0.2197000,0.9691000
20240112,480,P,6.1100,6.1100,6.1100,6.1100,0,0,0.1188000,-0.8231000,0.0000000,12.8972000,-0.1335000,-4.3557000
20240112,447.5,C,27.1750,27.1750,27.1750,27.1750,0,0,0.3164000,0.9624000,0.0000000,4.0698000,-0.2229000,4.7156000
20240112,447.5,P,0.0450,0.0450,0.0450,0.0450,0,0,0.2402000,-0.0097000,0.0000000,1.2993000,-0.0382000,-0.0513000
20240112,437,C,37.6650,37.6650,37.6650,37.6650,0,0,0.4179000,0.9711000,0.0000000,3.2707000,-0.2319000,4.6460000
20240112,437,P,0.0350,0.0350,0.0350,0.0350,0,0,0.3144000,-0.0060000,0.0000000,0.8479000,-0.0328000,-0.0317000
20240112,405,C,69.6150,69.6150,69.6150,69.6150,0,0,0.7144000,0.9842000,0.0000000,1.9627000,-0.2325000,4.3630000
20240112,405,P,0.0150,0.0150,0.0150,0.0150,0,0,0.5124000,-0.0014000,0.0000000,0.2388000,-0.0151000,-0.0078000
20240112,469,C,6.4300,6.4300,6.4300,6.4300,0,0,0.1491000,0.7722000,0.0000000,15.0092000,-0.3314000,3.9527000
20240112,469,P,0.7850,0.7850,0.7850,0.7850,0,0,0.1350000,-0.2052000,0.0000000,14.1325000,-0.2236000,-1.0779000
20240112,458,C,16.7500,16.7500,16.7500,16.7500,0,0,0.2231000,0.9357000,0.0000000,6.2456000,-0.2358000,4.6911000
20240112,458,P,0.0950,0.0950,0.0950,0.0950,0,0,0.1752000,-0.0268000,0.0000000,3.0836000,-0.0655000,-0.1408000
20240112,426,C,48.6300,48.6300,48.6300,48.6300,0,0,0.5164000,0.9781000,0.0000000,2.5939000,-0.2274000,4.5617000
20240112,426,P,0.0250,0.0250,0.0250,0.0250,0,0,0.3828000,-0.0034000,0.0000000,0.5119000,-0.0241000,-0.0180000
20240112,490,C,0.0250,0.0250,0.0250,0.0250,0,0,0.1308000,0.0095000,0.0000000,1.2690000,-0.0213000,0.0493000
20240112,490,P,15.8450,15.8450,15.8450,15.8450,0,0,0.2038000,-0.9330000,0.0000000,6.4487000,-0.0972000,-5.0350000
20240112,457.5,C,17.2500,17.2500,17.2500,17.2500,0,0,0.2285000,0.9370000,0.0000000,6.1471000,-0.2372000,4.6924000
20240112,457.5,P,0.0850,0.0850,0.0850,0.0850,0,0,0.1767000,-0.0242000,0.0000000,2.8348000,-0.0607000,-0.1274000
20240112,415,C,59.6250,59.6250,59.6250,59.6250,0,0,0.6203000,0.9817000,0.0000000,2.2260000,-0.2312000,4.4597000
20240112,415,P,0.0250,0.0250,0.0250,0.0250,0,0,0.4648000,-0.0027000,0.0000000,0.4255000,-0.0244000,-0.0147000
20240112,447,C,27.6850,27.6850,27.6850,27.6850,0,0,0.3237000,0.9618000,0.0000000,4.1175000,-0.2285000,4.7072000
20240112,447,P,0.0450,0.0450,0.0450,0.0450,0,0,0.2441000,-0.0096000,0.0000000,1.2790000,-0.0382000,-0.0504000
20240112,479,C,0.8650,0.8650,0.8650,0.8650,0,0,0.1257000,0.2363000,0.0000000,15.3218000,-0.2563000,1.2218000
20240112,479,P,5.3100,5.3100,5.3100,5.3100,0,0,0.1190000,-0.7761000,0.0000000,14.8621000,-0.1662000,-4.1021000
20240112,436,C,38.6650,38.6650,38.6650,38.6650,0,0,0.4282000,0.9716000,0.0000000,3.2297000,-0.2338000,4.6372000
20240112,436,P,0.0350,0.0350,0.0350,0.0350,0,0,0.3203000,-0.0056000,0.0000000,0.8003000,-0.0315000,-0.0297000
20240112,500,P,25.8250,25.8250,25.8250,25.8250,0,0,0.2958000,-0.9531000,0.0000000,4.8692000,-0.1101000,-5.2493000
20240112,468,C,7.2850,7.2850,7.2850,7.2850,0,0,0.1538000,0.8041000,0.0000000,13.7386000,-0.3178000,4.1097000
20240112,468,P,0.6150,0.6150,0.6150,0.6150,0,0,0.1364000,-0.1676000,0.0000000,12.4653000,-0.2004000,-0.8801000
20240112,467.5,C,7.7050,7.7050,7.7050,7.7050,0,0,0.1550000,0.8201000,0.0000000,13.0368000,-0.3074000,4.1881000
20240112,467.5,P,0.5450,0.5450,0.5450,0.5450,0,0,0.1374000,-0.1512000,0.0000000,11.6544000,-0.1892000,-0.7940000
20240112,425,C,49.6450,49.6450,49.6450,49.6450,0,0,0.5296000,0.9777000,0.0000000,2.6300000,-0.2339000,4.5487000
20240112,425,P,0.0250,0.0250,0.0250,0.0250,0,0,0.3906000,-0.0033000,0.0000000,0.5062000,-0.0244000,-0.0178000
20240112,457,C,17.7400,17.7400,17.7400,17.7400,0,0,0.2321000,0.9396000,0.0000000,5.9497000,-0.2344000,4.7004000
20240112,457,P,0.0850,0.0850,0.0850,0.0850,0,0,0.1806000,-0.0234000,0.0000000,2.7491000,-0.0602000,-0.1228000
20240112,489,C,0.0350,0.0350,0.0350,0.0350,0,0,0.1298000,0.0134000,0.0000000,1.7156000,-0.0287000,0.0698000
20240112,489,P,14.8450,14.8450,14.8450,14.8450,0,0,0.1938000,-0.9301000,0.0000000,6.6639000,-0.0947000,-5.0089000
20240112,350,C,124.5400,124.5400,124.5400,124.5400,0,0,1.2341000,0.9921000,0.0000000,1.0703000,-0.2150000,3.8006000
20240112,446,C,28.6850,28.6850,28.6850,28.6850,0,0,0.3339000,0.9627000,0.0000000,4.0406000,-0.2304000,4.7007000
20240112,446,P,0.0450,0.0450,0.0450,0.0450,0,0,0.2519000,-0.0092000,0.0000000,1.2405000,-0.0383000,-0.0487000
20240112,414,C,60.6100,60.6100,60.6100,60.6100,0,0,0.6250000,0.9826000,0.0000000,2.1270000,-0.2247000,4.4538000
20240112,414,P,0.0250,0.0250,0.0250,0.0250,0,0,0.4726000,-0.0027000,0.0000000,0.4212000,-0.0246000,-0.0145000
20240112,478,C,1.1450,1.1450,1.1450,1.1450,0,0,0.1270000,0.2899000,0.0000000,17.0124000,-0.2893000,1.4981000
20240112,478,P,4.5600,4.5600,4.5600,4.5600,0,0,0.1192000,-0.7226000,0.0000000,16.6551000,-0.1971000,-3.8148000
20240112,510,P,35.8200,35.8200,35.8200,35.8200,0,0,0.3842000,-0.9619000,0.0000000,4.1119000,-0.1254000,-5.4052000
20240112,435,C,39.6650,39.6650,39.6650,39.6650,0,0,0.4379000,0.9721000,0.0000000,3.1774000,-0.2347000,4.6291000
20240112,435,P,0.0350,0.0350,0.0350,0.0350,0,0,0.3281000,-0.0055000,0.0000000,0.7857000,-0.0317000,-0.0291000
20240112,467,C,8.1350,8.1350,8.1350,8.1350,0,0,0.1564000,0.8346000,0.0000000,12.3559000,-0.2974000,4.2590000
20240112,467,P,0.4850,0.4850,0.4850,0.4850,0,0,0.1386000,-0.1366000,0.0000000,10.8800000,-0.1786000,-0.7170000
20240112,499,P,24.8250,24.8250,24.8250,24.8250,0,0,0.2866000,-0.9519000,0.0000000,4.9629000,-0.1080000,-5.2324000
20240112,360,C,114.5300,114.5300,114.5300,114.5300,0,0,1.1179000,0.9921000,0.0000000,1.0756000,-0.2017000,3.9104000
20240112,456,C,18.7300,18.7300,18.7300,18.7300,0,0,0.2412000,0.9430000,0.0000000,5.6814000,-0.2331000,4.7075000
20240112,456,P,0.0750,0.0750,0.0750,0.0750,0,0,0.1855000,-0.0202000,0.0000000,2.4315000,-0.0548000,-0.1062000
20240112,424,C,50.6450,50.6450,50.6450,50.6450,0,0,0.5398000,0.9780000,0.0000000,2.6044000,-0.2353000,4.5391000
20240112,424,P,0.0250,0.0250,0.0250,0.0250,0,0,0.3984000,-0.0033000,0.0000000,0.5006000,-0.0246000,-0.0176000
20240112,520,P,45.8350,45.8350,45.8350,45.8350,0,0,0.4711000,-0.9664000,0.0000000,3.7058000,-0.1443000,-5.5388000
20240112,488,C,0.0350,0.0350,0.0350,0.0350,0,0,0.1220000,0.0140000,0.0000000,1.7832000,-0.0281000,0.0730000
20240112,488,P,13.8250,13.8250,13.8250,13.8250,0,0,0.1806000,-0.9302000,0.0000000,6.6531000,-0.0836000,-4.9985000
20240112,487.5,C,0.0450,0.0450,0.0450,0.0450,0,0,0.1230000,0.0179000,0.0000000,2.1960000,-0.0349000,0.0931000
20240112,487.5,P,13.3450,13.3450,13.3450,13.3450,0,0,0.1784000,-0.9252000,0.0000000,7.0159000,-0.0903000,-4.9671000
20240112,445,C,29.6850,29.6850,29.6850,29.6850,0,0,0.3442000,0.9635000,0.0000000,3.9680000,-0.2324000,4.6940000
20240112,445,P,0.0450,0.0450,0.0450,0.0450,0,0,0.2597000,-0.0089000,0.0000000,1.2046000,-0.0383000,-0.0471000
20240112,413,C,61.6250,61.6250,61.6250,61.6250,0,0,0.6398000,0.9822000,0.0000000,2.1788000,-0.2326000,4.4401000
20240112,413,P,0.0250,0.0250,0.0250,0.0250,0,0,0.4804000,-0.0027000,0.0000000,0.4169000,-0.0247000,-0.0144000
20240112,477,C,1.4850,1.4850,1.4850,1.4850,0,0,0.1285000,0.3476000,0.0000000,18.3650000,-0.3180000,1.7950000
20240112,477,P,3.8800,3.8800,3.8800,3.8800,0,0,0.1202000,-0.6625000,0.0000000,18.1581000,-0.2259000,-3.4946000
20240112,370,C,104.5650,104.5650,104.5650,104.5650,0,0,1.0378000,0.9903000,0.0000000,1.2834000,-0.2191000,4.0108000
20240112,434,C,40.6650,40.6650,40.6650,40.6650,0,0,0.4482000,0.9725000,0.0000000,3.1394000,-0.2366000,4.6202000
20240112,434,P,0.0350,0.0350,0.0350,0.0350,0,0,0.3359000,-0.0054000,0.0000000,0.7717000,-0.0319000,-0.0285000
20240112,466,C,9.0500,9.0500,9.0500,9.0500,0,0,0.1632000,0.8551000,0.0000000,11.3227000,-0.2880000,4.3556000
20240112,466,P,0.3850,0.3850,0.3850,0.3850,0,0,0.1413000,-0.1112000,0.0000000,9.4236000,-0.1583000,-0.5839000
20240112,498,P,23.8250,23.8250,23.8250,23.8250,0,0,0.2773000,-0.9507000,0.0000000,5.0655000,-0.1061000,-5.2149000
20240112,530,P,55.8350,55.8350,55.8350,55.8350,0,0,0.5519000,-0.9702000,0.0000000,3.3557000,-0.1558000,-5.6685000
20240112,455,C,19.7200,19.7200,19.7200,19.7200,0,0,0.2500000,0.9463000,0.0000000,5.4237000,-0.2314000,4.7135000
20240112,455,P,0.0750,0.0750,0.0750,0.0750,0,0,0.1943000,-0.0194000,0.0000000,2.3527000,-0.0556000,-0.1022000
20240112,423,C,51.6450,51.6450,51.6450,51.6450,0,0,0.5492000,0.9784000,0.0000000,2.5648000,-0.2356000,4.5301000
20240112,423,P,0.0250,0.0250,0.0250,0.0250,0,0,0.4062000,-0.0032000,0.0000000,0.4951000,-0.0248000,-0.0174000
20240112,487,C,0.0550,0.0550,0.0550,0.0550,0,0,0.1230000,0.0217000,0.0000000,2.5867000,-0.0411000,0.1129000
20240112,487,P,12.8250,12.8250,12.8250,12.8250,0,0,0.1704000,-0.9268000,0.0000000,6.8994000,-0.0807000,-4.9699000
20240112,380,C,94.5600,94.5600,94.5600,94.5600,0,0,0.9347000,0.9896000,0.0000000,1.3617000,-0.2132000,4.1171000
20240112,444,C,30.6850,30.6850,30.6850,30.6850,0,0,0.3540000,0.9645000,0.0000000,3.8822000,-0.2334000,4.6880000
20240112,444,P,0.0450,0.0450,0.0450,0.0450,0,0,0.2685000,-0.0088000,0.0000000,1.1951000,-0.0393000,-0.0467000
20240112,412,C,62.6250,62.6250,62.6250,62.6250,0,0,0.6499000,0.9823000,0.0000000,2.1615000,-0.2338000,4.4300000
20240112,412,P,0.0250,0.0250,0.0250,0.0250,0,0,0.4882000,-0.0026000,0.0000000,0.4126000,-0.0249000,-0.0142000
20240112,476,C,1.8950,1.8950,1.8950,1.8950,0,0,0.1304000,0.4082000,0.0000000,19.3015000,-0.3419000,2.1060000
20240112,476,P,3.2700,3.2700,3.2700,3.2700,0,0,0.1215000,-0.5987000,0.0000000,19.2180000,-0.2495000,-3.1553000
20240112,540,P,65.8150,65.8150,65.8150,65.8150,0,0,0.6234000,-0.9742000,0.0000000,2.9750000,-0.1544000,-5.7989000
20240112,433,C,41.6550,41.6550,41.6550,41.6550,0,0,0.4545000,0.9739000,0.0000000,3.0073000,-0.2315000,4.6165000
20240112,433,P,0.0350,0.0350,0.0350,0.0350,0,0,0.3437000,-0.0053000,0.0000000,0.7582000,-0.0321000,-0.0279000
20240112,465,C,9.9550,9.9550,9.9550,9.9550,0,0,0.1667000,0.8768000,0.0000000,10.1252000,-0.2695000,4.4589000
20240112,465,P,0.3050,0.3050,0.3050,0.3050,0,0,0.1437000,-0.0898000,0.0000000,8.0597000,-0.1382000,-0.4712000
20240112,497,P,22.8250,22.8250,22.8250,22.8250,0,0,0.2680000,-0.9493000,0.0000000,5.1781000,-0.1042000,-5.1968000
20240112,390,C,84.5700,84.5700,84.5700,84.5700,0,0,0.8410000,0.9883000,0.0000000,1.5166000,-0.2148000,4.2198000
20240112,390,P,0.0150,0.0150,0.0150,0.0150,0,0,0.6187000,-0.0011000,0.0000000,0.1867000,-0.0143000,-0.0059000
20240112,454,C,20.7150,20.7150,20.7150,20.7150,0,0,0.2585000,0.9493000,0.0000000,5.1753000,-0.2293000,4.7187000
20240112,454,P,0.0650,0.0650,0.0650,0.0650,0,0,0.1987000,-0.0167000,0.0000000,2.0730000,-0.0501000,-0.0881000
20240112,422,C,52.6200,52.6200,52.6200,52.6200,0,0,0.5515000,0.9800000,0.0000000,2.3999000,-0.2249000,4.5278000
20240112,422,P,0.0250,0.0250,0.0250,0.0250,0,0,0.4140000,-0.0032000,0.0000000,0.4896000,-0.0250000,-0.0171000
20240112,486,C,0.0750,0.0750,0.0750,0.0750,0,0,0.1215000,0.0299000,0.0000000,3.3776000,-0.0532000,0.1552000
20240112,486,P,11.8250,11.8250,11.8250,11.8250,0,0,0.1599000,-0.9232000,0.0000000,7.1637000,-0.0774000,-4.9396000
20240112,443,C,31.6800,31.6800,31.6800,31.6800,0,0,0.3642000,0.9652000,0.0000000,3.8175000,-0.2353000,4.6808000
20240112,443,P,0.0450,0.0450,0.0450,0.0450,0,0,0.2773000,-0.0088000,0.0000000,1.1856000,-0.0403000,-0.0463000
20240112,411,C,63.6250,63.6250,63.6250,63.6250,0,0,0.6593000,0.9826000,0.0000000,2.1334000,-0.2339000,4.4204000
20240112,411,P,0.0150,0.0150,0.0150,0.0150,0,0,0.4687000,-0.0016000,0.0000000,0.2584000,-0.0149000,-0.0084000
20240112,475,C,2.3700,2.3700,2.3700,2.3700,0,0,0.1329000,0.4694000,0.0000000,19.7704000,-0.3597000,2.4197000
20240112,475,P,2.7350,2.7350,2.7350,2.7350,0,0,0.1231000,-0.5333000,0.0000000,19.7590000,-0.2662000,-2.8089000
20240112,442.5,C,32.1750,32.1750,32.1750,32.1750,0,0,0.3662000,0.9667000,0.0000000,3.6811000,-0.2300000,4.6832000
20240112,442.5,P,0.0450,0.0450,0.0450,0.0450,0,0,0.2812000,-0.0086000,0.0000000,1.1695000,-0.0404000,-0.0456000
20240112,432,C,42.6400,42.6400,42.6400,42.6400,0,0,0.4609000,0.9752000,0.0000000,2.8821000,-0.2267000,4.6123000
20240112,432,P,0.0350,0.0350,0.0350,0.0350,0,0,0.3515000,-0.0052000,0.0000000,0.7451000,-0.0322000,-0.0274000
20240112,400,C,74.6050,74.6050,74.6050,74.6050,0,0,0.7589000,0.9855000,0.0000000,1.8213000,-0.2294000,4.3150000
20240112,400,P,0.0150,0.0150,0.0150,0.0150,0,0,0.5437000,-0.0012000,0.0000000,0.2054000,-0.0138000,-0.0066000
20240112,464,C,10.8950,10.8950,10.8950,10.8950,0,0,0.1728000,0.8921000,0.0000000,9.2158000,-0.2585000,4.5282000
20240112,464,P,0.2450,0.2450,0.2450,0.2450,0,0,0.1469000,-0.0731000,0.0000000,6.9007000,-0.1213000,-0.3835000
20240112,496,C,0.0150,0.0150,0.0150,0.0150,0,0,0.1601000,0.0041000,0.0000000,0.6111000,-0.0124000,0.0216000
20240112,496,P,21.8250,21.8250,21.8250,21.8250,0,0,0.2587000,-0.9478000,0.0000000,5.3022000,-0.1025000,-5.1778000
20240112,453,C,21.7150,21.7150,21.7150,21.7150,0,0,0.2690000,0.9509000,0.0000000,5.0464000,-0.2317000,4.7159000
20240112,453,P,0.0650,0.0650,0.0650,0.0650,0,0,0.2070000,-0.0160000,0.0000000,1.9980000,-0.0504000,-0.0844000
20240112,421,C,53.6350,53.6350,53.6350,53.6350,0,0,0.5656000,0.9795000,0.0000000,2.4477000,-0.2323000,4.5143000
20240112,421,P,0.0250,0.0250,0.0250,0.0250,0,0,0.4218000,-0.0032000,0.0000000,0.4842000,-0.0252000,-0.0169000
20240112,485,C,0.1050,0.1050,0.1050,0.1050,0,0,0.1206000,0.0414000,0.0000000,4.4103000,-0.0691000,0.2149000
20240112,485,P,10.8250,10.8250,10.8250,10.8250,0,0,0.1494000,-0.9187000,0.0000000,7.4748000,-0.0742000,-4.9055000
20240112,452.5,C,22.1900,22.1900,22.1900,22.1900,0,0,0.2700000,0.9542000,0.0000000,4.7746000,-0.2233000,4.7277000
20240112,452.5,P,0.0650,0.0650,0.0650,0.0650,0,0,0.2119000,-0.0160000,0.0000000,1.9944000,-0.0515000,-0.0842000
20240112,410,C,64.6250,64.6250,64.6250,64.6250,0,0,0.6695000,0.9827000,0.0000000,2.1166000,-0.2350000,4.4102000
20240112,410,P,0.0150,0.0150,0.0150,0.0150,0,0,0.4687000,-0.0013000,0.0000000,0.2230000,-0.0129000,-0.0072000
20240112,442,C,32.6600,32.6600,32.6600,32.6600,0,0,0.3686000,0.9680000,0.0000000,3.5651000,-0.2258000,4.6844000
20240112,442,P,0.0450,0.0450,0.0450,0.0450,0,0,0.2851000,-0.0085000,0.0000000,1.1539000,-0.0404000,-0.0449000
20240112,474,C,2.9150,2.9150,2.9150,2.9150,0,0,0.1352000,0.5293000,0.0000000,19.7750000,-0.3695000,2.7256000
20240112,474,P,2.2650,2.2650,2.2650,2.2650,0,0,0.1250000,-0.4687000,0.0000000,19.7677000,-0.2754000,-2.4669000
20240112,431,C,43.6550,43.6550,43.6550,43.6550,0,0,0.4746000,0.9747000,0.0000000,2.9310000,-0.2343000,4.5986000
20240112,431,P,0.0350,0.0350,0.0350,0.0350,0,0,0.3593000,-0.0051000,0.0000000,0.7326000,-0.0324000,-0.0269000
20240112,495,C,0.0150,0.0150,0.0150,0.0150,0,0,0.1523000,0.0040000,0.0000000,0.5956000,-0.0115000,0.0210000
20240112,495,P,20.8250,20.8250,20.8250,20.8250,0,0,0.2492000,-0.9463000,0.0000000,5.4252000,-0.1002000,-5.1589000
20240112,463,C,11.8450,11.8450,11.8450,11.8450,0,0,0.1791000,0.9048000,0.0000000,8.4118000,-0.2486000,4.5839000
20240112,463,P,0.2050,0.2050,0.2050,0.2050,0,0,0.1513000,-0.0609000,0.0000000,5.9909000,-0.1088000,-0.3195000
20240112,462.5,C,12.3300,12.3300,12.3300,12.3300,0,0,0.1838000,0.9087000,0.0000000,8.1545000,-0.2477000,4.5990000
20240112,462.5,P,0.1850,0.1850,0.1850,0.1850,0,0,0.1533000,-0.0553000,0.0000000,5.5582000,-0.1024000,-0.2904000
20240112,420,C,54.6200,54.6200,54.6200,54.6200,0,0,0.5710000,0.9805000,0.0000000,2.3457000,-0.2267000,4.5086000
20240112,420,P,0.0250,0.0250,0.0250,0.0250,0,0,0.4296000,-0.0031000,0.0000000,0.4789000,-0.0254000,-0.0167000
20240112,452,C,22.6900,22.6900,22.6900,22.6900,0,0,0.2753000,0.9548000,0.0000000,4.7269000,-0.2248000,4.7251000
20240112,452,P,0.0650,0.0650,0.0650,0.0650,0,0,0.2158000,-0.0156000,0.0000000,1.9499000,-0.0513000,-0.0820000
20240112,484,C,0.1450,0.1450,0.1450,0.1450,0,0,0.1191000,0.0559000,0.0000000,5.6010000,-0.0870000,0.2897000
20240112,484,P,9.8450,9.8450,9.8450,9.8450,0,0,0.1413000,-0.9095000,0.0000000,8.1008000,-0.0785000,-4.8468000
20240112,441,C,33.6750,33.6750,33.6750,33.6750,0,0,0.3813000,0.9677000,0.0000000,3.5896000,-0.2325000,4.6719000
20240112,441,P,0.0350,0.0350,0.0350,0.0350,0,0,0.2832000,-0.0066000,0.0000000,0.9214000,-0.0320000,-0.0348000
20240112,409,C,65.6000,65.6000,65.6000,65.6000,0,0,0.6695000,0.9842000,0.0000000,1.9652000,-0.2224000,4.4069000
20240112,409,P,0.0150,0.0150,0.0150,0.0150,0,0,0.4765000,-0.0013000,0.0000000,0.2226000,-0.0131000,-0.0072000
20240112,505,P,30.8250,30.8250,30.8250,30.8250,0,0,0.3408000,-0.9581000,0.0000000,4.4473000,-0.1183000,-5.3302000
20240112,473,C,3.5100,3.5100,3.5100,3.5100,0,0,0.1376000,0.5865000,0.0000000,19.3595000,-0.3723000,3.0175000
20240112,473,P,1.8600,1.8600,1.8600,1.8600,0,0,0.1271000,-0.4067000,0.0000000,19.2848000,-0.2773000,-2.1397000
20240112,430,C,44.6550,44.6550,44.6550,44.6550,0,0,0.4843000,0.9751000,0.0000000,2.8891000,-0.2352000,4.5899000
20240112,430,P,0.0350,0.0350,0.0350,0.0350,0,0,0.3671000,-0.0050000,0.0000000,0.7204000,-0.0326000,-0.0264000
20240112,462,C,12.8100,12.8100,12.8100,12.8100,0,0,0.1870000,0.9140000,0.0000000,7.8006000,-0.2430000,4.6212000
20240112,462,P,0.1650,0.1650,0.1650,0.1650,0,0,0.1545000,-0.0495000,0.0000000,5.0895000,-0.0946000,-0.2599000
20240112,494,C,0.0150,0.0150,0.0150,0.0150,0,0,0.1464000,0.0043000,0.0000000,0.6365000,-0.0119000,0.0226000
20240112,494,P,19.8250,19.8250,19.8250,19.8250,0,0,0.2397000,-0.9445000,0.0000000,5.5617000,-0.0982000,-5.1389000
20240112,355,C,119.5450,119.5450,119.5450,119.5450,0,0,1.1808000,0.9919000,0.0000000,1.0996000,-0.2129000,3.8543000
20240112,451,C,23.7050,23.7050,23.7050,23.7050,0,0,0.2875000,0.9550000,0.0000000,4.7041000,-0.2311000,4.7155000
20240112,451,P,0.0550,0.0550,0.0550,0.0550,0,0,0.2187000,-0.0131000,0.0000000,1.6802000,-0.0449000,-0.0690000
20240112,419,C,55.6350,55.6350,55.6350,55.6350,0,0,0.5851000,0.9801000,0.0000000,2.3913000,-0.2339000,4.4952000
20240112,419,P,0.0250,0.0250,0.0250,0.0250,0,0,0.4375000,-0.0031000,0.0000000,0.4736000,-0.0256000,-0.0165000
20240112,515,P,40.8350,40.8350,40.8350,40.8350,0,0,0.4296000,-0.9639000,0.0000000,3.9349000,-0.1383000,-5.4707000
20240112,483,C,0.2150,0.2150,0.2150,0.2150,0,0,0.1198000,0.0784000,0.0000000,7.2793000,-0.1141000,0.4063000
20240112,483,P,8.8250,8.8250,8.8250,8.8250,0,0,0.1279000,-0.9075000,0.0000000,8.2348000,-0.0674000,-4.8250000
20240112,525,P,50.8350,50.8350,50.8350,50.8350,0,0,0.5117000,-0.9686000,0.0000000,3.5108000,-0.1497000,-5.6048000
20240112,440,C,34.6750,34.6750,34.6750,34.6750,0,0,0.3916000,0.9683000,0.0000000,3.5371000,-0.2344000,4.6639000
20240112,440,P,0.0350,0.0350,0.0350,0.0350,0,0,0.2910000,-0.0064000,0.0000000,0.9017000,-0.0322000,-0.0339000
20240112,408,C,66.6000,66.6000,66.6000,66.6000,0,0,0.6796000,0.9843000,0.0000000,1.9514000,-0.2235000,4.3966000
20240112,408,P,0.0150,0.0150,0.0150,0.0150,0,0,0.4843000,-0.0013000,0.0000000,0.2221000,-0.0133000,-0.0072000
20240112,472,C,4.1700,4.1700,4.1700,4.1700,0,0,0.1405000,0.6399000,0.0000000,18.5949000,-0.3692000,3.2884000
20240112,472,P,1.5150,1.5150,1.5150,1.5150,0,0,0.1288000,-0.3484000,0.0000000,18.3795000,-0.2709000,-1.8318000
20240112,365,C,109.5400,109.5400,109.5400,109.5400,0,0,1.0742000,0.9914000,0.0000000,1.1527000,-0.2068000,3.9619000
20240112,429,C,45.6550,45.6550,45.6550,45.6550,0,0,0.4941000,0.9755000,0.0000000,2.8486000,-0.2361000,4.5810000
20240112,429,P,0.0350,0.0350,0.0350,0.0350,0,0,0.3750000,-0.0049000,0.0000000,0.7086000,-0.0327000,-0.0259000
20240112,461,C,13.7850,13.7850,13.7850,13.7850,0,0,0.1943000,0.9224000,0.0000000,7.2184000,-0.2365000,4.6543000
20240112,461,P,0.1450,0.1450,0.1450,0.1450,0,0,0.1601000,-0.0426000,0.0000000,4.5093000,-0.0870000,-0.2235000
20240112,493,C,0.0150,0.0150,0.0150,0.0150,0,0,0.1406000,0.0047000,0.0000000,0.6839000,-0.0123000,0.0245000
20240112,493,P,18.8250,18.8250,18.8250,18.8250,0,0,0.2302000,-0.9426000,0.0000000,5.7138000,-0.0962000,-5.1179000
20240112,535,P,60.8150,60.8150,60.8150,60.8150,0,0,0.5851000,-0.9730000,0.0000000,3.0931000,-0.1496000,-5.7376000
20240112,450,C,24.6800,24.6800,24.6800,24.6800,0,0,0.2934000,0.9586000,0.0000000,4.4004000,-0.2235000,4.7232000
20240112,450,P,0.0550,0.0550,0.0550,0.0550,0,0,0.2265000,-0.0125000,0.0000000,1.6153000,-0.0447000,-0.0659000
20240112,418,C,56.6350,56.6350,56.6350,56.6350,0,0,0.5945000,0.9804000,0.0000000,2.3576000,-0.2341000,4.4859000
20240112,418,P,0.0250,0.0250,0.0250,0.0250,0,0,0.4414000,-0.0028000,0.0000000,0.4387000,-0.0239000,-0.0152000
20240112,482,C,0.3150,0.3150,0.3150,0.3150,0,0,0.1210000,0.1078000,0.0000000,9.2146000,-0.1465000,0.5585000
20240112,482,P,7.8600,7.8600,7.8600,7.8600,0,0,0.1210000,-0.8921000,0.0000000,9.2146000,-0.0764000,-4.7343000
20240112,375,C,99.5500,99.5500,99.5500,99.5500,0,0,0.9781000,0.9904000,0.0000000,1.2667000,-0.2083000,4.0666000
20240112,439,C,35.6550,35.6550,35.6550,35.6550,0,0,0.3955000,0.9708000,0.0000000,3.3003000,-0.2245000,4.6664000
20240112,439,P,0.0350,0.0350,0.0350,0.0350,0,0,0.2988000,-0.0063000,0.0000000,0.8829000,-0.0324000,-0.0331000
20240112,407,C,67.6000,67.6000,67.6000,67.6000,0,0,0.6890000,0.9845000,0.0000000,1.9277000,-0.2236000,4.3868000
20240112,407,P,0.0150,0.0150,0.0150,0.0150,0,0,0.4921000,-0.0013000,0.0000000,0.2216000,-0.0135000,-0.0071000
20240112,471,C,4.8800,4.8800,4.8800,4.8800,0,0,0.1433000,0.6889000,0.0000000,17.5606000,-0.3605000,3.5357000
20240112,471,P,1.2250,1.2250,1.2250,1.2250,0,0,0.1308000,-0.2951000,0.0000000,17.1531000,-0.2593000,-1.5510000
20240112,545,P,70.8150,70.8150,70.8150,70.8150,0,0,0.6609000,-0.9753000,0.0000000,2.8680000,-0.1587000,-5.8596000
20240112,428,C,46.6300,46.6300,46.6300,46.6300,0,0,0.4965000,0.9775000,0.0000000,2.6551000,-0.2250000,4.5805000
20240112,428,P,0.0250,0.0250,0.0250,0.0250,0,0,0.3671000,-0.0035000,0.0000000,0.5235000,-0.0237000,-0.0184000
20240112,460,C,14.7800,14.7800,14.7800,14.7800,0,0,0.2055000,0.9258000,0.0000000,6.9717000,-0.2403000,4.6614000
20240112,460,P,0.1150,0.1150,0.1150,0.1150,0,0,0.1625000,-0.0341000,0.0000000,3.7649000,-0.0739000,-0.1791000
20240112,492,C,0.0150,0.0150,0.0150,0.0150,0,0,0.1328000,0.0046000,0.0000000,0.6705000,-0.0114000,0.0239000
20240112,492,P,17.8250,17.8250,17.8250,17.8250,0,0,0.2204000,-0.9406000,0.0000000,5.8677000,-0.0937000,-5.0966000
20240112,385,C,89.5850,89.5850,89.5850,89.5850,0,0,0.8984000,0.9882000,0.0000000,1.5237000,-0.2258000,4.1644000
20240112,449,C,25.6950,25.6950,25.6950,25.6950,0,0,0.3059000,0.9586000,0.0000000,4.4001000,-0.2302000,4.7122000
20240112,449,P,0.0550,0.0550,0.0550,0.0550,0,0,0.2353000,-0.0123000,0.0000000,1.5885000,-0.0457000,-0.0647000
20240112,417,C,57.6350,57.6350,57.6350,57.6350,0,0,0.6046000,0.9806000,0.0000000,2.3373000,-0.2354000,4.4760000
20240112,417,P,0.0250,0.0250,0.0250,0.0250,0,0,0.4492000,-0.0028000,0.0000000,0.4343000,-0.0241000,-0.0150000
20240112,481,C,0.4550,0.4550,0.4550,0.4550,0,0,0.1226000,0.1444000,0.0000000,11.3020000,-0.1827000,0.7478000
20240112,481,P,6.9750,6.9750,6.9750,6.9750,0,0,0.1201000,-0.8606000,0.0000000,11.0280000,-0.1047000,-4.5604000
20240112,438,C,36.6650,36.6650,36.6650,36.6650,0,0,0.4082000,0.9705000,0.0000000,3.3272000,-0.2309000,4.6538000
20240112,438,P,0.0350,0.0350,0.0350,0.0350,0,0,0.3066000,-0.0061000,0.0000000,0.8650000,-0.0326000,-0.0324000
20240112,406,C,68.6150,68.6150,68.6150,68.6150,0,0,0.7039000,0.9841000,0.0000000,1.9725000,-0.2310000,4.3735000
20240112,406,P,0.0150,0.0150,0.0150,0.0150,0,0,0.5000000,-0.0013000,0.0000000,0.2210000,-0.0136000,-0.0071000
20240112,470,C,5.6350,5.6350,5.6350,5.6350,0,0,0.1458000,0.7335000,0.0000000,16.3259000,-0.3466000,3.7597000
20240112,470,P,0.9750,0.9750,0.9750,0.9750,0,0,0.1323000,-0.2464000,0.0000000,15.6729000,-0.2414000,-1.2944000
20240112,395,C,79.5800,79.5800,79.5800,79.5800,0,0,0.7964000,0.9873000,0.0000000,1.6248000,-0.2178000,4.2696000
20240112,395,P,0.0150,0.0150,0.0150,0.0150,0,0,0.5812000,-0.0011000,0.0000000,0.1961000,-0.0141000,-0.0063000
20240112,427,C,47.6450,47.6450,47.6450,47.6450,0,0,0.5101000,0.9770000,0.0000000,2.6991000,-0.2321000,4.5671000
20240112,427,P,0.0250,0.0250,0.0250,0.0250,0,0,0.3750000,-0.0034000,0.0000000,0.5177000,-0.0239000,-0.0182000
20240112,459,C,15.7600,15.7600,15.7600,15.7600,0,0,0.2138000,0.9315000,0.0000000,6.5570000,-0.2368000,4.6802000
20240112,459,P,0.1050,0.1050,0.1050,0.1050,0,0,0.1694000,-0.0305000,0.0000000,3.4346000,-0.0704000,-0.1603000
20240112,491,C,0.0250,0.0250,0.0250,0.0250,0,0,0.1367000,0.0085000,0.0000000,1.1513000,-0.0202000,0.0441000
20240112,491,P,16.8450,16.8450,16.8450,16.8450,0,0,0.2138000,-0.9355000,0.0000000,6.2592000,-0.0999000,-5.0592000
20240116,480,C,0.8650,0.8650,0.8650,0.8650,0,0,0.0966000,0.2220000,0.0000000,20.8958000,-0.1414000,2.2887000
20240116,480,P,6.2500,6.2500,6.2500,6.2500,0,0,0.1021000,-0.7652000,0.0000000,21.5584000,-0.0839000,-8.0902000
20240116,469,C,6.7500,6.7500,6.7500,6.7500,0,0,0.1108000,0.7725000,0.0000000,21.1835000,-0.1990000,7.8808000
20240116,469,P,1.0250,1.0250,1.0250,1.0250,0,0,0.1102000,-0.2262000,0.0000000,21.1194000,-0.1297000,-2.3736000
20240116,490,C,0.0450,0.0450,0.0450,0.0450,0,0,0.0996000,0.0161000,0.0000000,2.8330000,-0.0187000,0.1669000
20240116,490,P,15.8200,15.8200,15.8200,15.8200,0,0,0.1666000,-0.8982000,0.0000000,12.4754000,-0.0656000,-9.6821000
20240116,479,C,1.1250,1.1250,1.1250,1.1250,0,0,0.0975000,0.2695000,0.0000000,23.1935000,-0.1598000,2.7772000
20240116,479,P,5.4850,5.4850,5.4850,5.4850,0,0,0.1012000,-0.7227000,0.0000000,23.5188000,-0.0981000,-7.6311000
20240116,468,C,7.5800,7.5800,7.5800,7.5800,0,0,0.1131000,0.8050000,0.0000000,19.3538000,-0.1913000,8.2001000
20240116,468,P,0.8450,0.8450,0.8450,0.8450,0,0,0.1118000,-0.1922000,0.0000000,19.1851000,-0.1206000,-2.0159000
20240116,500,C,0.0150,0.0150,0.0150,0.0150,0,0,0.1289000,0.0033000,0.0000000,0.7142000,-0.0059000,0.0348000
20240116,500,P,25.8200,25.8200,25.8200,25.8200,0,0,0.2416000,-0.9239000,0.0000000,10.0462000,-0.0842000,-10.1679000
20240116,478,C,1.4300,1.4300,1.4300,1.4300,0,0,0.0983000,0.3209000,0.0000000,25.1343000,-0.1764000,3.3039000
20240116,478,P,4.7700,4.7700,4.7700,4.7700,0,0,0.1009000,-0.6746000,0.0000000,25.2752000,-0.1122000,-7.1165000
20240116,467,C,8.4350,8.4350,8.4350,8.4350,0,0,0.1151000,0.8341000,0.0000000,17.4806000,-0.1820000,8.4848000
20240116,467,P,0.6950,0.6950,0.6950,0.6950,0,0,0.1135000,-0.1625000,0.0000000,17.2543000,-0.1111000,-1.7039000
20240116,477,C,1.8000,1.8000,1.8000,1.8000,0,0,0.0994000,0.3753000,0.0000000,26.6260000,-0.1910000,3.8610000
20240116,477,P,4.1150,4.1150,4.1150,4.1150,0,0,0.1007000,-0.6230000,0.0000000,26.6616000,-0.1242000,-6.5656000
20240116,466,C,9.3100,9.3100,9.3100,9.3100,0,0,0.1174000,0.8588000,0.0000000,15.7087000,-0.1731000,8.7221000
20240116,466,P,0.5750,0.5750,0.5750,0.5750,0,0,0.1156000,-0.1373000,0.0000000,15.4260000,-0.1018000,-1.4403000
20240116,476,C,2.2300,2.2300,2.2300,2.2300,0,0,0.1006000,0.4313000,0.0000000,27.5897000,-0.2029000,4.4339000
20240116,476,P,3.5250,3.5250,3.5250,3.5250,0,0,0.1011000,-0.5682000,0.0000000,27.5940000,-0.1347000,-5.9833000
20240116,465,C,10.1750,10.1750,10.1750,10.1750,0,0,0.1168000,0.8859000,0.0000000,13.5486000,-0.1585000,8.9842000
20240116,465,P,0.4750,0.4750,0.4750,0.4750,0,0,0.1176000,-0.1157000,0.0000000,13.6897000,-0.0926000,-1.2133000
20240116,475,C,2.7100,2.7100,2.7100,2.7100,0,0,0.1016000,0.4874000,0.0000000,27.9916000,-0.2110000,5.0069000
20240116,475,P,3.0100,3.0100,3.0100,3.0100,0,0,0.1024000,-0.5123000,0.0000000,27.9920000,-0.1433000,-5.3908000
20240116,464,C,11.1300,11.1300,11.1300,11.1300,0,0,0.1224000,0.8978000,0.0000000,12.5123000,-0.1560000,9.0871000
20240116,464,P,0.3950,0.3950,0.3950,0.3950,0,0,0.1198000,-0.0974000,0.0000000,12.0900000,-0.0838000,-1.0214000
20240116,474,C,3.2550,3.2550,3.2550,3.2550,0,0,0.1027000,0.5428000,0.0000000,27.8434000,-0.2157000,5.5708000
20240116,474,P,2.5450,2.5450,2.5450,2.5450,0,0,0.1031000,-0.4572000,0.0000000,27.8446000,-0.1475000,-4.8079000
20240116,463,C,12.0600,12.0600,12.0600,12.0600,0,0,0.1247000,0.9135000,0.0000000,11.0627000,-0.1475000,9.2300000
20240116,463,P,0.3250,0.3250,0.3250,0.3250,0,0,0.1218000,-0.0814000,0.0000000,10.5802000,-0.0748000,-0.8536000
20240116,473,C,3.8650,3.8650,3.8650,3.8650,0,0,0.1044000,0.5959000,0.0000000,27.1920000,-0.2180000,6.1086000
20240116,473,P,2.1400,2.1400,2.1400,2.1400,0,0,0.1044000,-0.4040000,0.0000000,27.1920000,-0.1492000,-4.2463000
20240116,483,C,0.3650,0.3650,0.3650,0.3650,0,0,0.0953000,0.1116000,0.0000000,13.3427000,-0.0871000,1.1526000
20240116,483,P,8.8550,8.8550,8.8550,8.8550,0,0,0.1103000,-0.8531000,0.0000000,16.1381000,-0.0511000,-9.0603000
20240116,472,C,4.5200,4.5200,4.5200,4.5200,0,0,0.1061000,0.6457000,0.0000000,26.1154000,-0.2171000,6.6118000
20240116,472,P,1.7900,1.7900,1.7900,1.7900,0,0,0.1057000,-0.3537000,0.0000000,26.1012000,-0.1477000,-3.7154000
20240116,450,C,24.8050,24.8050,24.8050,24.8050,0,0,0.1811000,0.9776000,0.0000000,3.7328000,-0.1060000,9.6169000
20240116,450,P,0.0750,0.0750,0.0750,0.0750,0,0,0.1699000,-0.0162000,0.0000000,2.8452000,-0.0290000,-0.1702000
20240116,482,C,0.4950,0.4950,0.4950,0.4950,0,0,0.0957000,0.1430000,0.0000000,15.8543000,-0.1046000,1.4759000
20240116,482,P,7.9600,7.9600,7.9600,7.9600,0,0,0.1076000,-0.8280000,0.0000000,17.8935000,-0.0621000,-8.7803000
20240116,471,C,5.2200,5.2200,5.2200,5.2200,0,0,0.1076000,0.6921000,0.0000000,24.6888000,-0.2130000,7.0794000
20240116,471,P,1.4950,1.4950,1.4950,1.4950,0,0,0.1071000,-0.3070000,0.0000000,24.6613000,-0.1437000,-3.2234000
20240116,460,C,14.9300,14.9300,14.9300,14.9300,0,0,0.1345000,0.9442000,0.0000000,7.8890000,-0.1292000,9.4865000
20240116,460,P,0.2050,0.2050,0.2050,0.2050,0,0,0.1311000,-0.0512000,0.0000000,7.3845000,-0.0569000,-0.5370000
20240116,481,C,0.6550,0.6550,0.6550,0.6550,0,0,0.0959000,0.1793000,0.0000000,18.3797000,-0.1224000,1.8498000
20240116,481,P,7.0800,7.0800,7.0800,7.0800,0,0,0.1043000,-0.8003000,0.0000000,19.6301000,-0.0717000,-8.4734000
20240116,470,C,5.9600,5.9600,5.9600,5.9600,0,0,0.1090000,0.7348000,0.0000000,23.0002000,-0.2065000,7.5064000
20240116,470,P,1.2350,1.2350,1.2350,1.2350,0,0,0.1083000,-0.2640000,0.0000000,22.9504000,-0.1370000,-2.7709000
20240117,480,C,1.0350,1.0350,1.0350,1.0350,0,0,0.0979000,0.2413000,0.0000000,23.2161000,-0.1427000,2.7961000
20240117,480,P,6.3600,6.3600,6.3600,6.3600,0,0,0.1033000,-0.7467000,0.0000000,23.8225000,-0.0843000,-8.8877000
20240117,469,C,6.9800,6.9800,6.9800,6.9800,0,0,0.1123000,0.7595000,0.0000000,23.1724000,-0.1959000,8.7080000
20240117,469,P,1.1950,1.1950,1.1950,1.1950,0,0,0.1120000,-0.2400000,0.0000000,23.1479000,-0.1273000,-2.8356000
20240117,490,C,0.0650,0.0650,0.0650,0.0650,0,0,0.0991000,0.0217000,0.0000000,3.8775000,-0.0228000,0.2533000
20240117,490,P,15.8200,15.8200,15.8200,15.8200,0,0,0.1618000,-0.8902000,0.0000000,13.9789000,-0.0619000,-10.7986000
20240117,479,C,1.3100,1.3100,1.3100,1.3100,0,0,0.0987000,0.2872000,0.0000000,25.3740000,-0.1588000,3.3265000
20240117,479,P,5.6000,5.6000,5.6000,5.6000,0,0,0.1021000,-0.7061000,0.0000000,25.6457000,-0.0960000,-8.3938000
20240117,468,C,7.7950,7.7950,7.7950,7.7950,0,0,0.1141000,0.7918000,0.0000000,21.3480000,-0.1888000,9.0659000
20240117,468,P,1.0050,1.0050,1.0050,1.0050,0,0,0.1137000,-0.2074000,0.0000000,21.3036000,-0.1201000,-2.4498000
20240117,500,C,0.0150,0.0150,0.0150,0.0150,0,0,0.1210000,0.0033000,0.0000000,0.7529000,-0.0052000,0.0389000
20240117,500,P,25.8200,25.8200,25.8200,25.8200,0,0,0.2340000,-0.9176000,0.0000000,11.3130000,-0.0800000,-11.3657000
20240117,478,C,1.6350,1.6350,1.6350,1.6350,0,0,0.0993000,0.3358000,0.0000000,27.1521000,-0.1728000,3.8862000
20240117,478,P,4.9000,4.9000,4.9000,4.9000,0,0,0.1017000,-0.6604000,0.0000000,27.2693000,-0.1078000,-7.8422000
20240117,510,P,35.8350,35.8350,35.8350,35.8350,0,0,0.3017000,-0.9313000,0.0000000,9.8472000,-0.0956000,-11.7728000
20240117,467,C,8.6200,8.6200,8.6200,8.6200,0,0,0.1156000,0.8213000,0.0000000,19.4444000,-0.1802000,9.3907000
20240117,467,P,0.8450,0.8450,0.8450,0.8450,0,0,0.1156000,-0.1786000,0.0000000,19.4444000,-0.1124000,-2.1092000
20240117,520,P,45.8150,45.8150,45.8150,45.8150,0,0,0.3625000,-0.9416000,0.0000000,8.6723000,-0.1030000,-12.1397000
20240117,477,C,2.0200,2.0200,2.0200,2.0200,0,0,0.1005000,0.3874000,0.0000000,28.5143000,-0.1857000,4.4802000
20240117,477,P,4.2700,4.2700,4.2700,4.2700,0,0,0.1021000,-0.6108000,0.0000000,28.5508000,-0.1192000,-7.2468000
20240117,466,C,9.5200,9.5200,9.5200,9.5200,0,0,0.1195000,0.8426000,0.0000000,17.9206000,-0.1757000,9.6171000
20240117,466,P,0.7150,0.7150,0.7150,0.7150,0,0,0.1177000,-0.1539000,0.0000000,17.6628000,-0.1048000,-1.8174000
20240117,530,P,55.8150,55.8150,55.8150,55.8150,0,0,0.4226000,-0.9478000,0.0000000,7.9396000,-0.1129000,-12.4583000
20240117,476,C,2.4600,2.4600,2.4600,2.4600,0,0,0.1017000,0.4399000,0.0000000,29.3668000,-0.1959000,5.0828000
20240117,476,P,3.6950,3.6950,3.6950,3.6950,0,0,0.1024000,-0.5596000,0.0000000,29.3721000,-0.1280000,-6.6337000
20240117,465,C,10.4100,10.4100,10.4100,10.4100,0,0,0.1219000,0.8638000,0.0000000,16.2607000,-0.1682000,9.8432000
20240117,465,P,0.6050,0.6050,0.6050,0.6050,0,0,0.1199000,-0.1323000,0.0000000,15.9478000,-0.0970000,-1.5622000
20240117,475,C,2.9550,2.9550,2.9550,2.9550,0,0,0.1027000,0.4923000,0.0000000,29.6988000,-0.2031000,5.6837000
20240117,475,P,3.1850,3.1850,3.1850,3.1850,0,0,0.1035000,-0.5075000,0.0000000,29.6989000,-0.1353000,-6.0125000
20240117,464,C,11.3150,11.3150,11.3150,11.3150,0,0,0.1240000,0.8830000,0.0000000,14.6279000,-0.1600000,10.0453000
20240117,464,P,0.5150,0.5150,0.5150,0.5150,0,0,0.1224000,-0.1140000,0.0000000,14.3644000,-0.0897000,-1.3456000
20240117,485,C,0.2650,0.2650,0.2650,0.2650,0,0,0.0961000,0.0806000,0.0000000,11.1348000,-0.0650000,0.9362000
20240117,485,P,10.8250,10.8250,10.8250,10.8250,0,0,0.1224000,-0.8636000,0.0000000,16.2760000,-0.0495000,-10.3645000
20240117,474,C,3.5050,3.5050,3.5050,3.5050,0,0,0.1040000,0.5438000,0.0000000,29.5243000,-0.2077000,6.2727000
20240117,474,P,2.7300,2.7300,2.7300,2.7300,0,0,0.1047000,-0.4563000,0.0000000,29.5262000,-0.1399000,-5.4028000
20240117,463,C,12.2400,12.2400,12.2400,12.2400,0,0,0.1271000,0.8977000,0.0000000,13.2768000,-0.1539000,10.1950000
20240117,463,P,0.4350,0.4350,0.4350,0.4350,0,0,0.1245000,-0.0974000,0.0000000,12.8258000,-0.0819000,-1.1503000
20240117,473,C,4.1150,4.1150,4.1150,4.1150,0,0,0.1057000,0.5932000,0.0000000,28.8884000,-0.2099000,6.8352000
20240117,473,P,2.3250,2.3250,2.3250,2.3250,0,0,0.1057000,-0.4067000,0.0000000,28.8884000,-0.1412000,-4.8124000
20240117,483,C,0.4750,0.4750,0.4750,0.4750,0,0,0.0966000,0.1310000,0.0000000,15.8375000,-0.0940000,1.5204000
20240117,483,P,8.9150,8.9150,8.9150,8.9150,0,0,0.1107000,-0.8357000,0.0000000,18.4262000,-0.0543000,-9.9915000
20240117,472,C,4.7700,4.7700,4.7700,4.7700,0,0,0.1074000,0.6397000,0.0000000,27.8625000,-0.2098000,7.3622000
20240117,472,P,1.9750,1.9750,1.9750,1.9750,0,0,0.1070000,-0.3597000,0.0000000,27.8489000,-0.1405000,-4.2546000
20240117,482,C,0.6250,0.6250,0.6250,0.6250,0,0,0.0970000,0.1632000,0.0000000,18.3547000,-0.1101000,1.8933000
20240117,482,P,8.0150,8.0150,8.0150,8.0150,0,0,0.1069000,-0.8128000,0.0000000,20.0168000,-0.0617000,-9.7014000
20240117,471,C,5.4700,5.4700,5.4700,5.4700,0,0,0.1091000,0.6830000,0.0000000,26.5208000,-0.2072000,7.8508000
20240117,471,P,1.6750,1.6750,1.6750,1.6750,0,0,0.1086000,-0.3161000,0.0000000,26.4914000,-0.1378000,-3.7376000
20240117,481,C,0.8050,0.8050,0.8050,0.8050,0,0,0.0972000,0.1995000,0.0000000,20.8154000,-0.1260000,2.3130000
20240117,481,P,7.1600,7.1600,7.1600,7.1600,0,0,0.1047000,-0.7828000,0.0000000,21.8835000,-0.0722000,-9.3291000
20240117,470,C,6.2150,6.2150,6.2150,6.2150,0,0,0.1108000,0.7228000,0.0000000,24.9378000,-0.2025000,8.2988000
20240117,470,P,1.4150,1.4150,1.4150,1.4150,0,0,0.1102000,-0.2760000,0.0000000,24.8909000,-0.1331000,-3.2622000
20240118,480,C,1.2500,1.2500,1.2500,1.2500,0,0,0.1009000,0.2624000,0.0000000,25.5793000,-0.1470000,3.3748000
20240118,480,P,6.4400,6.4400,6.4400,6.4400,0,0,0.1032000,-0.7329000,0.0000000,25.8100000,-0.0816000,-9.6975000
20240118,469,C,7.3400,7.3400,7.3400,7.3400,0,0,0.1189000,0.7390000,0.0000000,25.5041000,-0.2016000,9.4002000
20240118,469,P,1.3350,1.3350,1.3350,1.3350,0,0,0.1126000,-0.2497000,0.0000000,24.9290000,-0.1230000,-3.2812000
20240118,490,C,0.0950,0.0950,0.0950,0.0950,0,0,0.1000000,0.0296000,0.0000000,5.2883000,-0.0284000,0.3827000
20240118,490,P,15.8200,15.8200,15.8200,15.8200,0,0,0.1577000,-0.8828000,0.0000000,15.4388000,-0.0585000,-11.9020000
20240118,479,C,1.5500,1.5500,1.5500,1.5500,0,0,0.1018000,0.3061000,0.0000000,27.5393000,-0.1610000,3.9352000
20240118,479,P,5.7000,5.7000,5.7000,5.7000,0,0,0.1024000,-0.6927000,0.0000000,27.5827000,-0.0926000,-9.1551000
20240118,468,C,8.1350,8.1350,8.1350,8.1350,0,0,0.1206000,0.7699000,0.0000000,23.8363000,-0.1957000,9.7793000
20240118,468,P,1.1450,1.1450,1.1450,1.1450,0,0,0.1147000,-0.2189000,0.0000000,23.1759000,-0.1176000,-2.8757000
20240118,500,C,0.0250,0.0250,0.0250,0.0250,0,0,0.1250000,0.0065000,0.0000000,1.4352000,-0.0094000,0.0840000
20240118,500,P,25.8200,25.8200,25.8200,25.8200,0,0,0.2274000,-0.9117000,0.0000000,12.5598000,-0.0761000,-12.5519000
20240118,478,C,1.9000,1.9000,1.9000,1.9000,0,0,0.1027000,0.3523000,0.0000000,29.1427000,-0.1738000,4.5259000
20240118,478,P,5.0200,5.0200,5.0200,5.0200,0,0,0.1022000,-0.6483000,0.0000000,29.1192000,-0.1033000,-8.5607000
20240118,510,P,35.8200,35.8200,35.8200,35.8200,0,0,0.2918000,-0.9269000,0.0000000,10.8866000,-0.0897000,-13.0235000
20240118,467,C,8.9950,8.9950,8.9950,8.9950,0,0,0.1243000,0.7941000,0.0000000,22.3530000,-0.1924000,10.0707000
20240118,467,P,0.9750,0.9750,0.9750,0.9750,0,0,0.1165000,-0.1907000,0.0000000,21.3500000,-0.1110000,-2.5046000
20240118,520,P,45.8150,45.8150,45.8150,45.8150,0,0,0.3515000,-0.9371000,0.0000000,9.6924000,-0.0990000,-13.4297000
20240118,477,C,2.3100,2.3100,2.3100,2.3100,0,0,0.1041000,0.4004000,0.0000000,30.3306000,-0.1851000,5.1386000
20240118,477,P,4.4000,4.4000,4.4000,4.4000,0,0,0.1026000,-0.6011000,0.0000000,30.2998000,-0.1133000,-7.9296000
20240118,466,C,9.8500,9.8500,9.8500,9.8500,0,0,0.1271000,0.8173000,0.0000000,20.7870000,-0.1871000,10.3476000
20240118,466,P,0.8350,0.8350,0.8350,0.8350,0,0,0.1186000,-0.1663000,0.0000000,19.5822000,-0.1045000,-2.1832000
20240118,530,P,55.8150,55.8150,55.8150,55.8150,0,0,0.4094000,-0.9437000,0.0000000,8.8854000,-0.1086000,-13.7894000
20240118,476,C,2.7600,2.7600,2.7600,2.7600,0,0,0.1052000,0.4487000,0.0000000,31.0519000,-0.1939000,5.7535000
20240118,476,P,3.8350,3.8350,3.8350,3.8350,0,0,0.1030000,-0.5525000,0.0000000,31.0392000,-0.1212000,-7.2827000
20240118,465,C,10.7350,10.7350,10.7350,10.7350,0,0,0.1301000,0.8376000,0.0000000,19.2763000,-0.1816000,10.5883000
20240118,465,P,0.7150,0.7150,0.7150,0.7150,0,0,0.1207000,-0.1445000,0.0000000,17.8520000,-0.0976000,-1.8974000
20240118,475,C,3.2750,3.2750,3.2750,3.2750,0,0,0.1066000,0.4968000,0.0000000,31.3100000,-0.2007000,6.3652000
20240118,475,P,3.3300,3.3300,3.3300,3.3300,0,0,0.1041000,-0.5033000,0.0000000,31.3099000,-0.1278000,-6.6305000
20240118,464,C,11.6350,11.6350,11.6350,11.6350,0,0,0.1333000,0.8553000,0.0000000,17.8601000,-0.1763000,10.7930000
20240118,464,P,0.6150,0.6150,0.6150,0.6150,0,0,0.1230000,-0.1258000,0.0000000,16.2344000,-0.0911000,-1.6518000
20240118,474,C,3.8400,3.8400,3.8400,3.8400,0,0,0.1084000,0.5437000,0.0000000,31.1222000,-0.2057000,6.9591000
20240118,474,P,2.8800,2.8800,2.8800,2.8800,0,0,0.1052000,-0.4550000,0.0000000,31.1124000,-0.1318000,-5.9908000
20240118,463,C,12.5450,12.5450,12.5450,12.5450,0,0,0.1364000,0.8709000,0.0000000,16.5168000,-0.1709000,10.9711000
20240118,463,P,0.5350,0.5350,0.5350,0.5350,0,0,0.1257000,-0.1101000,0.0000000,14.7715000,-0.0851000,-1.4453000
20240118,473,C,4.4550,4.4550,4.4550,4.4550,0,0,0.1101000,0.5888000,0.0000000,30.5319000,-0.2080000,7.5273000
20240118,473,P,2.4800,2.4800,2.4800,2.4800,0,0,0.1064000,-0.4084000,0.0000000,30.4824000,-0.1337000,-5.3737000
20240118,430,C,45.0350,45.0350,45.0350,45.0350,0,0,0.3100000,0.9749000,0.0000000,4.5932000,-0.1319000,11.4319000
20240118,430,P,0.0650,0.0650,0.0650,0.0650,0,0,0.2548000,-0.0088000,0.0000000,1.8733000,-0.0232000,-0.1161000
20240118,462,C,13.4700,13.4700,13.4700,13.4700,0,0,0.1401000,0.8840000,0.0000000,15.3274000,-0.1664000,11.1150000
20240118,462,P,0.4650,0.4650,0.4650,0.4650,0,0,0.1284000,-0.0964000,0.0000000,13.4095000,-0.0793000,-1.2650000
20240118,440,C,35.0750,35.0750,35.0750,35.0750,0,0,0.2534000,0.9670000,0.0000000,5.7752000,-0.1347000,11.6016000
20240118,440,P,0.0850,0.0850,0.0850,0.0850,0,0,0.2104000,-0.0136000,0.0000000,2.7460000,-0.0279000,-0.1799000
20240118,472,C,5.1150,5.1150,5.1150,5.1150,0,0,0.1120000,0.6311000,0.0000000,29.6024000,-0.2086000,8.0597000
20240118,472,P,2.1300,2.1300,2.1300,2.1300,0,0,0.1078000,-0.3641000,0.0000000,29.4778000,-0.1335000,-4.7890000
20240118,461,C,14.4150,14.4150,14.4150,14.4150,0,0,0.1437000,0.8955000,0.0000000,14.2196000,-0.1619000,11.2389000
20240118,461,P,0.3950,0.3950,0.3950,0.3950,0,0,0.1301000,-0.0828000,0.0000000,11.9813000,-0.0721000,-1.0871000
20240118,450,C,25.1450,25.1450,25.1450,25.1450,0,0,0.1975000,0.9516000,0.0000000,7.8790000,-0.1397000,11.6742000
20240118,450,P,0.1350,0.1350,0.1350,0.1350,0,0,0.1679000,-0.0257000,0.0000000,4.6953000,-0.0376000,-0.3375000
20240118,471,C,5.8200,5.8200,5.8200,5.8200,0,0,0.1143000,0.6702000,0.0000000,28.4145000,-0.2078000,8.5477000
20240118,471,P,1.8300,1.8300,1.8300,1.8300,0,0,0.1095000,-0.3230000,0.0000000,28.1780000,-0.1318000,-4.2468000
20240118,460,C,15.3700,15.3700,15.3700,15.3700,0,0,0.1486000,0.9039000,0.0000000,13.3760000,-0.1595000,11.3217000
20240118,460,P,0.3450,0.3450,0.3450,0.3450,0,0,0.1328000,-0.0725000,0.0000000,10.8280000,-0.0668000,-0.9513000
20240118,470,C,6.5550,6.5550,6.5550,6.5550,0,0,0.1160000,0.7071000,0.0000000,26.9895000,-0.2044000,9.0068000
20240118,470,P,1.5600,1.5600,1.5600,1.5600,0,0,0.1110000,-0.2846000,0.0000000,26.6309000,-0.1279000,-3.7408000
20240118,459,C,16.3250,16.3250,16.3250,16.3250,0,0,0.1523000,0.9130000,0.0000000,12.4219000,-0.1552000,11.4142000
20240118,459,P,0.3050,0.3050,0.3050,0.3050,0,0,0.1358000,-0.0640000,0.0000000,9.8355000,-0.0623000,-0.8399000
20240119,320,C,154.7850,154.7850,154.7850,154.7850,0,0,0.8867000,0.9958000,0.0000000,1.0015000,-0.0865000,9.5665000
20240119,384,C,90.9650,90.9650,90.9650,90.9650,0,0,0.5460000,0.9889000,0.0000000,2.3904000,-0.1143000,11.3911000
20240119,384,P,0.0250,0.0250,0.0250,0.0250,0,0,0.4296000,-0.0019000,0.0000000,0.5096000,-0.0098000,-0.0284000
20240119,448,C,27.2000,27.2000,27.2000,27.2000,0,0,0.2009000,0.9545000,0.0000000,7.8617000,-0.1336000,12.8212000
20240119,448,P,0.1450,0.1450,0.1450,0.1450,0,0,0.1738000,-0.0256000,0.0000000,4.9106000,-0.0370000,-0.3703000
20240119,640,P,165.8200,165.8200,165.8200,165.8200,0,0,0.9139000,-0.9641000,0.0000000,6.4900000,-0.1789000,-18.7747000
20240119,405,C,70.0100,70.0100,70.0100,70.0100,0,0,0.4296000,0.9850000,0.0000000,3.1005000,-0.1183000,11.9671000
20240119,405,P,0.0450,0.0450,0.0450,0.0450,0,0,0.3535000,-0.0043000,0.0000000,1.0444000,-0.0164000,-0.0629000
20240119,469,C,7.5300,7.5300,7.5300,7.5300,0,0,0.1186000,0.7324000,0.0000000,27.0932000,-0.1955000,10.2397000
20240119,469,P,1.4950,1.4950,1.4950,1.4950,0,0,0.1141000,-0.2597000,0.0000000,26.6896000,-0.1203000,-3.7573000
20240119,575,P,100.8100,100.8100,100.8100,100.8100,0,0,0.6265000,-0.9557000,0.0000000,7.6962000,-0.1385000,-16.6959000
20240119,362,C,112.9050,112.9050,112.9050,112.9050,0,0,0.6656000,0.9919000,0.0000000,1.8102000,-0.1067000,10.7728000
20240119,362,P,0.0150,0.0150,0.0150,0.0150,0,0,0.5062000,-0.0008000,0.0000000,0.2422000,-0.0055000,-0.0126000
20240119,426,C,49.0800,49.0800,49.0800,49.0800,0,0,0.3181000,0.9770000,0.0000000,4.4762000,-0.1249000,12.4830000
20240119,426,P,0.0750,0.0750,0.0750,0.0750,0,0,0.2685000,-0.0092000,0.0000000,2.0494000,-0.0243000,-0.1342000
20240119,490,C,0.1350,0.1350,0.1350,0.1350,0,0,0.1015000,0.0389000,0.0000000,6.9417000,-0.0347000,0.5526000
20240119,490,P,15.8200,15.8200,15.8200,15.8200,0,0,0.1541000,-0.8757000,0.0000000,16.8779000,-0.0555000,-12.9906000
20240119,255,C,219.6450,219.6450,219.6450,219.6450,0,0,1.2875000,0.9980000,0.0000000,0.4983000,-0.0660000,7.6436000
20240119,383,C,91.9650,91.9650,91.9650,91.9650,0,0,0.5531000,0.9889000,0.0000000,2.3944000,-0.1150000,11.3606000
20240119,383,P,0.0250,0.0250,0.0250,0.0250,0,0,0.4335000,-0.0018000,0.0000000,0.4961000,-0.0096000,-0.0276000
20240119,447,C,28.1900,28.1900,28.1900,28.1900,0,0,0.2060000,0.9565000,0.0000000,7.5822000,-0.1329000,12.8198000
20240119,447,P,0.1450,0.1450,0.1450,0.1450,0,0,0.1791000,-0.0247000,0.0000000,4.7750000,-0.0371000,-0.3582000
20240119,340,C,134.8250,134.8250,134.8250,134.8250,0,0,0.7695000,0.9948000,0.0000000,1.2125000,-0.0914000,10.1540000
20240119,404,C,71.0300,71.0300,71.0300,71.0300,0,0,0.4423000,0.9840000,0.0000000,3.2935000,-0.1237000,11.9209000
20240119,404,P,0.0450,0.0450,0.0450,0.0450,0,0,0.3593000,-0.0043000,0.0000000,1.0504000,-0.0168000,-0.0633000
20240119,468,C,8.3400,8.3400,8.3400,8.3400,0,0,0.1213000,0.7606000,0.0000000,25.5537000,-0.1921000,10.6179000
20240119,468,P,1.2950,1.2950,1.2950,1.2950,0,0,0.1160000,-0.2298000,0.0000000,24.9850000,-0.1157000,-3.3232000
20240119,660,P,185.8200,185.8200,185.8200,185.8200,0,0,0.9942000,-0.9656000,0.0000000,6.2647000,-0.1894000,-19.3991000
20240119,361,C,113.9000,113.9000,113.9000,113.9000,0,0,0.6726000,0.9919000,0.0000000,1.8114000,-0.1072000,10.7426000
20240119,361,P,0.0150,0.0150,0.0150,0.0150,0,0,0.5124000,-0.0008000,0.0000000,0.2469000,-0.0056000,-0.0129000
20240119,425,C,50.1000,50.1000,50.1000,50.1000,0,0,0.3286000,0.9759000,0.0000000,4.6649000,-0.1297000,12.4358000
20240119,425,P,0.0650,0.0650,0.0650,0.0650,0,0,0.2685000,-0.0080000,0.0000000,1.8176000,-0.0216000,-0.1170000
20240119,489,C,0.1650,0.1650,0.1650,0.1650,0,0,0.1000000,0.0473000,0.0000000,8.1229000,-0.0401000,0.6712000
20240119,489,P,14.8200,14.8200,14.8200,14.8200,0,0,0.1469000,-0.8710000,0.0000000,17.3124000,-0.0534000,-12.8944000
20240119,595,P,120.8050,120.8050,120.8050,120.8050,0,0,0.7176000,-0.9596000,0.0000000,7.1415000,-0.1491000,-17.3542000
20240119,190,C,284.5050,284.5050,284.5050,284.5050,0,0,1.7140000,0.9993000,0.0000000,0.1795000,-0.0415000,5.7071000
20240119,382,C,92.9400,92.9400,92.9400,92.9400,0,0,0.5507000,0.9899000,0.0000000,2.2002000,-0.1098000,11.3457000
20240119,382,P,0.0250,0.0250,0.0250,0.0250,0,0,0.4375000,-0.0018000,0.0000000,0.4830000,-0.0094000,-0.0268000
20240119,446,C,29.2000,29.2000,29.2000,29.2000,0,0,0.2138000,0.9564000,0.0000000,7.5938000,-0.1355000,12.7882000
20240119,446,P,0.1350,0.1350,0.1350,0.1350,0,0,0.1826000,-0.0228000,0.0000000,4.4597000,-0.0354000,-0.3303000
20240119,510,C,0.0150,0.0150,0.0150,0.0150,0,0,0.1484000,0.0029000,0.0000000,0.7446000,-0.0052000,0.0420000
20240119,510,P,35.8200,35.8200,35.8200,35.8200,0,0,0.2841000,-0.9221000,0.0000000,11.9912000,-0.0860000,-14.2566000
20240119,275,C,199.6850,199.6850,199.6850,199.6850,0,0,1.1562000,0.9976000,0.0000000,0.6116000,-0.0719000,8.2382000
20240119,403,C,72.0200,72.0200,72.0200,72.0200,0,0,0.4458000,0.9846000,0.0000000,3.1808000,-0.1219000,11.9001000
20240119,403,P,0.0450,0.0450,0.0450,0.0450,0,0,0.3632000,-0.0041000,0.0000000,1.0185000,-0.0165000,-0.0612000
20240119,467,C,9.2000,9.2000,9.2000,9.2000,0,0,0.1251000,0.7840000,0.0000000,24.1124000,-0.1898000,10.9271000
20240119,467,P,1.1150,1.1150,1.1150,1.1150,0,0,0.1177000,-0.2022000,0.0000000,23.2015000,-0.1101000,-2.9238000
20240119,360,C,114.8750,114.8750,114.8750,114.8750,0,0,0.6617000,0.9932000,0.0000000,1.5571000,-0.0986000,10.7314000
20240119,360,P,0.0150,0.0150,0.0150,0.0150,0,0,0.5124000,-0.0007000,0.0000000,0.2238000,-0.0051000,-0.0116000
20240119,424,C,51.0900,51.0900,51.0900,51.0900,0,0,0.3327000,0.9768000,0.0000000,4.5115000,-0.1281000,12.4194000
20240119,424,P,0.0650,0.0650,0.0650,0.0650,0,0,0.2734000,-0.0079000,0.0000000,1.7850000,-0.0216000,-0.1147000
20240119,488,C,0.2150,0.2150,0.2150,0.2150,0,0,0.0998000,0.0596000,0.0000000,9.7638000,-0.0484000,0.8464000
20240119,488,P,13.8200,13.8200,13.8200,13.8200,0,0,0.1397000,-0.8658000,0.0000000,17.7992000,-0.0513000,-12.7888000
20240119,680,P,205.8100,205.8100,205.8100,205.8100,0,0,1.0701000,-0.9670000,0.0000000,6.0515000,-0.1977000,-20.0218000
20240119,381,C,93.9350,93.9350,93.9350,93.9350,0,0,0.5531000,0.9904000,0.0000000,2.1104000,-0.1077000,11.3225000
20240119,381,P,0.0250,0.0250,0.0250,0.0250,0,0,0.4414000,-0.0017000,0.0000000,0.4702000,-0.0093000,-0.0260000
20240119,445,C,30.1950,30.1950,30.1950,30.1950,0,0,0.2187000,0.9584000,0.0000000,7.3146000,-0.1344000,12.7865000
20240119,445,P,0.1250,0.1250,0.1250,0.1250,0,0,0.1860000,-0.0210000,0.0000000,4.1696000,-0.0337000,-0.3050000
20240119,615,P,140.8250,140.8250,140.8250,140.8250,0,0,0.8087000,-0.9616000,0.0000000,6.8493000,-0.1649000,-17.9864000
20240119,210,C,264.5500,264.5500,264.5500,264.5500,0,0,1.6101000,0.9988000,0.0000000,0.3048000,-0.0527000,6.3014000
20240119,402,C,73.0000,73.0000,73.0000,73.0000,0,0,0.4453000,0.9859000,0.0000000,2.9511000,-0.1171000,11.8889000
20240119,402,P,0.0450,0.0450,0.0450,0.0450,0,0,0.3691000,-0.0042000,0.0000000,1.0240000,-0.0168000,-0.0615000
20240119,466,C,10.0500,10.0500,10.0500,10.0500,0,0,0.1278000,0.8069000,0.0000000,22.5596000,-0.1852000,11.2278000
20240119,466,P,0.9650,0.9650,0.9650,0.9650,0,0,0.1198000,-0.1781000,0.0000000,21.4586000,-0.1044000,-2.5744000
20240119,530,P,55.8150,55.8150,55.8150,55.8150,0,0,0.3979000,-0.9398000,0.0000000,9.8245000,-0.1047000,-15.1124000
20240119,295,C,179.7300,179.7300,179.7300,179.7300,0,0,1.0414000,0.9967000,0.0000000,0.8029000,-0.0806000,8.8274000
20240119,359,C,115.8750,115.8750,115.8750,115.8750,0,0,0.6687000,0.9932000,0.0000000,1.5602000,-0.0990000,10.7011000
20240119,359,P,0.0150,0.0150,0.0150,0.0150,0,0,0.5187000,-0.0008000,0.0000000,0.2282000,-0.0053000,-0.0118000
20240119,423,C,52.0700,52.0700,52.0700,52.0700,0,0,0.3344000,0.9784000,0.0000000,4.2411000,-0.1244000,12.4132000
20240119,423,P,0.0650,0.0650,0.0650,0.0650,0,0,0.2783000,-0.0077000,0.0000000,1.7535000,-0.0216000,-0.1124000
20240119,487,C,0.2850,0.2850,0.2850,0.2850,0,0,0.1003000,0.0760000,0.0000000,11.7772000,-0.0589000,1.0784000
20240119,487,P,12.8200,12.8200,12.8200,12.8200,0,0,0.1323000,-0.8601000,0.0000000,18.3064000,-0.0489000,-12.6782000
20240119,380,C,94.9550,94.9550,94.9550,94.9550,0,0,0.5687000,0.9894000,0.0000000,2.2897000,-0.1136000,11.2784000
20240119,380,P,0.0250,0.0250,0.0250,0.0250,0,0,0.4492000,-0.0018000,0.0000000,0.4921000,-0.0099000,-0.0274000
20240119,444,C,31.1900,31.1900,31.1900,31.1900,0,0,0.2250000,0.9593000,0.0000000,7.1912000,-0.1352000,12.7687000
20240119,444,P,0.1250,0.1250,0.1250,0.1250,0,0,0.1914000,-0.0205000,0.0000000,4.0721000,-0.0339000,-0.2967000
20240119,700,P,225.8100,225.8100,225.8100,225.8100,0,0,1.1446000,-0.9680000,0.0000000,5.9010000,-0.2073000,-20.6386000
20240119,401,C,74.0200,74.0200,74.0200,74.0200,0,0,0.4584000,0.9848000,0.0000000,3.1476000,-0.1227000,11.8425000
20240119,401,P,0.0450,0.0450,0.0450,0.0450,0,0,0.3730000,-0.0040000,0.0000000,0.9932000,-0.0165000,-0.0595000
20240119,465,C,10.9250,10.9250,10.9250,10.9250,0,0,0.1305000,0.8273000,0.0000000,21.0405000,-0.1803000,11.4932000
20240119,465,P,0.8350,0.8350,0.8350,0.8350,0,0,0.1219000,-0.1565000,0.0000000,19.7462000,-0.0985000,-2.2625000
20240119,635,P,160.8000,160.8000,160.8000,160.8000,0,0,0.8902000,-0.9642000,0.0000000,6.4734000,-0.1720000,-18.6250000
20240119,230,C,244.5900,244.5900,244.5900,244.5900,0,0,1.4625000,0.9985000,0.0000000,0.3840000,-0.0588000,6.8984000
20240119,358,C,116.8950,116.8950,116.8950,116.8950,0,0,0.6875000,0.9924000,0.0000000,1.7238000,-0.1053000,10.6588000
20240119,358,P,0.0150,0.0150,0.0150,0.0150,0,0,0.5250000,-0.0008000,0.0000000,0.2324000,-0.0054000,-0.0121000
20240119,422,C,53.0850,53.0850,53.0850,53.0850,0,0,0.3427000,0.9780000,0.0000000,4.3084000,-0.1268000,12.3770000
20240119,422,P,0.0650,0.0650,0.0650,0.0650,0,0,0.2832000,-0.0075000,0.0000000,1.7230000,-0.0216000,-0.1102000
20240119,486,C,0.3650,0.3650,0.3650,0.3650,0,0,0.1002000,0.0941000,0.0000000,13.8193000,-0.0693000,1.3343000
20240119,486,P,11.8200,11.8200,11.8200,11.8200,0,0,0.1248000,-0.8536000,0.0000000,18.8820000,-0.0465000,-12.5544000
20240119,550,P,75.8100,75.8100,75.8100,75.8100,0,0,0.5037000,-0.9489000,0.0000000,8.6348000,-0.1212000,-15.8448000
20240119,315,C,159.7700,159.7700,159.7700,159.7700,0,0,0.9171000,0.9960000,0.0000000,0.9591000,-0.0854000,9.4189000
20240119,379,C,95.9500,95.9500,95.9500,95.9500,0,0,0.5749000,0.9895000,0.0000000,2.2771000,-0.1138000,11.2492000
20240119,379,P,0.0250,0.0250,0.0250,0.0250,0,0,0.4531000,-0.0018000,0.0000000,0.4792000,-0.0097000,-0.0266000
20240119,443,C,32.1600,32.1600,32.1600,32.1600,0,0,0.2270000,0.9629000,0.0000000,6.6712000,-0.1305000,12.7907000
20240119,443,P,0.1150,0.1150,0.1150,0.1150,0,0,0.1943000,-0.0187000,0.0000000,3.7767000,-0.0320000,-0.2715000
20240119,400,C,75.0150,75.0150,75.0150,75.0150,0,0,0.4619000,0.9854000,0.0000000,3.0420000,-0.1209000,11.8211000
20240119,400,P,0.0450,0.0450,0.0450,0.0450,0,0,0.3789000,-0.0041000,0.0000000,0.9983000,-0.0169000,-0.0599000
20240119,464,C,11.8150,11.8150,11.8150,11.8150,0,0,0.1335000,0.8451000,0.0000000,19.6028000,-0.1755000,11.7212000
20240119,464,P,0.7250,0.7250,0.7250,0.7250,0,0,0.1241000,-0.1376000,0.0000000,18.1094000,-0.0925000,-1.9884000
20240119,720,P,245.8050,245.8050,245.8050,245.8050,0,0,1.2153000,-0.9690000,0.0000000,5.7522000,-0.2151000,-21.2550000
20240119,357,C,117.8850,117.8850,117.8850,117.8850,0,0,0.6890000,0.9927000,0.0000000,1.6492000,-0.1029000,10.6342000
20240119,357,P,0.0150,0.0150,0.0150,0.0150,0,0,0.5312000,-0.0008000,0.0000000,0.2365000,-0.0056000,-0.0123000
20240119,421,C,54.0800,54.0800,54.0800,54.0800,0,0,0.3491000,0.9782000,0.0000000,4.2773000,-0.1274000,12.3495000
20240119,421,P,0.0650,0.0650,0.0650,0.0650,0,0,0.2890000,-0.0076000,0.0000000,1.7269000,-0.0221000,-0.1105000
20240119,485,C,0.4650,0.4650,0.4650,0.4650,0,0,0.1000000,0.1153000,0.0000000,16.0073000,-0.0807000,1.6337000
20240119,485,P,10.8250,10.8250,10.8250,10.8250,0,0,0.1171000,-0.8464000,0.0000000,19.4951000,-0.0438000,-12.4215000
20240119,655,P,180.8200,180.8200,180.8200,180.8200,0,0,0.9743000,-0.9653000,0.0000000,6.3132000,-0.1867000,-19.2437000
20240119,250,C,224.6350,224.6350,224.6350,224.6350,0,0,1.3203000,0.9982000,0.0000000,0.4700000,-0.0643000,7.4949000
20240119,378,C,96.9250,96.9250,96.9250,96.9250,0,0,0.5679000,0.9909000,0.0000000,2.0063000,-0.1060000,11.2401000
20240119,378,P,0.0250,0.0250,0.0250,0.0250,0,0,0.4570000,-0.0017000,0.0000000,0.4666000,-0.0095000,-0.0258000
20240119,442,C,33.1700,33.1700,33.1700,33.1700,0,0,0.2348000,0.9626000,0.0000000,6.7026000,-0.1331000,12.7572000
20240119,442,P,0.1150,0.1150,0.1150,0.1150,0,0,0.1997000,-0.0183000,0.0000000,3.6974000,-0.0322000,-0.2649000
20240119,570,P,95.8100,95.8100,95.8100,95.8100,0,0,0.6027000,-0.9546000,0.0000000,7.8533000,-0.1353000,-16.5292000
20240119,335,C,139.8150,139.8150,139.8150,139.8150,0,0,0.7976000,0.9951000,0.0000000,1.1479000,-0.0899000,10.0080000
20240119,399,C,76.0100,76.0100,76.0100,76.0100,0,0,0.4677000,0.9855000,0.0000000,3.0122000,-0.1209000,11.7933000
20240119,399,P,0.0450,0.0450,0.0450,0.0450,0,0,0.3828000,-0.0039000,0.0000000,0.9687000,-0.0165000,-0.0579000
20240119,463,C,12.7200,12.7200,12.7200,12.7200,0,0,0.1369000,0.8603000,0.0000000,18.2922000,-0.1713000,11.9108000
20240119,463,P,0.6350,0.6350,0.6350,0.6350,0,0,0.1265000,-0.1212000,0.0000000,16.5902000,-0.0870000,-1.7520000
20240119,356,C,118.8650,118.8650,118.8650,118.8650,0,0,0.6828000,0.9936000,0.0000000,1.4760000,-0.0970000,10.6169000
20240119,356,P,0.0150,0.0150,0.0150,0.0150,0,0,0.5375000,-0.0008000,0.0000000,0.2406000,-0.0058000,-0.0125000
20240119,420,C,55.0600,55.0600,55.0600,55.0600,0,0,0.3505000,0.9798000,0.0000000,4.0167000,-0.1235000,12.3422000
20240119,420,P,0.0650,0.0650,0.0650,0.0650,0,0,0.2939000,-0.0074000,0.0000000,1.6972000,-0.0221000,-0.1084000
20240119,484,C,0.5950,0.5950,0.5950,0.5950,0,0,0.1004000,0.1409000,0.0000000,18.4064000,-0.0936000,1.9964000
20240119,484,P,9.9050,9.9050,9.9050,9.9050,0,0,0.1133000,-0.8293000,0.0000000,20.8800000,-0.0489000,-12.1500000
20240119,185,C,289.4950,289.4950,289.4950,289.4950,0,0,1.7578000,0.9994000,0.0000000,0.1713000,-0.0405000,5.5572000
20240119,377,C,97.9450,97.9450,97.9450,97.9450,0,0,0.5843000,0.9900000,0.0000000,2.1906000,-0.1122000,11.1957000
20240119,377,P,0.0250,0.0250,0.0250,0.0250,0,0,0.4609000,-0.0017000,0.0000000,0.4544000,-0.0094000,-0.0251000
20240119,441,C,34.1700,34.1700,34.1700,34.1700,0,0,0.2412000,0.9633000,0.0000000,6.6043000,-0.1338000,12.7366000
20240119,441,P,0.1150,0.1150,0.1150,0.1150,0,0,0.2050000,-0.0178000,0.0000000,3.6223000,-0.0325000,-0.2587000
20240119,505,C,0.0150,0.0150,0.0150,0.0150,0,0,0.1289000,0.0031000,0.0000000,0.7859000,-0.0048000,0.0446000
20240119,505,P,30.8400,30.8400,30.8400,30.8400,0,0,0.2551000,-0.9137000,0.0000000,12.9537000,-0.0827000,-13.9864000
20240119,675,P,200.8100,200.8100,200.8100,200.8100,0,0,1.0507000,-0.9668000,0.0000000,6.0875000,-0.1948000,-19.8676000
20240119,270,C,204.6750,204.6750,204.6750,204.6750,0,0,1.1890000,0.9977000,0.0000000,0.5835000,-0.0705000,8.0895000
20240119,398,C,76.9900,76.9900,76.9900,76.9900,0,0,0.4677000,0.9866000,0.0000000,2.8141000,-0.1166000,11.7794000
20240119,398,P,0.0350,0.0350,0.0350,0.0350,0,0,0.3769000,-0.0031000,0.0000000,0.7839000,-0.0132000,-0.0457000
20240119,462,C,13.6400,13.6400,13.6400,13.6400,0,0,0.1402000,0.8740000,0.0000000,17.0347000,-0.1669000,12.0791000
20240119,462,P,0.5550,0.5550,0.5550,0.5550,0,0,0.1290000,-0.1068000,0.0000000,15.1584000,-0.0814000,-1.5435000
20240119,590,P,115.8050,115.8050,115.8050,115.8050,0,0,0.6949000,-0.9589000,0.0000000,7.2511000,-0.1460000,-17.1925000
20240119,355,C,119.8650,119.8650,119.8650,119.8650,0,0,0.6906000,0.9935000,0.0000000,1.4884000,-0.0978000,10.5859000
20240119,355,P,0.0150,0.0150,0.0150,0.0150,0,0,0.5375000,-0.0007000,0.0000000,0.2188000,-0.0052000,-0.0113000
20240119,419,C,56.0750,56.0750,56.0750,56.0750,0,0,0.3593000,0.9793000,0.0000000,4.1032000,-0.1264000,12.3044000
20240119,419,P,0.0650,0.0650,0.0650,0.0650,0,0,0.2988000,-0.0073000,0.0000000,1.6684000,-0.0221000,-0.1064000
20240119,483,C,0.7550,0.7550,0.7550,0.7550,0,0,0.1009000,0.1703000,0.0000000,20.8588000,-0.1073000,2.4118000
20240119,483,P,9.0050,9.0050,9.0050,9.0050,0,0,0.1098000,-0.8090000,0.0000000,22.4049000,-0.0547000,-11.8328000
20240119,525,P,50.8150,50.8150,50.8150,50.8150,0,0,0.3703000,-0.9365000,0.0000000,10.2376000,-0.1003000,-14.9152000
20240119,376,C,98.9450,98.9450,98.9450,98.9450,0,0,0.5906000,0.9900000,0.0000000,2.1786000,-0.1123000,11.1665000
20240119,376,P,0.0250,0.0250,0.0250,0.0250,0,0,0.4687000,-0.0018000,0.0000000,0.4744000,-0.0099000,-0.0263000
20240119,440,C,35.1400,35.1400,35.1400,35.1400,0,0,0.2429000,0.9665000,0.0000000,6.1256000,-0.1292000,12.7532000
20240119,440,P,0.1050,0.1050,0.1050,0.1050,0,0,0.2075000,-0.0162000,0.0000000,3.3368000,-0.0303000,-0.2350000
20240119,205,C,269.5400,269.5400,269.5400,269.5400,0,0,1.6484000,0.9989000,0.0000000,0.2869000,-0.0512000,6.1520000
20240119,397,C,78.0050,78.0050,78.0050,78.0050,0,0,0.4775000,0.9862000,0.0000000,2.8981000,-0.1195000,11.7424000
20240119,397,P,0.0450,0.0450,0.0450,0.0450,0,0,0.3925000,-0.0038000,0.0000000,0.9448000,-0.0165000,-0.0563000
20240119,461,C,14.5700,14.5700,14.5700,14.5700,0,0,0.1436000,0.8860000,0.0000000,15.8705000,-0.1626000,12.2230000
20240119,461,P,0.4850,0.4850,0.4850,0.4850,0,0,0.1313000,-0.0939000,0.0000000,13.7977000,-0.0758000,-1.3567000
20240119,695,P,220.8100,220.8100,220.8100,220.8100,0,0,1.1261000,-0.9678000,0.0000000,5.9347000,-0.2049000,-20.4848000
20240119,290,C,184.7200,184.7200,184.7200,184.7200,0,0,1.0718000,0.9969000,0.0000000,0.7609000,-0.0789000,8.6798000
20240119,418,C,57.0700,57.0700,57.0700,57.0700,0,0,0.3652000,0.9795000,0.0000000,4.0534000,-0.1265000,12.2786000
20240119,418,P,0.0650,0.0650,0.0650,0.0650,0,0,0.3037000,-0.0071000,0.0000000,1.6405000,-0.0221000,-0.1044000
20240119,482,C,0.9450,0.9450,0.9450,0.9450,0,0,0.1013000,0.2028000,0.0000000,23.2433000,-0.1209000,2.8707000
20240119,482,P,8.1400,8.1400,8.1400,8.1400,0,0,0.1072000,-0.7836000,0.0000000,24.1409000,-0.0624000,-11.4433000
20240119,610,P,135.8250,135.8250,135.8250,135.8250,0,0,0.7871000,-0.9610000,0.0000000,6.9365000,-0.1621000,-17.8271000
20240119,375,C,99.9200,99.9200,99.9200,99.9200,0,0,0.5874000,0.9910000,0.0000000,1.9928000,-0.1070000,11.1507000
20240119,375,P,0.0250,0.0250,0.0250,0.0250,0,0,0.4726000,-0.0017000,0.0000000,0.4620000,-0.0098000,-0.0256000
20240119,439,C,36.1600,36.1600,36.1600,36.1600,0,0,0.2524000,0.9653000,0.0000000,6.3023000,-0.1336000,12.7057000
20240119,439,P,0.1050,0.1050,0.1050,0.1050,0,0,0.2128000,-0.0158000,0.0000000,3.2764000,-0.0305000,-0.2301000
20240119,545,P,70.8100,70.8100,70.8100,70.8100,0,0,0.4780000,-0.9470000,0.0000000,8.8862000,-0.1174000,-15.6673000
20240119,396,C,79.0000,79.0000,79.0000,79.0000,0,0,0.4838000,0.9862000,0.0000000,2.8840000,-0.1199000,11.7133000
20240119,396,P,0.0350,0.0350,0.0350,0.0350,0,0,0.3867000,-0.0030000,0.0000000,0.7675000,-0.0132000,-0.0446000
20240119,460,C,15.5200,15.5200,15.5200,15.5200,0,0,0.1479000,0.8955000,0.0000000,14.9147000,-0.1598000,12.3292000
20240119,460,P,0.4250,0.4250,0.4250,0.4250,0,0,0.1337000,-0.0827000,0.0000000,12.5538000,-0.0705000,-1.1951000
20240119,225,C,249.5800,249.5800,249.5800,249.5800,0,0,1.5007000,0.9986000,0.0000000,0.3673000,-0.0576000,6.7490000
20240119,417,C,58.0500,58.0500,58.0500,58.0500,0,0,0.3666000,0.9810000,0.0000000,3.8128000,-0.1227000,12.2693000
20240119,417,P,0.0550,0.0550,0.0550,0.0550,0,0,0.3027000,-0.0061000,0.0000000,1.4377000,-0.0193000,-0.0899000
20240119,481,C,1.1700,1.1700,1.1700,1.1700,0,0,0.1019000,0.2391000,0.0000000,25.5421000,-0.1346000,3.3826000
20240119,481,P,7.3200,7.3200,7.3200,7.3200,0,0,0.1053000,-0.7534000,0.0000000,25.9655000,-0.0712000,-10.9872000
20240119,310,C,164.7600,164.7600,164.7600,164.7600,0,0,0.9476000,0.9962000,0.0000000,0.9166000,-0.0842000,9.2713000
20240119,374,C,100.9150,100.9150,100.9150,100.9150,0,0,0.5890000,0.9915000,0.0000000,1.8998000,-0.1045000,11.1277000
20240119,374,P,0.0250,0.0250,0.0250,0.0250,0,0,0.4765000,-0.0016000,0.0000000,0.4500000,-0.0096000,-0.0248000
20240119,438,C,37.1300,37.1300,37.1300,37.1300,0,0,0.2536000,0.9685000,0.0000000,5.8205000,-0.1285000,12.7219000
20240119,438,P,0.0950,0.0950,0.0950,0.0950,0,0,0.2148000,-0.0142000,0.0000000,2.9914000,-0.0282000,-0.2070000
20240119,630,P,155.8000,155.8000,155.8000,155.8000,0,0,0.8694000,-0.9637000,0.0000000,6.5390000,-0.1692000,-18.4680000
20240119,395,C,79.9800,79.9800,79.9800,79.9800,0,0,0.4833000,0.9873000,0.0000000,2.6844000,-0.1154000,11.6994000
20240119,395,P,0.0350,0.0350,0.0350,0.0350,0,0,0.3906000,-0.0029000,0.0000000,0.7456000,-0.0130000,-0.0432000
20240119,459,C,16.4600,16.4600,16.4600,16.4600,0,0,0.1511000,0.9054000,0.0000000,13.8593000,-0.1552000,12.4435000
20240119,459,P,0.3750,0.3750,0.3750,0.3750,0,0,0.1364000,-0.0732000,0.0000000,11.4470000,-0.0659000,-1.0582000
20240119,565,P,90.8100,90.8100,90.8100,90.8100,0,0,0.5785000,-0.9534000,0.0000000,8.0221000,-0.1319000,-16.3611000
20240119,416,C,59.0650,59.0650,59.0650,59.0650,0,0,0.3754000,0.9805000,0.0000000,3.8944000,-0.1255000,12.2320000
20240119,416,P,0.0550,0.0550,0.0550,0.0550,0,0,0.3066000,-0.0059000,0.0000000,1.3884000,-0.0189000,-0.0864000
20240119,480,C,1.4400,1.4400,1.4400,1.4400,0,0,0.1025000,0.2783000,0.0000000,27.6308000,-0.1477000,3.9345000
20240119,480,P,6.5400,6.5400,6.5400,6.5400,0,0,0.1039000,-0.7188000,0.0000000,27.7630000,-0.0806000,-10.4699000
20240119,245,C,229.6250,229.6250,229.6250,229.6250,0,0,1.3558000,0.9983000,0.0000000,0.4492000,-0.0631000,7.3457000
20240119,373,C,101.9350,101.9350,101.9350,101.9350,0,0,0.6062000,0.9905000,0.0000000,2.0851000,-0.1109000,11.0833000
20240119,373,P,0.0250,0.0250,0.0250,0.0250,0,0,0.4843000,-0.0017000,0.0000000,0.4689000,-0.0101000,-0.0260000
20240119,437,C,38.1500,38.1500,38.1500,38.1500,0,0,0.2631000,0.9674000,0.0000000,5.9917000,-0.1328000,12.6752000
20240119,437,P,0.0950,0.0950,0.0950,0.0950,0,0,0.2197000,-0.0138000,0.0000000,2.9129000,-0.0281000,-0.2008000
20240119,330,C,144.8050,144.8050,144.8050,144.8050,0,0,0.8281000,0.9953000,0.0000000,1.1055000,-0.0892000,9.8604000
20240119,394,C,80.9950,80.9950,80.9950,80.9950,0,0,0.4931000,0.9869000,0.0000000,2.7636000,-0.1182000,11.6628000
20240119,394,P,0.0350,0.0350,0.0350,0.0350,0,0,0.3964000,-0.0029000,0.0000000,0.7514000,-0.0133000,-0.0436000
20240119,458,C,17.4200,17.4200,17.4200,17.4200,0,0,0.1552000,0.9130000,0.0000000,13.0238000,-0.1523000,12.5231000
20240119,458,P,0.3350,0.3350,0.3350,0.3350,0,0,0.1394000,-0.0652000,0.0000000,10.4713000,-0.0618000,-0.9427000
20240119,650,P,175.8200,175.8200,175.8200,175.8200,0,0,0.9543000,-0.9649000,0.0000000,6.3690000,-0.1841000,-19.0877000
20240119,415,C,60.0600,60.0600,60.0600,60.0600,0,0,0.3818000,0.9806000,0.0000000,3.8697000,-0.1260000,12.2039000
20240119,415,P,0.0550,0.0550,0.0550,0.0550,0,0,0.3125000,-0.0059000,0.0000000,1.3947000,-0.0193000,-0.0869000
20240119,479,C,1.7550,1.7550,1.7550,1.7550,0,0,0.1032000,0.3201000,0.0000000,29.4417000,-0.1599000,4.5217000
20240119,479,P,5.8200,5.8200,5.8200,5.8200,0,0,0.1033000,-0.6795000,0.0000000,29.4535000,-0.0906000,-9.8865000
20240119,585,P,110.8050,110.8050,110.8050,110.8050,0,0,0.6720000,-0.9580000,0.0000000,7.3755000,-0.1431000,-17.0294000
20240119,180,C,294.4850,294.4850,294.4850,294.4850,0,0,1.7906000,0.9994000,0.0000000,0.1531000,-0.0385000,5.4078000
20240119,372,C,102.9300,102.9300,102.9300,102.9300,0,0,0.6125000,0.9906000,0.0000000,2.0735000,-0.1110000,11.0541000
20240119,372,P,0.0250,0.0250,0.0250,0.0250,0,0,0.4882000,-0.0017000,0.0000000,0.4567000,-0.0100000,-0.0252000
20240119,436,C,39.1200,39.1200,39.1200,39.1200,0,0,0.2641000,0.9704000,0.0000000,5.5265000,-0.1276000,12.6892000
20240119,436,P,0.0950,0.0950,0.0950,0.0950,0,0,0.2250000,-0.0136000,0.0000000,2.8681000,-0.0283000,-0.1972000
20240119,500,C,0.0250,0.0250,0.0250,0.0250,0,0,0.1191000,0.0066000,0.0000000,1.5284000,-0.0087000,0.0940000
20240119,500,P,25.8200,25.8200,25.8200,25.8200,0,0,0.2218000,-0.9060000,0.0000000,13.8008000,-0.0728000,-13.7254000
20240119,265,C,209.6650,209.6650,209.6650,209.6650,0,0,1.2218000,0.9978000,0.0000000,0.5551000,-0.0691000,7.9409000
20240119,393,C,81.9900,81.9900,81.9900,81.9900,0,0,0.4995000,0.9870000,0.0000000,2.7506000,-0.1186000,11.6337000
20240119,393,P,0.0350,0.0350,0.0350,0.0350,0,0,0.4023000,-0.0030000,0.0000000,0.7569000,-0.0136000,-0.0440000
20240119,457,C,18.3800,18.3800,18.3800,18.3800,0,0,0.1591000,0.9202000,0.0000000,12.2143000,-0.1491000,12.5958000
20240119,457,P,0.2950,0.2950,0.2950,0.2950,0,0,0.1418000,-0.0576000,0.0000000,9.4986000,-0.0572000,-0.8320000
20240119,350,C,124.8750,124.8750,124.8750,124.8750,0,0,0.7320000,0.9931000,0.0000000,1.5721000,-0.1026000,10.4290000
20240119,350,P,0.0150,0.0150,0.0150,0.0150,0,0,0.5625000,-0.0007000,0.0000000,0.2127000,-0.0053000,-0.0110000
20240119,414,C,61.0400,61.0400,61.0400,61.0400,0,0,0.3828000,0.9821000,0.0000000,3.6262000,-0.1219000,12.1947000
20240119,414,P,0.0550,0.0550,0.0550,0.0550,0,0,0.3173000,-0.0058000,0.0000000,1.3739000,-0.0194000,-0.0854000
20240119,478,C,2.1200,2.1200,2.1200,2.1200,0,0,0.1043000,0.3644000,0.0000000,30.9245000,-0.1715000,5.1438000
20240119,478,P,5.1550,5.1550,5.1550,5.1550,0,0,0.1032000,-0.6371000,0.0000000,30.8804000,-0.1001000,-9.2594000
20240119,670,P,195.7950,195.7950,195.7950,195.7950,0,0,1.0285000,-0.9669000,0.0000000,6.0650000,-0.1883000,-19.7185000
20240119,371,C,103.9050,103.9050,103.9050,103.9050,0,0,0.6046000,0.9919000,0.0000000,1.8209000,-0.1033000,11.0432000
20240119,371,P,0.0150,0.0150,0.0150,0.0150,0,0,0.4609000,-0.0008000,0.0000000,0.2477000,-0.0051000,-0.0129000
20240119,435,C,40.1400,40.1400,40.1400,40.1400,0,0,0.2739000,0.9692000,0.0000000,5.7096000,-0.1321000,12.6416000
20240119,435,P,0.0850,0.0850,0.0850,0.0850,0,0,0.2265000,-0.0121000,0.0000000,2.5980000,-0.0259000,-0.1759000
20240119,499,C,0.0250,0.0250,0.0250,0.0250,0,0,0.1142000,0.0065000,0.0000000,1.5067000,-0.0082000,0.0925000
20240119,499,P,24.8200,24.8200,24.8200,24.8200,0,0,0.2153000,-0.9038000,0.0000000,14.0352000,-0.0714000,-13.6642000
20240119,605,P,130.8250,130.8250,130.8250,130.8250,0,0,0.7651000,-0.9604000,0.0000000,7.0281000,-0.1591000,-17.6674000
20240119,200,C,274.5250,274.5250,274.5250,274.5250,0,0,1.6484000,0.9992000,0.0000000,0.2192000,-0.0454000,6.0057000
20240119,392,C,82.9700,82.9700,82.9700,82.9700,0,0,0.4985000,0.9881000,0.0000000,2.5506000,-0.1138000,11.6196000
20240119,392,P,0.0350,0.0350,0.0350,0.0350,0,0,0.4062000,-0.0029000,0.0000000,0.7355000,-0.0133000,-0.0426000
20240119,456,C,19.3450,19.3450,19.3450,19.3450,0,0,0.1627000,0.9270000,0.0000000,11.4111000,-0.1455000,12.6643000
20240119,456,P,0.2750,0.2750,0.2750,0.2750,0,0,0.1459000,-0.0528000,0.0000000,8.8775000,-0.0552000,-0.7639000
20240119,520,P,45.8150,45.8150,45.8150,45.8150,0,0,0.3420000,-0.9328000,0.0000000,10.7066000,-0.0954000,-14.7107000
20240119,285,C,189.7100,189.7100,189.7100,189.7100,0,0,1.1042000,0.9971000,0.0000000,0.7287000,-0.0777000,8.5314000
20240119,413,C,62.0550,62.0550,62.0550,62.0550,0,0,0.3916000,0.9816000,0.0000000,3.7032000,-0.1246000,12.1579000
20240119,413,P,0.0550,0.0550,0.0550,0.0550,0,0,0.3222000,-0.0057000,0.0000000,1.3536000,-0.0194000,-0.0840000
20240119,477,C,2.5300,2.5300,2.5300,2.5300,0,0,0.1053000,0.4095000,0.0000000,31.9914000,-0.1810000,5.7760000
20240119,477,P,4.5450,4.5450,4.5450,4.5450,0,0,0.1035000,-0.5921000,0.0000000,31.9591000,-0.1088000,-8.5987000
20240119,370,C,104.9250,104.9250,104.9250,104.9250,0,0,0.6218000,0.9910000,0.0000000,1.9962000,-0.1095000,10.9997000
20240119,370,P,0.0150,0.0150,0.0150,0.0150,0,0,0.4687000,-0.0009000,0.0000000,0.2617000,-0.0055000,-0.0137000
20240119,434,C,41.1300,41.1300,41.1300,41.1300,0,0,0.2785000,0.9704000,0.0000000,5.5276000,-0.1309000,12.6285000
20240119,434,P,0.0850,0.0850,0.0850,0.0850,0,0,0.2319000,-0.0119000,0.0000000,2.5635000,-0.0261000,-0.1733000
20240119,498,C,0.0350,0.0350,0.0350,0.0350,0,0,0.1162000,0.0096000,0.0000000,2.1195000,-0.0118000,0.1364000
20240119,498,P,23.8200,23.8200,23.8200,23.8200,0,0,0.2087000,-0.9016000,0.0000000,14.2743000,-0.0697000,-13.6021000
20240119,690,P,215.8100,215.8100,215.8100,215.8100,0,0,1.1077000,-0.9675000,0.0000000,5.9731000,-0.2026000,-20.3305000
20240119,391,C,83.9850,83.9850,83.9850,83.9850,0,0,0.5085000,0.9876000,0.0000000,2.6327000,-0.1167000,11.5829000
20240119,391,P,0.0350,0.0350,0.0350,0.0350,0,0,0.4101000,-0.0028000,0.0000000,0.7149000,-0.0131000,-0.0413000
20240119,455,C,20.3200,20.3200,20.3200,20.3200,0,0,0.1677000,0.9314000,0.0000000,10.8727000,-0.1441000,12.6984000
20240119,455,P,0.2450,0.2450,0.2450,0.2450,0,0,0.1486000,-0.0470000,0.0000000,8.0920000,-0.0514000,-0.6801000
20240119,625,P,150.8000,150.8000,150.8000,150.8000,0,0,0.8483000,-0.9633000,0.0000000,6.6065000,-0.1663000,-18.3108000
20240119,220,C,254.5700,254.5700,254.5700,254.5700,0,0,1.5335000,0.9987000,0.0000000,0.3397000,-0.0555000,6.6002000
20240119,412,C,63.0500,63.0500,63.0500,63.0500,0,0,0.3979000,0.9817000,0.0000000,3.6811000,-0.1251000,12.1296000
20240119,412,P,0.0550,0.0550,0.0550,0.0550,0,0,0.3271000,-0.0056000,0.0000000,1.3338000,-0.0194000,-0.0827000
20240119,476,C,3.0000,3.0000,3.0000,3.0000,0,0,0.1067000,0.4553000,0.0000000,32.6331000,-0.1893000,6.4160000
20240119,476,P,3.9900,3.9900,3.9900,3.9900,0,0,0.1043000,-0.5458000,0.0000000,32.6217000,-0.1164000,-7.9210000
20240119,540,P,65.8100,65.8100,65.8100,65.8100,0,0,0.4517000,-0.9449000,0.0000000,9.1603000,-0.1133000,-15.4870000
20240119,305,C,169.7500,169.7500,169.7500,169.7500,0,0,0.9781000,0.9964000,0.0000000,0.8742000,-0.0829000,9.1237000
20240119,369,C,105.9250,105.9250,105.9250,105.9250,0,0,0.6281000,0.9910000,0.0000000,1.9851000,-0.1096000,10.9704000
20240119,369,P,0.0150,0.0150,0.0150,0.0150,0,0,0.4687000,-0.0008000,0.0000000,0.2358000,-0.0049000,-0.0122000
20240119,433,C,42.1300,42.1300,42.1300,42.1300,0,0,0.2846000,0.9709000,0.0000000,5.4523000,-0.1314000,12.6053000
20240119,433,P,0.0850,0.0850,0.0850,0.0850,0,0,0.2373000,-0.0117000,0.0000000,2.5301000,-0.0264000,-0.1707000
20240119,497,C,0.0350,0.0350,0.0350,0.0350,0,0,0.1113000,0.0096000,0.0000000,2.1217000,-0.0113000,0.1366000
20240119,497,P,22.8200,22.8200,22.8200,22.8200,0,0,0.2021000,-0.8991000,0.0000000,14.5336000,-0.0681000,-13.5369000
20240119,390,C,84.9850,84.9850,84.9850,84.9850,0,0,0.5156000,0.9876000,0.0000000,2.6375000,-0.1175000,11.5523000
20240119,390,P,0.0350,0.0350,0.0350,0.0350,0,0,0.4160000,-0.0028000,0.0000000,0.7199000,-0.0134000,-0.0416000
20240119,454,C,21.2950,21.2950,21.2950,21.2950,0,0,0.1716000,0.9366000,0.0000000,10.2262000,-0.1412000,12.7436000
20240119,454,P,0.2250,0.2250,0.2250,0.2250,0,0,0.1520000,-0.0427000,0.0000000,7.4805000,-0.0487000,-0.6169000
20240119,710,P,235.8050,235.8050,235.8050,235.8050,0,0,1.1794000,-0.9686000,0.0000000,5.8081000,-0.2102000,-20.9484000
20240119,411,C,64.0300,64.0300,64.0300,64.0300,0,0,0.3984000,0.9831000,0.0000000,3.4362000,-0.1207000,12.1202000
20240119,411,P,0.0550,0.0550,0.0550,0.0550,0,0,0.3320000,-0.0055000,0.0000000,1.3144000,-0.0194000,-0.0813000
20240119,475,C,3.5200,3.5200,3.5200,3.5200,0,0,0.1082000,0.5005000,0.0000000,32.8392000,-0.1956000,7.0474000
20240119,475,P,3.4900,3.4900,3.4900,3.4900,0,0,0.1051000,-0.4996000,0.0000000,32.8392000,-0.1220000,-7.2445000
20240119,645,P,170.8200,170.8200,170.8200,170.8200,0,0,0.9341000,-0.9645000,0.0000000,6.4254000,-0.1814000,-18.9316000
20240119,240,C,234.6100,234.6100,234.6100,234.6100,0,0,1.3914000,0.9983000,0.0000000,0.4278000,-0.0617000,7.1966000
20240119,368,C,106.9200,106.9200,106.9200,106.9200,0,0,0.6351000,0.9910000,0.0000000,1.9870000,-0.1101000,10.9402000
20240119,368,P,0.0150,0.0150,0.0150,0.0150,0,0,0.4765000,-0.0008000,0.0000000,0.2490000,-0.0053000,-0.0130000
20240119,432,C,43.1200,43.1200,43.1200,43.1200,0,0,0.2890000,0.9721000,0.0000000,5.2684000,-0.1300000,12.5922000
20240119,432,P,0.0850,0.0850,0.0850,0.0850,0,0,0.2421000,-0.0114000,0.0000000,2.4723000,-0.0264000,-0.1663000
20240119,496,C,0.0450,0.0450,0.0450,0.0450,0,0,0.1113000,0.0126000,0.0000000,2.6932000,-0.0144000,0.1797000
20240119,496,P,21.8200,21.8200,21.8200,21.8200,0,0,0.1955000,-0.8964000,0.0000000,14.8153000,-0.0666000,-13.4682000
20240119,560,P,85.8300,85.8300,85.8300,85.8300,0,0,0.5562000,-0.9513000,0.0000000,8.3069000,-0.1319000,-16.1814000
20240119,325,C,149.7950,149.7950,149.7950,149.7950,0,0,0.8574000,0.9956000,0.0000000,1.0531000,-0.0879000,9.7135000
20240119,389,C,85.9800,85.9800,85.9800,85.9800,0,0,0.5218000,0.9877000,0.0000000,2.6226000,-0.1178000,11.5234000
20240119,389,P,0.0350,0.0350,0.0350,0.0350,0,0,0.4218000,-0.0028000,0.0000000,0.7245000,-0.0136000,-0.0419000
20240119,453,C,22.2500,22.2500,22.2500,22.2500,0,0,0.1743000,0.9426000,0.0000000,9.4654000,-0.1367000,12.7998000
20240119,453,P,0.2050,0.2050,0.2050,0.2050,0,0,0.1552000,-0.0385000,0.0000000,6.8896000,-0.0459000,-0.5575000
20240119,410,C,65.0450,65.0450,65.0450,65.0450,0,0,0.4077000,0.9826000,0.0000000,3.5272000,-0.1236000,12.0823000
20240119,410,P,0.0550,0.0550,0.0550,0.0550,0,0,0.3378000,-0.0056000,0.0000000,1.3193000,-0.0198000,-0.0817000
20240119,474,C,4.0800,4.0800,4.0800,4.0800,0,0,0.1096000,0.5447000,0.0000000,32.6323000,-0.1995000,7.6618000
20240119,474,P,3.0400,3.0400,3.0400,3.0400,0,0,0.1062000,-0.4540000,0.0000000,32.6211000,-0.1257000,-6.5798000
20240119,367,C,107.8950,107.8950,107.8950,107.8950,0,0,0.6257000,0.9923000,0.0000000,1.7253000,-0.1018000,10.9299000
20240119,367,P,0.0150,0.0150,0.0150,0.0150,0,0,0.4843000,-0.0009000,0.0000000,0.2623000,-0.0057000,-0.0137000
20240119,431,C,44.1000,44.1000,44.1000,44.1000,0,0,0.2915000,0.9740000,0.0000000,4.9704000,-0.1266000,12.5895000
20240119,431,P,0.0850,0.0850,0.0850,0.0850,0,0,0.2470000,-0.0111000,0.0000000,2.4170000,-0.0263000,-0.1620000
20240119,495,C,0.0550,0.0550,0.0550,0.0550,0,0,0.1103000,0.0157000,0.0000000,3.2481000,-0.0173000,0.2233000
20240119,495,P,20.8200,20.8200,20.8200,20.8200,0,0,0.1888000,-0.8936000,0.0000000,15.1064000,-0.0649000,-13.3978000
20240119,665,P,190.7950,190.7950,190.7950,190.7950,0,0,1.0088000,-0.9667000,0.0000000,6.1049000,-0.1855000,-19.5640000
20240119,260,C,214.6550,214.6550,214.6550,214.6550,0,0,1.2546000,0.9979000,0.0000000,0.5267000,-0.0676000,7.7922000
20240119,388,C,86.9550,86.9550,86.9550,86.9550,0,0,0.5164000,0.9892000,0.0000000,2.3324000,-0.1103000,11.5163000
20240119,388,P,0.0350,0.0350,0.0350,0.0350,0,0,0.4257000,-0.0027000,0.0000000,0.7044000,-0.0134000,-0.0407000
20240119,452,C,23.2550,23.2550,23.2550,23.2550,0,0,0.1809000,0.9442000,0.0000000,9.2575000,-0.1378000,12.7924000
20240119,452,P,0.1950,0.1950,0.1950,0.1950,0,0,0.1596000,-0.0360000,0.0000000,6.5093000,-0.0447000,-0.5201000
20240119,580,P,105.8100,105.8100,105.8100,105.8100,0,0,0.6501000,-0.9567000,0.0000000,7.5559000,-0.1419000,-16.8609000
20240119,345,C,129.8600,129.8600,129.8600,129.8600,0,0,0.7625000,0.9934000,0.0000000,1.5135000,-0.1020000,10.2827000
20240119,409,C,66.0400,66.0400,66.0400,66.0400,0,0,0.4140000,0.9827000,0.0000000,3.5073000,-0.1241000,12.0538000
20240119,409,P,0.0550,0.0550,0.0550,0.0550,0,0,0.3417000,-0.0054000,0.0000000,1.2769000,-0.0194000,-0.0788000
20240119,473,C,4.6950,4.6950,4.6950,4.6950,0,0,0.1112000,0.5872000,0.0000000,32.0512000,-0.2019000,8.2500000
20240119,473,P,2.6450,2.6450,2.6450,2.6450,0,0,0.1074000,-0.4099000,0.0000000,31.9995000,-0.1275000,-5.9381000
20240119,366,C,108.9150,108.9150,108.9150,108.9150,0,0,0.6437000,0.9915000,0.0000000,1.9009000,-0.1081000,10.8865000
20240119,366,P,0.0150,0.0150,0.0150,0.0150,0,0,0.4843000,-0.0008000,0.0000000,0.2370000,-0.0051000,-0.0123000
20240119,430,C,45.1150,45.1150,45.1150,45.1150,0,0,0.2998000,0.9735000,0.0000000,5.0457000,-0.1293000,12.5523000
20240119,430,P,0.0750,0.0750,0.0750,0.0750,0,0,0.2480000,-0.0099000,0.0000000,2.1781000,-0.0238000,-0.1438000
20240119,494,C,0.0550,0.0550,0.0550,0.0550,0,0,0.1054000,0.0161000,0.0000000,3.3185000,-0.0170000,0.2290000
20240119,494,P,19.8200,19.8200,19.8200,19.8200,0,0,0.1820000,-0.8906000,0.0000000,15.4085000,-0.0631000,-13.3253000
20240119,195,C,279.5150,279.5150,279.5150,279.5150,0,0,1.6812000,0.9993000,0.0000000,0.1988000,-0.0434000,5.8565000
20240119,387,C,87.9750,87.9750,87.9750,87.9750,0,0,0.5312000,0.9882000,0.0000000,2.5192000,-0.1162000,11.4713000
20240119,387,P,0.0350,0.0350,0.0350,0.0350,0,0,0.4296000,-0.0027000,0.0000000,0.6850000,-0.0131000,-0.0394000
20240119,451,C,24.2550,24.2550,24.2550,24.2550,0,0,0.1875000,0.9457000,0.0000000,9.0640000,-0.1389000,12.7833000
20240119,451,P,0.1750,0.1750,0.1750,0.1750,0,0,0.1623000,-0.0322000,0.0000000,5.9498000,-0.0416000,-0.4663000
20240119,515,P,40.8200,40.8200,40.8200,40.8200,0,0,0.3139000,-0.9277000,0.0000000,11.3300000,-0.0917000,-14.4871000
20240119,685,P,210.8100,210.8100,210.8100,210.8100,0,0,1.0888000,-0.9673000,0.0000000,6.0087000,-0.1999000,-20.1764000
20240119,280,C,194.6950,194.6950,194.6950,194.6950,0,0,1.1234000,0.9974000,0.0000000,0.6393000,-0.0731000,8.3869000
20240119,408,C,67.0200,67.0200,67.0200,67.0200,0,0,0.4140000,0.9841000,0.0000000,3.2616000,-0.1195000,12.0443000
20240119,408,P,0.0550,0.0550,0.0550,0.0550,0,0,0.3476000,-0.0054000,0.0000000,1.2814000,-0.0198000,-0.0791000
20240119,472,C,5.3550,5.3550,5.3550,5.3550,0,0,0.1131000,0.6273000,0.0000000,31.1522000,-0.2027000,8.8033000
20240119,472,P,2.2950,2.2950,2.2950,2.2950,0,0,0.1088000,-0.3680000,0.0000000,31.0270000,-0.1277000,-5.3288000
20240119,600,P,125.8250,125.8250,125.8250,125.8250,0,0,0.7428000,-0.9597000,0.0000000,7.1248000,-0.1560000,-17.5071000
20240119,365,C,109.9150,109.9150,109.9150,109.9150,0,0,0.6499000,0.9915000,0.0000000,1.8902000,-0.1082000,10.8571000
20240119,365,P,0.0150,0.0150,0.0150,0.0150,0,0,0.4921000,-0.0008000,0.0000000,0.2496000,-0.0055000,-0.0130000
20240119,429,C,46.1100,46.1100,46.1100,46.1100,0,0,0.3059000,0.9739000,0.0000000,4.9847000,-0.1297000,12.5277000
20240119,429,P,0.0750,0.0750,0.0750,0.0750,0,0,0.2529000,-0.0096000,0.0000000,2.1333000,-0.0238000,-0.1404000
20240119,493,C,0.0750,0.0750,0.0750,0.0750,0,0,0.1059000,0.0216000,0.0000000,4.2609000,-0.0220000,0.3071000
20240119,493,P,18.8200,18.8200,18.8200,18.8200,0,0,0.1751000,-0.8873000,0.0000000,15.7398000,-0.0613000,-13.2480000
20240119,535,P,60.8100,60.8100,60.8100,60.8100,0,0,0.4251000,-0.9425000,0.0000000,9.4746000,-0.1092000,-15.3019000
20240119,386,C,88.9700,88.9700,88.9700,88.9700,0,0,0.5375000,0.9883000,0.0000000,2.5052000,-0.1164000,11.4423000
20240119,386,P,0.0350,0.0350,0.0350,0.0350,0,0,0.4355000,-0.0027000,0.0000000,0.6892000,-0.0134000,-0.0397000
20240119,450,C,25.2450,25.2450,25.2450,25.2450,0,0,0.1928000,0.9481000,0.0000000,8.7399000,-0.1383000,12.7883000
20240119,450,P,0.1650,0.1650,0.1650,0.1650,0,0,0.1662000,-0.0298000,0.0000000,5.5825000,-0.0401000,-0.4318000
20240119,215,C,259.5600,259.5600,259.5600,259.5600,0,0,1.5718000,0.9988000,0.0000000,0.3225000,-0.0541000,6.4508000
20240119,407,C,68.0350,68.0350,68.0350,68.0350,0,0,0.4238000,0.9836000,0.0000000,3.3644000,-0.1227000,12.0055000
20240119,407,P,0.0450,0.0450,0.0450,0.0450,0,0,0.3437000,-0.0044000,0.0000000,1.0712000,-0.0164000,-0.0646000
20240119,471,C,6.0600,6.0600,6.0600,6.0600,0,0,0.1155000,0.6643000,0.0000000,30.0131000,-0.2025000,9.3103000
20240119,471,P,1.9850,1.9850,1.9850,1.9850,0,0,0.1102000,-0.3287000,0.0000000,29.7634000,-0.1262000,-4.7568000
20240119,705,P,230.8100,230.8100,230.8100,230.8100,0,0,1.1630000,-0.9682000,0.0000000,5.8719000,-0.2100000,-20.7920000
20240119,300,C,174.7400,174.7400,174.7400,174.7400,0,0,1.0109000,0.9965000,0.0000000,0.8455000,-0.0821000,8.9751000
20240119,364,C,110.8850,110.8850,110.8850,110.8850,0,0,0.6406000,0.9928000,0.0000000,1.6428000,-0.1001000,10.8456000
20240119,364,P,0.0150,0.0150,0.0150,0.0150,0,0,0.5000000,-0.0009000,0.0000000,0.2622000,-0.0058000,-0.0137000
20240119,428,C,47.1100,47.1100,47.1100,47.1100,0,0,0.3120000,0.9742000,0.0000000,4.9254000,-0.1302000,12.5028000
20240119,428,P,0.0750,0.0750,0.0750,0.0750,0,0,0.2587000,-0.0096000,0.0000000,2.1333000,-0.0244000,-0.1405000
20240119,492,C,0.0850,0.0850,0.0850,0.0850,0,0,0.1035000,0.0252000,0.0000000,4.8478000,-0.0245000,0.3580000
20240119,492,P,17.8200,17.8200,17.8200,17.8200,0,0,0.1682000,-0.8838000,0.0000000,16.0871000,-0.0594000,-13.1678000
20240119,620,P,145.8050,145.8050,145.8050,145.8050,0,0,0.8272000,-0.9628000,0.0000000,6.6844000,-0.1637000,-18.1525000
20240119,385,C,89.9500,89.9500,89.9500,89.9500,0,0,0.5359000,0.9893000,0.0000000,2.3167000,-0.1115000,11.4271000
20240119,385,P,0.0250,0.0250,0.0250,0.0250,0,0,0.4257000,-0.0020000,0.0000000,0.5236000,-0.0099000,-0.0293000
20240119,449,C,26.2300,26.2300,26.2300,26.2300,0,0,0.1982000,0.9503000,0.0000000,8.4378000,-0.1377000,12.7905000
20240119,449,P,0.1550,0.1550,0.1550,0.1550,0,0,0.1699000,-0.0275000,0.0000000,5.2186000,-0.0383000,-0.3982000
20240119,555,P,80.8300,80.8300,80.8300,80.8300,0,0,0.5312000,-0.9498000,0.0000000,8.5120000,-0.1282000,-16.0091000
20240119,406,C,69.0300,69.0300,69.0300,69.0300,0,0,0.4296000,0.9838000,0.0000000,3.3295000,-0.1228000,11.9782000
20240119,406,P,0.0450,0.0450,0.0450,0.0450,0,0,0.3486000,-0.0043000,0.0000000,1.0577000,-0.0164000,-0.0638000
20240119,470,C,6.7950,6.7950,6.7950,6.7950,0,0,0.1174000,0.6990000,0.0000000,28.6607000,-0.2003000,9.7850000
20240119,470,P,1.7150,1.7150,1.7150,1.7150,0,0,0.1119000,-0.2923000,0.0000000,28.2820000,-0.1234000,-4.2288000
20240119,235,C,239.6000,239.6000,239.6000,239.6000,0,0,1.4242000,0.9985000,0.0000000,0.3998000,-0.0599000,7.0479000
20240119,363,C,111.8850,111.8850,111.8850,111.8850,0,0,0.6468000,0.9928000,0.0000000,1.6350000,-0.1002000,10.8161000
20240119,363,P,0.0150,0.0150,0.0150,0.0150,0,0,0.5000000,-0.0008000,0.0000000,0.2375000,-0.0053000,-0.0123000
20240119,427,C,48.1000,48.1000,48.1000,48.1000,0,0,0.3164000,0.9752000,0.0000000,4.7709000,-0.1288000,12.4867000
20240119,427,P,0.0750,0.0750,0.0750,0.0750,0,0,0.2636000,-0.0094000,0.0000000,2.0905000,-0.0243000,-0.1373000
20240119,491,C,0.1050,0.1050,0.1050,0.1050,0,0,0.1020000,0.0307000,0.0000000,5.7202000,-0.0286000,0.4367000
20240119,491,P,16.8200,16.8200,16.8200,16.8200,0,0,0.1612000,-0.8799000,0.0000000,16.4708000,-0.0575000,-13.0814000
20240122,480,C,1.6600,1.6600,1.6600,1.6600,0,0,0.0960000,0.2972000,0.0000000,32.1558000,-0.1305000,5.3433000
20240122,480,P,6.7050,6.7050,6.7050,6.7050,0,0,0.1017000,-0.6918000,0.0000000,32.6767000,-0.0700000,-12.8397000
20240122,469,C,7.8000,7.8000,7.8000,7.8000,0,0,0.1091000,0.7320000,0.0000000,30.5900000,-0.1685000,13.0142000
20240122,469,P,1.6800,1.6800,1.6800,1.6800,0,0,0.1092000,-0.2682000,0.0000000,30.6026000,-0.1006000,-4.9423000
20240122,490,C,0.1750,0.1750,0.1750,0.1750,0,0,0.0937000,0.0476000,0.0000000,9.2102000,-0.0340000,0.8593000
20240122,490,P,15.8200,15.8200,15.8200,15.8200,0,0,0.1459000,-0.8561000,0.0000000,21.0570000,-0.0484000,-16.1771000
20240122,479,C,1.9900,1.9900,1.9900,1.9900,0,0,0.0966000,0.3377000,0.0000000,33.9415000,-0.1401000,6.0672000
20240122,479,P,5.9600,5.9600,5.9600,5.9600,0,0,0.0999000,-0.6568000,0.0000000,34.1472000,-0.0757000,-12.1743000
20240122,468,C,8.6100,8.6100,8.6100,8.6100,0,0,0.1115000,0.7591000,0.0000000,28.9255000,-0.1663000,13.4764000
20240122,468,P,1.4700,1.4700,1.4700,1.4700,0,0,0.1109000,-0.2396000,0.0000000,28.8491000,-0.0975000,-4.4157000
20240122,500,C,0.0350,0.0350,0.0350,0.0350,0,0,0.1093000,0.0088000,0.0000000,2.2317000,-0.0093000,0.1604000
20240122,500,P,25.8400,25.8400,25.8400,25.8400,0,0,0.2097000,-0.8890000,0.0000000,17.5738000,-0.0665000,-17.1599000
20240122,478,C,2.3750,2.3750,2.3750,2.3750,0,0,0.0974000,0.3800000,0.0000000,35.3598000,-0.1488000,6.8209000
20240122,478,P,5.3150,5.3150,5.3150,5.3150,0,0,0.0997000,-0.6170000,0.0000000,35.4425000,-0.0829000,-11.4254000
20240122,510,C,0.0150,0.0150,0.0150,0.0150,0,0,0.1289000,0.0026000,0.0000000,0.7514000,-0.0036000,0.0472000
20240122,510,P,35.8200,35.8200,35.8200,35.8200,0,0,0.2661000,-0.9086000,0.0000000,15.2464000,-0.0770000,-17.9000000
20240122,467,C,9.4100,9.4100,9.4100,9.4100,0,0,0.1128000,0.7859000,0.0000000,27.0617000,-0.1619000,13.9340000
20240122,467,P,1.2850,1.2850,1.2850,1.2850,0,0,0.1124000,-0.2132000,0.0000000,27.0078000,-0.0936000,-3.9281000
20240122,520,C,0.0150,0.0150,0.0150,0.0150,0,0,0.1601000,0.0021000,0.0000000,0.6187000,-0.0036000,0.0380000
20240122,520,P,45.8200,45.8200,45.8200,45.8200,0,0,0.3203000,-0.9202000,0.0000000,13.7703000,-0.0873000,-18.4947000
20240122,477,C,2.8050,2.8050,2.8050,2.8050,0,0,0.0984000,0.4233000,0.0000000,36.3616000,-0.1566000,7.5920000
20240122,477,P,4.7150,4.7150,4.7150,4.7150,0,0,0.0998000,-0.5754000,0.0000000,36.3825000,-0.0893000,-10.6472000
20240122,466,C,10.3050,10.3050,10.3050,10.3050,0,0,0.1166000,0.8053000,0.0000000,25.5734000,-0.1606000,14.2526000
20240122,466,P,1.1250,1.1250,1.1250,1.1250,0,0,0.1142000,-0.1897000,0.0000000,25.1779000,-0.0894000,-3.4935000
20240122,476,C,3.2800,3.2800,3.2800,3.2800,0,0,0.0996000,0.4668000,0.0000000,36.9195000,-0.1631000,8.3644000
20240122,476,P,4.1850,4.1850,4.1850,4.1850,0,0,0.1007000,-0.5327000,0.0000000,36.9228000,-0.0954000,-9.8495000
20240122,465,C,11.1650,11.1650,11.1650,11.1650,0,0,0.1188000,0.8259000,0.0000000,23.8567000,-0.1566000,14.5935000
20240122,465,P,0.9850,0.9850,0.9850,0.9850,0,0,0.1160000,-0.1685000,0.0000000,23.3714000,-0.0851000,-3.1031000
20240122,475,C,3.8050,3.8050,3.8050,3.8050,0,0,0.1007000,0.5097000,0.0000000,37.0366000,-0.1678000,9.1253000
20240122,475,P,3.6950,3.6950,3.6950,3.6950,0,0,0.1014000,-0.4902000,0.0000000,37.0366000,-0.0998000,-9.0580000
20240122,464,C,12.0450,12.0450,12.0450,12.0450,0,0,0.1210000,0.8442000,0.0000000,22.2020000,-0.1525000,14.8923000
20240122,464,P,0.8650,0.8650,0.8650,0.8650,0,0,0.1181000,-0.1498000,0.0000000,21.6399000,-0.0808000,-2.7587000
20240122,474,C,4.3750,4.3750,4.3750,4.3750,0,0,0.1020000,0.5516000,0.0000000,36.7367000,-0.1713000,9.8654000
20240122,474,P,3.2500,3.2500,3.2500,3.2500,0,0,0.1024000,-0.4485000,0.0000000,36.7386000,-0.1029000,-8.2816000
20240122,463,C,12.9450,12.9450,12.9450,12.9450,0,0,0.1236000,0.8600000,0.0000000,20.6642000,-0.1487000,15.1457000
20240122,463,P,0.7600,0.7600,0.7600,0.7600,0,0,0.1203000,-0.1336000,0.0000000,20.0198000,-0.0767000,-2.4591000
20240122,420,C,55.1350,55.1350,55.1350,55.1350,0,0,0.2807000,0.9884000,0.0000000,2.8125000,-0.0883000,15.8621000
20240122,420,P,0.0750,0.0750,0.0750,0.0750,0,0,0.2666000,-0.0084000,0.0000000,2.1377000,-0.0197000,-0.1565000
20240122,473,C,5.0100,5.0100,5.0100,5.0100,0,0,0.1041000,0.5913000,0.0000000,36.0715000,-0.1742000,10.5634000
20240122,473,P,2.8550,2.8550,2.8550,2.8550,0,0,0.1033000,-0.4079000,0.0000000,36.0580000,-0.1045000,-7.5296000
20240122,430,C,45.1750,45.1750,45.1750,45.1750,0,0,0.2392000,0.9843000,0.0000000,3.6441000,-0.0924000,16.1704000
20240122,430,P,0.0950,0.0950,0.0950,0.0950,0,0,0.2285000,-0.0121000,0.0000000,2.9294000,-0.0230000,-0.2242000
20240122,462,C,13.8500,13.8500,13.8500,13.8500,0,0,0.1262000,0.8742000,0.0000000,19.1996000,-0.1448000,15.3684000
20240122,462,P,0.6700,0.6700,0.6700,0.6700,0,0,0.1224000,-0.1187000,0.0000000,18.4399000,-0.0723000,-2.1854000
20240122,440,C,35.2500,35.2500,35.2500,35.2500,0,0,0.2031000,0.9744000,0.0000000,5.5219000,-0.1021000,16.3711000
20240122,440,P,0.1250,0.1250,0.1250,0.1250,0,0,0.1899000,-0.0185000,0.0000000,4.2245000,-0.0273000,-0.3426000
20240122,472,C,5.6650,5.6650,5.6650,5.6650,0,0,0.1055000,0.6296000,0.0000000,35.0749000,-0.1748000,11.2337000
20240122,472,P,2.5000,2.5000,2.5000,2.5000,0,0,0.1046000,-0.3694000,0.0000000,35.0454000,-0.1051000,-6.8149000
20240122,461,C,14.7700,14.7700,14.7700,14.7700,0,0,0.1286000,0.8871000,0.0000000,17.7894000,-0.1407000,15.5675000
20240122,461,P,0.5950,0.5950,0.5950,0.5950,0,0,0.1245000,-0.1054000,0.0000000,16.9440000,-0.0679000,-1.9413000
20240122,450,C,25.3500,25.3500,25.3500,25.3500,0,0,0.1625000,0.9575000,0.0000000,8.3993000,-0.1111000,16.4427000
20240122,450,P,0.2050,0.2050,0.2050,0.2050,0,0,0.1542000,-0.0348000,0.0000000,7.1506000,-0.0369000,-0.6415000
20240122,471,C,6.3550,6.3550,6.3550,6.3550,0,0,0.1069000,0.6655000,0.0000000,33.8083000,-0.1741000,11.8618000
20240122,471,P,2.1900,2.1900,2.1900,2.1900,0,0,0.1060000,-0.3331000,0.0000000,33.7573000,-0.1045000,-6.1426000
20240122,460,C,15.7000,15.7000,15.7000,15.7000,0,0,0.1312000,0.8984000,0.0000000,16.4847000,-0.1369000,15.7377000
20240122,460,P,0.5250,0.5250,0.5250,0.5250,0,0,0.1265000,-0.0936000,0.0000000,15.5369000,-0.0637000,-1.7240000
20240122,470,C,7.0350,7.0350,7.0350,7.0350,0,0,0.1071000,0.7013000,0.0000000,32.2214000,-0.1706000,12.4864000
20240122,470,P,1.9200,1.9200,1.9200,1.9200,0,0,0.1076000,-0.2994000,0.0000000,32.2605000,-0.1031000,-5.5194000
20240126,448,C,27.8850,27.8850,27.8850,27.8850,0,0,0.1785000,0.9354000,0.0000000,13.2852000,-0.1263000,20.4985000
20240126,448,P,0.3150,0.3150,0.3150,0.3150,0,0,0.1589000,-0.0445000,0.0000000,9.8970000,-0.0405000,-1.0565000
20240126,480,C,2.4800,2.4800,2.4800,2.4800,0,0,0.1040000,0.3431000,0.0000000,38.7193000,-0.1352000,7.9025000
20240126,480,P,7.1000,7.1000,7.1000,7.1000,0,0,0.1052000,-0.6550000,0.0000000,38.7944000,-0.0672000,-15.6675000
20240126,447.5,C,28.3700,28.3700,28.3700,28.3700,0,0,0.1805000,0.9368000,0.0000000,13.0472000,-0.1259000,20.5091000
20240126,447.5,P,0.3050,0.3050,0.3050,0.3050,0,0,0.1604000,-0.0430000,0.0000000,9.6278000,-0.0398000,-1.0211000
20240126,437,C,38.6950,38.6950,38.6950,38.6950,0,0,0.2194000,0.9601000,0.0000000,9.0382000,-0.1157000,20.5448000
20240126,437,P,0.1850,0.1850,0.1850,0.1850,0,0,0.1928000,-0.0233000,0.0000000,5.8172000,-0.0295000,-0.5555000
20240126,405,C,70.5200,70.5200,70.5200,70.5200,0,0,0.3596000,0.9796000,0.0000000,5.1678000,-0.1089000,19.4308000
20240126,405,P,0.0850,0.0850,0.0850,0.0850,0,0,0.3007000,-0.0074000,0.0000000,2.1760000,-0.0176000,-0.1788000
20240126,469,C,8.8550,8.8550,8.8550,8.8550,0,0,0.1202000,0.6991000,0.0000000,36.6576000,-0.1693000,15.9126000
20240126,469,P,2.2800,2.2800,2.2800,2.2800,0,0,0.1154000,-0.2937000,0.0000000,36.2609000,-0.0957000,-6.9815000
20240126,458,C,18.3050,18.3050,18.3050,18.3050,0,0,0.1458000,0.8786000,0.0000000,21.2344000,-0.1439000,19.6428000
20240126,458,P,0.7300,0.7300,0.7300,0.7300,0,0,0.1358000,-0.1053000,0.0000000,19.1879000,-0.0650000,-2.4985000
20240126,490,C,0.4050,0.4050,0.4050,0.4050,0,0,0.0983000,0.0849000,0.0000000,16.3847000,-0.0505000,1.9677000
20240126,490,P,15.8200,15.8200,15.8200,15.8200,0,0,0.1383000,-0.8335000,0.0000000,26.2902000,-0.0412000,-20.2709000
20240126,457.5,C,18.7750,18.7750,18.7750,18.7750,0,0,0.1474000,0.8828000,0.0000000,20.7119000,-0.1430000,19.7181000
20240126,457.5,P,0.6950,0.6950,0.6950,0.6950,0,0,0.1365000,-0.1000000,0.0000000,18.4851000,-0.0631000,-2.3733000
20240126,415,C,60.5450,60.5450,60.5450,60.5450,0,0,0.3112000,0.9772000,0.0000000,5.6780000,-0.1077000,19.8670000
20240126,415,P,0.1050,0.1050,0.1050,0.1050,0,0,0.2675000,-0.0102000,0.0000000,2.8688000,-0.0206000,-0.2447000
20240126,447,C,28.8600,28.8600,28.8600,28.8600,0,0,0.1824000,0.9383000,0.0000000,12.8159000,-0.1254000,20.5183000
20240126,447,P,0.2950,0.2950,0.2950,0.2950,0,0,0.1616000,-0.0413000,0.0000000,9.3260000,-0.0389000,-0.9817000
20240126,479,C,2.8700,2.8700,2.8700,2.8700,0,0,0.1051000,0.3781000,0.0000000,40.0330000,-0.1425000,8.7008000
20240126,479,P,6.4600,6.4600,6.4600,6.4600,0,0,0.1054000,-0.6214000,0.0000000,40.0450000,-0.0734000,-14.8512000
20240126,436,C,39.6850,39.6850,39.6850,39.6850,0,0,0.2233000,0.9615000,0.0000000,8.7810000,-0.1150000,20.5285000
20240126,436,P,0.1750,0.1750,0.1750,0.1750,0,0,0.1953000,-0.0218000,0.0000000,5.4944000,-0.0282000,-0.5192000
20240126,500,C,0.0650,0.0650,0.0650,0.0650,0,0,0.1044000,0.0153000,0.0000000,4.0634000,-0.0128000,0.3555000
20240126,500,P,25.8200,25.8200,25.8200,25.8200,0,0,0.1962000,-0.8718000,0.0000000,22.0602000,-0.0563000,-21.6594000
20240126,468,C,9.6300,9.6300,9.6300,9.6300,0,0,0.1224000,0.7229000,0.0000000,35.2637000,-0.1684000,16.4303000
20240126,468,P,2.0500,2.0500,2.0500,2.0500,0,0,0.1171000,-0.2685000,0.0000000,34.7220000,-0.0941000,-6.3805000
20240126,467.5,C,10.0250,10.0250,10.0250,10.0250,0,0,0.1233000,0.7344000,0.0000000,34.5235000,-0.1675000,16.6810000
20240126,467.5,P,1.9400,1.9400,1.9400,1.9400,0,0,0.1178000,-0.2564000,0.0000000,33.9110000,-0.0930000,-6.0918000
20240126,425,C,50.6050,50.6050,50.6050,50.6050,0,0,0.2695000,0.9714000,0.0000000,6.8736000,-0.1111000,20.2210000
20240126,425,P,0.1250,0.1250,0.1250,0.1250,0,0,0.2319000,-0.0138000,0.0000000,3.7179000,-0.0229000,-0.3293000
20240126,457,C,19.2350,19.2350,19.2350,19.2350,0,0,0.1485000,0.8875000,0.0000000,20.1088000,-0.1414000,19.8069000
20240126,457,P,0.6650,0.6650,0.6650,0.6650,0,0,0.1378000,-0.0957000,0.0000000,17.9049000,-0.0618000,-2.2722000
20240126,489,C,0.4950,0.4950,0.4950,0.4950,0,0,0.0984000,0.1006000,0.0000000,18.5657000,-0.0576000,2.3291000
20240126,489,P,14.8400,14.8400,14.8400,14.8400,0,0,0.1329000,-0.8263000,0.0000000,27.0124000,-0.0405000,-20.0544000
20240126,350,C,125.2650,125.2650,125.2650,125.2650,0,0,0.5898000,0.9918000,0.0000000,2.3382000,-0.0885000,17.0166000
20240126,350,P,0.0250,0.0250,0.0250,0.0250,0,0,0.4687000,-0.0013000,0.0000000,0.4750000,-0.0060000,-0.0331000
20240126,446,C,29.8400,29.8400,29.8400,29.8400,0,0,0.1862000,0.9411000,0.0000000,12.3535000,-0.1245000,20.5362000
20240126,446,P,0.2850,0.2850,0.2850,0.2850,0,0,0.1652000,-0.0393000,0.0000000,8.9528000,-0.0383000,-0.9337000
20240126,478,C,3.3000,3.3000,3.3000,3.3000,0,0,0.1061000,0.4135000,0.0000000,41.0185000,-0.1490000,9.5082000
20240126,478,P,5.8550,5.8550,5.8550,5.8550,0,0,0.1054000,-0.5870000,0.0000000,41.0034000,-0.0787000,-14.0165000
20240126,510,C,0.0250,0.0250,0.0250,0.0250,0,0,0.1220000,0.0049000,0.0000000,1.5178000,-0.0054000,0.1155000
20240126,510,P,35.8150,35.8150,35.8150,35.8150,0,0,0.2488000,-0.8931000,0.0000000,19.3964000,-0.0672000,-22.6500000
20240126,435,C,40.6750,40.6750,40.6750,40.6750,0,0,0.2275000,0.9627000,0.0000000,8.5641000,-0.1146000,20.5067000
20240126,435,P,0.1750,0.1750,0.1750,0.1750,0,0,0.1997000,-0.0214000,0.0000000,5.4024000,-0.0284000,-0.5091000
20240126,467,C,10.4250,10.4250,10.4250,10.4250,0,0,0.1243000,0.7454000,0.0000000,33.7821000,-0.1666000,16.9172000
20240126,467,P,1.8400,1.8400,1.8400,1.8400,0,0,0.1187000,-0.2449000,0.0000000,33.0984000,-0.0919000,-5.8184000
20240126,360,C,115.3250,115.3250,115.3250,115.3250,0,0,0.5539000,0.9898000,0.0000000,2.8335000,-0.0951000,17.4603000
20240126,360,P,0.0350,0.0350,0.0350,0.0350,0,0,0.4453000,-0.0021000,0.0000000,0.7004000,-0.0085000,-0.0507000
20240126,456,C,20.1800,20.1800,20.1800,20.1800,0,0,0.1519000,0.8947000,0.0000000,19.1799000,-0.1397000,19.9274000
20240126,456,P,0.6050,0.6050,0.6050,0.6050,0,0,0.1398000,-0.0872000,0.0000000,16.7159000,-0.0588000,-2.0709000
20240126,520,C,0.0150,0.0150,0.0150,0.0150,0,0,0.1406000,0.0021000,0.0000000,0.7135000,-0.0029000,0.0498000
20240126,520,P,45.8150,45.8150,45.8150,45.8150,0,0,0.2987000,-0.9062000,0.0000000,17.6189000,-0.0770000,-23.4515000
20240126,488,C,0.6050,0.6050,0.6050,0.6050,0,0,0.0986000,0.1187000,0.0000000,20.9077000,-0.0654000,2.7469000
20240126,488,P,13.8400,13.8400,13.8400,13.8400,0,0,0.1266000,-0.8199000,0.0000000,27.6385000,-0.0386000,-19.8552000
20240126,487.5,C,0.6750,0.6750,0.6750,0.6750,0,0,0.0991000,0.1294000,0.0000000,22.2139000,-0.0700000,2.9947000
20240126,487.5,P,13.3200,13.3200,13.3200,13.3200,0,0,0.1227000,-0.8179000,0.0000000,27.8307000,-0.0365000,-19.7826000
20240126,445,C,30.8200,30.8200,30.8200,30.8200,0,0,0.1899000,0.9439000,0.0000000,11.8975000,-0.1234000,20.5521000
20240126,445,P,0.2650,0.2650,0.2650,0.2650,0,0,0.1677000,-0.0364000,0.0000000,8.4101000,-0.0366000,-0.8649000
20240126,477,C,3.7750,3.7750,3.7750,3.7750,0,0,0.1073000,0.4491000,0.0000000,41.6663000,-0.1546000,10.3166000
20240126,477,P,5.3100,5.3100,5.3100,5.3100,0,0,0.1063000,-0.5514000,0.0000000,41.6584000,-0.0842000,-13.1566000
20240126,370,C,105.3700,105.3700,105.3700,105.3700,0,0,0.5132000,0.9879000,0.0000000,3.2953000,-0.0998000,17.9061000
20240126,370,P,0.0450,0.0450,0.0450,0.0450,0,0,0.4160000,-0.0028000,0.0000000,0.9324000,-0.0105000,-0.0695000
20240126,434,C,41.6650,41.6650,41.6650,41.6650,0,0,0.2314000,0.9639000,0.0000000,8.3290000,-0.1139000,20.4871000
20240126,434,P,0.1650,0.1650,0.1650,0.1650,0,0,0.2021000,-0.0200000,0.0000000,5.1094000,-0.0272000,-0.4767000
20240126,466,C,11.2400,11.2400,11.2400,11.2400,0,0,0.1266000,0.7658000,0.0000000,32.2961000,-0.1648000,17.3533000
20240126,466,P,1.6550,1.6550,1.6550,1.6550,0,0,0.1203000,-0.2231000,0.0000000,31.4330000,-0.0894000,-5.2995000
20240126,530,P,55.8350,55.8350,55.8350,55.8350,0,0,0.3472000,-0.9147000,0.0000000,16.4173000,-0.0871000,-24.1442000
20240126,455,C,21.1350,21.1350,21.1350,21.1350,0,0,0.1551000,0.9016000,0.0000000,18.2565000,-0.1378000,20.0419000
20240126,455,P,0.5550,0.5550,0.5550,0.5550,0,0,0.1422000,-0.0799000,0.0000000,15.6458000,-0.0562000,-1.8964000
20240126,487,C,0.7400,0.7400,0.7400,0.7400,0,0,0.0993000,0.1400000,0.0000000,23.4396000,-0.0742000,3.2377000
20240126,487,P,12.8300,12.8300,12.8300,12.8300,0,0,0.1199000,-0.8134000,0.0000000,28.2506000,-0.0361000,-19.6548000
20240126,380,C,95.4100,95.4100,95.4100,95.4100,0,0,0.4687000,0.9862000,0.0000000,3.7022000,-0.1023000,18.3567000
20240126,380,P,0.0550,0.0550,0.0550,0.0550,0,0,0.3847000,-0.0038000,0.0000000,1.2070000,-0.0126000,-0.0925000
20240126,444,C,31.8050,31.8050,31.8050,31.8050,0,0,0.1936000,0.9464000,0.0000000,11.4660000,-0.1223000,20.5636000
20240126,444,P,0.2550,0.2550,0.2550,0.2550,0,0,0.1711000,-0.0345000,0.0000000,8.0516000,-0.0358000,-0.8203000
20240126,476,C,4.2850,4.2850,4.2850,4.2850,0,0,0.1086000,0.4844000,0.0000000,41.9761000,-0.1594000,11.1165000
20240126,476,P,4.7950,4.7950,4.7950,4.7950,0,0,0.1068000,-0.5159000,0.0000000,41.9744000,-0.0883000,-12.3020000
20240126,540,P,65.8350,65.8350,65.8350,65.8350,0,0,0.3928000,-0.9217000,0.0000000,15.4008000,-0.0948000,-24.7993000
20240126,433,C,42.6800,42.6800,42.6800,42.6800,0,0,0.2390000,0.9630000,0.0000000,8.5079000,-0.1167000,20.4146000
20240126,433,P,0.1550,0.1550,0.1550,0.1550,0,0,0.2045000,-0.0187000,0.0000000,4.8340000,-0.0261000,-0.4466000
20240126,465,C,12.0700,12.0700,12.0700,12.0700,0,0,0.1287000,0.7849000,0.0000000,30.7705000,-0.1624000,17.7600000
20240126,465,P,1.4950,1.4950,1.4950,1.4950,0,0,0.1223000,-0.2035000,0.0000000,29.7935000,-0.0869000,-4.8336000
20240126,390,C,85.4300,85.4300,85.4300,85.4300,0,0,0.4194000,0.9850000,0.0000000,3.9649000,-0.1017000,18.8222000
20240126,390,P,0.0650,0.0650,0.0650,0.0650,0,0,0.3515000,-0.0050000,0.0000000,1.5232000,-0.0145000,-0.1199000
20240126,454,C,22.0800,22.0800,22.0800,22.0800,0,0,0.1582000,0.9081000,0.0000000,17.3609000,-0.1357000,20.1468000
20240126,454,P,0.5050,0.5050,0.5050,0.5050,0,0,0.1442000,-0.0729000,0.0000000,14.5890000,-0.0533000,-1.7298000
20240126,486,C,0.8950,0.8950,0.8950,0.8950,0,0,0.0996000,0.1624000,0.0000000,25.8717000,-0.0826000,3.7538000
20240126,486,P,11.9000,11.9000,11.9000,11.9000,0,0,0.1158000,-0.8004000,0.0000000,29.4392000,-0.0377000,-19.3045000
20240126,443,C,32.7650,32.7650,32.7650,32.7650,0,0,0.1953000,0.9505000,0.0000000,10.7725000,-0.1192000,20.6107000
20240126,443,P,0.2350,0.2350,0.2350,0.2350,0,0,0.1733000,-0.0318000,0.0000000,7.5364000,-0.0340000,-0.7570000
20240126,475,C,4.8350,4.8350,4.8350,4.8350,0,0,0.1100000,0.5190000,0.0000000,41.9602000,-0.1633000,11.8995000
20240126,475,P,4.3250,4.3250,4.3250,4.3250,0,0,0.1077000,-0.4807000,0.0000000,41.9591000,-0.0917000,-11.4543000
20240126,432,C,43.6750,43.6750,43.6750,43.6750,0,0,0.2429000,0.9642000,0.0000000,8.2821000,-0.1160000,20.3937000
20240126,432,P,0.1550,0.1550,0.1550,0.1550,0,0,0.2089000,-0.0184000,0.0000000,4.7634000,-0.0263000,-0.4391000
20240126,400,C,75.4750,75.4750,75.4750,75.4750,0,0,0.3754000,0.9827000,0.0000000,4.5057000,-0.1038000,19.2574000
20240126,400,P,0.0750,0.0750,0.0750,0.0750,0,0,0.3164000,-0.0063000,0.0000000,1.8769000,-0.0160000,-0.1514000
20240126,464,C,12.9200,12.9200,12.9200,12.9200,0,0,0.1309000,0.8024000,0.0000000,29.2628000,-0.1598000,18.1267000
20240126,464,P,1.3450,1.3450,1.3450,1.3450,0,0,0.1240000,-0.1852000,0.0000000,28.1284000,-0.0839000,-4.3972000
20240126,453,C,23.0400,23.0400,23.0400,23.0400,0,0,0.1616000,0.9136000,0.0000000,16.5823000,-0.1341000,20.2278000
20240126,453,P,0.4650,0.4650,0.4650,0.4650,0,0,0.1467000,-0.0670000,0.0000000,13.6711000,-0.0510000,-1.5898000
20240126,485,C,1.0750,1.0750,1.0750,1.0750,0,0,0.0999000,0.1872000,0.0000000,28.3174000,-0.0914000,4.3255000
20240126,485,P,11.0200,11.0200,11.0200,11.0200,0,0,0.1130000,-0.7829000,0.0000000,30.9334000,-0.0415000,-18.8527000
20240126,452.5,C,23.5200,23.5200,23.5200,23.5200,0,0,0.1632000,0.9163000,0.0000000,16.1875000,-0.1331000,20.2681000
20240126,452.5,P,0.4450,0.4450,0.4450,0.4450,0,0,0.1478000,-0.0641000,0.0000000,13.2096000,-0.0497000,-1.5209000
20240126,410,C,65.5200,65.5200,65.5200,65.5200,0,0,0.3334000,0.9791000,0.0000000,5.2890000,-0.1070000,19.6642000
20240126,410,P,0.0950,0.0950,0.0950,0.0950,0,0,0.2846000,-0.0088000,0.0000000,2.5137000,-0.0192000,-0.2106000
20240126,442,C,33.7750,33.7750,33.7750,33.7750,0,0,0.2014000,0.9506000,0.0000000,10.7393000,-0.1207000,20.5654000
20240126,442,P,0.2250,0.2250,0.2250,0.2250,0,0,0.1765000,-0.0301000,0.0000000,7.1926000,-0.0331000,-0.7156000
20240126,474,C,5.4200,5.4200,5.4200,5.4200,0,0,0.1116000,0.5527000,0.0000000,41.6411000,-0.1664000,12.6568000
20240126,474,P,3.8950,3.8950,3.8950,3.8950,0,0,0.1087000,-0.4461000,0.0000000,41.6248000,-0.0943000,-10.6243000
20240126,495,C,0.1450,0.1450,0.1450,0.1450,0,0,0.0991000,0.0341000,0.0000000,7.9718000,-0.0242000,0.7914000
20240126,495,P,20.8200,20.8200,20.8200,20.8200,0,0,0.1680000,-0.8560000,0.0000000,23.8782000,-0.0494000,-21.0453000
20240126,463,C,13.7900,13.7900,13.7900,13.7900,0,0,0.1333000,0.8181000,0.0000000,27.8123000,-0.1574000,18.4503000
20240126,463,P,1.2150,1.2150,1.2150,1.2150,0,0,0.1260000,-0.1687000,0.0000000,26.5164000,-0.0810000,-4.0047000
20240126,462.5,C,14.2300,14.2300,14.2300,14.2300,0,0,0.1346000,0.8253000,0.0000000,27.1090000,-0.1562000,18.5979000
20240126,462.5,P,1.1450,1.1450,1.1450,1.1450,0,0,0.1266000,-0.1603000,0.0000000,25.6524000,-0.0790000,-3.8047000
20240126,420,C,55.5750,55.5750,55.5750,55.5750,0,0,0.2905000,0.9745000,0.0000000,6.2370000,-0.1094000,20.0493000
20240126,420,P,0.1150,0.1150,0.1150,0.1150,0,0,0.2500000,-0.0119000,0.0000000,3.2674000,-0.0218000,-0.2839000
20240126,452,C,24.0000,24.0000,24.0000,24.0000,0,0,0.1647000,0.9189000,0.0000000,15.8038000,-0.1322000,20.3057000
20240126,452,P,0.4250,0.4250,0.4250,0.4250,0,0,0.1488000,-0.0611000,0.0000000,12.7385000,-0.0483000,-1.4516000
20240126,484,C,1.2900,1.2900,1.2900,1.2900,0,0,0.1008000,0.2154000,0.0000000,30.8023000,-0.1009000,4.9737000
20240126,484,P,10.1550,10.1550,10.1550,10.1550,0,0,0.1102000,-0.7639000,0.0000000,32.4391000,-0.0451000,-18.3642000
20240126,441,C,34.7600,34.7600,34.7600,34.7600,0,0,0.2058000,0.9522000,0.0000000,10.4709000,-0.1204000,20.5525000
20240126,441,P,0.2150,0.2150,0.2150,0.2150,0,0,0.1796000,-0.0285000,0.0000000,6.8699000,-0.0322000,-0.6772000
20240126,505,C,0.0350,0.0350,0.0350,0.0350,0,0,0.1118000,0.0077000,0.0000000,2.2527000,-0.0075000,0.1804000
20240126,505,P,30.8150,30.8150,30.8150,30.8150,0,0,0.2227000,-0.8840000,0.0000000,20.5551000,-0.0617000,-22.1924000
20240126,473,C,6.0450,6.0450,6.0450,6.0450,0,0,0.1130000,0.5851000,0.0000000,41.0467000,-0.1684000,13.3860000
20240126,473,P,3.5050,3.5050,3.5050,3.5050,0,0,0.1098000,-0.4126000,0.0000000,40.9966000,-0.0961000,-9.8213000
20240126,430,C,45.6350,45.6350,45.6350,45.6350,0,0,0.2480000,0.9678000,0.0000000,7.5854000,-0.1123000,20.3819000
20240126,430,P,0.1450,0.1450,0.1450,0.1450,0,0,0.2153000,-0.0168000,0.0000000,4.4072000,-0.0251000,-0.4010000
20240126,462,C,14.6700,14.6700,14.6700,14.6700,0,0,0.1357000,0.8326000,0.0000000,26.3835000,-0.1547000,18.7458000
20240126,462,P,1.0950,1.0950,1.0950,1.0950,0,0,0.1279000,-0.1534000,0.0000000,24.9288000,-0.0778000,-3.6428000
20240126,355,C,120.3050,120.3050,120.3050,120.3050,0,0,0.5761000,0.9905000,0.0000000,2.6765000,-0.0936000,17.2296000
20240126,355,P,0.0250,0.0250,0.0250,0.0250,0,0,0.4492000,-0.0014000,0.0000000,0.4989000,-0.0061000,-0.0349000
20240126,451,C,24.9700,24.9700,24.9700,24.9700,0,0,0.1684000,0.9233000,0.0000000,15.1561000,-0.1309000,20.3597000
20240126,451,P,0.3950,0.3950,0.3950,0.3950,0,0,0.1514000,-0.0566000,0.0000000,11.9837000,-0.0464000,-1.3430000
20240126,515,C,0.0150,0.0150,0.0150,0.0150,0,0,0.1289000,0.0027000,0.0000000,0.8820000,-0.0033000,0.0630000
20240126,515,P,40.8150,40.8150,40.8150,40.8150,0,0,0.2740000,-0.9003000,0.0000000,18.4260000,-0.0722000,-23.0671000
20240126,483,C,1.5350,1.5350,1.5350,1.5350,0,0,0.1014000,0.2446000,0.0000000,33.0739000,-0.1098000,5.6444000
20240126,483,P,9.3300,9.3300,9.3300,9.3300,0,0,0.1083000,-0.7408000,0.0000000,34.0960000,-0.0501000,-17.7844000
20240126,525,P,50.8350,50.8350,50.8350,50.8350,0,0,0.3238000,-0.9104000,0.0000000,17.0347000,-0.0830000,-23.7966000
20240126,440,C,35.7250,35.7250,35.7250,35.7250,0,0,0.2070000,0.9560000,0.0000000,9.7907000,-0.1170000,20.5947000
20240126,440,P,0.2050,0.2050,0.2050,0.2050,0,0,0.1826000,-0.0268000,0.0000000,6.5349000,-0.0312000,-0.6379000
20240126,472,C,6.7000,6.7000,6.7000,6.7000,0,0,0.1148000,0.6160000,0.0000000,40.2167000,-0.1698000,14.0760000
20240126,472,P,3.1500,3.1500,3.1500,3.1500,0,0,0.1112000,-0.3805000,0.0000000,40.1097000,-0.0971000,-9.0532000
20240126,365,C,110.3450,110.3450,110.3450,110.3450,0,0,0.5320000,0.9891000,0.0000000,3.0104000,-0.0966000,17.6888000
20240126,365,P,0.0350,0.0350,0.0350,0.0350,0,0,0.4257000,-0.0022000,0.0000000,0.7395000,-0.0085000,-0.0538000
20240126,461,C,15.5700,15.5700,15.5700,15.5700,0,0,0.1384000,0.8452000,0.0000000,25.0607000,-0.1524000,18.9981000
20240126,461,P,0.9850,0.9850,0.9850,0.9850,0,0,0.1296000,-0.1392000,0.0000000,23.3493000,-0.0743000,-3.3040000
20240126,535,P,60.8350,60.8350,60.8350,60.8350,0,0,0.3702000,-0.9185000,0.0000000,15.8748000,-0.0910000,-24.4778000
20240126,450,C,25.9400,25.9400,25.9400,25.9400,0,0,0.1719000,0.9274000,0.0000000,14.5245000,-0.1296000,20.4091000
20240126,450,P,0.3650,0.3650,0.3650,0.3650,0,0,0.1539000,-0.0521000,0.0000000,11.2326000,-0.0443000,-1.2375000
20240126,482,C,1.8100,1.8100,1.8100,1.8100,0,0,0.1022000,0.2760000,0.0000000,35.1991000,-0.1187000,6.3650000
20240126,482,P,8.5500,8.5500,8.5500,8.5500,0,0,0.1070000,-0.7146000,0.0000000,35.7727000,-0.0558000,-17.1317000
20240126,375,C,100.3900,100.3900,100.3900,100.3900,0,0,0.4907000,0.9871000,0.0000000,3.4822000,-0.1009000,18.1332000
20240126,375,P,0.0450,0.0450,0.0450,0.0450,0,0,0.3964000,-0.0030000,0.0000000,0.9877000,-0.0106000,-0.0740000
20240126,439,C,36.7150,36.7150,36.7150,36.7150,0,0,0.2111000,0.9575000,0.0000000,9.5276000,-0.1166000,20.5800000
20240126,439,P,0.1950,0.1950,0.1950,0.1950,0,0,0.1855000,-0.0253000,0.0000000,6.2203000,-0.0302000,-0.6014000
20240126,471,C,7.3950,7.3950,7.3950,7.3950,0,0,0.1166000,0.6454000,0.0000000,39.1849000,-0.1704000,14.7281000
20240126,471,P,2.8300,2.8300,2.8300,2.8300,0,0,0.1125000,-0.3499000,0.0000000,38.9991000,-0.0974000,-8.3218000
20240126,545,P,70.8350,70.8350,70.8350,70.8350,0,0,0.4149000,-0.9245000,0.0000000,14.9716000,-0.0984000,-25.1127000
20240126,460,C,16.4100,16.4100,16.4100,16.4100,0,0,0.1383000,0.8617000,0.0000000,23.2317000,-0.1463000,19.3428000
20240126,460,P,0.8950,0.8950,0.8950,0.8950,0,0,0.1318000,-0.1270000,0.0000000,21.9251000,-0.0713000,-3.0151000
20240126,385,C,90.4300,90.4300,90.4300,90.4300,0,0,0.4462000,0.9852000,0.0000000,3.9200000,-0.1034000,18.5803000
20240126,385,P,0.0550,0.0550,0.0550,0.0550,0,0,0.3652000,-0.0041000,0.0000000,1.2835000,-0.0127000,-0.0990000
20240126,449,C,26.9100,26.9100,26.9100,26.9100,0,0,0.1754000,0.9314000,0.0000000,13.9080000,-0.1281000,20.4542000
20240126,449,P,0.3450,0.3450,0.3450,0.3450,0,0,0.1569000,-0.0487000,0.0000000,10.6421000,-0.0429000,-1.1566000
20240126,481,C,2.1300,2.1300,2.1300,2.1300,0,0,0.1032000,0.3091000,0.0000000,37.1043000,-0.1273000,7.1240000
20240126,481,P,7.8200,7.8200,7.8200,7.8200,0,0,0.1063000,-0.6853000,0.0000000,37.3885000,-0.0620000,-16.4115000
20240126,438,C,37.7050,37.7050,37.7050,37.7050,0,0,0.2153000,0.9588000,0.0000000,9.2770000,-0.1161000,20.5633000
20240126,438,P,0.1950,0.1950,0.1950,0.1950,0,0,0.1899000,-0.0247000,0.0000000,6.1019000,-0.0304000,-0.5880000
20240126,470,C,8.1100,8.1100,8.1100,8.1100,0,0,0.1184000,0.6730000,0.0000000,37.9896000,-0.1702000,15.3393000
20240126,470,P,2.5400,2.5400,2.5400,2.5400,0,0,0.1139000,-0.3208000,0.0000000,37.7000000,-0.0968000,-7.6289000
20240126,395,C,80.4500,80.4500,80.4500,80.4500,0,0,0.3974000,0.9839000,0.0000000,4.2231000,-0.1027000,19.0413000
20240126,395,P,0.0650,0.0650,0.0650,0.0650,0,0,0.3310000,-0.0052000,0.0000000,1.5970000,-0.0143000,-0.1263000
20240126,459,C,17.3750,17.3750,17.3750,17.3750,0,0,0.1428000,0.8693000,0.0000000,22.3567000,-0.1461000,19.4711000
20240126,459,P,0.8050,0.8050,0.8050,0.8050,0,0,0.1335000,-0.1151000,0.0000000,20.4587000,-0.0678000,-2.7322000
20240126,491,C,0.3350,0.3350,0.3350,0.3350,0,0,0.0987000,0.0721000,0.0000000,14.4692000,-0.0446000,1.6706000
20240126,491,P,16.8200,16.8200,16.8200,16.8200,0,0,0.1444000,-0.8387000,0.0000000,25.7473000,-0.0430000,-20.4434000
20240131,320,C,155.3200,155.3200,155.3200,155.3200,0,0,0.6031000,0.9964000,0.0000000,1.2565000,-0.0626000,19.9868000
20240131,320,P,0.0150,0.0150,0.0150,0.0150,0,0,0.5000000,-0.0006000,0.0000000,0.2639000,-0.0028000,-0.0196000
20240131,416,C,59.7900,59.7900,59.7900,59.7900,0,0,0.2636000,0.9803000,0.0000000,5.6772000,-0.0914000,25.5244000
20240131,416,P,0.1450,0.1450,0.1450,0.1450,0,0,0.2451000,-0.0134000,0.0000000,4.1101000,-0.0209000,-0.4114000
20240131,448,C,28.2850,28.2850,28.2850,28.2850,0,0,0.1644000,0.9301000,0.0000000,15.9496000,-0.1170000,26.0110000
20240131,448,P,0.5050,0.5050,0.5050,0.5050,0,0,0.1568000,-0.0609000,0.0000000,14.3626000,-0.0446000,-1.8539000
20240131,480,C,3.2300,3.2300,3.2300,3.2300,0,0,0.1062000,0.3746000,0.0000000,45.1220000,-0.1295000,10.9908000
20240131,480,P,7.6000,7.6000,7.6000,7.6000,0,0,0.1093000,-0.6215000,0.0000000,45.2650000,-0.0636000,-19.0495000
20240131,437,C,38.9950,38.9950,38.9950,38.9950,0,0,0.1938000,0.9616000,0.0000000,9.9022000,-0.1023000,26.2776000
20240131,437,P,0.2750,0.2750,0.2750,0.2750,0,0,0.1838000,-0.0311000,0.0000000,8.3496000,-0.0311000,-0.9469000
20240131,405,C,70.7200,70.7200,70.7200,70.7200,0,0,0.3012000,0.9848000,0.0000000,4.5376000,-0.0873000,24.9712000
20240131,405,P,0.1150,0.1150,0.1150,0.1150,0,0,0.2783000,-0.0096000,0.0000000,3.0749000,-0.0179000,-0.2952000
20240131,469,C,9.6800,9.6800,9.6800,9.6800,0,0,0.1206000,0.6870000,0.0000000,42.1643000,-0.1565000,19.9189000
20240131,469,P,2.8750,2.8750,2.8750,2.8750,0,0,0.1188000,-0.3105000,0.0000000,42.0236000,-0.0867000,-9.4591000
20240131,501,C,0.1050,0.1050,0.1050,0.1050,0,0,0.1020000,0.0224000,0.0000000,6.3608000,-0.0156000,0.6651000
20240131,501,P,26.8200,26.8200,26.8200,26.8200,0,0,0.1907000,-0.8544000,0.0000000,27.1977000,-0.0499000,-27.2204000
20240131,330,C,145.3600,145.3600,145.3600,145.3600,0,0,0.5656000,0.9959000,0.0000000,1.4275000,-0.0651000,20.5983000
20240131,330,P,0.0250,0.0250,0.0250,0.0250,0,0,0.4882000,-0.0011000,0.0000000,0.4592000,-0.0047000,-0.0358000
20240131,426,C,49.8900,49.8900,49.8900,49.8900,0,0,0.2329000,0.9724000,0.0000000,7.5356000,-0.0979000,25.9134000
20240131,426,P,0.1850,0.1850,0.1850,0.1850,0,0,0.2148000,-0.0189000,0.0000000,5.5116000,-0.0244000,-0.5783000
20240131,458,C,18.8800,18.8800,18.8800,18.8800,0,0,0.1407000,0.8631000,0.0000000,26.0900000,-0.1366000,24.5994000
20240131,458,P,1.0950,1.0950,1.0950,1.0950,0,0,0.1372000,-0.1309000,0.0000000,25.3115000,-0.0663000,-3.9823000
20240131,490,C,0.7150,0.7150,0.7150,0.7150,0,0,0.0998000,0.1221000,0.0000000,24.1153000,-0.0606000,3.6062000
20240131,490,P,15.8200,15.8200,15.8200,15.8200,0,0,0.1318000,-0.8090000,0.0000000,32.4041000,-0.0348000,-25.1692000
20240131,415,C,60.7800,60.7800,60.7800,60.7800,0,0,0.2663000,0.9810000,0.0000000,5.4937000,-0.0906000,25.4844000
20240131,415,P,0.1350,0.1350,0.1350,0.1350,0,0,0.2460000,-0.0124000,0.0000000,3.8408000,-0.0196000,-0.3804000
20240131,447,C,29.2550,29.2550,29.2550,29.2550,0,0,0.1673000,0.9338000,0.0000000,15.2960000,-0.1158000,26.0600000
20240131,447,P,0.4650,0.4650,0.4650,0.4650,0,0,0.1585000,-0.0563000,0.0000000,13.4924000,-0.0425000,-1.7119000
20240131,479,C,3.6550,3.6550,3.6550,3.6550,0,0,0.1071000,0.4055000,0.0000000,46.1482000,-0.1349000,11.8872000
20240131,479,P,6.9900,6.9900,6.9900,6.9900,0,0,0.1094000,-0.5922000,0.0000000,46.2113000,-0.0681000,-18.1353000
20240131,340,C,135.4050,135.4050,135.4050,135.4050,0,0,0.5273000,0.9953000,0.0000000,1.5994000,-0.0673000,21.2095000
20240131,340,P,0.0250,0.0250,0.0250,0.0250,0,0,0.4531000,-0.0013000,0.0000000,0.5110000,-0.0049000,-0.0402000
20240131,436,C,40.0000,40.0000,40.0000,40.0000,0,0,0.1994000,0.9614000,0.0000000,9.9497000,-0.1036000,26.2073000
20240131,436,P,0.2550,0.2550,0.2550,0.2550,0,0,0.1855000,-0.0289000,0.0000000,7.8554000,-0.0296000,-0.8797000
20240131,500,C,0.1250,0.1250,0.1250,0.1250,0,0,0.1015000,0.0264000,0.0000000,7.2817000,-0.0178000,0.7812000
20240131,500,P,25.8200,25.8200,25.8200,25.8200,0,0,0.1856000,-0.8515000,0.0000000,27.5647000,-0.0487000,-27.0697000
20240131,468,C,10.4350,10.4350,10.4350,10.4350,0,0,0.1221000,0.7093000,0.0000000,40.7881000,-0.1557000,20.5370000
20240131,468,P,2.6300,2.6300,2.6300,2.6300,0,0,0.1205000,-0.2882000,0.0000000,40.6302000,-0.0862000,-8.7793000
20240131,425,C,50.8800,50.8800,50.8800,50.8800,0,0,0.2360000,0.9734000,0.0000000,7.3259000,-0.0973000,25.8784000
20240131,425,P,0.1750,0.1750,0.1750,0.1750,0,0,0.2167000,-0.0178000,0.0000000,5.2315000,-0.0234000,-0.5440000
20240131,457,C,19.7900,19.7900,19.7900,19.7900,0,0,0.1428000,0.8728000,0.0000000,24.7946000,-0.1343000,24.8331000
20240131,457,P,1.0050,1.0050,1.0050,1.0050,0,0,0.1389000,-0.1207000,0.0000000,23.9204000,-0.0637000,-3.6719000
20240131,489,C,0.8550,0.8550,0.8550,0.8550,0,0,0.1004000,0.1409000,0.0000000,26.6201000,-0.0677000,4.1590000
20240131,489,P,14.8250,14.8250,14.8250,14.8250,0,0,0.1261000,-0.8026000,0.0000000,33.0613000,-0.0331000,-24.9150000
20240131,350,C,125.4450,125.4450,125.4450,125.4450,0,0,0.4892000,0.9947000,0.0000000,1.7883000,-0.0693000,21.8188000
20240131,350,P,0.0350,0.0350,0.0350,0.0350,0,0,0.4316000,-0.0019000,0.0000000,0.7350000,-0.0067000,-0.0599000
20240131,414,C,61.7700,61.7700,61.7700,61.7700,0,0,0.2690000,0.9818000,0.0000000,5.3172000,-0.0898000,25.4433000
20240131,414,P,0.1350,0.1350,0.1350,0.1350,0,0,0.2500000,-0.0123000,0.0000000,3.8032000,-0.0198000,-0.3762000
20240131,446,C,30.2150,30.2150,30.2150,30.2150,0,0,0.1695000,0.9380000,0.0000000,14.5320000,-0.1138000,26.1255000
20240131,446,P,0.4350,0.4350,0.4350,0.4350,0,0,0.1607000,-0.0525000,0.0000000,12.7691000,-0.0409000,-1.5968000
20240131,510,C,0.0350,0.0350,0.0350,0.0350,0,0,0.1123000,0.0071000,0.0000000,2.3545000,-0.0062000,0.2107000
20240131,510,P,35.8400,35.8400,35.8400,35.8400,0,0,0.2355000,-0.8740000,0.0000000,24.6370000,-0.0606000,-28.3732000
20240131,478,C,4.1100,4.1100,4.1100,4.1100,0,0,0.1082000,0.4366000,0.0000000,46.8861000,-0.1398000,12.7886000
20240131,478,P,6.4200,6.4200,6.4200,6.4200,0,0,0.1098000,-0.5622000,0.0000000,46.9065000,-0.0722000,-17.2037000
20240131,435,C,40.9650,40.9650,40.9650,40.9650,0,0,0.1999000,0.9648000,0.0000000,9.2370000,-0.1007000,26.2468000
20240131,435,P,0.2450,0.2450,0.2450,0.2450,0,0,0.1882000,-0.0274000,0.0000000,7.5296000,-0.0288000,-0.8362000
20240131,467,C,11.2100,11.2100,11.2100,11.2100,0,0,0.1240000,0.7298000,0.0000000,39.3651000,-0.1548000,21.1018000
20240131,467,P,2.4000,2.4000,2.4000,2.4000,0,0,0.1220000,-0.2669000,0.0000000,39.1325000,-0.0850000,-8.1276000
20240131,499,C,0.1450,0.1450,0.1450,0.1450,0,0,0.1005000,0.0303000,0.0000000,8.1678000,-0.0199000,0.8967000
20240131,499,P,24.8200,24.8200,24.8200,24.8200,0,0,0.1805000,-0.8484000,0.0000000,27.9459000,-0.0475000,-26.9143000
20240131,360,C,115.4950,115.4950,115.4950,115.4950,0,0,0.4570000,0.9935000,0.0000000,2.1521000,-0.0731000,22.4096000
20240131,360,P,0.0450,0.0450,0.0450,0.0450,0,0,0.4062000,-0.0026000,0.0000000,0.9825000,-0.0084000,-0.0824000
20240131,424,C,51.8500,51.8500,51.8500,51.8500,0,0,0.2363000,0.9756000,0.0000000,6.8051000,-0.0947000,25.8843000
20240131,424,P,0.1750,0.1750,0.1750,0.1750,0,0,0.2207000,-0.0175000,0.0000000,5.1625000,-0.0235000,-0.5357000
20240131,456,C,20.7350,20.7350,20.7350,20.7350,0,0,0.1458000,0.8804000,0.0000000,23.7484000,-0.1329000,25.0007000
20240131,456,P,0.9250,0.9250,0.9250,0.9250,0,0,0.1408000,-0.1116000,0.0000000,22.6224000,-0.0614000,-3.3941000
20240131,520,C,0.0150,0.0150,0.0150,0.0150,0,0,0.1250000,0.0024000,0.0000000,0.8956000,-0.0025000,0.0715000
20240131,520,P,45.8350,45.8350,45.8350,45.8350,0,0,0.2813000,-0.8894000,0.0000000,22.4629000,-0.0693000,-29.4638000
20240131,488,C,1.0100,1.0100,1.0100,1.0100,0,0,0.1009000,0.1611000,0.0000000,29.0959000,-0.0748000,4.7512000
20240131,488,P,13.8750,13.8750,13.8750,13.8750,0,0,0.1217000,-0.7926000,0.0000000,34.0438000,-0.0334000,-24.5591000
20240131,413,C,62.7700,62.7700,62.7700,62.7700,0,0,0.2739000,0.9817000,0.0000000,5.3274000,-0.0903000,25.3789000
20240131,413,P,0.1350,0.1350,0.1350,0.1350,0,0,0.2539000,-0.0121000,0.0000000,3.7662000,-0.0199000,-0.3721000
20240131,445,C,31.1850,31.1850,31.1850,31.1850,0,0,0.1722000,0.9414000,0.0000000,13.9008000,-0.1124000,26.1664000
20240131,445,P,0.4150,0.4150,0.4150,0.4150,0,0,0.1635000,-0.0496000,0.0000000,12.2069000,-0.0399000,-1.5092000
20240131,477,C,4.6000,4.6000,4.6000,4.6000,0,0,0.1092000,0.4676000,0.0000000,47.3290000,-0.1439000,13.6822000
20240131,477,P,5.8700,5.8700,5.8700,5.8700,0,0,0.1099000,-0.5320000,0.0000000,47.3318000,-0.0756000,-16.2684000
20240131,370,C,105.5400,105.5400,105.5400,105.5400,0,0,0.4233000,0.9922000,0.0000000,2.5468000,-0.0765000,22.9961000
20240131,370,P,0.0550,0.0550,0.0550,0.0550,0,0,0.3789000,-0.0035000,0.0000000,1.2716000,-0.0102000,-0.1096000
20240131,434,C,41.9500,41.9500,41.9500,41.9500,0,0,0.2033000,0.9660000,0.0000000,8.9801000,-0.1002000,26.2199000
20240131,434,P,0.2350,0.2350,0.2350,0.2350,0,0,0.1909000,-0.0261000,0.0000000,7.2208000,-0.0281000,-0.7954000
20240131,466,C,12.0050,12.0050,12.0050,12.0050,0,0,0.1256000,0.7494000,0.0000000,37.8681000,-0.1534000,21.6369000
20240131,466,P,2.1950,2.1950,2.1950,2.1950,0,0,0.1234000,-0.2469000,0.0000000,37.5760000,-0.0835000,-7.5160000
20240131,498,C,0.1750,0.1750,0.1750,0.1750,0,0,0.1005000,0.0361000,0.0000000,9.4509000,-0.0231000,1.0703000
20240131,498,P,23.8200,23.8200,23.8200,23.8200,0,0,0.1753000,-0.8451000,0.0000000,28.3427000,-0.0462000,-26.7539000
20240131,530,C,0.0150,0.0150,0.0150,0.0150,0,0,0.1484000,0.0019000,0.0000000,0.7531000,-0.0025000,0.0589000
20240131,530,P,55.8350,55.8350,55.8350,55.8350,0,0,0.3251000,-0.9000000,0.0000000,20.8768000,-0.0773000,-30.4117000
20240131,423,C,52.8400,52.8400,52.8400,52.8400,0,0,0.2395000,0.9764000,0.0000000,6.6199000,-0.0941000,25.8454000
20240131,423,P,0.1650,0.1650,0.1650,0.1650,0,0,0.2226000,-0.0165000,0.0000000,4.9039000,-0.0225000,-0.5045000
20240131,455,C,21.6550,21.6550,21.6550,21.6550,0,0,0.1478000,0.8889000,0.0000000,22.5381000,-0.1305000,25.1960000
20240131,455,P,0.8550,0.8550,0.8550,0.8550,0,0,0.1428000,-0.1034000,0.0000000,21.4062000,-0.0592000,-3.1435000
20240131,487,C,1.1850,1.1850,1.1850,1.1850,0,0,0.1011000,0.1821000,0.0000000,31.4682000,-0.0815000,5.3687000
20240131,487,P,12.9550,12.9550,12.9550,12.9550,0,0,0.1181000,-0.7801000,0.0000000,35.2256000,-0.0347000,-24.1276000
20240131,380,C,95.5850,95.5850,95.5850,95.5850,0,0,0.3857000,0.9910000,0.0000000,2.8675000,-0.0785000,23.5901000
20240131,380,P,0.0650,0.0650,0.0650,0.0650,0,0,0.3486000,-0.0045000,0.0000000,1.5679000,-0.0115000,-0.1383000
20240131,412,C,63.7600,63.7600,63.7600,63.7600,0,0,0.2766000,0.9824000,0.0000000,5.1593000,-0.0895000,25.3367000
20240131,412,P,0.1250,0.1250,0.1250,0.1250,0,0,0.2548000,-0.0112000,0.0000000,3.5226000,-0.0187000,-0.3445000
20240131,444,C,32.1550,32.1550,32.1550,32.1550,0,0,0.1748000,0.9447000,0.0000000,13.2792000,-0.1109000,26.2040000
20240131,444,P,0.3850,0.3850,0.3850,0.3850,0,0,0.1655000,-0.0461000,0.0000000,11.5120000,-0.0381000,-1.4027000
20240131,476,C,5.1250,5.1250,5.1250,5.1250,0,0,0.1102000,0.4982000,0.0000000,47.4851000,-0.1474000,14.5642000
20240131,476,P,5.3800,5.3800,5.3800,5.3800,0,0,0.1107000,-0.5017000,0.0000000,47.4851000,-0.0789000,-15.3299000
20240131,540,P,65.8100,65.8100,65.8100,65.8100,0,0,0.3660000,-0.9086000,0.0000000,19.5489000,-0.0833000,-31.2957000
20240131,433,C,42.9400,42.9400,42.9400,42.9400,0,0,0.2067000,0.9671000,0.0000000,8.7346000,-0.0997000,26.1912000
20240131,433,P,0.2250,0.2250,0.2250,0.2250,0,0,0.1936000,-0.0248000,0.0000000,6.9280000,-0.0274000,-0.7571000
20240131,465,C,12.8150,12.8150,12.8150,12.8150,0,0,0.1273000,0.7677000,0.0000000,36.3422000,-0.1517000,22.1316000
20240131,465,P,2.0100,2.0100,2.0100,2.0100,0,0,0.1252000,-0.2286000,0.0000000,36.0239000,-0.0820000,-6.9585000
20240131,497,C,0.2050,0.2050,0.2050,0.2050,0,0,0.0998000,0.0418000,0.0000000,10.6330000,-0.0259000,1.2367000
20240131,497,P,22.8200,22.8200,22.8200,22.8200,0,0,0.1701000,-0.8417000,0.0000000,28.7570000,-0.0449000,-26.5878000
20240131,390,C,85.6400,85.6400,85.6400,85.6400,0,0,0.3540000,0.9887000,0.0000000,3.5203000,-0.0828000,24.1459000
20240131,390,P,0.0850,0.0850,0.0850,0.0850,0,0,0.3222000,-0.0062000,0.0000000,2.0996000,-0.0142000,-0.1918000
20240131,422,C,53.8300,53.8300,53.8300,53.8300,0,0,0.2426000,0.9771000,0.0000000,6.4419000,-0.0935000,25.8054000
20240131,422,P,0.1650,0.1650,0.1650,0.1650,0,0,0.2265000,-0.0163000,0.0000000,4.8430000,-0.0227000,-0.4974000
20240131,454,C,22.5900,22.5900,22.5900,22.5900,0,0,0.1503000,0.8959000,0.0000000,21.4980000,-0.1288000,25.3475000
20240131,454,P,0.7850,0.7850,0.7850,0.7850,0,0,0.1445000,-0.0953000,0.0000000,20.1734000,-0.0566000,-2.8983000
20240131,486,C,1.3900,1.3900,1.3900,1.3900,0,0,0.1018000,0.2060000,0.0000000,33.9261000,-0.0891000,6.0703000
20240131,486,P,12.0700,12.0700,12.0700,12.0700,0,0,0.1152000,-0.7646000,0.0000000,36.6070000,-0.0372000,-23.6080000
20240131,411,C,64.7750,64.7750,64.7750,64.7750,0,0,0.2832000,0.9818000,0.0000000,5.3045000,-0.0909000,25.2557000
20240131,411,P,0.1250,0.1250,0.1250,0.1250,0,0,0.2587000,-0.0111000,0.0000000,3.4910000,-0.0188000,-0.3410000
20240131,443,C,33.1300,33.1300,33.1300,33.1300,0,0,0.1781000,0.9471000,0.0000000,12.8238000,-0.1101000,26.2133000
20240131,443,P,0.3650,0.3650,0.3650,0.3650,0,0,0.1679000,-0.0433000,0.0000000,10.9473000,-0.0369000,-1.3178000
20240131,475,C,5.6900,5.6900,5.6900,5.6900,0,0,0.1117000,0.5282000,0.0000000,47.3661000,-0.1506000,15.4262000
20240131,475,P,4.9300,4.9300,4.9300,4.9300,0,0,0.1116000,-0.4717000,0.0000000,47.3660000,-0.0817000,-14.4048000
20240131,432,C,43.9500,43.9500,43.9500,43.9500,0,0,0.2126000,0.9666000,0.0000000,8.8304000,-0.1011000,26.1144000
20240131,432,P,0.2250,0.2250,0.2250,0.2250,0,0,0.1975000,-0.0243000,0.0000000,6.8091000,-0.0275000,-0.7419000
20240131,400,C,75.6900,75.6900,75.6900,75.6900,0,0,0.3183000,0.9864000,0.0000000,4.1274000,-0.0856000,24.7050000
20240131,400,P,0.1050,0.1050,0.1050,0.1050,0,0,0.2934000,-0.0083000,0.0000000,2.7212000,-0.0167000,-0.2570000
20240131,464,C,13.6400,13.6400,13.6400,13.6400,0,0,0.1292000,0.7844000,0.0000000,34.8262000,-0.1500000,22.5805000
20240131,464,P,1.8350,1.8350,1.8350,1.8350,0,0,0.1266000,-0.2109000,0.0000000,34.3954000,-0.0798000,-6.4183000
20240131,496,C,0.2450,0.2450,0.2450,0.2450,0,0,0.0996000,0.0490000,0.0000000,12.0971000,-0.0295000,1.4515000
20240131,496,P,21.8200,21.8200,21.8200,21.8200,0,0,0.1648000,-0.8379000,0.0000000,29.2018000,-0.0436000,-26.4125000
20240131,421,C,54.8200,54.8200,54.8200,54.8200,0,0,0.2456000,0.9780000,0.0000000,6.2463000,-0.0928000,25.7675000
20240131,421,P,0.1550,0.1550,0.1550,0.1550,0,0,0.2280000,-0.0151000,0.0000000,4.5591000,-0.0215000,-0.4635000
20240131,453,C,23.5150,23.5150,23.5150,23.5150,0,0,0.1518000,0.9040000,0.0000000,20.2651000,-0.1258000,25.5309000
20240131,453,P,0.7250,0.7250,0.7250,0.7250,0,0,0.1463000,-0.0880000,0.0000000,19.0237000,-0.0543000,-2.6775000
20240131,485,C,1.6150,1.6150,1.6150,1.6150,0,0,0.1021000,0.2304000,0.0000000,36.1864000,-0.0960000,6.7855000
20240131,485,P,11.2200,11.2200,11.2200,11.2200,0,0,0.1129000,-0.7468000,0.0000000,38.0780000,-0.0403000,-23.0213000
20240131,410,C,65.7500,65.7500,65.7500,65.7500,0,0,0.2839000,0.9831000,0.0000000,4.9904000,-0.0890000,25.2314000
20240131,410,P,0.1250,0.1250,0.1250,0.1250,0,0,0.2626000,-0.0110000,0.0000000,3.4597000,-0.0189000,-0.3376000
20240131,442,C,34.1050,34.1050,34.1050,34.1050,0,0,0.1804000,0.9503000,0.0000000,12.2172000,-0.1085000,26.2454000
20240131,442,P,0.3450,0.3450,0.3450,0.3450,0,0,0.1704000,-0.0407000,0.0000000,10.4143000,-0.0357000,-1.2391000
20240131,474,C,6.2800,6.2800,6.2800,6.2800,0,0,0.1130000,0.5575000,0.0000000,46.9907000,-0.1530000,16.2632000
20240131,474,P,4.5100,4.5100,4.5100,4.5100,0,0,0.1126000,-0.4423000,0.0000000,46.9881000,-0.0839000,-13.4999000
20240131,335,C,140.3800,140.3800,140.3800,140.3800,0,0,0.5468000,0.9956000,0.0000000,1.5190000,-0.0663000,20.9034000
20240131,335,P,0.0250,0.0250,0.0250,0.0250,0,0,0.4687000,-0.0011000,0.0000000,0.4675000,-0.0046000,-0.0365000
20240131,431,C,44.9150,44.9150,44.9150,44.9150,0,0,0.2124000,0.9699000,0.0000000,8.1148000,-0.0978000,26.1507000
20240131,431,P,0.2150,0.2150,0.2150,0.2150,0,0,0.2001000,-0.0232000,0.0000000,6.5401000,-0.0268000,-0.7073000
20240131,463,C,14.4850,14.4850,14.4850,14.4850,0,0,0.1309000,0.8004000,0.0000000,33.2781000,-0.1478000,23.0044000
20240131,463,P,1.6800,1.6800,1.6800,1.6800,0,0,0.1284000,-0.1951000,0.0000000,32.8338000,-0.0779000,-5.9371000
20240131,495,C,0.2950,0.2950,0.2950,0.2950,0,0,0.0996000,0.0578000,0.0000000,13.7795000,-0.0337000,1.7103000
20240131,495,P,20.8200,20.8200,20.8200,20.8200,0,0,0.1594000,-0.8340000,0.0000000,29.6575000,-0.0422000,-26.2324000
20240131,420,C,55.8400,55.8400,55.8400,55.8400,0,0,0.2534000,0.9767000,0.0000000,6.5379000,-0.0952000,25.6666000
20240131,420,P,0.1550,0.1550,0.1550,0.1550,0,0,0.2319000,-0.0149000,0.0000000,4.5065000,-0.0216000,-0.4574000
20240131,452,C,24.4700,24.4700,24.4700,24.4700,0,0,0.1550000,0.9092000,0.0000000,19.4559000,-0.1247000,25.6243000
20240131,452,P,0.6750,0.6750,0.6750,0.6750,0,0,0.1485000,-0.0819000,0.0000000,18.0123000,-0.0524000,-2.4893000
20240131,484,C,1.8800,1.8800,1.8800,1.8800,0,0,0.1030000,0.2576000,0.0000000,38.4259000,-0.1036000,7.5792000
20240131,484,P,10.4350,10.4350,10.4350,10.4350,0,0,0.1116000,-0.7252000,0.0000000,39.6997000,-0.0448000,-22.3266000
20240131,345,C,130.4250,130.4250,130.4250,130.4250,0,0,0.5085000,0.9950000,0.0000000,1.6982000,-0.0684000,21.5137000
20240131,345,P,0.0350,0.0350,0.0350,0.0350,0,0,0.4492000,-0.0018000,0.0000000,0.6957000,-0.0066000,-0.0564000
20240131,409,C,66.7400,66.7400,66.7400,66.7400,0,0,0.2866000,0.9837000,0.0000000,4.8363000,-0.0882000,25.1871000
20240131,409,P,0.1250,0.1250,0.1250,0.1250,0,0,0.2661000,-0.0108000,0.0000000,3.3967000,-0.0188000,-0.3306000
20240131,441,C,35.0650,35.0650,35.0650,35.0650,0,0,0.1817000,0.9540000,0.0000000,11.4711000,-0.1060000,26.2973000
20240131,441,P,0.3250,0.3250,0.3250,0.3250,0,0,0.1726000,-0.0381000,0.0000000,9.8682000,-0.0343000,-1.1598000
20240131,505,C,0.0650,0.0650,0.0650,0.0650,0,0,0.1069000,0.0136000,0.0000000,4.1429000,-0.0105000,0.4025000
20240131,505,P,30.8400,30.8400,30.8400,30.8400,0,0,0.2114000,-0.8637000,0.0000000,26.0072000,-0.0554000,-27.7514000
20240131,473,C,6.9050,6.9050,6.9050,6.9050,0,0,0.1143000,0.5858000,0.0000000,46.3807000,-0.1547000,17.0711000
20240131,473,P,4.1200,4.1200,4.1200,4.1200,0,0,0.1137000,-0.4136000,0.0000000,46.3700000,-0.0854000,-12.6205000
20240131,430,C,45.9050,45.9050,45.9050,45.9050,0,0,0.2158000,0.9708000,0.0000000,7.9039000,-0.0973000,26.1164000
20240131,430,P,0.2050,0.2050,0.2050,0.2050,0,0,0.2026000,-0.0220000,0.0000000,6.2547000,-0.0260000,-0.6709000
20240131,462,C,15.3400,15.3400,15.3400,15.3400,0,0,0.1329000,0.8148000,0.0000000,31.7933000,-0.1458000,23.3789000
20240131,462,P,1.5400,1.5400,1.5400,1.5400,0,0,0.1301000,-0.1802000,0.0000000,31.2624000,-0.0758000,-5.4832000
20240131,494,C,0.3550,0.3550,0.3550,0.3550,0,0,0.0996000,0.0678000,0.0000000,15.5979000,-0.0384000,2.0045000
20240131,494,P,19.8200,19.8200,19.8200,19.8200,0,0,0.1541000,-0.8297000,0.0000000,30.1488000,-0.0408000,-26.0412000
20240131,355,C,120.4700,120.4700,120.4700,120.4700,0,0,0.4755000,0.9940000,0.0000000,2.0233000,-0.0719000,22.1087000
20240131,355,P,0.0450,0.0450,0.0450,0.0450,0,0,0.4257000,-0.0026000,0.0000000,0.9611000,-0.0087000,-0.0806000
20240131,419,C,56.8100,56.8100,56.8100,56.8100,0,0,0.2531000,0.9788000,0.0000000,6.0402000,-0.0925000,25.6677000
20240131,419,P,0.1550,0.1550,0.1550,0.1550,0,0,0.2358000,-0.0147000,0.0000000,4.4549000,-0.0217000,-0.4515000
20240131,451,C,25.4150,25.4150,25.4150,25.4150,0,0,0.1569000,0.9155000,0.0000000,18.4270000,-0.1223000,25.7555000
20240131,451,P,0.6250,0.6250,0.6250,0.6250,0,0,0.1505000,-0.0758000,0.0000000,16.9976000,-0.0502000,-2.3059000
20240131,515,C,0.0250,0.0250,0.0250,0.0250,0,0,0.1201000,0.0044000,0.0000000,1.5612000,-0.0043000,0.1326000
20240131,515,P,40.8350,40.8350,40.8350,40.8350,0,0,0.2586000,-0.8826000,0.0000000,23.4357000,-0.0649000,-28.9461000
20240131,483,C,2.1700,2.1700,2.1700,2.1700,0,0,0.1038000,0.2855000,0.0000000,40.4448000,-0.1106000,8.3940000
20240131,483,P,9.6550,9.6550,9.6550,9.6550,0,0,0.1102000,-0.7026000,0.0000000,41.2186000,-0.0488000,-21.6027000
20240131,525,C,0.0150,0.0150,0.0150,0.0150,0,0,0.1367000,0.0021000,0.0000000,0.8122000,-0.0025000,0.0641000
20240131,525,P,50.8350,50.8350,50.8350,50.8350,0,0,0.3034000,-0.8952000,0.0000000,21.6113000,-0.0734000,-29.9513000
20240131,408,C,67.7400,67.7400,67.7400,67.7400,0,0,0.2915000,0.9836000,0.0000000,4.8480000,-0.0887000,25.1227000
20240131,408,P,0.1150,0.1150,0.1150,0.1150,0,0,0.2670000,-0.0100000,0.0000000,3.1812000,-0.0177000,-0.3067000
20240131,440,C,36.0450,36.0450,36.0450,36.0450,0,0,0.1845000,0.9563000,0.0000000,11.0121000,-0.1049000,26.3035000
20240131,440,P,0.3050,0.3050,0.3050,0.3050,0,0,0.1748000,-0.0357000,0.0000000,9.3529000,-0.0330000,-1.0862000
20240131,472,C,7.5600,7.5600,7.5600,7.5600,0,0,0.1159000,0.6129000,0.0000000,45.5687000,-0.1560000,17.8386000
20240131,472,P,3.7700,3.7700,3.7700,3.7700,0,0,0.1149000,-0.3861000,0.0000000,45.5399000,-0.0866000,-11.7766000
20240131,365,C,110.5150,110.5150,110.5150,110.5150,0,0,0.4384000,0.9931000,0.0000000,2.2883000,-0.0742000,22.7095000
20240131,365,P,0.0550,0.0550,0.0550,0.0550,0,0,0.3964000,-0.0033000,0.0000000,1.1991000,-0.0100000,-0.1028000
20240131,429,C,46.8950,46.8950,46.8950,46.8950,0,0,0.2189000,0.9718000,0.0000000,7.6714000,-0.0967000,26.0847000
20240131,429,P,0.1950,0.1950,0.1950,0.1950,0,0,0.2048000,-0.0207000,0.0000000,5.9551000,-0.0250000,-0.6331000
20240131,461,C,16.2100,16.2100,16.2100,16.2100,0,0,0.1348000,0.8283000,0.0000000,30.3082000,-0.1436000,23.7287000
20240131,461,P,1.4100,1.4100,1.4100,1.4100,0,0,0.1318000,-0.1664000,0.0000000,29.7123000,-0.0735000,-5.0616000
20240131,493,C,0.4250,0.4250,0.4250,0.4250,0,0,0.0996000,0.0791000,0.0000000,17.5451000,-0.0433000,2.3370000
20240131,493,P,18.8200,18.8200,18.8200,18.8200,0,0,0.1486000,-0.8251000,0.0000000,30.6678000,-0.0394000,-25.8402000
20240131,535,P,60.8350,60.8350,60.8350,60.8350,0,0,0.3463000,-0.9043000,0.0000000,20.2264000,-0.0810000,-30.8529000
20240131,418,C,57.8000,57.8000,57.8000,57.8000,0,0,0.2561000,0.9795000,0.0000000,5.8623000,-0.0918000,25.6272000
20240131,418,P,0.1450,0.1450,0.1450,0.1450,0,0,0.2373000,-0.0138000,0.0000000,4.1988000,-0.0206000,-0.4215000
20240131,450,C,26.3700,26.3700,26.3700,26.3700,0,0,0.1597000,0.9204000,0.0000000,17.6277000,-0.1208000,25.8393000
20240131,450,P,0.5750,0.5750,0.5750,0.5750,0,0,0.1522000,-0.0699000,0.0000000,15.9803000,-0.0479000,-2.1271000
20240131,482,C,2.4900,2.4900,2.4900,2.4900,0,0,0.1045000,0.3143000,0.0000000,42.2487000,-0.1173000,9.2369000
20240131,482,P,8.9350,8.9350,8.9350,8.9350,0,0,0.1097000,-0.6770000,0.0000000,42.7293000,-0.0539000,-20.7921000
20240131,375,C,100.5650,100.5650,100.5650,100.5650,0,0,0.4042000,0.9917000,0.0000000,2.6932000,-0.0774000,23.2947000
20240131,375,P,0.0650,0.0650,0.0650,0.0650,0,0,0.3671000,-0.0042000,0.0000000,1.5025000,-0.0116000,-0.1320000
20240131,439,C,37.0250,37.0250,37.0250,37.0250,0,0,0.1875000,0.9583000,0.0000000,10.5965000,-0.1039000,26.3023000
20240131,439,P,0.2950,0.2950,0.2950,0.2950,0,0,0.1779000,-0.0342000,0.0000000,9.0270000,-0.0325000,-1.0405000
20240131,407,C,68.7300,68.7300,68.7300,68.7300,0,0,0.2939000,0.9843000,0.0000000,4.6832000,-0.0878000,25.0796000
20240131,407,P,0.1150,0.1150,0.1150,0.1150,0,0,0.2705000,-0.0098000,0.0000000,3.1253000,-0.0176000,-0.3006000
20240131,471,C,8.2400,8.2400,8.2400,8.2400,0,0,0.1174000,0.6390000,0.0000000,44.5730000,-0.1566000,18.5737000
20240131,471,P,3.4400,3.4400,3.4400,3.4400,0,0,0.1161000,-0.3596000,0.0000000,44.5156000,-0.0870000,-10.9626000
20240131,545,P,70.8100,70.8100,70.8100,70.8100,0,0,0.3864000,-0.9118000,0.0000000,19.0318000,-0.0866000,-31.7075000
20240131,428,C,47.8850,47.8850,47.8850,47.8850,0,0,0.2221000,0.9728000,0.0000000,7.4488000,-0.0961000,26.0515000
20240131,428,P,0.1950,0.1950,0.1950,0.1950,0,0,0.2087000,-0.0204000,0.0000000,5.8661000,-0.0251000,-0.6221000
20240131,460,C,17.0900,17.0900,17.0900,17.0900,0,0,0.1368000,0.8408000,0.0000000,28.8644000,-0.1413000,24.0459000
20240131,460,P,1.2950,1.2950,1.2950,1.2950,0,0,0.1335000,-0.1534000,0.0000000,28.1793000,-0.0710000,-4.6672000
20240131,492,C,0.5050,0.5050,0.5050,0.5050,0,0,0.0995000,0.0916000,0.0000000,19.5889000,-0.0486000,2.7064000
20240131,492,P,17.8200,17.8200,17.8200,17.8200,0,0,0.1431000,-0.8202000,0.0000000,31.2064000,-0.0379000,-25.6311000
20240131,385,C,90.6100,90.6100,90.6100,90.6100,0,0,0.3701000,0.9899000,0.0000000,3.1845000,-0.0807000,23.8693000
20240131,385,P,0.0750,0.0750,0.0750,0.0750,0,0,0.3359000,-0.0053000,0.0000000,1.8286000,-0.0129000,-0.1643000
20240131,417,C,58.8150,58.8150,58.8150,58.8150,0,0,0.2622000,0.9791000,0.0000000,5.9796000,-0.0930000,25.5492000
20240131,417,P,0.1450,0.1450,0.1450,0.1450,0,0,0.2412000,-0.0136000,0.0000000,4.1540000,-0.0208000,-0.4164000
20240131,449,C,27.3250,27.3250,27.3250,27.3250,0,0,0.1618000,0.9257000,0.0000000,16.7162000,-0.1187000,25.9398000
20240131,449,P,0.5350,0.5350,0.5350,0.5350,0,0,0.1542000,-0.0650000,0.0000000,15.0954000,-0.0460000,-1.9760000
20240131,481,C,2.8400,2.8400,2.8400,2.8400,0,0,0.1052000,0.3440000,0.0000000,43.8097000,-0.1235000,10.1011000
20240131,481,P,8.2450,8.2450,8.2450,8.2450,0,0,0.1092000,-0.6501000,0.0000000,44.0827000,-0.0586000,-19.9441000
20240131,438,C,38.0300,38.0300,38.0300,38.0300,0,0,0.1931000,0.9581000,0.0000000,10.6319000,-0.1051000,26.2335000
20240131,438,P,0.2850,0.2850,0.2850,0.2850,0,0,0.1809000,-0.0326000,0.0000000,8.6792000,-0.0318000,-0.9922000
20240131,406,C,69.7450,69.7450,69.7450,69.7450,0,0,0.3007000,0.9837000,0.0000000,4.8327000,-0.0893000,24.9985000
20240131,406,P,0.1150,0.1150,0.1150,0.1150,0,0,0.2744000,-0.0097000,0.0000000,3.1000000,-0.0178000,-0.2979000
20240131,470,C,8.9500,8.9500,8.9500,8.9500,0,0,0.1190000,0.6636000,0.0000000,43.4330000,-0.1569000,19.2647000
20240131,470,P,3.1500,3.1500,3.1500,3.1500,0,0,0.1176000,-0.3346000,0.0000000,43.3467000,-0.0873000,-10.1979000
20240131,502,C,0.0950,0.0950,0.0950,0.0950,0,0,0.1035000,0.0200000,0.0000000,5.7705000,-0.0143000,0.5928000
20240131,502,P,27.8200,27.8200,27.8200,27.8200,0,0,0.1958000,-0.8571000,0.0000000,26.8534000,-0.0511000,-27.3649000
20240131,427,C,48.8750,48.8750,48.8750,48.8750,0,0,0.2255000,0.9736000,0.0000000,7.2642000,-0.0956000,26.0130000
20240131,427,P,0.1850,0.1850,0.1850,0.1850,0,0,0.2109000,-0.0192000,0.0000000,5.5902000,-0.0242000,-0.5878000
20240131,395,C,80.6850,80.6850,80.6850,80.6850,0,0,0.3398000,0.9869000,0.0000000,4.0107000,-0.0859000,24.4038000
20240131,395,P,0.0950,0.0950,0.0950,0.0950,0,0,0.3085000,-0.0073000,0.0000000,2.4187000,-0.0157000,-0.2250000
20240131,459,C,17.9750,17.9750,17.9750,17.9750,0,0,0.1383000,0.8531000,0.0000000,27.3669000,-0.1385000,24.3577000
20240131,459,P,1.1850,1.1850,1.1850,1.1850,0,0,0.1351000,-0.1414000,0.0000000,26.6828000,-0.0684000,-4.3017000
20240131,491,C,0.6050,0.6050,0.6050,0.6050,0,0,0.0998000,0.1064000,0.0000000,21.8643000,-0.0547000,3.1438000
20240131,491,P,16.8200,16.8200,16.8200,16.8200,0,0,0.1375000,-0.8148000,0.0000000,31.7914000,-0.0364000,-25.4061000
20240202,448,C,28.7250,28.7250,28.7250,28.7250,0,0,0.1751000,0.9099000,0.0000000,20.1552000,-0.1292000,27.5866000
20240202,448,P,0.6250,0.6250,0.6250,0.6250,0,0,0.1586000,-0.0700000,0.0000000,16.6737000,-0.0479000,-2.3179000
20240202,480,C,3.7450,3.7450,3.7450,3.7450,0,0,0.1115000,0.3899000,0.0000000,47.6115000,-0.1325000,12.4086000
20240202,480,P,7.8750,7.8750,7.8750,7.8750,0,0,0.1124000,-0.6091000,0.0000000,47.6437000,-0.0639000,-20.3213000
20240202,405,C,71.0000,71.0000,71.0000,71.0000,0,0,0.3173000,0.9763000,0.0000000,6.9222000,-0.1009000,26.8463000
20240202,405,P,0.1350,0.1350,0.1350,0.1350,0,0,0.2734000,-0.0110000,0.0000000,3.5969000,-0.0188000,-0.3665000
20240202,469,C,10.2800,10.2800,10.2800,10.2800,0,0,0.1271000,0.6755000,0.0000000,44.6341000,-0.1586000,21.2353000
20240202,469,P,3.2100,3.2100,3.2100,3.2100,0,0,0.1227000,-0.3190000,0.0000000,44.3206000,-0.0863000,-10.5805000
20240202,458,C,19.4100,19.4100,19.4100,19.4100,0,0,0.1495000,0.8411000,0.0000000,30.0551000,-0.1450000,25.9880000
20240202,458,P,1.3150,1.3150,1.3150,1.3150,0,0,0.1403000,-0.1441000,0.0000000,28.1752000,-0.0689000,-4.7720000
20240202,490,C,0.9550,0.9550,0.9550,0.9550,0,0,0.1040000,0.1448000,0.0000000,28.2692000,-0.0686000,4.6404000
20240202,490,P,15.8250,15.8250,15.8250,15.8250,0,0,0.1298000,-0.8001000,0.0000000,34.7279000,-0.0327000,-27.0699000
20240202,415,C,61.0700,61.0700,61.0700,61.0700,0,0,0.2805000,0.9714000,0.0000000,8.1150000,-0.1036000,27.3657000
20240202,415,P,0.1650,0.1650,0.1650,0.1650,0,0,0.2436000,-0.0146000,0.0000000,4.6078000,-0.0214000,-0.4870000
20240202,447,C,29.6550,29.6550,29.6550,29.6550,0,0,0.1765000,0.9160000,0.0000000,19.1265000,-0.1264000,27.7210000
20240202,447,P,0.5850,0.5850,0.5850,0.5850,0,0,0.1606000,-0.0653000,0.0000000,15.8076000,-0.0461000,-2.1633000
20240202,479,C,4.1900,4.1900,4.1900,4.1900,0,0,0.1127000,0.4186000,0.0000000,48.4735000,-0.1375000,13.3087000
20240202,479,P,7.2850,7.2850,7.2850,7.2850,0,0,0.1127000,-0.5814000,0.0000000,48.4728000,-0.0681000,-19.3810000
20240202,500,C,0.1850,0.1850,0.1850,0.1850,0,0,0.1037000,0.0354000,0.0000000,9.6956000,-0.0225000,1.1398000
20240202,500,P,25.8400,25.8400,25.8400,25.8400,0,0,0.1829000,-0.8432000,0.0000000,29.7958000,-0.0471000,-29.1549000
20240202,468,C,11.0300,11.0300,11.0300,11.0300,0,0,0.1289000,0.6958000,0.0000000,43.4127000,-0.1584000,21.8446000
20240202,468,P,2.9500,2.9500,2.9500,2.9500,0,0,0.1241000,-0.2975000,0.0000000,42.9873000,-0.0857000,-9.8660000
20240202,467.5,C,11.4100,11.4100,11.4100,11.4100,0,0,0.1298000,0.7057000,0.0000000,42.7703000,-0.1580000,22.1378000
20240202,467.5,P,2.8300,2.8300,2.8300,2.8300,0,0,0.1248000,-0.2873000,0.0000000,42.2934000,-0.0853000,-9.5253000
20240202,425,C,51.1700,51.1700,51.1700,51.1700,0,0,0.2458000,0.9632000,0.0000000,9.9715000,-0.1080000,27.7802000
20240202,425,P,0.2150,0.2150,0.2150,0.2150,0,0,0.2153000,-0.0209000,0.0000000,6.2389000,-0.0253000,-0.6934000
20240202,457,C,20.3300,20.3300,20.3300,20.3300,0,0,0.1525000,0.8496000,0.0000000,28.9763000,-0.1440000,26.2026000
20240202,457,P,1.2150,1.2150,1.2150,1.2150,0,0,0.1420000,-0.1338000,0.0000000,26.7903000,-0.0667000,-4.4310000
20240202,489,C,1.1200,1.1200,1.1200,1.1200,0,0,0.1048000,0.1645000,0.0000000,30.7492000,-0.0756000,5.2671000
20240202,489,P,14.8750,14.8750,14.8750,14.8750,0,0,0.1256000,-0.7908000,0.0000000,35.6805000,-0.0329000,-26.7028000
20240202,350,C,125.6800,125.6800,125.6800,125.6800,0,0,0.5234000,0.9895000,0.0000000,3.4232000,-0.0858000,23.5312000
20240202,350,P,0.0450,0.0450,0.0450,0.0450,0,0,0.4257000,-0.0024000,0.0000000,0.9466000,-0.0078000,-0.0823000
20240202,478,C,4.6700,4.6700,4.6700,4.6700,0,0,0.1139000,0.4471000,0.0000000,49.0721000,-0.1420000,14.2026000
20240202,478,P,6.7250,6.7250,6.7250,6.7250,0,0,0.1130000,-0.5533000,0.0000000,49.0638000,-0.0718000,-18.4315000
20240202,510,C,0.0450,0.0450,0.0450,0.0450,0,0,0.1108000,0.0088000,0.0000000,2.9759000,-0.0072000,0.2850000
20240202,510,P,35.8400,35.8400,35.8400,35.8400,0,0,0.2309000,-0.8675000,0.0000000,26.5961000,-0.0577000,-30.6296000
20240202,477.5,C,4.9150,4.9150,4.9150,4.9150,0,0,0.1143000,0.4612000,0.0000000,49.2732000,-0.1438000,14.6434000
20240202,477.5,P,6.4450,6.4450,6.4450,6.4450,0,0,0.1130000,-0.5393000,0.0000000,49.2659000,-0.0732000,-17.9581000
20240202,435,C,41.3000,41.3000,41.3000,41.3000,0,0,0.2114000,0.9506000,0.0000000,12.6570000,-0.1130000,28.0472000
20240202,435,P,0.3050,0.3050,0.3050,0.3050,0,0,0.1882000,-0.0322000,0.0000000,8.9650000,-0.0314000,-1.0680000
20240202,467,C,11.8000,11.8000,11.8000,11.8000,0,0,0.1308000,0.7150000,0.0000000,42.1266000,-0.1578000,22.4149000
20240202,467,P,2.7200,2.7200,2.7200,2.7200,0,0,0.1257000,-0.2775000,0.0000000,41.5980000,-0.0850000,-9.2017000
20240202,360,C,115.7350,115.7350,115.7350,115.7350,0,0,0.4843000,0.9882000,0.0000000,3.8071000,-0.0882000,24.1688000
20240202,360,P,0.0550,0.0550,0.0550,0.0550,0,0,0.3984000,-0.0031000,0.0000000,1.1963000,-0.0093000,-0.1066000
20240202,456,C,21.2400,21.2400,21.2400,21.2400,0,0,0.1549000,0.8585000,0.0000000,27.8163000,-0.1423000,26.4282000
20240202,456,P,1.1250,1.1250,1.1250,1.1250,0,0,0.1438000,-0.1244000,0.0000000,25.4610000,-0.0645000,-4.1171000
20240202,488,C,1.3000,1.3000,1.3000,1.3000,0,0,0.1052000,0.1845000,0.0000000,33.0755000,-0.0821000,5.9049000
20240202,488,P,13.9450,13.9450,13.9450,13.9450,0,0,0.1218000,-0.7797000,0.0000000,36.7638000,-0.0337000,-26.2804000
20240202,520,C,0.0250,0.0250,0.0250,0.0250,0,0,0.1269000,0.0040000,0.0000000,1.4750000,-0.0040000,0.1290000
20240202,520,P,45.8400,45.8400,45.8400,45.8400,0,0,0.2759000,-0.8831000,0.0000000,24.3551000,-0.0668000,-31.8236000
20240202,487.5,C,1.4000,1.4000,1.4000,1.4000,0,0,0.1055000,0.1953000,0.0000000,34.2519000,-0.0855000,6.2486000
20240202,487.5,P,13.4950,13.4950,13.4950,13.4950,0,0,0.1203000,-0.7731000,0.0000000,37.3888000,-0.0346000,-26.0345000
20240202,445,C,31.5800,31.5800,31.5800,31.5800,0,0,0.1826000,0.9234000,0.0000000,17.8474000,-0.1242000,27.8272000
20240202,445,P,0.5150,0.5150,0.5150,0.5150,0,0,0.1649000,-0.0574000,0.0000000,14.2793000,-0.0430000,-1.8994000
20240202,477,C,5.1750,5.1750,5.1750,5.1750,0,0,0.1150000,0.4753000,0.0000000,49.4127000,-0.1457000,15.0846000
20240202,477,P,6.1950,6.1950,6.1950,6.1950,0,0,0.1134000,-0.5251000,0.0000000,49.4087000,-0.0749000,-17.4792000
20240202,370,C,105.7850,105.7850,105.7850,105.7850,0,0,0.4453000,0.9867000,0.0000000,4.2308000,-0.0903000,24.8009000
20240202,370,P,0.0650,0.0650,0.0650,0.0650,0,0,0.3710000,-0.0041000,0.0000000,1.5170000,-0.0109000,-0.1387000
20240202,466,C,12.5850,12.5850,12.5850,12.5850,0,0,0.1325000,0.7334000,0.0000000,40.7642000,-0.1567000,22.9601000
20240202,466,P,2.5000,2.5000,2.5000,2.5000,0,0,0.1271000,-0.2583000,0.0000000,40.1239000,-0.0838000,-8.5632000
20240202,530,C,0.0150,0.0150,0.0150,0.0150,0,0,0.1406000,0.0018000,0.0000000,0.7232000,-0.0021000,0.0585000
20240202,530,P,55.8350,55.8350,55.8350,55.8350,0,0,0.3181000,-0.8946000,0.0000000,22.6255000,-0.0741000,-32.8786000
20240202,455,C,22.1500,22.1500,22.1500,22.1500,0,0,0.1571000,0.8670000,0.0000000,26.6567000,-0.1403000,26.6435000
20240202,455,P,1.0350,1.0350,1.0350,1.0350,0,0,0.1453000,-0.1152000,0.0000000,24.1202000,-0.0620000,-3.8126000
20240202,487,C,1.5100,1.5100,1.5100,1.5100,0,0,0.1058000,0.2066000,0.0000000,35.4225000,-0.0890000,6.6066000
20240202,487,P,13.0500,13.0500,13.0500,13.0500,0,0,0.1188000,-0.7659000,0.0000000,38.0497000,-0.0357000,-25.7697000
20240202,380,C,95.8450,95.8450,95.8450,95.8450,0,0,0.4086000,0.9845000,0.0000000,4.8306000,-0.0934000,25.4100000
20240202,380,P,0.0850,0.0850,0.0850,0.0850,0,0,0.3457000,-0.0056000,0.0000000,2.0045000,-0.0134000,-0.1893000
20240202,476,C,5.7150,5.7150,5.7150,5.7150,0,0,0.1163000,0.5032000,0.0000000,49.5054000,-0.1490000,15.9534000
20240202,476,P,5.7150,5.7150,5.7150,5.7150,0,0,0.1142000,-0.4969000,0.0000000,49.5056000,-0.0780000,-16.5291000
20240202,540,P,65.8100,65.8100,65.8100,65.8100,0,0,0.3580000,-0.9035000,0.0000000,21.2176000,-0.0800000,-33.8508000
20240202,465,C,13.3850,13.3850,13.3850,13.3850,0,0,0.1343000,0.7506000,0.0000000,39.3819000,-0.1556000,23.4620000
20240202,465,P,2.3000,2.3000,2.3000,2.3000,0,0,0.1286000,-0.2404000,0.0000000,38.6146000,-0.0824000,-7.9656000
20240202,390,C,85.9000,85.9000,85.9000,85.9000,0,0,0.3720000,0.9818000,0.0000000,5.5399000,-0.0964000,26.0033000
20240202,390,P,0.0950,0.0950,0.0950,0.0950,0,0,0.3144000,-0.0069000,0.0000000,2.4024000,-0.0146000,-0.2318000
20240202,454,C,23.0850,23.0850,23.0850,23.0850,0,0,0.1597000,0.8743000,0.0000000,25.6343000,-0.1388000,26.8167000
20240202,454,P,0.9650,0.9650,0.9650,0.9650,0,0,0.1474000,-0.1075000,0.0000000,22.9529000,-0.0601000,-3.5573000
20240202,486,C,1.7400,1.7400,1.7400,1.7400,0,0,0.1065000,0.2297000,0.0000000,37.6588000,-0.0958000,7.3425000
20240202,486,P,12.1900,12.1900,12.1900,12.1900,0,0,0.1164000,-0.7498000,0.0000000,39.4484000,-0.0383000,-25.1877000
20240202,475,C,6.2850,6.2850,6.2850,6.2850,0,0,0.1177000,0.5305000,0.0000000,49.3617000,-0.1518000,16.8013000
20240202,475,P,5.2650,5.2650,5.2650,5.2650,0,0,0.1151000,-0.4690000,0.0000000,49.3578000,-0.0805000,-15.5931000
20240202,400,C,75.9650,75.9650,75.9650,75.9650,0,0,0.3347000,0.9786000,0.0000000,6.3438000,-0.0989000,26.5820000
20240202,400,P,0.1150,0.1150,0.1150,0.1150,0,0,0.2851000,-0.0090000,0.0000000,3.0182000,-0.0165000,-0.2999000
20240202,464,C,14.2000,14.2000,14.2000,14.2000,0,0,0.1362000,0.7666000,0.0000000,37.9879000,-0.1543000,23.9256000
20240202,464,P,2.1200,2.1200,2.1200,2.1200,0,0,0.1302000,-0.2236000,0.0000000,37.0949000,-0.0808000,-7.4101000
20240202,453,C,24.0000,24.0000,24.0000,24.0000,0,0,0.1619000,0.8818000,0.0000000,24.5515000,-0.1368000,26.9967000
20240202,453,P,0.8950,0.8950,0.8950,0.8950,0,0,0.1492000,-0.0999000,0.0000000,21.7630000,-0.0579000,-3.3055000
20240202,485,C,2.0000,2.0000,2.0000,2.0000,0,0,0.1071000,0.2541000,0.0000000,39.7805000,-0.1025000,8.1178000
20240202,485,P,11.3700,11.3700,11.3700,11.3700,0,0,0.1146000,-0.7312000,0.0000000,40.9372000,-0.0417000,-24.5274000
20240202,410,C,66.0550,66.0550,66.0550,66.0550,0,0,0.3010000,0.9732000,0.0000000,7.6692000,-0.1037000,27.0854000
20240202,410,P,0.1450,0.1450,0.1450,0.1450,0,0,0.2573000,-0.0123000,0.0000000,3.9668000,-0.0195000,-0.4098000
20240202,474,C,6.8850,6.8850,6.8850,6.8850,0,0,0.1191000,0.5571000,0.0000000,48.9983000,-0.1541000,17.6233000
20240202,474,P,4.8500,4.8500,4.8500,4.8500,0,0,0.1163000,-0.4417000,0.0000000,48.9787000,-0.0827000,-14.6796000
20240202,495,C,0.4150,0.4150,0.4150,0.4150,0,0,0.1025000,0.0730000,0.0000000,17.2252000,-0.0403000,2.3459000
20240202,495,P,20.8200,20.8200,20.8200,20.8200,0,0,0.1567000,-0.8260000,0.0000000,31.8716000,-0.0399000,-28.2525000
20240202,463,C,15.0350,15.0350,15.0350,15.0350,0,0,0.1381000,0.7817000,0.0000000,36.5744000,-0.1527000,24.3601000
20240202,463,P,1.9550,1.9550,1.9550,1.9550,0,0,0.1317000,-0.2078000,0.0000000,35.5473000,-0.0790000,-6.8836000
20240202,462.5,C,15.4550,15.4550,15.4550,15.4550,0,0,0.1390000,0.7889000,0.0000000,35.8689000,-0.1519000,24.5649000
20240202,462.5,P,1.8750,1.8750,1.8750,1.8750,0,0,0.1325000,-0.2002000,0.0000000,34.7663000,-0.0780000,-6.6310000
20240202,420,C,56.1200,56.1200,56.1200,56.1200,0,0,0.2634000,0.9676000,0.0000000,8.9954000,-0.1059000,27.5817000
20240202,420,P,0.1850,0.1850,0.1850,0.1850,0,0,0.2290000,-0.0172000,0.0000000,5.2909000,-0.0230000,-0.5717000
20240202,452,C,24.9450,24.9450,24.9450,24.9450,0,0,0.1647000,0.8881000,0.0000000,23.6198000,-0.1354000,27.1355000
20240202,452,P,0.8350,0.8350,0.8350,0.8350,0,0,0.1512000,-0.0931000,0.0000000,20.6782000,-0.0560000,-3.0832000
20240202,484,C,2.2900,2.2900,2.2900,2.2900,0,0,0.1080000,0.2799000,0.0000000,41.7664000,-0.1091000,8.9336000
20240202,484,P,10.5950,10.5950,10.5950,10.5950,0,0,0.1134000,-0.7102000,0.0000000,42.4645000,-0.0457000,-23.7909000
20240202,473,C,7.5100,7.5100,7.5100,7.5100,0,0,0.1206000,0.5828000,0.0000000,48.4356000,-0.1560000,18.4150000
20240202,473,P,4.4650,4.4650,4.4650,4.4650,0,0,0.1173000,-0.4151000,0.0000000,48.3834000,-0.0842000,-13.7889000
20240202,505,C,0.0850,0.0850,0.0850,0.0850,0,0,0.1064000,0.0171000,0.0000000,5.2691000,-0.0123000,0.5511000
20240202,505,P,30.8400,30.8400,30.8400,30.8400,0,0,0.2074000,-0.8568000,0.0000000,28.0465000,-0.0527000,-29.9391000
20240202,472.5,C,7.8350,7.8350,7.8350,7.8350,0,0,0.1213000,0.5954000,0.0000000,48.0841000,-0.1566000,18.8014000
20240202,472.5,P,4.2850,4.2850,4.2850,4.2850,0,0,0.1179000,-0.4022000,0.0000000,48.0125000,-0.0848000,-13.3562000
20240202,430,C,46.2500,46.2500,46.2500,46.2500,0,0,0.2303000,0.9565000,0.0000000,11.4255000,-0.1118000,27.8999000
20240202,430,P,0.2550,0.2550,0.2550,0.2550,0,0,0.2019000,-0.0258000,0.0000000,7.4572000,-0.0282000,-0.8564000
20240202,462,C,15.8850,15.8850,15.8850,15.8850,0,0,0.1401000,0.7956000,0.0000000,35.1944000,-0.1512000,24.7523000
20240202,462,P,1.8050,1.8050,1.8050,1.8050,0,0,0.1334000,-0.1932000,0.0000000,34.0306000,-0.0772000,-6.4006000
20240202,355,C,120.7050,120.7050,120.7050,120.7050,0,0,0.5023000,0.9891000,0.0000000,3.5555000,-0.0863000,23.8573000
20240202,355,P,0.0450,0.0450,0.0450,0.0450,0,0,0.4082000,-0.0025000,0.0000000,0.9909000,-0.0079000,-0.0865000
20240202,451,C,25.8850,25.8850,25.8850,25.8850,0,0,0.1673000,0.8941000,0.0000000,22.7015000,-0.1338000,27.2661000
20240202,451,P,0.7750,0.7750,0.7750,0.7750,0,0,0.1530000,-0.0867000,0.0000000,19.5991000,-0.0539000,-2.8686000
20240202,483,C,2.6100,2.6100,2.6100,2.6100,0,0,0.1088000,0.3065000,0.0000000,43.5673000,-0.1156000,9.7779000
20240202,483,P,9.8500,9.8500,9.8500,9.8500,0,0,0.1126000,-0.6871000,0.0000000,43.9514000,-0.0501000,-22.9929000
20240202,515,C,0.0250,0.0250,0.0250,0.0250,0,0,0.1152000,0.0046000,0.0000000,1.6714000,-0.0041000,0.1485000
20240202,515,P,40.8400,40.8400,40.8400,40.8400,0,0,0.2537000,-0.8760000,0.0000000,25.3890000,-0.0624000,-31.2505000
20240202,525,C,0.0150,0.0150,0.0150,0.0150,0,0,0.1308000,0.0021000,0.0000000,0.8526000,-0.0023000,0.0702000
20240202,525,P,50.8350,50.8350,50.8350,50.8350,0,0,0.2971000,-0.8895000,0.0000000,23.4089000,-0.0703000,-32.3704000
20240202,482.5,C,2.7800,2.7800,2.7800,2.7800,0,0,0.1093000,0.3201000,0.0000000,44.3864000,-0.1187000,10.2070000
20240202,482.5,P,9.5150,9.5150,9.5150,9.5150,0,0,0.1127000,-0.6744000,0.0000000,44.6945000,-0.0528000,-22.5559000
20240202,440,C,36.4250,36.4250,36.4250,36.4250,0,0,0.1967000,0.9392000,0.0000000,14.9236000,-0.1182000,28.0104000
20240202,440,P,0.3950,0.3950,0.3950,0.3950,0,0,0.1767000,-0.0428000,0.0000000,11.3074000,-0.0369000,-1.4183000
20240202,472,C,8.1700,8.1700,8.1700,8.1700,0,0,0.1223000,0.6075000,0.0000000,47.6973000,-0.1574000,19.1717000
20240202,472,P,4.1100,4.1100,4.1100,4.1100,0,0,0.1185000,-0.3895000,0.0000000,47.5974000,-0.0854000,-12.9330000
20240202,365,C,110.7600,110.7600,110.7600,110.7600,0,0,0.4658000,0.9873000,0.0000000,4.0536000,-0.0897000,24.4807000
20240202,365,P,0.0650,0.0650,0.0650,0.0650,0,0,0.3886000,-0.0039000,0.0000000,1.4431000,-0.0109000,-0.1313000
20240202,461,C,16.7800,16.7800,16.7800,16.7800,0,0,0.1434000,0.8067000,0.0000000,34.0253000,-0.1508000,25.0523000
20240202,461,P,1.6600,1.6600,1.6600,1.6600,0,0,0.1351000,-0.1795000,0.0000000,32.5140000,-0.0752000,-5.9456000
20240202,535,C,0.0150,0.0150,0.0150,0.0150,0,0,0.1523000,0.0017000,0.0000000,0.7047000,-0.0022000,0.0568000
20240202,535,P,60.8100,60.8100,60.8100,60.8100,0,0,0.3378000,-0.8996000,0.0000000,21.8334000,-0.0766000,-33.3835000
20240202,450,C,26.8300,26.8300,26.8300,26.8300,0,0,0.1702000,0.8994000,0.0000000,21.8701000,-0.1325000,27.3732000
20240202,450,P,0.7250,0.7250,0.7250,0.7250,0,0,0.1551000,-0.0810000,0.0000000,18.6236000,-0.0520000,-2.6801000
20240202,482,C,2.9600,2.9600,2.9600,2.9600,0,0,0.1098000,0.3339000,0.0000000,45.1545000,-0.1217000,10.6433000
20240202,482,P,9.1500,9.1500,9.1500,9.1500,0,0,0.1122000,-0.6624000,0.0000000,45.3457000,-0.0547000,-22.1400000
20240202,375,C,100.8150,100.8150,100.8150,100.8150,0,0,0.4272000,0.9856000,0.0000000,4.5306000,-0.0920000,25.1057000
20240202,375,P,0.0750,0.0750,0.0750,0.0750,0,0,0.3583000,-0.0048000,0.0000000,1.7423000,-0.0121000,-0.1618000
20240202,471,C,8.8450,8.8450,8.8450,8.8450,0,0,0.1236000,0.6314000,0.0000000,46.7937000,-0.1580000,19.9031000
20240202,471,P,3.7850,3.7850,3.7850,3.7850,0,0,0.1198000,-0.3648000,0.0000000,46.6372000,-0.0860000,-12.1074000
20240202,545,P,70.8100,70.8100,70.8100,70.8100,0,0,0.3778000,-0.9068000,0.0000000,20.6672000,-0.0833000,-34.3030000
20240202,460,C,17.6600,17.6600,17.6600,17.6600,0,0,0.1458000,0.8183000,0.0000000,32.7506000,-0.1494000,25.3679000
20240202,460,P,1.5350,1.5350,1.5350,1.5350,0,0,0.1367000,-0.1667000,0.0000000,31.0168000,-0.0731000,-5.5207000
20240202,385,C,90.8750,90.8750,90.8750,90.8750,0,0,0.3906000,0.9831000,0.0000000,5.1834000,-0.0950000,25.7072000
20240202,385,P,0.0950,0.0950,0.0950,0.0950,0,0,0.3320000,-0.0065000,0.0000000,2.2711000,-0.0146000,-0.2178000
20240202,449,C,27.7500,27.7500,27.7500,27.7500,0,0,0.1715000,0.9062000,0.0000000,20.7664000,-0.1297000,27.5327000
20240202,449,P,0.6750,0.6750,0.6750,0.6750,0,0,0.1569000,-0.0754000,0.0000000,17.6391000,-0.0500000,-2.4948000
20240202,481,C,3.3400,3.3400,3.3400,3.3400,0,0,0.1107000,0.3619000,0.0000000,46.5111000,-0.1275000,11.5253000
20240202,481,P,8.5000,8.5000,8.5000,8.5000,0,0,0.1124000,-0.6359000,0.0000000,46.6026000,-0.0596000,-21.2372000
20240202,470,C,9.5500,9.5500,9.5500,9.5500,0,0,0.1254000,0.6540000,0.0000000,45.7697000,-0.1585000,20.5869000
20240202,470,P,3.4850,3.4850,3.4850,3.4850,0,0,0.1212000,-0.3412000,0.0000000,45.5356000,-0.0863000,-11.3225000
20240202,395,C,80.9300,80.9300,80.9300,80.9300,0,0,0.3535000,0.9803000,0.0000000,5.9307000,-0.0977000,26.2945000
20240202,395,P,0.1050,0.1050,0.1050,0.1050,0,0,0.2998000,-0.0078000,0.0000000,2.6880000,-0.0155000,-0.2631000
20240202,459,C,18.5200,18.5200,18.5200,18.5200,0,0,0.1473000,0.8305000,0.0000000,31.3341000,-0.1469000,25.7065000
20240202,459,P,1.4150,1.4150,1.4150,1.4150,0,0,0.1383000,-0.1547000,0.0000000,29.5333000,-0.0708000,-5.1209000
20240209,480,C,4.6400,4.6400,4.6400,4.6400,0,0,0.1116000,0.4159000,0.0000000,54.7623000,-0.1235000,16.8835000
20240209,480,P,8.2950,8.2950,8.2950,8.2950,0,0,0.1125000,-0.5832000,0.0000000,54.7854000,-0.0549000,-24.9751000
20240209,405,C,71.5000,71.5000,71.5000,71.5000,0,0,0.2927000,0.9723000,0.0000000,8.9307000,-0.0975000,34.1524000
20240209,405,P,0.1850,0.1850,0.1850,0.1850,0,0,0.2539000,-0.0140000,0.0000000,5.0150000,-0.0189000,-0.5984000
20240209,469,C,11.3350,11.3350,11.3350,11.3350,0,0,0.1269000,0.6679000,0.0000000,50.9702000,-0.1455000,26.7745000
20240209,469,P,3.7800,3.7800,3.7800,3.7800,0,0,0.1229000,-0.3273000,0.0000000,50.6831000,-0.0742000,-13.9417000
20240209,458,C,20.3600,20.3600,20.3600,20.3600,0,0,0.1482000,0.8207000,0.0000000,36.7378000,-0.1387000,32.3364000
20240209,458,P,1.7550,1.7550,1.7550,1.7550,0,0,0.1395000,-0.1652000,0.0000000,34.8827000,-0.0643000,-7.0221000
20240209,490,C,1.4450,1.4450,1.4450,1.4450,0,0,0.1038000,0.1836000,0.0000000,37.3086000,-0.0729000,7.5091000
20240209,490,P,15.8750,15.8750,15.8750,15.8750,0,0,0.1256000,-0.7700000,0.0000000,42.6266000,-0.0282000,-33.4030000
20240209,415,C,61.6050,61.6050,61.6050,61.6050,0,0,0.2606000,0.9660000,0.0000000,10.5711000,-0.1007000,34.7606000
20240209,415,P,0.2250,0.2250,0.2250,0.2250,0,0,0.2270000,-0.0185000,0.0000000,6.3658000,-0.0212000,-0.7888000
20240209,479,C,5.1100,5.1100,5.1100,5.1100,0,0,0.1126000,0.4413000,0.0000000,55.4044000,-0.1272000,17.8991000
20240209,479,P,7.7450,7.7450,7.7450,7.7450,0,0,0.1130000,-0.5583000,0.0000000,55.4099000,-0.0582000,-23.8912000
20240209,500,C,0.3350,0.3350,0.3350,0.3350,0,0,0.1014000,0.0552000,0.0000000,15.6741000,-0.0286000,2.2678000
20240209,500,P,25.8400,25.8400,25.8400,25.8400,0,0,0.1738000,-0.8197000,0.0000000,36.8739000,-0.0398000,-36.3428000
20240209,468,C,12.0750,12.0750,12.0750,12.0750,0,0,0.1285000,0.6863000,0.0000000,49.7844000,-0.1455000,27.4733000
20240209,468,P,3.5200,3.5200,3.5200,3.5200,0,0,0.1243000,-0.3083000,0.0000000,49.4188000,-0.0742000,-13.1286000
20240209,425,C,51.7350,51.7350,51.7350,51.7350,0,0,0.2296000,0.9566000,0.0000000,12.9208000,-0.1048000,35.2324000
20240209,425,P,0.3150,0.3150,0.3150,0.3150,0,0,0.2043000,-0.0276000,0.0000000,8.9257000,-0.0265000,-1.1764000
20240209,457,C,21.2700,21.2700,21.2700,21.2700,0,0,0.1510000,0.8292000,0.0000000,35.6283000,-0.1381000,32.6081000
20240209,457,P,1.6400,1.6400,1.6400,1.6400,0,0,0.1412000,-0.1553000,0.0000000,33.5045000,-0.0630000,-6.6017000
20240209,489,C,1.6450,1.6450,1.6450,1.6450,0,0,0.1042000,0.2028000,0.0000000,39.6417000,-0.0783000,8.2891000
20240209,489,P,14.9600,14.9600,14.9600,14.9600,0,0,0.1224000,-0.7589000,0.0000000,43.7490000,-0.0291000,-32.8622000
20240209,350,C,126.0900,126.0900,126.0900,126.0900,0,0,0.4770000,0.9878000,0.0000000,4.4244000,-0.0827000,30.0126000
20240209,350,P,0.0650,0.0650,0.0650,0.0650,0,0,0.3935000,-0.0034000,0.0000000,1.4479000,-0.0086000,-0.1477000
20240209,478,C,5.6200,5.6200,5.6200,5.6200,0,0,0.1139000,0.4666000,0.0000000,55.8155000,-0.1307000,18.9081000
20240209,478,P,7.2050,7.2050,7.2050,7.2050,0,0,0.1134000,-0.5335000,0.0000000,55.8129000,-0.0610000,-22.8107000
20240209,510,C,0.0850,0.0850,0.0850,0.0850,0,0,0.1057000,0.0152000,0.0000000,5.4008000,-0.0099000,0.6280000
20240209,510,P,35.8400,35.8400,35.8400,35.8400,0,0,0.2183000,-0.8466000,0.0000000,33.2175000,-0.0497000,-38.3388000
20240209,435,C,41.9450,41.9450,41.9450,41.9450,0,0,0.2014000,0.9398000,0.0000000,16.7551000,-0.1114000,35.3940000
20240209,435,P,0.4650,0.4650,0.4650,0.4650,0,0,0.1818000,-0.0432000,0.0000000,12.8850000,-0.0335000,-1.8375000
20240209,467,C,12.8400,12.8400,12.8400,12.8400,0,0,0.1304000,0.7035000,0.0000000,48.5553000,-0.1455000,28.1195000
20240209,467,P,3.2800,3.2800,3.2800,3.2800,0,0,0.1258000,-0.2902000,0.0000000,48.0809000,-0.0740000,-12.3548000
20240209,360,C,116.1600,116.1600,116.1600,116.1600,0,0,0.4433000,0.9860000,0.0000000,4.9866000,-0.0856000,30.8083000
20240209,360,P,0.0750,0.0750,0.0750,0.0750,0,0,0.3671000,-0.0042000,0.0000000,1.7593000,-0.0097000,-0.1832000
20240209,456,C,22.1400,22.1400,22.1400,22.1400,0,0,0.1524000,0.8392000,0.0000000,34.2708000,-0.1363000,32.9458000
20240209,456,P,1.5350,1.5350,1.5350,1.5350,0,0,0.1427000,-0.1455000,0.0000000,32.0846000,-0.0613000,-6.1855000
20240209,488,C,1.8750,1.8750,1.8750,1.8750,0,0,0.1049000,0.2236000,0.0000000,41.9597000,-0.0839000,9.1318000
20240209,488,P,14.0700,14.0700,14.0700,14.0700,0,0,0.1195000,-0.7464000,0.0000000,44.9529000,-0.0304000,-32.2622000
20240209,520,C,0.0350,0.0350,0.0350,0.0350,0,0,0.1162000,0.0057000,0.0000000,2.2888000,-0.0045000,0.2352000
20240209,520,P,45.8350,45.8350,45.8350,45.8350,0,0,0.2596000,-0.8645000,0.0000000,30.5485000,-0.0576000,-39.9592000
20240209,445,C,32.3500,32.3500,32.3500,32.3500,0,0,0.1778000,0.9066000,0.0000000,23.4261000,-0.1229000,34.8540000
20240209,445,P,0.7750,0.7750,0.7750,0.7750,0,0,0.1619000,-0.0742000,0.0000000,19.7238000,-0.0446000,-3.1544000
20240209,477,C,6.1500,6.1500,6.1500,6.1500,0,0,0.1151000,0.4916000,0.0000000,55.9986000,-0.1337000,19.8989000
20240209,477,P,6.7200,6.7200,6.7200,6.7200,0,0,0.1143000,-0.5085000,0.0000000,55.9981000,-0.0639000,-21.7283000
20240209,370,C,106.2300,106.2300,106.2300,106.2300,0,0,0.4094000,0.9840000,0.0000000,5.6094000,-0.0883000,31.5940000
20240209,370,P,0.0950,0.0950,0.0950,0.0950,0,0,0.3437000,-0.0056000,0.0000000,2.2601000,-0.0117000,-0.2423000
20240209,466,C,13.6200,13.6200,13.6200,13.6200,0,0,0.1321000,0.7199000,0.0000000,47.2671000,-0.1452000,28.7341000
20240209,466,P,3.0500,3.0500,3.0500,3.0500,0,0,0.1271000,-0.2729000,0.0000000,46.6702000,-0.0734000,-11.6123000
20240209,530,C,0.0250,0.0250,0.0250,0.0250,0,0,0.1328000,0.0035000,0.0000000,1.4929000,-0.0033000,0.1456000
20240209,530,P,55.8350,55.8350,55.8350,55.8350,0,0,0.2990000,-0.8770000,0.0000000,28.5762000,-0.0649000,-41.3526000
20240209,455,C,23.0350,23.0350,23.0350,23.0350,0,0,0.1542000,0.8480000,0.0000000,33.0199000,-0.1347000,33.2347000
20240209,455,P,1.4400,1.4400,1.4400,1.4400,0,0,0.1447000,-0.1371000,0.0000000,30.8155000,-0.0600000,-5.8279000
20240209,487,C,2.1250,2.1250,2.1250,2.1250,0,0,0.1055000,0.2451000,0.0000000,44.1511000,-0.0894000,10.0053000
20240209,487,P,13.2200,13.2200,13.2200,13.2200,0,0,0.1172000,-0.7315000,0.0000000,46.2861000,-0.0324000,-31.5712000
20240209,380,C,96.3000,96.3000,96.3000,96.3000,0,0,0.3754000,0.9816000,0.0000000,6.3219000,-0.0907000,32.3649000
20240209,380,P,0.1150,0.1150,0.1150,0.1150,0,0,0.3183000,-0.0072000,0.0000000,2.8181000,-0.0135000,-0.3104000
20240209,476,C,6.7150,6.7150,6.7150,6.7150,0,0,0.1164000,0.5161000,0.0000000,55.9649000,-0.1364000,20.8694000
20240209,476,P,6.2550,6.2550,6.2550,6.2550,0,0,0.1149000,-0.4837000,0.0000000,55.9647000,-0.0662000,-20.6599000
20240209,540,C,0.0150,0.0150,0.0150,0.0150,0,0,0.1445000,0.0018000,0.0000000,0.8173000,-0.0019000,0.0747000
20240209,540,P,65.8350,65.8350,65.8350,65.8350,0,0,0.3367000,-0.8863000,0.0000000,27.0309000,-0.0715000,-42.6160000
20240209,465,C,14.4150,14.4150,14.4150,14.4150,0,0,0.1338000,0.7356000,0.0000000,45.9282000,-0.1447000,29.3189000
20240209,465,P,2.8400,2.8400,2.8400,2.8400,0,0,0.1286000,-0.2565000,0.0000000,45.2222000,-0.0727000,-10.9122000
20240209,390,C,86.3700,86.3700,86.3700,86.3700,0,0,0.3413000,0.9788000,0.0000000,7.1311000,-0.0929000,33.1191000
20240209,390,P,0.1350,0.1350,0.1350,0.1350,0,0,0.2919000,-0.0092000,0.0000000,3.4796000,-0.0152000,-0.3939000
20240209,454,C,23.9450,23.9450,23.9450,23.9450,0,0,0.1565000,0.8557000,0.0000000,31.8909000,-0.1335000,33.4748000
20240209,454,P,1.3450,1.3450,1.3450,1.3450,0,0,0.1461000,-0.1284000,0.0000000,29.4479000,-0.0581000,-5.4555000
20240209,486,C,2.4000,2.4000,2.4000,2.4000,0,0,0.1062000,0.2678000,0.0000000,46.2359000,-0.0949000,10.9242000
20240209,486,P,12.4100,12.4100,12.4100,12.4100,0,0,0.1156000,-0.7145000,0.0000000,47.6985000,-0.0350000,-30.7940000
20240209,475,C,7.2950,7.2950,7.2950,7.2950,0,0,0.1176000,0.5401000,0.0000000,55.7267000,-0.1386000,21.8161000
20240209,475,P,5.8250,5.8250,5.8250,5.8250,0,0,0.1159000,-0.4594000,0.0000000,55.7213000,-0.0684000,-19.6102000
20240209,400,C,76.4550,76.4550,76.4550,76.4550,0,0,0.3083000,0.9749000,0.0000000,8.2092000,-0.0956000,33.8287000
20240209,400,P,0.1550,0.1550,0.1550,0.1550,0,0,0.2641000,-0.0115000,0.0000000,4.2265000,-0.0166000,-0.4913000
20240209,464,C,15.2200,15.2200,15.2200,15.2200,0,0,0.1357000,0.7503000,0.0000000,44.5847000,-0.1440000,29.8573000
20240209,464,P,2.6500,2.6500,2.6500,2.6500,0,0,0.1301000,-0.2411000,0.0000000,43.7585000,-0.0719000,-10.2566000
20240209,453,C,24.8700,24.8700,24.8700,24.8700,0,0,0.1593000,0.8622000,0.0000000,30.9027000,-0.1327000,33.6652000
20240209,453,P,1.2650,1.2650,1.2650,1.2650,0,0,0.1479000,-0.1208000,0.0000000,28.2238000,-0.0567000,-5.1340000
20240209,485,C,2.7000,2.7000,2.7000,2.7000,0,0,0.1069000,0.2910000,0.0000000,48.1430000,-0.1001000,11.8640000
20240209,485,P,11.6300,11.6300,11.6300,11.6300,0,0,0.1142000,-0.6960000,0.0000000,49.1013000,-0.0379000,-29.9562000
20240209,410,C,66.5500,66.5500,66.5500,66.5500,0,0,0.2768000,0.9693000,0.0000000,9.7193000,-0.0992000,34.4631000
20240209,410,P,0.2050,0.2050,0.2050,0.2050,0,0,0.2407000,-0.0161000,0.0000000,5.6607000,-0.0201000,-0.6883000
20240209,474,C,7.9150,7.9150,7.9150,7.9150,0,0,0.1191000,0.5634000,0.0000000,55.3005000,-0.1406000,22.7306000
20240209,474,P,5.4150,5.4150,5.4150,5.4150,0,0,0.1168000,-0.4355000,0.0000000,55.2785000,-0.0700000,-18.5807000
20240209,495,C,0.7100,0.7100,0.7100,0.7100,0,0,0.1020000,0.1049000,0.0000000,25.5278000,-0.0478000,4.3022000
20240209,495,P,20.8400,20.8400,20.8400,20.8400,0,0,0.1500000,-0.7996000,0.0000000,39.3449000,-0.0340000,-35.0702000
20240209,463,C,16.0400,16.0400,16.0400,16.0400,0,0,0.1375000,0.7642000,0.0000000,43.2163000,-0.1432000,30.3661000
20240209,463,P,2.4700,2.4700,2.4700,2.4700,0,0,0.1316000,-0.2264000,0.0000000,42.2647000,-0.0709000,-9.6319000
20240209,420,C,56.6650,56.6650,56.6650,56.6650,0,0,0.2448000,0.9619000,0.0000000,11.6199000,-0.1025000,35.0212000
20240209,420,P,0.2650,0.2650,0.2650,0.2650,0,0,0.2158000,-0.0225000,0.0000000,7.5323000,-0.0238000,-0.9615000
20240209,452,C,25.7900,25.7900,25.7900,25.7900,0,0,0.1615000,0.8691000,0.0000000,29.8403000,-0.1315000,33.8689000
20240209,452,P,1.1850,1.1850,1.1850,1.1850,0,0,0.1495000,-0.1134000,0.0000000,26.9932000,-0.0550000,-4.8206000
20240209,484,C,3.0300,3.0300,3.0300,3.0300,0,0,0.1077000,0.3152000,0.0000000,49.8899000,-0.1053000,12.8384000
20240209,484,P,10.8900,10.8900,10.8900,10.8900,0,0,0.1133000,-0.6758000,0.0000000,50.4789000,-0.0411000,-29.0494000
20240209,473,C,8.5450,8.5450,8.5450,8.5450,0,0,0.1204000,0.5861000,0.0000000,54.7000000,-0.1421000,23.6178000
20240209,473,P,5.0450,5.0450,5.0450,5.0450,0,0,0.1180000,-0.4124000,0.0000000,54.6553000,-0.0716000,-17.5861000
20240209,505,C,0.1550,0.1550,0.1550,0.1550,0,0,0.1020000,0.0277000,0.0000000,8.9434000,-0.0161000,1.1388000
20240209,505,P,30.8400,30.8400,30.8400,30.8400,0,0,0.1965000,-0.8348000,0.0000000,34.8759000,-0.0450000,-37.4081000
20240209,430,C,46.8250,46.8250,46.8250,46.8250,0,0,0.2150000,0.9495000,0.0000000,14.5889000,-0.1077000,35.3680000
20240209,430,P,0.3750,0.3750,0.3750,0.3750,0,0,0.1926000,-0.0340000,0.0000000,10.6026000,-0.0295000,-1.4474000
20240209,462,C,16.9250,16.9250,16.9250,16.9250,0,0,0.1404000,0.7757000,0.0000000,42.0247000,-0.1432000,30.7665000
20240209,462,P,2.3100,2.3100,2.3100,2.3100,0,0,0.1333000,-0.2129000,0.0000000,40.7990000,-0.0699000,-9.0566000
20240209,355,C,121.1250,121.1250,121.1250,121.1250,0,0,0.4589000,0.9871000,0.0000000,4.6392000,-0.0837000,30.4200000
20240209,355,P,0.0650,0.0650,0.0650,0.0650,0,0,0.3769000,-0.0035000,0.0000000,1.4997000,-0.0085000,-0.1533000
20240209,483,C,3.3900,3.3900,3.3900,3.3900,0,0,0.1086000,0.3399000,0.0000000,51.4396000,-0.1103000,13.8342000
20240209,483,P,10.1850,10.1850,10.1850,10.1850,0,0,0.1126000,-0.6543000,0.0000000,51.7649000,-0.0444000,-28.0942000
20240209,515,C,0.0450,0.0450,0.0450,0.0450,0,0,0.1083000,0.0079000,0.0000000,3.0512000,-0.0057000,0.3258000
20240209,515,P,40.8400,40.8400,40.8400,40.8400,0,0,0.2395000,-0.8562000,0.0000000,31.8116000,-0.0540000,-39.1763000
20240209,525,C,0.0250,0.0250,0.0250,0.0250,0,0,0.1220000,0.0037000,0.0000000,1.5836000,-0.0032000,0.1556000
20240209,525,P,50.8350,50.8350,50.8350,50.8350,0,0,0.2796000,-0.8712000,0.0000000,29.4995000,-0.0613000,-40.6758000
20240209,440,C,37.1350,37.1350,37.1350,37.1350,0,0,0.1900000,0.9250000,0.0000000,19.8649000,-0.1174000,35.1999000
20240209,440,P,0.5850,0.5850,0.5850,0.5850,0,0,0.1712000,-0.0556000,0.0000000,15.7725000,-0.0382000,-2.3659000
20240209,472,C,9.2100,9.2100,9.2100,9.2100,0,0,0.1221000,0.6078000,0.0000000,53.9515000,-0.1435000,24.4615000
20240209,472,P,4.6900,4.6900,4.6900,4.6900,0,0,0.1192000,-0.3899000,0.0000000,53.8652000,-0.0727000,-16.6209000
20240209,365,C,111.1950,111.1950,111.1950,111.1950,0,0,0.4252000,0.9852000,0.0000000,5.2276000,-0.0865000,31.2115000
20240209,365,P,0.0850,0.0850,0.0850,0.0850,0,0,0.3554000,-0.0048000,0.0000000,1.9930000,-0.0107000,-0.2105000
20240209,461,C,17.7650,17.7650,17.7650,17.7650,0,0,0.1422000,0.7882000,0.0000000,40.6648000,-0.1421000,31.2096000
20240209,461,P,2.1500,2.1500,2.1500,2.1500,0,0,0.1347000,-0.1997000,0.0000000,39.2764000,-0.0686000,-8.4921000
20240209,535,C,0.0150,0.0150,0.0150,0.0150,0,0,0.1347000,0.0019000,0.0000000,0.8647000,-0.0019000,0.0796000
20240209,535,P,60.8350,60.8350,60.8350,60.8350,0,0,0.3181000,-0.8819000,0.0000000,27.7663000,-0.0683000,-41.9957000
20240209,450,C,27.6500,27.6500,27.6500,27.6500,0,0,0.1663000,0.8813000,0.0000000,27.8696000,-0.1291000,34.2126000
20240209,450,P,1.0450,1.0450,1.0450,1.0450,0,0,0.1530000,-0.1002000,0.0000000,24.6835000,-0.0519000,-4.2583000
20240209,482,C,3.7800,3.7800,3.7800,3.7800,0,0,0.1096000,0.3651000,0.0000000,52.7776000,-0.1150000,14.8464000
20240209,482,P,9.5200,9.5200,9.5200,9.5200,0,0,0.1124000,-0.6313000,0.0000000,52.9472000,-0.0480000,-27.0802000
20240209,375,C,101.2600,101.2600,101.2600,101.2600,0,0,0.3916000,0.9830000,0.0000000,5.8982000,-0.0891000,31.9897000
20240209,375,P,0.1050,0.1050,0.1050,0.1050,0,0,0.3315000,-0.0064000,0.0000000,2.5439000,-0.0127000,-0.2767000
20240209,471,C,9.8950,9.8950,9.8950,9.8950,0,0,0.1235000,0.6288000,0.0000000,53.0623000,-0.1443000,25.2759000
20240209,471,P,4.3650,4.3650,4.3650,4.3650,0,0,0.1203000,-0.3681000,0.0000000,52.9235000,-0.0734000,-15.6869000
20240209,545,C,0.0150,0.0150,0.0150,0.0150,0,0,0.1523000,0.0015000,0.0000000,0.6997000,-0.0017000,0.0630000
20240209,545,P,70.8350,70.8350,70.8350,70.8350,0,0,0.3551000,-0.8901000,0.0000000,26.3766000,-0.0746000,-43.2136000
20240209,460,C,18.6250,18.6250,18.6250,18.6250,0,0,0.1442000,0.7996000,0.0000000,39.3439000,-0.1411000,31.6111000
20240209,460,P,2.0100,2.0100,2.0100,2.0100,0,0,0.1364000,-0.1876000,0.0000000,37.8081000,-0.0673000,-7.9769000
20240209,385,C,91.3400,91.3400,91.3400,91.3400,0,0,0.3591000,0.9801000,0.0000000,6.7658000,-0.0922000,32.7363000
20240209,385,P,0.1150,0.1150,0.1150,0.1150,0,0,0.3022000,-0.0076000,0.0000000,2.9631000,-0.0134000,-0.3282000
20240209,481,C,4.1900,4.1900,4.1900,4.1900,0,0,0.1105000,0.3903000,0.0000000,53.8810000,-0.1193000,15.8592000
20240209,481,P,8.8900,8.8900,8.8900,8.8900,0,0,0.1124000,-0.6076000,0.0000000,53.9602000,-0.0515000,-26.0387000
20240209,470,C,10.6100,10.6100,10.6100,10.6100,0,0,0.1254000,0.6486000,0.0000000,52.0743000,-0.1452000,26.0363000
20240209,470,P,4.0650,4.0650,4.0650,4.0650,0,0,0.1216000,-0.3473000,0.0000000,51.8583000,-0.0740000,-14.7953000
20240209,395,C,81.4150,81.4150,81.4150,81.4150,0,0,0.3249000,0.9769000,0.0000000,7.6541000,-0.0944000,33.4770000
20240209,395,P,0.1450,0.1450,0.1450,0.1450,0,0,0.2783000,-0.0103000,0.0000000,3.8466000,-0.0159000,-0.4414000
20240209,459,C,19.4950,19.4950,19.4950,19.4950,0,0,0.1463000,0.8104000,0.0000000,38.0492000,-0.1400000,31.9807000
20240209,459,P,1.8750,1.8750,1.8750,1.8750,0,0,0.1378000,-0.1758000,0.0000000,36.3022000,-0.0657000,-7.4740000
20240216,565,P,90.8350,90.8350,90.8350,90.8350,0,0,0.4037000,-0.8885000,0.0000000,29.4147000,-0.0777000,-54.7245000
20240216,320,C,156.3300,156.3300,156.3300,156.3300,0,0,0.5562000,0.9888000,0.0000000,4.5455000,-0.0778000,33.3955000
20240216,320,P,0.0450,0.0450,0.0450,0.0450,0,0,0.4335000,-0.0019000,0.0000000,0.9622000,-0.0052000,-0.1032000
20240216,416,C,61.2400,61.2400,61.2400,61.2400,0,0,0.2504000,0.9562000,0.0000000,14.3627000,-0.1031000,41.9044000
20240216,416,P,0.3350,0.3350,0.3350,0.3350,0,0,0.2175000,-0.0252000,0.0000000,9.1293000,-0.0236000,-1.3136000
20240216,448,C,30.4000,30.4000,30.4000,30.4000,0,0,0.1707000,0.8742000,0.0000000,32.0455000,-0.1260000,41.0437000
20240216,448,P,1.2850,1.2850,1.2850,1.2850,0,0,0.1571000,-0.1071000,0.0000000,28.6049000,-0.0500000,-5.5670000
20240216,480,C,5.6400,5.6400,5.6400,5.6400,0,0,0.1142000,0.4377000,0.0000000,61.0807000,-0.1188000,21.5773000
20240216,480,P,8.7950,8.7950,8.7950,8.7950,0,0,0.1148000,-0.5618000,0.0000000,61.0905000,-0.0499000,-29.4035000
20240216,245,C,230.8100,230.8100,230.8100,230.8100,0,0,0.8486000,0.9944000,0.0000000,2.4594000,-0.0617000,25.7216000
20240216,437,C,40.7850,40.7850,40.7850,40.7850,0,0,0.1951000,0.9192000,0.0000000,23.1984000,-0.1155000,42.2179000
20240216,437,P,0.7350,0.7350,0.7350,0.7350,0,0,0.1757000,-0.0607000,0.0000000,18.6532000,-0.0377000,-3.1579000
20240216,405,C,72.0850,72.0850,72.0850,72.0850,0,0,0.2822000,0.9653000,0.0000000,11.8704000,-0.0990000,41.2088000
20240216,405,P,0.2450,0.2450,0.2450,0.2450,0,0,0.2412000,-0.0173000,0.0000000,6.6583000,-0.0193000,-0.9061000
20240216,469,C,12.4800,12.4800,12.4800,12.4800,0,0,0.1298000,0.6602000,0.0000000,56.7773000,-0.1382000,32.1169000
20240216,469,P,4.3800,4.3800,4.3800,4.3800,0,0,0.1250000,-0.3344000,0.0000000,56.4321000,-0.0667000,-17.4139000
20240216,501,C,0.4950,0.4950,0.4950,0.4950,0,0,0.1016000,0.0709000,0.0000000,21.0323000,-0.0322000,3.5433000
20240216,501,P,26.8400,26.8400,26.8400,26.8400,0,0,0.1717000,-0.8026000,0.0000000,43.0410000,-0.0354000,-43.5355000
20240216,575,P,100.8300,100.8300,100.8300,100.8300,0,0,0.4350000,-0.8933000,0.0000000,28.4955000,-0.0826000,-56.0369000
20240216,330,C,146.4050,146.4050,146.4050,146.4050,0,0,0.5207000,0.9877000,0.0000000,4.9411000,-0.0798000,34.3994000
20240216,330,P,0.0550,0.0550,0.0550,0.0550,0,0,0.4121000,-0.0025000,0.0000000,1.2260000,-0.0062000,-0.1347000
20240216,426,C,51.4300,51.4300,51.4300,51.4300,0,0,0.2225000,0.9437000,0.0000000,17.5501000,-0.1076000,42.3196000
20240216,426,P,0.4650,0.4650,0.4650,0.4650,0,0,0.1966000,-0.0369000,0.0000000,12.5277000,-0.0289000,-1.9225000
20240216,458,C,21.3900,21.3900,21.3900,21.3900,0,0,0.1500000,0.8017000,0.0000000,43.1692000,-0.1352000,38.3328000
20240216,458,P,2.2450,2.2450,2.2450,2.2450,0,0,0.1408000,-0.1840000,0.0000000,41.2378000,-0.0614000,-9.5630000
20240216,490,C,2.0550,2.0550,2.0550,2.0550,0,0,0.1058000,0.2211000,0.0000000,46.0352000,-0.0774000,10.9874000
20240216,490,P,15.9850,15.9850,15.9850,15.9850,0,0,0.1239000,-0.7423000,0.0000000,50.0431000,-0.0259000,-39.3165000
20240216,255,C,220.8750,220.8750,220.8750,220.8750,0,0,0.8029000,0.9940000,0.0000000,2.6082000,-0.0632000,26.7644000
20240216,255,P,0.0150,0.0150,0.0150,0.0150,0,0,0.5874000,-0.0003000,0.0000000,0.2218000,-0.0016000,-0.0211000
20240216,415,C,62.2250,62.2250,62.2250,62.2250,0,0,0.2530000,0.9574000,0.0000000,14.0552000,-0.1025000,41.8584000
20240216,415,P,0.3250,0.3250,0.3250,0.3250,0,0,0.2197000,-0.0243000,0.0000000,8.8702000,-0.0232000,-1.2695000
20240216,447,C,31.3200,31.3200,31.3200,31.3200,0,0,0.1726000,0.8798000,0.0000000,31.0339000,-0.1248000,41.2304000
20240216,447,P,1.2150,1.2150,1.2150,1.2150,0,0,0.1586000,-0.1014000,0.0000000,27.4889000,-0.0487000,-5.2693000
20240216,479,C,6.1450,6.1450,6.1450,6.1450,0,0,0.1153000,0.4604000,0.0000000,61.5295000,-0.1218000,22.6701000
20240216,479,P,8.2600,8.2600,8.2600,8.2600,0,0,0.1153000,-0.5395000,0.0000000,61.5295000,-0.0525000,-28.2210000
20240216,340,C,136.4850,136.4850,136.4850,136.4850,0,0,0.4875000,0.9861000,0.0000000,5.4695000,-0.0823000,35.3818000
20240216,340,P,0.0650,0.0650,0.0650,0.0650,0,0,0.3886000,-0.0032000,0.0000000,1.5041000,-0.0072000,-0.1687000
20240216,436,C,41.7450,41.7450,41.7450,41.7450,0,0,0.1975000,0.9221000,0.0000000,22.5732000,-0.1147000,42.2602000
20240216,436,P,0.7050,0.7050,0.7050,0.7050,0,0,0.1777000,-0.0580000,0.0000000,17.9944000,-0.0368000,-3.0166000
20240216,404,C,73.0750,73.0750,73.0750,73.0750,0,0,0.2854000,0.9659000,0.0000000,11.7131000,-0.0988000,41.1313000
20240216,404,P,0.2450,0.2450,0.2450,0.2450,0,0,0.2441000,-0.0170000,0.0000000,6.5661000,-0.0193000,-0.8917000
20240216,500,C,0.5750,0.5750,0.5750,0.5750,0,0,0.1021000,0.0805000,0.0000000,23.1551000,-0.0358000,4.0183000
20240216,500,P,25.8400,25.8400,25.8400,25.8400,0,0,0.1673000,-0.7991000,0.0000000,43.5059000,-0.0344000,-43.2486000
20240216,468,C,13.2300,13.2300,13.2300,13.2300,0,0,0.1316000,0.6763000,0.0000000,55.6874000,-0.1387000,32.8552000
20240216,468,P,4.1150,4.1150,4.1150,4.1150,0,0,0.1262000,-0.3171000,0.0000000,55.2221000,-0.0668000,-16.5090000
20240216,265,C,210.9450,210.9450,210.9450,210.9450,0,0,0.7625000,0.9934000,0.0000000,2.8429000,-0.0656000,27.7947000
20240216,265,P,0.0150,0.0150,0.0150,0.0150,0,0,0.5500000,-0.0003000,0.0000000,0.2202000,-0.0015000,-0.0208000
20240216,425,C,52.4100,52.4100,52.4100,52.4100,0,0,0.2253000,0.9452000,0.0000000,17.1891000,-0.1072000,42.2890000
20240216,425,P,0.4550,0.4550,0.4550,0.4550,0,0,0.1992000,-0.0358000,0.0000000,12.2185000,-0.0286000,-1.8651000
20240216,457,C,22.2650,22.2650,22.2650,22.2650,0,0,0.1519000,0.8109000,0.0000000,41.9281000,-0.1343000,38.7090000
20240216,457,P,2.1200,2.1200,2.1200,2.1200,0,0,0.1425000,-0.1745000,0.0000000,39.8858000,-0.0605000,-9.0690000
20240216,489,C,2.3050,2.3050,2.3050,2.3050,0,0,0.1064000,0.2405000,0.0000000,48.2407000,-0.0820000,11.9401000
20240216,489,P,15.1100,15.1100,15.1100,15.1100,0,0,0.1214000,-0.7300000,0.0000000,51.2451000,-0.0272000,-38.6017000
20240216,350,C,126.5600,126.5600,126.5600,126.5600,0,0,0.4545000,0.9844000,0.0000000,6.0536000,-0.0847000,36.3541000
20240216,350,P,0.0850,0.0850,0.0850,0.0850,0,0,0.3691000,-0.0043000,0.0000000,1.9789000,-0.0090000,-0.2289000
20240216,414,C,63.2100,63.2100,63.2100,63.2100,0,0,0.2563000,0.9580000,0.0000000,13.8690000,-0.1024000,41.7878000
20240216,414,P,0.3150,0.3150,0.3150,0.3150,0,0,0.2216000,-0.0234000,0.0000000,8.5841000,-0.0227000,-1.2210000
20240216,446,C,32.2550,32.2550,32.2550,32.2550,0,0,0.1747000,0.8849000,0.0000000,30.0928000,-0.1237000,41.3902000
20240216,446,P,1.1550,1.1550,1.1550,1.1550,0,0,0.1604000,-0.0963000,0.0000000,26.4729000,-0.0476000,-5.0050000
20240216,510,C,0.1450,0.1450,0.1450,0.1450,0,0,0.1027000,0.0237000,0.0000000,8.6653000,-0.0130000,1.1864000
20240216,510,P,35.8400,35.8400,35.8400,35.8400,0,0,0.2093000,-0.8282000,0.0000000,39.4824000,-0.0436000,-45.7917000
20240216,478,C,6.6750,6.6750,6.6750,6.6750,0,0,0.1166000,0.4827000,0.0000000,61.7768000,-0.1246000,23.7478000
20240216,478,P,7.7450,7.7450,7.7450,7.7450,0,0,0.1157000,-0.5174000,0.0000000,61.7751000,-0.0548000,-27.0438000
20240216,275,C,201.0100,201.0100,201.0100,201.0100,0,0,0.7226000,0.9928000,0.0000000,3.0865000,-0.0678000,28.8235000
20240216,275,P,0.0150,0.0150,0.0150,0.0150,0,0,0.5187000,-0.0004000,0.0000000,0.2408000,-0.0015000,-0.0229000
20240216,435,C,42.7100,42.7100,42.7100,42.7100,0,0,0.2003000,0.9245000,0.0000000,22.0478000,-0.1141000,42.2769000
20240216,435,P,0.6750,0.6750,0.6750,0.6750,0,0,0.1795000,-0.0553000,0.0000000,17.3319000,-0.0359000,-2.8765000
20240216,403,C,74.0600,74.0600,74.0600,74.0600,0,0,0.2885000,0.9664000,0.0000000,11.5591000,-0.0986000,41.0530000
20240216,403,P,0.2350,0.2350,0.2350,0.2350,0,0,0.2458000,-0.0164000,0.0000000,6.3374000,-0.0188000,-0.8555000
20240216,467,C,13.9900,13.9900,13.9900,13.9900,0,0,0.1334000,0.6919000,0.0000000,54.5342000,-0.1389000,33.5603000
20240216,467,P,3.8600,3.8600,3.8600,3.8600,0,0,0.1275000,-0.3007000,0.0000000,53.9495000,-0.0669000,-15.6485000
20240216,499,C,0.6550,0.6550,0.6550,0.6550,0,0,0.1021000,0.0898000,0.0000000,25.1394000,-0.0390000,4.4828000
20240216,499,P,24.8400,24.8400,24.8400,24.8400,0,0,0.1629000,-0.7953000,0.0000000,43.9977000,-0.0334000,-42.9485000
20240216,360,C,116.6400,116.6400,116.6400,116.6400,0,0,0.4218000,0.9824000,0.0000000,6.7088000,-0.0870000,37.3135000
20240216,360,P,0.0950,0.0950,0.0950,0.0950,0,0,0.3427000,-0.0051000,0.0000000,2.3035000,-0.0097000,-0.2708000
20240216,424,C,53.3900,53.3900,53.3900,53.3900,0,0,0.2281000,0.9466000,0.0000000,16.8390000,-0.1067000,42.2556000
20240216,424,P,0.4350,0.4350,0.4350,0.4350,0,0,0.2009000,-0.0342000,0.0000000,11.7602000,-0.0278000,-1.7803000
20240216,456,C,23.1400,23.1400,23.1400,23.1400,0,0,0.1539000,0.8197000,0.0000000,40.7108000,-0.1335000,39.0583000
20240216,456,P,2.0050,2.0050,2.0050,2.0050,0,0,0.1441000,-0.1651000,0.0000000,38.4980000,-0.0594000,-8.5810000
20240216,520,C,0.0550,0.0550,0.0550,0.0550,0,0,0.1108000,0.0088000,0.0000000,3.7126000,-0.0058000,0.4430000
20240216,520,P,45.8400,45.8400,45.8400,45.8400,0,0,0.2485000,-0.8473000,0.0000000,36.5691000,-0.0514000,-47.8265000
20240216,488,C,2.5700,2.5700,2.5700,2.5700,0,0,0.1071000,0.2605000,0.0000000,50.3337000,-0.0867000,12.9279000
20240216,488,P,14.2650,14.2650,14.2650,14.2650,0,0,0.1191000,-0.7166000,0.0000000,52.4757000,-0.0286000,-37.8322000
20240216,285,C,191.0800,191.0800,191.0800,191.0800,0,0,0.6843000,0.9920000,0.0000000,3.3653000,-0.0701000,29.8469000
20240216,285,P,0.0250,0.0250,0.0250,0.0250,0,0,0.5187000,-0.0009000,0.0000000,0.4751000,-0.0030000,-0.0479000
20240216,413,C,64.1950,64.1950,64.1950,64.1950,0,0,0.2587000,0.9592000,0.0000000,13.5579000,-0.1018000,41.7418000
20240216,413,P,0.3050,0.3050,0.3050,0.3050,0,0,0.2238000,-0.0226000,0.0000000,8.3435000,-0.0223000,-1.1807000
20240216,445,C,33.1900,33.1900,33.1900,33.1900,0,0,0.1770000,0.8895000,0.0000000,29.2366000,-0.1229000,41.5207000
20240216,445,P,1.0950,1.0950,1.0950,1.0950,0,0,0.1619000,-0.0913000,0.0000000,25.4419000,-0.0463000,-4.7427000
20240216,477,C,7.2250,7.2250,7.2250,7.2250,0,0,0.1177000,0.5048000,0.0000000,61.8298000,-0.1271000,24.8048000
20240216,477,P,7.2650,7.2650,7.2650,7.2650,0,0,0.1163000,-0.4953000,0.0000000,61.8301000,-0.0569000,-25.8709000
20240216,210,C,265.5800,265.5800,265.5800,265.5800,0,0,1.0132000,0.9958000,0.0000000,1.8873000,-0.0545000,22.0786000
20240216,370,C,106.7300,106.7300,106.7300,106.7300,0,0,0.3903000,0.9799000,0.0000000,7.5281000,-0.0897000,38.2437000
20240216,370,P,0.1150,0.1150,0.1150,0.1150,0,0,0.3203000,-0.0066000,0.0000000,2.8858000,-0.0113000,-0.3486000
20240216,434,C,43.6800,43.6800,43.6800,43.6800,0,0,0.2030000,0.9268000,0.0000000,21.5268000,-0.1136000,42.2912000
20240216,434,P,0.6450,0.6450,0.6450,0.6450,0,0,0.1813000,-0.0528000,0.0000000,16.6949000,-0.0350000,-2.7437000
20240216,402,C,75.0450,75.0450,75.0450,75.0450,0,0,0.2907000,0.9674000,0.0000000,11.2858000,-0.0978000,40.9970000
20240216,402,P,0.2350,0.2350,0.2350,0.2350,0,0,0.2490000,-0.0162000,0.0000000,6.2788000,-0.0188000,-0.8466000
20240216,466,C,14.7650,14.7650,14.7650,14.7650,0,0,0.1350000,0.7068000,0.0000000,53.3229000,-0.1389000,34.2357000
20240216,466,P,3.6400,3.6400,3.6400,3.6400,0,0,0.1291000,-0.2852000,0.0000000,52.6466000,-0.0669000,-14.8430000
20240216,498,C,0.7550,0.7550,0.7550,0.7550,0,0,0.1025000,0.1008000,0.0000000,27.3639000,-0.0428000,5.0279000
20240216,498,P,23.8400,23.8400,23.8400,23.8400,0,0,0.1585000,-0.7912000,0.0000000,44.5123000,-0.0324000,-42.6361000
20240216,530,C,0.0250,0.0250,0.0250,0.0250,0,0,0.1191000,0.0035000,0.0000000,1.6457000,-0.0027000,0.1772000
20240216,530,P,55.8400,55.8400,55.8400,55.8400,0,0,0.2857000,-0.8609000,0.0000000,34.3450000,-0.0582000,-49.5845000
20240216,295,C,181.1500,181.1500,181.1500,181.1500,0,0,0.6464000,0.9913000,0.0000000,3.6554000,-0.0723000,30.8684000
20240216,295,P,0.0250,0.0250,0.0250,0.0250,0,0,0.4843000,-0.0009000,0.0000000,0.4871000,-0.0029000,-0.0491000
20240216,423,C,54.3700,54.3700,54.3700,54.3700,0,0,0.2309000,0.9479000,0.0000000,16.4994000,-0.1063000,42.2194000
20240216,423,P,0.4200,0.4200,0.4200,0.4200,0,0,0.2033000,-0.0331000,0.0000000,11.4536000,-0.0275000,-1.7244000
20240216,455,C,24.0250,24.0250,24.0250,24.0250,0,0,0.1558000,0.8282000,0.0000000,39.4874000,-0.1325000,39.3939000
20240216,455,P,1.8950,1.8950,1.8950,1.8950,0,0,0.1457000,-0.1564000,0.0000000,37.1628000,-0.0583000,-8.1290000
20240216,487,C,2.8650,2.8650,2.8650,2.8650,0,0,0.1077000,0.2811000,0.0000000,52.2781000,-0.0911000,13.9384000
20240216,487,P,13.4600,13.4600,13.4600,13.4600,0,0,0.1176000,-0.7010000,0.0000000,53.8033000,-0.0308000,-36.9580000
20240216,220,C,255.6450,255.6450,255.6450,255.6450,0,0,0.9611000,0.9955000,0.0000000,2.0010000,-0.0561000,23.1266000
20240216,380,C,96.8200,96.8200,96.8200,96.8200,0,0,0.3588000,0.9769000,0.0000000,8.4650000,-0.0922000,39.1511000
20240216,380,P,0.1450,0.1450,0.1450,0.1450,0,0,0.2988000,-0.0088000,0.0000000,3.6981000,-0.0135000,-0.4614000
20240216,412,C,65.1800,65.1800,65.1800,65.1800,0,0,0.2620000,0.9599000,0.0000000,13.3825000,-0.1016000,41.6688000
20240216,412,P,0.2950,0.2950,0.2950,0.2950,0,0,0.2258000,-0.0218000,0.0000000,8.0768000,-0.0218000,-1.1362000
20240216,444,C,34.1250,34.1250,34.1250,34.1250,0,0,0.1789000,0.8943000,0.0000000,28.3066000,-0.1216000,41.6671000
20240216,444,P,1.0350,1.0350,1.0350,1.0350,0,0,0.1635000,-0.0864000,0.0000000,24.4288000,-0.0450000,-4.4907000
20240216,476,C,7.8000,7.8000,7.8000,7.8000,0,0,0.1191000,0.5264000,0.0000000,61.6988000,-0.1294000,25.8371000
20240216,476,P,6.8150,6.8150,6.8150,6.8150,0,0,0.1170000,-0.4733000,0.0000000,61.6968000,-0.0589000,-24.7122000
20240216,540,C,0.0150,0.0150,0.0150,0.0150,0,0,0.1289000,0.0016000,0.0000000,0.8464000,-0.0015000,0.0849000
20240216,540,P,65.8350,65.8350,65.8350,65.8350,0,0,0.3208000,-0.8714000,0.0000000,32.5370000,-0.0641000,-51.1849000
20240216,305,C,171.2250,171.2250,171.2250,171.2250,0,0,0.6093000,0.9904000,0.0000000,3.9705000,-0.0744000,31.8858000
20240216,305,P,0.0350,0.0350,0.0350,0.0350,0,0,0.4687000,-0.0013000,0.0000000,0.7005000,-0.0041000,-0.0730000
20240216,433,C,44.6300,44.6300,44.6300,44.6300,0,0,0.2047000,0.9299000,0.0000000,20.8169000,-0.1122000,42.3482000
20240216,433,P,0.6150,0.6150,0.6150,0.6150,0,0,0.1831000,-0.0502000,0.0000000,16.0544000,-0.0341000,-2.6121000
20240216,401,C,76.0350,76.0350,76.0350,76.0350,0,0,0.2939000,0.9679000,0.0000000,11.1400000,-0.0976000,40.9170000
20240216,401,P,0.2250,0.2250,0.2250,0.2250,0,0,0.2504000,-0.0154000,0.0000000,6.0356000,-0.0182000,-0.8085000
20240216,465,C,15.5500,15.5500,15.5500,15.5500,0,0,0.1369000,0.7209000,0.0000000,52.0927000,-0.1388000,34.8631000
20240216,465,P,3.4150,3.4150,3.4150,3.4150,0,0,0.1303000,-0.2699000,0.0000000,51.2440000,-0.0664000,-14.0413000
20240216,497,C,0.8550,0.8550,0.8550,0.8550,0,0,0.1025000,0.1118000,0.0000000,29.4885000,-0.0463000,5.5744000
20240216,497,P,22.8400,22.8400,22.8400,22.8400,0,0,0.1540000,-0.7869000,0.0000000,45.0453000,-0.0313000,-42.3124000
20240216,230,C,245.7150,245.7150,245.7150,245.7150,0,0,0.9160000,0.9951000,0.0000000,2.1892000,-0.0586000,24.1640000
20240216,390,C,86.9150,86.9150,86.9150,86.9150,0,0,0.3271000,0.9734000,0.0000000,9.5296000,-0.0944000,40.0328000
20240216,390,P,0.1750,0.1750,0.1750,0.1750,0,0,0.2751000,-0.0112000,0.0000000,4.5875000,-0.0153000,-0.5896000
20240216,422,C,55.3500,55.3500,55.3500,55.3500,0,0,0.2337000,0.9492000,0.0000000,16.1699000,-0.1058000,42.1806000
20240216,422,P,0.4050,0.4050,0.4050,0.4050,0,0,0.2048000,-0.0315000,0.0000000,10.9833000,-0.0266000,-1.6390000
20240216,454,C,24.9150,24.9150,24.9150,24.9150,0,0,0.1577000,0.8361000,0.0000000,38.2983000,-0.1315000,39.7026000
20240216,454,P,1.7850,1.7850,1.7850,1.7850,0,0,0.1472000,-0.1479000,0.0000000,35.8078000,-0.0571000,-7.6861000
20240216,486,C,3.1850,3.1850,3.1850,3.1850,0,0,0.1085000,0.3025000,0.0000000,54.0987000,-0.0956000,14.9901000
20240216,486,P,12.6900,12.6900,12.6900,12.6900,0,0,0.1163000,-0.6842000,0.0000000,55.1179000,-0.0332000,-36.0220000
20240216,550,C,0.0150,0.0150,0.0150,0.0150,0,0,0.1464000,0.0015000,0.0000000,0.7834000,-0.0015000,0.0779000
20240216,550,P,75.8350,75.8350,75.8350,75.8350,0,0,0.3548000,-0.8794000,0.0000000,31.1128000,-0.0698000,-52.6573000
20240216,315,C,161.2950,161.2950,161.2950,161.2950,0,0,0.5730000,0.9894000,0.0000000,4.3165000,-0.0765000,32.8981000
20240216,315,P,0.0350,0.0350,0.0350,0.0350,0,0,0.4375000,-0.0014000,0.0000000,0.7488000,-0.0040000,-0.0783000
20240216,411,C,66.1650,66.1650,66.1650,66.1650,0,0,0.2646000,0.9609000,0.0000000,13.1040000,-0.1011000,41.6159000
20240216,411,P,0.2950,0.2950,0.2950,0.2950,0,0,0.2290000,-0.0215000,0.0000000,7.9870000,-0.0219000,-1.1217000
20240216,443,C,35.0750,35.0750,35.0750,35.0750,0,0,0.1814000,0.8982000,0.0000000,27.5465000,-0.1209000,41.7626000
20240216,443,P,0.9850,0.9850,0.9850,0.9850,0,0,0.1652000,-0.0821000,0.0000000,23.5142000,-0.0440000,-4.2682000
20240216,475,C,8.4100,8.4100,8.4100,8.4100,0,0,0.1206000,0.5474000,0.0000000,61.3963000,-0.1314000,26.8383000
20240216,475,P,6.3950,6.3950,6.3950,6.3950,0,0,0.1179000,-0.4518000,0.0000000,61.3829000,-0.0607000,-23.5742000
20240216,240,C,235.7750,235.7750,235.7750,235.7750,0,0,0.8679000,0.9947000,0.0000000,2.3231000,-0.0601000,25.2091000
20240216,432,C,45.5950,45.5950,45.5950,45.5950,0,0,0.2069000,0.9325000,0.0000000,20.2308000,-0.1113000,42.3745000
20240216,432,P,0.5950,0.5950,0.5950,0.5950,0,0,0.1853000,-0.0482000,0.0000000,15.5478000,-0.0335000,-2.5096000
20240216,400,C,77.0250,77.0250,77.0250,77.0250,0,0,0.2971000,0.9684000,0.0000000,10.9970000,-0.0974000,40.8364000
20240216,400,P,0.2150,0.2150,0.2150,0.2150,0,0,0.2519000,-0.0147000,0.0000000,5.8016000,-0.0176000,-0.7721000
20240216,464,C,16.3500,16.3500,16.3500,16.3500,0,0,0.1386000,0.7343000,0.0000000,50.8271000,-0.1386000,35.4606000
20240216,464,P,3.2200,3.2200,3.2200,3.2200,0,0,0.1320000,-0.2560000,0.0000000,49.8809000,-0.0662000,-13.3184000
20240216,496,C,0.9850,0.9850,0.9850,0.9850,0,0,0.1031000,0.1251000,0.0000000,31.9268000,-0.0507000,6.2342000
20240216,496,P,21.8400,21.8400,21.8400,21.8400,0,0,0.1495000,-0.7824000,0.0000000,45.5989000,-0.0302000,-41.9759000
20240216,560,P,85.8350,85.8350,85.8350,85.8350,0,0,0.3876000,-0.8858000,0.0000000,29.9294000,-0.0751000,-54.0514000
20240216,325,C,151.3700,151.3700,151.3700,151.3700,0,0,0.5394000,0.9881000,0.0000000,4.7825000,-0.0792000,33.8914000
20240216,325,P,0.0450,0.0450,0.0450,0.0450,0,0,0.4179000,-0.0020000,0.0000000,0.9927000,-0.0051000,-0.1067000
20240216,421,C,56.3300,56.3300,56.3300,56.3300,0,0,0.2365000,0.9505000,0.0000000,15.8500000,-0.1054000,42.1394000
20240216,421,P,0.3950,0.3950,0.3950,0.3950,0,0,0.2072000,-0.0305000,0.0000000,10.7018000,-0.0262000,-1.5887000
20240216,453,C,25.8300,25.8300,25.8300,25.8300,0,0,0.1603000,0.8427000,0.0000000,37.2829000,-0.1310000,39.9388000
20240216,453,P,1.6850,1.6850,1.6850,1.6850,0,0,0.1487000,-0.1399000,0.0000000,34.4957000,-0.0558000,-7.2717000
20240216,485,C,3.5300,3.5300,3.5300,3.5300,0,0,0.1094000,0.3246000,0.0000000,55.7587000,-0.1001000,16.0698000
20240216,485,P,11.9550,11.9550,11.9550,11.9550,0,0,0.1153000,-0.6662000,0.0000000,56.3872000,-0.0357000,-35.0298000
20240216,250,C,225.8400,225.8400,225.8400,225.8400,0,0,0.8257000,0.9942000,0.0000000,2.5362000,-0.0625000,26.2427000
20240216,410,C,67.1500,67.1500,67.1500,67.1500,0,0,0.2678000,0.9615000,0.0000000,12.9206000,-0.1009000,41.5441000
20240216,410,P,0.2850,0.2850,0.2850,0.2850,0,0,0.2309000,-0.0207000,0.0000000,7.7349000,-0.0214000,-1.0800000
20240216,442,C,36.0100,36.0100,36.0100,36.0100,0,0,0.1834000,0.9025000,0.0000000,26.6978000,-0.1198000,41.8784000
20240216,442,P,0.9350,0.9350,0.9350,0.9350,0,0,0.1669000,-0.0779000,0.0000000,22.6002000,-0.0428000,-4.0501000
20240216,474,C,9.0350,9.0350,9.0350,9.0350,0,0,0.1219000,0.5679000,0.0000000,60.9342000,-0.1331000,27.8123000
20240216,474,P,6.0000,6.0000,6.0000,6.0000,0,0,0.1190000,-0.4307000,0.0000000,60.9003000,-0.0623000,-22.4649000
20240216,570,P,95.8350,95.8350,95.8350,95.8350,0,0,0.4194000,-0.8911000,0.0000000,28.9339000,-0.0801000,-55.3869000
20240216,335,C,141.4450,141.4450,141.4450,141.4450,0,0,0.5039000,0.9869000,0.0000000,5.1897000,-0.0810000,34.8932000
20240216,335,P,0.0550,0.0550,0.0550,0.0550,0,0,0.3964000,-0.0026000,0.0000000,1.2638000,-0.0062000,-0.1391000
20240216,431,C,46.5650,46.5650,46.5650,46.5650,0,0,0.2094000,0.9346000,0.0000000,19.7261000,-0.1106000,42.3807000
20240216,431,P,0.5650,0.5650,0.5650,0.5650,0,0,0.1868000,-0.0458000,0.0000000,14.9270000,-0.0325000,-2.3853000
20240216,495,C,1.1150,1.1150,1.1150,1.1150,0,0,0.1033000,0.1383000,0.0000000,34.2267000,-0.0547000,6.8925000
20240216,495,P,20.8400,20.8400,20.8400,20.8400,0,0,0.1449000,-0.7775000,0.0000000,46.1811000,-0.0291000,-41.6227000
20240216,463,C,17.1650,17.1650,17.1650,17.1650,0,0,0.1404000,0.7472000,0.0000000,49.5364000,-0.1382000,36.0273000
20240216,463,P,3.0250,3.0250,3.0250,3.0250,0,0,0.1332000,-0.2421000,0.0000000,48.4235000,-0.0655000,-12.5936000
20240216,260,C,215.9100,215.9100,215.9100,215.9100,0,0,0.7847000,0.9936000,0.0000000,2.7660000,-0.0649000,27.2737000
20240216,260,P,0.0150,0.0150,0.0150,0.0150,0,0,0.5749000,-0.0004000,0.0000000,0.2489000,-0.0018000,-0.0238000
20240216,420,C,57.3100,57.3100,57.3100,57.3100,0,0,0.2392000,0.9518000,0.0000000,15.5185000,-0.1049000,42.1002000
20240216,420,P,0.3850,0.3850,0.3850,0.3850,0,0,0.2095000,-0.0295000,0.0000000,10.4093000,-0.0258000,-1.5367000
20240216,452,C,26.7250,26.7250,26.7250,26.7250,0,0,0.1619000,0.8503000,0.0000000,36.0820000,-0.1297000,40.2279000
20240216,452,P,1.5950,1.5950,1.5950,1.5950,0,0,0.1503000,-0.1326000,0.0000000,33.2452000,-0.0547000,-6.8895000
20240216,484,C,3.9000,3.9000,3.9000,3.9000,0,0,0.1103000,0.3469000,0.0000000,57.2246000,-0.1043000,17.1601000
20240216,484,P,11.2550,11.2550,11.2550,11.2550,0,0,0.1148000,-0.6468000,0.0000000,57.5966000,-0.0385000,-33.9742000
20240216,345,C,131.5200,131.5200,131.5200,131.5200,0,0,0.4711000,0.9853000,0.0000000,5.7618000,-0.0836000,35.8680000
20240216,345,P,0.0750,0.0750,0.0750,0.0750,0,0,0.3789000,-0.0037000,0.0000000,1.7255000,-0.0081000,-0.1965000
20240216,409,C,68.1350,68.1350,68.1350,68.1350,0,0,0.2702000,0.9626000,0.0000000,12.6381000,-0.1002000,41.4914000
20240216,409,P,0.2750,0.2750,0.2750,0.2750,0,0,0.2326000,-0.0198000,0.0000000,7.4597000,-0.0208000,-1.0349000
20240216,441,C,36.9750,36.9750,36.9750,36.9750,0,0,0.1862000,0.9057000,0.0000000,26.0441000,-0.1192000,41.9394000
20240216,441,P,0.8950,0.8950,0.8950,0.8950,0,0,0.1688000,-0.0743000,0.0000000,21.7978000,-0.0419000,-3.8625000
20240216,505,C,0.2850,0.2850,0.2850,0.2850,0,0,0.1016000,0.0438000,0.0000000,14.3834000,-0.0217000,2.1908000
20240216,505,P,30.8400,30.8400,30.8400,30.8400,0,0,0.1887000,-0.8154000,0.0000000,41.3160000,-0.0392000,-44.6076000
20240216,473,C,9.6850,9.6850,9.6850,9.6850,0,0,0.1234000,0.5878000,0.0000000,60.3297000,-0.1346000,28.7478000
20240216,473,P,5.6300,5.6300,5.6300,5.6300,0,0,0.1200000,-0.4101000,0.0000000,60.2601000,-0.0636000,-21.3828000
20240216,270,C,205.9750,205.9750,205.9750,205.9750,0,0,0.7408000,0.9932000,0.0000000,2.9268000,-0.0663000,28.3147000
20240216,270,P,0.0150,0.0150,0.0150,0.0150,0,0,0.5375000,-0.0004000,0.0000000,0.2454000,-0.0016000,-0.0234000
20240216,430,C,47.5350,47.5350,47.5350,47.5350,0,0,0.2119000,0.9367000,0.0000000,19.2376000,-0.1099000,42.3821000
20240216,430,P,0.5450,0.5450,0.5450,0.5450,0,0,0.1889000,-0.0440000,0.0000000,14.4349000,-0.0318000,-2.2883000
20240216,462,C,17.9950,17.9950,17.9950,17.9950,0,0,0.1423000,0.7592000,0.0000000,48.2698000,-0.1378000,36.5430000
20240216,462,P,2.8500,2.8500,2.8500,2.8500,0,0,0.1348000,-0.2295000,0.0000000,47.0092000,-0.0650000,-11.9330000
20240216,494,C,1.2650,1.2650,1.2650,1.2650,0,0,0.1036000,0.1528000,0.0000000,36.5923000,-0.0590000,7.6091000
20240216,494,P,19.8400,19.8400,19.8400,19.8400,0,0,0.1402000,-0.7723000,0.0000000,46.7884000,-0.0279000,-41.2531000
20240216,355,C,121.6000,121.6000,121.6000,121.6000,0,0,0.4382000,0.9834000,0.0000000,6.3732000,-0.0859000,36.8353000
20240216,355,P,0.0850,0.0850,0.0850,0.0850,0,0,0.3535000,-0.0045000,0.0000000,2.0421000,-0.0089000,-0.2367000
20240216,419,C,58.2900,58.2900,58.2900,58.2900,0,0,0.2419000,0.9530000,0.0000000,15.1966000,-0.1044000,42.0585000
20240216,419,P,0.3650,0.3650,0.3650,0.3650,0,0,0.2109000,-0.0280000,0.0000000,9.9645000,-0.0249000,-1.4581000
20240216,451,C,27.6450,27.6450,27.6450,27.6450,0,0,0.1643000,0.8565000,0.0000000,35.0734000,-0.1289000,40.4431000
20240216,451,P,1.5050,1.5050,1.5050,1.5050,0,0,0.1519000,-0.1254000,0.0000000,31.9944000,-0.0534000,-6.5184000
20240216,515,C,0.0850,0.0850,0.0850,0.0850,0,0,0.1062000,0.0139000,0.0000000,5.5151000,-0.0084000,0.6983000
20240216,515,P,40.8400,40.8400,40.8400,40.8400,0,0,0.2292000,-0.8386000,0.0000000,37.9184000,-0.0476000,-46.8541000
20240216,483,C,4.2900,4.2900,4.2900,4.2900,0,0,0.1111000,0.3693000,0.0000000,58.4871000,-0.1081000,18.2538000
20240216,483,P,10.6050,10.6050,10.6050,10.6050,0,0,0.1147000,-0.6262000,0.0000000,58.7124000,-0.0416000,-32.8605000
20240216,525,C,0.0350,0.0350,0.0350,0.0350,0,0,0.1142000,0.0052000,0.0000000,2.3583000,-0.0038000,0.2651000
20240216,525,P,50.8400,50.8400,50.8400,50.8400,0,0,0.2673000,-0.8546000,0.0000000,35.3850000,-0.0549000,-48.7326000
20240216,280,C,196.0500,196.0500,196.0500,196.0500,0,0,0.7050000,0.9923000,0.0000000,3.2641000,-0.0694000,29.3296000
20240216,280,P,0.0150,0.0150,0.0150,0.0150,0,0,0.5062000,-0.0004000,0.0000000,0.2667000,-0.0016000,-0.0255000
20240216,408,C,69.1250,69.1250,69.1250,69.1250,0,0,0.2734000,0.9632000,0.0000000,12.4647000,-0.1000000,41.4174000
20240216,408,P,0.2650,0.2650,0.2650,0.2650,0,0,0.2346000,-0.0191000,0.0000000,7.2258000,-0.0203000,-0.9969000
20240216,440,C,37.9250,37.9250,37.9250,37.9250,0,0,0.1884000,0.9093000,0.0000000,25.3013000,-0.1183000,42.0210000
20240216,440,P,0.8450,0.8450,0.8450,0.8450,0,0,0.1702000,-0.0703000,0.0000000,20.8847000,-0.0406000,-3.6526000
20240216,472,C,10.3600,10.3600,10.3600,10.3600,0,0,0.1251000,0.6069000,0.0000000,59.6006000,-0.1359000,29.6418000
20240216,472,P,5.2900,5.2900,5.2900,5.2900,0,0,0.1213000,-0.3902000,0.0000000,59.4808000,-0.0648000,-20.3387000
20240216,365,C,111.6850,111.6850,111.6850,111.6850,0,0,0.4055000,0.9813000,0.0000000,7.0622000,-0.0881000,37.7883000
20240216,365,P,0.1050,0.1050,0.1050,0.1050,0,0,0.3320000,-0.0059000,0.0000000,2.6002000,-0.0106000,-0.3102000
20240216,429,C,48.5100,48.5100,48.5100,48.5100,0,0,0.2148000,0.9383000,0.0000000,18.8499000,-0.1095000,42.3600000
20240216,429,P,0.5250,0.5250,0.5250,0.5250,0,0,0.1909000,-0.0421000,0.0000000,13.9361000,-0.0311000,-2.1910000
20240216,461,C,18.8450,18.8450,18.8450,18.8450,0,0,0.1445000,0.7702000,0.0000000,47.0314000,-0.1375000,37.0132000
20240216,461,P,2.6800,2.6800,2.6800,2.6800,0,0,0.1363000,-0.2171000,0.0000000,45.5544000,-0.0642000,-11.2901000
20240216,493,C,1.4350,1.4350,1.4350,1.4350,0,0,0.1041000,0.1685000,0.0000000,39.0088000,-0.0635000,8.3874000
20240216,493,P,18.8400,18.8400,18.8400,18.8400,0,0,0.1355000,-0.7668000,0.0000000,47.4233000,-0.0267000,-40.8648000
20240216,535,C,0.0250,0.0250,0.0250,0.0250,0,0,0.1289000,0.0033000,0.0000000,1.5772000,-0.0028000,0.1688000
20240216,535,P,60.8400,60.8400,60.8400,60.8400,0,0,0.3035000,-0.8663000,0.0000000,33.4135000,-0.0614000,-50.3962000
20240216,290,C,186.1150,186.1150,186.1150,186.1150,0,0,0.6640000,0.9917000,0.0000000,3.4727000,-0.0709000,30.3633000
20240216,290,P,0.0250,0.0250,0.0250,0.0250,0,0,0.5000000,-0.0008000,0.0000000,0.4687000,-0.0029000,-0.0471000
20240216,418,C,59.2750,59.2750,59.2750,59.2750,0,0,0.2445000,0.9543000,0.0000000,14.8638000,-0.1038000,42.0186000
20240216,418,P,0.3550,0.3550,0.3550,0.3550,0,0,0.2131000,-0.0270000,0.0000000,9.6760000,-0.0245000,-1.4078000
20240216,450,C,28.5500,28.5500,28.5500,28.5500,0,0,0.1663000,0.8629000,0.0000000,33.9940000,-0.1278000,40.6727000
20240216,450,P,1.4250,1.4250,1.4250,1.4250,0,0,0.1535000,-0.1189000,0.0000000,30.8087000,-0.0522000,-6.1769000
20240216,482,C,4.7200,4.7200,4.7200,4.7200,0,0,0.1122000,0.3922000,0.0000000,59.5658000,-0.1120000,19.3697000
20240216,482,P,9.9650,9.9650,9.9650,9.9650,0,0,0.1145000,-0.6053000,0.0000000,59.6658000,-0.0444000,-31.7338000
20240216,215,C,260.6100,260.6100,260.6100,260.6100,0,0,0.9863000,0.9957000,0.0000000,1.9363000,-0.0552000,22.6037000
20240216,375,C,101.7650,101.7650,101.7650,101.7650,0,0,0.3728000,0.9789000,0.0000000,7.8302000,-0.0901000,38.7263000
20240216,375,P,0.1350,0.1350,0.1350,0.1350,0,0,0.3110000,-0.0078000,0.0000000,3.3521000,-0.0128000,-0.4130000
20240216,439,C,38.8750,38.8750,38.8750,38.8750,0,0,0.1906000,0.9128000,0.0000000,24.5682000,-0.1173000,42.0973000
20240216,439,P,0.8050,0.8050,0.8050,0.8050,0,0,0.1719000,-0.0668000,0.0000000,20.0813000,-0.0395000,-3.4716000
20240216,407,C,70.1100,70.1100,70.1100,70.1100,0,0,0.2766000,0.9638000,0.0000000,12.2951000,-0.0998000,41.3426000
20240216,407,P,0.2650,0.2650,0.2650,0.2650,0,0,0.2377000,-0.0188000,0.0000000,7.1520000,-0.0204000,-0.9853000
20240216,471,C,11.0500,11.0500,11.0500,11.0500,0,0,0.1267000,0.6253000,0.0000000,58.7560000,-0.1370000,30.5027000
20240216,471,P,4.9700,4.9700,4.9700,4.9700,0,0,0.1225000,-0.3710000,0.0000000,58.5750000,-0.0657000,-19.3299000
20240216,545,C,0.0150,0.0150,0.0150,0.0150,0,0,0.1367000,0.0015000,0.0000000,0.7604000,-0.0014000,0.0754000
20240216,545,P,70.8350,70.8350,70.8350,70.8350,0,0,0.3380000,-0.8756000,0.0000000,31.7930000,-0.0670000,-51.9319000
20240216,300,C,176.1850,176.1850,176.1850,176.1850,0,0,0.6265000,0.9909000,0.0000000,3.7704000,-0.0730000,31.3835000
20240216,300,P,0.0250,0.0250,0.0250,0.0250,0,0,0.4687000,-0.0009000,0.0000000,0.5042000,-0.0029000,-0.0509000
20240216,428,C,49.4800,49.4800,49.4800,49.4800,0,0,0.2172000,0.9403000,0.0000000,18.3788000,-0.1088000,42.3557000
20240216,428,P,0.5050,0.5050,0.5050,0.5050,0,0,0.1928000,-0.0403000,0.0000000,13.4565000,-0.0304000,-2.0986000
20240216,460,C,19.6750,19.6750,19.6750,19.6750,0,0,0.1461000,0.7816000,0.0000000,45.6914000,-0.1366000,37.5019000
20240216,460,P,2.5300,2.5300,2.5300,2.5300,0,0,0.1379000,-0.2057000,0.0000000,44.1341000,-0.0634000,-10.6946000
20240216,492,C,1.6250,1.6250,1.6250,1.6250,0,0,0.1047000,0.1854000,0.0000000,41.4348000,-0.0682000,9.2223000
20240216,492,P,17.8500,17.8500,17.8500,17.8500,0,0,0.1310000,-0.7604000,0.0000000,48.1305000,-0.0258000,-40.4372000
20240216,225,C,250.7000,250.7000,250.7000,250.7000,0,0,0.9500000,0.9949000,0.0000000,2.2510000,-0.0595000,23.6230000
20240216,385,C,91.8650,91.8650,91.8650,91.8650,0,0,0.3425000,0.9754000,0.0000000,8.9299000,-0.0931000,39.6044000
20240216,385,P,0.1550,0.1550,0.1550,0.1550,0,0,0.2861000,-0.0097000,0.0000000,4.0508000,-0.0141000,-0.5115000
20240216,417,C,60.2600,60.2600,60.2600,60.2600,0,0,0.2478000,0.9551000,0.0000000,14.6594000,-0.1036000,41.9523000
20240216,417,P,0.3450,0.3450,0.3450,0.3450,0,0,0.2153000,-0.0261000,0.0000000,9.3978000,-0.0240000,-1.3597000
20240216,449,C,29.4650,29.4650,29.4650,29.4650,0,0,0.1681000,0.8692000,0.0000000,32.9129000,-0.1266000,40.8943000
20240216,449,P,1.3550,1.3550,1.3550,1.3550,0,0,0.1553000,-0.1129000,0.0000000,29.7060000,-0.0511000,-5.8679000
20240216,481,C,5.1700,5.1700,5.1700,5.1700,0,0,0.1132000,0.4150000,0.0000000,60.4283000,-0.1156000,20.4777000
20240216,481,P,9.3750,9.3750,9.3750,9.3750,0,0,0.1147000,-0.5836000,0.0000000,60.4705000,-0.0473000,-30.5708000
20240216,555,C,0.0150,0.0150,0.0150,0.0150,0,0,0.1542000,0.0014000,0.0000000,0.7225000,-0.0015000,0.0712000
20240216,555,P,80.8350,80.8350,80.8350,80.8350,0,0,0.3714000,-0.8827000,0.0000000,30.5003000,-0.0725000,-53.3613000
20240216,310,C,166.2500,166.2500,166.2500,166.2500,0,0,0.5898000,0.9900000,0.0000000,4.0952000,-0.0750000,32.3994000
20240216,310,P,0.0350,0.0350,0.0350,0.0350,0,0,0.4531000,-0.0014000,0.0000000,0.7256000,-0.0041000,-0.0758000
20240216,438,C,39.8350,39.8350,39.8350,39.8350,0,0,0.1931000,0.9158000,0.0000000,23.9270000,-0.1166000,42.1479000
20240216,438,P,0.7750,0.7750,0.7750,0.7750,0,0,0.1741000,-0.0640000,0.0000000,19.4294000,-0.0388000,-3.3274000
20240216,406,C,71.0950,71.0950,71.0950,71.0950,0,0,0.2790000,0.9648000,0.0000000,12.0311000,-0.0992000,41.2856000
20240216,406,P,0.2550,0.2550,0.2550,0.2550,0,0,0.2395000,-0.0181000,0.0000000,6.9006000,-0.0199000,-0.9448000
20240216,470,C,11.7600,11.7600,11.7600,11.7600,0,0,0.1283000,0.6430000,0.0000000,57.8129000,-0.1377000,31.3255000
20240216,470,P,4.6600,4.6600,4.6600,4.6600,0,0,0.1236000,-0.3523000,0.0000000,57.5467000,-0.0662000,-18.3472000
20240216,502,C,0.4350,0.4350,0.4350,0.4350,0,0,0.1018000,0.0634000,0.0000000,19.2790000,-0.0294000,3.1670000
20240216,502,P,27.8400,27.8400,27.8400,27.8400,0,0,0.1760000,-0.8061000,0.0000000,42.5838000,-0.0364000,-43.8166000
20240216,235,C,240.7450,240.7450,240.7450,240.7450,0,0,0.8914000,0.9949000,0.0000000,2.2499000,-0.0593000,24.6874000
20240216,427,C,50.4600,50.4600,50.4600,50.4600,0,0,0.2202000,0.9418000,0.0000000,18.0167000,-0.1084000,42.3267000
20240216,427,P,0.4850,0.4850,0.4850,0.4850,0,0,0.1948000,-0.0386000,0.0000000,12.9952000,-0.0297000,-2.0107000
20240216,395,C,81.9650,81.9650,81.9650,81.9650,0,0,0.3117000,0.9712000,0.0000000,10.1857000,-0.0957000,40.4497000
20240216,395,P,0.1950,0.1950,0.1950,0.1950,0,0,0.2636000,-0.0129000,0.0000000,5.1625000,-0.0165000,-0.6750000
20240216,459,C,20.5300,20.5300,20.5300,20.5300,0,0,0.1481000,0.7918000,0.0000000,44.4418000,-0.1360000,37.9236000
20240216,459,P,2.3850,2.3850,2.3850,2.3850,0,0,0.1393000,-0.1946000,0.0000000,42.6816000,-0.0624000,-10.1141000
20240216,491,C,1.8300,1.8300,1.8300,1.8300,0,0,0.1054000,0.2031000,0.0000000,43.8028000,-0.0729000,10.0976000
20240216,491,P,16.9000,16.9000,16.9000,16.9000,0,0,0.1272000,-0.7522000,0.0000000,49.0224000,-0.0256000,-39.9159000
20240223,480,C,6.4200,6.4200,6.4200,6.4200,0,0,0.1138000,0.4535000,0.0000000,66.6994000,-0.1128000,26.2957000
20240223,480,P,9.1550,9.1550,9.1550,9.1550,0,0,0.1153000,-0.5456000,0.0000000,66.7155000,-0.0446000,-33.7575000
20240223,405,C,72.5500,72.5500,72.5500,72.5500,0,0,0.2657000,0.9632000,0.0000000,13.5432000,-0.0950000,48.4178000
20240223,405,P,0.3250,0.3250,0.3250,0.3250,0,0,0.2333000,-0.0214000,0.0000000,8.6387000,-0.0203000,-1.3206000
20240223,469,C,13.3700,13.3700,13.3700,13.3700,0,0,0.1290000,0.6584000,0.0000000,61.7851000,-0.1301000,37.6634000
20240223,469,P,4.8250,4.8250,4.8250,4.8250,0,0,0.1250000,-0.3372000,0.0000000,61.4841000,-0.0595000,-20.7596000
20240223,458,C,22.2050,22.2050,22.2050,22.2050,0,0,0.1475000,0.7928000,0.0000000,48.1250000,-0.1286000,44.5813000
20240223,458,P,2.6250,2.6250,2.6250,2.6250,0,0,0.1400000,-0.1956000,0.0000000,46.5008000,-0.0569000,-12.0203000
20240223,490,C,2.5650,2.5650,2.5650,2.5650,0,0,0.1051000,0.2477000,0.0000000,53.2307000,-0.0775000,14.4801000
20240223,490,P,16.0950,16.0950,16.0950,16.0950,0,0,0.1227000,-0.7185000,0.0000000,56.8094000,-0.0238000,-44.9652000
20240223,457.5,C,22.6400,22.6400,22.6400,22.6400,0,0,0.1486000,0.7971000,0.0000000,47.5318000,-0.1284000,44.7815000
20240223,457.5,P,2.5550,2.5550,2.5550,2.5550,0,0,0.1407000,-0.1907000,0.0000000,45.7880000,-0.0565000,-11.7193000
20240223,415,C,62.7200,62.7200,62.7200,62.7200,0,0,0.2395000,0.9543000,0.0000000,16.1330000,-0.0987000,49.1276000
20240223,415,P,0.4250,0.4250,0.4250,0.4250,0,0,0.2131000,-0.0295000,0.0000000,11.3022000,-0.0240000,-1.8172000
20240223,479,C,6.9400,6.9400,6.9400,6.9400,0,0,0.1149000,0.4744000,0.0000000,67.0174000,-0.1154000,27.4802000
20240223,479,P,8.6350,8.6350,8.6350,8.6350,0,0,0.1157000,-0.5252000,0.0000000,67.0205000,-0.0468000,-32.4737000
20240223,468,C,14.1100,14.1100,14.1100,14.1100,0,0,0.1306000,0.6736000,0.0000000,60.6889000,-0.1305000,38.4771000
20240223,468,P,4.5550,4.5550,4.5550,4.5550,0,0,0.1261000,-0.3212000,0.0000000,60.2968000,-0.0598000,-19.7719000
20240223,500,C,0.8000,0.8000,0.8000,0.8000,0,0,0.1008000,0.1008000,0.0000000,29.7152000,-0.0394000,5.9231000
20240223,500,P,25.8400,25.8400,25.8400,25.8400,0,0,0.1625000,-0.7806000,0.0000000,49.7558000,-0.0302000,-49.9077000
20240223,467.5,C,14.4850,14.4850,14.4850,14.4850,0,0,0.1313000,0.6810000,0.0000000,60.1113000,-0.1306000,38.8759000
20240223,467.5,P,4.4300,4.4300,4.4300,4.4300,0,0,0.1269000,-0.3137000,0.0000000,59.6930000,-0.0600000,-19.3053000
20240223,425,C,52.9550,52.9550,52.9550,52.9550,0,0,0.2147000,0.9408000,0.0000000,19.8245000,-0.1034000,49.5515000
20240223,425,P,0.5850,0.5850,0.5850,0.5850,0,0,0.1938000,-0.0424000,0.0000000,15.2334000,-0.0290000,-2.6121000
20240223,457,C,23.0700,23.0700,23.0700,23.0700,0,0,0.1495000,0.8016000,0.0000000,46.8980000,-0.1281000,44.9951000
20240223,457,P,2.4900,2.4900,2.4900,2.4900,0,0,0.1416000,-0.1863000,0.0000000,45.1289000,-0.0562000,-11.4470000
20240223,489,C,2.8450,2.8450,2.8450,2.8450,0,0,0.1058000,0.2667000,0.0000000,55.3167000,-0.0816000,15.5805000
20240223,489,P,15.2550,15.2550,15.2550,15.2550,0,0,0.1206000,-0.7058000,0.0000000,58.0035000,-0.0251000,-44.1021000
20240223,350,C,126.9250,126.9250,126.9250,126.9250,0,0,0.4206000,0.9843000,0.0000000,6.6185000,-0.0796000,42.8265000
20240223,350,P,0.1050,0.1050,0.1050,0.1050,0,0,0.3496000,-0.0051000,0.0000000,2.5194000,-0.0092000,-0.3232000
20240223,478,C,7.4900,7.4900,7.4900,7.4900,0,0,0.1161000,0.4951000,0.0000000,67.1497000,-0.1178000,28.6449000
20240223,478,P,8.1500,8.1500,8.1500,8.1500,0,0,0.1164000,-0.5048000,0.0000000,67.1498000,-0.0489000,-31.1936000
20240223,510,C,0.2250,0.2250,0.2250,0.2250,0,0,0.1007000,0.0334000,0.0000000,12.5288000,-0.0159000,1.9706000
20240223,510,P,35.8450,35.8450,35.8450,35.8450,0,0,0.2025000,-0.8116000,0.0000000,45.4378000,-0.0388000,-53.0184000
20240223,477.5,C,7.7700,7.7700,7.7700,7.7700,0,0,0.1167000,0.5053000,0.0000000,67.1487000,-0.1189000,29.2180000
20240223,477.5,P,7.9100,7.9100,7.9100,7.9100,0,0,0.1166000,-0.4946000,0.0000000,67.1487000,-0.0499000,-30.5585000
20240223,435,C,43.3300,43.3300,43.3300,43.3300,0,0,0.1932000,0.9174000,0.0000000,25.6188000,-0.1108000,49.3660000
20240223,435,P,0.8650,0.8650,0.8650,0.8650,0,0,0.1762000,-0.0647000,0.0000000,21.2800000,-0.0361000,-3.9776000
20240223,467,C,14.8650,14.8650,14.8650,14.8650,0,0,0.1321000,0.6882000,0.0000000,59.5312000,-0.1308000,39.2562000
20240223,467,P,4.3050,4.3050,4.3050,4.3050,0,0,0.1274000,-0.3060000,0.0000000,59.0491000,-0.0600000,-18.8281000
20240223,360,C,117.0200,117.0200,117.0200,117.0200,0,0,0.3916000,0.9820000,0.0000000,7.4177000,-0.0822000,43.9408000
20240223,360,P,0.1250,0.1250,0.1250,0.1250,0,0,0.3276000,-0.0064000,0.0000000,3.0706000,-0.0104000,-0.4033000
20240223,456,C,23.9400,23.9400,23.9400,23.9400,0,0,0.1513000,0.8102000,0.0000000,45.6470000,-0.1274000,45.4003000
20240223,456,P,2.3650,2.3650,2.3650,2.3650,0,0,0.1430000,-0.1771000,0.0000000,43.7281000,-0.0554000,-10.8834000
20240223,488,C,3.1450,3.1450,3.1450,3.1450,0,0,0.1065000,0.2862000,0.0000000,57.2648000,-0.0855000,16.7080000
20240223,488,P,14.4400,14.4400,14.4400,14.4400,0,0,0.1189000,-0.6919000,0.0000000,59.2241000,-0.0267000,-43.1686000
20240223,520,C,0.0750,0.0750,0.0750,0.0750,0,0,0.1054000,0.0117000,0.0000000,5.1448000,-0.0066000,0.6904000
20240223,520,P,45.8350,45.8350,45.8350,45.8350,0,0,0.2396000,-0.8322000,0.0000000,42.2329000,-0.0459000,-55.5101000
20240223,445,C,33.8800,33.8800,33.8800,33.8800,0,0,0.1721000,0.8808000,0.0000000,33.5079000,-0.1185000,48.3674000
20240223,445,P,1.3600,1.3600,1.3600,1.3600,0,0,0.1601000,-0.1033000,0.0000000,30.2536000,-0.0453000,-6.3458000
20240223,477,C,8.0500,8.0500,8.0500,8.0500,0,0,0.1172000,0.5154000,0.0000000,67.1046000,-0.1199000,29.7853000
20240223,477,P,7.6800,7.6800,7.6800,7.6800,0,0,0.1170000,-0.4845000,0.0000000,67.1046000,-0.0507000,-29.9265000
20240223,370,C,107.1200,107.1200,107.1200,107.1200,0,0,0.3625000,0.9795000,0.0000000,8.3197000,-0.0847000,45.0339000
20240223,370,P,0.1550,0.1550,0.1550,0.1550,0,0,0.3071000,-0.0084000,0.0000000,3.8515000,-0.0122000,-0.5208000
20240223,466,C,15.6400,15.6400,15.6400,15.6400,0,0,0.1339000,0.7019000,0.0000000,58.3509000,-0.1310000,39.9790000
20240223,466,P,4.0700,4.0700,4.0700,4.0700,0,0,0.1289000,-0.2915000,0.0000000,57.7629000,-0.0602000,-17.9345000
20240223,530,C,0.0350,0.0350,0.0350,0.0350,0,0,0.1132000,0.0049000,0.0000000,2.3995000,-0.0032000,0.2903000
20240223,530,P,55.8350,55.8350,55.8350,55.8350,0,0,0.2749000,-0.8468000,0.0000000,39.7960000,-0.0524000,-57.6418000
20240223,455,C,24.8200,24.8200,24.8200,24.8200,0,0,0.1532000,0.8182000,0.0000000,44.4392000,-0.1268000,45.7691000
20240223,455,P,2.2400,2.2400,2.2400,2.2400,0,0,0.1445000,-0.1685000,0.0000000,42.3594000,-0.0546000,-10.3530000
20240223,487,C,3.4750,3.4750,3.4750,3.4750,0,0,0.1073000,0.3064000,0.0000000,59.0849000,-0.0895000,17.8741000
20240223,487,P,13.6650,13.6650,13.6650,13.6650,0,0,0.1174000,-0.6768000,0.0000000,60.4462000,-0.0285000,-42.1664000
20240223,380,C,97.2250,97.2250,97.2250,97.2250,0,0,0.3334000,0.9764000,0.0000000,9.3505000,-0.0871000,46.0997000
20240223,380,P,0.1850,0.1850,0.1850,0.1850,0,0,0.2851000,-0.0106000,0.0000000,4.7275000,-0.0138000,-0.6571000
20240223,476,C,8.6500,8.6500,8.6500,8.6500,0,0,0.1187000,0.5352000,0.0000000,66.8924000,-0.1219000,30.8951000
20240223,476,P,7.2400,7.2400,7.2400,7.2400,0,0,0.1177000,-0.4646000,0.0000000,66.8901000,-0.0525000,-28.6763000
20240223,540,C,0.0250,0.0250,0.0250,0.0250,0,0,0.1259000,0.0031000,0.0000000,1.5953000,-0.0023000,0.1839000
20240223,540,P,65.8350,65.8350,65.8350,65.8350,0,0,0.3086000,-0.8578000,0.0000000,37.8609000,-0.0582000,-59.5585000
20240223,465,C,16.4200,16.4200,16.4200,16.4200,0,0,0.1355000,0.7153000,0.0000000,57.1168000,-0.1310000,40.6778000
20240223,465,P,3.8450,3.8450,3.8450,3.8450,0,0,0.1300000,-0.2773000,0.0000000,56.3996000,-0.0600000,-17.0561000
20240223,390,C,87.3450,87.3450,87.3450,87.3450,0,0,0.3059000,0.9722000,0.0000000,10.7257000,-0.0900000,47.0946000
20240223,390,P,0.2250,0.2250,0.2250,0.2250,0,0,0.2636000,-0.0136000,0.0000000,5.8929000,-0.0159000,-0.8459000
20240223,454,C,25.7000,25.7000,25.7000,25.7000,0,0,0.1550000,0.8261000,0.0000000,43.2154000,-0.1260000,46.1285000
20240223,454,P,2.1300,2.1300,2.1300,2.1300,0,0,0.1461000,-0.1604000,0.0000000,41.0350000,-0.0538000,-9.8575000
20240223,486,C,3.8150,3.8150,3.8150,3.8150,0,0,0.1079000,0.3266000,0.0000000,60.7113000,-0.0932000,19.0406000
20240223,486,P,12.9200,12.9200,12.9200,12.9200,0,0,0.1164000,-0.6603000,0.0000000,61.6544000,-0.0306000,-41.0894000
20240223,475,C,9.2600,9.2600,9.2600,9.2600,0,0,0.1199000,0.5546000,0.0000000,66.5243000,-0.1236000,31.9760000
20240223,475,P,6.8300,6.8300,6.8300,6.8300,0,0,0.1185000,-0.4449000,0.0000000,66.5140000,-0.0540000,-27.4494000
20240223,400,C,77.4750,77.4750,77.4750,77.4750,0,0,0.2785000,0.9669000,0.0000000,12.4204000,-0.0930000,48.0177000
20240223,400,P,0.2850,0.2850,0.2850,0.2850,0,0,0.2431000,-0.0182000,0.0000000,7.5419000,-0.0186000,-1.1261000
20240223,464,C,17.2150,17.2150,17.2150,17.2150,0,0,0.1371000,0.7281000,0.0000000,55.8478000,-0.1309000,41.3442000
20240223,464,P,3.6400,3.6400,3.6400,3.6400,0,0,0.1315000,-0.2641000,0.0000000,55.0418000,-0.0599000,-16.2414000
20240223,453,C,26.5850,26.5850,26.5850,26.5850,0,0,0.1566000,0.8337000,0.0000000,41.9819000,-0.1251000,46.4766000
20240223,453,P,2.0200,2.0200,2.0200,2.0200,0,0,0.1476000,-0.1526000,0.0000000,39.7017000,-0.0528000,-9.3745000
20240223,485,C,4.1900,4.1900,4.1900,4.1900,0,0,0.1089000,0.3477000,0.0000000,62.1998000,-0.0970000,20.2501000
20240223,485,P,12.2150,12.2150,12.2150,12.2150,0,0,0.1157000,-0.6429000,0.0000000,62.7979000,-0.0328000,-39.9584000
20240223,410,C,67.6300,67.6300,67.6300,67.6300,0,0,0.2524000,0.9592000,0.0000000,14.7267000,-0.0967000,48.8000000
20240223,410,P,0.3650,0.3650,0.3650,0.3650,0,0,0.2226000,-0.0247000,0.0000000,9.7647000,-0.0218000,-1.5260000
20240223,474,C,9.8900,9.8900,9.8900,9.8900,0,0,0.1212000,0.5734000,0.0000000,66.0117000,-0.1251000,33.0250000
20240223,474,P,6.4400,6.4400,6.4400,6.4400,0,0,0.1194000,-0.4256000,0.0000000,65.9853000,-0.0553000,-26.2481000
20240223,463,C,18.0250,18.0250,18.0250,18.0250,0,0,0.1388000,0.7402000,0.0000000,54.5776000,-0.1308000,41.9631000
20240223,463,P,3.4450,3.4450,3.4450,3.4450,0,0,0.1329000,-0.2512000,0.0000000,53.6340000,-0.0596000,-15.4482000
20240223,495,C,1.4800,1.4800,1.4800,1.4800,0,0,0.1027000,0.1642000,0.0000000,41.6603000,-0.0576000,9.6280000
20240223,495,P,20.8450,20.8450,20.8450,20.8450,0,0,0.1410000,-0.7580000,0.0000000,52.5665000,-0.0252000,-47.9232000
20240223,462.5,C,18.4300,18.4300,18.4300,18.4300,0,0,0.1397000,0.7459000,0.0000000,53.9441000,-0.1307000,42.2558000
20240223,462.5,P,3.3450,3.3450,3.3450,3.3450,0,0,0.1334000,-0.2448000,0.0000000,52.9003000,-0.0593000,-15.0528000
20240223,420,C,57.8250,57.8250,57.8250,57.8250,0,0,0.2265000,0.9486000,0.0000000,17.7394000,-0.1007000,49.4017000
20240223,420,P,0.4950,0.4950,0.4950,0.4950,0,0,0.2033000,-0.0352000,0.0000000,13.0739000,-0.0263000,-2.1664000
20240223,452,C,27.4850,27.4850,27.4850,27.4850,0,0,0.1586000,0.8406000,0.0000000,40.8419000,-0.1244000,46.7749000
20240223,452,P,1.9200,1.9200,1.9200,1.9200,0,0,0.1491000,-0.1452000,0.0000000,38.4094000,-0.0519000,-8.9212000
20240223,484,C,4.5850,4.5850,4.5850,4.5850,0,0,0.1097000,0.3686000,0.0000000,63.4787000,-0.1004000,21.4502000
20240223,484,P,11.5400,11.5400,11.5400,11.5400,0,0,0.1153000,-0.6244000,0.0000000,63.8587000,-0.0352000,-38.7719000
20240223,473,C,10.5600,10.5600,10.5600,10.5600,0,0,0.1229000,0.5916000,0.0000000,65.3748000,-0.1266000,34.0250000
20240223,473,P,6.0750,6.0750,6.0750,6.0750,0,0,0.1203000,-0.4068000,0.0000000,65.3142000,-0.0565000,-25.0753000
20240223,505,C,0.4150,0.4150,0.4150,0.4150,0,0,0.0997000,0.0579000,0.0000000,19.5045000,-0.0250000,3.4094000
20240223,505,P,30.8400,30.8400,30.8400,30.8400,0,0,0.1829000,-0.7979000,0.0000000,47.4138000,-0.0347000,-51.5716000
20240223,472.5,C,10.8900,10.8900,10.8900,10.8900,0,0,0.1235000,0.6005000,0.0000000,65.0086000,-0.1271000,34.5175000
20240223,472.5,P,5.9000,5.9000,5.9000,5.9000,0,0,0.1210000,-0.3976000,0.0000000,64.9329000,-0.0571000,-24.5074000
20240223,430,C,48.1150,48.1150,48.1150,48.1150,0,0,0.2033000,0.9309000,0.0000000,22.3566000,-0.1066000,49.5708000
20240223,430,P,0.7050,0.7050,0.7050,0.7050,0,0,0.1849000,-0.0521000,0.0000000,17.9597000,-0.0324000,-3.2062000
20240223,462,C,18.8400,18.8400,18.8400,18.8400,0,0,0.1406000,0.7516000,0.0000000,53.2985000,-0.1305000,42.5458000
20240223,462,P,3.2550,3.2550,3.2550,3.2550,0,0,0.1342000,-0.2388000,0.0000000,52.1940000,-0.0591000,-14.6835000
20240223,355,C,121.9700,121.9700,121.9700,121.9700,0,0,0.4062000,0.9832000,0.0000000,7.0155000,-0.0810000,43.3845000
20240223,355,P,0.1150,0.1150,0.1150,0.1150,0,0,0.3388000,-0.0058000,0.0000000,2.7930000,-0.0098000,-0.3627000
20240223,483,C,5.0100,5.0100,5.0100,5.0100,0,0,0.1107000,0.3899000,0.0000000,64.5851000,-0.1039000,22.6739000
20240223,483,P,10.8950,10.8950,10.8950,10.8950,0,0,0.1149000,-0.6055000,0.0000000,64.7907000,-0.0376000,-37.5586000
20240223,515,C,0.1250,0.1250,0.1250,0.1250,0,0,0.1025000,0.0193000,0.0000000,7.9289000,-0.0101000,1.1418000
20240223,515,P,40.8400,40.8400,40.8400,40.8400,0,0,0.2215000,-0.8227000,0.0000000,43.7433000,-0.0426000,-54.3134000
20240223,525,C,0.0550,0.0550,0.0550,0.0550,0,0,0.1108000,0.0082000,0.0000000,3.7859000,-0.0051000,0.4859000
20240223,525,P,50.8350,50.8350,50.8350,50.8350,0,0,0.2575000,-0.8401000,0.0000000,40.9389000,-0.0492000,-56.6095000
20240223,482.5,C,5.2250,5.2250,5.2250,5.2250,0,0,0.1110000,0.4004000,0.0000000,65.0527000,-0.1054000,23.2721000
20240223,482.5,P,10.5850,10.5850,10.5850,10.5850,0,0,0.1148000,-0.5958000,0.0000000,65.2090000,-0.0388000,-36.9373000
20240223,440,C,38.5700,38.5700,38.5700,38.5700,0,0,0.1824000,0.9015000,0.0000000,29.2030000,-0.1144000,49.0152000
20240223,440,P,1.0750,1.0750,1.0750,1.0750,0,0,0.1679000,-0.0813000,0.0000000,25.3343000,-0.0404000,-4.9939000
20240223,472,C,11.2300,11.2300,11.2300,11.2300,0,0,0.1243000,0.6093000,0.0000000,64.6161000,-0.1277000,34.9981000
20240223,472,P,5.7350,5.7350,5.7350,5.7350,0,0,0.1215000,-0.3885000,0.0000000,64.5183000,-0.0575000,-23.9432000
20240223,365,C,112.0700,112.0700,112.0700,112.0700,0,0,0.3771000,0.9808000,0.0000000,7.8647000,-0.0836000,44.4885000
20240223,365,P,0.1350,0.1350,0.1350,0.1350,0,0,0.3164000,-0.0072000,0.0000000,3.3778000,-0.0110000,-0.4489000
20240223,461,C,19.6700,19.6700,19.6700,19.6700,0,0,0.1423000,0.7626000,0.0000000,52.0119000,-0.1302000,43.0963000
20240223,461,P,3.0850,3.0850,3.0850,3.0850,0,0,0.1356000,-0.2272000,0.0000000,50.7742000,-0.0587000,-13.9704000
20240223,535,C,0.0350,0.0350,0.0350,0.0350,0,0,0.1225000,0.0046000,0.0000000,2.2947000,-0.0033000,0.2758000
20240223,535,P,60.8350,60.8350,60.8350,60.8350,0,0,0.2919000,-0.8526000,0.0000000,38.7768000,-0.0554000,-58.6214000
20240223,450,C,29.2850,29.2850,29.2850,29.2850,0,0,0.1622000,0.8538000,0.0000000,38.5731000,-0.1226000,47.3338000
20240223,450,P,1.7400,1.7400,1.7400,1.7400,0,0,0.1524000,-0.1318000,0.0000000,35.9574000,-0.0502000,-8.0979000
20240223,482,C,5.4550,5.4550,5.4550,5.4550,0,0,0.1116000,0.4111000,0.0000000,65.4831000,-0.1070000,23.8841000
20240223,482,P,10.2850,10.2850,10.2850,10.2850,0,0,0.1149000,-0.5858000,0.0000000,65.5920000,-0.0400000,-36.3078000
20240223,375,C,102.1750,102.1750,102.1750,102.1750,0,0,0.3481000,0.9780000,0.0000000,8.8287000,-0.0860000,45.5685000
20240223,375,P,0.1700,0.1700,0.1700,0.1700,0,0,0.2976000,-0.0097000,0.0000000,4.3758000,-0.0134000,-0.6021000
20240223,471,C,11.8750,11.8750,11.8750,11.8750,0,0,0.1250000,0.6270000,0.0000000,63.7176000,-0.1281000,35.9778000
20240223,471,P,5.4100,5.4100,5.4100,5.4100,0,0,0.1226000,-0.3708000,0.0000000,63.6059000,-0.0584000,-22.8450000
20240223,545,C,0.0200,0.0200,0.0200,0.0200,0,0,0.1347000,0.0030000,0.0000000,1.5468000,-0.0024000,0.1775000
20240223,545,P,70.8350,70.8350,70.8350,70.8350,0,0,0.3249000,-0.8623000,0.0000000,37.0286000,-0.0609000,-60.4619000
20240223,460,C,20.5050,20.5050,20.5050,20.5050,0,0,0.1440000,0.7733000,0.0000000,50.6950000,-0.1297000,43.6301000
20240223,460,P,2.9250,2.9250,2.9250,2.9250,0,0,0.1371000,-0.2162000,0.0000000,49.3560000,-0.0582000,-13.2931000
20240223,385,C,92.2850,92.2850,92.2850,92.2850,0,0,0.3198000,0.9744000,0.0000000,10.0214000,-0.0886000,46.6013000
20240223,385,P,0.2050,0.2050,0.2050,0.2050,0,0,0.2746000,-0.0121000,0.0000000,5.2957000,-0.0149000,-0.7482000
20240223,481,C,5.9250,5.9250,5.9250,5.9250,0,0,0.1126000,0.4324000,0.0000000,66.1886000,-0.1100000,25.0939000
20240223,481,P,9.7050,9.7050,9.7050,9.7050,0,0,0.1150000,-0.5658000,0.0000000,66.2371000,-0.0423000,-35.0382000
20240223,470,C,12.6450,12.6450,12.6450,12.6450,0,0,0.1274000,0.6427000,0.0000000,62.8092000,-0.1295000,36.8159000
20240223,470,P,5.1100,5.1100,5.1100,5.1100,0,0,0.1238000,-0.3538000,0.0000000,62.5941000,-0.0591000,-21.7875000
20240223,395,C,82.4050,82.4050,82.4050,82.4050,0,0,0.2919000,0.9698000,0.0000000,11.4983000,-0.0914000,47.5725000
20240223,395,P,0.2550,0.2550,0.2550,0.2550,0,0,0.2539000,-0.0159000,0.0000000,6.7150000,-0.0173000,-0.9839000
20240223,459,C,21.3550,21.3550,21.3550,21.3550,0,0,0.1458000,0.7831000,0.0000000,49.4246000,-0.1292000,44.1113000
20240223,459,P,2.7700,2.7700,2.7700,2.7700,0,0,0.1387000,-0.2058000,0.0000000,47.9460000,-0.0576000,-12.6507000
20240229,320,C,156.9800,156.9800,156.9800,156.9800,0,0,0.4926000,0.9877000,0.0000000,5.7016000,-0.0723000,44.3593000
20240229,320,P,0.0750,0.0750,0.0750,0.0750,0,0,0.3984000,-0.0030000,0.0000000,1.6711000,-0.0061000,-0.2171000
20240229,416,C,62.2450,62.2450,62.2450,62.2450,0,0,0.2316000,0.9481000,0.0000000,19.0100000,-0.0986000,55.1810000
20240229,416,P,0.5450,0.5450,0.5450,0.5450,0,0,0.2077000,-0.0355000,0.0000000,14.0119000,-0.0254000,-2.4793000
20240229,448,C,31.8250,31.8250,31.8250,31.8250,0,0,0.1659000,0.8550000,0.0000000,40.7785000,-0.1194000,53.2293000
20240229,448,P,1.8700,1.8700,1.8700,1.8700,0,0,0.1557000,-0.1304000,0.0000000,37.9568000,-0.0475000,-9.0804000
20240229,480,C,7.1700,7.1700,7.1700,7.1700,0,0,0.1149000,0.4659000,0.0000000,71.1393000,-0.1097000,30.4521000
20240229,480,P,9.5100,9.5100,9.5100,9.5100,0,0,0.1167000,-0.5332000,0.0000000,71.1513000,-0.0417000,-37.3807000
20240229,437,C,42.0450,42.0450,42.0450,42.0450,0,0,0.1871000,0.9028000,0.0000000,30.7442000,-0.1114000,55.0030000
20240229,437,P,1.1650,1.1650,1.1650,1.1650,0,0,0.1726000,-0.0805000,0.0000000,26.7517000,-0.0386000,-5.6084000
20240229,405,C,73.0150,73.0150,73.0150,73.0150,0,0,0.2583000,0.9593000,0.0000000,15.6136000,-0.0943000,54.4082000
20240229,405,P,0.4050,0.4050,0.4050,0.4050,0,0,0.2285000,-0.0250000,0.0000000,10.4810000,-0.0212000,-1.7497000
20240229,469,C,14.2050,14.2050,14.2050,14.2050,0,0,0.1300000,0.6561000,0.0000000,65.8590000,-0.1255000,42.3012000
20240229,469,P,5.2450,5.2450,5.2450,5.2450,0,0,0.1261000,-0.3398000,0.0000000,65.5659000,-0.0553000,-23.7035000
20240229,501,C,0.9450,0.9450,0.9450,0.9450,0,0,0.1008000,0.1096000,0.0000000,33.5754000,-0.0399000,7.2729000
20240229,501,P,26.8400,26.8400,26.8400,26.8400,0,0,0.1632000,-0.7702000,0.0000000,54.3098000,-0.0282000,-55.8575000
20240229,330,C,147.0750,147.0750,147.0750,147.0750,0,0,0.4614000,0.9865000,0.0000000,6.1866000,-0.0741000,45.6890000
20240229,330,P,0.0950,0.0950,0.0950,0.0950,0,0,0.3808000,-0.0040000,0.0000000,2.1547000,-0.0075000,-0.2879000
20240229,426,C,52.5400,52.5400,52.5400,52.5400,0,0,0.2094000,0.9319000,0.0000000,23.5246000,-0.1040000,55.4678000
20240229,426,P,0.7650,0.7650,0.7650,0.7650,0,0,0.1906000,-0.0515000,0.0000000,18.9252000,-0.0310000,-3.5934000
20240229,458,C,22.9900,22.9900,22.9900,22.9900,0,0,0.1481000,0.7834000,0.0000000,52.5097000,-0.1254000,49.6504000
20240229,458,P,3.0000,3.0000,3.0000,3.0000,0,0,0.1409000,-0.2058000,0.0000000,50.9825000,-0.0544000,-14.3361000
20240229,490,C,3.0800,3.0800,3.0800,3.0800,0,0,0.1060000,0.2704000,0.0000000,59.2275000,-0.0786000,17.8318000
20240229,490,P,16.2200,16.2200,16.2200,16.2200,0,0,0.1225000,-0.6995000,0.0000000,62.2657000,-0.0227000,-49.5706000
20240229,415,C,63.2200,63.2200,63.2200,63.2200,0,0,0.2342000,0.9492000,0.0000000,18.6907000,-0.0983000,55.1152000
20240229,415,P,0.5350,0.5350,0.5350,0.5350,0,0,0.2100000,-0.0346000,0.0000000,13.7282000,-0.0252000,-2.4189000
20240229,447,C,32.7400,32.7400,32.7400,32.7400,0,0,0.1680000,0.8602000,0.0000000,39.7898000,-0.1188000,53.4470000
20240229,447,P,1.7900,1.7900,1.7900,1.7900,0,0,0.1572000,-0.1248000,0.0000000,36.8131000,-0.0468000,-8.6895000
20240229,479,C,7.7050,7.7050,7.7050,7.7050,0,0,0.1160000,0.4853000,0.0000000,71.3519000,-0.1119000,31.6889000
20240229,479,P,9.0100,9.0100,9.0100,9.0100,0,0,0.1173000,-0.5143000,0.0000000,71.3542000,-0.0436000,-36.0273000
20240229,340,C,137.1800,137.1800,137.1800,137.1800,0,0,0.4335000,0.9846000,0.0000000,6.9206000,-0.0768000,46.9713000
20240229,340,P,0.1150,0.1150,0.1150,0.1150,0,0,0.3608000,-0.0051000,0.0000000,2.6553000,-0.0088000,-0.3632000
20240229,436,C,42.9950,42.9950,42.9950,42.9950,0,0,0.1892000,0.9059000,0.0000000,30.0207000,-0.1108000,55.0766000
20240229,436,P,1.1150,1.1150,1.1150,1.1150,0,0,0.1740000,-0.0770000,0.0000000,25.8561000,-0.0378000,-5.3618000
20240229,500,C,1.0650,1.0650,1.0650,1.0650,0,0,0.1011000,0.1206000,0.0000000,35.9476000,-0.0431000,8.0022000
20240229,500,P,25.8400,25.8400,25.8400,25.8400,0,0,0.1592000,-0.7663000,0.0000000,54.8296000,-0.0273000,-55.4474000
20240229,468,C,14.9450,14.9450,14.9450,14.9450,0,0,0.1315000,0.6703000,0.0000000,64.7886000,-0.1260000,43.1547000
20240229,468,P,4.9750,4.9750,4.9750,4.9750,0,0,0.1273000,-0.3249000,0.0000000,64.4113000,-0.0557000,-22.6593000
20240229,425,C,53.5050,53.5050,53.5050,53.5050,0,0,0.2114000,0.9340000,0.0000000,22.9529000,-0.1033000,55.4750000
20240229,425,P,0.7350,0.7350,0.7350,0.7350,0,0,0.1921000,-0.0494000,0.0000000,18.2985000,-0.0302000,-3.4448000
20240229,457,C,23.8500,23.8500,23.8500,23.8500,0,0,0.1499000,0.7920000,0.0000000,51.2771000,-0.1250000,50.1103000
20240229,457,P,2.8550,2.8550,2.8550,2.8550,0,0,0.1422000,-0.1964000,0.0000000,49.5597000,-0.0538000,-13.6735000
20240229,489,C,3.3900,3.3900,3.3900,3.3900,0,0,0.1068000,0.2890000,0.0000000,61.1716000,-0.0822000,19.0450000
20240229,489,P,15.4050,15.4050,15.4050,15.4050,0,0,0.1206000,-0.6869000,0.0000000,63.4106000,-0.0239000,-48.5982000
20240229,350,C,127.2800,127.2800,127.2800,127.2800,0,0,0.4042000,0.9828000,0.0000000,7.6173000,-0.0788000,48.2587000
20240229,350,P,0.1350,0.1350,0.1350,0.1350,0,0,0.3398000,-0.0063000,0.0000000,3.2147000,-0.0100000,-0.4498000
20240229,414,C,64.1950,64.1950,64.1950,64.1950,0,0,0.2362000,0.9506000,0.0000000,18.2576000,-0.0977000,55.0765000
20240229,414,P,0.5150,0.5150,0.5150,0.5150,0,0,0.2115000,-0.0333000,0.0000000,13.2799000,-0.0246000,-2.3232000
20240229,446,C,33.6550,33.6550,33.6550,33.6550,0,0,0.1697000,0.8656000,0.0000000,38.7287000,-0.1180000,53.6836000
20240229,446,P,1.7100,1.7100,1.7100,1.7100,0,0,0.1587000,-0.1193000,0.0000000,35.6607000,-0.0459000,-8.3046000
20240229,510,C,0.3150,0.3150,0.3150,0.3150,0,0,0.0997000,0.0431000,0.0000000,16.3968000,-0.0186000,2.8700000
20240229,510,P,35.8400,35.8400,35.8400,35.8400,0,0,0.1979000,-0.7985000,0.0000000,50.3251000,-0.0354000,-59.0497000
20240229,478,C,8.2600,8.2600,8.2600,8.2600,0,0,0.1172000,0.5045000,0.0000000,71.3956000,-0.1140000,32.9038000
20240229,478,P,8.5250,8.5250,8.5250,8.5250,0,0,0.1177000,-0.4954000,0.0000000,71.3955000,-0.0453000,-34.6827000
20240229,435,C,43.9450,43.9450,43.9450,43.9450,0,0,0.1913000,0.9090000,0.0000000,29.3014000,-0.1102000,55.1461000
20240229,435,P,1.0700,1.0700,1.0700,1.0700,0,0,0.1759000,-0.0741000,0.0000000,25.1086000,-0.0371000,-5.1599000
20240229,467,C,15.7000,15.7000,15.7000,15.7000,0,0,0.1332000,0.6838000,0.0000000,63.6755000,-0.1264000,43.9605000
20240229,467,P,4.7250,4.7250,4.7250,4.7250,0,0,0.1286000,-0.3107000,0.0000000,63.2046000,-0.0560000,-21.6626000
20240229,499,C,1.2000,1.2000,1.2000,1.2000,0,0,0.1018000,0.1330000,0.0000000,38.4683000,-0.0466000,8.8157000
20240229,499,P,24.8400,24.8400,24.8400,24.8400,0,0,0.1551000,-0.7621000,0.0000000,55.3700000,-0.0264000,-55.0216000
20240229,360,C,117.3950,117.3950,117.3950,117.3950,0,0,0.3764000,0.9804000,0.0000000,8.5046000,-0.0813000,49.5074000
20240229,360,P,0.1550,0.1550,0.1550,0.1550,0,0,0.3173000,-0.0077000,0.0000000,3.7964000,-0.0110000,-0.5419000
20240229,424,C,54.4700,54.4700,54.4700,54.4700,0,0,0.2137000,0.9357000,0.0000000,22.4812000,-0.1028000,55.4545000
20240229,424,P,0.7150,0.7150,0.7150,0.7150,0,0,0.1942000,-0.0479000,0.0000000,17.8407000,-0.0299000,-3.3379000
20240229,456,C,24.7150,24.7150,24.7150,24.7150,0,0,0.1516000,0.8005000,0.0000000,50.0221000,-0.1245000,50.5596000
20240229,456,P,2.7200,2.7200,2.7200,2.7200,0,0,0.1438000,-0.1877000,0.0000000,48.2114000,-0.0533000,-13.0703000
20240229,520,C,0.1050,0.1050,0.1050,0.1050,0,0,0.1030000,0.0154000,0.0000000,6.9485000,-0.0079000,1.0288000
20240229,520,P,45.8400,45.8400,45.8400,45.8400,0,0,0.2339000,-0.8199000,0.0000000,46.9772000,-0.0424000,-61.9180000
20240229,488,C,3.7150,3.7150,3.7150,3.7150,0,0,0.1074000,0.3077000,0.0000000,62.9407000,-0.0857000,20.2615000
20240229,488,P,14.6200,14.6200,14.6200,14.6200,0,0,0.1192000,-0.6729000,0.0000000,64.5835000,-0.0255000,-47.5401000
20240229,413,C,65.1750,65.1750,65.1750,65.1750,0,0,0.2387000,0.9516000,0.0000000,17.9557000,-0.0973000,55.0056000
20240229,413,P,0.5050,0.5050,0.5050,0.5050,0,0,0.2137000,-0.0324000,0.0000000,12.9912000,-0.0243000,-2.2626000
20240229,445,C,34.5750,34.5750,34.5750,34.5750,0,0,0.1716000,0.8706000,0.0000000,37.7388000,-0.1173000,53.8869000
20240229,445,P,1.6400,1.6400,1.6400,1.6400,0,0,0.1604000,-0.1143000,0.0000000,34.5902000,-0.0452000,-7.9554000
20240229,477,C,8.8450,8.8450,8.8450,8.8450,0,0,0.1184000,0.5233000,0.0000000,71.2782000,-0.1160000,34.0918000
20240229,477,P,8.0750,8.0750,8.0750,8.0750,0,0,0.1184000,-0.4766000,0.0000000,71.2782000,-0.0470000,-33.3513000
20240229,370,C,107.5050,107.5050,107.5050,107.5050,0,0,0.3486000,0.9776000,0.0000000,9.5016000,-0.0836000,50.7313000
20240229,370,P,0.1950,0.1950,0.1950,0.1950,0,0,0.2988000,-0.0100000,0.0000000,4.8098000,-0.0130000,-0.7090000
20240229,434,C,44.8950,44.8950,44.8950,44.8950,0,0,0.1933000,0.9119000,0.0000000,28.5862000,-0.1095000,55.2117000
20240229,434,P,1.0300,1.0300,1.0300,1.0300,0,0,0.1775000,-0.0711000,0.0000000,24.3330000,-0.0364000,-4.9530000
20240229,466,C,16.4700,16.4700,16.4700,16.4700,0,0,0.1348000,0.6969000,0.0000000,62.5158000,-0.1267000,44.7316000
20240229,466,P,4.4850,4.4850,4.4850,4.4850,0,0,0.1299000,-0.2969000,0.0000000,61.9377000,-0.0562000,-20.6970000
20240229,498,C,1.3400,1.3400,1.3400,1.3400,0,0,0.1020000,0.1451000,0.0000000,40.8258000,-0.0498000,9.6163000
20240229,498,P,23.8400,23.8400,23.8400,23.8400,0,0,0.1510000,-0.7576000,0.0000000,55.9323000,-0.0255000,-54.5786000
20240229,530,C,0.0550,0.0550,0.0550,0.0550,0,0,0.1123000,0.0076000,0.0000000,3.7617000,-0.0045000,0.5081000
20240229,530,P,55.8400,55.8400,55.8400,55.8400,0,0,0.2680000,-0.8352000,0.0000000,44.3884000,-0.0486000,-64.3771000
20240229,423,C,55.4400,55.4400,55.4400,55.4400,0,0,0.2160000,0.9374000,0.0000000,22.0223000,-0.1023000,55.4297000
20240229,423,P,0.6850,0.6850,0.6850,0.6850,0,0,0.1955000,-0.0458000,0.0000000,17.2220000,-0.0291000,-3.1942000
20240229,455,C,25.5850,25.5850,25.5850,25.5850,0,0,0.1534000,0.8084000,0.0000000,48.8059000,-0.1240000,50.9706000
20240229,455,P,2.5900,2.5900,2.5900,2.5900,0,0,0.1452000,-0.1792000,0.0000000,46.8390000,-0.0526000,-12.4776000
20240229,487,C,4.0650,4.0650,4.0650,4.0650,0,0,0.1081000,0.3270000,0.0000000,64.5786000,-0.0891000,21.5131000
20240229,487,P,13.8750,13.8750,13.8750,13.8750,0,0,0.1181000,-0.6578000,0.0000000,65.7330000,-0.0272000,-46.4178000
20240229,380,C,97.6300,97.6300,97.6300,97.6300,0,0,0.3225000,0.9739000,0.0000000,10.8386000,-0.0865000,51.8818000
20240229,380,P,0.2350,0.2350,0.2350,0.2350,0,0,0.2783000,-0.0128000,0.0000000,5.9139000,-0.0149000,-0.8978000
20240229,412,C,66.1550,66.1550,66.1550,66.1550,0,0,0.2413000,0.9526000,0.0000000,17.6611000,-0.0970000,54.9326000
20240229,412,P,0.4850,0.4850,0.4850,0.4850,0,0,0.2150000,-0.0310000,0.0000000,12.5449000,-0.0237000,-2.1689000
20240229,444,C,35.4950,35.4950,35.4950,35.4950,0,0,0.1734000,0.8754000,0.0000000,36.7561000,-0.1165000,54.0809000
20240229,444,P,1.5650,1.5650,1.5650,1.5650,0,0,0.1616000,-0.1090000,0.0000000,33.4386000,-0.0442000,-7.5872000
20240229,476,C,9.4450,9.4450,9.4450,9.4450,0,0,0.1197000,0.5417000,0.0000000,71.0095000,-0.1177000,35.2495000
20240229,476,P,7.6450,7.6450,7.6450,7.6450,0,0,0.1191000,-0.4581000,0.0000000,71.0072000,-0.0486000,-32.0390000
20240229,540,C,0.0350,0.0350,0.0350,0.0350,0,0,0.1230000,0.0044000,0.0000000,2.3496000,-0.0030000,0.2987000
20240229,540,P,65.8350,65.8350,65.8350,65.8350,0,0,0.3002000,-0.8470000,0.0000000,42.2763000,-0.0540000,-66.5981000
20240229,305,C,171.8350,171.8350,171.8350,171.8350,0,0,0.5375000,0.9896000,0.0000000,4.9120000,-0.0686000,42.3744000
20240229,305,P,0.0550,0.0550,0.0550,0.0550,0,0,0.4277000,-0.0021000,0.0000000,1.1930000,-0.0047000,-0.1498000
20240229,433,C,45.8450,45.8450,45.8450,45.8450,0,0,0.1953000,0.9148000,0.0000000,27.8749000,-0.1087000,55.2735000
20240229,433,P,0.9900,0.9900,0.9900,0.9900,0,0,0.1791000,-0.0683000,0.0000000,23.5813000,-0.0357000,-4.7555000
20240229,465,C,17.2450,17.2450,17.2450,17.2450,0,0,0.1363000,0.7096000,0.0000000,61.3008000,-0.1267000,45.4809000
20240229,465,P,4.2600,4.2600,4.2600,4.2600,0,0,0.1313000,-0.2838000,0.0000000,60.6457000,-0.0563000,-19.7827000
20240229,497,C,1.5000,1.5000,1.5000,1.5000,0,0,0.1024000,0.1584000,0.0000000,43.2715000,-0.0533000,10.4908000
20240229,497,P,22.8400,22.8400,22.8400,22.8400,0,0,0.1469000,-0.7529000,0.0000000,56.5122000,-0.0245000,-54.1195000
20240229,390,C,87.7700,87.7700,87.7700,87.7700,0,0,0.2965000,0.9692000,0.0000000,12.4343000,-0.0895000,52.9705000
20240229,390,P,0.2850,0.2850,0.2850,0.2850,0,0,0.2578000,-0.0163000,0.0000000,7.3158000,-0.0169000,-1.1475000
20240229,422,C,56.4100,56.4100,56.4100,56.4100,0,0,0.2182000,0.9391000,0.0000000,21.5485000,-0.1018000,55.4077000
20240229,422,P,0.6650,0.6650,0.6650,0.6650,0,0,0.1975000,-0.0443000,0.0000000,16.7669000,-0.0286000,-3.0901000
20240229,454,C,26.4550,26.4550,26.4550,26.4550,0,0,0.1550000,0.8162000,0.0000000,47.5693000,-0.1233000,51.3731000
20240229,454,P,2.4700,2.4700,2.4700,2.4700,0,0,0.1467000,-0.1712000,0.0000000,45.5056000,-0.0520000,-11.9215000
20240229,486,C,4.4450,4.4450,4.4450,4.4450,0,0,0.1091000,0.3467000,0.0000000,66.0677000,-0.0926000,22.7939000
20240229,486,P,13.1600,13.1600,13.1600,13.1600,0,0,0.1174000,-0.6417000,0.0000000,66.8444000,-0.0292000,-45.2266000
20240229,315,C,161.9300,161.9300,161.9300,161.9300,0,0,0.5074000,0.9884000,0.0000000,5.4206000,-0.0710000,43.7011000
20240229,315,P,0.0650,0.0650,0.0650,0.0650,0,0,0.4062000,-0.0026000,0.0000000,1.4435000,-0.0054000,-0.1846000
20240229,411,C,67.1300,67.1300,67.1300,67.1300,0,0,0.2437000,0.9537000,0.0000000,17.3503000,-0.0966000,54.8630000
20240229,411,P,0.4750,0.4750,0.4750,0.4750,0,0,0.2172000,-0.0302000,0.0000000,12.2756000,-0.0234000,-2.1132000
20240229,443,C,36.4250,36.4250,36.4250,36.4250,0,0,0.1754000,0.8797000,0.0000000,35.8453000,-0.1158000,54.2439000
20240229,443,P,1.5000,1.5000,1.5000,1.5000,0,0,0.1633000,-0.1045000,0.0000000,32.4422000,-0.0435000,-7.2761000
20240229,475,C,10.0700,10.0700,10.0700,10.0700,0,0,0.1211000,0.5596000,0.0000000,70.6009000,-0.1193000,36.3706000
20240229,475,P,7.2350,7.2350,7.2350,7.2350,0,0,0.1198000,-0.4399000,0.0000000,70.5891000,-0.0499000,-30.7484000
20240229,432,C,46.8000,46.8000,46.8000,46.8000,0,0,0.1976000,0.9173000,0.0000000,27.2751000,-0.1083000,55.3007000
20240229,432,P,0.9550,0.9550,0.9550,0.9550,0,0,0.1806000,-0.0654000,0.0000000,22.8027000,-0.0349000,-4.5536000
20240229,400,C,77.9250,77.9250,77.9250,77.9250,0,0,0.2706000,0.9633000,0.0000000,14.3763000,-0.0925000,53.9730000
20240229,400,P,0.3550,0.3550,0.3550,0.3550,0,0,0.2379000,-0.0215000,0.0000000,9.2193000,-0.0195000,-1.5034000
20240229,464,C,18.0350,18.0350,18.0350,18.0350,0,0,0.1379000,0.7216000,0.0000000,60.0693000,-0.1268000,46.1840000
20240229,464,P,4.0450,4.0450,4.0450,4.0450,0,0,0.1325000,-0.2710000,0.0000000,59.2872000,-0.0562000,-18.8830000
20240229,496,C,1.6700,1.6700,1.6700,1.6700,0,0,0.1028000,0.1722000,0.0000000,45.6763000,-0.0568000,11.3996000
20240229,496,P,21.8400,21.8400,21.8400,21.8400,0,0,0.1427000,-0.7480000,0.0000000,57.1113000,-0.0235000,-53.6424000
20240229,325,C,152.0250,152.0250,152.0250,152.0250,0,0,0.4760000,0.9872000,0.0000000,5.8867000,-0.0729000,45.0348000
20240229,325,P,0.0850,0.0850,0.0850,0.0850,0,0,0.3906000,-0.0036000,0.0000000,1.9314000,-0.0069000,-0.2549000
20240229,421,C,57.3800,57.3800,57.3800,57.3800,0,0,0.2205000,0.9407000,0.0000000,21.1010000,-0.1012000,55.3781000
20240229,421,P,0.6450,0.6450,0.6450,0.6450,0,0,0.1993000,-0.0428000,0.0000000,16.2980000,-0.0281000,-2.9838000
20240229,453,C,27.3400,27.3400,27.3400,27.3400,0,0,0.1570000,0.8232000,0.0000000,46.4205000,-0.1228000,51.7205000
20240229,453,P,2.3600,2.3600,2.3600,2.3600,0,0,0.1482000,-0.1637000,0.0000000,44.2073000,-0.0513000,-11.3975000
20240229,485,C,4.8350,4.8350,4.8350,4.8350,0,0,0.1098000,0.3664000,0.0000000,67.3598000,-0.0957000,24.0652000
20240229,485,P,12.4750,12.4750,12.4750,12.4750,0,0,0.1167000,-0.6250000,0.0000000,67.8638000,-0.0312000,-43.9995000
20240229,410,C,68.1050,68.1050,68.1050,68.1050,0,0,0.2456000,0.9551000,0.0000000,16.9326000,-0.0959000,54.8183000
20240229,410,P,0.4650,0.4650,0.4650,0.4650,0,0,0.2193000,-0.0294000,0.0000000,11.9912000,-0.0231000,-2.0547000
20240229,442,C,37.3500,37.3500,37.3500,37.3500,0,0,0.1773000,0.8841000,0.0000000,34.9253000,-0.1151000,54.4047000
20240229,442,P,1.4350,1.4350,1.4350,1.4350,0,0,0.1647000,-0.0998000,0.0000000,31.3646000,-0.0425000,-6.9456000
20240229,474,C,10.7150,10.7150,10.7150,10.7150,0,0,0.1224000,0.5771000,0.0000000,70.0624000,-0.1207000,37.4592000
20240229,474,P,6.8550,6.8550,6.8550,6.8550,0,0,0.1208000,-0.4220000,0.0000000,70.0342000,-0.0512000,-29.4892000
20240229,335,C,142.1250,142.1250,142.1250,142.1250,0,0,0.4467000,0.9857000,0.0000000,6.4975000,-0.0752000,46.3409000
20240229,335,P,0.1050,0.1050,0.1050,0.1050,0,0,0.3710000,-0.0046000,0.0000000,2.4025000,-0.0082000,-0.3249000
20240229,431,C,47.7550,47.7550,47.7550,47.7550,0,0,0.1994000,0.9201000,0.0000000,26.5707000,-0.1074000,55.3558000
20240229,431,P,0.9150,0.9150,0.9150,0.9150,0,0,0.1821000,-0.0626000,0.0000000,22.0481000,-0.0341000,-4.3608000
20240229,463,C,18.8400,18.8400,18.8400,18.8400,0,0,0.1397000,0.7329000,0.0000000,58.8460000,-0.1268000,46.8317000
20240229,463,P,3.8450,3.8450,3.8450,3.8450,0,0,0.1338000,-0.2588000,0.0000000,57.9215000,-0.0561000,-18.0338000
20240229,495,C,1.8600,1.8600,1.8600,1.8600,0,0,0.1033000,0.1869000,0.0000000,48.0889000,-0.0603000,12.3657000
20240229,495,P,20.8400,20.8400,20.8400,20.8400,0,0,0.1384000,-0.7427000,0.0000000,57.7373000,-0.0226000,-53.1420000
20240229,420,C,58.3500,58.3500,58.3500,58.3500,0,0,0.2227000,0.9423000,0.0000000,20.6521000,-0.1007000,55.3479000
20240229,420,P,0.6250,0.6250,0.6250,0.6250,0,0,0.2010000,-0.0412000,0.0000000,15.8162000,-0.0276000,-2.8755000
20240229,452,C,28.2300,28.2300,28.2300,28.2300,0,0,0.1588000,0.8301000,0.0000000,45.2693000,-0.1223000,52.0553000
20240229,452,P,2.2500,2.2500,2.2500,2.2500,0,0,0.1497000,-0.1563000,0.0000000,42.8968000,-0.0506000,-10.8842000
20240229,484,C,5.2550,5.2550,5.2550,5.2550,0,0,0.1108000,0.3863000,0.0000000,68.4836000,-0.0988000,25.3519000
20240229,484,P,11.8200,11.8200,11.8200,11.8200,0,0,0.1164000,-0.6074000,0.0000000,68.7935000,-0.0334000,-42.7204000
20240229,345,C,132.2300,132.2300,132.2300,132.2300,0,0,0.4189000,0.9837000,0.0000000,7.2620000,-0.0778000,47.6165000
20240229,345,P,0.1250,0.1250,0.1250,0.1250,0,0,0.3505000,-0.0057000,0.0000000,2.9340000,-0.0094000,-0.4061000
20240229,409,C,69.0850,69.0850,69.0850,69.0850,0,0,0.2480000,0.9560000,0.0000000,16.6383000,-0.0955000,54.7440000
20240229,409,P,0.4450,0.4450,0.4450,0.4450,0,0,0.2205000,-0.0281000,0.0000000,11.5590000,-0.0225000,-1.9659000
20240229,441,C,38.2850,38.2850,38.2850,38.2850,0,0,0.1792000,0.8882000,0.0000000,34.0282000,-0.1143000,54.5526000
20240229,441,P,1.3750,1.3750,1.3750,1.3750,0,0,0.1663000,-0.0955000,0.0000000,30.3876000,-0.0418000,-6.6524000
20240229,505,C,0.5850,0.5850,0.5850,0.5850,0,0,0.1000000,0.0736000,0.0000000,24.9879000,-0.0290000,4.8932000
20240229,505,P,30.8400,30.8400,30.8400,30.8400,0,0,0.1789000,-0.7843000,0.0000000,52.3922000,-0.0315000,-57.3757000
20240229,473,C,11.3850,11.3850,11.3850,11.3850,0,0,0.1240000,0.5939000,0.0000000,69.4099000,-0.1220000,38.5036000
20240229,473,P,6.4950,6.4950,6.4950,6.4950,0,0,0.1217000,-0.4046000,0.0000000,69.3517000,-0.0523000,-28.2611000
20240229,430,C,48.7100,48.7100,48.7100,48.7100,0,0,0.2016000,0.9224000,0.0000000,25.9754000,-0.1069000,55.3779000
20240229,430,P,0.8850,0.8850,0.8850,0.8850,0,0,0.1839000,-0.0603000,0.0000000,21.4152000,-0.0335000,-4.2016000
20240229,462,C,19.6500,19.6500,19.6500,19.6500,0,0,0.1413000,0.7440000,0.0000000,57.5807000,-0.1267000,47.4640000
20240229,462,P,3.6550,3.6550,3.6550,3.6550,0,0,0.1352000,-0.2472000,0.0000000,56.5397000,-0.0559000,-17.2226000
20240229,494,C,2.0700,2.0700,2.0700,2.0700,0,0,0.1038000,0.2025000,0.0000000,50.4857000,-0.0640000,13.3869000
20240229,494,P,19.8450,19.8450,19.8450,19.8450,0,0,0.1341000,-0.7370000,0.0000000,58.3863000,-0.0215000,-52.6185000
20240229,355,C,122.3400,122.3400,122.3400,122.3400,0,0,0.3911000,0.9815000,0.0000000,8.1099000,-0.0804000,48.8739000
20240229,355,P,0.1450,0.1450,0.1450,0.1450,0,0,0.3286000,-0.0070000,0.0000000,3.4930000,-0.0105000,-0.4936000
20240229,419,C,59.3200,59.3200,59.3200,59.3200,0,0,0.2248000,0.9439000,0.0000000,20.2021000,-0.1001000,55.3172000
20240229,419,P,0.6050,0.6050,0.6050,0.6050,0,0,0.2028000,-0.0398000,0.0000000,15.3769000,-0.0271000,-2.7777000
20240229,451,C,29.1200,29.1200,29.1200,29.1200,0,0,0.1606000,0.8367000,0.0000000,44.1154000,-0.1216000,52.3783000
20240229,451,P,2.1500,2.1500,2.1500,2.1500,0,0,0.1512000,-0.1495000,0.0000000,41.6422000,-0.0499000,-10.4075000
20240229,515,C,0.1850,0.1850,0.1850,0.1850,0,0,0.1015000,0.0262000,0.0000000,10.9125000,-0.0124000,1.7508000
20240229,515,P,40.8400,40.8400,40.8400,40.8400,0,0,0.2162000,-0.8102000,0.0000000,48.5356000,-0.0390000,-60.5498000
20240229,483,C,5.7000,5.7000,5.7000,5.7000,0,0,0.1118000,0.4064000,0.0000000,69.4269000,-0.1018000,26.6432000
20240229,483,P,11.2000,11.2000,11.2000,11.2000,0,0,0.1163000,-0.5894000,0.0000000,69.5993000,-0.0355000,-41.4119000
20240229,525,C,0.0750,0.0750,0.0750,0.0750,0,0,0.1076000,0.0107000,0.0000000,5.0772000,-0.0059000,0.7157000
20240229,525,P,50.8400,50.8400,50.8400,50.8400,0,0,0.2511000,-0.8281000,0.0000000,45.6053000,-0.0456000,-63.1866000
20240229,408,C,70.0650,70.0650,70.0650,70.0650,0,0,0.2504000,0.9570000,0.0000000,16.3511000,-0.0952000,54.6676000
20240229,408,P,0.4350,0.4350,0.4350,0.4350,0,0,0.2226000,-0.0274000,0.0000000,11.2938000,-0.0222000,-1.9123000
20240229,440,C,39.2200,39.2200,39.2200,39.2200,0,0,0.1813000,0.8920000,0.0000000,33.1944000,-0.1137000,54.6752000
20240229,440,P,1.3150,1.3150,1.3150,1.3150,0,0,0.1677000,-0.0914000,0.0000000,29.4021000,-0.0409000,-6.3620000
20240229,472,C,12.0550,12.0550,12.0550,12.0550,0,0,0.1253000,0.6104000,0.0000000,68.6453000,-0.1230000,39.5218000
20240229,472,P,6.1550,6.1550,6.1550,6.1550,0,0,0.1228000,-0.3877000,0.0000000,68.5529000,-0.0533000,-27.0674000
20240229,365,C,112.4450,112.4450,112.4450,112.4450,0,0,0.3620000,0.9792000,0.0000000,8.9411000,-0.0823000,50.1321000
20240229,365,P,0.1750,0.1750,0.1750,0.1750,0,0,0.3085000,-0.0089000,0.0000000,4.3083000,-0.0121000,-0.6256000
20240229,429,C,49.6700,49.6700,49.6700,49.6700,0,0,0.2037000,0.9248000,0.0000000,25.3819000,-0.1063000,55.3977000
20240229,429,P,0.8500,0.8500,0.8500,0.8500,0,0,0.1857000,-0.0581000,0.0000000,20.8025000,-0.0330000,-4.0494000
20240229,461,C,20.4750,20.4750,20.4750,20.4750,0,0,0.1429000,0.7546000,0.0000000,56.3036000,-0.1264000,48.0641000
20240229,461,P,3.4750,3.4750,3.4750,3.4750,0,0,0.1365000,-0.2361000,0.0000000,55.1432000,-0.0556000,-16.4450000
20240229,493,C,2.2900,2.2900,2.2900,2.2900,0,0,0.1042000,0.2184000,0.0000000,52.7737000,-0.0676000,14.4286000
20240229,493,P,18.8850,18.8850,18.8850,18.8850,0,0,0.1304000,-0.7298000,0.0000000,59.1902000,-0.0211000,-51.9951000
20240229,535,C,0.0450,0.0450,0.0450,0.0450,0,0,0.1181000,0.0059000,0.0000000,3.0262000,-0.0038000,0.3970000
20240229,535,P,60.8350,60.8350,60.8350,60.8350,0,0,0.2841000,-0.8416000,0.0000000,43.2576000,-0.0512000,-65.5199000
20240229,418,C,60.2950,60.2950,60.2950,60.2950,0,0,0.2270000,0.9454000,0.0000000,19.7769000,-0.0996000,55.2794000
20240229,418,P,0.5850,0.5850,0.5850,0.5850,0,0,0.2045000,-0.0384000,0.0000000,14.9248000,-0.0266000,-2.6780000
20240229,450,C,30.0200,30.0200,30.0200,30.0200,0,0,0.1624000,0.8430000,0.0000000,42.9972000,-0.1209000,52.6749000
20240229,450,P,2.0500,2.0500,2.0500,2.0500,0,0,0.1527000,-0.1428000,0.0000000,40.3771000,-0.0491000,-9.9399000
20240229,482,C,6.1650,6.1650,6.1650,6.1650,0,0,0.1127000,0.4263000,0.0000000,70.1784000,-0.1046000,27.9205000
20240229,482,P,10.6050,10.6050,10.6050,10.6050,0,0,0.1162000,-0.5710000,0.0000000,70.2655000,-0.0375000,-40.0848000
20240229,375,C,102.5700,102.5700,102.5700,102.5700,0,0,0.3360000,0.9757000,0.0000000,10.1977000,-0.0853000,51.3018000
20240229,375,P,0.2050,0.2050,0.2050,0.2050,0,0,0.2868000,-0.0109000,0.0000000,5.1749000,-0.0134000,-0.7702000
20240229,439,C,40.1600,40.1600,40.1600,40.1600,0,0,0.1832000,0.8957000,0.0000000,32.3666000,-0.1129000,54.7918000
20240229,439,P,1.2650,1.2650,1.2650,1.2650,0,0,0.1694000,-0.0877000,0.0000000,28.5160000,-0.0402000,-6.1059000
20240229,407,C,71.0450,71.0450,71.0450,71.0450,0,0,0.2529000,0.9579000,0.0000000,16.0705000,-0.0948000,54.5894000
20240229,407,P,0.4250,0.4250,0.4250,0.4250,0,0,0.2246000,-0.0265000,0.0000000,11.0148000,-0.0218000,-1.8561000
20240229,471,C,12.7500,12.7500,12.7500,12.7500,0,0,0.1268000,0.6262000,0.0000000,67.7926000,-0.1240000,40.4906000
20240229,471,P,5.8350,5.8350,5.8350,5.8350,0,0,0.1239000,-0.3712000,0.0000000,67.6480000,-0.0541000,-25.9086000
20240229,545,C,0.0250,0.0250,0.0250,0.0250,0,0,0.1259000,0.0030000,0.0000000,1.6498000,-0.0022000,0.2014000
20240229,545,P,70.8350,70.8350,70.8350,70.8350,0,0,0.3159000,-0.8518000,0.0000000,41.3912000,-0.0566000,-67.6336000
20240229,300,C,176.7850,176.7850,176.7850,176.7850,0,0,0.5527000,0.9902000,0.0000000,4.6766000,-0.0674000,41.7074000
20240229,300,P,0.0450,0.0450,0.0450,0.0450,0,0,0.4335000,-0.0017000,0.0000000,0.9898000,-0.0040000,-0.1219000
20240229,428,C,50.6100,50.6100,50.6100,50.6100,0,0,0.2050000,0.9278000,0.0000000,24.5982000,-0.1051000,55.4680000
20240229,428,P,0.8200,0.8200,0.8200,0.8200,0,0,0.1875000,-0.0559000,0.0000000,20.1775000,-0.0323000,-3.8958000
20240229,460,C,21.3050,21.3050,21.3050,21.3050,0,0,0.1446000,0.7647000,0.0000000,55.0308000,-0.1261000,48.6268000
20240229,460,P,3.3100,3.3100,3.3100,3.3100,0,0,0.1381000,-0.2256000,0.0000000,53.7692000,-0.0553000,-15.7172000
20240229,492,C,2.5350,2.5350,2.5350,2.5350,0,0,0.1047000,0.2350000,0.0000000,55.0024000,-0.0712000,15.5164000
20240229,492,P,17.9600,17.9600,17.9600,17.9600,0,0,0.1274000,-0.7211000,0.0000000,60.1280000,-0.0213000,-51.2734000
20240229,385,C,92.7000,92.7000,92.7000,92.7000,0,0,0.3095000,0.9716000,0.0000000,11.6092000,-0.0880000,52.4331000
20240229,385,P,0.2550,0.2550,0.2550,0.2550,0,0,0.2675000,-0.0143000,0.0000000,6.5173000,-0.0157000,-1.0038000
20240229,417,C,61.2700,61.2700,61.2700,61.2700,0,0,0.2296000,0.9466000,0.0000000,19.4393000,-0.0993000,55.2191000
20240229,417,P,0.5650,0.5650,0.5650,0.5650,0,0,0.2061000,-0.0369000,0.0000000,14.4609000,-0.0260000,-2.5765000
20240229,449,C,30.9200,30.9200,30.9200,30.9200,0,0,0.1642000,0.8491000,0.0000000,41.8848000,-0.1202000,52.9583000
20240229,449,P,1.9600,1.9600,1.9600,1.9600,0,0,0.1542000,-0.1365000,0.0000000,39.1628000,-0.0483000,-9.5032000
20240229,481,C,6.6550,6.6550,6.6550,6.6550,0,0,0.1138000,0.4461000,0.0000000,70.7491000,-0.1072000,29.1924000
20240229,481,P,10.0400,10.0400,10.0400,10.0400,0,0,0.1164000,-0.5522000,0.0000000,70.7871000,-0.0396000,-38.7359000
20240229,310,C,166.8800,166.8800,166.8800,166.8800,0,0,0.5226000,0.9890000,0.0000000,5.1719000,-0.0699000,43.0369000
20240229,310,P,0.0650,0.0650,0.0650,0.0650,0,0,0.4218000,-0.0025000,0.0000000,1.4322000,-0.0056000,-0.1833000
20240229,438,C,41.1050,41.1050,41.1050,41.1050,0,0,0.1852000,0.8993000,0.0000000,31.5526000,-0.1122000,54.9002000
20240229,438,P,1.2100,1.2100,1.2100,1.2100,0,0,0.1711000,-0.0841000,0.0000000,27.6385000,-0.0395000,-5.8564000
20240229,406,C,72.0300,72.0300,72.0300,72.0300,0,0,0.2559000,0.9584000,0.0000000,15.9041000,-0.0947000,54.4846000
20240229,406,P,0.4150,0.4150,0.4150,0.4150,0,0,0.2265000,-0.0258000,0.0000000,10.7440000,-0.0215000,-1.8019000
20240229,470,C,13.4600,13.4600,13.4600,13.4600,0,0,0.1283000,0.6415000,0.0000000,66.8550000,-0.1248000,41.4231000
20240229,470,P,5.5350,5.5350,5.5350,5.5350,0,0,0.1250000,-0.3553000,0.0000000,66.6538000,-0.0548000,-24.7929000
20240229,502,C,0.8400,0.8400,0.8400,0.8400,0,0,0.1007000,0.0999000,0.0000000,31.4072000,-0.0372000,6.6348000
20240229,502,P,27.8400,27.8400,27.8400,27.8400,0,0,0.1672000,-0.7740000,0.0000000,53.8091000,-0.0290000,-56.2534000
20240229,427,C,51.5750,51.5750,51.5750,51.5750,0,0,0.2070000,0.9300000,0.0000000,24.0101000,-0.1044000,55.4824000
20240229,427,P,0.7900,0.7900,0.7900,0.7900,0,0,0.1890000,-0.0537000,0.0000000,19.5412000,-0.0317000,-3.7413000
20240229,395,C,82.8450,82.8450,82.8450,82.8450,0,0,0.2833000,0.9665000,0.0000000,13.3211000,-0.0909000,53.4920000
20240229,395,P,0.3150,0.3150,0.3150,0.3150,0,0,0.2475000,-0.0186000,0.0000000,8.1614000,-0.0180000,-1.3032000
20240229,459,C,22.1450,22.1450,22.1450,22.1450,0,0,0.1463000,0.7743000,0.0000000,53.7685000,-0.1258000,49.1531000
20240229,459,P,3.1500,3.1500,3.1500,3.1500,0,0,0.1395000,-0.2155000,0.0000000,52.3749000,-0.0549000,-15.0113000
20240229,491,C,2.8000,2.8000,2.8000,2.8000,0,0,0.1054000,0.2527000,0.0000000,57.1980000,-0.0750000,16.6719000
20240229,491,P,17.0700,17.0700,17.0700,17.0700,0,0,0.1247000,-0.7111000,0.0000000,61.1527000,-0.0218000,-50.4698000
20240315,320,C,157.7500,157.7500,157.7500,157.7500,0,0,0.4570000,0.9849000,0.0000000,7.6369000,-0.0714000,55.9291000
20240315,320,P,0.1350,0.1350,0.1350,0.1350,0,0,0.3808000,-0.0051000,0.0000000,2.9718000,-0.0082000,-0.4615000
20240315,448,C,33.4400,33.4400,33.4400,33.4400,0,0,0.1654000,0.8361000,0.0000000,49.8290000,-0.1152000,65.6434000
20240315,448,P,2.7700,2.7700,2.7700,2.7700,0,0,0.1609000,-0.1577000,0.0000000,48.6013000,-0.0479000,-14.0243000
20240315,640,P,165.8200,165.8200,165.8200,165.8200,0,0,0.5388000,-0.8754000,0.0000000,41.4124000,-0.0845000,-105.0416000
20240315,405,C,74.1150,74.1150,74.1150,74.1150,0,0,0.2464000,0.9503000,0.0000000,20.6692000,-0.0933000,68.0850000
20240315,405,P,0.6850,0.6850,0.6850,0.6850,0,0,0.2252000,-0.0363000,0.0000000,16.0751000,-0.0248000,-3.2407000
20240315,469,C,16.0650,16.0650,16.0650,16.0650,0,0,0.1323000,0.6530000,0.0000000,74.4481000,-0.1173000,53.0850000
20240315,469,P,6.4850,6.4850,6.4850,6.4850,0,0,0.1333000,-0.3478000,0.0000000,74.5179000,-0.0503000,-30.9984000
20240315,575,C,0.0150,0.0150,0.0150,0.0150,0,0,0.1406000,0.0012000,0.0000000,0.8070000,-0.0009000,0.1018000
20240315,575,P,100.8300,100.8300,100.8300,100.8300,0,0,0.3825000,-0.8519000,0.0000000,46.6042000,-0.0616000,-91.2784000
20240315,426,C,53.8550,53.8550,53.8550,53.8550,0,0,0.2042000,0.9173000,0.0000000,30.7344000,-0.1030000,68.9127000
20240315,426,P,1.2650,1.2650,1.2650,1.2650,0,0,0.1922000,-0.0709000,0.0000000,27.3587000,-0.0347000,-6.3123000
20240315,490,C,4.4050,4.4050,4.4050,4.4050,0,0,0.1091000,0.3165000,0.0000000,71.7759000,-0.0805000,26.3444000
20240315,490,P,16.7600,16.7600,16.7600,16.7600,0,0,0.1257000,-0.6582000,0.0000000,74.0235000,-0.0226000,-59.4704000
20240315,255,C,221.9900,221.9900,221.9900,221.9900,0,0,0.6531000,0.9919000,0.0000000,4.4410000,-0.0581000,44.9099000
20240315,255,P,0.0450,0.0450,0.0450,0.0450,0,0,0.5093000,-0.0012000,0.0000000,0.8505000,-0.0031000,-0.1167000
20240315,447,C,34.3400,34.3400,34.3400,34.3400,0,0,0.1671000,0.8415000,0.0000000,48.7564000,-0.1148000,65.9417000
20240315,447,P,2.6700,2.6700,2.6700,2.6700,0,0,0.1624000,-0.1520000,0.0000000,47.4347000,-0.0474000,-13.5179000
20240315,340,C,138.0000,138.0000,138.0000,138.0000,0,0,0.4025000,0.9814000,0.0000000,9.1582000,-0.0755000,59.1963000
20240315,340,P,0.1850,0.1850,0.1850,0.1850,0,0,0.3417000,-0.0076000,0.0000000,4.2279000,-0.0103000,-0.6848000
20240315,404,C,75.0900,75.0900,75.0900,75.0900,0,0,0.2488000,0.9512000,0.0000000,20.3775000,-0.0931000,67.9830000
20240315,404,P,0.6650,0.6650,0.6650,0.6650,0,0,0.2266000,-0.0352000,0.0000000,15.6557000,-0.0243000,-3.1380000
20240315,468,C,16.7950,16.7950,16.7950,16.7950,0,0,0.1336000,0.6655000,0.0000000,73.4089000,-0.1178000,54.0296000
20240315,468,P,6.2150,6.2150,6.2150,6.2150,0,0,0.1345000,-0.3352000,0.0000000,73.4826000,-0.0508000,-29.8712000
20240315,660,P,185.8200,185.8200,185.8200,185.8200,0,0,0.5825000,-0.8794000,0.0000000,40.4604000,-0.0908000,-109.0061000
20240315,425,C,54.8300,54.8300,54.8300,54.8300,0,0,0.2070000,0.9187000,0.0000000,30.3326000,-0.1029000,68.8584000
20240315,425,P,1.2250,1.2250,1.2250,1.2250,0,0,0.1937000,-0.0685000,0.0000000,26.6388000,-0.0341000,-6.0977000
20240315,489,C,4.7600,4.7600,4.7600,4.7600,0,0,0.1099000,0.3335000,0.0000000,73.3344000,-0.0833000,27.7400000
20240315,489,P,16.0150,16.0150,16.0150,16.0150,0,0,0.1246000,-0.6455000,0.0000000,75.0222000,-0.0239000,-58.2472000
20240315,595,C,0.0150,0.0150,0.0150,0.0150,0,0,0.1640000,0.0010000,0.0000000,0.6980000,-0.0009000,0.0866000
20240315,595,P,120.8250,120.8250,120.8250,120.8250,0,0,0.4332000,-0.8616000,0.0000000,44.5130000,-0.0690000,-95.7270000
20240315,446,C,35.2400,35.2400,35.2400,35.2400,0,0,0.1688000,0.8467000,0.0000000,47.6938000,-0.1143000,66.2255000
20240315,446,P,2.5700,2.5700,2.5700,2.5700,0,0,0.1638000,-0.1464000,0.0000000,46.2600000,-0.0469000,-13.0194000
20240315,510,C,0.6650,0.6650,0.6650,0.6650,0,0,0.1011000,0.0736000,0.0000000,28.1517000,-0.0265000,6.1963000
20240315,510,P,35.8400,35.8400,35.8400,35.8400,0,0,0.1897000,-0.7713000,0.0000000,61.0239000,-0.0293000,-72.6162000
20240315,275,C,202.2200,202.2200,202.2200,202.2200,0,0,0.5894000,0.9902000,0.0000000,5.2405000,-0.0622000,48.3412000
20240315,275,P,0.0550,0.0550,0.0550,0.0550,0,0,0.4628000,-0.0017000,0.0000000,1.1491000,-0.0038000,-0.1616000
20240315,403,C,76.0650,76.0650,76.0650,76.0650,0,0,0.2507000,0.9524000,0.0000000,19.9901000,-0.0926000,67.9068000
20240315,403,P,0.6550,0.6550,0.6550,0.6550,0,0,0.2287000,-0.0344000,0.0000000,15.3758000,-0.0241000,-3.0705000
20240315,467,C,17.5500,17.5500,17.5500,17.5500,0,0,0.1352000,0.6774000,0.0000000,72.3461000,-0.1183000,54.9098000
20240315,467,P,5.9550,5.9550,5.9550,5.9550,0,0,0.1357000,-0.3230000,0.0000000,72.3913000,-0.0512000,-28.7748000
20240315,360,C,118.3050,118.3050,118.3050,118.3050,0,0,0.3536000,0.9756000,0.0000000,11.5352000,-0.0809000,62.2595000
20240315,360,P,0.2650,0.2650,0.2650,0.2650,0,0,0.3046000,-0.0117000,0.0000000,6.1869000,-0.0134000,-1.0550000
20240315,424,C,55.7650,55.7650,55.7650,55.7650,0,0,0.2081000,0.9216000,0.0000000,29.5033000,-0.1019000,68.9409000
20240315,424,P,1.1850,1.1850,1.1850,1.1850,0,0,0.1951000,-0.0662000,0.0000000,25.9373000,-0.0336000,-5.8910000
20240315,488,C,5.1350,5.1350,5.1350,5.1350,0,0,0.1105000,0.3505000,0.0000000,74.7292000,-0.0860000,29.1312000
20240315,488,P,15.3150,15.3150,15.3150,15.3150,0,0,0.1239000,-0.6318000,0.0000000,76.0043000,-0.0255000,-56.9445000
20240315,445,C,36.1450,36.1450,36.1450,36.1450,0,0,0.1705000,0.8518000,0.0000000,46.6243000,-0.1137000,66.5029000
20240315,445,P,2.4700,2.4700,2.4700,2.4700,0,0,0.1651000,-0.1409000,0.0000000,45.0768000,-0.0463000,-12.5284000
20240315,615,P,140.8200,140.8200,140.8200,140.8200,0,0,0.4815000,-0.8687000,0.0000000,42.9294000,-0.0761000,-99.9533000
20240315,210,C,266.5000,266.5000,266.5000,266.5000,0,0,0.8181000,0.9944000,0.0000000,3.1746000,-0.0495000,37.0796000
20240315,210,P,0.0150,0.0150,0.0150,0.0150,0,0,0.5874000,-0.0003000,0.0000000,0.2293000,-0.0009000,-0.0283000
20240315,402,C,77.0600,77.0600,77.0600,77.0600,0,0,0.2541000,0.9526000,0.0000000,19.9238000,-0.0928000,67.7428000
20240315,402,P,0.6350,0.6350,0.6350,0.6350,0,0,0.2302000,-0.0333000,0.0000000,14.9760000,-0.0237000,-2.9740000
20240315,466,C,18.3100,18.3100,18.3100,18.3100,0,0,0.1367000,0.6890000,0.0000000,71.2320000,-0.1186000,55.7659000
20240315,466,P,5.7050,5.7050,5.7050,5.7050,0,0,0.1369000,-0.3111000,0.0000000,71.2524000,-0.0516000,-27.7118000
20240315,530,C,0.1150,0.1150,0.1150,0.1150,0,0,0.1083000,0.0144000,0.0000000,7.4162000,-0.0070000,1.2232000
20240315,530,P,55.8350,55.8350,55.8350,55.8350,0,0,0.2550000,-0.8115000,0.0000000,54.4460000,-0.0411000,-79.6752000
20240315,295,C,182.4500,182.4500,182.4500,182.4500,0,0,0.5281000,0.9883000,0.0000000,6.1402000,-0.0662000,51.7502000
20240315,295,P,0.0850,0.0850,0.0850,0.0850,0,0,0.4277000,-0.0029000,0.0000000,1.8184000,-0.0056000,-0.2677000
20240315,423,C,56.7200,56.7200,56.7200,56.7200,0,0,0.2102000,0.9235000,0.0000000,28.9496000,-0.1015000,68.9326000
20240315,423,P,1.1500,1.1500,1.1500,1.1500,0,0,0.1970000,-0.0643000,0.0000000,25.3565000,-0.0332000,-5.7225000
20240315,487,C,5.5400,5.5400,5.5400,5.5400,0,0,0.1115000,0.3681000,0.0000000,76.0031000,-0.0887000,30.5608000
20240315,487,P,14.6250,14.6250,14.6250,14.6250,0,0,0.1233000,-0.6178000,0.0000000,76.9046000,-0.0271000,-55.6168000
20240315,380,C,98.5950,98.5950,98.5950,98.5950,0,0,0.3029000,0.9683000,0.0000000,14.3335000,-0.0853000,65.2010000
20240315,380,P,0.3850,0.3850,0.3850,0.3850,0,0,0.2680000,-0.0186000,0.0000000,9.1808000,-0.0173000,-1.6639000
20240315,444,C,37.0550,37.0550,37.0550,37.0550,0,0,0.1722000,0.8566000,0.0000000,45.6075000,-0.1132000,66.7484000
20240315,444,P,2.3800,2.3800,2.3800,2.3800,0,0,0.1665000,-0.1357000,0.0000000,43.9488000,-0.0457000,-12.0711000
20240315,401,C,78.0150,78.0150,78.0150,78.0150,0,0,0.2550000,0.9543000,0.0000000,19.3391000,-0.0918000,67.7191000
20240315,401,P,0.6200,0.6200,0.6200,0.6200,0,0,0.2321000,-0.0325000,0.0000000,14.6861000,-0.0234000,-2.9048000
20240315,465,C,19.0850,19.0850,19.0850,19.0850,0,0,0.1381000,0.7002000,0.0000000,70.0792000,-0.1188000,56.5898000
20240315,465,P,5.4700,5.4700,5.4700,5.4700,0,0,0.1382000,-0.2998000,0.0000000,70.0868000,-0.0519000,-26.6957000
20240315,635,P,160.8200,160.8200,160.8200,160.8200,0,0,0.5276000,-0.8742000,0.0000000,41.6800000,-0.0829000,-104.0383000
20240315,230,C,246.7150,246.7150,246.7150,246.7150,0,0,0.7396000,0.9935000,0.0000000,3.6410000,-0.0530000,40.5791000
20240315,230,P,0.0250,0.0250,0.0250,0.0250,0,0,0.5562000,-0.0006000,0.0000000,0.4543000,-0.0018000,-0.0591000
20240315,422,C,57.6800,57.6800,57.6800,57.6800,0,0,0.2121000,0.9255000,0.0000000,28.3773000,-0.1010000,68.9287000
20240315,422,P,1.1150,1.1150,1.1150,1.1150,0,0,0.1983000,-0.0620000,0.0000000,24.6554000,-0.0326000,-5.5202000
20240315,486,C,5.9600,5.9600,5.9600,5.9600,0,0,0.1123000,0.3855000,0.0000000,77.1070000,-0.0913000,31.9806000
20240315,486,P,13.9750,13.9750,13.9750,13.9750,0,0,0.1229000,-0.6031000,0.0000000,77.7365000,-0.0287000,-54.2384000
20240315,550,C,0.0350,0.0350,0.0350,0.0350,0,0,0.1220000,0.0040000,0.0000000,2.4207000,-0.0025000,0.3425000
20240315,550,P,75.8300,75.8300,75.8300,75.8300,0,0,0.3143000,-0.8342000,0.0000000,50.1976000,-0.0509000,-85.2410000
20240315,315,C,162.6850,162.6850,162.6850,162.6850,0,0,0.4697000,0.9859000,0.0000000,7.2232000,-0.0700000,55.1183000
20240315,315,P,0.1250,0.1250,0.1250,0.1250,0,0,0.3906000,-0.0046000,0.0000000,2.7167000,-0.0077000,-0.4177000
20240315,443,C,37.9600,37.9600,37.9600,37.9600,0,0,0.1739000,0.8612000,0.0000000,44.6013000,-0.1126000,66.9815000
20240315,443,P,2.3000,2.3000,2.3000,2.3000,0,0,0.1680000,-0.1310000,0.0000000,42.8959000,-0.0452000,-11.6536000
20240315,400,C,78.9900,78.9900,78.9900,78.9900,0,0,0.2574000,0.9550000,0.0000000,19.0845000,-0.0916000,67.6056000
20240315,400,P,0.6050,0.6050,0.6050,0.6050,0,0,0.2336000,-0.0315000,0.0000000,14.3054000,-0.0230000,-2.8141000
20240315,464,C,19.8700,19.8700,19.8700,19.8700,0,0,0.1398000,0.7108000,0.0000000,68.9213000,-0.1191000,57.3578000
20240315,464,P,5.2450,5.2450,5.2450,5.2450,0,0,0.1394000,-0.2886000,0.0000000,68.8671000,-0.0520000,-25.6954000
20240315,421,C,58.6400,58.6400,58.6400,58.6400,0,0,0.2141000,0.9274000,0.0000000,27.8341000,-0.1006000,68.9142000
20240315,421,P,1.0750,1.0750,1.0750,1.0750,0,0,0.1995000,-0.0597000,0.0000000,23.9386000,-0.0319000,-5.3158000
20240315,485,C,6.4000,6.4000,6.4000,6.4000,0,0,0.1132000,0.4030000,0.0000000,78.0505000,-0.0938000,33.3972000
20240315,485,P,13.3500,13.3500,13.3500,13.3500,0,0,0.1228000,-0.5879000,0.0000000,78.4755000,-0.0305000,-52.8272000
20240315,655,P,180.8150,180.8150,180.8150,180.8150,0,0,0.5715000,-0.8786000,0.0000000,40.6521000,-0.0890000,-108.0306000
20240315,250,C,226.9350,226.9350,226.9350,226.9350,0,0,0.6691000,0.9923000,0.0000000,4.2446000,-0.0569000,44.0511000
20240315,250,P,0.0350,0.0350,0.0350,0.0350,0,0,0.5124000,-0.0010000,0.0000000,0.6789000,-0.0025000,-0.0912000
20240315,442,C,38.8800,38.8800,38.8800,38.8800,0,0,0.1757000,0.8655000,0.0000000,43.6489000,-0.1121000,67.1848000
20240315,442,P,2.2150,2.2150,2.2150,2.2150,0,0,0.1693000,-0.1260000,0.0000000,41.7534000,-0.0445000,-11.2084000
20240315,570,C,0.0200,0.0200,0.0200,0.0200,0,0,0.1435000,0.0023000,0.0000000,1.4769000,-0.0017000,0.1975000
20240315,570,P,95.8350,95.8350,95.8350,95.8350,0,0,0.3693000,-0.8490000,0.0000000,47.2135000,-0.0596000,-90.1246000
20240315,335,C,142.9350,142.9350,142.9350,142.9350,0,0,0.4152000,0.9825000,0.0000000,8.6815000,-0.0742000,58.4014000
20240315,335,P,0.1650,0.1650,0.1650,0.1650,0,0,0.3496000,-0.0066000,0.0000000,3.7521000,-0.0094000,-0.5984000
20240315,463,C,20.6600,20.6600,20.6600,20.6600,0,0,0.1412000,0.7213000,0.0000000,67.7202000,-0.1192000,58.1091000
20240315,463,P,5.0250,5.0250,5.0250,5.0250,0,0,0.1405000,-0.2778000,0.0000000,67.6201000,-0.0521000,-24.7307000
20240315,420,C,59.6000,59.6000,59.6000,59.6000,0,0,0.2161000,0.9292000,0.0000000,27.2880000,-0.1001000,68.8993000
20240315,420,P,1.0450,1.0450,1.0450,1.0450,0,0,0.2012000,-0.0579000,0.0000000,23.3728000,-0.0314000,-5.1568000
20240315,484,C,6.8650,6.8650,6.8650,6.8650,0,0,0.1141000,0.4204000,0.0000000,78.8360000,-0.0961000,34.8112000
20240315,484,P,12.7550,12.7550,12.7550,12.7550,0,0,0.1228000,-0.5725000,0.0000000,79.1044000,-0.0322000,-51.3990000
20240315,441,C,39.7950,39.7950,39.7950,39.7950,0,0,0.1773000,0.8700000,0.0000000,42.6468000,-0.1115000,67.4018000
20240315,441,P,2.1350,2.1350,2.1350,2.1350,0,0,0.1707000,-0.1214000,0.0000000,40.6868000,-0.0439000,-10.8017000
20240315,505,C,1.1150,1.1150,1.1150,1.1150,0,0,0.1019000,0.1131000,0.0000000,38.6960000,-0.0375000,9.5037000
20240315,505,P,30.8400,30.8400,30.8400,30.8400,0,0,0.1720000,-0.7559000,0.0000000,63.2553000,-0.0258000,-70.3907000
20240315,270,C,207.1600,207.1600,207.1600,207.1600,0,0,0.6042000,0.9907000,0.0000000,4.9974000,-0.0610000,47.4923000
20240315,270,P,0.0550,0.0550,0.0550,0.0550,0,0,0.4765000,-0.0017000,0.0000000,1.1074000,-0.0038000,-0.1554000
20240315,462,C,21.4650,21.4650,21.4650,21.4650,0,0,0.1427000,0.7312000,0.0000000,66.5093000,-0.1192000,58.8200000
20240315,462,P,4.8200,4.8200,4.8200,4.8200,0,0,0.1419000,-0.2676000,0.0000000,66.3718000,-0.0522000,-23.8165000
20240315,590,C,0.0150,0.0150,0.0150,0.0150,0,0,0.1601000,0.0012000,0.0000000,0.8061000,-0.0010000,0.1014000
20240315,590,P,115.8300,115.8300,115.8300,115.8300,0,0,0.4210000,-0.8593000,0.0000000,45.0091000,-0.0674000,-94.6299000
20240315,355,C,123.2050,123.2050,123.2050,123.2050,0,0,0.3637000,0.9778000,0.0000000,10.6571000,-0.0788000,61.5608000
20240315,355,P,0.2350,0.2350,0.2350,0.2350,0,0,0.3125000,-0.0102000,0.0000000,5.4932000,-0.0122000,-0.9206000
20240315,419,C,60.5600,60.5600,60.5600,60.5600,0,0,0.2180000,0.9311000,0.0000000,26.7392000,-0.0995000,68.8838000
20240315,419,P,1.0150,1.0150,1.0150,1.0150,0,0,0.2028000,-0.0561000,0.0000000,22.7891000,-0.0310000,-4.9943000
20240315,483,C,7.3500,7.3500,7.3500,7.3500,0,0,0.1151000,0.4379000,0.0000000,79.4645000,-0.0984000,36.2208000
20240315,483,P,12.1750,12.1750,12.1750,12.1750,0,0,0.1228000,-0.5569000,0.0000000,79.6173000,-0.0338000,-49.9574000
20240315,525,C,0.1650,0.1650,0.1650,0.1650,0,0,0.1052000,0.0207000,0.0000000,10.0641000,-0.0094000,1.7485000
20240315,525,P,50.8350,50.8350,50.8350,50.8350,0,0,0.2393000,-0.8037000,0.0000000,55.8038000,-0.0383000,-78.1068000
20240315,440,C,40.7150,40.7150,40.7150,40.7150,0,0,0.1790000,0.8741000,0.0000000,41.6986000,-0.1109000,67.5903000
20240315,440,P,2.0550,2.0550,2.0550,2.0550,0,0,0.1720000,-0.1170000,0.0000000,39.6225000,-0.0432000,-10.4035000
20240315,205,C,271.4450,271.4450,271.4450,271.4450,0,0,0.8369000,0.9947000,0.0000000,3.0272000,-0.0483000,36.2107000
20240315,205,P,0.0150,0.0150,0.0150,0.0150,0,0,0.5999000,-0.0002000,0.0000000,0.2080000,-0.0009000,-0.0255000
20240315,461,C,22.2750,22.2750,22.2750,22.2750,0,0,0.1443000,0.7409000,0.0000000,65.2847000,-0.1192000,59.4984000
20240315,461,P,4.6250,4.6250,4.6250,4.6250,0,0,0.1431000,-0.2575000,0.0000000,65.0843000,-0.0521000,-22.9188000
20240315,290,C,187.3900,187.3900,187.3900,187.3900,0,0,0.5429000,0.9888000,0.0000000,5.8902000,-0.0651000,50.9033000
20240315,290,P,0.0750,0.0750,0.0750,0.0750,0,0,0.4355000,-0.0025000,0.0000000,1.5995000,-0.0050000,-0.2323000
20240315,418,C,61.5200,61.5200,61.5200,61.5200,0,0,0.2199000,0.9329000,0.0000000,26.2031000,-0.0990000,68.8631000
20240315,418,P,0.9850,0.9850,0.9850,0.9850,0,0,0.2044000,-0.0543000,0.0000000,22.2044000,-0.0304000,-4.8330000
20240315,482,C,7.8500,7.8500,7.8500,7.8500,0,0,0.1161000,0.4552000,0.0000000,79.9320000,-0.1005000,37.6104000
20240315,482,P,11.6400,11.6400,11.6400,11.6400,0,0,0.1232000,-0.5410000,0.0000000,80.0130000,-0.0356000,-48.4959000
20240315,610,P,135.8250,135.8250,135.8250,135.8250,0,0,0.4697000,-0.8671000,0.0000000,43.2915000,-0.0744000,-98.9114000
20240315,375,C,103.5100,103.5100,103.5100,103.5100,0,0,0.3151000,0.9705000,0.0000000,13.5000000,-0.0841000,64.5005000
20240315,375,P,0.3450,0.3450,0.3450,0.3450,0,0,0.2766000,-0.0163000,0.0000000,8.2301000,-0.0160000,-1.4650000
20240315,439,C,41.6350,41.6350,41.6350,41.6350,0,0,0.1807000,0.8782000,0.0000000,40.7524000,-0.1103000,67.7721000
20240315,439,P,1.9850,1.9850,1.9850,1.9850,0,0,0.1735000,-0.1128000,0.0000000,38.6262000,-0.0427000,-10.0379000
20240315,545,C,0.0450,0.0450,0.0450,0.0450,0,0,0.1181000,0.0053000,0.0000000,3.0795000,-0.0031000,0.4487000
20240315,545,P,70.8350,70.8350,70.8350,70.8350,0,0,0.2999000,-0.8295000,0.0000000,51.1135000,-0.0486000,-83.9319000
20240315,460,C,23.0850,23.0850,23.0850,23.0850,0,0,0.1457000,0.7503000,0.0000000,64.0279000,-0.1190000,60.1608000
20240315,460,P,4.4400,4.4400,4.4400,4.4400,0,0,0.1445000,-0.2481000,0.0000000,63.8145000,-0.0521000,-22.0751000
20240315,225,C,251.6650,251.6650,251.6650,251.6650,0,0,0.7595000,0.9937000,0.0000000,3.5412000,-0.0523000,39.7010000
20240315,225,P,0.0250,0.0250,0.0250,0.0250,0,0,0.5687000,-0.0005000,0.0000000,0.4185000,-0.0017000,-0.0541000
20240315,417,C,62.4800,62.4800,62.4800,62.4800,0,0,0.2218000,0.9346000,0.0000000,25.6793000,-0.0985000,68.8373000
20240315,417,P,0.9550,0.9550,0.9550,0.9550,0,0,0.2059000,-0.0525000,0.0000000,21.6350000,-0.0299000,-4.6775000
20240315,481,C,8.3800,8.3800,8.3800,8.3800,0,0,0.1172000,0.4723000,0.0000000,80.2466000,-0.1026000,38.9862000
20240315,481,P,11.1200,11.1200,11.1200,11.1200,0,0,0.1235000,-0.5251000,0.0000000,80.2793000,-0.0373000,-47.0394000
20240315,310,C,167.6250,167.6250,167.6250,167.6250,0,0,0.4836000,0.9866000,0.0000000,6.9044000,-0.0689000,54.2867000
20240315,310,P,0.1150,0.1150,0.1150,0.1150,0,0,0.4003000,-0.0041000,0.0000000,2.4813000,-0.0072000,-0.3777000
20240315,438,C,42.5650,42.5650,42.5650,42.5650,0,0,0.1825000,0.8819000,0.0000000,39.8779000,-0.1097000,67.9204000
20240315,438,P,1.9100,1.9100,1.9100,1.9100,0,0,0.1749000,-0.1088000,0.0000000,37.6326000,-0.0421000,-9.6796000
20240315,502,C,1.5100,1.5100,1.5100,1.5100,0,0,0.1030000,0.1443000,0.0000000,45.8276000,-0.0455000,12.1075000
20240315,502,P,27.8400,27.8400,27.8400,27.8400,0,0,0.1610000,-0.7449000,0.0000000,64.7583000,-0.0235000,-68.9025000
20240315,630,P,155.8250,155.8250,155.8250,155.8250,0,0,0.5163000,-0.8730000,0.0000000,41.9659000,-0.0812000,-103.0279000
20240315,395,C,83.8800,83.8800,83.8800,83.8800,0,0,0.2685000,0.9591000,0.0000000,17.6760000,-0.0899000,67.0702000
20240315,395,P,0.5350,0.5350,0.5350,0.5350,0,0,0.2419000,-0.0274000,0.0000000,12.7247000,-0.0213000,-2.4454000
20240315,459,C,23.9200,23.9200,23.9200,23.9200,0,0,0.1474000,0.7589000,0.0000000,62.8327000,-0.1190000,60.7464000
20240315,459,P,4.2650,4.2650,4.2650,4.2650,0,0,0.1458000,-0.2388000,0.0000000,62.5122000,-0.0519000,-21.2461000
20240315,565,C,0.0250,0.0250,0.0250,0.0250,0,0,0.1367000,0.0023000,0.0000000,1.5072000,-0.0017000,0.2021000
20240315,565,P,90.8300,90.8300,90.8300,90.8300,0,0,0.3559000,-0.8458000,0.0000000,47.8742000,-0.0575000,-88.9466000
20240315,416,C,63.4500,63.4500,63.4500,63.4500,0,0,0.2239000,0.9360000,0.0000000,25.2425000,-0.0981000,68.7845000
20240315,416,P,0.9250,0.9250,0.9250,0.9250,0,0,0.2073000,-0.0508000,0.0000000,21.0648000,-0.0294000,-4.5232000
20240315,480,C,8.9200,8.9200,8.9200,8.9200,0,0,0.1183000,0.4892000,0.0000000,80.4104000,-0.1045000,40.3375000
20240315,480,P,10.6200,10.6200,10.6200,10.6200,0,0,0.1239000,-0.5092000,0.0000000,80.4177000,-0.0388000,-45.5873000
20240315,245,C,231.8750,231.8750,231.8750,231.8750,0,0,0.6851000,0.9927000,0.0000000,4.0490000,-0.0557000,43.1920000
20240315,245,P,0.0350,0.0350,0.0350,0.0350,0,0,0.5281000,-0.0009000,0.0000000,0.6683000,-0.0026000,-0.0898000
20240315,437,C,43.4950,43.4950,43.4950,43.4950,0,0,0.1843000,0.8854000,0.0000000,39.0226000,-0.1092000,68.0566000
20240315,437,P,1.8450,1.8450,1.8450,1.8450,0,0,0.1763000,-0.1048000,0.0000000,36.6323000,-0.0414000,-9.3247000
20240315,501,C,1.6650,1.6650,1.6650,1.6650,0,0,0.1032000,0.1555000,0.0000000,48.1669000,-0.0481000,13.0400000
20240315,501,P,26.8400,26.8400,26.8400,26.8400,0,0,0.1572000,-0.7408000,0.0000000,65.2937000,-0.0227000,-68.3729000
20240315,330,C,147.8750,147.8750,147.8750,147.8750,0,0,0.4289000,0.9834000,0.0000000,8.3050000,-0.0733000,57.5838000
20240315,330,P,0.1550,0.1550,0.1550,0.1550,0,0,0.3603000,-0.0061000,0.0000000,3.4922000,-0.0090000,-0.5524000
20240315,458,C,24.7550,24.7550,24.7550,24.7550,0,0,0.1489000,0.7675000,0.0000000,61.5838000,-0.1188000,61.3373000
20240315,458,P,4.0950,4.0950,4.0950,4.0950,0,0,0.1471000,-0.2298000,0.0000000,61.2088000,-0.0517000,-20.4504000
20240315,650,P,175.8150,175.8150,175.8150,175.8150,0,0,0.5606000,-0.8776000,0.0000000,40.8791000,-0.0875000,-107.0435000
20240315,415,C,64.4150,64.4150,64.4150,64.4150,0,0,0.2257000,0.9377000,0.0000000,24.7121000,-0.0975000,68.7584000
20240315,415,P,0.9000,0.9000,0.9000,0.9000,0,0,0.2092000,-0.0494000,0.0000000,20.6025000,-0.0291000,-4.3998000
20240315,479,C,9.4850,9.4850,9.4850,9.4850,0,0,0.1194000,0.5059000,0.0000000,80.4306000,-0.1062000,41.6651000
20240315,479,P,10.1400,10.1400,10.1400,10.1400,0,0,0.1244000,-0.4934000,0.0000000,80.4287000,-0.0403000,-44.1430000
20240315,585,C,0.0150,0.0150,0.0150,0.0150,0,0,0.1523000,0.0011000,0.0000000,0.7410000,-0.0009000,0.0926000
20240315,585,P,110.8300,110.8300,110.8300,110.8300,0,0,0.4083000,-0.8571000,0.0000000,45.5049000,-0.0655000,-93.5292000
20240315,436,C,44.4250,44.4250,44.4250,44.4250,0,0,0.1860000,0.8890000,0.0000000,38.1514000,-0.1086000,68.1942000
20240315,436,P,1.7750,1.7750,1.7750,1.7750,0,0,0.1776000,-0.1009000,0.0000000,35.6347000,-0.0407000,-8.9768000
20240315,500,C,1.8350,1.8350,1.8350,1.8350,0,0,0.1036000,0.1677000,0.0000000,50.5891000,-0.0510000,14.0519000
20240315,500,P,25.8400,25.8400,25.8400,25.8400,0,0,0.1535000,-0.7365000,0.0000000,65.8411000,-0.0219000,-67.8279000
20240315,265,C,212.1050,212.1050,212.1050,212.1050,0,0,0.6199000,0.9912000,0.0000000,4.7885000,-0.0600000,46.6364000
20240315,265,P,0.0450,0.0450,0.0450,0.0450,0,0,0.4804000,-0.0013000,0.0000000,0.9018000,-0.0031000,-0.1240000
20240315,457,C,25.5950,25.5950,25.5950,25.5950,0,0,0.1505000,0.7757000,0.0000000,60.3536000,-0.1186000,61.8879000
20240315,457,P,3.9350,3.9350,3.9350,3.9350,0,0,0.1485000,-0.2213000,0.0000000,59.9151000,-0.0515000,-19.6913000
20240315,350,C,128.1350,128.1350,128.1350,128.1350,0,0,0.3763000,0.9791000,0.0000000,10.0961000,-0.0776000,60.7874000
20240315,350,P,0.2150,0.2150,0.2150,0.2150,0,0,0.3217000,-0.0091000,0.0000000,4.9941000,-0.0115000,-0.8262000
20240315,414,C,65.3800,65.3800,65.3800,65.3800,0,0,0.2279000,0.9391000,0.0000000,24.2816000,-0.0971000,68.7018000
20240315,414,P,0.8750,0.8750,0.8750,0.8750,0,0,0.2106000,-0.0477000,0.0000000,20.0452000,-0.0285000,-4.2517000
20240315,478,C,10.0650,10.0650,10.0650,10.0650,0,0,0.1205000,0.5223000,0.0000000,80.3135000,-0.1079000,42.9656000
20240315,478,P,9.6900,9.6900,9.6900,9.6900,0,0,0.1251000,-0.4777000,0.0000000,80.3141000,-0.0417000,-42.7124000
20240315,435,C,45.3600,45.3600,45.3600,45.3600,0,0,0.1880000,0.8921000,0.0000000,37.3687000,-0.1081000,68.2948000
20240315,435,P,1.7150,1.7150,1.7150,1.7150,0,0,0.1790000,-0.0974000,0.0000000,34.7146000,-0.0401000,-8.6617000
20240315,499,C,2.0150,2.0150,2.0150,2.0150,0,0,0.1040000,0.1802000,0.0000000,52.9461000,-0.0538000,15.0874000
20240315,499,P,24.8400,24.8400,24.8400,24.8400,0,0,0.1496000,-0.7321000,0.0000000,66.4074000,-0.0211000,-67.2624000
20240315,605,P,130.8250,130.8250,130.8250,130.8250,0,0,0.4577000,-0.8654000,0.0000000,43.6709000,-0.0726000,-97.8617000
20240315,200,C,276.3900,276.3900,276.3900,276.3900,0,0,0.8585000,0.9949000,0.0000000,2.9349000,-0.0475000,35.3310000
20240315,200,P,0.0150,0.0150,0.0150,0.0150,0,0,0.6250000,-0.0003000,0.0000000,0.2343000,-0.0010000,-0.0291000
20240315,456,C,26.4450,26.4450,26.4450,26.4450,0,0,0.1521000,0.7836000,0.0000000,59.1336000,-0.1183000,62.4069000
20240315,456,P,3.7800,3.7800,3.7800,3.7800,0,0,0.1499000,-0.2132000,0.0000000,58.6291000,-0.0513000,-18.9642000
20240315,520,C,0.2450,0.2450,0.2450,0.2450,0,0,0.1025000,0.0304000,0.0000000,13.8961000,-0.0128000,2.5687000
20240315,520,P,45.8350,45.8350,45.8350,45.8350,0,0,0.2232000,-0.7947000,0.0000000,57.3275000,-0.0354000,-76.4306000
20240315,285,C,192.3350,192.3350,192.3350,192.3350,0,0,0.5574000,0.9894000,0.0000000,5.6238000,-0.0640000,50.0597000
20240315,285,P,0.0650,0.0650,0.0650,0.0650,0,0,0.4423000,-0.0021000,0.0000000,1.3806000,-0.0044000,-0.1975000
20240315,413,C,66.3450,66.3450,66.3450,66.3450,0,0,0.2296000,0.9408000,0.0000000,23.7598000,-0.0965000,68.6710000
20240315,413,P,0.8550,0.8550,0.8550,0.8550,0,0,0.2124000,-0.0464000,0.0000000,19.5930000,-0.0282000,-4.1330000
20240315,477,C,10.6650,10.6650,10.6650,10.6650,0,0,0.1217000,0.5384000,0.0000000,80.0664000,-0.1094000,44.2358000
20240315,477,P,9.2600,9.2600,9.2600,9.2600,0,0,0.1258000,-0.4621000,0.0000000,80.0774000,-0.0430000,-41.3000000
20240315,370,C,108.4300,108.4300,108.4300,108.4300,0,0,0.3271000,0.9726000,0.0000000,12.6918000,-0.0827000,63.7915000
20240315,370,P,0.3150,0.3150,0.3150,0.3150,0,0,0.2858000,-0.0146000,0.0000000,7.4685000,-0.0151000,-1.3094000
20240315,434,C,46.2950,46.2950,46.2950,46.2950,0,0,0.1896000,0.8956000,0.0000000,36.5000000,-0.1074000,68.4230000
20240315,434,P,1.6550,1.6550,1.6550,1.6550,0,0,0.1804000,-0.0939000,0.0000000,33.7971000,-0.0394000,-8.3522000
20240315,498,C,2.2150,2.2150,2.2150,2.2150,0,0,0.1045000,0.1935000,0.0000000,55.3357000,-0.0568000,16.1935000
20240315,498,P,23.8400,23.8400,23.8400,23.8400,0,0,0.1458000,-0.7273000,0.0000000,66.9938000,-0.0203000,-66.6742000
20240315,455,C,27.3000,27.3000,27.3000,27.3000,0,0,0.1538000,0.7910000,0.0000000,57.9340000,-0.1181000,62.8914000
20240315,455,P,3.6300,3.6300,3.6300,3.6300,0,0,0.1512000,-0.2052000,0.0000000,57.3253000,-0.0509000,-18.2519000
20240315,625,P,150.8250,150.8250,150.8250,150.8250,0,0,0.5048000,-0.8716000,0.0000000,42.2718000,-0.0796000,-102.0096000
20240315,220,C,256.6050,256.6050,256.6050,256.6050,0,0,0.7765000,0.9941000,0.0000000,3.3635000,-0.0510000,38.8380000
20240315,220,P,0.0250,0.0250,0.0250,0.0250,0,0,0.5874000,-0.0006000,0.0000000,0.4263000,-0.0018000,-0.0554000
20240315,412,C,67.3150,67.3150,67.3150,67.3150,0,0,0.2317000,0.9421000,0.0000000,23.3497000,-0.0961000,68.6068000
20240315,412,P,0.8250,0.8250,0.8250,0.8250,0,0,0.2137000,-0.0448000,0.0000000,19.0486000,-0.0276000,-3.9908000
20240315,476,C,11.2850,11.2850,11.2850,11.2850,0,0,0.1229000,0.5541000,0.0000000,79.6978000,-0.1108000,45.4719000
20240315,476,P,8.8500,8.8500,8.8500,8.8500,0,0,0.1265000,-0.4468000,0.0000000,79.7234000,-0.0443000,-39.9099000
20240315,540,C,0.0650,0.0650,0.0650,0.0650,0,0,0.1162000,0.0079000,0.0000000,4.3895000,-0.0044000,0.6696000
20240315,540,P,65.8350,65.8350,65.8350,65.8350,0,0,0.2853000,-0.8242000,0.0000000,52.1191000,-0.0462000,-82.5739000
20240315,305,C,172.5650,172.5650,172.5650,172.5650,0,0,0.4980000,0.9872000,0.0000000,6.6227000,-0.0679000,53.4471000
20240315,305,P,0.1050,0.1050,0.1050,0.1050,0,0,0.4096000,-0.0037000,0.0000000,2.2460000,-0.0066000,-0.3382000
20240315,433,C,47.2300,47.2300,47.2300,47.2300,0,0,0.1915000,0.8986000,0.0000000,35.7365000,-0.1069000,68.5092000
20240315,433,P,1.6000,1.6000,1.6000,1.6000,0,0,0.1821000,-0.0908000,0.0000000,32.9751000,-0.0389000,-8.0796000
20240315,497,C,2.4250,2.4250,2.4250,2.4250,0,0,0.1049000,0.2071000,0.0000000,57.6501000,-0.0597000,17.3265000
20240315,497,P,22.8400,22.8400,22.8400,22.8400,0,0,0.1419000,-0.7223000,0.0000000,67.5957000,-0.0195000,-66.0648000
20240315,390,C,88.7800,88.7800,88.7800,88.7800,0,0,0.2800000,0.9625000,0.0000000,16.4614000,-0.0884000,66.4775000
20240315,390,P,0.4750,0.4750,0.4750,0.4750,0,0,0.2502000,-0.0238000,0.0000000,11.3309000,-0.0197000,-2.1304000
20240315,454,C,28.1650,28.1650,28.1650,28.1650,0,0,0.1554000,0.7983000,0.0000000,56.7293000,-0.1177000,63.3583000
20240315,454,P,3.4900,3.4900,3.4900,3.4900,0,0,0.1526000,-0.1976000,0.0000000,56.0412000,-0.0506000,-17.5739000
20240315,411,C,68.2850,68.2850,68.2850,68.2850,0,0,0.2338000,0.9433000,0.0000000,22.9488000,-0.0958000,68.5392000
20240315,411,P,0.8050,0.8050,0.8050,0.8050,0,0,0.2154000,-0.0435000,0.0000000,18.6063000,-0.0272000,-3.8767000
20240315,475,C,11.9200,11.9200,11.9200,11.9200,0,0,0.1242000,0.5694000,0.0000000,79.2168000,-0.1121000,46.6712000
20240315,475,P,8.4650,8.4650,8.4650,8.4650,0,0,0.1274000,-0.4317000,0.0000000,79.2580000,-0.0454000,-38.5444000
20240315,645,P,170.8200,170.8200,170.8200,170.8200,0,0,0.5499000,-0.8765000,0.0000000,41.1555000,-0.0861000,-106.0402000
20240315,240,C,236.8250,236.8250,236.8250,236.8250,0,0,0.7039000,0.9929000,0.0000000,3.9353000,-0.0550000,42.3167000
20240315,240,P,0.0350,0.0350,0.0350,0.0350,0,0,0.5437000,-0.0009000,0.0000000,0.6544000,-0.0026000,-0.0879000
20240315,432,C,48.1700,48.1700,48.1700,48.1700,0,0,0.1932000,0.9016000,0.0000000,34.9562000,-0.1063000,68.5981000
20240315,432,P,1.5450,1.5450,1.5450,1.5450,0,0,0.1834000,-0.0874000,0.0000000,32.0623000,-0.0382000,-7.7805000
20240315,496,C,2.6500,2.6500,2.6500,2.6500,0,0,0.1054000,0.2215000,0.0000000,59.9371000,-0.0627000,18.5136000
20240315,496,P,21.8500,21.8500,21.8500,21.8500,0,0,0.1381000,-0.7167000,0.0000000,68.2474000,-0.0188000,-65.4094000
20240315,560,C,0.0250,0.0250,0.0250,0.0250,0,0,0.1308000,0.0026000,0.0000000,1.6437000,-0.0018000,0.2226000
20240315,560,P,85.8300,85.8300,85.8300,85.8300,0,0,0.3423000,-0.8423000,0.0000000,48.5891000,-0.0554000,-87.7421000
20240315,325,C,152.8100,152.8100,152.8100,152.8100,0,0,0.4428000,0.9842000,0.0000000,7.9580000,-0.0723000,56.7594000
20240315,325,P,0.1450,0.1450,0.1450,0.1450,0,0,0.3706000,-0.0055000,0.0000000,3.2225000,-0.0086000,-0.5051000
20240315,453,C,29.0350,29.0350,29.0350,29.0350,0,0,0.1571000,0.8052000,0.0000000,55.5496000,-0.1174000,63.7926000
20240315,453,P,3.3600,3.3600,3.3600,3.3600,0,0,0.1540000,-0.1904000,0.0000000,54.7883000,-0.0503000,-16.9334000
20240315,410,C,69.2550,69.2550,69.2550,69.2550,0,0,0.2359000,0.9446000,0.0000000,22.5429000,-0.0953000,68.4724000
20240315,410,P,0.7850,0.7850,0.7850,0.7850,0,0,0.2171000,-0.0422000,0.0000000,18.1754000,-0.0268000,-3.7664000
20240315,474,C,12.5750,12.5750,12.5750,12.5750,0,0,0.1255000,0.5844000,0.0000000,78.6303000,-0.1132000,47.8383000
20240315,474,P,8.0850,8.0850,8.0850,8.0850,0,0,0.1281000,-0.4168000,0.0000000,78.6856000,-0.0464000,-37.2012000
20240315,431,C,49.1350,49.1350,49.1350,49.1350,0,0,0.1956000,0.9039000,0.0000000,34.3476000,-0.1061000,68.6240000
20240315,431,P,1.4950,1.4950,1.4950,1.4950,0,0,0.1849000,-0.0845000,0.0000000,31.2442000,-0.0377000,-7.5167000
20240315,495,C,2.9000,2.9000,2.9000,2.9000,0,0,0.1060000,0.2364000,0.0000000,62.1766000,-0.0658000,19.7513000
20240315,495,P,20.9050,20.9050,20.9050,20.9050,0,0,0.1348000,-0.7100000,0.0000000,69.0168000,-0.0185000,-64.6569000
20240315,260,C,217.0450,217.0450,217.0450,217.0450,0,0,0.6351000,0.9916000,0.0000000,4.5659000,-0.0588000,45.7830000
20240315,260,P,0.0450,0.0450,0.0450,0.0450,0,0,0.4960000,-0.0013000,0.0000000,0.8952000,-0.0032000,-0.1233000
20240315,452,C,29.9050,29.9050,29.9050,29.9050,0,0,0.1587000,0.8119000,0.0000000,54.3672000,-0.1170000,64.2111000
20240315,452,P,3.2300,3.2300,3.2300,3.2300,0,0,0.1554000,-0.1833000,0.0000000,53.5149000,-0.0498000,-16.3011000
20240315,580,C,0.0150,0.0150,0.0150,0.0150,0,0,0.1484000,0.0013000,0.0000000,0.8722000,-0.0010000,0.1107000
20240315,580,P,105.8300,105.8300,105.8300,105.8300,0,0,0.3955000,-0.8546000,0.0000000,46.0349000,-0.0636000,-92.4129000
20240315,345,C,133.0700,133.0700,133.0700,133.0700,0,0,0.3898000,0.9802000,0.0000000,9.6582000,-0.0767000,59.9852000
20240315,345,P,0.1950,0.1950,0.1950,0.1950,0,0,0.3308000,-0.0082000,0.0000000,4.5226000,-0.0107000,-0.7384000
20240315,409,C,70.2450,70.2450,70.2450,70.2450,0,0,0.2388000,0.9452000,0.0000000,22.3379000,-0.0954000,68.3480000
20240315,409,P,0.7650,0.7650,0.7650,0.7650,0,0,0.2188000,-0.0410000,0.0000000,17.7556000,-0.0264000,-3.6598000
20240315,473,C,13.2450,13.2450,13.2450,13.2450,0,0,0.1268000,0.5989000,0.0000000,77.9499000,-0.1143000,48.9642000
20240315,473,P,7.7350,7.7350,7.7350,7.7350,0,0,0.1291000,-0.4023000,0.0000000,78.0179000,-0.0474000,-35.8958000
20240315,430,C,50.0600,50.0600,50.0600,50.0600,0,0,0.1970000,0.9071000,0.0000000,33.4995000,-0.1052000,68.7303000
20240315,430,P,1.4450,1.4450,1.4450,1.4450,0,0,0.1863000,-0.0815000,0.0000000,30.4096000,-0.0370000,-7.2512000
20240315,494,C,3.1600,3.1600,3.1600,3.1600,0,0,0.1065000,0.2515000,0.0000000,64.2870000,-0.0687000,20.9985000
20240315,494,P,20.0050,20.0050,20.0050,20.0050,0,0,0.1322000,-0.7018000,0.0000000,69.9139000,-0.0187000,-63.7896000
20240315,195,C,281.3400,281.3400,281.3400,281.3400,0,0,0.8808000,0.9951000,0.0000000,2.8462000,-0.0467000,34.4507000
20240315,195,P,0.0150,0.0150,0.0150,0.0150,0,0,0.6374000,-0.0002000,0.0000000,0.2102000,-0.0009000,-0.0259000
20240315,451,C,30.7850,30.7850,30.7850,30.7850,0,0,0.1604000,0.8183000,0.0000000,53.2134000,-0.1166000,64.5991000
20240315,451,P,3.1100,3.1100,3.1100,3.1100,0,0,0.1568000,-0.1766000,0.0000000,52.2772000,-0.0494000,-15.7045000
20240315,515,C,0.3950,0.3950,0.3950,0.3950,0,0,0.1011000,0.0469000,0.0000000,19.7842000,-0.0183000,3.9573000
20240315,515,P,40.8400,40.8400,40.8400,40.8400,0,0,0.2069000,-0.7839000,0.0000000,59.0774000,-0.0325000,-74.6033000
20240315,280,C,197.2750,197.2750,197.2750,197.2750,0,0,0.5722000,0.9899000,0.0000000,5.3800000,-0.0629000,49.2112000
20240315,280,P,0.0650,0.0650,0.0650,0.0650,0,0,0.4560000,-0.0020000,0.0000000,1.3359000,-0.0044000,-0.1908000
20240315,408,C,71.1950,71.1950,71.1950,71.1950,0,0,0.2399000,0.9471000,0.0000000,21.7307000,-0.0944000,68.3368000
20240315,408,P,0.7450,0.7450,0.7450,0.7450,0,0,0.2204000,-0.0398000,0.0000000,17.3188000,-0.0260000,-3.5496000
20240315,472,C,13.9250,13.9250,13.9250,13.9250,0,0,0.1281000,0.6131000,0.0000000,77.1806000,-0.1152000,50.0567000
20240315,472,P,7.3950,7.3950,7.3950,7.3950,0,0,0.1300000,-0.3881000,0.0000000,77.2571000,-0.0482000,-34.6165000
20240315,600,C,0.0150,0.0150,0.0150,0.0150,0,0,0.1718000,0.0011000,0.0000000,0.7625000,-0.0010000,0.0953000
20240315,600,P,125.8250,125.8250,125.8250,125.8250,0,0,0.4455000,-0.8636000,0.0000000,44.0784000,-0.0709000,-96.8002000
20240315,365,C,113.3550,113.3550,113.3550,113.3550,0,0,0.3391000,0.9746000,0.0000000,11.9391000,-0.0814000,63.0671000
20240315,365,P,0.2850,0.2850,0.2850,0.2850,0,0,0.2946000,-0.0129000,0.0000000,6.7302000,-0.0140000,-1.1614000
20240315,429,C,51.0250,51.0250,51.0250,51.0250,0,0,0.1992000,0.9093000,0.0000000,32.9063000,-0.1049000,68.7463000
20240315,429,P,1.3950,1.3950,1.3950,1.3950,0,0,0.1877000,-0.0786000,0.0000000,29.5951000,-0.0364000,-6.9956000
20240315,493,C,3.4450,3.4450,3.4450,3.4450,0,0,0.1071000,0.2672000,0.0000000,66.3243000,-0.0717000,22.2905000
20240315,493,P,19.1450,19.1450,19.1450,19.1450,0,0,0.1301000,-0.6923000,0.0000000,70.8953000,-0.0193000,-62.8254000
20240315,535,C,0.0850,0.0850,0.0850,0.0850,0,0,0.1120000,0.0105000,0.0000000,5.6117000,-0.0054000,0.8866000
20240315,535,P,60.8350,60.8350,60.8350,60.8350,0,0,0.2703000,-0.8182000,0.0000000,53.2265000,-0.0437000,-81.1581000
20240315,450,C,31.6650,31.6650,31.6650,31.6650,0,0,0.1620000,0.8245000,0.0000000,52.0588000,-0.1161000,64.9730000
20240315,450,P,2.9900,2.9900,2.9900,2.9900,0,0,0.1582000,-0.1700000,0.0000000,51.0285000,-0.0489000,-15.1187000
20240315,215,C,261.5500,261.5500,261.5500,261.5500,0,0,0.7970000,0.9943000,0.0000000,3.2663000,-0.0502000,37.9593000
20240315,215,P,0.0150,0.0150,0.0150,0.0150,0,0,0.5749000,-0.0003000,0.0000000,0.2516000,-0.0010000,-0.0312000
20240315,407,C,72.1650,72.1650,72.1650,72.1650,0,0,0.2420000,0.9483000,0.0000000,21.3379000,-0.0940000,68.2642000
20240315,407,P,0.7250,0.7250,0.7250,0.7250,0,0,0.2220000,-0.0386000,0.0000000,16.8933000,-0.0256000,-3.4431000
20240315,471,C,14.6200,14.6200,14.6200,14.6200,0,0,0.1295000,0.6268000,0.0000000,76.3360000,-0.1160000,51.1055000
20240315,471,P,7.0800,7.0800,7.0800,7.0800,0,0,0.1312000,-0.3744000,0.0000000,76.4218000,-0.0491000,-33.3847000
20240315,300,C,177.5050,177.5050,177.5050,177.5050,0,0,0.5121000,0.9879000,0.0000000,6.3257000,-0.0668000,52.6103000
20240315,300,P,0.0950,0.0950,0.0950,0.0950,0,0,0.4189000,-0.0033000,0.0000000,2.0305000,-0.0062000,-0.3025000
20240315,428,C,51.9550,51.9550,51.9550,51.9550,0,0,0.2005000,0.9125000,0.0000000,32.0593000,-0.1041000,68.8457000
20240315,428,P,1.3500,1.3500,1.3500,1.3500,0,0,0.1894000,-0.0762000,0.0000000,28.8906000,-0.0360000,-6.7780000
20240315,492,C,3.7450,3.7450,3.7450,3.7450,0,0,0.1077000,0.2833000,0.0000000,68.2634000,-0.0747000,23.6174000
20240315,492,P,18.3150,18.3150,18.3150,18.3150,0,0,0.1282000,-0.6820000,0.0000000,71.9148000,-0.0201000,-61.7868000
20240315,620,P,145.8250,145.8250,145.8250,145.8250,0,0,0.4932000,-0.8702000,0.0000000,42.5903000,-0.0779000,-100.9857000
20240315,385,C,93.6850,93.6850,93.6850,93.6850,0,0,0.2912000,0.9657000,0.0000000,15.3119000,-0.0867000,65.8628000
20240315,385,P,0.4250,0.4250,0.4250,0.4250,0,0,0.2590000,-0.0209000,0.0000000,10.1746000,-0.0184000,-1.8766000
20240315,449,C,32.5500,32.5500,32.5500,32.5500,0,0,0.1637000,0.8304000,0.0000000,50.9436000,-0.1157000,65.3144000
20240315,449,P,2.8800,2.8800,2.8800,2.8800,0,0,0.1596000,-0.1638000,0.0000000,49.8196000,-0.0485000,-14.5668000
20240315,555,C,0.0350,0.0350,0.0350,0.0350,0,0,0.1289000,0.0038000,0.0000000,2.2838000,-0.0024000,0.3207000
20240315,555,P,80.8300,80.8300,80.8300,80.8300,0,0,0.3284000,-0.8385000,0.0000000,49.3568000,-0.0532000,-86.5100000
20240315,406,C,73.1400,73.1400,73.1400,73.1400,0,0,0.2444000,0.9492000,0.0000000,21.0462000,-0.0938000,68.1630000
20240315,406,P,0.7050,0.7050,0.7050,0.7050,0,0,0.2236000,-0.0374000,0.0000000,16.4788000,-0.0252000,-3.3401000
20240315,470,C,15.3350,15.3350,15.3350,15.3350,0,0,0.1309000,0.6401000,0.0000000,75.4202000,-0.1167000,52.1181000
20240315,470,P,6.7750,6.7750,6.7750,6.7750,0,0,0.1322000,-0.3609000,0.0000000,75.5022000,-0.0497000,-32.1718000
20240315,235,C,241.7700,241.7700,241.7700,241.7700,0,0,0.7226000,0.9932000,0.0000000,3.8146000,-0.0542000,41.4427000
20240315,235,P,0.0250,0.0250,0.0250,0.0250,0,0,0.5375000,-0.0006000,0.0000000,0.4399000,-0.0017000,-0.0569000
20240315,427,C,52.9050,52.9050,52.9050,52.9050,0,0,0.2024000,0.9149000,0.0000000,31.3973000,-0.1035000,68.8801000
20240315,427,P,1.3050,1.3050,1.3050,1.3050,0,0,0.1906000,-0.0733000,0.0000000,28.0615000,-0.0352000,-6.5241000
20240315,491,C,4.0650,4.0650,4.0650,4.0650,0,0,0.1084000,0.2997000,0.0000000,70.0840000,-0.0776000,24.9700000
20240315,491,P,17.5200,17.5200,17.5200,17.5200,0,0,0.1268000,-0.6705000,0.0000000,72.9708000,-0.0213000,-60.6620000
