#expiry,strike,right,open,high,low,close,volume,open_interest,implied_volatility,delta,gamma,vega,theta,rho
,,,476.4700,476.4700,476.4700,476.4700,0,,,,,,,
20240112,448,C,28.4300,28.4300,28.4300,28.4300,0,0,,,,,,
20240112,416,C,60.4200,60.4200,60.4200,60.4200,0,0,,,,,,
20240112,480,P,3.5300,3.5300,3.5300,3.5300,0,0,0.2812000,-0.9929000,0.0000000,0.1002000,-0.2691000,-0.0544000
20240112,447.5,C,28.9400,28.9400,28.9400,28.9400,0,0,,,,,,
20240112,437,C,39.4300,39.4300,39.4300,39.4300,0,0,,,,,,
20240112,405,C,71.4300,71.4300,71.4300,71.4300,0,0,,,,,,
20240112,469,C,7.5500,7.5500,7.5500,7.5500,0,0,0.8632000,0.9571000,0.0000000,0.4638000,-4.8708000,0.0511000
20240112,458,C,18.4950,18.4950,18.4950,18.4950,0,0,1.5062000,0.9931000,0.0000000,0.0973000,-1.8251000,0.0519000
20240112,426,C,50.4700,50.4700,50.4700,50.4700,0,0,,,,,,
20240112,490,P,13.5150,13.5150,13.5150,13.5150,0,0,,,,,,
20240112,457.5,C,18.9550,18.9550,18.9550,18.9550,0,0,,,,,,
20240112,415,C,61.4200,61.4200,61.4200,61.4200,0,0,,,,,,
20240112,447,C,29.4650,29.4650,29.4650,29.4650,0,0,,,,,,
20240112,479,P,2.5150,2.5150,2.5150,2.5150,0,0,,,,,,
20240112,436,C,40.4400,40.4400,40.4400,40.4400,0,0,,,,,,
20240112,404,C,72.4750,72.4750,72.4750,72.4750,0,0,,,,,,
20240112,500,P,23.5400,23.5400,23.5400,23.5400,0,0,1.7250000,-0.9954000,0.0000000,0.0680000,-1.3372000,-0.0568000
20240112,468,C,8.4800,8.4800,8.4800,8.4800,0,0,0.6749000,0.9936000,0.0000000,0.0911000,-0.8059000,0.0530000
20240112,467.5,C,8.9750,8.9750,8.9750,8.9750,0,0,,,,,,
20240112,425,C,51.4650,51.4650,51.4650,51.4650,0,0,,,,,,
20240112,457,C,19.4250,19.4250,19.4250,19.4250,0,0,,,,,,
20240112,489,P,12.5100,12.5100,12.5100,12.5100,0,0,,,,,,
20240112,350,C,126.4600,126.4600,126.4600,126.4600,0,0,,,,,,
20240112,446,C,30.4550,30.4550,30.4550,30.4550,0,0,,,,,,
20240112,414,C,62.4350,62.4350,62.4350,62.4350,0,0,,,,,,
20240112,478,C,0.0150,0.0150,0.0150,0.0150,0,0,0.1601000,0.0308000,0.0000000,0.3540000,-0.6825000,0.0016000
20240112,478,P,1.5400,1.5400,1.5400,1.5400,0,0,0.1679000,-0.9626000,0.0000000,0.4149000,-0.7694000,-0.0525000
20240112,510,P,33.6350,33.6350,33.6350,33.6350,0,0,3.0312000,-0.9813000,0.0000000,0.2318000,-8.3593000,-0.0572000
20240112,435,C,41.4350,41.4350,41.4350,41.4350,0,0,,,,,,
20240112,403,C,73.4550,73.4550,73.4550,73.4550,0,0,,,,,,
20240112,467,C,9.4900,9.4900,9.4900,9.4900,0,0,0.8281000,0.9885000,0.0000000,0.1530000,-1.5878000,0.0526000
20240112,499,P,22.5100,22.5100,22.5100,22.5100,0,0,,,,,,
20240112,360,C,116.4600,116.4600,116.4600,116.4600,0,0,,,,,,
20240112,456,C,20.4700,20.4700,20.4700,20.4700,0,0,,,,,,
20240112,424,C,52.4300,52.4300,52.4300,52.4300,0,0,,,,,,
20240112,520,P,43.5550,43.5550,43.5550,43.5550,0,0,3.1250000,-0.9953000,0.0000000,0.0688000,-2.5075000,-0.0591000
20240112,488,P,11.5100,11.5100,11.5100,11.5100,0,0,,,,,,
20240112,487.5,P,11.0600,11.0600,11.0600,11.0600,0,0,1.0156000,-0.9822000,0.0000000,0.2224000,-2.6418000,-0.0546000
20240112,445,C,31.3850,31.3850,31.3850,31.3850,0,0,,,,,,
20240112,413,C,63.4250,63.4250,63.4250,63.4250,0,0,,,,,,
20240112,477,C,0.1050,0.1050,0.1050,0.1050,0,0,0.1425000,0.2342000,0.0000000,1.5614000,-2.6878000,0.0127000
20240112,477,P,0.6350,0.6350,0.6350,0.6350,0,0,0.1445000,-0.7627000,0.0000000,1.5725000,-2.6744000,-0.0415000
20240112,370,C,106.4100,106.4100,106.4100,106.4100,0,0,,,,,,
20240112,434,C,42.4350,42.4350,42.4350,42.4350,0,0,,,,,,
20240112,402,C,74.4200,74.4200,74.4200,74.4200,0,0,,,,,,
20240112,466,C,10.4500,10.4500,10.4500,10.4500,0,0,,,,,,
20240112,498,P,21.5600,21.5600,21.5600,21.5600,0,0,1.7906000,-0.9892000,0.0000000,0.1441000,-3.0256000,-0.0562000
20240112,530,P,53.5400,53.5400,53.5400,53.5400,0,0,3.5031000,-0.9976000,0.0000000,0.0374000,-1.4984000,-0.0603000
20240112,455,C,21.4950,21.4950,21.4950,21.4950,0,0,1.7250000,0.9939000,0.0000000,0.0867000,-1.8616000,0.0516000
20240112,423,C,53.4350,53.4350,53.4350,53.4350,0,0,,,,,,
20240112,487,P,10.5600,10.5600,10.5600,10.5600,0,0,0.9781000,-0.9815000,0.0000000,0.2306000,-2.6374000,-0.0545000
20240112,380,C,96.4250,96.4250,96.4250,96.4250,0,0,,,,,,
20240112,444,C,32.4050,32.4050,32.4050,32.4050,0,0,,,,,,
20240112,412,C,64.4300,64.4300,64.4300,64.4300,0,0,,,,,,
20240112,476,C,0.5900,0.5900,0.5900,0.5900,0,0,0.1455000,0.7387000,0.0000000,1.6553000,-2.9415000,0.0401000
20240112,476,P,0.1150,0.1150,0.1150,0.1150,0,0,0.1406000,-0.2541000,0.0000000,1.6316000,-2.7358000,-0.0138000
20240112,540,P,63.5100,63.5100,63.5100,63.5100,0,0,,,,,,
20240112,433,C,43.4050,43.4050,43.4050,43.4050,0,0,,,,,,
20240112,465,C,11.4850,11.4850,11.4850,11.4850,0,0,0.8750000,0.9954000,0.0000000,0.0670000,-0.7714000,0.0528000
20240112,497,P,20.5600,20.5600,20.5600,20.5600,0,0,1.7250000,-0.9886000,0.0000000,0.1511000,-3.0581000,-0.0561000
20240112,390,C,86.4400,86.4400,86.4400,86.4400,0,0,,,,,,
20240112,454,C,22.4500,22.4500,22.4500,22.4500,0,0,,,,,,
20240112,422,C,54.4300,54.4300,54.4300,54.4300,0,0,,,,,,
20240112,486,P,9.5900,9.5900,9.5900,9.5900,0,0,0.9968000,-0.9680000,0.0000000,0.3645000,-4.2921000,-0.0537000
20240112,443,C,33.4350,33.4350,33.4350,33.4350,0,0,,,,,,
20240112,411,C,65.4350,65.4350,65.4350,65.4350,0,0,,,,,,
20240112,475,C,1.5050,1.5050,1.5050,1.5050,0,0,0.1914000,0.9351000,0.0000000,0.6446000,-1.5453000,0.0506000
20240112,475,P,0.0250,0.0250,0.0250,0.0250,0,0,0.1796000,-0.0533000,0.0000000,0.5524000,-1.1875000,-0.0029000
20240112,442.5,C,33.9250,33.9250,33.9250,33.9250,0,0,,,,,,
20240112,432,C,44.4500,44.4500,44.4500,44.4500,0,0,,,,,,
20240112,400,C,76.4350,76.4350,76.4350,76.4350,0,0,,,,,,
20240112,464,C,12.3850,12.3850,12.3850,12.3850,0,0,,,,,,
20240112,496,P,19.5150,19.5150,19.5150,19.5150,0,0,,,,,,
20240112,453,C,23.4550,23.4550,23.4550,23.4550,0,0,,,,,,
20240112,421,C,55.4250,55.4250,55.4250,55.4250,0,0,,,,,,
20240112,485,P,8.5550,8.5550,8.5550,8.5550,0,0,0.7718000,-0.9840000,0.0000000,0.2027000,-1.8085000,-0.0545000
20240112,452.5,C,23.9350,23.9350,23.9350,23.9350,0,0,,,,,,
20240112,410,C,66.4350,66.4350,66.4350,66.4350,0,0,,,,,,
20240112,442,C,34.4200,34.4200,34.4200,34.4200,0,0,,,,,,
20240112,474,C,2.4950,2.4950,2.4950,2.4950,0,0,0.2656000,0.9667000,0.0000000,0.3772000,-1.2690000,0.0522000
20240112,474,P,0.0150,0.0150,0.0150,0.0150,0,0,0.2421000,-0.0220000,0.0000000,0.2681000,-0.7779000,-0.0012000
20240112,431,C,45.4400,45.4400,45.4400,45.4400,0,0,,,,,,
20240112,495,P,18.5500,18.5500,18.5500,18.5500,0,0,1.5062000,-0.9909000,0.0000000,0.1247000,-2.1827000,-0.0560000
20240112,463,C,13.4050,13.4050,13.4050,13.4050,0,0,,,,,,
20240112,462.5,C,13.9050,13.9050,13.9050,13.9050,0,0,,,,,,
20240112,420,C,56.4550,56.4550,56.4550,56.4550,0,0,,,,,,
20240112,452,C,24.4400,24.4400,24.4400,24.4400,0,0,,,,,,
20240112,484,P,7.5200,7.5200,7.5200,7.5200,0,0,,,,,,
20240112,441,C,35.4300,35.4300,35.4300,35.4300,0,0,,,,,,
20240112,409,C,67.4100,67.4100,67.4100,67.4100,0,0,,,,,,
20240112,505,P,28.5300,28.5300,28.5300,28.5300,0,0,1.8125000,-0.9986000,0.0000000,0.0230000,-0.4277000,-0.0575000
20240112,473,C,3.4850,3.4850,3.4850,3.4850,0,0,0.3125000,0.9858000,0.0000000,0.1835000,-0.7560000,0.0532000
20240112,473,P,0.0150,0.0150,0.0150,0.0150,0,0,0.3203000,-0.0162000,0.0000000,0.2060000,-0.7907000,-0.0008000
20240112,430,C,46.3950,46.3950,46.3950,46.3950,0,0,,,,,,
20240112,462,C,14.5550,14.5550,14.5550,14.5550,0,0,1.4953000,0.9737000,0.0000000,0.3101000,-5.6301000,0.0513000
20240112,494,P,17.5200,17.5200,17.5200,17.5200,0,0,,,,,,
20240112,355,C,121.4600,121.4600,121.4600,121.4600,0,0,,,,,,
20240112,451,C,25.4450,25.4450,25.4450,25.4450,0,0,,,,,,
20240112,419,C,57.4300,57.4300,57.4300,57.4300,0,0,,,,,,
20240112,515,P,38.5650,38.5650,38.5650,38.5650,0,0,2.9375000,-0.9930000,0.0000000,0.0981000,-3.3838000,-0.0584000
20240112,483,P,6.5250,6.5250,6.5250,6.5250,0,0,,,,,,
20240112,525,P,48.5550,48.5550,48.5550,48.5550,0,0,3.4296000,-0.9957000,0.0000000,0.0641000,-2.5659000,-0.0597000
20240112,440,C,36.4700,36.4700,36.4700,36.4700,0,0,,,,,,
20240112,408,C,68.4300,68.4300,68.4300,68.4300,0,0,,,,,,
20240112,472,C,4.4600,4.4600,4.4600,4.4600,0,0,,,,,,
20240112,365,C,111.4500,111.4500,111.4500,111.4500,0,0,,,,,,
20240112,429,C,47.4200,47.4200,47.4200,47.4200,0,0,,,,,,
20240112,461,C,15.4150,15.4150,15.4150,15.4150,0,0,,,,,,
20240112,493,P,16.5400,16.5400,16.5400,16.5400,0,0,1.2656000,-0.9940000,0.0000000,0.0859000,-1.2343000,-0.0559000
20240112,535,P,58.5100,58.5100,58.5100,58.5100,0,0,,,,,,
20240112,450,C,26.4650,26.4650,26.4650,26.4650,0,0,,,,,,
20240112,418,C,58.4400,58.4400,58.4400,58.4400,0,0,,,,,,
20240112,482,P,5.5300,5.5300,5.5300,5.5300,0,0,0.4062000,-0.9960000,0.0000000,0.0598000,-0.2219000,-0.0548000
20240112,375,C,101.4250,101.4250,101.4250,101.4250,0,0,,,,,,
20240112,439,C,37.4200,37.4200,37.4200,37.4200,0,0,,,,,,
20240112,407,C,69.4000,69.4000,69.4000,69.4000,0,0,,,,,,
20240112,471,C,5.4800,5.4800,5.4800,5.4800,0,0,0.4531000,0.9915000,0.0000000,0.1171000,-0.7048000,0.0533000
20240112,545,P,68.5100,68.5100,68.5100,68.5100,0,0,,,,,,
20240112,428,C,48.4350,48.4350,48.4350,48.4350,0,0,,,,,,
20240112,460,C,16.4700,16.4700,16.4700,16.4700,0,0,,,,,,
20240112,492,P,15.5250,15.5250,15.5250,15.5250,0,0,,,,,,
20240112,385,C,91.4100,91.4100,91.4100,91.4100,0,0,,,,,,
20240112,449,C,27.4350,27.4350,27.4350,27.4350,0,0,,,,,,
20240112,417,C,59.4600,59.4600,59.4600,59.4600,0,0,,,,,,
20240112,481,P,4.5300,4.5300,4.5300,4.5300,0,0,0.3437000,-0.9949000,0.0000000,0.0741000,-0.2362000,-0.0546000
20240112,438,C,38.4350,38.4350,38.4350,38.4350,0,0,,,,,,
20240112,406,C,70.4150,70.4150,70.4150,70.4150,0,0,,,,,,
20240112,470,C,6.4800,6.4800,6.4800,6.4800,0,0,0.5250000,0.9926000,0.0000000,0.1031000,-0.7177000,0.0532000
20240112,395,C,81.4550,81.4550,81.4550,81.4550,0,0,,,,,,
20240112,427,C,49.4250,49.4250,49.4250,49.4250,0,0,,,,,,
20240112,459,C,17.4800,17.4800,17.4800,17.4800,0,0,1.2875000,0.9967000,0.0000000,0.0498000,-0.8370000,0.0522000
20240112,491,P,14.5100,14.5100,14.5100,14.5100,0,0,,,,,,
20240116,416,C,60.5350,60.5350,60.5350,60.5350,0,0,,,,,,
20240116,448,C,28.5550,28.5550,28.5550,28.5550,0,0,,,,,,
20240116,448,P,0.0150,0.0150,0.0150,0.0150,0,0,0.2187000,-0.0032000,0.0000000,0.4878000,-0.0130000,-0.0170000
20240116,480,C,0.1850,0.1850,0.1850,0.1850,0,0,0.0568000,0.1277000,0.0000000,10.4382000,-0.0828000,0.6668000
20240116,480,P,3.6500,3.6500,3.6500,3.6500,0,0,0.0748000,-0.8058000,0.0000000,13.7328000,-0.0717000,-4.2589000
20240116,405,C,71.5350,71.5350,71.5350,71.5350,0,0,,,,,,
20240116,437,C,39.5550,39.5550,39.5550,39.5550,0,0,,,,,,
20240116,437,P,0.0150,0.0150,0.0150,0.0150,0,0,0.2968000,-0.0024000,0.0000000,0.3810000,-0.0139000,-0.0129000
20240116,469,C,7.6200,7.6200,7.6200,7.6200,0,0,,,,,,
20240116,469,P,0.0750,0.0750,0.0750,0.0750,0,0,0.0888000,-0.0388000,0.0000000,4.2068000,-0.0439000,-0.2043000
20240116,458,C,18.5650,18.5650,18.5650,18.5650,0,0,,,,,,
20240116,458,P,0.0250,0.0250,0.0250,0.0250,0,0,0.1582000,-0.0076000,0.0000000,1.0464000,-0.0201000,-0.0400000
20240116,426,C,50.5450,50.5450,50.5450,50.5450,0,0,,,,,,
20240116,490,P,13.5400,13.5400,13.5400,13.5400,0,0,0.1799000,-0.9256000,0.0000000,7.0219000,-0.0913000,-4.9948000
20240116,415,C,61.5350,61.5350,61.5350,61.5350,0,0,,,,,,
20240116,447,C,29.5550,29.5550,29.5550,29.5550,0,0,,,,,,
20240116,447,P,0.0150,0.0150,0.0150,0.0150,0,0,0.2226000,-0.0027000,0.0000000,0.4270000,-0.0116000,-0.0146000
20240116,479,C,0.3450,0.3450,0.3450,0.3450,0,0,0.0562000,0.2130000,0.0000000,14.5153000,-0.1165000,1.1115000
20240116,479,P,2.7950,2.7950,2.7950,2.7950,0,0,0.0692000,-0.7408000,0.0000000,16.1734000,-0.0878000,-3.9090000
20240116,404,C,72.5350,72.5350,72.5350,72.5350,0,0,,,,,,
20240116,436,C,40.5450,40.5450,40.5450,40.5450,0,0,,,,,,
20240116,436,P,0.0150,0.0150,0.0150,0.0150,0,0,0.3007000,-0.0021000,0.0000000,0.3436000,-0.0127000,-0.0115000
20240116,468,C,8.6050,8.6050,8.6050,8.6050,0,0,,,,,,
20240116,468,P,0.0550,0.0550,0.0550,0.0550,0,0,0.0927000,-0.0281000,0.0000000,3.2195000,-0.0352000,-0.1477000
20240116,500,P,23.5200,23.5200,23.5200,23.5200,0,0,0.2734000,-0.9502000,0.0000000,5.1320000,-0.1056000,-5.2330000
20240116,457,C,19.5650,19.5650,19.5650,19.5650,0,0,,,,,,
20240116,457,P,0.0250,0.0250,0.0250,0.0250,0,0,0.1660000,-0.0073000,0.0000000,1.0159000,-0.0205000,-0.0386000
20240116,425,C,51.5450,51.5450,51.5450,51.5450,0,0,,,,,,
20240116,489,P,12.5400,12.5400,12.5400,12.5400,0,0,0.1694000,-0.9221000,0.0000000,7.2717000,-0.0878000,-4.9655000
20240116,414,C,62.5350,62.5350,62.5350,62.5350,0,0,,,,,,
20240116,446,C,30.5550,30.5550,30.5550,30.5550,0,0,,,,,,
20240116,446,P,0.0150,0.0150,0.0150,0.0150,0,0,0.2304000,-0.0027000,0.0000000,0.4276000,-0.0120000,-0.0146000
20240116,478,C,0.6150,0.6150,0.6150,0.6150,0,0,0.0565000,0.3300000,0.0000000,18.0887000,-0.1502000,1.7212000
20240116,478,P,2.0650,2.0650,2.0650,2.0650,0,0,0.0672000,-0.6437000,0.0000000,18.6172000,-0.1111000,-3.3926000
20240116,510,P,33.5200,33.5200,33.5200,33.5200,0,0,0.3632000,-0.9600000,0.0000000,4.2974000,-0.1232000,-5.3944000
20240116,403,C,73.5350,73.5350,73.5350,73.5350,0,0,,,,,,
20240116,435,C,41.5450,41.5450,41.5450,41.5450,0,0,,,,,,
20240116,435,P,0.0150,0.0150,0.0150,0.0150,0,0,0.3085000,-0.0021000,0.0000000,0.3439000,-0.0130000,-0.0115000
20240116,467,C,9.5950,9.5950,9.5950,9.5950,0,0,,,,,,
20240116,467,P,0.0550,0.0550,0.0550,0.0550,0,0,0.1015000,-0.0258000,0.0000000,3.0003000,-0.0361000,-0.1357000
20240116,499,P,22.5200,22.5200,22.5200,22.5200,0,0,0.2641000,-0.9488000,0.0000000,5.2466000,-0.1037000,-5.2147000
20240116,456,C,20.5650,20.5650,20.5650,20.5650,0,0,,,,,,
20240116,456,P,0.0150,0.0150,0.0150,0.0150,0,0,0.1601000,-0.0039000,0.0000000,0.5811000,-0.0113000,-0.0206000
20240116,424,C,52.5450,52.5450,52.5450,52.5450,0,0,,,,,,
20240116,488,C,0.0150,0.0150,0.0150,0.0150,0,0,0.0898000,0.0067000,0.0000000,0.9378000,-0.0109000,0.0350000
20240116,488,P,11.5400,11.5400,11.5400,11.5400,0,0,0.1589000,-0.9180000,0.0000000,7.5632000,-0.0845000,-4.9328000
20240116,520,P,43.5150,43.5150,43.5150,43.5150,0,0,0.4448000,-0.9670000,0.0000000,3.6720000,-0.1302000,-5.5407000
20240116,413,C,63.5350,63.5350,63.5350,63.5350,0,0,,,,,,
20240116,445,C,31.5550,31.5550,31.5550,31.5550,0,0,,,,,,
20240116,445,P,0.0150,0.0150,0.0150,0.0150,0,0,0.2382000,-0.0027000,0.0000000,0.4278000,-0.0125000,-0.0147000
20240116,477,C,1.0150,1.0150,1.0150,1.0150,0,0,0.0567000,0.4658000,0.0000000,19.8515000,-0.1726000,2.4274000
20240116,477,P,1.4600,1.4600,1.4600,1.4600,0,0,0.0667000,-0.5286000,0.0000000,19.8732000,-0.1285000,-2.7838000
20240116,402,C,74.5350,74.5350,74.5350,74.5350,0,0,,,,,,
20240116,434,C,42.5450,42.5450,42.5450,42.5450,0,0,,,,,,
20240116,434,P,0.0150,0.0150,0.0150,0.0150,0,0,0.3125000,-0.0019000,0.0000000,0.3110000,-0.0119000,-0.0103000
20240116,466,C,10.5950,10.5950,10.5950,10.5950,0,0,,,,,,
20240116,466,P,0.0450,0.0450,0.0450,0.0450,0,0,0.1064000,-0.0202000,0.0000000,2.4406000,-0.0309000,-0.1062000
20240116,498,P,21.5200,21.5200,21.5200,21.5200,0,0,0.2548000,-0.9472000,0.0000000,5.3729000,-0.1019000,-5.1956000
20240116,530,P,53.5150,53.5150,53.5150,53.5150,0,0,0.5257000,-0.9708000,0.0000000,3.3162000,-0.1423000,-5.6706000
20240116,455,C,21.5650,21.5650,21.5650,21.5650,0,0,,,,,,
20240116,455,P,0.0150,0.0150,0.0150,0.0150,0,0,0.1679000,-0.0038000,0.0000000,0.5783000,-0.0118000,-0.0205000
20240116,423,C,53.5450,53.5450,53.5450,53.5450,0,0,,,,,,
20240116,487,C,0.0150,0.0150,0.0150,0.0150,0,0,0.0839000,0.0079000,0.0000000,1.0855000,-0.0119000,0.0413000
20240116,487,P,10.5400,10.5400,10.5400,10.5400,0,0,0.1481000,-0.9133000,0.0000000,7.8821000,-0.0807000,-4.8975000
20240116,412,C,64.5350,64.5350,64.5350,64.5350,0,0,,,,,,
20240116,444,C,32.5550,32.5550,32.5550,32.5550,0,0,,,,,,
20240116,444,P,0.0150,0.0150,0.0150,0.0150,0,0,0.2460000,-0.0027000,0.0000000,0.4278000,-0.0129000,-0.0147000
20240116,476,C,1.5550,1.5550,1.5550,1.5550,0,0,0.0571000,0.6045000,0.0000000,19.2361000,-0.1786000,3.1480000
20240116,476,P,1.0000,1.0000,1.0000,1.0000,0,0,0.0673000,-0.4106000,0.0000000,19.4230000,-0.1345000,-2.1608000
20240116,508,P,31.5200,31.5200,31.5200,31.5200,0,0,0.3457000,-0.9585000,0.0000000,4.4304000,-0.1199000,-5.3644000
20240116,540,P,63.5150,63.5150,63.5150,63.5150,0,0,0.6031000,-0.9737000,0.0000000,3.0408000,-0.1519000,-5.7955000
20240116,433,C,43.5450,43.5450,43.5450,43.5450,0,0,,,,,,
20240116,433,P,0.0150,0.0150,0.0150,0.0150,0,0,0.3203000,-0.0019000,0.0000000,0.3118000,-0.0123000,-0.0103000
20240116,465,C,11.5850,11.5850,11.5850,11.5850,0,0,,,,,,
20240116,465,P,0.0350,0.0350,0.0350,0.0350,0,0,0.1103000,-0.0152000,0.0000000,1.9214000,-0.0253000,-0.0803000
20240116,497,P,20.5200,20.5200,20.5200,20.5200,0,0,0.2456000,-0.9455000,0.0000000,5.5126000,-0.1002000,-5.1755000
20240116,390,C,86.5250,86.5250,86.5250,86.5250,0,0,,,,,,
20240116,454,C,22.5650,22.5650,22.5650,22.5650,0,0,,,,,,
20240116,454,P,0.0150,0.0150,0.0150,0.0150,0,0,0.1757000,-0.0038000,0.0000000,0.5752000,-0.0123000,-0.0204000
20240116,422,C,54.5450,54.5450,54.5450,54.5450,0,0,,,,,,
20240116,486,C,0.0150,0.0150,0.0150,0.0150,0,0,0.0761000,0.0081000,0.0000000,1.1097000,-0.0111000,0.0424000
20240116,486,P,9.5400,9.5400,9.5400,9.5400,0,0,0.1374000,-0.9077000,0.0000000,8.2625000,-0.0772000,-4.8568000
20240116,411,C,65.5350,65.5350,65.5350,65.5350,0,0,,,,,,
20240116,443,C,33.5550,33.5550,33.5550,33.5550,0,0,,,,,,
20240116,443,P,0.0150,0.0150,0.0150,0.0150,0,0,0.2500000,-0.0024000,0.0000000,0.3792000,-0.0116000,-0.0128000
20240116,475,C,2.2100,2.2100,2.2100,2.2100,0,0,0.0567000,0.7327000,0.0000000,16.4303000,-0.1666000,3.8115000
20240116,475,P,0.6650,0.6650,0.6650,0.6650,0,0,0.0683000,-0.3028000,0.0000000,17.4391000,-0.1275000,-1.5927000
20240116,432,C,44.5450,44.5450,44.5450,44.5450,0,0,,,,,,
20240116,432,P,0.0150,0.0150,0.0150,0.0150,0,0,0.3281000,-0.0019000,0.0000000,0.3124000,-0.0126000,-0.0104000
20240116,400,C,76.5350,76.5350,76.5350,76.5350,0,0,,,,,,
20240116,464,C,12.5850,12.5850,12.5850,12.5850,0,0,,,,,,
20240116,464,P,0.0350,0.0350,0.0350,0.0350,0,0,0.1181000,-0.0141000,0.0000000,1.7935000,-0.0254000,-0.0741000
20240116,496,P,19.5200,19.5200,19.5200,19.5200,0,0,0.2358000,-0.9439000,0.0000000,5.6376000,-0.0974000,-5.1563000
20240116,453,C,23.5650,23.5650,23.5650,23.5650,0,0,,,,,,
20240116,453,P,0.0150,0.0150,0.0150,0.0150,0,0,0.1835000,-0.0038000,0.0000000,0.5721000,-0.0128000,-0.0202000
20240116,421,C,55.5350,55.5350,55.5350,55.5350,0,0,,,,,,
20240116,485,C,0.0250,0.0250,0.0250,0.0250,0,0,0.0751000,0.0148000,0.0000000,1.8784000,-0.0186000,0.0776000
20240116,485,P,8.5400,8.5400,8.5400,8.5400,0,0,0.1264000,-0.9011000,0.0000000,8.6937000,-0.0733000,-4.8113000
20240116,410,C,66.5350,66.5350,66.5350,66.5350,0,0,,,,,,
20240116,442,C,34.5550,34.5550,34.5550,34.5550,0,0,,,,,,
20240116,442,P,0.0150,0.0150,0.0150,0.0150,0,0,0.2578000,-0.0024000,0.0000000,0.3801000,-0.0120000,-0.0129000
20240116,474,C,2.9800,2.9800,2.9800,2.9800,0,0,0.0555000,0.8403000,0.0000000,12.1351000,-0.1418000,4.3665000
20240116,474,P,0.4250,0.4250,0.4250,0.4250,0,0,0.0694000,-0.2125000,0.0000000,14.4956000,-0.1107000,-1.1172000
20240116,506,P,29.5200,29.5200,29.5200,29.5200,0,0,0.3281000,-0.9567000,0.0000000,4.5851000,-0.1169000,-5.3331000
20240116,431,C,45.5450,45.5450,45.5450,45.5450,0,0,,,,,,
20240116,431,P,0.0150,0.0150,0.0150,0.0150,0,0,0.3359000,-0.0019000,0.0000000,0.3127000,-0.0129000,-0.0104000
20240116,463,C,13.5800,13.5800,13.5800,13.5800,0,0,,,,,,
20240116,463,P,0.0350,0.0350,0.0350,0.0350,0,0,0.1269000,-0.0137000,0.0000000,1.7503000,-0.0267000,-0.0721000
20240116,495,P,18.5200,18.5200,18.5200,18.5200,0,0,0.2265000,-0.9418000,0.0000000,5.8086000,-0.0960000,-5.1340000
20240116,452,C,24.5650,24.5650,24.5650,24.5650,0,0,,,,,,
20240116,452,P,0.0150,0.0150,0.0150,0.0150,0,0,0.1875000,-0.0032000,0.0000000,0.4902000,-0.0112000,-0.0170000
20240116,420,C,56.5350,56.5350,56.5350,56.5350,0,0,,,,,,
20240116,484,C,0.0250,0.0250,0.0250,0.0250,0,0,0.0673000,0.0164000,0.0000000,2.0447000,-0.0183000,0.0857000
20240116,484,P,7.5400,7.5400,7.5400,7.5400,0,0,0.1151000,-0.8934000,0.0000000,9.1778000,-0.0686000,-4.7602000
20240116,409,C,67.5350,67.5350,67.5350,67.5350,0,0,,,,,,
20240116,441,C,35.5550,35.5550,35.5550,35.5550,0,0,,,,,,
20240116,441,P,0.0150,0.0150,0.0150,0.0150,0,0,0.2656000,-0.0024000,0.0000000,0.3808000,-0.0124000,-0.0129000
20240116,473,C,3.8250,3.8250,3.8250,3.8250,0,0,0.0502000,0.9331000,0.0000000,6.4703000,-0.1046000,4.8433000
20240116,473,P,0.2750,0.2750,0.2750,0.2750,0,0,0.0717000,-0.1462000,0.0000000,11.4473000,-0.0922000,-0.7684000
20240116,505,P,28.5200,28.5200,28.5200,28.5200,0,0,0.3188000,-0.9559000,0.0000000,4.6508000,-0.1144000,-5.3180000
20240116,430,C,46.5450,46.5450,46.5450,46.5450,0,0,,,,,,
20240116,430,P,0.0150,0.0150,0.0150,0.0150,0,0,0.3437000,-0.0019000,0.0000000,0.3129000,-0.0132000,-0.0104000
20240116,462,C,14.5750,14.5750,14.5750,14.5750,0,0,,,,,,
20240116,462,P,0.0250,0.0250,0.0250,0.0250,0,0,0.1269000,-0.0089000,0.0000000,1.2071000,-0.0184000,-0.0470000
20240116,494,P,17.5200,17.5200,17.5200,17.5200,0,0,0.2167000,-0.9397000,0.0000000,5.9669000,-0.0935000,-5.1124000
20240116,451,C,25.5650,25.5650,25.5650,25.5650,0,0,,,,,,
20240116,451,P,0.0150,0.0150,0.0150,0.0150,0,0,0.1953000,-0.0032000,0.0000000,0.4901000,-0.0117000,-0.0170000
20240116,419,C,57.5350,57.5350,57.5350,57.5350,0,0,,,,,,
20240116,483,C,0.0350,0.0350,0.0350,0.0350,0,0,0.0634000,0.0253000,0.0000000,2.9488000,-0.0250000,0.1321000
20240116,483,P,6.5300,6.5300,6.5300,6.5300,0,0,0.1025000,-0.8862000,0.0000000,9.6197000,-0.0605000,-4.7113000
20240116,515,P,38.5150,38.5150,38.5150,38.5150,0,0,0.4033000,-0.9644000,0.0000000,3.9117000,-0.1242000,-5.4720000
20240116,525,P,48.5150,48.5150,48.5150,48.5150,0,0,0.4858000,-0.9690000,0.0000000,3.4829000,-0.1367000,-5.6064000
20240116,408,C,68.5350,68.5350,68.5350,68.5350,0,0,,,,,,
20240116,440,C,36.5550,36.5550,36.5550,36.5550,0,0,,,,,,
20240116,440,P,0.0150,0.0150,0.0150,0.0150,0,0,0.2734000,-0.0024000,0.0000000,0.3812000,-0.0128000,-0.0129000
20240116,472,C,4.7250,4.7250,4.7250,4.7250,0,0,0.0482131,0.9754525,0.0239337,0.0287087,-0.0740200,0.0504163
20240116,472,P,0.1850,0.1850,0.1850,0.1850,0,0,0.0749000,-0.1006000,0.0000000,8.8057000,-0.0752000,-0.5288000
20240116,504,P,27.5200,27.5200,27.5200,27.5200,0,0,0.3100000,-0.9548000,0.0000000,4.7443000,-0.1132000,-5.3013000
20240116,429,C,47.5450,47.5450,47.5450,47.5450,0,0,,,,,,
20240116,429,P,0.0150,0.0150,0.0150,0.0150,0,0,0.3515000,-0.0019000,0.0000000,0.3130000,-0.0135000,-0.0104000
20240116,461,C,15.5750,15.5750,15.5750,15.5750,0,0,,,,,,
20240116,461,P,0.0250,0.0250,0.0250,0.0250,0,0,0.1347000,-0.0085000,0.0000000,1.1595000,-0.0188000,-0.0449000
20240116,493,P,16.5200,16.5200,16.5200,16.5200,0,0,0.2070000,-0.9374000,0.0000000,6.1452000,-0.0912000,-5.0893000
20240116,535,P,58.5150,58.5150,58.5150,58.5150,0,0,0.5648000,-0.9724000,0.0000000,3.1699000,-0.1473000,-5.7336000
20240116,450,C,26.5650,26.5650,26.5650,26.5650,0,0,,,,,,
20240116,450,P,0.0150,0.0150,0.0150,0.0150,0,0,0.2031000,-0.0032000,0.0000000,0.4896000,-0.0121000,-0.0170000
20240116,418,C,58.5350,58.5350,58.5350,58.5350,0,0,,,,,,
20240116,482,C,0.0550,0.0550,0.0550,0.0550,0,0,0.0600000,0.0411000,0.0000000,4.4066000,-0.0358000,0.2150000
20240116,482,P,5.5450,5.5450,5.5450,5.5450,0,0,0.0915000,-0.8721000,0.0000000,10.4412000,-0.0579000,-4.6269000
20240116,407,C,69.5350,69.5350,69.5350,69.5350,0,0,,,,,,
20240116,439,C,37.5550,37.5550,37.5550,37.5550,0,0,,,,,,
20240116,439,P,0.0150,0.0150,0.0150,0.0150,0,0,0.2812000,-0.0024000,0.0000000,0.3814000,-0.0132000,-0.0129000
20240116,471,C,5.6750,5.6750,5.6750,5.6750,0,0,,,,,,
20240116,471,P,0.1350,0.1350,0.1350,0.1350,0,0,0.0798000,-0.0730000,0.0000000,6.9262000,-0.0638000,-0.3836000
20240116,545,P,68.5150,68.5150,68.5150,68.5150,0,0,0.6414000,-0.9747000,0.0000000,2.9391000,-0.1575000,-5.8559000
20240116,428,C,48.5450,48.5450,48.5450,48.5450,0,0,,,,,,
20240116,428,P,0.0150,0.0150,0.0150,0.0150,0,0,0.3593000,-0.0019000,0.0000000,0.3129000,-0.0138000,-0.0104000
20240116,460,C,16.5750,16.5750,16.5750,16.5750,0,0,,,,,,
20240116,460,P,0.0250,0.0250,0.0250,0.0250,0,0,0.1425000,-0.0081000,0.0000000,1.1175000,-0.0192000,-0.0430000
20240116,492,P,15.5200,15.5200,15.5200,15.5200,0,0,0.1970000,-0.9350000,0.0000000,6.3288000,-0.0883000,-5.0656000
20240116,417,C,59.5350,59.5350,59.5350,59.5350,0,0,,,,,,
20240116,449,C,27.5550,27.5550,27.5550,27.5550,0,0,,,,,,
20240116,449,P,0.0150,0.0150,0.0150,0.0150,0,0,0.2109000,-0.0032000,0.0000000,0.4888000,-0.0126000,-0.0170000
20240116,481,C,0.0950,0.0950,0.0950,0.0950,0,0,0.0576000,0.0711000,0.0000000,6.7916000,-0.0537000,0.3715000
20240116,481,P,4.5700,4.5700,4.5700,4.5700,0,0,0.0819000,-0.8484000,0.0000000,11.7241000,-0.0602000,-4.4920000
20240116,406,C,70.5350,70.5350,70.5350,70.5350,0,0,,,,,,
20240116,438,C,38.5550,38.5550,38.5550,38.5550,0,0,,,,,,
20240116,438,P,0.0150,0.0150,0.0150,0.0150,0,0,0.2890000,-0.0024000,0.0000000,0.3813000,-0.0135000,-0.0129000
20240116,470,C,6.6400,6.6400,6.6400,6.6400,0,0,,,,,,
20240116,470,P,0.0950,0.0950,0.0950,0.0950,0,0,0.0834000,-0.0512000,0.0000000,5.2505000,-0.0510000,-0.2691000
20240116,502,P,25.5200,25.5200,25.5200,25.5200,0,0,0.2919000,-0.9526000,0.0000000,4.9326000,-0.1098000,-5.2676000
20240116,427,C,49.5450,49.5450,49.5450,49.5450,0,0,,,,,,
20240116,459,C,17.5650,17.5650,17.5650,17.5650,0,0,,,,,,
20240116,459,P,0.0250,0.0250,0.0250,0.0250,0,0,0.1503000,-0.0078000,0.0000000,1.0801000,-0.0197000,-0.0414000
20240116,491,P,14.5200,14.5200,14.5200,14.5200,0,0,0.1870000,-0.9322000,0.0000000,6.5383000,-0.0857000,-5.0400000
20240117,416,C,60.6050,60.6050,60.6050,60.6050,0,0,,,,,,
20240117,416,P,0.0150,0.0150,0.0150,0.0150,0,0,0.3984000,-0.0016000,0.0000000,0.2902000,-0.0114000,-0.0106000
20240117,448,C,28.6450,28.6450,28.6450,28.6450,0,0,,,,,,
20240117,448,P,0.0250,0.0250,0.0250,0.0250,0,0,0.2089000,-0.0052000,0.0000000,0.8443000,-0.0172000,-0.0346000
20240117,480,C,0.4350,0.4350,0.4350,0.4350,0,0,0.0679000,0.2029000,0.0000000,15.7670000,-0.1209000,1.3215000
20240117,480,P,3.8400,3.8400,3.8400,3.8400,0,0,0.0816000,-0.7550000,0.0000000,17.5471000,-0.0901000,-4.9912000
20240117,405,C,71.5950,71.5950,71.5950,71.5950,0,0,,,,,,
20240117,437,C,39.6250,39.6250,39.6250,39.6250,0,0,,,,,,
20240117,437,P,0.0250,0.0250,0.0250,0.0250,0,0,0.2832000,-0.0040000,0.0000000,0.6745000,-0.0187000,-0.0270000
20240117,469,C,7.7800,7.7800,7.7800,7.7800,0,0,0.0655482,0.9839807,0.0109616,0.0223451,-0.0714895,0.0631585
20240117,469,P,0.1650,0.1650,0.1650,0.1650,0,0,0.0949000,-0.0679000,0.0000000,7.3259000,-0.0646000,-0.4466000
20240117,458,C,18.6600,18.6600,18.6600,18.6600,0,0,,,,,,
20240117,458,P,0.0450,0.0450,0.0450,0.0450,0,0,0.1552000,-0.0131000,0.0000000,1.8847000,-0.0282000,-0.0864000
20240117,426,C,50.6150,50.6150,50.6150,50.6150,0,0,,,,,,
20240117,426,P,0.0150,0.0150,0.0150,0.0150,0,0,0.3359000,-0.0019000,0.0000000,0.3491000,-0.0115000,-0.0130000
20240117,490,C,0.0150,0.0150,0.0150,0.0150,0,0,0.0917000,0.0056000,0.0000000,0.9067000,-0.0086000,0.0371000
20240117,490,P,13.5350,13.5350,13.5350,13.5350,0,0,0.1677000,-0.9158000,0.0000000,8.6182000,-0.0787000,-6.1762000
20240117,415,C,61.6050,61.6050,61.6050,61.6050,0,0,,,,,,
20240117,415,P,0.0150,0.0150,0.0150,0.0150,0,0,0.4062000,-0.0016000,0.0000000,0.2947000,-0.0118000,-0.0108000
20240117,447,C,29.6350,29.6350,29.6350,29.6350,0,0,,,,,,
20240117,447,P,0.0250,0.0250,0.0250,0.0250,0,0,0.2167000,-0.0053000,0.0000000,0.8515000,-0.0180000,-0.0350000
20240117,479,C,0.6750,0.6750,0.6750,0.6750,0,0,0.0679000,0.2845000,0.0000000,18.9390000,-0.1481000,1.8521000
20240117,479,P,3.0650,3.0650,3.0650,3.0650,0,0,0.0787000,-0.6880000,0.0000000,19.7470000,-0.1070000,-4.5425000
20240117,404,C,72.5950,72.5950,72.5950,72.5950,0,0,,,,,,
20240117,436,C,40.6250,40.6250,40.6250,40.6250,0,0,,,,,,
20240117,436,P,0.0250,0.0250,0.0250,0.0250,0,0,0.2890000,-0.0039000,0.0000000,0.6487000,-0.0184000,-0.0258000
20240117,468,C,8.7500,8.7500,8.7500,8.7500,0,0,,,,,,
20240117,468,P,0.1350,0.1350,0.1350,0.1350,0,0,0.0998000,-0.0546000,0.0000000,6.1792000,-0.0577000,-0.3592000
20240117,500,P,23.5200,23.5200,23.5200,23.5200,0,0,0.2561000,-0.9414000,0.0000000,6.5225000,-0.0980000,-6.4805000
20240117,457,C,19.6550,19.6550,19.6550,19.6550,0,0,,,,,,
20240117,457,P,0.0450,0.0450,0.0450,0.0450,0,0,0.1621000,-0.0123000,0.0000000,1.7938000,-0.0281000,-0.0816000
20240117,425,C,51.6150,51.6150,51.6150,51.6150,0,0,,,,,,
20240117,425,P,0.0150,0.0150,0.0150,0.0150,0,0,0.3398000,-0.0018000,0.0000000,0.3235000,-0.0108000,-0.0119000
20240117,489,C,0.0150,0.0150,0.0150,0.0150,0,0,0.0859000,0.0061000,0.0000000,0.9769000,-0.0088000,0.0404000
20240117,489,P,12.5400,12.5400,12.5400,12.5400,0,0,0.1591000,-0.9104000,0.0000000,9.0329000,-0.0785000,-6.1268000
20240117,414,C,62.6050,62.6050,62.6050,62.6050,0,0,,,,,,
20240117,414,P,0.0150,0.0150,0.0150,0.0150,0,0,0.4062000,-0.0013000,0.0000000,0.2535000,-0.0101000,-0.0091000
20240117,446,C,30.6350,30.6350,30.6350,30.6350,0,0,,,,,,
20240117,446,P,0.0250,0.0250,0.0250,0.0250,0,0,0.2226000,-0.0050000,0.0000000,0.8104000,-0.0176000,-0.0331000
20240117,478,C,1.0150,1.0150,1.0150,1.0150,0,0,0.0686000,0.3805000,0.0000000,21.2641000,-0.1718000,2.4748000
20240117,478,P,2.4000,2.4000,2.4000,2.4000,0,0,0.0783000,-0.6046000,0.0000000,21.5001000,-0.1257000,-3.9877000
20240117,510,P,33.5150,33.5150,33.5150,33.5150,0,0,0.3369000,-0.9539000,0.0000000,5.3888000,-0.1101000,-6.6995000
20240117,403,C,73.5950,73.5950,73.5950,73.5950,0,0,,,,,,
20240117,435,C,41.6250,41.6250,41.6250,41.6250,0,0,,,,,,
20240117,435,P,0.0250,0.0250,0.0250,0.0250,0,0,0.2968000,-0.0039000,0.0000000,0.6540000,-0.0190000,-0.0261000
20240117,467,C,9.7250,9.7250,9.7250,9.7250,0,0,,,,,,
20240117,467,P,0.1050,0.1050,0.1050,0.1050,0,0,0.1035000,-0.0425000,0.0000000,5.0611000,-0.0493000,-0.2799000
20240117,499,P,22.5200,22.5200,22.5200,22.5200,0,0,0.2475000,-0.9398000,0.0000000,6.6656000,-0.0962000,-6.4561000
20240117,456,C,20.6550,20.6550,20.6550,20.6550,0,0,,,,,,
20240117,456,P,0.0350,0.0350,0.0350,0.0350,0,0,0.1640000,-0.0098000,0.0000000,1.4684000,-0.0233000,-0.0648000
20240117,424,C,52.6150,52.6150,52.6150,52.6150,0,0,,,,,,
20240117,424,P,0.0150,0.0150,0.0150,0.0150,0,0,0.3437000,-0.0016000,0.0000000,0.2999000,-0.0101000,-0.0110000
20240117,520,P,43.5150,43.5150,43.5150,43.5150,0,0,0.4145000,-0.9608000,0.0000000,4.7270000,-0.1226000,-6.8817000
20240117,488,C,0.0250,0.0250,0.0250,0.0250,0,0,0.0878000,0.0123000,0.0000000,1.7876000,-0.0165000,0.0804000
20240117,488,P,11.5250,11.5250,11.5250,11.5250,0,0,0.1473000,-0.9089000,0.0000000,9.1446000,-0.0697000,-6.1031000
20240117,413,C,63.6050,63.6050,63.6050,63.6050,0,0,,,,,,
20240117,413,P,0.0150,0.0150,0.0150,0.0150,0,0,0.4140000,-0.0014000,0.0000000,0.2579000,-0.0105000,-0.0093000
20240117,445,C,31.6350,31.6350,31.6350,31.6350,0,0,,,,,,
20240117,445,P,0.0250,0.0250,0.0250,0.0250,0,0,0.2304000,-0.0050000,0.0000000,0.8172000,-0.0184000,-0.0334000
20240117,477,C,1.4550,1.4550,1.4550,1.4550,0,0,0.0690000,0.4827000,0.0000000,22.2500000,-0.1866000,3.1375000
20240117,477,P,1.8400,1.8400,1.8400,1.8400,0,0,0.0784000,-0.5147000,0.0000000,22.2555000,-0.1382000,-3.3922000
20240117,402,C,74.5950,74.5950,74.5950,74.5950,0,0,,,,,,
20240117,434,C,42.6250,42.6250,42.6250,42.6250,0,0,,,,,,
20240117,434,P,0.0250,0.0250,0.0250,0.0250,0,0,0.3027000,-0.0037000,0.0000000,0.6298000,-0.0187000,-0.0250000
20240117,466,C,10.7100,10.7100,10.7100,10.7100,0,0,,,,,,
20240117,466,P,0.0950,0.0950,0.0950,0.0950,0,0,0.1098000,-0.0367000,0.0000000,4.4933000,-0.0466000,-0.2418000
20240117,498,P,21.5200,21.5200,21.5200,21.5200,0,0,0.2387000,-0.9381000,0.0000000,6.8061000,-0.0940000,-6.4317000
20240117,530,P,53.5150,53.5150,53.5150,53.5150,0,0,0.4892000,-0.9653000,0.0000000,4.2814000,-0.1343000,-7.0482000
20240117,455,C,21.6550,21.6550,21.6550,21.6550,0,0,,,,,,
20240117,455,P,0.0350,0.0350,0.0350,0.0350,0,0,0.1699000,-0.0090000,0.0000000,1.3668000,-0.0225000,-0.0597000
20240117,423,C,53.6150,53.6150,53.6150,53.6150,0,0,,,,,,
20240117,423,P,0.0150,0.0150,0.0150,0.0150,0,0,0.3515000,-0.0017000,0.0000000,0.3061000,-0.0106000,-0.0112000
20240117,487,C,0.0250,0.0250,0.0250,0.0250,0,0,0.0800000,0.0123000,0.0000000,1.7818000,-0.0150000,0.0802000
20240117,487,P,10.5250,10.5250,10.5250,10.5250,0,0,0.1374000,-0.9038000,0.0000000,9.5161000,-0.0663000,-6.0563000
20240117,412,C,64.6050,64.6050,64.6050,64.6050,0,0,,,,,,
20240117,412,P,0.0150,0.0150,0.0150,0.0150,0,0,0.4218000,-0.0014000,0.0000000,0.2620000,-0.0109000,-0.0095000
20240117,444,C,32.6350,32.6350,32.6350,32.6350,0,0,,,,,,
20240117,444,P,0.0250,0.0250,0.0250,0.0250,0,0,0.2363000,-0.0048000,0.0000000,0.7797000,-0.0180000,-0.0317000
20240117,476,C,2.0000,2.0000,2.0000,2.0000,0,0,0.0700000,0.5844000,0.0000000,21.7699000,-0.1923000,3.7951000
20240117,476,P,1.3750,1.3750,1.3750,1.3750,0,0,0.0785000,-0.4242000,0.0000000,21.8681000,-0.1418000,-2.7936000
20240117,508,P,31.5200,31.5200,31.5200,31.5200,0,0,0.3227000,-0.9511000,0.0000000,5.6497000,-0.1114000,-6.6538000
20240117,540,P,63.5150,63.5150,63.5150,63.5150,0,0,0.5605000,-0.9686000,0.0000000,3.9353000,-0.1437000,-7.2075000
20240117,433,C,43.6250,43.6250,43.6250,43.6250,0,0,,,,,,
20240117,433,P,0.0150,0.0150,0.0150,0.0150,0,0,0.2890000,-0.0020000,0.0000000,0.3694000,-0.0105000,-0.0138000
20240117,465,C,11.6950,11.6950,11.6950,11.6950,0,0,,,,,,
20240117,465,P,0.0750,0.0750,0.0750,0.0750,0,0,0.1132000,-0.0288000,0.0000000,3.6803000,-0.0395000,-0.1898000
20240117,497,P,20.5200,20.5200,20.5200,20.5200,0,0,0.2299000,-0.9363000,0.0000000,6.9612000,-0.0918000,-6.4061000
20240117,390,C,86.5850,86.5850,86.5850,86.5850,0,0,,,,,,
20240117,454,C,22.6550,22.6550,22.6550,22.6550,0,0,,,,,,
20240117,454,P,0.0350,0.0350,0.0350,0.0350,0,0,0.1777000,-0.0090000,0.0000000,1.3581000,-0.0234000,-0.0593000
20240117,422,C,54.6150,54.6150,54.6150,54.6150,0,0,,,,,,
20240117,422,P,0.0150,0.0150,0.0150,0.0150,0,0,0.3593000,-0.0017000,0.0000000,0.3120000,-0.0110000,-0.0115000
20240117,486,C,0.0350,0.0350,0.0350,0.0350,0,0,0.0781000,0.0187000,0.0000000,2.5636000,-0.0212000,0.1225000
20240117,486,P,9.5250,9.5250,9.5250,9.5250,0,0,0.1275000,-0.8977000,0.0000000,9.9576000,-0.0631000,-6.0024000
20240117,411,C,65.6000,65.6000,65.6000,65.6000,0,0,,,,,,
20240117,411,P,0.0150,0.0150,0.0150,0.0150,0,0,0.4296000,-0.0014000,0.0000000,0.2660000,-0.0113000,-0.0096000
20240117,443,C,33.6350,33.6350,33.6350,33.6350,0,0,,,,,,
20240117,443,P,0.0250,0.0250,0.0250,0.0250,0,0,0.2421000,-0.0045000,0.0000000,0.7451000,-0.0176000,-0.0301000
20240117,475,C,2.6350,2.6350,2.6350,2.6350,0,0,0.0700000,0.6807000,0.0000000,19.9449000,-0.1861000,4.4161000
20240117,475,P,1.0150,1.0150,1.0150,1.0150,0,0,0.0797000,-0.3395000,0.0000000,20.4453000,-0.1389000,-2.2350000
20240117,432,C,44.6250,44.6250,44.6250,44.6250,0,0,,,,,,
20240117,432,P,0.0150,0.0150,0.0150,0.0150,0,0,0.2968000,-0.0021000,0.0000000,0.3779000,-0.0110000,-0.0142000
20240117,400,C,76.5950,76.5950,76.5950,76.5950,0,0,,,,,,
20240117,464,C,12.6850,12.6850,12.6850,12.6850,0,0,,,,,,
20240117,464,P,0.0650,0.0650,0.0650,0.0650,0,0,0.1181000,-0.0241000,0.0000000,3.1665000,-0.0356000,-0.1586000
20240117,496,P,19.5200,19.5200,19.5200,19.5200,0,0,0.2211000,-0.9343000,0.0000000,7.1330000,-0.0898000,-6.3791000
20240117,453,C,23.6450,23.6450,23.6450,23.6450,0,0,,,,,,
20240117,453,P,0.0350,0.0350,0.0350,0.0350,0,0,0.1845000,-0.0086000,0.0000000,1.3101000,-0.0235000,-0.0569000
20240117,421,C,55.6050,55.6050,55.6050,55.6050,0,0,,,,,,
20240117,421,P,0.0150,0.0150,0.0150,0.0150,0,0,0.3671000,-0.0017000,0.0000000,0.3176000,-0.0115000,-0.0117000
20240117,485,C,0.0450,0.0450,0.0450,0.0450,0,0,0.0742000,0.0254000,0.0000000,3.3113000,-0.0262000,0.1658000
20240117,485,P,8.5250,8.5250,8.5250,8.5250,0,0,0.1174000,-0.8906000,0.0000000,10.4547000,-0.0595000,-5.9421000
20240117,410,C,66.5950,66.5950,66.5950,66.5950,0,0,,,,,,
20240117,442,C,34.6350,34.6350,34.6350,34.6350,0,0,,,,,,
20240117,442,P,0.0250,0.0250,0.0250,0.0250,0,0,0.2500000,-0.0046000,0.0000000,0.7517000,-0.0184000,-0.0304000
20240117,474,C,3.3600,3.3600,3.3600,3.3600,0,0,0.0705000,0.7645000,0.0000000,17.1728000,-0.1734000,4.9545000
20240117,474,P,0.7350,0.7350,0.7350,0.7350,0,0,0.0809000,-0.2644000,0.0000000,18.2651000,-0.1290000,-1.7395000
20240117,506,P,29.5200,29.5200,29.5200,29.5200,0,0,0.3061000,-0.9493000,0.0000000,5.8213000,-0.1077000,-6.6142000
20240117,431,C,45.6150,45.6150,45.6150,45.6150,0,0,,,,,,
20240117,431,P,0.0150,0.0150,0.0150,0.0150,0,0,0.3007000,-0.0019000,0.0000000,0.3476000,-0.0102000,-0.0129000
20240117,463,C,13.6850,13.6850,13.6850,13.6850,0,0,,,,,,
20240117,463,P,0.0650,0.0650,0.0650,0.0650,0,0,0.1259000,-0.0227000,0.0000000,3.0156000,-0.0363000,-0.1497000
20240117,495,P,18.5350,18.5350,18.5350,18.5350,0,0,0.2136000,-0.9309000,0.0000000,7.4188000,-0.0909000,-6.3431000
20240117,452,C,24.6450,24.6450,24.6450,24.6450,0,0,,,,,,
20240117,452,P,0.0350,0.0350,0.0350,0.0350,0,0,0.1914000,-0.0083000,0.0000000,1.2661000,-0.0236000,-0.0548000
20240117,420,C,56.6050,56.6050,56.6050,56.6050,0,0,,,,,,
20240117,420,P,0.0150,0.0150,0.0150,0.0150,0,0,0.3710000,-0.0016000,0.0000000,0.2957000,-0.0108000,-0.0108000
20240117,484,C,0.0650,0.0650,0.0650,0.0650,0,0,0.0717000,0.0380000,0.0000000,4.6197000,-0.0357000,0.2480000
20240117,484,P,7.5400,7.5400,7.5400,7.5400,0,0,0.1087000,-0.8783000,0.0000000,11.2734000,-0.0603000,-5.8485000
20240117,409,C,67.5950,67.5950,67.5950,67.5950,0,0,,,,,,
20240117,441,C,35.6350,35.6350,35.6350,35.6350,0,0,,,,,,
20240117,441,P,0.0250,0.0250,0.0250,0.0250,0,0,0.2558000,-0.0043000,0.0000000,0.7198000,-0.0180000,-0.0290000
20240117,473,C,4.1550,4.1550,4.1550,4.1550,0,0,0.0699000,0.8376000,0.0000000,13.7110000,-0.1531000,5.4219000
20240117,473,P,0.5350,0.5350,0.5350,0.5350,0,0,0.0830000,-0.2028000,0.0000000,15.7631000,-0.1164000,-1.3342000
20240117,505,P,28.5200,28.5200,28.5200,28.5200,0,0,0.2980000,-0.9481000,0.0000000,5.9307000,-0.1065000,-6.5926000
20240117,430,C,46.6150,46.6150,46.6150,46.6150,0,0,,,,,,
20240117,430,P,0.0150,0.0150,0.0150,0.0150,0,0,0.3085000,-0.0020000,0.0000000,0.3556000,-0.0108000,-0.0132000
20240117,462,C,14.6750,14.6750,14.6750,14.6750,0,0,,,,,,
20240117,462,P,0.0550,0.0550,0.0550,0.0550,0,0,0.1298000,-0.0186000,0.0000000,2.5489000,-0.0317000,-0.1227000
20240117,494,P,17.5200,17.5200,17.5200,17.5200,0,0,0.2033000,-0.9297000,0.0000000,7.5169000,-0.0855000,-6.3215000
20240117,451,C,25.6450,25.6450,25.6450,25.6450,0,0,,,,,,
20240117,451,P,0.0350,0.0350,0.0350,0.0350,0,0,0.1992000,-0.0082000,0.0000000,1.2604000,-0.0244000,-0.0545000
20240117,419,C,57.6050,57.6050,57.6050,57.6050,0,0,,,,,,
20240117,419,P,0.0150,0.0150,0.0150,0.0150,0,0,0.3750000,-0.0015000,0.0000000,0.2754000,-0.0102000,-0.0100000
20240117,483,C,0.1050,0.1050,0.1050,0.1050,0,0,0.0703000,0.0594000,0.0000000,6.5989000,-0.0504000,0.3872000
20240117,483,P,6.5650,6.5650,6.5650,6.5650,0,0,0.0996000,-0.8639000,0.0000000,12.1875000,-0.0603000,-5.7405000
20240117,515,P,38.5150,38.5150,38.5150,38.5150,0,0,0.3762000,-0.9577000,0.0000000,5.0252000,-0.1166000,-6.7931000
20240117,525,P,48.5150,48.5150,48.5150,48.5150,0,0,0.4521000,-0.9633000,0.0000000,4.4817000,-0.1283000,-6.9666000
20240117,408,C,68.5950,68.5950,68.5950,68.5950,0,0,,,,,,
20240117,440,C,36.6300,36.6300,36.6300,36.6300,0,0,,,,,,
20240117,440,P,0.0250,0.0250,0.0250,0.0250,0,0,0.2617000,-0.0041000,0.0000000,0.6900000,-0.0177000,-0.0276000
20240117,472,C,5.0000,5.0000,5.0000,5.0000,0,0,0.0684000,0.8978000,0.0000000,9.9472000,-0.1294000,5.8041000
20240117,472,P,0.3850,0.3850,0.3850,0.3850,0,0,0.0850000,-0.1529000,0.0000000,13.1884000,-0.1013000,-1.0059000
20240117,504,P,27.5200,27.5200,27.5200,27.5200,0,0,0.2897000,-0.9469000,0.0000000,6.0354000,-0.1048000,-6.5713000
20240117,429,C,47.6150,47.6150,47.6150,47.6150,0,0,,,,,,
20240117,429,P,0.0150,0.0150,0.0150,0.0150,0,0,0.3125000,-0.0018000,0.0000000,0.3279000,-0.0100000,-0.0121000
20240117,461,C,15.6750,15.6750,15.6750,15.6750,0,0,,,,,,
20240117,461,P,0.0550,0.0550,0.0550,0.0550,0,0,0.1376000,-0.0179000,0.0000000,2.4595000,-0.0325000,-0.1177000
20240117,493,C,0.0150,0.0150,0.0150,0.0150,0,0,0.1113000,0.0053000,0.0000000,0.8575000,-0.0098000,0.0348000
20240117,493,P,16.5200,16.5200,16.5200,16.5200,0,0,0.1943000,-0.9270000,0.0000000,7.7335000,-0.0833000,-6.2904000
20240117,535,P,58.5150,58.5150,58.5150,58.5150,0,0,0.5250000,-0.9671000,0.0000000,4.0903000,-0.1387000,-7.1291000
20240117,450,C,26.6450,26.6450,26.6450,26.6450,0,0,,,,,,
20240117,450,P,0.0350,0.0350,0.0350,0.0350,0,0,0.2050000,-0.0077000,0.0000000,1.1879000,-0.0237000,-0.0509000
20240117,418,C,58.6050,58.6050,58.6050,58.6050,0,0,,,,,,
20240117,418,P,0.0150,0.0150,0.0150,0.0150,0,0,0.3828000,-0.0015000,0.0000000,0.2806000,-0.0106000,-0.0102000
20240117,482,C,0.1650,0.1650,0.1650,0.1650,0,0,0.0686000,0.0899000,0.0000000,9.0632000,-0.0682000,0.5862000
20240117,482,P,5.6050,5.6050,5.6050,5.6050,0,0,0.0915000,-0.8419000,0.0000000,13.4747000,-0.0639000,-5.5836000
20240117,407,C,69.5950,69.5950,69.5950,69.5950,0,0,,,,,,
20240117,439,C,37.6250,37.6250,37.6250,37.6250,0,0,,,,,,
20240117,439,P,0.0250,0.0250,0.0250,0.0250,0,0,0.2695000,-0.0042000,0.0000000,0.6964000,-0.0184000,-0.0279000
20240117,471,C,5.9050,5.9050,5.9050,5.9050,0,0,0.0659000,0.9444000,0.0000000,6.2585000,-0.1057000,6.0962000
20240117,471,P,0.2850,0.2850,0.2850,0.2850,0,0,0.0881000,-0.1162000,0.0000000,10.9191000,-0.0879000,-0.7641000
20240117,545,P,68.5150,68.5150,68.5150,68.5150,0,0,0.5953000,-0.9700000,0.0000000,3.7946000,-0.1482000,-7.2850000
20240117,428,C,48.6150,48.6150,48.6150,48.6150,0,0,,,,,,
20240117,428,P,0.0150,0.0150,0.0150,0.0150,0,0,0.3203000,-0.0018000,0.0000000,0.3353000,-0.0105000,-0.0124000
20240117,460,C,16.6650,16.6650,16.6650,16.6650,0,0,,,,,,
20240117,460,P,0.0450,0.0450,0.0450,0.0450,0,0,0.1406000,-0.0143000,0.0000000,2.0349000,-0.0275000,-0.0944000
20240117,492,C,0.0150,0.0150,0.0150,0.0150,0,0,0.1054000,0.0056000,0.0000000,0.9063000,-0.0099000,0.0371000
20240117,492,P,15.5350,15.5350,15.5350,15.5350,0,0,0.1865000,-0.9226000,0.0000000,8.0870000,-0.0843000,-6.2481000
20240117,417,C,59.6050,59.6050,59.6050,59.6050,0,0,,,,,,
20240117,417,P,0.0150,0.0150,0.0150,0.0150,0,0,0.3906000,-0.0015000,0.0000000,0.2855000,-0.0110000,-0.0104000
20240117,449,C,27.6450,27.6450,27.6450,27.6450,0,0,,,,,,
20240117,449,P,0.0250,0.0250,0.0250,0.0250,0,0,0.2031000,-0.0055000,0.0000000,0.8898000,-0.0176000,-0.0367000
20240117,481,C,0.2650,0.2650,0.2650,0.2650,0,0,0.0676000,0.1360000,0.0000000,12.1843000,-0.0916000,0.8862000
20240117,481,P,4.6900,4.6900,4.6900,4.6900,0,0,0.0856000,-0.8064000,0.0000000,15.3220000,-0.0744000,-5.3389000
20240117,406,C,70.5950,70.5950,70.5950,70.5950,0,0,,,,,,
20240117,438,C,38.6250,38.6250,38.6250,38.6250,0,0,,,,,,
20240117,438,P,0.0250,0.0250,0.0250,0.0250,0,0,0.2773000,-0.0042000,0.0000000,0.7020000,-0.0191000,-0.0282000
20240117,470,C,6.8350,6.8350,6.8350,6.8350,0,0,0.0566000,0.9851000,0.0000000,2.0990000,-0.0791000,6.3495000
20240117,470,P,0.2150,0.2150,0.2150,0.2150,0,0,0.0915000,-0.0888000,0.0000000,8.9785000,-0.0758000,-0.5839000
20240117,502,P,25.5200,25.5200,25.5200,25.5200,0,0,0.2729000,-0.9444000,0.0000000,6.2580000,-0.1012000,-6.5276000
20240117,427,C,49.6150,49.6150,49.6150,49.6150,0,0,,,,,,
20240117,427,P,0.0150,0.0150,0.0150,0.0150,0,0,0.3281000,-0.0019000,0.0000000,0.3424000,-0.0110000,-0.0127000
20240117,459,C,17.6650,17.6650,17.6650,17.6650,0,0,,,,,,
20240117,459,P,0.0450,0.0450,0.0450,0.0450,0,0,0.1484000,-0.0139000,0.0000000,1.9869000,-0.0284000,-0.0918000
20240117,491,C,0.0150,0.0150,0.0150,0.0150,0,0,0.0976000,0.0052000,0.0000000,0.8493000,-0.0086000,0.0345000
20240117,491,P,14.5350,14.5350,14.5350,14.5350,0,0,0.1770000,-0.9196000,0.0000000,8.3234000,-0.0811000,-6.2147000
20240118,416,C,60.8050,60.8050,60.8050,60.8050,0,0,0.3998627,0.9963990,0.0004414,0.0065866,-0.0729827,0.0680464
20240118,416,P,0.0150,0.0150,0.0150,0.0150,0,0,0.3632000,-0.0015000,0.0000000,0.3112000,-0.0092000,-0.0124000
20240118,448,C,28.8650,28.8650,28.8650,28.8650,0,0,0.2209379,0.9866300,0.0025411,0.0209517,-0.0929740,0.0725317
20240118,448,P,0.0450,0.0450,0.0450,0.0450,0,0,0.2080000,-0.0092000,0.0000000,1.5263000,-0.0257000,-0.0734000
20240118,480,C,0.7450,0.7450,0.7450,0.7450,0,0,0.0778000,0.2591000,0.0000000,19.7973000,-0.1461000,2.0207000
20240118,480,P,4.0000,4.0000,4.0000,4.0000,0,0,0.0852000,-0.7222000,0.0000000,20.4998000,-0.0946000,-5.7329000
20240118,512,P,35.5150,35.5150,35.5150,35.5150,0,0,0.3337000,-0.9492000,0.0000000,6.3825000,-0.1062000,-8.0324000
20240118,405,C,71.7850,71.7850,71.7850,71.7850,0,0,0.4451041,0.9980695,0.0002258,0.0037508,-0.0636916,0.0663724
20240118,405,P,0.0150,0.0150,0.0150,0.0150,0,0,0.4296000,-0.0013000,0.0000000,0.2785000,-0.0098000,-0.0110000
20240118,437,C,39.8450,39.8450,39.8450,39.8450,0,0,0.2883435,0.9912851,0.0013415,0.0144356,-0.0880052,0.0710914
20240118,437,P,0.0350,0.0350,0.0350,0.0350,0,0,0.2695000,-0.0055000,0.0000000,0.9623000,-0.0211000,-0.0436000
20240118,469,C,8.1150,8.1150,8.1150,8.1150,0,0,0.0954000,0.9142000,0.0000000,9.5757000,-0.1382000,7.0397000
20240118,469,P,0.2850,0.2850,0.2850,0.2850,0,0,0.1003000,-0.0965000,0.0000000,10.4564000,-0.0805000,-0.7619000
20240118,458,C,18.9050,18.9050,18.9050,18.9050,0,0,0.1367000,0.9896000,0.0000000,1.6843000,-0.0850000,7.4532000
20240118,458,P,0.0750,0.0750,0.0750,0.0750,0,0,0.1542000,-0.0201000,0.0000000,2.9782000,-0.0368000,-0.1591000
20240118,426,C,50.8250,50.8250,50.8250,50.8250,0,0,0.3509355,0.9942541,0.0007632,0.0099957,-0.0813714,0.0695190
20240118,426,P,0.0250,0.0250,0.0250,0.0250,0,0,0.3242000,-0.0031000,0.0000000,0.5825000,-0.0154000,-0.0249000
20240118,490,C,0.0250,0.0250,0.0250,0.0250,0,0,0.0917000,0.0108000,0.0000000,1.7443000,-0.0140000,0.0844000
20240118,490,P,13.5350,13.5350,13.5350,13.5350,0,0,0.1596000,-0.9055000,0.0000000,10.2920000,-0.0719000,-7.3275000
20240118,415,C,61.8050,61.8050,61.8050,61.8050,0,0,0.4073537,0.9963732,0.0004361,0.0066290,-0.0734128,0.0678800
20240118,415,P,0.0150,0.0150,0.0150,0.0150,0,0,0.3671000,-0.0014000,0.0000000,0.2932000,-0.0088000,-0.0117000
20240118,447,C,29.8650,29.8650,29.8650,29.8650,0,0,0.2281488,0.9868780,0.0024213,0.0206156,-0.0934853,0.0723868
20240118,447,P,0.0450,0.0450,0.0450,0.0450,0,0,0.2148000,-0.0091000,0.0000000,1.5012000,-0.0261000,-0.0721000
20240118,479,C,1.0500,1.0500,1.0500,1.0500,0,0,0.0787000,0.3326000,0.0000000,22.2137000,-0.1684000,2.5928000
20240118,479,P,3.2850,3.2850,3.2850,3.2850,0,0,0.0839000,-0.6572000,0.0000000,22.4727000,-0.1109000,-5.2104000
20240118,404,C,72.7850,72.7850,72.7850,72.7850,0,0,0.4532245,0.9980186,0.0002271,0.0038405,-0.0641579,0.0662040
20240118,404,P,0.0150,0.0150,0.0150,0.0150,0,0,0.4335000,-0.0013000,0.0000000,0.2638000,-0.0094000,-0.0104000
20240118,436,C,40.8450,40.8450,40.8450,40.8450,0,0,0.2955269,0.9913694,0.0012978,0.0143131,-0.0884493,0.0709336
20240118,436,P,0.0350,0.0350,0.0350,0.0350,0,0,0.2773000,-0.0055000,0.0000000,0.9778000,-0.0221000,-0.0444000
20240118,468,C,9.0600,9.0600,9.0600,9.0600,0,0,0.0986000,0.9322000,0.0000000,8.0078000,-0.1290000,7.1650000
20240118,468,P,0.2350,0.2350,0.2350,0.2350,0,0,0.1044000,-0.0793000,0.0000000,9.0323000,-0.0729000,-0.6262000
20240118,500,P,23.5200,23.5200,23.5200,23.5200,0,0,0.2429000,-0.9335000,0.0000000,7.8867000,-0.0912000,-7.7118000
20240118,457,C,19.8950,19.8950,19.8950,19.8950,0,0,0.1367000,0.9925000,0.0000000,1.2530000,-0.0801000,7.4603000
20240118,457,P,0.0650,0.0650,0.0650,0.0650,0,0,0.1572000,-0.0169000,0.0000000,2.5709000,-0.0324000,-0.1339000
20240118,425,C,51.8250,51.8250,51.8250,51.8250,0,0,0.3582071,0.9942670,0.0007463,0.0099758,-0.0817951,0.0693556
20240118,425,P,0.0250,0.0250,0.0250,0.0250,0,0,0.3320000,-0.0032000,0.0000000,0.5956000,-0.0162000,-0.0255000
20240118,489,C,0.0250,0.0250,0.0250,0.0250,0,0,0.0859000,0.0116000,0.0000000,1.8589000,-0.0140000,0.0909000
20240118,489,P,12.5400,12.5400,12.5400,12.5400,0,0,0.1516000,-0.8996000,0.0000000,10.7578000,-0.0714000,-7.2651000
20240118,414,C,62.8050,62.8050,62.8050,62.8050,0,0,0.4148614,0.9963484,0.0004308,0.0066696,-0.0738434,0.0677137
20240118,414,P,0.0150,0.0150,0.0150,0.0150,0,0,0.3750000,-0.0015000,0.0000000,0.3028000,-0.0093000,-0.0121000
20240118,446,C,30.8650,30.8650,30.8650,30.8650,0,0,0.1250000,0.9999000,0.0000000,0.0038000,-0.0648000,7.3377000
20240118,446,P,0.0450,0.0450,0.0450,0.0450,0,0,0.2207000,-0.0086000,0.0000000,1.4415000,-0.0258000,-0.0688000
20240118,478,C,1.4400,1.4400,1.4400,1.4400,0,0,0.0797000,0.4118000,0.0000000,23.7941000,-0.1861000,3.2075000
20240118,478,P,2.6550,2.6550,2.6550,2.6550,0,0,0.0837000,-0.5837000,0.0000000,23.8522000,-0.1253000,-4.6240000
20240118,510,P,33.5150,33.5150,33.5150,33.5150,0,0,0.3188000,-0.9474000,0.0000000,6.5641000,-0.1035000,-7.9851000
20240118,403,C,73.7850,73.7850,73.7850,73.7850,0,0,0.4613354,0.9979695,0.0002281,0.0039268,-0.0646231,0.0660358
20240118,403,P,0.0150,0.0150,0.0150,0.0150,0,0,0.4375000,-0.0012000,0.0000000,0.2500000,-0.0090000,-0.0098000
20240118,435,C,41.8350,41.8350,41.8350,41.8350,0,0,0.2951633,0.9927505,0.0011146,0.0122779,-0.0833592,0.0708790
20240118,435,P,0.0350,0.0350,0.0350,0.0350,0,0,0.2832000,-0.0054000,0.0000000,0.9497000,-0.0219000,-0.0430000
20240118,467,C,10.0200,10.0200,10.0200,10.0200,0,0,0.1018000,0.9463000,0.0000000,6.6723000,-0.1206000,7.2597000
20240118,467,P,0.1950,0.1950,0.1950,0.1950,0,0,0.1083000,-0.0651000,0.0000000,7.7648000,-0.0654000,-0.5141000
20240118,499,P,22.5200,22.5200,22.5200,22.5200,0,0,0.2348000,-0.9317000,0.0000000,8.0516000,-0.0894000,-7.6812000
20240118,456,C,20.8950,20.8950,20.8950,20.8950,0,0,0.1435000,0.9926000,0.0000000,1.2416000,-0.0805000,7.4444000
20240118,456,P,0.0650,0.0650,0.0650,0.0650,0,0,0.1645000,-0.0165000,0.0000000,2.5155000,-0.0332000,-0.1306000
20240118,424,C,52.8150,52.8150,52.8150,52.8150,0,0,0.3544378,0.9954251,0.0006169,0.0081605,-0.0760659,0.0692836
20240118,424,P,0.0250,0.0250,0.0250,0.0250,0,0,0.3378000,-0.0031000,0.0000000,0.5830000,-0.0161000,-0.0249000
20240118,520,P,43.5150,43.5150,43.5150,43.5150,0,0,0.3918000,-0.9550000,0.0000000,5.7884000,-0.1161000,-8.2099000
20240118,488,C,0.0350,0.0350,0.0350,0.0350,0,0,0.0839000,0.0164000,0.0000000,2.5125000,-0.0186000,0.1289000
20240118,488,P,11.5250,11.5250,11.5250,11.5250,0,0,0.1406000,-0.8975000,0.0000000,10.9236000,-0.0639000,-7.2316000
20240118,413,C,63.8050,63.8050,63.8050,63.8050,0,0,0.4223833,0.9963247,0.0004256,0.0067084,-0.0742732,0.0675475
20240118,413,P,0.0150,0.0150,0.0150,0.0150,0,0,0.3828000,-0.0015000,0.0000000,0.3121000,-0.0098000,-0.0125000
20240118,445,C,31.8600,31.8600,31.8600,31.8600,0,0,0.1562000,0.9997000,0.0000000,0.0609000,-0.0654000,7.3192000
20240118,445,P,0.0450,0.0450,0.0450,0.0450,0,0,0.2275000,-0.0085000,0.0000000,1.4201000,-0.0262000,-0.0677000
20240118,477,C,1.9200,1.9200,1.9200,1.9200,0,0,0.0809000,0.4929000,0.0000000,24.3884000,-0.1982000,3.8361000
20240118,477,P,2.1100,2.1100,2.1100,2.1100,0,0,0.0841000,-0.5066000,0.0000000,24.3888000,-0.1353000,-4.0096000
20240118,402,C,74.7850,74.7850,74.7850,74.7850,0,0,0.4694319,0.9979224,0.0002289,0.0040093,-0.0650849,0.0658677
20240118,402,P,0.0150,0.0150,0.0150,0.0150,0,0,0.4453000,-0.0012000,0.0000000,0.2566000,-0.0094000,-0.0101000
20240118,434,C,42.8350,42.8350,42.8350,42.8350,0,0,0.3023229,0.9927984,0.0010819,0.0122064,-0.0837911,0.0707184
20240118,434,P,0.0350,0.0350,0.0350,0.0350,0,0,0.2890000,-0.0052000,0.0000000,0.9231000,-0.0218000,-0.0416000
20240118,466,C,10.9900,10.9900,10.9900,10.9900,0,0,0.1049000,0.9573000,0.0000000,5.5475000,-0.1132000,7.3305000
20240118,466,P,0.1650,0.1650,0.1650,0.1650,0,0,0.1127000,-0.0544000,0.0000000,6.7520000,-0.0595000,-0.4301000
20240118,498,C,0.0150,0.0150,0.0150,0.0150,0,0,0.1269000,0.0040000,0.0000000,0.7263000,-0.0079000,0.0313000
20240118,498,P,21.5200,21.5200,21.5200,21.5200,0,0,0.2265000,-0.9299000,0.0000000,8.2126000,-0.0871000,-7.6508000
20240118,530,P,53.5150,53.5150,53.5150,53.5150,0,0,0.4614000,-0.9602000,0.0000000,5.2402000,-0.1268000,-8.4153000
20240118,455,C,21.8900,21.8900,21.8900,21.8900,0,0,0.1503000,0.9927000,0.0000000,1.2305000,-0.0810000,7.4285000
20240118,455,P,0.0650,0.0650,0.0650,0.0650,0,0,0.1713000,-0.0158000,0.0000000,2.4326000,-0.0335000,-0.1256000
20240118,423,C,53.8150,53.8150,53.8150,53.8150,0,0,0.3617428,0.9954145,0.0006057,0.0081774,-0.0764897,0.0691184
20240118,423,P,0.0250,0.0250,0.0250,0.0250,0,0,0.3437000,-0.0030000,0.0000000,0.5709000,-0.0161000,-0.0244000
20240118,487,C,0.0450,0.0450,0.0450,0.0450,0,0,0.0810000,0.0220000,0.0000000,3.2203000,-0.0232000,0.1726000
20240118,487,P,10.5400,10.5400,10.5400,10.5400,0,0,0.1331000,-0.8886000,0.0000000,11.5980000,-0.0653000,-7.1458000
20240118,412,C,64.8000,64.8000,64.8000,64.8000,0,0,0.4220090,0.9968108,0.0003750,0.0059056,-0.0713350,0.0674220
20240118,412,P,0.0150,0.0150,0.0150,0.0150,0,0,0.3828000,-0.0013000,0.0000000,0.2694000,-0.0084000,-0.0106000
20240118,444,C,32.8550,32.8550,32.8550,32.8550,0,0,0.2444646,0.9890216,0.0019359,0.0176614,-0.0900273,0.0720631
20240118,444,P,0.0450,0.0450,0.0450,0.0450,0,0,0.2343000,-0.0084000,0.0000000,1.3995000,-0.0266000,-0.0666000
20240118,476,C,2.4800,2.4800,2.4800,2.4800,0,0,0.0822000,0.5720000,0.0000000,23.9934000,-0.2035000,4.4474000
20240118,476,P,1.6600,1.6600,1.6600,1.6600,0,0,0.0850000,-0.4301000,0.0000000,24.0176000,-0.1399000,-3.4024000
20240118,508,P,31.5200,31.5200,31.5200,31.5200,0,0,0.3051000,-0.9445000,0.0000000,6.8437000,-0.1036000,-7.9300000
20240118,540,P,63.5150,63.5150,63.5150,63.5150,0,0,0.5285000,-0.9639000,0.0000000,4.8384000,-0.1366000,-8.6090000
20240118,433,C,43.8350,43.8350,43.8350,43.8350,0,0,0.3094968,0.9928447,0.0010508,0.0121372,-0.0842218,0.0705577
20240118,433,P,0.0350,0.0350,0.0350,0.0350,0,0,0.2949000,-0.0050000,0.0000000,0.8977000,-0.0216000,-0.0403000
20240118,465,C,11.9650,11.9650,11.9650,11.9650,0,0,0.1069000,0.9675000,0.0000000,4.4359000,-0.1047000,7.3946000
20240118,465,P,0.1350,0.1350,0.1350,0.1350,0,0,0.1162000,-0.0445000,0.0000000,5.7493000,-0.0524000,-0.3517000
20240118,497,C,0.0150,0.0150,0.0150,0.0150,0,0,0.1210000,0.0040000,0.0000000,0.7269000,-0.0075000,0.0313000
20240118,497,P,20.5200,20.5200,20.5200,20.5200,0,0,0.2185000,-0.9277000,0.0000000,8.4106000,-0.0855000,-7.6170000
20240118,390,C,86.7650,86.7650,86.7650,86.7650,0,0,0.5007690,0.9992184,0.0000878,0.0016400,-0.0548438,0.0639999
20240118,454,C,22.8850,22.8850,22.8850,22.8850,0,0,0.1484000,0.9952000,0.0000000,0.8489000,-0.0761000,7.4317000
20240118,454,P,0.0550,0.0550,0.0550,0.0550,0,0,0.1738000,-0.0133000,0.0000000,2.0936000,-0.0293000,-0.1055000
20240118,422,C,54.8150,54.8150,54.8150,54.8150,0,0,0.3690644,0.9954046,0.0005949,0.0081932,-0.0769135,0.0689532
20240118,422,P,0.0250,0.0250,0.0250,0.0250,0,0,0.3515000,-0.0031000,0.0000000,0.5826000,-0.0168000,-0.0249000
20240118,486,C,0.0650,0.0650,0.0650,0.0650,0,0,0.0791000,0.0314000,0.0000000,4.3269000,-0.0306000,0.2458000
20240118,486,P,9.5250,9.5250,9.5250,9.5250,0,0,0.1220000,-0.8850000,0.0000000,11.8644000,-0.0577000,-7.1008000
20240118,518,P,41.5150,41.5150,41.5150,41.5150,0,0,0.3774000,-0.9538000,0.0000000,5.9165000,-0.1136000,-8.1672000
20240118,411,C,65.7950,65.7950,65.7950,65.7950,0,0,0.4205475,0.9972990,0.0003240,0.0050842,-0.0682906,0.0672967
20240118,411,P,0.0150,0.0150,0.0150,0.0150,0,0,0.3906000,-0.0013000,0.0000000,0.2781000,-0.0089000,-0.0110000
20240118,443,C,33.8550,33.8550,33.8550,33.8550,0,0,0.2516313,0.9891808,0.0018570,0.0174383,-0.0905003,0.0719112
20240118,443,P,0.0350,0.0350,0.0350,0.0350,0,0,0.2324000,-0.0064000,0.0000000,1.1089000,-0.0209000,-0.0511000
20240118,475,C,3.1150,3.1150,3.1150,3.1150,0,0,0.0833000,0.6465000,0.0000000,22.7284000,-0.2020000,5.0212000
20240118,475,P,1.2900,1.2900,1.2900,1.2900,0,0,0.0862000,-0.3580000,0.0000000,22.8307000,-0.1387000,-2.8302000
20240118,432,C,44.8350,44.8350,44.8350,44.8350,0,0,0.3166849,0.9928895,0.0010213,0.0120702,-0.0846512,0.0703968
20240118,432,P,0.0250,0.0250,0.0250,0.0250,0,0,0.2890000,-0.0036000,0.0000000,0.6660000,-0.0157000,-0.0289000
20240118,400,C,76.7850,76.7850,76.7850,76.7850,0,0,0.4856154,0.9978330,0.0002299,0.0041656,-0.0660061,0.0655319
20240118,400,P,0.0150,0.0150,0.0150,0.0150,0,0,0.4609000,-0.0013000,0.0000000,0.2693000,-0.0102000,-0.0107000
20240118,464,C,12.9450,12.9450,12.9450,12.9450,0,0,0.1093000,0.9749000,0.0000000,3.5813000,-0.0982000,7.4362000
20240118,464,P,0.1250,0.1250,0.1250,0.1250,0,0,0.1220000,-0.0394000,0.0000000,5.2138000,-0.0501000,-0.3117000
20240118,496,C,0.0150,0.0150,0.0150,0.0150,0,0,0.1171000,0.0045000,0.0000000,0.8183000,-0.0082000,0.0358000
20240118,496,P,19.5200,19.5200,19.5200,19.5200,0,0,0.2102000,-0.9255000,0.0000000,8.6076000,-0.0835000,-7.5831000
20240118,453,C,23.8850,23.8850,23.8850,23.8850,0,0,0.1542000,0.9954000,0.0000000,0.8192000,-0.0760000,7.4167000
20240118,453,P,0.0550,0.0550,0.0550,0.0550,0,0,0.1806000,-0.0129000,0.0000000,2.0380000,-0.0297000,-0.1023000
20240118,421,C,55.8150,55.8150,55.8150,55.8150,0,0,0.3764028,0.9953953,0.0005843,0.0082080,-0.0773370,0.0687881
20240118,421,P,0.0250,0.0250,0.0250,0.0250,0,0,0.3554000,-0.0029000,0.0000000,0.5478000,-0.0159000,-0.0233000
20240118,485,C,0.1050,0.1050,0.1050,0.1050,0,0,0.0795000,0.0498000,0.0000000,6.2873000,-0.0450000,0.3891000
20240118,485,P,8.5350,8.5350,8.5350,8.5350,0,0,0.1132000,-0.8755000,0.0000000,12.5446000,-0.0562000,-7.0103000
20240118,410,C,66.7950,66.7950,66.7950,66.7950,0,0,0.4282674,0.9972587,0.0003224,0.0051526,-0.0687358,0.0671291
20240118,410,P,0.0150,0.0150,0.0150,0.0150,0,0,0.3984000,-0.0014000,0.0000000,0.2865000,-0.0093000,-0.0114000
20240118,442,C,34.8550,34.8550,34.8550,34.8550,0,0,0.2588076,0.9893320,0.0017835,0.0172259,-0.0909706,0.0717587
20240118,442,P,0.0350,0.0350,0.0350,0.0350,0,0,0.2382000,-0.0062000,0.0000000,1.0722000,-0.0208000,-0.0492000
20240118,474,C,3.8200,3.8200,3.8200,3.8200,0,0,0.0849000,0.7130000,0.0000000,20.8245000,-0.1960000,5.5318000
20240118,474,P,0.9950,0.9950,0.9950,0.9950,0,0,0.0875000,-0.2924000,0.0000000,21.0117000,-0.1325000,-2.3108000
20240118,506,P,29.5200,29.5200,29.5200,29.5200,0,0,0.2900000,-0.9422000,0.0000000,7.0728000,-0.1010000,-7.8786000
20240118,431,C,45.8350,45.8350,45.8350,45.8350,0,0,0.3238910,0.9929323,0.0009933,0.0120059,-0.0850819,0.0702357
20240118,431,P,0.0250,0.0250,0.0250,0.0250,0,0,0.2949000,-0.0035000,0.0000000,0.6507000,-0.0157000,-0.0281000
20240118,463,C,13.9350,13.9350,13.9350,13.9350,0,0,0.1142000,0.9784000,0.0000000,3.1525000,-0.0957000,7.4475000
20240118,463,P,0.1050,0.1050,0.1050,0.1050,0,0,0.1259000,-0.0331000,0.0000000,4.5201000,-0.0450000,-0.2618000
20240118,495,C,0.0150,0.0150,0.0150,0.0150,0,0,0.1113000,0.0046000,0.0000000,0.8255000,-0.0079000,0.0361000
20240118,495,P,18.5350,18.5350,18.5350,18.5350,0,0,0.2028000,-0.9220000,0.0000000,8.9142000,-0.0838000,-7.5393000
20240118,452,C,24.8800,24.8800,24.8800,24.8800,0,0,0.1621000,0.9951000,0.0000000,0.8592000,-0.0769000,7.3982000
20240118,452,P,0.0550,0.0550,0.0550,0.0550,0,0,0.1875000,-0.0125000,0.0000000,1.9864000,-0.0301000,-0.0993000
20240118,420,C,56.8150,56.8150,56.8150,56.8150,0,0,0.3837603,0.9953864,0.0005741,0.0082221,-0.0777616,0.0686230
20240118,420,P,0.0250,0.0250,0.0250,0.0250,0,0,0.3632000,-0.0029000,0.0000000,0.5588000,-0.0166000,-0.0238000
20240118,484,C,0.1550,0.1550,0.1550,0.1550,0,0,0.0783000,0.0711000,0.0000000,8.3137000,-0.0591000,0.5558000
20240118,484,P,7.5550,7.5550,7.5550,7.5550,0,0,0.1048000,-0.8629000,0.0000000,13.4138000,-0.0560000,-6.8948000
20240118,516,P,39.5150,39.5150,39.5150,39.5150,0,0,0.3632000,-0.9523000,0.0000000,6.0724000,-0.1117000,-8.1223000
20240118,409,C,67.7950,67.7950,67.7950,67.7950,0,0,0.4359920,0.9972202,0.0003207,0.0052179,-0.0691792,0.0669617
20240118,409,P,0.0150,0.0150,0.0150,0.0150,0,0,0.4062000,-0.0014000,0.0000000,0.2947000,-0.0098000,-0.0117000
20240118,441,C,35.8550,35.8550,35.8550,35.8550,0,0,0.2659946,0.9894757,0.0017149,0.0170236,-0.0914390,0.0716056
20240118,441,P,0.0350,0.0350,0.0350,0.0350,0,0,0.2441000,-0.0059000,0.0000000,1.0377000,-0.0206000,-0.0474000
20240118,473,C,4.6000,4.6000,4.6000,4.6000,0,0,0.0870000,0.7698000,0.0000000,18.5729000,-0.1871000,5.9644000
20240118,473,P,0.7650,0.7650,0.7650,0.7650,0,0,0.0893000,-0.2359000,0.0000000,18.8301000,-0.1235000,-1.8636000
20240118,505,P,28.5200,28.5200,28.5200,28.5200,0,0,0.2822000,-0.9410000,0.0000000,7.1852000,-0.0993000,-7.8529000
20240118,430,C,46.8250,46.8250,46.8250,46.8250,0,0,0.3220206,0.9941999,0.0008387,0.0100794,-0.0796773,0.0701723
20240118,430,P,0.0250,0.0250,0.0250,0.0250,0,0,0.3007000,-0.0034000,0.0000000,0.6359000,-0.0156000,-0.0274000
20240118,462,C,14.9250,14.9250,14.9250,14.9250,0,0,0.1181000,0.9820000,0.0000000,2.6942000,-0.0923000,7.4598000
20240118,462,P,0.0950,0.0950,0.0950,0.0950,0,0,0.1308000,-0.0289000,0.0000000,4.0347000,-0.0419000,-0.2283000
20240118,494,C,0.0150,0.0150,0.0150,0.0150,0,0,0.1054000,0.0046000,0.0000000,0.8343000,-0.0076000,0.0366000
20240118,494,P,17.5200,17.5200,17.5200,17.5200,0,0,0.1933000,-0.9205000,0.0000000,9.0460000,-0.0791000,-7.5107000
20240118,451,C,25.8750,25.8750,25.8750,25.8750,0,0,0.1523000,0.9979000,0.0000000,0.4029000,-0.0705000,7.4036000
20240118,451,P,0.0550,0.0550,0.0550,0.0550,0,0,0.1943000,-0.0122000,0.0000000,1.9384000,-0.0304000,-0.0966000
20240118,419,C,57.8150,57.8150,57.8150,57.8150,0,0,0.3911344,0.9953781,0.0005642,0.0082353,-0.0781859,0.0684580
20240118,419,P,0.0150,0.0150,0.0150,0.0150,0,0,0.3437000,-0.0015000,0.0000000,0.3091000,-0.0087000,-0.0123000
20240118,483,C,0.2350,0.2350,0.2350,0.2350,0,0,0.0778000,0.1021000,0.0000000,10.8962000,-0.0776000,0.7974000
20240118,483,P,6.6000,6.6000,6.6000,6.6000,0,0,0.0981000,-0.8425000,0.0000000,14.7195000,-0.0608000,-6.7194000
20240118,515,P,38.5150,38.5150,38.5150,38.5150,0,0,0.3559000,-0.9515000,0.0000000,6.1456000,-0.1104000,-8.1002000
20240118,525,P,48.5150,48.5150,48.5150,48.5150,0,0,0.4272000,-0.9578000,0.0000000,5.5021000,-0.1221000,-8.3137000
20240118,440,C,36.8450,36.8450,36.8450,36.8450,0,0,0.2668731,0.9910087,0.0014896,0.0148361,-0.0866667,0.0715629
20240118,440,P,0.0350,0.0350,0.0350,0.0350,0,0,0.2519000,-0.0061000,0.0000000,1.0553000,-0.0216000,-0.0483000
20240118,408,C,68.7950,68.7950,68.7950,68.7950,0,0,0.4437261,0.9971831,0.0003189,0.0052806,-0.0696221,0.0667944
20240118,408,P,0.0150,0.0150,0.0150,0.0150,0,0,0.4062000,-0.0012000,0.0000000,0.2561000,-0.0085000,-0.0101000
20240118,472,C,5.4250,5.4250,5.4250,5.4250,0,0,0.0887000,0.8186000,0.0000000,16.1200000,-0.1749000,6.3337000
20240118,472,P,0.5900,0.5900,0.5900,0.5900,0,0,0.0919000,-0.1896000,0.0000000,16.5738000,-0.1135000,-1.4978000
20240118,504,P,27.5200,27.5200,27.5200,27.5200,0,0,0.2744000,-0.9397000,0.0000000,7.3067000,-0.0976000,-7.8264000
20240118,429,C,47.8250,47.8250,47.8250,47.8250,0,0,0.3292231,0.9942140,0.0008186,0.0100577,-0.0801004,0.0700090
20240118,429,P,0.0250,0.0250,0.0250,0.0250,0,0,0.3085000,-0.0035000,0.0000000,0.6508000,-0.0164000,-0.0281000
20240118,461,C,15.9150,15.9150,15.9150,15.9150,0,0,0.1210000,0.9856000,0.0000000,2.2261000,-0.0884000,7.4715000
20240118,461,P,0.0950,0.0950,0.0950,0.0950,0,0,0.1381000,-0.0274000,0.0000000,3.8646000,-0.0425000,-0.2168000
20240118,493,C,0.0150,0.0150,0.0150,0.0150,0,0,0.1015000,0.0054000,0.0000000,0.9611000,-0.0084000,0.0429000
20240118,493,P,16.5200,16.5200,16.5200,16.5200,0,0,0.1848000,-0.9176000,0.0000000,9.2922000,-0.0768000,-7.4717000
20240118,535,P,58.5150,58.5150,58.5150,58.5150,0,0,0.4953000,-0.9622000,0.0000000,5.0285000,-0.1320000,-8.5131000
20240118,450,C,26.8700,26.8700,26.8700,26.8700,0,0,0.1601000,0.9977000,0.0000000,0.4398000,-0.0711000,7.3854000
20240118,450,P,0.0550,0.0550,0.0550,0.0550,0,0,0.2011000,-0.0118000,0.0000000,1.8935000,-0.0308000,-0.0940000
20240118,418,C,58.8050,58.8050,58.8050,58.8050,0,0,0.3849213,0.9964544,0.0004522,0.0064955,-0.0721202,0.0683796
20240118,418,P,0.0150,0.0150,0.0150,0.0150,0,0,0.3515000,-0.0016000,0.0000000,0.3200000,-0.0092000,-0.0128000
20240118,482,C,0.3450,0.3450,0.3450,0.3450,0,0,0.0771000,0.1417000,0.0000000,13.7264000,-0.0978000,1.1068000
20240118,482,P,5.6800,5.6800,5.6800,5.6800,0,0,0.0924000,-0.8141000,0.0000000,16.3647000,-0.0685000,-6.4816000
20240118,514,P,37.5150,37.5150,37.5150,37.5150,0,0,0.3486000,-0.9508000,0.0000000,6.2236000,-0.1091000,-8.0777000
20240118,407,C,69.7950,69.7950,69.7950,69.7950,0,0,0.4514698,0.9971475,0.0003170,0.0053409,-0.0700643,0.0666273
20240118,407,P,0.0150,0.0150,0.0150,0.0150,0,0,0.4140000,-0.0013000,0.0000000,0.2637000,-0.0089000,-0.0104000
20240118,439,C,37.8450,37.8450,37.8450,37.8450,0,0,0.2740172,0.9911050,0.0014372,0.0146968,-0.0871143,0.0714060
20240118,439,P,0.0350,0.0350,0.0350,0.0350,0,0,0.2578000,-0.0058000,0.0000000,1.0225000,-0.0215000,-0.0467000
20240118,471,C,6.2950,6.2950,6.2950,6.2950,0,0,0.0910000,0.8574000,0.0000000,13.7787000,-0.1628000,6.6236000
20240118,471,P,0.4550,0.4550,0.4550,0.4550,0,0,0.0939000,-0.1501000,0.0000000,14.2647000,-0.1010000,-1.1854000
20240118,545,P,68.5150,68.5150,68.5150,68.5150,0,0,0.5613000,-0.9654000,0.0000000,4.6773000,-0.1415000,-8.7028000
20240118,428,C,48.8250,48.8250,48.8250,48.8250,0,0,0.3364447,0.9942275,0.0007994,0.0100369,-0.0805247,0.0698457
20240118,428,P,0.0250,0.0250,0.0250,0.0250,0,0,0.3125000,-0.0032000,0.0000000,0.6082000,-0.0155000,-0.0261000
20240118,460,C,16.9100,16.9100,16.9100,16.9100,0,0,0.1279000,0.9862000,0.0000000,2.1483000,-0.0887000,7.4596000
20240118,460,P,0.0850,0.0850,0.0850,0.0850,0,0,0.1430000,-0.0242000,0.0000000,3.4832000,-0.0397000,-0.1915000
20240118,492,C,0.0150,0.0150,0.0150,0.0150,0,0,0.0957000,0.0056000,0.0000000,0.9829000,-0.0082000,0.0440000
20240118,492,P,15.5200,15.5200,15.5200,15.5200,0,0,0.1762000,-0.9143000,0.0000000,9.5690000,-0.0746000,-7.4295000
20240118,417,C,59.8050,59.8050,59.8050,59.8050,0,0,0.3923861,0.9964260,0.0004468,0.0065423,-0.0725522,0.0682129
20240118,417,P,0.0150,0.0150,0.0150,0.0150,0,0,0.3593000,-0.0016000,0.0000000,0.3306000,-0.0097000,-0.0133000
20240118,449,C,27.8750,27.8750,27.8750,27.8750,0,0,0.1679000,0.9974000,0.0000000,0.4754000,-0.0717000,7.3673000
20240118,449,P,0.0450,0.0450,0.0450,0.0450,0,0,0.2011000,-0.0094000,0.0000000,1.5525000,-0.0253000,-0.0748000
20240118,481,C,0.5150,0.5150,0.5150,0.5150,0,0,0.0775000,0.1953000,0.0000000,16.8748000,-0.1222000,1.5241000
20240118,481,P,4.8050,4.8050,4.8050,4.8050,0,0,0.0876000,-0.7757000,0.0000000,18.3020000,-0.0789000,-6.1656000
20240118,406,C,70.7900,70.7900,70.7900,70.7900,0,0,0.4491667,0.9976053,0.0002720,0.0045601,-0.0669435,0.0664996
20240118,406,P,0.0150,0.0150,0.0150,0.0150,0,0,0.4218000,-0.0013000,0.0000000,0.2712000,-0.0094000,-0.0107000
20240118,438,C,38.8450,38.8450,38.8450,38.8450,0,0,0.2811732,0.9911972,0.0013879,0.0145632,-0.0875599,0.0712489
20240118,438,P,0.0350,0.0350,0.0350,0.0350,0,0,0.2636000,-0.0056000,0.0000000,0.9916000,-0.0213000,-0.0451000
20240118,470,C,7.1900,7.1900,7.1900,7.1900,0,0,0.0933000,0.8887000,0.0000000,11.5907000,-0.1506000,6.8546000
20240118,470,P,0.3650,0.3650,0.3650,0.3650,0,0,0.0976000,-0.1215000,0.0000000,12.3451000,-0.0918000,-0.9599000
20240118,502,P,25.5200,25.5200,25.5200,25.5200,0,0,0.2587000,-0.9368000,0.0000000,7.5809000,-0.0945000,-7.7706000
20240118,427,C,49.8250,49.8250,49.8250,49.8250,0,0,0.3436805,0.9942411,0.0007809,0.0100159,-0.0809475,0.0696824
20240118,427,P,0.0250,0.0250,0.0250,0.0250,0,0,0.3203000,-0.0033000,0.0000000,0.6222000,-0.0163000,-0.0268000
20240118,459,C,17.9050,17.9050,17.9050,17.9050,0,0,0.1298000,0.9893000,0.0000000,1.7239000,-0.0845000,7.4675000
20240118,459,P,0.0750,0.0750,0.0750,0.0750,0,0,0.1469000,-0.0208000,0.0000000,3.0672000,-0.0360000,-0.1647000
20240118,491,C,0.0150,0.0150,0.0150,0.0150,0,0,0.0898000,0.0058000,0.0000000,1.0091000,-0.0079000,0.0453000
20240118,491,P,14.5200,14.5200,14.5200,14.5200,0,0,0.1674000,-0.9108000,0.0000000,9.8553000,-0.0720000,-7.3859000
20240119,320,C,156.7500,156.7500,156.7500,156.7500,0,0,0.8471747,0.9997290,0.0000180,0.0006638,-0.0434186,0.0612914
20240119,384,C,92.8250,92.8250,92.8250,92.8250,0,0,0.5555756,0.9978415,0.0001853,0.0044832,-0.0649631,0.0733785
20240119,384,P,0.0150,0.0150,0.0150,0.0150,0,0,0.5124000,-0.0010000,0.0000000,0.2224000,-0.0080000,-0.0093000
20240119,448,C,28.9550,28.9550,28.9550,28.9550,0,0,0.1816000,0.9938000,0.0000000,1.1497000,-0.0795000,8.5262000
20240119,448,P,0.0650,0.0650,0.0650,0.0650,0,0,0.2041000,-0.0128000,0.0000000,2.1905000,-0.0310000,-0.1188000
20240119,512,P,35.5150,35.5150,35.5150,35.5150,0,0,0.3190000,-0.9432000,0.0000000,7.5269000,-0.1010000,-9.2999000
20240119,640,P,163.5000,163.5000,163.5000,163.5000,0,0,1.0449000,-0.9749000,0.0000000,3.8586000,-0.1966000,-12.0447000
20240119,405,C,71.8650,71.8650,71.8650,71.8650,0,0,0.4598441,0.9953038,0.0004507,0.0090226,-0.0792425,0.0771664
20240119,405,P,0.0250,0.0250,0.0250,0.0250,0,0,0.4218000,-0.0023000,0.0000000,0.4822000,-0.0143000,-0.0217000
20240119,469,C,8.3250,8.3250,8.3250,8.3250,0,0,0.1013000,0.8860000,0.0000000,12.7239000,-0.1522000,7.9370000
20240119,469,P,0.4250,0.4250,0.4250,0.4250,0,0,0.1049000,-0.1221000,0.0000000,13.3663000,-0.0916000,-1.1243000
20240119,575,P,98.5050,98.5050,98.5050,98.5050,0,0,0.7077000,-0.9684000,0.0000000,4.6810000,-0.1551000,-10.7385000
20240119,362,C,114.7950,114.7950,114.7950,114.7950,0,0,0.6558238,0.9989656,0.0000803,0.0022917,-0.0552646,0.0692678
20240119,426,C,50.9050,50.9050,50.9050,50.9050,0,0,0.3461958,0.9912815,0.0010348,0.0155978,-0.0905255,0.0808185
20240119,426,P,0.0350,0.0350,0.0350,0.0350,0,0,0.3164000,-0.0046000,0.0000000,0.8952000,-0.0199000,-0.0431000
20240119,490,C,0.0450,0.0450,0.0450,0.0450,0,0,0.0927000,0.0181000,0.0000000,2.9405000,-0.0207000,0.1650000
20240119,490,P,13.5250,13.5250,13.5250,13.5250,0,0,0.1525000,-0.8973000,0.0000000,11.8067000,-0.0645000,-8.4586000
20240119,255,C,221.6800,221.6800,221.6800,221.6800,0,0,,,,,,
20240119,383,C,93.8250,93.8250,93.8250,93.8250,0,0,0.5636101,0.9977992,0.0001859,0.0045628,-0.0654151,0.0731829
20240119,383,P,0.0150,0.0150,0.0150,0.0150,0,0,0.5187000,-0.0010000,0.0000000,0.2224000,-0.0081000,-0.0093000
20240119,447,C,29.9950,29.9950,29.9950,29.9950,0,0,0.2119000,0.9869000,0.0000000,2.2150000,-0.0975000,8.4434000
20240119,447,P,0.0650,0.0650,0.0650,0.0650,0,0,0.2099000,-0.0123000,0.0000000,2.1162000,-0.0308000,-0.1142000
20240119,340,C,136.7700,136.7700,136.7700,136.7700,0,0,0.7540598,0.9995027,0.0000355,0.0011668,-0.0481363,0.0651025
20240119,404,C,72.8600,72.8600,72.8600,72.8600,0,0,0.4612972,0.9957075,0.0004146,0.0083267,-0.0769444,0.0770124
20240119,404,P,0.0250,0.0250,0.0250,0.0250,0,0,0.4296000,-0.0024000,0.0000000,0.4943000,-0.0150000,-0.0223000
20240119,468,C,9.2500,9.2500,9.2500,9.2500,0,0,0.1044000,0.9061000,0.0000000,11.0570000,-0.1439000,8.1023000
20240119,468,P,0.3450,0.3450,0.3450,0.3450,0,0,0.1076000,-0.1004000,0.0000000,11.6220000,-0.0823000,-0.9248000
20240119,660,P,183.5000,183.5000,183.5000,183.5000,0,0,1.1398000,-0.9760000,0.0000000,3.7158000,-0.2081000,-12.4383000
20240119,361,C,115.7950,115.7950,115.7950,115.7950,0,0,0.6656178,0.9989161,0.0000825,0.0023922,-0.0557765,0.0690715
20240119,425,C,51.8400,51.8400,51.8400,51.8400,0,0,0.2623361,0.9992850,0.0001429,0.0016317,-0.0553673,0.0813706
20240119,425,P,0.0350,0.0350,0.0350,0.0350,0,0,0.3203000,-0.0043000,0.0000000,0.8457000,-0.0190000,-0.0404000
20240119,489,C,0.0550,0.0550,0.0550,0.0550,0,0,0.0898000,0.0228000,0.0000000,3.5751000,-0.0245000,0.2077000
20240119,489,P,12.5250,12.5250,12.5250,12.5250,0,0,0.1441000,-0.8923000,0.0000000,12.2151000,-0.0621000,-8.3943000
20240119,595,P,118.5050,118.5050,118.5050,118.5050,0,0,0.8169000,-0.9711000,0.0000000,4.3463000,-0.1690000,-11.1467000
20240119,190,C,286.6100,286.6100,286.6100,286.6100,0,0,,,,,,
20240119,382,C,94.8250,94.8250,94.8250,94.8250,0,0,0.5716399,0.9977582,0.0001864,0.0046397,-0.0658650,0.0729873
20240119,382,P,0.0150,0.0150,0.0150,0.0150,0,0,0.5250000,-0.0010000,0.0000000,0.2224000,-0.0082000,-0.0093000
20240119,446,C,30.9500,30.9500,30.9500,30.9500,0,0,0.1953000,0.9936000,0.0000000,1.1726000,-0.0807000,8.4865000
20240119,446,P,0.0650,0.0650,0.0650,0.0650,0,0,0.2158000,-0.0119000,0.0000000,2.0469000,-0.0307000,-0.1099000
20240119,510,P,33.5150,33.5150,33.5150,33.5150,0,0,0.3049000,-0.9412000,0.0000000,7.7333000,-0.0983000,-9.2434000
20240119,275,C,201.7000,201.7000,201.7000,201.7000,0,0,,,,,,
20240119,403,C,73.8550,73.8550,73.8550,73.8550,0,0,0.4622866,0.9961089,0.0003789,0.0076263,-0.0745913,0.0768583
20240119,403,P,0.0150,0.0150,0.0150,0.0150,0,0,0.4062000,-0.0012000,0.0000000,0.2729000,-0.0078000,-0.0116000
20240119,467,C,10.1950,10.1950,10.1950,10.1950,0,0,0.1071000,0.9234000,0.0000000,9.4879000,-0.1351000,8.2427000
20240119,467,P,0.2950,0.2950,0.2950,0.2950,0,0,0.1118000,-0.0853000,0.0000000,10.2992000,-0.0763000,-0.7854000
20240119,360,C,116.7950,116.7950,116.7950,116.7950,0,0,0.6753165,0.9988678,0.0000847,0.0024896,-0.0562859,0.0688753
20240119,424,C,52.8950,52.8950,52.8950,52.8950,0,0,0.3531980,0.9923963,0.0008994,0.0138311,-0.0866686,0.0805388
20240119,424,P,0.0350,0.0350,0.0350,0.0350,0,0,0.3281000,-0.0044000,0.0000000,0.8670000,-0.0200000,-0.0416000
20240119,488,C,0.0650,0.0650,0.0650,0.0650,0,0,0.0859000,0.0275000,0.0000000,4.1865000,-0.0276000,0.2508000
20240119,488,P,11.5400,11.5400,11.5400,11.5400,0,0,0.1370000,-0.8842000,0.0000000,12.8690000,-0.0630000,-8.3011000
20240119,680,P,203.4900,203.4900,203.4900,203.4900,0,0,1.2287000,-0.9772000,0.0000000,3.5676000,-0.2157000,-12.8320000
20240119,381,C,95.8250,95.8250,95.8250,95.8250,0,0,0.5796697,0.9977185,0.0001868,0.0047142,-0.0663140,0.0727919
20240119,381,P,0.0150,0.0150,0.0150,0.0150,0,0,0.5312000,-0.0010000,0.0000000,0.2223000,-0.0083000,-0.0093000
20240119,445,C,32.0050,32.0050,32.0050,32.0050,0,0,0.2304000,0.9856000,0.0000000,2.3990000,-0.1031000,8.3933000
20240119,445,P,0.0550,0.0550,0.0550,0.0550,0,0,0.2167000,-0.0100000,0.0000000,1.7647000,-0.0266000,-0.0926000
20240119,615,P,138.5050,138.5050,138.5050,138.5050,0,0,0.9209000,-0.9731000,0.0000000,4.0937000,-0.1817000,-11.5486000
20240119,210,C,266.6300,266.6300,266.6300,266.6300,0,0,,,,,,
20240119,402,C,74.8550,74.8550,74.8550,74.8550,0,0,0.4695797,0.9960842,0.0003751,0.0076696,-0.0750089,0.0766642
20240119,402,P,0.0150,0.0150,0.0150,0.0150,0,0,0.4140000,-0.0013000,0.0000000,0.2835000,-0.0082000,-0.0121000
20240119,466,C,11.1450,11.1450,11.1450,11.1450,0,0,0.1096000,0.9380000,0.0000000,8.0627000,-0.1265000,8.3577000
20240119,466,P,0.2450,0.2450,0.2450,0.2450,0,0,0.1148000,-0.0709000,0.0000000,8.9519000,-0.0684000,-0.6529000
20240119,530,P,53.5150,53.5150,53.5150,53.5150,0,0,0.4399000,-0.9554000,0.0000000,6.2014000,-0.1208000,-9.7571000
20240119,295,C,181.7200,181.7200,181.7200,181.7200,0,0,,,,,,
20240119,359,C,117.7950,117.7950,117.7950,117.7950,0,0,0.6849151,0.9988212,0.0000866,0.0025834,-0.0567896,0.0686793
20240119,423,C,53.8950,53.8950,53.8950,53.8950,0,0,0.3601096,0.9924320,0.0008785,0.0137739,-0.0870830,0.0803502
20240119,423,P,0.0350,0.0350,0.0350,0.0350,0,0,0.3320000,-0.0042000,0.0000000,0.8202000,-0.0191000,-0.0391000
20240119,487,C,0.0950,0.0950,0.0950,0.0950,0,0,0.0854000,0.0396000,0.0000000,5.6404000,-0.0371000,0.3601000
20240119,487,P,10.5400,10.5400,10.5400,10.5400,0,0,0.1281000,-0.8780000,0.0000000,13.3506000,-0.0598000,-8.2254000
20240119,380,C,96.8250,96.8250,96.8250,96.8250,0,0,0.5876994,0.9976799,0.0001871,0.0047863,-0.0667616,0.0725966
20240119,380,P,0.0150,0.0150,0.0150,0.0150,0,0,0.5375000,-0.0010000,0.0000000,0.2221000,-0.0084000,-0.0093000
20240119,444,C,32.9450,32.9450,32.9450,32.9450,0,0,0.1992000,0.9954000,0.0000000,0.8754000,-0.0766000,8.4645000
20240119,444,P,0.0550,0.0550,0.0550,0.0550,0,0,0.2236000,-0.0099000,0.0000000,1.7544000,-0.0273000,-0.0920000
20240119,508,P,31.5200,31.5200,31.5200,31.5200,0,0,0.2917000,-0.9382000,0.0000000,8.0352000,-0.0978000,-9.1783000
20240119,700,P,223.4900,223.4900,223.4900,223.4900,0,0,1.3168000,-0.9779000,0.0000000,3.4739000,-0.2264000,-13.2221000
20240119,401,C,75.8550,75.8550,75.8550,75.8550,0,0,0.4768871,0.9960606,0.0003714,0.0077111,-0.0754260,0.0764703
20240119,401,P,0.0150,0.0150,0.0150,0.0150,0,0,0.4218000,-0.0013000,0.0000000,0.2939000,-0.0087000,-0.0126000
20240119,465,C,12.1100,12.1100,12.1100,12.1100,0,0,0.1135000,0.9476000,0.0000000,7.0576000,-0.1211000,8.4272000
20240119,465,P,0.2050,0.2050,0.2050,0.2050,0,0,0.1181000,-0.0594000,0.0000000,7.8025000,-0.0617000,-0.5469000
20240119,635,P,158.5000,158.5000,158.5000,158.5000,0,0,1.0208000,-0.9746000,0.0000000,3.9042000,-0.1940000,-11.9456000
20240119,230,C,246.6550,246.6550,246.6550,246.6550,0,0,,,,,,
20240119,358,C,118.7900,118.7900,118.7900,118.7900,0,0,0.6729705,0.9991057,0.0000684,0.0020050,-0.0536828,0.0685144
20240119,422,C,54.8950,54.8950,54.8950,54.8950,0,0,0.3670355,0.9924670,0.0008584,0.0137178,-0.0874962,0.0801616
20240119,422,P,0.0350,0.0350,0.0350,0.0350,0,0,0.3398000,-0.0043000,0.0000000,0.8403000,-0.0200000,-0.0402000
20240119,486,C,0.1350,0.1350,0.1350,0.1350,0,0,0.0847000,0.0553000,0.0000000,7.3735000,-0.0484000,0.5029000
20240119,486,P,9.5350,9.5350,9.5350,9.5350,0,0,0.1184000,-0.8723000,0.0000000,13.7854000,-0.0547000,-8.1538000
20240119,550,P,73.5150,73.5150,73.5150,73.5150,0,0,0.5648000,-0.9626000,0.0000000,5.3747000,-0.1394000,-10.2064000
20240119,315,C,161.7400,161.7400,161.7400,161.7400,0,0,,,,,,
20240119,379,C,97.8200,97.8200,97.8200,97.8200,0,0,0.5846573,0.9979981,0.0001645,0.0041872,-0.0640514,0.0724349
20240119,379,P,0.0150,0.0150,0.0150,0.0150,0,0,0.5437000,-0.0009000,0.0000000,0.2219000,-0.0085000,-0.0093000
20240119,443,C,33.9450,33.9450,33.9450,33.9450,0,0,0.2050000,0.9955000,0.0000000,0.8626000,-0.0767000,8.4460000
20240119,443,P,0.0550,0.0550,0.0550,0.0550,0,0,0.2294000,-0.0096000,0.0000000,1.7046000,-0.0272000,-0.0891000
20240119,400,C,76.8550,76.8550,76.8550,76.8550,0,0,0.4842112,0.9960377,0.0003677,0.0077511,-0.0758432,0.0762764
20240119,400,P,0.0150,0.0150,0.0150,0.0150,0,0,0.4218000,-0.0011000,0.0000000,0.2583000,-0.0077000,-0.0109000
20240119,464,C,13.0800,13.0800,13.0800,13.0800,0,0,0.1166000,0.9565000,0.0000000,6.0790000,-0.1150000,8.4899000
20240119,464,P,0.1850,0.1850,0.1850,0.1850,0,0,0.1230000,-0.0521000,0.0000000,7.0341000,-0.0581000,-0.4797000
20240119,720,P,243.4850,243.4850,243.4850,243.4850,0,0,1.3996000,-0.9787000,0.0000000,3.3683000,-0.2334000,-13.6127000
20240119,357,C,119.7900,119.7900,119.7900,119.7900,0,0,0.6832795,0.9990554,0.0000709,0.0021084,-0.0542090,0.0683181
20240119,421,C,55.8950,55.8950,55.8950,55.8950,0,0,0.3739782,0.9925009,0.0008391,0.0136633,-0.0879097,0.0799730
20240119,421,P,0.0350,0.0350,0.0350,0.0350,0,0,0.3437000,-0.0040000,0.0000000,0.7960000,-0.0192000,-0.0378000
20240119,485,C,0.1950,0.1950,0.1950,0.1950,0,0,0.0842000,0.0766000,0.0000000,9.4949000,-0.0624000,0.6966000
20240119,485,P,8.5550,8.5550,8.5550,8.5550,0,0,0.1105000,-0.8609000,0.0000000,14.6217000,-0.0545000,-8.0307000
20240119,655,P,178.5000,178.5000,178.5000,178.5000,0,0,1.1166000,-0.9758000,0.0000000,3.7508000,-0.2055000,-12.3400000
20240119,250,C,226.6750,226.6750,226.6750,226.6750,0,0,,,,,,
20240119,378,C,98.8200,98.8200,98.8200,98.8200,0,0,0.5928730,0.9979560,0.0001653,0.0042670,-0.0645095,0.0722392
20240119,378,P,0.0150,0.0150,0.0150,0.0150,0,0,0.5500000,-0.0009000,0.0000000,0.2216000,-0.0086000,-0.0093000
20240119,442,C,34.9350,34.9350,34.9350,34.9350,0,0,0.1992000,0.9972000,0.0000000,0.5636000,-0.0720000,8.4424000
20240119,442,P,0.0550,0.0550,0.0550,0.0550,0,0,0.2363000,-0.0095000,0.0000000,1.6955000,-0.0279000,-0.0886000
20240119,506,P,29.5200,29.5200,29.5200,29.5200,0,0,0.2773000,-0.9357000,0.0000000,8.2931000,-0.0951000,-9.1166000
20240119,570,P,93.5050,93.5050,93.5050,93.5050,0,0,0.6796000,-0.9675000,0.0000000,4.7879000,-0.1517000,-10.6346000
20240119,335,C,141.7650,141.7650,141.7650,141.7650,0,0,0.7786069,0.9995642,0.0000305,0.0010325,-0.0469814,0.0641502
20240119,399,C,77.8550,77.8550,77.8550,77.8550,0,0,0.4915495,0.9960158,0.0003640,0.0077895,-0.0762597,0.0760826
20240119,399,P,0.0150,0.0150,0.0150,0.0150,0,0,0.4296000,-0.0012000,0.0000000,0.2680000,-0.0081000,-0.0114000
20240119,463,C,14.0600,14.0600,14.0600,14.0600,0,0,0.1206000,0.9629000,0.0000000,5.3386000,-0.1106000,8.5298000
20240119,463,P,0.1650,0.1650,0.1650,0.1650,0,0,0.1276000,-0.0456000,0.0000000,6.3305000,-0.0545000,-0.4204000
20240119,356,C,120.7900,120.7900,120.7900,120.7900,0,0,0.6934360,0.9990067,0.0000731,0.0022081,-0.0547295,0.0681218
20240119,420,C,56.9050,56.9050,56.9050,56.9050,0,0,0.2812000,0.9994000,0.0000000,0.1196000,-0.0634000,8.0418000
20240119,420,P,0.0350,0.0350,0.0350,0.0350,0,0,0.3515000,-0.0041000,0.0000000,0.8148000,-0.0201000,-0.0388000
20240119,484,C,0.2750,0.2750,0.2750,0.2750,0,0,0.0834000,0.1034000,0.0000000,11.8683000,-0.0779000,0.9399000
20240119,484,P,7.6000,7.6000,7.6000,7.6000,0,0,0.1043000,-0.8430000,0.0000000,15.8516000,-0.0586000,-7.8495000
20240119,185,C,291.6050,291.6050,291.6050,291.6050,0,0,,,,,,
20240119,377,C,99.8150,99.8150,99.8150,99.8150,0,0,0.5885625,0.9982734,0.0001428,0.0036603,-0.0617233,0.0720774
20240119,377,P,0.0150,0.0150,0.0150,0.0150,0,0,0.5500000,-0.0008000,0.0000000,0.1989000,-0.0077000,-0.0082000
20240119,441,C,35.9350,35.9350,35.9350,35.9350,0,0,0.2031000,0.9974000,0.0000000,0.5217000,-0.0714000,8.4254000
20240119,441,P,0.0550,0.0550,0.0550,0.0550,0,0,0.2421000,-0.0092000,0.0000000,1.6496000,-0.0278000,-0.0858000
20240119,505,C,0.0150,0.0150,0.0150,0.0150,0,0,0.1523000,0.0034000,0.0000000,0.6920000,-0.0077000,0.0317000
20240119,505,P,28.5200,28.5200,28.5200,28.5200,0,0,0.2700000,-0.9343000,0.0000000,8.4280000,-0.0936000,-9.0851000
20240119,675,P,198.4900,198.4900,198.4900,198.4900,0,0,1.2061000,-0.9770000,0.0000000,3.5937000,-0.2130000,-12.7343000
20240119,270,C,206.6950,206.6950,206.6950,206.6950,0,0,,,,,,
20240119,398,C,78.8500,78.8500,78.8500,78.8500,0,0,0.4922147,0.9963922,0.0003325,0.0071264,-0.0738649,0.0759262
20240119,398,P,0.0150,0.0150,0.0150,0.0150,0,0,0.4375000,-0.0012000,0.0000000,0.2776000,-0.0085000,-0.0118000
20240119,462,C,15.0400,15.0400,15.0400,15.0400,0,0,0.1240000,0.9688000,0.0000000,4.6377000,-0.1060000,8.5642000
20240119,462,P,0.1450,0.1450,0.1450,0.1450,0,0,0.1318000,-0.0397000,0.0000000,5.6522000,-0.0504000,-0.3655000
20240119,590,P,113.5050,113.5050,113.5050,113.5050,0,0,0.7900000,-0.9705000,0.0000000,4.4175000,-0.1655000,-11.0456000
20240119,355,C,121.7900,121.7900,121.7900,121.7900,0,0,0.7034684,0.9989594,0.0000752,0.0023044,-0.0552459,0.0679257
20240119,419,C,57.8850,57.8850,57.8850,57.8850,0,0,0.3800863,0.9935159,0.0007262,0.0120172,-0.0838510,0.0796841
20240119,419,P,0.0350,0.0350,0.0350,0.0350,0,0,0.3554000,-0.0039000,0.0000000,0.7729000,-0.0193000,-0.0366000
20240119,483,C,0.3950,0.3950,0.3950,0.3950,0,0,0.0836000,0.1396000,0.0000000,14.6638000,-0.0972000,1.2688000
20240119,483,P,6.6700,6.6700,6.6700,6.6700,0,0,0.0986000,-0.8199000,0.0000000,17.3175000,-0.0641000,-7.6203000
20240119,525,P,48.5150,48.5150,48.5150,48.5150,0,0,0.4074000,-0.9527000,0.0000000,6.4990000,-0.1160000,-9.6367000
20240119,376,C,100.8150,100.8150,100.8150,100.8150,0,0,0.5970119,0.9982279,0.0001442,0.0037479,-0.0621918,0.0718815
20240119,440,C,36.9200,36.9200,36.9200,36.9200,0,0,0.1875000,0.9990000,0.0000000,0.2032000,-0.0666000,8.4214000
20240119,440,P,0.0550,0.0550,0.0550,0.0550,0,0,0.2480000,-0.0090000,0.0000000,1.6063000,-0.0278000,-0.0833000
20240119,504,C,0.0150,0.0150,0.0150,0.0150,0,0,0.1464000,0.0033000,0.0000000,0.6717000,-0.0072000,0.0306000
20240119,504,P,27.5200,27.5200,27.5200,27.5200,0,0,0.2626000,-0.9329000,0.0000000,8.5734000,-0.0922000,-9.0525000
20240119,205,C,271.6250,271.6250,271.6250,271.6250,0,0,,,,,,
20240119,397,C,79.8450,79.8450,79.8450,79.8450,0,0,0.4922815,0.9967681,0.0003012,0.0064556,-0.0714089,0.0757697
20240119,397,P,0.0150,0.0150,0.0150,0.0150,0,0,0.4375000,-0.0011000,0.0000000,0.2447000,-0.0075000,-0.0103000
20240119,461,C,16.0250,16.0250,16.0250,16.0250,0,0,0.1264000,0.9745000,0.0000000,3.9204000,-0.1006000,8.5975000
20240119,461,P,0.1350,0.1350,0.1350,0.1350,0,0,0.1372000,-0.0359000,0.0000000,5.2076000,-0.0485000,-0.3306000
20240119,695,P,218.4900,218.4900,218.4900,218.4900,0,0,1.2953000,-0.9777000,0.0000000,3.4985000,-0.2241000,-13.1245000
20240119,290,C,186.7200,186.7200,186.7200,186.7200,0,0,,,,,,
20240119,418,C,58.8850,58.8850,58.8850,58.8850,0,0,0.3870552,0.9935304,0.0007117,0.0119933,-0.0842607,0.0794936
20240119,418,P,0.0350,0.0350,0.0350,0.0350,0,0,0.3632000,-0.0040000,0.0000000,0.7906000,-0.0202000,-0.0376000
20240119,482,C,0.5450,0.5450,0.5450,0.5450,0,0,0.0831000,0.1819000,0.0000000,17.4286000,-0.1160000,1.6518000
20240119,482,P,5.7850,5.7850,5.7850,5.7850,0,0,0.0941000,-0.7883000,0.0000000,19.1042000,-0.0729000,-7.3145000
20240119,610,P,133.5050,133.5050,133.5050,133.5050,0,0,0.8955000,-0.9726000,0.0000000,4.1519000,-0.1787000,-11.4485000
20240119,375,C,101.8150,101.8150,101.8150,101.8150,0,0,0.6054422,0.9981838,0.0001454,0.0038327,-0.0626583,0.0716857
20240119,439,C,37.9250,37.9250,37.9250,37.9250,0,0,0.1875000,0.9993000,0.0000000,0.1540000,-0.0658000,8.4044000
20240119,439,P,0.0450,0.0450,0.0450,0.0450,0,0,0.2480000,-0.0075000,0.0000000,1.3703000,-0.0237000,-0.0695000
20240119,545,P,68.5150,68.5150,68.5150,68.5150,0,0,0.5343000,-0.9612000,0.0000000,5.5435000,-0.1349000,-10.0973000
20240119,396,C,80.8450,80.8450,80.8450,80.8450,0,0,0.4997581,0.9967359,0.0002993,0.0065134,-0.0718347,0.0755750
20240119,396,P,0.0150,0.0150,0.0150,0.0150,0,0,0.4453000,-0.0011000,0.0000000,0.2536000,-0.0079000,-0.0107000
20240119,460,C,17.0150,17.0150,17.0150,17.0150,0,0,0.1308000,0.9775000,0.0000000,3.5168000,-0.0981000,8.6068000
20240119,460,P,0.1250,0.1250,0.1250,0.1250,0,0,0.1423000,-0.0324000,0.0000000,4.7885000,-0.0464000,-0.2986000
20240119,524,P,47.5150,47.5150,47.5150,47.5150,0,0,0.4008000,-0.9522000,0.0000000,6.5636000,-0.1150000,-9.6122000
20240119,225,C,251.6450,251.6450,251.6450,251.6450,0,0,,,,,,
20240119,417,C,59.8850,59.8850,59.8850,59.8850,0,0,0.3940395,0.9935449,0.0006977,0.0119696,-0.0846697,0.0793032
20240119,417,P,0.0250,0.0250,0.0250,0.0250,0,0,0.3535000,-0.0028000,0.0000000,0.5702000,-0.0142000,-0.0261000
20240119,481,C,0.7650,0.7650,0.7650,0.7650,0,0,0.0839000,0.2356000,0.0000000,20.3100000,-0.1380000,2.1391000
20240119,481,P,4.9550,4.9550,4.9550,4.9550,0,0,0.0911000,-0.7461000,0.0000000,21.1386000,-0.0852000,-6.9129000
20240119,310,C,166.7400,166.7400,166.7400,166.7400,0,0,0.8846343,0.9998261,0.0000114,0.0004387,-0.0409475,0.0593844
20240119,374,C,102.8150,102.8150,102.8150,102.8150,0,0,0.6138582,0.9981409,0.0001465,0.0039149,-0.0631234,0.0714900
20240119,438,C,38.9250,38.9250,38.9250,38.9250,0,0,0.2031000,0.9988000,0.0000000,0.2567000,-0.0672000,8.3806000
20240119,438,P,0.0450,0.0450,0.0450,0.0450,0,0,0.2539000,-0.0073000,0.0000000,1.3388000,-0.0237000,-0.0677000
20240119,502,C,0.0150,0.0150,0.0150,0.0150,0,0,0.1367000,0.0035000,0.0000000,0.6997000,-0.0070000,0.0321000
20240119,502,P,25.5200,25.5200,25.5200,25.5200,0,0,0.2478000,-0.9297000,0.0000000,8.8810000,-0.0890000,-8.9855000
20240119,630,P,153.5000,153.5000,153.5000,153.5000,0,0,0.9962000,-0.9742000,0.0000000,3.9470000,-0.1910000,-11.8467000
20240119,395,C,81.8450,81.8450,81.8450,81.8450,0,0,0.5072491,0.9967047,0.0002975,0.0065693,-0.0722607,0.0753804
20240119,395,P,0.0150,0.0150,0.0150,0.0150,0,0,0.4531000,-0.0011000,0.0000000,0.2623000,-0.0084000,-0.0111000
20240119,459,C,18.0050,18.0050,18.0050,18.0050,0,0,0.1347000,0.9805000,0.0000000,3.1189000,-0.0953000,8.6149000
20240119,459,P,0.1150,0.1150,0.1150,0.1150,0,0,0.1469000,-0.0290000,0.0000000,4.3667000,-0.0438000,-0.2672000
20240119,565,P,88.5150,88.5150,88.5150,88.5150,0,0,0.6531000,-0.9662000,0.0000000,4.9541000,-0.1512000,-10.5264000
20240119,416,C,60.8850,60.8850,60.8850,60.8850,0,0,0.4010417,0.9935591,0.0006842,0.0119463,-0.0850793,0.0791127
20240119,416,P,0.0250,0.0250,0.0250,0.0250,0,0,0.3593000,-0.0027000,0.0000000,0.5640000,-0.0142000,-0.0258000
20240119,480,C,1.0350,1.0350,1.0350,1.0350,0,0,0.0843000,0.2949000,0.0000000,22.7662000,-0.1574000,2.6757000
20240119,480,P,4.2000,4.2000,4.2000,4.2000,0,0,0.0899000,-0.6930000,0.0000000,23.1783000,-0.1002000,-6.4133000
20240119,245,C,231.6700,231.6700,231.6700,231.6700,0,0,,,,,,
20240119,373,C,103.8150,103.8150,103.8150,103.8150,0,0,0.6222599,0.9980993,0.0001474,0.0039945,-0.0635864,0.0712944
20240119,437,C,39.9250,39.9250,39.9250,39.9250,0,0,0.2109000,0.9986000,0.0000000,0.2840000,-0.0676000,8.3602000
20240119,437,P,0.0450,0.0450,0.0450,0.0450,0,0,0.2597000,-0.0071000,0.0000000,1.3088000,-0.0237000,-0.0660000
20240119,330,C,146.7600,146.7600,146.7600,146.7600,0,0,0.8024674,0.9996222,0.0000259,0.0009043,-0.0458101,0.0631975
20240119,394,C,82.8450,82.8450,82.8450,82.8450,0,0,0.5147496,0.9966748,0.0002955,0.0066230,-0.0726850,0.0751859
20240119,394,P,0.0150,0.0150,0.0150,0.0150,0,0,0.4609000,-0.0012000,0.0000000,0.2710000,-0.0088000,-0.0115000
20240119,458,C,18.9950,18.9950,18.9950,18.9950,0,0,0.1376000,0.9836000,0.0000000,2.6876000,-0.0918000,8.6243000
20240119,458,P,0.1050,0.1050,0.1050,0.1050,0,0,0.1518000,-0.0262000,0.0000000,4.0178000,-0.0417000,-0.2418000
20240119,522,P,45.5150,45.5150,45.5150,45.5150,0,0,0.3874000,-0.9510000,0.0000000,6.6914000,-0.1126000,-9.5632000
20240119,650,P,173.5000,173.5000,173.5000,173.5000,0,0,1.0929000,-0.9755000,0.0000000,3.7852000,-0.2026000,-12.2417000
20240119,415,C,61.8700,61.8700,61.8700,61.8700,0,0,0.3940836,0.9949744,0.0005586,0.0095847,-0.0777995,0.0790531
20240119,415,P,0.0350,0.0350,0.0350,0.0350,0,0,0.3808000,-0.0038000,0.0000000,0.7562000,-0.0203000,-0.0358000
20240119,479,C,1.3750,1.3750,1.3750,1.3750,0,0,0.0850000,0.3604000,0.0000000,24.6974000,-0.1748000,3.2678000
20240119,479,P,3.5200,3.5200,3.5200,3.5200,0,0,0.0894000,-0.6326000,0.0000000,24.8537000,-0.1144000,-5.8489000
20240119,585,P,108.5050,108.5050,108.5050,108.5050,0,0,0.7630000,-0.9699000,0.0000000,4.5016000,-0.1623000,-10.9436000
20240119,180,C,296.6000,296.6000,296.6000,296.6000,0,0,,,,,,
20240119,372,C,104.8100,104.8100,104.8100,104.8100,0,0,0.6172580,0.9984026,0.0001269,0.0034099,-0.0607615,0.0711313
20240119,436,C,40.9250,40.9250,40.9250,40.9250,0,0,0.2187000,0.9985000,0.0000000,0.3115000,-0.0681000,8.3397000
20240119,436,P,0.0450,0.0450,0.0450,0.0450,0,0,0.2656000,-0.0069000,0.0000000,1.2800000,-0.0237000,-0.0644000
20240119,500,C,0.0150,0.0150,0.0150,0.0150,0,0,0.1269000,0.0037000,0.0000000,0.7352000,-0.0069000,0.0339000
20240119,500,P,23.5200,23.5200,23.5200,23.5200,0,0,0.2326000,-0.9262000,0.0000000,9.2226000,-0.0856000,-8.9148000
20240119,265,C,211.6900,211.6900,211.6900,211.6900,0,0,,,,,,
20240119,393,C,83.8450,83.8450,83.8450,83.8450,0,0,0.5222644,0.9966458,0.0002935,0.0066749,-0.0731092,0.0749914
20240119,393,P,0.0150,0.0150,0.0150,0.0150,0,0,0.4609000,-0.0010000,0.0000000,0.2400000,-0.0078000,-0.0101000
20240119,457,C,19.9950,19.9950,19.9950,19.9950,0,0,0.1445000,0.9840000,0.0000000,2.6358000,-0.0925000,8.6085000
20240119,457,P,0.1050,0.1050,0.1050,0.1050,0,0,0.1586000,-0.0252000,0.0000000,3.8880000,-0.0423000,-0.2326000
20240119,350,C,126.7800,126.7800,126.7800,126.7800,0,0,0.7035543,0.9993671,0.0000476,0.0014583,-0.0504036,0.0670060
20240119,414,C,62.8750,62.8750,62.8750,62.8750,0,0,0.4061187,0.9944940,0.0005879,0.0103954,-0.0808233,0.0788165
20240119,414,P,0.0250,0.0250,0.0250,0.0250,0,0,0.3710000,-0.0027000,0.0000000,0.5519000,-0.0144000,-0.0252000
20240119,478,C,1.7850,1.7850,1.7850,1.7850,0,0,0.0858000,0.4293000,0.0000000,25.9100000,-0.1884000,3.8892000
20240119,478,P,2.9100,2.9100,2.9100,2.9100,0,0,0.0892000,-0.5678000,0.0000000,25.9423000,-0.1255000,-5.2445000
20240119,670,P,193.4900,193.4900,193.4900,193.4900,0,0,1.1835000,-0.9767000,0.0000000,3.6237000,-0.2105000,-12.6364000
20240119,371,C,105.8100,105.8100,105.8100,105.8100,0,0,0.6259219,0.9983578,0.0001283,0.0034970,-0.0612359,0.0709354
20240119,435,C,41.9150,41.9150,41.9150,41.9150,0,0,0.2903414,0.9894521,0.0014574,0.0184236,-0.0911637,0.0823755
20240119,435,P,0.0450,0.0450,0.0450,0.0450,0,0,0.2714000,-0.0067000,0.0000000,1.2526000,-0.0238000,-0.0628000
20240119,499,C,0.0150,0.0150,0.0150,0.0150,0,0,0.1230000,0.0041000,0.0000000,0.8006000,-0.0073000,0.0373000
20240119,499,P,22.5200,22.5200,22.5200,22.5200,0,0,0.2249000,-0.9243000,0.0000000,9.4061000,-0.0838000,-8.8780000
20240119,605,P,128.5050,128.5050,128.5050,128.5050,0,0,0.8697000,-0.9722000,0.0000000,4.2140000,-0.1757000,-11.3481000
20240119,200,C,276.6200,276.6200,276.6200,276.6200,0,0,,,,,,
20240119,392,C,84.8400,84.8400,84.8400,84.8400,0,0,0.5219545,0.9970001,0.0002656,0.0060368,-0.0706136,0.0748330
20240119,392,P,0.0150,0.0150,0.0150,0.0150,0,0,0.4687000,-0.0011000,0.0000000,0.2481000,-0.0082000,-0.0104000
20240119,456,C,20.9850,20.9850,20.9850,20.9850,0,0,0.1474000,0.9864000,0.0000000,2.2876000,-0.0894000,8.6116000
20240119,456,P,0.0950,0.0950,0.0950,0.0950,0,0,0.1625000,-0.0223000,0.0000000,3.5155000,-0.0392000,-0.2063000
20240119,520,P,43.5150,43.5150,43.5150,43.5150,0,0,0.3740000,-0.9497000,0.0000000,6.8342000,-0.1104000,-9.5128000
20240119,285,C,191.7100,191.7100,191.7100,191.7100,0,0,,,,,,
20240119,413,C,63.8750,63.8750,63.8750,63.8750,0,0,0.4131638,0.9944922,0.0005781,0.0103985,-0.0812321,0.0786245
20240119,413,P,0.0250,0.0250,0.0250,0.0250,0,0,0.3750000,-0.0025000,0.0000000,0.5246000,-0.0138000,-0.0238000
20240119,477,C,2.2750,2.2750,2.2750,2.2750,0,0,0.0870000,0.4993000,0.0000000,26.3237000,-0.1979000,4.5191000
20240119,477,P,2.3900,2.3900,2.3900,2.3900,0,0,0.0899000,-0.5005000,0.0000000,26.3237000,-0.1341000,-4.6193000
20240119,370,C,106.8050,106.8050,106.8050,106.8050,0,0,0.6190985,0.9986621,0.0001076,0.0029006,-0.0583234,0.0707724
20240119,434,C,42.9150,42.9150,42.9150,42.9150,0,0,0.2971737,0.9895587,0.0014114,0.0182612,-0.0916010,0.0821934
20240119,434,P,0.0450,0.0450,0.0450,0.0450,0,0,0.2773000,-0.0066000,0.0000000,1.2263000,-0.0238000,-0.0613000
20240119,498,C,0.0150,0.0150,0.0150,0.0150,0,0,0.1171000,0.0039000,0.0000000,0.7809000,-0.0068000,0.0363000
20240119,498,P,21.5200,21.5200,21.5200,21.5200,0,0,0.2172000,-0.9221000,0.0000000,9.6069000,-0.0820000,-8.8393000
20240119,690,P,213.4900,213.4900,213.4900,213.4900,0,0,1.2731000,-0.9775000,0.0000000,3.5181000,-0.2211000,-13.0272000
20240119,391,C,85.8400,85.8400,85.8400,85.8400,0,0,0.5295622,0.9969670,0.0002644,0.0060968,-0.0710432,0.0746382
20240119,391,P,0.0150,0.0150,0.0150,0.0150,0,0,0.4765000,-0.0011000,0.0000000,0.2560000,-0.0086000,-0.0108000
20240119,455,C,21.9850,21.9850,21.9850,21.9850,0,0,0.1542000,0.9866000,0.0000000,2.2588000,-0.0900000,8.5943000
20240119,455,P,0.0850,0.0850,0.0850,0.0850,0,0,0.1660000,-0.0196000,0.0000000,3.1457000,-0.0359000,-0.1809000
20240119,625,P,148.5000,148.5000,148.5000,148.5000,0,0,0.9713000,-0.9739000,0.0000000,3.9918000,-0.1878000,-11.7476000
20240119,220,C,256.6450,256.6450,256.6450,256.6450,0,0,,,,,,
20240119,412,C,64.8750,64.8750,64.8750,64.8750,0,0,0.4202257,0.9944907,0.0005685,0.0104010,-0.0816408,0.0784326
20240119,412,P,0.0250,0.0250,0.0250,0.0250,0,0,0.3828000,-0.0026000,0.0000000,0.5400000,-0.0145000,-0.0246000
20240119,476,C,2.8400,2.8400,2.8400,2.8400,0,0,0.0886000,0.5672000,0.0000000,25.9487000,-0.2032000,5.1290000
20240119,476,P,1.9450,1.9450,1.9450,1.9450,0,0,0.0907000,-0.4341000,0.0000000,25.9643000,-0.1379000,-4.0043000
20240119,540,P,63.5150,63.5150,63.5150,63.5150,0,0,0.5035000,-0.9595000,0.0000000,5.7375000,-0.1305000,-9.9861000
20240119,305,C,171.7300,171.7300,171.7300,171.7300,0,0,,,,,,
20240119,369,C,107.8050,107.8050,107.8050,107.8050,0,0,0.6281297,0.9986137,0.0001096,0.0029962,-0.0588132,0.0705762
20240119,433,C,43.9150,43.9150,43.9150,43.9150,0,0,0.3040192,0.9896610,0.0013678,0.0181051,-0.0920377,0.0820110
20240119,433,P,0.0450,0.0450,0.0450,0.0450,0,0,0.2832000,-0.0064000,0.0000000,1.2010000,-0.0238000,-0.0599000
20240119,497,C,0.0150,0.0150,0.0150,0.0150,0,0,0.1132000,0.0044000,0.0000000,0.8589000,-0.0072000,0.0404000
20240119,497,P,20.5350,20.5350,20.5350,20.5350,0,0,0.2104000,-0.9189000,0.0000000,9.9078000,-0.0822000,-8.7907000
20240119,390,C,86.8350,86.8350,86.8350,86.8350,0,0,0.5285657,0.9973171,0.0002372,0.0054583,-0.0684871,0.0744794
20240119,390,P,0.0150,0.0150,0.0150,0.0150,0,0,0.4765000,-0.0010000,0.0000000,0.2273000,-0.0076000,-0.0095000
20240119,454,C,22.9750,22.9750,22.9750,22.9750,0,0,0.1552000,0.9894000,0.0000000,1.8491000,-0.0857000,8.6004000
20240119,454,P,0.0850,0.0850,0.0850,0.0850,0,0,0.1728000,-0.0191000,0.0000000,3.0729000,-0.0366000,-0.1761000
20240119,518,P,41.5150,41.5150,41.5150,41.5150,0,0,0.3605000,-0.9482000,0.0000000,6.9938000,-0.1083000,-9.4610000
20240119,710,P,233.4850,233.4850,233.4850,233.4850,0,0,1.3572000,-0.9784000,0.0000000,3.4035000,-0.2281000,-13.4185000
20240119,411,C,65.8750,65.8750,65.8750,65.8750,0,0,0.4273066,0.9944893,0.0005592,0.0104033,-0.0820504,0.0782407
20240119,411,P,0.0250,0.0250,0.0250,0.0250,0,0,0.3867000,-0.0025000,0.0000000,0.5138000,-0.0140000,-0.0233000
20240119,475,C,3.4700,3.4700,3.4700,3.4700,0,0,0.0900000,0.6313000,0.0000000,24.8828000,-0.2033000,5.7029000
20240119,475,P,1.5650,1.5650,1.5650,1.5650,0,0,0.0917000,-0.3708000,0.0000000,24.9326000,-0.1375000,-3.4189000
20240119,645,P,168.5000,168.5000,168.5000,168.5000,0,0,1.0689000,-0.9752000,0.0000000,3.8192000,-0.1994000,-12.1434000
20240119,240,C,236.6650,236.6650,236.6650,236.6650,0,0,,,,,,
20240119,368,C,108.8050,108.8050,108.8050,108.8050,0,0,0.6371083,0.9985668,0.0001113,0.0030886,-0.0593000,0.0703801
20240119,432,C,44.9150,44.9150,44.9150,44.9150,0,0,0.1250000,0.9999000,0.0000000,0.0000000,-0.0627000,8.2764000
20240119,432,P,0.0450,0.0450,0.0450,0.0450,0,0,0.2890000,-0.0063000,0.0000000,1.1768000,-0.0238000,-0.0586000
20240119,496,C,0.0150,0.0150,0.0150,0.0150,0,0,0.1074000,0.0043000,0.0000000,0.8408000,-0.0067000,0.0394000
20240119,496,P,19.5200,19.5200,19.5200,19.5200,0,0,0.2016000,-0.9174000,0.0000000,10.0461000,-0.0782000,-8.7576000
20240119,560,P,83.5150,83.5150,83.5150,83.5150,0,0,0.6238000,-0.9652000,0.0000000,5.0719000,-0.1469000,-10.4215000
20240119,325,C,151.7500,151.7500,151.7500,151.7500,0,0,,,,,,
20240119,389,C,87.8350,87.8350,87.8350,87.8350,0,0,0.5362879,0.9972800,0.0002367,0.0055264,-0.0689238,0.0742842
20240119,389,P,0.0150,0.0150,0.0150,0.0150,0,0,0.4843000,-0.0010000,0.0000000,0.2347000,-0.0080000,-0.0098000
20240119,453,C,23.9750,23.9750,23.9750,23.9750,0,0,0.1621000,0.9894000,0.0000000,1.8408000,-0.0864000,8.5817000
20240119,453,P,0.0850,0.0850,0.0850,0.0850,0,0,0.1796000,-0.0186000,0.0000000,3.0054000,-0.0372000,-0.1716000
20240119,410,C,66.8700,66.8700,66.8700,66.8700,0,0,0.4294189,0.9949264,0.0005170,0.0096661,-0.0798491,0.0780898
20240119,410,P,0.0250,0.0250,0.0250,0.0250,0,0,0.3945000,-0.0025000,0.0000000,0.5283000,-0.0147000,-0.0240000
20240119,474,C,4.1600,4.1600,4.1600,4.1600,0,0,0.0914000,0.6903000,0.0000000,23.2663000,-0.1992000,6.2287000
20240119,474,P,1.2550,1.2550,1.2550,1.2550,0,0,0.0932000,-0.3128000,0.0000000,23.3718000,-0.1338000,-2.8829000
20240119,367,C,109.8050,109.8050,109.8050,109.8050,0,0,0.6460441,0.9985213,0.0001130,0.0031781,-0.0597843,0.0701842
20240119,431,C,45.9150,45.9150,45.9150,45.9150,0,0,0.2187000,0.9996000,0.0000000,0.0932000,-0.0640000,8.2537000
20240119,431,P,0.0450,0.0450,0.0450,0.0450,0,0,0.2949000,-0.0061000,0.0000000,1.1535000,-0.0238000,-0.0573000
20240119,495,C,0.0150,0.0150,0.0150,0.0150,0,0,0.1035000,0.0048000,0.0000000,0.9360000,-0.0072000,0.0445000
20240119,495,P,18.5200,18.5200,18.5200,18.5200,0,0,0.1936000,-0.9149000,0.0000000,10.2756000,-0.0759000,-8.7154000
20240119,665,P,188.4950,188.4950,188.4950,188.4950,0,0,1.1603000,-0.9765000,0.0000000,3.6488000,-0.2073000,-12.5387000
20240119,260,C,216.6850,216.6850,216.6850,216.6850,0,0,,,,,,
20240119,388,C,88.8350,88.8350,88.8350,88.8350,0,0,0.5440173,0.9972441,0.0002361,0.0055923,-0.0693594,0.0740891
20240119,388,P,0.0150,0.0150,0.0150,0.0150,0,0,0.4921000,-0.0010000,0.0000000,0.2419000,-0.0084000,-0.0102000
20240119,452,C,24.9650,24.9650,24.9650,24.9650,0,0,0.1630000,0.9915000,0.0000000,1.5106000,-0.0826000,8.5822000
20240119,452,P,0.0750,0.0750,0.0750,0.0750,0,0,0.1826000,-0.0162000,0.0000000,2.6796000,-0.0338000,-0.1500000
20240119,516,P,39.5150,39.5150,39.5150,39.5150,0,0,0.3469000,-0.9467000,0.0000000,7.1593000,-0.1060000,-9.4085000
20240119,580,P,103.5050,103.5050,103.5050,103.5050,0,0,0.7355000,-0.9692000,0.0000000,4.5869000,-0.1587000,-10.8413000
20240119,345,C,131.7750,131.7750,131.7750,131.7750,0,0,0.7290073,0.9994371,0.0000412,0.0013085,-0.0492773,0.0660545
20240119,409,C,67.8650,67.8650,67.8650,67.8650,0,0,0.4311617,0.9953594,0.0004756,0.0089272,-0.0775967,0.0779386
20240119,409,P,0.0250,0.0250,0.0250,0.0250,0,0,0.3984000,-0.0024000,0.0000000,0.5031000,-0.0141000,-0.0227000
20240119,473,C,4.9150,4.9150,4.9150,4.9150,0,0,0.0931000,0.7428000,0.0000000,21.2820000,-0.1923000,6.6936000
20240119,473,P,1.0050,1.0050,1.0050,1.0050,0,0,0.0950000,-0.2614000,0.0000000,21.4631000,-0.1275000,-2.4080000
20240119,366,C,110.8050,110.8050,110.8050,110.8050,0,0,0.6549369,0.9984771,0.0001145,0.0032647,-0.0602650,0.0699884
20240119,430,C,46.9100,46.9100,46.9100,46.9100,0,0,0.2343000,0.9993000,0.0000000,0.1527000,-0.0650000,8.2320000
20240119,430,P,0.0450,0.0450,0.0450,0.0450,0,0,0.3007000,-0.0060000,0.0000000,1.1310000,-0.0238000,-0.0560000
20240119,494,C,0.0150,0.0150,0.0150,0.0150,0,0,0.0976000,0.0048000,0.0000000,0.9208000,-0.0067000,0.0437000
20240119,494,P,17.5350,17.5350,17.5350,17.5350,0,0,0.1865000,-0.9109000,0.0000000,10.6340000,-0.0759000,-8.6599000
20240119,195,C,281.6150,281.6150,281.6150,281.6150,0,0,,,,,,
20240119,387,C,89.8350,89.8350,89.8350,89.8350,0,0,0.5517562,0.9972092,0.0002354,0.0056561,-0.0697947,0.0738942
20240119,387,P,0.0150,0.0150,0.0150,0.0150,0,0,0.5000000,-0.0011000,0.0000000,0.2491000,-0.0088000,-0.0105000
20240119,451,C,25.9650,25.9650,25.9650,25.9650,0,0,0.1699000,0.9915000,0.0000000,1.5147000,-0.0833000,8.5628000
20240119,451,P,0.0750,0.0750,0.0750,0.0750,0,0,0.1884000,-0.0155000,0.0000000,2.5714000,-0.0335000,-0.1430000
20240119,515,P,38.5150,38.5150,38.5150,38.5150,0,0,0.3398000,-0.9459000,0.0000000,7.2358000,-0.1044000,-9.3827000
20240119,685,P,208.4900,208.4900,208.4900,208.4900,0,0,1.2512000,-0.9773000,0.0000000,3.5453000,-0.2187000,-12.9295000
20240119,280,C,196.7050,196.7050,196.7050,196.7050,0,0,,,,,,
20240119,408,C,68.8600,68.8600,68.8600,68.8600,0,0,0.4324682,0.9957896,0.0004347,0.0081841,-0.0752871,0.0777870
20240119,408,P,0.0250,0.0250,0.0250,0.0250,0,0,0.4062000,-0.0025000,0.0000000,0.5168000,-0.0148000,-0.0234000
20240119,472,C,5.7150,5.7150,5.7150,5.7150,0,0,0.0950000,0.7880000,0.0000000,19.1199000,-0.1836000,7.0915000
20240119,472,P,0.8050,0.8050,0.8050,0.8050,0,0,0.0971000,-0.2168000,0.0000000,19.3757000,-0.1193000,-1.9968000
20240119,600,P,123.5050,123.5050,123.5050,123.5050,0,0,0.8433000,-0.9717000,0.0000000,4.2748000,-0.1721000,-11.2478000
20240119,365,C,111.8000,111.8000,111.8000,111.8000,0,0,0.6471885,0.9987691,0.0000954,0.0026877,-0.0573115,0.0698242
20240119,429,C,47.9050,47.9050,47.9050,47.9050,0,0,0.3255432,0.9910957,0.0011210,0.0158889,-0.0892602,0.0813769
20240119,429,P,0.0350,0.0350,0.0350,0.0350,0,0,0.2968000,-0.0046000,0.0000000,0.9009000,-0.0187000,-0.0434000
20240119,493,C,0.0250,0.0250,0.0250,0.0250,0,0,0.1005000,0.0089000,0.0000000,1.5938000,-0.0120000,0.0812000
20240119,493,P,16.5200,16.5200,16.5200,16.5200,0,0,0.1774000,-0.9088000,0.0000000,10.8155000,-0.0717000,-8.6217000
20240119,535,P,58.5150,58.5150,58.5150,58.5150,0,0,0.4721000,-0.9576000,0.0000000,5.9595000,-0.1261000,-9.8725000
20240119,386,C,90.8300,90.8300,90.8300,90.8300,0,0,0.5501970,0.9975459,0.0002102,0.0050359,-0.0671915,0.0737341
20240119,386,P,0.0150,0.0150,0.0150,0.0150,0,0,0.5000000,-0.0009000,0.0000000,0.2220000,-0.0078000,-0.0093000
20240119,450,C,26.9600,26.9600,26.9600,26.9600,0,0,0.1757000,0.9918000,0.0000000,1.4706000,-0.0832000,8.5462000
20240119,450,P,0.0750,0.0750,0.0750,0.0750,0,0,0.1953000,-0.0152000,0.0000000,2.5300000,-0.0342000,-0.1404000
20240119,514,P,37.5150,37.5150,37.5150,37.5150,0,0,0.3330000,-0.9450000,0.0000000,7.3316000,-0.1034000,-9.3553000
20240119,215,C,261.6350,261.6350,261.6350,261.6350,0,0,,,,,,
20240119,407,C,69.8650,69.8650,69.8650,69.8650,0,0,0.4454689,0.9953303,0.0004629,0.0089771,-0.0784195,0.0775523
20240119,407,P,0.0250,0.0250,0.0250,0.0250,0,0,0.4101000,-0.0023000,0.0000000,0.4926000,-0.0142000,-0.0222000
20240119,471,C,6.5500,6.5500,6.5500,6.5500,0,0,0.0971000,0.8265000,0.0000000,16.9151000,-0.1737000,7.4269000
20240119,471,P,0.6450,0.6450,0.6450,0.6450,0,0,0.0994000,-0.1790000,0.0000000,17.2583000,-0.1101000,-1.6486000
20240119,705,P,228.4900,228.4900,228.4900,228.4900,0,0,1.3387000,-0.9780000,0.0000000,3.4565000,-0.2295000,-13.3192000
20240119,300,C,176.7300,176.7300,176.7300,176.7300,0,0,0.9037837,0.9999170,0.0000056,0.0002193,-0.0383652,0.0574768
20240119,364,C,112.8000,112.8000,112.8000,112.8000,0,0,0.6564914,0.9987216,0.0000973,0.0027823,-0.0578079,0.0696281
20240119,428,C,48.9050,48.9050,48.9050,48.9050,0,0,0.3324131,0.9911597,0.0010909,0.0157888,-0.0896827,0.0811910
20240119,428,P,0.0350,0.0350,0.0350,0.0350,0,0,0.3046000,-0.0048000,0.0000000,0.9251000,-0.0197000,-0.0447000
20240119,492,C,0.0250,0.0250,0.0250,0.0250,0,0,0.0957000,0.0097000,0.0000000,1.7171000,-0.0124000,0.0885000
20240119,492,P,15.5350,15.5350,15.5350,15.5350,0,0,0.1701000,-0.9042000,0.0000000,11.2185000,-0.0714000,-8.5605000
20240119,620,P,143.5000,143.5000,143.5000,143.5000,0,0,0.9464000,-0.9735000,0.0000000,4.0438000,-0.1850000,-11.6480000
20240119,385,C,91.8300,91.8300,91.8300,91.8300,0,0,0.5580646,0.9975073,0.0002102,0.0051073,-0.0676337,0.0735388
20240119,385,P,0.0150,0.0150,0.0150,0.0150,0,0,0.5124000,-0.0011000,0.0000000,0.2489000,-0.0090000,-0.0105000
20240119,449,C,27.9550,27.9550,27.9550,27.9550,0,0,0.1757000,0.9936000,0.0000000,1.1758000,-0.0795000,8.5439000
20240119,449,P,0.0650,0.0650,0.0650,0.0650,0,0,0.1972000,-0.0130000,0.0000000,2.2165000,-0.0303000,-0.1204000
20240119,555,P,78.5150,78.5150,78.5150,78.5150,0,0,0.5945000,-0.9640000,0.0000000,5.2145000,-0.1431000,-10.3147000
20240119,406,C,70.8650,70.8650,70.8650,70.8650,0,0,0.4526476,0.9953168,0.0004567,0.0090003,-0.0788308,0.0773593
20240119,406,P,0.0250,0.0250,0.0250,0.0250,0,0,0.4179000,-0.0024000,0.0000000,0.5054000,-0.0149000,-0.0229000
20240119,470,C,7.4250,7.4250,7.4250,7.4250,0,0,0.0991000,0.8592000,0.0000000,14.7381000,-0.1628000,7.7095000
20240119,470,P,0.5150,0.5150,0.5150,0.5150,0,0,0.1016000,-0.1467000,0.0000000,15.1643000,-0.0998000,-1.3512000
20240119,235,C,241.6550,241.6550,241.6550,241.6550,0,0,,,,,,
20240119,363,C,113.8000,113.8000,113.8000,113.8000,0,0,0.6657371,0.9986754,0.0000992,0.0028742,-0.0583023,0.0694321
20240119,427,C,49.9050,49.9050,49.9050,49.9050,0,0,0.3392973,0.9912216,0.0010622,0.0156918,-0.0901045,0.0810048
20240119,427,P,0.0350,0.0350,0.0350,0.0350,0,0,0.3085000,-0.0045000,0.0000000,0.8725000,-0.0189000,-0.0418000
20240119,491,C,0.0350,0.0350,0.0350,0.0350,0,0,0.0947000,0.0137000,0.0000000,2.3114000,-0.0165000,0.1246000
20240119,491,P,14.5200,14.5200,14.5200,14.5200,0,0,0.1611000,-0.9013000,0.0000000,11.4639000,-0.0673000,-8.5149000
20240122,416,C,60.9450,60.9450,60.9450,60.9450,0,0,,,,,,
20240122,416,P,0.0350,0.0350,0.0350,0.0350,0,0,0.3144000,-0.0038000,0.0000000,0.9111000,-0.0140000,-0.0516000
20240122,448,C,29.0350,29.0350,29.0350,29.0350,0,0,0.1425546,0.9962654,0.0009909,0.0087857,-0.0612061,0.1220974
20240122,448,P,0.0850,0.0850,0.0850,0.0850,0,0,0.1787000,-0.0159000,0.0000000,3.1405000,-0.0269000,-0.2098000
20240122,480,C,1.3150,1.3150,1.3150,1.3150,0,0,0.0783000,0.3262000,0.0000000,28.4282000,-0.1338000,4.2224000
20240122,480,P,4.4000,4.4000,4.4000,4.4000,0,0,0.0873000,-0.6564000,0.0000000,29.0122000,-0.0805000,-8.6894000
20240122,512,P,35.5150,35.5150,35.5150,35.5150,0,0,0.2879000,-0.9271000,0.0000000,10.9241000,-0.0878000,-13.0752000
20240122,405,C,71.9250,71.9250,71.9250,71.9250,0,0,,,,,,
20240122,405,P,0.0250,0.0250,0.0250,0.0250,0,0,0.3554000,-0.0024000,0.0000000,0.5963000,-0.0104000,-0.0322000
20240122,437,C,39.9950,39.9950,39.9950,39.9950,0,0,,,,,,
20240122,437,P,0.0550,0.0550,0.0550,0.0550,0,0,0.2236000,-0.0083000,0.0000000,1.7923000,-0.0194000,-0.1101000
20240122,469,C,8.5650,8.5650,8.5650,8.5650,0,0,0.0886000,0.8817000,0.0000000,15.6142000,-0.1290000,11.2757000
20240122,469,P,0.5850,0.5850,0.5850,0.5850,0,0,0.0988000,-0.1439000,0.0000000,17.8902000,-0.0783000,-1.8954000
20240122,426,C,50.9650,50.9650,50.9650,50.9650,0,0,,,,,,
20240122,426,P,0.0450,0.0450,0.0450,0.0450,0,0,0.2734000,-0.0057000,0.0000000,1.2864000,-0.0171000,-0.0758000
20240122,458,C,19.1050,19.1050,19.1050,19.1050,0,0,0.1206259,0.9799085,0.0051093,0.0383336,-0.0783273,0.1226827
20240122,458,P,0.1450,0.1450,0.1450,0.1450,0,0,0.1357000,-0.0332000,0.0000000,5.8362000,-0.0372000,-0.4373000
20240122,490,C,0.0650,0.0650,0.0650,0.0650,0,0,0.0815000,0.0249000,0.0000000,4.6086000,-0.0205000,0.3246000
20240122,490,P,13.5250,13.5250,13.5250,13.5250,0,0,0.1400000,-0.8714000,0.0000000,16.5532000,-0.0535000,-11.7464000
20240122,522,P,45.5150,45.5150,45.5150,45.5150,0,0,0.3485000,-0.9367000,0.0000000,9.7905000,-0.0990000,-13.4750000
20240122,415,C,61.9450,61.9450,61.9450,61.9450,0,0,,,,,,
20240122,415,P,0.0350,0.0350,0.0350,0.0350,0,0,0.3183000,-0.0037000,0.0000000,0.8785000,-0.0137000,-0.0495000
20240122,447,C,30.0350,30.0350,30.0350,30.0350,0,0,0.1484983,0.9960927,0.0009906,0.0091492,-0.0616036,0.1218009
20240122,447,P,0.0850,0.0850,0.0850,0.0850,0,0,0.1835000,-0.0152000,0.0000000,3.0260000,-0.0267000,-0.2009000
20240122,479,C,1.6850,1.6850,1.6850,1.6850,0,0,0.0789000,0.3869000,0.0000000,30.1910000,-0.1458000,5.0051000
20240122,479,P,3.7500,3.7500,3.7500,3.7500,0,0,0.0867000,-0.6026000,0.0000000,30.4157000,-0.0896000,-7.9695000
20240122,404,C,72.9250,72.9250,72.9250,72.9250,0,0,,,,,,
20240122,404,P,0.0250,0.0250,0.0250,0.0250,0,0,0.3593000,-0.0023000,0.0000000,0.5771000,-0.0102000,-0.0311000
20240122,436,C,40.9950,40.9950,40.9950,40.9950,0,0,,,,,,
20240122,436,P,0.0550,0.0550,0.0550,0.0550,0,0,0.2294000,-0.0083000,0.0000000,1.7916000,-0.0199000,-0.1101000
20240122,468,C,9.4650,9.4650,9.4650,9.4650,0,0,0.0893000,0.9063000,0.0000000,13.1920000,-0.1203000,11.5719000
20240122,468,P,0.4950,0.4950,0.4950,0.4950,0,0,0.1015000,-0.1226000,0.0000000,16.0192000,-0.0727000,-1.6142000
20240122,500,C,0.0150,0.0150,0.0150,0.0150,0,0,0.1054000,0.0038000,0.0000000,0.8928000,-0.0049000,0.0493000
20240122,500,P,23.5200,23.5200,23.5200,23.5200,0,0,0.2111000,-0.9065000,0.0000000,13.1671000,-0.0727000,-12.4786000
20240122,425,C,51.9650,51.9650,51.9650,51.9650,0,0,,,,,,
20240122,425,P,0.0450,0.0450,0.0450,0.0450,0,0,0.2783000,-0.0056000,0.0000000,1.2623000,-0.0171000,-0.0742000
20240122,457,C,20.0950,20.0950,20.0950,20.0950,0,0,0.1236419,0.9825324,0.0044250,0.0340293,-0.0762766,0.1227540
20240122,457,P,0.1350,0.1350,0.1350,0.1350,0,0,0.1396000,-0.0300000,0.0000000,5.3796000,-0.0354000,-0.3963000
20240122,489,C,0.0850,0.0850,0.0850,0.0850,0,0,0.0800000,0.0327000,0.0000000,5.7679000,-0.0253000,0.4251000
20240122,489,P,12.5250,12.5250,12.5250,12.5250,0,0,0.1324000,-0.8657000,0.0000000,17.0538000,-0.0511000,-11.6450000
20240122,414,C,62.9450,62.9450,62.9450,62.9450,0,0,,,,,,
20240122,414,P,0.0350,0.0350,0.0350,0.0350,0,0,0.3242000,-0.0037000,0.0000000,0.8842000,-0.0140000,-0.0499000
20240122,446,C,31.0250,31.0250,31.0250,31.0250,0,0,0.1395292,0.9982855,0.0005009,0.0043470,-0.0578498,0.1218159
20240122,446,P,0.0750,0.0750,0.0750,0.0750,0,0,0.1855000,-0.0133000,0.0000000,2.7094000,-0.0241000,-0.1767000
20240122,478,C,2.1250,2.1250,2.1250,2.1250,0,0,0.0798000,0.4499000,0.0000000,31.2149000,-0.1555000,5.8154000
20240122,478,P,3.1700,3.1700,3.1700,3.1700,0,0,0.0867000,-0.5456000,0.0000000,31.2565000,-0.0973000,-7.2099000
20240122,510,P,33.5150,33.5150,33.5150,33.5150,0,0,0.2755000,-0.9245000,0.0000000,11.2118000,-0.0854000,-12.9874000
20240122,403,C,73.9200,73.9200,73.9200,73.9200,0,0,,,,,,
20240122,403,P,0.0250,0.0250,0.0250,0.0250,0,0,0.3632000,-0.0022000,0.0000000,0.5587000,-0.0099000,-0.0300000
20240122,435,C,41.9950,41.9950,41.9950,41.9950,0,0,,,,,,
20240122,435,P,0.0550,0.0550,0.0550,0.0550,0,0,0.2343000,-0.0081000,0.0000000,1.7487000,-0.0199000,-0.1071000
20240122,467,C,10.3850,10.3850,10.3850,10.3850,0,0,0.0898000,0.9271000,0.0000000,10.9129000,-0.1117000,11.8192000
20240122,467,P,0.4150,0.4150,0.4150,0.4150,0,0,0.1040000,-0.1039000,0.0000000,14.2378000,-0.0667000,-1.3683000
20240122,499,C,0.0150,0.0150,0.0150,0.0150,0,0,0.1015000,0.0039000,0.0000000,0.9310000,-0.0050000,0.0517000
20240122,499,P,22.5200,22.5200,22.5200,22.5200,0,0,0.2044000,-0.9040000,0.0000000,13.4233000,-0.0712000,-12.4190000
20240122,424,C,52.9650,52.9650,52.9650,52.9650,0,0,,,,,,
20240122,424,P,0.0450,0.0450,0.0450,0.0450,0,0,0.2832000,-0.0054000,0.0000000,1.2390000,-0.0171000,-0.0727000
20240122,456,C,21.0850,21.0850,21.0850,21.0850,0,0,0.1262293,0.9850400,0.0037954,0.0297984,-0.0740717,0.1228101
20240122,456,P,0.1250,0.1250,0.1250,0.1250,0,0,0.1435000,-0.0273000,0.0000000,4.9699000,-0.0337000,-0.3603000
20240122,520,P,43.5150,43.5150,43.5150,43.5150,0,0,0.3366000,-0.9350000,0.0000000,9.9883000,-0.0969000,-13.3987000
20240122,488,C,0.1150,0.1150,0.1150,0.1150,0,0,0.0788000,0.0432000,0.0000000,7.2434000,-0.0315000,0.5619000
20240122,488,P,11.5250,11.5250,11.5250,11.5250,0,0,0.1247000,-0.8592000,0.0000000,17.6140000,-0.0486000,-11.5327000
20240122,413,C,63.9400,63.9400,63.9400,63.9400,0,0,,,,,,
20240122,413,P,0.0350,0.0350,0.0350,0.0350,0,0,0.3281000,-0.0036000,0.0000000,0.8531000,-0.0137000,-0.0479000
20240122,445,C,32.0250,32.0250,32.0250,32.0250,0,0,0.1464575,0.9980222,0.0005434,0.0049498,-0.0583031,0.1215076
20240122,445,P,0.0750,0.0750,0.0750,0.0750,0,0,0.1914000,-0.0132000,0.0000000,2.6854000,-0.0247000,-0.1750000
20240122,477,C,2.6250,2.6250,2.6250,2.6250,0,0,0.0806000,0.5129000,0.0000000,31.4464000,-0.1620000,6.6237000
20240122,477,P,2.6600,2.6600,2.6600,2.6600,0,0,0.0871000,-0.4876000,0.0000000,31.4478000,-0.1028000,-6.4385000
20240122,402,C,74.9200,74.9200,74.9200,74.9200,0,0,,,,,,
20240122,402,P,0.0250,0.0250,0.0250,0.0250,0,0,0.3691000,-0.0022000,0.0000000,0.5642000,-0.0102000,-0.0303000
20240122,434,C,42.9850,42.9850,42.9850,42.9850,0,0,,,,,,
20240122,434,P,0.0550,0.0550,0.0550,0.0550,0,0,0.2392000,-0.0078000,0.0000000,1.7077000,-0.0198000,-0.1043000
20240122,466,C,11.3250,11.3250,11.3250,11.3250,0,0,0.0905000,0.9436000,0.0000000,8.9370000,-0.1042000,12.0088000
20240122,466,P,0.3550,0.3550,0.3550,0.3550,0,0,0.1069000,-0.0890000,0.0000000,12.7107000,-0.0617000,-1.1725000
20240122,498,C,0.0150,0.0150,0.0150,0.0150,0,0,0.0976000,0.0041000,0.0000000,0.9747000,-0.0050000,0.0544000
20240122,498,P,21.5200,21.5200,21.5200,21.5200,0,0,0.1975000,-0.9016000,0.0000000,13.6732000,-0.0694000,-12.3597000
20240122,530,P,53.5150,53.5150,53.5150,53.5150,0,0,0.3947000,-0.9423000,0.0000000,9.1094000,-0.1067000,-13.7669000
20240122,423,C,53.9650,53.9650,53.9650,53.9650,0,0,,,,,,
20240122,423,P,0.0450,0.0450,0.0450,0.0450,0,0,0.2890000,-0.0055000,0.0000000,1.2429000,-0.0175000,-0.0730000
20240122,455,C,22.0750,22.0750,22.0750,22.0750,0,0,0.1282856,0.9874569,0.0032079,0.0255959,-0.0717024,0.1228544
20240122,455,P,0.1150,0.1150,0.1150,0.1150,0,0,0.1474000,-0.0249000,0.0000000,4.6014000,-0.0321000,-0.3287000
20240122,487,C,0.1550,0.1550,0.1550,0.1550,0,0,0.0778000,0.0574000,0.0000000,9.0817000,-0.0393000,0.7460000
20240122,487,P,10.5300,10.5300,10.5300,10.5300,0,0,0.1174000,-0.8508000,0.0000000,18.3195000,-0.0470000,-11.3953000
20240122,412,C,64.9350,64.9350,64.9350,64.9350,0,0,,,,,,
20240122,412,P,0.0350,0.0350,0.0350,0.0350,0,0,0.3339000,-0.0036000,0.0000000,0.8584000,-0.0140000,-0.0483000
20240122,444,C,33.0250,33.0250,33.0250,33.0250,0,0,0.1531569,0.9977826,0.0005764,0.0054908,-0.0587458,0.1212023
20240122,444,P,0.0750,0.0750,0.0750,0.0750,0,0,0.1962000,-0.0127000,0.0000000,2.5981000,-0.0246000,-0.1684000
20240122,476,C,3.1900,3.1900,3.1900,3.1900,0,0,0.0816000,0.5743000,0.0000000,30.9153000,-0.1655000,7.4098000
20240122,476,P,2.2200,2.2200,2.2200,2.2200,0,0,0.0878000,-0.4304000,0.0000000,30.9842000,-0.1059000,-5.6804000
20240122,508,P,31.5200,31.5200,31.5200,31.5200,0,0,0.2636000,-0.9211000,0.0000000,11.5938000,-0.0844000,-12.8885000
20240122,540,P,63.5150,63.5150,63.5150,63.5150,0,0,0.4506000,-0.9474000,0.0000000,8.4561000,-0.1156000,-14.1085000
20240122,433,C,43.9850,43.9850,43.9850,43.9850,0,0,,,,,,
20240122,433,P,0.0550,0.0550,0.0550,0.0550,0,0,0.2441000,-0.0076000,0.0000000,1.6684000,-0.0198000,-0.1016000
20240122,465,C,12.2750,12.2750,12.2750,12.2750,0,0,0.0908000,0.9577000,0.0000000,7.1033000,-0.0968000,12.1663000
20240122,465,P,0.3050,0.3050,0.3050,0.3050,0,0,0.1098000,-0.0764000,0.0000000,11.3324000,-0.0569000,-1.0067000
20240122,497,C,0.0150,0.0150,0.0150,0.0150,0,0,0.0937000,0.0044000,0.0000000,1.0246000,-0.0051000,0.0576000
20240122,497,P,20.5200,20.5200,20.5200,20.5200,0,0,0.1906000,-0.8988000,0.0000000,13.9613000,-0.0678000,-12.2951000
20240122,422,C,54.9600,54.9600,54.9600,54.9600,0,0,,,,,,
20240122,422,P,0.0350,0.0350,0.0350,0.0350,0,0,0.2851000,-0.0043000,0.0000000,0.9996000,-0.0139000,-0.0571000
20240122,454,C,23.0700,23.0700,23.0700,23.0700,0,0,0.1318850,0.9887055,0.0028490,0.0233706,-0.0706463,0.1227448
20240122,454,P,0.1050,0.1050,0.1050,0.1050,0,0,0.1508000,-0.0224000,0.0000000,4.2149000,-0.0302000,-0.2961000
20240122,486,C,0.2250,0.2250,0.2250,0.2250,0,0,0.0782000,0.0792000,0.0000000,11.6391000,-0.0509000,1.0282000
20240122,486,P,9.5550,9.5550,9.5550,9.5550,0,0,0.1104000,-0.8401000,0.0000000,19.1809000,-0.0462000,-11.2283000
20240122,518,P,41.5150,41.5150,41.5150,41.5150,0,0,0.3247000,-0.9333000,0.0000000,10.1995000,-0.0948000,-13.3207000
20240122,411,C,65.9350,65.9350,65.9350,65.9350,0,0,,,,,,
20240122,411,P,0.0250,0.0250,0.0250,0.0250,0,0,0.3242000,-0.0024000,0.0000000,0.6099000,-0.0097000,-0.0330000
20240122,443,C,34.0150,34.0150,34.0150,34.0150,0,0,,,,,,
20240122,443,P,0.0750,0.0750,0.0750,0.0750,0,0,0.2021000,-0.0126000,0.0000000,2.5772000,-0.0251000,-0.1669000
20240122,475,C,3.8150,3.8150,3.8150,3.8150,0,0,0.0823000,0.6330000,0.0000000,29.6954000,-0.1656000,8.1599000
20240122,475,P,1.8400,1.8400,1.8400,1.8400,0,0,0.0888000,-0.3757000,0.0000000,29.9255000,-0.1065000,-4.9560000
20240122,432,C,44.9850,44.9850,44.9850,44.9850,0,0,,,,,,
20240122,432,P,0.0550,0.0550,0.0550,0.0550,0,0,0.2500000,-0.0076000,0.0000000,1.6683000,-0.0203000,-0.1016000
20240122,464,C,13.2300,13.2300,13.2300,13.2300,0,0,0.0908000,0.9691000,0.0000000,5.4916000,-0.0901000,12.2887000
20240122,464,P,0.2650,0.2650,0.2650,0.2650,0,0,0.1130000,-0.0662000,0.0000000,10.1450000,-0.0527000,-0.8715000
20240122,496,C,0.0250,0.0250,0.0250,0.0250,0,0,0.0966000,0.0079000,0.0000000,1.7184000,-0.0088000,0.1031000
20240122,496,P,19.5200,19.5200,19.5200,19.5200,0,0,0.1837000,-0.8958000,0.0000000,14.2611000,-0.0660000,-12.2285000
20240122,421,C,55.9550,55.9550,55.9550,55.9550,0,0,,,,,,
20240122,421,P,0.0350,0.0350,0.0350,0.0350,0,0,0.2890000,-0.0041000,0.0000000,0.9615000,-0.0136000,-0.0547000
20240122,453,C,24.0650,24.0650,24.0650,24.0650,0,0,0.1352735,0.9898897,0.0025222,0.0212216,-0.0695356,0.1226268
20240122,453,P,0.1050,0.1050,0.1050,0.1050,0,0,0.1562000,-0.0215000,0.0000000,4.0713000,-0.0302000,-0.2843000
20240122,485,C,0.3050,0.3050,0.3050,0.3050,0,0,0.0776000,0.1036000,0.0000000,14.2040000,-0.0622000,1.3444000
20240122,485,P,8.5900,8.5900,8.5900,8.5900,0,0,0.1041000,-0.8254000,0.0000000,20.2931000,-0.0471000,-11.0113000
20240122,410,C,66.9350,66.9350,66.9350,66.9350,0,0,,,,,,
20240122,410,P,0.0250,0.0250,0.0250,0.0250,0,0,0.3300000,-0.0025000,0.0000000,0.6173000,-0.0100000,-0.0334000
20240122,442,C,35.0150,35.0150,35.0150,35.0150,0,0,0.1285764,0.9998391,0.0000610,0.0004876,-0.0547300,0.1209256
20240122,442,P,0.0650,0.0650,0.0650,0.0650,0,0,0.2031000,-0.0109000,0.0000000,2.2670000,-0.0222000,-0.1440000
20240122,474,C,4.4950,4.4950,4.4950,4.4950,0,0,0.0833000,0.6876000,0.0000000,27.9134000,-0.1632000,8.8539000
20240122,474,P,1.5200,1.5200,1.5200,1.5200,0,0,0.0900000,-0.3249000,0.0000000,28.3836000,-0.1050000,-4.2836000
20240122,506,C,0.0150,0.0150,0.0150,0.0150,0,0,0.1289000,0.0030000,0.0000000,0.7383000,-0.0049000,0.0399000
20240122,506,P,29.5200,29.5200,29.5200,29.5200,0,0,0.2508000,-0.9181000,0.0000000,11.9342000,-0.0817000,-12.7936000
20240122,431,C,45.9850,45.9850,45.9850,45.9850,0,0,,,,,,
20240122,431,P,0.0450,0.0450,0.0450,0.0450,0,0,0.2480000,-0.0062000,0.0000000,1.3864000,-0.0167000,-0.0824000
20240122,463,C,14.2000,14.2000,14.2000,14.2000,0,0,0.0903000,0.9784000,0.0000000,4.0673000,-0.0841000,12.3836000
20240122,463,P,0.2350,0.2350,0.2350,0.2350,0,0,0.1164000,-0.0578000,0.0000000,9.1326000,-0.0491000,-0.7617000
20240122,495,C,0.0250,0.0250,0.0250,0.0250,0,0,0.0917000,0.0080000,0.0000000,1.7339000,-0.0085000,0.1042000
20240122,495,P,18.5200,18.5200,18.5200,18.5200,0,0,0.1766000,-0.8926000,0.0000000,14.5747000,-0.0641000,-12.1596000
20240122,420,C,56.9550,56.9550,56.9550,56.9550,0,0,,,,,,
20240122,420,P,0.0350,0.0350,0.0350,0.0350,0,0,0.2949000,-0.0041000,0.0000000,0.9686000,-0.0139000,-0.0552000
20240122,452,C,25.0550,25.0550,25.0550,25.0550,0,0,0.1356585,0.9921134,0.0020232,0.0170714,-0.0667700,0.1226458
20240122,452,P,0.0950,0.0950,0.0950,0.0950,0,0,0.1591000,-0.0192000,0.0000000,3.6970000,-0.0280000,-0.2537000
20240122,484,C,0.4150,0.4150,0.4150,0.4150,0,0,0.0772000,0.1342000,0.0000000,17.0541000,-0.0750000,1.7407000
20240122,484,P,7.6550,7.6550,7.6550,7.6550,0,0,0.0983000,-0.8065000,0.0000000,21.6365000,-0.0494000,-10.7386000
20240122,516,P,39.5150,39.5150,39.5150,39.5150,0,0,0.3125000,-0.9314000,0.0000000,10.4166000,-0.0924000,-13.2419000
20240122,409,C,67.9350,67.9350,67.9350,67.9350,0,0,,,,,,
20240122,409,P,0.0250,0.0250,0.0250,0.0250,0,0,0.3359000,-0.0025000,0.0000000,0.6243000,-0.0103000,-0.0339000
20240122,441,C,36.0150,36.0150,36.0150,36.0150,0,0,0.1456659,0.9994655,0.0001646,0.0014909,-0.0553571,0.1206028
20240122,441,P,0.0650,0.0650,0.0650,0.0650,0,0,0.2080000,-0.0105000,0.0000000,2.2015000,-0.0221000,-0.1392000
20240122,473,C,5.2300,5.2300,5.2300,5.2300,0,0,0.0845000,0.7367000,0.0000000,25.7449000,-0.1591000,9.4742000
20240122,473,P,1.2550,1.2550,1.2550,1.2550,0,0,0.0913000,-0.2784000,0.0000000,26.4766000,-0.1013000,-3.6691000
20240122,505,C,0.0150,0.0150,0.0150,0.0150,0,0,0.1250000,0.0031000,0.0000000,0.7574000,-0.0049000,0.0410000
20240122,505,P,28.5200,28.5200,28.5200,28.5200,0,0,0.2443000,-0.9164000,0.0000000,12.1170000,-0.0803000,-12.7444000
20240122,430,C,46.9750,46.9750,46.9750,46.9750,0,0,,,,,,
20240122,430,P,0.0450,0.0450,0.0450,0.0450,0,0,0.2539000,-0.0062000,0.0000000,1.3914000,-0.0172000,-0.0827000
20240122,462,C,15.1700,15.1700,15.1700,15.1700,0,0,0.0869000,0.9878000,0.0000000,2.4916000,-0.0770000,12.4796000
20240122,462,P,0.2050,0.2050,0.2050,0.2050,0,0,0.1196000,-0.0504000,0.0000000,8.1875000,-0.0454000,-0.6635000
20240122,494,C,0.0250,0.0250,0.0250,0.0250,0,0,0.0878000,0.0087000,0.0000000,1.8689000,-0.0088000,0.1135000
20240122,494,P,17.5200,17.5200,17.5200,17.5200,0,0,0.1694000,-0.8892000,0.0000000,14.9042000,-0.0620000,-12.0879000
20240122,419,C,57.9550,57.9550,57.9550,57.9550,0,0,,,,,,
20240122,419,P,0.0350,0.0350,0.0350,0.0350,0,0,0.2988000,-0.0039000,0.0000000,0.9326000,-0.0136000,-0.0529000
20240122,451,C,26.0550,26.0550,26.0550,26.0550,0,0,0.1412922,0.9920996,0.0019455,0.0170977,-0.0671454,0.1223700
20240122,451,P,0.0950,0.0950,0.0950,0.0950,0,0,0.1650000,-0.0188000,0.0000000,3.6320000,-0.0286000,-0.2486000
20240122,483,C,0.5700,0.5700,0.5700,0.5700,0,0,0.0777000,0.1740000,0.0000000,20.2625000,-0.0907000,2.2569000
20240122,483,P,6.7600,6.7600,6.7600,6.7600,0,0,0.0942000,-0.7798000,0.0000000,23.3627000,-0.0550000,-10.3649000
20240122,515,P,38.5150,38.5150,38.5150,38.5150,0,0,0.3063000,-0.9304000,0.0000000,10.5348000,-0.0912000,-13.2013000
20240122,525,P,48.5150,48.5150,48.5150,48.5150,0,0,0.3660000,-0.9389000,0.0000000,9.5180000,-0.1020000,-13.5866000
20240122,440,C,37.0050,37.0050,37.0050,37.0050,0,0,,,,,,
20240122,440,P,0.0650,0.0650,0.0650,0.0650,0,0,0.2138000,-0.0104000,0.0000000,2.1919000,-0.0227000,-0.1386000
20240122,408,C,68.9300,68.9300,68.9300,68.9300,0,0,,,,,,
20240122,408,P,0.0250,0.0250,0.0250,0.0250,0,0,0.3398000,-0.0024000,0.0000000,0.6037000,-0.0100000,-0.0326000
20240122,472,C,6.0100,6.0100,6.0100,6.0100,0,0,0.0855000,0.7809000,0.0000000,23.2960000,-0.1529000,10.0293000
20240122,472,P,1.0350,1.0350,1.0350,1.0350,0,0,0.0930000,-0.2374000,0.0000000,24.3767000,-0.0967000,-3.1284000
20240122,504,C,0.0150,0.0150,0.0150,0.0150,0,0,0.1210000,0.0032000,0.0000000,0.7787000,-0.0049000,0.0423000
20240122,504,P,27.5200,27.5200,27.5200,27.5200,0,0,0.2377000,-0.9147000,0.0000000,12.3011000,-0.0788000,-12.6948000
20240122,429,C,47.9750,47.9750,47.9750,47.9750,0,0,,,,,,
20240122,429,P,0.0450,0.0450,0.0450,0.0450,0,0,0.2578000,-0.0059000,0.0000000,1.3321000,-0.0167000,-0.0788000
20240122,461,C,16.1500,16.1500,16.1500,16.1500,0,0,0.0800000,0.9954000,0.0000000,1.0530000,-0.0708000,12.5518000
20240122,461,P,0.1850,0.1850,0.1850,0.1850,0,0,0.1232000,-0.0446000,0.0000000,7.4312000,-0.0426000,-0.5880000
20240122,493,C,0.0350,0.0350,0.0350,0.0350,0,0,0.0878000,0.0126000,0.0000000,2.5770000,-0.0121000,0.1641000
20240122,493,P,16.5200,16.5200,16.5200,16.5200,0,0,0.1622000,-0.8854000,0.0000000,15.2696000,-0.0600000,-12.0106000
20240122,535,P,58.5150,58.5150,58.5150,58.5150,0,0,0.4230000,-0.9450000,0.0000000,8.7668000,-0.1114000,-13.9396000
20240122,450,C,27.0450,27.0450,27.0450,27.0450,0,0,0.1402611,0.9942425,0.0014819,0.0129277,-0.0641366,0.1223785
20240122,450,P,0.0950,0.0950,0.0950,0.0950,0,0,0.1704000,-0.0182000,0.0000000,3.5269000,-0.0287000,-0.2402000
20240122,418,C,58.9550,58.9550,58.9550,58.9550,0,0,,,,,,
20240122,418,P,0.0350,0.0350,0.0350,0.0350,0,0,0.3046000,-0.0040000,0.0000000,0.9392000,-0.0140000,-0.0533000
20240122,482,C,0.7650,0.7650,0.7650,0.7650,0,0,0.0776000,0.2181000,0.0000000,23.2407000,-0.1052000,2.8273000
20240122,482,P,5.9100,5.9100,5.9100,5.9100,0,0,0.0908000,-0.7464000,0.0000000,25.2495000,-0.0620000,-9.9059000
20240122,514,P,37.5150,37.5150,37.5150,37.5150,0,0,0.3002000,-0.9293000,0.0000000,10.6601000,-0.0901000,-13.1598000
20240122,407,C,69.9250,69.9250,69.9250,69.9250,0,0,,,,,,
20240122,407,P,0.0250,0.0250,0.0250,0.0250,0,0,0.3437000,-0.0023000,0.0000000,0.5839000,-0.0098000,-0.0315000
20240122,439,C,38.0050,38.0050,38.0050,38.0050,0,0,,,,,,
20240122,439,P,0.0650,0.0650,0.0650,0.0650,0,0,0.2187000,-0.0101000,0.0000000,2.1313000,-0.0225000,-0.1342000
20240122,471,C,6.8250,6.8250,6.8250,6.8250,0,0,0.0862000,0.8206000,0.0000000,20.6459000,-0.1449000,10.5261000
20240122,471,P,0.8550,0.8550,0.8550,0.8550,0,0,0.0948000,-0.2015000,0.0000000,22.1838000,-0.0911000,-2.6546000
20240122,545,P,68.5150,68.5150,68.5150,68.5150,0,0,0.4780000,-0.9495000,0.0000000,8.1933000,-0.1200000,-14.2722000
20240122,428,C,48.9750,48.9750,48.9750,48.9750,0,0,,,,,,
20240122,428,P,0.0450,0.0450,0.0450,0.0450,0,0,0.2636000,-0.0059000,0.0000000,1.3370000,-0.0172000,-0.0791000
20240122,460,C,17.1300,17.1300,17.1300,17.1300,0,0,0.1145982,0.9731376,0.0068673,0.0489490,-0.0831003,0.1223400
20240122,460,P,0.1650,0.1650,0.1650,0.1650,0,0,0.1267000,-0.0394000,0.0000000,6.7194000,-0.0398000,-0.5192000
20240122,492,C,0.0450,0.0450,0.0450,0.0450,0,0,0.0864000,0.0164000,0.0000000,3.2330000,-0.0151000,0.2136000
20240122,492,P,15.5200,15.5200,15.5200,15.5200,0,0,0.1550000,-0.8810000,0.0000000,15.6760000,-0.0581000,-11.9268000
20240122,524,P,47.5150,47.5150,47.5150,47.5150,0,0,0.3603000,-0.9382000,0.0000000,9.6122000,-0.1012000,-13.5491000
20240122,417,C,59.9450,59.9450,59.9450,59.9450,0,0,,,,,,
20240122,417,P,0.0350,0.0350,0.0350,0.0350,0,0,0.3085000,-0.0038000,0.0000000,0.9049000,-0.0136000,-0.0511000
20240122,449,C,28.0450,28.0450,28.0450,28.0450,0,0,0.1459687,0.9941468,0.0014449,0.0131181,-0.0645156,0.1220921
20240122,449,P,0.0850,0.0850,0.0850,0.0850,0,0,0.1728000,-0.0161000,0.0000000,3.1821000,-0.0263000,-0.2130000
20240122,481,C,1.0150,1.0150,1.0150,1.0150,0,0,0.0780000,0.2698000,0.0000000,26.0693000,-0.1203000,3.4949000
20240122,481,P,5.1200,5.1200,5.1200,5.1200,0,0,0.0885000,-0.7050000,0.0000000,27.2099000,-0.0708000,-9.3438000
20240122,406,C,70.9250,70.9250,70.9250,70.9250,0,0,,,,,,
20240122,406,P,0.0250,0.0250,0.0250,0.0250,0,0,0.3496000,-0.0024000,0.0000000,0.5903000,-0.0101000,-0.0319000
20240122,438,C,39.0050,39.0050,39.0050,39.0050,0,0,,,,,,
20240122,438,P,0.0650,0.0650,0.0650,0.0650,0,0,0.2236000,-0.0098000,0.0000000,2.0738000,-0.0224000,-0.1301000
20240122,470,C,7.6800,7.6800,7.6800,7.6800,0,0,0.0876000,0.8531000,0.0000000,18.1306000,-0.1374000,10.9263000
20240122,470,P,0.7050,0.7050,0.7050,0.7050,0,0,0.0967000,-0.1703000,0.0000000,19.9853000,-0.0847000,-2.2432000
20240122,502,C,0.0150,0.0150,0.0150,0.0150,0,0,0.1132000,0.0035000,0.0000000,0.8291000,-0.0049000,0.0454000
20240122,502,P,25.5200,25.5200,25.5200,25.5200,0,0,0.2246000,-0.9108000,0.0000000,12.7132000,-0.0759000,-12.5898000
20240122,427,C,49.9750,49.9750,49.9750,49.9750,0,0,,,,,,
20240122,427,P,0.0450,0.0450,0.0450,0.0450,0,0,0.2675000,-0.0057000,0.0000000,1.2816000,-0.0167000,-0.0755000
20240122,459,C,18.1100,18.1100,18.1100,18.1100,0,0,0.1160558,0.9782227,0.0056853,0.0410390,-0.0790449,0.1227353
20240122,459,P,0.1550,0.1550,0.1550,0.1550,0,0,0.1313000,-0.0362000,0.0000000,6.2718000,-0.0386000,-0.4773000
20240122,491,C,0.0550,0.0550,0.0550,0.0550,0,0,0.0844000,0.0208000,0.0000000,3.9484000,-0.0181000,0.2701000
20240122,491,P,14.5200,14.5200,14.5200,14.5200,0,0,0.1475000,-0.8765000,0.0000000,16.0932000,-0.0558000,-11.8403000
20240123,416,C,61.0150,61.0150,61.0150,61.0150,0,0,,,,,,
20240123,416,P,0.0450,0.0450,0.0450,0.0450,0,0,0.3085000,-0.0047000,0.0000000,1.1528000,-0.0158000,-0.0700000
20240123,448,C,29.1250,29.1250,29.1250,29.1250,0,0,0.1583871,0.9893835,0.0021433,0.0232259,-0.0712498,0.1332918
20240123,448,P,0.1050,0.1050,0.1050,0.1050,0,0,0.1762000,-0.0187000,0.0000000,3.7853000,-0.0290000,-0.2717000
20240123,480,C,1.5550,1.5550,1.5550,1.5550,0,0,0.0819000,0.3447000,0.0000000,30.4682000,-0.1371000,4.9041000
20240123,480,P,4.5650,4.5650,4.5650,4.5650,0,0,0.0899000,-0.6414000,0.0000000,30.9019000,-0.0812000,-9.3482000
20240123,512,P,35.5150,35.5150,35.5150,35.5150,0,0,0.2805000,-0.9221000,0.0000000,12.0463000,-0.0845000,-14.3115000
20240123,405,C,71.9900,71.9900,71.9900,71.9900,0,0,,,,,,
20240123,405,P,0.0350,0.0350,0.0350,0.0350,0,0,0.3515000,-0.0032000,0.0000000,0.8173000,-0.0128000,-0.0478000
20240123,437,C,40.0750,40.0750,40.0750,40.0750,0,0,0.1834998,0.9972228,0.0005623,0.0070591,-0.0595269,0.1311175
20240123,437,P,0.0750,0.0750,0.0750,0.0750,0,0,0.2231000,-0.0109000,0.0000000,2.3815000,-0.0233000,-0.1590000
20240123,469,C,8.7750,8.7750,8.7750,8.7750,0,0,0.0931000,0.8608000,0.0000000,18.3302000,-0.1360000,12.0976000
20240123,469,P,0.7250,0.7250,0.7250,0.7250,0,0,0.1019000,-0.1606000,0.0000000,20.1801000,-0.0823000,-2.3287000
20240123,426,C,51.0450,51.0450,51.0450,51.0450,0,0,,,,,,
20240123,426,P,0.0550,0.0550,0.0550,0.0550,0,0,0.2675000,-0.0067000,0.0000000,1.5696000,-0.0186000,-0.0990000
20240123,458,C,19.2050,19.2050,19.2050,19.2050,0,0,0.1245782,0.9713886,0.0063483,0.0541090,-0.0853344,0.1336975
20240123,458,P,0.1750,0.1750,0.1750,0.1750,0,0,0.1342000,-0.0378000,0.0000000,6.8125000,-0.0389000,-0.5484000
20240123,490,C,0.0950,0.0950,0.0950,0.0950,0,0,0.0827000,0.0336000,0.0000000,6.1810000,-0.0255000,0.4798000
20240123,490,P,13.5250,13.5250,13.5250,13.5250,0,0,0.1370000,-0.8637000,0.0000000,18.0701000,-0.0507000,-12.8107000
20240123,522,P,45.5150,45.5150,45.5150,45.5150,0,0,0.3391000,-0.9323000,0.0000000,10.8156000,-0.0954000,-14.7597000
20240123,415,C,62.0150,62.0150,62.0150,62.0150,0,0,,,,,,
20240123,415,P,0.0450,0.0450,0.0450,0.0450,0,0,0.3144000,-0.0048000,0.0000000,1.1623000,-0.0162000,-0.0707000
20240123,447,C,30.1150,30.1150,30.1150,30.1150,0,0,0.1592150,0.9911737,0.0018144,0.0197647,-0.0688154,0.1332505
20240123,447,P,0.0950,0.0950,0.0950,0.0950,0,0,0.1787000,-0.0167000,0.0000000,3.4506000,-0.0268000,-0.2438000
20240123,479,C,1.9400,1.9400,1.9400,1.9400,0,0,0.0826000,0.4011000,0.0000000,31.9799000,-0.1476000,5.7015000
20240123,479,P,3.9350,3.9350,3.9350,3.9350,0,0,0.0896000,-0.5908000,0.0000000,32.1398000,-0.0894000,-8.6021000
20240123,404,C,72.9900,72.9900,72.9900,72.9900,0,0,,,,,,
20240123,404,P,0.0350,0.0350,0.0350,0.0350,0,0,0.3574000,-0.0033000,0.0000000,0.8257000,-0.0131000,-0.0483000
20240123,436,C,41.0750,41.0750,41.0750,41.0750,0,0,0.1897153,0.9970452,0.0005751,0.0074648,-0.0599425,0.1307906
20240123,436,P,0.0750,0.0750,0.0750,0.0750,0,0,0.2285000,-0.0107000,0.0000000,2.3556000,-0.0237000,-0.1570000
20240123,468,C,9.6650,9.6650,9.6650,9.6650,0,0,0.0944000,0.8847000,0.0000000,16.0754000,-0.1289000,12.4139000
20240123,468,P,0.6150,0.6150,0.6150,0.6150,0,0,0.1042000,-0.1381000,0.0000000,18.2463000,-0.0767000,-2.0024000
20240123,500,C,0.0150,0.0150,0.0150,0.0150,0,0,0.1015000,0.0042000,0.0000000,1.0268000,-0.0050000,0.0601000
20240123,500,P,23.5200,23.5200,23.5200,23.5200,0,0,0.2060000,-0.9005000,0.0000000,14.4536000,-0.0695000,-13.6407000
20240123,425,C,52.0400,52.0400,52.0400,52.0400,0,0,,,,,,
20240123,425,P,0.0550,0.0550,0.0550,0.0550,0,0,0.2724000,-0.0066000,0.0000000,1.5453000,-0.0186000,-0.0973000
20240123,457,C,20.1950,20.1950,20.1950,20.1950,0,0,0.1284247,0.9740129,0.0056833,0.0499364,-0.0838768,0.1337760
20240123,457,P,0.1650,0.1650,0.1650,0.1650,0,0,0.1386000,-0.0350000,0.0000000,6.3950000,-0.0378000,-0.5077000
20240123,489,C,0.1250,0.1250,0.1250,0.1250,0,0,0.0817000,0.0437000,0.0000000,7.6683000,-0.0315000,0.6250000
20240123,489,P,12.5250,12.5250,12.5250,12.5250,0,0,0.1296000,-0.8579000,0.0000000,18.5950000,-0.0482000,-12.6965000
20240123,414,C,63.0150,63.0150,63.0150,63.0150,0,0,,,,,,
20240123,414,P,0.0450,0.0450,0.0450,0.0450,0,0,0.3183000,-0.0046000,0.0000000,1.1250000,-0.0159000,-0.0682000
20240123,446,C,31.1150,31.1150,31.1150,31.1150,0,0,0.1647110,0.9911758,0.0017535,0.0197605,-0.0691829,0.1329495
20240123,446,P,0.0950,0.0950,0.0950,0.0950,0,0,0.1840000,-0.0164000,0.0000000,3.3851000,-0.0271000,-0.2385000
20240123,478,C,2.3900,2.3900,2.3900,2.3900,0,0,0.0834000,0.4587000,0.0000000,32.8219000,-0.1559000,6.5151000
20240123,478,P,3.3650,3.3650,3.3650,3.3650,0,0,0.0896000,-0.5379000,0.0000000,32.8488000,-0.0960000,-7.8264000
20240123,510,C,0.0150,0.0150,0.0150,0.0150,0,0,0.1386000,0.0030000,0.0000000,0.7596000,-0.0049000,0.0429000
20240123,510,P,33.5150,33.5150,33.5150,33.5150,0,0,0.2683000,-0.9195000,0.0000000,12.3435000,-0.0819000,-14.2147000
20240123,403,C,73.9900,73.9900,73.9900,73.9900,0,0,,,,,,
20240123,403,P,0.0250,0.0250,0.0250,0.0250,0,0,0.3476000,-0.0023000,0.0000000,0.5991000,-0.0093000,-0.0338000
20240123,435,C,42.0650,42.0650,42.0650,42.0650,0,0,0.1777660,0.9986940,0.0002924,0.0035566,-0.0563539,0.1307290
20240123,435,P,0.0650,0.0650,0.0650,0.0650,0,0,0.2285000,-0.0092000,0.0000000,2.0588000,-0.0207000,-0.1345000
20240123,467,C,10.5700,10.5700,10.5700,10.5700,0,0,0.0957000,0.9054000,0.0000000,13.9366000,-0.1218000,12.6824000
20240123,467,P,0.5250,0.5250,0.5250,0.5250,0,0,0.1066000,-0.1190000,0.0000000,16.4572000,-0.0714000,-1.7256000
20240123,499,C,0.0250,0.0250,0.0250,0.0250,0,0,0.1044000,0.0071000,0.0000000,1.6422000,-0.0082000,0.1020000
20240123,499,P,22.5250,22.5250,22.5250,22.5250,0,0,0.1994000,-0.8980000,0.0000000,14.7180000,-0.0679000,-13.5746000
20240123,424,C,53.0350,53.0350,53.0350,53.0350,0,0,,,,,,
20240123,424,P,0.0550,0.0550,0.0550,0.0550,0,0,0.2773000,-0.0065000,0.0000000,1.5218000,-0.0187000,-0.0956000
20240123,456,C,21.1800,21.1800,21.1800,21.1800,0,0,0.1309469,0.9773961,0.0049577,0.0444167,-0.0812412,0.1339649
20240123,456,P,0.1550,0.1550,0.1550,0.1550,0,0,0.1425000,-0.0320000,0.0000000,5.9483000,-0.0363000,-0.4650000
20240123,520,P,43.5150,43.5150,43.5150,43.5150,0,0,0.3276000,-0.9306000,0.0000000,11.0293000,-0.0934000,-14.6744000
20240123,488,C,0.1650,0.1650,0.1650,0.1650,0,0,0.0808000,0.0566000,0.0000000,9.4216000,-0.0385000,0.8089000
20240123,488,P,11.5250,11.5250,11.5250,11.5250,0,0,0.1221000,-0.8510000,0.0000000,19.1916000,-0.0459000,-12.5683000
20240123,413,C,64.0100,64.0100,64.0100,64.0100,0,0,,,,,,
20240123,413,P,0.0350,0.0350,0.0350,0.0350,0,0,0.3144000,-0.0037000,0.0000000,0.9208000,-0.0128000,-0.0545000
20240123,445,C,32.1050,32.1050,32.1050,32.1050,0,0,0.1646687,0.9928976,0.0014492,0.0163267,-0.0665879,0.1328984
20240123,445,P,0.0950,0.0950,0.0950,0.0950,0,0,0.1894000,-0.0160000,0.0000000,3.3230000,-0.0274000,-0.2334000
20240123,477,C,2.9000,2.9000,2.9000,2.9000,0,0,0.0843000,0.5162000,0.0000000,32.9713000,-0.1617000,7.3252000
20240123,477,P,2.8650,2.8650,2.8650,2.8650,0,0,0.0901000,-0.4844000,0.0000000,32.9734000,-0.1011000,-7.0422000
20240123,402,C,74.9850,74.9850,74.9850,74.9850,0,0,,,,,,
20240123,402,P,0.0250,0.0250,0.0250,0.0250,0,0,0.3515000,-0.0022000,0.0000000,0.5825000,-0.0091000,-0.0328000
20240123,434,C,43.0650,43.0650,43.0650,43.0650,0,0,0.1853857,0.9984576,0.0003264,0.0041403,-0.0568317,0.1303937
20240123,434,P,0.0650,0.0650,0.0650,0.0650,0,0,0.2333000,-0.0090000,0.0000000,2.0185000,-0.0207000,-0.1316000
20240123,466,C,11.4950,11.4950,11.4950,11.4950,0,0,0.0964000,0.9238000,0.0000000,11.8501000,-0.1143000,12.9190000
20240123,466,P,0.4550,0.4550,0.4550,0.4550,0,0,0.1094000,-0.1033000,0.0000000,14.8709000,-0.0667000,-1.4978000
20240123,498,C,0.0250,0.0250,0.0250,0.0250,0,0,0.1005000,0.0075000,0.0000000,1.7203000,-0.0083000,0.1076000
20240123,498,P,21.5250,21.5250,21.5250,21.5250,0,0,0.1928000,-0.8953000,0.0000000,15.0056000,-0.0663000,-13.5050000
20240123,530,P,53.5150,53.5150,53.5150,53.5150,0,0,0.3839000,-0.9382000,0.0000000,10.0777000,-0.1030000,-15.0852000
20240123,423,C,54.0350,54.0350,54.0350,54.0350,0,0,,,,,,
20240123,423,P,0.0450,0.0450,0.0450,0.0450,0,0,0.2753000,-0.0054000,0.0000000,1.2870000,-0.0157000,-0.0791000
20240123,455,C,22.1750,22.1750,22.1750,22.1750,0,0,0.1354451,0.9788390,0.0045334,0.0420102,-0.0806299,0.1338722
20240123,455,P,0.1450,0.1450,0.1450,0.1450,0,0,0.1464000,-0.0294000,0.0000000,5.5440000,-0.0348000,-0.4272000
20240123,487,C,0.2250,0.2250,0.2250,0.2250,0,0,0.0804000,0.0744000,0.0000000,11.6385000,-0.0476000,1.0618000
20240123,487,P,10.5450,10.5450,10.5450,10.5450,0,0,0.1154000,-0.8414000,0.0000000,20.0036000,-0.0451000,-12.4007000
20240123,412,C,65.0050,65.0050,65.0050,65.0050,0,0,,,,,,
20240123,412,P,0.0350,0.0350,0.0350,0.0350,0,0,0.3183000,-0.0036000,0.0000000,0.8924000,-0.0126000,-0.0526000
20240123,444,C,33.1050,33.1050,33.1050,33.1050,0,0,0.1702059,0.9928444,0.0014113,0.0164345,-0.0669559,0.1325893
20240123,444,P,0.0850,0.0850,0.0850,0.0850,0,0,0.1914000,-0.0143000,0.0000000,3.0067000,-0.0251000,-0.2078000
20240123,476,C,3.4650,3.4650,3.4650,3.4650,0,0,0.0850000,0.5724000,0.0000000,32.4526000,-0.1645000,8.1160000
20240123,476,P,2.4300,2.4300,2.4300,2.4300,0,0,0.0911000,-0.4319000,0.0000000,32.5177000,-0.1044000,-6.2760000
20240123,508,C,0.0150,0.0150,0.0150,0.0150,0,0,0.1308000,0.0030000,0.0000000,0.7756000,-0.0048000,0.0439000
20240123,508,P,31.5150,31.5150,31.5150,31.5150,0,0,0.2561000,-0.9166000,0.0000000,12.6810000,-0.0794000,-14.1124000
20240123,540,P,63.5150,63.5150,63.5150,63.5150,0,0,0.4379000,-0.9437000,0.0000000,9.3656000,-0.1117000,-15.4657000
20240123,433,C,44.0650,44.0650,44.0650,44.0650,0,0,0.1926239,0.9982396,0.0003544,0.0046701,-0.0572958,0.1300610
20240123,433,P,0.0650,0.0650,0.0650,0.0650,0,0,0.2382000,-0.0088000,0.0000000,1.9799000,-0.0208000,-0.1287000
20240123,465,C,12.4350,12.4350,12.4350,12.4350,0,0,0.0976000,0.9382000,0.0000000,10.0779000,-0.1079000,13.0979000
20240123,465,P,0.3850,0.3850,0.3850,0.3850,0,0,0.1115000,-0.0884000,0.0000000,13.2595000,-0.0610000,-1.2815000
20240123,497,C,0.0250,0.0250,0.0250,0.0250,0,0,0.0957000,0.0074000,0.0000000,1.7041000,-0.0079000,0.1064000
20240123,497,P,20.5250,20.5250,20.5250,20.5250,0,0,0.1861000,-0.8924000,0.0000000,15.3030000,-0.0646000,-13.4335000
20240123,422,C,55.0300,55.0300,55.0300,55.0300,0,0,,,,,,
20240123,422,P,0.0450,0.0450,0.0450,0.0450,0,0,0.2802000,-0.0053000,0.0000000,1.2704000,-0.0158000,-0.0780000
20240123,454,C,23.1650,23.1650,23.1650,23.1650,0,0,0.1385701,0.9810785,0.0040300,0.0382070,-0.0788406,0.1338955
20240123,454,P,0.1350,0.1350,0.1350,0.1350,0,0,0.1503000,-0.0271000,0.0000000,5.1774000,-0.0334000,-0.3935000
20240123,486,C,0.3050,0.3050,0.3050,0.3050,0,0,0.0802000,0.0967000,0.0000000,14.1654000,-0.0582000,1.3797000
20240123,486,P,9.5900,9.5900,9.5900,9.5900,0,0,0.1101000,-0.8271000,0.0000000,21.1586000,-0.0471000,-12.1657000
20240123,518,P,41.5150,41.5150,41.5150,41.5150,0,0,0.3159000,-0.9288000,0.0000000,11.2472000,-0.0910000,-14.5885000
20240123,411,C,66.0050,66.0050,66.0050,66.0050,0,0,,,,,,
20240123,411,P,0.0350,0.0350,0.0350,0.0350,0,0,0.3242000,-0.0036000,0.0000000,0.9029000,-0.0130000,-0.0533000
20240123,443,C,34.0950,34.0950,34.0950,34.0950,0,0,0.1689590,0.9945218,0.0011222,0.0129729,-0.0641807,0.1325319
20240123,443,P,0.0850,0.0850,0.0850,0.0850,0,0,0.1962000,-0.0138000,0.0000000,2.9250000,-0.0251000,-0.2013000
20240123,475,C,4.0850,4.0850,4.0850,4.0850,0,0,0.0858000,0.6262000,0.0000000,31.3308000,-0.1651000,8.8702000
20240123,475,P,2.0500,2.0500,2.0500,2.0500,0,0,0.0922000,-0.3817000,0.0000000,31.5374000,-0.1054000,-5.5431000
20240123,432,C,45.0600,45.0600,45.0600,45.0600,0,0,0.1869687,0.9989534,0.0002270,0.0029040,-0.0555940,0.1298637
20240123,432,P,0.0650,0.0650,0.0650,0.0650,0,0,0.2441000,-0.0088000,0.0000000,1.9863000,-0.0214000,-0.1292000
20240123,464,C,13.3800,13.3800,13.3800,13.3800,0,0,0.0985000,0.9508000,0.0000000,8.4187000,-0.1016000,13.2499000
20240123,464,P,0.3450,0.3450,0.3450,0.3450,0,0,0.1152000,-0.0784000,0.0000000,12.1140000,-0.0579000,-1.1364000
20240123,496,C,0.0250,0.0250,0.0250,0.0250,0,0,0.0917000,0.0079000,0.0000000,1.7979000,-0.0080000,0.1131000
20240123,496,P,19.5250,19.5250,19.5250,19.5250,0,0,0.1793000,-0.8894000,0.0000000,15.6120000,-0.0627000,-13.3597000
20240123,421,C,56.0300,56.0300,56.0300,56.0300,0,0,,,,,,
20240123,421,P,0.0450,0.0450,0.0450,0.0450,0,0,0.2851000,-0.0052000,0.0000000,1.2540000,-0.0158000,-0.0769000
20240123,453,C,24.1550,24.1550,24.1550,24.1550,0,0,0.1413924,0.9832243,0.0035641,0.0344786,-0.0769386,0.1339052
20240123,453,P,0.1250,0.1250,0.1250,0.1250,0,0,0.1538000,-0.0247000,0.0000000,4.7862000,-0.0317000,-0.3583000
20240123,485,C,0.4150,0.4150,0.4150,0.4150,0,0,0.0803000,0.1249000,0.0000000,17.0184000,-0.0707000,1.7812000
20240123,485,P,8.6200,8.6200,8.6200,8.6200,0,0,0.1033000,-0.8135000,0.0000000,22.1877000,-0.0465000,-11.9415000
20240123,410,C,67.0050,67.0050,67.0050,67.0050,0,0,,,,,,
20240123,410,P,0.0350,0.0350,0.0350,0.0350,0,0,0.3281000,-0.0035000,0.0000000,0.8754000,-0.0128000,-0.0515000
20240123,442,C,35.0950,35.0950,35.0950,35.0950,0,0,0.1745903,0.9944184,0.0011042,0.0131901,-0.0645558,0.1322156
20240123,442,P,0.0850,0.0850,0.0850,0.0850,0,0,0.2011000,-0.0134000,0.0000000,2.8478000,-0.0250000,-0.1952000
20240123,474,C,4.7650,4.7650,4.7650,4.7650,0,0,0.0869000,0.6764000,0.0000000,29.7161000,-0.1636000,9.5697000
20240123,474,P,1.7200,1.7200,1.7200,1.7200,0,0,0.0932000,-0.3343000,0.0000000,30.1109000,-0.1042000,-4.8527000
20240123,506,C,0.0150,0.0150,0.0150,0.0150,0,0,0.1230000,0.0031000,0.0000000,0.7957000,-0.0046000,0.0452000
20240123,506,P,29.5150,29.5150,29.5150,29.5150,0,0,0.2436000,-0.9135000,0.0000000,13.0406000,-0.0768000,-14.0066000
20240123,431,C,46.0550,46.0550,46.0550,46.0550,0,0,0.1689542,0.9997497,0.0000669,0.0007728,-0.0536437,0.1296782
20240123,431,P,0.0650,0.0650,0.0650,0.0650,0,0,0.2490000,-0.0086000,0.0000000,1.9491000,-0.0214000,-0.1265000
20240123,463,C,14.3400,14.3400,14.3400,14.3400,0,0,0.0993000,0.9611000,0.0000000,6.9644000,-0.0959000,13.3689000
20240123,463,P,0.2950,0.2950,0.2950,0.2950,0,0,0.1174000,-0.0674000,0.0000000,10.7868000,-0.0528000,-0.9766000
20240123,495,C,0.0350,0.0350,0.0350,0.0350,0,0,0.0922000,0.0114000,0.0000000,2.4889000,-0.0112000,0.1641000
20240123,495,P,18.5250,18.5250,18.5250,18.5250,0,0,0.1724000,-0.8860000,0.0000000,15.9513000,-0.0609000,-13.2811000
20240123,420,C,57.0250,57.0250,57.0250,57.0250,0,0,,,,,,
20240123,420,P,0.0450,0.0450,0.0450,0.0450,0,0,0.2900000,-0.0051000,0.0000000,1.2380000,-0.0159000,-0.0758000
20240123,452,C,25.1450,25.1450,25.1450,25.1450,0,0,0.1438623,0.9852912,0.0031293,0.0308010,-0.0749201,0.1339037
20240123,452,P,0.1250,0.1250,0.1250,0.1250,0,0,0.1591000,-0.0238000,0.0000000,4.6504000,-0.0319000,-0.3463000
20240123,484,C,0.5550,0.5550,0.5550,0.5550,0,0,0.0804000,0.1583000,0.0000000,19.9899000,-0.0839000,2.2573000
20240123,484,P,7.7100,7.7100,7.7100,7.7100,0,0,0.0988000,-0.7916000,0.0000000,23.7275000,-0.0505000,-11.6000000
20240123,516,P,39.5150,39.5150,39.5150,39.5150,0,0,0.3041000,-0.9268000,0.0000000,11.4905000,-0.0888000,-14.4993000
20240123,409,C,68.0000,68.0000,68.0000,68.0000,0,0,,,,,,
20240123,409,P,0.0350,0.0350,0.0350,0.0350,0,0,0.3320000,-0.0034000,0.0000000,0.8490000,-0.0125000,-0.0498000
20240123,441,C,36.0900,36.0900,36.0900,36.0900,0,0,0.1762187,0.9951792,0.0009603,0.0115777,-0.0632839,0.1320250
20240123,441,P,0.0850,0.0850,0.0850,0.0850,0,0,0.2065000,-0.0132000,0.0000000,2.8069000,-0.0254000,-0.1920000
20240123,473,C,5.4900,5.4900,5.4900,5.4900,0,0,0.0882000,0.7221000,0.0000000,27.7406000,-0.1605000,10.2038000
20240123,473,P,1.4450,1.4450,1.4450,1.4450,0,0,0.0945000,-0.2907000,0.0000000,28.3502000,-0.1014000,-4.2190000
20240123,505,C,0.0150,0.0150,0.0150,0.0150,0,0,0.1191000,0.0032000,0.0000000,0.8077000,-0.0045000,0.0460000
20240123,505,P,28.5150,28.5150,28.5150,28.5150,0,0,0.2374000,-0.9117000,0.0000000,13.2398000,-0.0755000,-13.9510000
20240123,430,C,47.0550,47.0550,47.0550,47.0550,0,0,0.1844129,0.9994504,0.0001272,0.0016045,-0.0542542,0.1293338
20240123,430,P,0.0550,0.0550,0.0550,0.0550,0,0,0.2480000,-0.0073000,0.0000000,1.6740000,-0.0183000,-0.1064000
20240123,462,C,15.3000,15.3000,15.3000,15.3000,0,0,0.0988000,0.9711000,0.0000000,5.4431000,-0.0895000,13.4844000
20240123,462,P,0.2650,0.2650,0.2650,0.2650,0,0,0.1208000,-0.0597000,0.0000000,9.8227000,-0.0497000,-0.8659000
20240123,494,C,0.0350,0.0350,0.0350,0.0350,0,0,0.0878000,0.0120000,0.0000000,2.5929000,-0.0111000,0.1721000
20240123,494,P,17.5250,17.5250,17.5250,17.5250,0,0,0.1656000,-0.8822000,0.0000000,16.3249000,-0.0592000,-13.1968000
20240123,419,C,58.0250,58.0250,58.0250,58.0250,0,0,,,,,,
20240123,419,P,0.0450,0.0450,0.0450,0.0450,0,0,0.2949000,-0.0051000,0.0000000,1.2223000,-0.0160000,-0.0747000
20240123,451,C,26.1350,26.1350,26.1350,26.1350,0,0,0.1459091,0.9872942,0.0027193,0.0271464,-0.0727785,0.1338929
20240123,451,P,0.1150,0.1150,0.1150,0.1150,0,0,0.1625000,-0.0218000,0.0000000,4.3152000,-0.0303000,-0.3169000
20240123,483,C,0.7300,0.7300,0.7300,0.7300,0,0,0.0807000,0.1977000,0.0000000,22.9964000,-0.0980000,2.8168000
20240123,483,P,6.8400,6.8400,6.8400,6.8400,0,0,0.0952000,-0.7637000,0.0000000,25.4929000,-0.0563000,-11.1731000
20240123,515,P,38.5150,38.5150,38.5150,38.5150,0,0,0.2983000,-0.9257000,0.0000000,11.6228000,-0.0878000,-14.4533000
20240123,525,P,48.5150,48.5150,48.5150,48.5150,0,0,0.3560000,-0.9347000,0.0000000,10.5166000,-0.0983000,-14.8846000
20240123,440,C,37.0850,37.0850,37.0850,37.0850,0,0,0.1773344,0.9959284,0.0008206,0.0099562,-0.0619570,0.1318327
20240123,440,P,0.0750,0.0750,0.0750,0.0750,0,0,0.2080000,-0.0116000,0.0000000,2.5232000,-0.0230000,-0.1697000
20240123,408,C,69.0000,69.0000,69.0000,69.0000,0,0,,,,,,
20240123,408,P,0.0350,0.0350,0.0350,0.0350,0,0,0.3378000,-0.0034000,0.0000000,0.8587000,-0.0129000,-0.0504000
20240123,472,C,6.2600,6.2600,6.2600,6.2600,0,0,0.0895000,0.7633000,0.0000000,25.5167000,-0.1558000,10.7725000
20240123,472,P,1.2150,1.2150,1.2150,1.2150,0,0,0.0962000,-0.2519000,0.0000000,26.3957000,-0.0978000,-3.6549000
20240123,504,C,0.0150,0.0150,0.0150,0.0150,0,0,0.1152000,0.0032000,0.0000000,0.8211000,-0.0045000,0.0468000
20240123,504,P,27.5150,27.5150,27.5150,27.5150,0,0,0.2310000,-0.9099000,0.0000000,13.4403000,-0.0740000,-13.8950000
20240123,429,C,48.0500,48.0500,48.0500,48.0500,0,0,,,,,,
20240123,429,P,0.0550,0.0550,0.0550,0.0550,0,0,0.2529000,-0.0071000,0.0000000,1.6467000,-0.0184000,-0.1044000
20240123,461,C,16.2700,16.2700,16.2700,16.2700,0,0,0.0981000,0.9793000,0.0000000,4.1217000,-0.0839000,13.5719000
20240123,461,P,0.2350,0.2350,0.2350,0.2350,0,0,0.1240000,-0.0528000,0.0000000,8.9112000,-0.0465000,-0.7653000
20240123,493,C,0.0450,0.0450,0.0450,0.0450,0,0,0.0869000,0.0159000,0.0000000,3.2945000,-0.0141000,0.2272000
20240123,493,P,16.5250,16.5250,16.5250,16.5250,0,0,0.1585000,-0.8783000,0.0000000,16.7015000,-0.0570000,-13.1110000
20240123,535,P,58.5150,58.5150,58.5150,58.5150,0,0,0.4111000,-0.9412000,0.0000000,9.6938000,-0.1074000,-15.2788000
20240123,450,C,27.1350,27.1350,27.1350,27.1350,0,0,0.1514016,0.9874349,0.0025955,0.0268860,-0.0731620,0.1336118
20240123,450,P,0.1150,0.1150,0.1150,0.1150,0,0,0.1679000,-0.0211000,0.0000000,4.2071000,-0.0306000,-0.3076000
20240123,418,C,59.0200,59.0200,59.0200,59.0200,0,0,,,,,,
20240123,418,P,0.0450,0.0450,0.0450,0.0450,0,0,0.2988000,-0.0049000,0.0000000,1.1816000,-0.0157000,-0.0720000
20240123,482,C,0.9550,0.9550,0.9550,0.9550,0,0,0.0809000,0.2418000,0.0000000,25.8211000,-0.1116000,3.4441000
20240123,482,P,6.0200,6.0200,6.0200,6.0200,0,0,0.0926000,-0.7290000,0.0000000,27.3982000,-0.0639000,-10.6499000
20240123,514,P,37.5150,37.5150,37.5150,37.5150,0,0,0.2924000,-0.9245000,0.0000000,11.7627000,-0.0868000,-14.4063000
20240123,407,C,69.9950,69.9950,69.9950,69.9950,0,0,,,,,,
20240123,407,P,0.0350,0.0350,0.0350,0.0350,0,0,0.3437000,-0.0034000,0.0000000,0.8678000,-0.0133000,-0.0510000
20240123,439,C,38.0850,38.0850,38.0850,38.0850,0,0,0.1831601,0.9957865,0.0008192,0.0102661,-0.0623470,0.1315110
20240123,439,P,0.0750,0.0750,0.0750,0.0750,0,0,0.2128000,-0.0113000,0.0000000,2.4642000,-0.0230000,-0.1652000
20240123,471,C,7.0650,7.0650,7.0650,7.0650,0,0,0.0904000,0.8009000,0.0000000,23.0895000,-0.1494000,11.2886000
20240123,471,P,1.0200,1.0200,1.0200,1.0200,0,0,0.0982000,-0.2177000,0.0000000,24.3496000,-0.0934000,-3.1580000
20240123,545,P,68.5150,68.5150,68.5150,68.5150,0,0,0.4643000,-0.9459000,0.0000000,9.0746000,-0.1160000,-15.6480000
20240123,428,C,49.0450,49.0450,49.0450,49.0450,0,0,,,,,,
20240123,428,P,0.0550,0.0550,0.0550,0.0550,0,0,0.2578000,-0.0070000,0.0000000,1.6202000,-0.0184000,-0.1026000
20240123,460,C,17.2500,17.2500,17.2500,17.2500,0,0,0.0986000,0.9844000,0.0000000,3.2258000,-0.0801000,13.6165000
20240123,460,P,0.2150,0.2150,0.2150,0.2150,0,0,0.1276000,-0.0474000,0.0000000,8.1785000,-0.0441000,-0.6873000
20240123,492,C,0.0550,0.0550,0.0550,0.0550,0,0,0.0849000,0.0197000,0.0000000,3.9639000,-0.0166000,0.2822000
20240123,492,P,15.5250,15.5250,15.5250,15.5250,0,0,0.1514000,-0.8740000,0.0000000,17.1201000,-0.0550000,-13.0181000
20240123,524,P,47.5150,47.5150,47.5150,47.5150,0,0,0.3503000,-0.9340000,0.0000000,10.6055000,-0.0972000,-14.8442000
20240123,417,C,60.0200,60.0200,60.0200,60.0200,0,0,,,,,,
20240123,417,P,0.0450,0.0450,0.0450,0.0450,0,0,0.3046000,-0.0049000,0.0000000,1.1918000,-0.0161000,-0.0727000
20240123,449,C,28.1250,28.1250,28.1250,28.1250,0,0,0.1529018,0.9893182,0.0022321,0.0233503,-0.0708766,0.1335838
20240123,449,P,0.1050,0.1050,0.1050,0.1050,0,0,0.1708000,-0.0192000,0.0000000,3.8703000,-0.0287000,-0.2788000
20240123,481,C,1.2250,1.2250,1.2250,1.2250,0,0,0.0812000,0.2911000,0.0000000,28.3664000,-0.1248000,4.1440000
20240123,481,P,5.2600,5.2600,5.2600,5.2600,0,0,0.0909000,-0.6879000,0.0000000,29.2641000,-0.0725000,-10.0373000
20240123,406,C,70.9950,70.9950,70.9950,70.9950,0,0,,,,,,
20240123,406,P,0.0350,0.0350,0.0350,0.0350,0,0,0.3476000,-0.0033000,0.0000000,0.8421000,-0.0130000,-0.0494000
20240123,438,C,39.0750,39.0750,39.0750,39.0750,0,0,0.1772081,0.9974133,0.0005460,0.0066204,-0.0591061,0.1314462
20240123,438,P,0.0750,0.0750,0.0750,0.0750,0,0,0.2177000,-0.0110000,0.0000000,2.4082000,-0.0230000,-0.1610000
20240123,470,C,7.9050,7.9050,7.9050,7.9050,0,0,0.0917000,0.8330000,0.0000000,20.6883000,-0.1429000,11.7241000
20240123,470,P,0.8600,0.8600,0.8600,0.8600,0,0,0.1002000,-0.1876000,0.0000000,22.2760000,-0.0883000,-2.7207000
20240123,502,C,0.0150,0.0150,0.0150,0.0150,0,0,0.1074000,0.0034000,0.0000000,0.8532000,-0.0044000,0.0489000
20240123,502,P,25.5150,25.5150,25.5150,25.5150,0,0,0.2183000,-0.9058000,0.0000000,13.8884000,-0.0713000,-13.7761000
20240123,427,C,50.0450,50.0450,50.0450,50.0450,0,0,,,,,,
20240123,427,P,0.0550,0.0550,0.0550,0.0550,0,0,0.2626000,-0.0069000,0.0000000,1.5945000,-0.0185000,-0.1007000
20240123,459,C,18.2300,18.2300,18.2300,18.2300,0,0,0.0966000,0.9900000,0.0000000,2.1889000,-0.0755000,13.6675000
20240123,459,P,0.1950,0.1950,0.1950,0.1950,0,0,0.1313000,-0.0427000,0.0000000,7.5203000,-0.0419000,-0.6193000
20240123,491,C,0.0750,0.0750,0.0750,0.0750,0,0,0.0844000,0.0266000,0.0000000,5.1047000,-0.0214000,0.3809000
20240123,491,P,14.5250,14.5250,14.5250,14.5250,0,0,0.1442000,-0.8692000,0.0000000,17.5678000,-0.0528000,-12.9194000
20240124,416,C,61.0900,61.0900,61.0900,61.0900,0,0,0.2430914,0.9991400,0.0001396,0.0025327,-0.0537260,0.1364286
20240124,416,P,0.0550,0.0550,0.0550,0.0550,0,0,0.3037000,-0.0058000,0.0000000,1.4264000,-0.0176000,-0.0925000
20240124,448,C,29.2100,29.2100,29.2100,29.2100,0,0,0.1622756,0.9845724,0.0027673,0.0335172,-0.0768980,0.1446277
20240124,448,P,0.1250,0.1250,0.1250,0.1250,0,0,0.1738000,-0.0213000,0.0000000,4.4272000,-0.0305000,-0.3389000
20240124,480,C,1.8000,1.8000,1.8000,1.8000,0,0,0.0854000,0.3609000,0.0000000,32.3497000,-0.1399000,5.5946000
20240124,480,P,4.7350,4.7350,4.7350,4.7350,0,0,0.0927000,-0.6281000,0.0000000,32.6733000,-0.0819000,-9.9945000
20240124,405,C,72.0600,72.0600,72.0600,72.0600,0,0,,,,,,
20240124,405,P,0.0350,0.0350,0.0350,0.0350,0,0,0.3378000,-0.0033000,0.0000000,0.8720000,-0.0120000,-0.0534000
20240124,437,C,40.1550,40.1550,40.1550,40.1550,0,0,0.1984090,0.9931060,0.0011216,0.0166100,-0.0671189,0.1423661
20240124,437,P,0.0850,0.0850,0.0850,0.0850,0,0,0.2177000,-0.0121000,0.0000000,2.7183000,-0.0238000,-0.1922000
20240124,469,C,9.0000,9.0000,9.0000,9.0000,0,0,0.0977000,0.8410000,0.0000000,20.9331000,-0.1422000,12.8784000
20240124,469,P,0.8850,0.8850,0.8850,0.8850,0,0,0.1055000,-0.1771000,0.0000000,22.4463000,-0.0863000,-2.8046000
20240124,426,C,51.1150,51.1150,51.1150,51.1150,0,0,0.2254535,0.9974096,0.0004115,0.0069237,-0.0587929,0.1394370
20240124,426,P,0.0650,0.0650,0.0650,0.0650,0,0,0.2626000,-0.0079000,0.0000000,1.8836000,-0.0200000,-0.1265000
20240124,458,C,19.3200,19.3200,19.3200,19.3200,0,0,0.1059000,0.9845000,0.0000000,3.3561000,-0.0802000,14.7875000
20240124,458,P,0.2250,0.2250,0.2250,0.2250,0,0,0.1354000,-0.0452000,0.0000000,8.2286000,-0.0432000,-0.7163000
20240124,490,C,0.1350,0.1350,0.1350,0.1350,0,0,0.0844000,0.0439000,0.0000000,8.0358000,-0.0313000,0.6842000
20240124,490,P,13.5250,13.5250,13.5250,13.5250,0,0,0.1343000,-0.8566000,0.0000000,19.5436000,-0.0481000,-13.8630000
20240124,415,C,62.0850,62.0850,62.0850,62.0850,0,0,0.2254297,0.9997047,0.0000560,0.0009417,-0.0519557,0.1361899
20240124,415,P,0.0450,0.0450,0.0450,0.0450,0,0,0.3007000,-0.0047000,0.0000000,1.1982000,-0.0146000,-0.0760000
20240124,447,C,30.2050,30.2050,30.2050,30.2050,0,0,0.1661278,0.9855096,0.0025613,0.0317590,-0.0761513,0.1444474
20240124,447,P,0.1150,0.1150,0.1150,0.1150,0,0,0.1767000,-0.0195000,0.0000000,4.1074000,-0.0288000,-0.3102000
20240124,479,C,2.2000,2.2000,2.2000,2.2000,0,0,0.0860000,0.4130000,0.0000000,33.6440000,-0.1489000,6.3979000
20240124,479,P,4.1250,4.1250,4.1250,4.1250,0,0,0.0927000,-0.5803000,0.0000000,33.7645000,-0.0896000,-9.2264000
20240124,404,C,73.0600,73.0600,73.0600,73.0600,0,0,,,,,,
20240124,404,P,0.0350,0.0350,0.0350,0.0350,0,0,0.3417000,-0.0032000,0.0000000,0.8495000,-0.0118000,-0.0518000
20240124,436,C,41.1500,41.1500,41.1500,41.1500,0,0,0.2007562,0.9937430,0.0010174,0.0152455,-0.0660546,0.1421388
20240124,436,P,0.0850,0.0850,0.0850,0.0850,0,0,0.2226000,-0.0118000,0.0000000,2.6685000,-0.0239000,-0.1882000
20240124,468,C,9.8750,9.8750,9.8750,9.8750,0,0,0.0988000,0.8658000,0.0000000,18.6804000,-0.1355000,13.2382000
20240124,468,P,0.7550,0.7550,0.7550,0.7550,0,0,0.1074000,-0.1538000,0.0000000,20.4815000,-0.0809000,-2.4340000
20240124,500,C,0.0250,0.0250,0.0250,0.0250,0,0,0.1035000,0.0068000,0.0000000,1.6485000,-0.0075000,0.1064000
20240124,500,P,23.5200,23.5200,23.5200,23.5200,0,0,0.2015000,-0.8949000,0.0000000,15.7195000,-0.0665000,-14.7917000
20240124,425,C,52.1150,52.1150,52.1150,52.1150,0,0,0.2317858,0.9972505,0.0004223,0.0073066,-0.0592127,0.1390833
20240124,425,P,0.0650,0.0650,0.0650,0.0650,0,0,0.2675000,-0.0078000,0.0000000,1.8596000,-0.0201000,-0.1247000
20240124,457,C,20.3000,20.3000,20.3000,20.3000,0,0,0.1044000,0.9893000,0.0000000,2.4266000,-0.0761000,14.8310000
20240124,457,P,0.2050,0.2050,0.2050,0.2050,0,0,0.1386000,-0.0408000,0.0000000,7.5677000,-0.0408000,-0.6459000
20240124,489,C,0.1850,0.1850,0.1850,0.1850,0,0,0.0844000,0.0578000,0.0000000,10.0003000,-0.0391000,0.9002000
20240124,489,P,12.5250,12.5250,12.5250,12.5250,0,0,0.1271000,-0.8504000,0.0000000,20.1049000,-0.0457000,-13.7333000
20240124,414,C,63.0800,63.0800,63.0800,63.0800,0,0,,,,,,
20240124,414,P,0.0450,0.0450,0.0450,0.0450,0,0,0.3056000,-0.0047000,0.0000000,1.1889000,-0.0148000,-0.0754000
20240124,446,C,31.1950,31.1950,31.1950,31.1950,0,0,0.1681835,0.9871551,0.0022801,0.0286217,-0.0741994,0.1443797
20240124,446,P,0.1150,0.1150,0.1150,0.1150,0,0,0.1816000,-0.0189000,0.0000000,3.9949000,-0.0289000,-0.3003000
20240124,478,C,2.6600,2.6600,2.6600,2.6600,0,0,0.0868000,0.4661000,0.0000000,34.3420000,-0.1562000,7.2153000
20240124,478,P,3.5700,3.5700,3.5700,3.5700,0,0,0.0930000,-0.5311000,0.0000000,34.3610000,-0.0959000,-8.4372000
20240124,510,C,0.0150,0.0150,0.0150,0.0150,0,0,0.1328000,0.0030000,0.0000000,0.8086000,-0.0046000,0.0478000
20240124,510,P,33.5150,33.5150,33.5150,33.5150,0,0,0.2622000,-0.9146000,0.0000000,13.4858000,-0.0790000,-15.4293000
20240124,435,C,42.1450,42.1450,42.1450,42.1450,0,0,0.2028531,0.9943664,0.0009174,0.0138906,-0.0649566,0.1419093
20240124,435,P,0.0750,0.0750,0.0750,0.0750,0,0,0.2236000,-0.0104000,0.0000000,2.3971000,-0.0216000,-0.1663000
20240124,467,C,10.7700,10.7700,10.7700,10.7700,0,0,0.1005000,0.8860000,0.0000000,16.6641000,-0.1296000,13.5250000
20240124,467,P,0.6550,0.6550,0.6550,0.6550,0,0,0.1098000,-0.1344000,0.0000000,18.7095000,-0.0762000,-2.1282000
20240124,499,C,0.0250,0.0250,0.0250,0.0250,0,0,0.0996000,0.0070000,0.0000000,1.7038000,-0.0075000,0.1105000
20240124,499,P,22.5200,22.5200,22.5200,22.5200,0,0,0.1951000,-0.8922000,0.0000000,16.0089000,-0.0650000,-14.7167000
20240124,424,C,53.1100,53.1100,53.1100,53.1100,0,0,0.2307224,0.9977806,0.0003496,0.0060200,-0.0578519,0.1388392
20240124,424,P,0.0650,0.0650,0.0650,0.0650,0,0,0.2714000,-0.0075000,0.0000000,1.7985000,-0.0198000,-0.1201000
20240124,456,C,21.2850,21.2850,21.2850,21.2850,0,0,0.0996000,0.9944000,0.0000000,1.3796000,-0.0715000,14.8775000
20240124,456,P,0.1950,0.1950,0.1950,0.1950,0,0,0.1430000,-0.0381000,0.0000000,7.1571000,-0.0399000,-0.6032000
20240124,520,P,43.5150,43.5150,43.5150,43.5150,0,0,0.3195000,-0.9264000,0.0000000,12.0525000,-0.0899000,-15.9425000
20240124,488,C,0.2350,0.2350,0.2350,0.2350,0,0,0.0833000,0.0723000,0.0000000,11.8955000,-0.0463000,1.1255000
20240124,488,P,11.5350,11.5350,11.5350,11.5350,0,0,0.1203000,-0.8424000,0.0000000,20.8060000,-0.0442000,-13.5763000
20240124,413,C,64.0800,64.0800,64.0800,64.0800,0,0,,,,,,
20240124,413,P,0.0450,0.0450,0.0450,0.0450,0,0,0.3105000,-0.0046000,0.0000000,1.1796000,-0.0149000,-0.0747000
20240124,445,C,32.1900,32.1900,32.1900,32.1900,0,0,0.1717460,0.9880058,0.0021041,0.0269725,-0.0733714,0.1441858
20240124,445,P,0.1050,0.1050,0.1050,0.1050,0,0,0.1840000,-0.0171000,0.0000000,3.6724000,-0.0269000,-0.2721000
20240124,477,C,3.1800,3.1800,3.1800,3.1800,0,0,0.0878000,0.5190000,0.0000000,34.4266000,-0.1615000,8.0263000
20240124,477,P,3.0800,3.0800,3.0800,3.0800,0,0,0.0936000,-0.4817000,0.0000000,34.4297000,-0.1005000,-7.6473000
20240124,434,C,43.1450,43.1450,43.1450,43.1450,0,0,0.2084153,0.9942735,0.0009060,0.0140939,-0.0653263,0.1415660
20240124,434,P,0.0750,0.0750,0.0750,0.0750,0,0,0.2285000,-0.0102000,0.0000000,2.3582000,-0.0217000,-0.1632000
20240124,466,C,11.6800,11.6800,11.6800,11.6800,0,0,0.1018000,0.9044000,0.0000000,14.6616000,-0.1231000,13.7843000
20240124,466,P,0.5650,0.5650,0.5650,0.5650,0,0,0.1120000,-0.1171000,0.0000000,16.9859000,-0.0711000,-1.8527000
20240124,498,C,0.0250,0.0250,0.0250,0.0250,0,0,0.0957000,0.0073000,0.0000000,1.7666000,-0.0075000,0.1151000
20240124,498,P,21.5200,21.5200,21.5200,21.5200,0,0,0.1887000,-0.8894000,0.0000000,16.3068000,-0.0634000,-14.6400000
20240124,530,P,53.5150,53.5150,53.5150,53.5150,0,0,0.3742000,-0.9343000,0.0000000,11.0340000,-0.0995000,-16.3961000
20240124,423,C,54.1100,54.1100,54.1100,54.1100,0,0,0.2373122,0.9976153,0.0003627,0.0064245,-0.0582842,0.1384845
20240124,423,P,0.0550,0.0550,0.0550,0.0550,0,0,0.2705000,-0.0064000,0.0000000,1.5643000,-0.0171000,-0.1025000
20240124,455,C,22.2700,22.2700,22.2700,22.2700,0,0,0.0937000,0.9976000,0.0000000,0.6399000,-0.0684000,14.8954000
20240124,455,P,0.1750,0.1750,0.1750,0.1750,0,0,0.1455000,-0.0338000,0.0000000,6.4954000,-0.0370000,-0.5358000
20240124,487,C,0.3150,0.3150,0.3150,0.3150,0,0,0.0833000,0.0929000,0.0000000,14.3662000,-0.0563000,1.4454000
20240124,487,P,10.5550,10.5550,10.5550,10.5550,0,0,0.1138000,-0.8323000,0.0000000,21.6638000,-0.0435000,-13.3861000
20240124,412,C,65.0800,65.0800,65.0800,65.0800,0,0,0.2288247,0.9998148,0.0000357,0.0006092,-0.0512893,0.1352225
20240124,412,P,0.0450,0.0450,0.0450,0.0450,0,0,0.3144000,-0.0045000,0.0000000,1.1464000,-0.0147000,-0.0724000
20240124,444,C,33.1850,33.1850,33.1850,33.1850,0,0,0.1751959,0.9888232,0.0019401,0.0253690,-0.0725140,0.1439867
20240124,444,P,0.1050,0.1050,0.1050,0.1050,0,0,0.1894000,-0.0168000,0.0000000,3.6225000,-0.0274000,-0.2679000
20240124,476,C,3.7500,3.7500,3.7500,3.7500,0,0,0.0888000,0.5705000,0.0000000,33.9256000,-0.1645000,8.8141000
20240124,476,P,2.6400,2.6400,2.6400,2.6400,0,0,0.0943000,-0.4332000,0.0000000,33.9816000,-0.1032000,-6.8728000
20240124,540,P,63.5150,63.5150,63.5150,63.5150,0,0,0.4267000,-0.9401000,0.0000000,10.2671000,-0.1081000,-16.8157000
20240124,433,C,44.1400,44.1400,44.1400,44.1400,0,0,0.2102856,0.9948696,0.0008144,0.0127820,-0.0641991,0.1413322
20240124,433,P,0.0750,0.0750,0.0750,0.0750,0,0,0.2333000,-0.0100000,0.0000000,2.3205000,-0.0218000,-0.1603000
20240124,465,C,12.6100,12.6100,12.6100,12.6100,0,0,0.1033000,0.9195000,0.0000000,12.8942000,-0.1174000,13.9905000
20240124,465,P,0.4950,0.4950,0.4950,0.4950,0,0,0.1147000,-0.1028000,0.0000000,15.4750000,-0.0667000,-1.6271000
20240124,497,C,0.0350,0.0350,0.0350,0.0350,0,0,0.0966000,0.0107000,0.0000000,2.4578000,-0.0106000,0.1678000
20240124,497,P,20.5250,20.5250,20.5250,20.5250,0,0,0.1821000,-0.8864000,0.0000000,16.6144000,-0.0616000,-14.5612000
20240124,422,C,55.1050,55.1050,55.1050,55.1050,0,0,0.2353954,0.9981360,0.0002924,0.0051381,-0.0568792,0.1382390
20240124,422,P,0.0550,0.0550,0.0550,0.0550,0,0,0.2753000,-0.0063000,0.0000000,1.5481000,-0.0173000,-0.1013000
20240124,454,C,23.2550,23.2550,23.2550,23.2550,0,0,0.1405627,0.9753617,0.0047543,0.0498791,-0.0836416,0.1451427
20240124,454,P,0.1650,0.1650,0.1650,0.1650,0,0,0.1494000,-0.0313000,0.0000000,6.0989000,-0.0357000,-0.4965000
20240124,486,C,0.4150,0.4150,0.4150,0.4150,0,0,0.0832000,0.1172000,0.0000000,17.0036000,-0.0670000,1.8235000
20240124,486,P,9.6000,9.6000,9.6000,9.6000,0,0,0.1083000,-0.8183000,0.0000000,22.8028000,-0.0448000,-13.1342000
20240124,411,C,66.0750,66.0750,66.0750,66.0750,0,0,,,,,,
20240124,411,P,0.0450,0.0450,0.0450,0.0450,0,0,0.3203000,-0.0046000,0.0000000,1.1609000,-0.0151000,-0.0734000
20240124,443,C,34.1800,34.1800,34.1800,34.1800,0,0,0.1785265,0.9896096,0.0017867,0.0238078,-0.0716282,0.1437828
20240124,443,P,0.1050,0.1050,0.1050,0.1050,0,0,0.1943000,-0.0164000,0.0000000,3.5346000,-0.0274000,-0.2604000
20240124,475,C,4.3750,4.3750,4.3750,4.3750,0,0,0.0897000,0.6199000,0.0000000,32.8956000,-0.1653000,9.5679000
20240124,475,P,2.2600,2.2600,2.2600,2.2600,0,0,0.0954000,-0.3866000,0.0000000,33.0654000,-0.1043000,-6.1312000
20240124,432,C,45.1350,45.1350,45.1350,45.1350,0,0,0.2118258,0.9954560,0.0007256,0.0114711,-0.0630359,0.1410970
20240124,432,P,0.0750,0.0750,0.0750,0.0750,0,0,0.2382000,-0.0099000,0.0000000,2.2842000,-0.0219000,-0.1575000
20240124,464,C,13.5450,13.5450,13.5450,13.5450,0,0,0.1040000,0.9342000,0.0000000,11.0502000,-0.1106000,14.1898000
20240124,464,P,0.4350,0.4350,0.4350,0.4350,0,0,0.1174000,-0.0904000,0.0000000,14.0785000,-0.0625000,-1.4305000
20240124,496,C,0.0350,0.0350,0.0350,0.0350,0,0,0.0922000,0.0110000,0.0000000,2.5155000,-0.0104000,0.1723000
20240124,496,P,19.5200,19.5200,19.5200,19.5200,0,0,0.1755000,-0.8832000,0.0000000,16.9505000,-0.0599000,-14.4775000
20240124,421,C,56.1000,56.1000,56.1000,56.1000,0,0,0.2315378,0.9986696,0.0002186,0.0037783,-0.0553934,0.1379954
20240124,421,P,0.0550,0.0550,0.0550,0.0550,0,0,0.2802000,-0.0062000,0.0000000,1.5321000,-0.0174000,-0.1002000
20240124,453,C,24.2450,24.2450,24.2450,24.2450,0,0,0.1439911,0.9774890,0.0043017,0.0462308,-0.0821682,0.1451504
20240124,453,P,0.1550,0.1550,0.1550,0.1550,0,0,0.1533000,-0.0291000,0.0000000,5.7368000,-0.0346000,-0.4612000
20240124,485,C,0.5450,0.5450,0.5450,0.5450,0,0,0.0833000,0.1466000,0.0000000,19.8452000,-0.0790000,2.2801000
20240124,485,P,8.6750,8.6750,8.6750,8.6750,0,0,0.1034000,-0.8005000,0.0000000,24.1487000,-0.0473000,-12.8250000
20240124,410,C,67.0700,67.0700,67.0700,67.0700,0,0,,,,,,
20240124,410,P,0.0450,0.0450,0.0450,0.0450,0,0,0.3242000,-0.0044000,0.0000000,1.1288000,-0.0149000,-0.0712000
20240124,442,C,35.1750,35.1750,35.1750,35.1750,0,0,0.1817260,0.9903684,0.0016428,0.0222830,-0.0707129,0.1435745
20240124,442,P,0.0950,0.0950,0.0950,0.0950,0,0,0.1962000,-0.0147000,0.0000000,3.2244000,-0.0253000,-0.2339000
20240124,474,C,5.0500,5.0500,5.0500,5.0500,0,0,0.0911000,0.6658000,0.0000000,31.4429000,-0.1648000,10.2643000
20240124,474,P,1.9300,1.9300,1.9300,1.9300,0,0,0.0966000,-0.3427000,0.0000000,31.7541000,-0.1038000,-5.4332000
20240124,506,C,0.0150,0.0150,0.0150,0.0150,0,0,0.1171000,0.0030000,0.0000000,0.8137000,-0.0041000,0.0482000
20240124,506,P,29.5200,29.5200,29.5200,29.5200,0,0,0.2388000,-0.9076000,0.0000000,14.3031000,-0.0751000,-15.1882000
20240124,431,C,46.1300,46.1300,46.1300,46.1300,0,0,0.2129606,0.9960351,0.0006389,0.0101545,-0.0618332,0.1408606
20240124,431,P,0.0750,0.0750,0.0750,0.0750,0,0,0.2431000,-0.0097000,0.0000000,2.2490000,-0.0221000,-0.1547000
20240124,463,C,14.4950,14.4950,14.4950,14.4950,0,0,0.1054000,0.9452000,0.0000000,9.5758000,-0.1054000,14.3307000
20240124,463,P,0.3750,0.3750,0.3750,0.3750,0,0,0.1195000,-0.0785000,0.0000000,12.6679000,-0.0575000,-1.2427000
20240124,495,C,0.0450,0.0450,0.0450,0.0450,0,0,0.0917000,0.0146000,0.0000000,3.2088000,-0.0132000,0.2283000
20240124,495,P,18.5200,18.5200,18.5200,18.5200,0,0,0.1689000,-0.8796000,0.0000000,17.3188000,-0.0582000,-14.3882000
20240124,420,C,57.1000,57.1000,57.1000,57.1000,0,0,0.2392767,0.9984789,0.0002391,0.0042697,-0.0558706,0.1376368
20240124,420,P,0.0550,0.0550,0.0550,0.0550,0,0,0.2851000,-0.0062000,0.0000000,1.5164000,-0.0175000,-0.0990000
20240124,452,C,25.2400,25.2400,25.2400,25.2400,0,0,0.1483660,0.9787339,0.0039790,0.0440624,-0.0816209,0.1450183
20240124,452,P,0.1450,0.1450,0.1450,0.1450,0,0,0.1567000,-0.0267000,0.0000000,5.3442000,-0.0330000,-0.4236000
20240124,484,C,0.7050,0.7050,0.7050,0.7050,0,0,0.0833000,0.1803000,0.0000000,22.6939000,-0.0912000,2.8014000
20240124,484,P,7.7800,7.7800,7.7800,7.7800,0,0,0.0996000,-0.7771000,0.0000000,25.7717000,-0.0519000,-12.4291000
20240124,409,C,68.0700,68.0700,68.0700,68.0700,0,0,,,,,,
20240124,409,P,0.0450,0.0450,0.0450,0.0450,0,0,0.3291000,-0.0044000,0.0000000,1.1199000,-0.0150000,-0.0706000
20240124,441,C,36.1700,36.1700,36.1700,36.1700,0,0,0.1847849,0.9911014,0.0015075,0.0207918,-0.0697692,0.1433622
20240124,441,P,0.0950,0.0950,0.0950,0.0950,0,0,0.2011000,-0.0143000,0.0000000,3.1539000,-0.0254000,-0.2281000
20240124,473,C,5.7650,5.7650,5.7650,5.7650,0,0,0.0920000,0.7091000,0.0000000,29.6128000,-0.1618000,10.9194000
20240124,473,P,1.6500,1.6500,1.6500,1.6500,0,0,0.0982000,-0.3025000,0.0000000,30.1523000,-0.1022000,-4.7934000
20240124,505,C,0.0150,0.0150,0.0150,0.0150,0,0,0.1132000,0.0031000,0.0000000,0.8164000,-0.0040000,0.0484000
20240124,505,P,28.5200,28.5200,28.5200,28.5200,0,0,0.2327000,-0.9057000,0.0000000,14.5119000,-0.0738000,-15.1267000
20240124,430,C,47.1300,47.1300,47.1300,47.1300,0,0,0.2187779,0.9959039,0.0006403,0.0104548,-0.0622221,0.1405112
20240124,430,P,0.0750,0.0750,0.0750,0.0750,0,0,0.2480000,-0.0095000,0.0000000,2.2149000,-0.0222000,-0.1521000
20240124,462,C,15.4500,15.4500,15.4500,15.4500,0,0,0.1069000,0.9545000,0.0000000,8.2598000,-0.1007000,14.4443000
20240124,462,P,0.3350,0.3350,0.3350,0.3350,0,0,0.1225000,-0.0697000,0.0000000,11.5712000,-0.0542000,-1.1038000
20240124,494,C,0.0550,0.0550,0.0550,0.0550,0,0,0.0898000,0.0177000,0.0000000,3.7791000,-0.0153000,0.2764000
20240124,494,P,17.5200,17.5200,17.5200,17.5200,0,0,0.1622000,-0.8757000,0.0000000,17.7050000,-0.0564000,-14.2951000
20240124,419,C,58.0950,58.0950,58.0950,58.0950,0,0,0.2333498,0.9990125,0.0001651,0.0028755,-0.0543183,0.1373933
20240124,419,P,0.0550,0.0550,0.0550,0.0550,0,0,0.2890000,-0.0060000,0.0000000,1.4699000,-0.0172000,-0.0956000
20240124,451,C,26.2300,26.2300,26.2300,26.2300,0,0,0.1514594,0.9806825,0.0035928,0.0406148,-0.0800055,0.1449981
20240124,451,P,0.1450,0.1450,0.1450,0.1450,0,0,0.1621000,-0.0260000,0.0000000,5.2180000,-0.0334000,-0.4118000
20240124,483,C,0.9050,0.9050,0.9050,0.9050,0,0,0.0836000,0.2191000,0.0000000,25.5237000,-0.1039000,3.4033000
20240124,483,P,6.9350,6.9350,6.9350,6.9350,0,0,0.0964000,-0.7483000,0.0000000,27.5469000,-0.0578000,-11.9512000
20240124,515,P,38.5150,38.5150,38.5150,38.5150,0,0,0.2912000,-0.9211000,0.0000000,12.7011000,-0.0846000,-15.6960000
20240124,525,P,48.5150,48.5150,48.5150,48.5150,0,0,0.3472000,-0.9307000,0.0000000,11.5092000,-0.0949000,-16.1741000
20240124,440,C,37.1650,37.1650,37.1650,37.1650,0,0,0.1876864,0.9918115,0.0013798,0.0193286,-0.0687954,0.1431463
20240124,440,P,0.0950,0.0950,0.0950,0.0950,0,0,0.2065000,-0.0142000,0.0000000,3.1216000,-0.0258000,-0.2254000
20240124,408,C,69.0700,69.0700,69.0700,69.0700,0,0,,,,,,
20240124,408,P,0.0450,0.0450,0.0450,0.0450,0,0,0.3339000,-0.0043000,0.0000000,1.1111000,-0.0151000,-0.0700000
20240124,472,C,6.5250,6.5250,6.5250,6.5250,0,0,0.0933000,0.7480000,0.0000000,27.5691000,-0.1581000,11.5030000
20240124,472,P,1.4050,1.4050,1.4050,1.4050,0,0,0.0996000,-0.2651000,0.0000000,28.3052000,-0.0988000,-4.1994000
20240124,504,C,0.0150,0.0150,0.0150,0.0150,0,0,0.1113000,0.0036000,0.0000000,0.9345000,-0.0045000,0.0562000
20240124,504,P,27.5200,27.5200,27.5200,27.5200,0,0,0.2265000,-0.9039000,0.0000000,14.7219000,-0.0723000,-15.0647000
20240124,429,C,48.1250,48.1250,48.1250,48.1250,0,0,0.2195504,0.9964633,0.0005593,0.0091654,-0.0609863,0.1402717
20240124,429,P,0.0650,0.0650,0.0650,0.0650,0,0,0.2480000,-0.0083000,0.0000000,1.9592000,-0.0196000,-0.1322000
20240124,461,C,16.4100,16.4100,16.4100,16.4100,0,0,0.1074000,0.9635000,0.0000000,6.8951000,-0.0952000,14.5549000
20240124,461,P,0.3050,0.3050,0.3050,0.3050,0,0,0.1260000,-0.0628000,0.0000000,10.6695000,-0.0516000,-0.9941000
20240124,493,C,0.0650,0.0650,0.0650,0.0650,0,0,0.0878000,0.0215000,0.0000000,4.4577000,-0.0178000,0.3357000
20240124,493,P,16.5250,16.5250,16.5250,16.5250,0,0,0.1553000,-0.8716000,0.0000000,18.1123000,-0.0544000,-14.1977000
20240124,535,P,58.5150,58.5150,58.5150,58.5150,0,0,0.4008000,-0.9374000,0.0000000,10.6331000,-0.1041000,-16.6084000
20240124,450,C,27.2250,27.2250,27.2250,27.2250,0,0,0.1556301,0.9817825,0.0033263,0.0386381,-0.0793715,0.1448433
20240124,450,P,0.1350,0.1350,0.1350,0.1350,0,0,0.1655000,-0.0239000,0.0000000,4.8772000,-0.0319000,-0.3800000
20240124,418,C,59.0950,59.0950,59.0950,59.0950,0,0,0.2420519,0.9988121,0.0001885,0.0034063,-0.0548228,0.1370331
20240124,418,P,0.0550,0.0550,0.0550,0.0550,0,0,0.2949000,-0.0060000,0.0000000,1.4854000,-0.0178000,-0.0968000
20240124,482,C,1.1550,1.1550,1.1550,1.1550,0,0,0.0841000,0.2628000,0.0000000,28.1804000,-0.1168000,4.0797000
20240124,482,P,6.1450,6.1450,6.1450,6.1450,0,0,0.0945000,-0.7131000,0.0000000,29.4188000,-0.0655000,-11.3738000
20240124,407,C,70.0650,70.0650,70.0650,70.0650,0,0,,,,,,
20240124,407,P,0.0450,0.0450,0.0450,0.0450,0,0,0.3378000,-0.0042000,0.0000000,1.0810000,-0.0149000,-0.0679000
20240124,439,C,38.1650,38.1650,38.1650,38.1650,0,0,0.1930972,0.9917822,0.0013453,0.0193894,-0.0691550,0.1428130
20240124,439,P,0.0950,0.0950,0.0950,0.0950,0,0,0.2114000,-0.0138000,0.0000000,3.0563000,-0.0259000,-0.2200000
20240124,471,C,7.3200,7.3200,7.3200,7.3200,0,0,0.0949000,0.7824000,0.0000000,25.4155000,-0.1537000,12.0163000
20240124,471,P,1.2000,1.2000,1.2000,1.2000,0,0,0.1015000,-0.2323000,0.0000000,26.3844000,-0.0953000,-3.6796000
20240124,545,P,68.5150,68.5150,68.5150,68.5150,0,0,0.4522000,-0.9425000,0.0000000,9.9488000,-0.1121000,-17.0169000
20240124,428,C,49.1250,49.1250,49.1250,49.1250,0,0,0.2254893,0.9963252,0.0005636,0.0094860,-0.0613829,0.1399213
20240124,428,P,0.0650,0.0650,0.0650,0.0650,0,0,0.2529000,-0.0081000,0.0000000,1.9334000,-0.0197000,-0.1302000
20240124,460,C,17.3800,17.3800,17.3800,17.3800,0,0,0.1083000,0.9705000,0.0000000,5.7940000,-0.0909000,14.6315000
20240124,460,P,0.2750,0.2750,0.2750,0.2750,0,0,0.1292000,-0.0562000,0.0000000,9.7833000,-0.0487000,-0.8901000
20240124,492,C,0.0850,0.0850,0.0850,0.0850,0,0,0.0869000,0.0276000,0.0000000,5.4920000,-0.0217000,0.4304000
20240124,492,P,15.5250,15.5250,15.5250,15.5250,0,0,0.1484000,-0.8671000,0.0000000,18.5541000,-0.0524000,-14.0935000
20240124,417,C,60.0900,60.0900,60.0900,60.0900,0,0,0.2325821,0.9993534,0.0001122,0.0019472,-0.0531836,0.1367908
20240124,417,P,0.0550,0.0550,0.0550,0.0550,0,0,0.2988000,-0.0058000,0.0000000,1.4408000,-0.0175000,-0.0935000
20240124,449,C,28.2150,28.2150,28.2150,28.2150,0,0,0.1583358,0.9835896,0.0029904,0.0353397,-0.0776151,0.1448008
20240124,449,P,0.1250,0.1250,0.1250,0.1250,0,0,0.1684000,-0.0218000,0.0000000,4.5121000,-0.0301000,-0.3465000
20240124,481,C,1.4500,1.4500,1.4500,1.4500,0,0,0.0847000,0.3105000,0.0000000,30.5020000,-0.1290000,4.8168000
20240124,481,P,5.4150,5.4150,5.4150,5.4150,0,0,0.0935000,-0.6724000,0.0000000,31.1936000,-0.0741000,-10.7115000
20240124,406,C,71.0600,71.0600,71.0600,71.0600,0,0,,,,,,
20240124,406,P,0.0450,0.0450,0.0450,0.0450,0,0,0.3437000,-0.0043000,0.0000000,1.0933000,-0.0153000,-0.0687000
20240124,438,C,39.1600,39.1600,39.1600,39.1600,0,0,0.1958473,0.9924531,0.0012307,0.0179899,-0.0681519,0.1425910
20240124,438,P,0.0850,0.0850,0.0850,0.0850,0,0,0.2128000,-0.0123000,0.0000000,2.7703000,-0.0237000,-0.1963000
20240124,470,C,8.1450,8.1450,8.1450,8.1450,0,0,0.0960000,0.8142000,0.0000000,23.1158000,-0.1477000,12.4880000
20240124,470,P,1.0250,1.0250,1.0250,1.0250,0,0,0.1032000,-0.2023000,0.0000000,24.3575000,-0.0905000,-3.2034000
20240124,502,C,0.0150,0.0150,0.0150,0.0150,0,0,0.1035000,0.0036000,0.0000000,0.9539000,-0.0043000,0.0575000
20240124,502,P,25.5200,25.5200,25.5200,25.5200,0,0,0.2142000,-0.8996000,0.0000000,15.2050000,-0.0696000,-14.9312000
20240124,427,C,50.1200,50.1200,50.1200,50.1200,0,0,0.2258421,0.9968675,0.0004875,0.0082181,-0.0601130,0.1396792
20240124,427,P,0.0650,0.0650,0.0650,0.0650,0,0,0.2578000,-0.0080000,0.0000000,1.9082000,-0.0199000,-0.1284000
20240124,459,C,18.3500,18.3500,18.3500,18.3500,0,0,0.1083000,0.9772000,0.0000000,4.6720000,-0.0861000,14.7043000
20240124,459,P,0.2450,0.2450,0.2450,0.2450,0,0,0.1320000,-0.0500000,0.0000000,8.9132000,-0.0455000,-0.7914000
20240124,491,C,0.1050,0.1050,0.1050,0.1050,0,0,0.0854000,0.0345000,0.0000000,6.5974000,-0.0258000,0.5371000
20240124,491,P,14.5250,14.5250,14.5250,14.5250,0,0,0.1414000,-0.8621000,0.0000000,19.0258000,-0.0502000,-13.9830000
20240125,480,C,2.0900,2.0900,2.0900,2.0900,0,0,0.0899000,0.3763000,0.0000000,34.1359000,-0.1438000,6.3122000
20240125,480,P,4.8800,4.8800,4.8800,4.8800,0,0,0.0947000,-0.6171000,0.0000000,34.3156000,-0.0816000,-10.6466000
20240125,469,C,9.3350,9.3350,9.3350,9.3350,0,0,0.1058000,0.8146000,0.0000000,24.0274000,-0.1529000,13.4931000
20240125,469,P,1.0100,1.0100,1.0100,1.0100,0,0,0.1074000,-0.1886000,0.0000000,24.2944000,-0.0871000,-3.2373000
20240125,490,C,0.1950,0.1950,0.1950,0.1950,0,0,0.0871000,0.0571000,0.0000000,10.3111000,-0.0384000,0.9632000
20240125,490,P,13.5250,13.5250,13.5250,13.5250,0,0,0.1320000,-0.8496000,0.0000000,20.9972000,-0.0458000,-14.9004000
20240125,479,C,2.5100,2.5100,2.5100,2.5100,0,0,0.0906000,0.4245000,0.0000000,35.2292000,-0.1519000,7.1147000
20240125,479,P,4.2750,4.2750,4.2750,4.2750,0,0,0.0944000,-0.5722000,0.0000000,35.2838000,-0.0879000,-9.8626000
20240125,468,C,10.2050,10.2050,10.2050,10.2050,0,0,0.1080000,0.8369000,0.0000000,22.1463000,-0.1486000,13.8405000
20240125,468,P,0.8750,0.8750,0.8750,0.8750,0,0,0.1091000,-0.1654000,0.0000000,22.3567000,-0.0822000,-2.8379000
20240125,500,C,0.0250,0.0250,0.0250,0.0250,0,0,0.0996000,0.0070000,0.0000000,1.7655000,-0.0072000,0.1190000
20240125,500,P,23.5200,23.5200,23.5200,23.5200,0,0,0.1975000,-0.8894000,0.0000000,16.9645000,-0.0637000,-15.9324000
20240125,489,C,0.2550,0.2550,0.2550,0.2550,0,0,0.0869000,0.0722000,0.0000000,12.3741000,-0.0463000,1.2176000
20240125,489,P,12.5300,12.5300,12.5300,12.5300,0,0,0.1255000,-0.8422000,0.0000000,21.6740000,-0.0444000,-14.7398000
20240125,478,C,2.9900,2.9900,2.9900,2.9900,0,0,0.0917000,0.4731000,0.0000000,35.7921000,-0.1586000,7.9234000
20240125,478,P,3.7350,3.7350,3.7350,3.7350,0,0,0.0949000,-0.5256000,0.0000000,35.7988000,-0.0936000,-9.0539000
20240125,510,C,0.0150,0.0150,0.0150,0.0150,0,0,0.1269000,0.0030000,0.0000000,0.8233000,-0.0042000,0.0505000
20240125,510,P,33.5150,33.5150,33.5150,33.5150,0,0,0.2565000,-0.9100000,0.0000000,14.5956000,-0.0760000,-16.6372000
20240125,467,C,11.0900,11.0900,11.0900,11.0900,0,0,0.1104000,0.8563000,0.0000000,20.3667000,-0.1442000,14.1372000
20240125,467,P,0.7650,0.7650,0.7650,0.7650,0,0,0.1115000,-0.1459000,0.0000000,20.5894000,-0.0781000,-2.5046000
20240125,499,C,0.0350,0.0350,0.0350,0.0350,0,0,0.1005000,0.0100000,0.0000000,2.4056000,-0.0099000,0.1693000
20240125,499,P,22.5200,22.5200,22.5200,22.5200,0,0,0.1912000,-0.8867000,0.0000000,17.2650000,-0.0622000,-15.8502000
20240125,520,P,43.5150,43.5150,43.5150,43.5150,0,0,0.3126000,-0.9222000,0.0000000,13.0849000,-0.0870000,-17.2000000
20240125,488,C,0.3250,0.3250,0.3250,0.3250,0,0,0.0863000,0.0895000,0.0000000,14.5432000,-0.0544000,1.5076000
20240125,488,P,11.5450,11.5450,11.5450,11.5450,0,0,0.1188000,-0.8341000,0.0000000,22.3974000,-0.0428000,-14.5663000
20240125,477,C,3.5200,3.5200,3.5200,3.5200,0,0,0.0928000,0.5212000,0.0000000,35.8224000,-0.1636000,8.7199000
20240125,477,P,3.2500,3.2500,3.2500,3.2500,0,0,0.0957000,-0.4791000,0.0000000,35.8244000,-0.0981000,-8.2476000
20240125,466,C,11.9900,11.9900,11.9900,11.9900,0,0,0.1125000,0.8740000,0.0000000,18.6089000,-0.1393000,14.4056000
20240125,466,P,0.6650,0.6650,0.6650,0.6650,0,0,0.1136000,-0.1282000,0.0000000,18.8410000,-0.0733000,-2.1993000
20240125,498,C,0.0350,0.0350,0.0350,0.0350,0,0,0.0966000,0.0104000,0.0000000,2.4922000,-0.0099000,0.1763000
20240125,498,P,21.5200,21.5200,21.5200,21.5200,0,0,0.1850000,-0.8837000,0.0000000,17.5908000,-0.0608000,-15.7634000
20240125,530,P,53.5150,53.5150,53.5150,53.5150,0,0,0.3658000,-0.9305000,0.0000000,11.9952000,-0.0964000,-17.6981000
20240125,487,C,0.4250,0.4250,0.4250,0.4250,0,0,0.0864000,0.1121000,0.0000000,17.1433000,-0.0647000,1.8880000
20240125,487,P,10.5750,10.5750,10.5750,10.5750,0,0,0.1128000,-0.8230000,0.0000000,23.3458000,-0.0427000,-14.3431000
20240125,476,C,4.1050,4.1050,4.1050,4.1050,0,0,0.0941000,0.5678000,0.0000000,35.3530000,-0.1667000,9.4905000
20240125,476,P,2.8200,2.8200,2.8200,2.8200,0,0,0.0966000,-0.4337000,0.0000000,35.3767000,-0.1009000,-7.4603000
20240125,465,C,12.9100,12.9100,12.9100,12.9100,0,0,0.1149000,0.8889000,0.0000000,17.0262000,-0.1350000,14.6254000
20240125,465,P,0.5850,0.5850,0.5850,0.5850,0,0,0.1160000,-0.1132000,0.0000000,17.2626000,-0.0691000,-1.9422000
20240125,497,C,0.0450,0.0450,0.0450,0.0450,0,0,0.0957000,0.0131000,0.0000000,3.0390000,-0.0120000,0.2216000
20240125,497,P,20.5200,20.5200,20.5200,20.5200,0,0,0.1787000,-0.8805000,0.0000000,17.9273000,-0.0591000,-15.6743000
20240125,486,C,0.5450,0.5450,0.5450,0.5450,0,0,0.0864000,0.1378000,0.0000000,19.8036000,-0.0753000,2.3199000
20240125,486,P,9.6300,9.6300,9.6300,9.6300,0,0,0.1077000,-0.8079000,0.0000000,24.5618000,-0.0444000,-14.0541000
20240125,475,C,4.7350,4.7350,4.7350,4.7350,0,0,0.0954000,0.6123000,0.0000000,34.4405000,-0.1682000,10.2236000
20240125,475,P,2.4400,2.4400,2.4400,2.4400,0,0,0.0977000,-0.3899000,0.0000000,34.5007000,-0.1022000,-6.7051000
20240125,464,C,13.8400,13.8400,13.8400,13.8400,0,0,0.1174000,0.9020000,0.0000000,15.5487000,-0.1307000,14.8142000
20240125,464,P,0.5150,0.5150,0.5150,0.5150,0,0,0.1185000,-0.1000000,0.0000000,15.7863000,-0.0649000,-1.7159000
20240125,496,C,0.0450,0.0450,0.0450,0.0450,0,0,0.0917000,0.0138000,0.0000000,3.1831000,-0.0121000,0.2339000
20240125,496,P,19.5200,19.5200,19.5200,19.5200,0,0,0.1722000,-0.8772000,0.0000000,18.2760000,-0.0574000,-15.5824000
20240125,485,C,0.7050,0.7050,0.7050,0.7050,0,0,0.0869000,0.1689000,0.0000000,22.6654000,-0.0873000,2.8423000
20240125,485,P,8.7150,8.7150,8.7150,8.7150,0,0,0.1031000,-0.7894000,0.0000000,25.9528000,-0.0469000,-13.7078000
20240125,474,C,5.4100,5.4100,5.4100,5.4100,0,0,0.0971000,0.6539000,0.0000000,33.1684000,-0.1684000,10.9046000
20240125,474,P,2.1000,2.1000,2.1000,2.1000,0,0,0.0987000,-0.3483000,0.0000000,33.2505000,-0.1018000,-5.9870000
20240125,463,C,14.7800,14.7800,14.7800,14.7800,0,0,0.1199000,0.9132000,0.0000000,14.2046000,-0.1267000,14.9720000
20240125,463,P,0.4550,0.4550,0.4550,0.4550,0,0,0.1210000,-0.0886000,0.0000000,14.4403000,-0.0610000,-1.5206000
20240125,495,C,0.0550,0.0550,0.0550,0.0550,0,0,0.0903000,0.0170000,0.0000000,3.8033000,-0.0143000,0.2878000
20240125,495,P,18.5200,18.5200,18.5200,18.5200,0,0,0.1657000,-0.8735000,0.0000000,18.6578000,-0.0557000,-15.4842000
20240125,484,C,0.8900,0.8900,0.8900,0.8900,0,0,0.0872000,0.2035000,0.0000000,25.4436000,-0.0993000,3.4231000
20240125,484,P,7.8450,7.8450,7.8450,7.8450,0,0,0.0998000,-0.7649000,0.0000000,27.6365000,-0.0519000,-13.2604000
20240125,473,C,6.1250,6.1250,6.1250,6.1250,0,0,0.0984000,0.6930000,0.0000000,31.5868000,-0.1667000,11.5430000
20240125,473,P,1.8100,1.8100,1.8100,1.8100,0,0,0.1001000,-0.3098000,0.0000000,31.7180000,-0.1004000,-5.3231000
20240125,430,C,47.3400,47.3400,47.3400,47.3400,0,0,0.2324000,0.9919000,0.0000000,1.9917000,-0.0796000,15.1467000
20240125,430,P,0.0850,0.0850,0.0850,0.0850,0,0,0.2426000,-0.0105000,0.0000000,2.5188000,-0.0227000,-0.1825000
20240125,462,C,15.7300,15.7300,15.7300,15.7300,0,0,0.1228000,0.9227000,0.0000000,13.0170000,-0.1231000,15.0991000
20240125,462,P,0.4050,0.4050,0.4050,0.4050,0,0,0.1237000,-0.0788000,0.0000000,13.2227000,-0.0574000,-1.3523000
20240125,494,C,0.0750,0.0750,0.0750,0.0750,0,0,0.0908000,0.0233000,0.0000000,4.9618000,-0.0189000,0.3936000
20240125,494,P,17.5200,17.5200,17.5200,17.5200,0,0,0.1591000,-0.8696000,0.0000000,19.0576000,-0.0538000,-15.3821000
20240125,483,C,1.1200,1.1200,1.1200,1.1200,0,0,0.0877000,0.2421000,0.0000000,28.0915000,-0.1114000,4.0698000
20240125,483,P,7.0200,7.0200,7.0200,7.0200,0,0,0.0975000,-0.7347000,0.0000000,29.4689000,-0.0586000,-12.7183000
20240125,440,C,37.3850,37.3850,37.3850,37.3850,0,0,0.1948000,0.9873000,0.0000000,2.9479000,-0.0850000,15.4234000
20240125,440,P,0.1050,0.1050,0.1050,0.1050,0,0,0.2016000,-0.0153000,0.0000000,3.4726000,-0.0258000,-0.2639000
20240125,472,C,6.8800,6.8800,6.8800,6.8800,0,0,0.1003000,0.7281000,0.0000000,29.8359000,-0.1646000,12.1109000
20240125,472,P,1.5600,1.5600,1.5600,1.5600,0,0,0.1016000,-0.2744000,0.0000000,29.9760000,-0.0979000,-4.7134000
20240125,461,C,16.6800,16.6800,16.6800,16.6800,0,0,0.1250000,0.9320000,0.0000000,11.8019000,-0.1189000,15.2227000
20240125,461,P,0.3650,0.3650,0.3650,0.3650,0,0,0.1267000,-0.0706000,0.0000000,12.1530000,-0.0542000,-1.2109000
20240125,493,C,0.0950,0.0950,0.0950,0.0950,0,0,0.0898000,0.0292000,0.0000000,5.9974000,-0.0227000,0.4937000
20240125,493,P,16.5200,16.5200,16.5200,16.5200,0,0,0.1525000,-0.8652000,0.0000000,19.4982000,-0.0520000,-15.2719000
20240125,450,C,27.4550,27.4550,27.4550,27.4550,0,0,0.1591000,0.9761000,0.0000000,5.0458000,-0.0945000,15.5883000
20240125,450,P,0.1550,0.1550,0.1550,0.1550,0,0,0.1630000,-0.0265000,0.0000000,5.5289000,-0.0328000,-0.4561000
20240125,482,C,1.3950,1.3950,1.3950,1.3950,0,0,0.0881000,0.2838000,0.0000000,30.4711000,-0.1228000,4.7681000
20240125,482,P,6.2500,6.2500,6.2500,6.2500,0,0,0.0960000,-0.6996000,0.0000000,31.2807000,-0.0661000,-12.0959000
20240125,471,C,7.6700,7.6700,7.6700,7.6700,0,0,0.1021000,0.7600000,0.0000000,27.9492000,-0.1614000,12.6253000
20240125,471,P,1.3500,1.3500,1.3500,1.3500,0,0,0.1035000,-0.2428000,0.0000000,28.1325000,-0.0950000,-4.1689000
20240125,460,C,17.6500,17.6500,17.6500,17.6500,0,0,0.1284000,0.9384000,0.0000000,10.9310000,-0.1164000,15.2965000
20240125,460,P,0.3250,0.3250,0.3250,0.3250,0,0,0.1292000,-0.0628000,0.0000000,11.1008000,-0.0507000,-1.0772000
20240125,492,C,0.1150,0.1150,0.1150,0.1150,0,0,0.0881000,0.0354000,0.0000000,7.0190000,-0.0262000,0.5974000
20240125,492,P,15.5250,15.5250,15.5250,15.5250,0,0,0.1458000,-0.8605000,0.0000000,19.9649000,-0.0501000,-15.1557000
20240125,481,C,1.7150,1.7150,1.7150,1.7150,0,0,0.0888000,0.3288000,0.0000000,32.5195000,-0.1336000,5.5199000
20240125,481,P,5.5400,5.5400,5.5400,5.5400,0,0,0.0952000,-0.6599000,0.0000000,32.9493000,-0.0741000,-11.3969000
20240125,470,C,8.4850,8.4850,8.4850,8.4850,0,0,0.1036000,0.7895000,0.0000000,25.9443000,-0.1569000,13.0976000
20240125,470,P,1.1650,1.1650,1.1650,1.1650,0,0,0.1051000,-0.2135000,0.0000000,26.1722000,-0.0908000,-3.6656000
20240125,491,C,0.1550,0.1550,0.1550,0.1550,0,0,0.0881000,0.0460000,0.0000000,8.6893000,-0.0326000,0.7768000
20240125,491,P,14.5250,14.5250,14.5250,14.5250,0,0,0.1390000,-0.8553000,0.0000000,20.4627000,-0.0480000,-15.0324000
20240126,448,C,29.5350,29.5350,29.5350,29.5350,0,0,0.1669000,0.9751000,0.0000000,5.4269000,-0.0956000,16.6887000
20240126,448,P,0.1650,0.1650,0.1650,0.1650,0,0,0.1691000,-0.0263000,0.0000000,5.6986000,-0.0325000,-0.4876000
20240126,480,C,2.3250,2.3250,2.3250,2.3250,0,0,0.0923000,0.3872000,0.0000000,35.7307000,-0.1443000,6.9883000
20240126,480,P,5.0350,5.0350,5.0350,5.0350,0,0,0.0967000,-0.6074000,0.0000000,35.8694000,-0.0810000,-11.2940000
20240126,512,C,0.0150,0.0150,0.0150,0.0150,0,0,0.1289000,0.0029000,0.0000000,0.8358000,-0.0040000,0.0531000
20240126,512,P,35.5200,35.5200,35.5200,35.5200,0,0,0.2635000,-0.9079000,0.0000000,15.4114000,-0.0769000,-17.9553000
20240126,447.5,C,30.0300,30.0300,30.0300,30.0300,0,0,0.1699000,0.9751000,0.0000000,5.4238000,-0.0961000,16.6697000
20240126,447.5,P,0.1650,0.1650,0.1650,0.1650,0,0,0.1716000,-0.0259000,0.0000000,5.6312000,-0.0326000,-0.4808000
20240126,437,C,40.4550,40.4550,40.4550,40.4550,0,0,0.2060000,0.9865000,0.0000000,3.2138000,-0.0861000,16.4784000
20240126,437,P,0.1150,0.1150,0.1150,0.1150,0,0,0.2114000,-0.0154000,0.0000000,3.6258000,-0.0262000,-0.2866000
20240126,405,C,72.3300,72.3300,72.3300,72.3300,0,0,0.3183000,0.9962000,0.0000000,1.0529000,-0.0705000,15.4320000
20240126,405,P,0.0550,0.0550,0.0550,0.0550,0,0,0.3300000,-0.0049000,0.0000000,1.3423000,-0.0154000,-0.0927000
20240126,469,C,9.5550,9.5550,9.5550,9.5550,0,0,0.1085000,0.8023000,0.0000000,25.9411000,-0.1547000,14.2966000
20240126,469,P,1.1500,1.1500,1.1500,1.1500,0,0,0.1094000,-0.1997000,0.0000000,26.1039000,-0.0880000,-3.6943000
20240126,458,C,19.7100,19.7100,19.7100,19.7100,0,0,0.1352000,0.9432000,0.0000000,10.6402000,-0.1139000,16.4824000
20240126,458,P,0.3250,0.3250,0.3250,0.3250,0,0,0.1362000,-0.0580000,0.0000000,10.8291000,-0.0486000,-1.0728000
20240126,490,C,0.2650,0.2650,0.2650,0.2650,0,0,0.0895000,0.0706000,0.0000000,12.6211000,-0.0452000,1.2815000
20240126,490,P,13.5250,13.5250,13.5250,13.5250,0,0,0.1300000,-0.8429000,0.0000000,22.4320000,-0.0438000,-15.9234000
20240126,457.5,C,20.2000,20.2000,20.2000,20.2000,0,0,0.1372000,0.9453000,0.0000000,10.3315000,-0.1132000,16.5015000
20240126,457.5,P,0.3050,0.3050,0.3050,0.3050,0,0,0.1372000,-0.0546000,0.0000000,10.3315000,-0.0467000,-1.0106000
20240126,415,C,62.3600,62.3600,62.3600,62.3600,0,0,0.2832000,0.9946000,0.0000000,1.4240000,-0.0742000,15.7865000
20240126,415,P,0.0650,0.0650,0.0650,0.0650,0,0,0.2929000,-0.0067000,0.0000000,1.7556000,-0.0178000,-0.1252000
20240126,447,C,30.5250,30.5250,30.5250,30.5250,0,0,0.1704000,0.9767000,0.0000000,5.1321000,-0.0944000,16.6799000
20240126,447,P,0.1550,0.1550,0.1550,0.1550,0,0,0.1723000,-0.0245000,0.0000000,5.3624000,-0.0312000,-0.4535000
20240126,479,C,2.7600,2.7600,2.7600,2.7600,0,0,0.0933000,0.4328000,0.0000000,36.6992000,-0.1520000,7.8052000
20240126,479,P,4.4450,4.4450,4.4450,4.4450,0,0,0.0968000,-0.5645000,0.0000000,36.7395000,-0.0872000,-10.4871000
20240126,436,C,41.4500,41.4500,41.4500,41.4500,0,0,0.2109000,0.9867000,0.0000000,3.1772000,-0.0863000,16.4434000
20240126,436,P,0.1050,0.1050,0.1050,0.1050,0,0,0.2133000,-0.0141000,0.0000000,3.3567000,-0.0245000,-0.2620000
20240126,500,C,0.0350,0.0350,0.0350,0.0350,0,0,0.1005000,0.0098000,0.0000000,2.4448000,-0.0094000,0.1780000
20240126,500,P,23.5200,23.5200,23.5200,23.5200,0,0,0.1939000,-0.8842000,0.0000000,18.2013000,-0.0613000,-17.0615000
20240126,468,C,10.4100,10.4100,10.4100,10.4100,0,0,0.1107000,0.8243000,0.0000000,24.1136000,-0.1509000,14.6656000
20240126,468,P,1.0050,1.0050,1.0050,1.0050,0,0,0.1112000,-0.1767000,0.0000000,24.2034000,-0.0837000,-3.2679000
20240126,467.5,C,10.8450,10.8450,10.8450,10.8450,0,0,0.1115000,0.8350000,0.0000000,23.1569000,-0.1485000,14.8457000
20240126,467.5,P,0.9450,0.9450,0.9450,0.9450,0,0,0.1124000,-0.1668000,0.0000000,23.3319000,-0.0819000,-3.0854000
20240126,425,C,52.4000,52.4000,52.4000,52.4000,0,0,0.2504000,0.9917000,0.0000000,2.1084000,-0.0799000,16.1143000
20240126,425,P,0.0850,0.0850,0.0850,0.0850,0,0,0.2568000,-0.0096000,0.0000000,2.4187000,-0.0215000,-0.1800000
20240126,457,C,20.6800,20.6800,20.6800,20.6800,0,0,0.1379000,0.9487000,0.0000000,9.8085000,-0.1110000,16.5465000
20240126,457,P,0.2950,0.2950,0.2950,0.2950,0,0,0.1390000,-0.0525000,0.0000000,10.0131000,-0.0460000,-0.9715000
20240126,489,C,0.3350,0.3350,0.3350,0.3350,0,0,0.0891000,0.0866000,0.0000000,14.7260000,-0.0528000,1.5702000
20240126,489,P,12.5350,12.5350,12.5350,12.5350,0,0,0.1236000,-0.8353000,0.0000000,23.1297000,-0.0424000,-15.7476000
20240126,350,C,127.1750,127.1750,127.1750,127.1750,0,0,0.6336299,0.9947924,0.0002536,0.0139907,-0.0744184,0.1330245
20240126,350,P,0.0150,0.0150,0.0150,0.0150,0,0,0.5062000,-0.0007000,0.0000000,0.2361000,-0.0042000,-0.0137000
20240126,446,C,31.5150,31.5150,31.5150,31.5150,0,0,0.1738000,0.9782000,0.0000000,4.8587000,-0.0933000,16.6686000
20240126,446,P,0.1450,0.1450,0.1450,0.1450,0,0,0.1752000,-0.0226000,0.0000000,5.0233000,-0.0298000,-0.4196000
20240126,478,C,3.2500,3.2500,3.2500,3.2500,0,0,0.0945000,0.4785000,0.0000000,37.1734000,-0.1582000,8.6204000
20240126,478,P,3.9100,3.9100,3.9100,3.9100,0,0,0.0972000,-0.5206000,0.0000000,37.1774000,-0.0925000,-9.6655000
20240126,510,C,0.0150,0.0150,0.0150,0.0150,0,0,0.1210000,0.0028000,0.0000000,0.8034000,-0.0036000,0.0508000
20240126,510,P,33.5200,33.5200,33.5200,33.5200,0,0,0.2523000,-0.9049000,0.0000000,15.7784000,-0.0745000,-17.8241000
20240126,435,C,42.4450,42.4450,42.4450,42.4450,0,0,0.2128000,0.9878000,0.0000000,2.9374000,-0.0846000,16.4264000
20240126,435,P,0.1050,0.1050,0.1050,0.1050,0,0,0.2177000,-0.0137000,0.0000000,3.2806000,-0.0245000,-0.2552000
20240126,467,C,11.2850,11.2850,11.2850,11.2850,0,0,0.1125000,0.8447000,0.0000000,22.2592000,-0.1463000,15.0056000
20240126,467,P,0.8850,0.8850,0.8850,0.8850,0,0,0.1134000,-0.1570000,0.0000000,22.4279000,-0.0798000,-2.9036000
20240126,360,C,117.2000,117.2000,117.2000,117.2000,0,0,0.5864990,0.9940101,0.0003102,0.0158427,-0.0771264,0.1367075
20240126,360,P,0.0150,0.0150,0.0150,0.0150,0,0,0.4609000,-0.0007000,0.0000000,0.2426000,-0.0039000,-0.0141000
20240126,456,C,21.6400,21.6400,21.6400,21.6400,0,0,0.1394000,0.9551000,0.0000000,8.8265000,-0.1070000,16.6252000
20240126,456,P,0.2750,0.2750,0.2750,0.2750,0,0,0.1424000,-0.0483000,0.0000000,9.3725000,-0.0442000,-0.8943000
20240126,520,C,0.0150,0.0150,0.0150,0.0150,0,0,0.1523000,0.0022000,0.0000000,0.6469000,-0.0036000,0.0399000
20240126,520,P,43.5150,43.5150,43.5150,43.5150,0,0,0.3062000,-0.9182000,0.0000000,14.0986000,-0.0842000,-18.4507000
20240126,488,C,0.4250,0.4250,0.4250,0.4250,0,0,0.0889000,0.1063000,0.0000000,17.1214000,-0.0617000,1.9268000
20240126,488,P,11.5800,11.5800,11.5800,11.5800,0,0,0.1187000,-0.8236000,0.0000000,24.1754000,-0.0437000,-15.4960000
20240126,487.5,C,0.4750,0.4750,0.4750,0.4750,0,0,0.0887000,0.1168000,0.0000000,18.3195000,-0.0660000,2.1175000
20240126,487.5,P,11.0800,11.0800,11.0800,11.0800,0,0,0.1151000,-0.8195000,0.0000000,24.5274000,-0.0424000,-15.4020000
20240126,445,C,32.5050,32.5050,32.5050,32.5050,0,0,0.1767000,0.9798000,0.0000000,4.5529000,-0.0919000,16.6601000
20240126,445,P,0.1450,0.1450,0.1450,0.1450,0,0,0.1801000,-0.0221000,0.0000000,4.9204000,-0.0301000,-0.4096000
20240126,477,C,3.7800,3.7800,3.7800,3.7800,0,0,0.0955000,0.5234000,0.0000000,37.1631000,-0.1625000,9.4211000
20240126,477,P,3.4300,3.4300,3.4300,3.4300,0,0,0.0979000,-0.4769000,0.0000000,37.1652000,-0.0964000,-8.8480000
20240126,370,C,107.2250,107.2250,107.2250,107.2250,0,0,0.5395089,0.9931048,0.0003820,0.0179437,-0.0796925,0.1403681
20240126,370,P,0.0250,0.0250,0.0250,0.0250,0,0,0.4492000,-0.0016000,0.0000000,0.4917000,-0.0077000,-0.0305000
20240126,434,C,43.4400,43.4400,43.4400,43.4400,0,0,0.2182000,0.9878000,0.0000000,2.9412000,-0.0850000,16.3877000
20240126,434,P,0.1050,0.1050,0.1050,0.1050,0,0,0.2226000,-0.0135000,0.0000000,3.2418000,-0.0248000,-0.2518000
20240126,466,C,12.1800,12.1800,12.1800,12.1800,0,0,0.1149000,0.8617000,0.0000000,20.5905000,-0.1425000,15.2822000
20240126,466,P,0.7750,0.7750,0.7750,0.7750,0,0,0.1154000,-0.1391000,0.0000000,20.6789000,-0.0754000,-2.5716000
20240126,498,C,0.0450,0.0450,0.0450,0.0450,0,0,0.0961000,0.0129000,0.0000000,3.1083000,-0.0115000,0.2346000
20240126,498,P,21.5200,21.5200,21.5200,21.5200,0,0,0.1817000,-0.8782000,0.0000000,18.8530000,-0.0583000,-16.8767000
20240126,530,P,53.5150,53.5150,53.5150,53.5150,0,0,0.3581000,-0.9270000,0.0000000,12.9392000,-0.0934000,-18.9938000
20240126,455,C,22.6350,22.6350,22.6350,22.6350,0,0,0.1437000,0.9576000,0.0000000,8.4289000,-0.1063000,16.6328000
20240126,455,P,0.2550,0.2550,0.2550,0.2550,0,0,0.1457000,-0.0444000,0.0000000,8.7632000,-0.0424000,-0.8225000
20240126,487,C,0.5350,0.5350,0.5350,0.5350,0,0,0.0887000,0.1288000,0.0000000,19.6197000,-0.0710000,2.3345000
20240126,487,P,10.6000,10.6000,10.6000,10.6000,0,0,0.1123000,-0.8133000,0.0000000,25.0473000,-0.0425000,-15.2707000
20240126,380,C,97.2550,97.2550,97.2550,97.2550,0,0,0.3671000,0.9993000,0.0000000,0.2152000,-0.0579000,14.5333000
20240126,380,P,0.0250,0.0250,0.0250,0.0250,0,0,0.4062000,-0.0018000,0.0000000,0.5413000,-0.0077000,-0.0339000
20240126,444,C,33.5000,33.5000,33.5000,33.5000,0,0,0.1821000,0.9799000,0.0000000,4.5189000,-0.0924000,16.6250000
20240126,444,P,0.1350,0.1350,0.1350,0.1350,0,0,0.1831000,-0.0205000,0.0000000,4.6196000,-0.0287000,-0.3802000
20240126,476,C,4.3650,4.3650,4.3650,4.3650,0,0,0.0967000,0.5671000,0.0000000,36.6992000,-0.1654000,10.1972000
20240126,476,P,3.0000,3.0000,3.0000,3.0000,0,0,0.0988000,-0.4341000,0.0000000,36.7191000,-0.0991000,-8.0494000
20240126,508,C,0.0150,0.0150,0.0150,0.0150,0,0,0.1152000,0.0030000,0.0000000,0.8777000,-0.0038000,0.0561000
20240126,508,P,31.5200,31.5200,31.5200,31.5200,0,0,0.2409000,-0.9016000,0.0000000,16.1785000,-0.0721000,-17.6871000
20240126,540,P,63.5150,63.5150,63.5150,63.5150,0,0,0.4079000,-0.9333000,0.0000000,12.0657000,-0.1018000,-19.4932000
20240126,433,C,44.4350,44.4350,44.4350,44.4350,0,0,0.2202000,0.9889000,0.0000000,2.7235000,-0.0835000,16.3685000
20240126,433,P,0.0950,0.0950,0.0950,0.0950,0,0,0.2241000,-0.0122000,0.0000000,2.9759000,-0.0229000,-0.2281000
20240126,465,C,13.0900,13.0900,13.0900,13.0900,0,0,0.1174000,0.8768000,0.0000000,19.0058000,-0.1385000,15.5235000
20240126,465,P,0.6850,0.6850,0.6850,0.6850,0,0,0.1177000,-0.1237000,0.0000000,19.0707000,-0.0715000,-2.2870000
20240126,390,C,87.2800,87.2800,87.2800,87.2800,0,0,0.3554000,0.9983000,0.0000000,0.4933000,-0.0627000,14.8979000
20240126,390,P,0.0350,0.0350,0.0350,0.0350,0,0,0.3769000,-0.0027000,0.0000000,0.7873000,-0.0104000,-0.0512000
20240126,454,C,23.6150,23.6150,23.6150,23.6150,0,0,0.1469000,0.9610000,0.0000000,7.8634000,-0.1044000,16.6587000
20240126,454,P,0.2350,0.2350,0.2350,0.2350,0,0,0.1486000,-0.0406000,0.0000000,8.1432000,-0.0403000,-0.7512000
20240126,486,C,0.6850,0.6850,0.6850,0.6850,0,0,0.0893000,0.1570000,0.0000000,22.4325000,-0.0823000,2.8446000
20240126,486,P,9.6750,9.6750,9.6750,9.6750,0,0,0.1076000,-0.7973000,0.0000000,26.3346000,-0.0445000,-14.9422000
20240126,443,C,34.4900,34.4900,34.4900,34.4900,0,0,0.1850000,0.9814000,0.0000000,4.2446000,-0.0910000,16.6130000
20240126,443,P,0.1350,0.1350,0.1350,0.1350,0,0,0.1877000,-0.0199000,0.0000000,4.5098000,-0.0288000,-0.3697000
20240126,475,C,4.9950,4.9950,4.9950,4.9950,0,0,0.0980000,0.6089000,0.0000000,35.8313000,-0.1669000,10.9368000
20240126,475,P,2.6200,2.6200,2.6200,2.6200,0,0,0.0999000,-0.3929000,0.0000000,35.8791000,-0.1004000,-7.2820000
20240126,432,C,45.4300,45.4300,45.4300,45.4300,0,0,0.2255000,0.9888000,0.0000000,2.7302000,-0.0839000,16.3296000
20240126,432,P,0.0950,0.0950,0.0950,0.0950,0,0,0.2285000,-0.0119000,0.0000000,2.9143000,-0.0229000,-0.2227000
20240126,400,C,77.3100,77.3100,77.3100,77.3100,0,0,0.3300000,0.9971000,0.0000000,0.8029000,-0.0673000,15.2590000
20240126,400,P,0.0450,0.0450,0.0450,0.0450,0,0,0.3437000,-0.0038000,0.0000000,1.0754000,-0.0129000,-0.0723000
20240126,464,C,14.0100,14.0100,14.0100,14.0100,0,0,0.1197000,0.8905000,0.0000000,17.4858000,-0.1344000,15.7375000
20240126,464,P,0.6050,0.6050,0.6050,0.6050,0,0,0.1199000,-0.1099000,0.0000000,17.5385000,-0.0674000,-2.0320000
20240126,496,C,0.0650,0.0650,0.0650,0.0650,0,0,0.0932000,0.0188000,0.0000000,4.2910000,-0.0155000,0.3417000
20240126,496,P,19.5250,19.5250,19.5250,19.5250,0,0,0.1693000,-0.8714000,0.0000000,19.5833000,-0.0551000,-16.6757000
20240126,453,C,24.5950,24.5950,24.5950,24.5950,0,0,0.1496000,0.9646000,0.0000000,7.2679000,-0.1021000,16.6865000
20240126,453,P,0.2150,0.2150,0.2150,0.2150,0,0,0.1513000,-0.0369000,0.0000000,7.5349000,-0.0381000,-0.6830000
20240126,485,C,0.8550,0.8550,0.8550,0.8550,0,0,0.0894000,0.1873000,0.0000000,25.1070000,-0.0930000,3.3919000
20240126,485,P,8.7800,8.7800,8.7800,8.7800,0,0,0.1040000,-0.7766000,0.0000000,27.8689000,-0.0484000,-14.5306000
20240126,452.5,C,25.0900,25.0900,25.0900,25.0900,0,0,0.1523000,0.9650000,0.0000000,7.1936000,-0.1023000,16.6754000
20240126,452.5,P,0.2150,0.2150,0.2150,0.2150,0,0,0.1538000,-0.0362000,0.0000000,7.4175000,-0.0382000,-0.6701000
20240126,410,C,67.3500,67.3500,67.3500,67.3500,0,0,0.3046000,0.9950000,0.0000000,1.3285000,-0.0736000,15.6025000
20240126,410,P,0.0550,0.0550,0.0550,0.0550,0,0,0.3085000,-0.0053000,0.0000000,1.4419000,-0.0155000,-0.1003000
20240126,442,C,35.4850,35.4850,35.4850,35.4850,0,0,0.1879000,0.9827000,0.0000000,3.9900000,-0.0897000,16.5988000
20240126,442,P,0.1250,0.1250,0.1250,0.1250,0,0,0.1904000,-0.0184000,0.0000000,4.2194000,-0.0274000,-0.3418000
20240126,474,C,5.6700,5.6700,5.6700,5.6700,0,0,0.0997000,0.6479000,0.0000000,34.6354000,-0.1675000,11.6250000
20240126,474,P,2.2800,2.2800,2.2800,2.2800,0,0,0.1010000,-0.3537000,0.0000000,34.6952000,-0.1003000,-6.5515000
20240126,506,C,0.0250,0.0250,0.0250,0.0250,0,0,0.1171000,0.0058000,0.0000000,1.5563000,-0.0069000,0.1065000
20240126,506,P,29.5200,29.5200,29.5200,29.5200,0,0,0.2294000,-0.8979000,0.0000000,16.6177000,-0.0696000,-17.5432000
20240126,495,C,0.0850,0.0850,0.0850,0.0850,0,0,0.0932000,0.0245000,0.0000000,5.3661000,-0.0195000,0.4450000
20240126,495,P,18.5200,18.5200,18.5200,18.5200,0,0,0.1629000,-0.8677000,0.0000000,19.9796000,-0.0534000,-16.5683000
20240126,463,C,14.9400,14.9400,14.9400,14.9400,0,0,0.1220000,0.9026000,0.0000000,16.0601000,-0.1304000,15.9230000
20240126,463,P,0.5450,0.5450,0.5450,0.5450,0,0,0.1228000,-0.0986000,0.0000000,16.2185000,-0.0642000,-1.8241000
20240126,462.5,C,15.4050,15.4050,15.4050,15.4050,0,0,0.1228000,0.9089000,0.0000000,15.2905000,-0.1278000,16.0199000
20240126,462.5,P,0.5150,0.5150,0.5150,0.5150,0,0,0.1241000,-0.0934000,0.0000000,15.5806000,-0.0625000,-1.7272000
20240126,420,C,57.3800,57.3800,57.3800,57.3800,0,0,0.2675000,0.9932000,0.0000000,1.7522000,-0.0772000,15.9520000
20240126,420,P,0.0750,0.0750,0.0750,0.0750,0,0,0.2753000,-0.0081000,0.0000000,2.0713000,-0.0197000,-0.1510000
20240126,452,C,25.5850,25.5850,25.5850,25.5850,0,0,0.1538000,0.9665000,0.0000000,6.9396000,-0.1014000,16.6838000
20240126,452,P,0.2050,0.2050,0.2050,0.2050,0,0,0.1552000,-0.0346000,0.0000000,7.1583000,-0.0372000,-0.6417000
20240126,484,C,1.0650,1.0650,1.0650,1.0650,0,0,0.0898000,0.2216000,0.0000000,27.7494000,-0.1042000,4.0103000
20240126,484,P,7.9250,7.9250,7.9250,7.9250,0,0,0.1008000,-0.7520000,0.0000000,29.5223000,-0.0530000,-14.0483000
20240126,441,C,36.4800,36.4800,36.4800,36.4800,0,0,0.1933000,0.9828000,0.0000000,3.9719000,-0.0902000,16.5621000
20240126,441,P,0.1250,0.1250,0.1250,0.1250,0,0,0.1948000,-0.0178000,0.0000000,4.1049000,-0.0273000,-0.3311000
20240126,505,C,0.0250,0.0250,0.0250,0.0250,0,0,0.1132000,0.0058000,0.0000000,1.5622000,-0.0067000,0.1069000
20240126,505,P,28.5200,28.5200,28.5200,28.5200,0,0,0.2236000,-0.8960000,0.0000000,16.8447000,-0.0682000,-17.4697000
20240126,473,C,6.3750,6.3750,6.3750,6.3750,0,0,0.1010000,0.6852000,0.0000000,33.1396000,-0.1661000,12.2782000
20240126,473,P,1.9900,1.9900,1.9900,1.9900,0,0,0.1026000,-0.3173000,0.0000000,33.2533000,-0.0995000,-5.8757000
20240126,430,C,47.4200,47.4200,47.4200,47.4200,0,0,0.2324000,0.9898000,0.0000000,2.5127000,-0.0825000,16.2717000
20240126,430,P,0.0950,0.0950,0.0950,0.0950,0,0,0.2377000,-0.0115000,0.0000000,2.8275000,-0.0231000,-0.2152000
20240126,462,C,15.8650,15.8650,15.8650,15.8650,0,0,0.1231000,0.9154000,0.0000000,14.4655000,-0.1247000,16.1216000
20240126,462,P,0.4850,0.4850,0.4850,0.4850,0,0,0.1252000,-0.0880000,0.0000000,14.9138000,-0.0605000,-1.6283000
20240126,494,C,0.1050,0.1050,0.1050,0.1050,0,0,0.0922000,0.0302000,0.0000000,6.3906000,-0.0231000,0.5487000
20240126,494,P,17.5200,17.5200,17.5200,17.5200,0,0,0.1564000,-0.8636000,0.0000000,20.3942000,-0.0515000,-16.4565000
20240126,355,C,122.1850,122.1850,122.1850,122.1850,0,0,0.6083532,0.9945214,0.0002763,0.0146363,-0.0751572,0.1348889
20240126,355,P,0.0150,0.0150,0.0150,0.0150,0,0,0.4843000,-0.0007000,0.0000000,0.2439000,-0.0041000,-0.0142000
20240126,451,C,26.5650,26.5650,26.5650,26.5650,0,0,0.1562000,0.9697000,0.0000000,6.3932000,-0.0990000,16.7039000
20240126,451,P,0.1950,0.1950,0.1950,0.1950,0,0,0.1589000,-0.0324000,0.0000000,6.7754000,-0.0361000,-0.6003000
20240126,515,C,0.0150,0.0150,0.0150,0.0150,0,0,0.1367000,0.0024000,0.0000000,0.7087000,-0.0036000,0.0442000
20240126,515,P,38.5200,38.5200,38.5200,38.5200,0,0,0.2800000,-0.9120000,0.0000000,14.8986000,-0.0801000,-18.1452000
20240126,483,C,1.3100,1.3100,1.3100,1.3100,0,0,0.0903000,0.2594000,0.0000000,30.2361000,-0.1154000,4.6916000
20240126,483,P,7.1250,7.1250,7.1250,7.1250,0,0,0.0989000,-0.7216000,0.0000000,31.3231000,-0.0596000,-13.4612000
20240126,525,P,48.5150,48.5150,48.5150,48.5150,0,0,0.3325000,-0.9230000,0.0000000,13.4764000,-0.0890000,-18.7290000
20240126,440,C,37.4700,37.4700,37.4700,37.4700,0,0,0.1958000,0.9841000,0.0000000,3.6997000,-0.0886000,16.5491000
20240126,440,P,0.1250,0.1250,0.1250,0.1250,0,0,0.1997000,-0.0175000,0.0000000,4.0394000,-0.0275000,-0.3250000
20240126,472,C,7.1250,7.1250,7.1250,7.1250,0,0,0.1027000,0.7188000,0.0000000,31.4733000,-0.1643000,12.8646000
20240126,472,P,1.7300,1.7300,1.7300,1.7300,0,0,0.1040000,-0.2834000,0.0000000,31.5984000,-0.0975000,-5.2466000
20240126,504,C,0.0250,0.0250,0.0250,0.0250,0,0,0.1093000,0.0059000,0.0000000,1.5693000,-0.0065000,0.1075000
20240126,504,P,27.5200,27.5200,27.5200,27.5200,0,0,0.2178000,-0.8938000,0.0000000,17.1031000,-0.0671000,-17.3910000
20240126,365,C,112.2150,112.2150,112.2150,112.2150,0,0,0.5644577,0.9934618,0.0003483,0.0171202,-0.0790370,0.1385194
20240126,365,P,0.0150,0.0150,0.0150,0.0150,0,0,0.4453000,-0.0008000,0.0000000,0.2839000,-0.0044000,-0.0167000
20240126,461,C,16.8300,16.8300,16.8300,16.8300,0,0,0.1271000,0.9220000,0.0000000,13.5990000,-0.1232000,16.2059000
20240126,461,P,0.4350,0.4350,0.4350,0.4350,0,0,0.1278000,-0.0788000,0.0000000,13.7278000,-0.0571000,-1.4583000
20240126,535,P,58.5150,58.5150,58.5150,58.5150,0,0,0.3833000,-0.9303000,0.0000000,12.4745000,-0.0977000,-19.2477000
20240126,450,C,27.5550,27.5550,27.5550,27.5550,0,0,0.1599000,0.9716000,0.0000000,6.0565000,-0.0979000,16.7008000
20240126,450,P,0.1850,0.1850,0.1850,0.1850,0,0,0.1623000,-0.0302000,0.0000000,6.3882000,-0.0349000,-0.5592000
20240126,482,C,1.6000,1.6000,1.6000,1.6000,0,0,0.0909000,0.2999000,0.0000000,32.4412000,-0.1259000,5.4198000
20240126,482,P,6.3750,6.3750,6.3750,6.3750,0,0,0.0976000,-0.6869000,0.0000000,33.0599000,-0.0667000,-12.7991000
20240126,514,C,0.0150,0.0150,0.0150,0.0150,0,0,0.1347000,0.0026000,0.0000000,0.7761000,-0.0039000,0.0489000
20240126,514,P,37.5200,37.5200,37.5200,37.5200,0,0,0.2745000,-0.9107000,0.0000000,15.0600000,-0.0790000,-18.0835000
20240126,375,C,102.2400,102.2400,102.2400,102.2400,0,0,0.3906000,0.9993000,0.0000000,0.2259000,-0.0575000,14.3412000
20240126,375,P,0.0250,0.0250,0.0250,0.0250,0,0,0.4257000,-0.0016000,0.0000000,0.4971000,-0.0074000,-0.0309000
20240126,439,C,38.4700,38.4700,38.4700,38.4700,0,0,0.2011000,0.9842000,0.0000000,3.6885000,-0.0891000,16.5118000
20240126,439,P,0.1150,0.1150,0.1150,0.1150,0,0,0.2021000,-0.0161000,0.0000000,3.7701000,-0.0260000,-0.2998000
20240126,471,C,7.9100,7.9100,7.9100,7.9100,0,0,0.1048000,0.7491000,0.0000000,29.7091000,-0.1620000,13.3870000
20240126,471,P,1.5100,1.5100,1.5100,1.5100,0,0,0.1058000,-0.2528000,0.0000000,29.8287000,-0.0950000,-4.6780000
20240126,545,P,68.5100,68.5100,68.5100,68.5100,0,0,0.4321000,-0.9359000,0.0000000,11.7004000,-0.1057000,-19.7324000
20240126,460,C,17.7850,17.7850,17.7850,17.7850,0,0,0.1295000,0.9305000,0.0000000,12.4546000,-0.1195000,16.3241000
20240126,460,P,0.3950,0.3950,0.3950,0.3950,0,0,0.1307000,-0.0712000,0.0000000,12.7062000,-0.0543000,-1.3178000
20240126,492,C,0.1650,0.1650,0.1650,0.1650,0,0,0.0905000,0.0460000,0.0000000,9.0108000,-0.0323000,0.8354000
20240126,492,P,15.5250,15.5250,15.5250,15.5250,0,0,0.1434000,-0.8543000,0.0000000,21.3334000,-0.0478000,-16.2088000
20240126,385,C,92.2700,92.2700,92.2700,92.2700,0,0,0.3789000,0.9983000,0.0000000,0.4985000,-0.0625000,14.7061000
20240126,385,P,0.0350,0.0350,0.0350,0.0350,0,0,0.3984000,-0.0025000,0.0000000,0.7452000,-0.0104000,-0.0482000
20240126,449,C,28.5450,28.5450,28.5450,28.5450,0,0,0.1635000,0.9733000,0.0000000,5.7452000,-0.0968000,16.6946000
20240126,449,P,0.1750,0.1750,0.1750,0.1750,0,0,0.1660000,-0.0283000,0.0000000,6.0619000,-0.0339000,-0.5250000
20240126,481,C,1.9400,1.9400,1.9400,1.9400,0,0,0.0917000,0.3429000,0.0000000,34.3053000,-0.1358000,6.1937000
20240126,481,P,5.6800,5.6800,5.6800,5.6800,0,0,0.0971000,-0.6482000,0.0000000,34.6251000,-0.0743000,-12.0656000
20240126,438,C,39.4600,39.4600,39.4600,39.4600,0,0,0.2036000,0.9854000,0.0000000,3.4423000,-0.0876000,16.4961000
20240126,438,P,0.1150,0.1150,0.1150,0.1150,0,0,0.2065000,-0.0157000,0.0000000,3.6766000,-0.0260000,-0.2912000
20240126,470,C,8.7050,8.7050,8.7050,8.7050,0,0,0.1060000,0.7783000,0.0000000,27.7510000,-0.1578000,13.8904000
20240126,470,P,1.3150,1.3150,1.3150,1.3150,0,0,0.1073000,-0.2243000,0.0000000,27.9399000,-0.0913000,-4.1502000
20240126,502,C,0.0250,0.0250,0.0250,0.0250,0,0,0.1025000,0.0064000,0.0000000,1.6868000,-0.0066000,0.1167000
20240126,502,P,25.5200,25.5200,25.5200,25.5200,0,0,0.2060000,-0.8892000,0.0000000,17.6279000,-0.0643000,-17.2311000
20240126,395,C,82.3000,82.3000,82.3000,82.3000,0,0,0.3515000,0.9973000,0.0000000,0.7648000,-0.0667000,15.0703000
20240126,395,P,0.0450,0.0450,0.0450,0.0450,0,0,0.3671000,-0.0037000,0.0000000,1.0487000,-0.0134000,-0.0704000
20240126,459,C,18.7500,18.7500,18.7500,18.7500,0,0,0.1329000,0.9364000,0.0000000,11.6191000,-0.1173000,16.3958000
20240126,459,P,0.3550,0.3550,0.3550,0.3550,0,0,0.1333000,-0.0640000,0.0000000,11.6923000,-0.0511000,-1.1833000
20240126,491,C,0.2050,0.2050,0.2050,0.2050,0,0,0.0895000,0.0562000,0.0000000,10.5670000,-0.0376000,1.0204000
20240126,491,P,14.5250,14.5250,14.5250,14.5250,0,0,0.1368000,-0.8488000,0.0000000,21.8690000,-0.0459000,-16.0700000
20240131,320,C,157.2600,157.2600,157.2600,157.2600,0,0,0.6252687,0.9980004,0.0000933,0.0068912,-0.0505763,0.1656682
20240131,320,P,0.0150,0.0150,0.0150,0.0150,0,0,0.5500000,-0.0005000,0.0000000,0.2155000,-0.0030000,-0.0144000
20240131,416,C,61.5950,61.5950,61.5950,61.5950,0,0,0.2791723,0.9860756,0.0011704,0.0386143,-0.0786996,0.2125087
20240131,416,P,0.1050,0.1050,0.1050,0.1050,0,0,0.2646000,-0.0100000,0.0000000,2.9152000,-0.0195000,-0.2550000
20240131,448,C,29.8750,29.8750,29.8750,29.8750,0,0,0.1469000,0.9736000,0.0000000,6.6499000,-0.0888000,22.5929000
20240131,448,P,0.2950,0.2950,0.2950,0.2950,0,0,0.1628000,-0.0399000,0.0000000,9.3580000,-0.0372000,-1.0058000
20240131,480,C,3.2000,3.2000,3.2000,3.2000,0,0,0.0968000,0.4215000,0.0000000,42.5278000,-0.1371000,10.2894000
20240131,480,P,5.6450,5.6450,5.6450,5.6450,0,0,0.1023000,-0.5737000,0.0000000,42.6251000,-0.0742000,-14.5244000
20240131,512,C,0.0250,0.0250,0.0250,0.0250,0,0,0.1171000,0.0050000,0.0000000,1.5827000,-0.0052000,0.1239000
20240131,512,P,35.5150,35.5150,35.5150,35.5150,0,0,0.2431000,-0.8885000,0.0000000,20.6357000,-0.0652000,-23.8864000
20240131,437,C,40.7350,40.7350,40.7350,40.7350,0,0,0.1660000,0.9912000,0.0000000,2.5851000,-0.0740000,22.4646000
20240131,437,P,0.1750,0.1750,0.1750,0.1750,0,0,0.1950000,-0.0213000,0.0000000,5.5555000,-0.0270000,-0.5375000
20240131,405,C,72.5450,72.5450,72.5450,72.5450,0,0,0.3183604,0.9894449,0.0008073,0.0303710,-0.0746235,0.2076444
20240131,405,P,0.0750,0.0750,0.0750,0.0750,0,0,0.2958000,-0.0065000,0.0000000,1.9929000,-0.0150000,-0.1656000
20240131,469,C,10.3600,10.3600,10.3600,10.3600,0,0,0.1104000,0.7732000,0.0000000,32.7461000,-0.1472000,18.6393000
20240131,469,P,1.7400,1.7400,1.7400,1.7400,0,0,0.1148000,-0.2351000,0.0000000,33.4205000,-0.0844000,-5.9236000
20240131,501,C,0.0750,0.0750,0.0750,0.0750,0,0,0.0986000,0.0180000,0.0000000,4.8143000,-0.0137000,0.4430000
20240131,501,P,24.5200,24.5200,24.5200,24.5200,0,0,0.1860000,-0.8635000,0.0000000,23.7764000,-0.0529000,-22.6945000
20240131,330,C,147.2900,147.2900,147.2900,147.2900,0,0,0.5892921,0.9975733,0.0001179,0.0082127,-0.0531773,0.1707521
20240131,330,P,0.0150,0.0150,0.0150,0.0150,0,0,0.5124000,-0.0006000,0.0000000,0.2403000,-0.0031000,-0.0162000
20240131,426,C,51.6550,51.6550,51.6550,51.6550,0,0,0.1640000,0.9989000,0.0000000,0.3734000,-0.0633000,22.0885000
20240131,426,P,0.1250,0.1250,0.1250,0.1250,0,0,0.2299000,-0.0134000,0.0000000,3.7493000,-0.0217000,-0.3400000
20240131,458,C,20.2050,20.2050,20.2050,20.2050,0,0,0.1291000,0.9265000,0.0000000,15.1516000,-0.1127000,21.9282000
20240131,458,P,0.6050,0.6050,0.6050,0.6050,0,0,0.1374000,-0.0862000,0.0000000,17.0950000,-0.0557000,-2.1692000
20240131,490,C,0.5850,0.5850,0.5850,0.5850,0,0,0.0926000,0.1183000,0.0000000,21.5347000,-0.0606000,2.9052000
20240131,490,P,13.5450,13.5450,13.5450,13.5450,0,0,0.1230000,-0.8118000,0.0000000,29.3183000,-0.0366000,-20.8418000
20240131,522,C,0.0150,0.0150,0.0150,0.0150,0,0,0.1367000,0.0023000,0.0000000,0.8099000,-0.0030000,0.0587000
20240131,522,P,45.5150,45.5150,45.5150,45.5150,0,0,0.2919000,-0.9023000,0.0000000,18.7479000,-0.0748000,-24.7498000
20240131,415,C,62.5950,62.5950,62.5950,62.5950,0,0,0.2840085,0.9861034,0.0011485,0.0385478,-0.0790196,0.2119951
20240131,415,P,0.0950,0.0950,0.0950,0.0950,0,0,0.2651000,-0.0091000,0.0000000,2.6820000,-0.0180000,-0.2317000
20240131,447,C,30.8550,30.8550,30.8550,30.8550,0,0,0.1486000,0.9761000,0.0000000,6.1008000,-0.0870000,22.6058000
20240131,447,P,0.2750,0.2750,0.2750,0.2750,0,0,0.1652000,-0.0371000,0.0000000,8.8129000,-0.0357000,-0.9345000
20240131,479,C,3.6650,3.6650,3.6650,3.6650,0,0,0.0975000,0.4591000,0.0000000,43.1409000,-0.1420000,11.1972000
20240131,479,P,5.1100,5.1100,5.1100,5.1100,0,0,0.1031000,-0.5381000,0.0000000,43.1702000,-0.0791000,-13.6135000
20240131,340,C,137.3200,137.3200,137.3200,137.3200,0,0,0.5525954,0.9970941,0.0001480,0.0096643,-0.0556961,0.1758231
20240131,340,P,0.0150,0.0150,0.0150,0.0150,0,0,0.4765000,-0.0007000,0.0000000,0.2732000,-0.0033000,-0.0185000
20240131,436,C,41.7250,41.7250,41.7250,41.7250,0,0,0.1669000,0.9922000,0.0000000,2.3125000,-0.0728000,22.4390000
20240131,436,P,0.1750,0.1750,0.1750,0.1750,0,0,0.1992000,-0.0208000,0.0000000,5.4537000,-0.0271000,-0.5260000
20240131,500,C,0.0850,0.0850,0.0850,0.0850,0,0,0.0971000,0.0207000,0.0000000,5.4297000,-0.0153000,0.5104000
20240131,500,P,23.5200,23.5200,23.5200,23.5200,0,0,0.1806000,-0.8604000,0.0000000,24.1484000,-0.0517000,-22.5645000
20240131,468,C,11.1900,11.1900,11.1900,11.1900,0,0,0.1121000,0.7943000,0.0000000,30.9461000,-0.1447000,19.1191000
20240131,468,P,1.5650,1.5650,1.5650,1.5650,0,0,0.1163000,-0.2139000,0.0000000,31.6735000,-0.0819000,-5.3877000
20240131,425,C,52.6450,52.6450,52.6450,52.6450,0,0,0.2475774,0.9818476,0.0016567,0.0484706,-0.0827656,0.2161190
20240131,425,P,0.1250,0.1250,0.1250,0.1250,0,0,0.2343000,-0.0133000,0.0000000,3.7208000,-0.0220000,-0.3371000
20240131,457,C,21.1550,21.1550,21.1550,21.1550,0,0,0.1309000,0.9336000,0.0000000,14.0050000,-0.1099000,22.0559000
20240131,457,P,0.5550,0.5550,0.5550,0.5550,0,0,0.1397000,-0.0791000,0.0000000,16.0284000,-0.0533000,-1.9913000
20240131,489,C,0.7050,0.7050,0.7050,0.7050,0,0,0.0925000,0.1382000,0.0000000,23.9930000,-0.0679000,3.3931000
20240131,489,P,12.6050,12.6050,12.6050,12.6050,0,0,0.1187000,-0.8003000,0.0000000,30.4046000,-0.0376000,-20.5059000
20240131,350,C,127.3500,127.3500,127.3500,127.3500,0,0,0.5154338,0.9965517,0.0001851,0.0112735,-0.0581311,0.1808784
20240131,350,P,0.0250,0.0250,0.0250,0.0250,0,0,0.4648000,-0.0014000,0.0000000,0.4999000,-0.0060000,-0.0359000
20240131,414,C,63.5850,63.5850,63.5850,63.5850,0,0,0.2862010,0.9868171,0.0010890,0.0368327,-0.0778702,0.2116568
20240131,414,P,0.0950,0.0950,0.0950,0.0950,0,0,0.2690000,-0.0090000,0.0000000,2.6446000,-0.0180000,-0.2281000
20240131,446,C,31.8400,31.8400,31.8400,31.8400,0,0,0.1516000,0.9776000,0.0000000,5.7794000,-0.0861000,22.5911000
20240131,446,P,0.2650,0.2650,0.2650,0.2650,0,0,0.1687000,-0.0353000,0.0000000,8.4593000,-0.0350000,-0.8891000
20240131,510,C,0.0250,0.0250,0.0250,0.0250,0,0,0.1113000,0.0052000,0.0000000,1.6545000,-0.0052000,0.1303000
20240131,510,P,33.5150,33.5150,33.5150,33.5150,0,0,0.2330000,-0.8850000,0.0000000,21.0967000,-0.0631000,-23.6953000
20240131,478,C,4.1750,4.1750,4.1750,4.1750,0,0,0.0985000,0.4966000,0.0000000,43.3671000,-0.1462000,12.1009000
20240131,478,P,4.5850,4.5850,4.5850,4.5850,0,0,0.1031000,-0.5027000,0.0000000,43.3675000,-0.0822000,-12.7090000
20240131,435,C,42.7150,42.7150,42.7150,42.7150,0,0,0.1669000,0.9934000,0.0000000,1.9949000,-0.0714000,22.4170000
20240131,435,P,0.1650,0.1650,0.1650,0.1650,0,0,0.2016000,-0.0195000,0.0000000,5.1727000,-0.0260000,-0.4943000
20240131,467,C,12.0350,12.0350,12.0350,12.0350,0,0,0.1136000,0.8142000,0.0000000,29.0869000,-0.1416000,19.5702000
20240131,467,P,1.4150,1.4150,1.4150,1.4150,0,0,0.1184000,-0.1951000,0.0000000,29.9896000,-0.0797000,-4.9146000
20240131,499,C,0.1050,0.1050,0.1050,0.1050,0,0,0.0969000,0.0253000,0.0000000,6.4379000,-0.0181000,0.6246000
20240131,499,P,22.5200,22.5200,22.5200,22.5200,0,0,0.1750000,-0.8571000,0.0000000,24.5278000,-0.0502000,-22.4319000
20240131,360,C,117.3800,117.3800,117.3800,117.3800,0,0,0.4779766,0.9959314,0.0002315,0.0130763,-0.0604802,0.1859145
20240131,360,P,0.0250,0.0250,0.0250,0.0250,0,0,0.4257000,-0.0015000,0.0000000,0.5388000,-0.0059000,-0.0389000
20240131,424,C,53.6400,53.6400,53.6400,53.6400,0,0,0.2513056,0.9823269,0.0015953,0.0473771,-0.0824235,0.2157199
20240131,424,P,0.1250,0.1250,0.1250,0.1250,0,0,0.2382000,-0.0130000,0.0000000,3.6562000,-0.0220000,-0.3304000
20240131,456,C,22.1100,22.1100,22.1100,22.1100,0,0,0.1331000,0.9395000,0.0000000,13.0192000,-0.1075000,22.1532000
20240131,456,P,0.5150,0.5150,0.5150,0.5150,0,0,0.1423000,-0.0730000,0.0000000,15.0791000,-0.0513000,-1.8379000
20240131,520,C,0.0150,0.0150,0.0150,0.0150,0,0,0.1308000,0.0023000,0.0000000,0.8119000,-0.0029000,0.0589000
20240131,520,P,43.5150,43.5150,43.5150,43.5150,0,0,0.2824000,-0.8999000,0.0000000,19.0817000,-0.0731000,-24.5866000
20240131,488,C,0.8550,0.8550,0.8550,0.8550,0,0,0.0927000,0.1614000,0.0000000,26.6079000,-0.0760000,3.9604000
20240131,488,P,11.6750,11.6750,11.6750,11.6750,0,0,0.1145000,-0.7870000,0.0000000,31.5827000,-0.0389000,-20.1295000
20240131,413,C,64.5850,64.5850,64.5850,64.5850,0,0,0.2910572,0.9868328,0.0010697,0.0367948,-0.0781895,0.2111401
20240131,413,P,0.0950,0.0950,0.0950,0.0950,0,0,0.2729000,-0.0088000,0.0000000,2.6081000,-0.0181000,-0.2246000
20240131,445,C,32.8250,32.8250,32.8250,32.8250,0,0,0.1528000,0.9801000,0.0000000,5.2358000,-0.0842000,22.6010000
20240131,445,P,0.2450,0.2450,0.2450,0.2450,0,0,0.1706000,-0.0324000,0.0000000,7.9007000,-0.0331000,-0.8182000
20240131,477,C,4.7200,4.7200,4.7200,4.7200,0,0,0.0996000,0.5334000,0.0000000,43.2156000,-0.1495000,12.9864000
20240131,477,P,4.1200,4.1200,4.1200,4.1200,0,0,0.1039000,-0.4675000,0.0000000,43.2246000,-0.0851000,-11.8097000
20240131,370,C,107.4150,107.4150,107.4150,107.4150,0,0,0.4435533,0.9949560,0.0003022,0.0158421,-0.0636952,0.1908598
20240131,370,P,0.0350,0.0350,0.0350,0.0350,0,0,0.4023000,-0.0023000,0.0000000,0.7885000,-0.0081000,-0.0591000
20240131,434,C,43.7050,43.7050,43.7050,43.7050,0,0,0.1669000,0.9944000,0.0000000,1.7140000,-0.0701000,22.3910000
20240131,434,P,0.1650,0.1650,0.1650,0.1650,0,0,0.2060000,-0.0193000,0.0000000,5.1094000,-0.0263000,-0.4873000
20240131,466,C,12.9000,12.9000,12.9000,12.9000,0,0,0.1156000,0.8314000,0.0000000,27.3578000,-0.1390000,19.9506000
20240131,466,P,1.2750,1.2750,1.2750,1.2750,0,0,0.1201000,-0.1775000,0.0000000,28.2770000,-0.0769000,-4.4689000
20240131,498,C,0.1250,0.1250,0.1250,0.1250,0,0,0.0959000,0.0299000,0.0000000,7.3844000,-0.0207000,0.7363000
20240131,498,P,21.5200,21.5200,21.5200,21.5200,0,0,0.1694000,-0.8536000,0.0000000,24.9264000,-0.0488000,-22.2940000
20240131,530,P,53.5150,53.5150,53.5150,53.5150,0,0,0.3293000,-0.9102000,0.0000000,17.6098000,-0.0817000,-25.3631000
20240131,423,C,54.6350,54.6350,54.6350,54.6350,0,0,0.2550156,0.9827926,0.0015366,0.0463089,-0.0820738,0.2153175
20240131,423,P,0.1150,0.1150,0.1150,0.1150,0,0,0.2392000,-0.0119000,0.0000000,3.3849000,-0.0204000,-0.3022000
20240131,455,C,23.0700,23.0700,23.0700,23.0700,0,0,0.1350000,0.9454000,0.0000000,12.0200000,-0.1048000,22.2479000
20240131,455,P,0.4650,0.4650,0.4650,0.4650,0,0,0.1439000,-0.0661000,0.0000000,13.9795000,-0.0482000,-1.6656000
20240131,487,C,1.0300,1.0300,1.0300,1.0300,0,0,0.0931000,0.1872000,0.0000000,29.2388000,-0.0844000,4.5914000
20240131,487,P,10.7800,10.7800,10.7800,10.7800,0,0,0.1112000,-0.7703000,0.0000000,32.9831000,-0.0415000,-19.6671000
20240131,380,C,97.4500,97.4500,97.4500,97.4500,0,0,0.4080272,0.9938233,0.0003933,0.0189653,-0.0667298,0.1957661
20240131,380,P,0.0450,0.0450,0.0450,0.0450,0,0,0.3730000,-0.0031000,0.0000000,1.0354000,-0.0099000,-0.0798000
20240131,412,C,65.5750,65.5750,65.5750,65.5750,0,0,0.2931428,0.9875246,0.0010137,0.0351166,-0.0770154,0.2107963
20240131,412,P,0.0950,0.0950,0.0950,0.0950,0,0,0.2773000,-0.0088000,0.0000000,2.5974000,-0.0183000,-0.2236000
20240131,444,C,33.8050,33.8050,33.8050,33.8050,0,0,0.1533000,0.9827000,0.0000000,4.6405000,-0.0819000,22.6152000
20240131,444,P,0.2350,0.2350,0.2350,0.2350,0,0,0.1738000,-0.0307000,0.0000000,7.5598000,-0.0324000,-0.7758000
20240131,476,C,5.3100,5.3100,5.3100,5.3100,0,0,0.1007000,0.5693000,0.0000000,42.7115000,-0.1518000,13.8451000
20240131,476,P,3.7050,3.7050,3.7050,3.7050,0,0,0.1047000,-0.4329000,0.0000000,42.7549000,-0.0873000,-10.9311000
20240131,508,C,0.0350,0.0350,0.0350,0.0350,0,0,0.1103000,0.0077000,0.0000000,2.3051000,-0.0072000,0.1895000
20240131,508,P,31.5150,31.5150,31.5150,31.5150,0,0,0.2227000,-0.8811000,0.0000000,21.5962000,-0.0609000,-23.4955000
20240131,540,P,63.5150,63.5150,63.5150,63.5150,0,0,0.3741000,-0.9179000,0.0000000,16.4780000,-0.0893000,-26.0726000
20240131,433,C,44.6950,44.6950,44.6950,44.6950,0,0,0.1660000,0.9955000,0.0000000,1.4102000,-0.0686000,22.3663000
20240131,433,P,0.1550,0.1550,0.1550,0.1550,0,0,0.2080000,-0.0179000,0.0000000,4.8035000,-0.0250000,-0.4532000
20240131,465,C,13.7750,13.7750,13.7750,13.7750,0,0,0.1171000,0.8481000,0.0000000,25.5511000,-0.1355000,20.3201000
20240131,465,P,1.1550,1.1550,1.1550,1.1550,0,0,0.1222000,-0.1619000,0.0000000,26.6554000,-0.0743000,-4.0755000
20240131,497,C,0.1450,0.1450,0.1450,0.1450,0,0,0.0944000,0.0345000,0.0000000,8.3084000,-0.0230000,0.8493000
20240131,497,P,20.5200,20.5200,20.5200,20.5200,0,0,0.1638000,-0.8499000,0.0000000,25.3570000,-0.0474000,-22.1479000
20240131,390,C,87.4850,87.4850,87.4850,87.4850,0,0,0.3716596,0.9924852,0.0005135,0.0225520,-0.0695726,0.2006215
20240131,390,P,0.0550,0.0550,0.0550,0.0550,0,0,0.3427000,-0.0042000,0.0000000,1.3469000,-0.0118000,-0.1069000
20240131,422,C,55.6250,55.6250,55.6250,55.6250,0,0,0.2575917,0.9836147,0.0014589,0.0444098,-0.0810267,0.2150060
20240131,422,P,0.1150,0.1150,0.1150,0.1150,0,0,0.2436000,-0.0118000,0.0000000,3.3633000,-0.0207000,-0.3001000
20240131,454,C,24.0300,24.0300,24.0300,24.0300,0,0,0.1365000,0.9509000,0.0000000,11.0380000,-0.1020000,22.3355000
20240131,454,P,0.4350,0.4350,0.4350,0.4350,0,0,0.1467000,-0.0614000,0.0000000,13.2019000,-0.0466000,-1.5476000
20240131,486,C,1.2350,1.2350,1.2350,1.2350,0,0,0.0933000,0.2148000,0.0000000,31.7524000,-0.0926000,5.2653000
20240131,486,P,9.9200,9.9200,9.9200,9.9200,0,0,0.1084000,-0.7505000,0.0000000,34.5047000,-0.0450000,-19.1319000
20240131,518,C,0.0150,0.0150,0.0150,0.0150,0,0,0.1250000,0.0024000,0.0000000,0.8154000,-0.0028000,0.0592000
20240131,518,P,41.5150,41.5150,41.5150,41.5150,0,0,0.2727000,-0.8974000,0.0000000,19.4271000,-0.0711000,-24.4206000
20240131,411,C,66.5750,66.5750,66.5750,66.5750,0,0,0.2980207,0.9875293,0.0009968,0.0351052,-0.0773342,0.2102769
20240131,411,P,0.0850,0.0850,0.0850,0.0850,0,0,0.2773000,-0.0079000,0.0000000,2.3694000,-0.0167000,-0.2013000
20240131,443,C,34.7950,34.7950,34.7950,34.7950,0,0,0.1557000,0.9840000,0.0000000,4.3453000,-0.0809000,22.5953000
20240131,443,P,0.2250,0.2250,0.2250,0.2250,0,0,0.1770000,-0.0292000,0.0000000,7.2392000,-0.0316000,-0.7364000
20240131,475,C,5.9400,5.9400,5.9400,5.9400,0,0,0.1019000,0.6038000,0.0000000,41.8920000,-0.1534000,14.6667000
20240131,475,P,3.3250,3.3250,3.3250,3.3250,0,0,0.1058000,-0.3995000,0.0000000,41.9865000,-0.0887000,-10.0826000
20240131,432,C,45.6950,45.6950,45.6950,45.6950,0,0,0.1708000,0.9953000,0.0000000,1.4642000,-0.0689000,22.3096000
20240131,432,P,0.1550,0.1550,0.1550,0.1550,0,0,0.2124000,-0.0177000,0.0000000,4.7504000,-0.0253000,-0.4475000
20240131,400,C,77.5250,77.5250,77.5250,77.5250,0,0,0.3364435,0.9905605,0.0006929,0.0275493,-0.0730220,0.2053288
20240131,400,P,0.0750,0.0750,0.0750,0.0750,0,0,0.3164000,-0.0062000,0.0000000,1.9163000,-0.0155000,-0.1587000
20240131,464,C,14.6650,14.6650,14.6650,14.6650,0,0,0.1188000,0.8628000,0.0000000,23.8624000,-0.1323000,20.6370000
20240131,464,P,1.0450,1.0450,1.0450,1.0450,0,0,0.1242000,-0.1474000,0.0000000,25.0545000,-0.0715000,-3.7105000
20240131,496,C,0.1750,0.1750,0.1750,0.1750,0,0,0.0939000,0.0414000,0.0000000,9.6512000,-0.0267000,1.0203000
20240131,496,P,19.5200,19.5200,19.5200,19.5200,0,0,0.1580000,-0.8459000,0.0000000,25.8015000,-0.0458000,-21.9972000
20240131,421,C,56.6250,56.6250,56.6250,56.6250,0,0,0.2623790,0.9836865,0.0014269,0.0442431,-0.0813520,0.2145033
20240131,421,P,0.1150,0.1150,0.1150,0.1150,0,0,0.2475000,-0.0116000,0.0000000,3.3088000,-0.0207000,-0.2946000
20240131,453,C,25.0000,25.0000,25.0000,25.0000,0,0,0.1386000,0.9554000,0.0000000,10.2286000,-0.0999000,22.3952000
20240131,453,P,0.4050,0.4050,0.4050,0.4050,0,0,0.1494000,-0.0570000,0.0000000,12.4498000,-0.0449000,-1.4362000
20240131,485,C,1.4700,1.4700,1.4700,1.4700,0,0,0.0938000,0.2454000,0.0000000,34.2116000,-0.1013000,6.0124000
20240131,485,P,9.1000,9.1000,9.1000,9.1000,0,0,0.1063000,-0.7275000,0.0000000,36.1069000,-0.0492000,-18.5185000
20240131,410,C,67.5650,67.5650,67.5650,67.5650,0,0,0.2999936,0.9882007,0.0009438,0.0334608,-0.0761357,0.2099281
20240131,410,P,0.0850,0.0850,0.0850,0.0850,0,0,0.2812000,-0.0078000,0.0000000,2.3390000,-0.0167000,-0.1984000
20240131,442,C,35.7850,35.7850,35.7850,35.7850,0,0,0.1577000,0.9854000,0.0000000,4.0138000,-0.0797000,22.5788000
20240131,442,P,0.2150,0.2150,0.2150,0.2150,0,0,0.1799000,-0.0276000,0.0000000,6.9039000,-0.0307000,-0.6957000
20240131,474,C,6.6000,6.6000,6.6000,6.6000,0,0,0.1032000,0.6367000,0.0000000,40.7938000,-0.1539000,15.4502000
20240131,474,P,2.9800,2.9800,2.9800,2.9800,0,0,0.1070000,-0.3676000,0.0000000,40.9596000,-0.0895000,-9.2738000
20240131,506,C,0.0350,0.0350,0.0350,0.0350,0,0,0.1040000,0.0080000,0.0000000,2.4010000,-0.0071000,0.1985000
20240131,506,P,29.5200,29.5200,29.5200,29.5200,0,0,0.2127000,-0.8764000,0.0000000,22.1945000,-0.0592000,-23.2751000
20240131,335,C,142.3050,142.3050,142.3050,142.3050,0,0,0.5710152,0.9973409,0.0001322,0.0089207,-0.0544470,0.1732894
20240131,335,P,0.0150,0.0150,0.0150,0.0150,0,0,0.4921000,-0.0006000,0.0000000,0.2447000,-0.0031000,-0.0165000
20240131,431,C,46.6850,46.6850,46.6850,46.6850,0,0,0.1699000,0.9962000,0.0000000,1.2027000,-0.0676000,22.2806000
20240131,431,P,0.1450,0.1450,0.1450,0.1450,0,0,0.2143000,-0.0165000,0.0000000,4.4706000,-0.0240000,-0.4168000
20240131,463,C,15.5650,15.5650,15.5650,15.5650,0,0,0.1205000,0.8763000,0.0000000,22.2078000,-0.1289000,20.9259000
20240131,463,P,0.9450,0.9450,0.9450,0.9450,0,0,0.1260000,-0.1340000,0.0000000,23.4937000,-0.0685000,-3.3747000
20240131,495,C,0.2150,0.2150,0.2150,0.2150,0,0,0.0935000,0.0496000,0.0000000,11.1511000,-0.0308000,1.2208000
20240131,495,P,18.5200,18.5200,18.5200,18.5200,0,0,0.1523000,-0.8415000,0.0000000,26.2841000,-0.0443000,-21.8361000
20240131,420,C,57.6150,57.6150,57.6150,57.6150,0,0,0.2648651,0.9844779,0.0013545,0.0423964,-0.0802787,0.2141842
20240131,420,P,0.1050,0.1050,0.1050,0.1050,0,0,0.2485000,-0.0106000,0.0000000,3.0667000,-0.0193000,-0.2699000
20240131,452,C,25.9700,25.9700,25.9700,25.9700,0,0,0.1406000,0.9595000,0.0000000,9.4541000,-0.0977000,22.4472000
20240131,452,P,0.3750,0.3750,0.3750,0.3750,0,0,0.1517000,-0.0526000,0.0000000,11.6740000,-0.0429000,-1.3240000
20240131,484,C,1.7350,1.7350,1.7350,1.7350,0,0,0.0940000,0.2772000,0.0000000,36.4157000,-0.1090000,6.7853000
20240131,484,P,8.3400,8.3400,8.3400,8.3400,0,0,0.1052000,-0.7005000,0.0000000,37.7657000,-0.0548000,-17.8096000
20240131,516,C,0.0150,0.0150,0.0150,0.0150,0,0,0.1210000,0.0027000,0.0000000,0.9330000,-0.0031000,0.0687000
20240131,516,P,39.5150,39.5150,39.5150,39.5150,0,0,0.2630000,-0.8947000,0.0000000,19.8012000,-0.0692000,-24.2487000
20240131,345,C,132.3350,132.3350,132.3350,132.3350,0,0,0.5340611,0.9968316,0.0001655,0.0104473,-0.0569243,0.1783529
20240131,345,P,0.0250,0.0250,0.0250,0.0250,0,0,0.4843000,-0.0013000,0.0000000,0.4792000,-0.0060000,-0.0343000
20240131,409,C,68.5650,68.5650,68.5650,68.5650,0,0,0.3048954,0.9881952,0.0009290,0.0334743,-0.0764545,0.2094062
20240131,409,P,0.0850,0.0850,0.0850,0.0850,0,0,0.2851000,-0.0077000,0.0000000,2.3091000,-0.0167000,-0.1956000
20240131,441,C,36.7700,36.7700,36.7700,36.7700,0,0,0.1601000,0.9864000,0.0000000,3.7638000,-0.0788000,22.5531000
20240131,441,P,0.2050,0.2050,0.2050,0.2050,0,0,0.1828000,-0.0261000,0.0000000,6.5885000,-0.0298000,-0.6579000
20240131,505,C,0.0450,0.0450,0.0450,0.0450,0,0,0.1044000,0.0104000,0.0000000,2.9993000,-0.0089000,0.2559000
20240131,505,P,28.5200,28.5200,28.5200,28.5200,0,0,0.2075000,-0.8741000,0.0000000,22.4850000,-0.0580000,-23.1655000
20240131,473,C,7.2950,7.2950,7.2950,7.2950,0,0,0.1044000,0.6681000,0.0000000,39.4587000,-0.1536000,16.1912000
20240131,473,P,2.6750,2.6750,2.6750,2.6750,0,0,0.1083000,-0.3372000,0.0000000,39.7090000,-0.0894000,-8.5043000
20240131,430,C,47.6750,47.6750,47.6750,47.6750,0,0,0.1640000,0.9977000,0.0000000,0.7817000,-0.0655000,22.2641000
20240131,430,P,0.1450,0.1450,0.1450,0.1450,0,0,0.2182000,-0.0161000,0.0000000,4.3819000,-0.0240000,-0.4073000
20240131,462,C,16.4800,16.4800,16.4800,16.4800,0,0,0.1226000,0.8877000,0.0000000,20.7420000,-0.1261000,21.1601000
20240131,462,P,0.8650,0.8650,0.8650,0.8650,0,0,0.1285000,-0.1229000,0.0000000,22.1172000,-0.0661000,-3.0935000
20240131,494,C,0.2650,0.2650,0.2650,0.2650,0,0,0.0933000,0.0599000,0.0000000,12.9368000,-0.0359000,1.4727000
20240131,494,P,17.5200,17.5200,17.5200,17.5200,0,0,0.1464000,-0.8368000,0.0000000,26.7868000,-0.0427000,-21.6683000
20240131,526,P,49.5150,49.5150,49.5150,49.5150,0,0,0.3107000,-0.9066000,0.0000000,18.1411000,-0.0783000,-25.0638000
20240131,355,C,122.3700,122.3700,122.3700,122.3700,0,0,0.5007392,0.9960172,0.0002168,0.0128291,-0.0603276,0.1833382
20240131,355,P,0.0250,0.0250,0.0250,0.0250,0,0,0.4453000,-0.0014000,0.0000000,0.5198000,-0.0059000,-0.0374000
20240131,419,C,58.6150,58.6150,58.6150,58.6150,0,0,0.2696670,0.9845336,0.0013263,0.0422658,-0.0806018,0.2136775
20240131,419,P,0.1050,0.1050,0.1050,0.1050,0,0,0.2524000,-0.0104000,0.0000000,3.0200000,-0.0193000,-0.2653000
20240131,451,C,26.9450,26.9450,26.9450,26.9450,0,0,0.1420000,0.9637000,0.0000000,8.6429000,-0.0952000,22.5013000
20240131,451,P,0.3550,0.3550,0.3550,0.3550,0,0,0.1547000,-0.0493000,0.0000000,11.0884000,-0.0416000,-1.2413000
20240131,515,C,0.0150,0.0150,0.0150,0.0150,0,0,0.1171000,0.0026000,0.0000000,0.8807000,-0.0028000,0.0645000
20240131,515,P,38.5150,38.5150,38.5150,38.5150,0,0,0.2580000,-0.8933000,0.0000000,19.9955000,-0.0682000,-24.1611000
20240131,483,C,2.0450,2.0450,2.0450,2.0450,0,0,0.0946000,0.3115000,0.0000000,38.4352000,-0.1170000,7.6211000
20240131,483,P,7.6050,7.6050,7.6050,7.6050,0,0,0.1040000,-0.6719000,0.0000000,39.2753000,-0.0598000,-17.0614000
20240131,525,C,0.0150,0.0150,0.0150,0.0150,0,0,0.1445000,0.0022000,0.0000000,0.7663000,-0.0030000,0.0552000
20240131,525,P,48.5150,48.5150,48.5150,48.5150,0,0,0.3061000,-0.9055000,0.0000000,18.2892000,-0.0775000,-24.9861000
20240131,408,C,69.5600,69.5600,69.5600,69.5600,0,0,0.3082981,0.9885175,0.0008970,0.0326795,-0.0760057,0.2089682
20240131,408,P,0.0850,0.0850,0.0850,0.0850,0,0,0.2890000,-0.0076000,0.0000000,2.2798000,-0.0168000,-0.1928000
20240131,440,C,37.7600,37.7600,37.7600,37.7600,0,0,0.1621000,0.9876000,0.0000000,3.4799000,-0.0778000,22.5307000
20240131,440,P,0.1950,0.1950,0.1950,0.1950,0,0,0.1855000,-0.0245000,0.0000000,6.2604000,-0.0288000,-0.6191000
20240131,472,C,8.0250,8.0250,8.0250,8.0250,0,0,0.1058000,0.6972000,0.0000000,37.9508000,-0.1529000,16.8770000
20240131,472,P,2.4000,2.4000,2.4000,2.4000,0,0,0.1099000,-0.3090000,0.0000000,38.2997000,-0.0890000,-7.7898000
20240131,504,C,0.0550,0.0550,0.0550,0.0550,0,0,0.1044000,0.0129000,0.0000000,3.6223000,-0.0108000,0.3180000
20240131,504,P,27.5200,27.5200,27.5200,27.5200,0,0,0.2022000,-0.8716000,0.0000000,22.7946000,-0.0569000,-23.0516000
20240131,365,C,112.4000,112.4000,112.4000,112.4000,0,0,0.4626371,0.9953366,0.0002702,0.0147722,-0.0625961,0.1883592
20240131,365,P,0.0350,0.0350,0.0350,0.0350,0,0,0.4218000,-0.0022000,0.0000000,0.7564000,-0.0082000,-0.0565000
20240131,429,C,48.6750,48.6750,48.6750,48.6750,0,0,0.1718000,0.9971000,0.0000000,0.9449000,-0.0663000,22.1987000
20240131,429,P,0.1350,0.1350,0.1350,0.1350,0,0,0.2202000,-0.0150000,0.0000000,4.1271000,-0.0228000,-0.3798000
20240131,461,C,17.4000,17.4000,17.4000,17.4000,0,0,0.1243000,0.8987000,0.0000000,19.2483000,-0.1227000,21.3861000
20240131,461,P,0.7850,0.7850,0.7850,0.7850,0,0,0.1304000,-0.1119000,0.0000000,20.6968000,-0.0632000,-2.8166000
20240131,493,C,0.3250,0.3250,0.3250,0.3250,0,0,0.0932000,0.0718000,0.0000000,14.8894000,-0.0414000,1.7650000
20240131,493,P,16.5250,16.5250,16.5250,16.5250,0,0,0.1406000,-0.8316000,0.0000000,27.3358000,-0.0411000,-21.4874000
20240131,535,P,58.5150,58.5150,58.5150,58.5150,0,0,0.3519000,-0.9144000,0.0000000,17.0046000,-0.0855000,-25.7252000
20240131,418,C,59.6050,59.6050,59.6050,59.6050,0,0,0.2720592,0.9852970,0.0012586,0.0404667,-0.0795026,0.2133515
20240131,418,P,0.1050,0.1050,0.1050,0.1050,0,0,0.2568000,-0.0104000,0.0000000,3.0042000,-0.0195000,-0.2638000
20240131,450,C,27.9200,27.9200,27.9200,27.9200,0,0,0.1445000,0.9666000,0.0000000,8.0739000,-0.0936000,22.5218000
20240131,450,P,0.3350,0.3350,0.3350,0.3350,0,0,0.1577000,-0.0461000,0.0000000,10.5180000,-0.0404000,-1.1622000
20240131,482,C,2.3900,2.3900,2.3900,2.3900,0,0,0.0954000,0.3474000,0.0000000,40.1588000,-0.1245000,8.4937000
20240131,482,P,6.9150,6.9150,6.9150,6.9150,0,0,0.1033000,-0.6407000,0.0000000,40.6412000,-0.0650000,-16.2515000
20240131,514,C,0.0250,0.0250,0.0250,0.0250,0,0,0.1230000,0.0048000,0.0000000,1.5225000,-0.0052000,0.1185000
20240131,514,P,37.5150,37.5150,37.5150,37.5150,0,0,0.2531000,-0.8918000,0.0000000,20.2002000,-0.0672000,-24.0714000
20240131,375,C,102.4300,102.4300,102.4300,102.4300,0,0,0.4244527,0.9945441,0.0003387,0.0169879,-0.0647692,0.1933526
20240131,375,P,0.0450,0.0450,0.0450,0.0450,0,0,0.3925000,-0.0029000,0.0000000,0.9903000,-0.0100000,-0.0761000
20240131,439,C,38.7500,38.7500,38.7500,38.7500,0,0,0.1635000,0.9889000,0.0000000,3.1698000,-0.0765000,22.5104000
20240131,439,P,0.1950,0.1950,0.1950,0.1950,0,0,0.1899000,-0.0241000,0.0000000,6.1627000,-0.0291000,-0.6078000
20240131,407,C,70.5550,70.5550,70.5550,70.5550,0,0,0.3116770,0.9888330,0.0008660,0.0318977,-0.0755509,0.2085285
20240131,407,P,0.0850,0.0850,0.0850,0.0850,0,0,0.2929000,-0.0074000,0.0000000,2.2509000,-0.0168000,-0.1901000
20240131,471,C,8.7800,8.7800,8.7800,8.7800,0,0,0.1074000,0.7243000,0.0000000,36.3149000,-0.1516000,17.5088000
20240131,471,P,2.1550,2.1550,2.1550,2.1550,0,0,0.1113000,-0.2822000,0.0000000,36.7369000,-0.0877000,-7.1129000
20240131,545,P,68.5150,68.5150,68.5150,68.5150,0,0,0.3959000,-0.9209000,0.0000000,16.0135000,-0.0930000,-26.4085000
20240131,428,C,49.6650,49.6650,49.6650,49.6650,0,0,0.1640000,0.9984000,0.0000000,0.5449000,-0.0643000,22.1792000
20240131,428,P,0.1350,0.1350,0.1350,0.1350,0,0,0.2246000,-0.0148000,0.0000000,4.0906000,-0.0231000,-0.3761000
20240131,460,C,18.3250,18.3250,18.3250,18.3250,0,0,0.1256000,0.9095000,0.0000000,17.7121000,-0.1189000,21.6066000
20240131,460,P,0.7150,0.7150,0.7150,0.7150,0,0,0.1326000,-0.1022000,0.0000000,19.3859000,-0.0604000,-2.5722000
20240131,492,C,0.3950,0.3950,0.3950,0.3950,0,0,0.0928000,0.0849000,0.0000000,16.9139000,-0.0471000,2.0875000
20240131,492,P,15.5300,15.5300,15.5300,15.5300,0,0,0.1349000,-0.8255000,0.0000000,27.9710000,-0.0398000,-21.2830000
20240131,524,C,0.0150,0.0150,0.0150,0.0150,0,0,0.1406000,0.0021000,0.0000000,0.7230000,-0.0028000,0.0518000
20240131,524,P,47.5150,47.5150,47.5150,47.5150,0,0,0.3014000,-0.9045000,0.0000000,18.4373000,-0.0766000,-24.9083000
20240131,385,C,92.4700,92.4700,92.4700,92.4700,0,0,0.3911344,0.9930438,0.0004558,0.0210670,-0.0686182,0.1981651
20240131,385,P,0.0550,0.0550,0.0550,0.0550,0,0,0.3623000,-0.0039000,0.0000000,1.2830000,-0.0119000,-0.1013000
20240131,417,C,60.6050,60.6050,60.6050,60.6050,0,0,0.2768776,0.9853380,0.0012338,0.0403695,-0.0798240,0.2128411
20240131,417,P,0.1050,0.1050,0.1050,0.1050,0,0,0.2607000,-0.0102000,0.0000000,2.9592000,-0.0195000,-0.2593000
20240131,449,C,28.8950,28.8950,28.8950,28.8950,0,0,0.1452000,0.9707000,0.0000000,7.2464000,-0.0907000,22.5727000
20240131,449,P,0.3150,0.3150,0.3150,0.3150,0,0,0.1604000,-0.0430000,0.0000000,9.9406000,-0.0389000,-1.0836000
20240131,481,C,2.7750,2.7750,2.7750,2.7750,0,0,0.0960000,0.3840000,0.0000000,41.5239000,-0.1311000,9.3813000
20240131,481,P,6.2700,6.2700,6.2700,6.2700,0,0,0.1031000,-0.6075000,0.0000000,41.7839000,-0.0703000,-15.3944000
20240131,438,C,39.7400,39.7400,39.7400,39.7400,0,0,0.1650000,0.9900000,0.0000000,2.8863000,-0.0753000,22.4869000
20240131,438,P,0.1850,0.1850,0.1850,0.1850,0,0,0.1926000,-0.0227000,0.0000000,5.8644000,-0.0281000,-0.5730000
20240131,406,C,71.5500,71.5500,71.5500,71.5500,0,0,0.3150309,0.9891421,0.0008361,0.0311281,-0.0750899,0.2080872
20240131,406,P,0.0850,0.0850,0.0850,0.0850,0,0,0.2968000,-0.0073000,0.0000000,2.2226000,-0.0168000,-0.1875000
20240131,470,C,9.5550,9.5550,9.5550,9.5550,0,0,0.1087000,0.7501000,0.0000000,34.5306000,-0.1493000,18.1097000
20240131,470,P,1.9350,1.9350,1.9350,1.9350,0,0,0.1129000,-0.2575000,0.0000000,35.0899000,-0.0861000,-6.4886000
20240131,502,C,0.0650,0.0650,0.0650,0.0650,0,0,0.1000000,0.0156000,0.0000000,4.2715000,-0.0123000,0.3852000
20240131,502,P,25.5200,25.5200,25.5200,25.5200,0,0,0.1915000,-0.8663000,0.0000000,23.4392000,-0.0543000,-22.8163000
20240131,427,C,50.6550,50.6550,50.6550,50.6550,0,0,0.1406000,0.9997000,0.0000000,0.0887000,-0.0622000,22.1606000
20240131,427,P,0.1350,0.1350,0.1350,0.1350,0,0,0.2285000,-0.0145000,0.0000000,4.0147000,-0.0231000,-0.3681000
20240131,395,C,82.5050,82.5050,82.5050,82.5050,0,0,0.3542202,0.9915685,0.0005961,0.0249541,-0.0713369,0.2029864
20240131,395,P,0.0650,0.0650,0.0650,0.0650,0,0,0.3300000,-0.0051000,0.0000000,1.6189000,-0.0136000,-0.1313000
20240131,459,C,19.2650,19.2650,19.2650,19.2650,0,0,0.1275000,0.9181000,0.0000000,16.4366000,-0.1160000,21.7708000
20240131,459,P,0.6550,0.6550,0.6550,0.6550,0,0,0.1348000,-0.0935000,0.0000000,18.1718000,-0.0579000,-2.3549000
20240131,491,C,0.4850,0.4850,0.4850,0.4850,0,0,0.0928000,0.1009000,0.0000000,19.2068000,-0.0538000,2.4782000
20240131,491,P,14.5300,14.5300,14.5300,14.5300,0,0,0.1288000,-0.8194000,0.0000000,28.5834000,-0.0380000,-21.0798000
20240202,448,C,30.2450,30.2450,30.2450,30.2450,0,0,0.1660000,0.9498000,0.0000000,11.8067000,-0.1081000,24.2999000
20240202,448,P,0.3850,0.3850,0.3850,0.3850,0,0,0.1640000,-0.0481000,0.0000000,11.4397000,-0.0412000,-1.3421000
20240202,480,C,3.7700,3.7700,3.7700,3.7700,0,0,0.1035000,0.4357000,0.0000000,45.0014000,-0.1406000,11.7282000
20240202,480,P,5.9800,5.9800,5.9800,5.9800,0,0,0.1067000,-0.5620000,0.0000000,45.0415000,-0.0746000,-15.7515000
20240202,512,C,0.0350,0.0350,0.0350,0.0350,0,0,0.1162000,0.0070000,0.0000000,2.2308000,-0.0066000,0.1905000
20240202,512,P,35.5150,35.5150,35.5150,35.5150,0,0,0.2372000,-0.8813000,0.0000000,22.6820000,-0.0618000,-26.2034000
20240202,405,C,72.8200,72.8200,72.8200,72.8200,0,0,0.2998000,0.9903000,0.0000000,2.9616000,-0.0791000,22.9582000
20240202,405,P,0.0950,0.0950,0.0950,0.0950,0,0,0.2910000,-0.0080000,0.0000000,2.5174000,-0.0168000,-0.2257000
20240202,469,C,10.9600,10.9600,10.9600,10.9600,0,0,0.1190000,0.7499000,0.0000000,36.3181000,-0.1533000,19.9293000
20240202,469,P,2.0600,2.0600,2.0600,2.0600,0,0,0.1190000,-0.2500000,0.0000000,36.3181000,-0.0853000,-6.9719000
20240202,458,C,20.6650,20.6650,20.6650,20.6650,0,0,0.1414000,0.8983000,0.0000000,20.3031000,-0.1276000,23.4371000
20240202,458,P,0.7750,0.7750,0.7750,0.7750,0,0,0.1403000,-0.0999000,0.0000000,20.0535000,-0.0599000,-2.7849000
20240202,490,C,0.8450,0.8450,0.8450,0.8450,0,0,0.0980000,0.1470000,0.0000000,26.2942000,-0.0714000,3.9824000
20240202,490,P,13.5900,13.5900,13.5900,13.5900,0,0,0.1222000,-0.7984000,0.0000000,32.1467000,-0.0362000,-22.6694000
20240202,415,C,62.8800,62.8800,62.8800,62.8800,0,0,0.2690000,0.9867000,0.0000000,3.8790000,-0.0841000,23.4334000
20240202,415,P,0.1250,0.1250,0.1250,0.1250,0,0,0.2622000,-0.0114000,0.0000000,3.4185000,-0.0205000,-0.3198000
20240202,447,C,31.2200,31.2200,31.2200,31.2200,0,0,0.1691000,0.9524000,0.0000000,11.3281000,-0.1071000,24.3128000
20240202,447,P,0.3650,0.3650,0.3650,0.3650,0,0,0.1667000,-0.0452000,0.0000000,10.8831000,-0.0400000,-1.2614000
20240202,479,C,4.2600,4.2600,4.2600,4.2600,0,0,0.1046000,0.4694000,0.0000000,45.4600000,-0.1451000,12.6230000
20240202,479,P,5.4550,5.4550,5.4550,5.4550,0,0,0.1072000,-0.5295000,0.0000000,45.4687000,-0.0786000,-14.8309000
20240202,500,C,0.1450,0.1450,0.1450,0.1450,0,0,0.1005000,0.0314000,0.0000000,8.0964000,-0.0215000,0.8554000
20240202,500,P,23.5200,23.5200,23.5200,23.5200,0,0,0.1766000,-0.8518000,0.0000000,26.4264000,-0.0486000,-24.7054000
20240202,468,C,11.7700,11.7700,11.7700,11.7700,0,0,0.1207000,0.7700000,0.0000000,34.6988000,-0.1514000,20.4325000
20240202,468,P,1.8750,1.8750,1.8750,1.8750,0,0,0.1207000,-0.2298000,0.0000000,34.6896000,-0.0835000,-6.4082000
20240202,467.5,C,12.1850,12.1850,12.1850,12.1850,0,0,0.1216000,0.7795000,0.0000000,33.8797000,-0.1503000,20.6691000
20240202,467.5,P,1.7850,1.7850,1.7850,1.7850,0,0,0.1215000,-0.2202000,0.0000000,33.8603000,-0.0824000,-6.1397000
20240202,425,C,52.9450,52.9450,52.9450,52.9450,0,0,0.2353000,0.9824000,0.0000000,4.9497000,-0.0881000,23.8865000
20240202,425,P,0.1550,0.1550,0.1550,0.1550,0,0,0.2304000,-0.0157000,0.0000000,4.5122000,-0.0236000,-0.4403000
20240202,457,C,21.5850,21.5850,21.5850,21.5850,0,0,0.1428000,0.9072000,0.0000000,18.9738000,-0.1242000,23.6299000
20240202,457,P,0.7150,0.7150,0.7150,0.7150,0,0,0.1425000,-0.0922000,0.0000000,18.9044000,-0.0576000,-2.5701000
20240202,489,C,1.0050,1.0050,1.0050,1.0050,0,0,0.0983000,0.1687000,0.0000000,28.7799000,-0.0789000,4.5673000
20240202,489,P,12.6550,12.6550,12.6550,12.6550,0,0,0.1179000,-0.7868000,0.0000000,33.2251000,-0.0369000,-22.2982000
20240202,350,C,127.5800,127.5800,127.5800,127.5800,0,0,0.4726000,0.9974000,0.0000000,0.8933000,-0.0606000,20.0040000
20240202,350,P,0.0250,0.0250,0.0250,0.0250,0,0,0.4414000,-0.0013000,0.0000000,0.5137000,-0.0053000,-0.0387000
20240202,478,C,4.7800,4.7800,4.7800,4.7800,0,0,0.1056000,0.5026000,0.0000000,45.5930000,-0.1488000,13.5050000
20240202,478,P,4.9400,4.9400,4.9400,4.9400,0,0,0.1075000,-0.4971000,0.0000000,45.5929000,-0.0815000,-13.9137000
20240202,510,C,0.0450,0.0450,0.0450,0.0450,0,0,0.1142000,0.0092000,0.0000000,2.8401000,-0.0083000,0.2507000
20240202,510,P,33.5150,33.5150,33.5150,33.5150,0,0,0.2274000,-0.8776000,0.0000000,23.1735000,-0.0597000,-25.9877000
20240202,477.5,C,5.0500,5.0500,5.0500,5.0500,0,0,0.1060000,0.5191000,0.0000000,45.5417000,-0.1502000,13.9399000
20240202,477.5,P,4.7100,4.7100,4.7100,4.7100,0,0,0.1079000,-0.4810000,0.0000000,45.5426000,-0.0830000,-13.4580000
20240202,435,C,43.0350,43.0350,43.0350,43.0350,0,0,0.2043000,0.9740000,0.0000000,6.8827000,-0.0947000,24.2273000
20240202,435,P,0.2150,0.2150,0.2150,0.2150,0,0,0.2006000,-0.0238000,0.0000000,6.4310000,-0.0290000,-0.6671000
20240202,467,C,12.6050,12.6050,12.6050,12.6050,0,0,0.1226000,0.7884000,0.0000000,33.0778000,-0.1493000,20.8898000
20240202,467,P,1.7050,1.7050,1.7050,1.7050,0,0,0.1224000,-0.2111000,0.0000000,33.0472000,-0.0814000,-5.8872000
20240202,360,C,117.6200,117.6200,117.6200,117.6200,0,0,0.4433000,0.9967000,0.0000000,1.1353000,-0.0639000,20.5560000
20240202,360,P,0.0350,0.0350,0.0350,0.0350,0,0,0.4199000,-0.0020000,0.0000000,0.7556000,-0.0074000,-0.0591000
20240202,456,C,22.5450,22.5450,22.5450,22.5450,0,0,0.1459000,0.9128000,0.0000000,18.1152000,-0.1229000,23.7282000
20240202,456,P,0.6650,0.6650,0.6650,0.6650,0,0,0.1448000,-0.0855000,0.0000000,17.8689000,-0.0556000,-2.3829000
20240202,488,C,1.1850,1.1850,1.1850,1.1850,0,0,0.0985000,0.1919000,0.0000000,31.2064000,-0.0863000,5.1935000
20240202,488,P,11.7800,11.7800,11.7800,11.7800,0,0,0.1154000,-0.7701000,0.0000000,34.6866000,-0.0402000,-21.7913000
20240202,520,C,0.0150,0.0150,0.0150,0.0150,0,0,0.1250000,0.0025000,0.0000000,0.9073000,-0.0028000,0.0696000
20240202,520,P,43.5150,43.5150,43.5150,43.5150,0,0,0.2752000,-0.8933000,0.0000000,21.0106000,-0.0694000,-26.9942000
20240202,487.5,C,1.2850,1.2850,1.2850,1.2850,0,0,0.0986000,0.2044000,0.0000000,32.4197000,-0.0901000,5.5308000
20240202,487.5,P,11.3400,11.3400,11.3400,11.3400,0,0,0.1138000,-0.7618000,0.0000000,35.3795000,-0.0414000,-21.5371000
20240202,445,C,33.1750,33.1750,33.1750,33.1750,0,0,0.1740000,0.9582000,0.0000000,10.1995000,-0.1038000,24.3600000
20240202,445,P,0.3250,0.3250,0.3250,0.3250,0,0,0.1718000,-0.0398000,0.0000000,9.8231000,-0.0373000,-1.1115000
20240202,477,C,5.3400,5.3400,5.3400,5.3400,0,0,0.1067000,0.5353000,0.0000000,45.4151000,-0.1517000,14.3679000
20240202,477,P,4.4900,4.4900,4.4900,4.4900,0,0,0.1084000,-0.4650000,0.0000000,45.4190000,-0.0843000,-13.0068000
20240202,370,C,107.6600,107.6600,107.6600,107.6600,0,0,0.4111000,0.9959000,0.0000000,1.3802000,-0.0668000,21.1071000
20240202,370,P,0.0450,0.0450,0.0450,0.0450,0,0,0.3925000,-0.0028000,0.0000000,0.9964000,-0.0091000,-0.0802000
20240202,466,C,13.4500,13.4500,13.4500,13.4500,0,0,0.1246000,0.8052000,0.0000000,31.4894000,-0.1473000,21.2996000
20240202,466,P,1.5550,1.5550,1.5550,1.5550,0,0,0.1243000,-0.1942000,0.0000000,31.4342000,-0.0793000,-5.4136000
20240202,498,C,0.2050,0.2050,0.2050,0.2050,0,0,0.0994000,0.0434000,0.0000000,10.5296000,-0.0279000,1.1793000
20240202,498,P,21.5250,21.5250,21.5250,21.5250,0,0,0.1658000,-0.8447000,0.0000000,27.2565000,-0.0459000,-24.3969000
20240202,530,C,0.0150,0.0150,0.0150,0.0150,0,0,0.1484000,0.0019000,0.0000000,0.7067000,-0.0026000,0.0527000
20240202,530,P,53.5150,53.5150,53.5150,53.5150,0,0,0.3206000,-0.9042000,0.0000000,19.4318000,-0.0779000,-27.8666000
20240202,455,C,23.4950,23.4950,23.4950,23.4950,0,0,0.1484000,0.9190000,0.0000000,17.1458000,-0.1208000,23.8421000
20240202,455,P,0.6150,0.6150,0.6150,0.6150,0,0,0.1470000,-0.0791000,0.0000000,16.8486000,-0.0534000,-2.2039000
20240202,487,C,1.3950,1.3950,1.3950,1.3950,0,0,0.0989000,0.2175000,0.0000000,33.6220000,-0.0940000,5.8836000
20240202,487,P,10.9100,10.9100,10.9100,10.9100,0,0,0.1125000,-0.7527000,0.0000000,36.1074000,-0.0429000,-21.2621000
20240202,380,C,97.7000,97.7000,97.7000,97.7000,0,0,0.3779000,0.9949000,0.0000000,1.6575000,-0.0696000,21.6547000
20240202,380,P,0.0550,0.0550,0.0550,0.0550,0,0,0.3642000,-0.0038000,0.0000000,1.2979000,-0.0109000,-0.1074000
20240202,476,C,5.9350,5.9350,5.9350,5.9350,0,0,0.1079000,0.5671000,0.0000000,44.9468000,-0.1539000,15.2060000
20240202,476,P,4.0700,4.0700,4.0700,4.0700,0,0,0.1092000,-0.4335000,0.0000000,44.9601000,-0.0863000,-12.1191000
20240202,508,C,0.0450,0.0450,0.0450,0.0450,0,0,0.1083000,0.0098000,0.0000000,2.9927000,-0.0083000,0.2663000
20240202,508,P,31.5150,31.5150,31.5150,31.5150,0,0,0.2175000,-0.8735000,0.0000000,23.7142000,-0.0576000,-25.7603000
20240202,540,P,63.5150,63.5150,63.5150,63.5150,0,0,0.3641000,-0.9121000,0.0000000,18.2216000,-0.0855000,-28.6602000
20240202,465,C,14.3150,14.3150,14.3150,14.3150,0,0,0.1264000,0.8209000,0.0000000,29.8843000,-0.1448000,21.6830000
20240202,465,P,1.4150,1.4150,1.4150,1.4150,0,0,0.1260000,-0.1783000,0.0000000,29.8134000,-0.0769000,-4.9696000
20240202,390,C,87.7500,87.7500,87.7500,87.7500,0,0,0.3496000,0.9931000,0.0000000,2.1775000,-0.0742000,22.1776000
20240202,390,P,0.0750,0.0750,0.0750,0.0750,0,0,0.3388000,-0.0055000,0.0000000,1.8020000,-0.0141000,-0.1550000
20240202,454,C,24.4500,24.4500,24.4500,24.4500,0,0,0.1511000,0.9243000,0.0000000,16.2820000,-0.1191000,23.9332000
20240202,454,P,0.5750,0.5750,0.5750,0.5750,0,0,0.1496000,-0.0737000,0.0000000,15.9637000,-0.0516000,-2.0532000
20240202,486,C,1.6350,1.6350,1.6350,1.6350,0,0,0.0994000,0.2449000,0.0000000,35.9264000,-0.1017000,6.6219000
20240202,486,P,10.0850,10.0850,10.0850,10.0850,0,0,0.1103000,-0.7322000,0.0000000,37.6325000,-0.0466000,-20.6524000
20240202,475,C,6.5650,6.5650,6.5650,6.5650,0,0,0.1092000,0.5977000,0.0000000,44.2171000,-0.1554000,16.0102000
20240202,475,P,3.6950,3.6950,3.6950,3.6950,0,0,0.1103000,-0.4030000,0.0000000,44.2418000,-0.0877000,-11.2620000
20240202,400,C,77.7950,77.7950,77.7950,77.7950,0,0,0.3144000,0.9917000,0.0000000,2.5742000,-0.0767000,22.7114000
20240202,400,P,0.0850,0.0850,0.0850,0.0850,0,0,0.3056000,-0.0068000,0.0000000,2.1883000,-0.0154000,-0.1927000
20240202,464,C,15.1900,15.1900,15.1900,15.1900,0,0,0.1286000,0.8350000,0.0000000,28.3673000,-0.1425000,22.0168000
20240202,464,P,1.2950,1.2950,1.2950,1.2950,0,0,0.1281000,-0.1640000,0.0000000,28.2679000,-0.0746000,-4.5723000
20240202,496,C,0.2850,0.2850,0.2850,0.2850,0,0,0.0981000,0.0588000,0.0000000,13.4015000,-0.0353000,1.5959000
20240202,496,P,19.5250,19.5250,19.5250,19.5250,0,0,0.1547000,-0.8367000,0.0000000,28.1758000,-0.0429000,-24.0607000
20240202,453,C,25.4100,25.4100,25.4100,25.4100,0,0,0.1538000,0.9292000,0.0000000,15.4669000,-0.1173000,24.0125000
20240202,453,P,0.5350,0.5350,0.5350,0.5350,0,0,0.1518000,-0.0682000,0.0000000,15.0506000,-0.0496000,-1.9017000
20240202,485,C,1.9050,1.9050,1.9050,1.9050,0,0,0.0999000,0.2739000,0.0000000,38.0620000,-0.1092000,7.4003000
20240202,485,P,9.2950,9.2950,9.2950,9.2950,0,0,0.1087000,-0.7089000,0.0000000,39.1872000,-0.0509000,-19.9692000
20240202,410,C,67.8500,67.8500,67.8500,67.8500,0,0,0.2846000,0.9886000,0.0000000,3.3945000,-0.0816000,23.1992000
20240202,410,P,0.1050,0.1050,0.1050,0.1050,0,0,0.2753000,-0.0092000,0.0000000,2.8563000,-0.0180000,-0.2604000
20240202,474,C,7.2300,7.2300,7.2300,7.2300,0,0,0.1108000,0.6269000,0.0000000,43.2657000,-0.1565000,16.7707000
20240202,474,P,3.3500,3.3500,3.3500,3.3500,0,0,0.1116000,-0.3738000,0.0000000,43.2964000,-0.0886000,-10.4421000
20240202,506,C,0.0650,0.0650,0.0650,0.0650,0,0,0.1074000,0.0138000,0.0000000,4.0340000,-0.0112000,0.3755000
20240202,506,P,29.5150,29.5150,29.5150,29.5150,0,0,0.2074000,-0.8690000,0.0000000,24.2932000,-0.0554000,-25.5226000
20240202,495,C,0.3450,0.3450,0.3450,0.3450,0,0,0.0980000,0.0693000,0.0000000,15.2271000,-0.0402000,1.8802000
20240202,495,P,18.5250,18.5250,18.5250,18.5250,0,0,0.1492000,-0.8321000,0.0000000,28.6872000,-0.0415000,-23.8771000
20240202,463,C,16.0750,16.0750,16.0750,16.0750,0,0,0.1303000,0.8485000,0.0000000,26.8139000,-0.1397000,22.3380000
20240202,463,P,1.1850,1.1850,1.1850,1.1850,0,0,0.1300000,-0.1508000,0.0000000,26.7491000,-0.0722000,-4.2035000
20240202,462.5,C,16.5250,16.5250,16.5250,16.5250,0,0,0.1314000,0.8545000,0.0000000,26.0985000,-0.1385000,22.4766000
20240202,462.5,P,1.1350,1.1350,1.1350,1.1350,0,0,0.1311000,-0.1447000,0.0000000,26.0196000,-0.0710000,-4.0333000
20240202,420,C,57.9100,57.9100,57.9100,57.9100,0,0,0.2524000,0.9847000,0.0000000,4.3847000,-0.0861000,23.6640000
20240202,420,P,0.1350,0.1350,0.1350,0.1350,0,0,0.2451000,-0.0129000,0.0000000,3.8193000,-0.0213000,-0.3631000
20240202,452,C,26.3700,26.3700,26.3700,26.3700,0,0,0.1561000,0.9342000,0.0000000,14.6220000,-0.1152000,24.0935000
20240202,452,P,0.4950,0.4950,0.4950,0.4950,0,0,0.1540000,-0.0632000,0.0000000,14.1888000,-0.0475000,-1.7624000
20240202,484,C,2.2050,2.2050,2.2050,2.2050,0,0,0.1004000,0.3043000,0.0000000,39.9924000,-0.1164000,8.2157000
20240202,484,P,8.5500,8.5500,8.5500,8.5500,0,0,0.1077000,-0.6827000,0.0000000,40.7225000,-0.0559000,-19.2082000
20240202,473,C,7.9250,7.9250,7.9250,7.9250,0,0,0.1122000,0.6548000,0.0000000,42.1151000,-0.1567000,17.4957000
20240202,473,P,3.0400,3.0400,3.0400,3.0400,0,0,0.1130000,-0.3461000,0.0000000,42.1587000,-0.0890000,-9.6632000
20240202,505,C,0.0750,0.0750,0.0750,0.0750,0,0,0.1066000,0.0161000,0.0000000,4.6154000,-0.0128000,0.4391000
20240202,505,P,28.5150,28.5150,28.5150,28.5150,0,0,0.2023000,-0.8667000,0.0000000,24.5956000,-0.0542000,-25.4001000
20240202,472.5,C,8.2850,8.2850,8.2850,8.2850,0,0,0.1130000,0.6680000,0.0000000,41.4852000,-0.1568000,17.8377000
20240202,472.5,P,2.8900,2.8900,2.8900,2.8900,0,0,0.1135000,-0.3325000,0.0000000,41.5167000,-0.0888000,-9.2828000
20240202,430,C,47.9850,47.9850,47.9850,47.9850,0,0,0.2194000,0.9790000,0.0000000,5.7661000,-0.0910000,24.0772000
20240202,430,P,0.1750,0.1750,0.1750,0.1750,0,0,0.2143000,-0.0187000,0.0000000,5.2304000,-0.0253000,-0.5228000
20240202,462,C,16.9800,16.9800,16.9800,16.9800,0,0,0.1328000,0.8598000,0.0000000,25.4623000,-0.1376000,22.5930000
20240202,462,P,1.0850,1.0850,1.0850,1.0850,0,0,0.1320000,-0.1388000,0.0000000,25.2894000,-0.0697000,-3.8671000
20240202,494,C,0.4150,0.4150,0.4150,0.4150,0,0,0.0979000,0.0812000,0.0000000,17.1893000,-0.0456000,2.2035000
20240202,494,P,17.5250,17.5250,17.5250,17.5250,0,0,0.1435000,-0.8272000,0.0000000,29.2191000,-0.0399000,-23.6856000
20240202,355,C,122.6000,122.6000,122.6000,122.6000,0,0,0.4589000,0.9970000,0.0000000,1.0226000,-0.0624000,20.2793000
20240202,355,P,0.0350,0.0350,0.0350,0.0350,0,0,0.4375000,-0.0019000,0.0000000,0.7085000,-0.0072000,-0.0551000
20240202,451,C,27.3350,27.3350,27.3350,27.3350,0,0,0.1583000,0.9389000,0.0000000,13.7995000,-0.1131000,24.1674000
20240202,451,P,0.4650,0.4650,0.4650,0.4650,0,0,0.1564000,-0.0589000,0.0000000,13.4259000,-0.0458000,-1.6422000
20240202,483,C,2.5400,2.5400,2.5400,2.5400,0,0,0.1011000,0.3361000,0.0000000,41.6913000,-0.1233000,9.0683000
20240202,483,P,7.8700,7.8700,7.8700,7.8700,0,0,0.1076000,-0.6538000,0.0000000,42.1579000,-0.0615000,-18.3783000
20240202,515,C,0.0250,0.0250,0.0250,0.0250,0,0,0.1191000,0.0046000,0.0000000,1.5527000,-0.0047000,0.1266000
20240202,515,P,38.5150,38.5150,38.5150,38.5150,0,0,0.2517000,-0.8863000,0.0000000,22.0020000,-0.0648000,-26.5125000
20240202,525,C,0.0150,0.0150,0.0150,0.0150,0,0,0.1367000,0.0021000,0.0000000,0.7896000,-0.0027000,0.0597000
20240202,525,P,48.5150,48.5150,48.5150,48.5150,0,0,0.2982000,-0.8992000,0.0000000,20.1690000,-0.0738000,-27.4420000
20240202,482.5,C,2.7250,2.7250,2.7250,2.7250,0,0,0.1014000,0.3522000,0.0000000,42.4321000,-0.1265000,9.5010000
20240202,482.5,P,7.5300,7.5300,7.5300,7.5300,0,0,0.1073000,-0.6393000,0.0000000,42.7816000,-0.0639000,-17.9612000
20240202,440,C,38.0900,38.0900,38.0900,38.0900,0,0,0.1889000,0.9676000,0.0000000,8.2833000,-0.0987000,24.3341000
20240202,440,P,0.2550,0.2550,0.2550,0.2550,0,0,0.1855000,-0.0300000,0.0000000,7.7864000,-0.0322000,-0.8381000
20240202,472,C,8.6450,8.6450,8.6450,8.6450,0,0,0.1137000,0.6811000,0.0000000,40.8071000,-0.1564000,18.1763000
20240202,472,P,2.7550,2.7550,2.7550,2.7550,0,0,0.1142000,-0.3194000,0.0000000,40.8435000,-0.0885000,-8.9166000
20240202,504,C,0.0850,0.0850,0.0850,0.0850,0,0,0.1054000,0.0184000,0.0000000,5.1657000,-0.0142000,0.5010000
20240202,504,P,27.5150,27.5150,27.5150,27.5150,0,0,0.1972000,-0.8641000,0.0000000,24.9178000,-0.0530000,-25.2726000
20240202,365,C,112.6400,112.6400,112.6400,112.6400,0,0,0.4277000,0.9963000,0.0000000,1.2612000,-0.0655000,20.8313000
20240202,365,P,0.0350,0.0350,0.0350,0.0350,0,0,0.4003000,-0.0021000,0.0000000,0.7747000,-0.0072000,-0.0607000
20240202,461,C,17.8900,17.8900,17.8900,17.8900,0,0,0.1350000,0.8706000,0.0000000,24.0986000,-0.1352000,22.8369000
20240202,461,P,0.9950,0.9950,0.9950,0.9950,0,0,0.1340000,-0.1277000,0.0000000,23.8814000,-0.0672000,-3.5580000
20240202,535,P,58.5150,58.5150,58.5150,58.5150,0,0,0.3426000,-0.9084000,0.0000000,18.7919000,-0.0818000,-28.2707000
20240202,450,C,28.3000,28.3000,28.3000,28.3000,0,0,0.1611000,0.9426000,0.0000000,13.1440000,-0.1116000,24.2122000
20240202,450,P,0.4350,0.4350,0.4350,0.4350,0,0,0.1589000,-0.0549000,0.0000000,12.7074000,-0.0442000,-1.5315000
20240202,482,C,2.9150,2.9150,2.9150,2.9150,0,0,0.1018000,0.3687000,0.0000000,43.1028000,-0.1296000,9.9406000
20240202,482,P,7.2000,7.2000,7.2000,7.2000,0,0,0.1071000,-0.6245000,0.0000000,43.3548000,-0.0662000,-17.5343000
20240202,514,C,0.0250,0.0250,0.0250,0.0250,0,0,0.1162000,0.0047000,0.0000000,1.5667000,-0.0046000,0.1279000
20240202,514,P,37.5150,37.5150,37.5150,37.5150,0,0,0.2469000,-0.8846000,0.0000000,22.2251000,-0.0638000,-26.4106000
20240202,375,C,102.6800,102.6800,102.6800,102.6800,0,0,0.3945000,0.9954000,0.0000000,1.5116000,-0.0682000,21.3817000
20240202,375,P,0.0550,0.0550,0.0550,0.0550,0,0,0.3828000,-0.0036000,0.0000000,1.2326000,-0.0109000,-0.1016000
20240202,471,C,9.3900,9.3900,9.3900,9.3900,0,0,0.1154000,0.7057000,0.0000000,39.3869000,-0.1558000,18.8066000
20240202,471,P,2.5000,2.5000,2.5000,2.5000,0,0,0.1159000,-0.2949000,0.0000000,39.4272000,-0.0880000,-8.2281000
20240202,545,P,68.5150,68.5150,68.5150,68.5150,0,0,0.3851000,-0.9154000,0.0000000,17.7059000,-0.0889000,-29.0385000
20240202,460,C,18.8050,18.8050,18.8050,18.8050,0,0,0.1369000,0.8810000,0.0000000,22.7216000,-0.1324000,23.0706000
20240202,460,P,0.9150,0.9150,0.9150,0.9150,0,0,0.1362000,-0.1177000,0.0000000,22.5564000,-0.0648000,-3.2798000
20240202,492,C,0.5950,0.5950,0.5950,0.5950,0,0,0.0978000,0.1103000,0.0000000,21.5358000,-0.0577000,2.9904000
20240202,492,P,15.5300,15.5300,15.5300,15.5300,0,0,0.1323000,-0.8155000,0.0000000,30.4537000,-0.0371000,-23.2495000
20240202,385,C,92.7200,92.7200,92.7200,92.7200,0,0,0.3613000,0.9944000,0.0000000,1.8200000,-0.0710000,21.9259000
20240202,385,P,0.0650,0.0650,0.0650,0.0650,0,0,0.3515000,-0.0045000,0.0000000,1.5275000,-0.0124000,-0.1288000
20240202,449,C,29.2750,29.2750,29.2750,29.2750,0,0,0.1635000,0.9464000,0.0000000,12.4557000,-0.1098000,24.2601000
20240202,449,P,0.4150,0.4150,0.4150,0.4150,0,0,0.1619000,-0.0519000,0.0000000,12.1491000,-0.0431000,-1.4473000
20240202,481,C,3.3250,3.3250,3.3250,3.3250,0,0,0.1026000,0.4020000,0.0000000,44.2127000,-0.1353000,10.8304000
20240202,481,P,6.5800,6.5800,6.5800,6.5800,0,0,0.1070000,-0.5935000,0.0000000,44.3347000,-0.0709000,-16.6497000
20240202,470,C,10.1650,10.1650,10.1650,10.1650,0,0,0.1171000,0.7288000,0.0000000,37.8666000,-0.1546000,19.3966000
20240202,470,P,2.2700,2.2700,2.2700,2.2700,0,0,0.1174000,-0.2717000,0.0000000,37.9084000,-0.0868000,-7.5792000
20240202,502,C,0.1050,0.1050,0.1050,0.1050,0,0,0.1020000,0.0230000,0.0000000,6.2290000,-0.0167000,0.6249000
20240202,502,P,25.5150,25.5150,25.5150,25.5150,0,0,0.1868000,-0.8586000,0.0000000,25.6073000,-0.0506000,-25.0054000
20240202,395,C,82.7700,82.7700,82.7700,82.7700,0,0,0.3320000,0.9925000,0.0000000,2.3649000,-0.0754000,22.4457000
20240202,395,P,0.0750,0.0750,0.0750,0.0750,0,0,0.3203000,-0.0058000,0.0000000,1.9107000,-0.0141000,-0.1654000
20240202,459,C,19.7300,19.7300,19.7300,19.7300,0,0,0.1394000,0.8897000,0.0000000,21.5247000,-0.1302000,23.2559000
20240202,459,P,0.8450,0.8450,0.8450,0.8450,0,0,0.1384000,-0.1086000,0.0000000,21.3033000,-0.0625000,-3.0273000
20240209,480,C,4.7200,4.7200,4.7200,4.7200,0,0,0.1037000,0.4598000,0.0000000,52.3813000,-0.1282000,16.4476000
20240209,480,P,6.4900,6.4900,6.4900,6.4900,0,0,0.1074000,-0.5383000,0.0000000,52.4041000,-0.0622000,-20.1750000
20240209,512,C,0.0650,0.0650,0.0650,0.0650,0,0,0.1083000,0.0123000,0.0000000,4.2378000,-0.0090000,0.4482000
20240209,512,P,35.5200,35.5200,35.5200,35.5200,0,0,0.2222000,-0.8580000,0.0000000,29.6527000,-0.0530000,-34.0868000
20240209,405,C,73.3150,73.3150,73.3150,73.3150,0,0,0.2802000,0.9855000,0.0000000,4.8396000,-0.0818000,30.3991000
20240209,405,P,0.1350,0.1350,0.1350,0.1350,0,0,0.2656000,-0.0106000,0.0000000,3.7282000,-0.0169000,-0.4008000
20240209,469,C,12.0000,12.0000,12.0000,12.0000,0,0,0.1193000,0.7316000,0.0000000,43.4977000,-0.1416000,25.8233000
20240209,469,P,2.6200,2.6200,2.6200,2.6200,0,0,0.1192000,-0.2681000,0.0000000,43.4857000,-0.0736000,-10.0027000
20240209,458,C,21.5150,21.5150,21.5150,21.5150,0,0,0.1398000,0.8738000,0.0000000,27.3370000,-0.1257000,30.2908000
20240209,458,P,1.1400,1.1400,1.1400,1.1400,0,0,0.1384000,-0.1238000,0.0000000,26.9866000,-0.0579000,-4.6132000
20240209,490,C,1.3400,1.3400,1.3400,1.3400,0,0,0.0974000,0.1913000,0.0000000,35.9719000,-0.0756000,6.8926000
20240209,490,P,13.6700,13.6700,13.6700,13.6700,0,0,0.1180000,-0.7629000,0.0000000,40.7521000,-0.0310000,-28.9339000
20240209,415,C,63.3950,63.3950,63.3950,63.3950,0,0,0.2512000,0.9811000,0.0000000,6.0716000,-0.0860000,30.9999000
20240209,415,P,0.1750,0.1750,0.1750,0.1750,0,0,0.2397000,-0.0148000,0.0000000,4.9480000,-0.0201000,-0.5549000
20240209,479,C,5.2400,5.2400,5.2400,5.2400,0,0,0.1049000,0.4890000,0.0000000,52.6275000,-0.1317000,17.4720000
20240209,479,P,5.9800,5.9800,5.9800,5.9800,0,0,0.1079000,-0.5103000,0.0000000,52.6298000,-0.0651000,-19.1127000
20240209,500,C,0.2750,0.2750,0.2750,0.2750,0,0,0.0966000,0.0510000,0.0000000,13.8404000,-0.0273000,1.8456000
20240209,500,P,23.5200,23.5200,23.5200,23.5200,0,0,0.1662000,-0.8251000,0.0000000,34.0011000,-0.0403000,-31.9639000
20240209,468,C,12.8000,12.8000,12.8000,12.8000,0,0,0.1210000,0.7496000,0.0000000,41.9689000,-0.1408000,26.4179000
20240209,468,P,2.4100,2.4100,2.4100,2.4100,0,0,0.1206000,-0.2496000,0.0000000,41.9048000,-0.0725000,-9.3097000
20240209,425,C,53.4900,53.4900,53.4900,53.4900,0,0,0.2229000,0.9743000,0.0000000,7.8874000,-0.0911000,31.5092000
20240209,425,P,0.2250,0.2250,0.2250,0.2250,0,0,0.2128000,-0.0208000,0.0000000,6.6084000,-0.0236000,-0.7775000
20240209,457,C,22.4350,22.4350,22.4350,22.4350,0,0,0.1419000,0.8819000,0.0000000,26.0950000,-0.1239000,30.5156000
20240209,457,P,1.0650,1.0650,1.0650,1.0650,0,0,0.1402000,-0.1154000,0.0000000,25.6798000,-0.0561000,-4.2995000
20240209,489,C,1.5450,1.5450,1.5450,1.5450,0,0,0.0976000,0.2130000,0.0000000,38.3574000,-0.0814000,7.6696000
20240209,489,P,12.7800,12.7800,12.7800,12.7800,0,0,0.1149000,-0.7490000,0.0000000,42.0185000,-0.0324000,-28.3598000
20240209,350,C,127.9900,127.9900,127.9900,127.9900,0,0,0.4492000,0.9949000,0.0000000,1.9161000,-0.0657000,26.5490000
20240209,350,P,0.0450,0.0450,0.0450,0.0450,0,0,0.4082000,-0.0023000,0.0000000,0.9848000,-0.0070000,-0.0905000
20240209,478,C,5.7850,5.7850,5.7850,5.7850,0,0,0.1058000,0.5176000,0.0000000,52.5960000,-0.1344000,18.4771000
20240209,478,P,5.5000,5.5000,5.5000,5.5000,0,0,0.1083000,-0.4824000,0.0000000,52.5968000,-0.0675000,-18.0574000
20240209,510,C,0.0750,0.0750,0.0750,0.0750,0,0,0.1049000,0.0144000,0.0000000,4.8460000,-0.0100000,0.5236000
20240209,510,P,33.5200,33.5200,33.5200,33.5200,0,0,0.2132000,-0.8537000,0.0000000,30.2458000,-0.0511000,-33.7787000
20240209,435,C,43.6250,43.6250,43.6250,43.6250,0,0,0.1945000,0.9634000,0.0000000,10.5666000,-0.0971000,31.8688000
20240209,435,P,0.3250,0.3250,0.3250,0.3250,0,0,0.1884000,-0.0322000,0.0000000,9.5371000,-0.0298000,-1.2039000
20240209,467,C,13.6150,13.6150,13.6150,13.6150,0,0,0.1226000,0.7667000,0.0000000,40.3906000,-0.1396000,26.9798000
20240209,467,P,2.2300,2.2300,2.2300,2.2300,0,0,0.1223000,-0.2327000,0.0000000,40.3397000,-0.0716000,-8.6788000
20240209,360,C,118.0400,118.0400,118.0400,118.0400,0,0,0.4169000,0.9941000,0.0000000,2.2000000,-0.0681000,27.2814000
20240209,360,P,0.0550,0.0550,0.0550,0.0550,0,0,0.3828000,-0.0031000,0.0000000,1.2501000,-0.0083000,-0.1177000
20240209,456,C,23.3650,23.3650,23.3650,23.3650,0,0,0.1441000,0.8891000,0.0000000,24.9458000,-0.1224000,30.7087000
20240209,456,P,0.9950,0.9950,0.9950,0.9950,0,0,0.1422000,-0.1078000,0.0000000,24.4676000,-0.0545000,-4.0185000
20240209,488,C,1.7800,1.7800,1.7800,1.7800,0,0,0.0982000,0.2371000,0.0000000,40.7585000,-0.0876000,8.5317000
20240209,488,P,11.9300,11.9300,11.9300,11.9300,0,0,0.1125000,-0.7326000,0.0000000,43.4206000,-0.0347000,-27.6935000
20240209,520,C,0.0350,0.0350,0.0350,0.0350,0,0,0.1191000,0.0060000,0.0000000,2.2593000,-0.0052000,0.2186000
20240209,520,P,43.5150,43.5150,43.5150,43.5150,0,0,0.2566000,-0.8722000,0.0000000,27.5838000,-0.0596000,-35.2188000
20240209,445,C,33.8350,33.8350,33.8350,33.8350,0,0,0.1679000,0.9428000,0.0000000,15.1207000,-0.1057000,31.8689000
20240209,445,P,0.5050,0.5050,0.5050,0.5050,0,0,0.1645000,-0.0535000,0.0000000,14.3714000,-0.0384000,-1.9953000
20240209,477,C,6.3650,6.3650,6.3650,6.3650,0,0,0.1070000,0.5456000,0.0000000,52.3023000,-0.1368000,19.4566000
20240209,477,P,5.0600,5.0600,5.0600,5.0600,0,0,0.1091000,-0.4549000,0.0000000,52.3119000,-0.0696000,-17.0180000
20240209,370,C,108.0900,108.0900,108.0900,108.0900,0,0,0.3842000,0.9931000,0.0000000,2.5067000,-0.0703000,28.0107000
20240209,370,P,0.0650,0.0650,0.0650,0.0650,0,0,0.3564000,-0.0039000,0.0000000,1.5624000,-0.0096000,-0.1506000
20240209,466,C,14.4500,14.4500,14.4500,14.4500,0,0,0.1246000,0.7819000,0.0000000,38.8713000,-0.1386000,27.4739000
20240209,466,P,2.0600,2.0600,2.0600,2.0600,0,0,0.1239000,-0.2168000,0.0000000,38.7491000,-0.0704000,-8.0832000
20240209,498,C,0.3750,0.3750,0.3750,0.3750,0,0,0.0959000,0.0672000,0.0000000,17.1819000,-0.0340000,2.4300000
20240209,498,P,21.5200,21.5200,21.5200,21.5200,0,0,0.1563000,-0.8171000,0.0000000,34.9652000,-0.0378000,-31.5201000
20240209,530,C,0.0250,0.0250,0.0250,0.0250,0,0,0.1367000,0.0036000,0.0000000,1.4309000,-0.0037000,0.1309000
20240209,530,P,53.5150,53.5150,53.5150,53.5150,0,0,0.2980000,-0.8847000,0.0000000,25.6502000,-0.0673000,-36.4445000
20240209,455,C,24.2950,24.2950,24.2950,24.2950,0,0,0.1461000,0.8961000,0.0000000,23.7979000,-0.1206000,30.8935000
20240209,455,P,0.9250,0.9250,0.9250,0.9250,0,0,0.1439000,-0.1004000,0.0000000,23.2418000,-0.0526000,-3.7433000
20240209,487,C,2.0400,2.0400,2.0400,2.0400,0,0,0.0986000,0.2620000,0.0000000,42.9802000,-0.0936000,9.4223000
20240209,487,P,11.1100,11.1100,11.1100,11.1100,0,0,0.1105000,-0.7141000,0.0000000,44.8641000,-0.0374000,-26.9565000
20240209,380,C,98.1500,98.1500,98.1500,98.1500,0,0,0.3554000,0.9915000,0.0000000,3.0381000,-0.0737000,28.7125000
20240209,380,P,0.0850,0.0850,0.0850,0.0850,0,0,0.3330000,-0.0054000,0.0000000,2.0748000,-0.0119000,-0.2068000
20240209,476,C,6.9750,6.9750,6.9750,6.9750,0,0,0.1082000,0.5728000,0.0000000,51.7663000,-0.1387000,20.4050000
20240209,476,P,4.6600,4.6600,4.6600,4.6600,0,0,0.1101000,-0.4281000,0.0000000,51.7908000,-0.0715000,-16.0061000
20240209,508,C,0.0950,0.0950,0.0950,0.0950,0,0,0.1030000,0.0183000,0.0000000,5.9460000,-0.0122000,0.6647000
20240209,508,P,31.5200,31.5200,31.5200,31.5200,0,0,0.2041000,-0.8491000,0.0000000,30.8837000,-0.0491000,-33.4558000
20240209,540,C,0.0150,0.0150,0.0150,0.0150,0,0,0.1484000,0.0017000,0.0000000,0.7308000,-0.0020000,0.0622000
20240209,540,P,63.5150,63.5150,63.5150,63.5150,0,0,0.3375000,-0.8940000,0.0000000,24.1469000,-0.0743000,-37.5518000
20240209,465,C,15.2950,15.2950,15.2950,15.2950,0,0,0.1262000,0.7969000,0.0000000,37.2869000,-0.1370000,27.9550000
20240209,465,P,1.9100,1.9100,1.9100,1.9100,0,0,0.1257000,-0.2021000,0.0000000,37.1792000,-0.0691000,-7.5337000
20240209,390,C,88.2100,88.2100,88.2100,88.2100,0,0,0.3251000,0.9896000,0.0000000,3.6224000,-0.0768000,29.4061000
20240209,390,P,0.1050,0.1050,0.1050,0.1050,0,0,0.3076000,-0.0073000,0.0000000,2.6772000,-0.0141000,-0.2754000
20240209,454,C,25.2300,25.2300,25.2300,25.2300,0,0,0.1483000,0.9024000,0.0000000,22.7425000,-0.1191000,31.0502000
20240209,454,P,0.8650,0.8650,0.8650,0.8650,0,0,0.1458000,-0.0939000,0.0000000,22.1271000,-0.0509000,-3.5008000
20240209,486,C,2.3300,2.3300,2.3300,2.3300,0,0,0.0992000,0.2883000,0.0000000,45.0485000,-0.0995000,10.3589000
20240209,486,P,10.3700,10.3700,10.3700,10.3700,0,0,0.1098000,-0.6920000,0.0000000,46.4241000,-0.0416000,-26.0897000
20240209,475,C,7.6250,7.6250,7.6250,7.6250,0,0,0.1098000,0.5989000,0.0000000,51.0181000,-0.1404000,21.3094000
20240209,475,P,4.2850,4.2850,4.2850,4.2850,0,0,0.1110000,-0.4019000,0.0000000,51.0489000,-0.0727000,-15.0197000
20240209,400,C,78.2750,78.2750,78.2750,78.2750,0,0,0.2939000,0.9874000,0.0000000,4.2883000,-0.0795000,30.0877000
20240209,400,P,0.1250,0.1250,0.1250,0.1250,0,0,0.2797000,-0.0094000,0.0000000,3.3371000,-0.0160000,-0.3533000
20240209,464,C,16.1550,16.1550,16.1550,16.1550,0,0,0.1281000,0.8104000,0.0000000,35.7599000,-0.1356000,28.3837000
20240209,464,P,1.7700,1.7700,1.7700,1.7700,0,0,0.1275000,-0.1883000,0.0000000,35.6200000,-0.0677000,-7.0202000
20240209,496,C,0.5250,0.5250,0.5250,0.5250,0,0,0.0960000,0.0895000,0.0000000,21.3564000,-0.0427000,3.2344000
20240209,496,P,19.5200,19.5200,19.5200,19.5200,0,0,0.1462000,-0.8080000,0.0000000,36.0353000,-0.0352000,-31.0329000
20240209,453,C,26.1550,26.1550,26.1550,26.1550,0,0,0.1494000,0.9098000,0.0000000,21.4597000,-0.1165000,31.2493000
20240209,453,P,0.8150,0.8150,0.8150,0.8150,0,0,0.1480000,-0.0882000,0.0000000,21.1224000,-0.0496000,-3.2883000
20240209,485,C,2.6500,2.6500,2.6500,2.6500,0,0,0.0999000,0.3155000,0.0000000,46.9151000,-0.1051000,11.3305000
20240209,485,P,9.6250,9.6250,9.6250,9.6250,0,0,0.1085000,-0.6698000,0.0000000,47.7999000,-0.0448000,-25.2221000
20240209,410,C,68.3550,68.3550,68.3550,68.3550,0,0,0.2661000,0.9834000,0.0000000,5.4405000,-0.0840000,30.7024000
20240209,410,P,0.1550,0.1550,0.1550,0.1550,0,0,0.2529000,-0.0126000,0.0000000,4.3037000,-0.0185000,-0.4725000
20240209,474,C,8.2900,8.2900,8.2900,8.2900,0,0,0.1112000,0.6240000,0.0000000,50.0797000,-0.1415000,22.1751000
20240209,474,P,3.9400,3.9400,3.9400,3.9400,0,0,0.1121000,-0.3767000,0.0000000,50.1164000,-0.0737000,-14.0745000
20240209,506,C,0.1150,0.1150,0.1150,0.1150,0,0,0.1003000,0.0225000,0.0000000,7.0795000,-0.0142000,0.8167000
20240209,506,P,29.5200,29.5200,29.5200,29.5200,0,0,0.1948000,-0.8441000,0.0000000,31.5630000,-0.0470000,-33.1182000
20240209,495,C,0.6150,0.6150,0.6150,0.6150,0,0,0.0960000,0.1023000,0.0000000,23.5545000,-0.0473000,3.6940000
20240209,495,P,18.5100,18.5100,18.5100,18.5100,0,0,0.1408000,-0.8034000,0.0000000,36.5615000,-0.0335000,-30.7864000
20240209,463,C,17.0250,17.0250,17.0250,17.0250,0,0,0.1300000,0.8230000,0.0000000,34.2544000,-0.1341000,28.7787000
20240209,463,P,1.6400,1.6400,1.6400,1.6400,0,0,0.1292000,-0.1755000,0.0000000,34.0806000,-0.0662000,-6.5408000
20240209,420,C,58.4400,58.4400,58.4400,58.4400,0,0,0.2373000,0.9780000,0.0000000,6.9253000,-0.0886000,31.2641000
20240209,420,P,0.1950,0.1950,0.1950,0.1950,0,0,0.2258000,-0.0172000,0.0000000,5.6446000,-0.0215000,-0.6465000
20240209,452,C,27.1200,27.1200,27.1200,27.1200,0,0,0.1527000,0.9137000,0.0000000,20.7680000,-0.1160000,31.3166000
20240209,452,P,0.7650,0.7650,0.7650,0.7650,0,0,0.1500000,-0.0827000,0.0000000,20.1180000,-0.0480000,-3.0813000
20240209,484,C,2.9950,2.9950,2.9950,2.9950,0,0,0.1003000,0.3432000,0.0000000,48.5294000,-0.1103000,12.3168000
20240209,484,P,8.9300,8.9300,8.9300,8.9300,0,0,0.1080000,-0.6453000,0.0000000,49.1148000,-0.0487000,-24.2721000
20240209,473,C,8.9850,8.9850,8.9850,8.9850,0,0,0.1126000,0.6482000,0.0000000,48.9701000,-0.1421000,23.0047000
20240209,473,P,3.6300,3.6300,3.6300,3.6300,0,0,0.1134000,-0.3527000,0.0000000,49.0207000,-0.0743000,-13.1729000
20240209,505,C,0.1350,0.1350,0.1350,0.1350,0,0,0.0998000,0.0260000,0.0000000,7.9941000,-0.0160000,0.9437000
20240209,505,P,28.5200,28.5200,28.5200,28.5200,0,0,0.1902000,-0.8413000,0.0000000,31.9327000,-0.0460000,-32.9398000
20240209,430,C,48.5500,48.5500,48.5500,48.5500,0,0,0.2087000,0.9695000,0.0000000,9.0888000,-0.0940000,31.7140000
20240209,430,P,0.2650,0.2650,0.2650,0.2650,0,0,0.2001000,-0.0254000,0.0000000,7.8351000,-0.0262000,-0.9510000
20240209,462,C,17.9050,17.9050,17.9050,17.9050,0,0,0.1319000,0.8348000,0.0000000,32.7772000,-0.1325000,29.1418000
20240209,462,P,1.5200,1.5200,1.5200,1.5200,0,0,0.1309000,-0.1634000,0.0000000,32.5542000,-0.0645000,-6.0895000
20240209,494,C,0.7250,0.7250,0.7250,0.7250,0,0,0.0962000,0.1171000,0.0000000,25.9601000,-0.0526000,4.2280000
20240209,494,P,17.5250,17.5250,17.5250,17.5250,0,0,0.1359000,-0.7974000,0.0000000,37.2230000,-0.0325000,-30.4932000
20240209,355,C,123.0100,123.0100,123.0100,123.0100,0,0,0.4306000,0.9947000,0.0000000,1.9824000,-0.0663000,26.9239000
20240209,355,P,0.0450,0.0450,0.0450,0.0450,0,0,0.3925000,-0.0025000,0.0000000,1.0494000,-0.0071000,-0.0970000
20240209,483,C,3.3800,3.3800,3.3800,3.3800,0,0,0.1012000,0.3721000,0.0000000,49.9215000,-0.1155000,13.3442000
20240209,483,P,8.2550,8.2550,8.2550,8.2550,0,0,0.1072000,-0.6202000,0.0000000,50.2380000,-0.0520000,-23.3030000
20240209,515,C,0.0550,0.0550,0.0550,0.0550,0,0,0.1132000,0.0098000,0.0000000,3.4637000,-0.0076000,0.3553000
20240209,515,P,38.5150,38.5150,38.5150,38.5150,0,0,0.2351000,-0.8641000,0.0000000,28.7790000,-0.0553000,-34.5391000
20240209,525,C,0.0250,0.0250,0.0250,0.0250,0,0,0.1250000,0.0038000,0.0000000,1.5041000,-0.0036000,0.1385000
20240209,525,P,48.5150,48.5150,48.5150,48.5150,0,0,0.2775000,-0.8790000,0.0000000,26.5493000,-0.0636000,-35.8507000
20240209,440,C,38.7050,38.7050,38.7050,38.7050,0,0,0.1801000,0.9556000,0.0000000,12.3637000,-0.1003000,31.9612000
20240209,440,P,0.3950,0.3950,0.3950,0.3950,0,0,0.1760000,-0.0408000,0.0000000,11.5612000,-0.0334000,-1.5220000
20240209,472,C,9.7050,9.7050,9.7050,9.7050,0,0,0.1141000,0.6710000,0.0000000,47.7327000,-0.1424000,23.7822000
20240209,472,P,3.3400,3.3400,3.3400,3.3400,0,0,0.1147000,-0.3297000,0.0000000,47.7765000,-0.0745000,-12.3083000
20240209,504,C,0.1550,0.1550,0.1550,0.1550,0,0,0.0991000,0.0297000,0.0000000,8.9260000,-0.0178000,1.0772000
20240209,504,P,27.5200,27.5200,27.5200,27.5200,0,0,0.1855000,-0.8384000,0.0000000,32.3134000,-0.0449000,-32.7570000
20240209,365,C,113.0700,113.0700,113.0700,113.0700,0,0,0.4023000,0.9935000,0.0000000,2.4083000,-0.0697000,27.6397000
20240209,365,P,0.0650,0.0650,0.0650,0.0650,0,0,0.3730000,-0.0037000,0.0000000,1.4887000,-0.0096000,-0.1429000
20240209,461,C,18.7950,18.7950,18.7950,18.7950,0,0,0.1339000,0.8457000,0.0000000,31.3481000,-0.1308000,29.4710000
20240209,461,P,1.4100,1.4100,1.4100,1.4100,0,0,0.1327000,-0.1522000,0.0000000,31.0745000,-0.0629000,-5.6727000
20240209,535,C,0.0150,0.0150,0.0150,0.0150,0,0,0.1386000,0.0019000,0.0000000,0.8054000,-0.0021000,0.0693000
20240209,535,P,58.5150,58.5150,58.5150,58.5150,0,0,0.3179000,-0.8897000,0.0000000,24.8547000,-0.0709000,-37.0098000
20240209,450,C,29.0200,29.0200,29.0200,29.0200,0,0,0.1568000,0.9237000,0.0000000,18.9086000,-0.1127000,31.5396000
20240209,450,P,0.6750,0.6750,0.6750,0.6750,0,0,0.1541000,-0.0727000,0.0000000,18.2453000,-0.0450000,-2.7094000
20240209,482,C,3.7900,3.7900,3.7900,3.7900,0,0,0.1019000,0.4011000,0.0000000,51.0244000,-0.1201000,14.3733000
20240209,482,P,7.6350,7.6350,7.6350,7.6350,0,0,0.1072000,-0.5934000,0.0000000,51.1954000,-0.0557000,-22.2777000
20240209,514,C,0.0550,0.0550,0.0550,0.0550,0,0,0.1108000,0.0101000,0.0000000,3.5556000,-0.0077000,0.3662000
20240209,514,P,37.5150,37.5150,37.5150,37.5150,0,0,0.2307000,-0.8623000,0.0000000,29.0403000,-0.0544000,-34.3962000
20240209,375,C,103.1200,103.1200,103.1200,103.1200,0,0,0.3701000,0.9923000,0.0000000,2.7681000,-0.0720000,28.3623000
20240209,375,P,0.0750,0.0750,0.0750,0.0750,0,0,0.3457000,-0.0047000,0.0000000,1.8324000,-0.0109000,-0.1800000
20240209,471,C,10.4500,10.4500,10.4500,10.4500,0,0,0.1159000,0.6923000,0.0000000,46.4002000,-0.1425000,24.5058000
20240209,471,P,3.0800,3.0800,3.0800,3.0800,0,0,0.1162000,-0.3080000,0.0000000,46.4290000,-0.0745000,-11.4957000
20240209,545,C,0.0150,0.0150,0.0150,0.0150,0,0,0.1601000,0.0017000,0.0000000,0.7510000,-0.0022000,0.0640000
20240209,545,P,68.5150,68.5150,68.5150,68.5150,0,0,0.3566000,-0.8978000,0.0000000,23.5156000,-0.0775000,-38.0743000
20240209,460,C,19.6900,19.6900,19.6900,19.6900,0,0,0.1359000,0.8557000,0.0000000,29.9727000,-0.1292000,29.7683000
20240209,460,P,1.3150,1.3150,1.3150,1.3150,0,0,0.1345000,-0.1419000,0.0000000,29.6479000,-0.0612000,-5.2884000
20240209,492,C,0.9900,0.9900,0.9900,0.9900,0,0,0.0967000,0.1511000,0.0000000,30.9229000,-0.0637000,5.4478000
20240209,492,P,15.5450,15.5450,15.5450,15.5450,0,0,0.1257000,-0.7841000,0.0000000,38.6493000,-0.0302000,-29.8532000
20240209,385,C,93.1800,93.1800,93.1800,93.1800,0,0,0.3403000,0.9906000,0.0000000,3.3145000,-0.0752000,29.0615000
20240209,385,P,0.0950,0.0950,0.0950,0.0950,0,0,0.3208000,-0.0063000,0.0000000,2.3755000,-0.0131000,-0.2408000
20240209,481,C,4.2400,4.2400,4.2400,4.2400,0,0,0.1028000,0.4305000,0.0000000,51.8485000,-0.1244000,15.4130000
20240209,481,P,7.0450,7.0450,7.0450,7.0450,0,0,0.1072000,-0.5661000,0.0000000,51.9215000,-0.0591000,-21.2343000
20240209,470,C,11.2150,11.2150,11.2150,11.2150,0,0,0.1174000,0.7127000,0.0000000,44.9671000,-0.1421000,25.1936000
20240209,470,P,2.8400,2.8400,2.8400,2.8400,0,0,0.1177000,-0.2875000,0.0000000,44.9913000,-0.0742000,-10.7273000
20240209,502,C,0.2050,0.2050,0.2050,0.2050,0,0,0.0977000,0.0389000,0.0000000,11.1213000,-0.0220000,1.4071000
20240209,502,P,25.5200,25.5200,25.5200,25.5200,0,0,0.1760000,-0.8321000,0.0000000,33.1240000,-0.0427000,-32.3734000
20240209,395,C,83.2450,83.2450,83.2450,83.2450,0,0,0.3095000,0.9886000,0.0000000,3.9366000,-0.0781000,29.7495000
20240209,395,P,0.1150,0.1150,0.1150,0.1150,0,0,0.2939000,-0.0083000,0.0000000,2.9980000,-0.0151000,-0.3130000
20240209,459,C,20.6000,20.6000,20.6000,20.6000,0,0,0.1380000,0.8649000,0.0000000,28.6549000,-0.1275000,30.0359000
20240209,459,P,1.2200,1.2200,1.2200,1.2200,0,0,0.1364000,-0.1324000,0.0000000,28.2790000,-0.0595000,-4.9346000
20240216,565,P,88.5100,88.5100,88.5100,88.5100,0,0,0.4053000,-0.8951000,0.0000000,26.8067000,-0.0803000,-49.3842000
20240216,320,C,158.2550,158.2550,158.2550,158.2550,0,0,0.5335000,0.9941000,0.0000000,2.4431000,-0.0645000,30.2481000
20240216,320,P,0.0350,0.0350,0.0350,0.0350,0,0,0.4492000,-0.0014000,0.0000000,0.7196000,-0.0045000,-0.0713000
20240216,416,C,63.0050,63.0050,63.0050,63.0050,0,0,0.2451000,0.9708000,0.0000000,9.8089000,-0.0924000,38.3148000
20240216,416,P,0.2550,0.2550,0.2550,0.2550,0,0,0.2253000,-0.0200000,0.0000000,7.1573000,-0.0216000,-0.9398000
20240216,448,C,31.7800,31.7800,31.7800,31.7800,0,0,0.1639000,0.9097000,0.0000000,24.0060000,-0.1146000,38.5189000
20240216,448,P,0.8850,0.8850,0.8850,0.8850,0,0,0.1572000,-0.0816000,0.0000000,22.2816000,-0.0442000,-3.8161000
20240216,480,C,5.7650,5.7650,5.7650,5.7650,0,0,0.1067000,0.4789000,0.0000000,58.7799000,-0.1220000,21.3314000
20240216,480,P,7.0200,7.0200,7.0200,7.0200,0,0,0.1096000,-0.5201000,0.0000000,58.7868000,-0.0549000,-24.4372000
20240216,512,C,0.1050,0.1050,0.1050,0.1050,0,0,0.1025000,0.0183000,0.0000000,6.6437000,-0.0109000,0.8294000
20240216,512,P,35.5200,35.5200,35.5200,35.5200,0,0,0.2116000,-0.8381000,0.0000000,36.1732000,-0.0461000,-41.6991000
20240216,245,C,232.8200,232.8200,232.8200,232.8200,0,0,0.8164000,0.9972000,0.0000000,1.2432000,-0.0497000,23.2385000
20240216,437,C,42.3650,42.3650,42.3650,42.3650,0,0,0.1888000,0.9446000,0.0000000,16.4962000,-0.1038000,39.0980000
20240216,437,P,0.5150,0.5150,0.5150,0.5150,0,0,0.1784000,-0.0460000,0.0000000,14.2462000,-0.0330000,-2.1527000
20240216,405,C,73.8850,73.8850,73.8850,73.8850,0,0,0.2761000,0.9774000,0.0000000,7.9185000,-0.0882000,37.5724000
20240216,405,P,0.1950,0.1950,0.1950,0.1950,0,0,0.2514000,-0.0142000,0.0000000,5.3340000,-0.0181000,-0.6676000
20240216,469,C,13.1300,13.1300,13.1300,13.1300,0,0,0.1227000,0.7152000,0.0000000,50.0724000,-0.1354000,31.4189000
20240216,469,P,3.1850,3.1850,3.1850,3.1850,0,0,0.1207000,-0.2818000,0.0000000,49.8267000,-0.0659000,-13.1830000
20240216,501,C,0.4250,0.4250,0.4250,0.4250,0,0,0.0966000,0.0678000,0.0000000,19.3455000,-0.0313000,3.0608000
20240216,501,P,24.5200,24.5200,24.5200,24.5200,0,0,0.1638000,-0.8060000,0.0000000,40.5423000,-0.0354000,-39.1800000
20240216,575,P,98.5050,98.5050,98.5050,98.5050,0,0,0.4375000,-0.9000000,0.0000000,25.8818000,-0.0850000,-50.5681000
20240216,330,C,148.3200,148.3200,148.3200,148.3200,0,0,0.5039000,0.9931000,0.0000000,2.8237000,-0.0675000,31.1530000
20240216,330,P,0.0450,0.0450,0.0450,0.0450,0,0,0.4296000,-0.0020000,0.0000000,0.9705000,-0.0058000,-0.0990000
20240216,426,C,53.1500,53.1500,53.1500,53.1500,0,0,0.2185000,0.9611000,0.0000000,12.4240000,-0.0976000,38.8159000
20240216,426,P,0.3450,0.3450,0.3450,0.3450,0,0,0.2026000,-0.0289000,0.0000000,9.7390000,-0.0261000,-1.3541000
20240216,458,C,22.5050,22.5050,22.5050,22.5050,0,0,0.1433000,0.8479000,0.0000000,34.7087000,-0.1265000,36.5857000
20240216,458,P,1.5650,1.5650,1.5650,1.5650,0,0,0.1390000,-0.1451000,0.0000000,33.6470000,-0.0565000,-6.7798000
20240216,490,C,1.9550,1.9550,1.9550,1.9550,0,0,0.0990000,0.2322000,0.0000000,45.0447000,-0.0795000,10.4239000
20240216,490,P,13.8100,13.8100,13.8100,13.8100,0,0,0.1164000,-0.7314000,0.0000000,48.6575000,-0.0282000,-34.7412000
20240216,522,C,0.0450,0.0450,0.0450,0.0450,0,0,0.1132000,0.0073000,0.0000000,3.0069000,-0.0053000,0.3326000
20240216,522,P,45.5200,45.5200,45.5200,45.5200,0,0,0.2520000,-0.8566000,0.0000000,33.3775000,-0.0541000,-43.5021000
20240216,255,C,222.8800,222.8800,222.8800,222.8800,0,0,0.7777000,0.9969000,0.0000000,1.3893000,-0.0521000,24.1752000
20240216,415,C,63.9900,63.9900,63.9900,63.9900,0,0,0.2480000,0.9714000,0.0000000,9.6268000,-0.0921000,38.2496000
20240216,415,P,0.2450,0.2450,0.2450,0.2450,0,0,0.2270000,-0.0191000,0.0000000,6.8779000,-0.0209000,-0.8968000
20240216,447,C,32.7300,32.7300,32.7300,32.7300,0,0,0.1661000,0.9139000,0.0000000,23.1640000,-0.1135000,38.6205000
20240216,447,P,0.8350,0.8350,0.8350,0.8350,0,0,0.1589000,-0.0770000,0.0000000,21.3151000,-0.0429000,-3.5990000
20240216,479,C,6.3100,6.3100,6.3100,6.3100,0,0,0.1080000,0.5042000,0.0000000,58.8584000,-0.1248000,22.4330000
20240216,479,P,6.5200,6.5200,6.5200,6.5200,0,0,0.1099000,-0.4956000,0.0000000,58.8581000,-0.0571000,-23.2686000
20240216,340,C,138.3850,138.3850,138.3850,138.3850,0,0,0.4702000,0.9923000,0.0000000,3.1080000,-0.0695000,32.0702000
20240216,340,P,0.0550,0.0550,0.0550,0.0550,0,0,0.4062000,-0.0026000,0.0000000,1.2148000,-0.0068000,-0.1267000
20240216,436,C,43.3350,43.3350,43.3350,43.3350,0,0,0.1910000,0.9469000,0.0000000,15.9478000,-0.1028000,39.1107000
20240216,436,P,0.4950,0.4950,0.4950,0.4950,0,0,0.1806000,-0.0440000,0.0000000,13.7448000,-0.0323000,-2.0592000
20240216,404,C,74.8750,74.8750,74.8750,74.8750,0,0,0.2788000,0.9779000,0.0000000,7.7585000,-0.0877000,37.5022000
20240216,404,P,0.1850,0.1850,0.1850,0.1850,0,0,0.2526000,-0.0134000,0.0000000,5.0886000,-0.0174000,-0.6321000
20240216,500,C,0.4950,0.4950,0.4950,0.4950,0,0,0.0966000,0.0770000,0.0000000,21.3231000,-0.0347000,3.4743000
20240216,500,P,23.5200,23.5200,23.5200,23.5200,0,0,0.1593000,-0.8021000,0.0000000,41.0401000,-0.0343000,-38.9040000
20240216,468,C,13.9250,13.9250,13.9250,13.9250,0,0,0.1244000,0.7313000,0.0000000,48.6648000,-0.1351000,32.0785000
20240216,468,P,2.9750,2.9750,2.9750,2.9750,0,0,0.1223000,-0.2653000,0.0000000,48.3599000,-0.0656000,-12.4085000
20240216,265,C,212.9350,212.9350,212.9350,212.9350,0,0,0.7320000,0.9967000,0.0000000,1.4410000,-0.0531000,25.1236000
20240216,425,C,54.1300,54.1300,54.1300,54.1300,0,0,0.2209000,0.9624000,0.0000000,12.0850000,-0.0969000,38.7811000
20240216,425,P,0.3350,0.3350,0.3350,0.3350,0,0,0.2048000,-0.0277000,0.0000000,9.4218000,-0.0255000,-1.3014000
20240216,457,C,23.4100,23.4100,23.4100,23.4100,0,0,0.1454000,0.8558000,0.0000000,33.4941000,-0.1255000,36.8585000
20240216,457,P,1.4750,1.4750,1.4750,1.4750,0,0,0.1409000,-0.1368000,0.0000000,32.3369000,-0.0554000,-6.3941000
20240216,489,C,2.2150,2.2150,2.2150,2.2150,0,0,0.0996000,0.2544000,0.0000000,47.3221000,-0.0846000,11.4124000
20240216,489,P,12.9700,12.9700,12.9700,12.9700,0,0,0.1143000,-0.7162000,0.0000000,49.9865000,-0.0300000,-33.9683000
20240216,350,C,128.4500,128.4500,128.4500,128.4500,0,0,0.4399000,0.9911000,0.0000000,3.5510000,-0.0723000,32.9652000
20240216,350,P,0.0650,0.0650,0.0650,0.0650,0,0,0.3818000,-0.0033000,0.0000000,1.4922000,-0.0078000,-0.1589000
20240216,414,C,64.9800,64.9800,64.9800,64.9800,0,0,0.2509000,0.9721000,0.0000000,9.4497000,-0.0918000,38.1835000
20240216,414,P,0.2450,0.2450,0.2450,0.2450,0,0,0.2304000,-0.0189000,0.0000000,6.8193000,-0.0211000,-0.8881000
20240216,446,C,33.6800,33.6800,33.6800,33.6800,0,0,0.1682000,0.9181000,0.0000000,22.3239000,-0.1123000,38.7180000
20240216,446,P,0.7950,0.7950,0.7950,0.7950,0,0,0.1610000,-0.0731000,0.0000000,20.4973000,-0.0419000,-3.4193000
20240216,510,C,0.1250,0.1250,0.1250,0.1250,0,0,0.1000000,0.0219000,0.0000000,7.7418000,-0.0125000,0.9933000
20240216,510,P,33.5200,33.5200,33.5200,33.5200,0,0,0.2032000,-0.8335000,0.0000000,36.8379000,-0.0443000,-41.2966000
20240216,478,C,6.8800,6.8800,6.8800,6.8800,0,0,0.1091000,0.5289000,0.0000000,58.7065000,-0.1272000,23.5083000
20240216,478,P,6.0600,6.0600,6.0600,6.0600,0,0,0.1105000,-0.4712000,0.0000000,58.7084000,-0.0591000,-22.1105000
20240216,275,C,202.9950,202.9950,202.9950,202.9950,0,0,0.6960000,0.9963000,0.0000000,1.6170000,-0.0556000,26.0565000
20240216,275,P,0.0150,0.0150,0.0150,0.0150,0,0,0.5500000,-0.0004000,0.0000000,0.2208000,-0.0017000,-0.0198000
20240216,435,C,44.2900,44.2900,44.2900,44.2900,0,0,0.1925000,0.9497000,0.0000000,15.2695000,-0.1013000,39.1476000
20240216,435,P,0.4750,0.4750,0.4750,0.4750,0,0,0.1826000,-0.0419000,0.0000000,13.2133000,-0.0314000,-1.9613000
20240216,403,C,75.8650,75.8650,75.8650,75.8650,0,0,0.2817000,0.9783000,0.0000000,7.6285000,-0.0874000,37.4272000
20240216,403,P,0.1850,0.1850,0.1850,0.1850,0,0,0.2558000,-0.0132000,0.0000000,5.0347000,-0.0174000,-0.6245000
20240216,467,C,14.7300,14.7300,14.7300,14.7300,0,0,0.1262000,0.7463000,0.0000000,47.2434000,-0.1348000,32.6887000
20240216,467,P,2.7800,2.7800,2.7800,2.7800,0,0,0.1239000,-0.2498000,0.0000000,46.8756000,-0.0652000,-11.6839000
20240216,499,C,0.5750,0.5750,0.5750,0.5750,0,0,0.0968000,0.0874000,0.0000000,23.4584000,-0.0384000,3.9423000
20240216,499,P,22.5200,22.5200,22.5200,22.5200,0,0,0.1546000,-0.7979000,0.0000000,41.5632000,-0.0332000,-38.6158000
20240216,360,C,118.5200,118.5200,118.5200,118.5200,0,0,0.4096000,0.9896000,0.0000000,4.0549000,-0.0750000,33.8507000
20240216,360,P,0.0750,0.0750,0.0750,0.0750,0,0,0.3564000,-0.0041000,0.0000000,1.8009000,-0.0088000,-0.1956000
20240216,424,C,55.1100,55.1100,55.1100,55.1100,0,0,0.2231000,0.9638000,0.0000000,11.7180000,-0.0961000,38.7508000
20240216,424,P,0.3250,0.3250,0.3250,0.3250,0,0,0.2072000,-0.0268000,0.0000000,9.1557000,-0.0252000,-1.2577000
20240216,456,C,24.3200,24.3200,24.3200,24.3200,0,0,0.1473000,0.8635000,0.0000000,32.2692000,-0.1242000,37.1228000
20240216,456,P,1.3850,1.3850,1.3850,1.3850,0,0,0.1425000,-0.1288000,0.0000000,31.0156000,-0.0540000,-6.0180000
20240216,520,C,0.0550,0.0550,0.0550,0.0550,0,0,0.1118000,0.0091000,0.0000000,3.6299000,-0.0064000,0.4121000
20240216,520,P,43.5200,43.5200,43.5200,43.5200,0,0,0.2441000,-0.8534000,0.0000000,33.8738000,-0.0526000,-43.1651000
20240216,488,C,2.4950,2.4950,2.4950,2.4950,0,0,0.1001000,0.2772000,0.0000000,49.4278000,-0.0895000,12.4279000
20240216,488,P,12.1550,12.1550,12.1550,12.1550,0,0,0.1122000,-0.6998000,0.0000000,51.3094000,-0.0319000,-33.1417000
20240216,285,C,193.0500,193.0500,193.0500,193.0500,0,0,0.6601000,0.9958000,0.0000000,1.7995000,-0.0579000,26.9884000
20240216,285,P,0.0150,0.0150,0.0150,0.0150,0,0,0.5187000,-0.0004000,0.0000000,0.2448000,-0.0017000,-0.0221000
20240216,413,C,65.9700,65.9700,65.9700,65.9700,0,0,0.2539000,0.9727000,0.0000000,9.2775000,-0.0914000,38.1164000
20240216,413,P,0.2350,0.2350,0.2350,0.2350,0,0,0.2321000,-0.0180000,0.0000000,6.5560000,-0.0204000,-0.8480000
20240216,445,C,34.6400,34.6400,34.6400,34.6400,0,0,0.1706000,0.9215000,0.0000000,21.6052000,-0.1115000,38.7844000
20240216,445,P,0.7550,0.7550,0.7550,0.7550,0,0,0.1628000,-0.0692000,0.0000000,19.6510000,-0.0408000,-3.2367000
20240216,477,C,7.4800,7.4800,7.4800,7.4800,0,0,0.1104000,0.5530000,0.0000000,58.3399000,-0.1293000,24.5524000
20240216,477,P,5.6400,5.6400,5.6400,5.6400,0,0,0.1113000,-0.4472000,0.0000000,58.3462000,-0.0610000,-20.9748000
20240216,210,C,267.6300,267.6300,267.6300,267.6300,0,0,0.9781000,0.9979000,0.0000000,0.9488000,-0.0435000,19.9329000
20240216,370,C,108.5900,108.5900,108.5900,108.5900,0,0,0.3789000,0.9880000,0.0000000,4.6046000,-0.0776000,34.7284000
20240216,370,P,0.0950,0.0950,0.0950,0.0950,0,0,0.3349000,-0.0055000,0.0000000,2.3432000,-0.0108000,-0.2625000
20240216,434,C,45.2850,45.2850,45.2850,45.2850,0,0,0.1959000,0.9508000,0.0000000,15.0119000,-0.1013000,39.1010000
20240216,434,P,0.4550,0.4550,0.4550,0.4550,0,0,0.1846000,-0.0400000,0.0000000,12.7292000,-0.0307000,-1.8733000
20240216,402,C,76.8550,76.8550,76.8550,76.8550,0,0,0.2846000,0.9788000,0.0000000,7.5016000,-0.0871000,37.3515000
20240216,402,P,0.1850,0.1850,0.1850,0.1850,0,0,0.2590000,-0.0131000,0.0000000,4.9815000,-0.0174000,-0.6171000
20240216,466,C,15.5500,15.5500,15.5500,15.5500,0,0,0.1280000,0.7607000,0.0000000,45.7938000,-0.1342000,33.2647000
20240216,466,P,2.6000,2.6000,2.6000,2.6000,0,0,0.1255000,-0.2351000,0.0000000,45.3589000,-0.0646000,-10.9940000
20240216,498,C,0.6650,0.6650,0.6650,0.6650,0,0,0.0969000,0.0988000,0.0000000,25.6850000,-0.0423000,4.4552000
20240216,498,P,21.5200,21.5200,21.5200,21.5200,0,0,0.1500000,-0.7934000,0.0000000,42.1076000,-0.0321000,-38.3159000
20240216,530,C,0.0250,0.0250,0.0250,0.0250,0,0,0.1210000,0.0036000,0.0000000,1.6014000,-0.0030000,0.1638000
20240216,530,P,53.5150,53.5150,53.5150,53.5150,0,0,0.2824000,-0.8676000,0.0000000,31.6030000,-0.0596000,-44.7725000
20240216,295,C,183.1100,183.1100,183.1100,183.1100,0,0,0.6242000,0.9953000,0.0000000,1.9871000,-0.0600000,27.9195000
20240216,295,P,0.0150,0.0150,0.0150,0.0150,0,0,0.4843000,-0.0004000,0.0000000,0.2497000,-0.0016000,-0.0225000
20240216,423,C,56.1000,56.1000,56.1000,56.1000,0,0,0.2263000,0.9645000,0.0000000,11.5198000,-0.0959000,38.6899000
20240216,423,P,0.3150,0.3150,0.3150,0.3150,0,0,0.2094000,-0.0258000,0.0000000,8.8617000,-0.0246000,-1.2097000
20240216,455,C,25.2350,25.2350,25.2350,25.2350,0,0,0.1492000,0.8709000,0.0000000,31.0488000,-0.1228000,37.3748000
20240216,455,P,1.3050,1.3050,1.3050,1.3050,0,0,0.1442000,-0.1213000,0.0000000,29.7490000,-0.0527000,-5.6691000
20240216,487,C,2.8000,2.8000,2.8000,2.8000,0,0,0.1008000,0.3010000,0.0000000,51.3804000,-0.0944000,13.4857000
20240216,487,P,11.3850,11.3850,11.3850,11.3850,0,0,0.1109000,-0.6812000,0.0000000,52.6797000,-0.0345000,-32.2150000
20240216,220,C,257.6850,257.6850,257.6850,257.6850,0,0,0.9253000,0.9978000,0.0000000,0.9917000,-0.0447000,20.8824000
20240216,380,C,98.6650,98.6650,98.6650,98.6650,0,0,0.3481000,0.9860000,0.0000000,5.2382000,-0.0800000,35.5925000
20240216,380,P,0.1150,0.1150,0.1150,0.1150,0,0,0.3105000,-0.0070000,0.0000000,2.9011000,-0.0123000,-0.3335000
20240216,412,C,66.9600,66.9600,66.9600,66.9600,0,0,0.2569000,0.9732000,0.0000000,9.1255000,-0.0912000,38.0458000
20240216,412,P,0.2250,0.2250,0.2250,0.2250,0,0,0.2338000,-0.0172000,0.0000000,6.3031000,-0.0198000,-0.8099000
20240216,444,C,35.6000,35.6000,35.6000,35.6000,0,0,0.1729000,0.9250000,0.0000000,20.8855000,-0.1105000,38.8485000
20240216,444,P,0.7150,0.7150,0.7150,0.7150,0,0,0.1646000,-0.0655000,0.0000000,18.8393000,-0.0396000,-3.0648000
20240216,476,C,8.1050,8.1050,8.1050,8.1050,0,0,0.1117000,0.5765000,0.0000000,57.7756000,-0.1309000,25.5637000
20240216,476,P,5.2400,5.2400,5.2400,5.2400,0,0,0.1121000,-0.4237000,0.0000000,57.7828000,-0.0624000,-19.8623000
20240216,508,C,0.1650,0.1650,0.1650,0.1650,0,0,0.0993000,0.0286000,0.0000000,9.6518000,-0.0156000,1.2919000
20240216,508,P,31.5200,31.5200,31.5200,31.5200,0,0,0.1947000,-0.8284000,0.0000000,37.5611000,-0.0425000,-40.8711000
20240216,540,C,0.0150,0.0150,0.0150,0.0150,0,0,0.1328000,0.0018000,0.0000000,0.8808000,-0.0017000,0.0845000
20240216,540,P,63.5150,63.5150,63.5150,63.5150,0,0,0.3192000,-0.8780000,0.0000000,29.8600000,-0.0660000,-46.2048000
20240216,305,C,173.1700,173.1700,173.1700,173.1700,0,0,0.5890000,0.9948000,0.0000000,2.1955000,-0.0622000,28.8476000
20240216,305,P,0.0250,0.0250,0.0250,0.0250,0,0,0.4804000,-0.0009000,0.0000000,0.4717000,-0.0031000,-0.0450000
20240216,433,C,46.2800,46.2800,46.2800,46.2800,0,0,0.1999000,0.9513000,0.0000000,14.8835000,-0.1017000,39.0291000
20240216,433,P,0.4350,0.4350,0.4350,0.4350,0,0,0.1866000,-0.0381000,0.0000000,12.2411000,-0.0299000,-1.7856000
20240216,401,C,77.8450,77.8450,77.8450,77.8450,0,0,0.2873000,0.9793000,0.0000000,7.3527000,-0.0867000,37.2793000
20240216,401,P,0.1750,0.1750,0.1750,0.1750,0,0,0.2602000,-0.0124000,0.0000000,4.7549000,-0.0167000,-0.5847000
20240216,465,C,16.3850,16.3850,16.3850,16.3850,0,0,0.1297000,0.7742000,0.0000000,44.3288000,-0.1334000,33.8060000
20240216,465,P,2.4350,2.4350,2.4350,2.4350,0,0,0.1271000,-0.2212000,0.0000000,43.8236000,-0.0638000,-10.3395000
20240216,497,C,0.7650,0.7650,0.7650,0.7650,0,0,0.0969000,0.1112000,0.0000000,27.9628000,-0.0463000,5.0083000
20240216,497,P,20.5200,20.5200,20.5200,20.5200,0,0,0.1453000,-0.7886000,0.0000000,42.6818000,-0.0309000,-38.0006000
20240216,230,C,247.7400,247.7400,247.7400,247.7400,0,0,0.8843000,0.9975000,0.0000000,1.1196000,-0.0472000,21.8215000
20240216,390,C,88.7450,88.7450,88.7450,88.7450,0,0,0.3188000,0.9833000,0.0000000,6.1012000,-0.0830000,36.4201000
20240216,390,P,0.1450,0.1450,0.1450,0.1450,0,0,0.2880000,-0.0094000,0.0000000,3.7515000,-0.0147000,-0.4463000
20240216,422,C,57.0800,57.0800,57.0800,57.0800,0,0,0.2285000,0.9658000,0.0000000,11.1748000,-0.0951000,38.6549000
20240216,422,P,0.3050,0.3050,0.3050,0.3050,0,0,0.2116000,-0.0248000,0.0000000,8.5791000,-0.0241000,-1.1639000
20240216,454,C,26.1600,26.1600,26.1600,26.1600,0,0,0.1514000,0.8773000,0.0000000,29.9738000,-0.1218000,37.5761000
20240216,454,P,1.2350,1.2350,1.2350,1.2350,0,0,0.1462000,-0.1147000,0.0000000,28.5883000,-0.0515000,-5.3591000
20240216,486,C,3.1350,3.1350,3.1350,3.1350,0,0,0.1014000,0.3253000,0.0000000,53.1267000,-0.0990000,14.5646000
20240216,486,P,10.6850,10.6850,10.6850,10.6850,0,0,0.1105000,-0.6601000,0.0000000,54.0536000,-0.0380000,-31.1848000
20240216,518,C,0.0550,0.0550,0.0550,0.0550,0,0,0.1074000,0.0095000,0.0000000,3.7859000,-0.0064000,0.4326000
20240216,518,P,41.5200,41.5200,41.5200,41.5200,0,0,0.2361000,-0.8500000,0.0000000,34.3936000,-0.0510000,-42.8191000
20240216,550,C,0.0150,0.0150,0.0150,0.0150,0,0,0.1503000,0.0015000,0.0000000,0.7609000,-0.0017000,0.0718000
20240216,550,P,73.5150,73.5150,73.5150,73.5150,0,0,0.3546000,-0.8859000,0.0000000,28.4649000,-0.0721000,-47.5283000
20240216,315,C,163.2250,163.2250,163.2250,163.2250,0,0,0.5507000,0.9944000,0.0000000,2.3293000,-0.0635000,29.7854000
20240216,315,P,0.0250,0.0250,0.0250,0.0250,0,0,0.4492000,-0.0010000,0.0000000,0.5109000,-0.0032000,-0.0490000
20240216,411,C,67.9450,67.9450,67.9450,67.9450,0,0,0.2587000,0.9742000,0.0000000,8.8256000,-0.0902000,37.9998000
20240216,411,P,0.2250,0.2250,0.2250,0.2250,0,0,0.2370000,-0.0170000,0.0000000,6.2264000,-0.0198000,-0.7986000
20240216,443,C,36.5600,36.5600,36.5600,36.5600,0,0,0.1751000,0.9283000,0.0000000,20.1649000,-0.1094000,38.9102000
20240216,443,P,0.6850,0.6850,0.6850,0.6850,0,0,0.1668000,-0.0624000,0.0000000,18.1365000,-0.0387000,-2.9189000
20240216,475,C,8.7550,8.7550,8.7550,8.7550,0,0,0.1130000,0.5991000,0.0000000,57.0346000,-0.1324000,26.5350000
20240216,475,P,4.8750,4.8750,4.8750,4.8750,0,0,0.1131000,-0.4008000,0.0000000,57.0354000,-0.0636000,-18.7828000
20240216,240,C,237.7950,237.7950,237.7950,237.7950,0,0,0.8351000,0.9974000,0.0000000,1.1656000,-0.0484000,22.7706000
20240216,432,C,47.2600,47.2600,47.2600,47.2600,0,0,0.2026000,0.9529000,0.0000000,14.4993000,-0.1011000,39.0065000
20240216,432,P,0.4250,0.4250,0.4250,0.4250,0,0,0.1892000,-0.0368000,0.0000000,11.8923000,-0.0295000,-1.7238000
20240216,400,C,78.8350,78.8350,78.8350,78.8350,0,0,0.2900000,0.9797000,0.0000000,7.2077000,-0.0863000,37.2064000
20240216,400,P,0.1750,0.1750,0.1750,0.1750,0,0,0.2634000,-0.0122000,0.0000000,4.7064000,-0.0168000,-0.5780000
20240216,464,C,17.2350,17.2350,17.2350,17.2350,0,0,0.1317000,0.7867000,0.0000000,42.9038000,-0.1327000,34.2946000
20240216,464,P,2.2800,2.2800,2.2800,2.2800,0,0,0.1288000,-0.2083000,0.0000000,42.3220000,-0.0631000,-9.7365000
20240216,496,C,0.8850,0.8850,0.8850,0.8850,0,0,0.0972000,0.1250000,0.0000000,30.3826000,-0.0507000,5.6295000
20240216,496,P,19.5200,19.5200,19.5200,19.5200,0,0,0.1405000,-0.7835000,0.0000000,43.2761000,-0.0297000,-37.6725000
20240216,560,C,0.0150,0.0150,0.0150,0.0150,0,0,0.1679000,0.0014000,0.0000000,0.6907000,-0.0017000,0.0645000
20240216,560,P,83.5100,83.5100,83.5100,83.5100,0,0,0.3887000,-0.8923000,0.0000000,27.3136000,-0.0777000,-48.7789000
20240216,325,C,153.2850,153.2850,153.2850,153.2850,0,0,0.5171000,0.9938000,0.0000000,2.5816000,-0.0656000,30.7075000
20240216,325,P,0.0350,0.0350,0.0350,0.0350,0,0,0.4335000,-0.0015000,0.0000000,0.7488000,-0.0045000,-0.0744000
20240216,421,C,58.0700,58.0700,58.0700,58.0700,0,0,0.2316000,0.9665000,0.0000000,10.9910000,-0.0949000,38.5910000
20240216,421,P,0.2950,0.2950,0.2950,0.2950,0,0,0.2138000,-0.0239000,0.0000000,8.3073000,-0.0236000,-1.1203000
20240216,453,C,27.0850,27.0850,27.0850,27.0850,0,0,0.1533000,0.8839000,0.0000000,28.8261000,-0.1204000,37.7895000
20240216,453,P,1.1650,1.1650,1.1650,1.1650,0,0,0.1480000,-0.1082000,0.0000000,27.4182000,-0.0503000,-5.0551000
20240216,485,C,3.5000,3.5000,3.5000,3.5000,0,0,0.1022000,0.3505000,0.0000000,54.6817000,-0.1036000,15.6807000
20240216,485,P,9.9850,9.9850,9.9850,9.9850,0,0,0.1097000,-0.6388000,0.0000000,55.2607000,-0.0409000,-30.1442000
20240216,250,C,227.8500,227.8500,227.8500,227.8500,0,0,0.7964000,0.9970000,0.0000000,1.3092000,-0.0508000,23.7077000
20240216,410,C,68.9350,68.9350,68.9350,68.9350,0,0,0.2617000,0.9748000,0.0000000,8.6693000,-0.0899000,37.9296000
20240216,410,P,0.2150,0.2150,0.2150,0.2150,0,0,0.2387000,-0.0162000,0.0000000,5.9885000,-0.0192000,-0.7631000
20240216,442,C,37.5200,37.5200,37.5200,37.5200,0,0,0.1773000,0.9316000,0.0000000,19.4579000,-0.1084000,38.9665000
20240216,442,P,0.6450,0.6450,0.6450,0.6450,0,0,0.1683000,-0.0588000,0.0000000,17.3151000,-0.0374000,-2.7509000
20240216,474,C,9.4300,9.4300,9.4300,9.4300,0,0,0.1146000,0.6208000,0.0000000,56.1414000,-0.1335000,27.4601000
20240216,474,P,4.5350,4.5350,4.5350,4.5350,0,0,0.1141000,-0.3787000,0.0000000,56.1238000,-0.0646000,-17.7410000
20240216,506,C,0.2150,0.2150,0.2150,0.2150,0,0,0.0983000,0.0366000,0.0000000,11.8320000,-0.0191000,1.6531000
20240216,506,P,29.5200,29.5200,29.5200,29.5200,0,0,0.1861000,-0.8228000,0.0000000,38.3335000,-0.0405000,-40.4241000
20240216,570,P,93.5050,93.5050,93.5050,93.5050,0,0,0.4213000,-0.8978000,0.0000000,26.3019000,-0.0824000,-49.9865000
20240216,335,C,143.3500,143.3500,143.3500,143.3500,0,0,0.4873000,0.9927000,0.0000000,2.9724000,-0.0686000,31.6108000
20240216,335,P,0.0450,0.0450,0.0450,0.0450,0,0,0.4140000,-0.0021000,0.0000000,1.0104000,-0.0058000,-0.1033000
20240216,431,C,48.2400,48.2400,48.2400,48.2400,0,0,0.2052000,0.9545000,0.0000000,14.1060000,-0.1004000,38.9851000
20240216,431,P,0.4050,0.4050,0.4050,0.4050,0,0,0.1910000,-0.0350000,0.0000000,11.4183000,-0.0286000,-1.6404000
20240216,495,C,1.0150,1.0150,1.0150,1.0150,0,0,0.0974000,0.1398000,0.0000000,32.8180000,-0.0552000,6.2932000
20240216,495,P,18.5250,18.5250,18.5250,18.5250,0,0,0.1356000,-0.7781000,0.0000000,43.8996000,-0.0284000,-37.3275000
20240216,463,C,18.0900,18.0900,18.0900,18.0900,0,0,0.1337000,0.7984000,0.0000000,41.4955000,-0.1319000,34.7467000
20240216,463,P,2.1350,2.1350,2.1350,2.1350,0,0,0.1303000,-0.1958000,0.0000000,40.7825000,-0.0620000,-9.1508000
20240216,260,C,217.9100,217.9100,217.9100,217.9100,0,0,0.7578000,0.9967000,0.0000000,1.4554000,-0.0531000,24.6444000
20240216,420,C,59.0600,59.0600,59.0600,59.0600,0,0,0.2348000,0.9671000,0.0000000,10.8125000,-0.0947000,38.5261000
20240216,420,P,0.2850,0.2850,0.2850,0.2850,0,0,0.2160000,-0.0230000,0.0000000,8.0458000,-0.0231000,-1.0787000
20240216,452,C,28.0150,28.0150,28.0150,28.0150,0,0,0.1553000,0.8898000,0.0000000,27.7621000,-0.1192000,37.9725000
20240216,452,P,1.0950,1.0950,1.0950,1.0950,0,0,0.1496000,-0.1019000,0.0000000,26.2551000,-0.0489000,-4.7611000
20240216,484,C,3.8900,3.8900,3.8900,3.8900,0,0,0.1029000,0.3759000,0.0000000,55.9925000,-0.1078000,16.8036000
20240216,484,P,9.3050,9.3050,9.3050,9.3050,0,0,0.1090000,-0.6166000,0.0000000,56.3255000,-0.0436000,-29.0677000
20240216,516,C,0.0650,0.0650,0.0650,0.0650,0,0,0.1049000,0.0113000,0.0000000,4.3868000,-0.0073000,0.5122000
20240216,516,P,39.5200,39.5200,39.5200,39.5200,0,0,0.2280000,-0.8463000,0.0000000,34.9506000,-0.0494000,-42.4597000
20240216,345,C,133.4150,133.4150,133.4150,133.4150,0,0,0.4536000,0.9919000,0.0000000,3.2650000,-0.0705000,32.5267000
20240216,345,P,0.0550,0.0550,0.0550,0.0550,0,0,0.3906000,-0.0027000,0.0000000,1.2637000,-0.0068000,-0.1321000
20240216,409,C,69.9250,69.9250,69.9250,69.9250,0,0,0.2646000,0.9753000,0.0000000,8.5170000,-0.0896000,37.8587000
20240216,409,P,0.2150,0.2150,0.2150,0.2150,0,0,0.2419000,-0.0160000,0.0000000,5.9181000,-0.0193000,-0.7529000
20240216,441,C,38.4850,38.4850,38.4850,38.4850,0,0,0.1793000,0.9348000,0.0000000,18.7501000,-0.1072000,39.0206000
20240216,441,P,0.6150,0.6150,0.6150,0.6150,0,0,0.1702000,-0.0559000,0.0000000,16.6296000,-0.0364000,-2.6134000
20240216,505,C,0.2450,0.2450,0.2450,0.2450,0,0,0.0979000,0.0413000,0.0000000,13.0638000,-0.0211000,1.8666000
20240216,505,P,28.5200,28.5200,28.5200,28.5200,0,0,0.1817000,-0.8197000,0.0000000,38.7430000,-0.0396000,-40.1904000
20240216,473,C,10.1300,10.1300,10.1300,10.1300,0,0,0.1161000,0.6416000,0.0000000,55.1131000,-0.1344000,28.3432000
20240216,473,P,4.2200,4.2200,4.2200,4.2200,0,0,0.1154000,-0.3576000,0.0000000,55.0733000,-0.0654000,-16.7449000
20240216,270,C,207.9650,207.9650,207.9650,207.9650,0,0,0.7144000,0.9965000,0.0000000,1.5337000,-0.0544000,25.5895000
20240216,270,P,0.0150,0.0150,0.0150,0.0150,0,0,0.5749000,-0.0004000,0.0000000,0.2478000,-0.0020000,-0.0225000
20240216,430,C,49.2200,49.2200,49.2200,49.2200,0,0,0.2077000,0.9560000,0.0000000,13.7270000,-0.0998000,38.9602000
20240216,430,P,0.3950,0.3950,0.3950,0.3950,0,0,0.1936000,-0.0338000,0.0000000,11.0998000,-0.0282000,-1.5852000
20240216,462,C,18.9500,18.9500,18.9500,18.9500,0,0,0.1354000,0.8098000,0.0000000,40.0580000,-0.1309000,35.1838000
20240216,462,P,2.0050,2.0050,2.0050,2.0050,0,0,0.1321000,-0.1843000,0.0000000,39.3027000,-0.0611000,-8.6162000
20240216,494,C,1.1650,1.1650,1.1650,1.1650,0,0,0.0976000,0.1559000,0.0000000,35.2985000,-0.0598000,7.0135000
20240216,494,P,17.5350,17.5350,17.5350,17.5350,0,0,0.1310000,-0.7717000,0.0000000,44.6103000,-0.0274000,-36.9413000
20240216,526,C,0.0350,0.0350,0.0350,0.0350,0,0,0.1181000,0.0054000,0.0000000,2.3068000,-0.0042000,0.2465000
20240216,526,P,49.5150,49.5150,49.5150,49.5150,0,0,0.2672000,-0.8625000,0.0000000,32.4254000,-0.0568000,-44.1582000
20240216,355,C,123.4800,123.4800,123.4800,123.4800,0,0,0.4238000,0.9905000,0.0000000,3.7495000,-0.0733000,33.4156000
20240216,355,P,0.0750,0.0750,0.0750,0.0750,0,0,0.3720000,-0.0039000,0.0000000,1.7297000,-0.0089000,-0.1872000
20240216,419,C,60.0400,60.0400,60.0400,60.0400,0,0,0.2369000,0.9684000,0.0000000,10.4777000,-0.0938000,38.4883000
20240216,419,P,0.2750,0.2750,0.2750,0.2750,0,0,0.2180000,-0.0220000,0.0000000,7.7601000,-0.0226000,-1.0335000
20240216,451,C,28.9550,28.9550,28.9550,28.9550,0,0,0.1575000,0.8951000,0.0000000,26.7975000,-0.1181000,38.1232000
20240216,451,P,1.0350,1.0350,1.0350,1.0350,0,0,0.1514000,-0.0962000,0.0000000,25.1823000,-0.0476000,-4.4972000
20240216,515,C,0.0750,0.0750,0.0750,0.0750,0,0,0.1049000,0.0132000,0.0000000,5.0169000,-0.0084000,0.5979000
20240216,515,P,38.5200,38.5200,38.5200,38.5200,0,0,0.2240000,-0.8444000,0.0000000,35.2431000,-0.0486000,-42.2748000
20240216,483,C,4.3150,4.3150,4.3150,4.3150,0,0,0.1037000,0.4016000,0.0000000,57.0634000,-0.1117000,17.9372000
20240216,483,P,8.6600,8.6600,8.6600,8.6600,0,0,0.1085000,-0.5935000,0.0000000,57.2362000,-0.0463000,-27.9486000
20240216,525,C,0.0350,0.0350,0.0350,0.0350,0,0,0.1162000,0.0056000,0.0000000,2.3631000,-0.0043000,0.2533000
20240216,525,P,48.5200,48.5200,48.5200,48.5200,0,0,0.2637000,-0.8609000,0.0000000,32.6926000,-0.0564000,-43.9872000
20240216,280,C,198.0200,198.0200,198.0200,198.0200,0,0,0.6781000,0.9961000,0.0000000,1.7075000,-0.0567000,26.5226000
20240216,280,P,0.0150,0.0150,0.0150,0.0150,0,0,0.5375000,-0.0004000,0.0000000,0.2477000,-0.0018000,-0.0224000
20240216,408,C,70.9150,70.9150,70.9150,70.9150,0,0,0.2675000,0.9758000,0.0000000,8.3686000,-0.0893000,37.7870000
20240216,408,P,0.2050,0.2050,0.2050,0.2050,0,0,0.2436000,-0.0153000,0.0000000,5.6939000,-0.0187000,-0.7198000
20240216,440,C,39.4500,39.4500,39.4500,39.4500,0,0,0.1818000,0.9373000,0.0000000,18.1802000,-0.1064000,39.0434000
20240216,440,P,0.5950,0.5950,0.5950,0.5950,0,0,0.1727000,-0.0536000,0.0000000,16.0872000,-0.0358000,-2.5065000
20240216,472,C,10.8550,10.8550,10.8550,10.8550,0,0,0.1177000,0.6614000,0.0000000,53.9709000,-0.1350000,29.1821000
20240216,472,P,3.9300,3.9300,3.9300,3.9300,0,0,0.1167000,-0.3373000,0.0000000,53.8992000,-0.0659000,-15.7900000
20240216,504,C,0.2850,0.2850,0.2850,0.2850,0,0,0.0977000,0.0472000,0.0000000,14.5502000,-0.0235000,2.1331000
20240216,504,P,27.5200,27.5200,27.5200,27.5200,0,0,0.1773000,-0.8166000,0.0000000,39.1695000,-0.0386000,-39.9492000
20240216,365,C,113.5500,113.5500,113.5500,113.5500,0,0,0.3930000,0.9890000,0.0000000,4.2545000,-0.0759000,34.3004000
20240216,365,P,0.0850,0.0850,0.0850,0.0850,0,0,0.3457000,-0.0047000,0.0000000,2.0534000,-0.0097000,-0.2264000
20240216,429,C,50.2000,50.2000,50.2000,50.2000,0,0,0.2103000,0.9574000,0.0000000,13.3615000,-0.0992000,38.9322000
20240216,429,P,0.3750,0.3750,0.3750,0.3750,0,0,0.1953000,-0.0321000,0.0000000,10.6395000,-0.0274000,-1.5058000
20240216,461,C,19.8300,19.8300,19.8300,19.8300,0,0,0.1375000,0.8201000,0.0000000,38.6933000,-0.1299000,35.5709000
20240216,461,P,1.8850,1.8850,1.8850,1.8850,0,0,0.1339000,-0.1737000,0.0000000,37.8588000,-0.0601000,-8.1182000
20240216,493,C,1.3300,1.3300,1.3300,1.3300,0,0,0.0980000,0.1735000,0.0000000,37.8289000,-0.0648000,7.8005000
20240216,493,P,16.5500,16.5500,16.5500,16.5500,0,0,0.1264000,-0.7645000,0.0000000,45.3862000,-0.0266000,-36.5194000
20240216,535,C,0.0150,0.0150,0.0150,0.0150,0,0,0.1230000,0.0019000,0.0000000,0.9090000,-0.0017000,0.0875000
20240216,535,P,58.5150,58.5150,58.5150,58.5150,0,0,0.3010000,-0.8731000,0.0000000,30.6835000,-0.0629000,-45.5043000
20240216,290,C,188.0800,188.0800,188.0800,188.0800,0,0,0.6421000,0.9956000,0.0000000,1.8928000,-0.0590000,27.4540000
20240216,290,P,0.0150,0.0150,0.0150,0.0150,0,0,0.5000000,-0.0004000,0.0000000,0.2401000,-0.0016000,-0.0216000
20240216,418,C,61.0300,61.0300,61.0300,61.0300,0,0,0.2399000,0.9690000,0.0000000,10.2946000,-0.0935000,38.4238000
20240216,418,P,0.2650,0.2650,0.2650,0.2650,0,0,0.2199000,-0.0211000,0.0000000,7.4857000,-0.0220000,-0.9905000
20240216,450,C,29.8750,29.8750,29.8750,29.8750,0,0,0.1589000,0.9013000,0.0000000,25.6334000,-0.1163000,38.3184000
20240216,450,P,0.9850,0.9850,0.9850,0.9850,0,0,0.1535000,-0.0912000,0.0000000,24.2153000,-0.0466000,-4.2652000
20240216,482,C,4.7700,4.7700,4.7700,4.7700,0,0,0.1048000,0.4276000,0.0000000,57.8907000,-0.1156000,19.0807000
20240216,482,P,8.1000,8.1000,8.1000,8.1000,0,0,0.1091000,-0.5690000,0.0000000,57.9778000,-0.0497000,-26.7759000
20240216,514,C,0.0850,0.0850,0.0850,0.0850,0,0,0.1042000,0.0148000,0.0000000,5.5308000,-0.0092000,0.6695000
20240216,514,P,37.5200,37.5200,37.5200,37.5200,0,0,0.2199000,-0.8424000,0.0000000,35.5386000,-0.0477000,-42.0881000
20240216,215,C,262.6600,262.6600,262.6600,262.6600,0,0,0.9570000,0.9978000,0.0000000,1.0125000,-0.0447000,20.4025000
20240216,375,C,103.6250,103.6250,103.6250,103.6250,0,0,0.3625000,0.9872000,0.0000000,4.8475000,-0.0784000,35.1714000
20240216,375,P,0.1050,0.1050,0.1050,0.1050,0,0,0.3232000,-0.0063000,0.0000000,2.6290000,-0.0116000,-0.2986000
20240216,439,C,40.4200,40.4200,40.4200,40.4200,0,0,0.1842000,0.9398000,0.0000000,17.6055000,-0.1055000,39.0658000
20240216,439,P,0.5650,0.5650,0.5650,0.5650,0,0,0.1745000,-0.0508000,0.0000000,15.4282000,-0.0348000,-2.3780000
20240216,407,C,71.9050,71.9050,71.9050,71.9050,0,0,0.2702000,0.9764000,0.0000000,8.1960000,-0.0888000,37.7192000
20240216,407,P,0.2050,0.2050,0.2050,0.2050,0,0,0.2465000,-0.0150000,0.0000000,5.6039000,-0.0186000,-0.7067000
20240216,471,C,11.5950,11.5950,11.5950,11.5950,0,0,0.1193000,0.6803000,0.0000000,52.7370000,-0.1353000,29.9745000
20240216,471,P,3.6600,3.6600,3.6600,3.6600,0,0,0.1180000,-0.3179000,0.0000000,52.6178000,-0.0661000,-14.8754000
20240216,545,C,0.0150,0.0150,0.0150,0.0150,0,0,0.1406000,0.0016000,0.0000000,0.7649000,-0.0016000,0.0723000
20240216,545,P,68.5150,68.5150,68.5150,68.5150,0,0,0.3371000,-0.8822000,0.0000000,29.1287000,-0.0691000,-46.8769000
20240216,300,C,178.1400,178.1400,178.1400,178.1400,0,0,0.6070000,0.9950000,0.0000000,2.0988000,-0.0612000,28.3826000
20240216,300,P,0.0250,0.0250,0.0250,0.0250,0,0,0.5000000,-0.0009000,0.0000000,0.4846000,-0.0033000,-0.0464000
20240216,428,C,51.1800,51.1800,51.1800,51.1800,0,0,0.2128000,0.9588000,0.0000000,13.0091000,-0.0985000,38.9013000
20240216,428,P,0.3650,0.3650,0.3650,0.3650,0,0,0.1977000,-0.0310000,0.0000000,10.3275000,-0.0269000,-1.4528000
20240216,460,C,20.7150,20.7150,20.7150,20.7150,0,0,0.1393000,0.8301000,0.0000000,37.3123000,-0.1288000,35.9438000
20240216,460,P,1.7650,1.7650,1.7650,1.7650,0,0,0.1354000,-0.1633000,0.0000000,36.3815000,-0.0588000,-7.6301000
20240216,492,C,1.5150,1.5150,1.5150,1.5150,0,0,0.0982000,0.1915000,0.0000000,40.2434000,-0.0695000,8.6086000
20240216,492,P,15.6050,15.6050,15.6050,15.6050,0,0,0.1225000,-0.7555000,0.0000000,46.3232000,-0.0264000,-36.0176000
20240216,524,C,0.0350,0.0350,0.0350,0.0350,0,0,0.1142000,0.0057000,0.0000000,2.4233000,-0.0043000,0.2606000
20240216,524,P,47.5200,47.5200,47.5200,47.5200,0,0,0.2598000,-0.8595000,0.0000000,32.9115000,-0.0556000,-43.8285000
20240216,225,C,252.7150,252.7150,252.7150,252.7150,0,0,0.9054000,0.9977000,0.0000000,1.0603000,-0.0461000,21.3514000
20240216,385,C,93.7050,93.7050,93.7050,93.7050,0,0,0.3334000,0.9848000,0.0000000,5.6490000,-0.0815000,36.0098000
20240216,385,P,0.1250,0.1250,0.1250,0.1250,0,0,0.2983000,-0.0080000,0.0000000,3.2362000,-0.0132000,-0.3773000
20240216,417,C,62.0200,62.0200,62.0200,62.0200,0,0,0.2429000,0.9697000,0.0000000,10.0994000,-0.0932000,38.3612000
20240216,417,P,0.2650,0.2650,0.2650,0.2650,0,0,0.2233000,-0.0209000,0.0000000,7.4160000,-0.0221000,-0.9799000
20240216,449,C,30.8350,30.8350,30.8350,30.8350,0,0,0.1617000,0.9052000,0.0000000,24.8812000,-0.1157000,38.4054000
20240216,449,P,0.9250,0.9250,0.9250,0.9250,0,0,0.1550000,-0.0858000,0.0000000,23.1228000,-0.0451000,-4.0087000
20240216,481,C,5.2500,5.2500,5.2500,5.2500,0,0,0.1057000,0.4533000,0.0000000,58.4595000,-0.1189000,20.2114000
20240216,481,P,7.5500,7.5500,7.5500,7.5500,0,0,0.1094000,-0.5446000,0.0000000,58.4932000,-0.0525000,-25.6069000
20240216,555,C,0.0150,0.0150,0.0150,0.0150,0,0,0.1601000,0.0015000,0.0000000,0.7615000,-0.0018000,0.0718000
20240216,555,P,78.5100,78.5100,78.5100,78.5100,0,0,0.3718000,-0.8893000,0.0000000,27.8634000,-0.0749000,-48.1612000
20240216,310,C,168.1950,168.1950,168.1950,168.1950,0,0,0.5671000,0.9948000,0.0000000,2.1987000,-0.0623000,29.3248000
20240216,310,P,0.0250,0.0250,0.0250,0.0250,0,0,0.4648000,-0.0009000,0.0000000,0.4918000,-0.0031000,-0.0470000
20240216,438,C,41.3900,41.3900,41.3900,41.3900,0,0,0.1866000,0.9422000,0.0000000,17.0665000,-0.1047000,39.0794000
20240216,438,P,0.5350,0.5350,0.5350,0.5350,0,0,0.1761000,-0.0480000,0.0000000,14.7424000,-0.0336000,-2.2463000
20240216,406,C,72.8950,72.8950,72.8950,72.8950,0,0,0.2731000,0.9769000,0.0000000,8.0555000,-0.0885000,37.6461000
20240216,406,P,0.1950,0.1950,0.1950,0.1950,0,0,0.2480000,-0.0143000,0.0000000,5.3688000,-0.0180000,-0.6724000
20240216,470,C,12.3500,12.3500,12.3500,12.3500,0,0,0.1209000,0.6983000,0.0000000,51.4280000,-0.1354000,30.7221000
20240216,470,P,3.4150,3.4150,3.4150,3.4150,0,0,0.1193000,-0.2994000,0.0000000,51.2559000,-0.0661000,-14.0076000
20240216,502,C,0.3750,0.3750,0.3750,0.3750,0,0,0.0971000,0.0605000,0.0000000,17.6951000,-0.0287000,2.7296000
20240216,502,P,25.5200,25.5200,25.5200,25.5200,0,0,0.1683000,-0.8098000,0.0000000,40.0618000,-0.0365000,-39.4468000
20240216,235,C,242.7700,242.7700,242.7700,242.7700,0,0,0.8632000,0.9974000,0.0000000,1.1785000,-0.0483000,22.2917000
20240216,427,C,52.1600,52.1600,52.1600,52.1600,0,0,0.2153000,0.9602000,0.0000000,12.6479000,-0.0978000,38.8714000
20240216,427,P,0.3550,0.3550,0.3550,0.3550,0,0,0.2001000,-0.0299000,0.0000000,10.0275000,-0.0265000,-1.4023000
20240216,395,C,83.7850,83.7850,83.7850,83.7850,0,0,0.3037000,0.9819000,0.0000000,6.5574000,-0.0843000,36.8290000
20240216,395,P,0.1550,0.1550,0.1550,0.1550,0,0,0.2749000,-0.0105000,0.0000000,4.1297000,-0.0154000,-0.4976000
20240216,459,C,21.6050,21.6050,21.6050,21.6050,0,0,0.1412000,0.8393000,0.0000000,35.9874000,-0.1276000,36.2799000
20240216,459,P,1.6650,1.6650,1.6650,1.6650,0,0,0.1373000,-0.1541000,0.0000000,35.0244000,-0.0578000,-7.2003000
20240216,491,C,1.7250,1.7250,1.7250,1.7250,0,0,0.0986000,0.2114000,0.0000000,42.6898000,-0.0745000,9.4942000
20240216,491,P,14.6950,14.6950,14.6950,14.6950,0,0,0.1192000,-0.7444000,0.0000000,47.4337000,-0.0270000,-35.4205000
20240223,480,C,6.5950,6.5950,6.5950,6.5950,0,0,0.1067000,0.4932000,0.0000000,64.4705000,-0.1151000,26.2835000
20240223,480,P,7.4200,7.4200,7.4200,7.4200,0,0,0.1102000,-0.5060000,0.0000000,64.4722000,-0.0484000,-28.6015000
20240223,512,C,0.1650,0.1650,0.1650,0.1650,0,0,0.0993000,0.0264000,0.0000000,9.9056000,-0.0135000,1.4322000
20240223,512,P,35.5200,35.5200,35.5200,35.5200,0,0,0.2039000,-0.8203000,0.0000000,42.3553000,-0.0407000,-49.0657000
20240223,405,C,74.3350,74.3350,74.3350,74.3350,0,0,0.2578000,0.9756000,0.0000000,9.2271000,-0.0851000,44.9407000
20240223,405,P,0.2550,0.2550,0.2550,0.2550,0,0,0.2399000,-0.0173000,0.0000000,6.9304000,-0.0185000,-0.9793000
20240223,469,C,13.9950,13.9950,13.9950,13.9950,0,0,0.1216000,0.7094000,0.0000000,55.3782000,-0.1273000,37.2847000
20240223,469,P,3.6450,3.6450,3.6450,3.6450,0,0,0.1212000,-0.2899000,0.0000000,55.3232000,-0.0592000,-16.3171000
20240223,458,C,23.2700,23.2700,23.2700,23.2700,0,0,0.1406000,0.8365000,0.0000000,39.8781000,-0.1213000,43.1869000
20240223,458,P,1.9200,1.9200,1.9200,1.9200,0,0,0.1384000,-0.1597000,0.0000000,39.2829000,-0.0533000,-8.9787000
20240223,490,C,2.5150,2.5150,2.5150,2.5150,0,0,0.0990000,0.2628000,0.0000000,52.7253000,-0.0800000,14.1249000
20240223,490,P,13.9700,13.9700,13.9700,13.9700,0,0,0.1159000,-0.7044000,0.0000000,55.8187000,-0.0261000,-40.2275000
20240223,457.5,C,23.7200,23.7200,23.7200,23.7200,0,0,0.1416000,0.8405000,0.0000000,39.2406000,-0.1209000,43.3540000
20240223,457.5,P,1.8700,1.8700,1.8700,1.8700,0,0,0.1392000,-0.1555000,0.0000000,38.6064000,-0.0529000,-8.7443000
20240223,415,C,64.4700,64.4700,64.4700,64.4700,0,0,0.2331000,0.9687000,0.0000000,11.3647000,-0.0893000,45.6969000
20240223,415,P,0.3350,0.3350,0.3350,0.3350,0,0,0.2194000,-0.0241000,0.0000000,9.1795000,-0.0222000,-1.3627000
20240223,479,C,7.1550,7.1550,7.1550,7.1550,0,0,0.1079000,0.5161000,0.0000000,64.4268000,-0.1175000,27.4772000
20240223,479,P,6.9550,6.9550,6.9550,6.9550,0,0,0.1108000,-0.4838000,0.0000000,64.4270000,-0.0504000,-27.3283000
20240223,468,C,14.7900,14.7900,14.7900,14.7900,0,0,0.1235000,0.7240000,0.0000000,54.0217000,-0.1274000,37.9954000
20240223,468,P,3.4250,3.4250,3.4250,3.4250,0,0,0.1225000,-0.2745000,0.0000000,53.8886000,-0.0591000,-15.4472000
20240223,500,C,0.7400,0.7400,0.7400,0.7400,0,0,0.0962000,0.1015000,0.0000000,28.6811000,-0.0397000,5.4814000
20240223,500,P,23.5200,23.5200,23.5200,23.5200,0,0,0.1542000,-0.7818000,0.0000000,47.6276000,-0.0298000,-45.5713000
20240223,467.5,C,15.1900,15.1900,15.1900,15.1900,0,0,0.1243000,0.7312000,0.0000000,53.3168000,-0.1273000,38.3443000
20240223,467.5,P,3.3200,3.3200,3.3200,3.3200,0,0,0.1233000,-0.2672000,0.0000000,53.1669000,-0.0590000,-15.0343000
20240223,425,C,54.6500,54.6500,54.6500,54.6500,0,0,0.2094000,0.9582000,0.0000000,14.4308000,-0.0944000,46.2472000
20240223,425,P,0.4450,0.4450,0.4450,0.4450,0,0,0.1982000,-0.0340000,0.0000000,12.2081000,-0.0263000,-1.9172000
20240223,457,C,24.1700,24.1700,24.1700,24.1700,0,0,0.1426000,0.8444000,0.0000000,38.6107000,-0.1205000,43.5148000
20240223,457,P,1.8200,1.8200,1.8200,1.8200,0,0,0.1401000,-0.1515000,0.0000000,37.9373000,-0.0525000,-8.5164000
20240223,489,C,2.8000,2.8000,2.8000,2.8000,0,0,0.0996000,0.2841000,0.0000000,54.7960000,-0.0842000,15.2579000
20240223,489,P,13.1600,13.1600,13.1600,13.1600,0,0,0.1140000,-0.6891000,0.0000000,57.0855000,-0.0278000,-39.3004000
20240223,350,C,128.8100,128.8100,128.8100,128.8100,0,0,0.4042000,0.9909000,0.0000000,3.9588000,-0.0690000,39.5069000
20240223,350,P,0.0850,0.0850,0.0850,0.0850,0,0,0.3603000,-0.0042000,0.0000000,2.0050000,-0.0082000,-0.2399000
20240223,478,C,7.7350,7.7350,7.7350,7.7350,0,0,0.1090000,0.5386000,0.0000000,64.1770000,-0.1194000,28.6426000
20240223,478,P,6.5100,6.5100,6.5100,6.5100,0,0,0.1115000,-0.4618000,0.0000000,64.1852000,-0.0522000,-26.0726000
20240223,510,C,0.2050,0.2050,0.2050,0.2050,0,0,0.0981000,0.0326000,0.0000000,11.8097000,-0.0160000,1.7697000
20240223,510,P,33.5200,33.5200,33.5200,33.5200,0,0,0.1959000,-0.8153000,0.0000000,43.0863000,-0.0391000,-48.5622000
20240223,477.5,C,8.0400,8.0400,8.0400,8.0400,0,0,0.1097000,0.5496000,0.0000000,63.9801000,-0.1205000,29.2094000
20240223,477.5,P,6.2950,6.2950,6.2950,6.2950,0,0,0.1117000,-0.4509000,0.0000000,63.9925000,-0.0529000,-25.4499000
20240223,435,C,44.8750,44.8750,44.8750,44.8750,0,0,0.1851000,0.9427000,0.0000000,18.5575000,-0.0997000,46.5247000
20240223,435,P,0.6450,0.6450,0.6450,0.6450,0,0,0.1789000,-0.0514000,0.0000000,17.0511000,-0.0326000,-2.8939000
20240223,467,C,15.5900,15.5900,15.5900,15.5900,0,0,0.1251000,0.7383000,0.0000000,52.6001000,-0.1272000,38.6857000
20240223,467,P,3.2200,3.2200,3.2200,3.2200,0,0,0.1240000,-0.2600000,0.0000000,52.4325000,-0.0589000,-14.6288000
20240223,360,C,118.8900,118.8900,118.8900,118.8900,0,0,0.3764000,0.9894000,0.0000000,4.5089000,-0.0714000,40.5683000
20240223,360,P,0.1050,0.1050,0.1050,0.1050,0,0,0.3398000,-0.0055000,0.0000000,2.5477000,-0.0099000,-0.3135000
20240223,456,C,25.0700,25.0700,25.0700,25.0700,0,0,0.1444000,0.8520000,0.0000000,37.3334000,-0.1196000,43.8324000
20240223,456,P,1.7200,1.7200,1.7200,1.7200,0,0,0.1416000,-0.1434000,0.0000000,36.5714000,-0.0514000,-8.0624000
20240223,488,C,3.1150,3.1150,3.1150,3.1150,0,0,0.1001000,0.3060000,0.0000000,56.7002000,-0.0883000,16.4214000
20240223,488,P,12.3850,12.3850,12.3850,12.3850,0,0,0.1125000,-0.6726000,0.0000000,58.3418000,-0.0297000,-38.3046000
20240223,520,C,0.0750,0.0750,0.0750,0.0750,0,0,0.1054000,0.0120000,0.0000000,5.0734000,-0.0071000,0.6536000
20240223,520,P,43.5200,43.5200,43.5200,43.5200,0,0,0.2346000,-0.8368000,0.0000000,39.8273000,-0.0469000,-50.8899000
20240223,445,C,35.2800,35.2800,35.2800,35.2800,0,0,0.1651000,0.9126000,0.0000000,25.6714000,-0.1085000,45.9773000
20240223,445,P,0.9900,0.9900,0.9900,0.9900,0,0,0.1607000,-0.0819000,0.0000000,24.4623000,-0.0409000,-4.6053000
20240223,477,C,8.3450,8.3450,8.3450,8.3450,0,0,0.1102000,0.5605000,0.0000000,63.7356000,-0.1212000,29.7735000
20240223,477,P,6.0950,6.0950,6.0950,6.0950,0,0,0.1121000,-0.4402000,0.0000000,63.7548000,-0.0537000,-24.8372000
20240223,370,C,108.9750,108.9750,108.9750,108.9750,0,0,0.3481000,0.9878000,0.0000000,5.1038000,-0.0737000,41.6214000
20240223,370,P,0.1250,0.1250,0.1250,0.1250,0,0,0.3173000,-0.0069000,0.0000000,3.1313000,-0.0113000,-0.3951000
20240223,466,C,16.4050,16.4050,16.4050,16.4050,0,0,0.1267000,0.7518000,0.0000000,51.1548000,-0.1269000,39.3362000
20240223,466,P,3.0350,3.0350,3.0350,3.0350,0,0,0.1255000,-0.2462000,0.0000000,50.9439000,-0.0586000,-13.8473000
20240223,498,C,0.9600,0.9600,0.9600,0.9600,0,0,0.0964000,0.1256000,0.0000000,33.3946000,-0.0469000,6.7791000
20240223,498,P,21.5200,21.5200,21.5200,21.5200,0,0,0.1454000,-0.7725000,0.0000000,48.7660000,-0.0277000,-44.8350000
20240223,530,C,0.0350,0.0350,0.0350,0.0350,0,0,0.1142000,0.0050000,0.0000000,2.3720000,-0.0035000,0.2753000
20240223,530,P,53.5150,53.5150,53.5150,53.5150,0,0,0.2709000,-0.8522000,0.0000000,37.3090000,-0.0534000,-52.8822000
20240223,455,C,25.9750,25.9750,25.9750,25.9750,0,0,0.1461000,0.8595000,0.0000000,36.0536000,-0.1185000,44.1376000
20240223,455,P,1.6300,1.6300,1.6300,1.6300,0,0,0.1433000,-0.1360000,0.0000000,35.2797000,-0.0505000,-7.6469000
20240223,487,C,3.4550,3.4550,3.4550,3.4550,0,0,0.1007000,0.3286000,0.0000000,58.4365000,-0.0923000,17.6217000
20240223,487,P,11.6400,11.6400,11.6400,11.6400,0,0,0.1113000,-0.6546000,0.0000000,59.5718000,-0.0319000,-37.2319000
20240223,380,C,99.0650,99.0650,99.0650,99.0650,0,0,0.3215000,0.9855000,0.0000000,5.9283000,-0.0765000,42.6356000
20240223,380,P,0.1550,0.1550,0.1550,0.1550,0,0,0.2958000,-0.0090000,0.0000000,3.9346000,-0.0132000,-0.5114000
20240223,476,C,8.9800,8.9800,8.9800,8.9800,0,0,0.1116000,0.5817000,0.0000000,63.1209000,-0.1228000,30.8625000
20240223,476,P,5.7050,5.7050,5.7050,5.7050,0,0,0.1130000,-0.4190000,0.0000000,63.1480000,-0.0550000,-23.6313000
20240223,508,C,0.2550,0.2550,0.2550,0.2550,0,0,0.0966000,0.0399000,0.0000000,13.9174000,-0.0187000,2.1623000
20240223,508,P,31.5200,31.5200,31.5200,31.5200,0,0,0.1878000,-0.8099000,0.0000000,43.8719000,-0.0374000,-48.0319000
20240223,540,C,0.0250,0.0250,0.0250,0.0250,0,0,0.1279000,0.0032000,0.0000000,1.5879000,-0.0026000,0.1756000
20240223,540,P,63.5100,63.5100,63.5100,63.5100,0,0,0.3057000,-0.8634000,0.0000000,35.3700000,-0.0596000,-54.6473000
20240223,465,C,17.2300,17.2300,17.2300,17.2300,0,0,0.1285000,0.7644000,0.0000000,49.7291000,-0.1265000,39.9310000
20240223,465,P,2.8600,2.8600,2.8600,2.8600,0,0,0.1271000,-0.2332000,0.0000000,49.4663000,-0.0583000,-13.1189000
20240223,390,C,89.1650,89.1650,89.1650,89.1650,0,0,0.2958000,0.9824000,0.0000000,7.0171000,-0.0798000,43.6025000
20240223,390,P,0.1850,0.1850,0.1850,0.1850,0,0,0.2731000,-0.0115000,0.0000000,4.8677000,-0.0150000,-0.6516000
20240223,454,C,26.8850,26.8850,26.8850,26.8850,0,0,0.1478000,0.8664000,0.0000000,34.8304000,-0.1174000,44.4122000
20240223,454,P,1.5500,1.5500,1.5500,1.5500,0,0,0.1451000,-0.1292000,0.0000000,34.0566000,-0.0496000,-7.2653000
20240223,486,C,3.8150,3.8150,3.8150,3.8150,0,0,0.1013000,0.3515000,0.0000000,59.9628000,-0.0961000,18.8362000
20240223,486,P,10.9350,10.9350,10.9350,10.9350,0,0,0.1104000,-0.6355000,0.0000000,60.7192000,-0.0342000,-36.1046000
20240223,475,C,9.6400,9.6400,9.6400,9.6400,0,0,0.1129000,0.6022000,0.0000000,62.3493000,-0.1242000,31.9111000
20240223,475,P,5.3450,5.3450,5.3450,5.3450,0,0,0.1139000,-0.3984000,0.0000000,62.3807000,-0.0562000,-22.4619000
20240223,400,C,79.2750,79.2750,79.2750,79.2750,0,0,0.2705000,0.9782000,0.0000000,8.4004000,-0.0833000,44.5128000
20240223,400,P,0.2350,0.2350,0.2350,0.2350,0,0,0.2521000,-0.0154000,0.0000000,6.2683000,-0.0177000,-0.8719000
20240223,464,C,18.0500,18.0500,18.0500,18.0500,0,0,0.1298000,0.7771000,0.0000000,48.2087000,-0.1257000,40.5323000
20240223,464,P,2.6950,2.6950,2.6950,2.6950,0,0,0.1285000,-0.2206000,0.0000000,47.9384000,-0.0576000,-12.4073000
20240223,496,C,1.2400,1.2400,1.2400,1.2400,0,0,0.0969000,0.1539000,0.0000000,38.3450000,-0.0547000,8.2993000
20240223,496,P,19.5250,19.5250,19.5250,19.5250,0,0,0.1363000,-0.7621000,0.0000000,50.0034000,-0.0255000,-44.0300000
20240223,453,C,27.8050,27.8050,27.8050,27.8050,0,0,0.1498000,0.8727000,0.0000000,33.6910000,-0.1165000,44.6500000
20240223,453,P,1.4700,1.4700,1.4700,1.4700,0,0,0.1467000,-0.1226000,0.0000000,32.8245000,-0.0486000,-6.8912000
20240223,485,C,4.2150,4.2150,4.2150,4.2150,0,0,0.1022000,0.3751000,0.0000000,61.2960000,-0.0999000,20.0839000
20240223,485,P,10.2650,10.2650,10.2650,10.2650,0,0,0.1099000,-0.6153000,0.0000000,61.7641000,-0.0366000,-34.9197000
20240223,410,C,69.4000,69.4000,69.4000,69.4000,0,0,0.2458000,0.9723000,0.0000000,10.2751000,-0.0873000,45.3250000
20240223,410,P,0.2950,0.2950,0.2950,0.2950,0,0,0.2302000,-0.0206000,0.0000000,8.0299000,-0.0205000,-1.1637000
20240223,474,C,10.3150,10.3150,10.3150,10.3150,0,0,0.1141000,0.6222000,0.0000000,61.4305000,-0.1251000,32.9269000
20240223,474,P,5.0050,5.0050,5.0050,5.0050,0,0,0.1149000,-0.3784000,0.0000000,61.4650000,-0.0571000,-21.3263000
20240223,506,C,0.3350,0.3350,0.3350,0.3350,0,0,0.0964000,0.0510000,0.0000000,16.9397000,-0.0229000,2.7593000
20240223,506,P,29.5200,29.5200,29.5200,29.5200,0,0,0.1796000,-0.8039000,0.0000000,44.7078000,-0.0356000,-47.4745000
20240223,463,C,18.9100,18.9100,18.9100,18.9100,0,0,0.1318000,0.7881000,0.0000000,46.8258000,-0.1254000,41.0337000
20240223,463,P,2.5400,2.5400,2.5400,2.5400,0,0,0.1301000,-0.2090000,0.0000000,46.4535000,-0.0571000,-11.7523000
20240223,495,C,1.4050,1.4050,1.4050,1.4050,0,0,0.0971000,0.1694000,0.0000000,40.8175000,-0.0587000,9.1301000
20240223,495,P,18.5350,18.5350,18.5350,18.5350,0,0,0.1319000,-0.7559000,0.0000000,50.7051000,-0.0245000,-43.5777000
20240223,462.5,C,19.3400,19.3400,19.3400,19.3400,0,0,0.1328000,0.7934000,0.0000000,46.1263000,-0.1251000,41.2775000
20240223,462.5,P,2.4700,2.4700,2.4700,2.4700,0,0,0.1310000,-0.2035000,0.0000000,45.7240000,-0.0568000,-11.4423000
20240223,420,C,59.5550,59.5550,59.5550,59.5550,0,0,0.2209000,0.9642000,0.0000000,12.7113000,-0.0916000,46.0137000
20240223,420,P,0.3850,0.3850,0.3850,0.3850,0,0,0.2087000,-0.0285000,0.0000000,10.5396000,-0.0241000,-1.6063000
20240223,452,C,28.7250,28.7250,28.7250,28.7250,0,0,0.1516000,0.8788000,0.0000000,32.5512000,-0.1155000,44.8791000
20240223,452,P,1.3950,1.3950,1.3950,1.3950,0,0,0.1483000,-0.1161000,0.0000000,31.5918000,-0.0475000,-6.5272000
20240223,484,C,4.6350,4.6350,4.6350,4.6350,0,0,0.1029000,0.3988000,0.0000000,62.3941000,-0.1034000,21.3322000
20240223,484,P,9.6300,9.6300,9.6300,9.6300,0,0,0.1096000,-0.5942000,0.0000000,62.6700000,-0.0392000,-33.6915000
20240223,473,C,11.0150,11.0150,11.0150,11.0150,0,0,0.1156000,0.6412000,0.0000000,60.3961000,-0.1259000,33.8893000
20240223,473,P,4.6950,4.6950,4.6950,4.6950,0,0,0.1161000,-0.3593000,0.0000000,60.4275000,-0.0579000,-20.2396000
20240223,505,C,0.3800,0.3800,0.3800,0.3800,0,0,0.0964000,0.0576000,0.0000000,18.6661000,-0.0253000,3.1185000
20240223,505,P,28.5200,28.5200,28.5200,28.5200,0,0,0.1755000,-0.8007000,0.0000000,45.1494000,-0.0346000,-47.1832000
20240223,472.5,C,11.3750,11.3750,11.3750,11.3750,0,0,0.1163000,0.6504000,0.0000000,59.8412000,-0.1263000,34.3511000
20240223,472.5,P,4.5450,4.5450,4.5450,4.5450,0,0,0.1166000,-0.3499000,0.0000000,59.8622000,-0.0582000,-19.7080000
20240223,430,C,49.7650,49.7650,49.7650,49.7650,0,0,0.1978000,0.9508000,0.0000000,16.4356000,-0.0973000,46.4075000
20240223,430,P,0.5350,0.5350,0.5350,0.5350,0,0,0.1887000,-0.0417000,0.0000000,14.4273000,-0.0294000,-2.3513000
20240223,462,C,19.7650,19.7650,19.7650,19.7650,0,0,0.1335000,0.7991000,0.0000000,45.3685000,-0.1246000,41.5394000
20240223,462,P,2.4000,2.4000,2.4000,2.4000,0,0,0.1318000,-0.1980000,0.0000000,44.9835000,-0.0565000,-11.1347000
20240223,494,C,1.5850,1.5850,1.5850,1.5850,0,0,0.0974000,0.1862000,0.0000000,43.3164000,-0.0629000,10.0269000
20240223,494,P,17.5600,17.5600,17.5600,17.5600,0,0,0.1278000,-0.7486000,0.0000000,51.5076000,-0.0239000,-43.0667000
20240223,355,C,123.8500,123.8500,123.8500,123.8500,0,0,0.3901000,0.9902000,0.0000000,4.2114000,-0.0701000,40.0412000
20240223,355,P,0.0950,0.0950,0.0950,0.0950,0,0,0.3505000,-0.0048000,0.0000000,2.2800000,-0.0091000,-0.2769000
20240223,483,C,5.0850,5.0850,5.0850,5.0850,0,0,0.1038000,0.4225000,0.0000000,63.2613000,-0.1067000,22.5834000
20240223,483,P,9.0250,9.0250,9.0250,9.0250,0,0,0.1094000,-0.5728000,0.0000000,63.4030000,-0.0415000,-32.4429000
20240223,515,C,0.1150,0.1150,0.1150,0.1150,0,0,0.1008000,0.0188000,0.0000000,7.4466000,-0.0102000,1.0215000
20240223,515,P,38.5200,38.5200,38.5200,38.5200,0,0,0.2156000,-0.8271000,0.0000000,41.3367000,-0.0431000,-49.7825000
20240223,525,C,0.0450,0.0450,0.0450,0.0450,0,0,0.1083000,0.0070000,0.0000000,3.1808000,-0.0045000,0.3834000
20240223,525,P,48.5150,48.5150,48.5150,48.5150,0,0,0.2529000,-0.8452000,0.0000000,38.4688000,-0.0501000,-51.9255000
20240223,482.5,C,5.3150,5.3150,5.3150,5.3150,0,0,0.1042000,0.4344000,0.0000000,63.6062000,-0.1082000,23.2060000
20240223,482.5,P,8.7350,8.7350,8.7350,8.7350,0,0,0.1094000,-0.5618000,0.0000000,63.7032000,-0.0427000,-31.8091000
20240223,440,C,40.0550,40.0550,40.0550,40.0550,0,0,0.1749000,0.9297000,0.0000000,21.7550000,-0.1039000,46.3679000
20240223,440,P,0.7900,0.7900,0.7900,0.7900,0,0,0.1697000,-0.0645000,0.0000000,20.3921000,-0.0366000,-3.6320000
20240223,472,C,11.7400,11.7400,11.7400,11.7400,0,0,0.1172000,0.6592000,0.0000000,59.2695000,-0.1267000,34.7954000
20240223,472,P,4.3950,4.3950,4.3950,4.3950,0,0,0.1171000,-0.3406000,0.0000000,59.2648000,-0.0584000,-19.1817000
20240223,504,C,0.4350,0.4350,0.4350,0.4350,0,0,0.0960000,0.0642000,0.0000000,20.3145000,-0.0276000,3.4743000
20240223,504,P,27.5200,27.5200,27.5200,27.5200,0,0,0.1713000,-0.7973000,0.0000000,45.6144000,-0.0337000,-46.8801000
20240223,365,C,113.9300,113.9300,113.9300,113.9300,0,0,0.3623000,0.9886000,0.0000000,4.7967000,-0.0726000,41.0966000
20240223,365,P,0.1150,0.1150,0.1150,0.1150,0,0,0.3286000,-0.0061000,0.0000000,2.8233000,-0.0106000,-0.3517000
20240223,461,C,20.6350,20.6350,20.6350,20.6350,0,0,0.1353000,0.8091000,0.0000000,43.9801000,-0.1239000,41.9892000
20240223,461,P,2.2700,2.2700,2.2700,2.2700,0,0,0.1335000,-0.1877000,0.0000000,43.5346000,-0.0558000,-10.5532000
20240223,535,C,0.0250,0.0250,0.0250,0.0250,0,0,0.1191000,0.0035000,0.0000000,1.7051000,-0.0026000,0.1903000
20240223,535,P,58.5150,58.5150,58.5150,58.5150,0,0,0.2885000,-0.8581000,0.0000000,36.2886000,-0.0566000,-53.7845000
20240223,450,C,30.5800,30.5800,30.5800,30.5800,0,0,0.1555000,0.8898000,0.0000000,30.4239000,-0.1135000,45.2681000
20240223,450,P,1.2600,1.2600,1.2600,1.2600,0,0,0.1519000,-0.1050000,0.0000000,29.3927000,-0.0456000,-5.9026000
20240223,482,C,5.5550,5.5550,5.5550,5.5550,0,0,0.1046000,0.4462000,0.0000000,63.8936000,-0.1097000,23.8276000
20240223,482,P,8.4600,8.4600,8.4600,8.4600,0,0,0.1096000,-0.5506000,0.0000000,63.9585000,-0.0440000,-31.1661000
20240223,514,C,0.1250,0.1250,0.1250,0.1250,0,0,0.0996000,0.0203000,0.0000000,7.9486000,-0.0108000,1.1031000
20240223,514,P,37.5200,37.5200,37.5200,37.5200,0,0,0.2117000,-0.8250000,0.0000000,41.6611000,-0.0423000,-49.5501000
20240223,375,C,104.0200,104.0200,104.0200,104.0200,0,0,0.3359000,0.9865000,0.0000000,5.5826000,-0.0755000,42.1181000
20240223,375,P,0.1350,0.1350,0.1350,0.1350,0,0,0.3056000,-0.0077000,0.0000000,3.4457000,-0.0119000,-0.4400000
20240223,471,C,12.4750,12.4750,12.4750,12.4750,0,0,0.1186000,0.6768000,0.0000000,58.0379000,-0.1270000,35.6725000
20240223,471,P,4.1250,4.1250,4.1250,4.1250,0,0,0.1184000,-0.3229000,0.0000000,58.0178000,-0.0588000,-18.1782000
20240223,545,C,0.0150,0.0150,0.0150,0.0150,0,0,0.1289000,0.0017000,0.0000000,0.9302000,-0.0015000,0.0973000
20240223,545,P,68.5100,68.5100,68.5100,68.5100,0,0,0.3226000,-0.8680000,0.0000000,34.5411000,-0.0625000,-55.4767000
20240223,460,C,21.5050,21.5050,21.5050,21.5050,0,0,0.1370000,0.8188000,0.0000000,42.5747000,-0.1231000,42.4230000
20240223,460,P,2.1450,2.1450,2.1450,2.1450,0,0,0.1350000,-0.1776000,0.0000000,42.0584000,-0.0549000,-9.9851000
20240223,492,C,2.0050,2.0050,2.0050,2.0050,0,0,0.0981000,0.2225000,0.0000000,48.1781000,-0.0714000,11.9737000
20240223,492,P,15.7000,15.7000,15.7000,15.7000,0,0,0.1209000,-0.7297000,0.0000000,53.4614000,-0.0241000,-41.8187000
20240223,385,C,94.1150,94.1150,94.1150,94.1150,0,0,0.3088000,0.9840000,0.0000000,6.4557000,-0.0782000,43.1225000
20240223,385,P,0.1650,0.1650,0.1650,0.1650,0,0,0.2836000,-0.0099000,0.0000000,4.3045000,-0.0138000,-0.5662000
20240223,481,C,6.0650,6.0650,6.0650,6.0650,0,0,0.1057000,0.4698000,0.0000000,64.2961000,-0.1126000,25.0657000
20240223,481,P,7.9200,7.9200,7.9200,7.9200,0,0,0.1098000,-0.5284000,0.0000000,64.3157000,-0.0462000,-29.8846000
20240223,470,C,13.2350,13.2350,13.2350,13.2350,0,0,0.1202000,0.6933000,0.0000000,56.7522000,-0.1273000,36.4900000
20240223,470,P,3.8750,3.8750,3.8750,3.8750,0,0,0.1197000,-0.3060000,0.0000000,56.6978000,-0.0590000,-17.2230000
20240223,502,C,0.5650,0.5650,0.5650,0.5650,0,0,0.0958000,0.0806000,0.0000000,24.1797000,-0.0331000,4.3582000
20240223,502,P,25.5200,25.5200,25.5200,25.5200,0,0,0.1629000,-0.7899000,0.0000000,46.5838000,-0.0318000,-46.2485000
20240223,395,C,84.2200,84.2200,84.2200,84.2200,0,0,0.2839000,0.9802000,0.0000000,7.7493000,-0.0818000,44.0516000
20240223,395,P,0.2050,0.2050,0.2050,0.2050,0,0,0.2622000,-0.0131000,0.0000000,5.4684000,-0.0161000,-0.7446000
20240223,459,C,22.3850,22.3850,22.3850,22.3850,0,0,0.1388000,0.8280000,0.0000000,41.2059000,-0.1222000,42.8217000
20240223,459,P,2.0300,2.0300,2.0300,2.0300,0,0,0.1367000,-0.1685000,0.0000000,40.6734000,-0.0542000,-9.4736000
20240229,320,C,158.8950,158.8950,158.8950,158.8950,0,0,0.4702000,0.9930000,0.0000000,3.3382000,-0.0620000,41.3295000
20240229,320,P,0.0650,0.0650,0.0650,0.0650,0,0,0.4121000,-0.0026000,0.0000000,1.4255000,-0.0059000,-0.1754000
20240229,416,C,63.9750,63.9750,63.9750,63.9750,0,0,0.2263000,0.9624000,0.0000000,14.1440000,-0.0907000,51.8933000
20240229,416,P,0.4450,0.4450,0.4450,0.4450,0,0,0.2136000,-0.0299000,0.0000000,11.7561000,-0.0240000,-1.9376000
20240229,448,C,33.1300,33.1300,33.1300,33.1300,0,0,0.1596000,0.8875000,0.0000000,33.0056000,-0.1115000,51.2564000
20240229,448,P,1.4050,1.4050,1.4050,1.4050,0,0,0.1552000,-0.1063000,0.0000000,31.7032000,-0.0437000,-6.8459000
20240229,480,C,7.3650,7.3650,7.3650,7.3650,0,0,0.1081000,0.5037000,0.0000000,68.9287000,-0.1114000,30.5978000
20240229,480,P,7.8150,7.8150,7.8150,7.8150,0,0,0.1119000,-0.4958000,0.0000000,68.9280000,-0.0448000,-32.0947000
20240229,512,C,0.2250,0.2250,0.2250,0.2250,0,0,0.0970000,0.0338000,0.0000000,12.9757000,-0.0154000,2.0892000
20240229,512,P,35.5150,35.5150,35.5150,35.5150,0,0,0.1984000,-0.8068000,0.0000000,47.3699000,-0.0368000,-55.2233000
20240229,437,C,43.5450,43.5450,43.5450,43.5450,0,0,0.1806000,0.9277000,0.0000000,23.7714000,-0.1027000,52.4057000
20240229,437,P,0.8850,0.8850,0.8850,0.8850,0,0,0.1740000,-0.0652000,0.0000000,21.9773000,-0.0351000,-4.2049000
20240229,405,C,74.7950,74.7950,74.7950,74.7950,0,0,0.2524000,0.9711000,0.0000000,11.3951000,-0.0863000,51.0133000
20240229,405,P,0.3350,0.3350,0.3350,0.3350,0,0,0.2353000,-0.0212000,0.0000000,8.8052000,-0.0200000,-1.3745000
20240229,469,C,14.8350,14.8350,14.8350,14.8350,0,0,0.1231000,0.7027000,0.0000000,59.8214000,-0.1233000,42.0862000
20240229,469,P,4.0600,4.0600,4.0600,4.0600,0,0,0.1225000,-0.2963000,0.0000000,59.7439000,-0.0551000,-19.1037000
20240229,501,C,0.8800,0.8800,0.8800,0.8800,0,0,0.0961000,0.1109000,0.0000000,32.6898000,-0.0403000,6.8360000
20240229,501,P,24.5200,24.5200,24.5200,24.5200,0,0,0.1550000,-0.7704000,0.0000000,52.4031000,-0.0276000,-51.5029000
20240229,330,C,148.9800,148.9800,148.9800,148.9800,0,0,0.4433000,0.9919000,0.0000000,3.7921000,-0.0646000,42.5651000
20240229,330,P,0.0750,0.0750,0.0750,0.0750,0,0,0.3896000,-0.0032000,0.0000000,1.7076000,-0.0066000,-0.2139000
20240229,426,C,54.2050,54.2050,54.2050,54.2050,0,0,0.2044000,0.9496000,0.0000000,17.9254000,-0.0961000,52.3752000
20240229,426,P,0.5950,0.5950,0.5950,0.5950,0,0,0.1939000,-0.0421000,0.0000000,15.5372000,-0.0283000,-2.7190000
20240229,458,C,24.0300,24.0300,24.0300,24.0300,0,0,0.1415000,0.8242000,0.0000000,44.6572000,-0.1194000,48.4880000
20240229,458,P,2.2600,2.2600,2.2600,2.2600,0,0,0.1390000,-0.1716000,0.0000000,43.9888000,-0.0514000,-11.0502000
20240229,490,C,3.0450,3.0450,3.0450,3.0450,0,0,0.0999000,0.2871000,0.0000000,58.8695000,-0.0807000,17.5917000
20240229,490,P,14.1200,14.1200,14.1200,14.1200,0,0,0.1158000,-0.6840000,0.0000000,61.4559000,-0.0247000,-44.7212000
20240229,522,C,0.0850,0.0850,0.0850,0.0850,0,0,0.1035000,0.0129000,0.0000000,5.7820000,-0.0071000,0.8037000
20240229,522,P,45.5150,45.5150,45.5150,45.5150,0,0,0.2352000,-0.8277000,0.0000000,44.0974000,-0.0440000,-57.8494000
20240229,415,C,64.9550,64.9550,64.9550,64.9550,0,0,0.2285000,0.9634000,0.0000000,13.8262000,-0.0902000,51.8290000
20240229,415,P,0.4350,0.4350,0.4350,0.4350,0,0,0.2156000,-0.0290000,0.0000000,11.4620000,-0.0236000,-1.8797000
20240229,447,C,34.0600,34.0600,34.0600,34.0600,0,0,0.1614000,0.8923000,0.0000000,31.9893000,-0.1106000,51.4346000
20240229,447,P,1.3450,1.3450,1.3450,1.3450,0,0,0.1569000,-0.1015000,0.0000000,30.6702000,-0.0429000,-6.5405000
20240229,479,C,7.9450,7.9450,7.9450,7.9450,0,0,0.1093000,0.5248000,0.0000000,68.7978000,-0.1136000,31.8432000
20240229,479,P,7.3450,7.3450,7.3450,7.3450,0,0,0.1123000,-0.4753000,0.0000000,68.8003000,-0.0464000,-30.7510000
20240229,340,C,139.0700,139.0700,139.0700,139.0700,0,0,0.4165000,0.9907000,0.0000000,4.2964000,-0.0670000,43.7916000
20240229,340,P,0.0950,0.0950,0.0950,0.0950,0,0,0.3710000,-0.0043000,0.0000000,2.1881000,-0.0081000,-0.2818000
20240229,436,C,44.5050,44.5050,44.5050,44.5050,0,0,0.1826000,0.9304000,0.0000000,23.0935000,-0.1019000,52.4469000
20240229,436,P,0.8550,0.8550,0.8550,0.8550,0,0,0.1760000,-0.0627000,0.0000000,21.3243000,-0.0346000,-4.0455000
20240229,500,C,0.9950,0.9950,0.9950,0.9950,0,0,0.0962000,0.1223000,0.0000000,35.0324000,-0.0434000,7.5340000
20240229,500,P,23.5200,23.5200,23.5200,23.5200,0,0,0.1508000,-0.7660000,0.0000000,52.9617000,-0.0267000,-51.0952000
20240229,468,C,15.6150,15.6150,15.6150,15.6150,0,0,0.1246000,0.7169000,0.0000000,58.4725000,-0.1233000,42.8682000
20240229,468,P,3.8400,3.8400,3.8400,3.8400,0,0,0.1239000,-0.2820000,0.0000000,58.3675000,-0.0552000,-18.1768000
20240229,425,C,55.1800,55.1800,55.1800,55.1800,0,0,0.2069000,0.9509000,0.0000000,17.5638000,-0.0957000,52.3259000
20240229,425,P,0.5750,0.5750,0.5750,0.5750,0,0,0.1958000,-0.0405000,0.0000000,15.0695000,-0.0278000,-2.6186000
20240229,457,C,24.9150,24.9150,24.9150,24.9150,0,0,0.1431000,0.8324000,0.0000000,43.3168000,-0.1186000,48.8851000
20240229,457,P,2.1500,2.1500,2.1500,2.1500,0,0,0.1406000,-0.1634000,0.0000000,42.6219000,-0.0507000,-10.5215000
20240229,489,C,3.3600,3.3600,3.3600,3.3600,0,0,0.1005000,0.3077000,0.0000000,60.7676000,-0.0844000,18.8440000
20240229,489,P,13.3450,13.3450,13.3450,13.3450,0,0,0.1143000,-0.6688000,0.0000000,62.6585000,-0.0263000,-43.6661000
20240229,350,C,129.1600,129.1600,129.1600,129.1600,0,0,0.3894000,0.9894000,0.0000000,4.8441000,-0.0694000,45.0096000
20240229,350,P,0.1050,0.1050,0.1050,0.1050,0,0,0.3466000,-0.0050000,0.0000000,2.5228000,-0.0087000,-0.3298000
20240229,414,C,65.9450,65.9450,65.9450,65.9450,0,0,0.2314000,0.9640000,0.0000000,13.6508000,-0.0901000,51.7342000
20240229,414,P,0.4250,0.4250,0.4250,0.4250,0,0,0.2177000,-0.0282000,0.0000000,11.1770000,-0.0233000,-1.8239000
20240229,446,C,35.0000,35.0000,35.0000,35.0000,0,0,0.1633000,0.8966000,0.0000000,31.0552000,-0.1099000,51.5820000
20240229,446,P,1.2850,1.2850,1.2850,1.2850,0,0,0.1585000,-0.0968000,0.0000000,29.6317000,-0.0420000,-6.2396000
20240229,510,C,0.2850,0.2850,0.2850,0.2850,0,0,0.0963000,0.0418000,0.0000000,15.4436000,-0.0183000,2.5850000
20240229,510,P,33.5150,33.5150,33.5150,33.5150,0,0,0.1908000,-0.8015000,0.0000000,48.1514000,-0.0352000,-54.6295000
20240229,478,C,8.5400,8.5400,8.5400,8.5400,0,0,0.1105000,0.5454000,0.0000000,68.4835000,-0.1154000,33.0556000
20240229,478,P,6.9100,6.9100,6.9100,6.9100,0,0,0.1130000,-0.4551000,0.0000000,68.4957000,-0.0480000,-29.4279000
20240229,435,C,45.4650,45.4650,45.4650,45.4650,0,0,0.1845000,0.9329000,0.0000000,22.4375000,-0.1011000,52.4804000
20240229,435,P,0.8200,0.8200,0.8200,0.8200,0,0,0.1779000,-0.0603000,0.0000000,20.6774000,-0.0340000,-3.8894000
20240229,467,C,16.4100,16.4100,16.4100,16.4100,0,0,0.1263000,0.7301000,0.0000000,57.1121000,-0.1234000,43.5943000
20240229,467,P,3.6300,3.6300,3.6300,3.6300,0,0,0.1253000,-0.2682000,0.0000000,56.9471000,-0.0552000,-17.2870000
20240229,499,C,1.1200,1.1200,1.1200,1.1200,0,0,0.0964000,0.1349000,0.0000000,37.5078000,-0.0468000,8.3093000
20240229,499,P,22.5200,22.5200,22.5200,22.5200,0,0,0.1466000,-0.7614000,0.0000000,53.5389000,-0.0257000,-50.6723000
20240229,360,C,119.2550,119.2550,119.2550,119.2550,0,0,0.3623000,0.9878000,0.0000000,5.4563000,-0.0717000,46.2153000
20240229,360,P,0.1350,0.1350,0.1350,0.1350,0,0,0.3291000,-0.0068000,0.0000000,3.2885000,-0.0107000,-0.4442000
20240229,424,C,56.1500,56.1500,56.1500,56.1500,0,0,0.2088000,0.9525000,0.0000000,17.0800000,-0.0950000,52.3039000
20240229,424,P,0.5650,0.5650,0.5650,0.5650,0,0,0.1982000,-0.0395000,0.0000000,14.7519000,-0.0276000,-2.5515000
20240229,456,C,25.8100,25.8100,25.8100,25.8100,0,0,0.1451000,0.8397000,0.0000000,42.0820000,-0.1180000,49.2244000
20240229,456,P,2.0500,2.0500,2.0500,2.0500,0,0,0.1423000,-0.1558000,0.0000000,41.3141000,-0.0501000,-10.0323000
20240229,520,C,0.1050,0.1050,0.1050,0.1050,0,0,0.1025000,0.0159000,0.0000000,6.9120000,-0.0084000,0.9886000
20240229,520,P,43.5150,43.5150,43.5150,43.5150,0,0,0.2280000,-0.8241000,0.0000000,44.6825000,-0.0427000,-57.3602000
20240229,488,C,3.7050,3.7050,3.7050,3.7050,0,0,0.1011000,0.3288000,0.0000000,62.4832000,-0.0880000,20.1161000
20240229,488,P,12.5950,12.5950,12.5950,12.5950,0,0,0.1130000,-0.6525000,0.0000000,63.8284000,-0.0281000,-42.5439000
20240229,413,C,66.9250,66.9250,66.9250,66.9250,0,0,0.2336000,0.9650000,0.0000000,13.3482000,-0.0896000,51.6660000
20240229,413,P,0.4050,0.4050,0.4050,0.4050,0,0,0.2189000,-0.0269000,0.0000000,10.7511000,-0.0225000,-1.7408000
20240229,445,C,35.9400,35.9400,35.9400,35.9400,0,0,0.1653000,0.9007000,0.0000000,30.1495000,-0.1091000,51.7159000
20240229,445,P,1.2300,1.2300,1.2300,1.2300,0,0,0.1604000,-0.0928000,0.0000000,28.7161000,-0.0413000,-5.9800000
20240229,477,C,9.1600,9.1600,9.1600,9.1600,0,0,0.1118000,0.5655000,0.0000000,67.9990000,-0.1170000,34.2326000
20240229,477,P,6.5050,6.5050,6.5050,6.5050,0,0,0.1137000,-0.4352000,0.0000000,68.0221000,-0.0494000,-28.1275000
20240229,370,C,109.3600,109.3600,109.3600,109.3600,0,0,0.3383000,0.9853000,0.0000000,6.4145000,-0.0750000,47.3590000
20240229,370,P,0.1650,0.1650,0.1650,0.1650,0,0,0.3085000,-0.0086000,0.0000000,4.0757000,-0.0124000,-0.5660000
20240229,434,C,46.4250,46.4250,46.4250,46.4250,0,0,0.1864000,0.9355000,0.0000000,21.7710000,-0.1003000,52.5145000
20240229,434,P,0.7900,0.7900,0.7900,0.7900,0,0,0.1796000,-0.0579000,0.0000000,20.0203000,-0.0333000,-3.7328000
20240229,466,C,17.2200,17.2200,17.2200,17.2200,0,0,0.1280000,0.7428000,0.0000000,55.7297000,-0.1233000,44.2801000
20240229,466,P,3.4350,3.4350,3.4350,3.4350,0,0,0.1266000,-0.2550000,0.0000000,55.4849000,-0.0550000,-16.4299000
20240229,498,C,1.2600,1.2600,1.2600,1.2600,0,0,0.0966000,0.1482000,0.0000000,39.9764000,-0.0503000,9.1250000
20240229,498,P,21.5200,21.5200,21.5200,21.5200,0,0,0.1423000,-0.7564000,0.0000000,54.1425000,-0.0247000,-50.2295000
20240229,530,C,0.0450,0.0450,0.0450,0.0450,0,0,0.1098000,0.0066000,0.0000000,3.2050000,-0.0041000,0.4094000
20240229,530,P,53.5150,53.5150,53.5150,53.5150,0,0,0.2631000,-0.8400000,0.0000000,42.0308000,-0.0492000,-59.6742000
20240229,423,C,57.1300,57.1300,57.1300,57.1300,0,0,0.2113000,0.9537000,0.0000000,16.7287000,-0.0946000,52.2511000
20240229,423,P,0.5450,0.5450,0.5450,0.5450,0,0,0.1999000,-0.0380000,0.0000000,14.2862000,-0.0270000,-2.4532000
20240229,455,C,26.7100,26.7100,26.7100,26.7100,0,0,0.1469000,0.8468000,0.0000000,40.8497000,-0.1173000,49.5493000
20240229,455,P,1.9500,1.9500,1.9500,1.9500,0,0,0.1438000,-0.1483000,0.0000000,39.9815000,-0.0493000,-9.5488000
20240229,487,C,4.0700,4.0700,4.0700,4.0700,0,0,0.1018000,0.3504000,0.0000000,64.0267000,-0.0916000,21.4207000
20240229,487,P,11.8800,11.8800,11.8800,11.8800,0,0,0.1122000,-0.6349000,0.0000000,64.9464000,-0.0301000,-41.3507000
20240229,380,C,99.4700,99.4700,99.4700,99.4700,0,0,0.3134000,0.9825000,0.0000000,7.4669000,-0.0780000,48.4816000
20240229,380,P,0.1950,0.1950,0.1950,0.1950,0,0,0.2866000,-0.0108000,0.0000000,4.9427000,-0.0139000,-0.7045000
20240229,412,C,67.9050,67.9050,67.9050,67.9050,0,0,0.2357000,0.9660000,0.0000000,13.0326000,-0.0890000,51.6002000
20240229,412,P,0.3950,0.3950,0.3950,0.3950,0,0,0.2209000,-0.0260000,0.0000000,10.4654000,-0.0222000,-1.6858000
20240229,444,C,36.8800,36.8800,36.8800,36.8800,0,0,0.1671000,0.9048000,0.0000000,29.2369000,-0.1082000,51.8473000
20240229,444,P,1.1750,1.1750,1.1750,1.1750,0,0,0.1618000,-0.0883000,0.0000000,27.6847000,-0.0403000,-5.6923000
20240229,476,C,9.8000,9.8000,9.8000,9.8000,0,0,0.1130000,0.5850000,0.0000000,67.3586000,-0.1184000,35.3710000
20240229,476,P,6.1250,6.1250,6.1250,6.1250,0,0,0.1145000,-0.4158000,0.0000000,67.3919000,-0.0507000,-26.8605000
20240229,508,C,0.3650,0.3650,0.3650,0.3650,0,0,0.0959000,0.0522000,0.0000000,18.4532000,-0.0220000,3.2260000
20240229,508,P,31.5200,31.5200,31.5200,31.5200,0,0,0.1832000,-0.7955000,0.0000000,49.0184000,-0.0338000,-53.9918000
20240229,540,C,0.0250,0.0250,0.0250,0.0250,0,0,0.1191000,0.0033000,0.0000000,1.7347000,-0.0023000,0.2057000
20240229,540,P,63.5150,63.5150,63.5150,63.5150,0,0,0.2966000,-0.8519000,0.0000000,39.9348000,-0.0551000,-61.7348000
20240229,305,C,173.7700,173.7700,173.7700,173.7700,0,0,0.5148000,0.9941000,0.0000000,2.8797000,-0.0590000,39.4395000
20240229,305,P,0.0450,0.0450,0.0450,0.0450,0,0,0.4394000,-0.0017000,0.0000000,0.9626000,-0.0042000,-0.1139000
20240229,433,C,47.3750,47.3750,47.3750,47.3750,0,0,0.1877000,0.9384000,0.0000000,21.0019000,-0.0992000,52.5718000
20240229,433,P,0.7650,0.7650,0.7650,0.7650,0,0,0.1814000,-0.0555000,0.0000000,19.3856000,-0.0326000,-3.5836000
20240229,465,C,18.0350,18.0350,18.0350,18.0350,0,0,0.1295000,0.7552000,0.0000000,54.2931000,-0.1229000,44.9495000
20240229,465,P,3.2500,3.2500,3.2500,3.2500,0,0,0.1281000,-0.2426000,0.0000000,54.0334000,-0.0548000,-15.6301000
20240229,497,C,1.4200,1.4200,1.4200,1.4200,0,0,0.0970000,0.1628000,0.0000000,42.5334000,-0.0540000,10.0192000
20240229,497,P,20.5200,20.5200,20.5200,20.5200,0,0,0.1380000,-0.7511000,0.0000000,54.7684000,-0.0236000,-49.7673000
20240229,390,C,89.5900,89.5900,89.5900,89.5900,0,0,0.2890000,0.9787000,0.0000000,8.7919000,-0.0812000,49.5485000
20240229,390,P,0.2350,0.2350,0.2350,0.2350,0,0,0.2653000,-0.0138000,0.0000000,6.1085000,-0.0158000,-0.8980000
20240229,422,C,58.1050,58.1050,58.1050,58.1050,0,0,0.2131000,0.9554000,0.0000000,16.2594000,-0.0938000,52.2241000
20240229,422,P,0.5250,0.5250,0.5250,0.5250,0,0,0.2015000,-0.0364000,0.0000000,13.8104000,-0.0263000,-2.3537000
20240229,454,C,27.6100,27.6100,27.6100,27.6100,0,0,0.1486000,0.8537000,0.0000000,39.6024000,-0.1164000,49.8669000
20240229,454,P,1.8600,1.8600,1.8600,1.8600,0,0,0.1455000,-0.1414000,0.0000000,38.7298000,-0.0486000,-9.1084000
20240229,486,C,4.4650,4.4650,4.4650,4.4650,0,0,0.1025000,0.3721000,0.0000000,65.3626000,-0.0949000,22.7338000
20240229,486,P,11.2050,11.2050,11.2050,11.2050,0,0,0.1115000,-0.6166000,0.0000000,65.9646000,-0.0322000,-40.1102000
20240229,518,C,0.1250,0.1250,0.1250,0.1250,0,0,0.1010000,0.0191000,0.0000000,8.0706000,-0.0098000,1.1853000
20240229,518,P,41.5150,41.5150,41.5150,41.5150,0,0,0.2208000,-0.8202000,0.0000000,45.2983000,-0.0413000,-56.8554000
20240229,315,C,163.8550,163.8550,163.8550,163.8550,0,0,0.4848000,0.9934000,0.0000000,3.1736000,-0.0610000,40.7014000
20240229,315,P,0.0550,0.0550,0.0550,0.0550,0,0,0.4199000,-0.0022000,0.0000000,1.2232000,-0.0051000,-0.1481000
20240229,411,C,68.8850,68.8850,68.8850,68.8850,0,0,0.2377000,0.9669000,0.0000000,12.7259000,-0.0885000,51.5321000
20240229,411,P,0.3850,0.3850,0.3850,0.3850,0,0,0.2230000,-0.0253000,0.0000000,10.2091000,-0.0219000,-1.6369000
20240229,443,C,37.8250,37.8250,37.8250,37.8250,0,0,0.1688000,0.9088000,0.0000000,28.3172000,-0.1073000,51.9761000
20240229,443,P,1.1250,1.1250,1.1250,1.1250,0,0,0.1635000,-0.0845000,0.0000000,26.7749000,-0.0395000,-5.4438000
20240229,475,C,10.4650,10.4650,10.4650,10.4650,0,0,0.1143000,0.6039000,0.0000000,66.5772000,-0.1196000,36.4688000
20240229,475,P,5.7650,5.7650,5.7650,5.7650,0,0,0.1154000,-0.3968000,0.0000000,66.6152000,-0.0517000,-25.6245000
20240229,432,C,48.3550,48.3550,48.3550,48.3550,0,0,0.1904000,0.9399000,0.0000000,20.5928000,-0.0989000,52.5388000
20240229,432,P,0.7350,0.7350,0.7350,0.7350,0,0,0.1831000,-0.0532000,0.0000000,18.7413000,-0.0319000,-3.4339000
20240229,400,C,79.7200,79.7200,79.7200,79.7200,0,0,0.2646000,0.9740000,0.0000000,10.4267000,-0.0846000,50.5478000
20240229,400,P,0.2950,0.2950,0.2950,0.2950,0,0,0.2451000,-0.0182000,0.0000000,7.7431000,-0.0184000,-1.1822000
20240229,464,C,18.8700,18.8700,18.8700,18.8700,0,0,0.1313000,0.7663000,0.0000000,52.9223000,-0.1228000,45.5402000
20240229,464,P,3.0800,3.0800,3.0800,3.0800,0,0,0.1296000,-0.2308000,0.0000000,52.5704000,-0.0545000,-14.8678000
20240229,496,C,1.6000,1.6000,1.6000,1.6000,0,0,0.0974000,0.1784000,0.0000000,45.0953000,-0.0579000,10.9719000
20240229,496,P,19.5300,19.5300,19.5300,19.5300,0,0,0.1338000,-0.7452000,0.0000000,55.4544000,-0.0228000,-49.2652000
20240229,325,C,153.9400,153.9400,153.9400,153.9400,0,0,0.4580000,0.9924000,0.0000000,3.6120000,-0.0636000,41.9399000
20240229,325,P,0.0750,0.0750,0.0750,0.0750,0,0,0.4042000,-0.0031000,0.0000000,1.6580000,-0.0067000,-0.2073000
20240229,421,C,59.0850,59.0850,59.0850,59.0850,0,0,0.2154000,0.9566000,0.0000000,15.9053000,-0.0934000,52.1706000
20240229,421,P,0.5150,0.5150,0.5150,0.5150,0,0,0.2038000,-0.0354000,0.0000000,13.5026000,-0.0261000,-2.2903000
20240229,453,C,28.5200,28.5200,28.5200,28.5200,0,0,0.1504000,0.8601000,0.0000000,38.4260000,-0.1156000,50.1471000
20240229,453,P,1.7700,1.7700,1.7700,1.7700,0,0,0.1470000,-0.1346000,0.0000000,37.4542000,-0.0477000,-8.6716000
20240229,485,C,4.8850,4.8850,4.8850,4.8850,0,0,0.1033000,0.3942000,0.0000000,66.4956000,-0.0982000,24.0615000
20240229,485,P,10.5550,10.5550,10.5550,10.5550,0,0,0.1111000,-0.5975000,0.0000000,66.8622000,-0.0344000,-38.8270000
20240229,410,C,69.8750,69.8750,69.8750,69.8750,0,0,0.2407000,0.9674000,0.0000000,12.5724000,-0.0884000,51.4320000
20240229,410,P,0.3750,0.3750,0.3750,0.3750,0,0,0.2250000,-0.0245000,0.0000000,9.9604000,-0.0215000,-1.5897000
20240229,442,C,38.7700,38.7700,38.7700,38.7700,0,0,0.1708000,0.9123000,0.0000000,27.5114000,-0.1065000,52.0684000
20240229,442,P,1.0850,1.0850,1.0850,1.0850,0,0,0.1655000,-0.0811000,0.0000000,25.9661000,-0.0389000,-5.2269000
20240229,474,C,11.1500,11.1500,11.1500,11.1500,0,0,0.1158000,0.6221000,0.0000000,65.6771000,-0.1207000,37.5143000
20240229,474,P,5.4300,5.4300,5.4300,5.4300,0,0,0.1165000,-0.3785000,0.0000000,65.7116000,-0.0527000,-24.4327000
20240229,506,C,0.4700,0.4700,0.4700,0.4700,0,0,0.0960000,0.0656000,0.0000000,22.0731000,-0.0265000,4.0506000
20240229,506,P,29.5200,29.5200,29.5200,29.5200,0,0,0.1754000,-0.7892000,0.0000000,49.9062000,-0.0321000,-53.3337000
20240229,335,C,144.0250,144.0250,144.0250,144.0250,0,0,0.4287000,0.9915000,0.0000000,3.9769000,-0.0655000,43.1895000
20240229,335,P,0.0850,0.0850,0.0850,0.0850,0,0,0.3808000,-0.0037000,0.0000000,1.9505000,-0.0074000,-0.2480000
20240229,431,C,49.3250,49.3250,49.3250,49.3250,0,0,0.1926000,0.9418000,0.0000000,20.0769000,-0.0983000,52.5309000
20240229,431,P,0.7050,0.7050,0.7050,0.7050,0,0,0.1846000,-0.0509000,0.0000000,18.1037000,-0.0311000,-3.2876000
20240229,463,C,19.7100,19.7100,19.7100,19.7100,0,0,0.1330000,0.7773000,0.0000000,51.5159000,-0.1224000,46.1143000
20240229,463,P,2.9200,2.9200,2.9200,2.9200,0,0,0.1311000,-0.2195000,0.0000000,51.1025000,-0.0541000,-14.1415000
20240229,495,C,1.7900,1.7900,1.7900,1.7900,0,0,0.0977000,0.1945000,0.0000000,47.5684000,-0.0616000,11.9534000
20240229,495,P,18.5500,18.5500,18.5500,18.5500,0,0,0.1297000,-0.7385000,0.0000000,56.2069000,-0.0220000,-48.7162000
20240229,420,C,60.0600,60.0600,60.0600,60.0600,0,0,0.2178000,0.9576000,0.0000000,15.5863000,-0.0930000,52.1089000
20240229,420,P,0.4950,0.4950,0.4950,0.4950,0,0,0.2054000,-0.0340000,0.0000000,13.0556000,-0.0255000,-2.1985000
20240229,452,C,29.4350,29.4350,29.4350,29.4350,0,0,0.1521000,0.8664000,0.0000000,37.2440000,-0.1148000,50.4188000
20240229,452,P,1.6900,1.6900,1.6900,1.6900,0,0,0.1488000,-0.1285000,0.0000000,36.2630000,-0.0470000,-8.2751000
20240229,484,C,5.3300,5.3300,5.3300,5.3300,0,0,0.1043000,0.4164000,0.0000000,67.4142000,-0.1013000,25.3928000
20240229,484,P,9.9400,9.9400,9.9400,9.9400,0,0,0.1109000,-0.5777000,0.0000000,67.6193000,-0.0366000,-37.5069000
20240229,516,C,0.1450,0.1450,0.1450,0.1450,0,0,0.0988000,0.0222000,0.0000000,9.1414000,-0.0109000,1.3732000
20240229,516,P,39.5150,39.5150,39.5150,39.5150,0,0,0.2134000,-0.8161000,0.0000000,45.9485000,-0.0398000,-56.3328000
20240229,345,C,134.1150,134.1150,134.1150,134.1150,0,0,0.4018000,0.9902000,0.0000000,4.4997000,-0.0679000,44.4124000
20240229,345,P,0.1050,0.1050,0.1050,0.1050,0,0,0.3613000,-0.0049000,0.0000000,2.4539000,-0.0088000,-0.3202000
20240229,409,C,70.8550,70.8550,70.8550,70.8550,0,0,0.2427000,0.9683000,0.0000000,12.2799000,-0.0878000,51.3604000
20240229,409,P,0.3650,0.3650,0.3650,0.3650,0,0,0.2269000,-0.0237000,0.0000000,9.6800000,-0.0211000,-1.5368000
20240229,441,C,39.7200,39.7200,39.7200,39.7200,0,0,0.1728000,0.9157000,0.0000000,26.7142000,-0.1057000,52.1550000
20240229,441,P,1.0350,1.0350,1.0350,1.0350,0,0,0.1669000,-0.0773000,0.0000000,25.0428000,-0.0380000,-4.9828000
20240229,505,C,0.5350,0.5350,0.5350,0.5350,0,0,0.0958000,0.0728000,0.0000000,23.9116000,-0.0288000,4.4926000
20240229,505,P,28.5200,28.5200,28.5200,28.5200,0,0,0.1713000,-0.7858000,0.0000000,50.3647000,-0.0312000,-52.9936000
20240229,473,C,11.8550,11.8550,11.8550,11.8550,0,0,0.1171000,0.6396000,0.0000000,64.6631000,-0.1215000,38.5225000
20240229,473,P,5.1200,5.1200,5.1200,5.1200,0,0,0.1176000,-0.3608000,0.0000000,64.6933000,-0.0535000,-23.2821000
20240229,430,C,50.2950,50.2950,50.2950,50.2950,0,0,0.1947000,0.9438000,0.0000000,19.5480000,-0.0977000,52.5249000
20240229,430,P,0.6850,0.6850,0.6850,0.6850,0,0,0.1867000,-0.0492000,0.0000000,17.6084000,-0.0307000,-3.1757000
20240229,462,C,20.5600,20.5600,20.5600,20.5600,0,0,0.1347000,0.7876000,0.0000000,50.1202000,-0.1219000,46.6509000
20240229,462,P,2.7700,2.7700,2.7700,2.7700,0,0,0.1326000,-0.2088000,0.0000000,49.6426000,-0.0537000,-13.4532000
20240229,494,C,2.0000,2.0000,2.0000,2.0000,0,0,0.0981000,0.2115000,0.0000000,50.0079000,-0.0654000,12.9904000
20240229,494,P,17.5900,17.5900,17.5900,17.5900,0,0,0.1259000,-0.7308000,0.0000000,57.0422000,-0.0216000,-48.1068000
20240229,526,C,0.0650,0.0650,0.0650,0.0650,0,0,0.1074000,0.0096000,0.0000000,4.4609000,-0.0056000,0.5963000
20240229,526,P,49.5150,49.5150,49.5150,49.5150,0,0,0.2493000,-0.8342000,0.0000000,43.0121000,-0.0466000,-58.7861000
20240229,355,C,124.2100,124.2100,124.2100,124.2100,0,0,0.3769000,0.9884000,0.0000000,5.2149000,-0.0709000,45.6017000
20240229,355,P,0.1250,0.1250,0.1250,0.1250,0,0,0.3398000,-0.0061000,0.0000000,2.9820000,-0.0101000,-0.3981000
20240229,419,C,61.0350,61.0350,61.0350,61.0350,0,0,0.2194000,0.9592000,0.0000000,15.1061000,-0.0921000,52.0819000
20240229,419,P,0.4850,0.4850,0.4850,0.4850,0,0,0.2077000,-0.0331000,0.0000000,12.7694000,-0.0252000,-2.1405000
20240229,451,C,30.3550,30.3550,30.3550,30.3550,0,0,0.1540000,0.8720000,0.0000000,36.1439000,-0.1140000,50.6530000
20240229,451,P,1.6100,1.6100,1.6100,1.6100,0,0,0.1503000,-0.1224000,0.0000000,35.0665000,-0.0462000,-7.8867000
20240229,515,C,0.1650,0.1650,0.1650,0.1650,0,0,0.0987000,0.0250000,0.0000000,10.1278000,-0.0121000,1.5508000
20240229,515,P,38.5150,38.5150,38.5150,38.5150,0,0,0.2097000,-0.8139000,0.0000000,46.2915000,-0.0391000,-56.0627000
20240229,483,C,5.8000,5.8000,5.8000,5.8000,0,0,0.1051000,0.4385000,0.0000000,68.1119000,-0.1041000,26.7151000
20240229,483,P,9.3600,9.3600,9.3600,9.3600,0,0,0.1109000,-0.5575000,0.0000000,68.2142000,-0.0388000,-36.1641000
20240229,525,C,0.0650,0.0650,0.0650,0.0650,0,0,0.1054000,0.0097000,0.0000000,4.5208000,-0.0056000,0.6056000
20240229,525,P,48.5150,48.5150,48.5150,48.5150,0,0,0.2458000,-0.8327000,0.0000000,43.2710000,-0.0460000,-58.5576000
20240229,408,C,71.8400,71.8400,71.8400,71.8400,0,0,0.2456000,0.9688000,0.0000000,12.1150000,-0.0877000,51.2625000
20240229,408,P,0.3650,0.3650,0.3650,0.3650,0,0,0.2299000,-0.0235000,0.0000000,9.6005000,-0.0213000,-1.5223000
20240229,440,C,40.6750,40.6750,40.6750,40.6750,0,0,0.1746000,0.9190000,0.0000000,25.9085000,-0.1049000,52.2407000
20240229,440,P,0.9950,0.9950,0.9950,0.9950,0,0,0.1687000,-0.0741000,0.0000000,24.2368000,-0.0373000,-4.7737000
20240229,472,C,12.5750,12.5750,12.5750,12.5750,0,0,0.1186000,0.6565000,0.0000000,63.5565000,-0.1222000,39.4833000
20240229,472,P,4.8250,4.8250,4.8250,4.8250,0,0,0.1186000,-0.3435000,0.0000000,63.5613000,-0.0540000,-22.1607000
20240229,504,C,0.6050,0.6050,0.6050,0.6050,0,0,0.0957000,0.0809000,0.0000000,25.9057000,-0.0313000,4.9903000
20240229,504,P,27.5200,27.5200,27.5200,27.5200,0,0,0.1673000,-0.7823000,0.0000000,50.8466000,-0.0304000,-52.6398000
20240229,365,C,114.3050,114.3050,114.3050,114.3050,0,0,0.3496000,0.9868000,0.0000000,5.8571000,-0.0731000,46.8013000
20240229,365,P,0.1450,0.1450,0.1450,0.1450,0,0,0.3173000,-0.0074000,0.0000000,3.5663000,-0.0112000,-0.4865000
20240229,429,C,51.2650,51.2650,51.2650,51.2650,0,0,0.1967000,0.9456000,0.0000000,19.0359000,-0.0971000,52.5137000
20240229,429,P,0.6650,0.6650,0.6650,0.6650,0,0,0.1888000,-0.0475000,0.0000000,17.1299000,-0.0303000,-3.0686000
20240229,461,C,21.4150,21.4150,21.4150,21.4150,0,0,0.1363000,0.7977000,0.0000000,48.7051000,-0.1213000,47.1680000
20240229,461,P,2.6300,2.6300,2.6300,2.6300,0,0,0.1342000,-0.1987000,0.0000000,48.1971000,-0.0532000,-12.8017000
20240229,493,C,2.2300,2.2300,2.2300,2.2300,0,0,0.0985000,0.2293000,0.0000000,52.3884000,-0.0693000,14.0801000
20240229,493,P,16.6700,16.6700,16.6700,16.6700,0,0,0.1227000,-0.7214000,0.0000000,58.0204000,-0.0217000,-47.3957000
20240229,535,C,0.0350,0.0350,0.0350,0.0350,0,0,0.1152000,0.0048000,0.0000000,2.4426000,-0.0032000,0.3014000
20240229,535,P,58.5150,58.5150,58.5150,58.5150,0,0,0.2800000,-0.8464000,0.0000000,40.9248000,-0.0522000,-60.7296000
20240229,418,C,62.0150,62.0150,62.0150,62.0150,0,0,0.2218000,0.9603000,0.0000000,14.7840000,-0.0917000,52.0198000
20240229,418,P,0.4700,0.4700,0.4700,0.4700,0,0,0.2099000,-0.0322000,0.0000000,12.4681000,-0.0249000,-2.0798000
20240229,450,C,31.2750,31.2750,31.2750,31.2750,0,0,0.1558000,0.8776000,0.0000000,35.0385000,-0.1131000,50.8807000
20240229,450,P,1.5350,1.5350,1.5350,1.5350,0,0,0.1517000,-0.1164000,0.0000000,33.8461000,-0.0452000,-7.5002000
20240229,482,C,6.2950,6.2950,6.2950,6.2950,0,0,0.1060000,0.4604000,0.0000000,68.5931000,-0.1067000,28.0254000
20240229,482,P,8.8100,8.8100,8.8100,8.8100,0,0,0.1110000,-0.5370000,0.0000000,68.6343000,-0.0408000,-34.8094000
20240229,514,C,0.1850,0.1850,0.1850,0.1850,0,0,0.0983000,0.0279000,0.0000000,11.0932000,-0.0132000,1.7291000
20240229,514,P,37.5150,37.5150,37.5150,37.5150,0,0,0.2060000,-0.8116000,0.0000000,46.6433000,-0.0384000,-55.7876000
20240229,375,C,104.4150,104.4150,104.4150,104.4150,0,0,0.3251000,0.9841000,0.0000000,6.8500000,-0.0762000,47.9371000
20240229,375,P,0.1750,0.1750,0.1750,0.1750,0,0,0.2966000,-0.0095000,0.0000000,4.4091000,-0.0129000,-0.6185000
20240229,439,C,41.6250,41.6250,41.6250,41.6250,0,0,0.1764000,0.9223000,0.0000000,25.1114000,-0.1040000,52.3209000
20240229,439,P,0.9550,0.9550,0.9550,0.9550,0,0,0.1704000,-0.0709000,0.0000000,23.4403000,-0.0365000,-4.5703000
20240229,407,C,72.8250,72.8250,72.8250,72.8250,0,0,0.2476000,0.9697000,0.0000000,11.8361000,-0.0871000,51.1875000
20240229,407,P,0.3550,0.3550,0.3550,0.3550,0,0,0.2316000,-0.0227000,0.0000000,9.3144000,-0.0208000,-1.4687000
20240229,471,C,13.3100,13.3100,13.3100,13.3100,0,0,0.1201000,0.6725000,0.0000000,62.3761000,-0.1227000,40.3933000
20240229,471,P,4.5550,4.5550,4.5550,4.5550,0,0,0.1199000,-0.3271000,0.0000000,62.3560000,-0.0545000,-21.0973000
20240229,545,C,0.0250,0.0250,0.0250,0.0250,0,0,0.1269000,0.0030000,0.0000000,1.5964000,-0.0023000,0.1874000
20240229,545,P,68.5150,68.5150,68.5150,68.5150,0,0,0.3128000,-0.8568000,0.0000000,39.0382000,-0.0578000,-62.7002000
20240229,300,C,178.7300,178.7300,178.7300,178.7300,0,0,0.5304000,0.9944000,0.0000000,2.7566000,-0.0581000,38.8047000
20240229,300,P,0.0450,0.0450,0.0450,0.0450,0,0,0.4550000,-0.0017000,0.0000000,0.9476000,-0.0043000,-0.1121000
20240229,428,C,52.2600,52.2600,52.2600,52.2600,0,0,0.2004000,0.9461000,0.0000000,18.9106000,-0.0974000,52.4105000
20240229,428,P,0.6400,0.6400,0.6400,0.6400,0,0,0.1907000,-0.0458000,0.0000000,16.6385000,-0.0297000,-2.9597000
20240229,460,C,22.2750,22.2750,22.2750,22.2750,0,0,0.1379000,0.8072000,0.0000000,47.3007000,-0.1206000,47.6538000
20240229,460,P,2.5000,2.5000,2.5000,2.5000,0,0,0.1358000,-0.1892000,0.0000000,46.7791000,-0.0527000,-12.1889000
20240229,492,C,2.4800,2.4800,2.4800,2.4800,0,0,0.0989000,0.2479000,0.0000000,54.6678000,-0.0732000,15.2104000
20240229,492,P,15.7900,15.7900,15.7900,15.7900,0,0,0.1200000,-0.7103000,0.0000000,59.1125000,-0.0224000,-46.5859000
20240229,524,C,0.0750,0.0750,0.0750,0.0750,0,0,0.1054000,0.0111000,0.0000000,5.0724000,-0.0063000,0.6910000
20240229,524,P,47.5150,47.5150,47.5150,47.5150,0,0,0.2423000,-0.8311000,0.0000000,43.5397000,-0.0453000,-58.3248000
20240229,385,C,94.5300,94.5300,94.5300,94.5300,0,0,0.3015000,0.9806000,0.0000000,8.1229000,-0.0797000,49.0171000
20240229,385,P,0.2150,0.2150,0.2150,0.2150,0,0,0.2763000,-0.0123000,0.0000000,5.5251000,-0.0150000,-0.8003000
20240229,417,C,62.9950,62.9950,62.9950,62.9950,0,0,0.2241000,0.9613000,0.0000000,14.4711000,-0.0912000,51.9553000
20240229,417,P,0.4550,0.4550,0.4550,0.4550,0,0,0.2114000,-0.0308000,0.0000000,12.0364000,-0.0243000,-1.9931000
20240229,449,C,32.2000,32.2000,32.2000,32.2000,0,0,0.1577000,0.8826000,0.0000000,34.0160000,-0.1124000,51.0737000
20240229,449,P,1.4700,1.4700,1.4700,1.4700,0,0,0.1537000,-0.1115000,0.0000000,32.8233000,-0.0446000,-7.1847000
20240229,481,C,6.8200,6.8200,6.8200,6.8200,0,0,0.1071000,0.4823000,0.0000000,68.8640000,-0.1093000,29.3240000
20240229,481,P,8.3050,8.3050,8.3050,8.3050,0,0,0.1114000,-0.5163000,0.0000000,68.8735000,-0.0429000,-33.4485000
20240229,310,C,168.8150,168.8150,168.8150,168.8150,0,0,0.5000000,0.9937000,0.0000000,3.0305000,-0.0601000,40.0699000
20240229,310,P,0.0550,0.0550,0.0550,0.0550,0,0,0.4335000,-0.0021000,0.0000000,1.1651000,-0.0051000,-0.1405000
20240229,438,C,42.5850,42.5850,42.5850,42.5850,0,0,0.1785000,0.9250000,0.0000000,24.4385000,-0.1033000,52.3651000
20240229,438,P,0.9200,0.9200,0.9200,0.9200,0,0,0.1725000,-0.0683000,0.0000000,22.7732000,-0.0360000,-4.4027000
20240229,406,C,73.8050,73.8050,73.8050,73.8050,0,0,0.2496000,0.9706000,0.0000000,11.5456000,-0.0865000,51.1146000
20240229,406,P,0.3450,0.3450,0.3450,0.3450,0,0,0.2336000,-0.0220000,0.0000000,9.0742000,-0.0205000,-1.4242000
20240229,470,C,14.0650,14.0650,14.0650,14.0650,0,0,0.1216000,0.6880000,0.0000000,61.1218000,-0.1230000,41.2651000
20240229,470,P,4.3000,4.3000,4.3000,4.3000,0,0,0.1212000,-0.3114000,0.0000000,61.0847000,-0.0549000,-20.0828000
20240229,502,C,0.7750,0.7750,0.7750,0.7750,0,0,0.0958000,0.0996000,0.0000000,30.2401000,-0.0369000,6.1411000
20240229,502,P,25.5200,25.5200,25.5200,25.5200,0,0,0.1592000,-0.7746000,0.0000000,51.8674000,-0.0286000,-51.8944000
20240229,427,C,53.2300,53.2300,53.2300,53.2300,0,0,0.2025000,0.9478000,0.0000000,18.4242000,-0.0968000,52.3919000
20240229,427,P,0.6150,0.6150,0.6150,0.6150,0,0,0.1921000,-0.0437000,0.0000000,16.0213000,-0.0289000,-2.8239000
20240229,395,C,84.6500,84.6500,84.6500,84.6500,0,0,0.2764000,0.9767000,0.0000000,9.5169000,-0.0827000,50.0673000
20240229,395,P,0.2650,0.2650,0.2650,0.2650,0,0,0.2556000,-0.0159000,0.0000000,6.9130000,-0.0172000,-1.0362000
20240229,459,C,23.1400,23.1400,23.1400,23.1400,0,0,0.1395000,0.8162000,0.0000000,45.9261000,-0.1199000,48.1031000
20240229,459,P,2.3750,2.3750,2.3750,2.3750,0,0,0.1372000,-0.1799000,0.0000000,45.3301000,-0.0519000,-11.5866000
20240229,491,C,2.7500,2.7500,2.7500,2.7500,0,0,0.0994000,0.2672000,0.0000000,56.8421000,-0.0770000,16.3863000
20240229,491,P,14.9350,14.9350,14.9350,14.9350,0,0,0.1176000,-0.6981000,0.0000000,60.2429000,-0.0232000,-45.7090000
20240301,480,C,7.5350,7.5350,7.5350,7.5350,0,0,0.1089000,0.5054000,0.0000000,69.6396000,-0.1113000,31.3191000
20240301,480,P,7.8800,7.8800,7.8800,7.8800,0,0,0.1122000,-0.4942000,0.0000000,69.6389000,-0.0443000,-32.6721000
20240301,405,C,74.8800,74.8800,74.8800,74.8800,0,0,0.2526000,0.9698000,0.0000000,11.9263000,-0.0870000,51.9839000
20240301,405,P,0.3550,0.3550,0.3550,0.3550,0,0,0.2353000,-0.0221000,0.0000000,9.2303000,-0.0205000,-1.4664000
20240301,469,C,15.0000,15.0000,15.0000,15.0000,0,0,0.1239000,0.7011000,0.0000000,60.5980000,-0.1230000,42.8317000
20240301,469,P,4.1550,4.1550,4.1550,4.1550,0,0,0.1231000,-0.2977000,0.0000000,60.4946000,-0.0547000,-19.6043000
20240301,458,C,24.1800,24.1800,24.1800,24.1800,0,0,0.1422000,0.8215000,0.0000000,45.5546000,-0.1195000,49.3062000
20240301,458,P,2.3350,2.3350,2.3350,2.3350,0,0,0.1394000,-0.1738000,0.0000000,44.8185000,-0.0513000,-11.4349000
20240301,490,C,3.1650,3.1650,3.1650,3.1650,0,0,0.1005000,0.2918000,0.0000000,59.9387000,-0.0812000,18.2454000
20240301,490,P,14.1650,14.1650,14.1650,14.1650,0,0,0.1161000,-0.6805000,0.0000000,62.3836000,-0.0246000,-45.4336000
20240301,415,C,65.0550,65.0550,65.0550,65.0550,0,0,0.2292000,0.9617000,0.0000000,14.5074000,-0.0911000,52.7846000
20240301,415,P,0.4550,0.4550,0.4550,0.4550,0,0,0.2153000,-0.0300000,0.0000000,11.8847000,-0.0239000,-1.9804000
20240301,479,C,8.1100,8.1100,8.1100,8.1100,0,0,0.1101000,0.5261000,0.0000000,69.4965000,-0.1134000,32.5659000
20240301,479,P,7.4350,7.4350,7.4350,7.4350,0,0,0.1129000,-0.4740000,0.0000000,69.4993000,-0.0461000,-31.3227000
20240301,468,C,15.7850,15.7850,15.7850,15.7850,0,0,0.1254000,0.7150000,0.0000000,59.2662000,-0.1231000,43.6180000
20240301,468,P,3.9300,3.9300,3.9300,3.9300,0,0,0.1245000,-0.2836000,0.0000000,59.1366000,-0.0549000,-18.6725000
20240301,500,C,1.0550,1.0550,1.0550,1.0550,0,0,0.0966000,0.1267000,0.0000000,36.2896000,-0.0444000,7.9673000
20240301,500,P,23.5200,23.5200,23.5200,23.5200,0,0,0.1503000,-0.7635000,0.0000000,53.8260000,-0.0262000,-51.9997000
20240301,467.5,C,16.1800,16.1800,16.1800,16.1800,0,0,0.1263000,0.7215000,0.0000000,58.6044000,-0.1232000,43.9838000
20240301,467.5,P,3.8250,3.8250,3.8250,3.8250,0,0,0.1251000,-0.2766000,0.0000000,58.4267000,-0.0548000,-18.2109000
20240301,425,C,55.2800,55.2800,55.2800,55.2800,0,0,0.2071000,0.9492000,0.0000000,18.2088000,-0.0962000,53.2996000
20240301,425,P,0.6100,0.6100,0.6100,0.6100,0,0,0.1965000,-0.0424000,0.0000000,15.7982000,-0.0286000,-2.7996000
20240301,457,C,25.0700,25.0700,25.0700,25.0700,0,0,0.1441000,0.8293000,0.0000000,44.2854000,-0.1189000,49.6834000
20240301,457,P,2.2250,2.2250,2.2250,2.2250,0,0,0.1410000,-0.1657000,0.0000000,43.4647000,-0.0507000,-10.9006000
20240301,489,C,3.4850,3.4850,3.4850,3.4850,0,0,0.1011000,0.3122000,0.0000000,61.7794000,-0.0848000,19.5028000
20240301,489,P,13.3850,13.3850,13.3850,13.3850,0,0,0.1145000,-0.6655000,0.0000000,63.5617000,-0.0262000,-44.3660000
20240301,350,C,129.2300,129.2300,129.2300,129.2300,0,0,0.3896000,0.9887000,0.0000000,5.1535000,-0.0702000,45.8963000
20240301,350,P,0.1150,0.1150,0.1150,0.1150,0,0,0.3471000,-0.0054000,0.0000000,2.7336000,-0.0092000,-0.3645000
20240301,478,C,8.7100,8.7100,8.7100,8.7100,0,0,0.1113000,0.5463000,0.0000000,69.1750000,-0.1152000,33.7794000
20240301,478,P,7.0000,7.0000,7.0000,7.0000,0,0,0.1136000,-0.4542000,0.0000000,69.1868000,-0.0477000,-29.9927000
20240301,510,C,0.3100,0.3100,0.3100,0.3100,0,0,0.0970000,0.0451000,0.0000000,16.5779000,-0.0194000,2.8433000
20240301,510,P,33.5150,33.5150,33.5150,33.5150,0,0,0.1901000,-0.7992000,0.0000000,48.9794000,-0.0347000,-55.6246000
20240301,477.5,C,9.0200,9.0200,9.0200,9.0200,0,0,0.1120000,0.5562000,0.0000000,68.9516000,-0.1160000,34.3721000
20240301,477.5,P,6.7950,6.7950,6.7950,6.7950,0,0,0.1139000,-0.4443000,0.0000000,68.9677000,-0.0483000,-29.3348000
20240301,435,C,45.6050,45.6050,45.6050,45.6050,0,0,0.1862000,0.9296000,0.0000000,23.5304000,-0.1025000,53.3428000
20240301,435,P,0.8600,0.8600,0.8600,0.8600,0,0,0.1782000,-0.0622000,0.0000000,21.3991000,-0.0344000,-4.0963000
20240301,467,C,16.5750,16.5750,16.5750,16.5750,0,0,0.1270000,0.7283000,0.0000000,57.8989000,-0.1231000,44.3640000
20240301,467,P,3.7200,3.7200,3.7200,3.7200,0,0,0.1259000,-0.2700000,0.0000000,57.7261000,-0.0549000,-17.7714000
20240301,499,C,1.1900,1.1900,1.1900,1.1900,0,0,0.0971000,0.1399000,0.0000000,38.8538000,-0.0480000,8.7942000
20240301,499,P,22.5200,22.5200,22.5200,22.5200,0,0,0.1461000,-0.7588000,0.0000000,54.4076000,-0.0252000,-51.5653000
20240301,360,C,119.3250,119.3250,119.3250,119.3250,0,0,0.3618000,0.9872000,0.0000000,5.7377000,-0.0722000,47.1321000
20240301,360,P,0.1450,0.1450,0.1450,0.1450,0,0,0.3286000,-0.0071000,0.0000000,3.4850000,-0.0111000,-0.4789000
20240301,456,C,25.9600,25.9600,25.9600,25.9600,0,0,0.1458000,0.8368000,0.0000000,43.0161000,-0.1182000,50.0449000
20240301,456,P,2.1250,2.1250,2.1250,2.1250,0,0,0.1427000,-0.1582000,0.0000000,42.1693000,-0.0501000,-10.4061000
20240301,488,C,3.8350,3.8350,3.8350,3.8350,0,0,0.1018000,0.3331000,0.0000000,63.4617000,-0.0884000,20.7951000
20240301,488,P,12.6500,12.6500,12.6500,12.6500,0,0,0.1136000,-0.6488000,0.0000000,64.7376000,-0.0282000,-43.2041000
20240301,520,C,0.1150,0.1150,0.1150,0.1150,0,0,0.1027000,0.0172000,0.0000000,7.4660000,-0.0090000,1.0909000
20240301,520,P,43.5150,43.5150,43.5150,43.5150,0,0,0.2271000,-0.8220000,0.0000000,45.4803000,-0.0421000,-58.4229000
20240301,487.5,C,4.0200,4.0200,4.0200,4.0200,0,0,0.1022000,0.3439000,0.0000000,64.2452000,-0.0902000,21.4587000
20240301,487.5,P,12.2900,12.2900,12.2900,12.2900,0,0,0.1130000,-0.6404000,0.0000000,65.2872000,-0.0291000,-42.6126000
20240301,445,C,36.0650,36.0650,36.0650,36.0650,0,0,0.1656000,0.8986000,0.0000000,30.9497000,-0.1093000,52.6378000
20240301,445,P,1.2900,1.2900,1.2900,1.2900,0,0,0.1610000,-0.0954000,0.0000000,29.6017000,-0.0418000,-6.2763000
20240301,477,C,9.3300,9.3300,9.3300,9.3300,0,0,0.1126000,0.5661000,0.0000000,68.6879000,-0.1168000,34.9577000
20240301,477,P,6.5950,6.5950,6.5950,6.5950,0,0,0.1143000,-0.4346000,0.0000000,68.7091000,-0.0490000,-28.6858000
20240301,370,C,109.4350,109.4350,109.4350,109.4350,0,0,0.3374000,0.9848000,0.0000000,6.6814000,-0.0753000,48.3026000
20240301,370,P,0.1650,0.1650,0.1650,0.1650,0,0,0.3056000,-0.0087000,0.0000000,4.1223000,-0.0122000,-0.5785000
20240301,466,C,17.3850,17.3850,17.3850,17.3850,0,0,0.1286000,0.7408000,0.0000000,56.5308000,-0.1230000,45.0550000
20240301,466,P,3.5250,3.5250,3.5250,3.5250,0,0,0.1272000,-0.2570000,0.0000000,56.2888000,-0.0547000,-16.9123000
20240301,498,C,1.3400,1.3400,1.3400,1.3400,0,0,0.0974000,0.1537000,0.0000000,41.3687000,-0.0515000,9.6514000
20240301,498,P,21.5200,21.5200,21.5200,21.5200,0,0,0.1419000,-0.7539000,0.0000000,55.0095000,-0.0242000,-51.1136000
20240301,530,C,0.0550,0.0550,0.0550,0.0550,0,0,0.1113000,0.0078000,0.0000000,3.7701000,-0.0048000,0.4964000
20240301,530,P,53.5150,53.5150,53.5150,53.5150,0,0,0.2620000,-0.8381000,0.0000000,42.8010000,-0.0485000,-60.7936000
20240301,455,C,26.8550,26.8550,26.8550,26.8550,0,0,0.1474000,0.8442000,0.0000000,41.7300000,-0.1174000,50.3982000
20240301,455,P,2.0250,2.0250,2.0250,2.0250,0,0,0.1443000,-0.1508000,0.0000000,40.8574000,-0.0494000,-9.9200000
20240301,487,C,4.2100,4.2100,4.2100,4.2100,0,0,0.1026000,0.3545000,0.0000000,64.9673000,-0.0920000,22.1163000
20240301,487,P,11.9400,11.9400,11.9400,11.9400,0,0,0.1127000,-0.6315000,0.0000000,65.8217000,-0.0301000,-42.0027000
20240301,380,C,99.5450,99.5450,99.5450,99.5450,0,0,0.3125000,0.9819000,0.0000000,7.7535000,-0.0783000,49.4456000
20240301,380,P,0.2050,0.2050,0.2050,0.2050,0,0,0.2858000,-0.0112000,0.0000000,5.1746000,-0.0142000,-0.7495000
20240301,476,C,9.9700,9.9700,9.9700,9.9700,0,0,0.1138000,0.5852000,0.0000000,68.0485000,-0.1181000,36.0990000
20240301,476,P,6.2150,6.2150,6.2150,6.2150,0,0,0.1151000,-0.4155000,0.0000000,68.0780000,-0.0503000,-27.4111000
20240301,540,C,0.0300,0.0300,0.0300,0.0300,0,0,0.1220000,0.0044000,0.0000000,2.2701000,-0.0031000,0.2800000
20240301,540,P,63.5150,63.5150,63.5150,63.5150,0,0,0.2952000,-0.8501000,0.0000000,40.6852000,-0.0544000,-62.9025000
20240301,465,C,18.2000,18.2000,18.2000,18.2000,0,0,0.1303000,0.7527000,0.0000000,55.1479000,-0.1228000,45.7074000
20240301,465,P,3.3450,3.3450,3.3450,3.3450,0,0,0.1287000,-0.2447000,0.0000000,54.8518000,-0.0546000,-16.1042000
20240301,497,C,1.5050,1.5050,1.5050,1.5050,0,0,0.0975000,0.1679000,0.0000000,43.8261000,-0.0550000,10.5383000
20240301,497,P,20.5250,20.5250,20.5250,20.5250,0,0,0.1376000,-0.7486000,0.0000000,55.6397000,-0.0232000,-50.6391000
20240301,390,C,89.6700,89.6700,89.6700,89.6700,0,0,0.2888000,0.9779000,0.0000000,9.1888000,-0.0818000,50.5146000
20240301,390,P,0.2550,0.2550,0.2550,0.2550,0,0,0.2658000,-0.0147000,0.0000000,6.5037000,-0.0165000,-0.9748000
20240301,454,C,27.7550,27.7550,27.7550,27.7550,0,0,0.1492000,0.8511000,0.0000000,40.5027000,-0.1166000,50.7154000
20240301,454,P,1.9300,1.9300,1.9300,1.9300,0,0,0.1461000,-0.1440000,0.0000000,39.6168000,-0.0488000,-9.4742000
20240301,486,C,4.6050,4.6050,4.6050,4.6050,0,0,0.1032000,0.3759000,0.0000000,66.2506000,-0.0951000,23.4290000
20240301,486,P,11.2650,11.2650,11.2650,11.2650,0,0,0.1119000,-0.6134000,0.0000000,66.8098000,-0.0321000,-40.7516000
20240301,475,C,10.6400,10.6400,10.6400,10.6400,0,0,0.1152000,0.6037000,0.0000000,67.2773000,-0.1194000,37.1902000
20240301,475,P,5.8600,5.8600,5.8600,5.8600,0,0,0.1162000,-0.3969000,0.0000000,67.3090000,-0.0514000,-26.1768000
20240301,400,C,79.8050,79.8050,79.8050,79.8050,0,0,0.2641000,0.9731000,0.0000000,10.8256000,-0.0850000,51.5352000
20240301,400,P,0.3150,0.3150,0.3150,0.3150,0,0,0.2453000,-0.0192000,0.0000000,8.1708000,-0.0190000,-1.2708000
20240301,464,C,19.0300,19.0300,19.0300,19.0300,0,0,0.1320000,0.7640000,0.0000000,53.7627000,-0.1226000,46.3195000
20240301,464,P,3.1700,3.1700,3.1700,3.1700,0,0,0.1303000,-0.2331000,0.0000000,53.4089000,-0.0543000,-15.3365000
20240301,496,C,1.6850,1.6850,1.6850,1.6850,0,0,0.0979000,0.1832000,0.0000000,46.3293000,-0.0587000,11.4978000
20240301,496,P,19.5300,19.5300,19.5300,19.5300,0,0,0.1334000,-0.7426000,0.0000000,56.3295000,-0.0223000,-50.1237000
20240301,453,C,28.6650,28.6650,28.6650,28.6650,0,0,0.1510000,0.8574000,0.0000000,39.3370000,-0.1159000,50.9981000
20240301,453,P,1.8400,1.8400,1.8400,1.8400,0,0,0.1477000,-0.1373000,0.0000000,38.3607000,-0.0480000,-9.0348000
20240301,485,C,5.0300,5.0300,5.0300,5.0300,0,0,0.1041000,0.3977000,0.0000000,67.3474000,-0.0984000,24.7687000
20240301,485,P,10.6250,10.6250,10.6250,10.6250,0,0,0.1116000,-0.5944000,0.0000000,67.6837000,-0.0343000,-39.4513000
20240301,410,C,69.9650,69.9650,69.9650,69.9650,0,0,0.2408000,0.9661000,0.0000000,13.1116000,-0.0890000,52.4098000
20240301,410,P,0.3950,0.3950,0.3950,0.3950,0,0,0.2248000,-0.0255000,0.0000000,10.3748000,-0.0219000,-1.6836000
20240301,474,C,11.3250,11.3250,11.3250,11.3250,0,0,0.1165000,0.6216000,0.0000000,66.3802000,-0.1204000,38.2464000
20240301,474,P,5.5250,5.5250,5.5250,5.5250,0,0,0.1171000,-0.3787000,0.0000000,66.4059000,-0.0523000,-24.9698000
20240301,463,C,19.8700,19.8700,19.8700,19.8700,0,0,0.1337000,0.7748000,0.0000000,52.3761000,-0.1223000,46.8960000
20240301,463,P,3.0050,3.0050,3.0050,3.0050,0,0,0.1316000,-0.2217000,0.0000000,51.9214000,-0.0539000,-14.5846000
20240301,495,C,1.8750,1.8750,1.8750,1.8750,0,0,0.0981000,0.1991000,0.0000000,48.7451000,-0.0623000,12.4854000
20240301,495,P,18.5550,18.5550,18.5550,18.5550,0,0,0.1293000,-0.7359000,0.0000000,57.0794000,-0.0216000,-49.5636000
20240301,420,C,60.1550,60.1550,60.1550,60.1550,0,0,0.2176000,0.9564000,0.0000000,16.1096000,-0.0933000,53.1053000
20240301,420,P,0.5250,0.5250,0.5250,0.5250,0,0,0.2058000,-0.0355000,0.0000000,13.6560000,-0.0261000,-2.3423000
20240301,452,C,29.5750,29.5750,29.5750,29.5750,0,0,0.1528000,0.8636000,0.0000000,38.1649000,-0.1150000,51.2727000
20240301,452,P,1.7600,1.7600,1.7600,1.7600,0,0,0.1494000,-0.1312000,0.0000000,37.1700000,-0.0473000,-8.6296000
20240301,484,C,5.4800,5.4800,5.4800,5.4800,0,0,0.1050000,0.4195000,0.0000000,68.2255000,-0.1013000,26.1012000
20240301,484,P,10.0200,10.0200,10.0200,10.0200,0,0,0.1115000,-0.5748000,0.0000000,68.4165000,-0.0365000,-38.1154000
20240301,473,C,12.0250,12.0250,12.0250,12.0250,0,0,0.1179000,0.6389000,0.0000000,65.3751000,-0.1212000,39.2593000
20240301,473,P,5.2150,5.2150,5.2150,5.2150,0,0,0.1182000,-0.3613000,0.0000000,65.3938000,-0.0530000,-23.8102000
20240301,505,C,0.5750,0.5750,0.5750,0.5750,0,0,0.0962000,0.0764000,0.0000000,25.0809000,-0.0298000,4.8150000
20240301,505,P,28.5200,28.5200,28.5200,28.5200,0,0,0.1707000,-0.7835000,0.0000000,51.2112000,-0.0307000,-53.9468000
20240301,472.5,C,12.3800,12.3800,12.3800,12.3800,0,0,0.1186000,0.6473000,0.0000000,64.8420000,-0.1215000,39.7432000
20240301,472.5,P,5.0650,5.0650,5.0650,5.0650,0,0,0.1187000,-0.3527000,0.0000000,64.8483000,-0.0534000,-23.2446000
20240301,430,C,50.4300,50.4300,50.4300,50.4300,0,0,0.1967000,0.9404000,0.0000000,20.6841000,-0.0993000,53.3829000
20240301,430,P,0.7250,0.7250,0.7250,0.7250,0,0,0.1872000,-0.0511000,0.0000000,18.3313000,-0.0313000,-3.3677000
20240301,462,C,20.7150,20.7150,20.7150,20.7150,0,0,0.1353000,0.7854000,0.0000000,50.9527000,-0.1217000,47.4583000
20240301,462,P,2.8550,2.8550,2.8550,2.8550,0,0,0.1331000,-0.2111000,0.0000000,50.4723000,-0.0535000,-13.8874000
20240301,494,C,2.0950,2.0950,2.0950,2.0950,0,0,0.0986000,0.2163000,0.0000000,51.2001000,-0.0662000,13.5603000
20240301,494,P,17.6100,17.6100,17.6100,17.6100,0,0,0.1259000,-0.7276000,0.0000000,57.9783000,-0.0214000,-48.9046000
20240301,355,C,124.2750,124.2750,124.2750,124.2750,0,0,0.3747000,0.9882000,0.0000000,5.3709000,-0.0709000,46.5273000
20240301,355,P,0.1250,0.1250,0.1250,0.1250,0,0,0.3364000,-0.0060000,0.0000000,3.0077000,-0.0098000,-0.4055000
20240301,483,C,5.9550,5.9550,5.9550,5.9550,0,0,0.1058000,0.4412000,0.0000000,68.8900000,-0.1041000,27.4267000
20240301,483,P,9.4400,9.4400,9.4400,9.4400,0,0,0.1115000,-0.5549000,0.0000000,68.9841000,-0.0386000,-36.7651000
20240301,515,C,0.1750,0.1750,0.1750,0.1750,0,0,0.0986000,0.0264000,0.0000000,10.6815000,-0.0125000,1.6661000
20240301,515,P,38.5150,38.5150,38.5150,38.5150,0,0,0.2089000,-0.8117000,0.0000000,47.1012000,-0.0385000,-57.0944000
20240301,525,C,0.0750,0.0750,0.0750,0.0750,0,0,0.1064000,0.0111000,0.0000000,5.1222000,-0.0063000,0.7048000
20240301,525,P,48.5150,48.5150,48.5150,48.5150,0,0,0.2448000,-0.8307000,0.0000000,44.0574000,-0.0454000,-59.6487000
20240301,482.5,C,6.2050,6.2050,6.2050,6.2050,0,0,0.1063000,0.4521000,0.0000000,69.1442000,-0.1054000,28.0882000
20240301,482.5,P,9.1600,9.1600,9.1600,9.1600,0,0,0.1115000,-0.5449000,0.0000000,69.2040000,-0.0396000,-36.0858000
20240301,440,C,40.8250,40.8250,40.8250,40.8250,0,0,0.1763000,0.9153000,0.0000000,27.0721000,-0.1062000,53.0723000
20240301,440,P,1.0450,1.0450,1.0450,1.0450,0,0,0.1693000,-0.0764000,0.0000000,25.0685000,-0.0378000,-5.0280000
20240301,472,C,12.7450,12.7450,12.7450,12.7450,0,0,0.1193000,0.6555000,0.0000000,64.2832000,-0.1218000,40.2209000
20240301,472,P,4.9200,4.9200,4.9200,4.9200,0,0,0.1194000,-0.3444000,0.0000000,64.2855000,-0.0537000,-22.6957000
20240301,365,C,114.3750,114.3750,114.3750,114.3750,0,0,0.3491000,0.9862000,0.0000000,6.1505000,-0.0736000,47.7283000
20240301,365,P,0.1550,0.1550,0.1550,0.1550,0,0,0.3168000,-0.0078000,0.0000000,3.7730000,-0.0116000,-0.5236000
20240301,461,C,21.5750,21.5750,21.5750,21.5750,0,0,0.1371000,0.7950000,0.0000000,49.5970000,-0.1213000,47.9581000
20240301,461,P,2.7150,2.7150,2.7150,2.7150,0,0,0.1347000,-0.2011000,0.0000000,49.0439000,-0.0531000,-13.2303000
20240301,493,C,2.3250,2.3250,2.3250,2.3250,0,0,0.0989000,0.2339000,0.0000000,53.5100000,-0.0698000,14.6506000
20240301,493,P,16.7000,16.7000,16.7000,16.7000,0,0,0.1228000,-0.7179000,0.0000000,58.9752000,-0.0217000,-48.1644000
20240301,535,C,0.0350,0.0350,0.0350,0.0350,0,0,0.1137000,0.0048000,0.0000000,2.4486000,-0.0031000,0.3050000
20240301,535,P,58.5150,58.5150,58.5150,58.5150,0,0,0.2788000,-0.8445000,0.0000000,41.6848000,-0.0515000,-61.8739000
20240301,450,C,31.4100,31.4100,31.4100,31.4100,0,0,0.1565000,0.8747000,0.0000000,35.9855000,-0.1135000,51.7368000
20240301,450,P,1.6050,1.6050,1.6050,1.6050,0,0,0.1525000,-0.1193000,0.0000000,34.7883000,-0.0456000,-7.8487000
20240301,482,C,6.4600,6.4600,6.4600,6.4600,0,0,0.1069000,0.4629000,0.0000000,69.3459000,-0.1068000,28.7465000
20240301,482,P,8.8900,8.8900,8.8900,8.8900,0,0,0.1116000,-0.5348000,0.0000000,69.3807000,-0.0406000,-35.4028000
20240301,375,C,104.4850,104.4850,104.4850,104.4850,0,0,0.3244000,0.9835000,0.0000000,7.1479000,-0.0766000,48.8874000
20240301,375,P,0.1850,0.1850,0.1850,0.1850,0,0,0.2958000,-0.0099000,0.0000000,4.6259000,-0.0132000,-0.6595000
20240301,471,C,13.4850,13.4850,13.4850,13.4850,0,0,0.1209000,0.6713000,0.0000000,63.1171000,-0.1224000,41.1341000
20240301,471,P,4.6450,4.6450,4.6450,4.6450,0,0,0.1205000,-0.3281000,0.0000000,63.0803000,-0.0541000,-21.6131000
20240301,545,C,0.0250,0.0250,0.0250,0.0250,0,0,0.1250000,0.0029000,0.0000000,1.5633000,-0.0021000,0.1848000
20240301,545,P,68.5150,68.5150,68.5150,68.5150,0,0,0.3113000,-0.8550000,0.0000000,39.7794000,-0.0571000,-63.8905000
20240301,460,C,22.4350,22.4350,22.4350,22.4350,0,0,0.1387000,0.8044000,0.0000000,48.2185000,-0.1207000,48.4434000
20240301,460,P,2.5800,2.5800,2.5800,2.5800,0,0,0.1364000,-0.1917000,0.0000000,47.6424000,-0.0526000,-12.6120000
20240301,492,C,2.5850,2.5850,2.5850,2.5850,0,0,0.0994000,0.2526000,0.0000000,55.7888000,-0.0737000,15.8155000
20240301,492,P,15.8200,15.8200,15.8200,15.8200,0,0,0.1202000,-0.7068000,0.0000000,60.0602000,-0.0223000,-47.3371000
20240301,385,C,94.6050,94.6050,94.6050,94.6050,0,0,0.3002000,0.9801000,0.0000000,8.3934000,-0.0798000,49.9959000
20240301,385,P,0.2250,0.2250,0.2250,0.2250,0,0,0.2753000,-0.0127000,0.0000000,5.7478000,-0.0152000,-0.8453000
20240301,481,C,6.9850,6.9850,6.9850,6.9850,0,0,0.1079000,0.4843000,0.0000000,69.5925000,-0.1091000,30.0434000
20240301,481,P,8.3800,8.3800,8.3800,8.3800,0,0,0.1120000,-0.5144000,0.0000000,69.6002000,-0.0426000,-34.0343000
20240301,470,C,14.2350,14.2350,14.2350,14.2350,0,0,0.1223000,0.6866000,0.0000000,61.8784000,-0.1227000,42.0096000
20240301,470,P,4.3950,4.3950,4.3950,4.3950,0,0,0.1218000,-0.3127000,0.0000000,61.8218000,-0.0545000,-20.5911000
20240301,395,C,84.7300,84.7300,84.7300,84.7300,0,0,0.2761000,0.9758000,0.0000000,9.9147000,-0.0832000,51.0444000
20240301,395,P,0.2850,0.2850,0.2850,0.2850,0,0,0.2558000,-0.0168000,0.0000000,7.3114000,-0.0178000,-1.1165000
20240301,459,C,23.3050,23.3050,23.3050,23.3050,0,0,0.1404000,0.8132000,0.0000000,46.8696000,-0.1201000,48.8923000
20240301,459,P,2.4550,2.4550,2.4550,2.4550,0,0,0.1378000,-0.1825000,0.0000000,46.2100000,-0.0520000,-12.0037000
20240301,491,C,2.8650,2.8650,2.8650,2.8650,0,0,0.1000000,0.2720000,0.0000000,57.9370000,-0.0775000,17.0150000
20240301,491,P,14.9750,14.9750,14.9750,14.9750,0,0,0.1179000,-0.6945000,0.0000000,61.1942000,-0.0233000,-46.4335000
20240315,320,C,159.6550,159.6550,159.6550,159.6550,0,0,0.4409000,0.9901000,0.0000000,5.1759000,-0.0638000,53.0168000
20240315,320,P,0.1150,0.1150,0.1150,0.1150,0,0,0.3886000,-0.0043000,0.0000000,2.5218000,-0.0075000,-0.3728000
20240315,448,C,34.7300,34.7300,34.7300,34.7300,0,0,0.1608000,0.8640000,0.0000000,42.8406000,-0.1104000,64.0326000
20240315,448,P,2.2350,2.2350,2.2350,2.2350,0,0,0.1606000,-0.1356000,0.0000000,42.7852000,-0.0456000,-11.3605000
20240315,512,C,0.5050,0.5050,0.5050,0.5050,0,0,0.0975000,0.0613000,0.0000000,23.7989000,-0.0229000,4.8791000
20240315,512,P,35.5200,35.5200,35.5200,35.5200,0,0,0.1897000,-0.7778000,0.0000000,58.4662000,-0.0303000,-68.9904000
20240315,640,P,163.4950,163.4950,163.4950,163.4950,0,0,0.5395000,-0.8800000,0.0000000,39.2816000,-0.0861000,-98.9938000
20240315,405,C,75.8750,75.8750,75.8750,75.8750,0,0,0.2423000,0.9614000,0.0000000,16.4262000,-0.0877000,64.9258000
20240315,405,P,0.6050,0.6050,0.6050,0.6050,0,0,0.2315000,-0.0325000,0.0000000,14.2812000,-0.0243000,-2.7332000
20240315,469,C,16.7250,16.7250,16.7250,16.7250,0,0,0.1265000,0.6921000,0.0000000,69.0687000,-0.1160000,53.1788000
20240315,469,P,5.3500,5.3500,5.3500,5.3500,0,0,0.1310000,-0.3132000,0.0000000,69.5953000,-0.0510000,-26.2634000
20240315,575,C,0.0150,0.0150,0.0150,0.0150,0,0,0.1425000,0.0012000,0.0000000,0.8298000,-0.0010000,0.1020000
20240315,575,P,98.5100,98.5100,98.5100,98.5100,0,0,0.3801000,-0.8562000,0.0000000,44.4953000,-0.0627000,-86.0342000
20240315,426,C,55.4900,55.4900,55.4900,55.4900,0,0,0.2011000,0.9332000,0.0000000,25.4088000,-0.0978000,66.1088000
20240315,426,P,1.0550,1.0550,1.0550,1.0550,0,0,0.1953000,-0.0613000,0.0000000,23.8148000,-0.0331000,-5.1468000
20240315,490,C,4.4450,4.4450,4.4450,4.4450,0,0,0.1038000,0.3364000,0.0000000,71.6619000,-0.0826000,26.4754000
20240315,490,P,14.8400,14.8400,14.8400,14.8400,0,0,0.1212000,-0.6386000,0.0000000,73.5643000,-0.0255000,-54.2064000
20240315,255,C,223.9750,223.9750,223.9750,223.9750,0,0,0.6289000,0.9950000,0.0000000,2.8367000,-0.0507000,42.4860000
20240315,255,P,0.0350,0.0350,0.0350,0.0350,0,0,0.5156000,-0.0009000,0.0000000,0.6609000,-0.0026000,-0.0859000
20240315,447,C,35.6450,35.6450,35.6450,35.6450,0,0,0.1623000,0.8691000,0.0000000,41.7372000,-0.1097000,64.2876000
20240315,447,P,2.1500,2.1500,2.1500,2.1500,0,0,0.1622000,-0.1306000,0.0000000,41.6907000,-0.0451000,-10.9412000
20240315,340,C,139.8900,139.8900,139.8900,139.8900,0,0,0.3916000,0.9870000,0.0000000,6.5555000,-0.0687000,56.1238000
20240315,340,P,0.1650,0.1650,0.1650,0.1650,0,0,0.3510000,-0.0068000,0.0000000,3.7368000,-0.0100000,-0.5786000
20240315,404,C,76.8500,76.8500,76.8500,76.8500,0,0,0.2445000,0.9622000,0.0000000,16.1505000,-0.0873000,64.8234000
20240315,404,P,0.5900,0.5900,0.5900,0.5900,0,0,0.2336000,-0.0317000,0.0000000,14.0159000,-0.0241000,-2.6724000
20240315,468,C,17.5100,17.5100,17.5100,17.5100,0,0,0.1282000,0.7041000,0.0000000,67.8424000,-0.1164000,54.0184000
20240315,468,P,5.1100,5.1100,5.1100,5.1100,0,0,0.1322000,-0.3008000,0.0000000,68.3684000,-0.0513000,-25.2195000
20240315,660,P,183.4950,183.4950,183.4950,183.4950,0,0,0.5841000,-0.8840000,0.0000000,38.3402000,-0.0926000,-102.7184000
20240315,425,C,56.4550,56.4550,56.4550,56.4550,0,0,0.2030000,0.9352000,0.0000000,24.8290000,-0.0972000,66.1041000
20240315,425,P,1.0250,1.0250,1.0250,1.0250,0,0,0.1970000,-0.0594000,0.0000000,23.2217000,-0.0326000,-4.9841000
20240315,489,C,4.8250,4.8250,4.8250,4.8250,0,0,0.1045000,0.3551000,0.0000000,73.1174000,-0.0855000,27.9228000
20240315,489,P,14.1150,14.1150,14.1150,14.1150,0,0,0.1201000,-0.6245000,0.0000000,74.4938000,-0.0268000,-52.9424000
20240315,595,P,118.5050,118.5050,118.5050,118.5050,0,0,0.4320000,-0.8660000,0.0000000,42.4024000,-0.0704000,-90.2244000
20240315,446,C,36.5700,36.5700,36.5700,36.5700,0,0,0.1643000,0.8733000,0.0000000,40.7873000,-0.1092000,64.4752000
20240315,446,P,2.0700,2.0700,2.0700,2.0700,0,0,0.1637000,-0.1257000,0.0000000,40.5914000,-0.0445000,-10.5283000
20240315,510,C,0.6250,0.6250,0.6250,0.6250,0,0,0.0974000,0.0736000,0.0000000,27.4143000,-0.0265000,5.8554000
20240315,510,P,33.5200,33.5200,33.5200,33.5200,0,0,0.1826000,-0.7721000,0.0000000,59.3151000,-0.0289000,-68.1873000
20240315,275,C,204.1800,204.1800,204.1800,204.1800,0,0,0.5687000,0.9937000,0.0000000,3.4381000,-0.0549000,45.7501000
20240315,275,P,0.0550,0.0550,0.0550,0.0550,0,0,0.4804000,-0.0017000,0.0000000,1.1022000,-0.0041000,-0.1501000
20240315,403,C,77.8300,77.8300,77.8300,77.8300,0,0,0.2465000,0.9630000,0.0000000,15.8572000,-0.0869000,64.7251000
20240315,403,P,0.5750,0.5750,0.5750,0.5750,0,0,0.2349000,-0.0306000,0.0000000,13.6159000,-0.0235000,-2.5806000
20240315,467,C,18.2850,18.2850,18.2850,18.2850,0,0,0.1295000,0.7162000,0.0000000,66.5287000,-0.1164000,54.8646000
20240315,467,P,4.8850,4.8850,4.8850,4.8850,0,0,0.1334000,-0.2889000,0.0000000,67.1042000,-0.0514000,-24.2142000
20240315,360,C,120.1400,120.1400,120.1400,120.1400,0,0,0.3432000,0.9828000,0.0000000,8.3545000,-0.0737000,59.1366000
20240315,360,P,0.2350,0.2350,0.2350,0.2350,0,0,0.3129000,-0.0105000,0.0000000,5.4692000,-0.0130000,-0.8902000
20240315,424,C,57.4150,57.4150,57.4150,57.4150,0,0,0.2047000,0.9371000,0.0000000,24.2481000,-0.0966000,66.0981000
20240315,424,P,0.9950,0.9950,0.9950,0.9950,0,0,0.1986000,-0.0575000,0.0000000,22.6283000,-0.0321000,-4.8230000
20240315,488,C,5.2250,5.2250,5.2250,5.2250,0,0,0.1052000,0.3739000,0.0000000,74.3968000,-0.0883000,29.3770000
20240315,488,P,13.4400,13.4400,13.4400,13.4400,0,0,0.1195000,-0.6092000,0.0000000,75.3840000,-0.0285000,-51.5951000
20240315,445,C,37.4900,37.4900,37.4900,37.4900,0,0,0.1660000,0.8779000,0.0000000,39.7588000,-0.1086000,64.6865000
20240315,445,P,1.9950,1.9950,1.9950,1.9950,0,0,0.1651000,-0.1208000,0.0000000,39.4869000,-0.0439000,-10.1218000
20240315,615,P,138.5000,138.5000,138.5000,138.5000,0,0,0.4813000,-0.8732000,0.0000000,40.8223000,-0.0777000,-94.2007000
20240315,210,C,268.5350,268.5350,268.5350,268.5350,0,0,0.7882000,0.9966000,0.0000000,1.9809000,-0.0426000,35.0507000
20240315,210,P,0.0150,0.0150,0.0150,0.0150,0,0,0.6125000,-0.0003000,0.0000000,0.2358000,-0.0011000,-0.0283000
20240315,402,C,78.8100,78.8100,78.8100,78.8100,0,0,0.2487000,0.9638000,0.0000000,15.5939000,-0.0866000,64.6191000
20240315,402,P,0.5650,0.5650,0.5650,0.5650,0,0,0.2370000,-0.0300000,0.0000000,13.3653000,-0.0233000,-2.5239000
20240315,466,C,19.1000,19.1000,19.1000,19.1000,0,0,0.1313000,0.7270000,0.0000000,65.2793000,-0.1167000,55.6013000
20240315,466,P,4.6700,4.6700,4.6700,4.6700,0,0,0.1347000,-0.2775000,0.0000000,65.8242000,-0.0516000,-23.2582000
20240315,530,C,0.1050,0.1050,0.1050,0.1050,0,0,0.1064000,0.0139000,0.0000000,6.9752000,-0.0069000,1.1098000
20240315,530,P,53.5200,53.5200,53.5200,53.5200,0,0,0.2499000,-0.8144000,0.0000000,52.5091000,-0.0415000,-75.0109000
20240315,295,C,184.3850,184.3850,184.3850,184.3850,0,0,0.5085000,0.9925000,0.0000000,4.0405000,-0.0585000,49.0127000
20240315,295,P,0.0750,0.0750,0.0750,0.0750,0,0,0.4375000,-0.0025000,0.0000000,1.5585000,-0.0053000,-0.2191000
20240315,423,C,58.3700,58.3700,58.3700,58.3700,0,0,0.2064000,0.9391000,0.0000000,23.6665000,-0.0960000,66.0908000
20240315,423,P,0.9650,0.9650,0.9650,0.9650,0,0,0.2002000,-0.0556000,0.0000000,22.0349000,-0.0315000,-4.6634000
20240315,487,C,5.6500,5.6500,5.6500,5.6500,0,0,0.1061000,0.3929000,0.0000000,75.5062000,-0.0910000,30.8463000
20240315,487,P,12.8000,12.8000,12.8000,12.8000,0,0,0.1192000,-0.5935000,0.0000000,76.1789000,-0.0302000,-50.2115000
20240315,380,C,100.4250,100.4250,100.4250,100.4250,0,0,0.2967000,0.9764000,0.0000000,10.9317000,-0.0792000,61.9675000
20240315,380,P,0.3550,0.3550,0.3550,0.3550,0,0,0.2773000,-0.0172000,0.0000000,8.3638000,-0.0174000,-1.4519000
20240315,444,C,38.4200,38.4200,38.4200,38.4200,0,0,0.1678000,0.8820000,0.0000000,38.8095000,-0.1080000,64.8615000
20240315,444,P,1.9250,1.9250,1.9250,1.9250,0,0,0.1667000,-0.1164000,0.0000000,38.4622000,-0.0433000,-9.7526000
20240315,508,C,0.7750,0.7750,0.7750,0.7750,0,0,0.0974000,0.0884000,0.0000000,31.4777000,-0.0307000,7.0273000
20240315,508,P,31.5200,31.5200,31.5200,31.5200,0,0,0.1754000,-0.7658000,0.0000000,60.2187000,-0.0275000,-67.3414000
20240315,401,C,79.7900,79.7900,79.7900,79.7900,0,0,0.2509000,0.9645000,0.0000000,15.3362000,-0.0862000,64.5115000
20240315,401,P,0.5550,0.5550,0.5550,0.5550,0,0,0.2390000,-0.0292000,0.0000000,13.0978000,-0.0231000,-2.4637000
20240315,465,C,19.8850,19.8850,19.8850,19.8850,0,0,0.1324000,0.7385000,0.0000000,63.8833000,-0.1165000,56.3950000
20240315,465,P,4.4700,4.4700,4.4700,4.4700,0,0,0.1361000,-0.2666000,0.0000000,64.5190000,-0.0517000,-22.3372000
20240315,635,P,158.5000,158.5000,158.5000,158.5000,0,0,0.5284000,-0.8787000,0.0000000,39.5816000,-0.0847000,-98.0407000
20240315,230,C,248.7300,248.7300,248.7300,248.7300,0,0,0.7162000,0.9959000,0.0000000,2.3671000,-0.0465000,38.3545000
20240315,230,P,0.0250,0.0250,0.0250,0.0250,0,0,0.5749000,-0.0006000,0.0000000,0.4252000,-0.0019000,-0.0534000
20240315,422,C,59.3350,59.3350,59.3350,59.3350,0,0,0.2081000,0.9410000,0.0000000,23.0842000,-0.0953000,66.0822000
20240315,422,P,0.9350,0.9350,0.9350,0.9350,0,0,0.2018000,-0.0537000,0.0000000,21.4577000,-0.0310000,-4.5098000
20240315,486,C,6.0950,6.0950,6.0950,6.0950,0,0,0.1069000,0.4119000,0.0000000,76.4239000,-0.0935000,32.3026000
20240315,486,P,12.1850,12.1850,12.1850,12.1850,0,0,0.1189000,-0.5774000,0.0000000,76.8609000,-0.0319000,-48.8049000
20240315,550,C,0.0350,0.0350,0.0350,0.0350,0,0,0.1220000,0.0040000,0.0000000,2.3509000,-0.0025000,0.3225000
20240315,550,P,73.5150,73.5150,73.5150,73.5150,0,0,0.3104000,-0.8381000,0.0000000,48.1327000,-0.0517000,-80.3251000
20240315,315,C,164.6000,164.6000,164.6000,164.6000,0,0,0.4550000,0.9905000,0.0000000,4.9721000,-0.0629000,52.2120000
20240315,315,P,0.1050,0.1050,0.1050,0.1050,0,0,0.3984000,-0.0039000,0.0000000,2.2955000,-0.0070000,-0.3359000
20240315,443,C,39.3500,39.3500,39.3500,39.3500,0,0,0.1696000,0.8860000,0.0000000,37.8648000,-0.1074000,65.0292000
20240315,443,P,1.8550,1.8550,1.8550,1.8550,0,0,0.1682000,-0.1121000,0.0000000,37.4327000,-0.0427000,-9.3882000
20240315,400,C,80.7700,80.7700,80.7700,80.7700,0,0,0.2530000,0.9653000,0.0000000,15.0614000,-0.0858000,64.4077000
20240315,400,P,0.5350,0.5350,0.5350,0.5350,0,0,0.2402000,-0.0282000,0.0000000,12.7031000,-0.0225000,-2.3747000
20240315,464,C,20.6950,20.6950,20.6950,20.6950,0,0,0.1339000,0.7490000,0.0000000,62.5270000,-0.1164000,57.1106000
20240315,464,P,4.2800,4.2800,4.2800,4.2800,0,0,0.1375000,-0.2560000,0.0000000,63.1994000,-0.0517000,-21.4541000
20240315,421,C,60.3000,60.3000,60.3000,60.3000,0,0,0.2102000,0.9424000,0.0000000,22.6249000,-0.0949000,66.0380000
20240315,421,P,0.9100,0.9100,0.9100,0.9100,0,0,0.2038000,-0.0523000,0.0000000,21.0061000,-0.0307000,-4.3914000
20240315,485,C,6.5600,6.5600,6.5600,6.5600,0,0,0.1078000,0.4309000,0.0000000,77.1643000,-0.0960000,33.7612000
20240315,485,P,11.6100,11.6100,11.6100,11.6100,0,0,0.1191000,-0.5608000,0.0000000,77.4293000,-0.0338000,-47.3634000
20240315,655,P,178.5000,178.5000,178.5000,178.5000,0,0,0.5734000,-0.8830000,0.0000000,38.5839000,-0.0912000,-101.7864000
20240315,250,C,228.9300,228.9300,228.9300,228.9300,0,0,0.6484000,0.9950000,0.0000000,2.8045000,-0.0503000,41.6488000
20240315,250,P,0.0250,0.0250,0.0250,0.0250,0,0,0.5124000,-0.0006000,0.0000000,0.4656000,-0.0018000,-0.0586000
20240315,442,C,40.2800,40.2800,40.2800,40.2800,0,0,0.1713000,0.8900000,0.0000000,36.9245000,-0.1068000,65.1899000
20240315,442,P,1.7900,1.7900,1.7900,1.7900,0,0,0.1699000,-0.1082000,0.0000000,36.4928000,-0.0422000,-9.0621000
20240315,506,C,0.9600,0.9600,0.9600,0.9600,0,0,0.0978000,0.1061000,0.0000000,35.9852000,-0.0356000,8.4263000
20240315,506,P,29.5200,29.5200,29.5200,29.5200,0,0,0.1680000,-0.7590000,0.0000000,61.1773000,-0.0260000,-66.4486000
20240315,570,C,0.0150,0.0150,0.0150,0.0150,0,0,0.1367000,0.0013000,0.0000000,0.8899000,-0.0010000,0.1101000
20240315,570,P,93.5100,93.5100,93.5100,93.5100,0,0,0.3666000,-0.8532000,0.0000000,45.1111000,-0.0606000,-84.9449000
20240315,335,C,144.8300,144.8300,144.8300,144.8300,0,0,0.4040000,0.9878000,0.0000000,6.1932000,-0.0675000,55.3512000
20240315,335,P,0.1550,0.1550,0.1550,0.1550,0,0,0.3618000,-0.0062000,0.0000000,3.4646000,-0.0096000,-0.5318000
20240315,463,C,21.5250,21.5250,21.5250,21.5250,0,0,0.1355000,0.7589000,0.0000000,61.1976000,-0.1163000,57.7671000
20240315,463,P,4.0950,4.0950,4.0950,4.0950,0,0,0.1387000,-0.2457000,0.0000000,61.8362000,-0.0515000,-20.5852000
20240315,420,C,61.2700,61.2700,61.2700,61.2700,0,0,0.2122000,0.9439000,0.0000000,22.1774000,-0.0944000,65.9896000
20240315,420,P,0.8850,0.8850,0.8850,0.8850,0,0,0.2053000,-0.0505000,0.0000000,20.4273000,-0.0301000,-4.2400000
20240315,484,C,7.0500,7.0500,7.0500,7.0500,0,0,0.1087000,0.4497000,0.0000000,77.7210000,-0.0983000,35.2066000
20240315,484,P,11.0450,11.0450,11.0450,11.0450,0,0,0.1191000,-0.5442000,0.0000000,77.8597000,-0.0354000,-45.9233000
20240315,441,C,41.2150,41.2150,41.2150,41.2150,0,0,0.1729000,0.8938000,0.0000000,35.9883000,-0.1061000,65.3438000
20240315,441,P,1.7250,1.7250,1.7250,1.7250,0,0,0.1712000,-0.1040000,0.0000000,35.4628000,-0.0415000,-8.7099000
20240315,505,C,1.0600,1.0600,1.0600,1.0600,0,0,0.0977000,0.1151000,0.0000000,38.1570000,-0.0379000,9.1412000
20240315,505,P,28.5200,28.5200,28.5200,28.5200,0,0,0.1643000,-0.7553000,0.0000000,61.6795000,-0.0252000,-65.9820000
20240315,270,C,209.1250,209.1250,209.1250,209.1250,0,0,0.5812000,0.9942000,0.0000000,3.2050000,-0.0535000,44.9492000
20240315,270,P,0.0450,0.0450,0.0450,0.0450,0,0,0.4843000,-0.0013000,0.0000000,0.8963000,-0.0033000,-0.1195000
20240315,462,C,22.3850,22.3850,22.3850,22.3850,0,0,0.1375000,0.7677000,0.0000000,59.9520000,-0.1164000,58.3367000
20240315,462,P,3.9200,3.9200,3.9200,3.9200,0,0,0.1401000,-0.2361000,0.0000000,60.5034000,-0.0514000,-19.7755000
20240315,526,C,0.1450,0.1450,0.1450,0.1450,0,0,0.1040000,0.0189000,0.0000000,9.0938000,-0.0089000,1.5123000
20240315,526,P,49.5200,49.5200,49.5200,49.5200,0,0,0.2370000,-0.8081000,0.0000000,53.6153000,-0.0392000,-73.8148000
20240315,590,C,0.0150,0.0150,0.0150,0.0150,0,0,0.1601000,0.0010000,0.0000000,0.7077000,-0.0009000,0.0855000
20240315,590,P,113.5100,113.5100,113.5100,113.5100,0,0,0.4194000,-0.8637000,0.0000000,42.8975000,-0.0687000,-89.1917000
20240315,355,C,125.0750,125.0750,125.0750,125.0750,0,0,0.3544000,0.9841000,0.0000000,7.7825000,-0.0722000,58.4098000
20240315,355,P,0.2150,0.2150,0.2150,0.2150,0,0,0.3227000,-0.0094000,0.0000000,4.9913000,-0.0123000,-0.8024000
20240315,419,C,62.2350,62.2350,62.2350,62.2350,0,0,0.2138000,0.9457000,0.0000000,21.6062000,-0.0937000,65.9741000
20240315,419,P,0.8600,0.8600,0.8600,0.8600,0,0,0.2071000,-0.0490000,0.0000000,19.9559000,-0.0298000,-4.1183000
20240315,483,C,7.5600,7.5600,7.5600,7.5600,0,0,0.1096000,0.4685000,0.0000000,78.0980000,-0.1004000,36.6355000
20240315,483,P,10.5150,10.5150,10.5150,10.5150,0,0,0.1193000,-0.5273000,0.0000000,78.1572000,-0.0371000,-44.4700000
20240315,525,C,0.1550,0.1550,0.1550,0.1550,0,0,0.1032000,0.0203000,0.0000000,9.6674000,-0.0094000,1.6252000
20240315,525,P,48.5200,48.5200,48.5200,48.5200,0,0,0.2338000,-0.8063000,0.0000000,53.9117000,-0.0387000,-73.5043000
20240315,440,C,42.1550,42.1550,42.1550,42.1550,0,0,0.1748000,0.8973000,0.0000000,35.1304000,-0.1055000,65.4656000
20240315,440,P,1.6650,1.6650,1.6650,1.6650,0,0,0.1727000,-0.1001000,0.0000000,34.5128000,-0.0409000,-8.3912000
20240315,504,C,1.1800,1.1800,1.1800,1.1800,0,0,0.0979000,0.1255000,0.0000000,40.5485000,-0.0405000,9.9609000
20240315,504,P,27.5200,27.5200,27.5200,27.5200,0,0,0.1605000,-0.7515000,0.0000000,62.1983000,-0.0244000,-65.5002000
20240315,205,C,273.4900,273.4900,273.4900,273.4900,0,0,0.8128000,0.9966000,0.0000000,1.9819000,-0.0422000,34.2079000
20240315,205,P,0.0150,0.0150,0.0150,0.0150,0,0,0.6250000,-0.0002000,0.0000000,0.2125000,-0.0010000,-0.0253000
20240315,461,C,23.2000,23.2000,23.2000,23.2000,0,0,0.1387000,0.7774000,0.0000000,58.5301000,-0.1159000,58.9817000
20240315,461,P,3.7600,3.7600,3.7600,3.7600,0,0,0.1416000,-0.2268000,0.0000000,59.1733000,-0.0513000,-19.0014000
20240315,290,C,189.3350,189.3350,189.3350,189.3350,0,0,0.5234000,0.9928000,0.0000000,3.8835000,-0.0576000,48.1983000
20240315,290,P,0.0650,0.0650,0.0650,0.0650,0,0,0.4453000,-0.0022000,0.0000000,1.3640000,-0.0047000,-0.1891000
20240315,418,C,63.2050,63.2050,63.2050,63.2050,0,0,0.2158000,0.9471000,0.0000000,21.1681000,-0.0933000,65.9212000
20240315,418,P,0.8350,0.8350,0.8350,0.8350,0,0,0.2085000,-0.0473000,0.0000000,19.3919000,-0.0292000,-3.9735000
20240315,482,C,8.1000,8.1000,8.1000,8.1000,0,0,0.1107000,0.4870000,0.0000000,78.3010000,-0.1025000,38.0465000
20240315,482,P,10.0050,10.0050,10.0050,10.0050,0,0,0.1196000,-0.5105000,0.0000000,78.3147000,-0.0387000,-43.0188000
20240315,610,P,133.5050,133.5050,133.5050,133.5050,0,0,0.4692000,-0.8716000,0.0000000,41.1802000,-0.0759000,-93.2217000
20240315,375,C,105.3500,105.3500,105.3500,105.3500,0,0,0.3085000,0.9781000,0.0000000,10.2377000,-0.0779000,61.2730000
20240315,375,P,0.3250,0.3250,0.3250,0.3250,0,0,0.2868000,-0.0153000,0.0000000,7.5856000,-0.0164000,-1.2966000
20240315,439,C,43.0900,43.0900,43.0900,43.0900,0,0,0.1765000,0.9007000,0.0000000,34.2759000,-0.1049000,65.5820000
20240315,439,P,1.6050,1.6050,1.6050,1.6050,0,0,0.1743000,-0.0965000,0.0000000,33.5859000,-0.0402000,-8.0853000
20240315,545,C,0.0450,0.0450,0.0450,0.0450,0,0,0.1181000,0.0053000,0.0000000,3.0356000,-0.0032000,0.4295000
20240315,545,P,68.5150,68.5150,68.5150,68.5150,0,0,0.2957000,-0.8333000,0.0000000,49.0643000,-0.0493000,-79.0829000
20240315,460,C,24.0950,24.0950,24.0950,24.0950,0,0,0.1410000,0.7850000,0.0000000,57.3716000,-0.1161000,59.4452000
20240315,460,P,3.6000,3.6000,3.6000,3.6000,0,0,0.1429000,-0.2177000,0.0000000,57.8087000,-0.0510000,-18.2382000
20240315,524,C,0.1650,0.1650,0.1650,0.1650,0,0,0.1022000,0.0216000,0.0000000,10.1775000,-0.0098000,1.7271000
20240315,524,P,47.5200,47.5200,47.5200,47.5200,0,0,0.2305000,-0.8045000,0.0000000,54.2126000,-0.0381000,-73.1905000
20240315,225,C,253.6800,253.6800,253.6800,253.6800,0,0,0.7343000,0.9960000,0.0000000,2.2773000,-0.0456000,37.5275000
20240315,225,P,0.0150,0.0150,0.0150,0.0150,0,0,0.5625000,-0.0003000,0.0000000,0.2492000,-0.0011000,-0.0299000
20240315,417,C,64.1750,64.1750,64.1750,64.1750,0,0,0.2177000,0.9485000,0.0000000,20.7266000,-0.0928000,65.8685000
20240315,417,P,0.8150,0.8150,0.8150,0.8150,0,0,0.2104000,-0.0460000,0.0000000,18.9619000,-0.0288000,-3.8647000
20240315,481,C,8.6500,8.6500,8.6500,8.6500,0,0,0.1117000,0.5053000,0.0000000,78.3350000,-0.1043000,39.4310000
20240315,481,P,9.5250,9.5250,9.5250,9.5250,0,0,0.1201000,-0.4936000,0.0000000,78.3322000,-0.0402000,-41.5736000
20240315,310,C,169.5500,169.5500,169.5500,169.5500,0,0,0.4694000,0.9909000,0.0000000,4.7826000,-0.0621000,51.4043000
20240315,310,P,0.1050,0.1050,0.1050,0.1050,0,0,0.4121000,-0.0038000,0.0000000,2.2257000,-0.0071000,-0.3250000
20240315,438,C,44.0350,44.0350,44.0350,44.0350,0,0,0.1783000,0.9040000,0.0000000,33.4431000,-0.1043000,65.6872000
20240315,438,P,1.5550,1.5550,1.5550,1.5550,0,0,0.1760000,-0.0932000,0.0000000,32.7380000,-0.0397000,-7.8103000
20240315,502,C,1.4550,1.4550,1.4550,1.4550,0,0,0.0983000,0.1480000,0.0000000,45.3893000,-0.0460000,11.7365000
20240315,502,P,25.5200,25.5200,25.5200,25.5200,0,0,0.1529000,-0.7432000,0.0000000,63.2838000,-0.0228000,-64.4891000
20240315,630,P,153.5000,153.5000,153.5000,153.5000,0,0,0.5168000,-0.8774000,0.0000000,39.8652000,-0.0830000,-97.0911000
20240315,395,C,85.6750,85.6750,85.6750,85.6750,0,0,0.2635000,0.9688000,0.0000000,13.7958000,-0.0840000,63.8588000
20240315,395,P,0.4850,0.4850,0.4850,0.4850,0,0,0.2497000,-0.0249000,0.0000000,11.4581000,-0.0212000,-2.1007000
20240315,459,C,24.9400,24.9400,24.9400,24.9400,0,0,0.1425000,0.7935000,0.0000000,56.0325000,-0.1157000,59.9873000
20240315,459,P,3.4600,3.4600,3.4600,3.4600,0,0,0.1445000,-0.2094000,0.0000000,56.5097000,-0.0508000,-17.5404000
20240315,565,C,0.0150,0.0150,0.0150,0.0150,0,0,0.1289000,0.0013000,0.0000000,0.8409000,-0.0009000,0.1036000
20240315,565,P,88.5100,88.5100,88.5100,88.5100,0,0,0.3530000,-0.8500000,0.0000000,45.7808000,-0.0585000,-83.8313000
20240315,416,C,65.1450,65.1450,65.1450,65.1450,0,0,0.2196000,0.9499000,0.0000000,20.2817000,-0.0922000,65.8158000
20240315,416,P,0.7950,0.7950,0.7950,0.7950,0,0,0.2121000,-0.0446000,0.0000000,18.4995000,-0.0284000,-3.7483000
20240315,480,C,9.2300,9.2300,9.2300,9.2300,0,0,0.1128000,0.5233000,0.0000000,78.2082000,-0.1061000,40.7866000
20240315,480,P,9.0650,9.0650,9.0650,9.0650,0,0,0.1206000,-0.4769000,0.0000000,78.2112000,-0.0417000,-40.1406000
20240315,245,C,233.8750,233.8750,233.8750,233.8750,0,0,0.6609000,0.9954000,0.0000000,2.5913000,-0.0487000,40.8437000
20240315,245,P,0.0250,0.0250,0.0250,0.0250,0,0,0.5281000,-0.0006000,0.0000000,0.4590000,-0.0019000,-0.0578000
20240315,437,C,44.9800,44.9800,44.9800,44.9800,0,0,0.1802000,0.9069000,0.0000000,32.6863000,-0.1038000,65.7634000
20240315,437,P,1.4950,1.4950,1.4950,1.4950,0,0,0.1773000,-0.0895000,0.0000000,31.7817000,-0.0390000,-7.5039000
20240315,501,C,1.6100,1.6100,1.6100,1.6100,0,0,0.0986000,0.1605000,0.0000000,47.8927000,-0.0490000,12.7228000
20240315,501,P,24.5200,24.5200,24.5200,24.5200,0,0,0.1490000,-0.7387000,0.0000000,63.8529000,-0.0219000,-63.9563000
20240315,330,C,149.7700,149.7700,149.7700,149.7700,0,0,0.4165000,0.9886000,0.0000000,5.8481000,-0.0663000,54.5748000
20240315,330,P,0.1450,0.1450,0.1450,0.1450,0,0,0.3720000,-0.0056000,0.0000000,3.1855000,-0.0091000,-0.4842000
20240315,458,C,25.8000,25.8000,25.8000,25.8000,0,0,0.1441000,0.8015000,0.0000000,54.7171000,-0.1153000,60.4922000
20240315,458,P,3.3200,3.3200,3.3200,3.3200,0,0,0.1459000,-0.2012000,0.0000000,55.1819000,-0.0505000,-16.8513000
20240315,522,C,0.1950,0.1950,0.1950,0.1950,0,0,0.1013000,0.0256000,0.0000000,11.7337000,-0.0113000,2.0450000
20240315,522,P,45.5200,45.5200,45.5200,45.5200,0,0,0.2239000,-0.8008000,0.0000000,54.8353000,-0.0369000,-72.5494000
20240315,650,P,173.5000,173.5000,173.5000,173.5000,0,0,0.5623000,-0.8820000,0.0000000,38.8133000,-0.0896000,-100.8575000
20240315,415,C,66.1250,66.1250,66.1250,66.1250,0,0,0.2220000,0.9509000,0.0000000,19.9616000,-0.0920000,65.7294000
20240315,415,P,0.7750,0.7750,0.7750,0.7750,0,0,0.2139000,-0.0434000,0.0000000,18.0783000,-0.0280000,-3.6434000
20240315,479,C,9.8250,9.8250,9.8250,9.8250,0,0,0.1139000,0.5409000,0.0000000,77.9293000,-0.1076000,42.1121000
20240315,479,P,8.6250,8.6250,8.6250,8.6250,0,0,0.1212000,-0.4603000,0.0000000,77.9551000,-0.0430000,-38.7240000
20240315,585,P,108.5100,108.5100,108.5100,108.5100,0,0,0.4066000,-0.8614000,0.0000000,43.3985000,-0.0668000,-88.1536000
20240315,436,C,45.9200,45.9200,45.9200,45.9200,0,0,0.1819000,0.9101000,0.0000000,31.8589000,-0.1031000,65.8597000
20240315,436,P,1.4450,1.4450,1.4450,1.4450,0,0,0.1788000,-0.0864000,0.0000000,30.9411000,-0.0384000,-7.2395000
20240315,500,C,1.7800,1.7800,1.7800,1.7800,0,0,0.0989000,0.1736000,0.0000000,50.3673000,-0.0519000,13.7498000
20240315,500,P,23.5250,23.5250,23.5250,23.5250,0,0,0.1451000,-0.7340000,0.0000000,64.4432000,-0.0211000,-63.4017000
20240315,265,C,214.0750,214.0750,214.0750,214.0750,0,0,0.5968000,0.9945000,0.0000000,3.0763000,-0.0526000,44.1292000
20240315,265,P,0.0350,0.0350,0.0350,0.0350,0,0,0.4863000,-0.0010000,0.0000000,0.6990000,-0.0026000,-0.0910000
20240315,457,C,26.6700,26.6700,26.6700,26.6700,0,0,0.1457000,0.8091000,0.0000000,53.4376000,-0.1150000,60.9568000
20240315,457,P,3.1800,3.1800,3.1800,3.1800,0,0,0.1472000,-0.1931000,0.0000000,53.8315000,-0.0500000,-16.1738000
20240315,350,C,130.0150,130.0150,130.0150,130.0150,0,0,0.3669000,0.9851000,0.0000000,7.3585000,-0.0711000,57.6515000
20240315,350,P,0.1950,0.1950,0.1950,0.1950,0,0,0.3315000,-0.0083000,0.0000000,4.4847000,-0.0113000,-0.7106000
20240315,414,C,67.0950,67.0950,67.0950,67.0950,0,0,0.2238000,0.9522000,0.0000000,19.5232000,-0.0914000,65.6736000
20240315,414,P,0.7550,0.7550,0.7550,0.7550,0,0,0.2156000,-0.0421000,0.0000000,17.6401000,-0.0276000,-3.5348000
20240315,478,C,10.4400,10.4400,10.4400,10.4400,0,0,0.1151000,0.5581000,0.0000000,77.5085000,-0.1091000,43.3998000
20240315,478,P,8.2150,8.2150,8.2150,8.2150,0,0,0.1219000,-0.4440000,0.0000000,77.5695000,-0.0443000,-37.3313000
20240315,435,C,46.8700,46.8700,46.8700,46.8700,0,0,0.1838000,0.9128000,0.0000000,31.1244000,-0.1026000,65.9225000
20240315,435,P,1.4050,1.4050,1.4050,1.4050,0,0,0.1807000,-0.0837000,0.0000000,30.2144000,-0.0380000,-7.0146000
20240315,499,C,1.9700,1.9700,1.9700,1.9700,0,0,0.0994000,0.1875000,0.0000000,52.8690000,-0.0551000,14.8465000
20240315,499,P,22.5300,22.5300,22.5300,22.5300,0,0,0.1413000,-0.7287000,0.0000000,65.0844000,-0.0204000,-62.8054000
20240315,605,P,128.5050,128.5050,128.5050,128.5050,0,0,0.4569000,-0.8699000,0.0000000,41.5603000,-0.0741000,-92.2336000
20240315,200,C,278.4400,278.4400,278.4400,278.4400,0,0,0.8316000,0.9968000,0.0000000,1.8844000,-0.0412000,33.3820000
20240315,200,P,0.0150,0.0150,0.0150,0.0150,0,0,0.6437000,-0.0002000,0.0000000,0.2121000,-0.0010000,-0.0253000
20240315,456,C,27.5450,27.5450,27.5450,27.5450,0,0,0.1472000,0.8165000,0.0000000,52.1406000,-0.1145000,61.4107000
20240315,456,P,3.0550,3.0550,3.0550,3.0550,0,0,0.1486000,-0.1855000,0.0000000,52.5140000,-0.0496000,-15.5350000
20240315,520,C,0.2350,0.2350,0.2350,0.2350,0,0,0.1004000,0.0305000,0.0000000,13.5620000,-0.0130000,2.4328000
20240315,520,P,43.5200,43.5200,43.5200,43.5200,0,0,0.2173000,-0.7969000,0.0000000,55.4861000,-0.0356000,-71.8893000
20240315,285,C,194.2800,194.2800,194.2800,194.2800,0,0,0.5382000,0.9932000,0.0000000,3.7260000,-0.0567000,47.3840000
20240315,285,P,0.0650,0.0650,0.0650,0.0650,0,0,0.4589000,-0.0021000,0.0000000,1.3154000,-0.0047000,-0.1820000
20240315,413,C,68.0650,68.0650,68.0650,68.0650,0,0,0.2257000,0.9535000,0.0000000,19.0958000,-0.0909000,65.6141000
20240315,413,P,0.7350,0.7350,0.7350,0.7350,0,0,0.2174000,-0.0408000,0.0000000,17.2135000,-0.0272000,-3.4301000
20240315,477,C,11.0800,11.0800,11.0800,11.0800,0,0,0.1163000,0.5749000,0.0000000,76.9571000,-0.1104000,44.6476000
20240315,477,P,7.8200,7.8200,7.8200,7.8200,0,0,0.1227000,-0.4279000,0.0000000,77.0610000,-0.0454000,-35.9645000
20240315,370,C,110.2800,110.2800,110.2800,110.2800,0,0,0.3203000,0.9798000,0.0000000,9.5808000,-0.0766000,60.5687000
20240315,370,P,0.2950,0.2950,0.2950,0.2950,0,0,0.2961000,-0.0136000,0.0000000,6.8599000,-0.0153000,-1.1546000
20240315,434,C,47.8200,47.8200,47.8200,47.8200,0,0,0.1856000,0.9156000,0.0000000,30.3915000,-0.1020000,65.9820000
20240315,434,P,1.3550,1.3550,1.3550,1.3550,0,0,0.1821000,-0.0806000,0.0000000,29.3614000,-0.0373000,-6.7531000
20240315,498,C,2.1750,2.1750,2.1750,2.1750,0,0,0.0997000,0.2017000,0.0000000,55.2730000,-0.0581000,15.9638000
20240315,498,P,21.5600,21.5600,21.5600,21.5600,0,0,0.1378000,-0.7226000,0.0000000,65.7930000,-0.0198000,-62.1535000
20240315,455,C,28.4300,28.4300,28.4300,28.4300,0,0,0.1490000,0.8232000,0.0000000,50.9346000,-0.1141000,61.8029000
20240315,455,P,2.9350,2.9350,2.9350,2.9350,0,0,0.1501000,-0.1783000,0.0000000,51.2340000,-0.0492000,-14.9337000
20240315,625,P,148.5000,148.5000,148.5000,148.5000,0,0,0.5051000,-0.8761000,0.0000000,40.1630000,-0.0812000,-96.1357000
20240315,220,C,258.6350,258.6350,258.6350,258.6350,0,0,0.7519000,0.9962000,0.0000000,2.1735000,-0.0446000,36.7028000
20240315,220,P,0.0150,0.0150,0.0150,0.0150,0,0,0.5749000,-0.0003000,0.0000000,0.2280000,-0.0010000,-0.0272000
20240315,412,C,69.0400,69.0400,69.0400,69.0400,0,0,0.2280000,0.9544000,0.0000000,18.8012000,-0.0906000,65.5195000
20240315,412,P,0.7150,0.7150,0.7150,0.7150,0,0,0.2191000,-0.0396000,0.0000000,16.7983000,-0.0268000,-3.3289000
20240315,476,C,11.7300,11.7300,11.7300,11.7300,0,0,0.1175000,0.5912000,0.0000000,76.2836000,-0.1115000,45.8602000
20240315,476,P,7.4500,7.4500,7.4500,7.4500,0,0,0.1236000,-0.4122000,0.0000000,76.4373000,-0.0465000,-34.6272000
20240315,540,C,0.0550,0.0550,0.0550,0.0550,0,0,0.1132000,0.0068000,0.0000000,3.7608000,-0.0039000,0.5471000
20240315,540,P,63.5150,63.5150,63.5150,63.5150,0,0,0.2807000,-0.8278000,0.0000000,50.0868000,-0.0467000,-77.7929000
20240315,305,C,174.4900,174.4900,174.4900,174.4900,0,0,0.4819000,0.9915000,0.0000000,4.4976000,-0.0608000,50.6144000
20240315,305,P,0.0950,0.0950,0.0950,0.0950,0,0,0.4208000,-0.0033000,0.0000000,1.9901000,-0.0065000,-0.2871000
20240315,433,C,48.7750,48.7750,48.7750,48.7750,0,0,0.1874000,0.9183000,0.0000000,29.6600000,-0.1013000,66.0384000
20240315,433,P,1.3150,1.3150,1.3150,1.3150,0,0,0.1839000,-0.0779000,0.0000000,28.6390000,-0.0368000,-6.5353000
20240315,497,C,2.3900,2.3900,2.3900,2.3900,0,0,0.1001000,0.2168000,0.0000000,57.6680000,-0.0612000,17.1468000
20240315,497,P,20.5950,20.5950,20.5950,20.5950,0,0,0.1342000,-0.7163000,0.0000000,66.5230000,-0.0193000,-61.4713000
20240315,390,C,90.5850,90.5850,90.5850,90.5850,0,0,0.2744000,0.9717000,0.0000000,12.7157000,-0.0823000,63.2608000
20240315,390,P,0.4350,0.4350,0.4350,0.4350,0,0,0.2587000,-0.0219000,0.0000000,10.2784000,-0.0198000,-1.8476000
20240315,454,C,29.3200,29.3200,29.3200,29.3200,0,0,0.1508000,0.8297000,0.0000000,49.7318000,-0.1137000,62.1786000
20240315,454,P,2.8200,2.8200,2.8200,2.8200,0,0,0.1517000,-0.1715000,0.0000000,49.9866000,-0.0488000,-14.3648000
20240315,518,C,0.2750,0.2750,0.2750,0.2750,0,0,0.0991000,0.0355000,0.0000000,15.3795000,-0.0147000,2.8336000
20240315,518,P,41.5200,41.5200,41.5200,41.5200,0,0,0.2105000,-0.7926000,0.0000000,56.1743000,-0.0344000,-71.2050000
20240315,411,C,70.0150,70.0150,70.0150,70.0150,0,0,0.2298000,0.9557000,0.0000000,18.3797000,-0.0901000,65.4572000
20240315,411,P,0.6950,0.6950,0.6950,0.6950,0,0,0.2207000,-0.0383000,0.0000000,16.3673000,-0.0263000,-3.2246000
20240315,475,C,12.4000,12.4000,12.4000,12.4000,0,0,0.1188000,0.6071000,0.0000000,75.5011000,-0.1126000,47.0300000
20240315,475,P,7.0950,7.0950,7.0950,7.0950,0,0,0.1244000,-0.3967000,0.0000000,75.7034000,-0.0474000,-33.3152000
20240315,645,P,168.4950,168.4950,168.4950,168.4950,0,0,0.5509000,-0.8811000,0.0000000,39.0284000,-0.0878000,-99.9318000
20240315,240,C,238.8250,238.8250,238.8250,238.8250,0,0,0.6781000,0.9956000,0.0000000,2.4941000,-0.0479000,40.0179000
20240315,240,P,0.0250,0.0250,0.0250,0.0250,0,0,0.5437000,-0.0006000,0.0000000,0.4500000,-0.0019000,-0.0566000
20240315,432,C,49.7250,49.7250,49.7250,49.7250,0,0,0.1891000,0.9209000,0.0000000,28.9299000,-0.1007000,66.0917000
20240315,432,P,1.2650,1.2650,1.2650,1.2650,0,0,0.1852000,-0.0749000,0.0000000,27.7924000,-0.0361000,-6.2825000
20240315,496,C,2.6250,2.6250,2.6250,2.6250,0,0,0.1004000,0.2322000,0.0000000,59.9555000,-0.0643000,18.3533000
20240315,496,P,19.6750,19.6750,19.6750,19.6750,0,0,0.1312000,-0.7083000,0.0000000,67.3949000,-0.0193000,-60.6736000
20240315,560,C,0.0250,0.0250,0.0250,0.0250,0,0,0.1308000,0.0025000,0.0000000,1.5507000,-0.0018000,0.2029000
20240315,560,P,83.5150,83.5150,83.5150,83.5150,0,0,0.3390000,-0.8464000,0.0000000,46.4980000,-0.0563000,-82.6946000
20240315,325,C,154.7150,154.7150,154.7150,154.7150,0,0,0.4287000,0.9894000,0.0000000,5.5035000,-0.0651000,53.7977000
20240315,325,P,0.1250,0.1250,0.1250,0.1250,0,0,0.3789000,-0.0048000,0.0000000,2.7681000,-0.0081000,-0.4135000
20240315,453,C,30.2050,30.2050,30.2050,30.2050,0,0,0.1522000,0.8364000,0.0000000,48.4623000,-0.1130000,62.5704000
20240315,453,P,2.7100,2.7100,2.7100,2.7100,0,0,0.1532000,-0.1649000,0.0000000,48.7399000,-0.0483000,-13.8117000
20240315,410,C,70.9900,70.9900,70.9900,70.9900,0,0,0.2321000,0.9565000,0.0000000,18.0871000,-0.0898000,65.3613000
20240315,410,P,0.6800,0.6800,0.6800,0.6800,0,0,0.2229000,-0.0375000,0.0000000,16.0802000,-0.0262000,-3.1562000
20240315,474,C,13.0900,13.0900,13.0900,13.0900,0,0,0.1201000,0.6224000,0.0000000,74.6233000,-0.1135000,48.1525000
20240315,474,P,6.7650,6.7650,6.7650,6.7650,0,0,0.1254000,-0.3817000,0.0000000,74.8752000,-0.0482000,-32.0454000
20240315,431,C,50.6850,50.6850,50.6850,50.6850,0,0,0.1912000,0.9231000,0.0000000,28.3232000,-0.1002000,66.1046000
20240315,431,P,1.2250,1.2250,1.2250,1.2250,0,0,0.1868000,-0.0724000,0.0000000,27.0743000,-0.0356000,-6.0715000
20240315,495,C,2.8750,2.8750,2.8750,2.8750,0,0,0.1009000,0.2483000,0.0000000,62.1868000,-0.0674000,19.6143000
20240315,495,P,18.7850,18.7850,18.7850,18.7850,0,0,0.1287000,-0.6993000,0.0000000,68.3418000,-0.0197000,-59.7939000
20240315,260,C,219.0250,219.0250,219.0250,219.0250,0,0,0.6125000,0.9947000,0.0000000,2.9464000,-0.0516000,43.3094000
20240315,260,P,0.0350,0.0350,0.0350,0.0350,0,0,0.5000000,-0.0010000,0.0000000,0.6695000,-0.0026000,-0.0869000
20240315,452,C,31.1100,31.1100,31.1100,31.1100,0,0,0.1542000,0.8421000,0.0000000,47.3620000,-0.1127000,62.8732000
20240315,452,P,2.6000,2.6000,2.6000,2.6000,0,0,0.1546000,-0.1584000,0.0000000,47.4766000,-0.0478000,-13.2657000
20240315,516,C,0.3350,0.3350,0.3350,0.3350,0,0,0.0983000,0.0424000,0.0000000,17.7620000,-0.0169000,3.3807000
20240315,516,P,39.5200,39.5200,39.5200,39.5200,0,0,0.2037000,-0.7880000,0.0000000,56.8976000,-0.0331000,-70.4962000
20240315,580,C,0.0150,0.0150,0.0150,0.0150,0,0,0.1484000,0.0011000,0.0000000,0.7808000,-0.0010000,0.0953000
20240315,580,P,103.5100,103.5100,103.5100,103.5100,0,0,0.3934000,-0.8589000,0.0000000,43.9265000,-0.0647000,-87.1028000
20240315,345,C,134.9500,134.9500,134.9500,134.9500,0,0,0.3793000,0.9861000,0.0000000,6.9563000,-0.0700000,56.8881000
20240315,345,P,0.1850,0.1850,0.1850,0.1850,0,0,0.3427000,-0.0077000,0.0000000,4.1921000,-0.0110000,-0.6589000
20240315,409,C,71.9650,71.9650,71.9650,71.9650,0,0,0.2338000,0.9578000,0.0000000,17.6714000,-0.0892000,65.2962000
20240315,409,P,0.6650,0.6650,0.6650,0.6650,0,0,0.2244000,-0.0364000,0.0000000,15.6699000,-0.0257000,-3.0583000
20240315,473,C,13.7950,13.7950,13.7950,13.7950,0,0,0.1213000,0.6373000,0.0000000,73.6520000,-0.1142000,49.2412000
20240315,473,P,6.4550,6.4550,6.4550,6.4550,0,0,0.1265000,-0.3672000,0.0000000,73.9621000,-0.0490000,-30.8169000
20240315,430,C,51.6350,51.6350,51.6350,51.6350,0,0,0.1928000,0.9256000,0.0000000,27.6123000,-0.0996000,66.1473000
20240315,430,P,1.1950,1.1950,1.1950,1.1950,0,0,0.1888000,-0.0703000,0.0000000,26.4636000,-0.0352000,-5.8947000
20240315,494,C,3.1550,3.1550,3.1550,3.1550,0,0,0.1015000,0.2653000,0.0000000,64.3635000,-0.0706000,20.9403000
20240315,494,P,17.9250,17.9250,17.9250,17.9250,0,0,0.1264000,-0.6893000,0.0000000,69.3446000,-0.0203000,-58.8347000
20240315,195,C,283.3950,283.3950,283.3950,283.3950,0,0,0.8515000,0.9969000,0.0000000,1.8018000,-0.0402000,32.5536000
20240315,195,P,0.0150,0.0150,0.0150,0.0150,0,0,0.6624000,-0.0002000,0.0000000,0.2099000,-0.0010000,-0.0251000
20240315,451,C,32.0050,32.0050,32.0050,32.0050,0,0,0.1556000,0.8482000,0.0000000,46.1421000,-0.1120000,63.2167000
20240315,451,P,2.5000,2.5000,2.5000,2.5000,0,0,0.1560000,-0.1523000,0.0000000,46.2585000,-0.0472000,-12.7533000
20240315,515,C,0.3700,0.3700,0.3700,0.3700,0,0,0.0983000,0.0469000,0.0000000,19.2659000,-0.0184000,3.7387000
20240315,515,P,38.5200,38.5200,38.5200,38.5200,0,0,0.2002000,-0.7856000,0.0000000,57.2744000,-0.0324000,-70.1312000
20240315,280,C,199.2300,199.2300,199.2300,199.2300,0,0,0.5535000,0.9935000,0.0000000,3.5827000,-0.0558000,46.5670000
20240315,280,P,0.0550,0.0550,0.0550,0.0550,0,0,0.4648000,-0.0017000,0.0000000,1.1101000,-0.0040000,-0.1510000
20240315,408,C,72.9400,72.9400,72.9400,72.9400,0,0,0.2362000,0.9586000,0.0000000,17.3938000,-0.0889000,65.1957000
20240315,408,P,0.6450,0.6450,0.6450,0.6450,0,0,0.2259000,-0.0352000,0.0000000,15.2450000,-0.0252000,-2.9576000
20240315,472,C,14.5100,14.5100,14.5100,14.5100,0,0,0.1227000,0.6516000,0.0000000,72.6097000,-0.1149000,50.2781000
20240315,472,P,6.1550,6.1550,6.1550,6.1550,0,0,0.1275000,-0.3530000,0.0000000,72.9643000,-0.0496000,-29.6176000
20240315,600,P,123.5050,123.5050,123.5050,123.5050,0,0,0.4445000,-0.8680000,0.0000000,41.9694000,-0.0723000,-91.2341000
20240315,365,C,115.2100,115.2100,115.2100,115.2100,0,0,0.3317000,0.9813000,0.0000000,8.9446000,-0.0751000,59.8583000
20240315,365,P,0.2650,0.2650,0.2650,0.2650,0,0,0.3049000,-0.0120000,0.0000000,6.1602000,-0.0142000,-1.0202000
20240315,429,C,52.6100,52.6100,52.6100,52.6100,0,0,0.1955000,0.9270000,0.0000000,27.2089000,-0.0995000,66.0956000
20240315,429,P,1.1550,1.1550,1.1550,1.1550,0,0,0.1903000,-0.0678000,0.0000000,25.7305000,-0.0346000,-5.6840000
20240315,493,C,3.4450,3.4450,3.4450,3.4450,0,0,0.1020000,0.2824000,0.0000000,66.3835000,-0.0736000,22.2760000
20240315,493,P,17.1000,17.1000,17.1000,17.1000,0,0,0.1247000,-0.6780000,0.0000000,70.4028000,-0.0213000,-57.7833000
20240315,535,C,0.0750,0.0750,0.0750,0.0750,0,0,0.1098000,0.0097000,0.0000000,5.1057000,-0.0051000,0.7748000
20240315,535,P,58.5150,58.5150,58.5150,58.5150,0,0,0.2654000,-0.8217000,0.0000000,51.2194000,-0.0441000,-76.4438000
20240315,450,C,32.9100,32.9100,32.9100,32.9100,0,0,0.1574000,0.8536000,0.0000000,45.0427000,-0.1115000,63.4976000
20240315,450,P,2.4100,2.4100,2.4100,2.4100,0,0,0.1577000,-0.1467000,0.0000000,45.1151000,-0.0468000,-12.2845000
20240315,514,C,0.4100,0.4100,0.4100,0.4100,0,0,0.0981000,0.0514000,0.0000000,20.7120000,-0.0198000,4.0925000
20240315,514,P,37.5200,37.5200,37.5200,37.5200,0,0,0.1968000,-0.7831000,0.0000000,57.6600000,-0.0317000,-69.7594000
20240315,215,C,263.5850,263.5850,263.5850,263.5850,0,0,0.7701000,0.9964000,0.0000000,2.0783000,-0.0436000,35.8766000
20240315,215,P,0.0150,0.0150,0.0150,0.0150,0,0,0.5937000,-0.0003000,0.0000000,0.2330000,-0.0010000,-0.0279000
20240315,407,C,73.9200,73.9200,73.9200,73.9200,0,0,0.2384000,0.9594000,0.0000000,17.0971000,-0.0886000,65.0997000
20240315,407,P,0.6350,0.6350,0.6350,0.6350,0,0,0.2280000,-0.0343000,0.0000000,14.9573000,-0.0250000,-2.8904000
20240315,471,C,15.2500,15.2500,15.2500,15.2500,0,0,0.1242000,0.6654000,0.0000000,71.5079000,-0.1155000,51.2640000
20240315,471,P,5.8750,5.8750,5.8750,5.8750,0,0,0.1286000,-0.3393000,0.0000000,71.8998000,-0.0502000,-28.4611000
20240315,300,C,179.4400,179.4400,179.4400,179.4400,0,0,0.4965000,0.9919000,0.0000000,4.3263000,-0.0599000,49.8030000
20240315,300,P,0.0850,0.0850,0.0850,0.0850,0,0,0.4296000,-0.0029000,0.0000000,1.7769000,-0.0059000,-0.2533000
20240315,428,C,53.5700,53.5700,53.5700,53.5700,0,0,0.1974000,0.9291000,0.0000000,26.5985000,-0.0989000,66.1047000
20240315,428,P,1.1150,1.1150,1.1150,1.1150,0,0,0.1917000,-0.0653000,0.0000000,25.0169000,-0.0339000,-5.4814000
20240315,492,C,3.7550,3.7550,3.7550,3.7550,0,0,0.1025000,0.3000000,0.0000000,68.2782000,-0.0767000,23.6436000
20240315,492,P,16.3100,16.3100,16.3100,16.3100,0,0,0.1232000,-0.6658000,0.0000000,71.4690000,-0.0224000,-56.6623000
20240315,620,P,143.5000,143.5000,143.5000,143.5000,0,0,0.4933000,-0.8747000,0.0000000,40.4839000,-0.0795000,-95.1717000
20240315,385,C,95.5050,95.5050,95.5050,95.5050,0,0,0.2856000,0.9741000,0.0000000,11.7915000,-0.0807000,62.6230000
20240315,385,P,0.3950,0.3950,0.3950,0.3950,0,0,0.2683000,-0.0194000,0.0000000,9.3003000,-0.0187000,-1.6433000
20240315,449,C,33.8150,33.8150,33.8150,33.8150,0,0,0.1589000,0.8592000,0.0000000,43.8660000,-0.1108000,63.8006000
20240315,449,P,2.3200,2.3200,2.3200,2.3200,0,0,0.1592000,-0.1411000,0.0000000,43.9576000,-0.0463000,-11.8204000
20240315,555,C,0.0250,0.0250,0.0250,0.0250,0,0,0.1240000,0.0026000,0.0000000,1.6314000,-0.0018000,0.2148000
20240315,555,P,78.5150,78.5150,78.5150,78.5150,0,0,0.3248000,-0.8425000,0.0000000,47.2765000,-0.0540000,-81.5285000
20240315,406,C,74.9000,74.9000,74.9000,74.9000,0,0,0.2406000,0.9603000,0.0000000,16.8072000,-0.0882000,65.0016000
20240315,406,P,0.6150,0.6150,0.6150,0.6150,0,0,0.2294000,-0.0332000,0.0000000,14.5531000,-0.0245000,-2.7959000
20240315,470,C,15.9950,15.9950,15.9950,15.9950,0,0,0.1255000,0.6788000,0.0000000,70.3334000,-0.1159000,52.2241000
20240315,470,P,5.6050,5.6050,5.6050,5.6050,0,0,0.1298000,-0.3260000,0.0000000,70.7709000,-0.0506000,-27.3398000
20240315,235,C,243.7800,243.7800,243.7800,243.7800,0,0,0.6992000,0.9957000,0.0000000,2.4784000,-0.0475000,39.1778000
20240315,235,P,0.0250,0.0250,0.0250,0.0250,0,0,0.5593000,-0.0006000,0.0000000,0.4386000,-0.0019000,-0.0552000
20240315,427,C,54.5250,54.5250,54.5250,54.5250,0,0,0.1989000,0.9315000,0.0000000,25.9045000,-0.0982000,66.1367000
20240315,427,P,1.0850,1.0850,1.0850,1.0850,0,0,0.1935000,-0.0633000,0.0000000,24.4076000,-0.0335000,-5.3109000
20240315,491,C,4.0900,4.0900,4.0900,4.0900,0,0,0.1032000,0.3182000,0.0000000,70.0600000,-0.0797000,25.0591000
20240315,491,P,15.5450,15.5450,15.5450,15.5450,0,0,0.1218000,-0.6529000,0.0000000,72.5079000,-0.0237000,-55.4895000
