1704901500000,20240110,4160000,C,584600,614800,1,1
1704901500000,20240110,4480000,C,268000,289900,1,1
1704901500000,20240110,4800000,P,40700,41100,1,1
1704901500000,20240110,4370000,C,382500,403700,1,1
1704901500000,20240110,4050000,C,708100,710000,1,1
1704901500000,20240110,4690000,C,67500,75000,1,1
1704901500000,20240110,4260000,C,491000,513400,1,1
1704901500000,20240110,4580000,C,176800,184500,1,1
1704901500000,20240110,4900000,P,137200,143200,1,1
1704901500000,20240110,4150000,C,594100,625100,1,1
1704901500000,20240110,4470000,C,274600,304800,1,1
1704901500000,20240110,4790000,P,30800,31100,1,1
1704901500000,20240110,4360000,C,392900,409700,1,1
1704901500000,20240110,5000000,P,237300,246700,1,1
1704901500000,20240110,4680000,C,77300,85500,1,1
1704901500000,20240110,4250000,C,494300,520100,1,1
1704901500000,20240110,4570000,C,186900,192500,1,1
1704901500000,20240110,4890000,P,127200,133200,1,1
1704901500000,20240110,4140000,C,604100,630400,1,1
1704901500000,20240110,4460000,C,284100,314800,1,1
1704901500000,20240110,4780000,C,100,200,1,1
1704901500000,20240110,4780000,P,20900,21200,1,1
1704901500000,20240110,5100000,P,330000,355600,1,1
1704901500000,20240110,4350000,C,406900,412400,1,1
1704901500000,20240110,4670000,C,87600,94500,1,1
1704901500000,20240110,4990000,P,225100,233100,1,1
1704901500000,20240110,4240000,C,504100,534900,1,1
1704901500000,20240110,4560000,C,196900,204200,1,1
1704901500000,20240110,5200000,P,424900,454100,1,1
1704901500000,20240110,4880000,P,114900,123100,1,1
1704901500000,20240110,4130000,C,614100,641300,1,1
1704901500000,20240110,4450000,C,306900,312400,1,1
1704901500000,20240110,4770000,C,500,600,1,1
1704901500000,20240110,4770000,P,11300,12000,1,1
1704901500000,20240110,4340000,C,405400,424700,1,1
1704901500000,20240110,4660000,C,98900,99300,1,1
1704901500000,20240110,4980000,P,217400,223000,1,1
1704901500000,20240110,5300000,P,532000,554000,1,1
1704901500000,20240110,4230000,C,514100,544400,1,1
1704901500000,20240110,4550000,C,206900,212200,1,1
1704901500000,20240110,4870000,P,107200,113200,1,1
1704901500000,20240110,4120000,C,624100,653600,1,1
1704901500000,20240110,4440000,C,307800,335400,1,1
1704901500000,20240110,4760000,C,2900,3000,1,1
1704901500000,20240110,4760000,P,3800,4000,1,1
1704901500000,20240110,5400000,P,639800,641700,1,1
1704901500000,20240110,4330000,C,414100,444900,1,1
1704901500000,20240110,4650000,C,107800,112200,1,1
1704901500000,20240110,4970000,P,206000,213100,1,1
1704901500000,20240110,4220000,C,527400,553900,1,1
1704901500000,20240110,4540000,C,216900,224200,1,1
1704901500000,20240110,4860000,P,96900,103200,1,1
1704901500000,20240110,4110000,C,641000,655100,1,1
1704901500000,20240110,4430000,C,314100,334700,1,1
1704901500000,20240110,4750000,C,9500,10000,1,1
1704901500000,20240110,4750000,P,700,800,1,1
1704901500000,20240110,4320000,C,424100,454700,1,1
1704901500000,20240110,4640000,C,116500,122600,1,1
1704901500000,20240110,4960000,P,197300,202700,1,1
1704901500000,20240110,4210000,C,534800,559900,1,1
1704901500000,20240110,4530000,C,226900,234300,1,1
1704901500000,20240110,4850000,P,87200,92600,1,1
1704901500000,20240110,4100000,C,644100,674400,1,1
1704901500000,20240110,4420000,C,324300,350600,1,1
1704901500000,20240110,4740000,C,18600,19400,1,1
1704901500000,20240110,4740000,P,100,200,1,1
1704901500000,20240110,4310000,C,434300,463400,1,1
1704901500000,20240110,4950000,P,185800,193100,1,1
1704901500000,20240110,4630000,C,127500,132000,1,1
1704901500000,20240110,4200000,C,544100,569900,1,1
1704901500000,20240110,4520000,C,224100,254300,1,1
1704901500000,20240110,4840000,P,77300,82300,1,1
1704901500000,20240110,4090000,C,654100,684400,1,1
1704901500000,20240110,4410000,C,342400,359900,1,1
1704901500000,20240110,4730000,C,29000,29400,1,1
1704901500000,20240110,4730000,P,100,200,1,1
1704901500000,20240110,5050000,P,285100,296200,1,1
1704901500000,20240110,4300000,C,444300,474400,1,1
1704901500000,20240110,4940000,P,175300,183100,1,1
1704901500000,20240110,4620000,C,137300,142700,1,1
1704901500000,20240110,4190000,C,554100,580700,1,1
1704901500000,20240110,4510000,C,235500,264200,1,1
1704901500000,20240110,4830000,P,70700,71100,1,1
1704901500000,20240110,5150000,P,378000,397000,1,1
1704901500000,20240110,5250000,P,474900,504200,1,1
1704901500000,20240110,4400000,C,356900,362900,1,1
1704901500000,20240110,4080000,C,664100,694400,1,1
1704901500000,20240110,4720000,C,39000,39400,1,1
1704901500000,20240110,4720000,P,100,200,1,1
1704901500000,20240110,4290000,C,454100,484400,1,1
1704901500000,20240110,4930000,P,167400,173100,1,1
1704901500000,20240110,4610000,C,146800,152600,1,1
1704901500000,20240110,5350000,P,589800,591700,1,1
1704901500000,20240110,4500000,C,256900,262000,1,1
1704901500000,20240110,4180000,C,572500,589700,1,1
1704901500000,20240110,4820000,P,60500,62200,1,1
1704901500000,20240110,4390000,C,355600,385000,1,1
1704901500000,20240110,4070000,C,688100,690000,1,1
1704901500000,20240110,4710000,C,48200,55100,1,1
1704901500000,20240110,4710000,P,100,200,1,1
1704901500000,20240110,5450000,P,689800,691700,1,1
1704901500000,20240110,4280000,C,465700,491400,1,1
1704901500000,20240110,4600000,C,156900,162500,1,1
1704901500000,20240110,4920000,P,157300,163100,1,1
1704901500000,20240110,4170000,C,581000,604200,1,1
1704901500000,20240110,4490000,C,254900,284900,1,1
1704901500000,20240110,4810000,P,50200,53200,1,1
1704901500000,20240110,4380000,C,365600,394100,1,1
1704901500000,20240110,4060000,C,698100,700000,1,1
1704901500000,20240110,4700000,C,58700,60400,1,1
1704901500000,20240110,4270000,C,474100,503800,1,1
1704901500000,20240110,4910000,P,147300,153100,1,1
1704901500000,20240110,4590000,C,166900,172500,1,1
1704901500000,20240111,4160000,C,599400,603700,1,1
1704901500000,20240111,4480000,C,279700,283900,1,1
1704901500000,20240111,4480000,P,100,200,1,1
1704901500000,20240111,4800000,C,3700,3800,1,1
1704901500000,20240111,4800000,P,41400,42500,1,1
1704901500000,20240111,4370000,C,389800,393500,1,1
1704901500000,20240111,4050000,C,709300,713600,1,1
1704901500000,20240111,4690000,C,72100,73500,1,1
1704901500000,20240111,4690000,P,800,900,1,1
1704901500000,20240111,4260000,C,499500,503900,1,1
1704901500000,20240111,4580000,C,179800,183800,1,1
1704901500000,20240111,4580000,P,100,200,1,1
1704901500000,20240111,4900000,P,138900,142800,1,1
1704901500000,20240111,4150000,C,609300,613700,1,1
1704901500000,20240111,4470000,C,289700,293600,1,1
1704901500000,20240111,4470000,P,100,200,1,1
1704901500000,20240111,4790000,C,5800,5900,1,1
1704901500000,20240111,4790000,P,33600,34200,1,1
1704901500000,20240111,4360000,C,399700,403500,1,1
1704901500000,20240111,4360000,P,100,200,1,1
1704901500000,20240111,4040000,C,719200,723600,1,1
1704901500000,20240111,4680000,C,81800,83200,1,1
1704901500000,20240111,4680000,P,500,600,1,1
1704901500000,20240111,5000000,P,238800,242800,1,1
1704901500000,20240111,4250000,C,509500,513800,1,1
1704901500000,20240111,4570000,C,189800,193700,1,1
1704901500000,20240111,4570000,P,100,200,1,1
1704901500000,20240111,4890000,P,128800,132800,1,1
1704901500000,20240111,4140000,C,619300,623800,1,1
1704901500000,20240111,4460000,C,299700,304000,1,1
1704901500000,20240111,4460000,P,100,200,1,1
1704901500000,20240111,4780000,C,8800,8900,1,1
1704901500000,20240111,4780000,P,26600,27000,1,1
1704901500000,20240111,5100000,P,338600,343000,1,1
1704901500000,20240111,4350000,C,409700,413800,1,1
1704901500000,20240111,4030000,C,729200,733600,1,1
1704901500000,20240111,4670000,C,91700,93100,1,1
1704901500000,20240111,4670000,P,300,400,1,1
1704901500000,20240111,4990000,P,228800,232800,1,1
1704901500000,20240111,4240000,C,519400,523800,1,1
1704901500000,20240111,4560000,C,199700,204100,1,1
1704901500000,20240111,4560000,P,100,200,1,1
1704901500000,20240111,4880000,C,100,200,1,1
1704901500000,20240111,4880000,P,118800,122800,1,1
1704901500000,20240111,5200000,P,438600,443000,1,1
1704901500000,20240111,4130000,C,629300,633800,1,1
1704901500000,20240111,4450000,C,309600,314000,1,1
1704901500000,20240111,4450000,P,100,200,1,1
1704901500000,20240111,4770000,C,12600,12700,1,1
1704901500000,20240111,4770000,P,20600,20800,1,1
1704901500000,20240111,4340000,C,419500,423900,1,1
1704901500000,20240111,4020000,C,739200,743500,1,1
1704901500000,20240111,4660000,C,101500,103000,1,1
1704901500000,20240111,4660000,P,200,300,1,1
1704901500000,20240111,4980000,P,218800,222800,1,1
1704901500000,20240111,5300000,P,538600,543000,1,1
1704901500000,20240111,4230000,C,529400,533900,1,1
1704901500000,20240111,4550000,C,209700,214100,1,1
1704901500000,20240111,4550000,P,100,200,1,1
1704901500000,20240111,4870000,C,100,200,1,1
1704901500000,20240111,4870000,P,108800,112800,1,1
1704901500000,20240111,4120000,C,639300,643800,1,1
1704901500000,20240111,4440000,C,319600,324000,1,1
1704901500000,20240111,4440000,P,100,200,1,1
1704901500000,20240111,4760000,C,17400,17500,1,1
1704901500000,20240111,4760000,P,15400,15500,1,1
1704901500000,20240111,5400000,P,638600,643000,1,1
1704901500000,20240111,4330000,C,429500,433900,1,1
1704901500000,20240111,4650000,C,111500,112900,1,1
1704901500000,20240111,4650000,P,200,300,1,1
1704901500000,20240111,4970000,P,208800,212800,1,1
1704901500000,20240111,4220000,C,539400,543900,1,1
1704901500000,20240111,4540000,C,219700,223900,1,1
1704901500000,20240111,4540000,P,100,200,1,1
1704901500000,20240111,4860000,C,100,200,1,1
1704901500000,20240111,4860000,P,98800,102800,1,1
1704901500000,20240111,4110000,C,649300,653600,1,1
1704901500000,20240111,4430000,C,330000,334000,1,1
1704901500000,20240111,4430000,P,100,200,1,1
1704901500000,20240111,4750000,C,23000,23200,1,1
1704901500000,20240111,4750000,P,11100,11200,1,1
1704901500000,20240111,4320000,C,439500,443700,1,1
1704901500000,20240111,4640000,C,121400,122900,1,1
1704901500000,20240111,4640000,P,100,200,1,1
1704901500000,20240111,4960000,P,198800,202800,1,1
1704901500000,20240111,4210000,C,549400,553900,1,1
1704901500000,20240111,4530000,C,229700,234100,1,1
1704901500000,20240111,4530000,P,100,200,1,1
1704901500000,20240111,4850000,C,200,300,1,1
1704901500000,20240111,4850000,P,88900,92800,1,1
1704901500000,20240111,4100000,C,659300,663800,1,1
1704901500000,20240111,4420000,C,339600,344000,1,1
1704901500000,20240111,4420000,P,100,200,1,1
1704901500000,20240111,4740000,C,29500,30000,1,1
1704901500000,20240111,4740000,P,7700,7800,1,1
1704901500000,20240111,4310000,C,449500,453800,1,1
1704901500000,20240111,4630000,C,129900,133900,1,1
1704901500000,20240111,4630000,P,100,200,1,1
1704901500000,20240111,4950000,P,188800,192800,1,1
1704901500000,20240111,4200000,C,559400,563900,1,1
1704901500000,20240111,4520000,C,239700,244100,1,1
1704901500000,20240111,4520000,P,100,200,1,1
1704901500000,20240111,4840000,C,400,500,1,1
1704901500000,20240111,4840000,P,78800,82800,1,1
1704901500000,20240111,4090000,C,669300,673700,1,1
1704901500000,20240111,4410000,C,349700,354000,1,1
1704901500000,20240111,4410000,P,100,200,1,1
1704901500000,20240111,4730000,C,36800,37500,1,1
1704901500000,20240111,4730000,P,5100,5200,1,1
1704901500000,20240111,5050000,P,288700,292900,1,1
1704901500000,20240111,4300000,C,459500,463800,1,1
1704901500000,20240111,4620000,C,139800,143900,1,1
1704901500000,20240111,4620000,P,100,200,1,1
1704901500000,20240111,4940000,P,178800,182800,1,1
1704901500000,20240111,4190000,C,569400,573800,1,1
1704901500000,20240111,4510000,C,249700,254100,1,1
1704901500000,20240111,4510000,P,100,200,1,1
1704901500000,20240111,4830000,C,700,800,1,1
1704901500000,20240111,4830000,P,68900,73000,1,1
1704901500000,20240111,5150000,P,388600,393000,1,1
1704901500000,20240111,5250000,P,488600,493000,1,1
1704901500000,20240111,4080000,C,679300,683700,1,1
1704901500000,20240111,4400000,C,359700,363600,1,1
1704901500000,20240111,4720000,C,44900,45800,1,1
1704901500000,20240111,4720000,P,3300,3400,1,1
1704901500000,20240111,4290000,C,469500,473700,1,1
1704901500000,20240111,4930000,P,168800,172800,1,1
1704901500000,20240111,4610000,C,149900,153800,1,1
1704901500000,20240111,4610000,P,100,200,1,1
1704901500000,20240111,5350000,P,588700,593000,1,1
1704901500000,20240111,4180000,C,579400,583700,1,1
1704901500000,20240111,4500000,C,259700,263700,1,1
1704901500000,20240111,4500000,P,100,200,1,1
1704901500000,20240111,4820000,C,1300,1400,1,1
1704901500000,20240111,4820000,P,58700,63100,1,1
1704901500000,20240111,4390000,C,369600,373600,1,1
1704901500000,20240111,4070000,C,689300,693700,1,1
1704901500000,20240111,4710000,C,53500,54700,1,1
1704901500000,20240111,4710000,P,2000,2100,1,1
1704901500000,20240111,5450000,P,688700,693000,1,1
1704901500000,20240111,4280000,C,479500,483800,1,1
1704901500000,20240111,4600000,C,159800,163800,1,1
1704901500000,20240111,4600000,P,100,200,1,1
1704901500000,20240111,4920000,P,158800,162800,1,1
1704901500000,20240111,4170000,C,589400,593800,1,1
1704901500000,20240111,4490000,C,269700,273700,1,1
1704901500000,20240111,4490000,P,100,200,1,1
1704901500000,20240111,4810000,C,2200,2300,1,1
1704901500000,20240111,4810000,P,50400,51800,1,1
1704901500000,20240111,4380000,C,379700,383600,1,1
1704901500000,20240111,4060000,C,699300,703600,1,1
1704901500000,20240111,4700000,C,62700,63900,1,1
1704901500000,20240111,4700000,P,1300,1400,1,1
1704901500000,20240111,4270000,C,489500,493900,1,1
1704901500000,20240111,4910000,P,148800,152800,1,1
1704901500000,20240111,4590000,C,169800,173800,1,1
1704901500000,20240111,4590000,P,100,200,1,1
1704901500000,20240112,4480000,C,280400,284800,1,1
1704901500000,20240112,4480000,P,200,300,1,1
1704901500000,20240112,4160000,C,600000,604500,1,1
1704901500000,20240112,4800000,C,6000,6100,1,1
1704901500000,20240112,4800000,P,43200,43900,1,1
1704901500000,20240112,4475000,C,285400,289900,1,1
1704901500000,20240112,4475000,P,200,300,1,1
1704901500000,20240112,4370000,C,390300,394600,1,1
1704901500000,20240112,4370000,P,100,200,1,1
1704901500000,20240112,4050000,C,709900,714400,1,1
1704901500000,20240112,4690000,C,74400,75600,1,1
1704901500000,20240112,4690000,P,2200,2300,1,1
1704901500000,20240112,4580000,C,182200,183700,1,1
1704901500000,20240112,4580000,P,300,400,1,1
1704901500000,20240112,4260000,C,500200,504500,1,1
1704901500000,20240112,4260000,P,100,200,1,1
1704901500000,20240112,4900000,C,100,200,1,1
1704901500000,20240112,4900000,P,138900,143100,1,1
1704901500000,20240112,4575000,C,187200,188700,1,1
1704901500000,20240112,4575000,P,300,400,1,1
1704901500000,20240112,4150000,C,610000,614500,1,1
1704901500000,20240112,4470000,C,290400,294900,1,1
1704901500000,20240112,4470000,P,200,300,1,1
1704901500000,20240112,4790000,C,8600,8700,1,1
1704901500000,20240112,4790000,P,35800,36200,1,1
1704901500000,20240112,4360000,C,400300,404700,1,1
1704901500000,20240112,4360000,P,200,300,1,1
1704901500000,20240112,4040000,C,719900,724400,1,1
1704901500000,20240112,5000000,P,238600,243000,1,1
1704901500000,20240112,4680000,C,83800,85100,1,1
1704901500000,20240112,4680000,P,1600,1700,1,1
1704901500000,20240112,4675000,C,88500,89800,1,1
1704901500000,20240112,4675000,P,1500,1600,1,1
1704901500000,20240112,4250000,C,510100,514500,1,1
1704901500000,20240112,4250000,P,100,200,1,1
1704901500000,20240112,4570000,C,192200,193600,1,1
1704901500000,20240112,4570000,P,300,400,1,1
1704901500000,20240112,4890000,C,100,200,1,1
1704901500000,20240112,4890000,P,128800,133100,1,1
1704901500000,20240112,3500000,C,1259400,1263700,1,1
1704901500000,20240112,4460000,C,300400,304900,1,1
1704901500000,20240112,4460000,P,200,300,1,1
1704901500000,20240112,4140000,C,620000,624500,1,1
1704901500000,20240112,4780000,C,11900,12000,1,1
1704901500000,20240112,4780000,P,29200,29500,1,1
1704901500000,20240112,5100000,P,338600,343000,1,1
1704901500000,20240112,4350000,C,410300,414600,1,1
1704901500000,20240112,4350000,P,100,200,1,1
1704901500000,20240112,4030000,C,729900,734400,1,1
1704901500000,20240112,4670000,C,93300,94700,1,1
1704901500000,20240112,4670000,P,1300,1400,1,1
1704901500000,20240112,4990000,P,228600,233000,1,1
1704901500000,20240112,3600000,C,1159500,1163800,1,1
1704901500000,20240112,4560000,C,200600,205000,1,1
1704901500000,20240112,4560000,P,200,300,1,1
1704901500000,20240112,4240000,C,520100,524600,1,1
1704901500000,20240112,4240000,P,100,200,1,1
1704901500000,20240112,5200000,P,438600,443000,1,1
1704901500000,20240112,4880000,C,200,300,1,1
1704901500000,20240112,4880000,P,119100,123100,1,1
1704901500000,20240112,4875000,C,300,400,1,1
1704901500000,20240112,4875000,P,114100,118100,1,1
1704901500000,20240112,4450000,C,310400,314700,1,1
1704901500000,20240112,4450000,P,200,300,1,1
1704901500000,20240112,4130000,C,630000,634500,1,1
1704901500000,20240112,4770000,C,16000,16100,1,1
1704901500000,20240112,4770000,P,23400,23500,1,1
1704901500000,20240112,3700000,C,1059600,1063900,1,1
1704901500000,20240112,4340000,C,420200,424600,1,1
1704901500000,20240112,4340000,P,100,200,1,1
1704901500000,20240112,4020000,C,739900,744200,1,1
1704901500000,20240112,4660000,C,103000,104400,1,1
1704901500000,20240112,4660000,P,1000,1100,1,1
1704901500000,20240112,4980000,P,218800,223000,1,1
1704901500000,20240112,5300000,P,538700,543000,1,1
1704901500000,20240112,4550000,C,210600,214900,1,1
1704901500000,20240112,4550000,P,300,400,1,1
1704901500000,20240112,4230000,C,530100,534600,1,1
1704901500000,20240112,4230000,P,100,200,1,1
1704901500000,20240112,4870000,C,300,400,1,1
1704901500000,20240112,4870000,P,109100,113100,1,1
1704901500000,20240112,3800000,C,960000,964000,1,1
1704901500000,20240112,4440000,C,320400,324800,1,1
1704901500000,20240112,4440000,P,200,300,1,1
1704901500000,20240112,4120000,C,640000,644300,1,1
1704901500000,20240112,4760000,C,20900,21000,1,1
1704901500000,20240112,4760000,P,18300,18400,1,1
1704901500000,20240112,5400000,P,638700,643000,1,1
1704901500000,20240112,4330000,C,430200,434700,1,1
1704901500000,20240112,4330000,P,100,200,1,1
1704901500000,20240112,4650000,C,112800,114200,1,1
1704901500000,20240112,4650000,P,800,900,1,1
1704901500000,20240112,4970000,P,208800,213000,1,1
1704901500000,20240112,3900000,C,859800,864200,1,1
1704901500000,20240112,4540000,C,220600,224900,1,1
1704901500000,20240112,4540000,P,200,300,1,1
1704901500000,20240112,4220000,C,540100,544600,1,1
1704901500000,20240112,4220000,P,100,200,1,1
1704901500000,20240112,4860000,C,500,600,1,1
1704901500000,20240112,4860000,P,99100,103100,1,1
1704901500000,20240112,4430000,C,330400,334800,1,1
1704901500000,20240112,4430000,P,200,300,1,1
1704901500000,20240112,4110000,C,650000,654400,1,1
1704901500000,20240112,4750000,C,26600,26800,1,1
1704901500000,20240112,4750000,P,14000,14100,1,1
1704901500000,20240112,4425000,C,335400,339700,1,1
1704901500000,20240112,4425000,P,200,300,1,1
1704901500000,20240112,4320000,C,440200,444700,1,1
1704901500000,20240112,4320000,P,100,200,1,1
1704901500000,20240112,4000000,C,759900,764300,1,1
1704901500000,20240112,4640000,C,122600,124000,1,1
1704901500000,20240112,4640000,P,600,700,1,1
1704901500000,20240112,4960000,P,198900,203100,1,1
1704901500000,20240112,4530000,C,230500,234900,1,1
1704901500000,20240112,4530000,P,200,300,1,1
1704901500000,20240112,4210000,C,550100,554400,1,1
1704901500000,20240112,4210000,P,100,200,1,1
1704901500000,20240112,4850000,C,700,800,1,1
1704901500000,20240112,4850000,P,89100,93100,1,1
1704901500000,20240112,4525000,C,235500,240000,1,1
1704901500000,20240112,4525000,P,200,300,1,1
1704901500000,20240112,4100000,C,660000,664300,1,1
1704901500000,20240112,4420000,C,340400,344700,1,1
1704901500000,20240112,4420000,P,200,300,1,1
1704901500000,20240112,4740000,C,33100,33500,1,1
1704901500000,20240112,4740000,P,10600,10700,1,1
1704901500000,20240112,4310000,C,450200,454700,1,1
1704901500000,20240112,4310000,P,100,200,1,1
1704901500000,20240112,4950000,P,188800,193100,1,1
1704901500000,20240112,4630000,C,132500,133900,1,1
1704901500000,20240112,4630000,P,500,600,1,1
1704901500000,20240112,4625000,C,137500,138900,1,1
1704901500000,20240112,4625000,P,500,600,1,1
1704901500000,20240112,4200000,C,560100,564500,1,1
1704901500000,20240112,4200000,P,100,200,1,1
1704901500000,20240112,4520000,C,240500,245000,1,1
1704901500000,20240112,4520000,P,200,300,1,1
1704901500000,20240112,4840000,C,1100,1200,1,1
1704901500000,20240112,4840000,P,79100,83100,1,1
1704901500000,20240112,4410000,C,350300,354800,1,1
1704901500000,20240112,4410000,P,100,200,1,1
1704901500000,20240112,4090000,C,670000,674400,1,1
1704901500000,20240112,5050000,P,288700,293000,1,1
1704901500000,20240112,4730000,C,40400,40800,1,1
1704901500000,20240112,4730000,P,7900,8000,1,1
1704901500000,20240112,4300000,C,460300,464700,1,1
1704901500000,20240112,4300000,P,100,200,1,1
1704901500000,20240112,4620000,C,142400,143900,1,1
1704901500000,20240112,4620000,P,500,600,1,1
1704901500000,20240112,4940000,P,178600,183100,1,1
1704901500000,20240112,3550000,C,1209400,1213800,1,1
1704901500000,20240112,4510000,C,250500,254900,1,1
1704901500000,20240112,4510000,P,200,300,1,1
1704901500000,20240112,4190000,C,570100,574400,1,1
1704901500000,20240112,4190000,P,100,200,1,1
1704901500000,20240112,5150000,P,388600,393000,1,1
1704901500000,20240112,4830000,C,1700,1800,1,1
1704901500000,20240112,4830000,P,69100,73100,1,1
1704901500000,20240112,5250000,P,488700,493000,1,1
1704901500000,20240112,4400000,C,360300,364800,1,1
1704901500000,20240112,4400000,P,100,200,1,1
1704901500000,20240112,4080000,C,680000,684300,1,1
1704901500000,20240112,4720000,C,48200,49000,1,1
1704901500000,20240112,4720000,P,5800,5900,1,1
1704901500000,20240112,3650000,C,1109500,1113900,1,1
1704901500000,20240112,4290000,C,470200,474500,1,1
1704901500000,20240112,4290000,P,100,200,1,1
1704901500000,20240112,4610000,C,152300,153800,1,1
1704901500000,20240112,4610000,P,400,500,1,1
1704901500000,20240112,4930000,C,100,200,1,1
1704901500000,20240112,4930000,P,168700,173100,1,1
1704901500000,20240112,5350000,P,588700,593000,1,1
1704901500000,20240112,4500000,C,260500,264900,1,1
1704901500000,20240112,4500000,P,200,300,1,1
1704901500000,20240112,4180000,C,580100,584400,1,1
1704901500000,20240112,4180000,P,100,200,1,1
1704901500000,20240112,4820000,C,2700,2800,1,1
1704901500000,20240112,4820000,P,60400,61800,1,1
1704901500000,20240112,3750000,C,1009600,1013900,1,1
1704901500000,20240112,4390000,C,370300,374800,1,1
1704901500000,20240112,4390000,P,100,200,1,1
1704901500000,20240112,4070000,C,689900,694400,1,1
1704901500000,20240112,4710000,C,56600,57500,1,1
1704901500000,20240112,4710000,P,4300,4400,1,1
1704901500000,20240112,5450000,P,688700,693000,1,1
1704901500000,20240112,4280000,C,480200,484600,1,1
1704901500000,20240112,4280000,P,100,200,1,1
1704901500000,20240112,4600000,C,162300,163800,1,1
1704901500000,20240112,4600000,P,400,500,1,1
1704901500000,20240112,4920000,C,100,200,1,1
1704901500000,20240112,4920000,P,158800,163100,1,1
1704901500000,20240112,3850000,C,909700,914000,1,1
1704901500000,20240112,4490000,C,270500,274800,1,1
1704901500000,20240112,4490000,P,200,300,1,1
1704901500000,20240112,4170000,C,590100,594400,1,1
1704901500000,20240112,4810000,C,4100,4200,1,1
1704901500000,20240112,4810000,P,51300,52500,1,1
1704901500000,20240112,4380000,C,380300,384700,1,1
1704901500000,20240112,4380000,P,100,200,1,1
1704901500000,20240112,4060000,C,699900,704400,1,1
1704901500000,20240112,4700000,C,65300,66400,1,1
1704901500000,20240112,4700000,P,3100,3200,1,1
1704901500000,20240112,3950000,C,809800,814100,1,1
1704901500000,20240112,4270000,C,490200,494600,1,1
1704901500000,20240112,4270000,P,100,200,1,1
1704901500000,20240112,4590000,C,172200,173700,1,1
1704901500000,20240112,4590000,P,300,400,1,1
1704901500000,20240112,4910000,C,100,200,1,1
1704901500000,20240112,4910000,P,148800,153100,1,1
1704901500000,20240116,4160000,C,600800,605200,1,1
1704901500000,20240116,4160000,P,100,200,1,1
1704901500000,20240116,4480000,C,281300,285700,1,1
1704901500000,20240116,4480000,P,300,400,1,1
1704901500000,20240116,4800000,C,8700,8800,1,1
1704901500000,20240116,4800000,P,45400,46100,1,1
1704901500000,20240116,4050000,C,710600,714900,1,1
1704901500000,20240116,4050000,P,100,200,1,1
1704901500000,20240116,4370000,C,391100,395400,1,1
1704901500000,20240116,4370000,P,300,400,1,1
1704901500000,20240116,4690000,C,76900,78000,1,1
1704901500000,20240116,4690000,P,4000,4100,1,1
1704901500000,20240116,4580000,C,181700,186000,1,1
1704901500000,20240116,4580000,P,600,700,1,1
1704901500000,20240116,4260000,C,500900,505300,1,1
1704901500000,20240116,4260000,P,200,300,1,1
1704901500000,20240116,4900000,C,300,400,1,1
1704901500000,20240116,4900000,P,139100,143100,1,1
1704901500000,20240116,4150000,C,610800,615100,1,1
1704901500000,20240116,4150000,P,100,200,1,1
1704901500000,20240116,4470000,C,291300,295600,1,1
1704901500000,20240116,4470000,P,300,400,1,1
1704901500000,20240116,4790000,C,11700,11800,1,1
1704901500000,20240116,4790000,P,38400,38800,1,1
1704901500000,20240116,4040000,C,720600,724900,1,1
1704901500000,20240116,4040000,P,100,200,1,1
1704901500000,20240116,4360000,C,401100,405500,1,1
1704901500000,20240116,4360000,P,300,400,1,1
1704901500000,20240116,4680000,C,86000,87200,1,1
1704901500000,20240116,4680000,P,3100,3200,1,1
1704901500000,20240116,5000000,P,238800,243000,1,1
1704901500000,20240116,4570000,C,191700,196000,1,1
1704901500000,20240116,4570000,P,600,700,1,1
1704901500000,20240116,4250000,C,510900,515400,1,1
1704901500000,20240116,4250000,P,200,300,1,1
1704901500000,20240116,4890000,C,300,400,1,1
1704901500000,20240116,4890000,P,129100,133100,1,1
1704901500000,20240116,4140000,C,620700,625100,1,1
1704901500000,20240116,4140000,P,100,200,1,1
1704901500000,20240116,4460000,C,301300,305700,1,1
1704901500000,20240116,4460000,P,300,400,1,1
1704901500000,20240116,4780000,C,15300,15400,1,1
1704901500000,20240116,4780000,P,32000,32300,1,1
1704901500000,20240116,5100000,P,338600,343000,1,1
1704901500000,20240116,4030000,C,730600,735000,1,1
1704901500000,20240116,4030000,P,100,200,1,1
1704901500000,20240116,4350000,C,411100,415400,1,1
1704901500000,20240116,4350000,P,200,300,1,1
1704901500000,20240116,4670000,C,95300,96600,1,1
1704901500000,20240116,4670000,P,2500,2600,1,1
1704901500000,20240116,4990000,C,100,200,1,1
1704901500000,20240116,4990000,P,228600,233000,1,1
1704901500000,20240116,4560000,C,201600,205900,1,1
1704901500000,20240116,4560000,P,500,600,1,1
1704901500000,20240116,4240000,C,520900,525200,1,1
1704901500000,20240116,4240000,P,200,300,1,1
1704901500000,20240116,4880000,C,400,500,1,1
1704901500000,20240116,4880000,P,119100,123100,1,1
1704901500000,20240116,5200000,P,438600,443000,1,1
1704901500000,20240116,4130000,C,630700,635000,1,1
1704901500000,20240116,4130000,P,100,200,1,1
1704901500000,20240116,4450000,C,311300,315600,1,1
1704901500000,20240116,4450000,P,300,400,1,1
1704901500000,20240116,4770000,C,19600,19700,1,1
1704901500000,20240116,4770000,P,26400,26500,1,1
1704901500000,20240116,4020000,C,740600,744800,1,1
1704901500000,20240116,4020000,P,100,200,1,1
1704901500000,20240116,4340000,C,421000,425400,1,1
1704901500000,20240116,4340000,P,200,300,1,1
1704901500000,20240116,4660000,C,104800,106100,1,1
1704901500000,20240116,4660000,P,2000,2100,1,1
1704901500000,20240116,4980000,C,100,200,1,1
1704901500000,20240116,4980000,P,218600,223000,1,1
1704901500000,20240116,5300000,P,538700,543000,1,1
1704901500000,20240116,4550000,C,211600,215900,1,1
1704901500000,20240116,4550000,P,500,600,1,1
1704901500000,20240116,4230000,C,530900,535300,1,1
1704901500000,20240116,4230000,P,200,300,1,1
1704901500000,20240116,4870000,C,600,700,1,1
1704901500000,20240116,4870000,P,109100,113100,1,1
1704901500000,20240116,4120000,C,640700,645000,1,1
1704901500000,20240116,4120000,P,100,200,1,1
1704901500000,20240116,4440000,C,321200,325600,1,1
1704901500000,20240116,4440000,P,300,400,1,1
1704901500000,20240116,4760000,C,24600,24800,1,1
1704901500000,20240116,4760000,P,21400,21500,1,1
1704901500000,20240116,5400000,P,638700,643000,1,1
1704901500000,20240116,4330000,C,431000,435500,1,1
1704901500000,20240116,4330000,P,200,300,1,1
1704901500000,20240116,4650000,C,114400,115700,1,1
1704901500000,20240116,4650000,P,1600,1700,1,1
1704901500000,20240116,4970000,C,100,200,1,1
1704901500000,20240116,4970000,P,208600,213100,1,1
1704901500000,20240116,4540000,C,221500,225900,1,1
1704901500000,20240116,4540000,P,500,600,1,1
1704901500000,20240116,4220000,C,540900,545200,1,1
1704901500000,20240116,4220000,P,200,300,1,1
1704901500000,20240116,4860000,C,900,1000,1,1
1704901500000,20240116,4860000,P,99100,103100,1,1
1704901500000,20240116,4110000,C,650700,655200,1,1
1704901500000,20240116,4110000,P,100,200,1,1
1704901500000,20240116,4430000,C,331200,335700,1,1
1704901500000,20240116,4430000,P,300,400,1,1
1704901500000,20240116,4750000,C,30400,30600,1,1
1704901500000,20240116,4750000,P,17200,17300,1,1
1704901500000,20240116,4320000,C,441000,445500,1,1
1704901500000,20240116,4320000,P,200,300,1,1
1704901500000,20240116,4640000,C,124100,125500,1,1
1704901500000,20240116,4640000,P,1400,1500,1,1
1704901500000,20240116,4960000,C,100,200,1,1
1704901500000,20240116,4960000,P,198700,203100,1,1
1704901500000,20240116,4530000,C,231500,235800,1,1
1704901500000,20240116,4530000,P,400,500,1,1
1704901500000,20240116,4210000,C,550800,555200,1,1
1704901500000,20240116,4210000,P,200,300,1,1
1704901500000,20240116,4850000,C,1400,1500,1,1
1704901500000,20240116,4850000,P,89100,93100,1,1
1704901500000,20240116,4100000,C,660700,665100,1,1
1704901500000,20240116,4100000,P,100,200,1,1
1704901500000,20240116,4420000,C,341200,345500,1,1
1704901500000,20240116,4420000,P,300,400,1,1
1704901500000,20240116,4740000,C,36800,37200,1,1
1704901500000,20240116,4740000,P,13600,13700,1,1
1704901500000,20240116,4310000,C,451000,455300,1,1
1704901500000,20240116,4310000,P,200,300,1,1
1704901500000,20240116,4630000,C,133900,135300,1,1
1704901500000,20240116,4630000,P,1200,1300,1,1
1704901500000,20240116,4950000,C,100,200,1,1
1704901500000,20240116,4950000,P,188600,193100,1,1
1704901500000,20240116,4520000,C,241400,245800,1,1
1704901500000,20240116,4520000,P,400,500,1,1
1704901500000,20240116,4200000,C,560800,565200,1,1
1704901500000,20240116,4200000,P,200,300,1,1
1704901500000,20240116,4840000,C,2200,2300,1,1
1704901500000,20240116,4840000,P,79100,83100,1,1
1704901500000,20240116,4090000,C,670700,675100,1,1
1704901500000,20240116,4090000,P,100,200,1,1
1704901500000,20240116,4410000,C,351200,355600,1,1
1704901500000,20240116,4410000,P,300,400,1,1
1704901500000,20240116,4730000,C,43800,44400,1,1
1704901500000,20240116,4730000,P,10700,10800,1,1
1704901500000,20240116,5050000,P,288900,293000,1,1
1704901500000,20240116,4300000,C,461000,465400,1,1
1704901500000,20240116,4300000,P,200,300,1,1
1704901500000,20240116,4620000,C,142600,146400,1,1
1704901500000,20240116,4620000,P,1000,1100,1,1
1704901500000,20240116,4940000,C,100,200,1,1
1704901500000,20240116,4940000,P,178900,183100,1,1
1704901500000,20240116,4510000,C,251400,255800,1,1
1704901500000,20240116,4510000,P,400,500,1,1
1704901500000,20240116,4190000,C,570800,575300,1,1
1704901500000,20240116,4190000,P,100,200,1,1
1704901500000,20240116,4830000,C,3200,3300,1,1
1704901500000,20240116,4830000,P,70400,71800,1,1
1704901500000,20240116,5150000,P,388600,393000,1,1
1704901500000,20240116,5250000,P,488700,493000,1,1
1704901500000,20240116,4080000,C,680700,685000,1,1
1704901500000,20240116,4080000,P,100,200,1,1
1704901500000,20240116,4400000,C,361200,365500,1,1
1704901500000,20240116,4400000,P,300,400,1,1
1704901500000,20240116,4720000,C,51500,52200,1,1
1704901500000,20240116,4720000,P,8400,8500,1,1
1704901500000,20240116,4290000,C,471000,475300,1,1
1704901500000,20240116,4290000,P,200,300,1,1
1704901500000,20240116,4610000,C,152000,156300,1,1
1704901500000,20240116,4610000,P,900,1000,1,1
1704901500000,20240116,4930000,C,100,200,1,1
1704901500000,20240116,4930000,P,168600,173100,1,1
1704901500000,20240116,5350000,P,588700,593000,1,1
1704901500000,20240116,4500000,C,261400,265700,1,1
1704901500000,20240116,4500000,P,400,500,1,1
1704901500000,20240116,4180000,C,580800,585300,1,1
1704901500000,20240116,4180000,P,100,200,1,1
1704901500000,20240116,4820000,C,4500,4600,1,1
1704901500000,20240116,4820000,P,61300,62500,1,1
1704901500000,20240116,4070000,C,690600,695100,1,1
1704901500000,20240116,4070000,P,100,200,1,1
1704901500000,20240116,4390000,C,371100,375500,1,1
1704901500000,20240116,4390000,P,300,400,1,1
1704901500000,20240116,4710000,C,59600,60400,1,1
1704901500000,20240116,4710000,P,6500,6600,1,1
1704901500000,20240116,4280000,C,480900,485300,1,1
1704901500000,20240116,4280000,P,200,300,1,1
1704901500000,20240116,4600000,C,163400,164900,1,1
1704901500000,20240116,4600000,P,800,900,1,1
1704901500000,20240116,4920000,C,100,200,1,1
1704901500000,20240116,4920000,P,158700,163100,1,1
1704901500000,20240116,4170000,C,590800,595200,1,1
1704901500000,20240116,4170000,P,100,200,1,1
1704901500000,20240116,4490000,C,271400,275700,1,1
1704901500000,20240116,4490000,P,300,400,1,1
1704901500000,20240116,4810000,C,6300,6400,1,1
1704901500000,20240116,4810000,P,53000,53900,1,1
1704901500000,20240116,4060000,C,700600,705000,1,1
1704901500000,20240116,4060000,P,100,200,1,1
1704901500000,20240116,4380000,C,381100,385600,1,1
1704901500000,20240116,4380000,P,300,400,1,1
1704901500000,20240116,4700000,C,68100,69100,1,1
1704901500000,20240116,4700000,P,5100,5200,1,1
1704901500000,20240116,4270000,C,490900,495300,1,1
1704901500000,20240116,4270000,P,200,300,1,1
1704901500000,20240116,4590000,C,171800,176100,1,1
1704901500000,20240116,4590000,P,700,800,1,1
1704901500000,20240116,4910000,C,200,300,1,1
1704901500000,20240116,4910000,P,148700,153100,1,1
1704901500000,20240117,4160000,C,601500,606000,1,1
1704901500000,20240117,4160000,P,200,300,1,1
1704901500000,20240117,4480000,C,282200,286700,1,1
1704901500000,20240117,4480000,P,500,600,1,1
1704901500000,20240117,4800000,C,10800,10900,1,1
1704901500000,20240117,4800000,P,46900,47500,1,1
1704901500000,20240117,4050000,C,711300,715800,1,1
1704901500000,20240117,4050000,P,100,200,1,1
1704901500000,20240117,4370000,C,391900,396400,1,1
1704901500000,20240117,4370000,P,400,500,1,1
1704901500000,20240117,4690000,C,79100,80100,1,1
1704901500000,20240117,4690000,P,5400,5500,1,1
1704901500000,20240117,4580000,C,182800,187200,1,1
1704901500000,20240117,4580000,P,1000,1100,1,1
1704901500000,20240117,4260000,C,501700,506000,1,1
1704901500000,20240117,4260000,P,300,400,1,1
1704901500000,20240117,4900000,C,400,500,1,1
1704901500000,20240117,4900000,P,139100,143100,1,1
1704901500000,20240117,4150000,C,611500,615800,1,1
1704901500000,20240117,4150000,P,200,300,1,1
1704901500000,20240117,4470000,C,292200,296700,1,1
1704901500000,20240117,4470000,P,500,600,1,1
1704901500000,20240117,4790000,C,14000,14100,1,1
1704901500000,20240117,4790000,P,40100,40500,1,1
1704901500000,20240117,4040000,C,721300,725800,1,1
1704901500000,20240117,4040000,P,100,200,1,1
1704901500000,20240117,4360000,C,401900,406200,1,1
1704901500000,20240117,4360000,P,400,500,1,1
1704901500000,20240117,4680000,C,88000,89100,1,1
1704901500000,20240117,4680000,P,4400,4500,1,1
1704901500000,20240117,5000000,C,100,200,1,1
1704901500000,20240117,5000000,P,238800,243000,1,1
1704901500000,20240117,4570000,C,192700,197000,1,1
1704901500000,20240117,4570000,P,900,1000,1,1
1704901500000,20240117,4250000,C,511700,516100,1,1
1704901500000,20240117,4250000,P,300,400,1,1
1704901500000,20240117,4890000,C,600,700,1,1
1704901500000,20240117,4890000,P,129100,133100,1,1
1704901500000,20240117,4140000,C,621500,625900,1,1
1704901500000,20240117,4140000,P,200,300,1,1
1704901500000,20240117,4460000,C,302200,306600,1,1
1704901500000,20240117,4460000,P,500,600,1,1
1704901500000,20240117,4780000,C,17800,17900,1,1
1704901500000,20240117,4780000,P,33900,34200,1,1
1704901500000,20240117,5100000,P,338700,343000,1,1
1704901500000,20240117,4030000,C,731300,735600,1,1
1704901500000,20240117,4030000,P,100,200,1,1
1704901500000,20240117,4350000,C,411900,416300,1,1
1704901500000,20240117,4350000,P,400,500,1,1
1704901500000,20240117,4670000,C,97200,98300,1,1
1704901500000,20240117,4670000,P,3600,3700,1,1
1704901500000,20240117,4990000,C,100,200,1,1
1704901500000,20240117,4990000,P,228800,233000,1,1
1704901500000,20240117,4560000,C,202700,207000,1,1
1704901500000,20240117,4560000,P,800,900,1,1
1704901500000,20240117,4240000,C,521600,526100,1,1
1704901500000,20240117,4240000,P,300,400,1,1
1704901500000,20240117,5200000,P,438700,443000,1,1
1704901500000,20240117,4880000,C,800,900,1,1
1704901500000,20240117,4880000,P,119100,123100,1,1
1704901500000,20240117,4130000,C,631400,635900,1,1
1704901500000,20240117,4130000,P,200,300,1,1
1704901500000,20240117,4450000,C,312100,316600,1,1
1704901500000,20240117,4450000,P,500,600,1,1
1704901500000,20240117,4770000,C,22300,22400,1,1
1704901500000,20240117,4770000,P,28400,28500,1,1
1704901500000,20240117,4020000,C,741200,745700,1,1
1704901500000,20240117,4020000,P,100,200,1,1
1704901500000,20240117,4340000,C,421800,426300,1,1
1704901500000,20240117,4340000,P,300,400,1,1
1704901500000,20240117,4660000,C,106500,107700,1,1
1704901500000,20240117,4660000,P,3000,3100,1,1
1704901500000,20240117,4980000,C,100,200,1,1
1704901500000,20240117,4980000,P,218600,223100,1,1
1704901500000,20240117,5300000,P,538700,543000,1,1
1704901500000,20240117,4550000,C,212600,216900,1,1
1704901500000,20240117,4550000,P,800,900,1,1
1704901500000,20240117,4230000,C,531600,536000,1,1
1704901500000,20240117,4230000,P,300,400,1,1
1704901500000,20240117,4870000,C,1100,1200,1,1
1704901500000,20240117,4870000,P,109100,113100,1,1
1704901500000,20240117,4120000,C,641400,645900,1,1
1704901500000,20240117,4120000,P,200,300,1,1
1704901500000,20240117,4440000,C,322100,326100,1,1
1704901500000,20240117,4440000,P,400,500,1,1
1704901500000,20240117,4760000,C,27400,27600,1,1
1704901500000,20240117,4760000,P,23500,23600,1,1
1704901500000,20240117,5400000,P,638700,643000,1,1
1704901500000,20240117,4330000,C,431800,436300,1,1
1704901500000,20240117,4330000,P,300,400,1,1
1704901500000,20240117,4650000,C,116000,117200,1,1
1704901500000,20240117,4650000,P,2500,2600,1,1
1704901500000,20240117,4970000,C,100,200,1,1
1704901500000,20240117,4970000,P,208800,213100,1,1
1704901500000,20240117,4540000,C,222500,226900,1,1
1704901500000,20240117,4540000,P,700,800,1,1
1704901500000,20240117,4220000,C,541600,546100,1,1
1704901500000,20240117,4220000,P,300,400,1,1
1704901500000,20240117,4860000,C,1600,1700,1,1
1704901500000,20240117,4860000,P,99100,103100,1,1
1704901500000,20240117,4110000,C,651400,655900,1,1
1704901500000,20240117,4110000,P,200,300,1,1
1704901500000,20240117,4430000,C,332100,336500,1,1
1704901500000,20240117,4430000,P,400,500,1,1
1704901500000,20240117,4750000,C,33200,33400,1,1
1704901500000,20240117,4750000,P,19300,19400,1,1
1704901500000,20240117,4320000,C,441800,446300,1,1
1704901500000,20240117,4320000,P,300,400,1,1
1704901500000,20240117,4640000,C,125600,126900,1,1
1704901500000,20240117,4640000,P,2100,2200,1,1
1704901500000,20240117,4960000,C,100,200,1,1
1704901500000,20240117,4960000,P,198600,203100,1,1
1704901500000,20240117,4530000,C,232500,236800,1,1
1704901500000,20240117,4530000,P,700,800,1,1
1704901500000,20240117,4210000,C,551600,555900,1,1
1704901500000,20240117,4210000,P,200,300,1,1
1704901500000,20240117,4850000,C,2300,2400,1,1
1704901500000,20240117,4850000,P,89100,93100,1,1
1704901500000,20240117,4100000,C,661400,665900,1,1
1704901500000,20240117,4100000,P,200,300,1,1
1704901500000,20240117,4420000,C,342000,346500,1,1
1704901500000,20240117,4420000,P,400,500,1,1
1704901500000,20240117,4740000,C,39600,40000,1,1
1704901500000,20240117,4740000,P,15700,15800,1,1
1704901500000,20240117,4310000,C,451800,456100,1,1
1704901500000,20240117,4310000,P,300,400,1,1
1704901500000,20240117,4630000,C,135200,136600,1,1
1704901500000,20240117,4630000,P,1800,1900,1,1
1704901500000,20240117,4950000,C,100,200,1,1
1704901500000,20240117,4950000,P,188900,193100,1,1
1704901500000,20240117,4520000,C,242400,246700,1,1
1704901500000,20240117,4520000,P,600,700,1,1
1704901500000,20240117,4200000,C,561600,566000,1,1
1704901500000,20240117,4200000,P,200,300,1,1
1704901500000,20240117,4840000,C,3200,3300,1,1
1704901500000,20240117,4840000,P,80300,81700,1,1
1704901500000,20240117,4090000,C,671400,675700,1,1
1704901500000,20240117,4090000,P,200,300,1,1
1704901500000,20240117,4410000,C,352000,356500,1,1
1704901500000,20240117,4410000,P,400,500,1,1
1704901500000,20240117,4730000,C,46600,47100,1,1
1704901500000,20240117,4730000,P,12700,12800,1,1
1704901500000,20240117,5050000,C,100,200,1,1
1704901500000,20240117,5050000,P,288600,293000,1,1
1704901500000,20240117,4300000,C,461800,466200,1,1
1704901500000,20240117,4300000,P,300,400,1,1
1704901500000,20240117,4620000,C,145000,146300,1,1
1704901500000,20240117,4620000,P,1500,1600,1,1
1704901500000,20240117,4940000,C,200,300,1,1
1704901500000,20240117,4940000,P,178600,183100,1,1
1704901500000,20240117,4510000,C,252400,256700,1,1
1704901500000,20240117,4510000,P,600,700,1,1
1704901500000,20240117,4190000,C,571500,576000,1,1
1704901500000,20240117,4190000,P,200,300,1,1
1704901500000,20240117,4830000,C,4400,4500,1,1
1704901500000,20240117,4830000,P,70900,72100,1,1
1704901500000,20240117,5150000,P,388700,393000,1,1
1704901500000,20240117,5250000,P,488700,493000,1,1
1704901500000,20240117,4080000,C,681400,685700,1,1
1704901500000,20240117,4080000,P,200,300,1,1
1704901500000,20240117,4400000,C,362000,366300,1,1
1704901500000,20240117,4400000,P,400,500,1,1
1704901500000,20240117,4720000,C,54100,54800,1,1
1704901500000,20240117,4720000,P,10300,10400,1,1
1704901500000,20240117,4290000,C,471700,476200,1,1
1704901500000,20240117,4290000,P,300,400,1,1
1704901500000,20240117,4610000,C,154800,156100,1,1
1704901500000,20240117,4610000,P,1300,1400,1,1
1704901500000,20240117,4930000,C,200,300,1,1
1704901500000,20240117,4930000,P,168800,173100,1,1
1704901500000,20240117,5350000,P,588700,593000,1,1
1704901500000,20240117,4500000,C,262300,266800,1,1
1704901500000,20240117,4500000,P,600,700,1,1
1704901500000,20240117,4180000,C,581500,586000,1,1
1704901500000,20240117,4180000,P,200,300,1,1
1704901500000,20240117,4820000,C,6100,6200,1,1
1704901500000,20240117,4820000,P,62300,63300,1,1
1704901500000,20240117,4070000,C,691300,695800,1,1
1704901500000,20240117,4070000,P,200,300,1,1
1704901500000,20240117,4390000,C,372000,376300,1,1
1704901500000,20240117,4390000,P,400,500,1,1
1704901500000,20240117,4710000,C,62100,62900,1,1
1704901500000,20240117,4710000,P,8300,8400,1,1
1704901500000,20240117,4280000,C,481700,486100,1,1
1704901500000,20240117,4280000,P,300,400,1,1
1704901500000,20240117,4600000,C,163000,167300,1,1
1704901500000,20240117,4600000,P,1200,1300,1,1
1704901500000,20240117,4920000,C,200,300,1,1
1704901500000,20240117,4920000,P,158700,163100,1,1
1704901500000,20240117,4170000,C,591500,596000,1,1
1704901500000,20240117,4170000,P,200,300,1,1
1704901500000,20240117,4490000,C,272300,276700,1,1
1704901500000,20240117,4490000,P,500,600,1,1
1704901500000,20240117,4810000,C,8200,8300,1,1
1704901500000,20240117,4810000,P,54300,55200,1,1
1704901500000,20240117,4060000,C,701300,705800,1,1
1704901500000,20240117,4060000,P,100,200,1,1
1704901500000,20240117,4380000,C,381900,386400,1,1
1704901500000,20240117,4380000,P,400,500,1,1
1704901500000,20240117,4700000,C,70400,71300,1,1
1704901500000,20240117,4700000,P,6700,6800,1,1
1704901500000,20240117,4270000,C,491700,496200,1,1
1704901500000,20240117,4270000,P,300,400,1,1
1704901500000,20240117,4590000,C,172900,177300,1,1
1704901500000,20240117,4590000,P,1100,1200,1,1
1704901500000,20240117,4910000,C,300,400,1,1
1704901500000,20240117,4910000,P,148700,153100,1,1
1704901500000,20240118,4160000,C,603500,608000,1,1
1704901500000,20240118,4160000,P,300,400,1,1
1704901500000,20240118,4480000,C,284500,288900,1,1
1704901500000,20240118,4480000,P,800,900,1,1
1704901500000,20240118,4800000,C,13400,13500,1,1
1704901500000,20240118,4800000,P,48200,48800,1,1
1704901500000,20240118,4050000,C,713200,717600,1,1
1704901500000,20240118,4050000,P,200,300,1,1
1704901500000,20240118,4370000,C,394100,398600,1,1
1704901500000,20240118,4370000,P,500,600,1,1
1704901500000,20240118,4690000,C,82600,83600,1,1
1704901500000,20240118,4690000,P,6800,6900,1,1
1704901500000,20240118,4580000,C,185800,189600,1,1
1704901500000,20240118,4580000,P,1400,1500,1,1
1704901500000,20240118,4260000,C,503800,508200,1,1
1704901500000,20240118,4260000,P,400,500,1,1
1704901500000,20240118,4900000,C,700,800,1,1
1704901500000,20240118,4900000,P,139100,143100,1,1
1704901500000,20240118,4150000,C,613500,618000,1,1
1704901500000,20240118,4150000,P,300,400,1,1
1704901500000,20240118,4470000,C,294500,298900,1,1
1704901500000,20240118,4470000,P,800,900,1,1
1704901500000,20240118,4790000,C,16800,16900,1,1
1704901500000,20240118,4790000,P,41500,42100,1,1
1704901500000,20240118,4040000,C,723200,727600,1,1
1704901500000,20240118,4040000,P,200,300,1,1
1704901500000,20240118,4360000,C,404100,408400,1,1
1704901500000,20240118,4360000,P,500,600,1,1
1704901500000,20240118,4680000,C,91400,92500,1,1
1704901500000,20240118,4680000,P,5600,5700,1,1
1704901500000,20240118,5000000,C,200,300,1,1
1704901500000,20240118,5000000,P,238700,243000,1,1
1704901500000,20240118,4570000,C,195200,199500,1,1
1704901500000,20240118,4570000,P,1300,1400,1,1
1704901500000,20240118,4250000,C,513700,518200,1,1
1704901500000,20240118,4250000,P,400,500,1,1
1704901500000,20240118,4890000,C,1000,1100,1,1
1704901500000,20240118,4890000,P,129100,133100,1,1
1704901500000,20240118,4140000,C,623400,627800,1,1
1704901500000,20240118,4140000,P,300,400,1,1
1704901500000,20240118,4460000,C,304400,308800,1,1
1704901500000,20240118,4460000,P,700,800,1,1
1704901500000,20240118,4780000,C,20900,21000,1,1
1704901500000,20240118,4780000,P,35500,35700,1,1
1704901500000,20240118,5100000,C,100,200,1,1
1704901500000,20240118,5100000,P,338700,343000,1,1
1704901500000,20240118,4030000,C,733200,737500,1,1
1704901500000,20240118,4030000,P,200,300,1,1
1704901500000,20240118,4350000,C,414000,418500,1,1
1704901500000,20240118,4350000,P,500,600,1,1
1704901500000,20240118,4670000,C,100500,101600,1,1
1704901500000,20240118,4670000,P,4700,4800,1,1
1704901500000,20240118,4990000,C,200,300,1,1
1704901500000,20240118,4990000,P,228700,233100,1,1
1704901500000,20240118,4560000,C,205100,209400,1,1
1704901500000,20240118,4560000,P,1200,1300,1,1
1704901500000,20240118,4240000,C,523700,528000,1,1
1704901500000,20240118,4240000,P,400,500,1,1
1704901500000,20240118,5200000,P,438700,443000,1,1
1704901500000,20240118,4880000,C,1400,1500,1,1
1704901500000,20240118,4880000,P,119100,123100,1,1
1704901500000,20240118,4130000,C,633400,637900,1,1
1704901500000,20240118,4130000,P,300,400,1,1
1704901500000,20240118,4450000,C,314400,318700,1,1
1704901500000,20240118,4450000,P,700,800,1,1
1704901500000,20240118,4770000,C,25600,25700,1,1
1704901500000,20240118,4770000,P,30000,30200,1,1
1704901500000,20240118,4020000,C,743200,747500,1,1
1704901500000,20240118,4020000,P,200,300,1,1
1704901500000,20240118,4340000,C,424000,428500,1,1
1704901500000,20240118,4340000,P,500,600,1,1
1704901500000,20240118,4660000,C,109700,110900,1,1
1704901500000,20240118,4660000,P,4000,4100,1,1
1704901500000,20240118,4980000,C,200,300,1,1
1704901500000,20240118,4980000,P,218700,223100,1,1
1704901500000,20240118,5300000,P,538600,543000,1,1
1704901500000,20240118,4550000,C,215000,219300,1,1
1704901500000,20240118,4550000,P,1100,1200,1,1
1704901500000,20240118,4230000,C,533700,538200,1,1
1704901500000,20240118,4230000,P,400,500,1,1
1704901500000,20240118,4870000,C,1900,2000,1,1
1704901500000,20240118,4870000,P,109100,113100,1,1
1704901500000,20240118,4120000,C,643400,647800,1,1
1704901500000,20240118,4120000,P,300,400,1,1
1704901500000,20240118,4440000,C,324400,328700,1,1
1704901500000,20240118,4440000,P,700,800,1,1
1704901500000,20240118,4760000,C,30900,31100,1,1
1704901500000,20240118,4760000,P,25200,25400,1,1
1704901500000,20240118,5400000,P,638600,643000,1,1
1704901500000,20240118,4330000,C,434000,438400,1,1
1704901500000,20240118,4330000,P,500,600,1,1
1704901500000,20240118,4650000,C,119100,120300,1,1
1704901500000,20240118,4650000,P,3400,3500,1,1
1704901500000,20240118,4970000,C,200,300,1,1
1704901500000,20240118,4970000,P,208700,213100,1,1
1704901500000,20240118,4540000,C,224900,229200,1,1
1704901500000,20240118,4540000,P,1100,1200,1,1
1704901500000,20240118,4220000,C,543700,548100,1,1
1704901500000,20240118,4220000,P,400,500,1,1
1704901500000,20240118,4860000,C,2500,2600,1,1
1704901500000,20240118,4860000,P,98800,103100,1,1
1704901500000,20240118,4110000,C,653400,657900,1,1
1704901500000,20240118,4110000,P,300,400,1,1
1704901500000,20240118,4430000,C,334300,338700,1,1
1704901500000,20240118,4430000,P,600,700,1,1
1704901500000,20240118,4750000,C,36800,37100,1,1
1704901500000,20240118,4750000,P,21000,21200,1,1
1704901500000,20240118,4320000,C,443900,448300,1,1
1704901500000,20240118,4320000,P,500,600,1,1
1704901500000,20240118,4640000,C,128600,129800,1,1
1704901500000,20240118,4640000,P,2900,3000,1,1
1704901500000,20240118,4960000,C,200,300,1,1
1704901500000,20240118,4960000,P,198700,203100,1,1
1704901500000,20240118,4530000,C,234900,239200,1,1
1704901500000,20240118,4530000,P,1000,1100,1,1
1704901500000,20240118,4210000,C,553600,558100,1,1
1704901500000,20240118,4210000,P,400,500,1,1
1704901500000,20240118,4850000,C,3500,3600,1,1
1704901500000,20240118,4850000,P,90200,91700,1,1
1704901500000,20240118,4100000,C,663400,667800,1,1
1704901500000,20240118,4100000,P,300,400,1,1
1704901500000,20240118,4420000,C,344300,348700,1,1
1704901500000,20240118,4420000,P,600,700,1,1
1704901500000,20240118,4740000,C,43300,43700,1,1
1704901500000,20240118,4740000,P,17500,17600,1,1
1704901500000,20240118,4310000,C,453900,458300,1,1
1704901500000,20240118,4310000,P,400,500,1,1
1704901500000,20240118,4630000,C,138100,139400,1,1
1704901500000,20240118,4630000,P,2500,2600,1,1
1704901500000,20240118,4950000,C,200,300,1,1
1704901500000,20240118,4950000,P,188700,193100,1,1
1704901500000,20240118,4520000,C,244800,249100,1,1
1704901500000,20240118,4520000,P,1000,1100,1,1
1704901500000,20240118,4200000,C,563600,568100,1,1
1704901500000,20240118,4200000,P,300,400,1,1
1704901500000,20240118,4840000,C,4700,4800,1,1
1704901500000,20240118,4840000,P,80500,81900,1,1
1704901500000,20240118,4090000,C,673300,677700,1,1
1704901500000,20240118,4090000,P,200,300,1,1
1704901500000,20240118,4410000,C,354200,358700,1,1
1704901500000,20240118,4410000,P,600,700,1,1
1704901500000,20240118,4730000,C,50300,50900,1,1
1704901500000,20240118,4730000,P,14500,14600,1,1
1704901500000,20240118,5050000,C,100,200,1,1
1704901500000,20240118,5050000,P,288700,293000,1,1
1704901500000,20240118,4300000,C,463900,468400,1,1
1704901500000,20240118,4300000,P,400,500,1,1
1704901500000,20240118,4620000,C,147800,149100,1,1
1704901500000,20240118,4620000,P,2200,2300,1,1
1704901500000,20240118,4940000,C,300,400,1,1
1704901500000,20240118,4940000,P,178800,183100,1,1
1704901500000,20240118,4510000,C,254700,259100,1,1
1704901500000,20240118,4510000,P,900,1000,1,1
1704901500000,20240118,4190000,C,573600,577900,1,1
1704901500000,20240118,4190000,P,300,400,1,1
1704901500000,20240118,4830000,C,6200,6300,1,1
1704901500000,20240118,4830000,P,71600,72800,1,1
1704901500000,20240118,5150000,C,100,200,1,1
1704901500000,20240118,5150000,P,388600,393000,1,1
1704901500000,20240118,5250000,P,488700,493000,1,1
1704901500000,20240118,4400000,C,364200,368600,1,1
1704901500000,20240118,4400000,P,600,700,1,1
1704901500000,20240118,4080000,C,683300,687700,1,1
1704901500000,20240118,4080000,P,200,300,1,1
1704901500000,20240118,4720000,C,57800,58500,1,1
1704901500000,20240118,4720000,P,11900,12100,1,1
1704901500000,20240118,4290000,C,473800,478200,1,1
1704901500000,20240118,4290000,P,400,500,1,1
1704901500000,20240118,4610000,C,157500,158900,1,1
1704901500000,20240118,4610000,P,2000,2100,1,1
1704901500000,20240118,4930000,C,300,400,1,1
1704901500000,20240118,4930000,P,168600,173100,1,1
1704901500000,20240118,5350000,P,588600,593000,1,1
1704901500000,20240118,4500000,C,266200,267700,1,1
1704901500000,20240118,4500000,P,900,1000,1,1
1704901500000,20240118,4180000,C,583500,587900,1,1
1704901500000,20240118,4180000,P,300,400,1,1
1704901500000,20240118,4820000,C,8100,8200,1,1
1704901500000,20240118,4820000,P,63300,64200,1,1
1704901500000,20240118,4070000,C,693300,697600,1,1
1704901500000,20240118,4070000,P,200,300,1,1
1704901500000,20240118,4390000,C,374200,378500,1,1
1704901500000,20240118,4390000,P,600,700,1,1
1704901500000,20240118,4710000,C,65700,66500,1,1
1704901500000,20240118,4710000,P,9900,10000,1,1
1704901500000,20240118,4280000,C,483800,488200,1,1
1704901500000,20240118,4280000,P,400,500,1,1
1704901500000,20240118,4600000,C,167300,168700,1,1
1704901500000,20240118,4600000,P,1700,1800,1,1
1704901500000,20240118,4920000,C,400,500,1,1
1704901500000,20240118,4920000,P,158600,163100,1,1
1704901500000,20240118,4170000,C,593500,598000,1,1
1704901500000,20240118,4170000,P,300,400,1,1
1704901500000,20240118,4490000,C,274600,278900,1,1
1704901500000,20240118,4490000,P,800,900,1,1
1704901500000,20240118,4810000,C,10500,10600,1,1
1704901500000,20240118,4810000,P,55500,56200,1,1
1704901500000,20240118,4060000,C,703300,707700,1,1
1704901500000,20240118,4060000,P,200,300,1,1
1704901500000,20240118,4380000,C,384100,388600,1,1
1704901500000,20240118,4380000,P,500,600,1,1
1704901500000,20240118,4700000,C,74000,74900,1,1
1704901500000,20240118,4700000,P,8200,8300,1,1
1704901500000,20240118,4270000,C,493800,498300,1,1
1704901500000,20240118,4270000,P,400,500,1,1
1704901500000,20240118,4590000,C,177100,178500,1,1
1704901500000,20240118,4590000,P,1600,1700,1,1
1704901500000,20240118,4910000,C,600,700,1,1
1704901500000,20240118,4910000,P,148700,153100,1,1
1704901500000,20240119,3200000,C,1562000,1566500,1,1
1704901500000,20240119,3840000,C,923400,927800,1,1
1704901500000,20240119,3840000,P,200,300,1,1
1704901500000,20240119,4480000,C,285500,289900,1,1
1704901500000,20240119,4480000,P,1000,1100,1,1
1704901500000,20240119,6400000,P,1638300,1642900,1,1
1704901500000,20240119,4050000,C,714000,718500,1,1
1704901500000,20240119,4050000,P,300,400,1,1
1704901500000,20240119,4690000,C,84700,85600,1,1
1704901500000,20240119,4690000,P,8100,8200,1,1
1704901500000,20240119,5750000,P,988600,993000,1,1
1704901500000,20240119,3620000,C,1142900,1147200,1,1
1704901500000,20240119,3620000,P,100,200,1,1
1704901500000,20240119,4260000,C,504600,509000,1,1
1704901500000,20240119,4260000,P,500,600,1,1
1704901500000,20240119,4900000,C,1200,1300,1,1
1704901500000,20240119,4900000,P,138800,143100,1,1
1704901500000,20240119,2550000,C,2210700,2215300,1,1
1704901500000,20240119,3830000,C,933400,937800,1,1
1704901500000,20240119,3830000,P,100,200,1,1
1704901500000,20240119,4470000,C,295400,299900,1,1
1704901500000,20240119,4470000,P,1000,1100,1,1
1704901500000,20240119,3400000,C,1362400,1366800,1,1
1704901500000,20240119,4040000,C,723900,728300,1,1
1704901500000,20240119,4040000,P,300,400,1,1
1704901500000,20240119,4680000,C,93400,94400,1,1
1704901500000,20240119,4680000,P,6900,7000,1,1
1704901500000,20240119,6600000,P,1838300,1842900,1,1
1704901500000,20240119,3610000,C,1152900,1157300,1,1
1704901500000,20240119,3610000,P,100,200,1,1
1704901500000,20240119,4250000,C,514500,518900,1,1
1704901500000,20240119,4250000,P,500,600,1,1
1704901500000,20240119,4890000,C,1500,1600,1,1
1704901500000,20240119,4890000,P,128800,133100,1,1
1704901500000,20240119,5950000,P,1188600,1193000,1,1
1704901500000,20240119,1900000,C,2859400,2864200,1,1
1704901500000,20240119,3820000,C,943400,947700,1,1
1704901500000,20240119,3820000,P,100,200,1,1
1704901500000,20240119,4460000,C,305400,309800,1,1
1704901500000,20240119,4460000,P,900,1000,1,1
1704901500000,20240119,5100000,C,100,200,1,1
1704901500000,20240119,5100000,P,338700,343000,1,1
1704901500000,20240119,2750000,C,2011100,2015700,1,1
1704901500000,20240119,4030000,C,733900,738300,1,1
1704901500000,20240119,4030000,P,300,400,1,1
1704901500000,20240119,4670000,C,102400,103400,1,1
1704901500000,20240119,4670000,P,5800,5900,1,1
1704901500000,20240119,3600000,C,1162800,1167200,1,1
1704901500000,20240119,3600000,P,100,200,1,1
1704901500000,20240119,4240000,C,524500,528900,1,1
1704901500000,20240119,4240000,P,500,600,1,1
1704901500000,20240119,4880000,C,2000,2100,1,1
1704901500000,20240119,4880000,P,118800,123100,1,1
1704901500000,20240119,6800000,P,2038200,2042900,1,1
1704901500000,20240119,3810000,C,953300,957800,1,1
1704901500000,20240119,3810000,P,100,200,1,1
1704901500000,20240119,4450000,C,315300,319700,1,1
1704901500000,20240119,4450000,P,900,1000,1,1
1704901500000,20240119,6150000,P,1388500,1392900,1,1
1704901500000,20240119,2100000,C,2659800,2664300,1,1
1704901500000,20240119,4020000,C,743900,748200,1,1
1704901500000,20240119,4020000,P,300,400,1,1
1704901500000,20240119,4660000,C,111500,112600,1,1
1704901500000,20240119,4660000,P,5000,5100,1,1
1704901500000,20240119,5300000,P,538700,543000,1,1
1704901500000,20240119,2950000,C,1811500,1816000,1,1
1704901500000,20240119,3590000,C,1172800,1177200,1,1
1704901500000,20240119,3590000,P,100,200,1,1
1704901500000,20240119,4230000,C,534500,538900,1,1
1704901500000,20240119,4230000,P,500,600,1,1
1704901500000,20240119,4870000,C,2600,2700,1,1
1704901500000,20240119,4870000,P,108900,113100,1,1
1704901500000,20240119,3800000,C,963300,967700,1,1
1704901500000,20240119,3800000,P,200,300,1,1
1704901500000,20240119,4440000,C,325300,329600,1,1
1704901500000,20240119,4440000,P,900,1000,1,1
1704901500000,20240119,7000000,P,2238100,2242900,1,1
1704901500000,20240119,4010000,C,753800,758400,1,1
1704901500000,20240119,4010000,P,300,400,1,1
1704901500000,20240119,4650000,C,120700,121900,1,1
1704901500000,20240119,4650000,P,4300,4400,1,1
1704901500000,20240119,6350000,P,1588300,1592900,1,1
1704901500000,20240119,2300000,C,2460200,2464900,1,1
1704901500000,20240119,3580000,C,1182800,1187200,1,1
1704901500000,20240119,3580000,P,100,200,1,1
1704901500000,20240119,4220000,C,544400,548900,1,1
1704901500000,20240119,4220000,P,500,600,1,1
1704901500000,20240119,4860000,C,3500,3600,1,1
1704901500000,20240119,4860000,P,98800,102600,1,1
1704901500000,20240119,5500000,P,738600,743000,1,1
1704901500000,20240119,3150000,C,1611900,1616400,1,1
1704901500000,20240119,3790000,C,973300,977700,1,1
1704901500000,20240119,3790000,P,100,200,1,1
1704901500000,20240119,4430000,C,335200,339600,1,1
1704901500000,20240119,4430000,P,800,900,1,1
1704901500000,20240119,4000000,C,763800,768200,1,1
1704901500000,20240119,4000000,P,300,400,1,1
1704901500000,20240119,4640000,C,130100,131300,1,1
1704901500000,20240119,4640000,P,3700,3800,1,1
1704901500000,20240119,7200000,P,2438500,2442900,1,1
1704901500000,20240119,3570000,C,1192800,1197200,1,1
1704901500000,20240119,3570000,P,100,200,1,1
1704901500000,20240119,4210000,C,554400,558700,1,1
1704901500000,20240119,4210000,P,400,500,1,1
1704901500000,20240119,4850000,C,4700,4800,1,1
1704901500000,20240119,4850000,P,90400,91700,1,1
1704901500000,20240119,6550000,P,1788400,1792900,1,1
1704901500000,20240119,2500000,C,2260600,2265000,1,1
1704901500000,20240119,3780000,C,983300,987700,1,1
1704901500000,20240119,3780000,P,100,200,1,1
1704901500000,20240119,4420000,C,345200,349500,1,1
1704901500000,20240119,4420000,P,800,900,1,1
1704901500000,20240119,5700000,P,938500,943000,1,1
1704901500000,20240119,3350000,C,1412300,1416700,1,1
1704901500000,20240119,3990000,C,773800,778200,1,1
1704901500000,20240119,3990000,P,300,400,1,1
1704901500000,20240119,4630000,C,139600,140900,1,1
1704901500000,20240119,4630000,P,3200,3300,1,1
1704901500000,20240119,3560000,C,1202700,1207200,1,1
1704901500000,20240119,3560000,P,100,200,1,1
1704901500000,20240119,4200000,C,564400,568900,1,1
1704901500000,20240119,4200000,P,500,600,1,1
1704901500000,20240119,4840000,C,6100,6200,1,1
1704901500000,20240119,4840000,P,81100,82300,1,1
1704901500000,20240119,1850000,C,2909300,2913900,1,1
1704901500000,20240119,3770000,C,993200,997700,1,1
1704901500000,20240119,3770000,P,100,200,1,1
1704901500000,20240119,4410000,C,355100,359500,1,1
1704901500000,20240119,4410000,P,800,900,1,1
1704901500000,20240119,5050000,C,100,200,1,1
1704901500000,20240119,5050000,P,288700,293000,1,1
1704901500000,20240119,6750000,P,1988200,1992900,1,1
1704901500000,20240119,2700000,C,2061000,2065600,1,1
1704901500000,20240119,3980000,C,783800,788100,1,1
1704901500000,20240119,3980000,P,200,300,1,1
1704901500000,20240119,4620000,C,149200,150500,1,1
1704901500000,20240119,4620000,P,2900,3000,1,1
1704901500000,20240119,5900000,P,1138600,1143000,1,1
1704901500000,20240119,3550000,C,1212700,1217100,1,1
1704901500000,20240119,3550000,P,100,200,1,1
1704901500000,20240119,4190000,C,574300,578700,1,1
1704901500000,20240119,4190000,P,400,500,1,1
1704901500000,20240119,4830000,C,7800,7900,1,1
1704901500000,20240119,4830000,P,72500,73500,1,1
1704901500000,20240119,5250000,P,488700,493000,1,1
1704901500000,20240119,3760000,C,1003200,1007600,1,1
1704901500000,20240119,3760000,P,100,200,1,1
1704901500000,20240119,4400000,C,365600,369500,1,1
1704901500000,20240119,4400000,P,800,900,1,1
1704901500000,20240119,2050000,C,2709700,2714200,1,1
1704901500000,20240119,3970000,C,793700,798300,1,1
1704901500000,20240119,3970000,P,200,300,1,1
1704901500000,20240119,4610000,C,158800,160100,1,1
1704901500000,20240119,4610000,P,2600,2700,1,1
1704901500000,20240119,6950000,P,2188300,2192900,1,1
1704901500000,20240119,2900000,C,1861400,1865900,1,1
1704901500000,20240119,4180000,C,584300,588700,1,1
1704901500000,20240119,4180000,P,400,500,1,1
1704901500000,20240119,4820000,C,10000,10100,1,1
1704901500000,20240119,4820000,P,64400,65200,1,1
1704901500000,20240119,6100000,P,1338600,1342900,1,1
1704901500000,20240119,3750000,C,1013200,1017600,1,1
1704901500000,20240119,3750000,P,100,200,1,1
1704901500000,20240119,4390000,C,375600,379500,1,1
1704901500000,20240119,4390000,P,700,800,1,1
1704901500000,20240119,5450000,P,688600,693000,1,1
1704901500000,20240119,3960000,C,803700,808100,1,1
1704901500000,20240119,3960000,P,200,300,1,1
1704901500000,20240119,4600000,C,168600,169900,1,1
1704901500000,20240119,4600000,P,2300,2400,1,1
1704901500000,20240119,2250000,C,2510100,2514500,1,1
1704901500000,20240119,4170000,C,594300,598800,1,1
1704901500000,20240119,4170000,P,400,500,1,1
1704901500000,20240119,4810000,C,12600,12700,1,1
1704901500000,20240119,4810000,P,56800,57600,1,1
1704901500000,20240119,3100000,C,1661800,1666300,1,1
1704901500000,20240119,3740000,C,1023200,1027600,1,1
1704901500000,20240119,3740000,P,100,200,1,1
1704901500000,20240119,4380000,C,385000,389500,1,1
1704901500000,20240119,4380000,P,700,800,1,1
1704901500000,20240119,6300000,P,1538400,1542900,1,1
1704901500000,20240119,3950000,C,813700,818100,1,1
1704901500000,20240119,3950000,P,200,300,1,1
1704901500000,20240119,4590000,C,178300,179600,1,1
1704901500000,20240119,4590000,P,2100,2200,1,1
1704901500000,20240119,5650000,P,888700,893000,1,1
1704901500000,20240119,4160000,C,604300,608700,1,1
1704901500000,20240119,4160000,P,400,500,1,1
1704901500000,20240119,4800000,C,15700,15800,1,1
1704901500000,20240119,4800000,P,49700,50200,1,1
1704901500000,20240119,2450000,C,2310500,2315200,1,1
1704901500000,20240119,3730000,C,1033100,1037500,1,1
1704901500000,20240119,3730000,P,100,200,1,1
1704901500000,20240119,4370000,C,394900,399400,1,1
1704901500000,20240119,4370000,P,700,800,1,1
1704901500000,20240119,3300000,C,1462200,1466600,1,1
1704901500000,20240119,3940000,C,823700,828000,1,1
1704901500000,20240119,3940000,P,200,300,1,1
1704901500000,20240119,4580000,C,188100,189400,1,1
1704901500000,20240119,4580000,P,1900,2000,1,1
1704901500000,20240119,6500000,P,1738500,1742900,1,1
1704901500000,20240119,4150000,C,614200,618600,1,1
1704901500000,20240119,4150000,P,400,500,1,1
1704901500000,20240119,4790000,C,19300,19400,1,1
1704901500000,20240119,4790000,P,43200,43500,1,1
1704901500000,20240119,5850000,P,1088600,1093000,1,1
1704901500000,20240119,1800000,C,2959200,2963800,1,1
1704901500000,20240119,3720000,C,1043100,1047500,1,1
1704901500000,20240119,3720000,P,100,200,1,1
1704901500000,20240119,4360000,C,404900,409300,1,1
1704901500000,20240119,4360000,P,700,800,1,1
1704901500000,20240119,5000000,C,200,300,1,1
1704901500000,20240119,5000000,P,238700,243000,1,1
1704901500000,20240119,2650000,C,2110900,2115500,1,1
1704901500000,20240119,3930000,C,833600,838100,1,1
1704901500000,20240119,3930000,P,200,300,1,1
1704901500000,20240119,4570000,C,197900,199300,1,1
1704901500000,20240119,4570000,P,1700,1800,1,1
1704901500000,20240119,3500000,C,1262600,1267000,1,1
1704901500000,20240119,4140000,C,624200,628600,1,1
1704901500000,20240119,4140000,P,400,500,1,1
1704901500000,20240119,4780000,C,23500,23600,1,1
1704901500000,20240119,4780000,P,37200,37400,1,1
1704901500000,20240119,6700000,P,1938300,1942900,1,1
1704901500000,20240119,3710000,C,1053100,1057500,1,1
1704901500000,20240119,3710000,P,100,200,1,1
1704901500000,20240119,4350000,C,415400,419300,1,1
1704901500000,20240119,4350000,P,600,700,1,1
1704901500000,20240119,4990000,C,200,300,1,1
1704901500000,20240119,4990000,P,228700,233100,1,1
1704901500000,20240119,6050000,P,1288600,1292900,1,1
1704901500000,20240119,2000000,C,2759600,2764400,1,1
1704901500000,20240119,3920000,C,843600,848000,1,1
1704901500000,20240119,3920000,P,200,300,1,1
1704901500000,20240119,4560000,C,207800,209100,1,1
1704901500000,20240119,4560000,P,1600,1700,1,1
1704901500000,20240119,5200000,P,438700,443000,1,1
1704901500000,20240119,2850000,C,1911300,1915900,1,1
1704901500000,20240119,4130000,C,634200,638500,1,1
1704901500000,20240119,4130000,P,400,500,1,1
1704901500000,20240119,4770000,C,28200,28400,1,1
1704901500000,20240119,4770000,P,31900,32000,1,1
1704901500000,20240119,3700000,C,1063100,1067400,1,1
1704901500000,20240119,3700000,P,100,200,1,1
1704901500000,20240119,4340000,C,424800,429300,1,1
1704901500000,20240119,4340000,P,600,700,1,1
1704901500000,20240119,4980000,C,200,300,1,1
1704901500000,20240119,4980000,P,218700,223100,1,1
1704901500000,20240119,6900000,P,2138400,2142900,1,1
1704901500000,20240119,3910000,C,853600,858000,1,1
1704901500000,20240119,3910000,P,200,300,1,1
1704901500000,20240119,4550000,C,217600,218700,1,1
1704901500000,20240119,4550000,P,1400,1500,1,1
1704901500000,20240119,6250000,P,1488400,1492900,1,1
1704901500000,20240119,2200000,C,2560500,2564700,1,1
1704901500000,20240119,4120000,C,644100,648600,1,1
1704901500000,20240119,4120000,P,400,500,1,1
1704901500000,20240119,4760000,C,33600,33700,1,1
1704901500000,20240119,4760000,P,27100,27200,1,1
1704901500000,20240119,5400000,P,638700,643000,1,1
1704901500000,20240119,3050000,C,1711700,1716200,1,1
1704901500000,20240119,3690000,C,1073000,1077400,1,1
1704901500000,20240119,3690000,P,100,200,1,1
1704901500000,20240119,4330000,C,434800,439300,1,1
1704901500000,20240119,4330000,P,600,700,1,1
1704901500000,20240119,4970000,C,300,400,1,1
1704901500000,20240119,4970000,P,208700,213100,1,1
1704901500000,20240119,3900000,C,863600,867900,1,1
1704901500000,20240119,3900000,P,200,300,1,1
1704901500000,20240119,4540000,C,227500,228900,1,1
1704901500000,20240119,4540000,P,1400,1500,1,1
1704901500000,20240119,7100000,P,2338300,2342900,1,1
1704901500000,20240119,4110000,C,654100,658500,1,1
1704901500000,20240119,4110000,P,400,500,1,1
1704901500000,20240119,4750000,C,39500,39700,1,1
1704901500000,20240119,4750000,P,22900,23000,1,1
1704901500000,20240119,6450000,P,1688500,1692900,1,1
1704901500000,20240119,2400000,C,2360400,2365100,1,1
1704901500000,20240119,3680000,C,1083000,1087400,1,1
1704901500000,20240119,3680000,P,100,200,1,1
1704901500000,20240119,4320000,C,446300,449200,1,1
1704901500000,20240119,4320000,P,600,700,1,1
1704901500000,20240119,4960000,C,300,400,1,1
1704901500000,20240119,4960000,P,198700,203100,1,1
1704901500000,20240119,5600000,P,838700,843000,1,1
1704901500000,20240119,3250000,C,1512100,1516600,1,1
1704901500000,20240119,3890000,C,873500,878000,1,1
1704901500000,20240119,3890000,P,200,300,1,1
1704901500000,20240119,4530000,C,237400,238800,1,1
1704901500000,20240119,4530000,P,1300,1400,1,1
1704901500000,20240119,4100000,C,664100,668400,1,1
1704901500000,20240119,4100000,P,400,500,1,1
1704901500000,20240119,4740000,C,46000,46300,1,1
1704901500000,20240119,4740000,P,19300,19400,1,1
1704901500000,20240119,3670000,C,1093000,1097400,1,1
1704901500000,20240119,3670000,P,100,200,1,1
1704901500000,20240119,4310000,C,454700,459100,1,1
1704901500000,20240119,4310000,P,600,700,1,1
1704901500000,20240119,4950000,C,400,500,1,1
1704901500000,20240119,4950000,P,188700,193100,1,1
1704901500000,20240119,6650000,P,1888300,1892900,1,1
1704901500000,20240119,2600000,C,2160800,2165400,1,1
1704901500000,20240119,3880000,C,883500,887900,1,1
1704901500000,20240119,3880000,P,200,300,1,1
1704901500000,20240119,4520000,C,247300,248700,1,1
1704901500000,20240119,4520000,P,1200,1300,1,1
1704901500000,20240119,5800000,P,1038600,1043000,1,1
1704901500000,20240119,3450000,C,1312500,1316900,1,1
1704901500000,20240119,4090000,C,674100,678400,1,1
1704901500000,20240119,4090000,P,300,400,1,1
1704901500000,20240119,4730000,C,52900,53400,1,1
1704901500000,20240119,4730000,P,16300,16400,1,1
1704901500000,20240119,3660000,C,1103000,1107400,1,1
1704901500000,20240119,3660000,P,100,200,1,1
1704901500000,20240119,4300000,C,464700,468000,1,1
1704901500000,20240119,4300000,P,600,700,1,1
1704901500000,20240119,4940000,C,400,500,1,1
1704901500000,20240119,4940000,P,178700,183100,1,1
1704901500000,20240119,1950000,C,2809500,2814000,1,1
1704901500000,20240119,3870000,C,893500,897900,1,1
1704901500000,20240119,3870000,P,200,300,1,1
1704901500000,20240119,4510000,C,257200,258700,1,1
1704901500000,20240119,4510000,P,1200,1300,1,1
1704901500000,20240119,5150000,C,100,200,1,1
1704901500000,20240119,5150000,P,388600,393000,1,1
1704901500000,20240119,6850000,P,2088400,2092900,1,1
1704901500000,20240119,2800000,C,1961200,1965800,1,1
1704901500000,20240119,4080000,C,684000,688300,1,1
1704901500000,20240119,4080000,P,300,400,1,1
1704901500000,20240119,4720000,C,60200,60900,1,1
1704901500000,20240119,4720000,P,13700,13800,1,1
1704901500000,20240119,6000000,P,1238600,1243000,1,1
1704901500000,20240119,3650000,C,1112900,1117400,1,1
1704901500000,20240119,3650000,P,100,200,1,1
1704901500000,20240119,4290000,C,474600,479000,1,1
1704901500000,20240119,4290000,P,500,600,1,1
1704901500000,20240119,4930000,C,600,700,1,1
1704901500000,20240119,4930000,P,168800,173100,1,1
1704901500000,20240119,5350000,P,588700,593000,1,1
1704901500000,20240119,3860000,C,903500,907800,1,1
1704901500000,20240119,3860000,P,200,300,1,1
1704901500000,20240119,4500000,C,267100,268600,1,1
1704901500000,20240119,4500000,P,1100,1200,1,1
1704901500000,20240119,2150000,C,2609900,2614400,1,1
1704901500000,20240119,4070000,C,694000,698400,1,1
1704901500000,20240119,4070000,P,300,400,1,1
1704901500000,20240119,4710000,C,68000,68800,1,1
1704901500000,20240119,4710000,P,11500,11600,1,1
1704901500000,20240119,7050000,P,2288100,2292900,1,1
1704901500000,20240119,3000000,C,1761600,1766100,1,1
1704901500000,20240119,3640000,C,1122900,1127300,1,1
1704901500000,20240119,3640000,P,100,200,1,1
1704901500000,20240119,4280000,C,484600,489000,1,1
1704901500000,20240119,4280000,P,500,600,1,1
1704901500000,20240119,4920000,C,700,800,1,1
1704901500000,20240119,4920000,P,158600,163100,1,1
1704901500000,20240119,6200000,P,1438400,1442900,1,1
1704901500000,20240119,3850000,C,913400,917900,1,1
1704901500000,20240119,3850000,P,200,300,1,1
1704901500000,20240119,4490000,C,277100,278500,1,1
1704901500000,20240119,4490000,P,1100,1200,1,1
1704901500000,20240119,5550000,P,788600,793000,1,1
1704901500000,20240119,4060000,C,704000,708300,1,1
1704901500000,20240119,4060000,P,300,400,1,1
1704901500000,20240119,4700000,C,76300,77100,1,1
1704901500000,20240119,4700000,P,9600,9700,1,1
1704901500000,20240119,2350000,C,2410300,2415000,1,1
1704901500000,20240119,3630000,C,1132900,1137300,1,1
1704901500000,20240119,3630000,P,100,200,1,1
1704901500000,20240119,4270000,C,494600,499100,1,1
1704901500000,20240119,4270000,P,500,600,1,1
1704901500000,20240119,4910000,C,900,1000,1,1
1704901500000,20240119,4910000,P,148700,153100,1,1
1704901500000,20240122,4160000,C,604900,609300,1,1
1704901500000,20240122,4160000,P,500,600,1,1
1704901500000,20240122,4480000,C,286300,290700,1,1
1704901500000,20240122,4480000,P,1200,1300,1,1
1704901500000,20240122,4800000,C,18000,18200,1,1
1704901500000,20240122,4800000,P,51200,51700,1,1
1704901500000,20240122,4050000,C,714600,719000,1,1
1704901500000,20240122,4050000,P,400,500,1,1
1704901500000,20240122,4370000,C,395700,400100,1,1
1704901500000,20240122,4370000,P,800,900,1,1
1704901500000,20240122,4690000,C,87200,88000,1,1
1704901500000,20240122,4690000,P,9800,9900,1,1
1704901500000,20240122,4260000,C,505300,509700,1,1
1704901500000,20240122,4260000,P,600,700,1,1
1704901500000,20240122,4580000,C,188100,191700,1,1
1704901500000,20240122,4580000,P,2400,2500,1,1
1704901500000,20240122,4900000,C,1600,1700,1,1
1704901500000,20240122,4900000,P,138700,143100,1,1
1704901500000,20240122,4150000,C,614900,619300,1,1
1704901500000,20240122,4150000,P,500,600,1,1
1704901500000,20240122,4470000,C,296300,300600,1,1
1704901500000,20240122,4470000,P,1200,1300,1,1
1704901500000,20240122,4790000,C,21800,22000,1,1
1704901500000,20240122,4790000,P,44900,45300,1,1
1704901500000,20240122,4040000,C,724600,729000,1,1
1704901500000,20240122,4040000,P,400,500,1,1
1704901500000,20240122,4360000,C,405700,410000,1,1
1704901500000,20240122,4360000,P,800,900,1,1
1704901500000,20240122,4680000,C,95700,96700,1,1
1704901500000,20240122,4680000,P,8400,8500,1,1
1704901500000,20240122,5000000,C,300,400,1,1
1704901500000,20240122,5000000,P,238600,243100,1,1
1704901500000,20240122,4250000,C,515200,519600,1,1
1704901500000,20240122,4250000,P,600,700,1,1
1704901500000,20240122,4570000,C,197400,201700,1,1
1704901500000,20240122,4570000,P,2200,2300,1,1
1704901500000,20240122,4890000,C,2100,2200,1,1
1704901500000,20240122,4890000,P,128700,133100,1,1
1704901500000,20240122,4140000,C,624900,629300,1,1
1704901500000,20240122,4140000,P,500,600,1,1
1704901500000,20240122,4460000,C,306200,310600,1,1
1704901500000,20240122,4460000,P,1100,1200,1,1
1704901500000,20240122,4780000,C,26200,26300,1,1
1704901500000,20240122,4780000,P,39200,39300,1,1
1704901500000,20240122,5100000,C,100,200,1,1
1704901500000,20240122,5100000,P,338700,343100,1,1
1704901500000,20240122,4030000,C,734500,739000,1,1
1704901500000,20240122,4030000,P,400,500,1,1
1704901500000,20240122,4350000,C,415600,420000,1,1
1704901500000,20240122,4350000,P,800,900,1,1
1704901500000,20240122,4670000,C,104500,105500,1,1
1704901500000,20240122,4670000,P,7300,7400,1,1
1704901500000,20240122,4990000,C,300,400,1,1
1704901500000,20240122,4990000,P,228800,233100,1,1
1704901500000,20240122,4240000,C,525200,529600,1,1
1704901500000,20240122,4240000,P,600,700,1,1
1704901500000,20240122,4560000,C,207800,211600,1,1
1704901500000,20240122,4560000,P,2000,2100,1,1
1704901500000,20240122,5200000,C,100,200,1,1
1704901500000,20240122,5200000,P,438700,443000,1,1
1704901500000,20240122,4880000,C,2700,2800,1,1
1704901500000,20240122,4880000,P,118700,123100,1,1
1704901500000,20240122,4130000,C,634800,639200,1,1
1704901500000,20240122,4130000,P,500,600,1,1
1704901500000,20240122,4450000,C,316100,320500,1,1
1704901500000,20240122,4450000,P,1100,1200,1,1
1704901500000,20240122,4770000,C,31100,31200,1,1
1704901500000,20240122,4770000,P,33900,34100,1,1
1704901500000,20240122,4020000,C,744900,748900,1,1
1704901500000,20240122,4020000,P,300,400,1,1
1704901500000,20240122,4340000,C,425600,430000,1,1
1704901500000,20240122,4340000,P,800,900,1,1
1704901500000,20240122,4660000,C,113500,114600,1,1
1704901500000,20240122,4660000,P,6300,6400,1,1
1704901500000,20240122,4980000,C,300,400,1,1
1704901500000,20240122,4980000,P,218700,223100,1,1
1704901500000,20240122,5300000,P,538600,543000,1,1
1704901500000,20240122,4230000,C,535600,539600,1,1
1704901500000,20240122,4230000,P,600,700,1,1
1704901500000,20240122,4550000,C,217100,221400,1,1
1704901500000,20240122,4550000,P,1800,1900,1,1
1704901500000,20240122,4870000,C,3500,3600,1,1
1704901500000,20240122,4870000,P,108700,113100,1,1
1704901500000,20240122,4120000,C,644800,649200,1,1
1704901500000,20240122,4120000,P,500,600,1,1
1704901500000,20240122,4440000,C,326100,330400,1,1
1704901500000,20240122,4440000,P,1100,1200,1,1
1704901500000,20240122,4760000,C,36500,36700,1,1
1704901500000,20240122,4760000,P,29200,29300,1,1
1704901500000,20240122,5400000,P,638700,643000,1,1
1704901500000,20240122,4330000,C,435500,439900,1,1
1704901500000,20240122,4330000,P,800,900,1,1
1704901500000,20240122,4650000,C,122600,123700,1,1
1704901500000,20240122,4650000,P,5400,5500,1,1
1704901500000,20240122,4970000,C,400,500,1,1
1704901500000,20240122,4970000,P,208700,213100,1,1
1704901500000,20240122,4220000,C,545100,549500,1,1
1704901500000,20240122,4220000,P,600,700,1,1
1704901500000,20240122,4540000,C,226900,231300,1,1
1704901500000,20240122,4540000,P,1700,1800,1,1
1704901500000,20240122,4860000,C,4600,4700,1,1
1704901500000,20240122,4860000,P,100200,101700,1,1
1704901500000,20240122,4110000,C,654800,659200,1,1
1704901500000,20240122,4110000,P,400,500,1,1
1704901500000,20240122,4430000,C,336000,340400,1,1
1704901500000,20240122,4430000,P,1000,1100,1,1
1704901500000,20240122,4750000,C,42400,42700,1,1
1704901500000,20240122,4750000,P,25100,25200,1,1
1704901500000,20240122,4320000,C,445500,449900,1,1
1704901500000,20240122,4320000,P,700,800,1,1
1704901500000,20240122,4640000,C,131900,133100,1,1
1704901500000,20240122,4640000,P,4700,4800,1,1
1704901500000,20240122,4960000,C,400,500,1,1
1704901500000,20240122,4960000,P,198700,203100,1,1
1704901500000,20240122,4210000,C,555100,559500,1,1
1704901500000,20240122,4210000,P,600,700,1,1
1704901500000,20240122,4530000,C,236800,241200,1,1
1704901500000,20240122,4530000,P,1600,1700,1,1
1704901500000,20240122,4850000,C,5900,6000,1,1
1704901500000,20240122,4850000,P,90200,91900,1,1
1704901500000,20240122,4100000,C,664700,669200,1,1
1704901500000,20240122,4100000,P,400,500,1,1
1704901500000,20240122,4420000,C,346000,350500,1,1
1704901500000,20240122,4420000,P,1000,1100,1,1
1704901500000,20240122,4740000,C,48900,49200,1,1
1704901500000,20240122,4740000,P,21500,21600,1,1
1704901500000,20240122,4310000,C,455500,459800,1,1
1704901500000,20240122,4310000,P,700,800,1,1
1704901500000,20240122,4630000,C,141200,142500,1,1
1704901500000,20240122,4630000,P,4200,4300,1,1
1704901500000,20240122,4950000,C,500,600,1,1
1704901500000,20240122,4950000,P,188700,193100,1,1
1704901500000,20240122,4200000,C,565100,569500,1,1
1704901500000,20240122,4200000,P,500,600,1,1
1704901500000,20240122,4520000,C,246700,251000,1,1
1704901500000,20240122,4520000,P,1500,1600,1,1
1704901500000,20240122,4840000,C,7500,7600,1,1
1704901500000,20240122,4840000,P,81700,82900,1,1
1704901500000,20240122,4090000,C,674700,679100,1,1
1704901500000,20240122,4090000,P,400,500,1,1
1704901500000,20240122,4410000,C,355900,360300,1,1
1704901500000,20240122,4410000,P,1000,1100,1,1
1704901500000,20240122,4730000,C,55800,56300,1,1
1704901500000,20240122,4730000,P,18400,18500,1,1
1704901500000,20240122,5050000,C,200,300,1,1
1704901500000,20240122,5050000,P,288600,293100,1,1
1704901500000,20240122,4300000,C,465400,469800,1,1
1704901500000,20240122,4300000,P,700,800,1,1
1704901500000,20240122,4620000,C,150700,152000,1,1
1704901500000,20240122,4620000,P,3700,3800,1,1
1704901500000,20240122,4940000,C,600,700,1,1
1704901500000,20240122,4940000,P,178700,183100,1,1
1704901500000,20240122,4190000,C,575000,579400,1,1
1704901500000,20240122,4190000,P,500,600,1,1
1704901500000,20240122,4510000,C,256600,261000,1,1
1704901500000,20240122,4510000,P,1400,1500,1,1
1704901500000,20240122,4830000,C,9500,9600,1,1
1704901500000,20240122,4830000,P,73400,74400,1,1
1704901500000,20240122,5150000,C,100,200,1,1
1704901500000,20240122,5150000,P,388700,393100,1,1
1704901500000,20240122,5250000,C,100,200,1,1
1704901500000,20240122,5250000,P,488700,493000,1,1
1704901500000,20240122,4400000,C,365900,370400,1,1
1704901500000,20240122,4400000,P,900,1000,1,1
1704901500000,20240122,4080000,C,684700,689100,1,1
1704901500000,20240122,4080000,P,400,500,1,1
1704901500000,20240122,4720000,C,63100,63700,1,1
1704901500000,20240122,4720000,P,15700,15800,1,1
1704901500000,20240122,4290000,C,475400,479800,1,1
1704901500000,20240122,4290000,P,700,800,1,1
1704901500000,20240122,4610000,C,160300,161600,1,1
1704901500000,20240122,4610000,P,3300,3400,1,1
1704901500000,20240122,4930000,C,800,900,1,1
1704901500000,20240122,4930000,P,168700,173100,1,1
1704901500000,20240122,5350000,P,588500,593000,1,1
1704901500000,20240122,4500000,C,266500,270900,1,1
1704901500000,20240122,4500000,P,1400,1500,1,1
1704901500000,20240122,4180000,C,585000,589400,1,1
1704901500000,20240122,4180000,P,500,600,1,1
1704901500000,20240122,4820000,C,11900,12000,1,1
1704901500000,20240122,4820000,P,65500,66300,1,1
1704901500000,20240122,4070000,C,694700,699100,1,1
1704901500000,20240122,4070000,P,400,500,1,1
1704901500000,20240122,4390000,C,375800,380200,1,1
1704901500000,20240122,4390000,P,900,1000,1,1
1704901500000,20240122,4710000,C,70800,71500,1,1
1704901500000,20240122,4710000,P,13400,13500,1,1
1704901500000,20240122,4280000,C,485300,489800,1,1
1704901500000,20240122,4280000,P,700,800,1,1
1704901500000,20240122,4600000,C,169900,171200,1,1
1704901500000,20240122,4600000,P,2900,3000,1,1
1704901500000,20240122,4920000,C,1000,1100,1,1
1704901500000,20240122,4920000,P,158700,163100,1,1
1704901500000,20240122,4170000,C,595000,599400,1,1
1704901500000,20240122,4170000,P,500,600,1,1
1704901500000,20240122,4490000,C,276400,280800,1,1
1704901500000,20240122,4490000,P,1300,1400,1,1
1704901500000,20240122,4810000,C,14700,14800,1,1
1704901500000,20240122,4810000,P,58100,58800,1,1
1704901500000,20240122,4060000,C,705100,709000,1,1
1704901500000,20240122,4060000,P,400,500,1,1
1704901500000,20240122,4380000,C,385800,390300,1,1
1704901500000,20240122,4380000,P,900,1000,1,1
1704901500000,20240122,4700000,C,78800,79600,1,1
1704901500000,20240122,4700000,P,11500,11600,1,1
1704901500000,20240122,4270000,C,495300,499700,1,1
1704901500000,20240122,4270000,P,700,800,1,1
1704901500000,20240122,4590000,C,177900,182200,1,1
1704901500000,20240122,4590000,P,2600,2700,1,1
1704901500000,20240122,4910000,C,1200,1300,1,1
1704901500000,20240122,4910000,P,148800,153100,1,1
1704901500000,20240123,4160000,C,605600,610000,1,1
1704901500000,20240123,4160000,P,600,700,1,1
1704901500000,20240123,4480000,C,287200,291600,1,1
1704901500000,20240123,4480000,P,1400,1500,1,1
1704901500000,20240123,4800000,C,20100,20200,1,1
1704901500000,20240123,4800000,P,52600,53000,1,1
1704901500000,20240123,4050000,C,715300,719700,1,1
1704901500000,20240123,4050000,P,500,600,1,1
1704901500000,20240123,4370000,C,396500,400900,1,1
1704901500000,20240123,4370000,P,1000,1100,1,1
1704901500000,20240123,4690000,C,89200,90100,1,1
1704901500000,20240123,4690000,P,11200,11300,1,1
1704901500000,20240123,4260000,C,506000,510400,1,1
1704901500000,20240123,4260000,P,800,900,1,1
1704901500000,20240123,4580000,C,189300,193100,1,1
1704901500000,20240123,4580000,P,2800,2900,1,1
1704901500000,20240123,4900000,C,2100,2200,1,1
1704901500000,20240123,4900000,P,138700,143100,1,1
1704901500000,20240123,4150000,C,615600,620000,1,1
1704901500000,20240123,4150000,P,600,700,1,1
1704901500000,20240123,4470000,C,297100,301500,1,1
1704901500000,20240123,4470000,P,1400,1500,1,1
1704901500000,20240123,4790000,C,24000,24200,1,1
1704901500000,20240123,4790000,P,46400,46700,1,1
1704901500000,20240123,4040000,C,725200,729700,1,1
1704901500000,20240123,4040000,P,500,600,1,1
1704901500000,20240123,4360000,C,406400,411000,1,1
1704901500000,20240123,4360000,P,1000,1100,1,1
1704901500000,20240123,4680000,C,97700,98600,1,1
1704901500000,20240123,4680000,P,9700,9800,1,1
1704901500000,20240123,5000000,C,300,400,1,1
1704901500000,20240123,5000000,P,238600,243100,1,1
1704901500000,20240123,4250000,C,516000,520400,1,1
1704901500000,20240123,4250000,P,700,800,1,1
1704901500000,20240123,4570000,C,198500,202800,1,1
1704901500000,20240123,4570000,P,2600,2700,1,1
1704901500000,20240123,4890000,C,2700,2800,1,1
1704901500000,20240123,4890000,P,128700,133100,1,1
1704901500000,20240123,4140000,C,625600,630000,1,1
1704901500000,20240123,4140000,P,600,700,1,1
1704901500000,20240123,4460000,C,307100,311600,1,1
1704901500000,20240123,4460000,P,1300,1400,1,1
1704901500000,20240123,4780000,C,28500,28600,1,1
1704901500000,20240123,4780000,P,40700,40900,1,1
1704901500000,20240123,5100000,C,100,200,1,1
1704901500000,20240123,5100000,P,338700,343100,1,1
1704901500000,20240123,4030000,C,735200,739600,1,1
1704901500000,20240123,4030000,P,500,600,1,1
1704901500000,20240123,4350000,C,416400,420800,1,1
1704901500000,20240123,4350000,P,900,1000,1,1
1704901500000,20240123,4670000,C,106400,107400,1,1
1704901500000,20240123,4670000,P,8400,8500,1,1
1704901500000,20240123,4990000,C,300,400,1,1
1704901500000,20240123,4990000,P,228600,233100,1,1
1704901500000,20240123,4240000,C,525900,530300,1,1
1704901500000,20240123,4240000,P,700,800,1,1
1704901500000,20240123,4560000,C,208300,212600,1,1
1704901500000,20240123,4560000,P,2400,2500,1,1
1704901500000,20240123,5200000,C,100,200,1,1
1704901500000,20240123,5200000,P,438700,443000,1,1
1704901500000,20240123,4880000,C,3400,3500,1,1
1704901500000,20240123,4880000,P,118700,123100,1,1
1704901500000,20240123,4130000,C,635500,639900,1,1
1704901500000,20240123,4130000,P,600,700,1,1
1704901500000,20240123,4450000,C,317000,321300,1,1
1704901500000,20240123,4450000,P,1300,1400,1,1
1704901500000,20240123,4770000,C,33400,33600,1,1
1704901500000,20240123,4770000,P,35500,35700,1,1
1704901500000,20240123,4020000,C,745200,749600,1,1
1704901500000,20240123,4020000,P,400,500,1,1
1704901500000,20240123,4340000,C,426300,430900,1,1
1704901500000,20240123,4340000,P,900,1000,1,1
1704901500000,20240123,4660000,C,115200,116300,1,1
1704901500000,20240123,4660000,P,7300,7400,1,1
1704901500000,20240123,4980000,C,400,500,1,1
1704901500000,20240123,4980000,P,218700,223100,1,1
1704901500000,20240123,5300000,P,538600,543000,1,1
1704901500000,20240123,4230000,C,535900,540300,1,1
1704901500000,20240123,4230000,P,700,800,1,1
1704901500000,20240123,4550000,C,218100,222400,1,1
1704901500000,20240123,4550000,P,2200,2300,1,1
1704901500000,20240123,4870000,C,4400,4500,1,1
1704901500000,20240123,4870000,P,108700,113100,1,1
1704901500000,20240123,4120000,C,645500,649900,1,1
1704901500000,20240123,4120000,P,600,700,1,1
1704901500000,20240123,4440000,C,326900,331300,1,1
1704901500000,20240123,4440000,P,1200,1300,1,1
1704901500000,20240123,4760000,C,38900,39100,1,1
1704901500000,20240123,4760000,P,30900,31000,1,1
1704901500000,20240123,5400000,P,638700,643000,1,1
1704901500000,20240123,4330000,C,436300,440700,1,1
1704901500000,20240123,4330000,P,900,1000,1,1
1704901500000,20240123,4650000,C,124300,125400,1,1
1704901500000,20240123,4650000,P,6400,6500,1,1
1704901500000,20240123,4970000,C,400,500,1,1
1704901500000,20240123,4970000,P,208700,213100,1,1
1704901500000,20240123,4220000,C,545900,550300,1,1
1704901500000,20240123,4220000,P,700,800,1,1
1704901500000,20240123,4540000,C,227900,232200,1,1
1704901500000,20240123,4540000,P,2000,2100,1,1
1704901500000,20240123,4860000,C,5600,5700,1,1
1704901500000,20240123,4860000,P,100300,101700,1,1
1704901500000,20240123,4110000,C,655500,659900,1,1
1704901500000,20240123,4110000,P,500,600,1,1
1704901500000,20240123,4430000,C,336800,341400,1,1
1704901500000,20240123,4430000,P,1200,1300,1,1
1704901500000,20240123,4750000,C,44900,45100,1,1
1704901500000,20240123,4750000,P,26800,26900,1,1
1704901500000,20240123,4320000,C,446300,450600,1,1
1704901500000,20240123,4320000,P,900,1000,1,1
1704901500000,20240123,4640000,C,133400,134600,1,1
1704901500000,20240123,4640000,P,5600,5700,1,1
1704901500000,20240123,4960000,C,500,600,1,1
1704901500000,20240123,4960000,P,198700,203100,1,1
1704901500000,20240123,4210000,C,555800,560200,1,1
1704901500000,20240123,4210000,P,700,800,1,1
1704901500000,20240123,4530000,C,237800,242100,1,1
1704901500000,20240123,4530000,P,1900,2000,1,1
1704901500000,20240123,4850000,C,7000,7200,1,1
1704901500000,20240123,4850000,P,91000,92300,1,1
1704901500000,20240123,4100000,C,665400,669900,1,1
1704901500000,20240123,4100000,P,500,600,1,1
1704901500000,20240123,4420000,C,346800,351100,1,1
1704901500000,20240123,4420000,P,1100,1200,1,1
1704901500000,20240123,4740000,C,51300,51700,1,1
1704901500000,20240123,4740000,P,23200,23300,1,1
1704901500000,20240123,4310000,C,456200,460600,1,1
1704901500000,20240123,4310000,P,800,900,1,1
1704901500000,20240123,4630000,C,142700,144000,1,1
1704901500000,20240123,4630000,P,4900,5000,1,1
1704901500000,20240123,4950000,C,600,700,1,1
1704901500000,20240123,4950000,P,188700,193100,1,1
1704901500000,20240123,4200000,C,565800,570200,1,1
1704901500000,20240123,4200000,P,700,800,1,1
1704901500000,20240123,4520000,C,247600,252000,1,1
1704901500000,20240123,4520000,P,1800,1900,1,1
1704901500000,20240123,4840000,C,8800,9000,1,1
1704901500000,20240123,4840000,P,82400,83500,1,1
1704901500000,20240123,4090000,C,675400,679800,1,1
1704901500000,20240123,4090000,P,500,600,1,1
1704901500000,20240123,4410000,C,356700,361100,1,1
1704901500000,20240123,4410000,P,1100,1200,1,1
1704901500000,20240123,4730000,C,58200,58600,1,1
1704901500000,20240123,4730000,P,20000,20200,1,1
1704901500000,20240123,5050000,C,200,300,1,1
1704901500000,20240123,5050000,P,288600,293100,1,1
1704901500000,20240123,4300000,C,466200,470600,1,1
1704901500000,20240123,4300000,P,800,900,1,1
1704901500000,20240123,4620000,C,152100,153400,1,1
1704901500000,20240123,4620000,P,4400,4500,1,1
1704901500000,20240123,4940000,C,800,900,1,1
1704901500000,20240123,4940000,P,178700,183100,1,1
1704901500000,20240123,4190000,C,575700,580100,1,1
1704901500000,20240123,4190000,P,600,700,1,1
1704901500000,20240123,4510000,C,257500,261900,1,1
1704901500000,20240123,4510000,P,1700,1800,1,1
1704901500000,20240123,4830000,C,11000,11100,1,1
1704901500000,20240123,4830000,P,74200,75200,1,1
1704901500000,20240123,5150000,C,100,200,1,1
1704901500000,20240123,5150000,P,388700,393100,1,1
1704901500000,20240123,5250000,C,100,200,1,1
1704901500000,20240123,5250000,P,488700,493000,1,1
1704901500000,20240123,4400000,C,366700,371000,1,1
1704901500000,20240123,4400000,P,1100,1200,1,1
1704901500000,20240123,4080000,C,685400,689800,1,1
1704901500000,20240123,4080000,P,500,600,1,1
1704901500000,20240123,4720000,C,65300,66000,1,1
1704901500000,20240123,4720000,P,17300,17400,1,1
1704901500000,20240123,4290000,C,476100,480500,1,1
1704901500000,20240123,4290000,P,800,900,1,1
1704901500000,20240123,4610000,C,161600,162900,1,1
1704901500000,20240123,4610000,P,3900,4000,1,1
1704901500000,20240123,4930000,C,1000,1100,1,1
1704901500000,20240123,4930000,P,168700,173100,1,1
1704901500000,20240123,5350000,P,588500,593000,1,1
1704901500000,20240123,4500000,C,267400,271800,1,1
1704901500000,20240123,4500000,P,1600,1700,1,1
1704901500000,20240123,4180000,C,585700,590100,1,1
1704901500000,20240123,4180000,P,600,700,1,1
1704901500000,20240123,4820000,C,13600,13700,1,1
1704901500000,20240123,4820000,P,66500,67300,1,1
1704901500000,20240123,4070000,C,695300,699800,1,1
1704901500000,20240123,4070000,P,500,600,1,1
1704901500000,20240123,4390000,C,376600,381000,1,1
1704901500000,20240123,4390000,P,1000,1100,1,1
1704901500000,20240123,4710000,C,72900,73700,1,1
1704901500000,20240123,4710000,P,14900,15100,1,1
1704901500000,20240123,4280000,C,486100,490500,1,1
1704901500000,20240123,4280000,P,800,900,1,1
1704901500000,20240123,4600000,C,171200,172500,1,1
1704901500000,20240123,4600000,P,3500,3600,1,1
1704901500000,20240123,4920000,C,1300,1400,1,1
1704901500000,20240123,4920000,P,158700,163100,1,1
1704901500000,20240123,4170000,C,595700,600100,1,1
1704901500000,20240123,4170000,P,600,700,1,1
1704901500000,20240123,4490000,C,277300,281700,1,1
1704901500000,20240123,4490000,P,1500,1600,1,1
1704901500000,20240123,4810000,C,16600,16700,1,1
1704901500000,20240123,4810000,P,59300,59900,1,1
1704901500000,20240123,4060000,C,705300,709700,1,1
1704901500000,20240123,4060000,P,500,600,1,1
1704901500000,20240123,4380000,C,386500,391100,1,1
1704901500000,20240123,4380000,P,1000,1100,1,1
1704901500000,20240123,4700000,C,81000,81800,1,1
1704901500000,20240123,4700000,P,12900,13000,1,1
1704901500000,20240123,4270000,C,496000,500600,1,1
1704901500000,20240123,4270000,P,800,900,1,1
1704901500000,20240123,4590000,C,179100,183400,1,1
1704901500000,20240123,4590000,P,3100,3200,1,1
1704901500000,20240123,4910000,C,1600,1700,1,1
1704901500000,20240123,4910000,P,148700,153100,1,1
1704901500000,20240124,4800000,C,22300,22400,1,1
1704901500000,20240124,4800000,P,54100,54500,1,1
1704901500000,20240124,4690000,C,91500,92300,1,1
1704901500000,20240124,4690000,P,12700,12800,1,1
1704901500000,20240124,4900000,C,2600,2700,1,1
1704901500000,20240124,4900000,P,138800,143100,1,1
1704901500000,20240124,4790000,C,26400,26500,1,1
1704901500000,20240124,4790000,P,48000,48300,1,1
1704901500000,20240124,4680000,C,99800,100700,1,1
1704901500000,20240124,4680000,P,11100,11200,1,1
1704901500000,20240124,5000000,C,300,400,1,1
1704901500000,20240124,5000000,P,238700,243100,1,1
1704901500000,20240124,4780000,C,30900,31100,1,1
1704901500000,20240124,4780000,P,42400,42600,1,1
1704901500000,20240124,5100000,C,100,200,1,1
1704901500000,20240124,5100000,P,338700,343100,1,1
1704901500000,20240124,4670000,C,108400,109400,1,1
1704901500000,20240124,4670000,P,9700,9800,1,1
1704901500000,20240124,5200000,C,100,200,1,1
1704901500000,20240124,5200000,P,438600,443100,1,1
1704901500000,20240124,4770000,C,36000,36200,1,1
1704901500000,20240124,4770000,P,37300,37500,1,1
1704901500000,20240124,4660000,C,117200,118200,1,1
1704901500000,20240124,4660000,P,8500,8700,1,1
1704901500000,20240124,5300000,C,100,200,1,1
1704901500000,20240124,5300000,P,538700,543100,1,1
1704901500000,20240124,4760000,C,41500,41700,1,1
1704901500000,20240124,4760000,P,32700,32900,1,1
1704901500000,20240124,4650000,C,126100,127200,1,1
1704901500000,20240124,4650000,P,7500,7600,1,1
1704901500000,20240124,4750000,C,47500,47800,1,1
1704901500000,20240124,4750000,P,28700,28800,1,1
1704901500000,20240124,4640000,C,135200,136300,1,1
1704901500000,20240124,4640000,P,6600,6700,1,1
1704901500000,20240124,4740000,C,53900,54200,1,1
1704901500000,20240124,4740000,P,25000,25200,1,1
1704901500000,20240124,4630000,C,144400,145600,1,1
1704901500000,20240124,4630000,P,5900,6000,1,1
1704901500000,20240124,4730000,C,60700,61200,1,1
1704901500000,20240124,4730000,P,21900,22000,1,1
1704901500000,20240124,4300000,C,466900,471400,1,1
1704901500000,20240124,4300000,P,900,1000,1,1
1704901500000,20240124,4830000,C,12700,12800,1,1
1704901500000,20240124,4830000,P,75200,76100,1,1
1704901500000,20240124,4400000,C,367500,371900,1,1
1704901500000,20240124,4400000,P,1200,1300,1,1
1704901500000,20240124,4720000,C,67800,68500,1,1
1704901500000,20240124,4720000,P,19100,19200,1,1
1704901500000,20240124,4500000,C,268300,272700,1,1
1704901500000,20240124,4500000,P,1900,2000,1,1
1704901500000,20240124,4820000,C,15500,15600,1,1
1704901500000,20240124,4820000,P,67700,68400,1,1
1704901500000,20240124,4710000,C,75500,76100,1,1
1704901500000,20240124,4710000,P,16600,16800,1,1
1704901500000,20240124,4600000,C,172600,173900,1,1
1704901500000,20240124,4600000,P,4200,4300,1,1
1704901500000,20240124,4810000,C,18600,18800,1,1
1704901500000,20240124,4810000,P,60600,61200,1,1
1704901500000,20240124,4700000,C,83200,84100,1,1
1704901500000,20240124,4700000,P,14500,14700,1,1
1704901500000,20240126,4480000,C,293000,294400,1,1
1704901500000,20240126,4480000,P,2200,2300,1,1
1704901500000,20240126,4800000,C,27000,27100,1,1
1704901500000,20240126,4800000,P,56200,57000,1,1
1704901500000,20240126,4475000,C,297900,299300,1,1
1704901500000,20240126,4475000,P,2100,2200,1,1
1704901500000,20240126,4370000,C,400300,404800,1,1
1704901500000,20240126,4370000,P,1400,1500,1,1
1704901500000,20240126,4050000,C,718600,723100,1,1
1704901500000,20240126,4050000,P,600,700,1,1
1704901500000,20240126,4690000,C,96900,97600,1,1
1704901500000,20240126,4690000,P,15400,15500,1,1
1704901500000,20240126,4580000,C,195700,197000,1,1
1704901500000,20240126,4580000,P,4600,4700,1,1
1704901500000,20240126,4900000,C,4000,4100,1,1
1704901500000,20240126,4900000,P,138700,143100,1,1
1704901500000,20240126,4575000,C,200500,201800,1,1
1704901500000,20240126,4575000,P,4400,4500,1,1
1704901500000,20240126,4150000,C,619100,623500,1,1
1704901500000,20240126,4150000,P,800,900,1,1
1704901500000,20240126,4470000,C,302800,304300,1,1
1704901500000,20240126,4470000,P,2100,2200,1,1
1704901500000,20240126,4790000,C,31300,31500,1,1
1704901500000,20240126,4790000,P,50800,50900,1,1
1704901500000,20240126,4360000,C,410200,414700,1,1
1704901500000,20240126,4360000,P,1300,1400,1,1
1704901500000,20240126,5000000,C,500,600,1,1
1704901500000,20240126,5000000,P,238700,243100,1,1
1704901500000,20240126,4680000,C,104900,106000,1,1
1704901500000,20240126,4680000,P,13600,13800,1,1
1704901500000,20240126,4675000,C,109100,110200,1,1
1704901500000,20240126,4675000,P,12800,13000,1,1
1704901500000,20240126,4250000,C,519600,524000,1,1
1704901500000,20240126,4250000,P,1000,1100,1,1
1704901500000,20240126,4570000,C,205300,206600,1,1
1704901500000,20240126,4570000,P,4200,4300,1,1
1704901500000,20240126,4890000,C,5000,5100,1,1
1704901500000,20240126,4890000,P,128700,133100,1,1
1704901500000,20240126,3500000,C,1266500,1271100,1,1
1704901500000,20240126,3500000,P,100,200,1,1
1704901500000,20240126,4460000,C,312700,314100,1,1
1704901500000,20240126,4460000,P,2000,2100,1,1
1704901500000,20240126,4780000,C,36100,36300,1,1
1704901500000,20240126,4780000,P,45300,45500,1,1
1704901500000,20240126,5100000,C,200,300,1,1
1704901500000,20240126,5100000,P,338700,343100,1,1
1704901500000,20240126,4350000,C,420300,424600,1,1
1704901500000,20240126,4350000,P,1300,1400,1,1
1704901500000,20240126,4670000,C,113600,114500,1,1
1704901500000,20240126,4670000,P,12100,12200,1,1
1704901500000,20240126,3600000,C,1166900,1171500,1,1
1704901500000,20240126,3600000,P,200,300,1,1
1704901500000,20240126,4560000,C,214900,216200,1,1
1704901500000,20240126,4560000,P,3800,3900,1,1
1704901500000,20240126,5200000,C,100,200,1,1
1704901500000,20240126,5200000,P,438700,443100,1,1
1704901500000,20240126,4880000,C,6200,6300,1,1
1704901500000,20240126,4880000,P,118700,123100,1,1
1704901500000,20240126,4875000,C,6800,6900,1,1
1704901500000,20240126,4875000,P,113800,118100,1,1
1704901500000,20240126,4450000,C,322600,324000,1,1
1704901500000,20240126,4450000,P,1900,2000,1,1
1704901500000,20240126,4770000,C,41400,41600,1,1
1704901500000,20240126,4770000,P,40300,40500,1,1
1704901500000,20240126,3700000,C,1067200,1071600,1,1
1704901500000,20240126,3700000,P,300,400,1,1
1704901500000,20240126,4340000,C,430100,434500,1,1
1704901500000,20240126,4340000,P,1300,1400,1,1
1704901500000,20240126,4660000,C,122200,123200,1,1
1704901500000,20240126,4660000,P,10800,10900,1,1
1704901500000,20240126,5300000,C,100,200,1,1
1704901500000,20240126,5300000,P,538700,543100,1,1
1704901500000,20240126,4550000,C,224600,225900,1,1
1704901500000,20240126,4550000,P,3500,3600,1,1
1704901500000,20240126,4870000,C,7600,7700,1,1
1704901500000,20240126,4870000,P,108800,113000,1,1
1704901500000,20240126,3800000,C,967600,972100,1,1
1704901500000,20240126,3800000,P,400,500,1,1
1704901500000,20240126,4440000,C,330900,335300,1,1
1704901500000,20240126,4440000,P,1800,1900,1,1
1704901500000,20240126,4760000,C,47100,47200,1,1
1704901500000,20240126,4760000,P,35800,36000,1,1
1704901500000,20240126,5400000,P,638900,643100,1,1
1704901500000,20240126,4330000,C,440000,444500,1,1
1704901500000,20240126,4330000,P,1200,1300,1,1
1704901500000,20240126,4650000,C,131000,132000,1,1
1704901500000,20240126,4650000,P,9600,9700,1,1
1704901500000,20240126,3900000,C,868000,872500,1,1
1704901500000,20240126,3900000,P,500,600,1,1
1704901500000,20240126,4540000,C,234200,235600,1,1
1704901500000,20240126,4540000,P,3200,3300,1,1
1704901500000,20240126,4860000,C,9300,9400,1,1
1704901500000,20240126,4860000,P,99700,103700,1,1
1704901500000,20240126,4430000,C,340800,345200,1,1
1704901500000,20240126,4430000,P,1700,1800,1,1
1704901500000,20240126,4750000,C,53100,53400,1,1
1704901500000,20240126,4750000,P,31800,31900,1,1
1704901500000,20240126,4320000,C,450000,454400,1,1
1704901500000,20240126,4320000,P,1200,1300,1,1
1704901500000,20240126,4000000,C,768400,772900,1,1
1704901500000,20240126,4000000,P,600,700,1,1
1704901500000,20240126,4640000,C,139900,141000,1,1
1704901500000,20240126,4640000,P,8600,8700,1,1
1704901500000,20240126,4530000,C,244000,245300,1,1
1704901500000,20240126,4530000,P,3000,3100,1,1
1704901500000,20240126,4850000,C,11300,11400,1,1
1704901500000,20240126,4850000,P,91200,95100,1,1
1704901500000,20240126,4525000,C,248900,250200,1,1
1704901500000,20240126,4525000,P,2900,3000,1,1
1704901500000,20240126,4100000,C,668800,673300,1,1
1704901500000,20240126,4100000,P,700,800,1,1
1704901500000,20240126,4420000,C,350700,355200,1,1
1704901500000,20240126,4420000,P,1600,1700,1,1
1704901500000,20240126,4740000,C,59600,59900,1,1
1704901500000,20240126,4740000,P,28200,28300,1,1
1704901500000,20240126,4950000,C,1300,1400,1,1
1704901500000,20240126,4950000,P,188600,193100,1,1
1704901500000,20240126,4630000,C,149000,150100,1,1
1704901500000,20240126,4630000,P,7700,7800,1,1
1704901500000,20240126,4625000,C,153600,154700,1,1
1704901500000,20240126,4625000,P,7300,7400,1,1
1704901500000,20240126,4200000,C,569300,573800,1,1
1704901500000,20240126,4200000,P,900,1000,1,1
1704901500000,20240126,4520000,C,253700,255100,1,1
1704901500000,20240126,4520000,P,2800,2900,1,1
1704901500000,20240126,4840000,C,13700,13800,1,1
1704901500000,20240126,4840000,P,83400,86900,1,1
1704901500000,20240126,4410000,C,360600,365100,1,1
1704901500000,20240126,4410000,P,1600,1700,1,1
1704901500000,20240126,5050000,C,300,400,1,1
1704901500000,20240126,5050000,P,288700,293100,1,1
1704901500000,20240126,4730000,C,66400,66900,1,1
1704901500000,20240126,4730000,P,24900,25100,1,1
1704901500000,20240126,4300000,C,469800,474300,1,1
1704901500000,20240126,4300000,P,1100,1200,1,1
1704901500000,20240126,4620000,C,158200,159300,1,1
1704901500000,20240126,4620000,P,6900,7000,1,1
1704901500000,20240126,3550000,C,1216700,1221000,1,1
1704901500000,20240126,3550000,P,200,300,1,1
1704901500000,20240126,4510000,C,263500,264900,1,1
1704901500000,20240126,4510000,P,2600,2700,1,1
1704901500000,20240126,5150000,C,100,200,1,1
1704901500000,20240126,5150000,P,388700,393100,1,1
1704901500000,20240126,4830000,C,16400,16600,1,1
1704901500000,20240126,4830000,P,75900,78400,1,1
1704901500000,20240126,5250000,C,100,200,1,1
1704901500000,20240126,5250000,P,488700,493100,1,1
1704901500000,20240126,4400000,C,370500,375000,1,1
1704901500000,20240126,4400000,P,1500,1600,1,1
1704901500000,20240126,4720000,C,73600,74100,1,1
1704901500000,20240126,4720000,P,22100,22200,1,1
1704901500000,20240126,3650000,C,1117100,1121600,1,1
1704901500000,20240126,3650000,P,200,300,1,1
1704901500000,20240126,4610000,C,167500,168600,1,1
1704901500000,20240126,4610000,P,6200,6300,1,1
1704901500000,20240126,5350000,P,588700,593100,1,1
1704901500000,20240126,4500000,C,273300,274700,1,1
1704901500000,20240126,4500000,P,2400,2500,1,1
1704901500000,20240126,4820000,C,19500,19700,1,1
1704901500000,20240126,4820000,P,68500,71200,1,1
1704901500000,20240126,3750000,C,1017400,1022000,1,1
1704901500000,20240126,3750000,P,300,400,1,1
1704901500000,20240126,4390000,C,380500,384900,1,1
1704901500000,20240126,4390000,P,1500,1600,1,1
1704901500000,20240126,4710000,C,81100,81700,1,1
1704901500000,20240126,4710000,P,19600,19700,1,1
1704901500000,20240126,5450000,P,688900,693100,1,1
1704901500000,20240126,4600000,C,176800,178000,1,1
1704901500000,20240126,4600000,P,5600,5700,1,1
1704901500000,20240126,3850000,C,917800,922300,1,1
1704901500000,20240126,3850000,P,400,500,1,1
1704901500000,20240126,4490000,C,283100,284600,1,1
1704901500000,20240126,4490000,P,2300,2400,1,1
1704901500000,20240126,4810000,C,23000,23200,1,1
1704901500000,20240126,4810000,P,62500,63400,1,1
1704901500000,20240126,4380000,C,390400,394800,1,1
1704901500000,20240126,4380000,P,1400,1500,1,1
1704901500000,20240126,4700000,C,88700,89500,1,1
1704901500000,20240126,4700000,P,17300,17500,1,1
1704901500000,20240126,3950000,C,818200,822700,1,1
1704901500000,20240126,3950000,P,500,600,1,1
1704901500000,20240126,4590000,C,186200,187500,1,1
1704901500000,20240126,4590000,P,5000,5100,1,1
1704901500000,20240126,4910000,C,3200,3300,1,1
1704901500000,20240126,4910000,P,148700,153100,1,1
1704901500000,20240131,3200000,C,1567100,1571600,1,1
1704901500000,20240131,3200000,P,100,200,1,1
1704901500000,20240131,4160000,C,611400,616000,1,1
1704901500000,20240131,4160000,P,1200,1300,1,1
1704901500000,20240131,4480000,C,296400,297800,1,1
1704901500000,20240131,4480000,P,3500,3600,1,1
1704901500000,20240131,4800000,C,35000,35100,1,1
1704901500000,20240131,4800000,P,61600,62400,1,1
1704901500000,20240131,4370000,C,403100,407600,1,1
1704901500000,20240131,4370000,P,2100,2200,1,1
1704901500000,20240131,4050000,C,720800,725300,1,1
1704901500000,20240131,4050000,P,900,1000,1,1
1704901500000,20240131,4690000,C,104600,105400,1,1
1704901500000,20240131,4690000,P,21000,21100,1,1
1704901500000,20240131,5010000,C,1000,1100,1,1
1704901500000,20240131,5010000,P,248700,253200,1,1
1704901500000,20240131,3300000,C,1467400,1472200,1,1
1704901500000,20240131,3300000,P,100,200,1,1
1704901500000,20240131,4260000,C,512100,516600,1,1
1704901500000,20240131,4260000,P,1500,1600,1,1
1704901500000,20240131,4580000,C,200800,202000,1,1
1704901500000,20240131,4580000,P,7500,7600,1,1
1704901500000,20240131,4900000,C,7400,7500,1,1
1704901500000,20240131,4900000,P,138700,143200,1,1
1704901500000,20240131,4150000,C,621300,625900,1,1
1704901500000,20240131,4150000,P,1100,1200,1,1
1704901500000,20240131,4470000,C,306100,307500,1,1
1704901500000,20240131,4470000,P,3300,3400,1,1
1704901500000,20240131,4790000,C,39600,39800,1,1
1704901500000,20240131,4790000,P,56400,56600,1,1
1704901500000,20240131,3400000,C,1367800,1372600,1,1
1704901500000,20240131,3400000,P,200,300,1,1
1704901500000,20240131,4360000,C,412900,417500,1,1
1704901500000,20240131,4360000,P,2000,2100,1,1
1704901500000,20240131,5000000,C,1200,1300,1,1
1704901500000,20240131,5000000,P,238700,243200,1,1
1704901500000,20240131,4680000,C,112500,113500,1,1
1704901500000,20240131,4680000,P,19100,19200,1,1
1704901500000,20240131,4250000,C,522000,526500,1,1
1704901500000,20240131,4250000,P,1400,1500,1,1
1704901500000,20240131,4570000,C,210100,211300,1,1
1704901500000,20240131,4570000,P,6900,7000,1,1
1704901500000,20240131,4890000,C,8800,8900,1,1
1704901500000,20240131,4890000,P,128700,133200,1,1
1704901500000,20240131,3500000,C,1268200,1272900,1,1
1704901500000,20240131,3500000,P,300,400,1,1
1704901500000,20240131,4140000,C,631300,635800,1,1
1704901500000,20240131,4140000,P,1100,1200,1,1
1704901500000,20240131,4460000,C,315900,317300,1,1
1704901500000,20240131,4460000,P,3100,3200,1,1
1704901500000,20240131,5100000,C,300,400,1,1
1704901500000,20240131,5100000,P,338700,343100,1,1
1704901500000,20240131,4780000,C,44600,44800,1,1
1704901500000,20240131,4780000,P,51300,51400,1,1
1704901500000,20240131,4350000,C,422800,427400,1,1
1704901500000,20240131,4350000,P,1900,2000,1,1
1704901500000,20240131,4670000,C,120700,121700,1,1
1704901500000,20240131,4670000,P,17300,17400,1,1
1704901500000,20240131,4990000,C,1400,1500,1,1
1704901500000,20240131,4990000,P,228700,233200,1,1
1704901500000,20240131,3600000,C,1168700,1173300,1,1
1704901500000,20240131,3600000,P,300,400,1,1
1704901500000,20240131,4240000,C,531900,536500,1,1
1704901500000,20240131,4240000,P,1400,1500,1,1
1704901500000,20240131,4560000,C,219500,220800,1,1
1704901500000,20240131,4560000,P,6400,6500,1,1
1704901500000,20240131,5200000,C,100,200,1,1
1704901500000,20240131,5200000,P,438600,443100,1,1
1704901500000,20240131,4880000,C,10500,10600,1,1
1704901500000,20240131,4880000,P,119200,123500,1,1
1704901500000,20240131,4130000,C,641200,645800,1,1
1704901500000,20240131,4130000,P,1100,1200,1,1
1704901500000,20240131,4450000,C,325700,327100,1,1
1704901500000,20240131,4450000,P,3000,3100,1,1
1704901500000,20240131,4770000,C,50000,50200,1,1
1704901500000,20240131,4770000,P,46500,46600,1,1
1704901500000,20240131,3700000,C,1069100,1073800,1,1
1704901500000,20240131,3700000,P,400,500,1,1
1704901500000,20240131,4340000,C,432700,437300,1,1
1704901500000,20240131,4340000,P,1900,2000,1,1
1704901500000,20240131,4660000,C,129300,130200,1,1
1704901500000,20240131,4660000,P,15700,15800,1,1
1704901500000,20240131,4980000,C,1700,1800,1,1
1704901500000,20240131,4980000,P,218700,223200,1,1
1704901500000,20240131,5300000,C,100,200,1,1
1704901500000,20240131,5300000,P,538600,543100,1,1
1704901500000,20240131,4230000,C,541800,546400,1,1
1704901500000,20240131,4230000,P,1400,1500,1,1
1704901500000,20240131,4550000,C,229000,230300,1,1
1704901500000,20240131,4550000,P,5800,5900,1,1
1704901500000,20240131,4870000,C,12400,12500,1,1
1704901500000,20240131,4870000,P,110500,114600,1,1
1704901500000,20240131,3800000,C,969500,974200,1,1
1704901500000,20240131,3800000,P,500,600,1,1
1704901500000,20240131,4120000,C,651100,655700,1,1
1704901500000,20240131,4120000,P,1100,1200,1,1
1704901500000,20240131,4440000,C,335500,336900,1,1
1704901500000,20240131,4440000,P,2800,2900,1,1
1704901500000,20240131,4760000,C,55800,56000,1,1
1704901500000,20240131,4760000,P,42100,42300,1,1
1704901500000,20240131,5400000,C,100,200,1,1
1704901500000,20240131,5400000,P,638900,643100,1,1
1704901500000,20240131,4330000,C,442600,447200,1,1
1704901500000,20240131,4330000,P,1800,1900,1,1
1704901500000,20240131,4650000,C,137800,138700,1,1
1704901500000,20240131,4650000,P,14300,14400,1,1
1704901500000,20240131,4970000,C,2000,2100,1,1
1704901500000,20240131,4970000,P,208700,213200,1,1
1704901500000,20240131,3900000,C,870000,874600,1,1
1704901500000,20240131,3900000,P,700,800,1,1
1704901500000,20240131,4220000,C,551800,556300,1,1
1704901500000,20240131,4220000,P,1300,1400,1,1
1704901500000,20240131,4540000,C,238500,239800,1,1
1704901500000,20240131,4540000,P,5400,5500,1,1
1704901500000,20240131,4860000,C,14600,14800,1,1
1704901500000,20240131,4860000,P,102200,106100,1,1
1704901500000,20240131,4110000,C,661100,665700,1,1
1704901500000,20240131,4110000,P,1000,1100,1,1
1704901500000,20240131,4430000,C,345300,346800,1,1
1704901500000,20240131,4430000,P,2700,2800,1,1
1704901500000,20240131,4750000,C,61800,62100,1,1
1704901500000,20240131,4750000,P,38200,38300,1,1
1704901500000,20240131,4320000,C,452600,457100,1,1
1704901500000,20240131,4320000,P,1700,1800,1,1
1704901500000,20240131,4000000,C,770500,775100,1,1
1704901500000,20240131,4000000,P,800,900,1,1
1704901500000,20240131,4640000,C,146500,147500,1,1
1704901500000,20240131,4640000,P,13000,13100,1,1
1704901500000,20240131,4960000,C,2400,2500,1,1
1704901500000,20240131,4960000,P,198700,203200,1,1
1704901500000,20240131,4210000,C,561700,566300,1,1
1704901500000,20240131,4210000,P,1300,1400,1,1
1704901500000,20240131,4530000,C,248100,249400,1,1
1704901500000,20240131,4530000,P,5000,5100,1,1
1704901500000,20240131,4850000,C,17200,17300,1,1
1704901500000,20240131,4850000,P,94900,97500,1,1
1704901500000,20240131,4100000,C,671000,675600,1,1
1704901500000,20240131,4100000,P,1000,1100,1,1
1704901500000,20240131,4420000,C,355200,356600,1,1
1704901500000,20240131,4420000,P,2500,2600,1,1
1704901500000,20240131,4740000,C,68300,68600,1,1
1704901500000,20240131,4740000,P,34500,34700,1,1
1704901500000,20240131,3350000,C,1417600,1422400,1,1
1704901500000,20240131,3350000,P,200,300,1,1
1704901500000,20240131,4310000,C,462500,467000,1,1
1704901500000,20240131,4310000,P,1700,1800,1,1
1704901500000,20240131,4630000,C,155300,156300,1,1
1704901500000,20240131,4630000,P,11800,11900,1,1
1704901500000,20240131,4950000,C,2900,3000,1,1
1704901500000,20240131,4950000,P,188700,193200,1,1
1704901500000,20240131,4200000,C,571600,576200,1,1
1704901500000,20240131,4200000,P,1300,1400,1,1
1704901500000,20240131,4520000,C,257700,259000,1,1
1704901500000,20240131,4520000,P,4600,4700,1,1
1704901500000,20240131,4840000,C,20100,20200,1,1
1704901500000,20240131,4840000,P,87400,89800,1,1
1704901500000,20240131,3450000,C,1318000,1322800,1,1
1704901500000,20240131,3450000,P,200,300,1,1
1704901500000,20240131,4090000,C,681000,685600,1,1
1704901500000,20240131,4090000,P,1000,1100,1,1
1704901500000,20240131,4410000,C,363500,368100,1,1
1704901500000,20240131,4410000,P,2400,2500,1,1
1704901500000,20240131,5050000,C,500,600,1,1
1704901500000,20240131,5050000,P,288700,293100,1,1
1704901500000,20240131,4730000,C,75000,75400,1,1
1704901500000,20240131,4730000,P,31300,31400,1,1
1704901500000,20240131,4300000,C,472400,476900,1,1
1704901500000,20240131,4300000,P,1600,1700,1,1
1704901500000,20240131,4620000,C,164200,165200,1,1
1704901500000,20240131,4620000,P,10800,10900,1,1
1704901500000,20240131,4940000,C,3500,3600,1,1
1704901500000,20240131,4940000,P,178700,183200,1,1
1704901500000,20240131,3550000,C,1218500,1223100,1,1
1704901500000,20240131,3550000,P,300,400,1,1
1704901500000,20240131,4190000,C,581600,586100,1,1
1704901500000,20240131,4190000,P,1200,1300,1,1
1704901500000,20240131,4510000,C,267300,268600,1,1
1704901500000,20240131,4510000,P,4300,4400,1,1
1704901500000,20240131,5150000,C,200,300,1,1
1704901500000,20240131,5150000,P,388700,393100,1,1
1704901500000,20240131,4830000,C,23300,23400,1,1
1704901500000,20240131,4830000,P,80100,82600,1,1
1704901500000,20240131,5250000,C,100,200,1,1
1704901500000,20240131,5250000,P,488600,493100,1,1
1704901500000,20240131,4080000,C,690900,695500,1,1
1704901500000,20240131,4080000,P,1000,1100,1,1
1704901500000,20240131,4400000,C,373400,377900,1,1
1704901500000,20240131,4400000,P,2300,2400,1,1
1704901500000,20240131,4720000,C,82100,82500,1,1
1704901500000,20240131,4720000,P,28300,28400,1,1
1704901500000,20240131,3650000,C,1118900,1123500,1,1
1704901500000,20240131,3650000,P,400,500,1,1
1704901500000,20240131,4290000,C,482300,486800,1,1
1704901500000,20240131,4290000,P,1600,1700,1,1
1704901500000,20240131,4610000,C,173200,174300,1,1
1704901500000,20240131,4610000,P,9800,9900,1,1
1704901500000,20240131,4930000,C,4300,4400,1,1
1704901500000,20240131,4930000,P,168700,173200,1,1
1704901500000,20240131,5350000,C,100,200,1,1
1704901500000,20240131,5350000,P,588600,593100,1,1
1704901500000,20240131,4180000,C,591500,596100,1,1
1704901500000,20240131,4180000,P,1200,1300,1,1
1704901500000,20240131,4500000,C,277000,278300,1,1
1704901500000,20240131,4500000,P,4000,4100,1,1
1704901500000,20240131,4820000,C,26800,27000,1,1
1704901500000,20240131,4820000,P,74000,74900,1,1
1704901500000,20240131,3750000,C,1019300,1024000,1,1
1704901500000,20240131,3750000,P,500,600,1,1
1704901500000,20240131,4390000,C,383300,387800,1,1
1704901500000,20240131,4390000,P,2200,2300,1,1
1704901500000,20240131,4070000,C,700900,705400,1,1
1704901500000,20240131,4070000,P,1000,1100,1,1
1704901500000,20240131,4710000,C,89400,89900,1,1
1704901500000,20240131,4710000,P,25600,25800,1,1
1704901500000,20240131,5450000,P,688600,693100,1,1
1704901500000,20240131,4280000,C,492200,496800,1,1
1704901500000,20240131,4280000,P,1600,1700,1,1
1704901500000,20240131,4600000,C,182300,183400,1,1
1704901500000,20240131,4600000,P,9000,9100,1,1
1704901500000,20240131,4920000,C,5100,5200,1,1
1704901500000,20240131,4920000,P,158700,163200,1,1
1704901500000,20240131,3850000,C,919800,924400,1,1
1704901500000,20240131,3850000,P,600,700,1,1
1704901500000,20240131,4170000,C,601400,606000,1,1
1704901500000,20240131,4170000,P,1200,1300,1,1
1704901500000,20240131,4490000,C,286700,288000,1,1
1704901500000,20240131,4490000,P,3700,3800,1,1
1704901500000,20240131,4810000,C,30700,30900,1,1
1704901500000,20240131,4810000,P,67600,68500,1,1
1704901500000,20240131,4380000,C,393200,397700,1,1
1704901500000,20240131,4380000,P,2100,2200,1,1
1704901500000,20240131,4060000,C,710800,715400,1,1
1704901500000,20240131,4060000,P,900,1000,1,1
1704901500000,20240131,4700000,C,96800,97600,1,1
1704901500000,20240131,4700000,P,23200,23300,1,1
1704901500000,20240131,5020000,C,800,900,1,1
1704901500000,20240131,5020000,P,258700,263200,1,1
1704901500000,20240131,4270000,C,502100,506700,1,1
1704901500000,20240131,4270000,P,1500,1600,1,1
1704901500000,20240131,3950000,C,820200,824800,1,1
1704901500000,20240131,3950000,P,700,800,1,1
1704901500000,20240131,4590000,C,191500,192700,1,1
1704901500000,20240131,4590000,P,8200,8300,1,1
1704901500000,20240131,4910000,C,6100,6200,1,1
1704901500000,20240131,4910000,P,148700,153200,1,1
1704901500000,20240202,4480000,C,300200,301600,1,1
1704901500000,20240202,4480000,P,4600,4700,1,1
1704901500000,20240202,4800000,C,40500,40700,1,1
1704901500000,20240202,4800000,P,65000,65200,1,1
1704901500000,20240202,4050000,C,723500,728100,1,1
1704901500000,20240202,4050000,P,1100,1200,1,1
1704901500000,20240202,4690000,C,110700,111400,1,1
1704901500000,20240202,4690000,P,24200,24300,1,1
1704901500000,20240202,4580000,C,205500,206700,1,1
1704901500000,20240202,4580000,P,9400,9500,1,1
1704901500000,20240202,4900000,C,10000,10100,1,1
1704901500000,20240202,4900000,P,138700,143200,1,1
1704901500000,20240202,4150000,C,624200,628800,1,1
1704901500000,20240202,4150000,P,1300,1400,1,1
1704901500000,20240202,4470000,C,309900,311300,1,1
1704901500000,20240202,4470000,P,4300,4400,1,1
1704901500000,20240202,4790000,C,45300,45500,1,1
1704901500000,20240202,4790000,P,59600,59800,1,1
1704901500000,20240202,5000000,C,1800,1900,1,1
1704901500000,20240202,5000000,P,238700,243200,1,1
1704901500000,20240202,4680000,C,118600,119300,1,1
1704901500000,20240202,4680000,P,22100,22200,1,1
1704901500000,20240202,4675000,C,122600,123400,1,1
1704901500000,20240202,4675000,P,21100,21300,1,1
1704901500000,20240202,4250000,C,525000,529600,1,1
1704901500000,20240202,4250000,P,1700,1800,1,1
1704901500000,20240202,4570000,C,214800,216000,1,1
1704901500000,20240202,4570000,P,8700,8800,1,1
1704901500000,20240202,4890000,C,11800,11900,1,1
1704901500000,20240202,4890000,P,129300,133100,1,1
1704901500000,20240202,3500000,C,1270500,1275300,1,1
1704901500000,20240202,3500000,P,300,400,1,1
1704901500000,20240202,4780000,C,50500,50700,1,1
1704901500000,20240202,4780000,P,54600,54800,1,1
1704901500000,20240202,5100000,C,400,500,1,1
1704901500000,20240202,5100000,P,338600,343200,1,1
1704901500000,20240202,4775000,C,53200,53400,1,1
1704901500000,20240202,4775000,P,52200,52400,1,1
1704901500000,20240202,4350000,C,426100,430600,1,1
1704901500000,20240202,4350000,P,2400,2500,1,1
1704901500000,20240202,4670000,C,126700,127500,1,1
1704901500000,20240202,4670000,P,20200,20400,1,1
1704901500000,20240202,3600000,C,1171000,1175800,1,1
1704901500000,20240202,3600000,P,400,500,1,1
1704901500000,20240202,4560000,C,224100,225300,1,1
1704901500000,20240202,4560000,P,8000,8100,1,1
1704901500000,20240202,4880000,C,13700,13900,1,1
1704901500000,20240202,4880000,P,120400,124300,1,1
1704901500000,20240202,5200000,C,200,300,1,1
1704901500000,20240202,5200000,P,438600,443200,1,1
1704901500000,20240202,4875000,C,14800,15000,1,1
1704901500000,20240202,4875000,P,116200,120000,1,1
1704901500000,20240202,4450000,C,329300,330800,1,1
1704901500000,20240202,4450000,P,3800,3900,1,1
1704901500000,20240202,4770000,C,56000,56200,1,1
1704901500000,20240202,4770000,P,49900,50100,1,1
1704901500000,20240202,3700000,C,1071500,1076200,1,1
1704901500000,20240202,3700000,P,500,600,1,1
1704901500000,20240202,4660000,C,135000,135800,1,1
1704901500000,20240202,4660000,P,18500,18700,1,1
1704901500000,20240202,5300000,C,100,200,1,1
1704901500000,20240202,5300000,P,538600,543100,1,1
1704901500000,20240202,4550000,C,233400,234700,1,1
1704901500000,20240202,4550000,P,7400,7500,1,1
1704901500000,20240202,4870000,C,16000,16100,1,1
1704901500000,20240202,4870000,P,111800,115800,1,1
1704901500000,20240202,3800000,C,972100,976600,1,1
1704901500000,20240202,3800000,P,600,700,1,1
1704901500000,20240202,4760000,C,61900,62100,1,1
1704901500000,20240202,4760000,P,45600,45800,1,1
1704901500000,20240202,5400000,C,100,200,1,1
1704901500000,20240202,5400000,P,638600,643100,1,1
1704901500000,20240202,4650000,C,143400,144300,1,1
1704901500000,20240202,4650000,P,17000,17100,1,1
1704901500000,20240202,3900000,C,872600,877300,1,1
1704901500000,20240202,3900000,P,800,900,1,1
1704901500000,20240202,4540000,C,242800,244100,1,1
1704901500000,20240202,4540000,P,6900,7000,1,1
1704901500000,20240202,4860000,C,18600,18700,1,1
1704901500000,20240202,4860000,P,104000,107600,1,1
1704901500000,20240202,4750000,C,68000,68300,1,1
1704901500000,20240202,4750000,P,41700,41900,1,1
1704901500000,20240202,4000000,C,773200,777800,1,1
1704901500000,20240202,4000000,P,1000,1100,1,1
1704901500000,20240202,4640000,C,151900,152800,1,1
1704901500000,20240202,4640000,P,15500,15700,1,1
1704901500000,20240202,4530000,C,252300,253600,1,1
1704901500000,20240202,4530000,P,6400,6500,1,1
1704901500000,20240202,4850000,C,21400,21600,1,1
1704901500000,20240202,4850000,P,96800,99500,1,1
1704901500000,20240202,4100000,C,673800,678500,1,1
1704901500000,20240202,4100000,P,1200,1300,1,1
1704901500000,20240202,4740000,C,74500,74800,1,1
1704901500000,20240202,4740000,P,38100,38200,1,1
1704901500000,20240202,4950000,C,4300,4400,1,1
1704901500000,20240202,4950000,P,188700,193200,1,1
1704901500000,20240202,4630000,C,160600,161600,1,1
1704901500000,20240202,4630000,P,14300,14400,1,1
1704901500000,20240202,4625000,C,165000,166000,1,1
1704901500000,20240202,4625000,P,13700,13800,1,1
1704901500000,20240202,4200000,C,574600,579200,1,1
1704901500000,20240202,4200000,P,1500,1600,1,1
1704901500000,20240202,4520000,C,261800,263100,1,1
1704901500000,20240202,4520000,P,6000,6100,1,1
1704901500000,20240202,4840000,C,24600,24700,1,1
1704901500000,20240202,4840000,P,89400,92100,1,1
1704901500000,20240202,4730000,C,81200,81600,1,1
1704901500000,20240202,4730000,P,34800,34900,1,1
1704901500000,20240202,5050000,C,800,900,1,1
1704901500000,20240202,5050000,P,288600,293200,1,1
1704901500000,20240202,4725000,C,84700,85100,1,1
1704901500000,20240202,4725000,P,33200,33400,1,1
1704901500000,20240202,4300000,C,475500,480000,1,1
1704901500000,20240202,4300000,P,2000,2100,1,1
1704901500000,20240202,4620000,C,169400,170400,1,1
1704901500000,20240202,4620000,P,13100,13200,1,1
1704901500000,20240202,3550000,C,1220800,1225500,1,1
1704901500000,20240202,3550000,P,400,500,1,1
1704901500000,20240202,4510000,C,271400,272700,1,1
1704901500000,20240202,4510000,P,5600,5700,1,1
1704901500000,20240202,4830000,C,28000,28200,1,1
1704901500000,20240202,4830000,P,82500,84900,1,1
1704901500000,20240202,5150000,C,300,400,1,1
1704901500000,20240202,5150000,P,388600,393200,1,1
1704901500000,20240202,5250000,C,200,300,1,1
1704901500000,20240202,5250000,P,488600,493200,1,1
1704901500000,20240202,4825000,C,29900,30100,1,1
1704901500000,20240202,4825000,P,80000,80900,1,1
1704901500000,20240202,4400000,C,378300,379700,1,1
1704901500000,20240202,4400000,P,2900,3000,1,1
1704901500000,20240202,4720000,C,88200,88700,1,1
1704901500000,20240202,4720000,P,31700,31900,1,1
1704901500000,20240202,3650000,C,1121300,1125700,1,1
1704901500000,20240202,3650000,P,500,600,1,1
1704901500000,20240202,4610000,C,178300,179300,1,1
1704901500000,20240202,4610000,P,12000,12200,1,1
1704901500000,20240202,5350000,C,100,200,1,1
1704901500000,20240202,5350000,P,588600,593100,1,1
1704901500000,20240202,4500000,C,281000,282300,1,1
1704901500000,20240202,4500000,P,5200,5300,1,1
1704901500000,20240202,4820000,C,31900,32000,1,1
1704901500000,20240202,4820000,P,76800,77600,1,1
1704901500000,20240202,3750000,C,1021800,1026200,1,1
1704901500000,20240202,3750000,P,600,700,1,1
1704901500000,20240202,4710000,C,95500,96000,1,1
1704901500000,20240202,4710000,P,29000,29100,1,1
1704901500000,20240202,5450000,C,100,200,1,1
1704901500000,20240202,5450000,P,688600,693100,1,1
1704901500000,20240202,4600000,C,187300,188400,1,1
1704901500000,20240202,4600000,P,11100,11200,1,1
1704901500000,20240202,3850000,C,922300,927000,1,1
1704901500000,20240202,3850000,P,700,800,1,1
1704901500000,20240202,4490000,C,290600,291900,1,1
1704901500000,20240202,4490000,P,4900,5000,1,1
1704901500000,20240202,4810000,C,36000,36200,1,1
1704901500000,20240202,4810000,P,70600,71400,1,1
1704901500000,20240202,4700000,C,103000,103600,1,1
1704901500000,20240202,4700000,P,26500,26600,1,1
1704901500000,20240202,3950000,C,822900,827500,1,1
1704901500000,20240202,3950000,P,900,1000,1,1
1704901500000,20240202,4590000,C,196400,197500,1,1
1704901500000,20240202,4590000,P,10200,10300,1,1
1704901500000,20240209,4800000,C,49800,50000,1,1
1704901500000,20240209,4800000,P,69900,70100,1,1
1704901500000,20240209,4050000,C,728400,733100,1,1
1704901500000,20240209,4050000,P,1500,1600,1,1
1704901500000,20240209,4690000,C,121100,121700,1,1
1704901500000,20240209,4690000,P,29700,29900,1,1
1704901500000,20240209,4580000,C,214300,215500,1,1
1704901500000,20240209,4580000,P,13200,13400,1,1
1704901500000,20240209,4900000,C,15100,15200,1,1
1704901500000,20240209,4900000,P,139100,143400,1,1
1704901500000,20240209,4150000,C,629300,634100,1,1
1704901500000,20240209,4150000,P,1900,2000,1,1
1704901500000,20240209,4790000,C,54900,55100,1,1
1704901500000,20240209,4790000,P,64700,64900,1,1
1704901500000,20240209,5000000,C,3300,3400,1,1
1704901500000,20240209,5000000,P,238600,243200,1,1
1704901500000,20240209,4680000,C,128900,129600,1,1
1704901500000,20240209,4680000,P,27500,27700,1,1
1704901500000,20240209,4250000,C,530400,534900,1,1
1704901500000,20240209,4250000,P,2500,2600,1,1
1704901500000,20240209,4570000,C,223400,224500,1,1
1704901500000,20240209,4570000,P,12300,12500,1,1
1704901500000,20240209,4890000,C,17300,17400,1,1
1704901500000,20240209,4890000,P,130800,134700,1,1
1704901500000,20240209,3500000,C,1274500,1279200,1,1
1704901500000,20240209,3500000,P,500,600,1,1
1704901500000,20240209,4780000,C,60300,60500,1,1
1704901500000,20240209,4780000,P,59900,60100,1,1
1704901500000,20240209,5100000,C,800,900,1,1
1704901500000,20240209,5100000,P,338600,343200,1,1
1704901500000,20240209,4350000,C,432000,436700,1,1
1704901500000,20240209,4350000,P,3600,3700,1,1
1704901500000,20240209,4670000,C,136900,137900,1,1
1704901500000,20240209,4670000,P,25500,25600,1,1
1704901500000,20240209,3600000,C,1175200,1179800,1,1
1704901500000,20240209,3600000,P,600,700,1,1
1704901500000,20240209,4560000,C,232500,233700,1,1
1704901500000,20240209,4560000,P,11500,11600,1,1
1704901500000,20240209,4880000,C,19800,19900,1,1
1704901500000,20240209,4880000,P,122200,126300,1,1
1704901500000,20240209,5200000,C,400,500,1,1
1704901500000,20240209,5200000,P,438800,443200,1,1
1704901500000,20240209,4450000,C,336300,337600,1,1
1704901500000,20240209,4450000,P,5800,5900,1,1
1704901500000,20240209,4770000,C,66100,66300,1,1
1704901500000,20240209,4770000,P,55400,55600,1,1
1704901500000,20240209,3700000,C,1075800,1080600,1,1
1704901500000,20240209,3700000,P,800,900,1,1
1704901500000,20240209,4660000,C,145000,145800,1,1
1704901500000,20240209,4660000,P,23600,23800,1,1
1704901500000,20240209,5300000,C,200,300,1,1
1704901500000,20240209,5300000,P,538800,543200,1,1
1704901500000,20240209,4550000,C,241700,242900,1,1
1704901500000,20240209,4550000,P,10800,10900,1,1
1704901500000,20240209,4870000,C,22500,22600,1,1
1704901500000,20240209,4870000,P,114400,118200,1,1
1704901500000,20240209,3800000,C,976500,981000,1,1
1704901500000,20240209,3800000,P,900,1000,1,1
1704901500000,20240209,4760000,C,72100,72300,1,1
1704901500000,20240209,4760000,P,51200,51400,1,1
1704901500000,20240209,5400000,C,100,200,1,1
1704901500000,20240209,5400000,P,638500,643200,1,1
1704901500000,20240209,4650000,C,153300,154200,1,1
1704901500000,20240209,4650000,P,21900,22100,1,1
1704901500000,20240209,3900000,C,877200,882000,1,1
1704901500000,20240209,3900000,P,1100,1200,1,1
1704901500000,20240209,4540000,C,251000,252200,1,1
1704901500000,20240209,4540000,P,10100,10200,1,1
1704901500000,20240209,4860000,C,25500,25600,1,1
1704901500000,20240209,4860000,P,106700,110400,1,1
1704901500000,20240209,4750000,C,78300,78700,1,1
1704901500000,20240209,4750000,P,47400,47600,1,1
1704901500000,20240209,4000000,C,778000,782500,1,1
1704901500000,20240209,4000000,P,1400,1500,1,1
1704901500000,20240209,4640000,C,161700,162600,1,1
1704901500000,20240209,4640000,P,20400,20500,1,1
1704901500000,20240209,4530000,C,260300,261600,1,1
1704901500000,20240209,4530000,P,9500,9600,1,1
1704901500000,20240209,4850000,C,28800,28900,1,1
1704901500000,20240209,4850000,P,99400,102700,1,1
1704901500000,20240209,4100000,C,678800,683600,1,1
1704901500000,20240209,4100000,P,1700,1800,1,1
1704901500000,20240209,4740000,C,84900,85200,1,1
1704901500000,20240209,4740000,P,43800,44000,1,1
1704901500000,20240209,4950000,C,7300,7400,1,1
1704901500000,20240209,4950000,P,188600,193200,1,1
1704901500000,20240209,4630000,C,170200,171200,1,1
1704901500000,20240209,4630000,P,18900,19100,1,1
1704901500000,20240209,4200000,C,579900,584600,1,1
1704901500000,20240209,4200000,P,2200,2300,1,1
1704901500000,20240209,4520000,C,269700,270900,1,1
1704901500000,20240209,4520000,P,8900,9000,1,1
1704901500000,20240209,4840000,C,32300,32500,1,1
1704901500000,20240209,4840000,P,92500,96200,1,1
1704901500000,20240209,4730000,C,91700,92100,1,1
1704901500000,20240209,4730000,P,40500,40700,1,1
1704901500000,20240209,5050000,C,1600,1700,1,1
1704901500000,20240209,5050000,P,288600,293200,1,1
1704901500000,20240209,4300000,C,481100,485600,1,1
1704901500000,20240209,4300000,P,2900,3000,1,1
1704901500000,20240209,4620000,C,178900,179800,1,1
1704901500000,20240209,4620000,P,17600,17700,1,1
1704901500000,20240209,3550000,C,1224800,1229500,1,1
1704901500000,20240209,3550000,P,600,700,1,1
1704901500000,20240209,4830000,C,36200,36400,1,1
1704901500000,20240209,4830000,P,86000,89300,1,1
1704901500000,20240209,5150000,C,500,600,1,1
1704901500000,20240209,5150000,P,388600,393200,1,1
1704901500000,20240209,5250000,C,300,400,1,1
1704901500000,20240209,5250000,P,488800,493200,1,1
1704901500000,20240209,4400000,C,384700,386100,1,1
1704901500000,20240209,4400000,P,4500,4600,1,1
1704901500000,20240209,4720000,C,98600,99200,1,1
1704901500000,20240209,4720000,P,37500,37600,1,1
1704901500000,20240209,3650000,C,1125500,1130100,1,1
1704901500000,20240209,3650000,P,700,800,1,1
1704901500000,20240209,4610000,C,187600,188600,1,1
1704901500000,20240209,4610000,P,16400,16500,1,1
1704901500000,20240209,5350000,C,200,300,1,1
1704901500000,20240209,5350000,P,588800,593200,1,1
1704901500000,20240209,4500000,C,288500,289800,1,1
1704901500000,20240209,4500000,P,7800,7900,1,1
1704901500000,20240209,4820000,C,40400,40600,1,1
1704901500000,20240209,4820000,P,80800,81800,1,1
1704901500000,20240209,3750000,C,1026100,1030700,1,1
1704901500000,20240209,3750000,P,800,900,1,1
1704901500000,20240209,4710000,C,106000,106500,1,1
1704901500000,20240209,4710000,P,34700,34800,1,1
1704901500000,20240209,5450000,C,100,200,1,1
1704901500000,20240209,5450000,P,688500,693200,1,1
1704901500000,20240209,4600000,C,196400,197500,1,1
1704901500000,20240209,4600000,P,15200,15400,1,1
1704901500000,20240209,3850000,C,926800,931400,1,1
1704901500000,20240209,3850000,P,1000,1100,1,1
1704901500000,20240209,4810000,C,44900,45100,1,1
1704901500000,20240209,4810000,P,75100,75900,1,1
1704901500000,20240209,4700000,C,113300,114000,1,1
1704901500000,20240209,4700000,P,32100,32200,1,1
1704901500000,20240209,3950000,C,827600,832100,1,1
1704901500000,20240209,3950000,P,1200,1300,1,1
1704901500000,20240209,4590000,C,205300,206400,1,1
1704901500000,20240209,4590000,P,14200,14300,1,1
1704901500000,20240216,5650000,C,100,200,1,1
1704901500000,20240216,5650000,P,888700,893300,1,1
1704901500000,20240216,3200000,C,1576600,1581800,1,1
1704901500000,20240216,3200000,P,400,500,1,1
1704901500000,20240216,4160000,C,625400,630200,1,1
1704901500000,20240216,4160000,P,2700,2800,1,1
1704901500000,20240216,4480000,C,316300,317500,1,1
1704901500000,20240216,4480000,P,10000,10100,1,1
1704901500000,20240216,4800000,C,60400,60500,1,1
1704901500000,20240216,4800000,P,75100,75300,1,1
1704901500000,20240216,2450000,C,2321600,2327100,1,1
1704901500000,20240216,4370000,C,421400,422800,1,1
1704901500000,20240216,4370000,P,5800,5900,1,1
1704901500000,20240216,4050000,C,734000,738600,1,1
1704901500000,20240216,4050000,P,2100,2200,1,1
1704901500000,20240216,4690000,C,132500,133200,1,1
1704901500000,20240216,4690000,P,35500,35700,1,1
1704901500000,20240216,5010000,C,5100,5200,1,1
1704901500000,20240216,5010000,P,248800,253300,1,1
1704901500000,20240216,5750000,P,988600,993300,1,1
1704901500000,20240216,3300000,C,1477500,1482400,1,1
1704901500000,20240216,3300000,P,500,600,1,1
1704901500000,20240216,4260000,C,527000,531800,1,1
1704901500000,20240216,4260000,P,3700,3800,1,1
1704901500000,20240216,4580000,C,224600,225600,1,1
1704901500000,20240216,4580000,P,17700,17800,1,1
1704901500000,20240216,4900000,C,21700,21800,1,1
1704901500000,20240216,4900000,P,141200,145300,1,1
1704901500000,20240216,2550000,C,2222300,2227700,1,1
1704901500000,20240216,2550000,P,100,200,1,1
1704901500000,20240216,4150000,C,635300,639800,1,1
1704901500000,20240216,4150000,P,2700,2800,1,1
1704901500000,20240216,4470000,C,325700,327000,1,1
1704901500000,20240216,4470000,P,9400,9500,1,1
1704901500000,20240216,4790000,C,65700,65900,1,1
1704901500000,20240216,4790000,P,70200,70400,1,1
1704901500000,20240216,3400000,C,1378300,1383100,1,1
1704901500000,20240216,3400000,P,600,700,1,1
1704901500000,20240216,4360000,C,431100,432500,1,1
1704901500000,20240216,4360000,P,5500,5600,1,1
1704901500000,20240216,4040000,C,743900,748500,1,1
1704901500000,20240216,4040000,P,2000,2100,1,1
1704901500000,20240216,5000000,C,5900,6000,1,1
1704901500000,20240216,5000000,P,238800,243300,1,1
1704901500000,20240216,4680000,C,140200,141000,1,1
1704901500000,20240216,4680000,P,33300,33400,1,1
1704901500000,20240216,2650000,C,2122600,2128300,1,1
1704901500000,20240216,2650000,P,100,200,1,1
1704901500000,20240216,4250000,C,536800,541400,1,1
1704901500000,20240216,4250000,P,3600,3700,1,1
1704901500000,20240216,4570000,C,233500,234500,1,1
1704901500000,20240216,4570000,P,16600,16700,1,1
1704901500000,20240216,4890000,C,24400,24500,1,1
1704901500000,20240216,4890000,P,132900,136900,1,1
1704901500000,20240216,3500000,C,1279000,1283900,1,1
1704901500000,20240216,3500000,P,700,800,1,1
1704901500000,20240216,4140000,C,645100,649700,1,1
1704901500000,20240216,4140000,P,2600,2700,1,1
1704901500000,20240216,4460000,C,335100,336400,1,1
1704901500000,20240216,4460000,P,8900,9000,1,1
1704901500000,20240216,5100000,C,1500,1600,1,1
1704901500000,20240216,5100000,P,338500,343300,1,1
1704901500000,20240216,4780000,C,71400,71600,1,1
1704901500000,20240216,4780000,P,65500,65700,1,1
1704901500000,20240216,2750000,C,2023300,2028900,1,1
1704901500000,20240216,2750000,P,100,200,1,1
1704901500000,20240216,4350000,C,440800,442200,1,1
1704901500000,20240216,4350000,P,5300,5400,1,1
1704901500000,20240216,4030000,C,753800,758400,1,1
1704901500000,20240216,4030000,P,2000,2100,1,1
1704901500000,20240216,4670000,C,148100,149100,1,1
1704901500000,20240216,4670000,P,31200,31300,1,1
1704901500000,20240216,4990000,C,6800,6900,1,1
1704901500000,20240216,4990000,P,228800,233300,1,1
1704901500000,20240216,3600000,C,1179800,1184600,1,1
1704901500000,20240216,3600000,P,800,900,1,1
1704901500000,20240216,4240000,C,546600,551200,1,1
1704901500000,20240216,4240000,P,3500,3600,1,1
1704901500000,20240216,4560000,C,242500,243500,1,1
1704901500000,20240216,4560000,P,15700,15800,1,1
1704901500000,20240216,5200000,C,600,700,1,1
1704901500000,20240216,5200000,P,438500,443300,1,1
1704901500000,20240216,4880000,C,27300,27400,1,1
1704901500000,20240216,4880000,P,125000,128900,1,1
1704901500000,20240216,2850000,C,1924300,1929500,1,1
1704901500000,20240216,2850000,P,200,300,1,1
1704901500000,20240216,4130000,C,655000,659600,1,1
1704901500000,20240216,4130000,P,2500,2600,1,1
1704901500000,20240216,4450000,C,344600,345900,1,1
1704901500000,20240216,4450000,P,8500,8600,1,1
1704901500000,20240216,4770000,C,77300,77500,1,1
1704901500000,20240216,4770000,P,61200,61300,1,1
1704901500000,20240216,2100000,C,2669300,2675000,1,1
1704901500000,20240216,3700000,C,1080600,1085400,1,1
1704901500000,20240216,3700000,P,1000,1100,1,1
1704901500000,20240216,4340000,C,450500,451900,1,1
1704901500000,20240216,4340000,P,5100,5200,1,1
1704901500000,20240216,4020000,C,763700,768300,1,1
1704901500000,20240216,4020000,P,1900,2000,1,1
1704901500000,20240216,4660000,C,156300,157000,1,1
1704901500000,20240216,4660000,P,29200,29300,1,1
1704901500000,20240216,4980000,C,7800,7900,1,1
1704901500000,20240216,4980000,P,218800,223300,1,1
1704901500000,20240216,5300000,C,300,400,1,1
1704901500000,20240216,5300000,P,538500,543300,1,1
1704901500000,20240216,2950000,C,1825000,1830100,1,1
1704901500000,20240216,2950000,P,200,300,1,1
1704901500000,20240216,4230000,C,556500,561000,1,1
1704901500000,20240216,4230000,P,3400,3500,1,1
1704901500000,20240216,4550000,C,251500,252600,1,1
1704901500000,20240216,4550000,P,14800,14900,1,1
1704901500000,20240216,4870000,C,30500,30600,1,1
1704901500000,20240216,4870000,P,117400,121500,1,1
1704901500000,20240216,2200000,C,2570000,2575600,1,1
1704901500000,20240216,3800000,C,981500,986200,1,1
1704901500000,20240216,3800000,P,1200,1300,1,1
1704901500000,20240216,4120000,C,664900,669500,1,1
1704901500000,20240216,4120000,P,2400,2500,1,1
1704901500000,20240216,4440000,C,354100,355500,1,1
1704901500000,20240216,4440000,P,8100,8200,1,1
1704901500000,20240216,4760000,C,83400,83700,1,1
1704901500000,20240216,4760000,P,57100,57300,1,1
1704901500000,20240216,5400000,C,200,300,1,1
1704901500000,20240216,5400000,P,638500,643300,1,1
1704901500000,20240216,3050000,C,1725500,1730800,1,1
1704901500000,20240216,3050000,P,300,400,1,1
1704901500000,20240216,4330000,C,458500,463100,1,1
1704901500000,20240216,4330000,P,4800,4900,1,1
1704901500000,20240216,4010000,C,773600,778200,1,1
1704901500000,20240216,4010000,P,1900,2000,1,1
1704901500000,20240216,4650000,C,164500,165200,1,1
1704901500000,20240216,4650000,P,27400,27500,1,1
1704901500000,20240216,4970000,C,8900,9000,1,1
1704901500000,20240216,4970000,P,208800,213300,1,1
1704901500000,20240216,2300000,C,2470600,2476200,1,1
1704901500000,20240216,3900000,C,882400,887100,1,1
1704901500000,20240216,3900000,P,1500,1600,1,1
1704901500000,20240216,4220000,C,566300,571100,1,1
1704901500000,20240216,4220000,P,3300,3400,1,1
1704901500000,20240216,4540000,C,260600,261700,1,1
1704901500000,20240216,4540000,P,13900,14000,1,1
1704901500000,20240216,4860000,C,33900,34100,1,1
1704901500000,20240216,4860000,P,110100,113900,1,1
1704901500000,20240216,5500000,C,100,200,1,1
1704901500000,20240216,5500000,P,738700,743300,1,1
1704901500000,20240216,3150000,C,1626400,1631400,1,1
1704901500000,20240216,3150000,P,300,400,1,1
1704901500000,20240216,4110000,C,674700,679300,1,1
1704901500000,20240216,4110000,P,2400,2500,1,1
1704901500000,20240216,4430000,C,363700,365000,1,1
1704901500000,20240216,4430000,P,7700,7800,1,1
1704901500000,20240216,4750000,C,89800,90100,1,1
1704901500000,20240216,4750000,P,53300,53500,1,1
1704901500000,20240216,2400000,C,2371300,2376800,1,1
1704901500000,20240216,4320000,C,468300,473100,1,1
1704901500000,20240216,4320000,P,4700,4800,1,1
1704901500000,20240216,4000000,C,783500,788100,1,1
1704901500000,20240216,4000000,P,1900,2000,1,1
1704901500000,20240216,4640000,C,172800,173600,1,1
1704901500000,20240216,4640000,P,25700,25800,1,1
1704901500000,20240216,4960000,C,10200,10300,1,1
1704901500000,20240216,4960000,P,198800,203300,1,1
1704901500000,20240216,5600000,C,100,200,1,1
1704901500000,20240216,5600000,P,838700,843300,1,1
1704901500000,20240216,3250000,C,1526900,1532100,1,1
1704901500000,20240216,3250000,P,400,500,1,1
1704901500000,20240216,4210000,C,576100,580700,1,1
1704901500000,20240216,4210000,P,3200,3300,1,1
1704901500000,20240216,4530000,C,269800,270900,1,1
1704901500000,20240216,4530000,P,13200,13300,1,1
1704901500000,20240216,4850000,C,37600,37800,1,1
1704901500000,20240216,4850000,P,103400,106200,1,1
1704901500000,20240216,2500000,C,2272000,2277400,1,1
1704901500000,20240216,4100000,C,684600,689200,1,1
1704901500000,20240216,4100000,P,2300,2400,1,1
1704901500000,20240216,4420000,C,373200,374600,1,1
1704901500000,20240216,4420000,P,7300,7400,1,1
1704901500000,20240216,4740000,C,96400,96800,1,1
1704901500000,20240216,4740000,P,49800,49900,1,1
1704901500000,20240216,5700000,P,938600,943300,1,1
1704901500000,20240216,3350000,C,1427900,1432800,1,1
1704901500000,20240216,3350000,P,500,600,1,1
1704901500000,20240216,4310000,C,478100,482600,1,1
1704901500000,20240216,4310000,P,4500,4600,1,1
1704901500000,20240216,4950000,C,11700,11800,1,1
1704901500000,20240216,4950000,P,188800,193300,1,1
1704901500000,20240216,4630000,C,181200,182000,1,1
1704901500000,20240216,4630000,P,24100,24200,1,1
1704901500000,20240216,2600000,C,2172600,2178000,1,1
1704901500000,20240216,2600000,P,100,200,1,1
1704901500000,20240216,4200000,C,586000,590500,1,1
1704901500000,20240216,4200000,P,3000,3100,1,1
1704901500000,20240216,4520000,C,279000,280200,1,1
1704901500000,20240216,4520000,P,12400,12500,1,1
1704901500000,20240216,4840000,C,41600,41800,1,1
1704901500000,20240216,4840000,P,96700,99900,1,1
1704901500000,20240216,3450000,C,1328600,1333500,1,1
1704901500000,20240216,3450000,P,600,700,1,1
1704901500000,20240216,4090000,C,694500,699100,1,1
1704901500000,20240216,4090000,P,2300,2400,1,1
1704901500000,20240216,4410000,C,382800,384200,1,1
1704901500000,20240216,4410000,P,6900,7000,1,1
1704901500000,20240216,5050000,C,2900,3000,1,1
1704901500000,20240216,5050000,P,288500,293300,1,1
1704901500000,20240216,4730000,C,103300,103700,1,1
1704901500000,20240216,4730000,P,46500,46600,1,1
1704901500000,20240216,2700000,C,2072900,2078600,1,1
1704901500000,20240216,2700000,P,100,200,1,1
1704901500000,20240216,4300000,C,487800,492400,1,1
1704901500000,20240216,4300000,P,4300,4400,1,1
1704901500000,20240216,4620000,C,189700,190500,1,1
1704901500000,20240216,4620000,P,22600,22700,1,1
1704901500000,20240216,4940000,C,13300,13400,1,1
1704901500000,20240216,4940000,P,178800,183300,1,1
1704901500000,20240216,3550000,C,1229400,1234200,1,1
1704901500000,20240216,3550000,P,700,800,1,1
1704901500000,20240216,4190000,C,595800,600400,1,1
1704901500000,20240216,4190000,P,3000,3100,1,1
1704901500000,20240216,4510000,C,288200,289400,1,1
1704901500000,20240216,4510000,P,11700,11800,1,1
1704901500000,20240216,5150000,C,900,1000,1,1
1704901500000,20240216,5150000,P,388500,393300,1,1
1704901500000,20240216,4830000,C,45900,46000,1,1
1704901500000,20240216,4830000,P,90500,92700,1,1
1704901500000,20240216,5250000,C,400,500,1,1
1704901500000,20240216,5250000,P,488500,493300,1,1
1704901500000,20240216,2800000,C,1973600,1979200,1,1
1704901500000,20240216,2800000,P,100,200,1,1
1704901500000,20240216,4080000,C,704400,709000,1,1
1704901500000,20240216,4080000,P,2200,2300,1,1
1704901500000,20240216,4400000,C,392400,393800,1,1
1704901500000,20240216,4400000,P,6600,6700,1,1
1704901500000,20240216,4720000,C,110200,110800,1,1
1704901500000,20240216,4720000,P,43500,43600,1,1
1704901500000,20240216,3650000,C,1130200,1135000,1,1
1704901500000,20240216,3650000,P,900,1000,1,1
1704901500000,20240216,4290000,C,497600,502100,1,1
1704901500000,20240216,4290000,P,4100,4200,1,1
1704901500000,20240216,4610000,C,198300,199200,1,1
1704901500000,20240216,4610000,P,21300,21400,1,1
1704901500000,20240216,4930000,C,15100,15200,1,1
1704901500000,20240216,4930000,P,168500,173300,1,1
1704901500000,20240216,5350000,C,200,300,1,1
1704901500000,20240216,5350000,P,588500,593300,1,1
1704901500000,20240216,2900000,C,1874700,1879800,1,1
1704901500000,20240216,2900000,P,200,300,1,1
1704901500000,20240216,4180000,C,605700,610300,1,1
1704901500000,20240216,4180000,P,2900,3000,1,1
1704901500000,20240216,4500000,C,297600,298800,1,1
1704901500000,20240216,4500000,P,11100,11200,1,1
1704901500000,20240216,4820000,C,50400,50600,1,1
1704901500000,20240216,4820000,P,85400,86600,1,1
1704901500000,20240216,2150000,C,2619200,2625300,1,1
1704901500000,20240216,3750000,C,1031100,1035800,1,1
1704901500000,20240216,3750000,P,1100,1200,1,1
1704901500000,20240216,4390000,C,402100,403400,1,1
1704901500000,20240216,4390000,P,6300,6400,1,1
1704901500000,20240216,4070000,C,714200,718900,1,1
1704901500000,20240216,4070000,P,2200,2300,1,1
1704901500000,20240216,4710000,C,117600,118100,1,1
1704901500000,20240216,4710000,P,40600,40800,1,1
1704901500000,20240216,5450000,C,100,200,1,1
1704901500000,20240216,5450000,P,688700,693300,1,1
1704901500000,20240216,3000000,C,1775100,1780500,1,1
1704901500000,20240216,3000000,P,200,300,1,1
1704901500000,20240216,4280000,C,507400,511900,1,1
1704901500000,20240216,4280000,P,4000,4100,1,1
1704901500000,20240216,4600000,C,206900,207900,1,1
1704901500000,20240216,4600000,P,20000,20100,1,1
1704901500000,20240216,4920000,C,17100,17200,1,1
1704901500000,20240216,4920000,P,159000,163300,1,1
1704901500000,20240216,2250000,C,2520300,2525900,1,1
1704901500000,20240216,3850000,C,932000,936700,1,1
1704901500000,20240216,3850000,P,1300,1400,1,1
1704901500000,20240216,4170000,C,615500,620100,1,1
1704901500000,20240216,4170000,P,2800,2900,1,1
1704901500000,20240216,4490000,C,306900,308100,1,1
1704901500000,20240216,4490000,P,10500,10600,1,1
1704901500000,20240216,4810000,C,55300,55400,1,1
1704901500000,20240216,4810000,P,80400,80600,1,1
1704901500000,20240216,5550000,C,100,200,1,1
1704901500000,20240216,5550000,P,788700,793300,1,1
1704901500000,20240216,3100000,C,1675800,1681100,1,1
1704901500000,20240216,3100000,P,300,400,1,1
1704901500000,20240216,4380000,C,411700,413100,1,1
1704901500000,20240216,4380000,P,6000,6100,1,1
1704901500000,20240216,4060000,C,724100,728800,1,1
1704901500000,20240216,4060000,P,2100,2200,1,1
1704901500000,20240216,4700000,C,125000,125700,1,1
1704901500000,20240216,4700000,P,38000,38100,1,1
1704901500000,20240216,5020000,C,4500,4600,1,1
1704901500000,20240216,5020000,P,258800,263300,1,1
1704901500000,20240216,2350000,C,2421000,2426500,1,1
1704901500000,20240216,4270000,C,517200,521700,1,1
1704901500000,20240216,4270000,P,3900,4000,1,1
1704901500000,20240216,3950000,C,832900,837600,1,1
1704901500000,20240216,3950000,P,1700,1800,1,1
1704901500000,20240216,4590000,C,215700,216700,1,1
1704901500000,20240216,4590000,P,18800,18900,1,1
1704901500000,20240216,4910000,C,19300,19400,1,1
1704901500000,20240216,4910000,P,149800,154000,1,1
1704901500000,20240223,4800000,C,68400,68700,1,1
1704901500000,20240223,4800000,P,79100,79400,1,1
1704901500000,20240223,4050000,C,738500,743200,1,1
1704901500000,20240223,4050000,P,2700,2800,1,1
1704901500000,20240223,4690000,C,141200,141900,1,1
1704901500000,20240223,4690000,P,39900,40100,1,1
1704901500000,20240223,4580000,C,232200,233300,1,1
1704901500000,20240223,4580000,P,21200,21400,1,1
1704901500000,20240223,4900000,C,27300,27600,1,1
1704901500000,20240223,4900000,P,142900,147000,1,1
1704901500000,20240223,4575000,C,236700,237700,1,1
1704901500000,20240223,4575000,P,20600,20800,1,1
1704901500000,20240223,4150000,C,640000,644700,1,1
1704901500000,20240223,4150000,P,3500,3600,1,1
1704901500000,20240223,4790000,C,73900,74200,1,1
1704901500000,20240223,4790000,P,74300,74500,1,1
1704901500000,20240223,4680000,C,148900,149600,1,1
1704901500000,20240223,4680000,P,37600,37800,1,1
1704901500000,20240223,5000000,C,8500,8600,1,1
1704901500000,20240223,5000000,P,238800,243400,1,1
1704901500000,20240223,4675000,C,152800,153500,1,1
1704901500000,20240223,4675000,P,36500,36700,1,1
1704901500000,20240223,4250000,C,542000,546600,1,1
1704901500000,20240223,4250000,P,4800,4900,1,1
1704901500000,20240223,4570000,C,241100,242200,1,1
1704901500000,20240223,4570000,P,20000,20200,1,1
1704901500000,20240223,4890000,C,30300,30500,1,1
1704901500000,20240223,4890000,P,134900,139000,1,1
1704901500000,20240223,3500000,C,1282500,1287500,1,1
1704901500000,20240223,3500000,P,900,1000,1,1
1704901500000,20240223,4780000,C,79700,80000,1,1
1704901500000,20240223,4780000,P,69700,70000,1,1
1704901500000,20240223,5100000,C,2300,2400,1,1
1704901500000,20240223,5100000,P,338800,343300,1,1
1704901500000,20240223,4775000,C,82700,83000,1,1
1704901500000,20240223,4775000,P,67600,67800,1,1
1704901500000,20240223,4350000,C,446500,447900,1,1
1704901500000,20240223,4350000,P,6900,7100,1,1
1704901500000,20240223,4670000,C,156500,157500,1,1
1704901500000,20240223,4670000,P,35400,35600,1,1
1704901500000,20240223,3600000,C,1183500,1188400,1,1
1704901500000,20240223,3600000,P,1100,1200,1,1
1704901500000,20240223,4560000,C,250000,251100,1,1
1704901500000,20240223,4560000,P,19000,19200,1,1
1704901500000,20240223,4880000,C,33500,33700,1,1
1704901500000,20240223,4880000,P,127300,131500,1,1
1704901500000,20240223,5200000,C,800,900,1,1
1704901500000,20240223,5200000,P,438700,443300,1,1
1704901500000,20240223,4450000,C,351100,352400,1,1
1704901500000,20240223,4450000,P,10900,11000,1,1
1704901500000,20240223,4770000,C,85700,86000,1,1
1704901500000,20240223,4770000,P,65500,65700,1,1
1704901500000,20240223,3700000,C,1084400,1089300,1,1
1704901500000,20240223,3700000,P,1300,1400,1,1
1704901500000,20240223,4660000,C,164700,165500,1,1
1704901500000,20240223,4660000,P,33400,33600,1,1
1704901500000,20240223,5300000,C,400,500,1,1
1704901500000,20240223,5300000,P,538700,543300,1,1
1704901500000,20240223,4550000,C,258900,260100,1,1
1704901500000,20240223,4550000,P,18000,18200,1,1
1704901500000,20240223,4870000,C,37000,37200,1,1
1704901500000,20240223,4870000,P,119900,123800,1,1
1704901500000,20240223,3800000,C,985500,990300,1,1
1704901500000,20240223,3800000,P,1600,1700,1,1
1704901500000,20240223,4760000,C,91900,92300,1,1
1704901500000,20240223,4760000,P,61500,61700,1,1
1704901500000,20240223,5400000,C,300,400,1,1
1704901500000,20240223,5400000,P,638700,643300,1,1
1704901500000,20240223,4650000,C,172800,173600,1,1
1704901500000,20240223,4650000,P,31500,31700,1,1
1704901500000,20240223,3900000,C,886600,891400,1,1
1704901500000,20240223,3900000,P,2000,2100,1,1
1704901500000,20240223,4540000,C,267900,269100,1,1
1704901500000,20240223,4540000,P,17100,17200,1,1
1704901500000,20240223,4860000,C,40700,40900,1,1
1704901500000,20240223,4860000,P,112900,116700,1,1
1704901500000,20240223,4750000,C,98400,98800,1,1
1704901500000,20240223,4750000,P,57700,58000,1,1
1704901500000,20240223,4000000,C,787800,792500,1,1
1704901500000,20240223,4000000,P,2400,2500,1,1
1704901500000,20240223,4640000,C,181000,181900,1,1
1704901500000,20240223,4640000,P,29700,29900,1,1
1704901500000,20240223,4530000,C,277000,278200,1,1
1704901500000,20240223,4530000,P,16200,16400,1,1
1704901500000,20240223,4850000,C,44600,44900,1,1
1704901500000,20240223,4850000,P,106300,109700,1,1
1704901500000,20240223,4100000,C,689200,693900,1,1
1704901500000,20240223,4100000,P,3100,3200,1,1
1704901500000,20240223,4740000,C,105100,105500,1,1
1704901500000,20240223,4740000,P,54200,54500,1,1
1704901500000,20240223,4630000,C,189300,190200,1,1
1704901500000,20240223,4630000,P,28000,28200,1,1
1704901500000,20240223,4950000,C,15700,15900,1,1
1704901500000,20240223,4950000,P,188800,193400,1,1
1704901500000,20240223,4625000,C,193500,194400,1,1
1704901500000,20240223,4625000,P,27200,27400,1,1
1704901500000,20240223,4200000,C,590900,595600,1,1
1704901500000,20240223,4200000,P,4000,4200,1,1
1704901500000,20240223,4520000,C,286100,287300,1,1
1704901500000,20240223,4520000,P,15400,15500,1,1
1704901500000,20240223,4840000,C,48900,49100,1,1
1704901500000,20240223,4840000,P,100000,103500,1,1
1704901500000,20240223,4730000,C,111800,112400,1,1
1704901500000,20240223,4730000,P,51000,51200,1,1
1704901500000,20240223,5050000,C,4400,4500,1,1
1704901500000,20240223,5050000,P,288800,293400,1,1
1704901500000,20240223,4725000,C,115300,115900,1,1
1704901500000,20240223,4725000,P,49400,49700,1,1
1704901500000,20240223,4300000,C,493300,497900,1,1
1704901500000,20240223,4300000,P,5700,5800,1,1
1704901500000,20240223,4620000,C,197700,198700,1,1
1704901500000,20240223,4620000,P,26500,26700,1,1
1704901500000,20240223,3550000,C,1232700,1237900,1,1
1704901500000,20240223,3550000,P,1000,1100,1,1
1704901500000,20240223,4830000,C,53400,53600,1,1
1704901500000,20240223,4830000,P,94000,97500,1,1
1704901500000,20240223,5150000,C,1300,1400,1,1
1704901500000,20240223,5150000,P,388700,393300,1,1
1704901500000,20240223,5250000,C,500,600,1,1
1704901500000,20240223,5250000,P,488700,493300,1,1
1704901500000,20240223,4825000,C,55700,56000,1,1
1704901500000,20240223,4825000,P,91100,94600,1,1
1704901500000,20240223,4400000,C,398500,399900,1,1
1704901500000,20240223,4400000,P,8600,8700,1,1
1704901500000,20240223,4720000,C,119000,119500,1,1
1704901500000,20240223,4720000,P,47900,48200,1,1
1704901500000,20240223,3650000,C,1133900,1138800,1,1
1704901500000,20240223,3650000,P,1200,1300,1,1
1704901500000,20240223,4610000,C,206200,207200,1,1
1704901500000,20240223,4610000,P,25000,25200,1,1
1704901500000,20240223,5350000,C,300,400,1,1
1704901500000,20240223,5350000,P,588700,593300,1,1
1704901500000,20240223,4500000,C,304500,305700,1,1
1704901500000,20240223,4500000,P,13900,14000,1,1
1704901500000,20240223,4820000,C,58100,58400,1,1
1704901500000,20240223,4820000,P,88300,91800,1,1
1704901500000,20240223,3750000,C,1034900,1039800,1,1
1704901500000,20240223,3750000,P,1500,1600,1,1
1704901500000,20240223,4710000,C,126100,126800,1,1
1704901500000,20240223,4710000,P,45100,45300,1,1
1704901500000,20240223,5450000,C,200,300,1,1
1704901500000,20240223,5450000,P,688700,693300,1,1
1704901500000,20240223,4600000,C,214800,215800,1,1
1704901500000,20240223,4600000,P,23600,23800,1,1
1704901500000,20240223,3850000,C,936000,940800,1,1
1704901500000,20240223,3850000,P,1800,1900,1,1
1704901500000,20240223,4810000,C,63100,63400,1,1
1704901500000,20240223,4810000,P,84200,84500,1,1
1704901500000,20240223,4700000,C,133500,134300,1,1
1704901500000,20240223,4700000,P,42400,42600,1,1
1704901500000,20240223,3950000,C,837200,841900,1,1
1704901500000,20240223,3950000,P,2200,2300,1,1
1704901500000,20240223,4590000,C,223500,224500,1,1
1704901500000,20240223,4590000,P,22400,22600,1,1
1704901500000,20240229,3200000,C,1582600,1588300,1,1
1704901500000,20240229,3200000,P,600,700,1,1
1704901500000,20240229,4160000,C,634900,639700,1,1
1704901500000,20240229,4160000,P,4600,4700,1,1
1704901500000,20240229,4480000,C,329800,331000,1,1
1704901500000,20240229,4480000,P,15300,15400,1,1
1704901500000,20240229,4800000,C,76000,76300,1,1
1704901500000,20240229,4800000,P,82800,83000,1,1
1704901500000,20240229,4370000,C,433200,434500,1,1
1704901500000,20240229,4370000,P,9500,9600,1,1
1704901500000,20240229,4050000,C,742900,747800,1,1
1704901500000,20240229,4050000,P,3400,3500,1,1
1704901500000,20240229,4690000,C,149200,150000,1,1
1704901500000,20240229,4690000,P,44100,44300,1,1
1704901500000,20240229,5010000,C,9900,10000,1,1
1704901500000,20240229,5010000,P,248700,253400,1,1
1704901500000,20240229,3300000,C,1483500,1489200,1,1
1704901500000,20240229,3300000,P,800,900,1,1
1704901500000,20240229,4260000,C,537400,542200,1,1
1704901500000,20240229,4260000,P,6300,6400,1,1
1704901500000,20240229,4580000,C,239800,240800,1,1
1704901500000,20240229,4580000,P,24600,24800,1,1
1704901500000,20240229,4900000,C,32600,32800,1,1
1704901500000,20240229,4900000,P,144500,148700,1,1
1704901500000,20240229,4150000,C,644700,649500,1,1
1704901500000,20240229,4150000,P,4400,4500,1,1
1704901500000,20240229,4470000,C,339000,340300,1,1
1704901500000,20240229,4470000,P,14600,14700,1,1
1704901500000,20240229,4790000,C,81700,81900,1,1
1704901500000,20240229,4790000,P,78100,78400,1,1
1704901500000,20240229,3400000,C,1384900,1390100,1,1
1704901500000,20240229,3400000,P,1000,1100,1,1
1704901500000,20240229,4360000,C,442700,444100,1,1
1704901500000,20240229,4360000,P,9100,9200,1,1
1704901500000,20240229,5000000,C,11200,11300,1,1
1704901500000,20240229,5000000,P,238700,243400,1,1
1704901500000,20240229,4680000,C,156900,157700,1,1
1704901500000,20240229,4680000,P,41700,41900,1,1
1704901500000,20240229,4250000,C,547100,551900,1,1
1704901500000,20240229,4250000,P,6100,6200,1,1
1704901500000,20240229,4570000,C,248500,249600,1,1
1704901500000,20240229,4570000,P,23400,23600,1,1
1704901500000,20240229,4890000,C,35900,36100,1,1
1704901500000,20240229,4890000,P,136800,140900,1,1
1704901500000,20240229,3500000,C,1286000,1291100,1,1
1704901500000,20240229,3500000,P,1100,1200,1,1
1704901500000,20240229,4140000,C,654500,659300,1,1
1704901500000,20240229,4140000,P,4300,4400,1,1
1704901500000,20240229,4460000,C,348300,349600,1,1
1704901500000,20240229,4460000,P,13900,14100,1,1
1704901500000,20240229,5100000,C,3300,3400,1,1
1704901500000,20240229,5100000,P,338700,343400,1,1
1704901500000,20240229,4780000,C,87600,87800,1,1
1704901500000,20240229,4780000,P,73700,73900,1,1
1704901500000,20240229,4350000,C,452300,453700,1,1
1704901500000,20240229,4350000,P,8800,8900,1,1
1704901500000,20240229,4670000,C,164700,165700,1,1
1704901500000,20240229,4670000,P,39500,39700,1,1
1704901500000,20240229,4990000,C,12600,12700,1,1
1704901500000,20240229,4990000,P,228700,233400,1,1
1704901500000,20240229,3600000,C,1187000,1192100,1,1
1704901500000,20240229,3600000,P,1400,1500,1,1
1704901500000,20240229,4240000,C,556900,561600,1,1
1704901500000,20240229,4240000,P,5900,6000,1,1
1704901500000,20240229,4560000,C,257300,258400,1,1
1704901500000,20240229,4560000,P,22300,22500,1,1
1704901500000,20240229,5200000,C,1100,1200,1,1
1704901500000,20240229,5200000,P,438700,443400,1,1
1704901500000,20240229,4880000,C,39400,39600,1,1
1704901500000,20240229,4880000,P,129400,133400,1,1
1704901500000,20240229,4130000,C,664300,669100,1,1
1704901500000,20240229,4130000,P,4200,4300,1,1
1704901500000,20240229,4450000,C,357600,358900,1,1
1704901500000,20240229,4450000,P,13300,13500,1,1
1704901500000,20240229,4770000,C,93700,94000,1,1
1704901500000,20240229,4770000,P,69500,69700,1,1
1704901500000,20240229,3700000,C,1087900,1093200,1,1
1704901500000,20240229,3700000,P,1600,1700,1,1
1704901500000,20240229,4340000,C,461800,463300,1,1
1704901500000,20240229,4340000,P,8400,8500,1,1
1704901500000,20240229,4660000,C,172800,173500,1,1
1704901500000,20240229,4660000,P,37400,37600,1,1
1704901500000,20240229,4980000,C,14100,14200,1,1
1704901500000,20240229,4980000,P,218700,223400,1,1
1704901500000,20240229,5300000,C,500,600,1,1
1704901500000,20240229,5300000,P,538600,543400,1,1
1704901500000,20240229,4230000,C,566600,571400,1,1
1704901500000,20240229,4230000,P,5700,5800,1,1
1704901500000,20240229,4550000,C,266200,267300,1,1
1704901500000,20240229,4550000,P,21200,21400,1,1
1704901500000,20240229,4870000,C,43100,43300,1,1
1704901500000,20240229,4870000,P,122300,126200,1,1
1704901500000,20240229,3800000,C,989100,994300,1,1
1704901500000,20240229,3800000,P,2000,2100,1,1
1704901500000,20240229,4120000,C,674100,679000,1,1
1704901500000,20240229,4120000,P,4100,4200,1,1
1704901500000,20240229,4440000,C,367000,368300,1,1
1704901500000,20240229,4440000,P,12800,12900,1,1
1704901500000,20240229,4760000,C,100000,100300,1,1
1704901500000,20240229,4760000,P,65600,65800,1,1
1704901500000,20240229,5400000,C,400,500,1,1
1704901500000,20240229,5400000,P,638600,643400,1,1
1704901500000,20240229,3050000,C,1731500,1737000,1,1
1704901500000,20240229,3050000,P,500,600,1,1
1704901500000,20240229,4330000,C,471500,472900,1,1
1704901500000,20240229,4330000,P,8100,8200,1,1
1704901500000,20240229,4650000,C,180800,181600,1,1
1704901500000,20240229,4650000,P,35400,35600,1,1
1704901500000,20240229,4970000,C,15800,15900,1,1
1704901500000,20240229,4970000,P,208700,213400,1,1
1704901500000,20240229,3900000,C,890700,895600,1,1
1704901500000,20240229,3900000,P,2400,2500,1,1
1704901500000,20240229,4220000,C,576300,581100,1,1
1704901500000,20240229,4220000,P,5500,5600,1,1
1704901500000,20240229,4540000,C,275100,276300,1,1
1704901500000,20240229,4540000,P,20200,20400,1,1
1704901500000,20240229,4860000,C,47000,47300,1,1
1704901500000,20240229,4860000,P,115500,119300,1,1
1704901500000,20240229,3150000,C,1632500,1637900,1,1
1704901500000,20240229,3150000,P,600,700,1,1
1704901500000,20240229,4110000,C,683900,688800,1,1
1704901500000,20240229,4110000,P,4000,4100,1,1
1704901500000,20240229,4430000,C,376300,377700,1,1
1704901500000,20240229,4430000,P,12200,12300,1,1
1704901500000,20240229,4750000,C,106500,106900,1,1
1704901500000,20240229,4750000,P,62000,62100,1,1
1704901500000,20240229,4320000,C,481100,482500,1,1
1704901500000,20240229,4320000,P,7800,7900,1,1
1704901500000,20240229,4000000,C,792100,797000,1,1
1704901500000,20240229,4000000,P,3000,3100,1,1
1704901500000,20240229,4640000,C,189000,189800,1,1
1704901500000,20240229,4640000,P,33600,33800,1,1
1704901500000,20240229,4960000,C,17600,17800,1,1
1704901500000,20240229,4960000,P,198700,203400,1,1
1704901500000,20240229,3250000,C,1533400,1538800,1,1
1704901500000,20240229,3250000,P,700,800,1,1
1704901500000,20240229,4210000,C,586100,590900,1,1
1704901500000,20240229,4210000,P,5300,5400,1,1
1704901500000,20240229,4530000,C,284100,285300,1,1
1704901500000,20240229,4530000,P,19300,19400,1,1
1704901500000,20240229,4850000,C,51300,51500,1,1
1704901500000,20240229,4850000,P,109100,113000,1,1
1704901500000,20240229,4100000,C,693800,698600,1,1
1704901500000,20240229,4100000,P,3800,3900,1,1
1704901500000,20240229,4420000,C,385700,387100,1,1
1704901500000,20240229,4420000,P,11700,11800,1,1
1704901500000,20240229,4740000,C,113200,113600,1,1
1704901500000,20240229,4740000,P,58400,58700,1,1
1704901500000,20240229,3350000,C,1434400,1439700,1,1
1704901500000,20240229,3350000,P,900,1000,1,1
1704901500000,20240229,4310000,C,490700,492100,1,1
1704901500000,20240229,4310000,P,7500,7600,1,1
1704901500000,20240229,4630000,C,197200,198100,1,1
1704901500000,20240229,4630000,P,31900,32000,1,1
1704901500000,20240229,4950000,C,19600,19800,1,1
1704901500000,20240229,4950000,P,188800,193400,1,1
1704901500000,20240229,4200000,C,595800,600600,1,1
1704901500000,20240229,4200000,P,5100,5200,1,1
1704901500000,20240229,4520000,C,293200,294300,1,1
1704901500000,20240229,4520000,P,18400,18500,1,1
1704901500000,20240229,4840000,C,55700,56000,1,1
1704901500000,20240229,4840000,P,102900,106500,1,1
1704901500000,20240229,3450000,C,1335000,1340600,1,1
1704901500000,20240229,3450000,P,1000,1100,1,1
1704901500000,20240229,4090000,C,703600,708400,1,1
1704901500000,20240229,4090000,P,3700,3800,1,1
1704901500000,20240229,4410000,C,395200,396500,1,1
1704901500000,20240229,4410000,P,11200,11300,1,1
1704901500000,20240229,5050000,C,6100,6200,1,1
1704901500000,20240229,5050000,P,288700,293400,1,1
1704901500000,20240229,4730000,C,120100,120600,1,1
1704901500000,20240229,4730000,P,55200,55400,1,1
1704901500000,20240229,4300000,C,500300,501800,1,1
1704901500000,20240229,4300000,P,7200,7300,1,1
1704901500000,20240229,4620000,C,205600,206400,1,1
1704901500000,20240229,4620000,P,30200,30400,1,1
1704901500000,20240229,4940000,C,21800,22000,1,1
1704901500000,20240229,4940000,P,178800,183300,1,1
1704901500000,20240229,3550000,C,1236500,1241600,1,1
1704901500000,20240229,3550000,P,1200,1300,1,1
1704901500000,20240229,4190000,C,605600,610400,1,1
1704901500000,20240229,4190000,P,5000,5100,1,1
1704901500000,20240229,4510000,C,302300,303400,1,1
1704901500000,20240229,4510000,P,17500,17700,1,1
1704901500000,20240229,5150000,C,1800,1900,1,1
1704901500000,20240229,5150000,P,388700,393400,1,1
1704901500000,20240229,4830000,C,60400,60700,1,1
1704901500000,20240229,4830000,P,97100,100600,1,1
1704901500000,20240229,5250000,C,800,900,1,1
1704901500000,20240229,5250000,P,488700,493400,1,1
1704901500000,20240229,4080000,C,713400,718200,1,1
1704901500000,20240229,4080000,P,3600,3700,1,1
1704901500000,20240229,4400000,C,404600,406000,1,1
1704901500000,20240229,4400000,P,10700,10900,1,1
1704901500000,20240229,4720000,C,127200,127700,1,1
1704901500000,20240229,4720000,P,52200,52400,1,1
1704901500000,20240229,3650000,C,1137600,1142700,1,1
1704901500000,20240229,3650000,P,1500,1600,1,1
1704901500000,20240229,4290000,C,510000,511500,1,1
1704901500000,20240229,4290000,P,7000,7100,1,1
1704901500000,20240229,4610000,C,214000,214900,1,1
1704901500000,20240229,4610000,P,28700,28900,1,1
1704901500000,20240229,4930000,C,24200,24400,1,1
1704901500000,20240229,4930000,P,169400,174000,1,1
1704901500000,20240229,5350000,C,400,500,1,1
1704901500000,20240229,5350000,P,588600,593400,1,1
1704901500000,20240229,4180000,C,615400,620200,1,1
1704901500000,20240229,4180000,P,4800,4900,1,1
1704901500000,20240229,4500000,C,311400,312600,1,1
1704901500000,20240229,4500000,P,16700,16900,1,1
1704901500000,20240229,4820000,C,65400,65600,1,1
1704901500000,20240229,4820000,P,91600,94900,1,1
1704901500000,20240229,3750000,C,1038500,1043800,1,1
1704901500000,20240229,3750000,P,1800,1900,1,1
1704901500000,20240229,4390000,C,414100,415500,1,1
1704901500000,20240229,4390000,P,10300,10400,1,1
1704901500000,20240229,4070000,C,723200,728100,1,1
1704901500000,20240229,4070000,P,3600,3700,1,1
1704901500000,20240229,4710000,C,134300,135000,1,1
1704901500000,20240229,4710000,P,49300,49500,1,1
1704901500000,20240229,5450000,C,300,400,1,1
1704901500000,20240229,5450000,P,688600,693400,1,1
1704901500000,20240229,3000000,C,1781100,1786600,1,1
1704901500000,20240229,3000000,P,400,500,1,1
1704901500000,20240229,4280000,C,518100,522800,1,1
1704901500000,20240229,4280000,P,6700,6800,1,1
1704901500000,20240229,4600000,C,222500,223500,1,1
1704901500000,20240229,4600000,P,27300,27400,1,1
1704901500000,20240229,4920000,C,26800,27000,1,1
1704901500000,20240229,4920000,P,160900,165400,1,1
1704901500000,20240229,3850000,C,939800,944900,1,1
1704901500000,20240229,3850000,P,2200,2300,1,1
1704901500000,20240229,4170000,C,625100,630000,1,1
1704901500000,20240229,4170000,P,4700,4800,1,1
1704901500000,20240229,4490000,C,320500,321800,1,1
1704901500000,20240229,4490000,P,16000,16100,1,1
1704901500000,20240229,4810000,C,70600,70800,1,1
1704901500000,20240229,4810000,P,87800,88000,1,1
1704901500000,20240229,3100000,C,1682000,1687400,1,1
1704901500000,20240229,3100000,P,500,600,1,1
1704901500000,20240229,4380000,C,423600,425000,1,1
1704901500000,20240229,4380000,P,9900,10000,1,1
1704901500000,20240229,4060000,C,733100,737900,1,1
1704901500000,20240229,4060000,P,3500,3600,1,1
1704901500000,20240229,4700000,C,141900,142400,1,1
1704901500000,20240229,4700000,P,46600,46800,1,1
1704901500000,20240229,5020000,C,8800,8900,1,1
1704901500000,20240229,5020000,P,258700,263400,1,1
1704901500000,20240229,4270000,C,527700,532500,1,1
1704901500000,20240229,4270000,P,6500,6600,1,1
1704901500000,20240229,3950000,C,841400,846300,1,1
1704901500000,20240229,3950000,P,2700,2800,1,1
1704901500000,20240229,4590000,C,231100,232100,1,1
1704901500000,20240229,4590000,P,25900,26100,1,1
1704901500000,20240229,4910000,C,29600,29800,1,1
1704901500000,20240229,4910000,P,152600,157200,1,1
1704901500000,20240315,3200000,C,1590300,1596400,1,1
1704901500000,20240315,3200000,P,1100,1200,1,1
1704901500000,20240315,4480000,C,343400,348700,1,1
1704901500000,20240315,4480000,P,23600,23700,1,1
1704901500000,20240315,6400000,P,1637700,1644400,1,1
1704901500000,20240315,4050000,C,752800,758900,1,1
1704901500000,20240315,4050000,P,6000,6100,1,1
1704901500000,20240315,4690000,C,168000,168700,1,1
1704901500000,20240315,4690000,P,56400,56600,1,1
1704901500000,20240315,5750000,C,100,200,1,1
1704901500000,20240315,5750000,P,988000,994300,1,1
1704901500000,20240315,4260000,C,549400,555300,1,1
1704901500000,20240315,4260000,P,10800,10900,1,1
1704901500000,20240315,4900000,C,46300,46600,1,1
1704901500000,20240315,4900000,P,150600,154500,1,1
1704901500000,20240315,2550000,C,2232700,2239500,1,1
1704901500000,20240315,2550000,P,300,400,1,1
1704901500000,20240315,4470000,C,352500,357800,1,1
1704901500000,20240315,4470000,P,22600,22800,1,1
1704901500000,20240315,3400000,C,1392300,1398800,1,1
1704901500000,20240315,3400000,P,1600,1700,1,1
1704901500000,20240315,4040000,C,762600,768700,1,1
1704901500000,20240315,4040000,P,5800,5900,1,1
1704901500000,20240315,4680000,C,173700,176500,1,1
1704901500000,20240315,4680000,P,53900,54100,1,1
1704901500000,20240315,6600000,P,1837500,1843800,1,1
1704901500000,20240315,4250000,C,559000,564900,1,1
1704901500000,20240315,4250000,P,10500,10600,1,1
1704901500000,20240315,4890000,C,50100,50400,1,1
1704901500000,20240315,4890000,P,143600,147600,1,1
1704901500000,20240315,5950000,C,100,200,1,1
1704901500000,20240315,5950000,P,1187900,1194300,1,1
1704901500000,20240315,4460000,C,361900,367000,1,1
1704901500000,20240315,4460000,P,21800,21900,1,1
1704901500000,20240315,5100000,C,6800,6900,1,1
1704901500000,20240315,5100000,P,338300,344300,1,1
1704901500000,20240315,2750000,C,2035000,2041500,1,1
1704901500000,20240315,2750000,P,500,600,1,1
1704901500000,20240315,4030000,C,772300,778500,1,1
1704901500000,20240315,4030000,P,5700,5800,1,1
1704901500000,20240315,4670000,C,181800,185800,1,1
1704901500000,20240315,4670000,P,51500,51800,1,1
1704901500000,20240315,3600000,C,1194900,1201400,1,1
1704901500000,20240315,3600000,P,2300,2400,1,1
1704901500000,20240315,4240000,C,568600,574500,1,1
1704901500000,20240315,4240000,P,10100,10300,1,1
1704901500000,20240315,4880000,C,54100,54400,1,1
1704901500000,20240315,4880000,P,136900,141000,1,1
1704901500000,20240315,4450000,C,370800,376200,1,1
1704901500000,20240315,4450000,P,21000,21100,1,1
1704901500000,20240315,6150000,C,100,200,1,1
1704901500000,20240315,6150000,P,1387800,1394400,1,1
1704901500000,20240315,2100000,C,2677400,2685000,1,1
1704901500000,20240315,2100000,P,100,200,1,1
1704901500000,20240315,4020000,C,782100,788300,1,1
1704901500000,20240315,4020000,P,5500,5600,1,1
1704901500000,20240315,4660000,C,189200,193700,1,1
1704901500000,20240315,4660000,P,49300,49500,1,1
1704901500000,20240315,5300000,C,1100,1200,1,1
1704901500000,20240315,5300000,P,538200,544300,1,1
1704901500000,20240315,2950000,C,1837300,1843700,1,1
1704901500000,20240315,2950000,P,700,800,1,1
1704901500000,20240315,4230000,C,578600,584200,1,1
1704901500000,20240315,4230000,P,9800,10000,1,1
1704901500000,20240315,4870000,C,58300,58600,1,1
1704901500000,20240315,4870000,P,130500,134600,1,1
1704901500000,20240315,3800000,C,998000,1004300,1,1
1704901500000,20240315,3800000,P,3400,3500,1,1
1704901500000,20240315,4440000,C,380000,385400,1,1
1704901500000,20240315,4440000,P,20200,20400,1,1
1704901500000,20240315,4010000,C,791900,798100,1,1
1704901500000,20240315,4010000,P,5400,5500,1,1
1704901500000,20240315,4650000,C,197800,201700,1,1
1704901500000,20240315,4650000,P,47200,47400,1,1
1704901500000,20240315,6350000,P,1587700,1594400,1,1
1704901500000,20240315,2300000,C,2479600,2487000,1,1
1704901500000,20240315,2300000,P,200,300,1,1
1704901500000,20240315,4220000,C,587800,593800,1,1
1704901500000,20240315,4220000,P,9500,9700,1,1
1704901500000,20240315,4860000,C,62800,63100,1,1
1704901500000,20240315,4860000,P,124400,128400,1,1
1704901500000,20240315,5500000,C,300,400,1,1
1704901500000,20240315,5500000,P,738100,744300,1,1
1704901500000,20240315,3150000,C,1639700,1645900,1,1
1704901500000,20240315,3150000,P,1000,1100,1,1
1704901500000,20240315,4430000,C,389500,394600,1,1
1704901500000,20240315,4430000,P,19500,19600,1,1
1704901500000,20240315,4000000,C,801700,807800,1,1
1704901500000,20240315,4000000,P,5300,5400,1,1
1704901500000,20240315,4640000,C,205600,209700,1,1
1704901500000,20240315,4640000,P,45100,45400,1,1
1704901500000,20240315,4210000,C,597500,603400,1,1
1704901500000,20240315,4210000,P,9200,9400,1,1
1704901500000,20240315,4850000,C,67500,67800,1,1
1704901500000,20240315,4850000,P,120200,120500,1,1
1704901500000,20240315,6550000,P,1787600,1793800,1,1
1704901500000,20240315,2500000,C,2281900,2289000,1,1
1704901500000,20240315,2500000,P,300,400,1,1
1704901500000,20240315,4420000,C,398400,403900,1,1
1704901500000,20240315,4420000,P,18800,18900,1,1
1704901500000,20240315,5700000,C,200,300,1,1
1704901500000,20240315,5700000,P,938000,944300,1,1
1704901500000,20240315,3350000,C,1441600,1448200,1,1
1704901500000,20240315,3350000,P,1400,1500,1,1
1704901500000,20240315,4630000,C,214000,217900,1,1
1704901500000,20240315,4630000,P,43200,43400,1,1
1704901500000,20240315,4200000,C,607100,613100,1,1
1704901500000,20240315,4200000,P,9000,9100,1,1
1704901500000,20240315,4840000,C,72300,72600,1,1
1704901500000,20240315,4840000,P,114500,114800,1,1
1704901500000,20240315,4410000,C,407700,413200,1,1
1704901500000,20240315,4410000,P,18100,18200,1,1
1704901500000,20240315,5050000,C,11600,11700,1,1
1704901500000,20240315,5050000,P,288300,294300,1,1
1704901500000,20240315,2700000,C,2084400,2091000,1,1
1704901500000,20240315,2700000,P,400,500,1,1
1704901500000,20240315,4620000,C,221500,226200,1,1
1704901500000,20240315,4620000,P,41400,41600,1,1
1704901500000,20240315,5900000,C,100,200,1,1
1704901500000,20240315,5900000,P,1137900,1144300,1,1
1704901500000,20240315,3550000,C,1244200,1250700,1,1
1704901500000,20240315,3550000,P,2100,2200,1,1
1704901500000,20240315,4190000,C,616800,622800,1,1
1704901500000,20240315,4190000,P,8700,8800,1,1
1704901500000,20240315,4830000,C,77400,77700,1,1
1704901500000,20240315,4830000,P,109100,109400,1,1
1704901500000,20240315,5250000,C,1600,1700,1,1
1704901500000,20240315,5250000,P,488200,494300,1,1
1704901500000,20240315,4400000,C,417000,422500,1,1
1704901500000,20240315,4400000,P,17500,17600,1,1
1704901500000,20240315,2050000,C,2726900,2734600,1,1
1704901500000,20240315,2050000,P,100,200,1,1
1704901500000,20240315,4610000,C,230000,234500,1,1
1704901500000,20240315,4610000,P,39700,39900,1,1
1704901500000,20240315,2900000,C,1886700,1893100,1,1
1704901500000,20240315,2900000,P,600,700,1,1
1704901500000,20240315,4180000,C,626400,632400,1,1
1704901500000,20240315,4180000,P,8500,8600,1,1
1704901500000,20240315,4820000,C,82700,83000,1,1
1704901500000,20240315,4820000,P,104000,104300,1,1
1704901500000,20240315,6100000,C,100,200,1,1
1704901500000,20240315,6100000,P,1337800,1344400,1,1
1704901500000,20240315,3750000,C,1047200,1053500,1,1
1704901500000,20240315,3750000,P,3000,3100,1,1
1704901500000,20240315,4390000,C,426600,431900,1,1
1704901500000,20240315,4390000,P,16800,17000,1,1
1704901500000,20240315,5450000,C,500,600,1,1
1704901500000,20240315,5450000,P,688200,694300,1,1
1704901500000,20240315,4600000,C,238900,242500,1,1
1704901500000,20240315,4600000,P,38100,38300,1,1
1704901500000,20240315,2250000,C,2529100,2536500,1,1
1704901500000,20240315,2250000,P,200,300,1,1
1704901500000,20240315,4170000,C,636100,642100,1,1
1704901500000,20240315,4170000,P,8200,8300,1,1
1704901500000,20240315,4810000,C,88200,88500,1,1
1704901500000,20240315,4810000,P,99100,99400,1,1
1704901500000,20240315,3100000,C,1689100,1695300,1,1
1704901500000,20240315,3100000,P,900,1000,1,1
1704901500000,20240315,4380000,C,435700,441300,1,1
1704901500000,20240315,4380000,P,16200,16400,1,1
1704901500000,20240315,5020000,C,15700,15900,1,1
1704901500000,20240315,5020000,P,258300,264300,1,1
1704901500000,20240315,6300000,P,1537700,1544300,1,1
1704901500000,20240315,3950000,C,850700,856900,1,1
1704901500000,20240315,3950000,P,4700,4800,1,1
1704901500000,20240315,4590000,C,246900,251400,1,1
1704901500000,20240315,4590000,P,36500,36700,1,1
1704901500000,20240315,5650000,C,200,300,1,1
1704901500000,20240315,5650000,P,888100,894300,1,1
1704901500000,20240315,4160000,C,645800,651800,1,1
1704901500000,20240315,4160000,P,8000,8100,1,1
1704901500000,20240315,4800000,C,93900,94200,1,1
1704901500000,20240315,4800000,P,94500,94700,1,1
1704901500000,20240315,2450000,C,2331300,2338500,1,1
1704901500000,20240315,2450000,P,300,400,1,1
1704901500000,20240315,4370000,C,445100,450700,1,1
1704901500000,20240315,4370000,P,15700,15800,1,1
1704901500000,20240315,5010000,C,17400,17500,1,1
1704901500000,20240315,5010000,P,248300,254300,1,1
1704901500000,20240315,3300000,C,1491000,1497600,1,1
1704901500000,20240315,3300000,P,1300,1400,1,1
1704901500000,20240315,4580000,C,255100,260000,1,1
1704901500000,20240315,4580000,P,35000,35200,1,1
1704901500000,20240315,6500000,P,1737600,1743800,1,1
1704901500000,20240315,4150000,C,655500,661500,1,1
1704901500000,20240315,4150000,P,7800,7900,1,1
1704901500000,20240315,4790000,C,99800,100100,1,1
1704901500000,20240315,4790000,P,90000,90300,1,1
1704901500000,20240315,5850000,C,100,200,1,1
1704901500000,20240315,5850000,P,1088000,1094300,1,1
1704901500000,20240315,4360000,C,454500,460100,1,1
1704901500000,20240315,4360000,P,15100,15300,1,1
1704901500000,20240315,5000000,C,19200,19300,1,1
1704901500000,20240315,5000000,P,238300,244300,1,1
1704901500000,20240315,2650000,C,2133800,2140500,1,1
1704901500000,20240315,2650000,P,400,500,1,1
1704901500000,20240315,4570000,C,263700,268600,1,1
1704901500000,20240315,4570000,P,33600,33800,1,1
1704901500000,20240315,3500000,C,1293500,1300000,1,1
1704901500000,20240315,3500000,P,1900,2000,1,1
1704901500000,20240315,4140000,C,665200,671200,1,1
1704901500000,20240315,4140000,P,7600,7700,1,1
1704901500000,20240315,4780000,C,105900,106200,1,1
1704901500000,20240315,4780000,P,85800,86100,1,1
1704901500000,20240315,4350000,C,464200,469500,1,1
1704901500000,20240315,4350000,P,14600,14700,1,1
1704901500000,20240315,4990000,C,21100,21300,1,1
1704901500000,20240315,4990000,P,228300,234300,1,1
1704901500000,20240315,6050000,C,100,200,1,1
1704901500000,20240315,6050000,P,1287900,1294400,1,1
1704901500000,20240315,2000000,C,2776400,2784100,1,1
1704901500000,20240315,2000000,P,100,200,1,1
1704901500000,20240315,4560000,C,272400,277300,1,1
1704901500000,20240315,4560000,P,32300,32400,1,1
1704901500000,20240315,5200000,C,2500,2600,1,1
1704901500000,20240315,5200000,P,438200,444300,1,1
1704901500000,20240315,2850000,C,1936100,1942600,1,1
1704901500000,20240315,2850000,P,600,700,1,1
1704901500000,20240315,4130000,C,674900,680900,1,1
1704901500000,20240315,4130000,P,7300,7500,1,1
1704901500000,20240315,4770000,C,112200,112500,1,1
1704901500000,20240315,4770000,P,81800,82100,1,1
1704901500000,20240315,3700000,C,1096400,1102800,1,1
1704901500000,20240315,3700000,P,2700,2800,1,1
1704901500000,20240315,4340000,C,473400,479000,1,1
1704901500000,20240315,4340000,P,14100,14200,1,1
1704901500000,20240315,4980000,C,23200,23400,1,1
1704901500000,20240315,4980000,P,218300,223600,1,1
1704901500000,20240315,4550000,C,281500,286100,1,1
1704901500000,20240315,4550000,P,31000,31200,1,1
1704901500000,20240315,6250000,P,1487800,1494400,1,1
1704901500000,20240315,2200000,C,2578500,2586000,1,1
1704901500000,20240315,2200000,P,100,200,1,1
1704901500000,20240315,4120000,C,685000,690700,1,1
1704901500000,20240315,4120000,P,7100,7300,1,1
1704901500000,20240315,4760000,C,118600,119000,1,1
1704901500000,20240315,4760000,P,78000,78300,1,1
1704901500000,20240315,5400000,C,600,700,1,1
1704901500000,20240315,5400000,P,638200,644300,1,1
1704901500000,20240315,3050000,C,1738500,1744800,1,1
1704901500000,20240315,3050000,P,800,900,1,1
1704901500000,20240315,4330000,C,483100,488500,1,1
1704901500000,20240315,4330000,P,13600,13800,1,1
1704901500000,20240315,4970000,C,25400,25600,1,1
1704901500000,20240315,4970000,P,208300,214300,1,1
1704901500000,20240315,3900000,C,899700,905900,1,1
1704901500000,20240315,3900000,P,4200,4300,1,1
1704901500000,20240315,4540000,C,289800,294900,1,1
1704901500000,20240315,4540000,P,29800,29900,1,1
1704901500000,20240315,4110000,C,694300,700400,1,1
1704901500000,20240315,4110000,P,7000,7100,1,1
1704901500000,20240315,4750000,C,125200,125600,1,1
1704901500000,20240315,4750000,P,74500,74700,1,1
1704901500000,20240315,6450000,P,1687600,1693800,1,1
1704901500000,20240315,2400000,C,2380700,2388000,1,1
1704901500000,20240315,2400000,P,200,300,1,1
1704901500000,20240315,4320000,C,492600,498000,1,1
1704901500000,20240315,4320000,P,13200,13300,1,1
1704901500000,20240315,4960000,C,27800,28000,1,1
1704901500000,20240315,4960000,P,198700,204400,1,1
1704901500000,20240315,5600000,C,200,300,1,1
1704901500000,20240315,5600000,P,838100,844300,1,1
1704901500000,20240315,3250000,C,1540300,1547000,1,1
1704901500000,20240315,3250000,P,1200,1300,1,1
1704901500000,20240315,4530000,C,298700,303800,1,1
1704901500000,20240315,4530000,P,28600,28800,1,1
1704901500000,20240315,4100000,C,704100,710100,1,1
1704901500000,20240315,4100000,P,6800,6900,1,1
1704901500000,20240315,4740000,C,131900,132400,1,1
1704901500000,20240315,4740000,P,71000,71200,1,1
1704901500000,20240315,4310000,C,502100,507500,1,1
1704901500000,20240315,4310000,P,12700,12900,1,1
1704901500000,20240315,4950000,C,30400,30600,1,1
1704901500000,20240315,4950000,P,189900,194900,1,1
1704901500000,20240315,2600000,C,2183000,2190000,1,1
1704901500000,20240315,2600000,P,300,400,1,1
1704901500000,20240315,4520000,C,307500,312700,1,1
1704901500000,20240315,4520000,P,27500,27700,1,1
1704901500000,20240315,5800000,C,100,200,1,1
1704901500000,20240315,5800000,P,1038000,1044300,1,1
1704901500000,20240315,3450000,C,1342800,1349400,1,1
1704901500000,20240315,3450000,P,1700,1800,1,1
1704901500000,20240315,4090000,C,713800,719900,1,1
1704901500000,20240315,4090000,P,6600,6700,1,1
1704901500000,20240315,4730000,C,138900,139400,1,1
1704901500000,20240315,4730000,P,67800,68000,1,1
1704901500000,20240315,4300000,C,511300,517000,1,1
1704901500000,20240315,4300000,P,12300,12400,1,1
1704901500000,20240315,4940000,C,33200,33400,1,1
1704901500000,20240315,4940000,P,181500,186300,1,1
1704901500000,20240315,1950000,C,2826100,2833100,1,1
1704901500000,20240315,1950000,P,100,200,1,1
1704901500000,20240315,4510000,C,316700,321600,1,1
1704901500000,20240315,4510000,P,26400,26600,1,1
1704901500000,20240315,5150000,C,4000,4100,1,1
1704901500000,20240315,5150000,P,388300,394300,1,1
1704901500000,20240315,2800000,C,1985600,1992100,1,1
1704901500000,20240315,2800000,P,500,600,1,1
1704901500000,20240315,4080000,C,723500,729600,1,1
1704901500000,20240315,4080000,P,6400,6500,1,1
1704901500000,20240315,4720000,C,146000,146500,1,1
1704901500000,20240315,4720000,P,64700,64900,1,1
1704901500000,20240315,6000000,C,100,200,1,1
1704901500000,20240315,6000000,P,1237900,1244400,1,1
1704901500000,20240315,3650000,C,1145600,1152100,1,1
1704901500000,20240315,3650000,P,2500,2600,1,1
1704901500000,20240315,4290000,C,520900,526600,1,1
1704901500000,20240315,4290000,P,11900,12000,1,1
1704901500000,20240315,4930000,C,36200,36400,1,1
1704901500000,20240315,4930000,P,173300,178300,1,1
1704901500000,20240315,5350000,C,800,900,1,1
1704901500000,20240315,5350000,P,588200,594300,1,1
1704901500000,20240315,4500000,C,325700,330600,1,1
1704901500000,20240315,4500000,P,25400,25600,1,1
1704901500000,20240315,2150000,C,2628000,2635500,1,1
1704901500000,20240315,2150000,P,100,200,1,1
1704901500000,20240315,4070000,C,733300,739400,1,1
1704901500000,20240315,4070000,P,6300,6400,1,1
1704901500000,20240315,4710000,C,153200,153800,1,1
1704901500000,20240315,4710000,P,61800,62000,1,1
1704901500000,20240315,3000000,C,1787900,1794200,1,1
1704901500000,20240315,3000000,P,800,900,1,1
1704901500000,20240315,4280000,C,530700,536100,1,1
1704901500000,20240315,4280000,P,11500,11600,1,1
1704901500000,20240315,4920000,C,39400,39600,1,1
1704901500000,20240315,4920000,P,165400,170300,1,1
1704901500000,20240315,6200000,C,100,200,1,1
1704901500000,20240315,6200000,P,1437800,1444400,1,1
1704901500000,20240315,3850000,C,948800,955100,1,1
1704901500000,20240315,3850000,P,3700,3800,1,1
1704901500000,20240315,4490000,C,334400,339600,1,1
1704901500000,20240315,4490000,P,24400,24600,1,1
1704901500000,20240315,5550000,C,300,400,1,1
1704901500000,20240315,5550000,P,788100,794300,1,1
1704901500000,20240315,4060000,C,743000,749200,1,1
1704901500000,20240315,4060000,P,6100,6200,1,1
1704901500000,20240315,4700000,C,160600,161200,1,1
1704901500000,20240315,4700000,P,59000,59200,1,1
1704901500000,20240315,2350000,C,2430200,2437500,1,1
1704901500000,20240315,2350000,P,200,300,1,1
1704901500000,20240315,4270000,C,539800,545700,1,1
1704901500000,20240315,4270000,P,11200,11300,1,1
1704901500000,20240315,4910000,C,42700,43000,1,1
1704901500000,20240315,4910000,P,157800,162100,1,1
