1704987900000,20240111,4160000,C,592400,604400,1,1
1704987900000,20240111,4480000,C,273800,282500,1,1
1704987900000,20240111,4800000,P,41000,41400,1,1
1704987900000,20240111,4370000,C,382900,400800,1,1
1704987900000,20240111,4050000,C,702500,714600,1,1
1704987900000,20240111,4690000,C,68600,69000,1,1
1704987900000,20240111,4260000,C,493400,504500,1,1
1704987900000,20240111,4580000,C,176900,181300,1,1
1704987900000,20240111,4900000,P,138500,142400,1,1
1704987900000,20240111,4150000,C,596600,615000,1,1
1704987900000,20240111,4470000,C,283700,292800,1,1
1704987900000,20240111,4790000,P,31000,31300,1,1
1704987900000,20240111,4360000,C,391000,404800,1,1
1704987900000,20240111,4040000,C,717500,719300,1,1
1704987900000,20240111,4680000,C,78600,79000,1,1
1704987900000,20240111,5000000,P,236900,245400,1,1
1704987900000,20240111,4250000,C,502600,522500,1,1
1704987900000,20240111,4570000,C,187400,191300,1,1
1704987900000,20240111,4890000,P,128500,132400,1,1
1704987900000,20240111,4140000,C,613100,624700,1,1
1704987900000,20240111,4460000,C,293700,302900,1,1
1704987900000,20240111,4780000,P,21100,21400,1,1
1704987900000,20240111,5100000,P,336700,346600,1,1
1704987900000,20240111,4350000,C,396800,415100,1,1
1704987900000,20240111,4030000,C,727400,729300,1,1
1704987900000,20240111,4670000,C,88600,89000,1,1
1704987900000,20240111,4990000,P,227700,232100,1,1
1704987900000,20240111,4240000,C,512800,524800,1,1
1704987900000,20240111,4560000,C,197600,201200,1,1
1704987900000,20240111,4880000,P,118500,122500,1,1
1704987900000,20240111,5200000,P,434200,453000,1,1
1704987900000,20240111,4130000,C,616300,634700,1,1
1704987900000,20240111,4450000,C,303500,312900,1,1
1704987900000,20240111,4770000,C,400,500,1,1
1704987900000,20240111,4770000,P,11400,12000,1,1
1704987900000,20240111,4340000,C,412900,425200,1,1
1704987900000,20240111,4020000,C,737400,739300,1,1
1704987900000,20240111,4660000,C,97000,101000,1,1
1704987900000,20240111,4980000,P,218300,222000,1,1
1704987900000,20240111,5300000,P,534300,550900,1,1
1704987900000,20240111,4230000,C,517000,535700,1,1
1704987900000,20240111,4550000,C,207000,211300,1,1
1704987900000,20240111,4870000,P,108700,112300,1,1
1704987900000,20240111,4120000,C,626300,644200,1,1
1704987900000,20240111,4440000,C,313700,323100,1,1
1704987900000,20240111,4760000,C,2800,2900,1,1
1704987900000,20240111,4760000,P,3800,4000,1,1
1704987900000,20240111,5400000,P,639900,641400,1,1
1704987900000,20240111,4330000,C,422900,435200,1,1
1704987900000,20240111,4650000,C,107200,111300,1,1
1704987900000,20240111,4970000,P,208100,212400,1,1
1704987900000,20240111,4220000,C,532600,544700,1,1
1704987900000,20240111,4540000,C,217000,221300,1,1
1704987900000,20240111,4860000,P,98800,102600,1,1
1704987900000,20240111,4110000,C,642900,654600,1,1
1704987900000,20240111,4430000,C,323900,332800,1,1
1704987900000,20240111,4750000,C,9500,9800,1,1
1704987900000,20240111,4750000,P,800,900,1,1
1704987900000,20240111,4320000,C,432700,445200,1,1
1704987900000,20240111,4640000,C,116100,121100,1,1
1704987900000,20240111,4960000,P,198500,203800,1,1
1704987900000,20240111,4210000,C,542800,555100,1,1
1704987900000,20240111,4530000,C,226700,231500,1,1
1704987900000,20240111,4850000,P,88800,92700,1,1
1704987900000,20240111,4100000,C,652900,665900,1,1
1704987900000,20240111,4420000,C,333600,342800,1,1
1704987900000,20240111,4740000,C,18500,19300,1,1
1704987900000,20240111,4740000,P,200,300,1,1
1704987900000,20240111,4310000,C,432600,455100,1,1
1704987900000,20240111,4630000,C,125900,131200,1,1
1704987900000,20240111,4950000,P,188400,192500,1,1
1704987900000,20240111,4200000,C,552800,564500,1,1
1704987900000,20240111,4520000,C,233600,243200,1,1
1704987900000,20240111,4840000,P,78800,82500,1,1
1704987900000,20240111,4090000,C,662500,674700,1,1
1704987900000,20240111,4410000,C,343400,352900,1,1
1704987900000,20240111,4730000,C,28800,29100,1,1
1704987900000,20240111,4730000,P,100,200,1,1
1704987900000,20240111,5050000,P,283400,295800,1,1
1704987900000,20240111,4300000,C,453100,464700,1,1
1704987900000,20240111,4620000,C,135300,141200,1,1
1704987900000,20240111,4940000,P,178600,183700,1,1
1704987900000,20240111,4190000,C,552800,582000,1,1
1704987900000,20240111,4510000,C,244500,252000,1,1
1704987900000,20240111,4830000,P,70500,72900,1,1
1704987900000,20240111,5150000,P,384900,397100,1,1
1704987900000,20240111,5250000,P,478200,495800,1,1
1704987900000,20240111,4080000,C,674100,684400,1,1
1704987900000,20240111,4400000,C,353800,362800,1,1
1704987900000,20240111,4720000,C,38400,41200,1,1
1704987900000,20240111,4720000,P,100,200,1,1
1704987900000,20240111,4290000,C,463900,475100,1,1
1704987900000,20240111,4930000,P,168300,172100,1,1
1704987900000,20240111,4610000,C,145600,151200,1,1
1704987900000,20240111,5350000,P,589900,591800,1,1
1704987900000,20240111,4180000,C,573000,585000,1,1
1704987900000,20240111,4500000,C,252800,262500,1,1
1704987900000,20240111,4820000,P,60300,64000,1,1
1704987900000,20240111,4390000,C,364300,372600,1,1
1704987900000,20240111,4070000,C,679000,695600,1,1
1704987900000,20240111,4710000,C,48700,49000,1,1
1704987900000,20240111,5450000,P,690000,691700,1,1
1704987900000,20240111,4280000,C,473800,484800,1,1
1704987900000,20240111,4600000,C,156000,161200,1,1
1704987900000,20240111,4920000,P,156100,162100,1,1
1704987900000,20240111,4170000,C,582700,594500,1,1
1704987900000,20240111,4490000,C,263700,273100,1,1
1704987900000,20240111,4810000,P,48400,57200,1,1
1704987900000,20240111,4380000,C,373700,382800,1,1
1704987900000,20240111,4060000,C,689000,705100,1,1
1704987900000,20240111,4700000,C,58700,59000,1,1
1704987900000,20240111,4270000,C,483600,495000,1,1
1704987900000,20240111,4910000,P,148600,152400,1,1
1704987900000,20240111,4590000,C,167100,171200,1,1
1704987900000,20240112,4480000,C,277400,281200,1,1
1704987900000,20240112,4480000,P,100,200,1,1
1704987900000,20240112,4160000,C,597100,600800,1,1
1704987900000,20240112,4800000,C,1300,1400,1,1
1704987900000,20240112,4800000,P,41400,42300,1,1
1704987900000,20240112,4475000,C,283000,286100,1,1
1704987900000,20240112,4475000,P,100,200,1,1
1704987900000,20240112,4370000,C,387300,391100,1,1
1704987900000,20240112,4370000,P,100,200,1,1
1704987900000,20240112,4050000,C,707000,710700,1,1
1704987900000,20240112,4690000,C,69700,70800,1,1
1704987900000,20240112,4690000,P,700,800,1,1
1704987900000,20240112,4580000,C,178400,181300,1,1
1704987900000,20240112,4580000,P,100,200,1,1
1704987900000,20240112,4260000,C,497200,500900,1,1
1704987900000,20240112,4900000,P,139400,141700,1,1
1704987900000,20240112,4575000,C,183400,186300,1,1
1704987900000,20240112,4575000,P,100,200,1,1
1704987900000,20240112,4150000,C,607500,610800,1,1
1704987900000,20240112,4470000,C,288000,291100,1,1
1704987900000,20240112,4470000,P,100,200,1,1
1704987900000,20240112,4790000,C,2500,2600,1,1
1704987900000,20240112,4790000,P,32600,33300,1,1
1704987900000,20240112,4360000,C,397300,401000,1,1
1704987900000,20240112,4360000,P,100,200,1,1
1704987900000,20240112,4040000,C,717000,720700,1,1
1704987900000,20240112,5000000,P,239300,243000,1,1
1704987900000,20240112,4680000,C,79500,80600,1,1
1704987900000,20240112,4680000,P,500,600,1,1
1704987900000,20240112,4675000,C,84400,85600,1,1
1704987900000,20240112,4675000,P,400,500,1,1
1704987900000,20240112,4250000,C,507600,510900,1,1
1704987900000,20240112,4570000,C,188400,191300,1,1
1704987900000,20240112,4570000,P,100,200,1,1
1704987900000,20240112,4890000,P,129400,131700,1,1
1704987900000,20240112,3500000,C,1256600,1260300,1,1
1704987900000,20240112,4460000,C,297400,301100,1,1
1704987900000,20240112,4460000,P,100,200,1,1
1704987900000,20240112,4140000,C,617500,620800,1,1
1704987900000,20240112,4780000,C,4500,4600,1,1
1704987900000,20240112,4780000,P,24700,25200,1,1
1704987900000,20240112,5100000,P,339300,343000,1,1
1704987900000,20240112,4350000,C,407700,411000,1,1
1704987900000,20240112,4350000,P,100,200,1,1
1704987900000,20240112,4030000,C,727000,730700,1,1
1704987900000,20240112,4670000,C,89300,90500,1,1
1704987900000,20240112,4670000,P,400,500,1,1
1704987900000,20240112,4990000,P,229300,232300,1,1
1704987900000,20240112,3600000,C,1157100,1160400,1,1
1704987900000,20240112,4560000,C,198400,201200,1,1
1704987900000,20240112,4560000,P,100,200,1,1
1704987900000,20240112,4240000,C,517600,520900,1,1
1704987900000,20240112,5200000,P,439200,442900,1,1
1704987900000,20240112,4880000,P,119400,121700,1,1
1704987900000,20240112,4875000,P,114400,116700,1,1
1704987900000,20240112,4450000,C,307800,311100,1,1
1704987900000,20240112,4450000,P,100,200,1,1
1704987900000,20240112,4130000,C,627100,630800,1,1
1704987900000,20240112,4770000,C,7600,7700,1,1
1704987900000,20240112,4770000,P,17900,18200,1,1
1704987900000,20240112,3700000,C,1056800,1060500,1,1
1704987900000,20240112,4340000,C,417700,421000,1,1
1704987900000,20240112,4340000,P,100,200,1,1
1704987900000,20240112,4020000,C,737400,740700,1,1
1704987900000,20240112,4660000,C,99300,100500,1,1
1704987900000,20240112,4660000,P,300,400,1,1
1704987900000,20240112,4980000,P,219300,222300,1,1
1704987900000,20240112,5300000,P,539100,542300,1,1
1704987900000,20240112,4550000,C,208400,211200,1,1
1704987900000,20240112,4550000,P,100,200,1,1
1704987900000,20240112,4230000,C,527600,530900,1,1
1704987900000,20240112,4870000,P,109400,112400,1,1
1704987900000,20240112,3800000,C,956800,960600,1,1
1704987900000,20240112,4440000,C,317800,321100,1,1
1704987900000,20240112,4440000,P,100,200,1,1
1704987900000,20240112,4120000,C,637500,640800,1,1
1704987900000,20240112,4760000,C,12000,12100,1,1
1704987900000,20240112,4760000,P,12400,12500,1,1
1704987900000,20240112,5400000,P,639100,642800,1,1
1704987900000,20240112,4330000,C,427700,431000,1,1
1704987900000,20240112,4330000,P,100,200,1,1
1704987900000,20240112,4650000,C,109200,110400,1,1
1704987900000,20240112,4650000,P,200,300,1,1
1704987900000,20240112,4970000,P,209300,212300,1,1
1704987900000,20240112,3900000,C,856900,860600,1,1
1704987900000,20240112,4540000,C,218400,221200,1,1
1704987900000,20240112,4540000,P,100,200,1,1
1704987900000,20240112,4220000,C,537100,540900,1,1
1704987900000,20240112,4860000,C,100,200,1,1
1704987900000,20240112,4860000,P,99400,102400,1,1
1704987900000,20240112,4430000,C,327800,331100,1,1
1704987900000,20240112,4430000,P,100,200,1,1
1704987900000,20240112,4110000,C,647000,650800,1,1
1704987900000,20240112,4750000,C,17700,18000,1,1
1704987900000,20240112,4750000,P,8200,8300,1,1
1704987900000,20240112,4425000,C,332800,336100,1,1
1704987900000,20240112,4425000,P,100,200,1,1
1704987900000,20240112,4320000,C,437200,441000,1,1
1704987900000,20240112,4320000,P,100,200,1,1
1704987900000,20240112,4000000,C,757400,760700,1,1
1704987900000,20240112,4640000,C,119100,120500,1,1
1704987900000,20240112,4640000,P,200,300,1,1
1704987900000,20240112,4960000,P,199400,202300,1,1
1704987900000,20240112,4530000,C,227500,231200,1,1
1704987900000,20240112,4530000,P,100,200,1,1
1704987900000,20240112,4210000,C,547100,550900,1,1
1704987900000,20240112,4850000,C,100,200,1,1
1704987900000,20240112,4850000,P,89400,92400,1,1
1704987900000,20240112,4525000,C,232400,236200,1,1
1704987900000,20240112,4525000,P,100,200,1,1
1704987900000,20240112,4100000,C,657000,660800,1,1
1704987900000,20240112,4420000,C,337300,341100,1,1
1704987900000,20240112,4420000,P,100,200,1,1
1704987900000,20240112,4740000,C,24500,25000,1,1
1704987900000,20240112,4740000,P,5200,5300,1,1
1704987900000,20240112,4310000,C,447700,451000,1,1
1704987900000,20240112,4310000,P,100,200,1,1
1704987900000,20240112,4950000,P,189400,192300,1,1
1704987900000,20240112,4630000,C,129000,131400,1,1
1704987900000,20240112,4630000,P,200,300,1,1
1704987900000,20240112,4625000,C,133500,136400,1,1
1704987900000,20240112,4625000,P,200,300,1,1
1704987900000,20240112,4200000,C,557100,560900,1,1
1704987900000,20240112,4520000,C,237900,241200,1,1
1704987900000,20240112,4520000,P,100,200,1,1
1704987900000,20240112,4840000,C,100,200,1,1
1704987900000,20240112,4840000,P,79400,82400,1,1
1704987900000,20240112,4410000,C,347800,351100,1,1
1704987900000,20240112,4410000,P,100,200,1,1
1704987900000,20240112,4090000,C,667000,670800,1,1
1704987900000,20240112,5050000,P,289300,293000,1,1
1704987900000,20240112,4730000,C,32500,33200,1,1
1704987900000,20240112,4730000,P,3300,3400,1,1
1704987900000,20240112,4300000,C,457200,461000,1,1
1704987900000,20240112,4300000,P,100,200,1,1
1704987900000,20240112,4620000,C,138500,141400,1,1
1704987900000,20240112,4620000,P,200,300,1,1
1704987900000,20240112,4940000,P,179400,182300,1,1
1704987900000,20240112,3550000,C,1206600,1210400,1,1
1704987900000,20240112,4510000,C,247400,251200,1,1
1704987900000,20240112,4510000,P,100,200,1,1
1704987900000,20240112,4190000,C,567100,570900,1,1
1704987900000,20240112,5150000,P,389200,392900,1,1
1704987900000,20240112,4830000,C,200,300,1,1
1704987900000,20240112,4830000,P,69400,71700,1,1
1704987900000,20240112,5250000,P,489200,492100,1,1
1704987900000,20240112,4400000,C,357300,361100,1,1
1704987900000,20240112,4400000,P,100,200,1,1
1704987900000,20240112,4080000,C,677000,680800,1,1
1704987900000,20240112,4720000,C,41200,42100,1,1
1704987900000,20240112,4720000,P,2100,2200,1,1
1704987900000,20240112,3650000,C,1106700,1110400,1,1
1704987900000,20240112,4290000,C,467200,471000,1,1
1704987900000,20240112,4610000,C,148500,151300,1,1
1704987900000,20240112,4610000,P,100,200,1,1
1704987900000,20240112,4930000,P,169400,172300,1,1
1704987900000,20240112,5350000,P,589100,592400,1,1
1704987900000,20240112,4500000,C,257400,261200,1,1
1704987900000,20240112,4500000,P,100,200,1,1
1704987900000,20240112,4180000,C,577100,580900,1,1
1704987900000,20240112,4820000,C,400,500,1,1
1704987900000,20240112,4820000,P,60200,61700,1,1
1704987900000,20240112,3750000,C,1006800,1010500,1,1
1704987900000,20240112,4390000,C,367300,371100,1,1
1704987900000,20240112,4390000,P,100,200,1,1
1704987900000,20240112,4070000,C,687000,690800,1,1
1704987900000,20240112,4710000,C,50500,51400,1,1
1704987900000,20240112,4710000,P,1400,1500,1,1
1704987900000,20240112,5450000,P,689100,692800,1,1
1704987900000,20240112,4280000,C,477200,481000,1,1
1704987900000,20240112,4600000,C,158500,161300,1,1
1704987900000,20240112,4600000,P,100,200,1,1
1704987900000,20240112,4920000,P,159400,162300,1,1
1704987900000,20240112,3850000,C,906900,910600,1,1
1704987900000,20240112,4490000,C,267400,271200,1,1
1704987900000,20240112,4490000,P,100,200,1,1
1704987900000,20240112,4170000,C,587100,590800,1,1
1704987900000,20240112,4810000,C,700,800,1,1
1704987900000,20240112,4810000,P,50700,51900,1,1
1704987900000,20240112,4380000,C,377300,381100,1,1
1704987900000,20240112,4380000,P,100,200,1,1
1704987900000,20240112,4060000,C,697000,700800,1,1
1704987900000,20240112,4700000,C,60000,61100,1,1
1704987900000,20240112,4700000,P,900,1000,1,1
1704987900000,20240112,3950000,C,806900,810700,1,1
1704987900000,20240112,4270000,C,487900,490900,1,1
1704987900000,20240112,4590000,C,168400,171300,1,1
1704987900000,20240112,4590000,P,100,200,1,1
1704987900000,20240112,4910000,P,149400,152300,1,1
1704987900000,20240116,4160000,C,597800,601600,1,1
1704987900000,20240116,4160000,P,100,200,1,1
1704987900000,20240116,4480000,C,278200,282000,1,1
1704987900000,20240116,4480000,P,200,300,1,1
1704987900000,20240116,4800000,C,4000,4100,1,1
1704987900000,20240116,4800000,P,43700,44500,1,1
1704987900000,20240116,4050000,C,708100,711400,1,1
1704987900000,20240116,4370000,C,388500,391800,1,1
1704987900000,20240116,4370000,P,200,300,1,1
1704987900000,20240116,4690000,C,71800,72800,1,1
1704987900000,20240116,4690000,P,2000,2100,1,1
1704987900000,20240116,4580000,C,179400,182200,1,1
1704987900000,20240116,4580000,P,400,500,1,1
1704987900000,20240116,4260000,C,497900,501700,1,1
1704987900000,20240116,4260000,P,100,200,1,1
1704987900000,20240116,4900000,C,100,200,1,1
1704987900000,20240116,4900000,P,139400,142300,1,1
1704987900000,20240116,4150000,C,607800,611500,1,1
1704987900000,20240116,4150000,P,100,200,1,1
1704987900000,20240116,4470000,C,288200,292000,1,1
1704987900000,20240116,4470000,P,200,300,1,1
1704987900000,20240116,4790000,C,6100,6200,1,1
1704987900000,20240116,4790000,P,35800,36300,1,1
1704987900000,20240116,4040000,C,718100,721400,1,1
1704987900000,20240116,4360000,C,398000,401800,1,1
1704987900000,20240116,4360000,P,200,300,1,1
1704987900000,20240116,4680000,C,81300,82400,1,1
1704987900000,20240116,4680000,P,1600,1700,1,1
1704987900000,20240116,5000000,P,239300,243000,1,1
1704987900000,20240116,4570000,C,189400,192200,1,1
1704987900000,20240116,4570000,P,400,500,1,1
1704987900000,20240116,4250000,C,507900,511700,1,1
1704987900000,20240116,4250000,P,100,200,1,1
1704987900000,20240116,4890000,C,100,200,1,1
1704987900000,20240116,4890000,P,129400,132100,1,1
1704987900000,20240116,4140000,C,618200,621500,1,1
1704987900000,20240116,4140000,P,100,200,1,1
1704987900000,20240116,4460000,C,298200,301900,1,1
1704987900000,20240116,4460000,P,200,300,1,1
1704987900000,20240116,4780000,C,9000,9100,1,1
1704987900000,20240116,4780000,P,28700,29200,1,1
1704987900000,20240116,5100000,P,339300,342400,1,1
1704987900000,20240116,4030000,C,728100,731400,1,1
1704987900000,20240116,4350000,C,408000,411800,1,1
1704987900000,20240116,4350000,P,100,200,1,1
1704987900000,20240116,4670000,C,90900,92100,1,1
1704987900000,20240116,4670000,P,1200,1300,1,1
1704987900000,20240116,4990000,P,229300,232300,1,1
1704987900000,20240116,4560000,C,199300,202200,1,1
1704987900000,20240116,4560000,P,300,400,1,1
1704987900000,20240116,4240000,C,517900,521700,1,1
1704987900000,20240116,4240000,P,100,200,1,1
1704987900000,20240116,4880000,C,100,200,1,1
1704987900000,20240116,4880000,P,119400,122100,1,1
1704987900000,20240116,5200000,P,439200,442500,1,1
1704987900000,20240116,4130000,C,628200,631500,1,1
1704987900000,20240116,4130000,P,100,200,1,1
1704987900000,20240116,4450000,C,308600,311900,1,1
1704987900000,20240116,4450000,P,200,300,1,1
1704987900000,20240116,4770000,C,12800,12900,1,1
1704987900000,20240116,4770000,P,22500,22800,1,1
1704987900000,20240116,4020000,C,737600,741400,1,1
1704987900000,20240116,4340000,C,418000,421800,1,1
1704987900000,20240116,4340000,P,100,200,1,1
1704987900000,20240116,4660000,C,100700,101800,1,1
1704987900000,20240116,4660000,P,1000,1100,1,1
1704987900000,20240116,4980000,P,219300,222300,1,1
1704987900000,20240116,5300000,P,539100,542900,1,1
1704987900000,20240116,4550000,C,209300,212100,1,1
1704987900000,20240116,4550000,P,300,400,1,1
1704987900000,20240116,4230000,C,527900,531600,1,1
1704987900000,20240116,4230000,P,100,200,1,1
1704987900000,20240116,4870000,C,200,300,1,1
1704987900000,20240116,4870000,P,109400,112500,1,1
1704987900000,20240116,4120000,C,638200,641500,1,1
1704987900000,20240116,4120000,P,100,200,1,1
1704987900000,20240116,4440000,C,318600,321900,1,1
1704987900000,20240116,4440000,P,200,300,1,1
1704987900000,20240116,4760000,C,17500,17600,1,1
1704987900000,20240116,4760000,P,17300,17400,1,1
1704987900000,20240116,5080000,P,319300,322400,1,1
1704987900000,20240116,5400000,P,639100,642800,1,1
1704987900000,20240116,4330000,C,428000,431800,1,1
1704987900000,20240116,4330000,P,100,200,1,1
1704987900000,20240116,4650000,C,110500,111700,1,1
1704987900000,20240116,4650000,P,800,900,1,1
1704987900000,20240116,4970000,P,209300,212300,1,1
1704987900000,20240116,3900000,C,857500,861300,1,1
1704987900000,20240116,4540000,C,219300,222100,1,1
1704987900000,20240116,4540000,P,300,400,1,1
1704987900000,20240116,4220000,C,538300,541600,1,1
1704987900000,20240116,4220000,P,100,200,1,1
1704987900000,20240116,4860000,C,200,300,1,1
1704987900000,20240116,4860000,P,99400,102500,1,1
1704987900000,20240116,4110000,C,648200,651500,1,1
1704987900000,20240116,4110000,P,100,200,1,1
1704987900000,20240116,4430000,C,328600,331900,1,1
1704987900000,20240116,4430000,P,200,300,1,1
1704987900000,20240116,4750000,C,23100,23400,1,1
1704987900000,20240116,4750000,P,12900,13100,1,1
1704987900000,20240116,4320000,C,438000,441700,1,1
1704987900000,20240116,4320000,P,100,200,1,1
1704987900000,20240116,4000000,C,757600,761400,1,1
1704987900000,20240116,4640000,C,120400,121600,1,1
1704987900000,20240116,4640000,P,700,800,1,1
1704987900000,20240116,4960000,P,199400,202300,1,1
1704987900000,20240116,4530000,C,229200,232100,1,1
1704987900000,20240116,4530000,P,300,400,1,1
1704987900000,20240116,4210000,C,548300,551600,1,1
1704987900000,20240116,4210000,P,100,200,1,1
1704987900000,20240116,4850000,C,400,500,1,1
1704987900000,20240116,4850000,P,89400,92300,1,1
1704987900000,20240116,4100000,C,657700,661500,1,1
1704987900000,20240116,4100000,P,100,200,1,1
1704987900000,20240116,4420000,C,338100,341900,1,1
1704987900000,20240116,4420000,P,200,300,1,1
1704987900000,20240116,4740000,C,29600,30000,1,1
1704987900000,20240116,4740000,P,9500,9600,1,1
1704987900000,20240116,5060000,P,299300,303000,1,1
1704987900000,20240116,4310000,C,448400,451700,1,1
1704987900000,20240116,4310000,P,100,200,1,1
1704987900000,20240116,4630000,C,130200,131500,1,1
1704987900000,20240116,4630000,P,600,700,1,1
1704987900000,20240116,4950000,P,189400,192300,1,1
1704987900000,20240116,4520000,C,238300,242100,1,1
1704987900000,20240116,4520000,P,300,400,1,1
1704987900000,20240116,4200000,C,558300,561600,1,1
1704987900000,20240116,4200000,P,100,200,1,1
1704987900000,20240116,4840000,C,600,700,1,1
1704987900000,20240116,4840000,P,79500,82300,1,1
1704987900000,20240116,4090000,C,667700,671500,1,1
1704987900000,20240116,4410000,C,348100,351900,1,1
1704987900000,20240116,4410000,P,200,300,1,1
1704987900000,20240116,4730000,C,36800,37500,1,1
1704987900000,20240116,4730000,P,6900,7000,1,1
1704987900000,20240116,5050000,P,289300,292400,1,1
1704987900000,20240116,4300000,C,458400,461700,1,1
1704987900000,20240116,4300000,P,100,200,1,1
1704987900000,20240116,4620000,C,139600,142400,1,1
1704987900000,20240116,4620000,P,500,600,1,1
1704987900000,20240116,4940000,P,179400,182300,1,1
1704987900000,20240116,4510000,C,248300,252000,1,1
1704987900000,20240116,4510000,P,200,300,1,1
1704987900000,20240116,4190000,C,567800,571600,1,1
1704987900000,20240116,4190000,P,100,200,1,1
1704987900000,20240116,4830000,C,1000,1100,1,1
1704987900000,20240116,4830000,P,70700,71900,1,1
1704987900000,20240116,5150000,P,389200,392500,1,1
1704987900000,20240116,5250000,P,489200,492300,1,1
1704987900000,20240116,4080000,C,677700,681500,1,1
1704987900000,20240116,4400000,C,358100,361900,1,1
1704987900000,20240116,4400000,P,200,300,1,1
1704987900000,20240116,4720000,C,44900,45600,1,1
1704987900000,20240116,4720000,P,5000,5100,1,1
1704987900000,20240116,5040000,P,279300,283000,1,1
1704987900000,20240116,4290000,C,468400,471700,1,1
1704987900000,20240116,4290000,P,100,200,1,1
1704987900000,20240116,4610000,C,149500,152400,1,1
1704987900000,20240116,4610000,P,500,600,1,1
1704987900000,20240116,4930000,P,169400,172300,1,1
1704987900000,20240116,5350000,P,589100,592400,1,1
1704987900000,20240116,4500000,C,258700,262000,1,1
1704987900000,20240116,4500000,P,200,300,1,1
1704987900000,20240116,4180000,C,577800,581600,1,1
1704987900000,20240116,4180000,P,100,200,1,1
1704987900000,20240116,4820000,C,1600,1700,1,1
1704987900000,20240116,4820000,P,61300,62300,1,1
1704987900000,20240116,4070000,C,687700,691500,1,1
1704987900000,20240116,4390000,C,368100,371800,1,1
1704987900000,20240116,4390000,P,200,300,1,1
1704987900000,20240116,4710000,C,53500,54300,1,1
1704987900000,20240116,4710000,P,3600,3700,1,1
1704987900000,20240116,5450000,P,689000,692800,1,1
1704987900000,20240116,4280000,C,477900,481700,1,1
1704987900000,20240116,4280000,P,100,200,1,1
1704987900000,20240116,4600000,C,159900,161300,1,1
1704987900000,20240116,4600000,P,500,600,1,1
1704987900000,20240116,4920000,P,159400,162100,1,1
1704987900000,20240116,4170000,C,587800,591600,1,1
1704987900000,20240116,4170000,P,100,200,1,1
1704987900000,20240116,4490000,C,268700,272000,1,1
1704987900000,20240116,4490000,P,200,300,1,1
1704987900000,20240116,4810000,C,2600,2700,1,1
1704987900000,20240116,4810000,P,52200,53100,1,1
1704987900000,20240116,4060000,C,698100,701400,1,1
1704987900000,20240116,4380000,C,378500,381800,1,1
1704987900000,20240116,4380000,P,200,300,1,1
1704987900000,20240116,4700000,C,62500,63400,1,1
1704987900000,20240116,4700000,P,2700,2800,1,1
1704987900000,20240116,5020000,P,259300,262600,1,1
1704987900000,20240116,4270000,C,487900,491700,1,1
1704987900000,20240116,4270000,P,100,200,1,1
1704987900000,20240116,4590000,C,169400,172300,1,1
1704987900000,20240116,4590000,P,400,500,1,1
1704987900000,20240116,4910000,C,100,200,1,1
1704987900000,20240116,4910000,P,149400,152300,1,1
1704987900000,20240117,4160000,C,598500,602200,1,1
1704987900000,20240117,4160000,P,100,200,1,1
1704987900000,20240117,4480000,C,279500,282800,1,1
1704987900000,20240117,4480000,P,400,500,1,1
1704987900000,20240117,4800000,C,6400,6500,1,1
1704987900000,20240117,4800000,P,45500,46200,1,1
1704987900000,20240117,4050000,C,708300,712100,1,1
1704987900000,20240117,4050000,P,100,200,1,1
1704987900000,20240117,4370000,C,389600,392600,1,1
1704987900000,20240117,4370000,P,200,300,1,1
1704987900000,20240117,4690000,C,73800,74800,1,1
1704987900000,20240117,4690000,P,3300,3400,1,1
1704987900000,20240117,4580000,C,180400,183200,1,1
1704987900000,20240117,4580000,P,600,700,1,1
1704987900000,20240117,4260000,C,499400,502400,1,1
1704987900000,20240117,4260000,P,200,300,1,1
1704987900000,20240117,4900000,C,200,300,1,1
1704987900000,20240117,4900000,P,139400,142300,1,1
1704987900000,20240117,4150000,C,608900,612200,1,1
1704987900000,20240117,4150000,P,100,200,1,1
1704987900000,20240117,4470000,C,289800,292800,1,1
1704987900000,20240117,4470000,P,400,500,1,1
1704987900000,20240117,4790000,C,8900,9000,1,1
1704987900000,20240117,4790000,P,38000,38500,1,1
1704987900000,20240117,4040000,C,718300,722100,1,1
1704987900000,20240117,4040000,P,100,200,1,1
1704987900000,20240117,4360000,C,399600,402600,1,1
1704987900000,20240117,4360000,P,200,300,1,1
1704987900000,20240117,4680000,C,83100,84100,1,1
1704987900000,20240117,4680000,P,2600,2700,1,1
1704987900000,20240117,5000000,P,239300,242300,1,1
1704987900000,20240117,4570000,C,190300,193200,1,1
1704987900000,20240117,4570000,P,600,700,1,1
1704987900000,20240117,4250000,C,509400,512400,1,1
1704987900000,20240117,4250000,P,200,300,1,1
1704987900000,20240117,4890000,C,200,300,1,1
1704987900000,20240117,4890000,P,129400,132100,1,1
1704987900000,20240117,4140000,C,618500,622200,1,1
1704987900000,20240117,4140000,P,100,200,1,1
1704987900000,20240117,4460000,C,299000,302800,1,1
1704987900000,20240117,4460000,P,300,400,1,1
1704987900000,20240117,4780000,C,12200,12300,1,1
1704987900000,20240117,4780000,P,31300,31600,1,1
1704987900000,20240117,5100000,P,339300,343000,1,1
1704987900000,20240117,4030000,C,728300,732100,1,1
1704987900000,20240117,4030000,P,100,200,1,1
1704987900000,20240117,4350000,C,409200,412500,1,1
1704987900000,20240117,4350000,P,200,300,1,1
1704987900000,20240117,4670000,C,92600,93600,1,1
1704987900000,20240117,4670000,P,2100,2200,1,1
1704987900000,20240117,4990000,P,229300,232300,1,1
1704987900000,20240117,4560000,C,200300,203100,1,1
1704987900000,20240117,4560000,P,600,700,1,1
1704987900000,20240117,4240000,C,519400,522400,1,1
1704987900000,20240117,4240000,P,200,300,1,1
1704987900000,20240117,5200000,P,439200,442500,1,1
1704987900000,20240117,4880000,C,300,400,1,1
1704987900000,20240117,4880000,P,119400,122100,1,1
1704987900000,20240117,4130000,C,628400,632200,1,1
1704987900000,20240117,4130000,P,100,200,1,1
1704987900000,20240117,4450000,C,309800,312800,1,1
1704987900000,20240117,4450000,P,300,400,1,1
1704987900000,20240117,4770000,C,16300,16400,1,1
1704987900000,20240117,4770000,P,25400,25500,1,1
1704987900000,20240117,4020000,C,738300,742100,1,1
1704987900000,20240117,4020000,P,100,200,1,1
1704987900000,20240117,4340000,C,419200,422500,1,1
1704987900000,20240117,4340000,P,200,300,1,1
1704987900000,20240117,4660000,C,102200,103200,1,1
1704987900000,20240117,4660000,P,1700,1800,1,1
1704987900000,20240117,4980000,C,100,200,1,1
1704987900000,20240117,4980000,P,219300,222300,1,1
1704987900000,20240117,5300000,P,539100,542900,1,1
1704987900000,20240117,4550000,C,210200,213100,1,1
1704987900000,20240117,4550000,P,500,600,1,1
1704987900000,20240117,4230000,C,528600,532300,1,1
1704987900000,20240117,4230000,P,200,300,1,1
1704987900000,20240117,4870000,C,400,500,1,1
1704987900000,20240117,4870000,P,109400,112100,1,1
1704987900000,20240117,4120000,C,638400,642200,1,1
1704987900000,20240117,4120000,P,100,200,1,1
1704987900000,20240117,4440000,C,319400,322700,1,1
1704987900000,20240117,4440000,P,300,400,1,1
1704987900000,20240117,4760000,C,21200,21300,1,1
1704987900000,20240117,4760000,P,20200,20400,1,1
1704987900000,20240117,5080000,P,319300,323000,1,1
1704987900000,20240117,5400000,P,639100,642800,1,1
1704987900000,20240117,4330000,C,429500,432500,1,1
1704987900000,20240117,4330000,P,200,300,1,1
1704987900000,20240117,4650000,C,111900,112900,1,1
1704987900000,20240117,4650000,P,1400,1500,1,1
1704987900000,20240117,4970000,C,100,200,1,1
1704987900000,20240117,4970000,P,209300,212300,1,1
1704987900000,20240117,3900000,C,858900,861900,1,1
1704987900000,20240117,4540000,C,220200,223000,1,1
1704987900000,20240117,4540000,P,500,600,1,1
1704987900000,20240117,4220000,C,539000,542300,1,1
1704987900000,20240117,4220000,P,200,300,1,1
1704987900000,20240117,4860000,C,600,700,1,1
1704987900000,20240117,4860000,P,99400,102100,1,1
1704987900000,20240117,4110000,C,648400,652200,1,1
1704987900000,20240117,4110000,P,100,200,1,1
1704987900000,20240117,4430000,C,329800,332700,1,1
1704987900000,20240117,4430000,P,300,400,1,1
1704987900000,20240117,4750000,C,26800,27000,1,1
1704987900000,20240117,4750000,P,15900,16000,1,1
1704987900000,20240117,4320000,C,439500,442500,1,1
1704987900000,20240117,4320000,P,200,300,1,1
1704987900000,20240117,4000000,C,759000,762000,1,1
1704987900000,20240117,4000000,P,100,200,1,1
1704987900000,20240117,4640000,C,121600,122700,1,1
1704987900000,20240117,4640000,P,1200,1300,1,1
1704987900000,20240117,4960000,C,100,200,1,1
1704987900000,20240117,4960000,P,199400,202300,1,1
1704987900000,20240117,4530000,C,230200,233000,1,1
1704987900000,20240117,4530000,P,500,600,1,1
1704987900000,20240117,4210000,C,549000,552300,1,1
1704987900000,20240117,4210000,P,200,300,1,1
1704987900000,20240117,4850000,C,900,1000,1,1
1704987900000,20240117,4850000,P,89400,92300,1,1
1704987900000,20240117,4100000,C,658400,662200,1,1
1704987900000,20240117,4100000,P,100,200,1,1
1704987900000,20240117,4420000,C,339700,342700,1,1
1704987900000,20240117,4420000,P,300,400,1,1
1704987900000,20240117,4740000,C,33200,33500,1,1
1704987900000,20240117,4740000,P,12300,12400,1,1
1704987900000,20240117,5060000,P,299300,303000,1,1
1704987900000,20240117,4310000,C,449500,452500,1,1
1704987900000,20240117,4310000,P,200,300,1,1
1704987900000,20240117,4630000,C,131400,132600,1,1
1704987900000,20240117,4630000,P,1100,1200,1,1
1704987900000,20240117,4950000,C,100,200,1,1
1704987900000,20240117,4950000,P,189400,192300,1,1
1704987900000,20240117,4520000,C,240000,243000,1,1
1704987900000,20240117,4520000,P,400,500,1,1
1704987900000,20240117,4200000,C,558500,562300,1,1
1704987900000,20240117,4200000,P,100,200,1,1
1704987900000,20240117,4840000,C,1400,1500,1,1
1704987900000,20240117,4840000,P,80800,82000,1,1
1704987900000,20240117,4090000,C,668400,672200,1,1
1704987900000,20240117,4090000,P,100,200,1,1
1704987900000,20240117,4410000,C,349700,352700,1,1
1704987900000,20240117,4410000,P,300,400,1,1
1704987900000,20240117,4730000,C,40200,40700,1,1
1704987900000,20240117,4730000,P,9500,9600,1,1
1704987900000,20240117,5050000,P,289300,293000,1,1
1704987900000,20240117,4300000,C,459300,462500,1,1
1704987900000,20240117,4300000,P,200,300,1,1
1704987900000,20240117,4620000,C,141300,142500,1,1
1704987900000,20240117,4620000,P,900,1000,1,1
1704987900000,20240117,4940000,C,100,200,1,1
1704987900000,20240117,4940000,P,179400,182300,1,1
1704987900000,20240117,4510000,C,249200,252900,1,1
1704987900000,20240117,4510000,P,400,500,1,1
1704987900000,20240117,4190000,C,568500,572300,1,1
1704987900000,20240117,4190000,P,100,200,1,1
1704987900000,20240117,4830000,C,2100,2200,1,1
1704987900000,20240117,4830000,P,71400,72400,1,1
1704987900000,20240117,5150000,P,389200,392500,1,1
1704987900000,20240117,5250000,P,489200,492900,1,1
1704987900000,20240117,4080000,C,678800,682100,1,1
1704987900000,20240117,4080000,P,100,200,1,1
1704987900000,20240117,4400000,C,359300,362600,1,1
1704987900000,20240117,4400000,P,300,400,1,1
1704987900000,20240117,4720000,C,48000,48600,1,1
1704987900000,20240117,4720000,P,7300,7400,1,1
1704987900000,20240117,5040000,P,279300,283000,1,1
1704987900000,20240117,4290000,C,469100,472400,1,1
1704987900000,20240117,4290000,P,200,300,1,1
1704987900000,20240117,4610000,C,151000,152400,1,1
1704987900000,20240117,4610000,P,800,900,1,1
1704987900000,20240117,4930000,C,100,200,1,1
1704987900000,20240117,4930000,P,169400,172300,1,1
1704987900000,20240117,5350000,P,589100,592400,1,1
1704987900000,20240117,4500000,C,259200,262900,1,1
1704987900000,20240117,4500000,P,400,500,1,1
1704987900000,20240117,4180000,C,578500,582300,1,1
1704987900000,20240117,4180000,P,100,200,1,1
1704987900000,20240117,4820000,C,3100,3200,1,1
1704987900000,20240117,4820000,P,62300,63300,1,1
1704987900000,20240117,4070000,C,688400,692100,1,1
1704987900000,20240117,4070000,P,100,200,1,1
1704987900000,20240117,4390000,C,369600,372600,1,1
1704987900000,20240117,4390000,P,300,400,1,1
1704987900000,20240117,4710000,C,56200,56900,1,1
1704987900000,20240117,4710000,P,5500,5600,1,1
1704987900000,20240117,5450000,P,689000,692800,1,1
1704987900000,20240117,4280000,C,479100,482400,1,1
1704987900000,20240117,4280000,P,200,300,1,1
1704987900000,20240117,4600000,C,160500,163400,1,1
1704987900000,20240117,4600000,P,800,900,1,1
1704987900000,20240117,4920000,C,100,200,1,1
1704987900000,20240117,4920000,P,159400,162300,1,1
1704987900000,20240117,4170000,C,588500,592300,1,1
1704987900000,20240117,4170000,P,100,200,1,1
1704987900000,20240117,4490000,C,269100,272900,1,1
1704987900000,20240117,4490000,P,400,500,1,1
1704987900000,20240117,4810000,C,4500,4600,1,1
1704987900000,20240117,4810000,P,53600,54500,1,1
1704987900000,20240117,4060000,C,698800,702100,1,1
1704987900000,20240117,4060000,P,100,200,1,1
1704987900000,20240117,4380000,C,379600,382600,1,1
1704987900000,20240117,4380000,P,300,400,1,1
1704987900000,20240117,4700000,C,64800,65700,1,1
1704987900000,20240117,4700000,P,4300,4400,1,1
1704987900000,20240117,5020000,P,259300,262600,1,1
1704987900000,20240117,4270000,C,489400,492400,1,1
1704987900000,20240117,4270000,P,200,300,1,1
1704987900000,20240117,4590000,C,170500,173300,1,1
1704987900000,20240117,4590000,P,700,800,1,1
1704987900000,20240117,4910000,C,100,200,1,1
1704987900000,20240117,4910000,P,149400,152300,1,1
1704987900000,20240118,4160000,C,600900,604200,1,1
1704987900000,20240118,4160000,P,200,300,1,1
1704987900000,20240118,4480000,C,281400,285100,1,1
1704987900000,20240118,4480000,P,600,700,1,1
1704987900000,20240118,4800000,C,9200,9300,1,1
1704987900000,20240118,4800000,P,47000,47600,1,1
1704987900000,20240118,5120000,P,359300,363000,1,1
1704987900000,20240118,4050000,C,710700,714000,1,1
1704987900000,20240118,4050000,P,200,300,1,1
1704987900000,20240118,4370000,C,391400,394700,1,1
1704987900000,20240118,4370000,P,400,500,1,1
1704987900000,20240118,4690000,C,77500,78400,1,1
1704987900000,20240118,4690000,P,4800,4900,1,1
1704987900000,20240118,4580000,C,182900,185700,1,1
1704987900000,20240118,4580000,P,1000,1100,1,1
1704987900000,20240118,4260000,C,500700,504500,1,1
1704987900000,20240118,4260000,P,300,400,1,1
1704987900000,20240118,4900000,C,400,500,1,1
1704987900000,20240118,4900000,P,139400,141700,1,1
1704987900000,20240118,4150000,C,610900,614200,1,1
1704987900000,20240118,4150000,P,200,300,1,1
1704987900000,20240118,4470000,C,291800,295100,1,1
1704987900000,20240118,4470000,P,600,700,1,1
1704987900000,20240118,4790000,C,12200,12300,1,1
1704987900000,20240118,4790000,P,39800,40300,1,1
1704987900000,20240118,4040000,C,720200,724000,1,1
1704987900000,20240118,4040000,P,100,200,1,1
1704987900000,20240118,4360000,C,401400,404700,1,1
1704987900000,20240118,4360000,P,400,500,1,1
1704987900000,20240118,4680000,C,86600,87500,1,1
1704987900000,20240118,4680000,P,3900,4000,1,1
1704987900000,20240118,5000000,C,100,200,1,1
1704987900000,20240118,5000000,P,239300,242300,1,1
1704987900000,20240118,4570000,C,192800,195700,1,1
1704987900000,20240118,4570000,P,900,1000,1,1
1704987900000,20240118,4250000,C,511100,514400,1,1
1704987900000,20240118,4250000,P,300,400,1,1
1704987900000,20240118,4890000,C,500,600,1,1
1704987900000,20240118,4890000,P,129400,131700,1,1
1704987900000,20240118,4140000,C,620400,624200,1,1
1704987900000,20240118,4140000,P,200,300,1,1
1704987900000,20240118,4460000,C,301300,305100,1,1
1704987900000,20240118,4460000,P,500,600,1,1
1704987900000,20240118,4780000,C,15900,16000,1,1
1704987900000,20240118,4780000,P,33300,33600,1,1
1704987900000,20240118,5100000,P,339300,343000,1,1
1704987900000,20240118,4030000,C,730200,734000,1,1
1704987900000,20240118,4030000,P,100,200,1,1
1704987900000,20240118,4350000,C,410900,414700,1,1
1704987900000,20240118,4350000,P,300,400,1,1
1704987900000,20240118,4670000,C,95800,96900,1,1
1704987900000,20240118,4670000,P,3200,3300,1,1
1704987900000,20240118,4990000,C,100,200,1,1
1704987900000,20240118,4990000,P,229300,232300,1,1
1704987900000,20240118,4560000,C,202700,205600,1,1
1704987900000,20240118,4560000,P,900,1000,1,1
1704987900000,20240118,4240000,C,520700,524400,1,1
1704987900000,20240118,4240000,P,300,400,1,1
1704987900000,20240118,5200000,P,439200,442900,1,1
1704987900000,20240118,4880000,C,700,800,1,1
1704987900000,20240118,4880000,P,119400,121700,1,1
1704987900000,20240118,4130000,C,630400,634200,1,1
1704987900000,20240118,4130000,P,200,300,1,1
1704987900000,20240118,4450000,C,311700,315000,1,1
1704987900000,20240118,4450000,P,500,600,1,1
1704987900000,20240118,4770000,C,20200,20400,1,1
1704987900000,20240118,4770000,P,27600,27700,1,1
1704987900000,20240118,4020000,C,740600,744000,1,1
1704987900000,20240118,4020000,P,100,200,1,1
1704987900000,20240118,4340000,C,420900,424700,1,1
1704987900000,20240118,4340000,P,300,400,1,1
1704987900000,20240118,4660000,C,105300,106400,1,1
1704987900000,20240118,4660000,P,2700,2800,1,1
1704987900000,20240118,4980000,C,100,200,1,1
1704987900000,20240118,4980000,P,219300,222300,1,1
1704987900000,20240118,5300000,P,539100,542300,1,1
1704987900000,20240118,4550000,C,212700,215500,1,1
1704987900000,20240118,4550000,P,800,900,1,1
1704987900000,20240118,4230000,C,530600,534400,1,1
1704987900000,20240118,4230000,P,300,400,1,1
1704987900000,20240118,4870000,C,900,1000,1,1
1704987900000,20240118,4870000,P,109400,111700,1,1
1704987900000,20240118,4120000,C,640400,644200,1,1
1704987900000,20240118,4120000,P,200,300,1,1
1704987900000,20240118,4440000,C,321200,325000,1,1
1704987900000,20240118,4440000,P,500,600,1,1
1704987900000,20240118,4760000,C,25300,25500,1,1
1704987900000,20240118,4760000,P,22500,22700,1,1
1704987900000,20240118,5080000,P,319300,323000,1,1
1704987900000,20240118,5400000,P,639100,642800,1,1
1704987900000,20240118,4330000,C,431300,434600,1,1
1704987900000,20240118,4330000,P,300,400,1,1
1704987900000,20240118,4650000,C,114800,116000,1,1
1704987900000,20240118,4650000,P,2300,2400,1,1
1704987900000,20240118,4970000,C,100,200,1,1
1704987900000,20240118,4970000,P,209300,212300,1,1
1704987900000,20240118,3900000,C,859900,863700,1,1
1704987900000,20240118,3900000,P,100,200,1,1
1704987900000,20240118,4540000,C,222600,225500,1,1
1704987900000,20240118,4540000,P,800,900,1,1
1704987900000,20240118,4220000,C,540600,544400,1,1
1704987900000,20240118,4220000,P,300,400,1,1
1704987900000,20240118,4860000,C,1300,1400,1,1
1704987900000,20240118,4860000,P,99500,103100,1,1
1704987900000,20240118,5180000,P,419200,422200,1,1
1704987900000,20240118,4110000,C,650800,654100,1,1
1704987900000,20240118,4110000,P,200,300,1,1
1704987900000,20240118,4430000,C,331600,334900,1,1
1704987900000,20240118,4430000,P,500,600,1,1
1704987900000,20240118,4750000,C,31100,31300,1,1
1704987900000,20240118,4750000,P,18200,18400,1,1
1704987900000,20240118,4320000,C,440900,444600,1,1
1704987900000,20240118,4320000,P,300,400,1,1
1704987900000,20240118,4000000,C,760600,763900,1,1
1704987900000,20240118,4000000,P,100,200,1,1
1704987900000,20240118,4640000,C,124500,125600,1,1
1704987900000,20240118,4640000,P,2000,2100,1,1
1704987900000,20240118,4960000,C,100,200,1,1
1704987900000,20240118,4960000,P,199400,202300,1,1
1704987900000,20240118,4530000,C,232500,235400,1,1
1704987900000,20240118,4530000,P,700,800,1,1
1704987900000,20240118,4210000,C,551000,554300,1,1
1704987900000,20240118,4210000,P,200,300,1,1
1704987900000,20240118,4850000,C,1800,1900,1,1
1704987900000,20240118,4850000,P,90700,91900,1,1
1704987900000,20240118,4100000,C,660800,664100,1,1
1704987900000,20240118,4100000,P,200,300,1,1
1704987900000,20240118,4420000,C,341200,344900,1,1
1704987900000,20240118,4420000,P,500,600,1,1
1704987900000,20240118,4740000,C,37500,37900,1,1
1704987900000,20240118,4740000,P,14600,14700,1,1
1704987900000,20240118,5060000,P,299300,302100,1,1
1704987900000,20240118,4310000,C,450800,454600,1,1
1704987900000,20240118,4310000,P,300,400,1,1
1704987900000,20240118,4630000,C,134200,135400,1,1
1704987900000,20240118,4630000,P,1700,1800,1,1
1704987900000,20240118,4950000,C,100,200,1,1
1704987900000,20240118,4950000,P,189400,192300,1,1
1704987900000,20240118,4520000,C,242000,245300,1,1
1704987900000,20240118,4520000,P,700,800,1,1
1704987900000,20240118,4200000,C,561000,564300,1,1
1704987900000,20240118,4200000,P,200,300,1,1
1704987900000,20240118,4840000,C,2600,2700,1,1
1704987900000,20240118,4840000,P,81200,82300,1,1
1704987900000,20240118,5160000,P,399200,402300,1,1
1704987900000,20240118,4090000,C,670300,674100,1,1
1704987900000,20240118,4090000,P,200,300,1,1
1704987900000,20240118,4410000,C,351100,354900,1,1
1704987900000,20240118,4410000,P,400,500,1,1
1704987900000,20240118,4730000,C,44500,45000,1,1
1704987900000,20240118,4730000,P,11700,11800,1,1
1704987900000,20240118,5050000,P,289300,292100,1,1
1704987900000,20240118,4300000,C,460800,464600,1,1
1704987900000,20240118,4300000,P,300,400,1,1
1704987900000,20240118,4620000,C,143900,145200,1,1
1704987900000,20240118,4620000,P,1500,1600,1,1
1704987900000,20240118,4940000,C,200,300,1,1
1704987900000,20240118,4940000,P,179400,182300,1,1
1704987900000,20240118,4510000,C,252000,255300,1,1
1704987900000,20240118,4510000,P,700,800,1,1
1704987900000,20240118,4190000,C,571000,574300,1,1
1704987900000,20240118,4190000,P,200,300,1,1
1704987900000,20240118,4830000,C,3600,3700,1,1
1704987900000,20240118,4830000,P,72000,73000,1,1
1704987900000,20240118,5150000,P,389200,392500,1,1
1704987900000,20240118,5250000,P,489200,492900,1,1
1704987900000,20240118,4400000,C,361500,364800,1,1
1704987900000,20240118,4400000,P,400,500,1,1
1704987900000,20240118,4080000,C,680300,684100,1,1
1704987900000,20240118,4080000,P,200,300,1,1
1704987900000,20240118,4720000,C,52200,52700,1,1
1704987900000,20240118,4720000,P,9300,9400,1,1
1704987900000,20240118,5040000,C,100,200,1,1
1704987900000,20240118,5040000,P,279300,282300,1,1
1704987900000,20240118,4290000,C,471200,474500,1,1
1704987900000,20240118,4290000,P,300,400,1,1
1704987900000,20240118,4610000,C,153800,155000,1,1
1704987900000,20240118,4610000,P,1300,1400,1,1
1704987900000,20240118,4930000,C,200,300,1,1
1704987900000,20240118,4930000,P,169400,172300,1,1
1704987900000,20240118,5350000,P,589100,592300,1,1
1704987900000,20240118,4500000,C,262900,264200,1,1
1704987900000,20240118,4500000,P,600,700,1,1
1704987900000,20240118,4180000,C,580500,584300,1,1
1704987900000,20240118,4180000,P,200,300,1,1
1704987900000,20240118,4820000,C,5000,5100,1,1
1704987900000,20240118,4820000,P,63200,64100,1,1
1704987900000,20240118,5140000,P,379200,383000,1,1
1704987900000,20240118,4070000,C,690300,694100,1,1
1704987900000,20240118,4070000,P,200,300,1,1
1704987900000,20240118,4390000,C,371100,374800,1,1
1704987900000,20240118,4390000,P,400,500,1,1
1704987900000,20240118,4710000,C,60200,60900,1,1
1704987900000,20240118,4710000,P,7400,7500,1,1
1704987900000,20240118,5450000,P,689000,692800,1,1
1704987900000,20240118,4280000,C,480700,484500,1,1
1704987900000,20240118,4280000,P,300,400,1,1
1704987900000,20240118,4600000,C,163500,164900,1,1
1704987900000,20240118,4600000,P,1200,1300,1,1
1704987900000,20240118,4920000,C,200,300,1,1
1704987900000,20240118,4920000,P,159400,162300,1,1
1704987900000,20240118,4170000,C,590500,594300,1,1
1704987900000,20240118,4170000,P,200,300,1,1
1704987900000,20240118,4490000,C,271900,275200,1,1
1704987900000,20240118,4490000,P,600,700,1,1
1704987900000,20240118,4810000,C,6900,7000,1,1
1704987900000,20240118,4810000,P,54800,55600,1,1
1704987900000,20240118,4060000,C,700700,704000,1,1
1704987900000,20240118,4060000,P,200,300,1,1
1704987900000,20240118,4380000,C,381000,384800,1,1
1704987900000,20240118,4380000,P,400,500,1,1
1704987900000,20240118,4700000,C,68700,69500,1,1
1704987900000,20240118,4700000,P,5900,6000,1,1
1704987900000,20240118,5020000,C,100,200,1,1
1704987900000,20240118,5020000,P,259300,262300,1,1
1704987900000,20240118,4270000,C,490700,494500,1,1
1704987900000,20240118,4270000,P,300,400,1,1
1704987900000,20240118,4590000,C,173500,174800,1,1
1704987900000,20240118,4590000,P,1100,1200,1,1
1704987900000,20240118,4910000,C,300,400,1,1
1704987900000,20240118,4910000,P,149400,152300,1,1
1704987900000,20240119,3200000,C,1559300,1563400,1,1
1704987900000,20240119,3840000,C,920500,924400,1,1
1704987900000,20240119,3840000,P,100,200,1,1
1704987900000,20240119,4480000,C,282300,286100,1,1
1704987900000,20240119,4480000,P,800,900,1,1
1704987900000,20240119,5120000,P,358900,363000,1,1
1704987900000,20240119,6400000,P,1638300,1642200,1,1
1704987900000,20240119,4050000,C,710900,714800,1,1
1704987900000,20240119,4050000,P,200,300,1,1
1704987900000,20240119,4690000,C,79600,80500,1,1
1704987900000,20240119,4690000,P,6200,6300,1,1
1704987900000,20240119,5750000,P,988800,992600,1,1
1704987900000,20240119,3620000,C,1140000,1144200,1,1
1704987900000,20240119,4260000,C,501500,505400,1,1
1704987900000,20240119,4260000,P,400,500,1,1
1704987900000,20240119,4900000,C,700,800,1,1
1704987900000,20240119,4900000,P,139400,143100,1,1
1704987900000,20240119,2550000,C,2208100,2212400,1,1
1704987900000,20240119,3830000,C,930500,934400,1,1
1704987900000,20240119,3830000,P,100,200,1,1
1704987900000,20240119,4470000,C,292300,296100,1,1
1704987900000,20240119,4470000,P,700,800,1,1
1704987900000,20240119,3400000,C,1359600,1363500,1,1
1704987900000,20240119,4040000,C,720900,725000,1,1
1704987900000,20240119,4040000,P,200,300,1,1
1704987900000,20240119,4680000,C,88600,89500,1,1
1704987900000,20240119,4680000,P,5200,5300,1,1
1704987900000,20240119,6600000,P,1837900,1842100,1,1
1704987900000,20240119,3610000,C,1150000,1154100,1,1
1704987900000,20240119,4250000,C,511500,515000,1,1
1704987900000,20240119,4250000,P,400,500,1,1
1704987900000,20240119,4890000,C,900,1000,1,1
1704987900000,20240119,4890000,P,129400,133100,1,1
1704987900000,20240119,5950000,P,1188400,1192500,1,1
1704987900000,20240119,1900000,C,2856900,2861300,1,1
1704987900000,20240119,3820000,C,940400,944400,1,1
1704987900000,20240119,3820000,P,100,200,1,1
1704987900000,20240119,4460000,C,302200,306000,1,1
1704987900000,20240119,4460000,P,700,800,1,1
1704987900000,20240119,5100000,C,100,200,1,1
1704987900000,20240119,5100000,P,339200,343000,1,1
1704987900000,20240119,2750000,C,2008500,2012700,1,1
1704987900000,20240119,4030000,C,730900,735000,1,1
1704987900000,20240119,4030000,P,200,300,1,1
1704987900000,20240119,4670000,C,97700,98700,1,1
1704987900000,20240119,4670000,P,4300,4400,1,1
1704987900000,20240119,3600000,C,1160000,1163900,1,1
1704987900000,20240119,4240000,C,521400,525500,1,1
1704987900000,20240119,4240000,P,400,500,1,1
1704987900000,20240119,4880000,C,1200,1300,1,1
1704987900000,20240119,4880000,P,119400,123100,1,1
1704987900000,20240119,6800000,P,2037800,2042000,1,1
1704987900000,20240119,3810000,C,950400,954500,1,1
1704987900000,20240119,3810000,P,100,200,1,1
1704987900000,20240119,4450000,C,312200,316000,1,1
1704987900000,20240119,4450000,P,700,800,1,1
1704987900000,20240119,6150000,P,1388200,1392400,1,1
1704987900000,20240119,2100000,C,2657300,2661600,1,1
1704987900000,20240119,4020000,C,740900,744800,1,1
1704987900000,20240119,4020000,P,200,300,1,1
1704987900000,20240119,4660000,C,107000,108000,1,1
1704987900000,20240119,4660000,P,3700,3800,1,1
1704987900000,20240119,5300000,P,538800,542900,1,1
1704987900000,20240119,2950000,C,1808800,1813000,1,1
1704987900000,20240119,3590000,C,1169900,1173900,1,1
1704987900000,20240119,4230000,C,531400,535200,1,1
1704987900000,20240119,4230000,P,400,500,1,1
1704987900000,20240119,4870000,C,1600,1700,1,1
1704987900000,20240119,4870000,P,109100,113100,1,1
1704987900000,20240119,3800000,C,960400,964500,1,1
1704987900000,20240119,3800000,P,100,200,1,1
1704987900000,20240119,4440000,C,322100,326000,1,1
1704987900000,20240119,4440000,P,700,800,1,1
1704987900000,20240119,5080000,C,100,200,1,1
1704987900000,20240119,5080000,P,319200,323000,1,1
1704987900000,20240119,7000000,P,2237700,2241900,1,1
1704987900000,20240119,4010000,C,750900,754700,1,1
1704987900000,20240119,4010000,P,200,300,1,1
1704987900000,20240119,4650000,C,116500,117500,1,1
1704987900000,20240119,4650000,P,3100,3200,1,1
1704987900000,20240119,6350000,P,1588300,1592300,1,1
1704987900000,20240119,2300000,C,2457600,2462000,1,1
1704987900000,20240119,3580000,C,1179900,1183900,1,1
1704987900000,20240119,4220000,C,541400,545200,1,1
1704987900000,20240119,4220000,P,300,400,1,1
1704987900000,20240119,4860000,C,2100,2200,1,1
1704987900000,20240119,4860000,P,100600,102000,1,1
1704987900000,20240119,5500000,P,738900,742800,1,1
1704987900000,20240119,3150000,C,1609200,1613300,1,1
1704987900000,20240119,3790000,C,970400,974300,1,1
1704987900000,20240119,3790000,P,100,200,1,1
1704987900000,20240119,4430000,C,332100,335900,1,1
1704987900000,20240119,4430000,P,600,700,1,1
1704987900000,20240119,4000000,C,760800,764700,1,1
1704987900000,20240119,4000000,P,200,300,1,1
1704987900000,20240119,4640000,C,126000,127100,1,1
1704987900000,20240119,4640000,P,2700,2800,1,1
1704987900000,20240119,7200000,P,2437500,2441900,1,1
1704987900000,20240119,3570000,C,1189900,1194100,1,1
1704987900000,20240119,4210000,C,551300,555200,1,1
1704987900000,20240119,4210000,P,300,400,1,1
1704987900000,20240119,4850000,C,2900,3000,1,1
1704987900000,20240119,4850000,P,91100,92400,1,1
1704987900000,20240119,6550000,P,1788000,1792100,1,1
1704987900000,20240119,2500000,C,2258000,2262300,1,1
1704987900000,20240119,3780000,C,980300,984300,1,1
1704987900000,20240119,3780000,P,100,200,1,1
1704987900000,20240119,4420000,C,342000,346100,1,1
1704987900000,20240119,4420000,P,600,700,1,1
1704987900000,20240119,5060000,C,100,200,1,1
1704987900000,20240119,5060000,P,298900,303000,1,1
1704987900000,20240119,5700000,P,938700,942600,1,1
1704987900000,20240119,3350000,C,1409500,1413700,1,1
1704987900000,20240119,3990000,C,770800,774900,1,1
1704987900000,20240119,3990000,P,200,300,1,1
1704987900000,20240119,4630000,C,135600,136800,1,1
1704987900000,20240119,4630000,P,2300,2400,1,1
1704987900000,20240119,3560000,C,1199900,1204000,1,1
1704987900000,20240119,4200000,C,561300,565400,1,1
1704987900000,20240119,4200000,P,300,400,1,1
1704987900000,20240119,4840000,C,3900,4000,1,1
1704987900000,20240119,4840000,P,81900,83000,1,1
1704987900000,20240119,1850000,C,2906800,2911200,1,1
1704987900000,20240119,3770000,C,990300,994300,1,1
1704987900000,20240119,3770000,P,100,200,1,1
1704987900000,20240119,4410000,C,352000,355800,1,1
1704987900000,20240119,4410000,P,600,700,1,1
1704987900000,20240119,5050000,C,100,200,1,1
1704987900000,20240119,5050000,P,288900,293000,1,1
1704987900000,20240119,6750000,P,1987800,1992000,1,1
1704987900000,20240119,2700000,C,2058400,2062700,1,1
1704987900000,20240119,3980000,C,780800,784900,1,1
1704987900000,20240119,3980000,P,200,300,1,1
1704987900000,20240119,4620000,C,145200,146500,1,1
1704987900000,20240119,4620000,P,2100,2200,1,1
1704987900000,20240119,5900000,P,1138600,1142500,1,1
1704987900000,20240119,3550000,C,1209900,1213800,1,1
1704987900000,20240119,4190000,C,571300,575100,1,1
1704987900000,20240119,4190000,P,300,400,1,1
1704987900000,20240119,4830000,C,5200,5300,1,1
1704987900000,20240119,4830000,P,72900,74200,1,1
1704987900000,20240119,5250000,P,489100,492900,1,1
1704987900000,20240119,3760000,C,1000300,1004400,1,1
1704987900000,20240119,3760000,P,100,200,1,1
1704987900000,20240119,4400000,C,361900,365800,1,1
1704987900000,20240119,4400000,P,600,700,1,1
1704987900000,20240119,5040000,C,100,200,1,1
1704987900000,20240119,5040000,P,279000,283000,1,1
1704987900000,20240119,2050000,C,2707200,2711600,1,1
1704987900000,20240119,3970000,C,790800,794700,1,1
1704987900000,20240119,3970000,P,200,300,1,1
1704987900000,20240119,4610000,C,154600,156300,1,1
1704987900000,20240119,4610000,P,1800,1900,1,1
1704987900000,20240119,6950000,P,2187700,2191900,1,1
1704987900000,20240119,2900000,C,1858700,1862900,1,1
1704987900000,20240119,4180000,C,581300,585100,1,1
1704987900000,20240119,4180000,P,300,400,1,1
1704987900000,20240119,4820000,C,6900,7000,1,1
1704987900000,20240119,4820000,P,64300,65500,1,1
1704987900000,20240119,6100000,P,1338500,1342400,1,1
1704987900000,20240119,3750000,C,1010300,1014200,1,1
1704987900000,20240119,3750000,P,100,200,1,1
1704987900000,20240119,4390000,C,371900,375700,1,1
1704987900000,20240119,4390000,P,500,600,1,1
1704987900000,20240119,5450000,P,688700,692800,1,1
1704987900000,20240119,3960000,C,800700,804600,1,1
1704987900000,20240119,3960000,P,200,300,1,1
1704987900000,20240119,4600000,C,164400,166100,1,1
1704987900000,20240119,4600000,P,1700,1800,1,1
1704987900000,20240119,5240000,P,479100,482900,1,1
1704987900000,20240119,2250000,C,2507600,2511900,1,1
1704987900000,20240119,4170000,C,591200,595100,1,1
1704987900000,20240119,4170000,P,300,400,1,1
1704987900000,20240119,4810000,C,9100,9200,1,1
1704987900000,20240119,4810000,P,56200,57000,1,1
1704987900000,20240119,3100000,C,1659100,1663300,1,1
1704987900000,20240119,3740000,C,1020300,1024200,1,1
1704987900000,20240119,3740000,P,100,200,1,1
1704987900000,20240119,4380000,C,381900,385700,1,1
1704987900000,20240119,4380000,P,500,600,1,1
1704987900000,20240119,5020000,C,100,200,1,1
1704987900000,20240119,5020000,P,259200,263000,1,1
1704987900000,20240119,6300000,P,1538100,1542300,1,1
1704987900000,20240119,3950000,C,810700,814800,1,1
1704987900000,20240119,3950000,P,200,300,1,1
1704987900000,20240119,4590000,C,174600,175900,1,1
1704987900000,20240119,4590000,P,1500,1600,1,1
1704987900000,20240119,5650000,P,888800,892700,1,1
1704987900000,20240119,4160000,C,601200,605300,1,1
1704987900000,20240119,4160000,P,300,400,1,1
1704987900000,20240119,4800000,C,11700,11900,1,1
1704987900000,20240119,4800000,P,48700,49300,1,1
1704987900000,20240119,2450000,C,2308000,2312200,1,1
1704987900000,20240119,3730000,C,1030200,1034200,1,1
1704987900000,20240119,3730000,P,100,200,1,1
1704987900000,20240119,4370000,C,391800,395900,1,1
1704987900000,20240119,4370000,P,500,600,1,1
1704987900000,20240119,3300000,C,1459400,1463600,1,1
1704987900000,20240119,3940000,C,820700,824800,1,1
1704987900000,20240119,3940000,P,200,300,1,1
1704987900000,20240119,4580000,C,184400,185800,1,1
1704987900000,20240119,4580000,P,1400,1500,1,1
1704987900000,20240119,5220000,P,458800,462900,1,1
1704987900000,20240119,6500000,P,1738000,1742200,1,1
1704987900000,20240119,4150000,C,611200,615000,1,1
1704987900000,20240119,4150000,P,300,400,1,1
1704987900000,20240119,4790000,C,15000,15100,1,1
1704987900000,20240119,4790000,P,41700,42200,1,1
1704987900000,20240119,5850000,P,1088700,1092600,1,1
1704987900000,20240119,1800000,C,2956700,2961200,1,1
1704987900000,20240119,3720000,C,1040200,1044400,1,1
1704987900000,20240119,3720000,P,100,200,1,1
1704987900000,20240119,4360000,C,401800,405600,1,1
1704987900000,20240119,4360000,P,500,600,1,1
1704987900000,20240119,5000000,C,100,200,1,1
1704987900000,20240119,5000000,P,239200,243000,1,1
1704987900000,20240119,2650000,C,2108300,2112500,1,1
1704987900000,20240119,3930000,C,830700,834600,1,1
1704987900000,20240119,3930000,P,200,300,1,1
1704987900000,20240119,4570000,C,194300,195700,1,1
1704987900000,20240119,4570000,P,1300,1400,1,1
1704987900000,20240119,3500000,C,1259800,1263700,1,1
1704987900000,20240119,4140000,C,621200,625000,1,1
1704987900000,20240119,4140000,P,300,400,1,1
1704987900000,20240119,4780000,C,18800,18900,1,1
1704987900000,20240119,4780000,P,35400,35700,1,1
1704987900000,20240119,6700000,P,1937800,1942100,1,1
1704987900000,20240119,3710000,C,1050200,1054300,1,1
1704987900000,20240119,3710000,P,100,200,1,1
1704987900000,20240119,4350000,C,411800,415600,1,1
1704987900000,20240119,4350000,P,500,600,1,1
1704987900000,20240119,4990000,C,100,200,1,1
1704987900000,20240119,4990000,P,229200,233000,1,1
1704987900000,20240119,6050000,P,1288500,1292400,1,1
1704987900000,20240119,2000000,C,2757100,2761600,1,1
1704987900000,20240119,3920000,C,840700,844500,1,1
1704987900000,20240119,3920000,P,200,300,1,1
1704987900000,20240119,4560000,C,204200,205600,1,1
1704987900000,20240119,4560000,P,1200,1300,1,1
1704987900000,20240119,5200000,P,439100,442900,1,1
1704987900000,20240119,2850000,C,1908700,1912900,1,1
1704987900000,20240119,4130000,C,631100,635000,1,1
1704987900000,20240119,4130000,P,300,400,1,1
1704987900000,20240119,4770000,C,23300,23400,1,1
1704987900000,20240119,4770000,P,29800,29900,1,1
1704987900000,20240119,3700000,C,1060200,1064100,1,1
1704987900000,20240119,3700000,P,100,200,1,1
1704987900000,20240119,4340000,C,421700,425800,1,1
1704987900000,20240119,4340000,P,500,600,1,1
1704987900000,20240119,4980000,C,200,300,1,1
1704987900000,20240119,4980000,P,219200,223100,1,1
1704987900000,20240119,6900000,P,2137700,2142000,1,1
1704987900000,20240119,3910000,C,850600,854600,1,1
1704987900000,20240119,3910000,P,100,200,1,1
1704987900000,20240119,4550000,C,214100,215500,1,1
1704987900000,20240119,4550000,P,1100,1200,1,1
1704987900000,20240119,6250000,P,1488400,1492300,1,1
1704987900000,20240119,2200000,C,2557500,2561800,1,1
1704987900000,20240119,4120000,C,641100,645200,1,1
1704987900000,20240119,4120000,P,300,400,1,1
1704987900000,20240119,4760000,C,28500,28600,1,1
1704987900000,20240119,4760000,P,24800,25000,1,1
1704987900000,20240119,5400000,P,639000,642800,1,1
1704987900000,20240119,3050000,C,1709000,1713200,1,1
1704987900000,20240119,3690000,C,1070200,1074100,1,1
1704987900000,20240119,3690000,P,100,200,1,1
1704987900000,20240119,4330000,C,431700,435500,1,1
1704987900000,20240119,4330000,P,500,600,1,1
1704987900000,20240119,4970000,C,200,300,1,1
1704987900000,20240119,4970000,P,209300,213100,1,1
1704987900000,20240119,3900000,C,860600,864700,1,1
1704987900000,20240119,3900000,P,100,200,1,1
1704987900000,20240119,4540000,C,224000,225400,1,1
1704987900000,20240119,4540000,P,1100,1200,1,1
1704987900000,20240119,5180000,P,419100,422900,1,1
1704987900000,20240119,7100000,P,2337600,2341900,1,1
1704987900000,20240119,4110000,C,651100,655000,1,1
1704987900000,20240119,4110000,P,300,400,1,1
1704987900000,20240119,4750000,C,34200,34400,1,1
1704987900000,20240119,4750000,P,20600,20700,1,1
1704987900000,20240119,6450000,P,1688000,1692200,1,1
1704987900000,20240119,2400000,C,2357900,2362100,1,1
1704987900000,20240119,3680000,C,1080100,1084100,1,1
1704987900000,20240119,3680000,P,100,200,1,1
1704987900000,20240119,4320000,C,441700,445500,1,1
1704987900000,20240119,4320000,P,400,500,1,1
1704987900000,20240119,4960000,C,200,300,1,1
1704987900000,20240119,4960000,P,199000,203100,1,1
1704987900000,20240119,5600000,P,838900,842700,1,1
1704987900000,20240119,3250000,C,1509400,1513500,1,1
1704987900000,20240119,3890000,C,870600,874700,1,1
1704987900000,20240119,3890000,P,100,200,1,1
1704987900000,20240119,4530000,C,233900,235300,1,1
1704987900000,20240119,4530000,P,1000,1100,1,1
1704987900000,20240119,4100000,C,661100,664900,1,1
1704987900000,20240119,4100000,P,300,400,1,1
1704987900000,20240119,4740000,C,40600,40900,1,1
1704987900000,20240119,4740000,P,16900,17000,1,1
1704987900000,20240119,3670000,C,1090100,1094300,1,1
1704987900000,20240119,3670000,P,100,200,1,1
1704987900000,20240119,4310000,C,451600,455700,1,1
1704987900000,20240119,4310000,P,400,500,1,1
1704987900000,20240119,4950000,C,200,300,1,1
1704987900000,20240119,4950000,P,189000,193100,1,1
1704987900000,20240119,6650000,P,1887900,1892100,1,1
1704987900000,20240119,2600000,C,2158200,2162400,1,1
1704987900000,20240119,3880000,C,880600,884500,1,1
1704987900000,20240119,3880000,P,100,200,1,1
1704987900000,20240119,4520000,C,243500,245200,1,1
1704987900000,20240119,4520000,P,900,1000,1,1
1704987900000,20240119,5160000,P,399100,402900,1,1
1704987900000,20240119,5800000,P,1038500,1042600,1,1
1704987900000,20240119,3450000,C,1309700,1313600,1,1
1704987900000,20240119,4090000,C,671000,674900,1,1
1704987900000,20240119,4090000,P,300,400,1,1
1704987900000,20240119,4730000,C,47500,48000,1,1
1704987900000,20240119,4730000,P,13900,14000,1,1
1704987900000,20240119,3660000,C,1100100,1104200,1,1
1704987900000,20240119,3660000,P,100,200,1,1
1704987900000,20240119,4300000,C,461600,465400,1,1
1704987900000,20240119,4300000,P,400,500,1,1
1704987900000,20240119,4940000,C,300,400,1,1
1704987900000,20240119,4940000,P,179000,183100,1,1
1704987900000,20240119,1950000,C,2807000,2811400,1,1
1704987900000,20240119,3870000,C,890500,894400,1,1
1704987900000,20240119,3870000,P,100,200,1,1
1704987900000,20240119,4510000,C,253800,255200,1,1
1704987900000,20240119,4510000,P,900,1000,1,1
1704987900000,20240119,5150000,P,389100,393000,1,1
1704987900000,20240119,6850000,P,2087800,2092000,1,1
1704987900000,20240119,2800000,C,1958600,1962800,1,1
1704987900000,20240119,4080000,C,681000,685100,1,1
1704987900000,20240119,4080000,P,200,300,1,1
1704987900000,20240119,4720000,C,55100,55500,1,1
1704987900000,20240119,4720000,P,11300,11500,1,1
1704987900000,20240119,6000000,P,1238500,1242500,1,1
1704987900000,20240119,3650000,C,1110100,1114000,1,1
1704987900000,20240119,3650000,P,100,200,1,1
1704987900000,20240119,4290000,C,471600,475400,1,1
1704987900000,20240119,4290000,P,400,500,1,1
1704987900000,20240119,4930000,C,300,400,1,1
1704987900000,20240119,4930000,P,169300,173100,1,1
1704987900000,20240119,5350000,P,589000,592800,1,1
1704987900000,20240119,3860000,C,900500,904600,1,1
1704987900000,20240119,3860000,P,100,200,1,1
1704987900000,20240119,4500000,C,263700,265100,1,1
1704987900000,20240119,4500000,P,800,900,1,1
1704987900000,20240119,5140000,P,379100,383000,1,1
1704987900000,20240119,2150000,C,2607400,2611700,1,1
1704987900000,20240119,4070000,C,691000,695100,1,1
1704987900000,20240119,4070000,P,200,300,1,1
1704987900000,20240119,4710000,C,62700,63500,1,1
1704987900000,20240119,4710000,P,9300,9400,1,1
1704987900000,20240119,7050000,P,2287600,2291900,1,1
1704987900000,20240119,3000000,C,1758900,1763100,1,1
1704987900000,20240119,3640000,C,1120100,1124000,1,1
1704987900000,20240119,3640000,P,100,200,1,1
1704987900000,20240119,4280000,C,481500,485600,1,1
1704987900000,20240119,4280000,P,400,500,1,1
1704987900000,20240119,4920000,C,400,500,1,1
1704987900000,20240119,4920000,P,159300,163100,1,1
1704987900000,20240119,6200000,P,1438400,1442400,1,1
1704987900000,20240119,3850000,C,910500,914600,1,1
1704987900000,20240119,3850000,P,100,200,1,1
1704987900000,20240119,4490000,C,273700,275100,1,1
1704987900000,20240119,4490000,P,800,900,1,1
1704987900000,20240119,5550000,P,788800,792700,1,1
1704987900000,20240119,4060000,C,701000,704900,1,1
1704987900000,20240119,4060000,P,200,300,1,1
1704987900000,20240119,4700000,C,71000,71800,1,1
1704987900000,20240119,4700000,P,7600,7700,1,1
1704987900000,20240119,2350000,C,2407800,2412000,1,1
1704987900000,20240119,3630000,C,1130000,1134000,1,1
1704987900000,20240119,4270000,C,491500,495600,1,1
1704987900000,20240119,4270000,P,400,500,1,1
1704987900000,20240119,4910000,C,500,600,1,1
1704987900000,20240119,4910000,P,149300,153100,1,1
1704987900000,20240122,4160000,C,601900,605800,1,1
1704987900000,20240122,4160000,P,400,500,1,1
1704987900000,20240122,4480000,C,283100,287000,1,1
1704987900000,20240122,4480000,P,1000,1100,1,1
1704987900000,20240122,4800000,C,14100,14300,1,1
1704987900000,20240122,4800000,P,50300,50900,1,1
1704987900000,20240122,5120000,P,358900,363000,1,1
1704987900000,20240122,4050000,C,711600,715500,1,1
1704987900000,20240122,4050000,P,300,400,1,1
1704987900000,20240122,4370000,C,392600,396500,1,1
1704987900000,20240122,4370000,P,700,800,1,1
1704987900000,20240122,4690000,C,82000,82900,1,1
1704987900000,20240122,4690000,P,7900,8000,1,1
1704987900000,20240122,4260000,C,502200,506100,1,1
1704987900000,20240122,4260000,P,500,600,1,1
1704987900000,20240122,4580000,C,184200,188100,1,1
1704987900000,20240122,4580000,P,1800,1900,1,1
1704987900000,20240122,4900000,C,1000,1100,1,1
1704987900000,20240122,4900000,P,139300,143100,1,1
1704987900000,20240122,5220000,P,459000,462900,1,1
1704987900000,20240122,4150000,C,611800,615800,1,1
1704987900000,20240122,4150000,P,300,400,1,1
1704987900000,20240122,4470000,C,293100,297000,1,1
1704987900000,20240122,4470000,P,900,1000,1,1
1704987900000,20240122,4790000,C,17600,17700,1,1
1704987900000,20240122,4790000,P,43600,44000,1,1
1704987900000,20240122,4040000,C,721500,725500,1,1
1704987900000,20240122,4040000,P,200,300,1,1
1704987900000,20240122,4360000,C,402500,406600,1,1
1704987900000,20240122,4360000,P,600,700,1,1
1704987900000,20240122,4680000,C,90700,91700,1,1
1704987900000,20240122,4680000,P,6700,6800,1,1
1704987900000,20240122,5000000,C,200,300,1,1
1704987900000,20240122,5000000,P,239200,243100,1,1
1704987900000,20240122,4250000,C,512100,516100,1,1
1704987900000,20240122,4250000,P,500,600,1,1
1704987900000,20240122,4570000,C,194000,198000,1,1
1704987900000,20240122,4570000,P,1700,1800,1,1
1704987900000,20240122,4890000,C,1300,1400,1,1
1704987900000,20240122,4890000,P,129000,133100,1,1
1704987900000,20240122,4140000,C,621800,625900,1,1
1704987900000,20240122,4140000,P,300,400,1,1
1704987900000,20240122,4460000,C,303000,306900,1,1
1704987900000,20240122,4460000,P,900,1000,1,1
1704987900000,20240122,4780000,C,21600,21800,1,1
1704987900000,20240122,4780000,P,37500,37700,1,1
1704987900000,20240122,5100000,C,100,200,1,1
1704987900000,20240122,5100000,P,338900,343000,1,1
1704987900000,20240122,4030000,C,731500,735700,1,1
1704987900000,20240122,4030000,P,200,300,1,1
1704987900000,20240122,4350000,C,412500,416400,1,1
1704987900000,20240122,4350000,P,600,700,1,1
1704987900000,20240122,4670000,C,99700,100700,1,1
1704987900000,20240122,4670000,P,5700,5800,1,1
1704987900000,20240122,4990000,C,200,300,1,1
1704987900000,20240122,4990000,P,229200,233100,1,1
1704987900000,20240122,4240000,C,522100,526200,1,1
1704987900000,20240122,4240000,P,500,600,1,1
1704987900000,20240122,4560000,C,203900,207900,1,1
1704987900000,20240122,4560000,P,1500,1600,1,1
1704987900000,20240122,5200000,P,439100,442900,1,1
1704987900000,20240122,4880000,C,1700,1800,1,1
1704987900000,20240122,4880000,P,119300,123100,1,1
1704987900000,20240122,4130000,C,631800,635700,1,1
1704987900000,20240122,4130000,P,300,400,1,1
1704987900000,20240122,4450000,C,313000,316900,1,1
1704987900000,20240122,4450000,P,900,1000,1,1
1704987900000,20240122,4770000,C,26300,26400,1,1
1704987900000,20240122,4770000,P,32000,32200,1,1
1704987900000,20240122,4020000,C,741500,745600,1,1
1704987900000,20240122,4020000,P,200,300,1,1
1704987900000,20240122,4340000,C,422500,426300,1,1
1704987900000,20240122,4340000,P,600,700,1,1
1704987900000,20240122,4660000,C,108800,109900,1,1
1704987900000,20240122,4660000,P,4800,4900,1,1
1704987900000,20240122,4980000,C,200,300,1,1
1704987900000,20240122,4980000,P,219000,223100,1,1
1704987900000,20240122,5300000,P,538800,542900,1,1
1704987900000,20240122,4230000,C,532100,536000,1,1
1704987900000,20240122,4230000,P,400,500,1,1
1704987900000,20240122,4550000,C,213700,217800,1,1
1704987900000,20240122,4550000,P,1400,1500,1,1
1704987900000,20240122,4870000,C,2300,2400,1,1
1704987900000,20240122,4870000,P,109200,113100,1,1
1704987900000,20240122,4120000,C,641800,645700,1,1
1704987900000,20240122,4120000,P,300,400,1,1
1704987900000,20240122,4440000,C,322900,326700,1,1
1704987900000,20240122,4440000,P,800,900,1,1
1704987900000,20240122,4760000,C,31500,31700,1,1
1704987900000,20240122,4760000,P,27200,27300,1,1
1704987900000,20240122,5080000,C,100,200,1,1
1704987900000,20240122,5080000,P,319200,323000,1,1
1704987900000,20240122,5400000,P,638900,642800,1,1
1704987900000,20240122,4330000,C,432400,436500,1,1
1704987900000,20240122,4330000,P,600,700,1,1
1704987900000,20240122,4650000,C,118100,119300,1,1
1704987900000,20240122,4650000,P,4200,4300,1,1
1704987900000,20240122,4970000,C,200,300,1,1
1704987900000,20240122,4970000,P,209000,213100,1,1
1704987900000,20240122,4220000,C,542000,546000,1,1
1704987900000,20240122,4220000,P,400,500,1,1
1704987900000,20240122,4540000,C,223600,227700,1,1
1704987900000,20240122,4540000,P,1300,1400,1,1
1704987900000,20240122,4860000,C,3000,3100,1,1
1704987900000,20240122,4860000,P,100900,102600,1,1
1704987900000,20240122,5180000,P,419100,422900,1,1
1704987900000,20240122,4110000,C,651700,655700,1,1
1704987900000,20240122,4110000,P,300,400,1,1
1704987900000,20240122,4430000,C,332900,336700,1,1
1704987900000,20240122,4430000,P,800,900,1,1
1704987900000,20240122,4750000,C,37300,37600,1,1
1704987900000,20240122,4750000,P,22900,23100,1,1
1704987900000,20240122,4320000,C,442400,446300,1,1
1704987900000,20240122,4320000,P,600,700,1,1
1704987900000,20240122,4640000,C,127500,128700,1,1
1704987900000,20240122,4640000,P,3600,3700,1,1
1704987900000,20240122,4960000,C,300,400,1,1
1704987900000,20240122,4960000,P,199000,203100,1,1
1704987900000,20240122,4210000,C,552000,556100,1,1
1704987900000,20240122,4210000,P,400,500,1,1
1704987900000,20240122,4530000,C,233500,237600,1,1
1704987900000,20240122,4530000,P,1300,1400,1,1
1704987900000,20240122,4850000,C,4000,4100,1,1
1704987900000,20240122,4850000,P,91600,92800,1,1
1704987900000,20240122,4100000,C,661700,665800,1,1
1704987900000,20240122,4100000,P,300,400,1,1
1704987900000,20240122,4420000,C,342800,346600,1,1
1704987900000,20240122,4420000,P,800,900,1,1
1704987900000,20240122,4740000,C,43700,44000,1,1
1704987900000,20240122,4740000,P,19300,19400,1,1
1704987900000,20240122,5060000,C,100,200,1,1
1704987900000,20240122,5060000,P,299200,303000,1,1
1704987900000,20240122,4310000,C,452300,456300,1,1
1704987900000,20240122,4310000,P,600,700,1,1
1704987900000,20240122,4630000,C,137000,138300,1,1
1704987900000,20240122,4630000,P,3200,3300,1,1
1704987900000,20240122,4950000,C,300,400,1,1
1704987900000,20240122,4950000,P,189000,193100,1,1
1704987900000,20240122,4200000,C,562000,565900,1,1
1704987900000,20240122,4200000,P,400,500,1,1
1704987900000,20240122,4520000,C,243500,247200,1,1
1704987900000,20240122,4520000,P,1200,1300,1,1
1704987900000,20240122,4840000,C,5300,5400,1,1
1704987900000,20240122,4840000,P,82500,83600,1,1
1704987900000,20240122,5160000,P,399100,403000,1,1
1704987900000,20240122,4090000,C,671700,675600,1,1
1704987900000,20240122,4090000,P,300,400,1,1
1704987900000,20240122,4410000,C,352800,356700,1,1
1704987900000,20240122,4410000,P,800,900,1,1
1704987900000,20240122,4730000,C,50500,51000,1,1
1704987900000,20240122,4730000,P,16100,16300,1,1
1704987900000,20240122,5050000,C,100,200,1,1
1704987900000,20240122,5050000,P,289200,293000,1,1
1704987900000,20240122,4300000,C,462300,466400,1,1
1704987900000,20240122,4300000,P,500,600,1,1
1704987900000,20240122,4620000,C,146600,147900,1,1
1704987900000,20240122,4620000,P,2800,2900,1,1
1704987900000,20240122,4940000,C,400,500,1,1
1704987900000,20240122,4940000,P,179300,183100,1,1
1704987900000,20240122,4190000,C,572000,575800,1,1
1704987900000,20240122,4190000,P,400,500,1,1
1704987900000,20240122,4510000,C,253300,257200,1,1
1704987900000,20240122,4510000,P,1100,1200,1,1
1704987900000,20240122,4830000,C,6800,6900,1,1
1704987900000,20240122,4830000,P,73800,74800,1,1
1704987900000,20240122,5150000,P,389100,393000,1,1
1704987900000,20240122,5250000,P,488800,492900,1,1
1704987900000,20240122,4400000,C,362700,366500,1,1
1704987900000,20240122,4400000,P,700,800,1,1
1704987900000,20240122,4080000,C,681700,685600,1,1
1704987900000,20240122,4080000,P,300,400,1,1
1704987900000,20240122,4720000,C,57800,58400,1,1
1704987900000,20240122,4720000,P,13500,13600,1,1
1704987900000,20240122,5040000,C,100,200,1,1
1704987900000,20240122,5040000,P,279200,283000,1,1
1704987900000,20240122,4290000,C,472300,476200,1,1
1704987900000,20240122,4290000,P,500,600,1,1
1704987900000,20240122,4610000,C,156300,157600,1,1
1704987900000,20240122,4610000,P,2500,2600,1,1
1704987900000,20240122,4930000,C,500,600,1,1
1704987900000,20240122,4930000,P,169300,173100,1,1
1704987900000,20240122,5350000,P,589000,592800,1,1
1704987900000,20240122,4500000,C,263300,267200,1,1
1704987900000,20240122,4500000,P,1100,1200,1,1
1704987900000,20240122,4180000,C,581900,586000,1,1
1704987900000,20240122,4180000,P,400,500,1,1
1704987900000,20240122,4820000,C,8800,8900,1,1
1704987900000,20240122,4820000,P,65400,66300,1,1
1704987900000,20240122,5140000,P,378900,383000,1,1
1704987900000,20240122,4070000,C,691600,695800,1,1
1704987900000,20240122,4070000,P,300,400,1,1
1704987900000,20240122,4390000,C,372700,376500,1,1
1704987900000,20240122,4390000,P,700,800,1,1
1704987900000,20240122,4710000,C,65500,66200,1,1
1704987900000,20240122,4710000,P,11300,11400,1,1
1704987900000,20240122,5450000,P,689000,692800,1,1
1704987900000,20240122,4280000,C,482200,486200,1,1
1704987900000,20240122,4280000,P,500,600,1,1
1704987900000,20240122,4600000,C,166000,167300,1,1
1704987900000,20240122,4600000,P,2200,2300,1,1
1704987900000,20240122,4920000,C,600,700,1,1
1704987900000,20240122,4920000,P,159300,163100,1,1
1704987900000,20240122,5240000,P,478800,482900,1,1
1704987900000,20240122,4170000,C,591900,596000,1,1
1704987900000,20240122,4170000,P,400,500,1,1
1704987900000,20240122,4490000,C,273200,277100,1,1
1704987900000,20240122,4490000,P,1000,1100,1,1
1704987900000,20240122,4810000,C,11200,11300,1,1
1704987900000,20240122,4810000,P,57600,58300,1,1
1704987900000,20240122,4060000,C,701600,705700,1,1
1704987900000,20240122,4060000,P,300,400,1,1
1704987900000,20240122,4380000,C,382600,386700,1,1
1704987900000,20240122,4380000,P,700,800,1,1
1704987900000,20240122,4700000,C,73600,74400,1,1
1704987900000,20240122,4700000,P,9400,9600,1,1
1704987900000,20240122,5020000,C,100,200,1,1
1704987900000,20240122,5020000,P,259200,263000,1,1
1704987900000,20240122,4270000,C,492200,496300,1,1
1704987900000,20240122,4270000,P,500,600,1,1
1704987900000,20240122,4590000,C,174400,178200,1,1
1704987900000,20240122,4590000,P,2000,2100,1,1
1704987900000,20240122,4910000,C,800,900,1,1
1704987900000,20240122,4910000,P,149300,153100,1,1
1704987900000,20240123,4160000,C,602600,606500,1,1
1704987900000,20240123,4160000,P,500,600,1,1
1704987900000,20240123,4480000,C,284000,287800,1,1
1704987900000,20240123,4480000,P,1200,1300,1,1
1704987900000,20240123,4800000,C,16200,16300,1,1
1704987900000,20240123,4800000,P,51500,52200,1,1
1704987900000,20240123,5120000,P,359200,363000,1,1
1704987900000,20240123,4050000,C,712200,716200,1,1
1704987900000,20240123,4050000,P,300,400,1,1
1704987900000,20240123,4370000,C,393400,397500,1,1
1704987900000,20240123,4370000,P,800,900,1,1
1704987900000,20240123,4690000,C,83900,85000,1,1
1704987900000,20240123,4690000,P,9300,9400,1,1
1704987900000,20240123,4260000,C,502900,506800,1,1
1704987900000,20240123,4260000,P,600,700,1,1
1704987900000,20240123,4580000,C,185300,189100,1,1
1704987900000,20240123,4580000,P,2200,2300,1,1
1704987900000,20240123,4900000,C,1400,1500,1,1
1704987900000,20240123,4900000,P,139200,143100,1,1
1704987900000,20240123,5220000,P,459000,462900,1,1
1704987900000,20240123,4150000,C,612500,616700,1,1
1704987900000,20240123,4150000,P,400,500,1,1
1704987900000,20240123,4470000,C,293900,298000,1,1
1704987900000,20240123,4470000,P,1100,1200,1,1
1704987900000,20240123,4790000,C,19800,20000,1,1
1704987900000,20240123,4790000,P,45100,45500,1,1
1704987900000,20240123,4040000,C,722200,726400,1,1
1704987900000,20240123,4040000,P,300,400,1,1
1704987900000,20240123,4360000,C,403300,407400,1,1
1704987900000,20240123,4360000,P,800,900,1,1
1704987900000,20240123,4680000,C,92700,93700,1,1
1704987900000,20240123,4680000,P,7900,8000,1,1
1704987900000,20240123,5000000,C,200,300,1,1
1704987900000,20240123,5000000,P,239200,243100,1,1
1704987900000,20240123,4250000,C,512900,516800,1,1
1704987900000,20240123,4250000,P,600,700,1,1
1704987900000,20240123,4570000,C,195000,198900,1,1
1704987900000,20240123,4570000,P,2100,2200,1,1
1704987900000,20240123,4890000,C,1800,1900,1,1
1704987900000,20240123,4890000,P,129200,133100,1,1
1704987900000,20240123,4140000,C,622500,626400,1,1
1704987900000,20240123,4140000,P,400,500,1,1
1704987900000,20240123,4460000,C,303900,307900,1,1
1704987900000,20240123,4460000,P,1100,1200,1,1
1704987900000,20240123,4780000,C,24000,24100,1,1
1704987900000,20240123,4780000,P,39100,39400,1,1
1704987900000,20240123,5100000,C,100,200,1,1
1704987900000,20240123,5100000,P,339200,343000,1,1
1704987900000,20240123,4030000,C,732200,736100,1,1
1704987900000,20240123,4030000,P,300,400,1,1
1704987900000,20240123,4350000,C,413200,417200,1,1
1704987900000,20240123,4350000,P,700,800,1,1
1704987900000,20240123,4670000,C,101500,102600,1,1
1704987900000,20240123,4670000,P,6800,6900,1,1
1704987900000,20240123,4990000,C,200,300,1,1
1704987900000,20240123,4990000,P,229200,233100,1,1
1704987900000,20240123,4240000,C,522800,527000,1,1
1704987900000,20240123,4240000,P,600,700,1,1
1704987900000,20240123,4560000,C,204900,208600,1,1
1704987900000,20240123,4560000,P,1900,2000,1,1
1704987900000,20240123,5200000,P,439000,442900,1,1
1704987900000,20240123,4880000,C,2300,2400,1,1
1704987900000,20240123,4880000,P,119200,123100,1,1
1704987900000,20240123,4130000,C,632500,636400,1,1
1704987900000,20240123,4130000,P,400,500,1,1
1704987900000,20240123,4450000,C,313800,317900,1,1
1704987900000,20240123,4450000,P,1000,1100,1,1
1704987900000,20240123,4770000,C,28700,28900,1,1
1704987900000,20240123,4770000,P,33800,33900,1,1
1704987900000,20240123,4020000,C,742100,746100,1,1
1704987900000,20240123,4020000,P,300,400,1,1
1704987900000,20240123,4340000,C,423200,427100,1,1
1704987900000,20240123,4340000,P,700,800,1,1
1704987900000,20240123,4660000,C,110300,111600,1,1
1704987900000,20240123,4660000,P,5800,5900,1,1
1704987900000,20240123,4980000,C,200,300,1,1
1704987900000,20240123,4980000,P,219000,223100,1,1
1704987900000,20240123,5300000,P,538800,542900,1,1
1704987900000,20240123,4230000,C,532800,536700,1,1
1704987900000,20240123,4230000,P,500,600,1,1
1704987900000,20240123,4550000,C,214700,218500,1,1
1704987900000,20240123,4550000,P,1700,1800,1,1
1704987900000,20240123,4870000,C,3000,3100,1,1
1704987900000,20240123,4870000,P,110700,112100,1,1
1704987900000,20240123,4120000,C,642400,646400,1,1
1704987900000,20240123,4120000,P,400,500,1,1
1704987900000,20240123,4440000,C,323700,327800,1,1
1704987900000,20240123,4440000,P,1000,1100,1,1
1704987900000,20240123,4760000,C,34000,34200,1,1
1704987900000,20240123,4760000,P,29000,29100,1,1
1704987900000,20240123,5080000,C,100,200,1,1
1704987900000,20240123,5080000,P,319200,323000,1,1
1704987900000,20240123,5400000,P,638900,642800,1,1
1704987900000,20240123,4330000,C,433200,437100,1,1
1704987900000,20240123,4330000,P,700,800,1,1
1704987900000,20240123,4650000,C,119700,120900,1,1
1704987900000,20240123,4650000,P,5100,5200,1,1
1704987900000,20240123,4970000,C,300,400,1,1
1704987900000,20240123,4970000,P,209000,213100,1,1
1704987900000,20240123,4220000,C,542700,546700,1,1
1704987900000,20240123,4220000,P,500,600,1,1
1704987900000,20240123,4540000,C,224600,228600,1,1
1704987900000,20240123,4540000,P,1600,1700,1,1
1704987900000,20240123,4860000,C,3900,4000,1,1
1704987900000,20240123,4860000,P,101200,102500,1,1
1704987900000,20240123,5180000,P,419100,423000,1,1
1704987900000,20240123,4110000,C,652400,656600,1,1
1704987900000,20240123,4110000,P,400,500,1,1
1704987900000,20240123,4430000,C,333700,337800,1,1
1704987900000,20240123,4430000,P,1000,1100,1,1
1704987900000,20240123,4750000,C,39900,40100,1,1
1704987900000,20240123,4750000,P,24700,24900,1,1
1704987900000,20240123,4320000,C,443100,447200,1,1
1704987900000,20240123,4320000,P,700,800,1,1
1704987900000,20240123,4640000,C,129000,130200,1,1
1704987900000,20240123,4640000,P,4400,4500,1,1
1704987900000,20240123,4960000,C,300,400,1,1
1704987900000,20240123,4960000,P,199000,203100,1,1
1704987900000,20240123,4210000,C,552700,556900,1,1
1704987900000,20240123,4210000,P,500,600,1,1
1704987900000,20240123,4530000,C,234400,238500,1,1
1704987900000,20240123,4530000,P,1500,1600,1,1
1704987900000,20240123,4850000,C,5000,5200,1,1
1704987900000,20240123,4850000,P,92000,93200,1,1
1704987900000,20240123,4100000,C,662400,666300,1,1
1704987900000,20240123,4100000,P,400,500,1,1
1704987900000,20240123,4420000,C,343600,347700,1,1
1704987900000,20240123,4420000,P,900,1000,1,1
1704987900000,20240123,4740000,C,46200,46500,1,1
1704987900000,20240123,4740000,P,21100,21200,1,1
1704987900000,20240123,5060000,C,100,200,1,1
1704987900000,20240123,5060000,P,299100,303000,1,1
1704987900000,20240123,4310000,C,453100,457000,1,1
1704987900000,20240123,4310000,P,700,800,1,1
1704987900000,20240123,4630000,C,138100,139700,1,1
1704987900000,20240123,4630000,P,3900,4000,1,1
1704987900000,20240123,4950000,C,400,500,1,1
1704987900000,20240123,4950000,P,189300,193100,1,1
1704987900000,20240123,4200000,C,562700,566600,1,1
1704987900000,20240123,4200000,P,500,600,1,1
1704987900000,20240123,4520000,C,244300,248400,1,1
1704987900000,20240123,4520000,P,1400,1500,1,1
1704987900000,20240123,4840000,C,6500,6600,1,1
1704987900000,20240123,4840000,P,83100,84200,1,1
1704987900000,20240123,5160000,P,399100,403000,1,1
1704987900000,20240123,4090000,C,672300,676300,1,1
1704987900000,20240123,4090000,P,400,500,1,1
1704987900000,20240123,4410000,C,353500,357700,1,1
1704987900000,20240123,4410000,P,900,1000,1,1
1704987900000,20240123,4730000,C,53000,53400,1,1
1704987900000,20240123,4730000,P,17900,18000,1,1
1704987900000,20240123,5050000,C,100,200,1,1
1704987900000,20240123,5050000,P,289200,293000,1,1
1704987900000,20240123,4300000,C,463000,467000,1,1
1704987900000,20240123,4300000,P,600,700,1,1
1704987900000,20240123,4620000,C,148000,149200,1,1
1704987900000,20240123,4620000,P,3400,3500,1,1
1704987900000,20240123,4940000,C,500,600,1,1
1704987900000,20240123,4940000,P,179300,183100,1,1
1704987900000,20240123,4190000,C,572600,576600,1,1
1704987900000,20240123,4190000,P,500,600,1,1
1704987900000,20240123,4510000,C,254200,258300,1,1
1704987900000,20240123,4510000,P,1400,1500,1,1
1704987900000,20240123,4830000,C,8300,8400,1,1
1704987900000,20240123,4830000,P,74500,75500,1,1
1704987900000,20240123,5150000,P,388900,393000,1,1
1704987900000,20240123,5250000,P,489100,492900,1,1
1704987900000,20240123,4400000,C,363500,367600,1,1
1704987900000,20240123,4400000,P,900,1000,1,1
1704987900000,20240123,4080000,C,682300,686500,1,1
1704987900000,20240123,4080000,P,400,500,1,1
1704987900000,20240123,4720000,C,60200,60800,1,1
1704987900000,20240123,4720000,P,15200,15300,1,1
1704987900000,20240123,5040000,C,100,200,1,1
1704987900000,20240123,5040000,P,279100,283000,1,1
1704987900000,20240123,4290000,C,473000,476900,1,1
1704987900000,20240123,4290000,P,600,700,1,1
1704987900000,20240123,4610000,C,157600,158800,1,1
1704987900000,20240123,4610000,P,3000,3100,1,1
1704987900000,20240123,4930000,C,700,800,1,1
1704987900000,20240123,4930000,P,169300,173100,1,1
1704987900000,20240123,5350000,P,588900,592900,1,1
1704987900000,20240123,4500000,C,264200,268200,1,1
1704987900000,20240123,4500000,P,1300,1400,1,1
1704987900000,20240123,4180000,C,582600,586800,1,1
1704987900000,20240123,4180000,P,500,600,1,1
1704987900000,20240123,4820000,C,10400,10600,1,1
1704987900000,20240123,4820000,P,66400,67200,1,1
1704987900000,20240123,5140000,P,378900,383000,1,1
1704987900000,20240123,4070000,C,692300,696200,1,1
1704987900000,20240123,4070000,P,400,500,1,1
1704987900000,20240123,4390000,C,373400,377600,1,1
1704987900000,20240123,4390000,P,800,900,1,1
1704987900000,20240123,4710000,C,67900,68500,1,1
1704987900000,20240123,4710000,P,12900,13000,1,1
1704987900000,20240123,5450000,P,688700,692800,1,1
1704987900000,20240123,4280000,C,483000,486900,1,1
1704987900000,20240123,4280000,P,600,700,1,1
1704987900000,20240123,4600000,C,167200,168500,1,1
1704987900000,20240123,4600000,P,2700,2800,1,1
1704987900000,20240123,4920000,C,800,900,1,1
1704987900000,20240123,4920000,P,159300,163100,1,1
1704987900000,20240123,5240000,P,479000,482900,1,1
1704987900000,20240123,4170000,C,592600,596500,1,1
1704987900000,20240123,4170000,P,500,600,1,1
1704987900000,20240123,4490000,C,274000,278100,1,1
1704987900000,20240123,4490000,P,1200,1300,1,1
1704987900000,20240123,4810000,C,13100,13200,1,1
1704987900000,20240123,4810000,P,58800,59400,1,1
1704987900000,20240123,4060000,C,702300,706200,1,1
1704987900000,20240123,4060000,P,300,400,1,1
1704987900000,20240123,4380000,C,383400,387500,1,1
1704987900000,20240123,4380000,P,800,900,1,1
1704987900000,20240123,4700000,C,75800,76600,1,1
1704987900000,20240123,4700000,P,10900,11100,1,1
1704987900000,20240123,5020000,C,100,200,1,1
1704987900000,20240123,5020000,P,259200,263000,1,1
1704987900000,20240123,4270000,C,492900,497100,1,1
1704987900000,20240123,4270000,P,600,700,1,1
1704987900000,20240123,4590000,C,176900,178200,1,1
1704987900000,20240123,4590000,P,2500,2600,1,1
1704987900000,20240123,4910000,C,1100,1200,1,1
1704987900000,20240123,4910000,P,149300,153100,1,1
1704987900000,20240124,4160000,C,603300,607200,1,1
1704987900000,20240124,4160000,P,500,600,1,1
1704987900000,20240124,4480000,C,284800,288900,1,1
1704987900000,20240124,4480000,P,1400,1500,1,1
1704987900000,20240124,4800000,C,18300,18400,1,1
1704987900000,20240124,4800000,P,53000,53500,1,1
1704987900000,20240124,4050000,C,712900,717100,1,1
1704987900000,20240124,4050000,P,400,500,1,1
1704987900000,20240124,4370000,C,394100,398200,1,1
1704987900000,20240124,4370000,P,900,1000,1,1
1704987900000,20240124,4690000,C,86400,87200,1,1
1704987900000,20240124,4690000,P,10800,10900,1,1
1704987900000,20240124,4260000,C,503600,507800,1,1
1704987900000,20240124,4260000,P,700,800,1,1
1704987900000,20240124,4580000,C,186500,190300,1,1
1704987900000,20240124,4580000,P,2700,2800,1,1
1704987900000,20240124,4900000,C,1800,1900,1,1
1704987900000,20240124,4900000,P,139200,143100,1,1
1704987900000,20240124,4150000,C,613200,617200,1,1
1704987900000,20240124,4150000,P,500,600,1,1
1704987900000,20240124,4470000,C,294800,298900,1,1
1704987900000,20240124,4470000,P,1300,1400,1,1
1704987900000,20240124,4790000,C,22100,22200,1,1
1704987900000,20240124,4790000,P,46600,47000,1,1
1704987900000,20240124,4040000,C,722900,727100,1,1
1704987900000,20240124,4040000,P,400,500,1,1
1704987900000,20240124,4360000,C,404100,408200,1,1
1704987900000,20240124,4360000,P,900,1000,1,1
1704987900000,20240124,4680000,C,94800,95700,1,1
1704987900000,20240124,4680000,P,9300,9400,1,1
1704987900000,20240124,5000000,C,200,300,1,1
1704987900000,20240124,5000000,P,239200,243100,1,1
1704987900000,20240124,4250000,C,513600,517700,1,1
1704987900000,20240124,4250000,P,600,700,1,1
1704987900000,20240124,4570000,C,196200,199900,1,1
1704987900000,20240124,4570000,P,2500,2600,1,1
1704987900000,20240124,4890000,C,2300,2400,1,1
1704987900000,20240124,4890000,P,129200,133100,1,1
1704987900000,20240124,4140000,C,623200,627100,1,1
1704987900000,20240124,4140000,P,500,600,1,1
1704987900000,20240124,4460000,C,304700,308800,1,1
1704987900000,20240124,4460000,P,1200,1300,1,1
1704987900000,20240124,4780000,C,26400,26500,1,1
1704987900000,20240124,4780000,P,40800,41000,1,1
1704987900000,20240124,5100000,C,100,200,1,1
1704987900000,20240124,5100000,P,339200,343000,1,1
1704987900000,20240124,4350000,C,414000,418100,1,1
1704987900000,20240124,4350000,P,800,900,1,1
1704987900000,20240124,4670000,C,103500,104500,1,1
1704987900000,20240124,4670000,P,8000,8100,1,1
1704987900000,20240124,4990000,C,300,400,1,1
1704987900000,20240124,4990000,P,229200,233100,1,1
1704987900000,20240124,4240000,C,523600,527700,1,1
1704987900000,20240124,4240000,P,600,700,1,1
1704987900000,20240124,4560000,C,205900,209800,1,1
1704987900000,20240124,4560000,P,2200,2300,1,1
1704987900000,20240124,5200000,P,439000,442900,1,1
1704987900000,20240124,4880000,C,3000,3100,1,1
1704987900000,20240124,4880000,P,119300,123100,1,1
1704987900000,20240124,4130000,C,633200,637100,1,1
1704987900000,20240124,4130000,P,500,600,1,1
1704987900000,20240124,4450000,C,314700,318500,1,1
1704987900000,20240124,4450000,P,1200,1300,1,1
1704987900000,20240124,4770000,C,31200,31400,1,1
1704987900000,20240124,4770000,P,35600,35700,1,1
1704987900000,20240124,4340000,C,424000,428100,1,1
1704987900000,20240124,4340000,P,800,900,1,1
1704987900000,20240124,4660000,C,112400,113400,1,1
1704987900000,20240124,4660000,P,7000,7100,1,1
1704987900000,20240124,4980000,C,300,400,1,1
1704987900000,20240124,4980000,P,219000,223100,1,1
1704987900000,20240124,5300000,P,538800,542900,1,1
1704987900000,20240124,4230000,C,533500,537600,1,1
1704987900000,20240124,4230000,P,600,700,1,1
1704987900000,20240124,4550000,C,215700,219700,1,1
1704987900000,20240124,4550000,P,2100,2200,1,1
1704987900000,20240124,4870000,C,3800,3900,1,1
1704987900000,20240124,4870000,P,110900,112600,1,1
1704987900000,20240124,4120000,C,643200,647300,1,1
1704987900000,20240124,4120000,P,500,600,1,1
1704987900000,20240124,4440000,C,324500,328600,1,1
1704987900000,20240124,4440000,P,1200,1300,1,1
1704987900000,20240124,4760000,C,36600,36800,1,1
1704987900000,20240124,4760000,P,30800,31000,1,1
1704987900000,20240124,5400000,P,638900,642800,1,1
1704987900000,20240124,4330000,C,433900,438100,1,1
1704987900000,20240124,4330000,P,800,900,1,1
1704987900000,20240124,4650000,C,121500,122600,1,1
1704987900000,20240124,4650000,P,6100,6200,1,1
1704987900000,20240124,4970000,C,400,500,1,1
1704987900000,20240124,4970000,P,209000,213100,1,1
1704987900000,20240124,4220000,C,543500,547600,1,1
1704987900000,20240124,4220000,P,600,700,1,1
1704987900000,20240124,4540000,C,225600,229600,1,1
1704987900000,20240124,4540000,P,1900,2000,1,1
1704987900000,20240124,4860000,C,4900,5000,1,1
1704987900000,20240124,4860000,P,101600,102800,1,1
1704987900000,20240124,4110000,C,653100,657000,1,1
1704987900000,20240124,4110000,P,500,600,1,1
1704987900000,20240124,4430000,C,334500,338600,1,1
1704987900000,20240124,4430000,P,1100,1200,1,1
1704987900000,20240124,4750000,C,42500,42700,1,1
1704987900000,20240124,4750000,P,26600,26800,1,1
1704987900000,20240124,4320000,C,443900,448000,1,1
1704987900000,20240124,4320000,P,800,900,1,1
1704987900000,20240124,4640000,C,130700,131800,1,1
1704987900000,20240124,4640000,P,5300,5400,1,1
1704987900000,20240124,4960000,C,500,600,1,1
1704987900000,20240124,4960000,P,199000,203100,1,1
1704987900000,20240124,4210000,C,553500,557600,1,1
1704987900000,20240124,4210000,P,600,700,1,1
1704987900000,20240124,4530000,C,235400,239400,1,1
1704987900000,20240124,4530000,P,1800,1900,1,1
1704987900000,20240124,4850000,C,6200,6300,1,1
1704987900000,20240124,4850000,P,92500,94000,1,1
1704987900000,20240124,4100000,C,663100,667200,1,1
1704987900000,20240124,4100000,P,400,500,1,1
1704987900000,20240124,4420000,C,344500,348300,1,1
1704987900000,20240124,4420000,P,1100,1200,1,1
1704987900000,20240124,4740000,C,48800,49100,1,1
1704987900000,20240124,4740000,P,23000,23100,1,1
1704987900000,20240124,5060000,C,100,200,1,1
1704987900000,20240124,5060000,P,299100,303000,1,1
1704987900000,20240124,4310000,C,453900,458000,1,1
1704987900000,20240124,4310000,P,800,900,1,1
1704987900000,20240124,4630000,C,140000,141200,1,1
1704987900000,20240124,4630000,P,4700,4800,1,1
1704987900000,20240124,4950000,C,600,700,1,1
1704987900000,20240124,4950000,P,189300,193100,1,1
1704987900000,20240124,4200000,C,563400,567300,1,1
1704987900000,20240124,4200000,P,600,700,1,1
1704987900000,20240124,4520000,C,245300,249100,1,1
1704987900000,20240124,4520000,P,1700,1800,1,1
1704987900000,20240124,4840000,C,7800,8000,1,1
1704987900000,20240124,4840000,P,83700,85000,1,1
1704987900000,20240124,4090000,C,673100,677200,1,1
1704987900000,20240124,4090000,P,400,500,1,1
1704987900000,20240124,4410000,C,354400,358500,1,1
1704987900000,20240124,4410000,P,1000,1100,1,1
1704987900000,20240124,4730000,C,55400,56100,1,1
1704987900000,20240124,4730000,P,19800,19900,1,1
1704987900000,20240124,5050000,C,100,200,1,1
1704987900000,20240124,5050000,P,289200,293000,1,1
1704987900000,20240124,4300000,C,463800,467700,1,1
1704987900000,20240124,4300000,P,700,800,1,1
1704987900000,20240124,4620000,C,149400,150600,1,1
1704987900000,20240124,4620000,P,4200,4300,1,1
1704987900000,20240124,4940000,C,700,800,1,1
1704987900000,20240124,4940000,P,179300,183100,1,1
1704987900000,20240124,4190000,C,573400,577500,1,1
1704987900000,20240124,4190000,P,600,700,1,1
1704987900000,20240124,4510000,C,255200,259000,1,1
1704987900000,20240124,4510000,P,1600,1700,1,1
1704987900000,20240124,4830000,C,9800,9900,1,1
1704987900000,20240124,4830000,P,75400,76300,1,1
1704987900000,20240124,5150000,C,100,200,1,1
1704987900000,20240124,5150000,P,388900,393000,1,1
1704987900000,20240124,5250000,P,489100,492900,1,1
1704987900000,20240124,4400000,C,364300,368400,1,1
1704987900000,20240124,4400000,P,1000,1100,1,1
1704987900000,20240124,4080000,C,683000,687100,1,1
1704987900000,20240124,4080000,P,400,500,1,1
1704987900000,20240124,4720000,C,62700,63400,1,1
1704987900000,20240124,4720000,P,17000,17100,1,1
1704987900000,20240124,5040000,C,100,200,1,1
1704987900000,20240124,5040000,P,279100,283000,1,1
1704987900000,20240124,4290000,C,473800,477900,1,1
1704987900000,20240124,4290000,P,700,800,1,1
1704987900000,20240124,4610000,C,158600,160200,1,1
1704987900000,20240124,4610000,P,3700,3800,1,1
1704987900000,20240124,4930000,C,900,1000,1,1
1704987900000,20240124,4930000,P,169300,173100,1,1
1704987900000,20240124,5350000,P,588900,592900,1,1
1704987900000,20240124,4500000,C,265100,269100,1,1
1704987900000,20240124,4500000,P,1500,1600,1,1
1704987900000,20240124,4180000,C,583300,587300,1,1
1704987900000,20240124,4180000,P,500,600,1,1
1704987900000,20240124,4820000,C,12200,12300,1,1
1704987900000,20240124,4820000,P,67400,68200,1,1
1704987900000,20240124,4070000,C,693000,697100,1,1
1704987900000,20240124,4070000,P,400,500,1,1
1704987900000,20240124,4390000,C,374200,378400,1,1
1704987900000,20240124,4390000,P,1000,1100,1,1
1704987900000,20240124,4710000,C,70300,70900,1,1
1704987900000,20240124,4710000,P,14600,14700,1,1
1704987900000,20240124,5450000,P,688700,692800,1,1
1704987900000,20240124,4280000,C,483700,487800,1,1
1704987900000,20240124,4280000,P,700,800,1,1
1704987900000,20240124,4600000,C,168500,169800,1,1
1704987900000,20240124,4600000,P,3300,3400,1,1
1704987900000,20240124,4920000,C,1100,1200,1,1
1704987900000,20240124,4920000,P,159300,163100,1,1
1704987900000,20240124,4170000,C,593300,597200,1,1
1704987900000,20240124,4170000,P,500,600,1,1
1704987900000,20240124,4490000,C,275000,278800,1,1
1704987900000,20240124,4490000,P,1400,1500,1,1
1704987900000,20240124,4810000,C,15000,15100,1,1
1704987900000,20240124,4810000,P,60000,60600,1,1
1704987900000,20240124,4060000,C,703000,707100,1,1
1704987900000,20240124,4060000,P,400,500,1,1
1704987900000,20240124,4380000,C,384200,388300,1,1
1704987900000,20240124,4380000,P,900,1000,1,1
1704987900000,20240124,4700000,C,78200,78900,1,1
1704987900000,20240124,4700000,P,12500,12700,1,1
1704987900000,20240124,5020000,C,200,300,1,1
1704987900000,20240124,5020000,P,259200,263000,1,1
1704987900000,20240124,4270000,C,493700,497800,1,1
1704987900000,20240124,4270000,P,700,800,1,1
1704987900000,20240124,4590000,C,178200,179500,1,1
1704987900000,20240124,4590000,P,3000,3100,1,1
1704987900000,20240124,4910000,C,1400,1500,1,1
1704987900000,20240124,4910000,P,149300,153100,1,1
1704987900000,20240125,4800000,C,21000,21200,1,1
1704987900000,20240125,4800000,P,54300,54800,1,1
1704987900000,20240125,4690000,C,89500,90600,1,1
1704987900000,20240125,4690000,P,12100,12300,1,1
1704987900000,20240125,4900000,C,2500,2600,1,1
1704987900000,20240125,4900000,P,139200,143100,1,1
1704987900000,20240125,4790000,C,25000,25200,1,1
1704987900000,20240125,4790000,P,48100,48400,1,1
1704987900000,20240125,4680000,C,97900,99000,1,1
1704987900000,20240125,4680000,P,10600,10700,1,1
1704987900000,20240125,5000000,C,300,400,1,1
1704987900000,20240125,5000000,P,238900,243100,1,1
1704987900000,20240125,4780000,C,29500,29700,1,1
1704987900000,20240125,4780000,P,42400,42500,1,1
1704987900000,20240125,5100000,C,100,200,1,1
1704987900000,20240125,5100000,P,339100,343000,1,1
1704987900000,20240125,4670000,C,106800,107700,1,1
1704987900000,20240125,4670000,P,9200,9300,1,1
1704987900000,20240125,5200000,P,439000,443000,1,1
1704987900000,20240125,4770000,C,34500,34700,1,1
1704987900000,20240125,4770000,P,37200,37300,1,1
1704987900000,20240125,4660000,C,115600,116600,1,1
1704987900000,20240125,4660000,P,8100,8200,1,1
1704987900000,20240125,5300000,P,538800,542900,1,1
1704987900000,20240125,4760000,C,40000,40200,1,1
1704987900000,20240125,4760000,P,32500,32600,1,1
1704987900000,20240125,4650000,C,124600,125600,1,1
1704987900000,20240125,4650000,P,7100,7200,1,1
1704987900000,20240125,4750000,C,45900,46200,1,1
1704987900000,20240125,4750000,P,28300,28500,1,1
1704987900000,20240125,4640000,C,133700,134800,1,1
1704987900000,20240125,4640000,P,6200,6400,1,1
1704987900000,20240125,4740000,C,52300,52600,1,1
1704987900000,20240125,4740000,P,24600,24800,1,1
1704987900000,20240125,4840000,C,9600,9700,1,1
1704987900000,20240125,4840000,P,84400,85400,1,1
1704987900000,20240125,4730000,C,58900,59500,1,1
1704987900000,20240125,4730000,P,21400,21500,1,1
1704987900000,20240125,4300000,C,465900,470000,1,1
1704987900000,20240125,4300000,P,900,1000,1,1
1704987900000,20240125,4830000,C,11800,12000,1,1
1704987900000,20240125,4830000,P,76100,77000,1,1
1704987900000,20240125,4400000,C,366500,370600,1,1
1704987900000,20240125,4400000,P,1100,1200,1,1
1704987900000,20240125,4720000,C,66200,66900,1,1
1704987900000,20240125,4720000,P,18600,18700,1,1
1704987900000,20240125,4500000,C,267400,271400,1,1
1704987900000,20240125,4500000,P,1800,1900,1,1
1704987900000,20240125,4820000,C,14400,14600,1,1
1704987900000,20240125,4820000,P,68400,69100,1,1
1704987900000,20240125,4710000,C,73800,74400,1,1
1704987900000,20240125,4710000,P,16100,16200,1,1
1704987900000,20240125,4600000,C,170900,172500,1,1
1704987900000,20240125,4600000,P,3900,4000,1,1
1704987900000,20240125,4810000,C,17500,17700,1,1
1704987900000,20240125,4810000,P,61100,61700,1,1
1704987900000,20240125,4700000,C,81600,82300,1,1
1704987900000,20240125,4700000,P,14000,14100,1,1
1704987900000,20240126,4480000,C,289500,290900,1,1
1704987900000,20240126,4480000,P,1800,1900,1,1
1704987900000,20240126,4800000,C,23000,23200,1,1
1704987900000,20240126,4800000,P,54900,56200,1,1
1704987900000,20240126,5120000,C,100,200,1,1
1704987900000,20240126,5120000,P,358900,363000,1,1
1704987900000,20240126,4475000,C,294400,295800,1,1
1704987900000,20240126,4475000,P,1800,1900,1,1
1704987900000,20240126,4370000,C,397100,401300,1,1
1704987900000,20240126,4370000,P,1200,1300,1,1
1704987900000,20240126,4050000,C,715600,719800,1,1
1704987900000,20240126,4050000,P,500,600,1,1
1704987900000,20240126,4690000,C,91800,92600,1,1
1704987900000,20240126,4690000,P,13400,13500,1,1
1704987900000,20240126,4580000,C,191400,193000,1,1
1704987900000,20240126,4580000,P,3700,3800,1,1
1704987900000,20240126,4900000,C,3000,3100,1,1
1704987900000,20240126,4900000,P,139200,143100,1,1
1704987900000,20240126,4575000,C,196200,197800,1,1
1704987900000,20240126,4575000,P,3600,3700,1,1
1704987900000,20240126,4150000,C,616000,620200,1,1
1704987900000,20240126,4150000,P,600,700,1,1
1704987900000,20240126,4470000,C,299000,300800,1,1
1704987900000,20240126,4470000,P,1700,1800,1,1
1704987900000,20240126,4790000,C,27100,27300,1,1
1704987900000,20240126,4790000,P,48700,50200,1,1
1704987900000,20240126,4360000,C,407100,411200,1,1
1704987900000,20240126,4360000,P,1100,1200,1,1
1704987900000,20240126,5000000,C,400,500,1,1
1704987900000,20240126,5000000,P,239100,243100,1,1
1704987900000,20240126,4680000,C,99900,101000,1,1
1704987900000,20240126,4680000,P,11800,11900,1,1
1704987900000,20240126,4675000,C,104400,105300,1,1
1704987900000,20240126,4675000,P,11000,11200,1,1
1704987900000,20240126,4250000,C,516500,520600,1,1
1704987900000,20240126,4250000,P,800,900,1,1
1704987900000,20240126,4570000,C,201400,202700,1,1
1704987900000,20240126,4570000,P,3400,3500,1,1
1704987900000,20240126,4890000,C,3800,3900,1,1
1704987900000,20240126,4890000,P,129200,133200,1,1
1704987900000,20240126,3500000,C,1263700,1267900,1,1
1704987900000,20240126,3500000,P,100,200,1,1
1704987900000,20240126,4460000,C,308900,310600,1,1
1704987900000,20240126,4460000,P,1600,1700,1,1
1704987900000,20240126,4780000,C,31700,31900,1,1
1704987900000,20240126,4780000,P,43800,44000,1,1
1704987900000,20240126,5100000,C,100,200,1,1
1704987900000,20240126,5100000,P,339100,343000,1,1
1704987900000,20240126,4350000,C,417000,421100,1,1
1704987900000,20240126,4350000,P,1100,1200,1,1
1704987900000,20240126,4670000,C,108700,109600,1,1
1704987900000,20240126,4670000,P,10400,10500,1,1
1704987900000,20240126,3600000,C,1164000,1168200,1,1
1704987900000,20240126,3600000,P,100,200,1,1
1704987900000,20240126,4560000,C,210700,212400,1,1
1704987900000,20240126,4560000,P,3100,3200,1,1
1704987900000,20240126,5200000,C,100,200,1,1
1704987900000,20240126,5200000,P,439000,443000,1,1
1704987900000,20240126,4880000,C,4800,4900,1,1
1704987900000,20240126,4880000,P,119400,123400,1,1
1704987900000,20240126,4875000,C,5300,5400,1,1
1704987900000,20240126,4875000,P,114700,118600,1,1
1704987900000,20240126,4450000,C,318800,320600,1,1
1704987900000,20240126,4450000,P,1500,1600,1,1
1704987900000,20240126,4770000,C,36800,36900,1,1
1704987900000,20240126,4770000,P,38700,38800,1,1
1704987900000,20240126,3700000,C,1064300,1068500,1,1
1704987900000,20240126,3700000,P,200,300,1,1
1704987900000,20240126,4340000,C,427000,431100,1,1
1704987900000,20240126,4340000,P,1100,1200,1,1
1704987900000,20240126,4660000,C,117400,118400,1,1
1704987900000,20240126,4660000,P,9100,9200,1,1
1704987900000,20240126,4980000,C,600,700,1,1
1704987900000,20240126,4980000,P,219000,223100,1,1
1704987900000,20240126,5300000,P,538800,542900,1,1
1704987900000,20240126,4550000,C,220800,222100,1,1
1704987900000,20240126,4550000,P,2900,3000,1,1
1704987900000,20240126,4870000,C,5900,6000,1,1
1704987900000,20240126,4870000,P,110100,113900,1,1
1704987900000,20240126,3800000,C,964700,968900,1,1
1704987900000,20240126,3800000,P,300,400,1,1
1704987900000,20240126,4440000,C,327700,331800,1,1
1704987900000,20240126,4440000,P,1500,1600,1,1
1704987900000,20240126,4760000,C,42300,42400,1,1
1704987900000,20240126,4760000,P,34000,34200,1,1
1704987900000,20240126,5080000,C,200,300,1,1
1704987900000,20240126,5080000,P,319100,323000,1,1
1704987900000,20240126,5400000,P,638900,642900,1,1
1704987900000,20240126,4330000,C,436900,441000,1,1
1704987900000,20240126,4330000,P,1000,1100,1,1
1704987900000,20240126,4650000,C,126300,127400,1,1
1704987900000,20240126,4650000,P,8100,8200,1,1
1704987900000,20240126,3900000,C,865000,869200,1,1
1704987900000,20240126,3900000,P,400,500,1,1
1704987900000,20240126,4540000,C,230500,231900,1,1
1704987900000,20240126,4540000,P,2700,2800,1,1
1704987900000,20240126,4860000,C,7300,7400,1,1
1704987900000,20240126,4860000,P,100900,104600,1,1
1704987900000,20240126,4430000,C,337600,341700,1,1
1704987900000,20240126,4430000,P,1400,1500,1,1
1704987900000,20240126,4750000,C,48200,48500,1,1
1704987900000,20240126,4750000,P,29800,30000,1,1
1704987900000,20240126,4320000,C,446800,451000,1,1
1704987900000,20240126,4320000,P,1000,1100,1,1
1704987900000,20240126,4000000,C,765400,769600,1,1
1704987900000,20240126,4000000,P,500,600,1,1
1704987900000,20240126,4640000,C,135100,136400,1,1
1704987900000,20240126,4640000,P,7100,7200,1,1
1704987900000,20240126,4960000,C,800,900,1,1
1704987900000,20240126,4960000,P,199000,203100,1,1
1704987900000,20240126,4530000,C,240300,241700,1,1
1704987900000,20240126,4530000,P,2500,2600,1,1
1704987900000,20240126,4850000,C,9000,9100,1,1
1704987900000,20240126,4850000,P,92000,95700,1,1
1704987900000,20240126,4525000,C,245200,246600,1,1
1704987900000,20240126,4525000,P,2400,2500,1,1
1704987900000,20240126,4100000,C,665800,670000,1,1
1704987900000,20240126,4100000,P,600,700,1,1
1704987900000,20240126,4420000,C,347500,351600,1,1
1704987900000,20240126,4420000,P,1400,1500,1,1
1704987900000,20240126,4740000,C,54600,54900,1,1
1704987900000,20240126,4740000,P,26200,26300,1,1
1704987900000,20240126,5060000,C,200,300,1,1
1704987900000,20240126,5060000,P,299200,303000,1,1
1704987900000,20240126,4950000,C,1000,1100,1,1
1704987900000,20240126,4950000,P,189000,193100,1,1
1704987900000,20240126,4630000,C,144500,145700,1,1
1704987900000,20240126,4630000,P,6400,6500,1,1
1704987900000,20240126,4625000,C,148800,150300,1,1
1704987900000,20240126,4625000,P,6000,6100,1,1
1704987900000,20240126,4200000,C,566200,570400,1,1
1704987900000,20240126,4200000,P,700,800,1,1
1704987900000,20240126,4520000,C,250100,251500,1,1
1704987900000,20240126,4520000,P,2300,2400,1,1
1704987900000,20240126,4840000,C,11000,11200,1,1
1704987900000,20240126,4840000,P,83600,87100,1,1
1704987900000,20240126,4410000,C,357500,361300,1,1
1704987900000,20240126,4410000,P,1300,1400,1,1
1704987900000,20240126,5050000,C,200,300,1,1
1704987900000,20240126,5050000,P,289200,293100,1,1
1704987900000,20240126,4730000,C,61200,61800,1,1
1704987900000,20240126,4730000,P,22900,23000,1,1
1704987900000,20240126,4300000,C,466700,470900,1,1
1704987900000,20240126,4300000,P,900,1000,1,1
1704987900000,20240126,4620000,C,153800,155000,1,1
1704987900000,20240126,4620000,P,5700,5800,1,1
1704987900000,20240126,4940000,C,1200,1300,1,1
1704987900000,20240126,4940000,P,179000,183100,1,1
1704987900000,20240126,3550000,C,1213800,1217900,1,1
1704987900000,20240126,3550000,P,100,200,1,1
1704987900000,20240126,4510000,C,259900,261300,1,1
1704987900000,20240126,4510000,P,2200,2300,1,1
1704987900000,20240126,5150000,C,100,200,1,1
1704987900000,20240126,5150000,P,388900,393000,1,1
1704987900000,20240126,4830000,C,13400,13500,1,1
1704987900000,20240126,4830000,P,75600,78300,1,1
1704987900000,20240126,5250000,P,489000,492900,1,1
1704987900000,20240126,4400000,C,367400,371500,1,1
1704987900000,20240126,4400000,P,1300,1400,1,1
1704987900000,20240126,4720000,C,68500,69000,1,1
1704987900000,20240126,4720000,P,20000,20200,1,1
1704987900000,20240126,5040000,C,200,300,1,1
1704987900000,20240126,5040000,P,279200,283100,1,1
1704987900000,20240126,3650000,C,1114200,1118400,1,1
1704987900000,20240126,3650000,P,200,300,1,1
1704987900000,20240126,4610000,C,163200,164400,1,1
1704987900000,20240126,4610000,P,5100,5200,1,1
1704987900000,20240126,5350000,P,588900,592900,1,1
1704987900000,20240126,4500000,C,269400,271100,1,1
1704987900000,20240126,4500000,P,2000,2100,1,1
1704987900000,20240126,4820000,C,16200,16300,1,1
1704987900000,20240126,4820000,P,68500,70400,1,1
1704987900000,20240126,5140000,C,100,200,1,1
1704987900000,20240126,5140000,P,378900,383000,1,1
1704987900000,20240126,3750000,C,1014500,1018700,1,1
1704987900000,20240126,3750000,P,200,300,1,1
1704987900000,20240126,4390000,C,377300,381400,1,1
1704987900000,20240126,4390000,P,1200,1300,1,1
1704987900000,20240126,4710000,C,76000,76700,1,1
1704987900000,20240126,4710000,P,17500,17600,1,1
1704987900000,20240126,5450000,P,688900,692800,1,1
1704987900000,20240126,4600000,C,172300,173900,1,1
1704987900000,20240126,4600000,P,4600,4700,1,1
1704987900000,20240126,4920000,C,1900,2000,1,1
1704987900000,20240126,4920000,P,159200,163100,1,1
1704987900000,20240126,3850000,C,914900,919000,1,1
1704987900000,20240126,3850000,P,300,400,1,1
1704987900000,20240126,4490000,C,279600,281000,1,1
1704987900000,20240126,4490000,P,1900,2000,1,1
1704987900000,20240126,4810000,C,19400,19500,1,1
1704987900000,20240126,4810000,P,61300,63400,1,1
1704987900000,20240126,4380000,C,387200,391300,1,1
1704987900000,20240126,4380000,P,1200,1300,1,1
1704987900000,20240126,4700000,C,83700,84400,1,1
1704987900000,20240126,4700000,P,15300,15500,1,1
1704987900000,20240126,5020000,C,300,400,1,1
1704987900000,20240126,5020000,P,259100,263100,1,1
1704987900000,20240126,3950000,C,815200,819400,1,1
1704987900000,20240126,3950000,P,400,500,1,1
1704987900000,20240126,4590000,C,182200,183400,1,1
1704987900000,20240126,4590000,P,4100,4200,1,1
1704987900000,20240126,4910000,C,2400,2500,1,1
1704987900000,20240126,4910000,P,149200,153100,1,1
1704987900000,20240131,3200000,C,1564200,1568600,1,1
1704987900000,20240131,3200000,P,100,200,1,1
1704987900000,20240131,4160000,C,608300,612500,1,1
1704987900000,20240131,4160000,P,1000,1100,1,1
1704987900000,20240131,4480000,C,292500,294200,1,1
1704987900000,20240131,4480000,P,3100,3200,1,1
1704987900000,20240131,4800000,C,31100,31200,1,1
1704987900000,20240131,4800000,P,60400,61600,1,1
1704987900000,20240131,5120000,C,200,300,1,1
1704987900000,20240131,5120000,P,359000,363100,1,1
1704987900000,20240131,4370000,C,399800,404000,1,1
1704987900000,20240131,4370000,P,1800,1900,1,1
1704987900000,20240131,4050000,C,717700,722000,1,1
1704987900000,20240131,4050000,P,800,900,1,1
1704987900000,20240131,4690000,C,99800,100500,1,1
1704987900000,20240131,4690000,P,19200,19300,1,1
1704987900000,20240131,5010000,C,800,900,1,1
1704987900000,20240131,5010000,P,248900,253100,1,1
1704987900000,20240131,3300000,C,1464600,1469000,1,1
1704987900000,20240131,3300000,P,100,200,1,1
1704987900000,20240131,4260000,C,509000,513200,1,1
1704987900000,20240131,4260000,P,1300,1400,1,1
1704987900000,20240131,4580000,C,196300,197800,1,1
1704987900000,20240131,4580000,P,6500,6600,1,1
1704987900000,20240131,4900000,C,6100,6200,1,1
1704987900000,20240131,4900000,P,139200,143200,1,1
1704987900000,20240131,5220000,C,100,200,1,1
1704987900000,20240131,5220000,P,459000,463000,1,1
1704987900000,20240131,4150000,C,618300,622500,1,1
1704987900000,20240131,4150000,P,1000,1100,1,1
1704987900000,20240131,4470000,C,302600,304000,1,1
1704987900000,20240131,4470000,P,2900,3000,1,1
1704987900000,20240131,4790000,C,35500,35700,1,1
1704987900000,20240131,4790000,P,55200,55400,1,1
1704987900000,20240131,3400000,C,1365000,1369300,1,1
1704987900000,20240131,3400000,P,100,200,1,1
1704987900000,20240131,4360000,C,409800,414000,1,1
1704987900000,20240131,4360000,P,1800,1900,1,1
1704987900000,20240131,5000000,C,1000,1100,1,1
1704987900000,20240131,5000000,P,239200,243100,1,1
1704987900000,20240131,4680000,C,107800,108600,1,1
1704987900000,20240131,4680000,P,17300,17400,1,1
1704987900000,20240131,4250000,C,518900,523100,1,1
1704987900000,20240131,4250000,P,1300,1400,1,1
1704987900000,20240131,4570000,C,206100,207300,1,1
1704987900000,20240131,4570000,P,6000,6100,1,1
1704987900000,20240131,4890000,C,7400,7500,1,1
1704987900000,20240131,4890000,P,129800,133600,1,1
1704987900000,20240131,3500000,C,1265300,1269700,1,1
1704987900000,20240131,3500000,P,200,300,1,1
1704987900000,20240131,4140000,C,628200,632400,1,1
1704987900000,20240131,4140000,P,1000,1100,1,1
1704987900000,20240131,4460000,C,312400,313800,1,1
1704987900000,20240131,4460000,P,2800,2900,1,1
1704987900000,20240131,5100000,C,200,300,1,1
1704987900000,20240131,5100000,P,339000,343000,1,1
1704987900000,20240131,4780000,C,40300,40500,1,1
1704987900000,20240131,4780000,P,49900,50000,1,1
1704987900000,20240131,4350000,C,419700,423900,1,1
1704987900000,20240131,4350000,P,1700,1800,1,1
1704987900000,20240131,4670000,C,116100,116900,1,1
1704987900000,20240131,4670000,P,15500,15700,1,1
1704987900000,20240131,4990000,C,1200,1300,1,1
1704987900000,20240131,4990000,P,229100,233100,1,1
1704987900000,20240131,3600000,C,1165700,1170000,1,1
1704987900000,20240131,3600000,P,300,400,1,1
1704987900000,20240131,4240000,C,528800,533000,1,1
1704987900000,20240131,4240000,P,1200,1300,1,1
1704987900000,20240131,4560000,C,215200,216800,1,1
1704987900000,20240131,4560000,P,5500,5600,1,1
1704987900000,20240131,5200000,C,100,200,1,1
1704987900000,20240131,5200000,P,439000,443000,1,1
1704987900000,20240131,4880000,C,8800,8900,1,1
1704987900000,20240131,4880000,P,120500,124300,1,1
1704987900000,20240131,4130000,C,638200,642400,1,1
1704987900000,20240131,4130000,P,1000,1100,1,1
1704987900000,20240131,4450000,C,321900,323600,1,1
1704987900000,20240131,4450000,P,2600,2700,1,1
1704987900000,20240131,4770000,C,45600,45700,1,1
1704987900000,20240131,4770000,P,45000,45100,1,1
1704987900000,20240131,3700000,C,1066100,1070400,1,1
1704987900000,20240131,3700000,P,300,400,1,1
1704987900000,20240131,4340000,C,429600,433800,1,1
1704987900000,20240131,4340000,P,1600,1700,1,1
1704987900000,20240131,4660000,C,124500,125400,1,1
1704987900000,20240131,4660000,P,14000,14100,1,1
1704987900000,20240131,4980000,C,1400,1500,1,1
1704987900000,20240131,4980000,P,219100,223100,1,1
1704987900000,20240131,5300000,P,538700,542900,1,1
1704987900000,20240131,4230000,C,538800,543000,1,1
1704987900000,20240131,4230000,P,1200,1300,1,1
1704987900000,20240131,4550000,C,225100,226300,1,1
1704987900000,20240131,4550000,P,5100,5200,1,1
1704987900000,20240131,4870000,C,10500,10600,1,1
1704987900000,20240131,4870000,P,111600,115400,1,1
1704987900000,20240131,3800000,C,966600,970800,1,1
1704987900000,20240131,3800000,P,400,500,1,1
1704987900000,20240131,4120000,C,648100,652300,1,1
1704987900000,20240131,4120000,P,900,1000,1,1
1704987900000,20240131,4440000,C,332100,333500,1,1
1704987900000,20240131,4440000,P,2500,2600,1,1
1704987900000,20240131,4760000,C,51200,51300,1,1
1704987900000,20240131,4760000,P,40500,40600,1,1
1704987900000,20240131,5080000,C,300,400,1,1
1704987900000,20240131,5080000,P,319100,323000,1,1
1704987900000,20240131,5400000,P,638700,642900,1,1
1704987900000,20240131,4330000,C,439500,443700,1,1
1704987900000,20240131,4330000,P,1600,1700,1,1
1704987900000,20240131,4650000,C,133100,134000,1,1
1704987900000,20240131,4650000,P,12700,12800,1,1
1704987900000,20240131,4970000,C,1700,1800,1,1
1704987900000,20240131,4970000,P,209100,213100,1,1
1704987900000,20240131,3900000,C,867200,871300,1,1
1704987900000,20240131,3900000,P,600,700,1,1
1704987900000,20240131,4220000,C,548700,552900,1,1
1704987900000,20240131,4220000,P,1200,1300,1,1
1704987900000,20240131,4540000,C,234700,235900,1,1
1704987900000,20240131,4540000,P,4700,4800,1,1
1704987900000,20240131,4860000,C,12400,12500,1,1
1704987900000,20240131,4860000,P,104100,106600,1,1
1704987900000,20240131,5180000,C,100,200,1,1
1704987900000,20240131,5180000,P,418800,423000,1,1
1704987900000,20240131,4110000,C,658100,662300,1,1
1704987900000,20240131,4110000,P,900,1000,1,1
1704987900000,20240131,4430000,C,341900,343300,1,1
1704987900000,20240131,4430000,P,2400,2500,1,1
1704987900000,20240131,4750000,C,57200,57400,1,1
1704987900000,20240131,4750000,P,36400,36600,1,1
1704987900000,20240131,4320000,C,449400,453600,1,1
1704987900000,20240131,4320000,P,1500,1600,1,1
1704987900000,20240131,4000000,C,767500,771700,1,1
1704987900000,20240131,4000000,P,700,800,1,1
1704987900000,20240131,4640000,C,141600,142800,1,1
1704987900000,20240131,4640000,P,11500,11600,1,1
1704987900000,20240131,4960000,C,2000,2100,1,1
1704987900000,20240131,4960000,P,199100,203100,1,1
1704987900000,20240131,4210000,C,558600,562800,1,1
1704987900000,20240131,4210000,P,1100,1200,1,1
1704987900000,20240131,4530000,C,244300,245600,1,1
1704987900000,20240131,4530000,P,4400,4500,1,1
1704987900000,20240131,4850000,C,14700,14800,1,1
1704987900000,20240131,4850000,P,94700,98200,1,1
1704987900000,20240131,4100000,C,668000,672200,1,1
1704987900000,20240131,4100000,P,900,1000,1,1
1704987900000,20240131,4420000,C,351800,353200,1,1
1704987900000,20240131,4420000,P,2300,2400,1,1
1704987900000,20240131,4740000,C,63500,63800,1,1
1704987900000,20240131,4740000,P,32700,32900,1,1
1704987900000,20240131,5060000,C,400,500,1,1
1704987900000,20240131,5060000,P,299100,303100,1,1
1704987900000,20240131,3350000,C,1414800,1419100,1,1
1704987900000,20240131,3350000,P,100,200,1,1
1704987900000,20240131,4310000,C,459300,463500,1,1
1704987900000,20240131,4310000,P,1500,1600,1,1
1704987900000,20240131,4630000,C,150700,151700,1,1
1704987900000,20240131,4630000,P,10400,10500,1,1
1704987900000,20240131,4950000,C,2400,2500,1,1
1704987900000,20240131,4950000,P,189100,193100,1,1
1704987900000,20240131,4200000,C,568600,572800,1,1
1704987900000,20240131,4200000,P,1100,1200,1,1
1704987900000,20240131,4520000,C,253900,255200,1,1
1704987900000,20240131,4520000,P,4100,4200,1,1
1704987900000,20240131,4840000,C,17200,17400,1,1
1704987900000,20240131,4840000,P,87800,90200,1,1
1704987900000,20240131,5160000,C,100,200,1,1
1704987900000,20240131,5160000,P,399000,403000,1,1
1704987900000,20240131,3450000,C,1315100,1319500,1,1
1704987900000,20240131,3450000,P,200,300,1,1
1704987900000,20240131,4090000,C,678000,682200,1,1
1704987900000,20240131,4090000,P,900,1000,1,1
1704987900000,20240131,4410000,C,360300,364500,1,1
1704987900000,20240131,4410000,P,2200,2300,1,1
1704987900000,20240131,5050000,C,500,600,1,1
1704987900000,20240131,5050000,P,289100,293100,1,1
1704987900000,20240131,4730000,C,70200,70500,1,1
1704987900000,20240131,4730000,P,29400,29600,1,1
1704987900000,20240131,4300000,C,469200,473500,1,1
1704987900000,20240131,4300000,P,1400,1500,1,1
1704987900000,20240131,4620000,C,159700,160800,1,1
1704987900000,20240131,4620000,P,9400,9500,1,1
1704987900000,20240131,4940000,C,2900,3000,1,1
1704987900000,20240131,4940000,P,179100,183200,1,1
1704987900000,20240131,5260000,C,100,200,1,1
1704987900000,20240131,5260000,P,498800,502900,1,1
1704987900000,20240131,3550000,C,1215500,1219900,1,1
1704987900000,20240131,3550000,P,200,300,1,1
1704987900000,20240131,4190000,C,578500,582700,1,1
1704987900000,20240131,4190000,P,1100,1200,1,1
1704987900000,20240131,4510000,C,263600,264900,1,1
1704987900000,20240131,4510000,P,3800,3900,1,1
1704987900000,20240131,5150000,C,200,300,1,1
1704987900000,20240131,5150000,P,389000,393000,1,1
1704987900000,20240131,4830000,C,20100,20300,1,1
1704987900000,20240131,4830000,P,80200,82100,1,1
1704987900000,20240131,5250000,C,100,200,1,1
1704987900000,20240131,5250000,P,488800,492900,1,1
1704987900000,20240131,4080000,C,687900,692200,1,1
1704987900000,20240131,4080000,P,800,900,1,1
1704987900000,20240131,4400000,C,370200,374400,1,1
1704987900000,20240131,4400000,P,2000,2100,1,1
1704987900000,20240131,4720000,C,77200,77600,1,1
1704987900000,20240131,4720000,P,26400,26600,1,1
1704987900000,20240131,5040000,C,500,600,1,1
1704987900000,20240131,5040000,P,279100,283100,1,1
1704987900000,20240131,3650000,C,1115900,1120200,1,1
1704987900000,20240131,3650000,P,300,400,1,1
1704987900000,20240131,4290000,C,479200,483400,1,1
1704987900000,20240131,4290000,P,1400,1500,1,1
1704987900000,20240131,4610000,C,168800,169900,1,1
1704987900000,20240131,4610000,P,8600,8700,1,1
1704987900000,20240131,4930000,C,3500,3600,1,1
1704987900000,20240131,4930000,P,169200,173200,1,1
1704987900000,20240131,5350000,P,588700,592900,1,1
1704987900000,20240131,4180000,C,588500,592700,1,1
1704987900000,20240131,4180000,P,1100,1200,1,1
1704987900000,20240131,4500000,C,273300,274700,1,1
1704987900000,20240131,4500000,P,3500,3600,1,1
1704987900000,20240131,4820000,C,23400,23500,1,1
1704987900000,20240131,4820000,P,73200,75400,1,1
1704987900000,20240131,5140000,C,200,300,1,1
1704987900000,20240131,5140000,P,379000,383000,1,1
1704987900000,20240131,3750000,C,1016300,1020600,1,1
1704987900000,20240131,3750000,P,400,500,1,1
1704987900000,20240131,4390000,C,380100,384300,1,1
1704987900000,20240131,4390000,P,2000,2100,1,1
1704987900000,20240131,4070000,C,697800,702100,1,1
1704987900000,20240131,4070000,P,800,900,1,1
1704987900000,20240131,4710000,C,84300,85100,1,1
1704987900000,20240131,4710000,P,23700,23900,1,1
1704987900000,20240131,5450000,P,688600,692800,1,1
1704987900000,20240131,4280000,C,489100,493300,1,1
1704987900000,20240131,4280000,P,1400,1500,1,1
1704987900000,20240131,4600000,C,178000,179100,1,1
1704987900000,20240131,4600000,P,7800,7900,1,1
1704987900000,20240131,4920000,C,4200,4300,1,1
1704987900000,20240131,4920000,P,159200,163100,1,1
1704987900000,20240131,5240000,C,100,200,1,1
1704987900000,20240131,5240000,P,478800,482900,1,1
1704987900000,20240131,3850000,C,916800,921000,1,1
1704987900000,20240131,3850000,P,500,600,1,1
1704987900000,20240131,4170000,C,598400,602600,1,1
1704987900000,20240131,4170000,P,1000,1100,1,1
1704987900000,20240131,4490000,C,283100,284400,1,1
1704987900000,20240131,4490000,P,3300,3400,1,1
1704987900000,20240131,4810000,C,27000,27200,1,1
1704987900000,20240131,4810000,P,66400,68200,1,1
1704987900000,20240131,4380000,C,390000,394100,1,1
1704987900000,20240131,4380000,P,1900,2000,1,1
1704987900000,20240131,4060000,C,707800,712100,1,1
1704987900000,20240131,4060000,P,800,900,1,1
1704987900000,20240131,4700000,C,92000,92600,1,1
1704987900000,20240131,4700000,P,21300,21500,1,1
1704987900000,20240131,5020000,C,700,800,1,1
1704987900000,20240131,5020000,P,258900,263100,1,1
1704987900000,20240131,4270000,C,499100,503200,1,1
1704987900000,20240131,4270000,P,1300,1400,1,1
1704987900000,20240131,3950000,C,817300,821500,1,1
1704987900000,20240131,3950000,P,600,700,1,1
1704987900000,20240131,4590000,C,187300,188500,1,1
1704987900000,20240131,4590000,P,7100,7200,1,1
1704987900000,20240131,4910000,C,5100,5200,1,1
1704987900000,20240131,4910000,P,149200,153100,1,1
1704987900000,20240202,4480000,C,296200,297900,1,1
1704987900000,20240202,4480000,P,4000,4100,1,1
1704987900000,20240202,4800000,C,36400,36600,1,1
1704987900000,20240202,4800000,P,63300,64500,1,1
1704987900000,20240202,5120000,C,300,400,1,1
1704987900000,20240202,5120000,P,358800,363000,1,1
1704987900000,20240202,4050000,C,720400,724700,1,1
1704987900000,20240202,4050000,P,1000,1100,1,1
1704987900000,20240202,4690000,C,105600,106400,1,1
1704987900000,20240202,4690000,P,22400,22500,1,1
1704987900000,20240202,4580000,C,200900,202400,1,1
1704987900000,20240202,4580000,P,8300,8400,1,1
1704987900000,20240202,4900000,C,8500,8600,1,1
1704987900000,20240202,4900000,P,139700,143600,1,1
1704987900000,20240202,4150000,C,621100,625400,1,1
1704987900000,20240202,4150000,P,1200,1300,1,1
1704987900000,20240202,4470000,C,306300,307600,1,1
1704987900000,20240202,4470000,P,3800,3900,1,1
1704987900000,20240202,4790000,C,41100,41300,1,1
1704987900000,20240202,4790000,P,58400,58600,1,1
1704987900000,20240202,5000000,C,1500,1600,1,1
1704987900000,20240202,5000000,P,238900,243100,1,1
1704987900000,20240202,4680000,C,113700,114400,1,1
1704987900000,20240202,4680000,P,20400,20500,1,1
1704987900000,20240202,4675000,C,117700,118500,1,1
1704987900000,20240202,4675000,P,19400,19600,1,1
1704987900000,20240202,4250000,C,521900,526200,1,1
1704987900000,20240202,4250000,P,1500,1600,1,1
1704987900000,20240202,4570000,C,210600,211800,1,1
1704987900000,20240202,4570000,P,7700,7800,1,1
1704987900000,20240202,4890000,C,10000,10100,1,1
1704987900000,20240202,4890000,P,130500,134300,1,1
1704987900000,20240202,3500000,C,1267600,1272100,1,1
1704987900000,20240202,3500000,P,200,300,1,1
1704987900000,20240202,4780000,C,46100,46300,1,1
1704987900000,20240202,4780000,P,53200,53400,1,1
1704987900000,20240202,5100000,C,400,500,1,1
1704987900000,20240202,5100000,P,338800,343000,1,1
1704987900000,20240202,4775000,C,48700,48900,1,1
1704987900000,20240202,4775000,P,50700,50900,1,1
1704987900000,20240202,4350000,C,422800,427100,1,1
1704987900000,20240202,4350000,P,2100,2200,1,1
1704987900000,20240202,4670000,C,121800,122600,1,1
1704987900000,20240202,4670000,P,18500,18700,1,1
1704987900000,20240202,3600000,C,1168100,1172400,1,1
1704987900000,20240202,3600000,P,300,400,1,1
1704987900000,20240202,4560000,C,219900,221200,1,1
1704987900000,20240202,4560000,P,7100,7200,1,1
1704987900000,20240202,4880000,C,11700,11900,1,1
1704987900000,20240202,4880000,P,121500,125300,1,1
1704987900000,20240202,5200000,C,200,300,1,1
1704987900000,20240202,5200000,P,438700,443000,1,1
1704987900000,20240202,4875000,C,12700,12800,1,1
1704987900000,20240202,4875000,P,117100,120800,1,1
1704987900000,20240202,4450000,C,325800,327100,1,1
1704987900000,20240202,4450000,P,3400,3500,1,1
1704987900000,20240202,4770000,C,51500,51700,1,1
1704987900000,20240202,4770000,P,48400,48600,1,1
1704987900000,20240202,3700000,C,1068500,1073000,1,1
1704987900000,20240202,3700000,P,400,500,1,1
1704987900000,20240202,4660000,C,130100,131000,1,1
1704987900000,20240202,4660000,P,16900,17000,1,1
1704987900000,20240202,4980000,C,2100,2200,1,1
1704987900000,20240202,4980000,P,218900,223100,1,1
1704987900000,20240202,5300000,C,100,200,1,1
1704987900000,20240202,5300000,P,538700,542900,1,1
1704987900000,20240202,4550000,C,229400,230600,1,1
1704987900000,20240202,4550000,P,6600,6700,1,1
1704987900000,20240202,4870000,C,13700,13900,1,1
1704987900000,20240202,4870000,P,112800,116500,1,1
1704987900000,20240202,3800000,C,969000,973400,1,1
1704987900000,20240202,3800000,P,600,700,1,1
1704987900000,20240202,4760000,C,57200,57400,1,1
1704987900000,20240202,4760000,P,44000,44200,1,1
1704987900000,20240202,5080000,C,500,600,1,1
1704987900000,20240202,5080000,P,318900,323000,1,1
1704987900000,20240202,5400000,C,100,200,1,1
1704987900000,20240202,5400000,P,638700,642900,1,1
1704987900000,20240202,4650000,C,138600,139500,1,1
1704987900000,20240202,4650000,P,15400,15500,1,1
1704987900000,20240202,3900000,C,869600,873900,1,1
1704987900000,20240202,3900000,P,700,800,1,1
1704987900000,20240202,4540000,C,238500,240100,1,1
1704987900000,20240202,4540000,P,6100,6200,1,1
1704987900000,20240202,4860000,C,16000,16200,1,1
1704987900000,20240202,4860000,P,104400,108000,1,1
1704987900000,20240202,4750000,C,63300,63500,1,1
1704987900000,20240202,4750000,P,40000,40200,1,1
1704987900000,20240202,4000000,C,770100,774400,1,1
1704987900000,20240202,4000000,P,900,1000,1,1
1704987900000,20240202,4640000,C,147200,148100,1,1
1704987900000,20240202,4640000,P,14000,14200,1,1
1704987900000,20240202,4960000,C,3000,3100,1,1
1704987900000,20240202,4960000,P,198900,203100,1,1
1704987900000,20240202,4530000,C,248400,249700,1,1
1704987900000,20240202,4530000,P,5700,5800,1,1
1704987900000,20240202,4850000,C,18600,18700,1,1
1704987900000,20240202,4850000,P,96500,99300,1,1
1704987900000,20240202,4100000,C,670700,675000,1,1
1704987900000,20240202,4100000,P,1100,1200,1,1
1704987900000,20240202,4740000,C,69700,70000,1,1
1704987900000,20240202,4740000,P,36300,36500,1,1
1704987900000,20240202,5060000,C,600,700,1,1
1704987900000,20240202,5060000,P,298900,303100,1,1
1704987900000,20240202,4950000,C,3600,3700,1,1
1704987900000,20240202,4950000,P,188900,193100,1,1
1704987900000,20240202,4630000,C,155900,156900,1,1
1704987900000,20240202,4630000,P,12800,12900,1,1
1704987900000,20240202,4625000,C,160100,161400,1,1
1704987900000,20240202,4625000,P,12200,12400,1,1
1704987900000,20240202,4200000,C,571500,575700,1,1
1704987900000,20240202,4200000,P,1300,1400,1,1
1704987900000,20240202,4520000,C,257600,259200,1,1
1704987900000,20240202,4520000,P,5300,5400,1,1
1704987900000,20240202,4840000,C,21500,21600,1,1
1704987900000,20240202,4840000,P,89800,91700,1,1
1704987900000,20240202,4730000,C,76300,76700,1,1
1704987900000,20240202,4730000,P,33000,33100,1,1
1704987900000,20240202,5050000,C,700,800,1,1
1704987900000,20240202,5050000,P,288900,293100,1,1
1704987900000,20240202,4725000,C,79800,80200,1,1
1704987900000,20240202,4725000,P,31400,31600,1,1
1704987900000,20240202,4300000,C,472300,476500,1,1
1704987900000,20240202,4300000,P,1800,1900,1,1
1704987900000,20240202,4620000,C,164800,165800,1,1
1704987900000,20240202,4620000,P,11700,11800,1,1
1704987900000,20240202,4940000,C,4300,4400,1,1
1704987900000,20240202,4940000,P,178900,183100,1,1
1704987900000,20240202,3550000,C,1217800,1222200,1,1
1704987900000,20240202,3550000,P,300,400,1,1
1704987900000,20240202,4510000,C,267200,268900,1,1
1704987900000,20240202,4510000,P,4900,5000,1,1
1704987900000,20240202,4830000,C,24700,24800,1,1
1704987900000,20240202,4830000,P,82400,84800,1,1
1704987900000,20240202,5150000,C,200,300,1,1
1704987900000,20240202,5150000,P,388800,393000,1,1
1704987900000,20240202,5250000,C,100,200,1,1
1704987900000,20240202,5250000,P,488700,493000,1,1
1704987900000,20240202,4825000,C,26400,26600,1,1
1704987900000,20240202,4825000,P,79000,81300,1,1
1704987900000,20240202,4400000,C,374800,376200,1,1
1704987900000,20240202,4400000,P,2600,2700,1,1
1704987900000,20240202,4720000,C,83300,83900,1,1
1704987900000,20240202,4720000,P,29900,30100,1,1
1704987900000,20240202,5040000,C,800,900,1,1
1704987900000,20240202,5040000,P,278900,283100,1,1
1704987900000,20240202,3650000,C,1118300,1122600,1,1
1704987900000,20240202,3650000,P,400,500,1,1
1704987900000,20240202,4610000,C,173800,174900,1,1
1704987900000,20240202,4610000,P,10700,10900,1,1
1704987900000,20240202,5350000,C,100,200,1,1
1704987900000,20240202,5350000,P,588600,592900,1,1
1704987900000,20240202,4500000,C,277200,278500,1,1
1704987900000,20240202,4500000,P,4600,4700,1,1
1704987900000,20240202,4820000,C,28200,28400,1,1
1704987900000,20240202,4820000,P,75600,77700,1,1
1704987900000,20240202,5140000,C,300,400,1,1
1704987900000,20240202,5140000,P,378800,383000,1,1
1704987900000,20240202,3750000,C,1018800,1023100,1,1
1704987900000,20240202,3750000,P,500,600,1,1
1704987900000,20240202,4710000,C,90500,91200,1,1
1704987900000,20240202,4710000,P,27200,27300,1,1
1704987900000,20240202,5450000,P,688600,692800,1,1
1704987900000,20240202,4600000,C,182500,184000,1,1
1704987900000,20240202,4600000,P,9900,10000,1,1
1704987900000,20240202,4920000,C,6100,6200,1,1
1704987900000,20240202,4920000,P,159100,163200,1,1
1704987900000,20240202,3850000,C,919300,923600,1,1
1704987900000,20240202,3850000,P,600,700,1,1
1704987900000,20240202,4490000,C,286500,288200,1,1
1704987900000,20240202,4490000,P,4300,4400,1,1
1704987900000,20240202,4810000,C,32200,32300,1,1
1704987900000,20240202,4810000,P,69400,71000,1,1
1704987900000,20240202,4700000,C,98000,98600,1,1
1704987900000,20240202,4700000,P,24700,24800,1,1
1704987900000,20240202,5020000,C,1100,1200,1,1
1704987900000,20240202,5020000,P,258900,263100,1,1
1704987900000,20240202,3950000,C,819800,824100,1,1
1704987900000,20240202,3950000,P,800,900,1,1
1704987900000,20240202,4590000,C,192000,193200,1,1
1704987900000,20240202,4590000,P,9100,9200,1,1
1704987900000,20240209,4800000,C,45500,45700,1,1
1704987900000,20240209,4800000,P,67500,69300,1,1
1704987900000,20240209,5120000,C,600,700,1,1
1704987900000,20240209,5120000,P,358800,363100,1,1
1704987900000,20240209,4050000,C,725300,729700,1,1
1704987900000,20240209,4050000,P,1300,1400,1,1
1704987900000,20240209,4690000,C,116100,116700,1,1
1704987900000,20240209,4690000,P,27900,28000,1,1
1704987900000,20240209,4580000,C,209900,211000,1,1
1704987900000,20240209,4580000,P,12000,12100,1,1
1704987900000,20240209,4900000,C,13000,13200,1,1
1704987900000,20240209,4900000,P,140600,144500,1,1
1704987900000,20240209,4150000,C,626200,630500,1,1
1704987900000,20240209,4150000,P,1700,1800,1,1
1704987900000,20240209,4790000,C,50500,50700,1,1
1704987900000,20240209,4790000,P,63400,63600,1,1
1704987900000,20240209,5000000,C,2800,2900,1,1
1704987900000,20240209,5000000,P,238900,243200,1,1
1704987900000,20240209,4680000,C,123800,124600,1,1
1704987900000,20240209,4680000,P,25700,25900,1,1
1704987900000,20240209,4250000,C,527500,531600,1,1
1704987900000,20240209,4250000,P,2200,2300,1,1
1704987900000,20240209,4570000,C,218700,220200,1,1
1704987900000,20240209,4570000,P,11200,11300,1,1
1704987900000,20240209,4890000,C,15000,15200,1,1
1704987900000,20240209,4890000,P,131600,135500,1,1
1704987900000,20240209,3500000,C,1271600,1276100,1,1
1704987900000,20240209,3500000,P,400,500,1,1
1704987900000,20240209,4780000,C,55800,56000,1,1
1704987900000,20240209,4780000,P,58400,58600,1,1
1704987900000,20240209,5100000,C,700,800,1,1
1704987900000,20240209,5100000,P,338800,343100,1,1
1704987900000,20240209,4350000,C,428700,433000,1,1
1704987900000,20240209,4350000,P,3200,3300,1,1
1704987900000,20240209,4670000,C,132000,132700,1,1
1704987900000,20240209,4670000,P,23700,23900,1,1
1704987900000,20240209,3600000,C,1172200,1176700,1,1
1704987900000,20240209,3600000,P,500,600,1,1
1704987900000,20240209,4560000,C,227900,229400,1,1
1704987900000,20240209,4560000,P,10500,10600,1,1
1704987900000,20240209,4880000,C,17200,17400,1,1
1704987900000,20240209,4880000,P,123000,126800,1,1
1704987900000,20240209,5200000,C,300,400,1,1
1704987900000,20240209,5200000,P,438800,443000,1,1
1704987900000,20240209,4450000,C,332500,333900,1,1
1704987900000,20240209,4450000,P,5200,5300,1,1
1704987900000,20240209,4770000,C,61400,61600,1,1
1704987900000,20240209,4770000,P,53800,54000,1,1
1704987900000,20240209,3700000,C,1072800,1077300,1,1
1704987900000,20240209,3700000,P,700,800,1,1
1704987900000,20240209,4660000,C,140100,140900,1,1
1704987900000,20240209,4660000,P,21900,22100,1,1
1704987900000,20240209,4980000,C,3900,4000,1,1
1704987900000,20240209,4980000,P,218900,223200,1,1
1704987900000,20240209,5300000,C,200,300,1,1
1704987900000,20240209,5300000,P,538700,543000,1,1
1704987900000,20240209,4550000,C,237500,238700,1,1
1704987900000,20240209,4550000,P,9800,9900,1,1
1704987900000,20240209,4870000,C,19700,19900,1,1
1704987900000,20240209,4870000,P,114800,118400,1,1
1704987900000,20240209,3800000,C,973500,977900,1,1
1704987900000,20240209,3800000,P,800,900,1,1
1704987900000,20240209,4760000,C,67400,67600,1,1
1704987900000,20240209,4760000,P,49500,49700,1,1
1704987900000,20240209,5080000,C,900,1000,1,1
1704987900000,20240209,5080000,P,318800,323100,1,1
1704987900000,20240209,5400000,C,100,200,1,1
1704987900000,20240209,5400000,P,638500,642900,1,1
1704987900000,20240209,4650000,C,148400,149300,1,1
1704987900000,20240209,4650000,P,20300,20400,1,1
1704987900000,20240209,3900000,C,874100,878600,1,1
1704987900000,20240209,3900000,P,1000,1100,1,1
1704987900000,20240209,4540000,C,246800,248000,1,1
1704987900000,20240209,4540000,P,9100,9200,1,1
1704987900000,20240209,4860000,C,22500,22600,1,1
1704987900000,20240209,4860000,P,106900,109700,1,1
1704987900000,20240209,4750000,C,73600,73800,1,1
1704987900000,20240209,4750000,P,45600,45800,1,1
1704987900000,20240209,4000000,C,774900,779300,1,1
1704987900000,20240209,4000000,P,1200,1300,1,1
1704987900000,20240209,4640000,C,156900,157800,1,1
1704987900000,20240209,4640000,P,18800,18900,1,1
1704987900000,20240209,4960000,C,5300,5400,1,1
1704987900000,20240209,4960000,P,198900,203200,1,1
1704987900000,20240209,4530000,C,256200,257400,1,1
1704987900000,20240209,4530000,P,8500,8600,1,1
1704987900000,20240209,4850000,C,25500,25700,1,1
1704987900000,20240209,4850000,P,99500,101600,1,1
1704987900000,20240209,4100000,C,675700,680100,1,1
1704987900000,20240209,4100000,P,1500,1600,1,1
1704987900000,20240209,4740000,C,80100,80400,1,1
1704987900000,20240209,4740000,P,42000,42200,1,1
1704987900000,20240209,5060000,C,1200,1300,1,1
1704987900000,20240209,5060000,P,298800,303100,1,1
1704987900000,20240209,4950000,C,6200,6300,1,1
1704987900000,20240209,4950000,P,188800,193000,1,1
1704987900000,20240209,4630000,C,165500,166400,1,1
1704987900000,20240209,4630000,P,17400,17500,1,1
1704987900000,20240209,4200000,C,576700,581000,1,1
1704987900000,20240209,4200000,P,1900,2000,1,1
1704987900000,20240209,4520000,C,265600,266900,1,1
1704987900000,20240209,4520000,P,8000,8100,1,1
1704987900000,20240209,4840000,C,28900,29100,1,1
1704987900000,20240209,4840000,P,92300,95400,1,1
1704987900000,20240209,4730000,C,86800,87200,1,1
1704987900000,20240209,4730000,P,38700,38900,1,1
1704987900000,20240209,5050000,C,1300,1400,1,1
1704987900000,20240209,5050000,P,288800,293100,1,1
1704987900000,20240209,4300000,C,477900,482300,1,1
1704987900000,20240209,4300000,P,2600,2700,1,1
1704987900000,20240209,4620000,C,174200,175200,1,1
1704987900000,20240209,4620000,P,16100,16300,1,1
1704987900000,20240209,4940000,C,7200,7300,1,1
1704987900000,20240209,4940000,P,178900,183200,1,1
1704987900000,20240209,3550000,C,1221900,1226400,1,1
1704987900000,20240209,3550000,P,500,600,1,1
1704987900000,20240209,4830000,C,32600,32700,1,1
1704987900000,20240209,4830000,P,85500,88100,1,1
1704987900000,20240209,5150000,C,400,500,1,1
1704987900000,20240209,5150000,P,388800,393100,1,1
1704987900000,20240209,5250000,C,200,300,1,1
1704987900000,20240209,5250000,P,488700,493000,1,1
1704987900000,20240209,4400000,C,380700,382400,1,1
1704987900000,20240209,4400000,P,4000,4100,1,1
1704987900000,20240209,4720000,C,93800,94200,1,1
1704987900000,20240209,4720000,P,35600,35800,1,1
1704987900000,20240209,5040000,C,1500,1600,1,1
1704987900000,20240209,5040000,P,278900,283100,1,1
1704987900000,20240209,3650000,C,1122500,1127000,1,1
1704987900000,20240209,3650000,P,600,700,1,1
1704987900000,20240209,4610000,C,183000,184000,1,1
1704987900000,20240209,4610000,P,15000,15100,1,1
1704987900000,20240209,5350000,C,100,200,1,1
1704987900000,20240209,5350000,P,588700,593000,1,1
1704987900000,20240209,4500000,C,284200,285800,1,1
1704987900000,20240209,4500000,P,7000,7100,1,1
1704987900000,20240209,4820000,C,36600,36700,1,1
1704987900000,20240209,4820000,P,79300,81600,1,1
1704987900000,20240209,5140000,C,500,600,1,1
1704987900000,20240209,5140000,P,378800,383100,1,1
1704987900000,20240209,3750000,C,1023100,1027600,1,1
1704987900000,20240209,3750000,P,700,800,1,1
1704987900000,20240209,4710000,C,101000,101500,1,1
1704987900000,20240209,4710000,P,32800,33000,1,1
1704987900000,20240209,5450000,C,100,200,1,1
1704987900000,20240209,5450000,P,688600,692900,1,1
1704987900000,20240209,4600000,C,191900,192900,1,1
1704987900000,20240209,4600000,P,13900,14000,1,1
1704987900000,20240209,4920000,C,9700,9900,1,1
1704987900000,20240209,4920000,P,159200,163300,1,1
1704987900000,20240209,3850000,C,923800,928300,1,1
1704987900000,20240209,3850000,P,900,1000,1,1
1704987900000,20240209,4810000,C,40900,41100,1,1
1704987900000,20240209,4810000,P,73200,75200,1,1
1704987900000,20240209,4700000,C,108500,109000,1,1
1704987900000,20240209,4700000,P,30200,30400,1,1
1704987900000,20240209,5020000,C,2100,2200,1,1
1704987900000,20240209,5020000,P,258900,263100,1,1
1704987900000,20240209,3950000,C,824500,828900,1,1
1704987900000,20240209,3950000,P,1100,1200,1,1
1704987900000,20240209,4590000,C,200900,202000,1,1
1704987900000,20240209,4590000,P,12900,13100,1,1
1704987900000,20240216,5650000,P,888400,892900,1,1
1704987900000,20240216,3200000,C,1574200,1578800,1,1
1704987900000,20240216,3200000,P,300,400,1,1
1704987900000,20240216,4160000,C,622200,626600,1,1
1704987900000,20240216,4160000,P,2500,2600,1,1
1704987900000,20240216,4480000,C,312100,313300,1,1
1704987900000,20240216,4480000,P,9000,9100,1,1
1704987900000,20240216,4800000,C,55700,55800,1,1
1704987900000,20240216,4800000,P,73600,73800,1,1
1704987900000,20240216,5120000,C,1000,1100,1,1
1704987900000,20240216,5120000,P,358800,363200,1,1
1704987900000,20240216,2450000,C,2319000,2324000,1,1
1704987900000,20240216,4370000,C,417600,419000,1,1
1704987900000,20240216,4370000,P,5200,5300,1,1
1704987900000,20240216,4050000,C,730900,735400,1,1
1704987900000,20240216,4050000,P,1900,2000,1,1
1704987900000,20240216,4690000,C,127200,127900,1,1
1704987900000,20240216,4690000,P,33500,33600,1,1
1704987900000,20240216,5010000,C,4300,4400,1,1
1704987900000,20240216,5010000,P,248800,253000,1,1
1704987900000,20240216,5750000,P,988200,992900,1,1
1704987900000,20240216,3300000,C,1474600,1479300,1,1
1704987900000,20240216,3300000,P,400,500,1,1
1704987900000,20240216,4260000,C,523900,528100,1,1
1704987900000,20240216,4260000,P,3400,3500,1,1
1704987900000,20240216,4580000,C,219600,220900,1,1
1704987900000,20240216,4580000,P,16200,16300,1,1
1704987900000,20240216,4900000,C,19000,19100,1,1
1704987900000,20240216,4900000,P,141900,145800,1,1
1704987900000,20240216,5220000,C,400,500,1,1
1704987900000,20240216,5220000,P,458700,463100,1,1
1704987900000,20240216,2550000,C,2219600,2224500,1,1
1704987900000,20240216,4150000,C,632000,636500,1,1
1704987900000,20240216,4150000,P,2400,2500,1,1
1704987900000,20240216,4470000,C,321600,322800,1,1
1704987900000,20240216,4470000,P,8600,8700,1,1
1704987900000,20240216,4790000,C,60900,61100,1,1
1704987900000,20240216,4790000,P,68500,68700,1,1
1704987900000,20240216,3400000,C,1375300,1380100,1,1
1704987900000,20240216,3400000,P,500,600,1,1
1704987900000,20240216,4360000,C,427300,428700,1,1
1704987900000,20240216,4360000,P,5000,5100,1,1
1704987900000,20240216,4040000,C,740800,745300,1,1
1704987900000,20240216,4040000,P,1800,1900,1,1
1704987900000,20240216,5000000,C,5000,5100,1,1
1704987900000,20240216,5000000,P,238800,243200,1,1
1704987900000,20240216,4680000,C,135100,135700,1,1
1704987900000,20240216,4680000,P,31200,31400,1,1
1704987900000,20240216,2650000,C,2120300,2125200,1,1
1704987900000,20240216,2650000,P,100,200,1,1
1704987900000,20240216,4250000,C,533500,537900,1,1
1704987900000,20240216,4250000,P,3300,3400,1,1
1704987900000,20240216,4570000,C,228800,229900,1,1
1704987900000,20240216,4570000,P,15300,15400,1,1
1704987900000,20240216,4890000,C,21400,21500,1,1
1704987900000,20240216,4890000,P,133300,137200,1,1
1704987900000,20240216,3500000,C,1276100,1280800,1,1
1704987900000,20240216,3500000,P,600,700,1,1
1704987900000,20240216,4140000,C,641900,646400,1,1
1704987900000,20240216,4140000,P,2400,2500,1,1
1704987900000,20240216,4460000,C,331100,332300,1,1
1704987900000,20240216,4460000,P,8100,8200,1,1
1704987900000,20240216,5100000,C,1300,1400,1,1
1704987900000,20240216,5100000,P,338800,343200,1,1
1704987900000,20240216,4780000,C,66400,66600,1,1
1704987900000,20240216,4780000,P,63700,63900,1,1
1704987900000,20240216,2750000,C,2020900,2025700,1,1
1704987900000,20240216,2750000,P,100,200,1,1
1704987900000,20240216,4350000,C,437100,438400,1,1
1704987900000,20240216,4350000,P,4800,4900,1,1
1704987900000,20240216,4030000,C,750600,755200,1,1
1704987900000,20240216,4030000,P,1800,1900,1,1
1704987900000,20240216,4670000,C,142900,143700,1,1
1704987900000,20240216,4670000,P,29100,29300,1,1
1704987900000,20240216,4990000,C,5700,5800,1,1
1704987900000,20240216,4990000,P,228800,233200,1,1
1704987900000,20240216,3600000,C,1176800,1181400,1,1
1704987900000,20240216,3600000,P,700,800,1,1
1704987900000,20240216,4240000,C,543300,547800,1,1
1704987900000,20240216,4240000,P,3200,3300,1,1
1704987900000,20240216,4560000,C,237900,238900,1,1
1704987900000,20240216,4560000,P,14300,14500,1,1
1704987900000,20240216,5200000,C,500,600,1,1
1704987900000,20240216,5200000,P,438700,443100,1,1
1704987900000,20240216,4880000,C,24100,24200,1,1
1704987900000,20240216,4880000,P,125100,128900,1,1
1704987900000,20240216,2850000,C,1921600,1926300,1,1
1704987900000,20240216,2850000,P,100,200,1,1
1704987900000,20240216,4130000,C,651800,656300,1,1
1704987900000,20240216,4130000,P,2300,2400,1,1
1704987900000,20240216,4450000,C,340600,341900,1,1
1704987900000,20240216,4450000,P,7700,7800,1,1
1704987900000,20240216,4770000,C,72300,72400,1,1
1704987900000,20240216,4770000,P,59300,59400,1,1
1704987900000,20240216,2100000,C,2666700,2671900,1,1
1704987900000,20240216,3700000,C,1077600,1082300,1,1
1704987900000,20240216,3700000,P,900,1000,1,1
1704987900000,20240216,4340000,C,446800,448200,1,1
1704987900000,20240216,4340000,P,4600,4700,1,1
1704987900000,20240216,4020000,C,760500,765100,1,1
1704987900000,20240216,4020000,P,1800,1900,1,1
1704987900000,20240216,4660000,C,151100,151800,1,1
1704987900000,20240216,4660000,P,27200,27400,1,1
1704987900000,20240216,4980000,C,6600,6700,1,1
1704987900000,20240216,4980000,P,218800,223300,1,1
1704987900000,20240216,5300000,C,200,300,1,1
1704987900000,20240216,5300000,P,538600,543100,1,1
1704987900000,20240216,2950000,C,1822200,1826900,1,1
1704987900000,20240216,2950000,P,200,300,1,1
1704987900000,20240216,4230000,C,553200,557600,1,1
1704987900000,20240216,4230000,P,3100,3200,1,1
1704987900000,20240216,4550000,C,247000,248100,1,1
1704987900000,20240216,4550000,P,13500,13600,1,1
1704987900000,20240216,4870000,C,27100,27200,1,1
1704987900000,20240216,4870000,P,117300,120900,1,1
1704987900000,20240216,2200000,C,2567400,2572500,1,1
1704987900000,20240216,3800000,C,978500,983000,1,1
1704987900000,20240216,3800000,P,1100,1200,1,1
1704987900000,20240216,4120000,C,661700,666100,1,1
1704987900000,20240216,4120000,P,2200,2300,1,1
1704987900000,20240216,4440000,C,349800,351400,1,1
1704987900000,20240216,4440000,P,7300,7400,1,1
1704987900000,20240216,4760000,C,78400,78500,1,1
1704987900000,20240216,4760000,P,55100,55300,1,1
1704987900000,20240216,5080000,C,1600,1700,1,1
1704987900000,20240216,5080000,P,318800,323200,1,1
1704987900000,20240216,5400000,C,100,200,1,1
1704987900000,20240216,5400000,P,638600,643000,1,1
1704987900000,20240216,3050000,C,1722900,1727500,1,1
1704987900000,20240216,3050000,P,200,300,1,1
1704987900000,20240216,4330000,C,455100,459400,1,1
1704987900000,20240216,4330000,P,4400,4500,1,1
1704987900000,20240216,4010000,C,770400,775000,1,1
1704987900000,20240216,4010000,P,1700,1800,1,1
1704987900000,20240216,4650000,C,159300,160100,1,1
1704987900000,20240216,4650000,P,25500,25600,1,1
1704987900000,20240216,4970000,C,7600,7700,1,1
1704987900000,20240216,4970000,P,208800,213300,1,1
1704987900000,20240216,2300000,C,2468000,2473100,1,1
1704987900000,20240216,3900000,C,879400,883900,1,1
1704987900000,20240216,3900000,P,1300,1400,1,1
1704987900000,20240216,4220000,C,563000,567500,1,1
1704987900000,20240216,4220000,P,3000,3100,1,1
1704987900000,20240216,4540000,C,256100,257300,1,1
1704987900000,20240216,4540000,P,12700,12800,1,1
1704987900000,20240216,4860000,C,30300,30400,1,1
1704987900000,20240216,4860000,P,109800,113300,1,1
1704987900000,20240216,5180000,C,600,700,1,1
1704987900000,20240216,5180000,P,418700,423100,1,1
1704987900000,20240216,5500000,C,100,200,1,1
1704987900000,20240216,5500000,P,738500,743000,1,1
1704987900000,20240216,3150000,C,1623800,1628400,1,1
1704987900000,20240216,3150000,P,200,300,1,1
1704987900000,20240216,4110000,C,671500,676000,1,1
1704987900000,20240216,4110000,P,2200,2300,1,1
1704987900000,20240216,4430000,C,359700,361000,1,1
1704987900000,20240216,4430000,P,6900,7000,1,1
1704987900000,20240216,4750000,C,84700,84900,1,1
1704987900000,20240216,4750000,P,51300,51400,1,1
1704987900000,20240216,2400000,C,2368700,2373600,1,1
1704987900000,20240216,4320000,C,464800,469200,1,1
1704987900000,20240216,4320000,P,4200,4300,1,1
1704987900000,20240216,4000000,C,780300,784900,1,1
1704987900000,20240216,4000000,P,1700,1800,1,1
1704987900000,20240216,4640000,C,167700,168500,1,1
1704987900000,20240216,4640000,P,23800,23900,1,1
1704987900000,20240216,4960000,C,8700,8800,1,1
1704987900000,20240216,4960000,P,198900,203300,1,1
1704987900000,20240216,5600000,P,838400,842700,1,1
1704987900000,20240216,3250000,C,1524300,1529000,1,1
1704987900000,20240216,3250000,P,300,400,1,1
1704987900000,20240216,4210000,C,572800,577300,1,1
1704987900000,20240216,4210000,P,2900,3000,1,1
1704987900000,20240216,4530000,C,265000,266500,1,1
1704987900000,20240216,4530000,P,12000,12100,1,1
1704987900000,20240216,4850000,C,33800,33900,1,1
1704987900000,20240216,4850000,P,102900,106000,1,1
1704987900000,20240216,2500000,C,2269300,2274300,1,1
1704987900000,20240216,4100000,C,681700,685900,1,1
1704987900000,20240216,4100000,P,2100,2200,1,1
1704987900000,20240216,4420000,C,369300,370600,1,1
1704987900000,20240216,4420000,P,6600,6700,1,1
1704987900000,20240216,4740000,C,91300,91500,1,1
1704987900000,20240216,4740000,P,47700,47900,1,1
1704987900000,20240216,5060000,C,2100,2200,1,1
1704987900000,20240216,5060000,P,298800,303200,1,1
1704987900000,20240216,5700000,P,938300,942900,1,1
1704987900000,20240216,3350000,C,1425000,1429700,1,1
1704987900000,20240216,3350000,P,400,500,1,1
1704987900000,20240216,4310000,C,474600,479000,1,1
1704987900000,20240216,4310000,P,4100,4200,1,1
1704987900000,20240216,4950000,C,10000,10100,1,1
1704987900000,20240216,4950000,P,188900,193300,1,1
1704987900000,20240216,4630000,C,176100,177000,1,1
1704987900000,20240216,4630000,P,22300,22400,1,1
1704987900000,20240216,2600000,C,2170000,2174800,1,1
1704987900000,20240216,4200000,C,582700,587200,1,1
1704987900000,20240216,4200000,P,2800,2900,1,1
1704987900000,20240216,4520000,C,274600,275800,1,1
1704987900000,20240216,4520000,P,11300,11400,1,1
1704987900000,20240216,4840000,C,37600,37700,1,1
1704987900000,20240216,4840000,P,96700,97900,1,1
1704987900000,20240216,5160000,C,700,800,1,1
1704987900000,20240216,5160000,P,398700,403200,1,1
1704987900000,20240216,3450000,C,1325700,1330400,1,1
1704987900000,20240216,3450000,P,500,600,1,1
1704987900000,20240216,4090000,C,691500,695800,1,1
1704987900000,20240216,4090000,P,2100,2200,1,1
1704987900000,20240216,4410000,C,378900,380300,1,1
1704987900000,20240216,4410000,P,6300,6400,1,1
1704987900000,20240216,5050000,C,2500,2600,1,1
1704987900000,20240216,5050000,P,288800,293200,1,1
1704987900000,20240216,4730000,C,98100,98400,1,1
1704987900000,20240216,4730000,P,44400,44600,1,1
1704987900000,20240216,2700000,C,2070600,2075500,1,1
1704987900000,20240216,2700000,P,100,200,1,1
1704987900000,20240216,4300000,C,484400,488800,1,1
1704987900000,20240216,4300000,P,3900,4000,1,1
1704987900000,20240216,4620000,C,184700,185600,1,1
1704987900000,20240216,4620000,P,20900,21000,1,1
1704987900000,20240216,4940000,C,11400,11500,1,1
1704987900000,20240216,4940000,P,179000,183300,1,1
1704987900000,20240216,5260000,C,300,400,1,1
1704987900000,20240216,5260000,P,498600,502900,1,1
1704987900000,20240216,3550000,C,1226400,1231100,1,1
1704987900000,20240216,3550000,P,700,800,1,1
1704987900000,20240216,4190000,C,592600,597000,1,1
1704987900000,20240216,4190000,P,2700,2800,1,1
1704987900000,20240216,4510000,C,283900,285100,1,1
1704987900000,20240216,4510000,P,10700,10800,1,1
1704987900000,20240216,5150000,C,700,800,1,1
1704987900000,20240216,5150000,P,388700,393200,1,1
1704987900000,20240216,4830000,C,41700,41800,1,1
1704987900000,20240216,4830000,P,89900,91500,1,1
1704987900000,20240216,5250000,C,300,400,1,1
1704987900000,20240216,5250000,P,488700,493100,1,1
1704987900000,20240216,2800000,C,1971300,1976000,1,1
1704987900000,20240216,2800000,P,100,200,1,1
1704987900000,20240216,4080000,C,701400,705700,1,1
1704987900000,20240216,4080000,P,2000,2100,1,1
1704987900000,20240216,4400000,C,388600,389900,1,1
1704987900000,20240216,4400000,P,6000,6100,1,1
1704987900000,20240216,4720000,C,105100,105500,1,1
1704987900000,20240216,4720000,P,41400,41500,1,1
1704987900000,20240216,5040000,C,2800,2900,1,1
1704987900000,20240216,5040000,P,278800,283200,1,1
1704987900000,20240216,3650000,C,1127500,1131900,1,1
1704987900000,20240216,3650000,P,800,900,1,1
1704987900000,20240216,4290000,C,494200,498600,1,1
1704987900000,20240216,4290000,P,3800,3900,1,1
1704987900000,20240216,4610000,C,193100,194300,1,1
1704987900000,20240216,4610000,P,19600,19700,1,1
1704987900000,20240216,4930000,C,13000,13100,1,1
1704987900000,20240216,4930000,P,169300,173400,1,1
1704987900000,20240216,5350000,C,200,300,1,1
1704987900000,20240216,5350000,P,588600,593100,1,1
1704987900000,20240216,2900000,C,1871900,1876700,1,1
1704987900000,20240216,2900000,P,100,200,1,1
1704987900000,20240216,4180000,C,602700,606900,1,1
1704987900000,20240216,4180000,P,2600,2700,1,1
1704987900000,20240216,4500000,C,293300,294500,1,1
1704987900000,20240216,4500000,P,10100,10200,1,1
1704987900000,20240216,4820000,C,46000,46200,1,1
1704987900000,20240216,4820000,P,83800,85300,1,1
1704987900000,20240216,5140000,C,800,900,1,1
1704987900000,20240216,5140000,P,378800,383200,1,1
1704987900000,20240216,2150000,C,2617100,2622200,1,1
1704987900000,20240216,3750000,C,1028000,1032700,1,1
1704987900000,20240216,3750000,P,1000,1100,1,1
1704987900000,20240216,4390000,C,398200,399600,1,1
1704987900000,20240216,4390000,P,5700,5800,1,1
1704987900000,20240216,4070000,C,711100,715600,1,1
1704987900000,20240216,4070000,P,2000,2100,1,1
1704987900000,20240216,4710000,C,112300,112800,1,1
1704987900000,20240216,4710000,P,38500,38700,1,1
1704987900000,20240216,5450000,C,100,200,1,1
1704987900000,20240216,5450000,P,688600,693000,1,1
1704987900000,20240216,3000000,C,1772600,1777200,1,1
1704987900000,20240216,3000000,P,200,300,1,1
1704987900000,20240216,4280000,C,504300,508300,1,1
1704987900000,20240216,4280000,P,3600,3700,1,1
1704987900000,20240216,4600000,C,202100,203100,1,1
1704987900000,20240216,4600000,P,18400,18500,1,1
1704987900000,20240216,4920000,C,14800,14900,1,1
1704987900000,20240216,4920000,P,159900,164000,1,1
1704987900000,20240216,5240000,C,300,400,1,1
1704987900000,20240216,5240000,P,478700,483100,1,1
1704987900000,20240216,2250000,C,2517700,2522800,1,1
1704987900000,20240216,3850000,C,928900,933400,1,1
1704987900000,20240216,3850000,P,1200,1300,1,1
1704987900000,20240216,4170000,C,612300,616800,1,1
1704987900000,20240216,4170000,P,2600,2700,1,1
1704987900000,20240216,4490000,C,302700,303900,1,1
1704987900000,20240216,4490000,P,9600,9700,1,1
1704987900000,20240216,4810000,C,50700,50800,1,1
1704987900000,20240216,4810000,P,78100,79600,1,1
1704987900000,20240216,5550000,P,788400,792700,1,1
1704987900000,20240216,3100000,C,1673200,1678100,1,1
1704987900000,20240216,3100000,P,200,300,1,1
1704987900000,20240216,4380000,C,407900,409300,1,1
1704987900000,20240216,4380000,P,5500,5600,1,1
1704987900000,20240216,4060000,C,721000,725500,1,1
1704987900000,20240216,4060000,P,1900,2000,1,1
1704987900000,20240216,4700000,C,119800,120200,1,1
1704987900000,20240216,4700000,P,35900,36000,1,1
1704987900000,20240216,5020000,C,3800,3900,1,1
1704987900000,20240216,5020000,P,258800,263000,1,1
1704987900000,20240216,2350000,C,2418400,2423400,1,1
1704987900000,20240216,4270000,C,513800,518300,1,1
1704987900000,20240216,4270000,P,3500,3600,1,1
1704987900000,20240216,3950000,C,829800,834400,1,1
1704987900000,20240216,3950000,P,1500,1600,1,1
1704987900000,20240216,4590000,C,210900,211900,1,1
1704987900000,20240216,4590000,P,17300,17400,1,1
1704987900000,20240216,4910000,C,16700,16900,1,1
1704987900000,20240216,4910000,P,150800,154800,1,1
1704987900000,20240223,4800000,C,63600,63800,1,1
1704987900000,20240223,4800000,P,77500,77800,1,1
1704987900000,20240223,5120000,C,1500,1600,1,1
1704987900000,20240223,5120000,P,358600,363000,1,1
1704987900000,20240223,4050000,C,735300,739900,1,1
1704987900000,20240223,4050000,P,2500,2600,1,1
1704987900000,20240223,4690000,C,135900,136500,1,1
1704987900000,20240223,4690000,P,37900,38100,1,1
1704987900000,20240223,4580000,C,227400,228500,1,1
1704987900000,20240223,4580000,P,19700,19900,1,1
1704987900000,20240223,4900000,C,24100,24400,1,1
1704987900000,20240223,4900000,P,143200,147200,1,1
1704987900000,20240223,4575000,C,231900,233000,1,1
1704987900000,20240223,4575000,P,19100,19300,1,1
1704987900000,20240223,4150000,C,637000,641300,1,1
1704987900000,20240223,4150000,P,3200,3300,1,1
1704987900000,20240223,4790000,C,69000,69300,1,1
1704987900000,20240223,4790000,P,72600,72800,1,1
1704987900000,20240223,4680000,C,143600,144300,1,1
1704987900000,20240223,4680000,P,35600,35800,1,1
1704987900000,20240223,5000000,C,7200,7400,1,1
1704987900000,20240223,5000000,P,238800,243300,1,1
1704987900000,20240223,4675000,C,147500,148200,1,1
1704987900000,20240223,4675000,P,34500,34700,1,1
1704987900000,20240223,4250000,C,538600,543100,1,1
1704987900000,20240223,4250000,P,4400,4500,1,1
1704987900000,20240223,4570000,C,236300,237400,1,1
1704987900000,20240223,4570000,P,18600,18800,1,1
1704987900000,20240223,4890000,C,26900,27100,1,1
1704987900000,20240223,4890000,P,134900,138100,1,1
1704987900000,20240223,3500000,C,1279600,1284200,1,1
1704987900000,20240223,3500000,P,800,900,1,1
1704987900000,20240223,4780000,C,74700,75000,1,1
1704987900000,20240223,4780000,P,67900,68200,1,1
1704987900000,20240223,5100000,C,2000,2100,1,1
1704987900000,20240223,5100000,P,338700,343000,1,1
1704987900000,20240223,4775000,C,77600,77900,1,1
1704987900000,20240223,4775000,P,65700,66000,1,1
1704987900000,20240223,4350000,C,442600,444000,1,1
1704987900000,20240223,4350000,P,6400,6500,1,1
1704987900000,20240223,4670000,C,151500,152200,1,1
1704987900000,20240223,4670000,P,33400,33600,1,1
1704987900000,20240223,3600000,C,1180500,1185200,1,1
1704987900000,20240223,3600000,P,1000,1100,1,1
1704987900000,20240223,4560000,C,244900,246400,1,1
1704987900000,20240223,4560000,P,17600,17800,1,1
1704987900000,20240223,4880000,C,29900,30100,1,1
1704987900000,20240223,4880000,P,127100,130800,1,1
1704987900000,20240223,5200000,C,700,800,1,1
1704987900000,20240223,5200000,P,438700,443200,1,1
1704987900000,20240223,4450000,C,346900,348300,1,1
1704987900000,20240223,4450000,P,10000,10100,1,1
1704987900000,20240223,4770000,C,80600,80900,1,1
1704987900000,20240223,4770000,P,63600,63800,1,1
1704987900000,20240223,3700000,C,1081400,1086000,1,1
1704987900000,20240223,3700000,P,1200,1300,1,1
1704987900000,20240223,4660000,C,159500,160300,1,1
1704987900000,20240223,4660000,P,31400,31600,1,1
1704987900000,20240223,4980000,C,9300,9500,1,1
1704987900000,20240223,4980000,P,218800,223300,1,1
1704987900000,20240223,5300000,C,300,400,1,1
1704987900000,20240223,5300000,P,538600,543100,1,1
1704987900000,20240223,4550000,C,253900,255400,1,1
1704987900000,20240223,4550000,P,16700,16800,1,1
1704987900000,20240223,4870000,C,33200,33400,1,1
1704987900000,20240223,4870000,P,119600,123200,1,1
1704987900000,20240223,3800000,C,982400,987100,1,1
1704987900000,20240223,3800000,P,1400,1500,1,1
1704987900000,20240223,4760000,C,86800,87100,1,1
1704987900000,20240223,4760000,P,59500,59800,1,1
1704987900000,20240223,5080000,C,2500,2600,1,1
1704987900000,20240223,5080000,P,318700,323000,1,1
1704987900000,20240223,5400000,C,200,300,1,1
1704987900000,20240223,5400000,P,638400,642800,1,1
1704987900000,20240223,4650000,C,167600,168400,1,1
1704987900000,20240223,4650000,P,29600,29800,1,1
1704987900000,20240223,3900000,C,883500,888100,1,1
1704987900000,20240223,3900000,P,1800,1900,1,1
1704987900000,20240223,4540000,C,263300,264500,1,1
1704987900000,20240223,4540000,P,15800,16000,1,1
1704987900000,20240223,4860000,C,36700,36900,1,1
1704987900000,20240223,4860000,P,112400,115900,1,1
1704987900000,20240223,4750000,C,93200,93600,1,1
1704987900000,20240223,4750000,P,55800,56000,1,1
1704987900000,20240223,4000000,C,784700,789200,1,1
1704987900000,20240223,4000000,P,2200,2300,1,1
1704987900000,20240223,4640000,C,175900,176700,1,1
1704987900000,20240223,4640000,P,27800,28000,1,1
1704987900000,20240223,4960000,C,12000,12200,1,1
1704987900000,20240223,4960000,P,198900,203300,1,1
1704987900000,20240223,4530000,C,272100,273600,1,1
1704987900000,20240223,4530000,P,15000,15100,1,1
1704987900000,20240223,4850000,C,40500,40700,1,1
1704987900000,20240223,4850000,P,105600,108900,1,1
1704987900000,20240223,4100000,C,686000,690600,1,1
1704987900000,20240223,4100000,P,2800,2900,1,1
1704987900000,20240223,4740000,C,99900,100200,1,1
1704987900000,20240223,4740000,P,52200,52500,1,1
1704987900000,20240223,5060000,C,3300,3400,1,1
1704987900000,20240223,5060000,P,298700,303000,1,1
1704987900000,20240223,4630000,C,184200,185100,1,1
1704987900000,20240223,4630000,P,26200,26400,1,1
1704987900000,20240223,4950000,C,13500,13700,1,1
1704987900000,20240223,4950000,P,189000,193300,1,1
1704987900000,20240223,4625000,C,188400,189400,1,1
1704987900000,20240223,4625000,P,25400,25700,1,1
1704987900000,20240223,4200000,C,587800,592200,1,1
1704987900000,20240223,4200000,P,3700,3800,1,1
1704987900000,20240223,4520000,C,281600,282800,1,1
1704987900000,20240223,4520000,P,14200,14400,1,1
1704987900000,20240223,4840000,C,44600,44800,1,1
1704987900000,20240223,4840000,P,99100,102200,1,1
1704987900000,20240223,4730000,C,106700,107100,1,1
1704987900000,20240223,4730000,P,48900,49200,1,1
1704987900000,20240223,5050000,C,3700,3800,1,1
1704987900000,20240223,5050000,P,288900,293300,1,1
1704987900000,20240223,4725000,C,110200,110700,1,1
1704987900000,20240223,4725000,P,47400,47600,1,1
1704987900000,20240223,4300000,C,489800,494300,1,1
1704987900000,20240223,4300000,P,5300,5400,1,1
1704987900000,20240223,4620000,C,192700,193600,1,1
1704987900000,20240223,4620000,P,24700,24900,1,1
1704987900000,20240223,4940000,C,15300,15500,1,1
1704987900000,20240223,4940000,P,179200,183500,1,1
1704987900000,20240223,3550000,C,1230300,1234800,1,1
1704987900000,20240223,3550000,P,900,1000,1,1
1704987900000,20240223,4830000,C,48900,49200,1,1
1704987900000,20240223,4830000,P,93000,95600,1,1
1704987900000,20240223,5150000,C,1100,1200,1,1
1704987900000,20240223,5150000,P,388700,393200,1,1
1704987900000,20240223,5250000,C,500,600,1,1
1704987900000,20240223,5250000,P,488700,493200,1,1
1704987900000,20240223,4825000,C,51200,51400,1,1
1704987900000,20240223,4825000,P,90000,92900,1,1
1704987900000,20240223,4400000,C,394500,395900,1,1
1704987900000,20240223,4400000,P,7900,8100,1,1
1704987900000,20240223,4720000,C,113700,114200,1,1
1704987900000,20240223,4720000,P,45900,46100,1,1
1704987900000,20240223,5040000,C,4300,4400,1,1
1704987900000,20240223,5040000,P,278900,283300,1,1
1704987900000,20240223,3650000,C,1130900,1135600,1,1
1704987900000,20240223,3650000,P,1100,1200,1,1
1704987900000,20240223,4610000,C,201000,202200,1,1
1704987900000,20240223,4610000,P,23300,23500,1,1
1704987900000,20240223,5350000,C,200,300,1,1
1704987900000,20240223,5350000,P,588500,593100,1,1
1704987900000,20240223,4500000,C,300100,301300,1,1
1704987900000,20240223,4500000,P,12800,12900,1,1
1704987900000,20240223,4820000,C,53500,53800,1,1
1704987900000,20240223,4820000,P,87100,90000,1,1
1704987900000,20240223,5140000,C,1200,1300,1,1
1704987900000,20240223,5140000,P,378700,383200,1,1
1704987900000,20240223,3750000,C,1031900,1036600,1,1
1704987900000,20240223,3750000,P,1300,1400,1,1
1704987900000,20240223,4710000,C,120800,121500,1,1
1704987900000,20240223,4710000,P,43000,43200,1,1
1704987900000,20240223,5450000,C,100,200,1,1
1704987900000,20240223,5450000,P,688500,693100,1,1
1704987900000,20240223,4600000,C,209900,210900,1,1
1704987900000,20240223,4600000,P,22000,22200,1,1
1704987900000,20240223,4920000,C,19300,19500,1,1
1704987900000,20240223,4920000,P,160700,164800,1,1
1704987900000,20240223,3850000,C,932900,937500,1,1
1704987900000,20240223,3850000,P,1600,1700,1,1
1704987900000,20240223,4810000,C,58400,58700,1,1
1704987900000,20240223,4810000,P,81600,84400,1,1
1704987900000,20240223,4700000,C,128200,128900,1,1
1704987900000,20240223,4700000,P,40300,40600,1,1
1704987900000,20240223,5020000,C,5600,5700,1,1
1704987900000,20240223,5020000,P,258800,263300,1,1
1704987900000,20240223,3950000,C,834100,838600,1,1
1704987900000,20240223,3950000,P,2000,2100,1,1
1704987900000,20240223,4590000,C,218600,219700,1,1
1704987900000,20240223,4590000,P,20800,21000,1,1
1704987900000,20240229,3200000,C,1580100,1585000,1,1
1704987900000,20240229,3200000,P,500,600,1,1
1704987900000,20240229,4160000,C,631700,636200,1,1
1704987900000,20240229,4160000,P,4300,4400,1,1
1704987900000,20240229,4480000,C,325500,326800,1,1
1704987900000,20240229,4480000,P,14200,14300,1,1
1704987900000,20240229,4800000,C,71200,71400,1,1
1704987900000,20240229,4800000,P,81100,81300,1,1
1704987900000,20240229,5120000,C,2200,2300,1,1
1704987900000,20240229,5120000,P,358600,363300,1,1
1704987900000,20240229,4370000,C,429000,430700,1,1
1704987900000,20240229,4370000,P,8800,8900,1,1
1704987900000,20240229,4050000,C,739700,744300,1,1
1704987900000,20240229,4050000,P,3200,3300,1,1
1704987900000,20240229,4690000,C,144200,144800,1,1
1704987900000,20240229,4690000,P,42000,42200,1,1
1704987900000,20240229,5010000,C,8600,8700,1,1
1704987900000,20240229,5010000,P,248700,253300,1,1
1704987900000,20240229,3300000,C,1481100,1485900,1,1
1704987900000,20240229,3300000,P,700,800,1,1
1704987900000,20240229,4260000,C,534000,538500,1,1
1704987900000,20240229,4260000,P,5900,6000,1,1
1704987900000,20240229,4580000,C,234800,236100,1,1
1704987900000,20240229,4580000,P,23100,23200,1,1
1704987900000,20240229,4900000,C,29300,29500,1,1
1704987900000,20240229,4900000,P,144500,148400,1,1
1704987900000,20240229,5220000,C,800,900,1,1
1704987900000,20240229,5220000,P,458600,463200,1,1
1704987900000,20240229,4150000,C,641500,646000,1,1
1704987900000,20240229,4150000,P,4100,4200,1,1
1704987900000,20240229,4470000,C,334800,336100,1,1
1704987900000,20240229,4470000,P,13500,13700,1,1
1704987900000,20240229,4790000,C,76800,77000,1,1
1704987900000,20240229,4790000,P,76300,76600,1,1
1704987900000,20240229,3400000,C,1382000,1386800,1,1
1704987900000,20240229,3400000,P,800,900,1,1
1704987900000,20240229,4360000,C,438900,440300,1,1
1704987900000,20240229,4360000,P,8500,8600,1,1
1704987900000,20240229,5000000,C,9600,9800,1,1
1704987900000,20240229,5000000,P,238700,243300,1,1
1704987900000,20240229,4680000,C,151700,152500,1,1
1704987900000,20240229,4680000,P,39600,39800,1,1
1704987900000,20240229,4250000,C,543800,548200,1,1
1704987900000,20240229,4250000,P,5700,5800,1,1
1704987900000,20240229,4570000,C,243600,244900,1,1
1704987900000,20240229,4570000,P,21900,22100,1,1
1704987900000,20240229,4890000,C,32300,32500,1,1
1704987900000,20240229,4890000,P,136500,140400,1,1
1704987900000,20240229,3500000,C,1283000,1287700,1,1
1704987900000,20240229,3500000,P,1000,1100,1,1
1704987900000,20240229,4140000,C,651300,655800,1,1
1704987900000,20240229,4140000,P,4000,4100,1,1
1704987900000,20240229,4460000,C,343800,345400,1,1
1704987900000,20240229,4460000,P,12900,13100,1,1
1704987900000,20240229,5100000,C,2800,2900,1,1
1704987900000,20240229,5100000,P,338700,343300,1,1
1704987900000,20240229,4780000,C,82600,82900,1,1
1704987900000,20240229,4780000,P,71800,72100,1,1
1704987900000,20240229,4350000,C,448500,449900,1,1
1704987900000,20240229,4350000,P,8100,8300,1,1
1704987900000,20240229,4670000,C,159700,160400,1,1
1704987900000,20240229,4670000,P,37400,37600,1,1
1704987900000,20240229,4990000,C,10900,11000,1,1
1704987900000,20240229,4990000,P,228700,233100,1,1
1704987900000,20240229,3600000,C,1184100,1188800,1,1
1704987900000,20240229,3600000,P,1200,1300,1,1
1704987900000,20240229,4240000,C,553500,557900,1,1
1704987900000,20240229,4240000,P,5500,5600,1,1
1704987900000,20240229,4560000,C,252700,253800,1,1
1704987900000,20240229,4560000,P,20800,21000,1,1
1704987900000,20240229,5200000,C,1000,1100,1,1
1704987900000,20240229,5200000,P,438600,443200,1,1
1704987900000,20240229,4880000,C,35600,35800,1,1
1704987900000,20240229,4880000,P,128900,132600,1,1
1704987900000,20240229,4130000,C,661100,665600,1,1
1704987900000,20240229,4130000,P,3900,4000,1,1
1704987900000,20240229,4450000,C,353500,354800,1,1
1704987900000,20240229,4450000,P,12400,12500,1,1
1704987900000,20240229,4770000,C,88700,88900,1,1
1704987900000,20240229,4770000,P,67600,67800,1,1
1704987900000,20240229,3700000,C,1085200,1089800,1,1
1704987900000,20240229,3700000,P,1500,1600,1,1
1704987900000,20240229,4340000,C,458100,459500,1,1
1704987900000,20240229,4340000,P,7800,7900,1,1
1704987900000,20240229,4660000,C,167600,168400,1,1
1704987900000,20240229,4660000,P,35400,35600,1,1
1704987900000,20240229,4980000,C,12200,12400,1,1
1704987900000,20240229,4980000,P,218700,223100,1,1
1704987900000,20240229,5300000,C,400,500,1,1
1704987900000,20240229,5300000,P,538500,542900,1,1
1704987900000,20240229,4230000,C,563200,567700,1,1
1704987900000,20240229,4230000,P,5300,5400,1,1
1704987900000,20240229,4550000,C,261600,262700,1,1
1704987900000,20240229,4550000,P,19800,20000,1,1
1704987900000,20240229,4870000,C,39200,39400,1,1
1704987900000,20240229,4870000,P,121600,125200,1,1
1704987900000,20240229,3800000,C,986600,990900,1,1
1704987900000,20240229,3800000,P,1800,1900,1,1
1704987900000,20240229,4120000,C,670900,675400,1,1
1704987900000,20240229,4120000,P,3800,3900,1,1
1704987900000,20240229,4440000,C,362900,364200,1,1
1704987900000,20240229,4440000,P,11800,12000,1,1
1704987900000,20240229,4760000,C,95000,95200,1,1
1704987900000,20240229,4760000,P,63600,63800,1,1
1704987900000,20240229,5080000,C,3600,3700,1,1
1704987900000,20240229,5080000,P,318600,323000,1,1
1704987900000,20240229,5400000,C,300,400,1,1
1704987900000,20240229,5400000,P,638500,643100,1,1
1704987900000,20240229,3050000,C,1728800,1733800,1,1
1704987900000,20240229,3050000,P,400,500,1,1
1704987900000,20240229,4330000,C,467400,469200,1,1
1704987900000,20240229,4330000,P,7500,7600,1,1
1704987900000,20240229,4650000,C,175700,176500,1,1
1704987900000,20240229,4650000,P,33500,33700,1,1
1704987900000,20240229,4970000,C,13700,13900,1,1
1704987900000,20240229,4970000,P,208700,213300,1,1
1704987900000,20240229,3900000,C,887600,892200,1,1
1704987900000,20240229,3900000,P,2200,2300,1,1
1704987900000,20240229,4220000,C,573000,577400,1,1
1704987900000,20240229,4220000,P,5100,5200,1,1
1704987900000,20240229,4540000,C,270600,271700,1,1
1704987900000,20240229,4540000,P,18900,19000,1,1
1704987900000,20240229,4860000,C,43000,43200,1,1
1704987900000,20240229,4860000,P,114700,118000,1,1
1704987900000,20240229,5180000,C,1200,1300,1,1
1704987900000,20240229,5180000,P,418600,423000,1,1
1704987900000,20240229,3150000,C,1629700,1634600,1,1
1704987900000,20240229,3150000,P,500,600,1,1
1704987900000,20240229,4110000,C,680700,685200,1,1
1704987900000,20240229,4110000,P,3700,3800,1,1
1704987900000,20240229,4430000,C,372300,373600,1,1
1704987900000,20240229,4430000,P,11300,11500,1,1
1704987900000,20240229,4750000,C,101400,101700,1,1
1704987900000,20240229,4750000,P,59900,60100,1,1
1704987900000,20240229,4320000,C,477400,478800,1,1
1704987900000,20240229,4320000,P,7300,7400,1,1
1704987900000,20240229,4000000,C,789000,793500,1,1
1704987900000,20240229,4000000,P,2800,2900,1,1
1704987900000,20240229,4640000,C,183900,184700,1,1
1704987900000,20240229,4640000,P,31700,31900,1,1
1704987900000,20240229,4960000,C,15400,15600,1,1
1704987900000,20240229,4960000,P,198900,203300,1,1
1704987900000,20240229,3250000,C,1530600,1535500,1,1
1704987900000,20240229,3250000,P,600,700,1,1
1704987900000,20240229,4210000,C,582700,587200,1,1
1704987900000,20240229,4210000,P,5000,5100,1,1
1704987900000,20240229,4530000,C,279300,280800,1,1
1704987900000,20240229,4530000,P,18000,18100,1,1
1704987900000,20240229,4850000,C,47000,47300,1,1
1704987900000,20240229,4850000,P,108100,111000,1,1
1704987900000,20240229,4100000,C,690500,695100,1,1
1704987900000,20240229,4100000,P,3600,3700,1,1
1704987900000,20240229,4420000,C,381400,383100,1,1
1704987900000,20240229,4420000,P,10900,11000,1,1
1704987900000,20240229,4740000,C,108100,108500,1,1
1704987900000,20240229,4740000,P,56300,56600,1,1
1704987900000,20240229,5060000,C,4600,4700,1,1
1704987900000,20240229,5060000,P,298700,303300,1,1
1704987900000,20240229,3350000,C,1431500,1436300,1,1
1704987900000,20240229,3350000,P,700,800,1,1
1704987900000,20240229,4310000,C,486700,488500,1,1
1704987900000,20240229,4310000,P,7000,7100,1,1
1704987900000,20240229,4630000,C,192200,193100,1,1
1704987900000,20240229,4630000,P,30000,30200,1,1
1704987900000,20240229,4950000,C,17200,17400,1,1
1704987900000,20240229,4950000,P,189100,193200,1,1
1704987900000,20240229,4200000,C,592500,597000,1,1
1704987900000,20240229,4200000,P,4800,4900,1,1
1704987900000,20240229,4520000,C,288400,289900,1,1
1704987900000,20240229,4520000,P,17100,17300,1,1
1704987900000,20240229,4840000,C,51400,51600,1,1
1704987900000,20240229,4840000,P,101800,104900,1,1
1704987900000,20240229,5160000,C,1400,1500,1,1
1704987900000,20240229,5160000,P,398600,403200,1,1
1704987900000,20240229,3450000,C,1332500,1337300,1,1
1704987900000,20240229,3450000,P,900,1000,1,1
1704987900000,20240229,4090000,C,700400,704900,1,1
1704987900000,20240229,4090000,P,3500,3600,1,1
1704987900000,20240229,4410000,C,391200,392600,1,1
1704987900000,20240229,4410000,P,10400,10500,1,1
1704987900000,20240229,5050000,C,5200,5300,1,1
1704987900000,20240229,5050000,P,288700,293300,1,1
1704987900000,20240229,4730000,C,115000,115500,1,1
1704987900000,20240229,4730000,P,53100,53300,1,1
1704987900000,20240229,4300000,C,496700,498100,1,1
1704987900000,20240229,4300000,P,6700,6800,1,1
1704987900000,20240229,4620000,C,200600,201500,1,1
1704987900000,20240229,4620000,P,28400,28600,1,1
1704987900000,20240229,4940000,C,19200,19400,1,1
1704987900000,20240229,4940000,P,179400,183600,1,1
1704987900000,20240229,5260000,C,600,700,1,1
1704987900000,20240229,5260000,P,498600,503200,1,1
1704987900000,20240229,3550000,C,1233500,1238200,1,1
1704987900000,20240229,3550000,P,1100,1200,1,1
1704987900000,20240229,4190000,C,602300,606800,1,1
1704987900000,20240229,4190000,P,4700,4800,1,1
1704987900000,20240229,4510000,C,297900,299100,1,1
1704987900000,20240229,4510000,P,16300,16500,1,1
1704987900000,20240229,5150000,C,1600,1700,1,1
1704987900000,20240229,5150000,P,388600,393000,1,1
1704987900000,20240229,4830000,C,55900,56200,1,1
1704987900000,20240229,4830000,P,96300,98600,1,1
1704987900000,20240229,5250000,C,600,700,1,1
1704987900000,20240229,5250000,P,488600,493200,1,1
1704987900000,20240229,4080000,C,710200,714700,1,1
1704987900000,20240229,4080000,P,3400,3500,1,1
1704987900000,20240229,4400000,C,400700,402100,1,1
1704987900000,20240229,4400000,P,10000,10100,1,1
1704987900000,20240229,4720000,C,122000,122600,1,1
1704987900000,20240229,4720000,P,50000,50200,1,1
1704987900000,20240229,5040000,C,5900,6000,1,1
1704987900000,20240229,5040000,P,278700,283300,1,1
1704987900000,20240229,3650000,C,1134600,1139300,1,1
1704987900000,20240229,3650000,P,1400,1500,1,1
1704987900000,20240229,4290000,C,506400,507800,1,1
1704987900000,20240229,4290000,P,6500,6600,1,1
1704987900000,20240229,4610000,C,209100,210000,1,1
1704987900000,20240229,4610000,P,26900,27100,1,1
1704987900000,20240229,4930000,C,21400,21600,1,1
1704987900000,20240229,4930000,P,170300,174600,1,1
1704987900000,20240229,5350000,C,300,400,1,1
1704987900000,20240229,5350000,P,588500,593100,1,1
1704987900000,20240229,4180000,C,612100,616600,1,1
1704987900000,20240229,4180000,P,4500,4600,1,1
1704987900000,20240229,4500000,C,306700,308300,1,1
1704987900000,20240229,4500000,P,15600,15700,1,1
1704987900000,20240229,4820000,C,60800,61000,1,1
1704987900000,20240229,4820000,P,90600,93200,1,1
1704987900000,20240229,5140000,C,1800,1900,1,1
1704987900000,20240229,5140000,P,378600,383000,1,1
1704987900000,20240229,3750000,C,1035700,1040400,1,1
1704987900000,20240229,3750000,P,1600,1700,1,1
1704987900000,20240229,4390000,C,409900,411600,1,1
1704987900000,20240229,4390000,P,9600,9700,1,1
1704987900000,20240229,4070000,C,720000,724600,1,1
1704987900000,20240229,4070000,P,3300,3400,1,1
1704987900000,20240229,4710000,C,129200,129900,1,1
1704987900000,20240229,4710000,P,47200,47400,1,1
1704987900000,20240229,5450000,C,200,300,1,1
1704987900000,20240229,5450000,P,688400,692900,1,1
1704987900000,20240229,3000000,C,1778300,1783300,1,1
1704987900000,20240229,3000000,P,400,500,1,1
1704987900000,20240229,4280000,C,514600,519000,1,1
1704987900000,20240229,4280000,P,6300,6400,1,1
1704987900000,20240229,4600000,C,217400,218600,1,1
1704987900000,20240229,4600000,P,25600,25700,1,1
1704987900000,20240229,4920000,C,23800,24000,1,1
1704987900000,20240229,4920000,P,161500,165600,1,1
1704987900000,20240229,5240000,C,700,800,1,1
1704987900000,20240229,5240000,P,478600,483200,1,1
1704987900000,20240229,3850000,C,937200,941500,1,1
1704987900000,20240229,3850000,P,2000,2100,1,1
1704987900000,20240229,4170000,C,621900,626400,1,1
1704987900000,20240229,4170000,P,4400,4500,1,1
1704987900000,20240229,4490000,C,316300,317500,1,1
1704987900000,20240229,4490000,P,14900,15000,1,1
1704987900000,20240229,4810000,C,65900,66100,1,1
1704987900000,20240229,4810000,P,86200,86500,1,1
1704987900000,20240229,3100000,C,1679200,1684200,1,1
1704987900000,20240229,3100000,P,400,500,1,1
1704987900000,20240229,4380000,C,419800,421100,1,1
1704987900000,20240229,4380000,P,9200,9300,1,1
1704987900000,20240229,4060000,C,729900,734400,1,1
1704987900000,20240229,4060000,P,3200,3300,1,1
1704987900000,20240229,4700000,C,136600,137200,1,1
1704987900000,20240229,4700000,P,44500,44700,1,1
1704987900000,20240229,5020000,C,7600,7700,1,1
1704987900000,20240229,5020000,P,258700,263100,1,1
1704987900000,20240229,4270000,C,524300,528700,1,1
1704987900000,20240229,4270000,P,6100,6200,1,1
1704987900000,20240229,3950000,C,838300,842800,1,1
1704987900000,20240229,3950000,P,2500,2600,1,1
1704987900000,20240229,4590000,C,226300,227300,1,1
1704987900000,20240229,4590000,P,24300,24400,1,1
1704987900000,20240229,4910000,C,26400,26600,1,1
1704987900000,20240229,4910000,P,152700,156800,1,1
1704987900000,20240301,4800000,C,72800,73100,1,1
1704987900000,20240301,4800000,P,81900,82200,1,1
1704987900000,20240301,4690000,C,145800,146400,1,1
1704987900000,20240301,4690000,P,42800,43100,1,1
1704987900000,20240301,4900000,C,30400,30600,1,1
1704987900000,20240301,4900000,P,145000,149100,1,1
1704987900000,20240301,4790000,C,78400,78700,1,1
1704987900000,20240301,4790000,P,77100,77400,1,1
1704987900000,20240301,4680000,C,153500,154200,1,1
1704987900000,20240301,4680000,P,40500,40700,1,1
1704987900000,20240301,5000000,C,10200,10400,1,1
1704987900000,20240301,5000000,P,238700,243400,1,1
1704987900000,20240301,4675000,C,157400,158100,1,1
1704987900000,20240301,4675000,P,39400,39600,1,1
1704987900000,20240301,4890000,C,33500,33800,1,1
1704987900000,20240301,4890000,P,137100,141000,1,1
1704987900000,20240301,4780000,C,84200,84500,1,1
1704987900000,20240301,4780000,P,72600,72900,1,1
1704987900000,20240301,5100000,C,3000,3100,1,1
1704987900000,20240301,5100000,P,338600,343400,1,1
1704987900000,20240301,4775000,C,87200,87500,1,1
1704987900000,20240301,4775000,P,70500,70800,1,1
1704987900000,20240301,4350000,C,448100,452600,1,1
1704987900000,20240301,4350000,P,8500,8600,1,1
1704987900000,20240301,4670000,C,161300,162000,1,1
1704987900000,20240301,4670000,P,38300,38500,1,1
1704987900000,20240301,4880000,C,36900,37100,1,1
1704987900000,20240301,4880000,P,129500,133400,1,1
1704987900000,20240301,5200000,C,1000,1100,1,1
1704987900000,20240301,5200000,P,438600,443300,1,1
1704987900000,20240301,4875000,C,38600,38900,1,1
1704987900000,20240301,4875000,P,125800,129700,1,1
1704987900000,20240301,4450000,C,354700,356000,1,1
1704987900000,20240301,4450000,P,12900,13000,1,1
1704987900000,20240301,4770000,C,90300,90600,1,1
1704987900000,20240301,4770000,P,68400,68700,1,1
1704987900000,20240301,4660000,C,169200,170000,1,1
1704987900000,20240301,4660000,P,36200,36500,1,1
1704987900000,20240301,4550000,C,262700,264200,1,1
1704987900000,20240301,4550000,P,20500,20700,1,1
1704987900000,20240301,4870000,C,40500,40700,1,1
1704987900000,20240301,4870000,P,122300,125600,1,1
1704987900000,20240301,4760000,C,96600,96900,1,1
1704987900000,20240301,4760000,P,64400,64700,1,1
1704987900000,20240301,4650000,C,177300,178100,1,1
1704987900000,20240301,4650000,P,34300,34500,1,1
1704987900000,20240301,4860000,C,44300,44600,1,1
1704987900000,20240301,4860000,P,115400,118900,1,1
1704987900000,20240301,4750000,C,103100,103400,1,1
1704987900000,20240301,4750000,P,60700,61000,1,1
1704987900000,20240301,4640000,C,185500,186300,1,1
1704987900000,20240301,4640000,P,32500,32700,1,1
1704987900000,20240301,4850000,C,48400,48700,1,1
1704987900000,20240301,4850000,P,108800,112000,1,1
1704987900000,20240301,4740000,C,109700,110200,1,1
1704987900000,20240301,4740000,P,57200,57500,1,1
1704987900000,20240301,4630000,C,193500,194700,1,1
1704987900000,20240301,4630000,P,30800,31000,1,1
1704987900000,20240301,4950000,C,18000,18300,1,1
1704987900000,20240301,4950000,P,189000,193600,1,1
1704987900000,20240301,4840000,C,52800,53100,1,1
1704987900000,20240301,4840000,P,102600,105600,1,1
1704987900000,20240301,4730000,C,116600,117200,1,1
1704987900000,20240301,4730000,P,54000,54200,1,1
1704987900000,20240301,5050000,C,5600,5700,1,1
1704987900000,20240301,5050000,P,288700,293400,1,1
1704987900000,20240301,4725000,C,120100,120600,1,1
1704987900000,20240301,4725000,P,52400,52700,1,1
1704987900000,20240301,4300000,C,496200,500800,1,1
1704987900000,20240301,4300000,P,7000,7200,1,1
1704987900000,20240301,4620000,C,202100,203100,1,1
1704987900000,20240301,4620000,P,29200,29500,1,1
1704987900000,20240301,4830000,C,57400,57700,1,1
1704987900000,20240301,4830000,P,96700,99500,1,1
1704987900000,20240301,5150000,C,1700,1800,1,1
1704987900000,20240301,5150000,P,388600,393300,1,1
1704987900000,20240301,4825000,C,59800,60100,1,1
1704987900000,20240301,4825000,P,93900,96600,1,1
1704987900000,20240301,4400000,C,400400,404800,1,1
1704987900000,20240301,4400000,P,10400,10500,1,1
1704987900000,20240301,4720000,C,123500,124300,1,1
1704987900000,20240301,4720000,P,50900,51200,1,1
1704987900000,20240301,4500000,C,308400,309600,1,1
1704987900000,20240301,4500000,P,16100,16400,1,1
1704987900000,20240301,4820000,C,62300,62600,1,1
1704987900000,20240301,4820000,P,91100,93800,1,1
1704987900000,20240301,4710000,C,130900,131400,1,1
1704987900000,20240301,4710000,P,48000,48300,1,1
1704987900000,20240301,4600000,C,219200,220200,1,1
1704987900000,20240301,4600000,P,26300,26600,1,1
1704987900000,20240301,4810000,C,67400,67700,1,1
1704987900000,20240301,4810000,P,87000,87300,1,1
1704987900000,20240301,4700000,C,138100,138900,1,1
1704987900000,20240301,4700000,P,45300,45600,1,1
1704987900000,20240315,3200000,C,1587500,1593100,1,1
1704987900000,20240315,3200000,P,1000,1100,1,1
1704987900000,20240315,4480000,C,339600,344100,1,1
1704987900000,20240315,4480000,P,22300,22500,1,1
1704987900000,20240315,5120000,C,4800,4900,1,1
1704987900000,20240315,5120000,P,358500,363700,1,1
1704987900000,20240315,6400000,P,1637400,1643200,1,1
1704987900000,20240315,4050000,C,750000,755300,1,1
1704987900000,20240315,4050000,P,5700,5800,1,1
1704987900000,20240315,4690000,C,163000,163700,1,1
1704987900000,20240315,4690000,P,54600,54800,1,1
1704987900000,20240315,5750000,C,100,200,1,1
1704987900000,20240315,5750000,P,988000,993400,1,1
1704987900000,20240315,4260000,C,546300,551300,1,1
1704987900000,20240315,4260000,P,10200,10300,1,1
1704987900000,20240315,4900000,C,42600,42900,1,1
1704987900000,20240315,4900000,P,150500,154100,1,1
1704987900000,20240315,2550000,C,2230200,2236500,1,1
1704987900000,20240315,2550000,P,300,400,1,1
1704987900000,20240315,4470000,C,348700,353200,1,1
1704987900000,20240315,4470000,P,21400,21600,1,1
1704987900000,20240315,3400000,C,1389900,1395400,1,1
1704987900000,20240315,3400000,P,1500,1600,1,1
1704987900000,20240315,4040000,C,759800,765000,1,1
1704987900000,20240315,4040000,P,5500,5600,1,1
1704987900000,20240315,4680000,C,170000,172000,1,1
1704987900000,20240315,4680000,P,52100,52300,1,1
1704987900000,20240315,6600000,P,1837000,1842800,1,1
1704987900000,20240315,4250000,C,556100,560900,1,1
1704987900000,20240315,4250000,P,9900,10000,1,1
1704987900000,20240315,4890000,C,46200,46500,1,1
1704987900000,20240315,4890000,P,143400,147300,1,1
1704987900000,20240315,5950000,P,1187800,1193300,1,1
1704987900000,20240315,4460000,C,357900,362500,1,1
1704987900000,20240315,4460000,P,20600,20800,1,1
1704987900000,20240315,5100000,C,6000,6100,1,1
1704987900000,20240315,5100000,P,338500,343700,1,1
1704987900000,20240315,2750000,C,2032400,2038500,1,1
1704987900000,20240315,2750000,P,400,500,1,1
1704987900000,20240315,4030000,C,769600,774800,1,1
1704987900000,20240315,4030000,P,5400,5500,1,1
1704987900000,20240315,4670000,C,177500,180400,1,1
1704987900000,20240315,4670000,P,49700,50000,1,1
1704987900000,20240315,3600000,C,1192800,1198000,1,1
1704987900000,20240315,3600000,P,2100,2200,1,1
1704987900000,20240315,4240000,C,565500,570600,1,1
1704987900000,20240315,4240000,P,9600,9700,1,1
1704987900000,20240315,4880000,C,50100,50400,1,1
1704987900000,20240315,4880000,P,136500,139900,1,1
1704987900000,20240315,4450000,C,367100,371700,1,1
1704987900000,20240315,4450000,P,19900,20000,1,1
1704987900000,20240315,6150000,P,1387600,1393300,1,1
1704987900000,20240315,2100000,C,2675300,2682100,1,1
1704987900000,20240315,2100000,P,100,200,1,1
1704987900000,20240315,4020000,C,779600,784700,1,1
1704987900000,20240315,4020000,P,5300,5400,1,1
1704987900000,20240315,4660000,C,185200,188300,1,1
1704987900000,20240315,4660000,P,47500,47800,1,1
1704987900000,20240315,5300000,C,1000,1100,1,1
1704987900000,20240315,5300000,P,538300,543600,1,1
1704987900000,20240315,2950000,C,1834700,1840600,1,1
1704987900000,20240315,2950000,P,600,700,1,1
1704987900000,20240315,4230000,C,575200,580200,1,1
1704987900000,20240315,4230000,P,9300,9400,1,1
1704987900000,20240315,4870000,C,54200,54500,1,1
1704987900000,20240315,4870000,P,130000,133300,1,1
1704987900000,20240315,3800000,C,995300,1000800,1,1
1704987900000,20240315,3800000,P,3200,3300,1,1
1704987900000,20240315,4440000,C,376300,380900,1,1
1704987900000,20240315,4440000,P,19100,19300,1,1
1704987900000,20240315,5080000,C,7400,7500,1,1
1704987900000,20240315,5080000,P,318500,323700,1,1
1704987900000,20240315,4010000,C,789100,794400,1,1
1704987900000,20240315,4010000,P,5100,5200,1,1
1704987900000,20240315,4650000,C,193100,196100,1,1
1704987900000,20240315,4650000,P,45400,45600,1,1
1704987900000,20240315,6350000,P,1587400,1593200,1,1
1704987900000,20240315,2300000,C,2477500,2484000,1,1
1704987900000,20240315,2300000,P,200,300,1,1
1704987900000,20240315,4220000,C,584800,589900,1,1
1704987900000,20240315,4220000,P,9000,9100,1,1
1704987900000,20240315,4860000,C,58500,58800,1,1
1704987900000,20240315,4860000,P,123800,127100,1,1
1704987900000,20240315,5500000,C,300,400,1,1
1704987900000,20240315,5500000,P,738200,743500,1,1
1704987900000,20240315,3150000,C,1636900,1642500,1,1
1704987900000,20240315,3150000,P,900,1000,1,1
1704987900000,20240315,4430000,C,385500,390200,1,1
1704987900000,20240315,4430000,P,18400,18600,1,1
1704987900000,20240315,4000000,C,798900,804300,1,1
1704987900000,20240315,4000000,P,5000,5100,1,1
1704987900000,20240315,4640000,C,200700,204500,1,1
1704987900000,20240315,4640000,P,43400,43600,1,1
1704987900000,20240315,4210000,C,594500,599600,1,1
1704987900000,20240315,4210000,P,8800,8900,1,1
1704987900000,20240315,4850000,C,63100,63400,1,1
1704987900000,20240315,4850000,P,117900,120100,1,1
1704987900000,20240315,6550000,P,1786900,1792800,1,1
1704987900000,20240315,2500000,C,2279700,2286000,1,1
1704987900000,20240315,2500000,P,200,300,1,1
1704987900000,20240315,4420000,C,394800,399500,1,1
1704987900000,20240315,4420000,P,17800,17900,1,1
1704987900000,20240315,5060000,C,9200,9300,1,1
1704987900000,20240315,5060000,P,298500,303700,1,1
1704987900000,20240315,5700000,C,100,200,1,1
1704987900000,20240315,5700000,P,938000,943400,1,1
1704987900000,20240315,3350000,C,1439300,1444800,1,1
1704987900000,20240315,3350000,P,1400,1500,1,1
1704987900000,20240315,4630000,C,208800,212700,1,1
1704987900000,20240315,4630000,P,41500,41800,1,1
1704987900000,20240315,4200000,C,604100,609200,1,1
1704987900000,20240315,4200000,P,8500,8600,1,1
1704987900000,20240315,4840000,C,67800,68100,1,1
1704987900000,20240315,4840000,P,113500,113800,1,1
1704987900000,20240315,4410000,C,404100,408900,1,1
1704987900000,20240315,4410000,P,17100,17300,1,1
1704987900000,20240315,5050000,C,10200,10300,1,1
1704987900000,20240315,5050000,P,288500,293700,1,1
1704987900000,20240315,2700000,C,2081900,2088000,1,1
1704987900000,20240315,2700000,P,400,500,1,1
1704987900000,20240315,4620000,C,217100,221000,1,1
1704987900000,20240315,4620000,P,39700,40000,1,1
1704987900000,20240315,5260000,C,1300,1400,1,1
1704987900000,20240315,5260000,P,498300,503600,1,1
1704987900000,20240315,5900000,C,100,200,1,1
1704987900000,20240315,5900000,P,1137800,1143400,1,1
1704987900000,20240315,3550000,C,1241900,1247400,1,1
1704987900000,20240315,3550000,P,2000,2100,1,1
1704987900000,20240315,4190000,C,613800,618900,1,1
1704987900000,20240315,4190000,P,8300,8400,1,1
1704987900000,20240315,4830000,C,72800,73100,1,1
1704987900000,20240315,4830000,P,108000,108200,1,1
1704987900000,20240315,5250000,C,1400,1500,1,1
1704987900000,20240315,5250000,P,488400,493600,1,1
1704987900000,20240315,4400000,C,413400,418200,1,1
1704987900000,20240315,4400000,P,16500,16600,1,1
1704987900000,20240315,5040000,C,11300,11500,1,1
1704987900000,20240315,5040000,P,278500,283700,1,1
1704987900000,20240315,2050000,C,2724700,2731500,1,1
1704987900000,20240315,2050000,P,100,200,1,1
1704987900000,20240315,4610000,C,225900,229000,1,1
1704987900000,20240315,4610000,P,38000,38300,1,1
1704987900000,20240315,2900000,C,1884100,1890100,1,1
1704987900000,20240315,2900000,P,600,700,1,1
1704987900000,20240315,4180000,C,623500,628600,1,1
1704987900000,20240315,4180000,P,8000,8100,1,1
1704987900000,20240315,4820000,C,78000,78400,1,1
1704987900000,20240315,4820000,P,102700,103000,1,1
1704987900000,20240315,6100000,P,1337700,1343300,1,1
1704987900000,20240315,3750000,C,1044600,1050000,1,1
1704987900000,20240315,3750000,P,2900,3000,1,1
1704987900000,20240315,4390000,C,422800,427600,1,1
1704987900000,20240315,4390000,P,15900,16000,1,1
1704987900000,20240315,5450000,C,400,500,1,1
1704987900000,20240315,5450000,P,688200,693500,1,1
1704987900000,20240315,4600000,C,234000,237800,1,1
1704987900000,20240315,4600000,P,36400,36700,1,1
1704987900000,20240315,5240000,C,1500,1600,1,1
1704987900000,20240315,5240000,P,478400,483600,1,1
1704987900000,20240315,2250000,C,2527000,2533500,1,1
1704987900000,20240315,2250000,P,100,200,1,1
1704987900000,20240315,4170000,C,633200,638300,1,1
1704987900000,20240315,4170000,P,7800,7900,1,1
1704987900000,20240315,4810000,C,83500,83800,1,1
1704987900000,20240315,4810000,P,97700,98000,1,1
1704987900000,20240315,3100000,C,1686400,1692200,1,1
1704987900000,20240315,3100000,P,900,1000,1,1
1704987900000,20240315,4380000,C,432200,437000,1,1
1704987900000,20240315,4380000,P,15300,15500,1,1
1704987900000,20240315,5020000,C,13900,14100,1,1
1704987900000,20240315,5020000,P,258500,263700,1,1
1704987900000,20240315,6300000,P,1537400,1543000,1,1
1704987900000,20240315,3950000,C,847900,853300,1,1
1704987900000,20240315,3950000,P,4500,4600,1,1
1704987900000,20240315,4590000,C,242300,246400,1,1
1704987900000,20240315,4590000,P,34900,35100,1,1
1704987900000,20240315,5650000,C,100,200,1,1
1704987900000,20240315,5650000,P,888000,893400,1,1
1704987900000,20240315,4160000,C,642900,648000,1,1
1704987900000,20240315,4160000,P,7600,7700,1,1
1704987900000,20240315,4800000,C,89100,89400,1,1
1704987900000,20240315,4800000,P,93000,93300,1,1
1704987900000,20240315,2450000,C,2329100,2335500,1,1
1704987900000,20240315,2450000,P,200,300,1,1
1704987900000,20240315,4370000,C,441600,446400,1,1
1704987900000,20240315,4370000,P,14800,14900,1,1
1704987900000,20240315,5010000,C,15400,15600,1,1
1704987900000,20240315,5010000,P,248500,253700,1,1
1704987900000,20240315,3300000,C,1488700,1494200,1,1
1704987900000,20240315,3300000,P,1200,1300,1,1
1704987900000,20240315,4580000,C,252500,255000,1,1
1704987900000,20240315,4580000,P,33500,33700,1,1
1704987900000,20240315,5220000,C,1800,1900,1,1
1704987900000,20240315,5220000,P,458400,463600,1,1
1704987900000,20240315,6500000,P,1737000,1742800,1,1
1704987900000,20240315,4150000,C,652600,657700,1,1
1704987900000,20240315,4150000,P,7400,7500,1,1
1704987900000,20240315,4790000,C,94900,95300,1,1
1704987900000,20240315,4790000,P,88500,88800,1,1
1704987900000,20240315,5850000,P,1087900,1093400,1,1
1704987900000,20240315,4360000,C,451000,455900,1,1
1704987900000,20240315,4360000,P,14300,14400,1,1
1704987900000,20240315,5000000,C,17000,17200,1,1
1704987900000,20240315,5000000,P,238500,243700,1,1
1704987900000,20240315,2650000,C,2131300,2137500,1,1
1704987900000,20240315,2650000,P,300,400,1,1
1704987900000,20240315,4570000,C,259500,263700,1,1
1704987900000,20240315,4570000,P,32100,32300,1,1
1704987900000,20240315,3500000,C,1291200,1296700,1,1
1704987900000,20240315,3500000,P,1800,1900,1,1
1704987900000,20240315,4140000,C,662300,667500,1,1
1704987900000,20240315,4140000,P,7200,7300,1,1
1704987900000,20240315,4780000,C,101000,101300,1,1
1704987900000,20240315,4780000,P,84200,84500,1,1
1704987900000,20240315,4350000,C,460500,465400,1,1
1704987900000,20240315,4350000,P,13800,13900,1,1
1704987900000,20240315,4990000,C,18800,19000,1,1
1704987900000,20240315,4990000,P,228600,233700,1,1
1704987900000,20240315,6050000,P,1287600,1293100,1,1
1704987900000,20240315,2000000,C,2774100,2781100,1,1
1704987900000,20240315,2000000,P,100,200,1,1
1704987900000,20240315,4560000,C,268200,272400,1,1
1704987900000,20240315,4560000,P,30800,31000,1,1
1704987900000,20240315,5200000,C,2200,2300,1,1
1704987900000,20240315,5200000,P,438400,443600,1,1
1704987900000,20240315,2850000,C,1933500,1939600,1,1
1704987900000,20240315,2850000,P,500,600,1,1
1704987900000,20240315,4130000,C,672000,677200,1,1
1704987900000,20240315,4130000,P,7000,7100,1,1
1704987900000,20240315,4770000,C,107200,107600,1,1
1704987900000,20240315,4770000,P,80200,80400,1,1
1704987900000,20240315,3700000,C,1094000,1099300,1,1
1704987900000,20240315,3700000,P,2600,2700,1,1
1704987900000,20240315,4340000,C,469900,474900,1,1
1704987900000,20240315,4340000,P,13300,13500,1,1
1704987900000,20240315,4980000,C,20700,20900,1,1
1704987900000,20240315,4980000,P,218600,223700,1,1
1704987900000,20240315,4550000,C,276900,281200,1,1
1704987900000,20240315,4550000,P,29500,29700,1,1
1704987900000,20240315,6250000,P,1487500,1493300,1,1
1704987900000,20240315,2200000,C,2576400,2583000,1,1
1704987900000,20240315,2200000,P,100,200,1,1
1704987900000,20240315,4120000,C,682000,686900,1,1
1704987900000,20240315,4120000,P,6800,6900,1,1
1704987900000,20240315,4760000,C,113600,114000,1,1
1704987900000,20240315,4760000,P,76300,76600,1,1
1704987900000,20240315,5400000,C,500,600,1,1
1704987900000,20240315,5400000,P,638200,643500,1,1
1704987900000,20240315,3050000,C,1735800,1741700,1,1
1704987900000,20240315,3050000,P,800,900,1,1
1704987900000,20240315,4330000,C,479400,484400,1,1
1704987900000,20240315,4330000,P,12900,13000,1,1
1704987900000,20240315,4970000,C,22800,23000,1,1
1704987900000,20240315,4970000,P,209100,214000,1,1
1704987900000,20240315,3900000,C,897000,902400,1,1
1704987900000,20240315,3900000,P,4000,4100,1,1
1704987900000,20240315,4540000,C,285800,290000,1,1
1704987900000,20240315,4540000,P,28300,28500,1,1
1704987900000,20240315,5180000,C,2600,2700,1,1
1704987900000,20240315,5180000,P,418400,423600,1,1
1704987900000,20240315,4110000,C,691500,696700,1,1
1704987900000,20240315,4110000,P,6600,6700,1,1
1704987900000,20240315,4750000,C,120200,120600,1,1
1704987900000,20240315,4750000,P,72700,72900,1,1
1704987900000,20240315,6450000,P,1687300,1693200,1,1
1704987900000,20240315,2400000,C,2378600,2385000,1,1
1704987900000,20240315,2400000,P,200,300,1,1
1704987900000,20240315,4320000,C,488900,492500,1,1
1704987900000,20240315,4320000,P,12400,12600,1,1
1704987900000,20240315,4960000,C,25000,25300,1,1
1704987900000,20240315,4960000,P,199900,204700,1,1
1704987900000,20240315,5600000,C,200,300,1,1
1704987900000,20240315,5600000,P,838100,843500,1,1
1704987900000,20240315,3250000,C,1537800,1543600,1,1
1704987900000,20240315,3250000,P,1100,1200,1,1
1704987900000,20240315,4530000,C,294600,299000,1,1
1704987900000,20240315,4530000,P,27200,27400,1,1
1704987900000,20240315,4100000,C,701200,706400,1,1
1704987900000,20240315,4100000,P,6400,6500,1,1
1704987900000,20240315,4740000,C,127000,127400,1,1
1704987900000,20240315,4740000,P,69200,69500,1,1
1704987900000,20240315,4310000,C,498500,503400,1,1
1704987900000,20240315,4310000,P,12000,12200,1,1
1704987900000,20240315,4950000,C,27500,27700,1,1
1704987900000,20240315,4950000,P,190900,195600,1,1
1704987900000,20240315,2600000,C,2180800,2187000,1,1
1704987900000,20240315,2600000,P,300,400,1,1
1704987900000,20240315,4520000,C,303500,307900,1,1
1704987900000,20240315,4520000,P,26100,26300,1,1
1704987900000,20240315,5160000,C,3200,3300,1,1
1704987900000,20240315,5160000,P,398500,403700,1,1
1704987900000,20240315,5800000,C,100,200,1,1
1704987900000,20240315,5800000,P,1037900,1043400,1,1
1704987900000,20240315,3450000,C,1340300,1346000,1,1
1704987900000,20240315,3450000,P,1600,1700,1,1
1704987900000,20240315,4090000,C,710900,716200,1,1
1704987900000,20240315,4090000,P,6300,6400,1,1
1704987900000,20240315,4730000,C,133900,134300,1,1
1704987900000,20240315,4730000,P,66000,66200,1,1
1704987900000,20240315,4300000,C,508000,513000,1,1
1704987900000,20240315,4300000,P,11600,11800,1,1
1704987900000,20240315,4940000,C,30100,30300,1,1
1704987900000,20240315,4940000,P,182200,186800,1,1
1704987900000,20240315,1950000,C,2823600,2830600,1,1
1704987900000,20240315,1950000,P,100,200,1,1
1704987900000,20240315,4510000,C,312700,316900,1,1
1704987900000,20240315,4510000,P,25100,25300,1,1
1704987900000,20240315,5150000,C,3500,3600,1,1
1704987900000,20240315,5150000,P,388500,393700,1,1
1704987900000,20240315,2800000,C,1983000,1989000,1,1
1704987900000,20240315,2800000,P,500,600,1,1
1704987900000,20240315,4080000,C,720700,726000,1,1
1704987900000,20240315,4080000,P,6100,6200,1,1
1704987900000,20240315,4720000,C,140900,141400,1,1
1704987900000,20240315,4720000,P,62900,63100,1,1
1704987900000,20240315,6000000,P,1237700,1243100,1,1
1704987900000,20240315,3650000,C,1143500,1148700,1,1
1704987900000,20240315,3650000,P,2400,2500,1,1
1704987900000,20240315,4290000,C,517600,522500,1,1
1704987900000,20240315,4290000,P,11300,11400,1,1
1704987900000,20240315,4930000,C,32900,33200,1,1
1704987900000,20240315,4930000,P,173800,178300,1,1
1704987900000,20240315,5350000,C,700,800,1,1
1704987900000,20240315,5350000,P,588300,593600,1,1
1704987900000,20240315,4500000,C,321500,325900,1,1
1704987900000,20240315,4500000,P,24100,24300,1,1
1704987900000,20240315,5140000,C,3900,4000,1,1
1704987900000,20240315,5140000,P,378500,383700,1,1
1704987900000,20240315,2150000,C,2625900,2632600,1,1
1704987900000,20240315,2150000,P,100,200,1,1
1704987900000,20240315,4070000,C,730500,735700,1,1
1704987900000,20240315,4070000,P,6000,6100,1,1
1704987900000,20240315,4710000,C,148200,148700,1,1
1704987900000,20240315,4710000,P,60000,60200,1,1
1704987900000,20240315,3000000,C,1785300,1791100,1,1
1704987900000,20240315,3000000,P,700,800,1,1
1704987900000,20240315,4280000,C,527100,532200,1,1
1704987900000,20240315,4280000,P,10900,11000,1,1
1704987900000,20240315,4920000,C,35900,36200,1,1
1704987900000,20240315,4920000,P,165700,170000,1,1
1704987900000,20240315,6200000,P,1437500,1443000,1,1
1704987900000,20240315,3850000,C,946200,951600,1,1
1704987900000,20240315,3850000,P,3600,3700,1,1
1704987900000,20240315,4490000,C,330500,335000,1,1
1704987900000,20240315,4490000,P,23200,23400,1,1
1704987900000,20240315,5550000,C,200,300,1,1
1704987900000,20240315,5550000,P,788200,793500,1,1
1704987900000,20240315,4060000,C,740200,745500,1,1
1704987900000,20240315,4060000,P,5800,5900,1,1
1704987900000,20240315,4700000,C,155500,156100,1,1
1704987900000,20240315,4700000,P,57200,57400,1,1
1704987900000,20240315,2350000,C,2428000,2434500,1,1
1704987900000,20240315,2350000,P,200,300,1,1
1704987900000,20240315,4270000,C,536900,541700,1,1
1704987900000,20240315,4270000,P,10600,10700,1,1
1704987900000,20240315,4910000,C,39200,39400,1,1
1704987900000,20240315,4910000,P,158000,162000,1,1
