1704728700000,20240108,4160000,C,576000,591500,1,1
1704728700000,20240108,4480000,C,256200,266800,1,1
1704728700000,20240108,4800000,P,57200,63300,1,1
1704728700000,20240108,4370000,C,365700,376600,1,1
1704728700000,20240108,4050000,C,690600,692600,1,1
1704728700000,20240108,4690000,C,51000,52000,1,1
1704728700000,20240108,4260000,C,475400,487500,1,1
1704728700000,20240108,4580000,C,156700,165900,1,1
1704728700000,20240108,4900000,P,153700,163200,1,1
1704728700000,20240108,4150000,C,579000,597000,1,1
1704728700000,20240108,4470000,C,266200,277100,1,1
1704728700000,20240108,4790000,P,47900,50500,1,1
1704728700000,20240108,4360000,C,375300,386600,1,1
1704728700000,20240108,5000000,P,248000,264600,1,1
1704728700000,20240108,4680000,C,60800,62000,1,1
1704728700000,20240108,4250000,C,485600,496400,1,1
1704728700000,20240108,4570000,C,165600,176700,1,1
1704728700000,20240108,4890000,P,143300,153700,1,1
1704728700000,20240108,4140000,C,596400,606500,1,1
1704728700000,20240108,4460000,C,275800,287400,1,1
1704728700000,20240108,4780000,P,37500,41800,1,1
1704728700000,20240108,5100000,P,353700,370700,1,1
1704728700000,20240108,4350000,C,385500,396600,1,1
1704728700000,20240108,4670000,C,67800,75200,1,1
1704728700000,20240108,4990000,P,238300,254600,1,1
1704728700000,20240108,4240000,C,495400,507000,1,1
1704728700000,20240108,4560000,C,175700,185800,1,1
1704728700000,20240108,5200000,P,447400,464500,1,1
1704728700000,20240108,4880000,P,133900,141200,1,1
1704728700000,20240108,4130000,C,605400,622900,1,1
1704728700000,20240108,4450000,C,285900,296800,1,1
1704728700000,20240108,4770000,P,28100,30000,1,1
1704728700000,20240108,4340000,C,398100,406600,1,1
1704728700000,20240108,4660000,C,78900,84400,1,1
1704728700000,20240108,4980000,P,233900,244600,1,1
1704728700000,20240108,5300000,P,544200,564500,1,1
1704728700000,20240108,4230000,C,505600,521800,1,1
1704728700000,20240108,4550000,C,186100,196300,1,1
1704728700000,20240108,4870000,P,123700,133000,1,1
1704728700000,20240108,4120000,C,609100,627600,1,1
1704728700000,20240108,4440000,C,297600,312300,1,1
1704728700000,20240108,4760000,C,100,200,1,1
1704728700000,20240108,4760000,P,18200,19100,1,1
1704728700000,20240108,5400000,P,657200,659200,1,1
1704728700000,20240108,4330000,C,405700,416700,1,1
1704728700000,20240108,4650000,C,88900,96900,1,1
1704728700000,20240108,4970000,P,224000,233800,1,1
1704728700000,20240108,4220000,C,515500,526300,1,1
1704728700000,20240108,4540000,C,198100,207100,1,1
1704728700000,20240108,4860000,P,115000,122300,1,1
1704728700000,20240108,4110000,C,625200,637100,1,1
1704728700000,20240108,4430000,C,305900,316700,1,1
1704728700000,20240108,4750000,C,700,800,1,1
1704728700000,20240108,4750000,P,8900,9400,1,1
1704728700000,20240108,4320000,C,418100,426600,1,1
1704728700000,20240108,4640000,C,99900,106600,1,1
1704728700000,20240108,4960000,P,212700,223900,1,1
1704728700000,20240108,4210000,C,525500,537400,1,1
1704728700000,20240108,4530000,C,206400,214600,1,1
1704728700000,20240108,4850000,P,103400,110900,1,1
1704728700000,20240108,4100000,C,635400,647200,1,1
1704728700000,20240108,4420000,C,318300,326600,1,1
1704728700000,20240108,4740000,C,3900,4100,1,1
1704728700000,20240108,4740000,P,2400,2500,1,1
1704728700000,20240108,4310000,C,425200,437200,1,1
1704728700000,20240108,4950000,P,203900,213900,1,1
1704728700000,20240108,4630000,C,108900,117100,1,1
1704728700000,20240108,4200000,C,535400,547400,1,1
1704728700000,20240108,4520000,C,218300,226700,1,1
1704728700000,20240108,4840000,P,93300,100900,1,1
1704728700000,20240108,4090000,C,645000,657300,1,1
1704728700000,20240108,4410000,C,325400,336600,1,1
1704728700000,20240108,4730000,C,11800,12300,1,1
1704728700000,20240108,4730000,P,400,500,1,1
1704728700000,20240108,5050000,P,302600,315200,1,1
1704728700000,20240108,4300000,C,435100,446400,1,1
1704728700000,20240108,4940000,P,193700,201200,1,1
1704728700000,20240108,4620000,C,116100,125800,1,1
1704728700000,20240108,4190000,C,546400,557100,1,1
1704728700000,20240108,4510000,C,225500,236200,1,1
1704728700000,20240108,4830000,P,85300,91000,1,1
1704728700000,20240108,5150000,P,403200,421500,1,1
1704728700000,20240108,5250000,P,503000,514300,1,1
1704728700000,20240108,4400000,C,337800,347700,1,1
1704728700000,20240108,4080000,C,655900,667400,1,1
1704728700000,20240108,4720000,C,21100,22100,1,1
1704728700000,20240108,4720000,P,100,200,1,1
1704728700000,20240108,4290000,C,445600,457200,1,1
1704728700000,20240108,4930000,P,186000,193800,1,1
1704728700000,20240108,4610000,C,129400,135100,1,1
1704728700000,20240108,5350000,P,607200,609200,1,1
1704728700000,20240108,4500000,C,238000,247100,1,1
1704728700000,20240108,4180000,C,555800,566300,1,1
1704728700000,20240108,4820000,P,75700,82800,1,1
1704728700000,20240108,4390000,C,339800,357300,1,1
1704728700000,20240108,4070000,C,670600,672700,1,1
1704728700000,20240108,4710000,C,31000,32200,1,1
1704728700000,20240108,4710000,P,100,200,1,1
1704728700000,20240108,5450000,P,707100,709200,1,1
1704728700000,20240108,4280000,C,455400,473300,1,1
1704728700000,20240108,4600000,C,137000,145300,1,1
1704728700000,20240108,4920000,P,174200,184300,1,1
1704728700000,20240108,4170000,C,558300,577200,1,1
1704728700000,20240108,4490000,C,239600,257000,1,1
1704728700000,20240108,4810000,P,67300,72100,1,1
1704728700000,20240108,4380000,C,355400,371600,1,1
1704728700000,20240108,4060000,C,680600,682600,1,1
1704728700000,20240108,4700000,C,41000,42000,1,1
1704728700000,20240108,4270000,C,465400,477200,1,1
1704728700000,20240108,4910000,P,164700,173400,1,1
1704728700000,20240108,4590000,C,148600,156300,1,1
1704728700000,20240109,4160000,C,580600,583900,1,1
1704728700000,20240109,4480000,C,260800,264100,1,1
1704728700000,20240109,4480000,P,100,200,1,1
1704728700000,20240109,4800000,C,300,400,1,1
1704728700000,20240109,4800000,P,56600,59900,1,1
1704728700000,20240109,4370000,C,370800,373700,1,1
1704728700000,20240109,4370000,P,100,200,1,1
1704728700000,20240109,4050000,C,690600,693900,1,1
1704728700000,20240109,4690000,C,52600,53800,1,1
1704728700000,20240109,4690000,P,900,1000,1,1
1704728700000,20240109,4260000,C,480700,484000,1,1
1704728700000,20240109,4580000,C,160900,163900,1,1
1704728700000,20240109,4580000,P,100,200,1,1
1704728700000,20240109,4900000,P,156600,159900,1,1
1704728700000,20240109,4150000,C,590600,593900,1,1
1704728700000,20240109,4470000,C,270800,273800,1,1
1704728700000,20240109,4470000,P,100,200,1,1
1704728700000,20240109,4790000,C,500,600,1,1
1704728700000,20240109,4790000,P,47300,49800,1,1
1704728700000,20240109,4360000,C,380800,384100,1,1
1704728700000,20240109,5000000,P,256600,259900,1,1
1704728700000,20240109,4680000,C,62300,63500,1,1
1704728700000,20240109,4680000,P,500,600,1,1
1704728700000,20240109,4250000,C,490700,494000,1,1
1704728700000,20240109,4570000,C,170900,174200,1,1
1704728700000,20240109,4570000,P,100,200,1,1
1704728700000,20240109,4890000,P,146600,149900,1,1
1704728700000,20240109,4140000,C,600600,603900,1,1
1704728700000,20240109,4460000,C,280800,283800,1,1
1704728700000,20240109,4460000,P,100,200,1,1
1704728700000,20240109,4780000,C,1000,1100,1,1
1704728700000,20240109,4780000,P,37800,39400,1,1
1704728700000,20240109,5100000,P,356600,359800,1,1
1704728700000,20240109,4350000,C,390800,394000,1,1
1704728700000,20240109,4670000,C,72100,73400,1,1
1704728700000,20240109,4670000,P,400,500,1,1
1704728700000,20240109,4990000,P,246600,249900,1,1
1704728700000,20240109,4240000,C,500700,504000,1,1
1704728700000,20240109,4560000,C,180900,183800,1,1
1704728700000,20240109,4560000,P,100,200,1,1
1704728700000,20240109,5200000,P,456900,459800,1,1
1704728700000,20240109,4880000,P,136600,139900,1,1
1704728700000,20240109,4130000,C,610600,613900,1,1
1704728700000,20240109,4450000,C,290800,294100,1,1
1704728700000,20240109,4450000,P,100,200,1,1
1704728700000,20240109,4770000,C,2200,2300,1,1
1704728700000,20240109,4770000,P,29500,30400,1,1
1704728700000,20240109,4340000,C,400700,404000,1,1
1704728700000,20240109,4660000,C,82000,83300,1,1
1704728700000,20240109,4660000,P,300,400,1,1
1704728700000,20240109,4980000,P,236600,239900,1,1
1704728700000,20240109,5300000,P,556900,559800,1,1
1704728700000,20240109,4230000,C,510700,514000,1,1
1704728700000,20240109,4550000,C,190900,194200,1,1
1704728700000,20240109,4550000,P,100,200,1,1
1704728700000,20240109,4870000,P,126600,129900,1,1
1704728700000,20240109,4120000,C,620600,623900,1,1
1704728700000,20240109,4440000,C,300800,304100,1,1
1704728700000,20240109,4440000,P,100,200,1,1
1704728700000,20240109,4760000,C,4400,4500,1,1
1704728700000,20240109,4760000,P,21900,22200,1,1
1704728700000,20240109,5400000,P,656500,659800,1,1
1704728700000,20240109,4330000,C,410700,414000,1,1
1704728700000,20240109,4650000,C,91900,93200,1,1
1704728700000,20240109,4650000,P,300,400,1,1
1704728700000,20240109,4970000,P,226600,229900,1,1
1704728700000,20240109,4220000,C,520700,524000,1,1
1704728700000,20240109,4540000,C,200900,204200,1,1
1704728700000,20240109,4540000,P,100,200,1,1
1704728700000,20240109,4860000,P,117000,119900,1,1
1704728700000,20240109,4110000,C,630600,633900,1,1
1704728700000,20240109,4430000,C,310800,314100,1,1
1704728700000,20240109,4430000,P,100,200,1,1
1704728700000,20240109,4750000,C,7800,7900,1,1
1704728700000,20240109,4750000,P,15400,15600,1,1
1704728700000,20240109,4320000,C,420700,424000,1,1
1704728700000,20240109,4640000,C,101900,103200,1,1
1704728700000,20240109,4640000,P,200,300,1,1
1704728700000,20240109,4960000,P,216600,219900,1,1
1704728700000,20240109,4210000,C,530700,534000,1,1
1704728700000,20240109,4530000,C,210900,214200,1,1
1704728700000,20240109,4530000,P,100,200,1,1
1704728700000,20240109,4850000,P,107000,109900,1,1
1704728700000,20240109,4100000,C,640600,643900,1,1
1704728700000,20240109,4420000,C,320800,324100,1,1
1704728700000,20240109,4420000,P,100,200,1,1
1704728700000,20240109,4740000,C,12700,12800,1,1
1704728700000,20240109,4740000,P,10300,10400,1,1
1704728700000,20240109,4310000,C,430700,433700,1,1
1704728700000,20240109,4950000,P,206600,209900,1,1
1704728700000,20240109,4630000,C,111800,113200,1,1
1704728700000,20240109,4630000,P,200,300,1,1
1704728700000,20240109,4200000,C,540700,544000,1,1
1704728700000,20240109,4520000,C,220900,224200,1,1
1704728700000,20240109,4520000,P,100,200,1,1
1704728700000,20240109,4840000,P,96600,99900,1,1
1704728700000,20240109,4090000,C,650600,653600,1,1
1704728700000,20240109,4410000,C,330800,334100,1,1
1704728700000,20240109,4410000,P,100,200,1,1
1704728700000,20240109,4730000,C,18800,19200,1,1
1704728700000,20240109,4730000,P,6600,6700,1,1
1704728700000,20240109,5050000,P,306600,309800,1,1
1704728700000,20240109,4300000,C,440700,444000,1,1
1704728700000,20240109,4940000,P,196600,199900,1,1
1704728700000,20240109,4620000,C,121000,123600,1,1
1704728700000,20240109,4620000,P,100,200,1,1
1704728700000,20240109,4190000,C,550700,553900,1,1
1704728700000,20240109,4510000,C,230900,233800,1,1
1704728700000,20240109,4510000,P,100,200,1,1
1704728700000,20240109,4830000,P,87000,89900,1,1
1704728700000,20240109,5150000,P,406900,409800,1,1
1704728700000,20240109,5250000,P,506900,509800,1,1
1704728700000,20240109,4400000,C,340800,344100,1,1
1704728700000,20240109,4400000,P,100,200,1,1
1704728700000,20240109,4080000,C,660600,663600,1,1
1704728700000,20240109,4720000,C,26200,26600,1,1
1704728700000,20240109,4720000,P,4000,4100,1,1
1704728700000,20240109,4290000,C,450700,454000,1,1
1704728700000,20240109,4930000,P,186600,189900,1,1
1704728700000,20240109,4610000,C,131000,134300,1,1
1704728700000,20240109,4610000,P,200,300,1,1
1704728700000,20240109,5350000,P,606600,609800,1,1
1704728700000,20240109,4500000,C,240800,243800,1,1
1704728700000,20240109,4500000,P,100,200,1,1
1704728700000,20240109,4180000,C,560700,563900,1,1
1704728700000,20240109,4820000,C,100,200,1,1
1704728700000,20240109,4820000,P,77000,79900,1,1
1704728700000,20240109,4390000,C,350800,354100,1,1
1704728700000,20240109,4390000,P,100,200,1,1
1704728700000,20240109,4070000,C,670600,673900,1,1
1704728700000,20240109,4710000,C,34200,35000,1,1
1704728700000,20240109,4710000,P,2400,2500,1,1
1704728700000,20240109,5450000,P,706900,709800,1,1
1704728700000,20240109,4280000,C,460700,464000,1,1
1704728700000,20240109,4600000,C,140900,143900,1,1
1704728700000,20240109,4600000,P,100,200,1,1
1704728700000,20240109,4920000,P,177000,179900,1,1
1704728700000,20240109,4170000,C,570600,573900,1,1
1704728700000,20240109,4490000,C,250800,253800,1,1
1704728700000,20240109,4490000,P,100,200,1,1
1704728700000,20240109,4810000,C,100,200,1,1
1704728700000,20240109,4810000,P,67000,69900,1,1
1704728700000,20240109,4380000,C,360800,364100,1,1
1704728700000,20240109,4380000,P,100,200,1,1
1704728700000,20240109,4060000,C,680600,683900,1,1
1704728700000,20240109,4700000,C,43200,44200,1,1
1704728700000,20240109,4700000,P,1400,1500,1,1
1704728700000,20240109,4270000,C,470700,473600,1,1
1704728700000,20240109,4910000,P,167000,169900,1,1
1704728700000,20240109,4590000,C,150900,154200,1,1
1704728700000,20240109,4590000,P,100,200,1,1
1704728700000,20240110,4160000,C,581400,584700,1,1
1704728700000,20240110,4480000,C,261600,264900,1,1
1704728700000,20240110,4480000,P,100,200,1,1
1704728700000,20240110,4800000,C,1200,1300,1,1
1704728700000,20240110,4800000,P,57200,60000,1,1
1704728700000,20240110,4370000,C,371500,374800,1,1
1704728700000,20240110,4370000,P,100,200,1,1
1704728700000,20240110,4050000,C,691300,694600,1,1
1704728700000,20240110,4690000,C,54900,55800,1,1
1704728700000,20240110,4690000,P,2400,2500,1,1
1704728700000,20240110,4260000,C,481400,484400,1,1
1704728700000,20240110,4260000,P,100,200,1,1
1704728700000,20240110,4580000,C,161700,165000,1,1
1704728700000,20240110,4580000,P,200,300,1,1
1704728700000,20240110,4900000,P,156600,159900,1,1
1704728700000,20240110,4150000,C,591400,594600,1,1
1704728700000,20240110,4470000,C,271600,274800,1,1
1704728700000,20240110,4470000,P,100,200,1,1
1704728700000,20240110,4790000,C,2000,2100,1,1
1704728700000,20240110,4790000,P,48900,49900,1,1
1704728700000,20240110,4360000,C,381500,384800,1,1
1704728700000,20240110,4360000,P,100,200,1,1
1704728700000,20240110,5000000,P,256600,259900,1,1
1704728700000,20240110,4680000,C,64100,65200,1,1
1704728700000,20240110,4680000,P,1600,1700,1,1
1704728700000,20240110,4250000,C,491400,494700,1,1
1704728700000,20240110,4250000,P,100,200,1,1
1704728700000,20240110,4570000,C,171700,175000,1,1
1704728700000,20240110,4570000,P,200,300,1,1
1704728700000,20240110,4890000,P,146600,149900,1,1
1704728700000,20240110,4140000,C,601300,604600,1,1
1704728700000,20240110,4460000,C,281500,284800,1,1
1704728700000,20240110,4460000,P,100,200,1,1
1704728700000,20240110,4780000,C,3300,3400,1,1
1704728700000,20240110,4780000,P,40000,41100,1,1
1704728700000,20240110,5100000,P,356600,359800,1,1
1704728700000,20240110,4350000,C,391500,394800,1,1
1704728700000,20240110,4350000,P,100,200,1,1
1704728700000,20240110,4670000,C,73500,74600,1,1
1704728700000,20240110,4670000,P,1100,1200,1,1
1704728700000,20240110,4990000,P,246600,249900,1,1
1704728700000,20240110,4240000,C,501400,504700,1,1
1704728700000,20240110,4240000,P,100,200,1,1
1704728700000,20240110,4560000,C,181700,184900,1,1
1704728700000,20240110,4560000,P,200,300,1,1
1704728700000,20240110,5200000,P,456900,459800,1,1
1704728700000,20240110,4880000,P,137000,139900,1,1
1704728700000,20240110,4130000,C,611300,614600,1,1
1704728700000,20240110,4450000,C,291500,294800,1,1
1704728700000,20240110,4450000,P,100,200,1,1
1704728700000,20240110,4770000,C,5400,5500,1,1
1704728700000,20240110,4770000,P,32500,32700,1,1
1704728700000,20240110,4340000,C,401500,404800,1,1
1704728700000,20240110,4340000,P,100,200,1,1
1704728700000,20240110,4660000,C,83200,84500,1,1
1704728700000,20240110,4660000,P,800,900,1,1
1704728700000,20240110,4980000,P,236600,239900,1,1
1704728700000,20240110,5300000,P,556900,559800,1,1
1704728700000,20240110,4230000,C,511400,514700,1,1
1704728700000,20240110,4230000,P,100,200,1,1
1704728700000,20240110,4550000,C,191600,194600,1,1
1704728700000,20240110,4550000,P,200,300,1,1
1704728700000,20240110,4870000,P,127000,129900,1,1
1704728700000,20240110,4120000,C,621300,624600,1,1
1704728700000,20240110,4440000,C,301500,304800,1,1
1704728700000,20240110,4440000,P,100,200,1,1
1704728700000,20240110,4760000,C,8400,8500,1,1
1704728700000,20240110,4760000,P,25300,25700,1,1
1704728700000,20240110,5400000,P,656500,659800,1,1
1704728700000,20240110,4330000,C,411500,414800,1,1
1704728700000,20240110,4330000,P,100,200,1,1
1704728700000,20240110,4650000,C,93000,94300,1,1
1704728700000,20240110,4650000,P,700,800,1,1
1704728700000,20240110,4970000,P,226600,229900,1,1
1704728700000,20240110,4220000,C,521400,524700,1,1
1704728700000,20240110,4220000,P,100,200,1,1
1704728700000,20240110,4540000,C,201600,204600,1,1
1704728700000,20240110,4540000,P,200,300,1,1
1704728700000,20240110,4860000,P,116600,119900,1,1
1704728700000,20240110,4110000,C,631300,634300,1,1
1704728700000,20240110,4430000,C,311500,314500,1,1
1704728700000,20240110,4430000,P,100,200,1,1
1704728700000,20240110,4750000,C,12400,12500,1,1
1704728700000,20240110,4750000,P,19400,19500,1,1
1704728700000,20240110,4320000,C,421500,424700,1,1
1704728700000,20240110,4320000,P,100,200,1,1
1704728700000,20240110,4640000,C,102900,104200,1,1
1704728700000,20240110,4640000,P,500,600,1,1
1704728700000,20240110,4960000,P,216600,219900,1,1
1704728700000,20240110,4210000,C,531400,534700,1,1
1704728700000,20240110,4210000,P,100,200,1,1
1704728700000,20240110,4530000,C,211600,214900,1,1
1704728700000,20240110,4530000,P,200,300,1,1
1704728700000,20240110,4850000,C,100,200,1,1
1704728700000,20240110,4850000,P,106600,109900,1,1
1704728700000,20240110,4100000,C,641300,644300,1,1
1704728700000,20240110,4420000,C,321500,324800,1,1
1704728700000,20240110,4420000,P,100,200,1,1
1704728700000,20240110,4740000,C,17400,17500,1,1
1704728700000,20240110,4740000,P,14400,14600,1,1
1704728700000,20240110,4310000,C,431500,434700,1,1
1704728700000,20240110,4310000,P,100,200,1,1
1704728700000,20240110,4950000,P,206600,209900,1,1
1704728700000,20240110,4630000,C,112800,114400,1,1
1704728700000,20240110,4630000,P,400,500,1,1
1704728700000,20240110,4200000,C,541400,544700,1,1
1704728700000,20240110,4200000,P,100,200,1,1
1704728700000,20240110,4520000,C,221600,224900,1,1
1704728700000,20240110,4520000,P,200,300,1,1
1704728700000,20240110,4840000,C,100,200,1,1
1704728700000,20240110,4840000,P,97000,99900,1,1
1704728700000,20240110,4090000,C,651300,654600,1,1
1704728700000,20240110,4410000,C,331500,334800,1,1
1704728700000,20240110,4410000,P,100,200,1,1
1704728700000,20240110,4730000,C,23400,23700,1,1
1704728700000,20240110,4730000,P,10500,10600,1,1
1704728700000,20240110,5050000,P,306600,309800,1,1
1704728700000,20240110,4300000,C,441400,444700,1,1
1704728700000,20240110,4300000,P,100,200,1,1
1704728700000,20240110,4940000,P,196600,199900,1,1
1704728700000,20240110,4620000,C,122700,124400,1,1
1704728700000,20240110,4620000,P,400,500,1,1
1704728700000,20240110,4190000,C,551400,554700,1,1
1704728700000,20240110,4510000,C,231600,234900,1,1
1704728700000,20240110,4510000,P,200,300,1,1
1704728700000,20240110,4830000,C,200,300,1,1
1704728700000,20240110,4830000,P,86600,89900,1,1
1704728700000,20240110,5150000,P,406900,409800,1,1
1704728700000,20240110,5250000,P,506900,509800,1,1
1704728700000,20240110,4400000,C,341500,344800,1,1
1704728700000,20240110,4400000,P,100,200,1,1
1704728700000,20240110,4080000,C,661300,664600,1,1
1704728700000,20240110,4720000,C,30300,30800,1,1
1704728700000,20240110,4720000,P,7400,7500,1,1
1704728700000,20240110,4290000,C,451400,454700,1,1
1704728700000,20240110,4290000,P,100,200,1,1
1704728700000,20240110,4930000,P,186600,189900,1,1
1704728700000,20240110,4610000,C,132700,134300,1,1
1704728700000,20240110,4610000,P,300,400,1,1
1704728700000,20240110,5350000,P,606600,609800,1,1
1704728700000,20240110,4500000,C,241600,244900,1,1
1704728700000,20240110,4500000,P,200,300,1,1
1704728700000,20240110,4180000,C,561400,564700,1,1
1704728700000,20240110,4820000,C,300,400,1,1
1704728700000,20240110,4820000,P,77000,79900,1,1
1704728700000,20240110,4390000,C,351500,354400,1,1
1704728700000,20240110,4390000,P,100,200,1,1
1704728700000,20240110,4070000,C,671300,674600,1,1
1704728700000,20240110,4710000,C,37900,38500,1,1
1704728700000,20240110,4710000,P,5100,5200,1,1
1704728700000,20240110,5450000,P,706900,709800,1,1
1704728700000,20240110,4280000,C,461400,464700,1,1
1704728700000,20240110,4280000,P,100,200,1,1
1704728700000,20240110,4600000,C,142600,144300,1,1
1704728700000,20240110,4600000,P,300,400,1,1
1704728700000,20240110,4920000,P,177000,179900,1,1
1704728700000,20240110,4170000,C,571400,574700,1,1
1704728700000,20240110,4490000,C,251600,254900,1,1
1704728700000,20240110,4490000,P,200,300,1,1
1704728700000,20240110,4810000,C,600,700,1,1
1704728700000,20240110,4810000,P,67000,69900,1,1
1704728700000,20240110,4380000,C,361500,364800,1,1
1704728700000,20240110,4380000,P,100,200,1,1
1704728700000,20240110,4060000,C,681300,684200,1,1
1704728700000,20240110,4700000,C,46000,46900,1,1
1704728700000,20240110,4700000,P,3500,3600,1,1
1704728700000,20240110,4270000,C,471400,474400,1,1
1704728700000,20240110,4270000,P,100,200,1,1
1704728700000,20240110,4910000,P,167000,169900,1,1
1704728700000,20240110,4590000,C,152500,154200,1,1
1704728700000,20240110,4590000,P,300,400,1,1
1704728700000,20240111,4160000,C,584000,586900,1,1
1704728700000,20240111,4160000,P,100,200,1,1
1704728700000,20240111,4480000,C,264400,267800,1,1
1704728700000,20240111,4480000,P,300,400,1,1
1704728700000,20240111,4800000,C,4300,4400,1,1
1704728700000,20240111,4800000,P,59300,60600,1,1
1704728700000,20240111,4370000,C,374200,377200,1,1
1704728700000,20240111,4370000,P,200,300,1,1
1704728700000,20240111,4050000,C,693800,696800,1,1
1704728700000,20240111,4050000,P,100,200,1,1
1704728700000,20240111,4690000,C,61000,61900,1,1
1704728700000,20240111,4690000,P,5600,5700,1,1
1704728700000,20240111,4260000,C,484100,487500,1,1
1704728700000,20240111,4260000,P,200,300,1,1
1704728700000,20240111,4580000,C,165500,167300,1,1
1704728700000,20240111,4580000,P,500,600,1,1
1704728700000,20240111,4900000,C,100,200,1,1
1704728700000,20240111,4900000,P,157000,159900,1,1
1704728700000,20240111,4150000,C,593900,596900,1,1
1704728700000,20240111,4150000,P,100,200,1,1
1704728700000,20240111,4470000,C,274400,277700,1,1
1704728700000,20240111,4470000,P,300,400,1,1
1704728700000,20240111,4790000,C,6200,6300,1,1
1704728700000,20240111,4790000,P,51000,52100,1,1
1704728700000,20240111,4360000,C,384200,387600,1,1
1704728700000,20240111,4360000,P,200,300,1,1
1704728700000,20240111,4680000,C,69600,70800,1,1
1704728700000,20240111,4680000,P,4200,4300,1,1
1704728700000,20240111,5000000,P,256500,259900,1,1
1704728700000,20240111,4250000,C,494100,497400,1,1
1704728700000,20240111,4250000,P,200,300,1,1
1704728700000,20240111,4570000,C,175500,177200,1,1
1704728700000,20240111,4570000,P,500,600,1,1
1704728700000,20240111,4890000,C,100,200,1,1
1704728700000,20240111,4890000,P,146600,149900,1,1
1704728700000,20240111,4140000,C,603900,607300,1,1
1704728700000,20240111,4140000,P,100,200,1,1
1704728700000,20240111,4460000,C,284400,287700,1,1
1704728700000,20240111,4460000,P,300,400,1,1
1704728700000,20240111,4780000,C,8700,8800,1,1
1704728700000,20240111,4780000,P,43400,44100,1,1
1704728700000,20240111,5100000,P,356500,359800,1,1
1704728700000,20240111,4350000,C,394200,397600,1,1
1704728700000,20240111,4350000,P,200,300,1,1
1704728700000,20240111,4670000,C,78500,79600,1,1
1704728700000,20240111,4670000,P,3200,3300,1,1
1704728700000,20240111,4990000,P,246500,249900,1,1
1704728700000,20240111,4240000,C,504100,507400,1,1
1704728700000,20240111,4240000,P,200,300,1,1
1704728700000,20240111,4560000,C,185400,187200,1,1
1704728700000,20240111,4560000,P,400,500,1,1
1704728700000,20240111,4880000,C,200,300,1,1
1704728700000,20240111,4880000,P,136600,139900,1,1
1704728700000,20240111,5200000,P,456900,459800,1,1
1704728700000,20240111,4130000,C,613900,616900,1,1
1704728700000,20240111,4130000,P,100,200,1,1
1704728700000,20240111,4450000,C,294400,297700,1,1
1704728700000,20240111,4450000,P,300,400,1,1
1704728700000,20240111,4770000,C,11800,12000,1,1
1704728700000,20240111,4770000,P,36400,36900,1,1
1704728700000,20240111,4340000,C,404200,407600,1,1
1704728700000,20240111,4340000,P,200,300,1,1
1704728700000,20240111,4660000,C,87700,88800,1,1
1704728700000,20240111,4660000,P,2400,2500,1,1
1704728700000,20240111,4980000,P,236600,239900,1,1
1704728700000,20240111,5300000,P,556900,559800,1,1
1704728700000,20240111,4230000,C,514000,517000,1,1
1704728700000,20240111,4230000,P,200,300,1,1
1704728700000,20240111,4550000,C,195300,197100,1,1
1704728700000,20240111,4550000,P,400,500,1,1
1704728700000,20240111,4870000,C,200,300,1,1
1704728700000,20240111,4870000,P,126600,129900,1,1
1704728700000,20240111,4120000,C,623900,627200,1,1
1704728700000,20240111,4120000,P,100,200,1,1
1704728700000,20240111,4440000,C,304400,307700,1,1
1704728700000,20240111,4440000,P,300,400,1,1
1704728700000,20240111,4760000,C,15700,15800,1,1
1704728700000,20240111,4760000,P,30100,30400,1,1
1704728700000,20240111,5400000,P,656500,659800,1,1
1704728700000,20240111,4330000,C,414200,417600,1,1
1704728700000,20240111,4330000,P,200,300,1,1
1704728700000,20240111,4650000,C,97100,98300,1,1
1704728700000,20240111,4650000,P,1800,1900,1,1
1704728700000,20240111,4970000,P,226600,229900,1,1
1704728700000,20240111,4220000,C,524000,527400,1,1
1704728700000,20240111,4220000,P,100,200,1,1
1704728700000,20240111,4540000,C,204600,207900,1,1
1704728700000,20240111,4540000,P,400,500,1,1
1704728700000,20240111,4860000,C,300,400,1,1
1704728700000,20240111,4860000,P,116600,119900,1,1
1704728700000,20240111,4110000,C,633900,637300,1,1
1704728700000,20240111,4110000,P,100,200,1,1
1704728700000,20240111,4430000,C,314300,317300,1,1
1704728700000,20240111,4430000,P,200,300,1,1
1704728700000,20240111,4750000,C,20300,20400,1,1
1704728700000,20240111,4750000,P,24700,24900,1,1
1704728700000,20240111,4320000,C,424200,427500,1,1
1704728700000,20240111,4320000,P,200,300,1,1
1704728700000,20240111,4640000,C,106600,107900,1,1
1704728700000,20240111,4640000,P,1400,1500,1,1
1704728700000,20240111,4960000,P,216600,219900,1,1
1704728700000,20240111,4210000,C,534000,537000,1,1
1704728700000,20240111,4210000,P,100,200,1,1
1704728700000,20240111,4530000,C,214600,217900,1,1
1704728700000,20240111,4530000,P,400,500,1,1
1704728700000,20240111,4850000,C,500,600,1,1
1704728700000,20240111,4850000,P,106600,109900,1,1
1704728700000,20240111,4100000,C,643900,647300,1,1
1704728700000,20240111,4100000,P,100,200,1,1
1704728700000,20240111,4420000,C,324300,327300,1,1
1704728700000,20240111,4420000,P,200,300,1,1
1704728700000,20240111,4740000,C,25600,25700,1,1
1704728700000,20240111,4740000,P,19900,20000,1,1
1704728700000,20240111,4310000,C,434200,437500,1,1
1704728700000,20240111,4310000,P,200,300,1,1
1704728700000,20240111,4630000,C,116300,117600,1,1
1704728700000,20240111,4630000,P,1200,1300,1,1
1704728700000,20240111,4950000,P,206600,209900,1,1
1704728700000,20240111,4200000,C,544000,547400,1,1
1704728700000,20240111,4200000,P,100,200,1,1
1704728700000,20240111,4520000,C,224500,227800,1,1
1704728700000,20240111,4520000,P,300,400,1,1
1704728700000,20240111,4840000,C,800,900,1,1
1704728700000,20240111,4840000,P,96600,99900,1,1
1704728700000,20240111,4090000,C,653900,657200,1,1
1704728700000,20240111,4090000,P,100,200,1,1
1704728700000,20240111,4410000,C,334300,337600,1,1
1704728700000,20240111,4410000,P,200,300,1,1
1704728700000,20240111,4730000,C,31500,31800,1,1
1704728700000,20240111,4730000,P,15800,15900,1,1
1704728700000,20240111,5050000,P,306500,309900,1,1
1704728700000,20240111,4300000,C,444100,447100,1,1
1704728700000,20240111,4300000,P,200,300,1,1
1704728700000,20240111,4620000,C,126100,127400,1,1
1704728700000,20240111,4620000,P,900,1000,1,1
1704728700000,20240111,4940000,P,196600,199900,1,1
1704728700000,20240111,4190000,C,554000,556900,1,1
1704728700000,20240111,4190000,P,100,200,1,1
1704728700000,20240111,4510000,C,234500,237800,1,1
1704728700000,20240111,4510000,P,300,400,1,1
1704728700000,20240111,4830000,C,1200,1300,1,1
1704728700000,20240111,4830000,P,86600,89900,1,1
1704728700000,20240111,5150000,P,406900,409800,1,1
1704728700000,20240111,5250000,P,506900,509800,1,1
1704728700000,20240111,4080000,C,663800,666800,1,1
1704728700000,20240111,4080000,P,100,200,1,1
1704728700000,20240111,4400000,C,344300,347600,1,1
1704728700000,20240111,4400000,P,200,300,1,1
1704728700000,20240111,4720000,C,38200,38600,1,1
1704728700000,20240111,4720000,P,12400,12500,1,1
1704728700000,20240111,4290000,C,454100,457500,1,1
1704728700000,20240111,4290000,P,200,300,1,1
1704728700000,20240111,4930000,C,100,200,1,1
1704728700000,20240111,4930000,P,186600,189900,1,1
1704728700000,20240111,4610000,C,135900,137600,1,1
1704728700000,20240111,4610000,P,800,900,1,1
1704728700000,20240111,5350000,P,606500,609800,1,1
1704728700000,20240111,4180000,C,564000,567400,1,1
1704728700000,20240111,4180000,P,100,200,1,1
1704728700000,20240111,4500000,C,244500,247800,1,1
1704728700000,20240111,4500000,P,300,400,1,1
1704728700000,20240111,4820000,C,1900,2000,1,1
1704728700000,20240111,4820000,P,77000,79900,1,1
1704728700000,20240111,4390000,C,354300,357600,1,1
1704728700000,20240111,4390000,P,200,300,1,1
1704728700000,20240111,4070000,C,673800,677200,1,1
1704728700000,20240111,4070000,P,100,200,1,1
1704728700000,20240111,4710000,C,45200,45800,1,1
1704728700000,20240111,4710000,P,9600,9700,1,1
1704728700000,20240111,5450000,P,706500,709800,1,1
1704728700000,20240111,4280000,C,464100,467400,1,1
1704728700000,20240111,4280000,P,200,300,1,1
1704728700000,20240111,4600000,C,145800,147200,1,1
1704728700000,20240111,4600000,P,700,800,1,1
1704728700000,20240111,4920000,C,100,200,1,1
1704728700000,20240111,4920000,P,176600,179900,1,1
1704728700000,20240111,4170000,C,574000,577300,1,1
1704728700000,20240111,4170000,P,100,200,1,1
1704728700000,20240111,4490000,C,254500,257800,1,1
1704728700000,20240111,4490000,P,300,400,1,1
1704728700000,20240111,4810000,C,2900,3000,1,1
1704728700000,20240111,4810000,P,67600,70400,1,1
1704728700000,20240111,4380000,C,364300,367600,1,1
1704728700000,20240111,4380000,P,200,300,1,1
1704728700000,20240111,4060000,C,683800,687200,1,1
1704728700000,20240111,4060000,P,100,200,1,1
1704728700000,20240111,4700000,C,52900,53600,1,1
1704728700000,20240111,4700000,P,7400,7500,1,1
1704728700000,20240111,4270000,C,474100,477500,1,1
1704728700000,20240111,4270000,P,200,300,1,1
1704728700000,20240111,4910000,C,100,200,1,1
1704728700000,20240111,4910000,P,167000,169900,1,1
1704728700000,20240111,4590000,C,155600,157400,1,1
1704728700000,20240111,4590000,P,600,700,1,1
1704728700000,20240112,4480000,C,265300,268600,1,1
1704728700000,20240112,4480000,P,400,500,1,1
1704728700000,20240112,4160000,C,584600,587600,1,1
1704728700000,20240112,4160000,P,200,300,1,1
1704728700000,20240112,4800000,C,6300,6400,1,1
1704728700000,20240112,4800000,P,60500,61700,1,1
1704728700000,20240112,4475000,C,270300,273200,1,1
1704728700000,20240112,4475000,P,400,500,1,1
1704728700000,20240112,4370000,C,375000,378300,1,1
1704728700000,20240112,4370000,P,300,400,1,1
1704728700000,20240112,4050000,C,694500,697800,1,1
1704728700000,20240112,4050000,P,100,200,1,1
1704728700000,20240112,4690000,C,63900,64700,1,1
1704728700000,20240112,4690000,P,7800,7900,1,1
1704728700000,20240112,4580000,C,166700,168300,1,1
1704728700000,20240112,4580000,P,900,1000,1,1
1704728700000,20240112,4260000,C,484800,487800,1,1
1704728700000,20240112,4260000,P,200,300,1,1
1704728700000,20240112,4900000,C,200,300,1,1
1704728700000,20240112,4900000,P,157000,159900,1,1
1704728700000,20240112,4575000,C,171700,173300,1,1
1704728700000,20240112,4575000,P,800,900,1,1
1704728700000,20240112,4150000,C,594600,597900,1,1
1704728700000,20240112,4150000,P,200,300,1,1
1704728700000,20240112,4470000,C,275200,278500,1,1
1704728700000,20240112,4470000,P,400,500,1,1
1704728700000,20240112,4790000,C,8600,8700,1,1
1704728700000,20240112,4790000,P,52700,53500,1,1
1704728700000,20240112,4360000,C,385000,388300,1,1
1704728700000,20240112,4360000,P,300,400,1,1
1704728700000,20240112,5000000,P,256600,259900,1,1
1704728700000,20240112,4680000,C,72300,73400,1,1
1704728700000,20240112,4680000,P,6100,6200,1,1
1704728700000,20240112,4675000,C,76500,77600,1,1
1704728700000,20240112,4675000,P,5400,5500,1,1
1704728700000,20240112,4250000,C,494800,498100,1,1
1704728700000,20240112,4250000,P,200,300,1,1
1704728700000,20240112,4570000,C,176600,178200,1,1
1704728700000,20240112,4570000,P,800,900,1,1
1704728700000,20240112,4890000,C,300,400,1,1
1704728700000,20240112,4890000,P,147000,149900,1,1
1704728700000,20240112,3500000,C,1243700,1247100,1,1
1704728700000,20240112,4460000,C,285200,288500,1,1
1704728700000,20240112,4460000,P,400,500,1,1
1704728700000,20240112,4140000,C,604600,607600,1,1
1704728700000,20240112,4140000,P,200,300,1,1
1704728700000,20240112,4780000,C,11400,11500,1,1
1704728700000,20240112,4780000,P,45300,45900,1,1
1704728700000,20240112,5100000,P,356600,359800,1,1
1704728700000,20240112,4350000,C,395000,398300,1,1
1704728700000,20240112,4350000,P,300,400,1,1
1704728700000,20240112,4670000,C,80900,81800,1,1
1704728700000,20240112,4670000,P,4800,4900,1,1
1704728700000,20240112,4990000,P,246600,249900,1,1
1704728700000,20240112,3600000,C,1143800,1146800,1,1
1704728700000,20240112,4560000,C,186400,188200,1,1
1704728700000,20240112,4560000,P,700,800,1,1
1704728700000,20240112,4240000,C,504800,508100,1,1
1704728700000,20240112,4240000,P,200,300,1,1
1704728700000,20240112,5200000,P,456900,459800,1,1
1704728700000,20240112,4880000,C,300,400,1,1
1704728700000,20240112,4880000,P,136600,139900,1,1
1704728700000,20240112,4875000,C,400,500,1,1
1704728700000,20240112,4875000,P,132000,134900,1,1
1704728700000,20240112,4450000,C,295200,298500,1,1
1704728700000,20240112,4450000,P,400,500,1,1
1704728700000,20240112,4130000,C,614600,617900,1,1
1704728700000,20240112,4130000,P,200,300,1,1
1704728700000,20240112,4770000,C,14800,14900,1,1
1704728700000,20240112,4770000,P,38600,39000,1,1
1704728700000,20240112,3700000,C,1044000,1047300,1,1
1704728700000,20240112,4340000,C,405000,408300,1,1
1704728700000,20240112,4340000,P,300,400,1,1
1704728700000,20240112,4660000,C,89800,91200,1,1
1704728700000,20240112,4660000,P,3800,3900,1,1
1704728700000,20240112,4980000,P,236600,239900,1,1
1704728700000,20240112,5300000,P,556900,559800,1,1
1704728700000,20240112,4550000,C,196300,198100,1,1
1704728700000,20240112,4550000,P,700,800,1,1
1704728700000,20240112,4230000,C,514800,518100,1,1
1704728700000,20240112,4230000,P,200,300,1,1
1704728700000,20240112,4870000,C,500,600,1,1
1704728700000,20240112,4870000,P,126600,129900,1,1
1704728700000,20240112,3800000,C,944100,947100,1,1
1704728700000,20240112,4440000,C,305200,308500,1,1
1704728700000,20240112,4440000,P,400,500,1,1
1704728700000,20240112,4120000,C,624600,627900,1,1
1704728700000,20240112,4120000,P,200,300,1,1
1704728700000,20240112,4760000,C,18900,19000,1,1
1704728700000,20240112,4760000,P,32600,32800,1,1
1704728700000,20240112,5400000,P,656500,659800,1,1
1704728700000,20240112,4330000,C,414900,418200,1,1
1704728700000,20240112,4330000,P,300,400,1,1
1704728700000,20240112,4650000,C,99000,100100,1,1
1704728700000,20240112,4650000,P,3000,3100,1,1
1704728700000,20240112,4970000,P,226600,229900,1,1
1704728700000,20240112,3900000,C,844200,847200,1,1
1704728700000,20240112,3900000,P,100,200,1,1
1704728700000,20240112,4540000,C,206300,208000,1,1
1704728700000,20240112,4540000,P,600,700,1,1
1704728700000,20240112,4220000,C,524700,527700,1,1
1704728700000,20240112,4220000,P,200,300,1,1
1704728700000,20240112,4860000,C,700,800,1,1
1704728700000,20240112,4860000,P,116600,119900,1,1
1704728700000,20240112,4430000,C,315100,318500,1,1
1704728700000,20240112,4430000,P,400,500,1,1
1704728700000,20240112,4110000,C,634600,637900,1,1
1704728700000,20240112,4110000,P,100,200,1,1
1704728700000,20240112,4750000,C,23600,23800,1,1
1704728700000,20240112,4750000,P,27300,27400,1,1
1704728700000,20240112,4425000,C,320100,323400,1,1
1704728700000,20240112,4425000,P,400,500,1,1
1704728700000,20240112,4320000,C,424900,427900,1,1
1704728700000,20240112,4320000,P,300,400,1,1
1704728700000,20240112,4000000,C,744400,747700,1,1
1704728700000,20240112,4000000,P,100,200,1,1
1704728700000,20240112,4640000,C,108400,109500,1,1
1704728700000,20240112,4640000,P,2400,2500,1,1
1704728700000,20240112,4960000,C,100,200,1,1
1704728700000,20240112,4960000,P,216600,219900,1,1
1704728700000,20240112,4530000,C,215500,218800,1,1
1704728700000,20240112,4530000,P,600,700,1,1
1704728700000,20240112,4210000,C,534700,538000,1,1
1704728700000,20240112,4210000,P,200,300,1,1
1704728700000,20240112,4850000,C,1000,1100,1,1
1704728700000,20240112,4850000,P,106600,109900,1,1
1704728700000,20240112,4525000,C,220400,223400,1,1
1704728700000,20240112,4525000,P,600,700,1,1
1704728700000,20240112,4100000,C,644600,647900,1,1
1704728700000,20240112,4100000,P,100,200,1,1
1704728700000,20240112,4420000,C,325100,328100,1,1
1704728700000,20240112,4420000,P,400,500,1,1
1704728700000,20240112,4740000,C,29100,29200,1,1
1704728700000,20240112,4740000,P,22600,22700,1,1
1704728700000,20240112,4310000,C,434900,438200,1,1
1704728700000,20240112,4310000,P,300,400,1,1
1704728700000,20240112,4950000,C,100,200,1,1
1704728700000,20240112,4950000,P,206600,209900,1,1
1704728700000,20240112,4630000,C,117900,119000,1,1
1704728700000,20240112,4630000,P,2000,2100,1,1
1704728700000,20240112,4625000,C,122700,123900,1,1
1704728700000,20240112,4625000,P,1800,1900,1,1
1704728700000,20240112,4200000,C,544700,547700,1,1
1704728700000,20240112,4200000,P,200,300,1,1
1704728700000,20240112,4520000,C,225400,228400,1,1
1704728700000,20240112,4520000,P,600,700,1,1
1704728700000,20240112,4840000,C,1400,1500,1,1
1704728700000,20240112,4840000,P,97000,99900,1,1
1704728700000,20240112,4410000,C,335100,338400,1,1
1704728700000,20240112,4410000,P,300,400,1,1
1704728700000,20240112,4090000,C,654500,657500,1,1
1704728700000,20240112,4090000,P,100,200,1,1
1704728700000,20240112,5050000,P,306600,309900,1,1
1704728700000,20240112,4730000,C,35000,35200,1,1
1704728700000,20240112,4730000,P,18500,18700,1,1
1704728700000,20240112,4300000,C,444900,448200,1,1
1704728700000,20240112,4300000,P,300,400,1,1
1704728700000,20240112,4620000,C,127500,128700,1,1
1704728700000,20240112,4620000,P,1600,1700,1,1
1704728700000,20240112,4940000,C,100,200,1,1
1704728700000,20240112,4940000,P,196600,199900,1,1
1704728700000,20240112,3550000,C,1193800,1197100,1,1
1704728700000,20240112,4510000,C,235400,238700,1,1
1704728700000,20240112,4510000,P,500,600,1,1
1704728700000,20240112,4190000,C,554700,558000,1,1
1704728700000,20240112,4190000,P,200,300,1,1
1704728700000,20240112,5150000,P,406900,409800,1,1
1704728700000,20240112,4830000,C,2100,2200,1,1
1704728700000,20240112,4830000,P,86700,89800,1,1
1704728700000,20240112,5250000,P,506900,509800,1,1
1704728700000,20240112,4400000,C,345100,348400,1,1
1704728700000,20240112,4400000,P,300,400,1,1
1704728700000,20240112,4080000,C,664500,667500,1,1
1704728700000,20240112,4080000,P,100,200,1,1
1704728700000,20240112,4720000,C,41500,41900,1,1
1704728700000,20240112,4720000,P,15100,15200,1,1
1704728700000,20240112,3650000,C,1093900,1096900,1,1
1704728700000,20240112,4290000,C,454900,458200,1,1
1704728700000,20240112,4290000,P,300,400,1,1
1704728700000,20240112,4610000,C,137200,138500,1,1
1704728700000,20240112,4610000,P,1400,1500,1,1
1704728700000,20240112,4930000,C,100,200,1,1
1704728700000,20240112,4930000,P,186600,189900,1,1
1704728700000,20240112,5350000,P,606500,609800,1,1
1704728700000,20240112,4500000,C,245300,248300,1,1
1704728700000,20240112,4500000,P,500,600,1,1
1704728700000,20240112,4180000,C,564700,568000,1,1
1704728700000,20240112,4180000,P,200,300,1,1
1704728700000,20240112,4820000,C,3100,3200,1,1
1704728700000,20240112,4820000,P,77100,80100,1,1
1704728700000,20240112,3750000,C,994000,997000,1,1
1704728700000,20240112,4390000,C,355100,358000,1,1
1704728700000,20240112,4390000,P,300,400,1,1
1704728700000,20240112,4070000,C,674500,677500,1,1
1704728700000,20240112,4070000,P,100,200,1,1
1704728700000,20240112,4710000,C,48600,49000,1,1
1704728700000,20240112,4710000,P,12200,12300,1,1
1704728700000,20240112,5450000,P,706500,709800,1,1
1704728700000,20240112,4280000,C,464800,467800,1,1
1704728700000,20240112,4280000,P,200,300,1,1
1704728700000,20240112,4600000,C,147000,148600,1,1
1704728700000,20240112,4600000,P,1100,1200,1,1
1704728700000,20240112,4920000,C,100,200,1,1
1704728700000,20240112,4920000,P,176600,179900,1,1
1704728700000,20240112,3850000,C,894200,897500,1,1
1704728700000,20240112,4490000,C,255300,258600,1,1
1704728700000,20240112,4490000,P,500,600,1,1
1704728700000,20240112,4170000,C,574700,578000,1,1
1704728700000,20240112,4170000,P,200,300,1,1
1704728700000,20240112,4810000,C,4500,4600,1,1
1704728700000,20240112,4810000,P,69100,70400,1,1
1704728700000,20240112,4380000,C,365000,368300,1,1
1704728700000,20240112,4380000,P,300,400,1,1
1704728700000,20240112,4060000,C,684500,687800,1,1
1704728700000,20240112,4060000,P,100,200,1,1
1704728700000,20240112,4700000,C,56000,56700,1,1
1704728700000,20240112,4700000,P,9700,9800,1,1
1704728700000,20240112,3950000,C,794300,797300,1,1
1704728700000,20240112,3950000,P,100,200,1,1
1704728700000,20240112,4270000,C,474800,478100,1,1
1704728700000,20240112,4270000,P,200,300,1,1
1704728700000,20240112,4590000,C,156800,158400,1,1
1704728700000,20240112,4590000,P,1000,1100,1,1
1704728700000,20240112,4910000,C,200,300,1,1
1704728700000,20240112,4910000,P,167000,169900,1,1
1704728700000,20240116,4800000,C,8600,8700,1,1
1704728700000,20240116,4800000,P,62000,63000,1,1
1704728700000,20240116,4690000,C,67100,67900,1,1
1704728700000,20240116,4690000,P,10200,10300,1,1
1704728700000,20240116,4900000,C,400,500,1,1
1704728700000,20240116,4900000,P,156500,159900,1,1
1704728700000,20240116,4790000,C,11200,11300,1,1
1704728700000,20240116,4790000,P,54500,55200,1,1
1704728700000,20240116,4680000,C,75300,76300,1,1
1704728700000,20240116,4680000,P,8400,8500,1,1
1704728700000,20240116,5000000,C,100,200,1,1
1704728700000,20240116,5000000,P,256500,259900,1,1
1704728700000,20240116,4780000,C,14200,14400,1,1
1704728700000,20240116,4780000,P,47400,48000,1,1
1704728700000,20240116,4670000,C,83800,84900,1,1
1704728700000,20240116,4670000,P,6900,7000,1,1
1704728700000,20240116,4770000,C,17900,18100,1,1
1704728700000,20240116,4770000,P,40900,41400,1,1
1704728700000,20240116,4660000,C,92500,93700,1,1
1704728700000,20240116,4660000,P,5700,5800,1,1
1704728700000,20240116,4760000,C,22200,22400,1,1
1704728700000,20240116,4760000,P,35100,35400,1,1
1704728700000,20240116,4650000,C,100700,102800,1,1
1704728700000,20240116,4650000,P,4700,4800,1,1
1704728700000,20240116,4750000,C,27000,27200,1,1
1704728700000,20240116,4750000,P,30000,30200,1,1
1704728700000,20240116,4640000,C,110600,112000,1,1
1704728700000,20240116,4640000,P,3900,4000,1,1
1704728700000,20240116,4740000,C,32500,32600,1,1
1704728700000,20240116,4740000,P,25400,25500,1,1
1704728700000,20240116,4630000,C,119900,121300,1,1
1704728700000,20240116,4630000,P,3200,3300,1,1
1704728700000,20240116,4730000,C,38500,38800,1,1
1704728700000,20240116,4730000,P,21300,21500,1,1
1704728700000,20240116,4830000,C,3600,3700,1,1
1704728700000,20240116,4830000,P,87000,90100,1,1
1704728700000,20240116,4720000,C,45000,45400,1,1
1704728700000,20240116,4720000,P,17800,18000,1,1
1704728700000,20240116,4500000,C,246400,249700,1,1
1704728700000,20240116,4500000,P,700,800,1,1
1704728700000,20240116,4820000,C,4900,5000,1,1
1704728700000,20240116,4820000,P,78900,80300,1,1
1704728700000,20240116,4710000,C,51900,52500,1,1
1704728700000,20240116,4710000,P,14900,15000,1,1
1704728700000,20240116,4600000,C,147800,150800,1,1
1704728700000,20240116,4600000,P,2000,2100,1,1
1704728700000,20240116,4810000,C,6500,6600,1,1
1704728700000,20240116,4810000,P,70200,71400,1,1
1704728700000,20240116,4700000,C,59300,59900,1,1
1704728700000,20240116,4700000,P,12300,12400,1,1
1704728700000,20240117,4800000,C,10300,10400,1,1
1704728700000,20240117,4800000,P,63200,64000,1,1
1704728700000,20240117,4690000,C,69400,70200,1,1
1704728700000,20240117,4690000,P,11900,12000,1,1
1704728700000,20240117,4900000,C,600,700,1,1
1704728700000,20240117,4900000,P,156500,159900,1,1
1704728700000,20240117,4790000,C,13000,13200,1,1
1704728700000,20240117,4790000,P,55600,56400,1,1
1704728700000,20240117,4680000,C,77500,78400,1,1
1704728700000,20240117,4680000,P,10000,10100,1,1
1704728700000,20240117,5000000,C,100,200,1,1
1704728700000,20240117,5000000,P,256500,259900,1,1
1704728700000,20240117,4780000,C,16300,16400,1,1
1704728700000,20240117,4780000,P,48700,49300,1,1
1704728700000,20240117,5100000,P,356900,359800,1,1
1704728700000,20240117,4670000,C,85300,87100,1,1
1704728700000,20240117,4670000,P,8400,8500,1,1
1704728700000,20240117,5200000,P,456500,459800,1,1
1704728700000,20240117,4770000,C,20100,20300,1,1
1704728700000,20240117,4770000,P,42500,42900,1,1
1704728700000,20240117,4660000,C,94600,95800,1,1
1704728700000,20240117,4660000,P,7100,7200,1,1
1704728700000,20240117,5300000,P,556500,559800,1,1
1704728700000,20240117,4760000,C,24500,24700,1,1
1704728700000,20240117,4760000,P,36800,37100,1,1
1704728700000,20240117,4650000,C,103500,104700,1,1
1704728700000,20240117,4650000,P,6000,6100,1,1
1704728700000,20240117,4750000,C,29500,29600,1,1
1704728700000,20240117,4750000,P,31800,31900,1,1
1704728700000,20240117,4640000,C,112500,113800,1,1
1704728700000,20240117,4640000,P,5100,5200,1,1
1704728700000,20240117,4850000,C,2600,2700,1,1
1704728700000,20240117,4850000,P,106600,109900,1,1
1704728700000,20240117,4740000,C,35000,35100,1,1
1704728700000,20240117,4740000,P,27200,27400,1,1
1704728700000,20240117,4630000,C,121700,123100,1,1
1704728700000,20240117,4630000,P,4300,4400,1,1
1704728700000,20240117,4730000,C,41000,41300,1,1
1704728700000,20240117,4730000,P,23200,23300,1,1
1704728700000,20240117,4830000,C,4700,4800,1,1
1704728700000,20240117,4830000,P,87800,90500,1,1
1704728700000,20240117,4720000,C,47500,47900,1,1
1704728700000,20240117,4720000,P,19700,19800,1,1
1704728700000,20240117,4820000,C,6200,6300,1,1
1704728700000,20240117,4820000,P,79500,80800,1,1
1704728700000,20240117,4710000,C,54400,55000,1,1
1704728700000,20240117,4710000,P,16700,16800,1,1
1704728700000,20240117,4810000,C,8000,8100,1,1
1704728700000,20240117,4810000,P,71000,72200,1,1
1704728700000,20240117,4700000,C,61800,62500,1,1
1704728700000,20240117,4700000,P,14100,14200,1,1
1704728700000,20240118,4800000,C,12400,12600,1,1
1704728700000,20240118,4800000,P,63900,64900,1,1
1704728700000,20240118,4690000,C,72900,73900,1,1
1704728700000,20240118,4690000,P,13300,13400,1,1
1704728700000,20240118,4900000,C,900,1000,1,1
1704728700000,20240118,4900000,P,156500,159900,1,1
1704728700000,20240118,4790000,C,15400,15600,1,1
1704728700000,20240118,4790000,P,56600,57400,1,1
1704728700000,20240118,4680000,C,80900,81800,1,1
1704728700000,20240118,4680000,P,11400,11500,1,1
1704728700000,20240118,5000000,C,200,300,1,1
1704728700000,20240118,5000000,P,256500,259900,1,1
1704728700000,20240118,4780000,C,18900,19100,1,1
1704728700000,20240118,4780000,P,49900,50500,1,1
1704728700000,20240118,5100000,P,356500,359900,1,1
1704728700000,20240118,4670000,C,89400,90500,1,1
1704728700000,20240118,4670000,P,9700,9800,1,1
1704728700000,20240118,5200000,P,456500,459800,1,1
1704728700000,20240118,4770000,C,23000,23200,1,1
1704728700000,20240118,4770000,P,43800,44200,1,1
1704728700000,20240118,4660000,C,97900,99100,1,1
1704728700000,20240118,4660000,P,8300,8400,1,1
1704728700000,20240118,5300000,P,556500,559800,1,1
1704728700000,20240118,4760000,C,27500,27700,1,1
1704728700000,20240118,4760000,P,38200,38500,1,1
1704728700000,20240118,4650000,C,106700,108000,1,1
1704728700000,20240118,4650000,P,7100,7200,1,1
1704728700000,20240118,4750000,C,32600,32900,1,1
1704728700000,20240118,4750000,P,33200,33400,1,1
1704728700000,20240118,4640000,C,115700,117000,1,1
1704728700000,20240118,4640000,P,6100,6200,1,1
1704728700000,20240118,4740000,C,38300,38500,1,1
1704728700000,20240118,4740000,P,28700,28900,1,1
1704728700000,20240118,4630000,C,124800,126100,1,1
1704728700000,20240118,4630000,P,5300,5400,1,1
1704728700000,20240118,4730000,C,44400,44700,1,1
1704728700000,20240118,4730000,P,24700,24900,1,1
1704728700000,20240118,4300000,C,448700,452000,1,1
1704728700000,20240118,4300000,P,600,700,1,1
1704728700000,20240118,4620000,C,134000,135400,1,1
1704728700000,20240118,4620000,P,4600,4700,1,1
1704728700000,20240118,4400000,C,349100,352400,1,1
1704728700000,20240118,4400000,P,800,900,1,1
1704728700000,20240118,4720000,C,50900,51400,1,1
1704728700000,20240118,4720000,P,21200,21400,1,1
1704728700000,20240118,4610000,C,143400,144900,1,1
1704728700000,20240118,4610000,P,3900,4000,1,1
1704728700000,20240118,4500000,C,249800,253100,1,1
1704728700000,20240118,4500000,P,1300,1400,1,1
1704728700000,20240118,4710000,C,57900,58500,1,1
1704728700000,20240118,4710000,P,18200,18400,1,1
1704728700000,20240118,4600000,C,152200,155200,1,1
1704728700000,20240118,4600000,P,3400,3500,1,1
1704728700000,20240118,4700000,C,65300,65800,1,1
1704728700000,20240118,4700000,P,15500,15700,1,1
1704728700000,20240118,4590000,C,161800,164700,1,1
1704728700000,20240118,4590000,P,3000,3100,1,1
1704728700000,20240119,3200000,C,1546300,1549400,1,1
1704728700000,20240119,3840000,C,907900,911400,1,1
1704728700000,20240119,3840000,P,200,300,1,1
1704728700000,20240119,4480000,C,270500,273500,1,1
1704728700000,20240119,4480000,P,1400,1500,1,1
1704728700000,20240119,6400000,P,1656600,1659800,1,1
1704728700000,20240119,4050000,C,698600,701600,1,1
1704728700000,20240119,4050000,P,400,500,1,1
1704728700000,20240119,4690000,C,74500,76100,1,1
1704728700000,20240119,4690000,P,14900,15000,1,1
1704728700000,20240119,5750000,P,1006400,1009800,1,1
1704728700000,20240119,3620000,C,1127300,1130800,1,1
1704728700000,20240119,3620000,P,100,200,1,1
1704728700000,20240119,4260000,C,489300,492300,1,1
1704728700000,20240119,4260000,P,700,800,1,1
1704728700000,20240119,4900000,C,1300,1400,1,1
1704728700000,20240119,4900000,P,156500,159900,1,1
1704728700000,20240119,2550000,C,2194800,2198100,1,1
1704728700000,20240119,3830000,C,917900,921400,1,1
1704728700000,20240119,3830000,P,200,300,1,1
1704728700000,20240119,4470000,C,280400,283400,1,1
1704728700000,20240119,4470000,P,1400,1500,1,1
1704728700000,20240119,3400000,C,1346700,1349800,1,1
1704728700000,20240119,4040000,C,708600,712000,1,1
1704728700000,20240119,4040000,P,400,500,1,1
1704728700000,20240119,4680000,C,82600,84200,1,1
1704728700000,20240119,4680000,P,12900,13000,1,1
1704728700000,20240119,6600000,P,1856600,1859800,1,1
1704728700000,20240119,3610000,C,1137300,1140700,1,1
1704728700000,20240119,3610000,P,100,200,1,1
1704728700000,20240119,4250000,C,499300,502700,1,1
1704728700000,20240119,4250000,P,600,700,1,1
1704728700000,20240119,4890000,C,1600,1700,1,1
1704728700000,20240119,4890000,P,146500,149900,1,1
1704728700000,20240119,5950000,P,1206300,1209800,1,1
1704728700000,20240119,1900000,C,2843300,2846800,1,1
1704728700000,20240119,3820000,C,927900,930900,1,1
1704728700000,20240119,3820000,P,200,300,1,1
1704728700000,20240119,4460000,C,290300,293700,1,1
1704728700000,20240119,4460000,P,1300,1400,1,1
1704728700000,20240119,5100000,C,100,200,1,1
1704728700000,20240119,5100000,P,356500,359900,1,1
1704728700000,20240119,2750000,C,1995200,1998500,1,1
1704728700000,20240119,4030000,C,718500,721900,1,1
1704728700000,20240119,4030000,P,400,500,1,1
1704728700000,20240119,4670000,C,91500,92500,1,1
1704728700000,20240119,4670000,P,11100,11200,1,1
1704728700000,20240119,3600000,C,1147200,1150300,1,1
1704728700000,20240119,3600000,P,100,200,1,1
1704728700000,20240119,4240000,C,509200,512600,1,1
1704728700000,20240119,4240000,P,600,700,1,1
1704728700000,20240119,4880000,C,2100,2200,1,1
1704728700000,20240119,4880000,P,136500,139900,1,1
1704728700000,20240119,6800000,P,2056500,2059700,1,1
1704728700000,20240119,3810000,C,937800,940900,1,1
1704728700000,20240119,3810000,P,200,300,1,1
1704728700000,20240119,4450000,C,300300,303600,1,1
1704728700000,20240119,4450000,P,1200,1300,1,1
1704728700000,20240119,6150000,P,1406700,1409800,1,1
1704728700000,20240119,2100000,C,2643800,2647200,1,1
1704728700000,20240119,4020000,C,728500,731500,1,1
1704728700000,20240119,4020000,P,400,500,1,1
1704728700000,20240119,4660000,C,100000,101000,1,1
1704728700000,20240119,4660000,P,9600,9700,1,1
1704728700000,20240119,5300000,P,556500,559800,1,1
1704728700000,20240119,2950000,C,1795700,1798900,1,1
1704728700000,20240119,3590000,C,1157200,1160300,1,1
1704728700000,20240119,3590000,P,100,200,1,1
1704728700000,20240119,4230000,C,519200,522200,1,1
1704728700000,20240119,4230000,P,600,700,1,1
1704728700000,20240119,4870000,C,2800,2900,1,1
1704728700000,20240119,4870000,P,126500,129900,1,1
1704728700000,20240119,3800000,C,947800,951300,1,1
1704728700000,20240119,3800000,P,200,300,1,1
1704728700000,20240119,4440000,C,310200,313600,1,1
1704728700000,20240119,4440000,P,1200,1300,1,1
1704728700000,20240119,7000000,P,2256500,2259700,1,1
1704728700000,20240119,4010000,C,738500,741900,1,1
1704728700000,20240119,4010000,P,400,500,1,1
1704728700000,20240119,4650000,C,108700,109800,1,1
1704728700000,20240119,4650000,P,8300,8400,1,1
1704728700000,20240119,6350000,P,1606200,1609800,1,1
1704728700000,20240119,2300000,C,2444200,2447600,1,1
1704728700000,20240119,3580000,C,1167200,1170700,1,1
1704728700000,20240119,3580000,P,100,200,1,1
1704728700000,20240119,4220000,C,529100,532600,1,1
1704728700000,20240119,4220000,P,600,700,1,1
1704728700000,20240119,4860000,C,3600,3700,1,1
1704728700000,20240119,4860000,P,116500,119900,1,1
1704728700000,20240119,5500000,P,756400,759800,1,1
1704728700000,20240119,3150000,C,1596100,1599300,1,1
1704728700000,20240119,3790000,C,957800,961200,1,1
1704728700000,20240119,3790000,P,200,300,1,1
1704728700000,20240119,4430000,C,320100,323100,1,1
1704728700000,20240119,4430000,P,1100,1200,1,1
1704728700000,20240119,4000000,C,748400,751900,1,1
1704728700000,20240119,4000000,P,400,500,1,1
1704728700000,20240119,4640000,C,117500,118800,1,1
1704728700000,20240119,4640000,P,7200,7300,1,1
1704728700000,20240119,7200000,P,2456400,2459700,1,1
1704728700000,20240119,3570000,C,1177100,1180600,1,1
1704728700000,20240119,3570000,P,100,200,1,1
1704728700000,20240119,4210000,C,539100,542500,1,1
1704728700000,20240119,4210000,P,600,700,1,1
1704728700000,20240119,4850000,C,4600,4700,1,1
1704728700000,20240119,4850000,P,106600,109900,1,1
1704728700000,20240119,6550000,P,1806600,1809800,1,1
1704728700000,20240119,2500000,C,2244700,2248000,1,1
1704728700000,20240119,3780000,C,967700,970800,1,1
1704728700000,20240119,3780000,P,200,300,1,1
1704728700000,20240119,4420000,C,330000,333400,1,1
1704728700000,20240119,4420000,P,1100,1200,1,1
1704728700000,20240119,5700000,P,956400,959800,1,1
1704728700000,20240119,3350000,C,1396600,1399700,1,1
1704728700000,20240119,3990000,C,758400,761800,1,1
1704728700000,20240119,3990000,P,400,500,1,1
1704728700000,20240119,4630000,C,126600,127800,1,1
1704728700000,20240119,4630000,P,6300,6400,1,1
1704728700000,20240119,3560000,C,1187100,1190200,1,1
1704728700000,20240119,3560000,P,100,200,1,1
1704728700000,20240119,4200000,C,549100,552100,1,1
1704728700000,20240119,4200000,P,600,700,1,1
1704728700000,20240119,4840000,C,5900,6000,1,1
1704728700000,20240119,4840000,P,97700,100400,1,1
1704728700000,20240119,1850000,C,2893200,2896700,1,1
1704728700000,20240119,3770000,C,977700,981200,1,1
1704728700000,20240119,3770000,P,200,300,1,1
1704728700000,20240119,4410000,C,340000,343400,1,1
1704728700000,20240119,4410000,P,1100,1200,1,1
1704728700000,20240119,5050000,C,100,200,1,1
1704728700000,20240119,5050000,P,306900,309900,1,1
1704728700000,20240119,6750000,P,2006500,2009700,1,1
1704728700000,20240119,2700000,C,2045100,2048400,1,1
1704728700000,20240119,3980000,C,768400,771400,1,1
1704728700000,20240119,3980000,P,300,400,1,1
1704728700000,20240119,4620000,C,135700,137100,1,1
1704728700000,20240119,4620000,P,5500,5600,1,1
1704728700000,20240119,5900000,P,1156300,1159800,1,1
1704728700000,20240119,3550000,C,1197100,1200200,1,1
1704728700000,20240119,3550000,P,100,200,1,1
1704728700000,20240119,4190000,C,559000,562500,1,1
1704728700000,20240119,4190000,P,600,700,1,1
1704728700000,20240119,4830000,C,7500,7600,1,1
1704728700000,20240119,4830000,P,89400,90700,1,1
1704728700000,20240119,5250000,P,506500,509800,1,1
1704728700000,20240119,3760000,C,987700,991200,1,1
1704728700000,20240119,3760000,P,200,300,1,1
1704728700000,20240119,4400000,C,349900,352900,1,1
1704728700000,20240119,4400000,P,1000,1100,1,1
1704728700000,20240119,2050000,C,2693700,2697100,1,1
1704728700000,20240119,3970000,C,778300,781800,1,1
1704728700000,20240119,3970000,P,400,500,1,1
1704728700000,20240119,4610000,C,145000,146400,1,1
1704728700000,20240119,4610000,P,4800,4900,1,1
1704728700000,20240119,6950000,P,2206500,2209700,1,1
1704728700000,20240119,2900000,C,1845600,1848800,1,1
1704728700000,20240119,4180000,C,569000,572400,1,1
1704728700000,20240119,4180000,P,600,700,1,1
1704728700000,20240119,4820000,C,9400,9500,1,1
1704728700000,20240119,4820000,P,80800,82000,1,1
1704728700000,20240119,6100000,P,1356700,1359800,1,1
1704728700000,20240119,3750000,C,997700,1000700,1,1
1704728700000,20240119,3750000,P,200,300,1,1
1704728700000,20240119,4390000,C,359900,363300,1,1
1704728700000,20240119,4390000,P,1000,1100,1,1
1704728700000,20240119,5450000,P,706400,709800,1,1
1704728700000,20240119,3960000,C,788300,791700,1,1
1704728700000,20240119,3960000,P,300,400,1,1
1704728700000,20240119,4600000,C,153800,156600,1,1
1704728700000,20240119,4600000,P,4200,4300,1,1
1704728700000,20240119,2250000,C,2494100,2497500,1,1
1704728700000,20240119,4170000,C,579000,582000,1,1
1704728700000,20240119,4170000,P,500,600,1,1
1704728700000,20240119,4810000,C,11600,11800,1,1
1704728700000,20240119,4810000,P,72700,73700,1,1
1704728700000,20240119,3100000,C,1646000,1649200,1,1
1704728700000,20240119,3740000,C,1007600,1010700,1,1
1704728700000,20240119,3740000,P,200,300,1,1
1704728700000,20240119,4380000,C,369800,372800,1,1
1704728700000,20240119,4380000,P,900,1000,1,1
1704728700000,20240119,6300000,P,1556200,1559800,1,1
1704728700000,20240119,3950000,C,798300,801300,1,1
1704728700000,20240119,3950000,P,300,400,1,1
1704728700000,20240119,4590000,C,163100,166100,1,1
1704728700000,20240119,4590000,P,3700,3800,1,1
1704728700000,20240119,5650000,P,906400,909800,1,1
1704728700000,20240119,4160000,C,588900,592400,1,1
1704728700000,20240119,4160000,P,500,600,1,1
1704728700000,20240119,4800000,C,14300,14500,1,1
1704728700000,20240119,4800000,P,65000,65800,1,1
1704728700000,20240119,2450000,C,2294600,2297900,1,1
1704728700000,20240119,3730000,C,1017600,1021100,1,1
1704728700000,20240119,3730000,P,200,300,1,1
1704728700000,20240119,4370000,C,379800,383200,1,1
1704728700000,20240119,4370000,P,900,1000,1,1
1704728700000,20240119,3300000,C,1446500,1449600,1,1
1704728700000,20240119,3940000,C,808200,811700,1,1
1704728700000,20240119,3940000,P,300,400,1,1
1704728700000,20240119,4580000,C,172700,175700,1,1
1704728700000,20240119,4580000,P,3300,3400,1,1
1704728700000,20240119,6500000,P,1756600,1759800,1,1
1704728700000,20240119,4150000,C,598900,602300,1,1
1704728700000,20240119,4150000,P,500,600,1,1
1704728700000,20240119,4790000,C,17500,17600,1,1
1704728700000,20240119,4790000,P,57900,58500,1,1
1704728700000,20240119,5850000,P,1106300,1109800,1,1
1704728700000,20240119,1800000,C,2943100,2946600,1,1
1704728700000,20240119,3720000,C,1027600,1031000,1,1
1704728700000,20240119,3720000,P,200,300,1,1
1704728700000,20240119,4360000,C,389700,392700,1,1
1704728700000,20240119,4360000,P,900,1000,1,1
1704728700000,20240119,5000000,C,200,300,1,1
1704728700000,20240119,5000000,P,256500,259900,1,1
1704728700000,20240119,2650000,C,2095000,2098300,1,1
1704728700000,20240119,3930000,C,818200,821600,1,1
1704728700000,20240119,3930000,P,300,400,1,1
1704728700000,20240119,4570000,C,182300,185300,1,1
1704728700000,20240119,4570000,P,2900,3000,1,1
1704728700000,20240119,3500000,C,1247000,1250500,1,1
1704728700000,20240119,3500000,P,100,200,1,1
1704728700000,20240119,4140000,C,608900,611900,1,1
1704728700000,20240119,4140000,P,500,600,1,1
1704728700000,20240119,4780000,C,21100,21300,1,1
1704728700000,20240119,4780000,P,51300,51800,1,1
1704728700000,20240119,6700000,P,1956100,1959800,1,1
1704728700000,20240119,3710000,C,1037500,1040600,1,1
1704728700000,20240119,3710000,P,100,200,1,1
1704728700000,20240119,4350000,C,399700,403100,1,1
1704728700000,20240119,4350000,P,800,900,1,1
1704728700000,20240119,4990000,C,200,300,1,1
1704728700000,20240119,4990000,P,246500,249900,1,1
1704728700000,20240119,6050000,P,1306700,1309800,1,1
1704728700000,20240119,2000000,C,2743500,2747000,1,1
1704728700000,20240119,3920000,C,828200,831200,1,1
1704728700000,20240119,3920000,P,300,400,1,1
1704728700000,20240119,4560000,C,191900,195000,1,1
1704728700000,20240119,4560000,P,2700,2800,1,1
1704728700000,20240119,5200000,P,456500,459800,1,1
1704728700000,20240119,2850000,C,1895500,1898700,1,1
1704728700000,20240119,4130000,C,618800,622300,1,1
1704728700000,20240119,4130000,P,500,600,1,1
1704728700000,20240119,4770000,C,25200,25400,1,1
1704728700000,20240119,4770000,P,45300,45600,1,1
1704728700000,20240119,3700000,C,1047500,1051000,1,1
1704728700000,20240119,3700000,P,100,200,1,1
1704728700000,20240119,4340000,C,409600,413000,1,1
1704728700000,20240119,4340000,P,800,900,1,1
1704728700000,20240119,4980000,C,300,400,1,1
1704728700000,20240119,4980000,P,236500,239900,1,1
1704728700000,20240119,6900000,P,2156500,2159700,1,1
1704728700000,20240119,3910000,C,838100,841600,1,1
1704728700000,20240119,3910000,P,300,400,1,1
1704728700000,20240119,4550000,C,201700,204700,1,1
1704728700000,20240119,4550000,P,2400,2500,1,1
1704728700000,20240119,6250000,P,1506200,1509800,1,1
1704728700000,20240119,2200000,C,2544000,2547400,1,1
1704728700000,20240119,4120000,C,628800,632200,1,1
1704728700000,20240119,4120000,P,500,600,1,1
1704728700000,20240119,4760000,C,29900,30100,1,1
1704728700000,20240119,4760000,P,39800,40000,1,1
1704728700000,20240119,5400000,P,656400,659800,1,1
1704728700000,20240119,3050000,C,1695900,1699100,1,1
1704728700000,20240119,3690000,C,1057500,1061000,1,1
1704728700000,20240119,3690000,P,100,200,1,1
1704728700000,20240119,4330000,C,419600,423000,1,1
1704728700000,20240119,4330000,P,800,900,1,1
1704728700000,20240119,4970000,C,300,400,1,1
1704728700000,20240119,4970000,P,226500,229900,1,1
1704728700000,20240119,3900000,C,848100,851600,1,1
1704728700000,20240119,3900000,P,300,400,1,1
1704728700000,20240119,4540000,C,211400,214500,1,1
1704728700000,20240119,4540000,P,2200,2300,1,1
1704728700000,20240119,7100000,P,2356400,2359700,1,1
1704728700000,20240119,4110000,C,638800,641800,1,1
1704728700000,20240119,4110000,P,500,600,1,1
1704728700000,20240119,4750000,C,35100,35300,1,1
1704728700000,20240119,4750000,P,34800,35000,1,1
1704728700000,20240119,6450000,P,1706600,1709800,1,1
1704728700000,20240119,2400000,C,2344400,2347800,1,1
1704728700000,20240119,3680000,C,1067500,1070900,1,1
1704728700000,20240119,3680000,P,100,200,1,1
1704728700000,20240119,4320000,C,429500,432900,1,1
1704728700000,20240119,4320000,P,800,900,1,1
1704728700000,20240119,4960000,C,400,500,1,1
1704728700000,20240119,4960000,P,216500,219900,1,1
1704728700000,20240119,5600000,P,856800,859800,1,1
1704728700000,20240119,3250000,C,1496400,1499500,1,1
1704728700000,20240119,3890000,C,858100,861500,1,1
1704728700000,20240119,3890000,P,300,400,1,1
1704728700000,20240119,4530000,C,221300,223700,1,1
1704728700000,20240119,4530000,P,2000,2100,1,1
1704728700000,20240119,4100000,C,648700,652200,1,1
1704728700000,20240119,4100000,P,500,600,1,1
1704728700000,20240119,4740000,C,40700,40900,1,1
1704728700000,20240119,4740000,P,30300,30500,1,1
1704728700000,20240119,3670000,C,1077400,1080500,1,1
1704728700000,20240119,3670000,P,100,200,1,1
1704728700000,20240119,4310000,C,439500,442500,1,1
1704728700000,20240119,4310000,P,800,900,1,1
1704728700000,20240119,4950000,C,500,600,1,1
1704728700000,20240119,4950000,P,206500,209900,1,1
1704728700000,20240119,6650000,P,1906100,1909800,1,1
1704728700000,20240119,2600000,C,2144900,2148200,1,1
1704728700000,20240119,3880000,C,868000,871100,1,1
1704728700000,20240119,3880000,P,300,400,1,1
1704728700000,20240119,4520000,C,231000,234100,1,1
1704728700000,20240119,4520000,P,1900,2000,1,1
1704728700000,20240119,5800000,P,1056400,1059800,1,1
1704728700000,20240119,3450000,C,1296800,1300400,1,1
1704728700000,20240119,4090000,C,658700,662100,1,1
1704728700000,20240119,4090000,P,500,600,1,1
1704728700000,20240119,4730000,C,46800,47100,1,1
1704728700000,20240119,4730000,P,26400,26500,1,1
1704728700000,20240119,3660000,C,1087400,1090900,1,1
1704728700000,20240119,3660000,P,100,200,1,1
1704728700000,20240119,4300000,C,449400,452900,1,1
1704728700000,20240119,4300000,P,700,800,1,1
1704728700000,20240119,4940000,C,500,600,1,1
1704728700000,20240119,4940000,P,196500,199900,1,1
1704728700000,20240119,1950000,C,2793400,2796900,1,1
1704728700000,20240119,3870000,C,878000,881500,1,1
1704728700000,20240119,3870000,P,300,400,1,1
1704728700000,20240119,4510000,C,240900,244200,1,1
1704728700000,20240119,4510000,P,1700,1800,1,1
1704728700000,20240119,5150000,P,406500,409900,1,1
1704728700000,20240119,6850000,P,2106500,2109700,1,1
1704728700000,20240119,2800000,C,1945300,1948600,1,1
1704728700000,20240119,4080000,C,668700,671700,1,1
1704728700000,20240119,4080000,P,500,600,1,1
1704728700000,20240119,4720000,C,53400,53700,1,1
1704728700000,20240119,4720000,P,22900,23000,1,1
1704728700000,20240119,6000000,P,1256700,1259800,1,1
1704728700000,20240119,3650000,C,1097400,1100900,1,1
1704728700000,20240119,3650000,P,100,200,1,1
1704728700000,20240119,4290000,C,459400,462800,1,1
1704728700000,20240119,4290000,P,700,800,1,1
1704728700000,20240119,4930000,C,700,800,1,1
1704728700000,20240119,4930000,P,186500,189900,1,1
1704728700000,20240119,5350000,P,606400,609800,1,1
1704728700000,20240119,3860000,C,888000,891400,1,1
1704728700000,20240119,3860000,P,300,400,1,1
1704728700000,20240119,4500000,C,250800,254100,1,1
1704728700000,20240119,4500000,P,1600,1700,1,1
1704728700000,20240119,2150000,C,2593900,2597300,1,1
1704728700000,20240119,4070000,C,678600,682100,1,1
1704728700000,20240119,4070000,P,400,500,1,1
1704728700000,20240119,4710000,C,60300,60900,1,1
1704728700000,20240119,4710000,P,19800,19900,1,1
1704728700000,20240119,7050000,P,2306500,2309700,1,1
1704728700000,20240119,3000000,C,1745800,1749000,1,1
1704728700000,20240119,3640000,C,1107300,1110400,1,1
1704728700000,20240119,3640000,P,100,200,1,1
1704728700000,20240119,4280000,C,469400,472800,1,1
1704728700000,20240119,4280000,P,700,800,1,1
1704728700000,20240119,4920000,C,800,900,1,1
1704728700000,20240119,4920000,P,176500,179900,1,1
1704728700000,20240119,6200000,P,1456300,1459800,1,1
1704728700000,20240119,3850000,C,898000,901000,1,1
1704728700000,20240119,3850000,P,200,300,1,1
1704728700000,20240119,4490000,C,260600,264000,1,1
1704728700000,20240119,4490000,P,1500,1600,1,1
1704728700000,20240119,5550000,P,806800,809800,1,1
1704728700000,20240119,4060000,C,688600,692000,1,1
1704728700000,20240119,4060000,P,400,500,1,1
1704728700000,20240119,4700000,C,67600,68300,1,1
1704728700000,20240119,4700000,P,17100,17200,1,1
1704728700000,20240119,2350000,C,2394300,2397700,1,1
1704728700000,20240119,3630000,C,1117300,1120400,1,1
1704728700000,20240119,3630000,P,100,200,1,1
1704728700000,20240119,4270000,C,479300,482700,1,1
1704728700000,20240119,4270000,P,700,800,1,1
1704728700000,20240119,4910000,C,1000,1100,1,1
1704728700000,20240119,4910000,P,166500,169900,1,1
1704728700000,20240122,4800000,C,16500,16700,1,1
1704728700000,20240122,4800000,P,66300,67800,1,1
1704728700000,20240122,4690000,C,77200,78800,1,1
1704728700000,20240122,4690000,P,16700,16900,1,1
1704728700000,20240122,4900000,C,1700,1800,1,1
1704728700000,20240122,4900000,P,156500,159900,1,1
1704728700000,20240122,4790000,C,19800,20000,1,1
1704728700000,20240122,4790000,P,59200,60000,1,1
1704728700000,20240122,4680000,C,85400,86800,1,1
1704728700000,20240122,4680000,P,14600,14800,1,1
1704728700000,20240122,5000000,C,300,400,1,1
1704728700000,20240122,5000000,P,256900,259900,1,1
1704728700000,20240122,4780000,C,23600,23900,1,1
1704728700000,20240122,4780000,P,52800,53500,1,1
1704728700000,20240122,5100000,C,100,200,1,1
1704728700000,20240122,5100000,P,356500,359900,1,1
1704728700000,20240122,4670000,C,93200,95000,1,1
1704728700000,20240122,4670000,P,12800,12900,1,1
1704728700000,20240122,5200000,C,100,200,1,1
1704728700000,20240122,5200000,P,456500,459900,1,1
1704728700000,20240122,4770000,C,27900,28200,1,1
1704728700000,20240122,4770000,P,46800,47500,1,1
1704728700000,20240122,4660000,C,101600,104500,1,1
1704728700000,20240122,4660000,P,11200,11300,1,1
1704728700000,20240122,4760000,C,32700,32900,1,1
1704728700000,20240122,4760000,P,41700,42000,1,1
1704728700000,20240122,4650000,C,110200,113100,1,1
1704728700000,20240122,4650000,P,9800,9900,1,1
1704728700000,20240122,4750000,C,37900,38200,1,1
1704728700000,20240122,4750000,P,36800,37100,1,1
1704728700000,20240122,4640000,C,118900,122000,1,1
1704728700000,20240122,4640000,P,8600,8700,1,1
1704728700000,20240122,4740000,C,43600,43900,1,1
1704728700000,20240122,4740000,P,32400,32600,1,1
1704728700000,20240122,4630000,C,127900,131000,1,1
1704728700000,20240122,4630000,P,7500,7700,1,1
1704728700000,20240122,4200000,C,549800,552900,1,1
1704728700000,20240122,4200000,P,700,800,1,1
1704728700000,20240122,4730000,C,49800,50400,1,1
1704728700000,20240122,4730000,P,28400,28700,1,1
1704728700000,20240122,4300000,C,450200,453300,1,1
1704728700000,20240122,4300000,P,900,1000,1,1
1704728700000,20240122,4620000,C,136900,140100,1,1
1704728700000,20240122,4620000,P,6600,6800,1,1
1704728700000,20240122,4400000,C,350800,354200,1,1
1704728700000,20240122,4400000,P,1200,1300,1,1
1704728700000,20240122,4720000,C,56300,57000,1,1
1704728700000,20240122,4720000,P,24900,25100,1,1
1704728700000,20240122,4610000,C,146100,149300,1,1
1704728700000,20240122,4610000,P,5900,6000,1,1
1704728700000,20240122,4500000,C,251800,255200,1,1
1704728700000,20240122,4500000,P,2000,2100,1,1
1704728700000,20240122,4710000,C,63200,63900,1,1
1704728700000,20240122,4710000,P,21800,22000,1,1
1704728700000,20240122,4600000,C,155400,158600,1,1
1704728700000,20240122,4600000,P,5200,5300,1,1
1704728700000,20240122,4700000,C,69600,71100,1,1
1704728700000,20240122,4700000,P,19100,19300,1,1
1704728700000,20240126,4480000,C,277100,280600,1,1
1704728700000,20240126,4480000,P,3100,3200,1,1
1704728700000,20240126,4800000,C,24700,24900,1,1
1704728700000,20240126,4800000,P,70600,71400,1,1
1704728700000,20240126,4475000,C,282000,285400,1,1
1704728700000,20240126,4475000,P,3000,3100,1,1
1704728700000,20240126,4370000,C,385400,388500,1,1
1704728700000,20240126,4370000,P,1800,1900,1,1
1704728700000,20240126,4050000,C,703400,707000,1,1
1704728700000,20240126,4050000,P,800,900,1,1
1704728700000,20240126,4690000,C,88200,88900,1,1
1704728700000,20240126,4690000,P,22700,22900,1,1
1704728700000,20240126,4580000,C,181600,184500,1,1
1704728700000,20240126,4580000,P,7200,7400,1,1
1704728700000,20240126,4900000,C,4000,4100,1,1
1704728700000,20240126,4900000,P,156500,159900,1,1
1704728700000,20240126,4575000,C,186300,189200,1,1
1704728700000,20240126,4575000,P,6900,7000,1,1
1704728700000,20240126,4150000,C,603900,607000,1,1
1704728700000,20240126,4150000,P,1000,1100,1,1
1704728700000,20240126,4470000,C,286900,290300,1,1
1704728700000,20240126,4470000,P,2900,3000,1,1
1704728700000,20240126,4790000,C,28600,28800,1,1
1704728700000,20240126,4790000,P,64200,65000,1,1
1704728700000,20240126,4360000,C,395300,398400,1,1
1704728700000,20240126,4360000,P,1700,1800,1,1
1704728700000,20240126,5000000,C,600,700,1,1
1704728700000,20240126,5000000,P,256500,259900,1,1
1704728700000,20240126,4680000,C,95900,96700,1,1
1704728700000,20240126,4680000,P,20400,20600,1,1
1704728700000,20240126,4675000,C,99800,100700,1,1
1704728700000,20240126,4675000,P,19300,19500,1,1
1704728700000,20240126,4250000,C,504500,507600,1,1
1704728700000,20240126,4250000,P,1200,1300,1,1
1704728700000,20240126,4570000,C,190900,193800,1,1
1704728700000,20240126,4570000,P,6600,6700,1,1
1704728700000,20240126,4890000,C,4900,5000,1,1
1704728700000,20240126,4890000,P,146900,149900,1,1
1704728700000,20240126,3500000,C,1251000,1254300,1,1
1704728700000,20240126,3500000,P,200,300,1,1
1704728700000,20240126,4460000,C,296700,300100,1,1
1704728700000,20240126,4460000,P,2800,2900,1,1
1704728700000,20240126,4780000,C,32900,33100,1,1
1704728700000,20240126,4780000,P,58200,58900,1,1
1704728700000,20240126,5100000,C,200,300,1,1
1704728700000,20240126,5100000,P,356400,359900,1,1
1704728700000,20240126,4350000,C,405200,408300,1,1
1704728700000,20240126,4350000,P,1700,1800,1,1
1704728700000,20240126,4670000,C,103800,104700,1,1
1704728700000,20240126,4670000,P,18300,18500,1,1
1704728700000,20240126,3600000,C,1151400,1155100,1,1
1704728700000,20240126,3600000,P,300,400,1,1
1704728700000,20240126,4560000,C,200300,203300,1,1
1704728700000,20240126,4560000,P,6000,6100,1,1
1704728700000,20240126,5200000,C,100,200,1,1
1704728700000,20240126,5200000,P,456400,459900,1,1
1704728700000,20240126,4880000,C,6000,6100,1,1
1704728700000,20240126,4880000,P,136900,139900,1,1
1704728700000,20240126,4875000,C,6700,6800,1,1
1704728700000,20240126,4875000,P,131500,134900,1,1
1704728700000,20240126,4450000,C,306500,309900,1,1
1704728700000,20240126,4450000,P,2600,2700,1,1
1704728700000,20240126,4770000,C,37600,37900,1,1
1704728700000,20240126,4770000,P,52800,53400,1,1
1704728700000,20240126,3700000,C,1051900,1055500,1,1
1704728700000,20240126,3700000,P,400,500,1,1
1704728700000,20240126,4340000,C,415100,418200,1,1
1704728700000,20240126,4340000,P,1600,1700,1,1
1704728700000,20240126,4660000,C,111900,112900,1,1
1704728700000,20240126,4660000,P,16500,16600,1,1
1704728700000,20240126,5300000,P,556800,559900,1,1
1704728700000,20240126,4550000,C,209900,212800,1,1
1704728700000,20240126,4550000,P,5500,5600,1,1
1704728700000,20240126,4870000,C,7300,7500,1,1
1704728700000,20240126,4870000,P,126600,130000,1,1
1704728700000,20240126,3800000,C,952300,955900,1,1
1704728700000,20240126,3800000,P,500,600,1,1
1704728700000,20240126,4440000,C,316300,319800,1,1
1704728700000,20240126,4440000,P,2500,2600,1,1
1704728700000,20240126,4760000,C,42700,43000,1,1
1704728700000,20240126,4760000,P,47800,48100,1,1
1704728700000,20240126,5400000,P,656800,659900,1,1
1704728700000,20240126,4330000,C,425000,428600,1,1
1704728700000,20240126,4330000,P,1500,1600,1,1
1704728700000,20240126,4650000,C,120200,121200,1,1
1704728700000,20240126,4650000,P,14900,15000,1,1
1704728700000,20240126,3900000,C,852700,855900,1,1
1704728700000,20240126,3900000,P,600,700,1,1
1704728700000,20240126,4540000,C,219200,222400,1,1
1704728700000,20240126,4540000,P,5000,5100,1,1
1704728700000,20240126,4860000,C,8900,9000,1,1
1704728700000,20240126,4860000,P,117400,120600,1,1
1704728700000,20240126,4430000,C,326100,329200,1,1
1704728700000,20240126,4430000,P,2300,2400,1,1
1704728700000,20240126,4750000,C,48200,48500,1,1
1704728700000,20240126,4750000,P,43100,43400,1,1
1704728700000,20240126,4320000,C,435000,438500,1,1
1704728700000,20240126,4320000,P,1500,1600,1,1
1704728700000,20240126,4000000,C,753200,756300,1,1
1704728700000,20240126,4000000,P,700,800,1,1
1704728700000,20240126,4640000,C,128600,129800,1,1
1704728700000,20240126,4640000,P,13400,13500,1,1
1704728700000,20240126,4530000,C,228900,231900,1,1
1704728700000,20240126,4530000,P,4600,4700,1,1
1704728700000,20240126,4850000,C,10700,10800,1,1
1704728700000,20240126,4850000,P,108800,111600,1,1
1704728700000,20240126,4525000,C,233700,236700,1,1
1704728700000,20240126,4525000,P,4400,4500,1,1
1704728700000,20240126,4100000,C,653600,656800,1,1
1704728700000,20240126,4100000,P,900,1000,1,1
1704728700000,20240126,4420000,C,336000,339500,1,1
1704728700000,20240126,4420000,P,2200,2300,1,1
1704728700000,20240126,4740000,C,54100,54300,1,1
1704728700000,20240126,4740000,P,38800,39100,1,1
1704728700000,20240126,4950000,C,1400,1500,1,1
1704728700000,20240126,4950000,P,206500,209900,1,1
1704728700000,20240126,4630000,C,137300,138500,1,1
1704728700000,20240126,4630000,P,12100,12200,1,1
1704728700000,20240126,4625000,C,141700,142900,1,1
1704728700000,20240126,4625000,P,11400,11500,1,1
1704728700000,20240126,4200000,C,554200,557300,1,1
1704728700000,20240126,4200000,P,1100,1200,1,1
1704728700000,20240126,4520000,C,238400,241600,1,1
1704728700000,20240126,4520000,P,4200,4300,1,1
1704728700000,20240126,4840000,C,12800,13000,1,1
1704728700000,20240126,4840000,P,100200,102900,1,1
1704728700000,20240126,4410000,C,345900,349300,1,1
1704728700000,20240126,4410000,P,2100,2200,1,1
1704728700000,20240126,5050000,C,300,400,1,1
1704728700000,20240126,5050000,P,306400,309900,1,1
1704728700000,20240126,4730000,C,60300,60600,1,1
1704728700000,20240126,4730000,P,34900,35200,1,1
1704728700000,20240126,4300000,C,454800,457900,1,1
1704728700000,20240126,4300000,P,1400,1500,1,1
1704728700000,20240126,4620000,C,146100,147300,1,1
1704728700000,20240126,4620000,P,10900,11000,1,1
1704728700000,20240126,3550000,C,1201200,1204900,1,1
1704728700000,20240126,3550000,P,200,300,1,1
1704728700000,20240126,4510000,C,248000,251400,1,1
1704728700000,20240126,4510000,P,3900,4000,1,1
1704728700000,20240126,5150000,C,100,200,1,1
1704728700000,20240126,5150000,P,406400,409900,1,1
1704728700000,20240126,4830000,C,15300,15400,1,1
1704728700000,20240126,4830000,P,92000,94600,1,1
1704728700000,20240126,5250000,P,506800,509900,1,1
1704728700000,20240126,4400000,C,355700,358800,1,1
1704728700000,20240126,4400000,P,2000,2100,1,1
1704728700000,20240126,4720000,C,66800,67200,1,1
1704728700000,20240126,4720000,P,31400,31600,1,1
1704728700000,20240126,3650000,C,1101600,1105300,1,1
1704728700000,20240126,3650000,P,300,400,1,1
1704728700000,20240126,4610000,C,154300,157100,1,1
1704728700000,20240126,4610000,P,9800,9900,1,1
1704728700000,20240126,5350000,P,606800,609900,1,1
1704728700000,20240126,4500000,C,257700,261100,1,1
1704728700000,20240126,4500000,P,3600,3700,1,1
1704728700000,20240126,4820000,C,18000,18200,1,1
1704728700000,20240126,4820000,P,84300,86700,1,1
1704728700000,20240126,3750000,C,1002100,1005700,1,1
1704728700000,20240126,3750000,P,400,500,1,1
1704728700000,20240126,4390000,C,365600,368700,1,1
1704728700000,20240126,4390000,P,1900,2000,1,1
1704728700000,20240126,4710000,C,73700,74200,1,1
1704728700000,20240126,4710000,P,28200,28400,1,1
1704728700000,20240126,5450000,P,706800,709900,1,1
1704728700000,20240126,4600000,C,163300,164900,1,1
1704728700000,20240126,4600000,P,8900,9000,1,1
1704728700000,20240126,3850000,C,902500,906100,1,1
1704728700000,20240126,3850000,P,500,600,1,1
1704728700000,20240126,4490000,C,267400,270800,1,1
1704728700000,20240126,4490000,P,3400,3500,1,1
1704728700000,20240126,4810000,C,21200,21400,1,1
1704728700000,20240126,4810000,P,77200,79200,1,1
1704728700000,20240126,4380000,C,375500,378600,1,1
1704728700000,20240126,4380000,P,1900,2000,1,1
1704728700000,20240126,4700000,C,80800,81400,1,1
1704728700000,20240126,4700000,P,25300,25500,1,1
1704728700000,20240126,3950000,C,802900,806100,1,1
1704728700000,20240126,3950000,P,600,700,1,1
1704728700000,20240126,4590000,C,172400,175100,1,1
1704728700000,20240126,4590000,P,8000,8100,1,1
1704728700000,20240126,4910000,C,3300,3400,1,1
1704728700000,20240126,4910000,P,166500,169900,1,1
1704728700000,20240131,3200000,C,1551500,1554900,1,1
1704728700000,20240131,3200000,P,100,200,1,1
1704728700000,20240131,4160000,C,596300,599500,1,1
1704728700000,20240131,4160000,P,1400,1500,1,1
1704728700000,20240131,4480000,C,281100,284600,1,1
1704728700000,20240131,4480000,P,5000,5100,1,1
1704728700000,20240131,4800000,C,32200,32400,1,1
1704728700000,20240131,4800000,P,75600,76400,1,1
1704728700000,20240131,4370000,C,388400,391500,1,1
1704728700000,20240131,4370000,P,2700,2800,1,1
1704728700000,20240131,4050000,C,705600,708800,1,1
1704728700000,20240131,4050000,P,1100,1200,1,1
1704728700000,20240131,4690000,C,96500,97100,1,1
1704728700000,20240131,4690000,P,28700,28800,1,1
1704728700000,20240131,5010000,C,1000,1100,1,1
1704728700000,20240131,5010000,P,266400,270000,1,1
1704728700000,20240131,3300000,C,1451900,1455300,1,1
1704728700000,20240131,3300000,P,200,300,1,1
1704728700000,20240131,4260000,C,497100,500700,1,1
1704728700000,20240131,4260000,P,1800,1900,1,1
1704728700000,20240131,4580000,C,187600,190000,1,1
1704728700000,20240131,4580000,P,10900,11000,1,1
1704728700000,20240131,4900000,C,7100,7200,1,1
1704728700000,20240131,4900000,P,156400,160000,1,1
1704728700000,20240131,4150000,C,606200,609400,1,1
1704728700000,20240131,4150000,P,1300,1400,1,1
1704728700000,20240131,4470000,C,290800,294300,1,1
1704728700000,20240131,4470000,P,4600,4700,1,1
1704728700000,20240131,4790000,C,36400,36700,1,1
1704728700000,20240131,4790000,P,69500,70300,1,1
1704728700000,20240131,3400000,C,1352400,1355700,1,1
1704728700000,20240131,3400000,P,200,300,1,1
1704728700000,20240131,4360000,C,398200,401800,1,1
1704728700000,20240131,4360000,P,2500,2600,1,1
1704728700000,20240131,5000000,C,1200,1300,1,1
1704728700000,20240131,5000000,P,256400,260000,1,1
1704728700000,20240131,4680000,C,104000,104700,1,1
1704728700000,20240131,4680000,P,26200,26400,1,1
1704728700000,20240131,4250000,C,507000,510600,1,1
1704728700000,20240131,4250000,P,1700,1800,1,1
1704728700000,20240131,4570000,C,196700,199100,1,1
1704728700000,20240131,4570000,P,10000,10100,1,1
1704728700000,20240131,4890000,C,8500,8600,1,1
1704728700000,20240131,4890000,P,146500,150000,1,1
1704728700000,20240131,3500000,C,1252800,1256100,1,1
1704728700000,20240131,3500000,P,300,400,1,1
1704728700000,20240131,4140000,C,616100,619300,1,1
1704728700000,20240131,4140000,P,1300,1400,1,1
1704728700000,20240131,4460000,C,300400,303900,1,1
1704728700000,20240131,4460000,P,4300,4400,1,1
1704728700000,20240131,5100000,C,300,400,1,1
1704728700000,20240131,5100000,P,356800,360000,1,1
1704728700000,20240131,4780000,C,41000,41200,1,1
1704728700000,20240131,4780000,P,63800,64600,1,1
1704728700000,20240131,4350000,C,408100,411200,1,1
1704728700000,20240131,4350000,P,2400,2500,1,1
1704728700000,20240131,4670000,C,111700,112500,1,1
1704728700000,20240131,4670000,P,23900,24100,1,1
1704728700000,20240131,4990000,C,1400,1500,1,1
1704728700000,20240131,4990000,P,246400,250000,1,1
1704728700000,20240131,3600000,C,1153300,1156600,1,1
1704728700000,20240131,3600000,P,400,500,1,1
1704728700000,20240131,4240000,C,516900,520100,1,1
1704728700000,20240131,4240000,P,1700,1800,1,1
1704728700000,20240131,4560000,C,205900,208800,1,1
1704728700000,20240131,4560000,P,9200,9300,1,1
1704728700000,20240131,5200000,C,100,200,1,1
1704728700000,20240131,5200000,P,456800,459900,1,1
1704728700000,20240131,4880000,C,10000,10200,1,1
1704728700000,20240131,4880000,P,137200,140300,1,1
1704728700000,20240131,4130000,C,626100,629300,1,1
1704728700000,20240131,4130000,P,1300,1400,1,1
1704728700000,20240131,4450000,C,310100,313600,1,1
1704728700000,20240131,4450000,P,4100,4200,1,1
1704728700000,20240131,4770000,C,45900,46100,1,1
1704728700000,20240131,4770000,P,58600,58800,1,1
1704728700000,20240131,3700000,C,1053800,1057000,1,1
1704728700000,20240131,3700000,P,500,600,1,1
1704728700000,20240131,4340000,C,417900,421100,1,1
1704728700000,20240131,4340000,P,2300,2400,1,1
1704728700000,20240131,4660000,C,119600,120500,1,1
1704728700000,20240131,4660000,P,21900,22000,1,1
1704728700000,20240131,4980000,C,1700,1800,1,1
1704728700000,20240131,4980000,P,236400,240000,1,1
1704728700000,20240131,5300000,C,100,200,1,1
1704728700000,20240131,5300000,P,556800,559900,1,1
1704728700000,20240131,4230000,C,526800,530000,1,1
1704728700000,20240131,4230000,P,1600,1700,1,1
1704728700000,20240131,4550000,C,215100,218000,1,1
1704728700000,20240131,4550000,P,8500,8600,1,1
1704728700000,20240131,4870000,C,11800,11900,1,1
1704728700000,20240131,4870000,P,128100,131000,1,1
1704728700000,20240131,3800000,C,954200,957500,1,1
1704728700000,20240131,3800000,P,600,700,1,1
1704728700000,20240131,4120000,C,636000,639200,1,1
1704728700000,20240131,4120000,P,1200,1300,1,1
1704728700000,20240131,4440000,C,319800,323300,1,1
1704728700000,20240131,4440000,P,3800,3900,1,1
1704728700000,20240131,4760000,C,51100,51400,1,1
1704728700000,20240131,4760000,P,53700,53900,1,1
1704728700000,20240131,5400000,P,656300,659900,1,1
1704728700000,20240131,4330000,C,427800,431000,1,1
1704728700000,20240131,4330000,P,2200,2300,1,1
1704728700000,20240131,4650000,C,127700,128600,1,1
1704728700000,20240131,4650000,P,20000,20200,1,1
1704728700000,20240131,4970000,C,2000,2100,1,1
1704728700000,20240131,4970000,P,226400,230000,1,1
1704728700000,20240131,3900000,C,854800,858000,1,1
1704728700000,20240131,3900000,P,800,900,1,1
1704728700000,20240131,4220000,C,536700,539900,1,1
1704728700000,20240131,4220000,P,1600,1700,1,1
1704728700000,20240131,4540000,C,224400,227400,1,1
1704728700000,20240131,4540000,P,7800,7900,1,1
1704728700000,20240131,4860000,C,13800,14000,1,1
1704728700000,20240131,4860000,P,119300,122100,1,1
1704728700000,20240131,4110000,C,645900,649600,1,1
1704728700000,20240131,4110000,P,1200,1300,1,1
1704728700000,20240131,4430000,C,329500,333100,1,1
1704728700000,20240131,4430000,P,3600,3700,1,1
1704728700000,20240131,4750000,C,56800,57000,1,1
1704728700000,20240131,4750000,P,49200,49400,1,1
1704728700000,20240131,4320000,C,437700,441300,1,1
1704728700000,20240131,4320000,P,2200,2300,1,1
1704728700000,20240131,4000000,C,755300,758500,1,1
1704728700000,20240131,4000000,P,1000,1100,1,1
1704728700000,20240131,4640000,C,135900,136900,1,1
1704728700000,20240131,4640000,P,18300,18400,1,1
1704728700000,20240131,4960000,C,2400,2500,1,1
1704728700000,20240131,4960000,P,216400,220000,1,1
1704728700000,20240131,4210000,C,546600,549800,1,1
1704728700000,20240131,4210000,P,1500,1600,1,1
1704728700000,20240131,4530000,C,233600,236700,1,1
1704728700000,20240131,4530000,P,7200,7300,1,1
1704728700000,20240131,4850000,C,16100,16200,1,1
1704728700000,20240131,4850000,P,110800,113600,1,1
1704728700000,20240131,4100000,C,655900,659100,1,1
1704728700000,20240131,4100000,P,1200,1300,1,1
1704728700000,20240131,4420000,C,339300,342800,1,1
1704728700000,20240131,4420000,P,3400,3500,1,1
1704728700000,20240131,4740000,C,62700,62900,1,1
1704728700000,20240131,4740000,P,45000,45200,1,1
1704728700000,20240131,3350000,C,1402100,1405500,1,1
1704728700000,20240131,3350000,P,200,300,1,1
1704728700000,20240131,4310000,C,447600,450700,1,1
1704728700000,20240131,4310000,P,2100,2200,1,1
1704728700000,20240131,4630000,C,144300,145400,1,1
1704728700000,20240131,4630000,P,16700,16900,1,1
1704728700000,20240131,4950000,C,2900,3000,1,1
1704728700000,20240131,4950000,P,206400,210000,1,1
1704728700000,20240131,4200000,C,556600,560200,1,1
1704728700000,20240131,4200000,P,1500,1600,1,1
1704728700000,20240131,4520000,C,243000,246400,1,1
1704728700000,20240131,4520000,P,6700,6800,1,1
1704728700000,20240131,4840000,C,18700,18900,1,1
1704728700000,20240131,4840000,P,103300,105400,1,1
1704728700000,20240131,3450000,C,1302600,1305900,1,1
1704728700000,20240131,3450000,P,300,400,1,1
1704728700000,20240131,4090000,C,665800,669000,1,1
1704728700000,20240131,4090000,P,1200,1300,1,1
1704728700000,20240131,4410000,C,349100,352200,1,1
1704728700000,20240131,4410000,P,3200,3300,1,1
1704728700000,20240131,5050000,C,600,700,1,1
1704728700000,20240131,5050000,P,306800,310000,1,1
1704728700000,20240131,4730000,C,68900,69200,1,1
1704728700000,20240131,4730000,P,41100,41300,1,1
1704728700000,20240131,4300000,C,457500,460600,1,1
1704728700000,20240131,4300000,P,2000,2100,1,1
1704728700000,20240131,4620000,C,152800,154000,1,1
1704728700000,20240131,4620000,P,15300,15500,1,1
1704728700000,20240131,4940000,C,3500,3600,1,1
1704728700000,20240131,4940000,P,196400,200000,1,1
1704728700000,20240131,3550000,C,1203000,1206400,1,1
1704728700000,20240131,3550000,P,400,500,1,1
1704728700000,20240131,4190000,C,566500,569700,1,1
1704728700000,20240131,4190000,P,1500,1600,1,1
1704728700000,20240131,4510000,C,252500,255800,1,1
1704728700000,20240131,4510000,P,6200,6300,1,1
1704728700000,20240131,5150000,C,200,300,1,1
1704728700000,20240131,5150000,P,406800,409900,1,1
1704728700000,20240131,4830000,C,21600,21800,1,1
1704728700000,20240131,4830000,P,95500,97600,1,1
1704728700000,20240131,5250000,C,100,200,1,1
1704728700000,20240131,5250000,P,506800,509900,1,1
1704728700000,20240131,4080000,C,675800,679000,1,1
1704728700000,20240131,4080000,P,1100,1200,1,1
1704728700000,20240131,4400000,C,358900,362000,1,1
1704728700000,20240131,4400000,P,3000,3100,1,1
1704728700000,20240131,4720000,C,75400,75800,1,1
1704728700000,20240131,4720000,P,37600,37800,1,1
1704728700000,20240131,3650000,C,1103500,1106800,1,1
1704728700000,20240131,3650000,P,500,600,1,1
1704728700000,20240131,4290000,C,467400,470500,1,1
1704728700000,20240131,4290000,P,1900,2000,1,1
1704728700000,20240131,4610000,C,161000,163200,1,1
1704728700000,20240131,4610000,P,14000,14200,1,1
1704728700000,20240131,4930000,C,4200,4300,1,1
1704728700000,20240131,4930000,P,186400,190000,1,1
1704728700000,20240131,5350000,P,606800,609900,1,1
1704728700000,20240131,4180000,C,576400,579600,1,1
1704728700000,20240131,4180000,P,1400,1500,1,1
1704728700000,20240131,4500000,C,262000,265400,1,1
1704728700000,20240131,4500000,P,5700,5800,1,1
1704728700000,20240131,4820000,C,24800,25000,1,1
1704728700000,20240131,4820000,P,88500,90200,1,1
1704728700000,20240131,3750000,C,1004000,1007300,1,1
1704728700000,20240131,3750000,P,600,700,1,1
1704728700000,20240131,4390000,C,368700,371800,1,1
1704728700000,20240131,4390000,P,2900,3000,1,1
1704728700000,20240131,4070000,C,685700,688900,1,1
1704728700000,20240131,4070000,P,1100,1200,1,1
1704728700000,20240131,4710000,C,82200,82600,1,1
1704728700000,20240131,4710000,P,34300,34500,1,1
1704728700000,20240131,5450000,P,706300,709900,1,1
1704728700000,20240131,4280000,C,477300,480400,1,1
1704728700000,20240131,4280000,P,1900,2000,1,1
1704728700000,20240131,4600000,C,169800,172000,1,1
1704728700000,20240131,4600000,P,12900,13000,1,1
1704728700000,20240131,4920000,C,5000,5100,1,1
1704728700000,20240131,4920000,P,176400,180000,1,1
1704728700000,20240131,3850000,C,904500,907700,1,1
1704728700000,20240131,3850000,P,700,800,1,1
1704728700000,20240131,4170000,C,586300,590000,1,1
1704728700000,20240131,4170000,P,1400,1500,1,1
1704728700000,20240131,4490000,C,271500,275000,1,1
1704728700000,20240131,4490000,P,5300,5400,1,1
1704728700000,20240131,4810000,C,28300,28500,1,1
1704728700000,20240131,4810000,P,82000,82900,1,1
1704728700000,20240131,4380000,C,378500,382100,1,1
1704728700000,20240131,4380000,P,2800,2900,1,1
1704728700000,20240131,4060000,C,695600,699300,1,1
1704728700000,20240131,4060000,P,1100,1200,1,1
1704728700000,20240131,4700000,C,89200,89800,1,1
1704728700000,20240131,4700000,P,31400,31600,1,1
1704728700000,20240131,5020000,C,900,1000,1,1
1704728700000,20240131,5020000,P,276400,280000,1,1
1704728700000,20240131,4270000,C,487200,490300,1,1
1704728700000,20240131,4270000,P,1800,1900,1,1
1704728700000,20240131,3950000,C,805000,808700,1,1
1704728700000,20240131,3950000,P,900,1000,1,1
1704728700000,20240131,4590000,C,178500,181000,1,1
1704728700000,20240131,4590000,P,11800,11900,1,1
1704728700000,20240131,4910000,C,6000,6100,1,1
1704728700000,20240131,4910000,P,166400,170000,1,1
1704728700000,20240202,4480000,C,285800,288700,1,1
1704728700000,20240202,4480000,P,6200,6300,1,1
1704728700000,20240202,4800000,C,37300,37600,1,1
1704728700000,20240202,4800000,P,78300,79200,1,1
1704728700000,20240202,4050000,C,708400,711600,1,1
1704728700000,20240202,4050000,P,1300,1400,1,1
1704728700000,20240202,4690000,C,102500,103100,1,1
1704728700000,20240202,4690000,P,32000,32200,1,1
1704728700000,20240202,4580000,C,192600,195600,1,1
1704728700000,20240202,4580000,P,13100,13200,1,1
1704728700000,20240202,4900000,C,9500,9600,1,1
1704728700000,20240202,4900000,P,156500,160000,1,1
1704728700000,20240202,4150000,C,609100,612300,1,1
1704728700000,20240202,4150000,P,1600,1700,1,1
1704728700000,20240202,4470000,C,294900,298200,1,1
1704728700000,20240202,4470000,P,5800,5900,1,1
1704728700000,20240202,4790000,C,41800,42000,1,1
1704728700000,20240202,4790000,P,72500,73200,1,1
1704728700000,20240202,5000000,C,1800,1900,1,1
1704728700000,20240202,5000000,P,256800,260000,1,1
1704728700000,20240202,4680000,C,109900,110700,1,1
1704728700000,20240202,4680000,P,29400,29600,1,1
1704728700000,20240202,4675000,C,113700,114500,1,1
1704728700000,20240202,4675000,P,28200,28400,1,1
1704728700000,20240202,4250000,C,510100,513300,1,1
1704728700000,20240202,4250000,P,2100,2200,1,1
1704728700000,20240202,4570000,C,202000,204600,1,1
1704728700000,20240202,4570000,P,12100,12200,1,1
1704728700000,20240202,4890000,C,11100,11300,1,1
1704728700000,20240202,4890000,P,147200,150300,1,1
1704728700000,20240202,3500000,C,1255100,1258500,1,1
1704728700000,20240202,3500000,P,400,500,1,1
1704728700000,20240202,4780000,C,46600,46800,1,1
1704728700000,20240202,4780000,P,66900,67600,1,1
1704728700000,20240202,5100000,C,400,500,1,1
1704728700000,20240202,5100000,P,356800,360000,1,1
1704728700000,20240202,4775000,C,49000,49300,1,1
1704728700000,20240202,4775000,P,64300,64600,1,1
1704728700000,20240202,4350000,C,411400,414600,1,1
1704728700000,20240202,4350000,P,3000,3100,1,1
1704728700000,20240202,4670000,C,117600,118400,1,1
1704728700000,20240202,4670000,P,27100,27300,1,1
1704728700000,20240202,3600000,C,1155700,1159000,1,1
1704728700000,20240202,3600000,P,500,600,1,1
1704728700000,20240202,4560000,C,211100,213700,1,1
1704728700000,20240202,4560000,P,11200,11300,1,1
1704728700000,20240202,4880000,C,12900,13100,1,1
1704728700000,20240202,4880000,P,138000,140900,1,1
1704728700000,20240202,5200000,C,200,300,1,1
1704728700000,20240202,5200000,P,456800,460000,1,1
1704728700000,20240202,4875000,C,13900,14100,1,1
1704728700000,20240202,4875000,P,133500,136400,1,1
1704728700000,20240202,4450000,C,314000,317600,1,1
1704728700000,20240202,4450000,P,5100,5200,1,1
1704728700000,20240202,4770000,C,51600,51900,1,1
1704728700000,20240202,4770000,P,61800,62100,1,1
1704728700000,20240202,3700000,C,1056200,1059500,1,1
1704728700000,20240202,3700000,P,600,700,1,1
1704728700000,20240202,4660000,C,125400,126300,1,1
1704728700000,20240202,4660000,P,24900,25100,1,1
1704728700000,20240202,5300000,C,100,200,1,1
1704728700000,20240202,5300000,P,556800,559900,1,1
1704728700000,20240202,4550000,C,220200,222800,1,1
1704728700000,20240202,4550000,P,10300,10400,1,1
1704728700000,20240202,4870000,C,15000,15200,1,1
1704728700000,20240202,4870000,P,129100,131900,1,1
1704728700000,20240202,3800000,C,956800,960100,1,1
1704728700000,20240202,3800000,P,800,900,1,1
1704728700000,20240202,4760000,C,57000,57300,1,1
1704728700000,20240202,4760000,P,57000,57300,1,1
1704728700000,20240202,5400000,P,656300,659900,1,1
1704728700000,20240202,4650000,C,133400,134300,1,1
1704728700000,20240202,4650000,P,22900,23100,1,1
1704728700000,20240202,3900000,C,857400,860600,1,1
1704728700000,20240202,3900000,P,900,1000,1,1
1704728700000,20240202,4540000,C,229400,232300,1,1
1704728700000,20240202,4540000,P,9600,9700,1,1
1704728700000,20240202,4860000,C,17300,17500,1,1
1704728700000,20240202,4860000,P,120500,123300,1,1
1704728700000,20240202,4750000,C,62700,63000,1,1
1704728700000,20240202,4750000,P,52500,52800,1,1
1704728700000,20240202,4000000,C,758000,761300,1,1
1704728700000,20240202,4000000,P,1100,1200,1,1
1704728700000,20240202,4640000,C,141500,142500,1,1
1704728700000,20240202,4640000,P,21100,21300,1,1
1704728700000,20240202,4530000,C,238700,241300,1,1
1704728700000,20240202,4530000,P,8900,9000,1,1
1704728700000,20240202,4850000,C,19900,20100,1,1
1704728700000,20240202,4850000,P,112400,115000,1,1
1704728700000,20240202,4100000,C,658700,662400,1,1
1704728700000,20240202,4100000,P,1400,1500,1,1
1704728700000,20240202,4740000,C,68700,69000,1,1
1704728700000,20240202,4740000,P,48400,48600,1,1
1704728700000,20240202,4950000,C,4100,4200,1,1
1704728700000,20240202,4950000,P,206400,210000,1,1
1704728700000,20240202,4630000,C,149800,150900,1,1
1704728700000,20240202,4630000,P,19500,19600,1,1
1704728700000,20240202,4625000,C,154000,155100,1,1
1704728700000,20240202,4625000,P,18700,18800,1,1
1704728700000,20240202,4200000,C,559600,562800,1,1
1704728700000,20240202,4200000,P,1800,1900,1,1
1704728700000,20240202,4520000,C,248000,250900,1,1
1704728700000,20240202,4520000,P,8300,8400,1,1
1704728700000,20240202,4840000,C,22800,23000,1,1
1704728700000,20240202,4840000,P,104800,107100,1,1
1704728700000,20240202,4730000,C,75000,75200,1,1
1704728700000,20240202,4730000,P,44500,44800,1,1
1704728700000,20240202,5050000,C,800,900,1,1
1704728700000,20240202,5050000,P,306800,310000,1,1
1704728700000,20240202,4725000,C,78200,78500,1,1
1704728700000,20240202,4725000,P,42700,43000,1,1
1704728700000,20240202,4300000,C,460700,464300,1,1
1704728700000,20240202,4300000,P,2500,2600,1,1
1704728700000,20240202,4620000,C,158300,159400,1,1
1704728700000,20240202,4620000,P,18000,18100,1,1
1704728700000,20240202,3550000,C,1205400,1208700,1,1
1704728700000,20240202,3550000,P,400,500,1,1
1704728700000,20240202,4510000,C,257400,260300,1,1
1704728700000,20240202,4510000,P,7700,7800,1,1
1704728700000,20240202,4830000,C,26000,26200,1,1
1704728700000,20240202,4830000,P,97400,99600,1,1
1704728700000,20240202,5150000,C,200,300,1,1
1704728700000,20240202,5150000,P,406800,410000,1,1
1704728700000,20240202,5250000,C,100,200,1,1
1704728700000,20240202,5250000,P,506800,509900,1,1
1704728700000,20240202,4825000,C,27700,27900,1,1
1704728700000,20240202,4825000,P,94200,96100,1,1
1704728700000,20240202,4400000,C,362500,366000,1,1
1704728700000,20240202,4400000,P,3900,4000,1,1
1704728700000,20240202,4720000,C,81500,81900,1,1
1704728700000,20240202,4720000,P,41000,41200,1,1
1704728700000,20240202,3650000,C,1105900,1109300,1,1
1704728700000,20240202,3650000,P,600,700,1,1
1704728700000,20240202,4610000,C,166700,168900,1,1
1704728700000,20240202,4610000,P,16500,16700,1,1
1704728700000,20240202,5350000,C,100,200,1,1
1704728700000,20240202,5350000,P,606300,609900,1,1
1704728700000,20240202,4500000,C,266800,269800,1,1
1704728700000,20240202,4500000,P,7200,7300,1,1
1704728700000,20240202,4820000,C,29500,29700,1,1
1704728700000,20240202,4820000,P,90500,92500,1,1
1704728700000,20240202,3750000,C,1006500,1009800,1,1
1704728700000,20240202,3750000,P,700,800,1,1
1704728700000,20240202,4710000,C,88200,88700,1,1
1704728700000,20240202,4710000,P,37700,38000,1,1
1704728700000,20240202,5450000,P,706300,709900,1,1
1704728700000,20240202,4600000,C,175400,177800,1,1
1704728700000,20240202,4600000,P,15300,15400,1,1
1704728700000,20240202,3850000,C,907100,910400,1,1
1704728700000,20240202,3850000,P,900,1000,1,1
1704728700000,20240202,4490000,C,275800,279200,1,1
1704728700000,20240202,4490000,P,6700,6800,1,1
1704728700000,20240202,4810000,C,33300,33500,1,1
1704728700000,20240202,4810000,P,84600,85400,1,1
1704728700000,20240202,4700000,C,95200,95800,1,1
1704728700000,20240202,4700000,P,34700,35000,1,1
1704728700000,20240202,3950000,C,807700,810900,1,1
1704728700000,20240202,3950000,P,1000,1100,1,1
1704728700000,20240202,4590000,C,183700,186700,1,1
1704728700000,20240202,4590000,P,14100,14200,1,1
1704728700000,20240209,4800000,C,46300,46500,1,1
1704728700000,20240209,4800000,P,81900,84000,1,1
1704728700000,20240209,4050000,C,713300,716700,1,1
1704728700000,20240209,4050000,P,1800,1900,1,1
1704728700000,20240209,4690000,C,113000,113700,1,1
1704728700000,20240209,4690000,P,37700,37900,1,1
1704728700000,20240209,4580000,C,202400,204800,1,1
1704728700000,20240209,4580000,P,17500,17600,1,1
1704728700000,20240209,4900000,C,14400,14500,1,1
1704728700000,20240209,4900000,P,157200,160300,1,1
1704728700000,20240209,4150000,C,614400,617700,1,1
1704728700000,20240209,4150000,P,2200,2300,1,1
1704728700000,20240209,4790000,C,51000,51200,1,1
1704728700000,20240209,4790000,P,77000,77900,1,1
1704728700000,20240209,5000000,C,3300,3400,1,1
1704728700000,20240209,5000000,P,256800,260000,1,1
1704728700000,20240209,4680000,C,120400,121100,1,1
1704728700000,20240209,4680000,P,35100,35300,1,1
1704728700000,20240209,4250000,C,515700,519000,1,1
1704728700000,20240209,4250000,P,3100,3200,1,1
1704728700000,20240209,4570000,C,211300,214100,1,1
1704728700000,20240209,4570000,P,16300,16500,1,1
1704728700000,20240209,4890000,C,16400,16500,1,1
1704728700000,20240209,4890000,P,148100,151100,1,1
1704728700000,20240209,3500000,C,1259100,1262700,1,1
1704728700000,20240209,3500000,P,600,700,1,1
1704728700000,20240209,4780000,C,56100,56300,1,1
1704728700000,20240209,4780000,P,71100,73000,1,1
1704728700000,20240209,5100000,C,800,900,1,1
1704728700000,20240209,5100000,P,356800,360000,1,1
1704728700000,20240209,4350000,C,417800,421100,1,1
1704728700000,20240209,4350000,P,4600,4700,1,1
1704728700000,20240209,4670000,C,128000,128800,1,1
1704728700000,20240209,4670000,P,32700,32900,1,1
1704728700000,20240209,3600000,C,1159900,1163300,1,1
1704728700000,20240209,3600000,P,700,800,1,1
1704728700000,20240209,4560000,C,220200,222600,1,1
1704728700000,20240209,4560000,P,15300,15400,1,1
1704728700000,20240209,4880000,C,18700,18800,1,1
1704728700000,20240209,4880000,P,139200,142200,1,1
1704728700000,20240209,5200000,C,300,400,1,1
1704728700000,20240209,5200000,P,456700,460000,1,1
1704728700000,20240209,4450000,C,322000,325000,1,1
1704728700000,20240209,4450000,P,7700,7800,1,1
1704728700000,20240209,4770000,C,61300,61700,1,1
1704728700000,20240209,4770000,P,67100,67300,1,1
1704728700000,20240209,3700000,C,1060600,1064000,1,1
1704728700000,20240209,3700000,P,900,1000,1,1
1704728700000,20240209,4660000,C,135800,136600,1,1
1704728700000,20240209,4660000,P,30400,30600,1,1
1704728700000,20240209,5300000,C,200,300,1,1
1704728700000,20240209,5300000,P,556700,560000,1,1
1704728700000,20240209,4550000,C,229100,231600,1,1
1704728700000,20240209,4550000,P,14300,14500,1,1
1704728700000,20240209,4870000,C,21200,21300,1,1
1704728700000,20240209,4870000,P,130800,133600,1,1
1704728700000,20240209,3800000,C,961300,964700,1,1
1704728700000,20240209,3800000,P,1100,1200,1,1
1704728700000,20240209,4760000,C,67000,67300,1,1
1704728700000,20240209,4760000,P,62400,62700,1,1
1704728700000,20240209,5400000,C,100,200,1,1
1704728700000,20240209,5400000,P,656700,660000,1,1
1704728700000,20240209,4650000,C,143700,144600,1,1
1704728700000,20240209,4650000,P,28300,28500,1,1
1704728700000,20240209,3900000,C,862000,865400,1,1
1704728700000,20240209,3900000,P,1300,1400,1,1
1704728700000,20240209,4540000,C,238200,240700,1,1
1704728700000,20240209,4540000,P,13400,13500,1,1
1704728700000,20240209,4860000,C,23900,24100,1,1
1704728700000,20240209,4860000,P,122700,125500,1,1
1704728700000,20240209,4750000,C,72800,73100,1,1
1704728700000,20240209,4750000,P,58100,58400,1,1
1704728700000,20240209,4000000,C,762800,766300,1,1
1704728700000,20240209,4000000,P,1500,1600,1,1
1704728700000,20240209,4640000,C,151700,152700,1,1
1704728700000,20240209,4640000,P,26400,26600,1,1
1704728700000,20240209,4530000,C,247300,250100,1,1
1704728700000,20240209,4530000,P,12600,12700,1,1
1704728700000,20240209,4850000,C,26900,27100,1,1
1704728700000,20240209,4850000,P,115000,117600,1,1
1704728700000,20240209,4100000,C,663800,667200,1,1
1704728700000,20240209,4100000,P,2000,2100,1,1
1704728700000,20240209,4740000,C,79000,79300,1,1
1704728700000,20240209,4740000,P,54000,54300,1,1
1704728700000,20240209,4950000,C,7000,7200,1,1
1704728700000,20240209,4950000,P,206800,210000,1,1
1704728700000,20240209,4630000,C,159900,160900,1,1
1704728700000,20240209,4630000,P,24600,24800,1,1
1704728700000,20240209,4200000,C,565000,568300,1,1
1704728700000,20240209,4200000,P,2600,2700,1,1
1704728700000,20240209,4520000,C,256500,259300,1,1
1704728700000,20240209,4520000,P,11800,11900,1,1
1704728700000,20240209,4840000,C,30200,30400,1,1
1704728700000,20240209,4840000,P,107600,110200,1,1
1704728700000,20240209,4730000,C,85300,85600,1,1
1704728700000,20240209,4730000,P,50300,50600,1,1
1704728700000,20240209,5050000,C,1500,1600,1,1
1704728700000,20240209,5050000,P,306800,310000,1,1
1704728700000,20240209,4300000,C,466600,469900,1,1
1704728700000,20240209,4300000,P,3700,3800,1,1
1704728700000,20240209,4620000,C,168100,170400,1,1
1704728700000,20240209,4620000,P,23000,23200,1,1
1704728700000,20240209,3550000,C,1209500,1213000,1,1
1704728700000,20240209,3550000,P,600,700,1,1
1704728700000,20240209,4830000,C,33800,34000,1,1
1704728700000,20240209,4830000,P,100600,103100,1,1
1704728700000,20240209,5150000,C,400,500,1,1
1704728700000,20240209,5150000,P,406800,410000,1,1
1704728700000,20240209,5250000,C,200,300,1,1
1704728700000,20240209,5250000,P,506700,510000,1,1
1704728700000,20240209,4400000,C,369900,372800,1,1
1704728700000,20240209,4400000,P,5800,5900,1,1
1704728700000,20240209,4720000,C,91900,92300,1,1
1704728700000,20240209,4720000,P,46800,47000,1,1
1704728700000,20240209,3650000,C,1110200,1113700,1,1
1704728700000,20240209,3650000,P,800,900,1,1
1704728700000,20240209,4610000,C,176500,178800,1,1
1704728700000,20240209,4610000,P,21400,21600,1,1
1704728700000,20240209,5350000,C,100,200,1,1
1704728700000,20240209,5350000,P,606700,610000,1,1
1704728700000,20240209,4500000,C,275000,278000,1,1
1704728700000,20240209,4500000,P,10400,10500,1,1
1704728700000,20240209,4820000,C,37700,37900,1,1
1704728700000,20240209,4820000,P,94000,96400,1,1
1704728700000,20240209,3750000,C,1010900,1014300,1,1
1704728700000,20240209,3750000,P,1000,1100,1,1
1704728700000,20240209,4710000,C,98700,99200,1,1
1704728700000,20240209,4710000,P,43500,43800,1,1
1704728700000,20240209,5450000,C,100,200,1,1
1704728700000,20240209,5450000,P,706700,710000,1,1
1704728700000,20240209,4600000,C,185100,187400,1,1
1704728700000,20240209,4600000,P,20000,20200,1,1
1704728700000,20240209,3850000,C,911700,915100,1,1
1704728700000,20240209,3850000,P,1100,1200,1,1
1704728700000,20240209,4810000,C,41800,42000,1,1
1704728700000,20240209,4810000,P,87800,90000,1,1
1704728700000,20240209,4700000,C,105800,106400,1,1
1704728700000,20240209,4700000,P,40500,40800,1,1
1704728700000,20240209,3950000,C,812500,815800,1,1
1704728700000,20240209,3950000,P,1400,1500,1,1
1704728700000,20240209,4590000,C,193700,196200,1,1
1704728700000,20240209,4590000,P,18700,18800,1,1
1704728700000,20240216,5650000,P,906600,910100,1,1
1704728700000,20240216,3200000,C,1561400,1565200,1,1
1704728700000,20240216,3200000,P,400,500,1,1
1704728700000,20240216,4160000,C,610700,614100,1,1
1704728700000,20240216,4160000,P,3300,3400,1,1
1704728700000,20240216,4480000,C,302200,305800,1,1
1704728700000,20240216,4480000,P,12800,12900,1,1
1704728700000,20240216,4800000,C,56300,56500,1,1
1704728700000,20240216,4800000,P,87500,88400,1,1
1704728700000,20240216,2450000,C,2306000,2310200,1,1
1704728700000,20240216,4370000,C,406000,409700,1,1
1704728700000,20240216,4370000,P,7300,7400,1,1
1704728700000,20240216,4050000,C,719100,722600,1,1
1704728700000,20240216,4050000,P,2400,2500,1,1
1704728700000,20240216,4690000,C,124600,125000,1,1
1704728700000,20240216,4690000,P,43700,43900,1,1
1704728700000,20240216,5010000,C,4900,5000,1,1
1704728700000,20240216,5010000,P,266700,270100,1,1
1704728700000,20240216,5750000,P,1006500,1010100,1,1
1704728700000,20240216,3300000,C,1462200,1465900,1,1
1704728700000,20240216,3300000,P,500,600,1,1
1704728700000,20240216,4260000,C,512600,516000,1,1
1704728700000,20240216,4260000,P,4600,4700,1,1
1704728700000,20240216,4580000,C,212400,215400,1,1
1704728700000,20240216,4580000,P,22400,22500,1,1
1704728700000,20240216,4900000,C,20500,20600,1,1
1704728700000,20240216,4900000,P,158300,161400,1,1
1704728700000,20240216,2550000,C,2206700,2210800,1,1
1704728700000,20240216,2550000,P,100,200,1,1
1704728700000,20240216,4150000,C,620500,624000,1,1
1704728700000,20240216,4150000,P,3200,3300,1,1
1704728700000,20240216,4470000,C,311500,314900,1,1
1704728700000,20240216,4470000,P,12100,12200,1,1
1704728700000,20240216,4790000,C,61300,61600,1,1
1704728700000,20240216,4790000,P,82100,83100,1,1
1704728700000,20240216,3400000,C,1363000,1366700,1,1
1704728700000,20240216,3400000,P,600,700,1,1
1704728700000,20240216,4360000,C,415600,419300,1,1
1704728700000,20240216,4360000,P,7000,7100,1,1
1704728700000,20240216,4040000,C,729000,732500,1,1
1704728700000,20240216,4040000,P,2400,2500,1,1
1704728700000,20240216,5000000,C,5700,5800,1,1
1704728700000,20240216,5000000,P,256700,260100,1,1
1704728700000,20240216,4680000,C,132000,132600,1,1
1704728700000,20240216,4680000,P,41100,41200,1,1
1704728700000,20240216,2650000,C,2107400,2111500,1,1
1704728700000,20240216,2650000,P,100,200,1,1
1704728700000,20240216,4250000,C,522400,525800,1,1
1704728700000,20240216,4250000,P,4500,4600,1,1
1704728700000,20240216,4570000,C,221100,224200,1,1
1704728700000,20240216,4570000,P,21100,21300,1,1
1704728700000,20240216,4890000,C,23000,23100,1,1
1704728700000,20240216,4890000,P,149600,152600,1,1
1704728700000,20240216,3500000,C,1263800,1267400,1,1
1704728700000,20240216,3500000,P,800,900,1,1
1704728700000,20240216,4140000,C,630400,633800,1,1
1704728700000,20240216,4140000,P,3100,3200,1,1
1704728700000,20240216,4460000,C,320800,324300,1,1
1704728700000,20240216,4460000,P,11500,11600,1,1
1704728700000,20240216,5100000,C,1400,1500,1,1
1704728700000,20240216,5100000,P,356700,360100,1,1
1704728700000,20240216,4780000,C,66600,66900,1,1
1704728700000,20240216,4780000,P,77300,77600,1,1
1704728700000,20240216,2750000,C,2008100,2012100,1,1
1704728700000,20240216,2750000,P,100,200,1,1
1704728700000,20240216,4350000,C,425300,428900,1,1
1704728700000,20240216,4350000,P,6700,6800,1,1
1704728700000,20240216,4030000,C,738900,742300,1,1
1704728700000,20240216,4030000,P,2300,2400,1,1
1704728700000,20240216,4670000,C,139500,140300,1,1
1704728700000,20240216,4670000,P,38500,38700,1,1
1704728700000,20240216,4990000,C,6500,6600,1,1
1704728700000,20240216,4990000,P,246700,250100,1,1
1704728700000,20240216,3600000,C,1164600,1168200,1,1
1704728700000,20240216,3600000,P,900,1000,1,1
1704728700000,20240216,4240000,C,532200,535600,1,1
1704728700000,20240216,4240000,P,4300,4400,1,1
1704728700000,20240216,4560000,C,229800,233000,1,1
1704728700000,20240216,4560000,P,20000,20100,1,1
1704728700000,20240216,5200000,C,500,600,1,1
1704728700000,20240216,5200000,P,456700,460100,1,1
1704728700000,20240216,4880000,C,25600,25800,1,1
1704728700000,20240216,4880000,P,141200,144100,1,1
1704728700000,20240216,2850000,C,1908800,1912800,1,1
1704728700000,20240216,2850000,P,200,300,1,1
1704728700000,20240216,4130000,C,640200,643700,1,1
1704728700000,20240216,4130000,P,3000,3100,1,1
1704728700000,20240216,4450000,C,330200,333600,1,1
1704728700000,20240216,4450000,P,10900,11000,1,1
1704728700000,20240216,4770000,C,72100,72400,1,1
1704728700000,20240216,4770000,P,72500,72800,1,1
1704728700000,20240216,2100000,C,2653600,2658000,1,1
1704728700000,20240216,3700000,C,1065500,1069100,1,1
1704728700000,20240216,3700000,P,1100,1200,1,1
1704728700000,20240216,4340000,C,435000,438600,1,1
1704728700000,20240216,4340000,P,6400,6500,1,1
1704728700000,20240216,4020000,C,748700,752200,1,1
1704728700000,20240216,4020000,P,2300,2400,1,1
1704728700000,20240216,4660000,C,147300,148000,1,1
1704728700000,20240216,4660000,P,36300,36500,1,1
1704728700000,20240216,4980000,C,7500,7600,1,1
1704728700000,20240216,4980000,P,236700,240100,1,1
1704728700000,20240216,5300000,C,200,300,1,1
1704728700000,20240216,5300000,P,556700,560100,1,1
1704728700000,20240216,2950000,C,1809500,1813500,1,1
1704728700000,20240216,2950000,P,200,300,1,1
1704728700000,20240216,4230000,C,542000,545400,1,1
1704728700000,20240216,4230000,P,4100,4300,1,1
1704728700000,20240216,4550000,C,238700,241800,1,1
1704728700000,20240216,4550000,P,18900,19000,1,1
1704728700000,20240216,4870000,C,28600,28700,1,1
1704728700000,20240216,4870000,P,133200,136000,1,1
1704728700000,20240216,2200000,C,2554300,2558600,1,1
1704728700000,20240216,3800000,C,966400,970000,1,1
1704728700000,20240216,3800000,P,1400,1500,1,1
1704728700000,20240216,4120000,C,650100,653500,1,1
1704728700000,20240216,4120000,P,2900,3000,1,1
1704728700000,20240216,4440000,C,339500,343000,1,1
1704728700000,20240216,4440000,P,10300,10400,1,1
1704728700000,20240216,4760000,C,77900,78100,1,1
1704728700000,20240216,4760000,P,68000,68300,1,1
1704728700000,20240216,5400000,C,100,200,1,1
1704728700000,20240216,5400000,P,656600,660100,1,1
1704728700000,20240216,3050000,C,1710300,1714200,1,1
1704728700000,20240216,3050000,P,300,400,1,1
1704728700000,20240216,4330000,C,444600,448000,1,1
1704728700000,20240216,4330000,P,6100,6200,1,1
1704728700000,20240216,4010000,C,758600,762100,1,1
1704728700000,20240216,4010000,P,2200,2300,1,1
1704728700000,20240216,4650000,C,155100,155900,1,1
1704728700000,20240216,4650000,P,34100,34200,1,1
1704728700000,20240216,4970000,C,8500,8600,1,1
1704728700000,20240216,4970000,P,226700,230100,1,1
1704728700000,20240216,2300000,C,2455000,2459300,1,1
1704728700000,20240216,3900000,C,867400,870900,1,1
1704728700000,20240216,3900000,P,1700,1800,1,1
1704728700000,20240216,4220000,C,551800,555200,1,1
1704728700000,20240216,4220000,P,4000,4100,1,1
1704728700000,20240216,4540000,C,247600,250700,1,1
1704728700000,20240216,4540000,P,17800,17900,1,1
1704728700000,20240216,4860000,C,31800,31900,1,1
1704728700000,20240216,4860000,P,125500,128300,1,1
1704728700000,20240216,5500000,C,100,200,1,1
1704728700000,20240216,5500000,P,756600,760100,1,1
1704728700000,20240216,3150000,C,1611000,1614900,1,1
1704728700000,20240216,3150000,P,300,400,1,1
1704728700000,20240216,4110000,C,659900,663400,1,1
1704728700000,20240216,4110000,P,2900,3000,1,1
1704728700000,20240216,4430000,C,349000,352500,1,1
1704728700000,20240216,4430000,P,9800,9900,1,1
1704728700000,20240216,4750000,C,84000,84200,1,1
1704728700000,20240216,4750000,P,63800,64100,1,1
1704728700000,20240216,2400000,C,2355600,2359900,1,1
1704728700000,20240216,4320000,C,454300,457600,1,1
1704728700000,20240216,4320000,P,5900,6000,1,1
1704728700000,20240216,4000000,C,768500,772000,1,1
1704728700000,20240216,4000000,P,2100,2200,1,1
1704728700000,20240216,4640000,C,163100,163900,1,1
1704728700000,20240216,4640000,P,32100,32300,1,1
1704728700000,20240216,4960000,C,9800,9900,1,1
1704728700000,20240216,4960000,P,216700,220100,1,1
1704728700000,20240216,5600000,P,856600,860100,1,1
1704728700000,20240216,3250000,C,1511800,1515600,1,1
1704728700000,20240216,3250000,P,400,500,1,1
1704728700000,20240216,4210000,C,561600,565000,1,1
1704728700000,20240216,4210000,P,3900,4000,1,1
1704728700000,20240216,4530000,C,256600,260000,1,1
1704728700000,20240216,4530000,P,16800,16900,1,1
1704728700000,20240216,4850000,C,35200,35400,1,1
1704728700000,20240216,4850000,P,118200,120900,1,1
1704728700000,20240216,2500000,C,2256300,2260500,1,1
1704728700000,20240216,4100000,C,669800,673200,1,1
1704728700000,20240216,4100000,P,2800,2900,1,1
1704728700000,20240216,4420000,C,358300,361900,1,1
1704728700000,20240216,4420000,P,9300,9400,1,1
1704728700000,20240216,4740000,C,90200,90500,1,1
1704728700000,20240216,4740000,P,59900,60100,1,1
1704728700000,20240216,5700000,P,956600,960100,1,1
1704728700000,20240216,3350000,C,1412600,1416300,1,1
1704728700000,20240216,3350000,P,500,600,1,1
1704728700000,20240216,4310000,C,464000,467300,1,1
1704728700000,20240216,4310000,P,5600,5700,1,1
1704728700000,20240216,4950000,C,11100,11200,1,1
1704728700000,20240216,4950000,P,206700,210100,1,1
1704728700000,20240216,4630000,C,171200,172100,1,1
1704728700000,20240216,4630000,P,30200,30300,1,1
1704728700000,20240216,2600000,C,2157000,2161200,1,1
1704728700000,20240216,2600000,P,100,200,1,1
1704728700000,20240216,4200000,C,571400,574800,1,1
1704728700000,20240216,4200000,P,3800,3900,1,1
1704728700000,20240216,4520000,C,265600,268900,1,1
1704728700000,20240216,4520000,P,15900,16000,1,1
1704728700000,20240216,4840000,C,38900,39100,1,1
1704728700000,20240216,4840000,P,111300,113800,1,1
1704728700000,20240216,3450000,C,1313300,1317100,1,1
1704728700000,20240216,3450000,P,700,800,1,1
1704728700000,20240216,4090000,C,679600,683100,1,1
1704728700000,20240216,4090000,P,2700,2800,1,1
1704728700000,20240216,4410000,C,367900,371600,1,1
1704728700000,20240216,4410000,P,8900,9000,1,1
1704728700000,20240216,5050000,C,2800,2900,1,1
1704728700000,20240216,5050000,P,306700,310100,1,1
1704728700000,20240216,4730000,C,96700,97000,1,1
1704728700000,20240216,4730000,P,56200,56400,1,1
1704728700000,20240216,2700000,C,2057700,2061800,1,1
1704728700000,20240216,2700000,P,100,200,1,1
1704728700000,20240216,4300000,C,473700,477000,1,1
1704728700000,20240216,4300000,P,5400,5500,1,1
1704728700000,20240216,4620000,C,178500,181400,1,1
1704728700000,20240216,4620000,P,28400,28600,1,1
1704728700000,20240216,4940000,C,12600,12700,1,1
1704728700000,20240216,4940000,P,196700,200100,1,1
1704728700000,20240216,3550000,C,1214200,1217800,1,1
1704728700000,20240216,3550000,P,800,900,1,1
1704728700000,20240216,4190000,C,581200,584600,1,1
1704728700000,20240216,4190000,P,3600,3700,1,1
1704728700000,20240216,4510000,C,274700,278200,1,1
1704728700000,20240216,4510000,P,15000,15100,1,1
1704728700000,20240216,5150000,C,800,900,1,1
1704728700000,20240216,5150000,P,406700,410100,1,1
1704728700000,20240216,4830000,C,42800,43000,1,1
1704728700000,20240216,4830000,P,105500,106600,1,1
1704728700000,20240216,5250000,C,300,400,1,1
1704728700000,20240216,5250000,P,506700,510100,1,1
1704728700000,20240216,2800000,C,1958500,1962500,1,1
1704728700000,20240216,2800000,P,100,200,1,1
1704728700000,20240216,4080000,C,689500,693000,1,1
1704728700000,20240216,4080000,P,2600,2700,1,1
1704728700000,20240216,4400000,C,377400,381100,1,1
1704728700000,20240216,4400000,P,8400,8500,1,1
1704728700000,20240216,4720000,C,103400,103800,1,1
1704728700000,20240216,4720000,P,52800,53000,1,1
1704728700000,20240216,3650000,C,1115000,1118700,1,1
1704728700000,20240216,3650000,P,1000,1100,1,1
1704728700000,20240216,4290000,C,483400,486800,1,1
1704728700000,20240216,4290000,P,5200,5300,1,1
1704728700000,20240216,4610000,C,187100,189800,1,1
1704728700000,20240216,4610000,P,26700,26900,1,1
1704728700000,20240216,4930000,C,14300,14400,1,1
1704728700000,20240216,4930000,P,186700,190100,1,1
1704728700000,20240216,5350000,C,200,300,1,1
1704728700000,20240216,5350000,P,606700,610100,1,1
1704728700000,20240216,2900000,C,1859200,1863100,1,1
1704728700000,20240216,2900000,P,200,300,1,1
1704728700000,20240216,4180000,C,591000,594500,1,1
1704728700000,20240216,4180000,P,3500,3600,1,1
1704728700000,20240216,4500000,C,283800,287200,1,1
1704728700000,20240216,4500000,P,14200,14300,1,1
1704728700000,20240216,4820000,C,47100,47300,1,1
1704728700000,20240216,4820000,P,98600,100700,1,1
1704728700000,20240216,2150000,C,2603900,2608300,1,1
1704728700000,20240216,3750000,C,1015800,1019500,1,1
1704728700000,20240216,3750000,P,1300,1400,1,1
1704728700000,20240216,4390000,C,386900,390600,1,1
1704728700000,20240216,4390000,P,8000,8100,1,1
1704728700000,20240216,4070000,C,699400,702800,1,1
1704728700000,20240216,4070000,P,2600,2700,1,1
1704728700000,20240216,4710000,C,110300,110700,1,1
1704728700000,20240216,4710000,P,49600,49800,1,1
1704728700000,20240216,5450000,C,100,200,1,1
1704728700000,20240216,5450000,P,706600,710100,1,1
1704728700000,20240216,3000000,C,1759900,1763800,1,1
1704728700000,20240216,3000000,P,200,300,1,1
1704728700000,20240216,4280000,C,493100,496500,1,1
1704728700000,20240216,4280000,P,5000,5100,1,1
1704728700000,20240216,4600000,C,195300,198200,1,1
1704728700000,20240216,4600000,P,25200,25400,1,1
1704728700000,20240216,4920000,C,16200,16300,1,1
1704728700000,20240216,4920000,P,176900,180100,1,1
1704728700000,20240216,2250000,C,2504600,2509400,1,1
1704728700000,20240216,3850000,C,916900,920400,1,1
1704728700000,20240216,3850000,P,1500,1600,1,1
1704728700000,20240216,4170000,C,600900,604300,1,1
1704728700000,20240216,4170000,P,3400,3500,1,1
1704728700000,20240216,4490000,C,292900,296400,1,1
1704728700000,20240216,4490000,P,13500,13600,1,1
1704728700000,20240216,4810000,C,51600,51800,1,1
1704728700000,20240216,4810000,P,92800,94700,1,1
1704728700000,20240216,5550000,C,100,200,1,1
1704728700000,20240216,5550000,P,806600,810100,1,1
1704728700000,20240216,3100000,C,1660500,1664500,1,1
1704728700000,20240216,3100000,P,300,400,1,1
1704728700000,20240216,4380000,C,396500,400200,1,1
1704728700000,20240216,4380000,P,7700,7800,1,1
1704728700000,20240216,4060000,C,709200,712700,1,1
1704728700000,20240216,4060000,P,2500,2600,1,1
1704728700000,20240216,4700000,C,117400,117800,1,1
1704728700000,20240216,4700000,P,46500,46700,1,1
1704728700000,20240216,5020000,C,4300,4400,1,1
1704728700000,20240216,5020000,P,276700,280100,1,1
1704728700000,20240216,2350000,C,2405300,2409600,1,1
1704728700000,20240216,4270000,C,502900,506300,1,1
1704728700000,20240216,4270000,P,4800,4900,1,1
1704728700000,20240216,3950000,C,817900,821400,1,1
1704728700000,20240216,3950000,P,1900,2000,1,1
1704728700000,20240216,4590000,C,203800,206800,1,1
1704728700000,20240216,4590000,P,23800,23900,1,1
1704728700000,20240216,4910000,C,18200,18400,1,1
1704728700000,20240216,4910000,P,167400,170600,1,1
1704728700000,20240223,4800000,C,64000,64400,1,1
1704728700000,20240223,4800000,P,90400,92700,1,1
1704728700000,20240223,4050000,C,723700,727300,1,1
1704728700000,20240223,4050000,P,3200,3300,1,1
1704728700000,20240223,4690000,C,132300,135100,1,1
1704728700000,20240223,4690000,P,48100,48400,1,1
1704728700000,20240223,4580000,C,220400,223700,1,1
1704728700000,20240223,4580000,P,26100,26400,1,1
1704728700000,20240223,4900000,C,25500,25800,1,1
1704728700000,20240223,4900000,P,159400,162500,1,1
1704728700000,20240223,4575000,C,224700,228100,1,1
1704728700000,20240223,4575000,P,25400,25700,1,1
1704728700000,20240223,4150000,C,625400,629000,1,1
1704728700000,20240223,4150000,P,4200,4300,1,1
1704728700000,20240223,4790000,C,69200,69600,1,1
1704728700000,20240223,4790000,P,85300,87400,1,1
1704728700000,20240223,4680000,C,139700,142500,1,1
1704728700000,20240223,4680000,P,45400,45700,1,1
1704728700000,20240223,5000000,C,7900,8100,1,1
1704728700000,20240223,5000000,P,256700,260100,1,1
1704728700000,20240223,4675000,C,143400,146300,1,1
1704728700000,20240223,4675000,P,44100,44500,1,1
1704728700000,20240223,4250000,C,527800,531300,1,1
1704728700000,20240223,4250000,P,5800,5900,1,1
1704728700000,20240223,4570000,C,229000,232400,1,1
1704728700000,20240223,4570000,P,24800,25000,1,1
1704728700000,20240223,4890000,C,28300,28600,1,1
1704728700000,20240223,4890000,P,151000,154100,1,1
1704728700000,20240223,3500000,C,1267300,1271200,1,1
1704728700000,20240223,3500000,P,1000,1100,1,1
1704728700000,20240223,4780000,C,74700,75100,1,1
1704728700000,20240223,4780000,P,81300,81700,1,1
1704728700000,20240223,5100000,C,2200,2300,1,1
1704728700000,20240223,5100000,P,356700,360200,1,1
1704728700000,20240223,4775000,C,77500,77900,1,1
1704728700000,20240223,4775000,P,78900,79300,1,1
1704728700000,20240223,4350000,C,431400,435200,1,1
1704728700000,20240223,4350000,P,8600,8700,1,1
1704728700000,20240223,4670000,C,147200,150100,1,1
1704728700000,20240223,4670000,P,42900,43200,1,1
1704728700000,20240223,3600000,C,1168300,1172100,1,1
1704728700000,20240223,3600000,P,1200,1300,1,1
1704728700000,20240223,4560000,C,237700,241100,1,1
1704728700000,20240223,4560000,P,23500,23800,1,1
1704728700000,20240223,4880000,C,31300,31600,1,1
1704728700000,20240223,4880000,P,142900,145900,1,1
1704728700000,20240223,5200000,C,700,800,1,1
1704728700000,20240223,5200000,P,456600,460100,1,1
1704728700000,20240223,4450000,C,337000,340600,1,1
1704728700000,20240223,4450000,P,13500,13700,1,1
1704728700000,20240223,4770000,C,80300,80700,1,1
1704728700000,20240223,4770000,P,76600,77000,1,1
1704728700000,20240223,3700000,C,1069300,1073100,1,1
1704728700000,20240223,3700000,P,1500,1600,1,1
1704728700000,20240223,4660000,C,154900,157900,1,1
1704728700000,20240223,4660000,P,40500,40900,1,1
1704728700000,20240223,5300000,C,300,400,1,1
1704728700000,20240223,5300000,P,556600,560100,1,1
1704728700000,20240223,4550000,C,246500,249900,1,1
1704728700000,20240223,4550000,P,22300,22500,1,1
1704728700000,20240223,4870000,C,34600,34900,1,1
1704728700000,20240223,4870000,P,135200,138100,1,1
1704728700000,20240223,3800000,C,970400,974100,1,1
1704728700000,20240223,3800000,P,1800,1900,1,1
1704728700000,20240223,4760000,C,86300,86700,1,1
1704728700000,20240223,4760000,P,72200,72600,1,1
1704728700000,20240223,5400000,C,200,300,1,1
1704728700000,20240223,5400000,P,656600,660100,1,1
1704728700000,20240223,4650000,C,162700,165700,1,1
1704728700000,20240223,4650000,P,38300,38600,1,1
1704728700000,20240223,3900000,C,871600,875300,1,1
1704728700000,20240223,3900000,P,2200,2300,1,1
1704728700000,20240223,4540000,C,255300,258700,1,1
1704728700000,20240223,4540000,P,21200,21400,1,1
1704728700000,20240223,4860000,C,38000,38300,1,1
1704728700000,20240223,4860000,P,127800,130600,1,1
1704728700000,20240223,4750000,C,92400,92800,1,1
1704728700000,20240223,4750000,P,68100,68500,1,1
1704728700000,20240223,4000000,C,772900,776600,1,1
1704728700000,20240223,4000000,P,2800,2900,1,1
1704728700000,20240223,4640000,C,170600,173700,1,1
1704728700000,20240223,4640000,P,36200,36600,1,1
1704728700000,20240223,4530000,C,264100,267600,1,1
1704728700000,20240223,4530000,P,20100,20300,1,1
1704728700000,20240223,4850000,C,41700,42100,1,1
1704728700000,20240223,4850000,P,120800,123500,1,1
1704728700000,20240223,4100000,C,674500,678100,1,1
1704728700000,20240223,4100000,P,3600,3700,1,1
1704728700000,20240223,4740000,C,98700,99100,1,1
1704728700000,20240223,4740000,P,64200,64600,1,1
1704728700000,20240223,4630000,C,178700,181800,1,1
1704728700000,20240223,4630000,P,34300,34600,1,1
1704728700000,20240223,4950000,C,14700,14900,1,1
1704728700000,20240223,4950000,P,206700,210200,1,1
1704728700000,20240223,4625000,C,182700,185900,1,1
1704728700000,20240223,4625000,P,33300,33600,1,1
1704728700000,20240223,4200000,C,576500,580000,1,1
1704728700000,20240223,4200000,P,4900,5000,1,1
1704728700000,20240223,4520000,C,273100,276600,1,1
1704728700000,20240223,4520000,P,19100,19300,1,1
1704728700000,20240223,4840000,C,45700,46000,1,1
1704728700000,20240223,4840000,P,114100,116700,1,1
1704728700000,20240223,4730000,C,104400,106800,1,1
1704728700000,20240223,4730000,P,60600,60900,1,1
1704728700000,20240223,5050000,C,4100,4200,1,1
1704728700000,20240223,5050000,P,306700,310100,1,1
1704728700000,20240223,4725000,C,107700,110100,1,1
1704728700000,20240223,4725000,P,58800,59200,1,1
1704728700000,20240223,4300000,C,479400,482900,1,1
1704728700000,20240223,4300000,P,7000,7100,1,1
1704728700000,20240223,4620000,C,186800,190000,1,1
1704728700000,20240223,4620000,P,32400,32700,1,1
1704728700000,20240223,3550000,C,1217800,1221600,1,1
1704728700000,20240223,3550000,P,1100,1200,1,1
1704728700000,20240223,4830000,C,49900,50300,1,1
1704728700000,20240223,4830000,P,107700,110200,1,1
1704728700000,20240223,5150000,C,1200,1300,1,1
1704728700000,20240223,5150000,P,406600,410200,1,1
1704728700000,20240223,5250000,C,500,600,1,1
1704728700000,20240223,5250000,P,506600,510100,1,1
1704728700000,20240223,4825000,C,52100,52400,1,1
1704728700000,20240223,4825000,P,104600,107100,1,1
1704728700000,20240223,4400000,C,383900,387500,1,1
1704728700000,20240223,4400000,P,10700,10800,1,1
1704728700000,20240223,4720000,C,111100,113500,1,1
1704728700000,20240223,4720000,P,57200,57500,1,1
1704728700000,20240223,3650000,C,1118800,1122600,1,1
1704728700000,20240223,3650000,P,1300,1400,1,1
1704728700000,20240223,4610000,C,195100,198300,1,1
1704728700000,20240223,4610000,P,30700,31000,1,1
1704728700000,20240223,5350000,C,300,400,1,1
1704728700000,20240223,5350000,P,606600,610100,1,1
1704728700000,20240223,4500000,C,291100,294600,1,1
1704728700000,20240223,4500000,P,17300,17500,1,1
1704728700000,20240223,4820000,C,54400,54700,1,1
1704728700000,20240223,4820000,P,101600,104100,1,1
1704728700000,20240223,3750000,C,1019900,1023600,1,1
1704728700000,20240223,3750000,P,1600,1800,1,1
1704728700000,20240223,4710000,C,118000,119500,1,1
1704728700000,20240223,4710000,P,53900,54300,1,1
1704728700000,20240223,5450000,C,100,300,1,1
1704728700000,20240223,5450000,P,706600,710100,1,1
1704728700000,20240223,4600000,C,203400,206700,1,1
1704728700000,20240223,4600000,P,29100,29400,1,1
1704728700000,20240223,3850000,C,921000,924700,1,1
1704728700000,20240223,3850000,P,2000,2100,1,1
1704728700000,20240223,4810000,C,59100,59400,1,1
1704728700000,20240223,4810000,P,95900,98200,1,1
1704728700000,20240223,4700000,C,125100,127800,1,1
1704728700000,20240223,4700000,P,50900,51300,1,1
1704728700000,20240223,3950000,C,822200,825900,1,1
1704728700000,20240223,3950000,P,2500,2600,1,1
1704728700000,20240223,4590000,C,211900,215200,1,1
1704728700000,20240223,4590000,P,27600,27800,1,1
1704728700000,20240229,3200000,C,1567700,1571900,1,1
1704728700000,20240229,3200000,P,700,800,1,1
1704728700000,20240229,4160000,C,620600,624300,1,1
1704728700000,20240229,4160000,P,5400,5500,1,1
1704728700000,20240229,4480000,C,316400,320100,1,1
1704728700000,20240229,4480000,P,18600,18800,1,1
1704728700000,20240229,4800000,C,71500,71900,1,1
1704728700000,20240229,4800000,P,94500,95700,1,1
1704728700000,20240229,4370000,C,418500,422400,1,1
1704728700000,20240229,4370000,P,11600,11700,1,1
1704728700000,20240229,4050000,C,728300,732000,1,1
1704728700000,20240229,4050000,P,4000,4100,1,1
1704728700000,20240229,4690000,C,140600,143500,1,1
1704728700000,20240229,4690000,P,52300,52600,1,1
1704728700000,20240229,5010000,C,9400,9500,1,1
1704728700000,20240229,5010000,P,266600,270200,1,1
1704728700000,20240229,3300000,C,1468700,1472800,1,1
1704728700000,20240229,3300000,P,900,1000,1,1
1704728700000,20240229,4260000,C,523600,527200,1,1
1704728700000,20240229,4260000,P,7600,7700,1,1
1704728700000,20240229,4580000,C,228200,231600,1,1
1704728700000,20240229,4580000,P,29900,30100,1,1
1704728700000,20240229,4900000,C,30700,30900,1,1
1704728700000,20240229,4900000,P,160600,163800,1,1
1704728700000,20240229,4150000,C,630400,634000,1,1
1704728700000,20240229,4150000,P,5300,5400,1,1
1704728700000,20240229,4470000,C,325500,329300,1,1
1704728700000,20240229,4470000,P,17800,18000,1,1
1704728700000,20240229,4790000,C,76900,77200,1,1
1704728700000,20240229,4790000,P,89900,90300,1,1
1704728700000,20240229,3400000,C,1369800,1373800,1,1
1704728700000,20240229,3400000,P,1100,1200,1,1
1704728700000,20240229,4360000,C,428000,431900,1,1
1704728700000,20240229,4360000,P,11100,11200,1,1
1704728700000,20240229,5000000,C,10600,10700,1,1
1704728700000,20240229,5000000,P,256600,260200,1,1
1704728700000,20240229,4680000,C,148000,150900,1,1
1704728700000,20240229,4680000,P,49600,49900,1,1
1704728700000,20240229,4250000,C,533300,536800,1,1
1704728700000,20240229,4250000,P,7300,7400,1,1
1704728700000,20240229,4570000,C,236800,240200,1,1
1704728700000,20240229,4570000,P,28400,28700,1,1
1704728700000,20240229,4890000,C,33800,34000,1,1
1704728700000,20240229,4890000,P,152500,155600,1,1
1704728700000,20240229,3500000,C,1270800,1274800,1,1
1704728700000,20240229,3500000,P,1300,1400,1,1
1704728700000,20240229,4140000,C,640100,643800,1,1
1704728700000,20240229,4140000,P,5100,5200,1,1
1704728700000,20240229,4460000,C,334700,338400,1,1
1704728700000,20240229,4460000,P,17000,17200,1,1
1704728700000,20240229,5100000,C,3100,3200,1,1
1704728700000,20240229,5100000,P,356600,360200,1,1
1704728700000,20240229,4780000,C,82400,82800,1,1
1704728700000,20240229,4780000,P,85100,85400,1,1
1704728700000,20240229,4350000,C,437500,441400,1,1
1704728700000,20240229,4350000,P,10600,10800,1,1
1704728700000,20240229,4670000,C,155500,158500,1,1
1704728700000,20240229,4670000,P,47100,47400,1,1
1704728700000,20240229,4990000,C,11900,12100,1,1
1704728700000,20240229,4990000,P,246600,250200,1,1
1704728700000,20240229,3600000,C,1172000,1175900,1,1
1704728700000,20240229,3600000,P,1500,1600,1,1
1704728700000,20240229,4240000,C,542900,546500,1,1
1704728700000,20240229,4240000,P,7100,7200,1,1
1704728700000,20240229,4560000,C,245400,248900,1,1
1704728700000,20240229,4560000,P,27100,27300,1,1
1704728700000,20240229,5200000,C,1000,1100,1,1
1704728700000,20240229,5200000,P,456600,460200,1,1
1704728700000,20240229,4880000,C,37000,37300,1,1
1704728700000,20240229,4880000,P,144700,147700,1,1
1704728700000,20240229,4130000,C,649900,653600,1,1
1704728700000,20240229,4130000,P,5000,5100,1,1
1704728700000,20240229,4450000,C,343900,347600,1,1
1704728700000,20240229,4450000,P,16300,16500,1,1
1704728700000,20240229,4770000,C,88300,88600,1,1
1704728700000,20240229,4770000,P,80600,80900,1,1
1704728700000,20240229,3700000,C,1073100,1077000,1,1
1704728700000,20240229,3700000,P,1900,2000,1,1
1704728700000,20240229,4340000,C,447000,450900,1,1
1704728700000,20240229,4340000,P,10200,10400,1,1
1704728700000,20240229,4660000,C,163200,166200,1,1
1704728700000,20240229,4660000,P,44700,45000,1,1
1704728700000,20240229,4980000,C,13300,13500,1,1
1704728700000,20240229,4980000,P,236600,240200,1,1
1704728700000,20240229,5300000,C,500,600,1,1
1704728700000,20240229,5300000,P,556600,560200,1,1
1704728700000,20240229,4230000,C,552600,556200,1,1
1704728700000,20240229,4230000,P,6800,6900,1,1
1704728700000,20240229,4550000,C,254100,257600,1,1
1704728700000,20240229,4550000,P,25800,26000,1,1
1704728700000,20240229,4870000,C,40500,40800,1,1
1704728700000,20240229,4870000,P,137300,140200,1,1
1704728700000,20240229,3800000,C,974400,978200,1,1
1704728700000,20240229,3800000,P,2300,2400,1,1
1704728700000,20240229,4120000,C,659700,663400,1,1
1704728700000,20240229,4120000,P,4800,4900,1,1
1704728700000,20240229,4440000,C,353100,356800,1,1
1704728700000,20240229,4440000,P,15600,15700,1,1
1704728700000,20240229,4760000,C,94300,94600,1,1
1704728700000,20240229,4760000,P,76300,76600,1,1
1704728700000,20240229,5400000,C,300,400,1,1
1704728700000,20240229,5400000,P,656500,660200,1,1
1704728700000,20240229,3050000,C,1716200,1720500,1,1
1704728700000,20240229,3050000,P,500,600,1,1
1704728700000,20240229,4330000,C,456500,460400,1,1
1704728700000,20240229,4330000,P,9800,10000,1,1
1704728700000,20240229,4650000,C,170900,174000,1,1
1704728700000,20240229,4650000,P,42500,42700,1,1
1704728700000,20240229,4970000,C,14900,15100,1,1
1704728700000,20240229,4970000,P,226600,230200,1,1
1704728700000,20240229,3900000,C,875800,879600,1,1
1704728700000,20240229,3900000,P,2800,2900,1,1
1704728700000,20240229,4220000,C,562300,565900,1,1
1704728700000,20240229,4220000,P,6600,6700,1,1
1704728700000,20240229,4540000,C,262800,266300,1,1
1704728700000,20240229,4540000,P,24600,24800,1,1
1704728700000,20240229,4860000,C,44300,44600,1,1
1704728700000,20240229,4860000,P,130200,133000,1,1
1704728700000,20240229,3150000,C,1617200,1621400,1,1
1704728700000,20240229,3150000,P,600,700,1,1
1704728700000,20240229,4110000,C,669500,673100,1,1
1704728700000,20240229,4110000,P,4700,4800,1,1
1704728700000,20240229,4430000,C,362400,366100,1,1
1704728700000,20240229,4430000,P,14900,15100,1,1
1704728700000,20240229,4750000,C,100500,100900,1,1
1704728700000,20240229,4750000,P,72200,72500,1,1
1704728700000,20240229,4320000,C,466000,470000,1,1
1704728700000,20240229,4320000,P,9500,9600,1,1
1704728700000,20240229,4000000,C,777400,781100,1,1
1704728700000,20240229,4000000,P,3500,3600,1,1
1704728700000,20240229,4640000,C,178800,181900,1,1
1704728700000,20240229,4640000,P,40300,40600,1,1
1704728700000,20240229,4960000,C,16600,16800,1,1
1704728700000,20240229,4960000,P,216600,220200,1,1
1704728700000,20240229,3250000,C,1518200,1522300,1,1
1704728700000,20240229,3250000,P,800,900,1,1
1704728700000,20240229,4210000,C,572000,575600,1,1
1704728700000,20240229,4210000,P,6400,6500,1,1
1704728700000,20240229,4530000,C,271600,275200,1,1
1704728700000,20240229,4530000,P,23500,23700,1,1
1704728700000,20240229,4850000,C,48200,48500,1,1
1704728700000,20240229,4850000,P,123400,126100,1,1
1704728700000,20240229,4100000,C,679200,682900,1,1
1704728700000,20240229,4100000,P,4600,4700,1,1
1704728700000,20240229,4420000,C,371600,375400,1,1
1704728700000,20240229,4420000,P,14300,14400,1,1
1704728700000,20240229,4740000,C,107000,107300,1,1
1704728700000,20240229,4740000,P,68400,68700,1,1
1704728700000,20240229,3350000,C,1419200,1423300,1,1
1704728700000,20240229,3350000,P,1000,1100,1,1
1704728700000,20240229,4310000,C,475600,479500,1,1
1704728700000,20240229,4310000,P,9100,9200,1,1
1704728700000,20240229,4630000,C,186800,190000,1,1
1704728700000,20240229,4630000,P,38300,38600,1,1
1704728700000,20240229,4950000,C,18500,18700,1,1
1704728700000,20240229,4950000,P,206600,210200,1,1
1704728700000,20240229,4200000,C,581700,585300,1,1
1704728700000,20240229,4200000,P,6200,6300,1,1
1704728700000,20240229,4520000,C,280500,284100,1,1
1704728700000,20240229,4520000,P,22400,22600,1,1
1704728700000,20240229,4840000,C,52400,52700,1,1
1704728700000,20240229,4840000,P,116900,119500,1,1
1704728700000,20240229,3450000,C,1320300,1324300,1,1
1704728700000,20240229,3450000,P,1200,1300,1,1
1704728700000,20240229,4090000,C,689000,692700,1,1
1704728700000,20240229,4090000,P,4400,4500,1,1
1704728700000,20240229,4410000,C,381000,384700,1,1
1704728700000,20240229,4410000,P,13700,13800,1,1
1704728700000,20240229,5050000,C,5800,5900,1,1
1704728700000,20240229,5050000,P,306600,310200,1,1
1704728700000,20240229,4730000,C,113500,114200,1,1
1704728700000,20240229,4730000,P,64800,65100,1,1
1704728700000,20240229,4300000,C,485100,489100,1,1
1704728700000,20240229,4300000,P,8800,8900,1,1
1704728700000,20240229,4620000,C,194900,198100,1,1
1704728700000,20240229,4620000,P,36400,36700,1,1
1704728700000,20240229,4940000,C,20600,20800,1,1
1704728700000,20240229,4940000,P,196700,200200,1,1
1704728700000,20240229,3550000,C,1221400,1225400,1,1
1704728700000,20240229,3550000,P,1400,1500,1,1
1704728700000,20240229,4190000,C,591400,595000,1,1
1704728700000,20240229,4190000,P,6000,6100,1,1
1704728700000,20240229,4510000,C,289400,293000,1,1
1704728700000,20240229,4510000,P,21400,21600,1,1
1704728700000,20240229,5150000,C,1800,1900,1,1
1704728700000,20240229,5150000,P,406600,410200,1,1
1704728700000,20240229,4830000,C,56800,57200,1,1
1704728700000,20240229,4830000,P,110700,113300,1,1
1704728700000,20240229,5250000,C,700,800,1,1
1704728700000,20240229,5250000,P,506600,510200,1,1
1704728700000,20240229,4080000,C,698800,702500,1,1
1704728700000,20240229,4080000,P,4300,4400,1,1
1704728700000,20240229,4400000,C,390300,394100,1,1
1704728700000,20240229,4400000,P,13100,13200,1,1
1704728700000,20240229,4720000,C,120300,120800,1,1
1704728700000,20240229,4720000,P,61400,61700,1,1
1704728700000,20240229,3650000,C,1122500,1126400,1,1
1704728700000,20240229,3650000,P,1700,1800,1,1
1704728700000,20240229,4290000,C,494700,498700,1,1
1704728700000,20240229,4290000,P,8400,8600,1,1
1704728700000,20240229,4610000,C,203100,206400,1,1
1704728700000,20240229,4610000,P,34600,34900,1,1
1704728700000,20240229,4930000,C,22800,23000,1,1
1704728700000,20240229,4930000,P,187100,190600,1,1
1704728700000,20240229,5350000,C,400,500,1,1
1704728700000,20240229,5350000,P,606500,610200,1,1
1704728700000,20240229,4180000,C,601100,604800,1,1
1704728700000,20240229,4180000,P,5800,5900,1,1
1704728700000,20240229,4500000,C,298400,302000,1,1
1704728700000,20240229,4500000,P,20400,20600,1,1
1704728700000,20240229,4820000,C,61500,61800,1,1
1704728700000,20240229,4820000,P,104800,107300,1,1
1704728700000,20240229,3750000,C,1023800,1027600,1,1
1704728700000,20240229,3750000,P,2000,2100,1,1
1704728700000,20240229,4390000,C,399700,403500,1,1
1704728700000,20240229,4390000,P,12600,12700,1,1
1704728700000,20240229,4070000,C,708600,712300,1,1
1704728700000,20240229,4070000,P,4200,4300,1,1
1704728700000,20240229,4710000,C,127200,127800,1,1
1704728700000,20240229,4710000,P,58200,58500,1,1
1704728700000,20240229,5450000,C,200,300,1,1
1704728700000,20240229,5450000,P,706500,710200,1,1
1704728700000,20240229,3000000,C,1765700,1770000,1,1
1704728700000,20240229,3000000,P,400,500,1,1
1704728700000,20240229,4280000,C,504300,507900,1,1
1704728700000,20240229,4280000,P,8100,8300,1,1
1704728700000,20240229,4600000,C,211400,214700,1,1
1704728700000,20240229,4600000,P,33000,33200,1,1
1704728700000,20240229,4920000,C,25200,25500,1,1
1704728700000,20240229,4920000,P,177900,181300,1,1
1704728700000,20240229,3850000,C,925100,928900,1,1
1704728700000,20240229,3850000,P,2500,2600,1,1
1704728700000,20240229,4170000,C,610900,614500,1,1
1704728700000,20240229,4170000,P,5600,5700,1,1
1704728700000,20240229,4490000,C,307400,311000,1,1
1704728700000,20240229,4490000,P,19500,19700,1,1
1704728700000,20240229,4810000,C,66400,66700,1,1
1704728700000,20240229,4810000,P,99200,101600,1,1
1704728700000,20240229,3100000,C,1666700,1670900,1,1
1704728700000,20240229,3100000,P,600,700,1,1
1704728700000,20240229,4380000,C,409100,413000,1,1
1704728700000,20240229,4380000,P,12000,12200,1,1
1704728700000,20240229,4060000,C,718400,722200,1,1
1704728700000,20240229,4060000,P,4100,4200,1,1
1704728700000,20240229,4700000,C,134300,134900,1,1
1704728700000,20240229,4700000,P,55200,55500,1,1
1704728700000,20240229,5020000,C,8300,8500,1,1
1704728700000,20240229,5020000,P,276600,280200,1,1
1704728700000,20240229,4270000,C,514000,517500,1,1
1704728700000,20240229,4270000,P,7800,8000,1,1
1704728700000,20240229,3950000,C,826600,830300,1,1
1704728700000,20240229,3950000,P,3100,3200,1,1
1704728700000,20240229,4590000,C,219800,223100,1,1
1704728700000,20240229,4590000,P,31400,31600,1,1
1704728700000,20240229,4910000,C,27900,28100,1,1
1704728700000,20240229,4910000,P,169100,172300,1,1
1704728700000,20240315,3200000,C,1574900,1580100,1,1
1704728700000,20240315,3200000,P,1300,1400,1,1
1704728700000,20240315,4480000,C,332500,336300,1,1
1704728700000,20240315,4480000,P,27600,27800,1,1
1704728700000,20240315,6400000,P,1655600,1660800,1,1
1704728700000,20240315,4050000,C,738900,743400,1,1
1704728700000,20240315,4050000,P,6800,6900,1,1
1704728700000,20240315,4690000,C,160300,161000,1,1
1704728700000,20240315,4690000,P,64700,65000,1,1
1704728700000,20240315,5750000,C,100,200,1,1
1704728700000,20240315,5750000,P,1005900,1010700,1,1
1704728700000,20240315,4260000,C,536400,540700,1,1
1704728700000,20240315,4260000,P,12600,12700,1,1
1704728700000,20240315,4900000,C,43900,44200,1,1
1704728700000,20240315,4900000,P,166000,169200,1,1
1704728700000,20240315,2550000,C,2217000,2222800,1,1
1704728700000,20240315,2550000,P,400,500,1,1
1704728700000,20240315,4470000,C,341500,345300,1,1
1704728700000,20240315,4470000,P,26600,26800,1,1
1704728700000,20240315,3400000,C,1377500,1382500,1,1
1704728700000,20240315,3400000,P,1800,1900,1,1
1704728700000,20240315,4040000,C,748600,753200,1,1
1704728700000,20240315,4040000,P,6600,6700,1,1
1704728700000,20240315,4680000,C,167600,168300,1,1
1704728700000,20240315,4680000,P,62000,62300,1,1
1704728700000,20240315,6600000,P,1855500,1860900,1,1
1704728700000,20240315,4250000,C,545900,550700,1,1
1704728700000,20240315,4250000,P,12200,12300,1,1
1704728700000,20240315,4890000,C,47400,47800,1,1
1704728700000,20240315,4890000,P,158500,161800,1,1
1704728700000,20240315,5950000,C,100,200,1,1
1704728700000,20240315,5950000,P,1205800,1210700,1,1
1704728700000,20240315,4460000,C,350500,354300,1,1
1704728700000,20240315,4460000,P,25600,25800,1,1
1704728700000,20240315,5100000,C,6600,6700,1,1
1704728700000,20240315,5100000,P,356200,360600,1,1
1704728700000,20240315,2750000,C,2019400,2025000,1,1
1704728700000,20240315,2750000,P,500,600,1,1
1704728700000,20240315,4030000,C,758400,762900,1,1
1704728700000,20240315,4030000,P,6500,6600,1,1
1704728700000,20240315,4670000,C,175100,175900,1,1
1704728700000,20240315,4670000,P,59400,59700,1,1
1704728700000,20240315,3600000,C,1180400,1185700,1,1
1704728700000,20240315,3600000,P,2600,2700,1,1
1704728700000,20240315,4240000,C,555500,559800,1,1
1704728700000,20240315,4240000,P,11800,11900,1,1
1704728700000,20240315,4880000,C,51200,51500,1,1
1704728700000,20240315,4880000,P,151700,154600,1,1
1704728700000,20240315,4450000,C,359500,363400,1,1
1704728700000,20240315,4450000,P,24600,24800,1,1
1704728700000,20240315,6150000,P,1405700,1410700,1,1
1704728700000,20240315,2100000,C,2661900,2668100,1,1
1704728700000,20240315,2100000,P,100,200,1,1
1704728700000,20240315,4020000,C,768100,773100,1,1
1704728700000,20240315,4020000,P,6300,6400,1,1
1704728700000,20240315,4660000,C,182700,183500,1,1
1704728700000,20240315,4660000,P,56900,57200,1,1
1704728700000,20240315,5300000,C,1100,1200,1,1
1704728700000,20240315,5300000,P,556100,560600,1,1
1704728700000,20240315,2950000,C,1821800,1827200,1,1
1704728700000,20240315,2950000,P,800,900,1,1
1704728700000,20240315,4230000,C,565000,569400,1,1
1704728700000,20240315,4230000,P,11400,11600,1,1
1704728700000,20240315,4870000,C,55200,55600,1,1
1704728700000,20240315,4870000,P,144700,147800,1,1
1704728700000,20240315,3800000,C,983600,988300,1,1
1704728700000,20240315,3800000,P,3800,3900,1,1
1704728700000,20240315,4440000,C,368600,372500,1,1
1704728700000,20240315,4440000,P,23700,23900,1,1
1704728700000,20240315,4010000,C,777900,782400,1,1
1704728700000,20240315,4010000,P,6100,6300,1,1
1704728700000,20240315,4650000,C,190400,191300,1,1
1704728700000,20240315,4650000,P,54600,54800,1,1
1704728700000,20240315,6350000,P,1605600,1610800,1,1
1704728700000,20240315,2300000,C,2464100,2470200,1,1
1704728700000,20240315,2300000,P,200,300,1,1
1704728700000,20240315,4220000,C,574600,579000,1,1
1704728700000,20240315,4220000,P,11100,11200,1,1
1704728700000,20240315,4860000,C,59400,59800,1,1
1704728700000,20240315,4860000,P,138300,141200,1,1
1704728700000,20240315,5500000,C,300,400,1,1
1704728700000,20240315,5500000,P,756000,760600,1,1
1704728700000,20240315,3150000,C,1624200,1629500,1,1
1704728700000,20240315,3150000,P,1200,1300,1,1
1704728700000,20240315,4430000,C,377600,381600,1,1
1704728700000,20240315,4430000,P,22900,23100,1,1
1704728700000,20240315,4000000,C,787600,792200,1,1
1704728700000,20240315,4000000,P,6000,6100,1,1
1704728700000,20240315,4640000,C,197100,200300,1,1
1704728700000,20240315,4640000,P,52300,52600,1,1
1704728700000,20240315,4210000,C,584200,588600,1,1
1704728700000,20240315,4210000,P,10700,10800,1,1
1704728700000,20240315,4850000,C,63800,64200,1,1
1704728700000,20240315,4850000,P,132100,134900,1,1
1704728700000,20240315,6550000,P,1805500,1810800,1,1
1704728700000,20240315,2500000,C,2266400,2272300,1,1
1704728700000,20240315,2500000,P,300,400,1,1
1704728700000,20240315,4420000,C,386800,390800,1,1
1704728700000,20240315,4420000,P,22100,22200,1,1
1704728700000,20240315,5700000,C,100,300,1,1
1704728700000,20240315,5700000,P,956000,960700,1,1
1704728700000,20240315,3350000,C,1426800,1431900,1,1
1704728700000,20240315,3350000,P,1600,1700,1,1
1704728700000,20240315,4630000,C,205000,208200,1,1
1704728700000,20240315,4630000,P,50100,50400,1,1
1704728700000,20240315,4200000,C,593800,598200,1,1
1704728700000,20240315,4200000,P,10400,10500,1,1
1704728700000,20240315,4840000,C,68400,68900,1,1
1704728700000,20240315,4840000,P,126200,128900,1,1
1704728700000,20240315,4410000,C,395900,400000,1,1
1704728700000,20240315,4410000,P,21300,21400,1,1
1704728700000,20240315,5050000,C,11100,11200,1,1
1704728700000,20240315,5050000,P,306200,310600,1,1
1704728700000,20240315,2700000,C,2068800,2074400,1,1
1704728700000,20240315,2700000,P,500,600,1,1
1704728700000,20240315,4620000,C,213000,216300,1,1
1704728700000,20240315,4620000,P,48100,48300,1,1
1704728700000,20240315,5900000,C,100,200,1,1
1704728700000,20240315,5900000,P,1155900,1160700,1,1
1704728700000,20240315,3550000,C,1229600,1234500,1,1
1704728700000,20240315,3550000,P,2300,2400,1,1
1704728700000,20240315,4190000,C,603400,607800,1,1
1704728700000,20240315,4190000,P,10100,10200,1,1
1704728700000,20240315,4830000,C,73300,73700,1,1
1704728700000,20240315,4830000,P,121100,122400,1,1
1704728700000,20240315,5250000,C,1600,1700,1,1
1704728700000,20240315,5250000,P,506100,510600,1,1
1704728700000,20240315,4400000,C,405100,409200,1,1
1704728700000,20240315,4400000,P,20500,20600,1,1
1704728700000,20240315,2050000,C,2711300,2717600,1,1
1704728700000,20240315,2050000,P,100,200,1,1
1704728700000,20240315,4610000,C,221100,224400,1,1
1704728700000,20240315,4610000,P,46100,46400,1,1
1704728700000,20240315,2900000,C,1871200,1876600,1,1
1704728700000,20240315,2900000,P,700,800,1,1
1704728700000,20240315,4180000,C,613000,617400,1,1
1704728700000,20240315,4180000,P,9800,9900,1,1
1704728700000,20240315,4820000,C,78300,78700,1,1
1704728700000,20240315,4820000,P,116200,116600,1,1
1704728700000,20240315,6100000,P,1355800,1360700,1,1
1704728700000,20240315,3750000,C,1032700,1037500,1,1
1704728700000,20240315,3750000,P,3400,3500,1,1
1704728700000,20240315,4390000,C,414300,418400,1,1
1704728700000,20240315,4390000,P,19800,19900,1,1
1704728700000,20240315,5450000,C,400,500,1,1
1704728700000,20240315,5450000,P,706100,710600,1,1
1704728700000,20240315,4600000,C,229400,232300,1,1
1704728700000,20240315,4600000,P,44300,44500,1,1
1704728700000,20240315,2250000,C,2513600,2519700,1,1
1704728700000,20240315,2250000,P,200,300,1,1
1704728700000,20240315,4170000,C,622600,627000,1,1
1704728700000,20240315,4170000,P,9500,9600,1,1
1704728700000,20240315,4810000,C,83600,84000,1,1
1704728700000,20240315,4810000,P,111000,111400,1,1
1704728700000,20240315,3100000,C,1673600,1678900,1,1
1704728700000,20240315,3100000,P,1100,1200,1,1
1704728700000,20240315,4380000,C,423600,427700,1,1
1704728700000,20240315,4380000,P,19000,19200,1,1
1704728700000,20240315,5020000,C,15000,15200,1,1
1704728700000,20240315,5020000,P,276200,280600,1,1
1704728700000,20240315,6300000,P,1555700,1560800,1,1
1704728700000,20240315,3950000,C,836500,841100,1,1
1704728700000,20240315,3950000,P,5300,5400,1,1
1704728700000,20240315,4590000,C,237500,240900,1,1
1704728700000,20240315,4590000,P,42500,42800,1,1
1704728700000,20240315,5650000,C,200,300,1,1
1704728700000,20240315,5650000,P,906000,910600,1,1
1704728700000,20240315,4160000,C,632300,636700,1,1
1704728700000,20240315,4160000,P,9200,9300,1,1
1704728700000,20240315,4800000,C,89000,89400,1,1
1704728700000,20240315,4800000,P,106000,106400,1,1
1704728700000,20240315,2450000,C,2315800,2321700,1,1
1704728700000,20240315,2450000,P,300,400,1,1
1704728700000,20240315,4370000,C,432900,437000,1,1
1704728700000,20240315,4370000,P,18400,18500,1,1
1704728700000,20240315,5010000,C,16600,16700,1,1
1704728700000,20240315,5010000,P,266200,270600,1,1
1704728700000,20240315,3300000,C,1476200,1481300,1,1
1704728700000,20240315,3300000,P,1500,1600,1,1
1704728700000,20240315,4580000,C,245800,249300,1,1
1704728700000,20240315,4580000,P,40800,41100,1,1
1704728700000,20240315,6500000,P,1755500,1760800,1,1
1704728700000,20240315,4150000,C,641900,646400,1,1
1704728700000,20240315,4150000,P,8900,9100,1,1
1704728700000,20240315,4790000,C,94600,95100,1,1
1704728700000,20240315,4790000,P,101200,101600,1,1
1704728700000,20240315,5850000,C,100,200,1,1
1704728700000,20240315,5850000,P,1105900,1110700,1,1
1704728700000,20240315,4360000,C,442200,446300,1,1
1704728700000,20240315,4360000,P,17700,17800,1,1
1704728700000,20240315,5000000,C,18300,18400,1,1
1704728700000,20240315,5000000,P,256200,260600,1,1
1704728700000,20240315,2650000,C,2118200,2123900,1,1
1704728700000,20240315,2650000,P,400,500,1,1
1704728700000,20240315,4570000,C,254200,257700,1,1
1704728700000,20240315,4570000,P,39200,39500,1,1
1704728700000,20240315,3500000,C,1278900,1283800,1,1
1704728700000,20240315,3500000,P,2100,2200,1,1
1704728700000,20240315,4140000,C,651600,656000,1,1
1704728700000,20240315,4140000,P,8700,8800,1,1
1704728700000,20240315,4780000,C,100400,100900,1,1
1704728700000,20240315,4780000,P,96700,97100,1,1
1704728700000,20240315,4350000,C,451500,455700,1,1
1704728700000,20240315,4350000,P,17100,17200,1,1
1704728700000,20240315,4990000,C,20100,20200,1,1
1704728700000,20240315,4990000,P,246200,250600,1,1
1704728700000,20240315,6050000,P,1305800,1310700,1,1
1704728700000,20240315,2000000,C,2760700,2767100,1,1
1704728700000,20240315,2000000,P,100,200,1,1
1704728700000,20240315,4560000,C,262700,266200,1,1
1704728700000,20240315,4560000,P,37700,37900,1,1
1704728700000,20240315,5200000,C,2400,2500,1,1
1704728700000,20240315,5200000,P,456100,460600,1,1
1704728700000,20240315,2850000,C,1920600,1926100,1,1
1704728700000,20240315,2850000,P,600,700,1,1
1704728700000,20240315,4130000,C,661200,665700,1,1
1704728700000,20240315,4130000,P,8500,8600,1,1
1704728700000,20240315,4770000,C,106400,106900,1,1
1704728700000,20240315,4770000,P,92400,92800,1,1
1704728700000,20240315,3700000,C,1081900,1086700,1,1
1704728700000,20240315,3700000,P,3100,3200,1,1
1704728700000,20240315,4340000,C,460900,465000,1,1
1704728700000,20240315,4340000,P,16500,16600,1,1
1704728700000,20240315,4980000,C,22100,22200,1,1
1704728700000,20240315,4980000,P,236200,240600,1,1
1704728700000,20240315,4550000,C,271200,274800,1,1
1704728700000,20240315,4550000,P,36200,36400,1,1
1704728700000,20240315,6250000,P,1505700,1510800,1,1
1704728700000,20240315,2200000,C,2563000,2569100,1,1
1704728700000,20240315,2200000,P,200,300,1,1
1704728700000,20240315,4120000,C,670900,675400,1,1
1704728700000,20240315,4120000,P,8200,8300,1,1
1704728700000,20240315,4760000,C,112600,113100,1,1
1704728700000,20240315,4760000,P,88300,88700,1,1
1704728700000,20240315,5400000,C,600,700,1,1
1704728700000,20240315,5400000,P,656100,660600,1,1
1704728700000,20240315,3050000,C,1723000,1728300,1,1
1704728700000,20240315,3050000,P,1000,1100,1,1
1704728700000,20240315,4330000,C,470200,474400,1,1
1704728700000,20240315,4330000,P,15900,16100,1,1
1704728700000,20240315,4970000,C,24200,24300,1,1
1704728700000,20240315,4970000,P,226200,230600,1,1
1704728700000,20240315,3900000,C,885500,890100,1,1
1704728700000,20240315,3900000,P,4700,4800,1,1
1704728700000,20240315,4540000,C,279800,283500,1,1
1704728700000,20240315,4540000,P,34800,35000,1,1
1704728700000,20240315,4110000,C,680600,685100,1,1
1704728700000,20240315,4110000,P,8000,8100,1,1
1704728700000,20240315,4750000,C,119000,119400,1,1
1704728700000,20240315,4750000,P,84500,84800,1,1
1704728700000,20240315,6450000,P,1705600,1710800,1,1
1704728700000,20240315,2400000,C,2365300,2371200,1,1
1704728700000,20240315,2400000,P,300,400,1,1
1704728700000,20240315,4320000,C,479600,483800,1,1
1704728700000,20240315,4320000,P,15400,15500,1,1
1704728700000,20240315,4960000,C,26400,26600,1,1
1704728700000,20240315,4960000,P,216300,220700,1,1
1704728700000,20240315,5600000,C,200,300,1,1
1704728700000,20240315,5600000,P,856000,860600,1,1
1704728700000,20240315,3250000,C,1525500,1530700,1,1
1704728700000,20240315,3250000,P,1400,1500,1,1
1704728700000,20240315,4530000,C,288500,292200,1,1
1704728700000,20240315,4530000,P,33500,33700,1,1
1704728700000,20240315,4100000,C,690300,694800,1,1
1704728700000,20240315,4100000,P,7800,7900,1,1
1704728700000,20240315,4740000,C,125500,126000,1,1
1704728700000,20240315,4740000,P,80700,81000,1,1
1704728700000,20240315,4310000,C,489000,493700,1,1
1704728700000,20240315,4310000,P,14900,15000,1,1
1704728700000,20240315,4950000,C,28900,29100,1,1
1704728700000,20240315,4950000,P,207000,211100,1,1
1704728700000,20240315,2600000,C,2167600,2173300,1,1
1704728700000,20240315,2600000,P,400,500,1,1
1704728700000,20240315,4520000,C,297200,300900,1,1
1704728700000,20240315,4520000,P,32200,32400,1,1
1704728700000,20240315,5800000,C,100,200,1,1
1704728700000,20240315,5800000,P,1055900,1060700,1,1
1704728700000,20240315,3450000,C,1328200,1333200,1,1
1704728700000,20240315,3450000,P,1900,2000,1,1
1704728700000,20240315,4090000,C,700000,704900,1,1
1704728700000,20240315,4090000,P,7600,7700,1,1
1704728700000,20240315,4730000,C,132200,132700,1,1
1704728700000,20240315,4730000,P,77200,77500,1,1
1704728700000,20240315,4300000,C,498500,502700,1,1
1704728700000,20240315,4300000,P,14400,14500,1,1
1704728700000,20240315,4940000,C,31500,31700,1,1
1704728700000,20240315,4940000,P,198100,202000,1,1
1704728700000,20240315,1950000,C,2810200,2816600,1,1
1704728700000,20240315,1950000,P,100,200,1,1
1704728700000,20240315,4510000,C,306000,309700,1,1
1704728700000,20240315,4510000,P,31000,31200,1,1
1704728700000,20240315,5150000,C,3900,4000,1,1
1704728700000,20240315,5150000,P,406200,410600,1,1
1704728700000,20240315,2800000,C,1970000,1975500,1,1
1704728700000,20240315,2800000,P,600,700,1,1
1704728700000,20240315,4080000,C,709700,714200,1,1
1704728700000,20240315,4080000,P,7400,7500,1,1
1704728700000,20240315,4720000,C,139000,139500,1,1
1704728700000,20240315,4720000,P,73800,74100,1,1
1704728700000,20240315,6000000,C,100,200,1,1
1704728700000,20240315,6000000,P,1255800,1260700,1,1
1704728700000,20240315,3650000,C,1131100,1136000,1,1
1704728700000,20240315,3650000,P,2800,2900,1,1
1704728700000,20240315,4290000,C,507900,512600,1,1
1704728700000,20240315,4290000,P,13900,14000,1,1
1704728700000,20240315,4930000,C,34300,34600,1,1
1704728700000,20240315,4930000,P,189600,193300,1,1
1704728700000,20240315,5350000,C,800,900,1,1
1704728700000,20240315,5350000,P,606100,610600,1,1
1704728700000,20240315,4500000,C,314800,318500,1,1
1704728700000,20240315,4500000,P,29800,30000,1,1
1704728700000,20240315,2150000,C,2612400,2618600,1,1
1704728700000,20240315,2150000,P,100,200,1,1
1704728700000,20240315,4070000,C,719400,723900,1,1
1704728700000,20240315,4070000,P,7200,7300,1,1
1704728700000,20240315,4710000,C,145900,146500,1,1
1704728700000,20240315,4710000,P,70600,71000,1,1
1704728700000,20240315,3000000,C,1772400,1777700,1,1
1704728700000,20240315,3000000,P,900,1000,1,1
1704728700000,20240315,4280000,C,517400,521700,1,1
1704728700000,20240315,4280000,P,13400,13600,1,1
1704728700000,20240315,4920000,C,37300,37600,1,1
1704728700000,20240315,4920000,P,181300,185000,1,1
1704728700000,20240315,6200000,P,1455700,1460800,1,1
1704728700000,20240315,3850000,C,934500,939200,1,1
1704728700000,20240315,3850000,P,4200,4300,1,1
1704728700000,20240315,4490000,C,323600,327400,1,1
1704728700000,20240315,4490000,P,28700,28900,1,1
1704728700000,20240315,5550000,C,300,400,1,1
1704728700000,20240315,5550000,P,806000,810600,1,1
1704728700000,20240315,4060000,C,729100,733700,1,1
1704728700000,20240315,4060000,P,7000,7100,1,1
1704728700000,20240315,4700000,C,153000,153700,1,1
1704728700000,20240315,4700000,P,67600,67900,1,1
1704728700000,20240315,2350000,C,2414700,2420700,1,1
1704728700000,20240315,2350000,P,200,300,1,1
1704728700000,20240315,4270000,C,526900,531200,1,1
1704728700000,20240315,4270000,P,13000,13100,1,1
1704728700000,20240315,4910000,C,40500,40800,1,1
1704728700000,20240315,4910000,P,173400,177000,1,1
