1705592700000,20240118,4160000,C,599600,607100,1,1
1705592700000,20240118,4480000,C,280000,287000,1,1
1705592700000,20240118,4800000,P,35700,37900,1,1
1705592700000,20240118,5120000,P,352500,360100,1,1
1705592700000,20240118,4050000,C,709400,717000,1,1
1705592700000,20240118,4370000,C,389800,397200,1,1
1705592700000,20240118,4690000,C,70100,74500,1,1
1705592700000,20240118,4580000,C,180900,186200,1,1
1705592700000,20240118,4260000,C,499600,507100,1,1
1705592700000,20240118,4900000,P,133600,138900,1,1
1705592700000,20240118,4150000,C,609400,617100,1,1
1705592700000,20240118,4470000,C,289800,296800,1,1
1705592700000,20240118,4790000,P,26000,30500,1,1
1705592700000,20240118,4040000,C,719400,727100,1,1
1705592700000,20240118,4360000,C,400000,407000,1,1
1705592700000,20240118,4680000,C,80200,84500,1,1
1705592700000,20240118,5000000,P,232700,239400,1,1
1705592700000,20240118,4570000,C,190500,197200,1,1
1705592700000,20240118,4250000,C,509500,517300,1,1
1705592700000,20240118,4890000,P,123600,128900,1,1
1705592700000,20240118,4140000,C,619500,627200,1,1
1705592700000,20240118,4460000,C,300600,307300,1,1
1705592700000,20240118,4780000,C,100,200,1,1
1705592700000,20240118,4780000,P,16300,17500,1,1
1705592700000,20240118,5100000,P,332200,340000,1,1
1705592700000,20240118,4030000,C,729300,737000,1,1
1705592700000,20240118,4350000,C,409900,417200,1,1
1705592700000,20240118,4670000,C,93400,93800,1,1
1705592700000,20240118,4990000,P,222400,229300,1,1
1705592700000,20240118,4560000,C,200200,207200,1,1
1705592700000,20240118,4240000,C,519500,527200,1,1
1705592700000,20240118,5200000,P,432200,440100,1,1
1705592700000,20240118,4880000,P,112700,119000,1,1
1705592700000,20240118,4130000,C,629300,637100,1,1
1705592700000,20240118,4450000,C,309900,317000,1,1
1705592700000,20240118,4770000,C,900,1000,1,1
1705592700000,20240118,4770000,P,7500,7700,1,1
1705592700000,20240118,4020000,C,742200,744100,1,1
1705592700000,20240118,4340000,C,419600,427100,1,1
1705592700000,20240118,4660000,C,103300,103800,1,1
1705592700000,20240118,4980000,P,213000,219300,1,1
1705592700000,20240118,5300000,P,532300,540000,1,1
1705592700000,20240118,4550000,C,211200,215700,1,1
1705592700000,20240118,4230000,C,529500,537100,1,1
1705592700000,20240118,4870000,P,102500,109400,1,1
1705592700000,20240118,4120000,C,639300,647100,1,1
1705592700000,20240118,4440000,C,320100,327100,1,1
1705592700000,20240118,4760000,C,5200,5300,1,1
1705592700000,20240118,4760000,P,1800,1900,1,1
1705592700000,20240118,5080000,P,312300,319700,1,1
1705592700000,20240118,5400000,P,635300,637100,1,1
1705592700000,20240118,4330000,C,429700,437500,1,1
1705592700000,20240118,4650000,C,111100,116000,1,1
1705592700000,20240118,4970000,P,203800,208800,1,1
1705592700000,20240118,3900000,C,862100,864100,1,1
1705592700000,20240118,4540000,C,220600,227000,1,1
1705592700000,20240118,4220000,C,539700,547000,1,1
1705592700000,20240118,4860000,P,93200,99200,1,1
1705592700000,20240118,5180000,P,412500,420100,1,1
1705592700000,20240118,4110000,C,649400,657100,1,1
1705592700000,20240118,4430000,C,329800,337000,1,1
1705592700000,20240118,4750000,C,13900,14200,1,1
1705592700000,20240118,4750000,P,400,500,1,1
1705592700000,20240118,4320000,C,439700,447000,1,1
1705592700000,20240118,4000000,C,762100,764100,1,1
1705592700000,20240118,4640000,C,121100,126500,1,1
1705592700000,20240118,4960000,P,193600,199100,1,1
1705592700000,20240118,4530000,C,231000,235900,1,1
1705592700000,20240118,4210000,C,549500,557200,1,1
1705592700000,20240118,4850000,P,83100,89100,1,1
1705592700000,20240118,4100000,C,659500,667100,1,1
1705592700000,20240118,4420000,C,340000,347100,1,1
1705592700000,20240118,4740000,C,23100,24000,1,1
1705592700000,20240118,4740000,P,200,300,1,1
1705592700000,20240118,5060000,P,292600,299800,1,1
1705592700000,20240118,4310000,C,449500,457100,1,1
1705592700000,20240118,4630000,C,131000,135800,1,1
1705592700000,20240118,4950000,P,183400,189100,1,1
1705592700000,20240118,4520000,C,239700,247100,1,1
1705592700000,20240118,4200000,C,559400,566900,1,1
1705592700000,20240118,4840000,P,74100,79400,1,1
1705592700000,20240118,5160000,P,392600,400000,1,1
1705592700000,20240118,4090000,C,669500,677000,1,1
1705592700000,20240118,4410000,C,349700,357000,1,1
1705592700000,20240118,4730000,C,33000,33900,1,1
1705592700000,20240118,4730000,P,100,200,1,1
1705592700000,20240118,5050000,P,282600,290000,1,1
1705592700000,20240118,4300000,C,459800,467200,1,1
1705592700000,20240118,4620000,C,140300,144500,1,1
1705592700000,20240118,4940000,P,173600,179300,1,1
1705592700000,20240118,4510000,C,250000,257000,1,1
1705592700000,20240118,4190000,C,569500,577000,1,1
1705592700000,20240118,4830000,P,65500,69800,1,1
1705592700000,20240118,5150000,P,382600,390000,1,1
1705592700000,20240118,5250000,P,482400,489800,1,1
1705592700000,20240118,4400000,C,359800,365900,1,1
1705592700000,20240118,4080000,C,679500,686900,1,1
1705592700000,20240118,4720000,C,42300,44000,1,1
1705592700000,20240118,4720000,P,100,200,1,1
1705592700000,20240118,5040000,P,272700,279800,1,1
1705592700000,20240118,4290000,C,469600,477100,1,1
1705592700000,20240118,4610000,C,151000,156000,1,1
1705592700000,20240118,4930000,P,163700,169100,1,1
1705592700000,20240118,5350000,P,585300,587300,1,1
1705592700000,20240118,4500000,C,259800,266000,1,1
1705592700000,20240118,4180000,C,579600,587100,1,1
1705592700000,20240118,4820000,P,55600,59800,1,1
1705592700000,20240118,5140000,P,372500,380000,1,1
1705592700000,20240118,4070000,C,689600,697200,1,1
1705592700000,20240118,4390000,C,369800,377000,1,1
1705592700000,20240118,4710000,C,52200,53900,1,1
1705592700000,20240118,4710000,P,100,200,1,1
1705592700000,20240118,5450000,P,685200,687100,1,1
1705592700000,20240118,4280000,C,479500,487200,1,1
1705592700000,20240118,4600000,C,161000,165900,1,1
1705592700000,20240118,4920000,P,153500,159100,1,1
1705592700000,20240118,4170000,C,589500,597000,1,1
1705592700000,20240118,4490000,C,269800,277100,1,1
1705592700000,20240118,4810000,P,45400,50100,1,1
1705592700000,20240118,4060000,C,699500,707200,1,1
1705592700000,20240118,4380000,C,379800,387200,1,1
1705592700000,20240118,4700000,C,62300,64100,1,1
1705592700000,20240118,5020000,P,252500,259800,1,1
1705592700000,20240118,4270000,C,489500,497200,1,1
1705592700000,20240118,4590000,C,171000,176400,1,1
1705592700000,20240118,4910000,P,142700,149500,1,1
1705592700000,20240119,3200000,C,1561700,1564900,1,1
1705592700000,20240119,3840000,C,921900,925300,1,1
1705592700000,20240119,4480000,C,282700,285800,1,1
1705592700000,20240119,4480000,P,200,300,1,1
1705592700000,20240119,5120000,P,354700,357900,1,1
1705592700000,20240119,6400000,P,1634100,1637300,1,1
1705592700000,20240119,4050000,C,712100,715500,1,1
1705592700000,20240119,4690000,C,74300,75400,1,1
1705592700000,20240119,4690000,P,800,900,1,1
1705592700000,20240119,5750000,P,984400,987600,1,1
1705592700000,20240119,3620000,C,1142000,1145200,1,1
1705592700000,20240119,4260000,C,502200,505600,1,1
1705592700000,20240119,4900000,P,134900,138100,1,1
1705592700000,20240119,2550000,C,2211200,2214500,1,1
1705592700000,20240119,3830000,C,931900,935300,1,1
1705592700000,20240119,4470000,C,292700,295800,1,1
1705592700000,20240119,4470000,P,200,300,1,1
1705592700000,20240119,3400000,C,1361800,1365000,1,1
1705592700000,20240119,4040000,C,722100,725400,1,1
1705592700000,20240119,4680000,C,84200,85300,1,1
1705592700000,20240119,4680000,P,700,800,1,1
1705592700000,20240119,6600000,P,1834100,1837300,1,1
1705592700000,20240119,3610000,C,1152000,1155100,1,1
1705592700000,20240119,4250000,C,512200,515600,1,1
1705592700000,20240119,4250000,P,100,200,1,1
1705592700000,20240119,4890000,P,124900,128100,1,1
1705592700000,20240119,5950000,P,1184400,1187500,1,1
1705592700000,20240119,1900000,C,2860700,2864100,1,1
1705592700000,20240119,3820000,C,941900,945300,1,1
1705592700000,20240119,4460000,C,302500,305800,1,1
1705592700000,20240119,4460000,P,200,300,1,1
1705592700000,20240119,5100000,P,334700,337900,1,1
1705592700000,20240119,2750000,C,2011400,2014600,1,1
1705592700000,20240119,4030000,C,732300,735400,1,1
1705592700000,20240119,4670000,C,94000,95200,1,1
1705592700000,20240119,4670000,P,500,600,1,1
1705592700000,20240119,3600000,C,1162000,1165100,1,1
1705592700000,20240119,4240000,C,522200,525600,1,1
1705592700000,20240119,4880000,C,100,200,1,1
1705592700000,20240119,4880000,P,114900,117900,1,1
1705592700000,20240119,6800000,P,2034000,2037200,1,1
1705592700000,20240119,3810000,C,951800,955300,1,1
1705592700000,20240119,4450000,C,312400,315800,1,1
1705592700000,20240119,4450000,P,200,300,1,1
1705592700000,20240119,6150000,P,1384300,1387500,1,1
1705592700000,20240119,2100000,C,2660800,2664200,1,1
1705592700000,20240119,4020000,C,742300,745400,1,1
1705592700000,20240119,4660000,C,103900,105100,1,1
1705592700000,20240119,4660000,P,500,600,1,1
1705592700000,20240119,5300000,P,534700,537800,1,1
1705592700000,20240119,2950000,C,1811500,1814800,1,1
1705592700000,20240119,3590000,C,1171900,1175100,1,1
1705592700000,20240119,4230000,C,532300,535600,1,1
1705592700000,20240119,4870000,C,100,200,1,1
1705592700000,20240119,4870000,P,104900,108000,1,1
1705592700000,20240119,3800000,C,961800,965300,1,1
1705592700000,20240119,4440000,C,322500,325800,1,1
1705592700000,20240119,4440000,P,100,200,1,1
1705592700000,20240119,5080000,P,314800,317900,1,1
1705592700000,20240119,7000000,P,2233900,2237200,1,1
1705592700000,20240119,4010000,C,752100,755400,1,1
1705592700000,20240119,4650000,C,113800,115000,1,1
1705592700000,20240119,4650000,P,400,500,1,1
1705592700000,20240119,6350000,P,1584200,1587400,1,1
1705592700000,20240119,2300000,C,2460900,2464300,1,1
1705592700000,20240119,3580000,C,1181900,1185100,1,1
1705592700000,20240119,4220000,C,542200,545600,1,1
1705592700000,20240119,4860000,C,100,200,1,1
1705592700000,20240119,4860000,P,94900,97900,1,1
1705592700000,20240119,5500000,P,734600,737700,1,1
1705592700000,20240119,3150000,C,1611600,1614900,1,1
1705592700000,20240119,3790000,C,971900,975200,1,1
1705592700000,20240119,4430000,C,332400,335800,1,1
1705592700000,20240119,4430000,P,100,200,1,1
1705592700000,20240119,4000000,C,762000,765400,1,1
1705592700000,20240119,4640000,C,123800,125000,1,1
1705592700000,20240119,4640000,P,300,400,1,1
1705592700000,20240119,7200000,P,2433800,2437200,1,1
1705592700000,20240119,3570000,C,1191900,1195100,1,1
1705592700000,20240119,4210000,C,552200,555600,1,1
1705592700000,20240119,4850000,C,100,200,1,1
1705592700000,20240119,4850000,P,84900,87900,1,1
1705592700000,20240119,6550000,P,1784100,1787400,1,1
1705592700000,20240119,2500000,C,2261000,2264500,1,1
1705592700000,20240119,3780000,C,982000,985300,1,1
1705592700000,20240119,4420000,C,342400,345800,1,1
1705592700000,20240119,4420000,P,100,200,1,1
1705592700000,20240119,5060000,P,294800,297900,1,1
1705592700000,20240119,5700000,P,934500,937600,1,1
1705592700000,20240119,3350000,C,1411800,1415000,1,1
1705592700000,20240119,3990000,C,772000,775400,1,1
1705592700000,20240119,4630000,C,133700,135000,1,1
1705592700000,20240119,4630000,P,300,400,1,1
1705592700000,20240119,3560000,C,1201900,1205100,1,1
1705592700000,20240119,4200000,C,562100,565600,1,1
1705592700000,20240119,4840000,C,300,400,1,1
1705592700000,20240119,4840000,P,75000,77900,1,1
1705592700000,20240119,1850000,C,2910700,2914100,1,1
1705592700000,20240119,3770000,C,992000,995200,1,1
1705592700000,20240119,4410000,C,352400,355800,1,1
1705592700000,20240119,4410000,P,100,200,1,1
1705592700000,20240119,5050000,P,284800,287900,1,1
1705592700000,20240119,6750000,P,1984000,1987300,1,1
1705592700000,20240119,2700000,C,2061300,2064600,1,1
1705592700000,20240119,3980000,C,782100,785400,1,1
1705592700000,20240119,4620000,C,143700,145000,1,1
1705592700000,20240119,4620000,P,300,400,1,1
1705592700000,20240119,5900000,P,1134400,1137600,1,1
1705592700000,20240119,3550000,C,1211800,1215100,1,1
1705592700000,20240119,4190000,C,572100,575600,1,1
1705592700000,20240119,4830000,C,500,600,1,1
1705592700000,20240119,4830000,P,65000,68000,1,1
1705592700000,20240119,5250000,P,484700,487900,1,1
1705592700000,20240119,3760000,C,1002100,1005200,1,1
1705592700000,20240119,4400000,C,362400,365700,1,1
1705592700000,20240119,4400000,P,100,200,1,1
1705592700000,20240119,5040000,P,274800,278000,1,1
1705592700000,20240119,2050000,C,2710800,2714200,1,1
1705592700000,20240119,3970000,C,792000,795400,1,1
1705592700000,20240119,4610000,C,153700,155000,1,1
1705592700000,20240119,4610000,P,300,400,1,1
1705592700000,20240119,6950000,P,2183900,2187200,1,1
1705592700000,20240119,2900000,C,1861400,1864700,1,1
1705592700000,20240119,4180000,C,582200,585600,1,1
1705592700000,20240119,4820000,C,800,900,1,1
1705592700000,20240119,4820000,P,55200,58200,1,1
1705592700000,20240119,6100000,P,1334300,1337500,1,1
1705592700000,20240119,3750000,C,1012100,1015200,1,1
1705592700000,20240119,4390000,C,372600,375700,1,1
1705592700000,20240119,4390000,P,100,200,1,1
1705592700000,20240119,5450000,P,684600,687800,1,1
1705592700000,20240119,3960000,C,802000,805400,1,1
1705592700000,20240119,4600000,C,163700,164900,1,1
1705592700000,20240119,4600000,P,300,400,1,1
1705592700000,20240119,5240000,P,474700,477900,1,1
1705592700000,20240119,2250000,C,2511000,2514300,1,1
1705592700000,20240119,4170000,C,592200,595500,1,1
1705592700000,20240119,4810000,C,1500,1600,1,1
1705592700000,20240119,4810000,P,47000,48000,1,1
1705592700000,20240119,3100000,C,1661600,1664800,1,1
1705592700000,20240119,3740000,C,1022000,1025200,1,1
1705592700000,20240119,4380000,C,382600,385700,1,1
1705592700000,20240119,4380000,P,100,200,1,1
1705592700000,20240119,5020000,P,254800,258000,1,1
1705592700000,20240119,6300000,P,1534200,1537500,1,1
1705592700000,20240119,3950000,C,812000,815400,1,1
1705592700000,20240119,4590000,C,173600,175000,1,1
1705592700000,20240119,4590000,P,300,400,1,1
1705592700000,20240119,5650000,P,884500,887800,1,1
1705592700000,20240119,4160000,C,602400,605500,1,1
1705592700000,20240119,4800000,C,2600,2700,1,1
1705592700000,20240119,4800000,P,38200,39000,1,1
1705592700000,20240119,2450000,C,2311000,2314400,1,1
1705592700000,20240119,3730000,C,1032000,1035200,1,1
1705592700000,20240119,4370000,C,392400,395700,1,1
1705592700000,20240119,4370000,P,100,200,1,1
1705592700000,20240119,3300000,C,1461800,1465000,1,1
1705592700000,20240119,3940000,C,822000,825400,1,1
1705592700000,20240119,4580000,C,183600,185000,1,1
1705592700000,20240119,4580000,P,200,300,1,1
1705592700000,20240119,5220000,P,454700,457900,1,1
1705592700000,20240119,6500000,P,1734100,1737400,1,1
1705592700000,20240119,4150000,C,612400,615500,1,1
1705592700000,20240119,4790000,C,4400,4500,1,1
1705592700000,20240119,4790000,P,30100,30700,1,1
1705592700000,20240119,5850000,P,1084400,1087700,1,1
1705592700000,20240119,1800000,C,2960600,2964100,1,1
1705592700000,20240119,3720000,C,1041900,1045200,1,1
1705592700000,20240119,4360000,C,402300,405700,1,1
1705592700000,20240119,4360000,P,100,200,1,1
1705592700000,20240119,5000000,P,234800,238000,1,1
1705592700000,20240119,2650000,C,2111300,2114600,1,1
1705592700000,20240119,3930000,C,832000,835300,1,1
1705592700000,20240119,4570000,C,192600,196000,1,1
1705592700000,20240119,4570000,P,200,300,1,1
1705592700000,20240119,3500000,C,1261900,1265100,1,1
1705592700000,20240119,4140000,C,622200,625500,1,1
1705592700000,20240119,4780000,C,7100,7200,1,1
1705592700000,20240119,4780000,P,22700,23100,1,1
1705592700000,20240119,6700000,P,1934000,1937300,1,1
1705592700000,20240119,3710000,C,1051900,1055200,1,1
1705592700000,20240119,4350000,C,412300,415700,1,1
1705592700000,20240119,4350000,P,100,200,1,1
1705592700000,20240119,4990000,P,224800,228000,1,1
1705592700000,20240119,6050000,P,1284300,1287600,1,1
1705592700000,20240119,2000000,C,2760800,2764200,1,1
1705592700000,20240119,3920000,C,842000,845300,1,1
1705592700000,20240119,4560000,C,202500,206000,1,1
1705592700000,20240119,4560000,P,200,300,1,1
1705592700000,20240119,5200000,P,434700,438000,1,1
1705592700000,20240119,2850000,C,1911400,1914700,1,1
1705592700000,20240119,4130000,C,632100,635500,1,1
1705592700000,20240119,4770000,C,10900,11000,1,1
1705592700000,20240119,4770000,P,16700,16800,1,1
1705592700000,20240119,3700000,C,1061900,1065200,1,1
1705592700000,20240119,4340000,C,422300,425700,1,1
1705592700000,20240119,4340000,P,100,200,1,1
1705592700000,20240119,4980000,P,214800,218100,1,1
1705592700000,20240119,6900000,P,2133900,2137200,1,1
1705592700000,20240119,3910000,C,852200,855300,1,1
1705592700000,20240119,4550000,C,212800,215900,1,1
1705592700000,20240119,4550000,P,200,300,1,1
1705592700000,20240119,6250000,P,1484200,1487400,1,1
1705592700000,20240119,2200000,C,2560900,2564300,1,1
1705592700000,20240119,4120000,C,642100,645500,1,1
1705592700000,20240119,4760000,C,15800,15900,1,1
1705592700000,20240119,4760000,P,11700,11800,1,1
1705592700000,20240119,5400000,P,634600,637900,1,1
1705592700000,20240119,3050000,C,1711500,1714800,1,1
1705592700000,20240119,3690000,C,1071900,1075200,1,1
1705592700000,20240119,4330000,C,432300,435700,1,1
1705592700000,20240119,4330000,P,100,200,1,1
1705592700000,20240119,4970000,P,204800,208100,1,1
1705592700000,20240119,3900000,C,862000,865300,1,1
1705592700000,20240119,4540000,C,222800,225900,1,1
1705592700000,20240119,4540000,P,200,300,1,1
1705592700000,20240119,5180000,P,414700,418000,1,1
1705592700000,20240119,7100000,P,2333800,2337300,1,1
1705592700000,20240119,4110000,C,652100,655500,1,1
1705592700000,20240119,4750000,C,22000,22200,1,1
1705592700000,20240119,4750000,P,7900,8000,1,1
1705592700000,20240119,6450000,P,1684100,1687400,1,1
1705592700000,20240119,2400000,C,2361000,2364400,1,1
1705592700000,20240119,3680000,C,1082000,1085200,1,1
1705592700000,20240119,4320000,C,442200,445700,1,1
1705592700000,20240119,4320000,P,100,200,1,1
1705592700000,20240119,4960000,P,194800,198100,1,1
1705592700000,20240119,5600000,P,834500,837800,1,1
1705592700000,20240119,3250000,C,1511700,1514900,1,1
1705592700000,20240119,3890000,C,872000,875300,1,1
1705592700000,20240119,4530000,C,232500,235000,1,1
1705592700000,20240119,4530000,P,200,300,1,1
1705592700000,20240119,4100000,C,662200,665500,1,1
1705592700000,20240119,4740000,C,29200,29700,1,1
1705592700000,20240119,4740000,P,5300,5400,1,1
1705592700000,20240119,3670000,C,1092000,1095200,1,1
1705592700000,20240119,4310000,C,452300,455700,1,1
1705592700000,20240119,4310000,P,100,200,1,1
1705592700000,20240119,4950000,P,184800,188100,1,1
1705592700000,20240119,6650000,P,1884000,1887300,1,1
1705592700000,20240119,2600000,C,2161300,2164500,1,1
1705592700000,20240119,3880000,C,881900,885300,1,1
1705592700000,20240119,4520000,C,242500,245900,1,1
1705592700000,20240119,4520000,P,200,300,1,1
1705592700000,20240119,5160000,P,394700,398000,1,1
1705592700000,20240119,5800000,P,1034400,1037700,1,1
1705592700000,20240119,3450000,C,1311900,1315000,1,1
1705592700000,20240119,4090000,C,672100,675500,1,1
1705592700000,20240119,4730000,C,37200,37900,1,1
1705592700000,20240119,4730000,P,3500,3600,1,1
1705592700000,20240119,3660000,C,1101900,1105200,1,1
1705592700000,20240119,4300000,C,462300,465600,1,1
1705592700000,20240119,4300000,P,100,200,1,1
1705592700000,20240119,4940000,P,174800,178100,1,1
1705592700000,20240119,1950000,C,2810700,2814100,1,1
1705592700000,20240119,3870000,C,891900,895300,1,1
1705592700000,20240119,4510000,C,252500,255900,1,1
1705592700000,20240119,4510000,P,200,300,1,1
1705592700000,20240119,5150000,P,384700,388000,1,1
1705592700000,20240119,6850000,P,2083900,2087200,1,1
1705592700000,20240119,2800000,C,1961400,1964700,1,1
1705592700000,20240119,4080000,C,682100,685500,1,1
1705592700000,20240119,4720000,C,46000,46800,1,1
1705592700000,20240119,4720000,P,2300,2400,1,1
1705592700000,20240119,6000000,P,1234300,1237500,1,1
1705592700000,20240119,3650000,C,1111900,1115200,1,1
1705592700000,20240119,4290000,C,472500,475600,1,1
1705592700000,20240119,4290000,P,100,200,1,1
1705592700000,20240119,4930000,P,164800,168100,1,1
1705592700000,20240119,5350000,P,584600,587900,1,1
1705592700000,20240119,3860000,C,902000,905300,1,1
1705592700000,20240119,4500000,C,262500,265900,1,1
1705592700000,20240119,4500000,P,200,300,1,1
1705592700000,20240119,5140000,P,374700,378000,1,1
1705592700000,20240119,2150000,C,2610900,2614300,1,1
1705592700000,20240119,4070000,C,692100,695500,1,1
1705592700000,20240119,4710000,C,55100,56000,1,1
1705592700000,20240119,4710000,P,1600,1700,1,1
1705592700000,20240119,7050000,P,2283900,2287300,1,1
1705592700000,20240119,3000000,C,1761500,1764800,1,1
1705592700000,20240119,3640000,C,1122000,1125200,1,1
1705592700000,20240119,4280000,C,482500,485600,1,1
1705592700000,20240119,4920000,P,154800,158100,1,1
1705592700000,20240119,6200000,P,1434200,1437400,1,1
1705592700000,20240119,3850000,C,911900,915300,1,1
1705592700000,20240119,4490000,C,272500,275900,1,1
1705592700000,20240119,4490000,P,200,300,1,1
1705592700000,20240119,5550000,P,784500,787700,1,1
1705592700000,20240119,4060000,C,702100,705500,1,1
1705592700000,20240119,4700000,C,64600,65700,1,1
1705592700000,20240119,4700000,P,1100,1200,1,1
1705592700000,20240119,2350000,C,2411000,2414400,1,1
1705592700000,20240119,3630000,C,1132000,1135200,1,1
1705592700000,20240119,4270000,C,492300,495600,1,1
1705592700000,20240119,4910000,P,144800,148100,1,1
1705592700000,20240122,4160000,C,603100,606200,1,1
1705592700000,20240122,4160000,P,100,200,1,1
1705592700000,20240122,4480000,C,283300,286700,1,1
1705592700000,20240122,4480000,P,200,300,1,1
1705592700000,20240122,4800000,C,5600,5700,1,1
1705592700000,20240122,4800000,P,40700,41300,1,1
1705592700000,20240122,5120000,P,354700,357900,1,1
1705592700000,20240122,4050000,C,712700,716100,1,1
1705592700000,20240122,4050000,P,100,200,1,1
1705592700000,20240122,4370000,C,393200,396500,1,1
1705592700000,20240122,4370000,P,200,300,1,1
1705592700000,20240122,4690000,C,76500,77600,1,1
1705592700000,20240122,4690000,P,2100,2200,1,1
1705592700000,20240122,4260000,C,503000,506400,1,1
1705592700000,20240122,4260000,P,100,200,1,1
1705592700000,20240122,4580000,C,183500,186800,1,1
1705592700000,20240122,4580000,P,400,500,1,1
1705592700000,20240122,4900000,C,100,200,1,1
1705592700000,20240122,4900000,P,134900,138100,1,1
1705592700000,20240122,5220000,P,454700,457900,1,1
1705592700000,20240122,4150000,C,612900,616200,1,1
1705592700000,20240122,4150000,P,100,200,1,1
1705592700000,20240122,4470000,C,293500,296600,1,1
1705592700000,20240122,4470000,P,200,300,1,1
1705592700000,20240122,4790000,C,8300,8400,1,1
1705592700000,20240122,4790000,P,33300,33700,1,1
1705592700000,20240122,4040000,C,722700,726100,1,1
1705592700000,20240122,4040000,P,100,200,1,1
1705592700000,20240122,4360000,C,403200,406500,1,1
1705592700000,20240122,4360000,P,200,300,1,1
1705592700000,20240122,4680000,C,85900,87000,1,1
1705592700000,20240122,4680000,P,1700,1800,1,1
1705592700000,20240122,5000000,P,234800,238000,1,1
1705592700000,20240122,4250000,C,513000,516300,1,1
1705592700000,20240122,4250000,P,100,200,1,1
1705592700000,20240122,4570000,C,193400,196800,1,1
1705592700000,20240122,4570000,P,300,400,1,1
1705592700000,20240122,4890000,C,100,200,1,1
1705592700000,20240122,4890000,P,124900,128100,1,1
1705592700000,20240122,4140000,C,622800,626200,1,1
1705592700000,20240122,4140000,P,100,200,1,1
1705592700000,20240122,4460000,C,303500,306600,1,1
1705592700000,20240122,4460000,P,200,300,1,1
1705592700000,20240122,4780000,C,11700,11800,1,1
1705592700000,20240122,4780000,P,26700,27000,1,1
1705592700000,20240122,5100000,P,334700,337900,1,1
1705592700000,20240122,4030000,C,732700,736100,1,1
1705592700000,20240122,4030000,P,100,200,1,1
1705592700000,20240122,4350000,C,413100,416500,1,1
1705592700000,20240122,4350000,P,200,300,1,1
1705592700000,20240122,4670000,C,95500,96700,1,1
1705592700000,20240122,4670000,P,1300,1400,1,1
1705592700000,20240122,4990000,P,224800,228000,1,1
1705592700000,20240122,4240000,C,523200,526300,1,1
1705592700000,20240122,4240000,P,100,200,1,1
1705592700000,20240122,4560000,C,203500,206800,1,1
1705592700000,20240122,4560000,P,300,400,1,1
1705592700000,20240122,5200000,P,434700,438000,1,1
1705592700000,20240122,4880000,C,200,300,1,1
1705592700000,20240122,4880000,P,114900,118100,1,1
1705592700000,20240122,4130000,C,632900,636200,1,1
1705592700000,20240122,4130000,P,100,200,1,1
1705592700000,20240122,4450000,C,313200,316600,1,1
1705592700000,20240122,4450000,P,200,300,1,1
1705592700000,20240122,4770000,C,16100,16200,1,1
1705592700000,20240122,4770000,P,21100,21200,1,1
1705592700000,20240122,4020000,C,742700,746100,1,1
1705592700000,20240122,4020000,P,100,200,1,1
1705592700000,20240122,4340000,C,423100,426500,1,1
1705592700000,20240122,4340000,P,200,300,1,1
1705592700000,20240122,4660000,C,105300,106400,1,1
1705592700000,20240122,4660000,P,1000,1100,1,1
1705592700000,20240122,4980000,P,214800,218100,1,1
1705592700000,20240122,5300000,P,534600,537800,1,1
1705592700000,20240122,4230000,C,533000,536300,1,1
1705592700000,20240122,4230000,P,100,200,1,1
1705592700000,20240122,4550000,C,213400,216800,1,1
1705592700000,20240122,4550000,P,300,400,1,1
1705592700000,20240122,4870000,C,300,400,1,1
1705592700000,20240122,4870000,P,104900,108000,1,1
1705592700000,20240122,4120000,C,642800,646200,1,1
1705592700000,20240122,4120000,P,100,200,1,1
1705592700000,20240122,4440000,C,323200,326600,1,1
1705592700000,20240122,4440000,P,200,300,1,1
1705592700000,20240122,4760000,C,21300,21400,1,1
1705592700000,20240122,4760000,P,16400,16500,1,1
1705592700000,20240122,5080000,P,314800,317900,1,1
1705592700000,20240122,5400000,P,634600,637800,1,1
1705592700000,20240122,4330000,C,433100,436500,1,1
1705592700000,20240122,4330000,P,200,300,1,1
1705592700000,20240122,4650000,C,115100,116300,1,1
1705592700000,20240122,4650000,P,900,1000,1,1
1705592700000,20240122,4970000,P,204800,208100,1,1
1705592700000,20240122,4220000,C,542900,546300,1,1
1705592700000,20240122,4220000,P,100,200,1,1
1705592700000,20240122,4540000,C,223400,226700,1,1
1705592700000,20240122,4540000,P,300,400,1,1
1705592700000,20240122,4860000,C,400,500,1,1
1705592700000,20240122,4860000,P,94900,98100,1,1
1705592700000,20240122,5180000,P,414700,418000,1,1
1705592700000,20240122,4110000,C,652800,656200,1,1
1705592700000,20240122,4110000,P,100,200,1,1
1705592700000,20240122,4430000,C,333200,336600,1,1
1705592700000,20240122,4430000,P,200,300,1,1
1705592700000,20240122,4750000,C,27400,27700,1,1
1705592700000,20240122,4750000,P,12500,12600,1,1
1705592700000,20240122,4320000,C,443300,446400,1,1
1705592700000,20240122,4320000,P,200,300,1,1
1705592700000,20240122,4640000,C,124900,126100,1,1
1705592700000,20240122,4640000,P,700,800,1,1
1705592700000,20240122,4960000,P,194800,198100,1,1
1705592700000,20240122,4210000,C,553000,556300,1,1
1705592700000,20240122,4210000,P,100,200,1,1
1705592700000,20240122,4530000,C,233600,236700,1,1
1705592700000,20240122,4530000,P,300,400,1,1
1705592700000,20240122,4850000,C,600,700,1,1
1705592700000,20240122,4850000,P,84900,88100,1,1
1705592700000,20240122,4100000,C,662800,666200,1,1
1705592700000,20240122,4100000,P,100,200,1,1
1705592700000,20240122,4420000,C,343100,346600,1,1
1705592700000,20240122,4420000,P,200,300,1,1
1705592700000,20240122,4740000,C,34200,34600,1,1
1705592700000,20240122,4740000,P,9400,9500,1,1
1705592700000,20240122,5060000,P,294800,297900,1,1
1705592700000,20240122,4310000,C,453000,456400,1,1
1705592700000,20240122,4310000,P,200,300,1,1
1705592700000,20240122,4630000,C,134800,136000,1,1
1705592700000,20240122,4630000,P,600,700,1,1
1705592700000,20240122,4950000,C,100,200,1,1
1705592700000,20240122,4950000,P,184800,188100,1,1
1705592700000,20240122,4200000,C,562900,566300,1,1
1705592700000,20240122,4200000,P,100,200,1,1
1705592700000,20240122,4520000,C,243400,246700,1,1
1705592700000,20240122,4520000,P,300,400,1,1
1705592700000,20240122,4840000,C,900,1000,1,1
1705592700000,20240122,4840000,P,75100,78200,1,1
1705592700000,20240122,5160000,P,394700,398000,1,1
1705592700000,20240122,4090000,C,673000,676100,1,1
1705592700000,20240122,4090000,P,100,200,1,1
1705592700000,20240122,4410000,C,353200,356600,1,1
1705592700000,20240122,4410000,P,200,300,1,1
1705592700000,20240122,4730000,C,41700,42300,1,1
1705592700000,20240122,4730000,P,7000,7100,1,1
1705592700000,20240122,5050000,P,284800,287900,1,1
1705592700000,20240122,4300000,C,463000,466400,1,1
1705592700000,20240122,4300000,P,100,200,1,1
1705592700000,20240122,4620000,C,144700,146100,1,1
1705592700000,20240122,4620000,P,500,600,1,1
1705592700000,20240122,4940000,C,100,200,1,1
1705592700000,20240122,4940000,P,174800,178100,1,1
1705592700000,20240122,4190000,C,572900,576300,1,1
1705592700000,20240122,4190000,P,100,200,1,1
1705592700000,20240122,4510000,C,253300,256700,1,1
1705592700000,20240122,4510000,P,200,300,1,1
1705592700000,20240122,4830000,C,1500,1600,1,1
1705592700000,20240122,4830000,P,65500,68400,1,1
1705592700000,20240122,5150000,P,384700,388000,1,1
1705592700000,20240122,5250000,P,484700,487900,1,1
1705592700000,20240122,4400000,C,363200,366500,1,1
1705592700000,20240122,4400000,P,200,300,1,1
1705592700000,20240122,4080000,C,683000,686100,1,1
1705592700000,20240122,4080000,P,100,200,1,1
1705592700000,20240122,4720000,C,49800,50500,1,1
1705592700000,20240122,4720000,P,5200,5300,1,1
1705592700000,20240122,5040000,P,274800,277900,1,1
1705592700000,20240122,4290000,C,473000,476400,1,1
1705592700000,20240122,4290000,P,100,200,1,1
1705592700000,20240122,4610000,C,154700,156000,1,1
1705592700000,20240122,4610000,P,500,600,1,1
1705592700000,20240122,4930000,C,100,200,1,1
1705592700000,20240122,4930000,P,164800,168100,1,1
1705592700000,20240122,5350000,P,584600,587800,1,1
1705592700000,20240122,4500000,C,263300,266700,1,1
1705592700000,20240122,4500000,P,300,400,1,1
1705592700000,20240122,4180000,C,582900,586300,1,1
1705592700000,20240122,4180000,P,100,200,1,1
1705592700000,20240122,4820000,C,2400,2500,1,1
1705592700000,20240122,4820000,P,57400,58400,1,1
1705592700000,20240122,5140000,P,374700,378000,1,1
1705592700000,20240122,4070000,C,692800,696100,1,1
1705592700000,20240122,4070000,P,100,200,1,1
1705592700000,20240122,4390000,C,373400,376500,1,1
1705592700000,20240122,4390000,P,200,300,1,1
1705592700000,20240122,4710000,C,58400,59200,1,1
1705592700000,20240122,4710000,P,3900,4000,1,1
1705592700000,20240122,5450000,P,684600,687800,1,1
1705592700000,20240122,4280000,C,483000,486400,1,1
1705592700000,20240122,4280000,P,100,200,1,1
1705592700000,20240122,4600000,C,164600,165900,1,1
1705592700000,20240122,4600000,P,400,500,1,1
1705592700000,20240122,4920000,C,100,200,1,1
1705592700000,20240122,4920000,P,154800,158100,1,1
1705592700000,20240122,5240000,P,474700,477900,1,1
1705592700000,20240122,4170000,C,593100,596200,1,1
1705592700000,20240122,4170000,P,100,200,1,1
1705592700000,20240122,4490000,C,273200,276700,1,1
1705592700000,20240122,4490000,P,200,300,1,1
1705592700000,20240122,4810000,C,3700,3800,1,1
1705592700000,20240122,4810000,P,48700,49600,1,1
1705592700000,20240122,4060000,C,702700,706100,1,1
1705592700000,20240122,4060000,P,100,200,1,1
1705592700000,20240122,4380000,C,383200,386500,1,1
1705592700000,20240122,4380000,P,200,300,1,1
1705592700000,20240122,4700000,C,67300,68200,1,1
1705592700000,20240122,4700000,P,2900,3000,1,1
1705592700000,20240122,5020000,P,254800,258000,1,1
1705592700000,20240122,4270000,C,493000,496400,1,1
1705592700000,20240122,4270000,P,100,200,1,1
1705592700000,20240122,4590000,C,173500,176900,1,1
1705592700000,20240122,4590000,P,400,500,1,1
1705592700000,20240122,4910000,C,100,200,1,1
1705592700000,20240122,4910000,P,144800,148100,1,1
1705592700000,20240123,4160000,C,603600,607000,1,1
1705592700000,20240123,4160000,P,200,300,1,1
1705592700000,20240123,4480000,C,284100,287400,1,1
1705592700000,20240123,4480000,P,300,400,1,1
1705592700000,20240123,4800000,C,8200,8300,1,1
1705592700000,20240123,4800000,P,42600,43200,1,1
1705592700000,20240123,5120000,P,354700,357900,1,1
1705592700000,20240123,4050000,C,713400,716800,1,1
1705592700000,20240123,4050000,P,100,200,1,1
1705592700000,20240123,4370000,C,393900,397300,1,1
1705592700000,20240123,4370000,P,300,400,1,1
1705592700000,20240123,4690000,C,78700,79600,1,1
1705592700000,20240123,4690000,P,3600,3700,1,1
1705592700000,20240123,4260000,C,503700,507100,1,1
1705592700000,20240123,4260000,P,200,300,1,1
1705592700000,20240123,4580000,C,184400,187700,1,1
1705592700000,20240123,4580000,P,600,700,1,1
1705592700000,20240123,4900000,C,200,300,1,1
1705592700000,20240123,4900000,P,134900,138100,1,1
1705592700000,20240123,5220000,P,454700,457900,1,1
1705592700000,20240123,4150000,C,613800,616900,1,1
1705592700000,20240123,4150000,P,200,300,1,1
1705592700000,20240123,4470000,C,294000,297400,1,1
1705592700000,20240123,4470000,P,300,400,1,1
1705592700000,20240123,4790000,C,11300,11400,1,1
1705592700000,20240123,4790000,P,35600,36100,1,1
1705592700000,20240123,4040000,C,723400,726800,1,1
1705592700000,20240123,4040000,P,100,200,1,1
1705592700000,20240123,4360000,C,404100,407200,1,1
1705592700000,20240123,4360000,P,300,400,1,1
1705592700000,20240123,4680000,C,87900,88900,1,1
1705592700000,20240123,4680000,P,2800,2900,1,1
1705592700000,20240123,5000000,C,100,200,1,1
1705592700000,20240123,5000000,P,234800,238000,1,1
1705592700000,20240123,4250000,C,513700,517100,1,1
1705592700000,20240123,4250000,P,200,300,1,1
1705592700000,20240123,4570000,C,194400,197700,1,1
1705592700000,20240123,4570000,P,600,700,1,1
1705592700000,20240123,4890000,C,300,400,1,1
1705592700000,20240123,4890000,P,124900,128100,1,1
1705592700000,20240123,4140000,C,623800,626900,1,1
1705592700000,20240123,4140000,P,200,300,1,1
1705592700000,20240123,4460000,C,304000,307400,1,1
1705592700000,20240123,4460000,P,300,400,1,1
1705592700000,20240123,4780000,C,15200,15300,1,1
1705592700000,20240123,4780000,P,29400,29700,1,1
1705592700000,20240123,5100000,P,334700,337900,1,1
1705592700000,20240123,4030000,C,733400,736800,1,1
1705592700000,20240123,4030000,P,100,200,1,1
1705592700000,20240123,4350000,C,413800,417200,1,1
1705592700000,20240123,4350000,P,300,400,1,1
1705592700000,20240123,4670000,C,97300,98300,1,1
1705592700000,20240123,4670000,P,2200,2300,1,1
1705592700000,20240123,4990000,C,100,200,1,1
1705592700000,20240123,4990000,P,224800,228100,1,1
1705592700000,20240123,4240000,C,523600,527100,1,1
1705592700000,20240123,4240000,P,200,300,1,1
1705592700000,20240123,4560000,C,204300,207700,1,1
1705592700000,20240123,4560000,P,500,600,1,1
1705592700000,20240123,5200000,P,434700,437900,1,1
1705592700000,20240123,4880000,C,300,400,1,1
1705592700000,20240123,4880000,P,114900,118100,1,1
1705592700000,20240123,4130000,C,633500,636900,1,1
1705592700000,20240123,4130000,P,200,300,1,1
1705592700000,20240123,4450000,C,314000,317400,1,1
1705592700000,20240123,4450000,P,300,400,1,1
1705592700000,20240123,4770000,C,19700,19900,1,1
1705592700000,20240123,4770000,P,24100,24200,1,1
1705592700000,20240123,4020000,C,743300,746800,1,1
1705592700000,20240123,4020000,P,100,200,1,1
1705592700000,20240123,4340000,C,423800,427200,1,1
1705592700000,20240123,4340000,P,300,400,1,1
1705592700000,20240123,4660000,C,106800,107900,1,1
1705592700000,20240123,4660000,P,1800,1900,1,1
1705592700000,20240123,4980000,C,100,200,1,1
1705592700000,20240123,4980000,P,214800,218100,1,1
1705592700000,20240123,5300000,P,534600,537800,1,1
1705592700000,20240123,4230000,C,533700,537100,1,1
1705592700000,20240123,4230000,P,200,300,1,1
1705592700000,20240123,4550000,C,214200,217600,1,1
1705592700000,20240123,4550000,P,500,600,1,1
1705592700000,20240123,4870000,C,500,600,1,1
1705592700000,20240123,4870000,P,104900,108000,1,1
1705592700000,20240123,4120000,C,643500,646900,1,1
1705592700000,20240123,4120000,P,100,200,1,1
1705592700000,20240123,4440000,C,324000,327400,1,1
1705592700000,20240123,4440000,P,300,400,1,1
1705592700000,20240123,4760000,C,25100,25200,1,1
1705592700000,20240123,4760000,P,19400,19600,1,1
1705592700000,20240123,5080000,P,314800,317900,1,1
1705592700000,20240123,5400000,P,634600,637800,1,1
1705592700000,20240123,4330000,C,433800,437200,1,1
1705592700000,20240123,4330000,P,300,400,1,1
1705592700000,20240123,4650000,C,116400,117600,1,1
1705592700000,20240123,4650000,P,1400,1500,1,1
1705592700000,20240123,4970000,C,100,200,1,1
1705592700000,20240123,4970000,P,204800,208100,1,1
1705592700000,20240123,4220000,C,543900,547000,1,1
1705592700000,20240123,4220000,P,200,300,1,1
1705592700000,20240123,4540000,C,224200,227600,1,1
1705592700000,20240123,4540000,P,500,600,1,1
1705592700000,20240123,4860000,C,800,900,1,1
1705592700000,20240123,4860000,P,95000,98100,1,1
1705592700000,20240123,5180000,P,414700,417900,1,1
1705592700000,20240123,4110000,C,653500,656900,1,1
1705592700000,20240123,4110000,P,100,200,1,1
1705592700000,20240123,4430000,C,334000,337400,1,1
1705592700000,20240123,4430000,P,300,400,1,1
1705592700000,20240123,4750000,C,31100,31400,1,1
1705592700000,20240123,4750000,P,15500,15600,1,1
1705592700000,20240123,4320000,C,443800,447200,1,1
1705592700000,20240123,4320000,P,300,400,1,1
1705592700000,20240123,4640000,C,126200,127300,1,1
1705592700000,20240123,4640000,P,1200,1300,1,1
1705592700000,20240123,4960000,C,100,200,1,1
1705592700000,20240123,4960000,P,194800,198100,1,1
1705592700000,20240123,4210000,C,553900,557000,1,1
1705592700000,20240123,4210000,P,200,300,1,1
1705592700000,20240123,4530000,C,234200,237600,1,1
1705592700000,20240123,4530000,P,400,500,1,1
1705592700000,20240123,4850000,C,1200,1300,1,1
1705592700000,20240123,4850000,P,85000,88100,1,1
1705592700000,20240123,4100000,C,663500,666900,1,1
1705592700000,20240123,4100000,P,100,200,1,1
1705592700000,20240123,4420000,C,343900,347300,1,1
1705592700000,20240123,4420000,P,300,400,1,1
1705592700000,20240123,4740000,C,37800,38200,1,1
1705592700000,20240123,4740000,P,12300,12400,1,1
1705592700000,20240123,5060000,P,294800,297900,1,1
1705592700000,20240123,4310000,C,453800,457200,1,1
1705592700000,20240123,4310000,P,300,400,1,1
1705592700000,20240123,4630000,C,136000,137200,1,1
1705592700000,20240123,4630000,P,1000,1100,1,1
1705592700000,20240123,4950000,C,100,200,1,1
1705592700000,20240123,4950000,P,184800,188100,1,1
1705592700000,20240123,4200000,C,563600,567000,1,1
1705592700000,20240123,4200000,P,200,300,1,1
1705592700000,20240123,4520000,C,244100,247500,1,1
1705592700000,20240123,4520000,P,400,500,1,1
1705592700000,20240123,4840000,C,1800,1900,1,1
1705592700000,20240123,4840000,P,75400,78600,1,1
1705592700000,20240123,5160000,P,394700,397900,1,1
1705592700000,20240123,4090000,C,673500,676900,1,1
1705592700000,20240123,4090000,P,100,200,1,1
1705592700000,20240123,4410000,C,353900,357300,1,1
1705592700000,20240123,4410000,P,300,400,1,1
1705592700000,20240123,4730000,C,45100,45600,1,1
1705592700000,20240123,4730000,P,9700,9800,1,1
1705592700000,20240123,5050000,P,284800,288000,1,1
1705592700000,20240123,4300000,C,463800,467200,1,1
1705592700000,20240123,4300000,P,200,300,1,1
1705592700000,20240123,4620000,C,145800,147400,1,1
1705592700000,20240123,4620000,P,900,1000,1,1
1705592700000,20240123,4940000,C,100,200,1,1
1705592700000,20240123,4940000,P,174800,178100,1,1
1705592700000,20240123,4190000,C,573600,577000,1,1
1705592700000,20240123,4190000,P,200,300,1,1
1705592700000,20240123,4510000,C,254100,257500,1,1
1705592700000,20240123,4510000,P,400,500,1,1
1705592700000,20240123,4830000,C,2700,2800,1,1
1705592700000,20240123,4830000,P,67300,68300,1,1
1705592700000,20240123,5150000,P,384700,387900,1,1
1705592700000,20240123,5250000,P,484700,487900,1,1
1705592700000,20240123,4400000,C,363900,367300,1,1
1705592700000,20240123,4400000,P,300,400,1,1
1705592700000,20240123,4080000,C,683700,686900,1,1
1705592700000,20240123,4080000,P,100,200,1,1
1705592700000,20240123,4720000,C,52900,53500,1,1
1705592700000,20240123,4720000,P,7600,7700,1,1
1705592700000,20240123,5040000,P,274800,277900,1,1
1705592700000,20240123,4290000,C,474000,477100,1,1
1705592700000,20240123,4290000,P,200,300,1,1
1705592700000,20240123,4610000,C,155700,157000,1,1
1705592700000,20240123,4610000,P,800,900,1,1
1705592700000,20240123,4930000,C,100,200,1,1
1705592700000,20240123,4930000,P,164800,168100,1,1
1705592700000,20240123,5350000,P,584600,587800,1,1
1705592700000,20240123,4500000,C,264100,267500,1,1
1705592700000,20240123,4500000,P,400,500,1,1
1705592700000,20240123,4180000,C,583600,587000,1,1
1705592700000,20240123,4180000,P,200,300,1,1
1705592700000,20240123,4820000,C,4000,4100,1,1
1705592700000,20240123,4820000,P,58600,59400,1,1
1705592700000,20240123,5140000,P,374700,377900,1,1
1705592700000,20240123,4070000,C,693700,696800,1,1
1705592700000,20240123,4070000,P,100,200,1,1
1705592700000,20240123,4390000,C,373900,377300,1,1
1705592700000,20240123,4390000,P,300,400,1,1
1705592700000,20240123,4710000,C,61100,61900,1,1
1705592700000,20240123,4710000,P,5900,6000,1,1
1705592700000,20240123,5450000,P,684600,687800,1,1
1705592700000,20240123,4280000,C,483700,487100,1,1
1705592700000,20240123,4280000,P,200,300,1,1
1705592700000,20240123,4600000,C,165600,167200,1,1
1705592700000,20240123,4600000,P,700,800,1,1
1705592700000,20240123,4920000,C,100,200,1,1
1705592700000,20240123,4920000,P,154800,158100,1,1
1705592700000,20240123,5240000,P,474700,477900,1,1
1705592700000,20240123,4170000,C,593600,597000,1,1
1705592700000,20240123,4170000,P,200,300,1,1
1705592700000,20240123,4490000,C,274100,277500,1,1
1705592700000,20240123,4490000,P,400,500,1,1
1705592700000,20240123,4810000,C,5800,5900,1,1
1705592700000,20240123,4810000,P,50300,51000,1,1
1705592700000,20240123,4060000,C,703400,706800,1,1
1705592700000,20240123,4060000,P,100,200,1,1
1705592700000,20240123,4380000,C,383900,387300,1,1
1705592700000,20240123,4380000,P,300,400,1,1
1705592700000,20240123,4700000,C,69800,70600,1,1
1705592700000,20240123,4700000,P,4600,4700,1,1
1705592700000,20240123,5020000,P,254800,258000,1,1
1705592700000,20240123,4270000,C,493700,497100,1,1
1705592700000,20240123,4270000,P,200,300,1,1
1705592700000,20240123,4590000,C,175500,176900,1,1
1705592700000,20240123,4590000,P,700,800,1,1
1705592700000,20240123,4910000,C,200,300,1,1
1705592700000,20240123,4910000,P,144800,148100,1,1
1705592700000,20240124,4160000,C,604200,607700,1,1
1705592700000,20240124,4160000,P,200,300,1,1
1705592700000,20240124,4480000,C,284800,288200,1,1
1705592700000,20240124,4480000,P,500,600,1,1
1705592700000,20240124,4800000,C,10800,10900,1,1
1705592700000,20240124,4800000,P,44500,45100,1,1
1705592700000,20240124,4050000,C,714100,717500,1,1
1705592700000,20240124,4050000,P,200,300,1,1
1705592700000,20240124,4370000,C,394600,398000,1,1
1705592700000,20240124,4370000,P,300,400,1,1
1705592700000,20240124,4690000,C,81000,81900,1,1
1705592700000,20240124,4690000,P,5200,5300,1,1
1705592700000,20240124,4260000,C,504400,507800,1,1
1705592700000,20240124,4260000,P,300,400,1,1
1705592700000,20240124,4580000,C,185300,188700,1,1
1705592700000,20240124,4580000,P,900,1000,1,1
1705592700000,20240124,4900000,C,300,400,1,1
1705592700000,20240124,4900000,P,134900,137900,1,1
1705592700000,20240124,4150000,C,614200,617600,1,1
1705592700000,20240124,4150000,P,200,300,1,1
1705592700000,20240124,4470000,C,294800,298200,1,1
1705592700000,20240124,4470000,P,500,600,1,1
1705592700000,20240124,4790000,C,14100,14300,1,1
1705592700000,20240124,4790000,P,37800,38200,1,1
1705592700000,20240124,4040000,C,724100,727500,1,1
1705592700000,20240124,4040000,P,200,300,1,1
1705592700000,20240124,4360000,C,404500,408000,1,1
1705592700000,20240124,4360000,P,300,400,1,1
1705592700000,20240124,4680000,C,90000,90900,1,1
1705592700000,20240124,4680000,P,4200,4300,1,1
1705592700000,20240124,5000000,C,100,200,1,1
1705592700000,20240124,5000000,P,234800,238000,1,1
1705592700000,20240124,4250000,C,514400,517800,1,1
1705592700000,20240124,4250000,P,300,400,1,1
1705592700000,20240124,4570000,C,195200,198600,1,1
1705592700000,20240124,4570000,P,800,900,1,1
1705592700000,20240124,4890000,C,400,500,1,1
1705592700000,20240124,4890000,P,124900,127900,1,1
1705592700000,20240124,4140000,C,624200,627600,1,1
1705592700000,20240124,4140000,P,200,300,1,1
1705592700000,20240124,4460000,C,304800,308200,1,1
1705592700000,20240124,4460000,P,400,500,1,1
1705592700000,20240124,4780000,C,18200,18400,1,1
1705592700000,20240124,4780000,P,31900,32200,1,1
1705592700000,20240124,5100000,P,334700,337900,1,1
1705592700000,20240124,4350000,C,414600,418000,1,1
1705592700000,20240124,4350000,P,300,400,1,1
1705592700000,20240124,4670000,C,99200,100200,1,1
1705592700000,20240124,4670000,P,3400,3500,1,1
1705592700000,20240124,4990000,C,100,200,1,1
1705592700000,20240124,4990000,P,224800,228100,1,1
1705592700000,20240124,4240000,C,524300,527800,1,1
1705592700000,20240124,4240000,P,300,400,1,1
1705592700000,20240124,4560000,C,205200,208500,1,1
1705592700000,20240124,4560000,P,700,800,1,1
1705592700000,20240124,5200000,P,434700,437900,1,1
1705592700000,20240124,4880000,C,600,700,1,1
1705592700000,20240124,4880000,P,114900,117900,1,1
1705592700000,20240124,4130000,C,634200,637600,1,1
1705592700000,20240124,4130000,P,200,300,1,1
1705592700000,20240124,4450000,C,314800,318200,1,1
1705592700000,20240124,4450000,P,400,500,1,1
1705592700000,20240124,4770000,C,23000,23100,1,1
1705592700000,20240124,4770000,P,26700,26800,1,1
1705592700000,20240124,4340000,C,424500,427900,1,1
1705592700000,20240124,4340000,P,300,400,1,1
1705592700000,20240124,4660000,C,108500,109600,1,1
1705592700000,20240124,4660000,P,2800,2900,1,1
1705592700000,20240124,4980000,C,100,200,1,1
1705592700000,20240124,4980000,P,214800,218100,1,1
1705592700000,20240124,5300000,P,534600,537800,1,1
1705592700000,20240124,4230000,C,534300,537800,1,1
1705592700000,20240124,4230000,P,300,400,1,1
1705592700000,20240124,4550000,C,215100,218500,1,1
1705592700000,20240124,4550000,P,700,800,1,1
1705592700000,20240124,4870000,C,900,1000,1,1
1705592700000,20240124,4870000,P,104900,107900,1,1
1705592700000,20240124,4120000,C,644200,647600,1,1
1705592700000,20240124,4120000,P,200,300,1,1
1705592700000,20240124,4440000,C,324700,328100,1,1
1705592700000,20240124,4440000,P,400,500,1,1
1705592700000,20240124,4760000,C,28500,28600,1,1
1705592700000,20240124,4760000,P,22100,22300,1,1
1705592700000,20240124,5400000,P,634600,637800,1,1
1705592700000,20240124,4330000,C,434500,437900,1,1
1705592700000,20240124,4330000,P,300,400,1,1
1705592700000,20240124,4650000,C,118000,119100,1,1
1705592700000,20240124,4650000,P,2300,2400,1,1
1705592700000,20240124,4970000,C,100,200,1,1
1705592700000,20240124,4970000,P,204800,208100,1,1
1705592700000,20240124,4220000,C,544400,547800,1,1
1705592700000,20240124,4220000,P,300,400,1,1
1705592700000,20240124,4540000,C,225100,228400,1,1
1705592700000,20240124,4540000,P,600,700,1,1
1705592700000,20240124,4860000,C,1400,1500,1,1
1705592700000,20240124,4860000,P,95100,98100,1,1
1705592700000,20240124,4110000,C,654200,657600,1,1
1705592700000,20240124,4110000,P,200,300,1,1
1705592700000,20240124,4430000,C,334700,338100,1,1
1705592700000,20240124,4430000,P,400,500,1,1
1705592700000,20240124,4750000,C,34500,34800,1,1
1705592700000,20240124,4750000,P,18200,18300,1,1
1705592700000,20240124,4320000,C,444500,447900,1,1
1705592700000,20240124,4320000,P,300,400,1,1
1705592700000,20240124,4640000,C,127600,128700,1,1
1705592700000,20240124,4640000,P,1900,2000,1,1
1705592700000,20240124,4960000,C,100,200,1,1
1705592700000,20240124,4960000,P,194800,198100,1,1
1705592700000,20240124,4210000,C,554300,557700,1,1
1705592700000,20240124,4210000,P,300,400,1,1
1705592700000,20240124,4530000,C,235000,238400,1,1
1705592700000,20240124,4530000,P,600,700,1,1
1705592700000,20240124,4850000,C,2000,2100,1,1
1705592700000,20240124,4850000,P,85400,88300,1,1
1705592700000,20240124,4100000,C,664100,667600,1,1
1705592700000,20240124,4100000,P,200,300,1,1
1705592700000,20240124,4420000,C,344700,348100,1,1
1705592700000,20240124,4420000,P,400,500,1,1
1705592700000,20240124,4740000,C,41100,41500,1,1
1705592700000,20240124,4740000,P,14800,15000,1,1
1705592700000,20240124,5060000,C,100,200,1,1
1705592700000,20240124,5060000,P,294800,297900,1,1
1705592700000,20240124,4310000,C,454500,457900,1,1
1705592700000,20240124,4310000,P,300,400,1,1
1705592700000,20240124,4630000,C,137300,138400,1,1
1705592700000,20240124,4630000,P,1600,1700,1,1
1705592700000,20240124,4950000,C,100,200,1,1
1705592700000,20240124,4950000,P,184800,188100,1,1
1705592700000,20240124,4200000,C,564300,567700,1,1
1705592700000,20240124,4200000,P,300,400,1,1
1705592700000,20240124,4520000,C,245000,248400,1,1
1705592700000,20240124,4520000,P,600,700,1,1
1705592700000,20240124,4840000,C,2900,3000,1,1
1705592700000,20240124,4840000,P,76100,78900,1,1
1705592700000,20240124,4090000,C,674400,677600,1,1
1705592700000,20240124,4090000,P,200,300,1,1
1705592700000,20240124,4410000,C,354700,358100,1,1
1705592700000,20240124,4410000,P,400,500,1,1
1705592700000,20240124,4730000,C,48200,48700,1,1
1705592700000,20240124,4730000,P,12100,12200,1,1
1705592700000,20240124,5050000,C,100,200,1,1
1705592700000,20240124,5050000,P,284800,288000,1,1
1705592700000,20240124,4300000,C,464500,467900,1,1
1705592700000,20240124,4300000,P,300,400,1,1
1705592700000,20240124,4620000,C,147000,148500,1,1
1705592700000,20240124,4620000,P,1400,1500,1,1
1705592700000,20240124,4940000,C,100,200,1,1
1705592700000,20240124,4940000,P,174800,178100,1,1
1705592700000,20240124,4190000,C,574300,577700,1,1
1705592700000,20240124,4190000,P,300,400,1,1
1705592700000,20240124,4510000,C,254900,258300,1,1
1705592700000,20240124,4510000,P,500,600,1,1
1705592700000,20240124,4830000,C,4200,4200,1,1
1705592700000,20240124,4830000,P,68300,69200,1,1
1705592700000,20240124,5150000,P,384700,387900,1,1
1705592700000,20240124,5250000,P,484700,487900,1,1
1705592700000,20240124,4400000,C,364600,368000,1,1
1705592700000,20240124,4400000,P,400,500,1,1
1705592700000,20240124,4080000,C,684100,687500,1,1
1705592700000,20240124,4080000,P,200,300,1,1
1705592700000,20240124,4720000,C,55800,56400,1,1
1705592700000,20240124,4720000,P,9800,9900,1,1
1705592700000,20240124,5040000,C,100,200,1,1
1705592700000,20240124,5040000,P,274800,277900,1,1
1705592700000,20240124,4290000,C,474500,477900,1,1
1705592700000,20240124,4290000,P,300,400,1,1
1705592700000,20240124,4610000,C,156800,158400,1,1
1705592700000,20240124,4610000,P,1200,1300,1,1
1705592700000,20240124,4930000,C,200,300,1,1
1705592700000,20240124,4930000,P,164800,168100,1,1
1705592700000,20240124,5350000,P,584600,587900,1,1
1705592700000,20240124,4500000,C,264900,268300,1,1
1705592700000,20240124,4500000,P,500,600,1,1
1705592700000,20240124,4180000,C,584300,587700,1,1
1705592700000,20240124,4180000,P,300,400,1,1
1705592700000,20240124,4820000,C,5800,5900,1,1
1705592700000,20240124,4820000,P,59800,60600,1,1
1705592700000,20240124,4070000,C,694100,697500,1,1
1705592700000,20240124,4070000,P,200,300,1,1
1705592700000,20240124,4390000,C,374600,378000,1,1
1705592700000,20240124,4390000,P,400,500,1,1
1705592700000,20240124,4710000,C,63900,64600,1,1
1705592700000,20240124,4710000,P,7900,8000,1,1
1705592700000,20240124,5450000,P,684600,687900,1,1
1705592700000,20240124,4280000,C,484400,487800,1,1
1705592700000,20240124,4280000,P,300,400,1,1
1705592700000,20240124,4600000,C,166700,168000,1,1
1705592700000,20240124,4600000,P,1100,1200,1,1
1705592700000,20240124,4920000,C,200,300,1,1
1705592700000,20240124,4920000,P,154800,158100,1,1
1705592700000,20240124,4170000,C,594200,597700,1,1
1705592700000,20240124,4170000,P,200,300,1,1
1705592700000,20240124,4490000,C,274900,278300,1,1
1705592700000,20240124,4490000,P,500,600,1,1
1705592700000,20240124,4810000,C,8000,8100,1,1
1705592700000,20240124,4810000,P,51900,52500,1,1
1705592700000,20240124,4060000,C,704100,707500,1,1
1705592700000,20240124,4060000,P,200,300,1,1
1705592700000,20240124,4380000,C,384600,388000,1,1
1705592700000,20240124,4380000,P,400,500,1,1
1705592700000,20240124,4700000,C,72300,73100,1,1
1705592700000,20240124,4700000,P,6400,6500,1,1
1705592700000,20240124,5020000,C,100,200,1,1
1705592700000,20240124,5020000,P,254800,258000,1,1
1705592700000,20240124,4270000,C,494400,497800,1,1
1705592700000,20240124,4270000,P,300,400,1,1
1705592700000,20240124,4590000,C,176500,177900,1,1
1705592700000,20240124,4590000,P,1000,1100,1,1
1705592700000,20240124,4910000,C,300,400,1,1
1705592700000,20240124,4910000,P,144800,148100,1,1
1705592700000,20240125,4800000,C,14000,14100,1,1
1705592700000,20240125,4800000,P,46200,46800,1,1
1705592700000,20240125,4690000,C,84700,85800,1,1
1705592700000,20240125,4690000,P,6700,6800,1,1
1705592700000,20240125,4900000,C,600,700,1,1
1705592700000,20240125,4900000,P,134800,138000,1,1
1705592700000,20240125,4790000,C,17700,17800,1,1
1705592700000,20240125,4790000,P,39800,40200,1,1
1705592700000,20240125,4680000,C,93500,94700,1,1
1705592700000,20240125,4680000,P,5600,5700,1,1
1705592700000,20240125,5000000,C,100,200,1,1
1705592700000,20240125,5000000,P,234800,238000,1,1
1705592700000,20240125,4890000,C,900,1000,1,1
1705592700000,20240125,4890000,P,124800,128000,1,1
1705592700000,20240125,4780000,C,22100,22200,1,1
1705592700000,20240125,4780000,P,34100,34400,1,1
1705592700000,20240125,5100000,P,334700,338000,1,1
1705592700000,20240125,4670000,C,102600,103800,1,1
1705592700000,20240125,4670000,P,4600,4700,1,1
1705592700000,20240125,4990000,C,100,200,1,1
1705592700000,20240125,4990000,P,224800,228100,1,1
1705592700000,20240125,5200000,P,434700,438000,1,1
1705592700000,20240125,4880000,C,1200,1300,1,1
1705592700000,20240125,4880000,P,114800,118000,1,1
1705592700000,20240125,4770000,C,27100,27200,1,1
1705592700000,20240125,4770000,P,29000,29200,1,1
1705592700000,20240125,4660000,C,111800,113100,1,1
1705592700000,20240125,4660000,P,3900,4000,1,1
1705592700000,20240125,4980000,C,100,200,1,1
1705592700000,20240125,4980000,P,214800,218100,1,1
1705592700000,20240125,5300000,P,534600,537900,1,1
1705592700000,20240125,4870000,C,1700,1800,1,1
1705592700000,20240125,4870000,P,104900,108100,1,1
1705592700000,20240125,4760000,C,32600,32800,1,1
1705592700000,20240125,4760000,P,24400,24600,1,1
1705592700000,20240125,4650000,C,121100,122500,1,1
1705592700000,20240125,4650000,P,3300,3400,1,1
1705592700000,20240125,4970000,C,100,200,1,1
1705592700000,20240125,4970000,P,204800,208100,1,1
1705592700000,20240125,4860000,C,2400,2500,1,1
1705592700000,20240125,4860000,P,95200,98500,1,1
1705592700000,20240125,4750000,C,38700,39000,1,1
1705592700000,20240125,4750000,P,20500,20600,1,1
1705592700000,20240125,4000000,C,765900,769400,1,1
1705592700000,20240125,4000000,P,200,300,1,1
1705592700000,20240125,4640000,C,130600,131700,1,1
1705592700000,20240125,4640000,P,2800,2900,1,1
1705592700000,20240125,4960000,C,200,300,1,1
1705592700000,20240125,4960000,P,194800,198100,1,1
1705592700000,20240125,4850000,C,3300,3400,1,1
1705592700000,20240125,4850000,P,85800,88900,1,1
1705592700000,20240125,4100000,C,666100,669600,1,1
1705592700000,20240125,4100000,P,300,400,1,1
1705592700000,20240125,4740000,C,45300,45800,1,1
1705592700000,20240125,4740000,P,17100,17200,1,1
1705592700000,20240125,4630000,C,140100,141300,1,1
1705592700000,20240125,4630000,P,2300,2400,1,1
1705592700000,20240125,4950000,C,200,300,1,1
1705592700000,20240125,4950000,P,184800,188100,1,1
1705592700000,20240125,4200000,C,566300,569800,1,1
1705592700000,20240125,4200000,P,300,400,1,1
1705592700000,20240125,4840000,C,4600,4700,1,1
1705592700000,20240125,4840000,P,77600,78900,1,1
1705592700000,20240125,4730000,C,52400,53000,1,1
1705592700000,20240125,4730000,P,14200,14300,1,1
1705592700000,20240125,4300000,C,466500,470000,1,1
1705592700000,20240125,4300000,P,400,500,1,1
1705592700000,20240125,4620000,C,149800,151300,1,1
1705592700000,20240125,4620000,P,2100,2200,1,1
1705592700000,20240125,4940000,C,200,300,1,1
1705592700000,20240125,4940000,P,174800,178100,1,1
1705592700000,20240125,4830000,C,6200,6300,1,1
1705592700000,20240125,4830000,P,69000,70100,1,1
1705592700000,20240125,4400000,C,366800,370200,1,1
1705592700000,20240125,4400000,P,500,600,1,1
1705592700000,20240125,4720000,C,59900,60700,1,1
1705592700000,20240125,4720000,P,11800,11900,1,1
1705592700000,20240125,4610000,C,159500,161000,1,1
1705592700000,20240125,4610000,P,1800,1900,1,1
1705592700000,20240125,4930000,C,300,400,1,1
1705592700000,20240125,4930000,P,164800,168100,1,1
1705592700000,20240125,4500000,C,267100,270600,1,1
1705592700000,20240125,4500000,P,700,800,1,1
1705592700000,20240125,4820000,C,8200,8300,1,1
1705592700000,20240125,4820000,P,60800,61800,1,1
1705592700000,20240125,4710000,C,67900,68800,1,1
1705592700000,20240125,4710000,P,9800,9900,1,1
1705592700000,20240125,4600000,C,169300,170800,1,1
1705592700000,20240125,4600000,P,1600,1700,1,1
1705592700000,20240125,4920000,C,300,400,1,1
1705592700000,20240125,4920000,P,154800,158100,1,1
1705592700000,20240125,4810000,C,10800,10900,1,1
1705592700000,20240125,4810000,P,53200,54000,1,1
1705592700000,20240125,4700000,C,76200,77200,1,1
1705592700000,20240125,4700000,P,8100,8200,1,1
1705592700000,20240125,4910000,C,400,500,1,1
1705592700000,20240125,4910000,P,144800,148100,1,1
1705592700000,20240126,4480000,C,289100,290700,1,1
1705592700000,20240126,4480000,P,900,1000,1,1
1705592700000,20240126,4800000,C,16700,16800,1,1
1705592700000,20240126,4800000,P,48100,48600,1,1
1705592700000,20240126,5120000,C,100,200,1,1
1705592700000,20240126,5120000,P,354700,358000,1,1
1705592700000,20240126,4475000,C,294100,295700,1,1
1705592700000,20240126,4475000,P,900,1000,1,1
1705592700000,20240126,4370000,C,397500,401000,1,1
1705592700000,20240126,4370000,P,600,700,1,1
1705592700000,20240126,4050000,C,716700,720200,1,1
1705592700000,20240126,4050000,P,300,400,1,1
1705592700000,20240126,4690000,C,87400,88400,1,1
1705592700000,20240126,4690000,P,8500,8600,1,1
1705592700000,20240126,4580000,C,190200,191700,1,1
1705592700000,20240126,4580000,P,1800,1900,1,1
1705592700000,20240126,4900000,C,1000,1100,1,1
1705592700000,20240126,4900000,P,134800,138000,1,1
1705592700000,20240126,4575000,C,195100,196600,1,1
1705592700000,20240126,4575000,P,1700,1800,1,1
1705592700000,20240126,4150000,C,617000,620400,1,1
1705592700000,20240126,4150000,P,400,500,1,1
1705592700000,20240126,4470000,C,299000,300600,1,1
1705592700000,20240126,4470000,P,800,900,1,1
1705592700000,20240126,4790000,C,20700,20800,1,1
1705592700000,20240126,4790000,P,41900,42300,1,1
1705592700000,20240126,4360000,C,407500,410900,1,1
1705592700000,20240126,4360000,P,600,700,1,1
1705592700000,20240126,5000000,C,200,300,1,1
1705592700000,20240126,5000000,P,234800,238000,1,1
1705592700000,20240126,4680000,C,96000,97100,1,1
1705592700000,20240126,4680000,P,7200,7400,1,1
1705592700000,20240126,4675000,C,100400,101600,1,1
1705592700000,20240126,4675000,P,6700,6800,1,1
1705592700000,20240126,4250000,C,517200,520600,1,1
1705592700000,20240126,4250000,P,500,600,1,1
1705592700000,20240126,4570000,C,200000,201500,1,1
1705592700000,20240126,4570000,P,1600,1700,1,1
1705592700000,20240126,4890000,C,1400,1500,1,1
1705592700000,20240126,4890000,P,124800,128100,1,1
1705592700000,20240126,3500000,C,1265500,1269000,1,1
1705592700000,20240126,3500000,P,100,200,1,1
1705592700000,20240126,4460000,C,309000,310600,1,1
1705592700000,20240126,4460000,P,800,900,1,1
1705592700000,20240126,4780000,C,25200,25300,1,1
1705592700000,20240126,4780000,P,36300,36600,1,1
1705592700000,20240126,5100000,C,100,200,1,1
1705592700000,20240126,5100000,P,334700,338000,1,1
1705592700000,20240126,4350000,C,417500,420900,1,1
1705592700000,20240126,4350000,P,500,600,1,1
1705592700000,20240126,4670000,C,104900,106100,1,1
1705592700000,20240126,4670000,P,6200,6300,1,1
1705592700000,20240126,4990000,C,200,300,1,1
1705592700000,20240126,4990000,P,224800,228100,1,1
1705592700000,20240126,3600000,C,1165800,1169200,1,1
1705592700000,20240126,3600000,P,100,200,1,1
1705592700000,20240126,4560000,C,209900,211400,1,1
1705592700000,20240126,4560000,P,1500,1600,1,1
1705592700000,20240126,5200000,P,434700,438000,1,1
1705592700000,20240126,4880000,C,1900,2000,1,1
1705592700000,20240126,4880000,P,114900,118100,1,1
1705592700000,20240126,4875000,C,2200,2300,1,1
1705592700000,20240126,4875000,P,109900,113100,1,1
1705592700000,20240126,4450000,C,318900,320500,1,1
1705592700000,20240126,4450000,P,800,900,1,1
1705592700000,20240126,4770000,C,30300,30400,1,1
1705592700000,20240126,4770000,P,31300,31500,1,1
1705592700000,20240126,3700000,C,1066000,1069400,1,1
1705592700000,20240126,3700000,P,100,200,1,1
1705592700000,20240126,4340000,C,427400,430900,1,1
1705592700000,20240126,4340000,P,500,600,1,1
1705592700000,20240126,4660000,C,113900,115200,1,1
1705592700000,20240126,4660000,P,5300,5400,1,1
1705592700000,20240126,4980000,C,200,300,1,1
1705592700000,20240126,4980000,P,214800,218100,1,1
1705592700000,20240126,5300000,P,534600,537900,1,1
1705592700000,20240126,4550000,C,219700,221300,1,1
1705592700000,20240126,4550000,P,1300,1400,1,1
1705592700000,20240126,4870000,C,2600,2700,1,1
1705592700000,20240126,4870000,P,105000,108000,1,1
1705592700000,20240126,3800000,C,966100,969600,1,1
1705592700000,20240126,3800000,P,200,300,1,1
1705592700000,20240126,4440000,C,327900,331200,1,1
1705592700000,20240126,4440000,P,700,800,1,1
1705592700000,20240126,4760000,C,35900,36000,1,1
1705592700000,20240126,4760000,P,26900,27000,1,1
1705592700000,20240126,5080000,C,100,200,1,1
1705592700000,20240126,5080000,P,314700,318000,1,1
1705592700000,20240126,5400000,P,634600,637900,1,1
1705592700000,20240126,4330000,C,437400,440900,1,1
1705592700000,20240126,4330000,P,500,600,1,1
1705592700000,20240126,4650000,C,123100,124400,1,1
1705592700000,20240126,4650000,P,4500,4600,1,1
1705592700000,20240126,4970000,C,200,300,1,1
1705592700000,20240126,4970000,P,204800,208100,1,1
1705592700000,20240126,3900000,C,866400,869800,1,1
1705592700000,20240126,3900000,P,200,300,1,1
1705592700000,20240126,4540000,C,229600,231100,1,1
1705592700000,20240126,4540000,P,1200,1300,1,1
1705592700000,20240126,4860000,C,3500,3600,1,1
1705592700000,20240126,4860000,P,95500,98500,1,1
1705592700000,20240126,4430000,C,337800,341200,1,1
1705592700000,20240126,4430000,P,700,800,1,1
1705592700000,20240126,4750000,C,42000,42100,1,1
1705592700000,20240126,4750000,P,22900,23100,1,1
1705592700000,20240126,4320000,C,447400,450800,1,1
1705592700000,20240126,4320000,P,500,600,1,1
1705592700000,20240126,4000000,C,766600,770100,1,1
1705592700000,20240126,4000000,P,300,400,1,1
1705592700000,20240126,4640000,C,132500,133800,1,1
1705592700000,20240126,4640000,P,3900,4000,1,1
1705592700000,20240126,4960000,C,200,300,1,1
1705592700000,20240126,4960000,P,194800,198100,1,1
1705592700000,20240126,4530000,C,239500,241000,1,1
1705592700000,20240126,4530000,P,1200,1300,1,1
1705592700000,20240126,4850000,C,4700,4800,1,1
1705592700000,20240126,4850000,P,87500,88600,1,1
1705592700000,20240126,4525000,C,244400,246000,1,1
1705592700000,20240126,4525000,P,1100,1200,1,1
1705592700000,20240126,4100000,C,666800,670300,1,1
1705592700000,20240126,4100000,P,400,500,1,1
1705592700000,20240126,4420000,C,347700,351100,1,1
1705592700000,20240126,4420000,P,700,800,1,1
1705592700000,20240126,4740000,C,48500,48900,1,1
1705592700000,20240126,4740000,P,19500,19600,1,1
1705592700000,20240126,5060000,C,100,200,1,1
1705592700000,20240126,5060000,P,294800,298000,1,1
1705592700000,20240126,4950000,C,300,400,1,1
1705592700000,20240126,4950000,P,184800,188100,1,1
1705592700000,20240126,4630000,C,141900,143300,1,1
1705592700000,20240126,4630000,P,3400,3500,1,1
1705592700000,20240126,4625000,C,146700,148100,1,1
1705592700000,20240126,4625000,P,3100,3200,1,1
1705592700000,20240126,4200000,C,567100,570500,1,1
1705592700000,20240126,4200000,P,400,500,1,1
1705592700000,20240126,4520000,C,249400,251000,1,1
1705592700000,20240126,4520000,P,1100,1200,1,1
1705592700000,20240126,4840000,C,6200,6300,1,1
1705592700000,20240126,4840000,P,78500,79700,1,1
1705592700000,20240126,4410000,C,357700,361100,1,1
1705592700000,20240126,4410000,P,700,800,1,1
1705592700000,20240126,5050000,C,100,200,1,1
1705592700000,20240126,5050000,P,284800,288000,1,1
1705592700000,20240126,4730000,C,55600,56000,1,1
1705592700000,20240126,4730000,P,16500,16700,1,1
1705592700000,20240126,4300000,C,467300,470800,1,1
1705592700000,20240126,4300000,P,500,600,1,1
1705592700000,20240126,4620000,C,151400,152900,1,1
1705592700000,20240126,4620000,P,2900,3000,1,1
1705592700000,20240126,4940000,C,400,500,1,1
1705592700000,20240126,4940000,P,174800,178100,1,1
1705592700000,20240126,3550000,C,1215700,1219100,1,1
1705592700000,20240126,3550000,P,100,200,1,1
1705592700000,20240126,4510000,C,259300,260900,1,1
1705592700000,20240126,4510000,P,1000,1100,1,1
1705592700000,20240126,5150000,P,384700,388000,1,1
1705592700000,20240126,4830000,C,8100,8200,1,1
1705592700000,20240126,4830000,P,70100,71100,1,1
1705592700000,20240126,5250000,P,484700,487900,1,1
1705592700000,20240126,4400000,C,367600,371100,1,1
1705592700000,20240126,4400000,P,600,700,1,1
1705592700000,20240126,4720000,C,63000,63600,1,1
1705592700000,20240126,4720000,P,14000,14100,1,1
1705592700000,20240126,5040000,C,100,200,1,1
1705592700000,20240126,5040000,P,274800,278000,1,1
1705592700000,20240126,3650000,C,1115900,1119300,1,1
1705592700000,20240126,3650000,P,100,200,1,1
1705592700000,20240126,4610000,C,161000,162500,1,1
1705592700000,20240126,4610000,P,2500,2600,1,1
1705592700000,20240126,4930000,C,500,600,1,1
1705592700000,20240126,4930000,P,164800,168100,1,1
1705592700000,20240126,5350000,P,584600,587900,1,1
1705592700000,20240126,4500000,C,269200,270800,1,1
1705592700000,20240126,4500000,P,1000,1100,1,1
1705592700000,20240126,4820000,C,10400,10600,1,1
1705592700000,20240126,4820000,P,62200,63100,1,1
1705592700000,20240126,5140000,P,374700,378000,1,1
1705592700000,20240126,3750000,C,1016100,1019500,1,1
1705592700000,20240126,3750000,P,200,300,1,1
1705592700000,20240126,4390000,C,377600,381000,1,1
1705592700000,20240126,4390000,P,600,700,1,1
1705592700000,20240126,4710000,C,70800,71600,1,1
1705592700000,20240126,4710000,P,11900,12000,1,1
1705592700000,20240126,5450000,P,684600,687900,1,1
1705592700000,20240126,4600000,C,170700,172200,1,1
1705592700000,20240126,4600000,P,2200,2300,1,1
1705592700000,20240126,4920000,C,600,700,1,1
1705592700000,20240126,4920000,P,154800,158100,1,1
1705592700000,20240126,3850000,C,916300,919700,1,1
1705592700000,20240126,3850000,P,200,300,1,1
1705592700000,20240126,4490000,C,279200,280700,1,1
1705592700000,20240126,4490000,P,900,1000,1,1
1705592700000,20240126,4810000,C,13300,13400,1,1
1705592700000,20240126,4810000,P,54800,55600,1,1
1705592700000,20240126,4380000,C,387600,391000,1,1
1705592700000,20240126,4380000,P,600,700,1,1
1705592700000,20240126,4700000,C,78900,79800,1,1
1705592700000,20240126,4700000,P,10100,10200,1,1
1705592700000,20240126,5020000,C,100,200,1,1
1705592700000,20240126,5020000,P,254800,258000,1,1
1705592700000,20240126,3950000,C,816500,819900,1,1
1705592700000,20240126,3950000,P,300,400,1,1
1705592700000,20240126,4590000,C,180400,181900,1,1
1705592700000,20240126,4590000,P,2000,2100,1,1
1705592700000,20240126,4910000,C,800,900,1,1
1705592700000,20240126,4910000,P,144900,147900,1,1
1705592700000,20240129,4800000,C,19600,19800,1,1
1705592700000,20240129,4800000,P,50200,50700,1,1
1705592700000,20240129,4690000,C,90200,91200,1,1
1705592700000,20240129,4690000,P,10700,10800,1,1
1705592700000,20240129,4900000,C,1600,1700,1,1
1705592700000,20240129,4900000,P,134800,138100,1,1
1705592700000,20240129,4790000,C,23800,24000,1,1
1705592700000,20240129,4790000,P,44200,44500,1,1
1705592700000,20240129,4680000,C,98800,99800,1,1
1705592700000,20240129,4680000,P,9200,9400,1,1
1705592700000,20240129,5000000,C,200,300,1,1
1705592700000,20240129,5000000,P,234800,238100,1,1
1705592700000,20240129,4780000,C,28500,28600,1,1
1705592700000,20240129,4780000,P,38800,39000,1,1
1705592700000,20240129,5100000,C,100,200,1,1
1705592700000,20240129,5100000,P,334700,338000,1,1
1705592700000,20240129,4670000,C,107500,108600,1,1
1705592700000,20240129,4670000,P,8000,8100,1,1
1705592700000,20240129,5200000,P,434700,438000,1,1
1705592700000,20240129,4770000,C,33600,33800,1,1
1705592700000,20240129,4770000,P,33900,34100,1,1
1705592700000,20240129,4660000,C,116400,117600,1,1
1705592700000,20240129,4660000,P,7000,7100,1,1
1705592700000,20240129,5300000,P,534700,538000,1,1
1705592700000,20240129,4760000,C,39300,39500,1,1
1705592700000,20240129,4760000,P,29500,29700,1,1
1705592700000,20240129,4650000,C,125500,126700,1,1
1705592700000,20240129,4650000,P,6100,6200,1,1
1705592700000,20240129,4750000,C,45500,45700,1,1
1705592700000,20240129,4750000,P,25600,25700,1,1
1705592700000,20240129,4850000,C,6300,6400,1,1
1705592700000,20240129,4850000,P,88000,89300,1,1
1705592700000,20240129,4740000,C,52000,52400,1,1
1705592700000,20240129,4740000,P,22100,22300,1,1
1705592700000,20240129,4840000,C,8100,8200,1,1
1705592700000,20240129,4840000,P,79500,80600,1,1
1705592700000,20240129,4730000,C,58900,59400,1,1
1705592700000,20240129,4730000,P,19100,19300,1,1
1705592700000,20240129,4300000,C,468200,471600,1,1
1705592700000,20240129,4300000,P,700,800,1,1
1705592700000,20240129,4830000,C,10200,10400,1,1
1705592700000,20240129,4830000,P,71400,72400,1,1
1705592700000,20240129,4400000,C,368500,372000,1,1
1705592700000,20240129,4400000,P,900,1000,1,1
1705592700000,20240129,4720000,C,66200,66900,1,1
1705592700000,20240129,4720000,P,16500,16700,1,1
1705592700000,20240129,4500000,C,269200,272600,1,1
1705592700000,20240129,4500000,P,1400,1500,1,1
1705592700000,20240129,4820000,C,12900,13000,1,1
1705592700000,20240129,4820000,P,63800,64600,1,1
1705592700000,20240129,4710000,C,74000,74700,1,1
1705592700000,20240129,4710000,P,14300,14400,1,1
1705592700000,20240129,4600000,C,172400,173900,1,1
1705592700000,20240129,4600000,P,3200,3300,1,1
1705592700000,20240129,4810000,C,16000,16200,1,1
1705592700000,20240129,4810000,P,56700,57400,1,1
1705592700000,20240129,4700000,C,82000,82900,1,1
1705592700000,20240129,4700000,P,12300,12500,1,1
1705592700000,20240130,4800000,C,22500,22700,1,1
1705592700000,20240130,4800000,P,52300,52800,1,1
1705592700000,20240130,4690000,C,93000,93900,1,1
1705592700000,20240130,4690000,P,12700,12800,1,1
1705592700000,20240130,4900000,C,2300,2400,1,1
1705592700000,20240130,4900000,P,134800,138100,1,1
1705592700000,20240130,4790000,C,26800,27000,1,1
1705592700000,20240130,4790000,P,46500,46800,1,1
1705592700000,20240130,4680000,C,101400,102400,1,1
1705592700000,20240130,4680000,P,11100,11200,1,1
1705592700000,20240130,5000000,C,300,400,1,1
1705592700000,20240130,5000000,P,234800,238200,1,1
1705592700000,20240130,4780000,C,31600,31800,1,1
1705592700000,20240130,4780000,P,41200,41400,1,1
1705592700000,20240130,5100000,C,100,200,1,1
1705592700000,20240130,5100000,P,334700,338200,1,1
1705592700000,20240130,4670000,C,110000,111100,1,1
1705592700000,20240130,4670000,P,9800,9900,1,1
1705592700000,20240130,5200000,P,434700,438100,1,1
1705592700000,20240130,4770000,C,36900,37100,1,1
1705592700000,20240130,4770000,P,36300,36600,1,1
1705592700000,20240130,4660000,C,118800,119900,1,1
1705592700000,20240130,4660000,P,8600,8700,1,1
1705592700000,20240130,5300000,P,534600,538100,1,1
1705592700000,20240130,4760000,C,42600,42800,1,1
1705592700000,20240130,4760000,P,32000,32200,1,1
1705592700000,20240130,4650000,C,127700,128900,1,1
1705592700000,20240130,4650000,P,7600,7700,1,1
1705592700000,20240130,4750000,C,48700,49000,1,1
1705592700000,20240130,4750000,P,28100,28300,1,1
1705592700000,20240130,4850000,C,8000,8100,1,1
1705592700000,20240130,4850000,P,89000,90200,1,1
1705592700000,20240130,4740000,C,55000,55600,1,1
1705592700000,20240130,4740000,P,24600,24800,1,1
1705592700000,20240130,4840000,C,10100,10200,1,1
1705592700000,20240130,4840000,P,80600,81700,1,1
1705592700000,20240130,4730000,C,61900,62600,1,1
1705592700000,20240130,4730000,P,21500,21700,1,1
1705592700000,20240130,4300000,C,469000,472500,1,1
1705592700000,20240130,4300000,P,800,900,1,1
1705592700000,20240130,4830000,C,12500,12700,1,1
1705592700000,20240130,4830000,P,72800,73700,1,1
1705592700000,20240130,4400000,C,369500,372900,1,1
1705592700000,20240130,4400000,P,1100,1200,1,1
1705592700000,20240130,4720000,C,69400,70000,1,1
1705592700000,20240130,4720000,P,18900,19000,1,1
1705592700000,20240130,4500000,C,270300,273700,1,1
1705592700000,20240130,4500000,P,1800,1900,1,1
1705592700000,20240130,4820000,C,15400,15600,1,1
1705592700000,20240130,4820000,P,65500,66200,1,1
1705592700000,20240130,4710000,C,76900,77700,1,1
1705592700000,20240130,4710000,P,16500,16700,1,1
1705592700000,20240130,4600000,C,174200,175600,1,1
1705592700000,20240130,4600000,P,4200,4300,1,1
1705592700000,20240130,4810000,C,18700,18900,1,1
1705592700000,20240130,4810000,P,58600,59200,1,1
1705592700000,20240130,4700000,C,84800,85700,1,1
1705592700000,20240130,4700000,P,14500,14600,1,1
1705592700000,20240131,3200000,C,1566500,1570100,1,1
1705592700000,20240131,3200000,P,100,200,1,1
1705592700000,20240131,4160000,C,609400,612800,1,1
1705592700000,20240131,4160000,P,800,900,1,1
1705592700000,20240131,4480000,C,292600,294100,1,1
1705592700000,20240131,4480000,P,2200,2300,1,1
1705592700000,20240131,4800000,C,27200,27300,1,1
1705592700000,20240131,4800000,P,56000,56300,1,1
1705592700000,20240131,5120000,C,100,200,1,1
1705592700000,20240131,5120000,P,354700,358200,1,1
1705592700000,20240131,4370000,C,400400,403800,1,1
1705592700000,20240131,4370000,P,1300,1400,1,1
1705592700000,20240131,4050000,C,718900,722400,1,1
1705592700000,20240131,4050000,P,600,700,1,1
1705592700000,20240131,4690000,C,97200,98000,1,1
1705592700000,20240131,4690000,P,16000,16200,1,1
1705592700000,20240131,5010000,C,400,500,1,1
1705592700000,20240131,5010000,P,244800,248200,1,1
1705592700000,20240131,3300000,C,1466800,1470300,1,1
1705592700000,20240131,3300000,P,100,200,1,1
1705592700000,20240131,4260000,C,509800,513200,1,1
1705592700000,20240131,4260000,P,1000,1100,1,1
1705592700000,20240131,4580000,C,195600,196900,1,1
1705592700000,20240131,4580000,P,4900,5000,1,1
1705592700000,20240131,4900000,C,3700,3800,1,1
1705592700000,20240131,4900000,P,134800,138100,1,1
1705592700000,20240131,5220000,P,454700,458100,1,1
1705592700000,20240131,4150000,C,619300,622800,1,1
1705592700000,20240131,4150000,P,800,900,1,1
1705592700000,20240131,4470000,C,302500,304000,1,1
1705592700000,20240131,4470000,P,2100,2200,1,1
1705592700000,20240131,4790000,C,31700,31800,1,1
1705592700000,20240131,4790000,P,50400,50600,1,1
1705592700000,20240131,3400000,C,1367000,1370600,1,1
1705592700000,20240131,3400000,P,100,200,1,1
1705592700000,20240131,4360000,C,410300,413700,1,1
1705592700000,20240131,4360000,P,1300,1400,1,1
1705592700000,20240131,5000000,C,500,600,1,1
1705592700000,20240131,5000000,P,234800,238200,1,1
1705592700000,20240131,4680000,C,105400,106300,1,1
1705592700000,20240131,4680000,P,14300,14400,1,1
1705592700000,20240131,4250000,C,519700,523200,1,1
1705592700000,20240131,4250000,P,1000,1100,1,1
1705592700000,20240131,4570000,C,205100,206500,1,1
1705592700000,20240131,4570000,P,4500,4600,1,1
1705592700000,20240131,4890000,C,4700,4800,1,1
1705592700000,20240131,4890000,P,125200,128600,1,1
1705592700000,20240131,3500000,C,1267300,1270800,1,1
1705592700000,20240131,3500000,P,200,300,1,1
1705592700000,20240131,4140000,C,629200,632700,1,1
1705592700000,20240131,4140000,P,800,900,1,1
1705592700000,20240131,4460000,C,312300,313900,1,1
1705592700000,20240131,4460000,P,2000,2100,1,1
1705592700000,20240131,5100000,C,100,200,1,1
1705592700000,20240131,5100000,P,334700,338200,1,1
1705592700000,20240131,4780000,C,36600,36700,1,1
1705592700000,20240131,4780000,P,45200,45400,1,1
1705592700000,20240131,4350000,C,420200,423700,1,1
1705592700000,20240131,4350000,P,1300,1400,1,1
1705592700000,20240131,4670000,C,113800,114800,1,1
1705592700000,20240131,4670000,P,12800,12900,1,1
1705592700000,20240131,4990000,C,500,600,1,1
1705592700000,20240131,4990000,P,224800,228200,1,1
1705592700000,20240131,3600000,C,1167600,1171100,1,1
1705592700000,20240131,3600000,P,200,300,1,1
1705592700000,20240131,4240000,C,529700,533100,1,1
1705592700000,20240131,4240000,P,900,1000,1,1
1705592700000,20240131,4560000,C,214700,216100,1,1
1705592700000,20240131,4560000,P,4100,4200,1,1
1705592700000,20240131,5200000,P,434700,438100,1,1
1705592700000,20240131,4880000,C,5900,6000,1,1
1705592700000,20240131,4880000,P,115900,119200,1,1
1705592700000,20240131,4130000,C,639300,642700,1,1
1705592700000,20240131,4130000,P,700,800,1,1
1705592700000,20240131,4450000,C,322200,323700,1,1
1705592700000,20240131,4450000,P,1900,2000,1,1
1705592700000,20240131,4770000,C,41900,42100,1,1
1705592700000,20240131,4770000,P,40500,40600,1,1
1705592700000,20240131,3700000,C,1067800,1071400,1,1
1705592700000,20240131,3700000,P,300,400,1,1
1705592700000,20240131,4340000,C,430200,433600,1,1
1705592700000,20240131,4340000,P,1200,1300,1,1
1705592700000,20240131,4660000,C,122400,123400,1,1
1705592700000,20240131,4660000,P,11400,11500,1,1
1705592700000,20240131,4980000,C,700,800,1,1
1705592700000,20240131,4980000,P,214800,218200,1,1
1705592700000,20240131,5300000,P,534600,538100,1,1
1705592700000,20240131,4230000,C,539600,543100,1,1
1705592700000,20240131,4230000,P,900,1000,1,1
1705592700000,20240131,4550000,C,224300,225700,1,1
1705592700000,20240131,4550000,P,3800,3900,1,1
1705592700000,20240131,4870000,C,7400,7500,1,1
1705592700000,20240131,4870000,P,107800,109100,1,1
1705592700000,20240131,3800000,C,968100,971700,1,1
1705592700000,20240131,3800000,P,400,500,1,1
1705592700000,20240131,4120000,C,649200,652700,1,1
1705592700000,20240131,4120000,P,700,800,1,1
1705592700000,20240131,4440000,C,332100,333600,1,1
1705592700000,20240131,4440000,P,1800,1900,1,1
1705592700000,20240131,4760000,C,47600,47800,1,1
1705592700000,20240131,4760000,P,36100,36300,1,1
1705592700000,20240131,5080000,C,100,200,1,1
1705592700000,20240131,5080000,P,314800,318100,1,1
1705592700000,20240131,5400000,P,634600,638000,1,1
1705592700000,20240131,4330000,C,440100,443600,1,1
1705592700000,20240131,4330000,P,1200,1300,1,1
1705592700000,20240131,4650000,C,131100,132200,1,1
1705592700000,20240131,4650000,P,10200,10300,1,1
1705592700000,20240131,4970000,C,800,900,1,1
1705592700000,20240131,4970000,P,204800,208100,1,1
1705592700000,20240131,3900000,C,868400,872000,1,1
1705592700000,20240131,3900000,P,500,600,1,1
1705592700000,20240131,4220000,C,549600,553000,1,1
1705592700000,20240131,4220000,P,900,1000,1,1
1705592700000,20240131,4540000,C,234000,235400,1,1
1705592700000,20240131,4540000,P,3500,3600,1,1
1705592700000,20240131,4860000,C,9100,9200,1,1
1705592700000,20240131,4860000,P,99100,100300,1,1
1705592700000,20240131,5180000,P,414700,418100,1,1
1705592700000,20240131,4110000,C,659100,662600,1,1
1705592700000,20240131,4110000,P,700,800,1,1
1705592700000,20240131,4430000,C,342000,343500,1,1
1705592700000,20240131,4430000,P,1700,1800,1,1
1705592700000,20240131,4750000,C,53700,53900,1,1
1705592700000,20240131,4750000,P,32300,32400,1,1
1705592700000,20240131,4320000,C,450100,453500,1,1
1705592700000,20240131,4320000,P,1100,1200,1,1
1705592700000,20240131,4000000,C,768800,772300,1,1
1705592700000,20240131,4000000,P,600,700,1,1
1705592700000,20240131,4640000,C,140000,141200,1,1
1705592700000,20240131,4640000,P,9100,9200,1,1
1705592700000,20240131,4960000,C,1000,1100,1,1
1705592700000,20240131,4960000,P,194800,198200,1,1
1705592700000,20240131,4210000,C,559600,563000,1,1
1705592700000,20240131,4210000,P,900,1000,1,1
1705592700000,20240131,4530000,C,243700,245100,1,1
1705592700000,20240131,4530000,P,3200,3300,1,1
1705592700000,20240131,4850000,C,11100,11300,1,1
1705592700000,20240131,4850000,P,90800,91900,1,1
1705592700000,20240131,4100000,C,669200,672600,1,1
1705592700000,20240131,4100000,P,700,800,1,1
1705592700000,20240131,4420000,C,351900,353400,1,1
1705592700000,20240131,4420000,P,1600,1700,1,1
1705592700000,20240131,4740000,C,60100,60500,1,1
1705592700000,20240131,4740000,P,28700,28900,1,1
1705592700000,20240131,5060000,C,200,300,1,1
1705592700000,20240131,5060000,P,294800,298200,1,1
1705592700000,20240131,3350000,C,1416800,1420500,1,1
1705592700000,20240131,3350000,P,100,200,1,1
1705592700000,20240131,4310000,C,460000,463400,1,1
1705592700000,20240131,4310000,P,1100,1200,1,1
1705592700000,20240131,4630000,C,149000,150200,1,1
1705592700000,20240131,4630000,P,8200,8300,1,1
1705592700000,20240131,4950000,C,1200,1300,1,1
1705592700000,20240131,4950000,P,184800,188200,1,1
1705592700000,20240131,4200000,C,569500,573000,1,1
1705592700000,20240131,4200000,P,900,1000,1,1
1705592700000,20240131,4520000,C,253400,254900,1,1
1705592700000,20240131,4520000,P,2900,3000,1,1
1705592700000,20240131,4840000,C,13500,13700,1,1
1705592700000,20240131,4840000,P,82900,83900,1,1
1705592700000,20240131,5160000,C,100,200,1,1
1705592700000,20240131,5160000,P,394700,398100,1,1
1705592700000,20240131,3450000,C,1317200,1320700,1,1
1705592700000,20240131,3450000,P,100,200,1,1
1705592700000,20240131,4090000,C,679100,682600,1,1
1705592700000,20240131,4090000,P,700,800,1,1
1705592700000,20240131,4410000,C,360700,364100,1,1
1705592700000,20240131,4410000,P,1600,1700,1,1
1705592700000,20240131,5050000,C,200,300,1,1
1705592700000,20240131,5050000,P,284800,288200,1,1
1705592700000,20240131,4730000,C,66900,67400,1,1
1705592700000,20240131,4730000,P,25600,25700,1,1
1705592700000,20240131,4300000,C,469900,473400,1,1
1705592700000,20240131,4300000,P,1100,1200,1,1
1705592700000,20240131,4620000,C,158100,159400,1,1
1705592700000,20240131,4620000,P,7400,7500,1,1
1705592700000,20240131,4940000,C,1500,1600,1,1
1705592700000,20240131,4940000,P,174800,178200,1,1
1705592700000,20240131,5260000,P,494700,498100,1,1
1705592700000,20240131,3550000,C,1217400,1221000,1,1
1705592700000,20240131,3550000,P,200,300,1,1
1705592700000,20240131,4190000,C,579400,582900,1,1
1705592700000,20240131,4190000,P,800,900,1,1
1705592700000,20240131,4510000,C,263200,264700,1,1
1705592700000,20240131,4510000,P,2700,2800,1,1
1705592700000,20240131,5150000,C,100,200,1,1
1705592700000,20240131,5150000,P,384700,388100,1,1
1705592700000,20240131,4830000,C,16300,16500,1,1
1705592700000,20240131,4830000,P,75500,76300,1,1
1705592700000,20240131,5250000,P,484700,488100,1,1
1705592700000,20240131,4080000,C,689000,692500,1,1
1705592700000,20240131,4080000,P,700,800,1,1
1705592700000,20240131,4400000,C,370600,374000,1,1
1705592700000,20240131,4400000,P,1500,1600,1,1
1705592700000,20240131,4720000,C,74100,74600,1,1
1705592700000,20240131,4720000,P,22800,22900,1,1
1705592700000,20240131,5040000,C,200,300,1,1
1705592700000,20240131,5040000,P,274800,278200,1,1
1705592700000,20240131,3650000,C,1117800,1121200,1,1
1705592700000,20240131,3650000,P,300,400,1,1
1705592700000,20240131,4290000,C,479900,483400,1,1
1705592700000,20240131,4290000,P,1100,1200,1,1
1705592700000,20240131,4610000,C,167400,168700,1,1
1705592700000,20240131,4610000,P,6600,6700,1,1
1705592700000,20240131,4930000,C,1900,2000,1,1
1705592700000,20240131,4930000,P,164800,168200,1,1
1705592700000,20240131,5350000,P,584600,588000,1,1
1705592700000,20240131,4180000,C,589500,592900,1,1
1705592700000,20240131,4180000,P,800,900,1,1
1705592700000,20240131,4500000,C,273000,274500,1,1
1705592700000,20240131,4500000,P,2500,2600,1,1
1705592700000,20240131,4820000,C,19500,19700,1,1
1705592700000,20240131,4820000,P,68500,69200,1,1
1705592700000,20240131,5140000,C,100,200,1,1
1705592700000,20240131,5140000,P,374700,378100,1,1
1705592700000,20240131,3750000,C,1018000,1021500,1,1
1705592700000,20240131,3750000,P,300,400,1,1
1705592700000,20240131,4390000,C,380500,383900,1,1
1705592700000,20240131,4390000,P,1400,1500,1,1
1705592700000,20240131,4070000,C,699100,702500,1,1
1705592700000,20240131,4070000,P,700,800,1,1
1705592700000,20240131,4710000,C,81500,82100,1,1
1705592700000,20240131,4710000,P,20200,20400,1,1
1705592700000,20240131,5450000,P,684600,688000,1,1
1705592700000,20240131,4280000,C,489900,493300,1,1
1705592700000,20240131,4280000,P,1000,1100,1,1
1705592700000,20240131,4600000,C,176700,178000,1,1
1705592700000,20240131,4600000,P,6000,6100,1,1
1705592700000,20240131,4920000,C,2400,2500,1,1
1705592700000,20240131,4920000,P,154800,158300,1,1
1705592700000,20240131,5240000,P,474700,478100,1,1
1705592700000,20240131,3850000,C,918300,921800,1,1
1705592700000,20240131,3850000,P,400,500,1,1
1705592700000,20240131,4170000,C,599400,602900,1,1
1705592700000,20240131,4170000,P,800,900,1,1
1705592700000,20240131,4490000,C,282800,284300,1,1
1705592700000,20240131,4490000,P,2400,2500,1,1
1705592700000,20240131,4810000,C,23200,23300,1,1
1705592700000,20240131,4810000,P,62100,62500,1,1
1705592700000,20240131,4380000,C,390400,393900,1,1
1705592700000,20240131,4380000,P,1400,1500,1,1
1705592700000,20240131,4060000,C,709000,712500,1,1
1705592700000,20240131,4060000,P,700,800,1,1
1705592700000,20240131,4700000,C,89200,90000,1,1
1705592700000,20240131,4700000,P,18000,18200,1,1
1705592700000,20240131,5020000,C,300,400,1,1
1705592700000,20240131,5020000,P,254800,258100,1,1
1705592700000,20240131,4270000,C,499800,503300,1,1
1705592700000,20240131,4270000,P,1000,1100,1,1
1705592700000,20240131,3950000,C,818600,822100,1,1
1705592700000,20240131,3950000,P,500,600,1,1
1705592700000,20240131,4590000,C,186100,187500,1,1
1705592700000,20240131,4590000,P,5400,5500,1,1
1705592700000,20240131,4910000,C,3000,3100,1,1
1705592700000,20240131,4910000,P,144800,148100,1,1
1705592700000,20240201,4800000,C,30600,30800,1,1
1705592700000,20240201,4800000,P,57900,58200,1,1
1705592700000,20240201,4690000,C,101000,101900,1,1
1705592700000,20240201,4690000,P,17800,18000,1,1
1705592700000,20240201,4900000,C,5000,5100,1,1
1705592700000,20240201,4900000,P,134800,138500,1,1
1705592700000,20240201,4790000,C,35200,35400,1,1
1705592700000,20240201,4790000,P,52300,52600,1,1
1705592700000,20240201,4680000,C,109100,110100,1,1
1705592700000,20240201,4680000,P,16000,16200,1,1
1705592700000,20240201,5000000,C,600,700,1,1
1705592700000,20240201,5000000,P,234600,238400,1,1
1705592700000,20240201,4780000,C,40200,40500,1,1
1705592700000,20240201,4780000,P,47200,47500,1,1
1705592700000,20240201,5100000,C,100,200,1,1
1705592700000,20240201,5100000,P,334600,338300,1,1
1705592700000,20240201,4670000,C,117500,118500,1,1
1705592700000,20240201,4670000,P,14400,14500,1,1
1705592700000,20240201,5200000,C,100,200,1,1
1705592700000,20240201,5200000,P,434500,438300,1,1
1705592700000,20240201,4770000,C,45700,45900,1,1
1705592700000,20240201,4770000,P,42500,42800,1,1
1705592700000,20240201,4660000,C,126000,127100,1,1
1705592700000,20240201,4660000,P,12900,13100,1,1
1705592700000,20240201,4760000,C,51500,51700,1,1
1705592700000,20240201,4760000,P,38300,38500,1,1
1705592700000,20240201,4650000,C,134700,135800,1,1
1705592700000,20240201,4650000,P,11700,11800,1,1
1705592700000,20240201,4750000,C,57600,57900,1,1
1705592700000,20240201,4750000,P,34400,34600,1,1
1705592700000,20240201,4640000,C,143500,144700,1,1
1705592700000,20240201,4640000,P,10500,10600,1,1
1705592700000,20240201,4740000,C,64100,64500,1,1
1705592700000,20240201,4740000,P,30800,31000,1,1
1705592700000,20240201,4630000,C,152400,153700,1,1
1705592700000,20240201,4630000,P,9500,9600,1,1
1705592700000,20240201,4200000,C,571500,575200,1,1
1705592700000,20240201,4200000,P,1000,1100,1,1
1705592700000,20240201,4730000,C,70500,71700,1,1
1705592700000,20240201,4730000,P,27600,27800,1,1
1705592700000,20240201,4300000,C,472000,475700,1,1
1705592700000,20240201,4300000,P,1300,1400,1,1
1705592700000,20240201,4620000,C,161500,162800,1,1
1705592700000,20240201,4620000,P,8600,8700,1,1
1705592700000,20240201,4400000,C,372800,376500,1,1
1705592700000,20240201,4400000,P,1800,1900,1,1
1705592700000,20240201,4720000,C,77600,78900,1,1
1705592700000,20240201,4720000,P,24800,25000,1,1
1705592700000,20240201,4500000,C,274400,278000,1,1
1705592700000,20240201,4500000,P,3000,3100,1,1
1705592700000,20240201,4820000,C,22600,22800,1,1
1705592700000,20240201,4820000,P,70100,70800,1,1
1705592700000,20240201,4710000,C,85400,86100,1,1
1705592700000,20240201,4710000,P,22200,22400,1,1
1705592700000,20240201,4600000,C,179900,181200,1,1
1705592700000,20240201,4600000,P,7000,7200,1,1
1705592700000,20240201,4810000,C,26400,26600,1,1
1705592700000,20240201,4810000,P,63000,64600,1,1
1705592700000,20240201,4700000,C,93100,93900,1,1
1705592700000,20240201,4700000,P,19900,20100,1,1
1705592700000,20240202,4480000,C,296500,298000,1,1
1705592700000,20240202,4480000,P,3300,3400,1,1
1705592700000,20240202,4800000,C,33600,33800,1,1
1705592700000,20240202,4800000,P,59900,60700,1,1
1705592700000,20240202,5120000,C,100,200,1,1
1705592700000,20240202,5120000,P,354700,358100,1,1
1705592700000,20240202,4050000,C,721800,725200,1,1
1705592700000,20240202,4050000,P,800,900,1,1
1705592700000,20240202,4690000,C,103900,104700,1,1
1705592700000,20240202,4690000,P,19900,20100,1,1
1705592700000,20240202,4580000,C,200600,201900,1,1
1705592700000,20240202,4580000,P,7000,7100,1,1
1705592700000,20240202,4900000,C,6200,6400,1,1
1705592700000,20240202,4900000,P,135300,138700,1,1
1705592700000,20240202,4150000,C,622100,625700,1,1
1705592700000,20240202,4150000,P,1000,1100,1,1
1705592700000,20240202,4470000,C,306300,307800,1,1
1705592700000,20240202,4470000,P,3100,3200,1,1
1705592700000,20240202,4790000,C,38300,38500,1,1
1705592700000,20240202,4790000,P,53700,55500,1,1
1705592700000,20240202,5000000,C,900,1000,1,1
1705592700000,20240202,5000000,P,234800,238200,1,1
1705592700000,20240202,4680000,C,112000,112900,1,1
1705592700000,20240202,4680000,P,18000,18200,1,1
1705592700000,20240202,4675000,C,116100,117000,1,1
1705592700000,20240202,4675000,P,17200,17300,1,1
1705592700000,20240202,4250000,C,522700,526200,1,1
1705592700000,20240202,4250000,P,1300,1400,1,1
1705592700000,20240202,4570000,C,210000,211300,1,1
1705592700000,20240202,4570000,P,6400,6500,1,1
1705592700000,20240202,4890000,C,7600,7700,1,1
1705592700000,20240202,4890000,P,126100,129300,1,1
1705592700000,20240202,3500000,C,1269500,1273200,1,1
1705592700000,20240202,3500000,P,300,400,1,1
1705592700000,20240202,4780000,C,43400,43600,1,1
1705592700000,20240202,4780000,P,49500,49700,1,1
1705592700000,20240202,5100000,C,200,300,1,1
1705592700000,20240202,5100000,P,334700,338200,1,1
1705592700000,20240202,4775000,C,46100,46300,1,1
1705592700000,20240202,4775000,P,47100,47300,1,1
1705592700000,20240202,4350000,C,423500,426900,1,1
1705592700000,20240202,4350000,P,1800,1900,1,1
1705592700000,20240202,4670000,C,120200,121200,1,1
1705592700000,20240202,4670000,P,16300,16400,1,1
1705592700000,20240202,4990000,C,1000,1100,1,1
1705592700000,20240202,4990000,P,224800,228200,1,1
1705592700000,20240202,3600000,C,1170000,1173500,1,1
1705592700000,20240202,3600000,P,300,400,1,1
1705592700000,20240202,4560000,C,219400,220800,1,1
1705592700000,20240202,4560000,P,5900,6000,1,1
1705592700000,20240202,4880000,C,9200,9300,1,1
1705592700000,20240202,4880000,P,117100,120300,1,1
1705592700000,20240202,5200000,C,100,200,1,1
1705592700000,20240202,5200000,P,434700,438200,1,1
1705592700000,20240202,4875000,C,10100,10200,1,1
1705592700000,20240202,4875000,P,112700,115900,1,1
1705592700000,20240202,4450000,C,325900,327400,1,1
1705592700000,20240202,4450000,P,2800,2900,1,1
1705592700000,20240202,4770000,C,48900,49100,1,1
1705592700000,20240202,4770000,P,44900,45100,1,1
1705592700000,20240202,3700000,C,1070300,1073900,1,1
1705592700000,20240202,3700000,P,400,500,1,1
1705592700000,20240202,4660000,C,128700,129700,1,1
1705592700000,20240202,4660000,P,14800,14900,1,1
1705592700000,20240202,4980000,C,1300,1400,1,1
1705592700000,20240202,4980000,P,214800,218200,1,1
1705592700000,20240202,5300000,P,534600,538000,1,1
1705592700000,20240202,4550000,C,228900,230300,1,1
1705592700000,20240202,4550000,P,5400,5500,1,1
1705592700000,20240202,4870000,C,11100,11200,1,1
1705592700000,20240202,4870000,P,108500,111500,1,1
1705592700000,20240202,3800000,C,970600,974200,1,1
1705592700000,20240202,3800000,P,500,600,1,1
1705592700000,20240202,4760000,C,54700,54900,1,1
1705592700000,20240202,4760000,P,40600,40800,1,1
1705592700000,20240202,5080000,C,200,300,1,1
1705592700000,20240202,5080000,P,314700,318200,1,1
1705592700000,20240202,5400000,P,634600,638100,1,1
1705592700000,20240202,4650000,C,137200,138300,1,1
1705592700000,20240202,4650000,P,13400,13500,1,1
1705592700000,20240202,4970000,C,1500,1600,1,1
1705592700000,20240202,4970000,P,204800,208200,1,1
1705592700000,20240202,3900000,C,871100,874600,1,1
1705592700000,20240202,3900000,P,600,700,1,1
1705592700000,20240202,4540000,C,238500,239900,1,1
1705592700000,20240202,4540000,P,5000,5100,1,1
1705592700000,20240202,4860000,C,13200,13400,1,1
1705592700000,20240202,4860000,P,100200,103100,1,1
1705592700000,20240202,4750000,C,60900,61100,1,1
1705592700000,20240202,4750000,P,36700,36900,1,1
1705592700000,20240202,4000000,C,771500,775000,1,1
1705592700000,20240202,4000000,P,800,900,1,1
1705592700000,20240202,4640000,C,146000,147100,1,1
1705592700000,20240202,4640000,P,12200,12300,1,1
1705592700000,20240202,4960000,C,1900,2000,1,1
1705592700000,20240202,4960000,P,194800,198200,1,1
1705592700000,20240202,4530000,C,248000,249500,1,1
1705592700000,20240202,4530000,P,4700,4800,1,1
1705592700000,20240202,4850000,C,15700,15900,1,1
1705592700000,20240202,4850000,P,92300,94800,1,1
1705592700000,20240202,4100000,C,672000,675400,1,1
1705592700000,20240202,4100000,P,900,1000,1,1
1705592700000,20240202,4740000,C,67300,67700,1,1
1705592700000,20240202,4740000,P,33200,33400,1,1
1705592700000,20240202,5060000,C,300,400,1,1
1705592700000,20240202,5060000,P,294700,298200,1,1
1705592700000,20240202,4950000,C,2200,2300,1,1
1705592700000,20240202,4950000,P,184800,188300,1,1
1705592700000,20240202,4630000,C,154800,156000,1,1
1705592700000,20240202,4630000,P,11000,11200,1,1
1705592700000,20240202,4625000,C,159300,160500,1,1
1705592700000,20240202,4625000,P,10500,10600,1,1
1705592700000,20240202,4200000,C,572500,575900,1,1
1705592700000,20240202,4200000,P,1200,1300,1,1
1705592700000,20240202,4520000,C,257700,259100,1,1
1705592700000,20240202,4520000,P,4300,4400,1,1
1705592700000,20240202,4840000,C,18600,18700,1,1
1705592700000,20240202,4840000,P,85200,87300,1,1
1705592700000,20240202,4730000,C,74100,74500,1,1
1705592700000,20240202,4730000,P,30000,30100,1,1
1705592700000,20240202,5050000,C,400,500,1,1
1705592700000,20240202,5050000,P,284700,288200,1,1
1705592700000,20240202,4725000,C,77600,78100,1,1
1705592700000,20240202,4725000,P,28500,28700,1,1
1705592700000,20240202,4300000,C,473000,476500,1,1
1705592700000,20240202,4300000,P,1500,1600,1,1
1705592700000,20240202,4620000,C,163800,165000,1,1
1705592700000,20240202,4620000,P,10000,10200,1,1
1705592700000,20240202,4940000,C,2800,2900,1,1
1705592700000,20240202,4940000,P,174800,178300,1,1
1705592700000,20240202,3550000,C,1219800,1223300,1,1
1705592700000,20240202,3550000,P,300,400,1,1
1705592700000,20240202,4510000,C,267300,268800,1,1
1705592700000,20240202,4510000,P,4000,4100,1,1
1705592700000,20240202,4830000,C,21800,21900,1,1
1705592700000,20240202,4830000,P,77700,80200,1,1
1705592700000,20240202,5150000,C,100,200,1,1
1705592700000,20240202,5150000,P,384700,388100,1,1
1705592700000,20240202,5250000,P,484600,488100,1,1
1705592700000,20240202,4825000,C,23500,23700,1,1
1705592700000,20240202,4825000,P,74300,76900,1,1
1705592700000,20240202,4400000,C,375100,376700,1,1
1705592700000,20240202,4400000,P,2200,2300,1,1
1705592700000,20240202,4720000,C,81100,81700,1,1
1705592700000,20240202,4720000,P,27100,27200,1,1
1705592700000,20240202,5040000,C,400,500,1,1
1705592700000,20240202,5040000,P,274800,278200,1,1
1705592700000,20240202,3650000,C,1120100,1123700,1,1
1705592700000,20240202,3650000,P,400,500,1,1
1705592700000,20240202,4610000,C,172800,174100,1,1
1705592700000,20240202,4610000,P,9200,9300,1,1
1705592700000,20240202,4930000,C,3400,3500,1,1
1705592700000,20240202,4930000,P,164800,168300,1,1
1705592700000,20240202,5350000,P,584600,588000,1,1
1705592700000,20240202,4500000,C,277000,278500,1,1
1705592700000,20240202,4500000,P,3800,3900,1,1
1705592700000,20240202,4820000,C,25300,25500,1,1
1705592700000,20240202,4820000,P,71100,73400,1,1
1705592700000,20240202,5140000,C,100,200,1,1
1705592700000,20240202,5140000,P,374700,378200,1,1
1705592700000,20240202,3750000,C,1020500,1024000,1,1
1705592700000,20240202,3750000,P,500,600,1,1
1705592700000,20240202,4710000,C,88500,89100,1,1
1705592700000,20240202,4710000,P,24400,24600,1,1
1705592700000,20240202,5450000,P,684500,688000,1,1
1705592700000,20240202,4600000,C,182000,183300,1,1
1705592700000,20240202,4600000,P,8400,8500,1,1
1705592700000,20240202,4920000,C,4200,4300,1,1
1705592700000,20240202,4920000,P,154800,158300,1,1
1705592700000,20240202,3850000,C,920900,924400,1,1
1705592700000,20240202,3850000,P,600,700,1,1
1705592700000,20240202,4490000,C,286800,288300,1,1
1705592700000,20240202,4490000,P,3500,3600,1,1
1705592700000,20240202,4810000,C,29300,29500,1,1
1705592700000,20240202,4810000,P,64900,67000,1,1
1705592700000,20240202,4700000,C,96100,96800,1,1
1705592700000,20240202,4700000,P,22100,22200,1,1
1705592700000,20240202,5020000,C,600,700,1,1
1705592700000,20240202,5020000,P,254800,258200,1,1
1705592700000,20240202,3950000,C,821200,824800,1,1
1705592700000,20240202,3950000,P,700,800,1,1
1705592700000,20240202,4590000,C,191200,192600,1,1
1705592700000,20240202,4590000,P,7600,7700,1,1
1705592700000,20240202,4910000,C,5100,5200,1,1
1705592700000,20240202,4910000,P,144800,148300,1,1
1705592700000,20240209,4800000,C,44300,44500,1,1
1705592700000,20240209,4800000,P,66200,66900,1,1
1705592700000,20240209,5120000,C,400,500,1,1
1705592700000,20240209,5120000,P,354700,358200,1,1
1705592700000,20240209,4050000,C,726600,730300,1,1
1705592700000,20240209,4050000,P,1400,1500,1,1
1705592700000,20240209,4690000,C,115800,116500,1,1
1705592700000,20240209,4690000,P,26800,27000,1,1
1705592700000,20240209,4580000,C,210100,211400,1,1
1705592700000,20240209,4580000,P,11500,11600,1,1
1705592700000,20240209,4900000,C,11400,11500,1,1
1705592700000,20240209,4900000,P,136700,140100,1,1
1705592700000,20240209,4150000,C,627300,631000,1,1
1705592700000,20240209,4150000,P,1700,1800,1,1
1705592700000,20240209,4790000,C,49400,49600,1,1
1705592700000,20240209,4790000,P,61100,61300,1,1
1705592700000,20240209,5000000,C,2000,2100,1,1
1705592700000,20240209,5000000,P,234700,238200,1,1
1705592700000,20240209,4680000,C,123700,124500,1,1
1705592700000,20240209,4680000,P,24700,24900,1,1
1705592700000,20240209,4250000,C,528200,531900,1,1
1705592700000,20240209,4250000,P,2300,2400,1,1
1705592700000,20240209,4570000,C,219300,220600,1,1
1705592700000,20240209,4570000,P,10700,10800,1,1
1705592700000,20240209,4890000,C,13300,13500,1,1
1705592700000,20240209,4890000,P,127900,131200,1,1
1705592700000,20240209,3500000,C,1273700,1277400,1,1
1705592700000,20240209,3500000,P,500,600,1,1
1705592700000,20240209,4780000,C,54800,55000,1,1
1705592700000,20240209,4780000,P,56300,56500,1,1
1705592700000,20240209,5100000,C,500,600,1,1
1705592700000,20240209,5100000,P,334700,338200,1,1
1705592700000,20240209,4350000,C,429500,433100,1,1
1705592700000,20240209,4350000,P,3200,3300,1,1
1705592700000,20240209,4670000,C,131700,132600,1,1
1705592700000,20240209,4670000,P,22800,23000,1,1
1705592700000,20240209,3600000,C,1174100,1177800,1,1
1705592700000,20240209,3600000,P,600,700,1,1
1705592700000,20240209,4560000,C,228500,229800,1,1
1705592700000,20240209,4560000,P,10000,10100,1,1
1705592700000,20240209,4880000,C,15600,15700,1,1
1705592700000,20240209,4880000,P,119500,122700,1,1
1705592700000,20240209,5200000,C,200,300,1,1
1705592700000,20240209,5200000,P,434600,438200,1,1
1705592700000,20240209,4450000,C,333100,334600,1,1
1705592700000,20240209,4450000,P,5100,5200,1,1
1705592700000,20240209,4770000,C,60500,60700,1,1
1705592700000,20240209,4770000,P,51900,52100,1,1
1705592700000,20240209,3700000,C,1074600,1078300,1,1
1705592700000,20240209,3700000,P,700,800,1,1
1705592700000,20240209,4660000,C,140000,140900,1,1
1705592700000,20240209,4660000,P,21100,21200,1,1
1705592700000,20240209,4980000,C,2800,2900,1,1
1705592700000,20240209,4980000,P,214700,218300,1,1
1705592700000,20240209,5300000,C,100,200,1,1
1705592700000,20240209,5300000,P,534600,538100,1,1
1705592700000,20240209,4550000,C,237800,239100,1,1
1705592700000,20240209,4550000,P,9300,9400,1,1
1705592700000,20240209,4870000,C,18100,18200,1,1
1705592700000,20240209,4870000,P,111400,114400,1,1
1705592700000,20240209,3800000,C,975100,978800,1,1
1705592700000,20240209,3800000,P,900,1000,1,1
1705592700000,20240209,4760000,C,66500,66700,1,1
1705592700000,20240209,4760000,P,47800,48000,1,1
1705592700000,20240209,5080000,C,600,700,1,1
1705592700000,20240209,5080000,P,314700,318200,1,1
1705592700000,20240209,5400000,C,100,200,1,1
1705592700000,20240209,5400000,P,634500,638100,1,1
1705592700000,20240209,4650000,C,148300,149300,1,1
1705592700000,20240209,4650000,P,19500,19600,1,1
1705592700000,20240209,3900000,C,875700,879400,1,1
1705592700000,20240209,3900000,P,1000,1100,1,1
1705592700000,20240209,4540000,C,247200,248500,1,1
1705592700000,20240209,4540000,P,8700,8800,1,1
1705592700000,20240209,4860000,C,20900,21000,1,1
1705592700000,20240209,4860000,P,103800,106500,1,1
1705592700000,20240209,4750000,C,72800,73100,1,1
1705592700000,20240209,4750000,P,44000,44200,1,1
1705592700000,20240209,4000000,C,776300,780000,1,1
1705592700000,20240209,4000000,P,1300,1400,1,1
1705592700000,20240209,4640000,C,156800,157900,1,1
1705592700000,20240209,4640000,P,18000,18200,1,1
1705592700000,20240209,4960000,C,4000,4100,1,1
1705592700000,20240209,4960000,P,194700,198300,1,1
1705592700000,20240209,4530000,C,256600,257900,1,1
1705592700000,20240209,4530000,P,8200,8300,1,1
1705592700000,20240209,4850000,C,23900,24100,1,1
1705592700000,20240209,4850000,P,96400,99200,1,1
1705592700000,20240209,4100000,C,677000,680600,1,1
1705592700000,20240209,4100000,P,1500,1600,1,1
1705592700000,20240209,4740000,C,79400,79700,1,1
1705592700000,20240209,4740000,P,40500,40700,1,1
1705592700000,20240209,5060000,C,700,800,1,1
1705592700000,20240209,5060000,P,294700,298200,1,1
1705592700000,20240209,4950000,C,4800,4900,1,1
1705592700000,20240209,4950000,P,184700,188300,1,1
1705592700000,20240209,4630000,C,165500,166600,1,1
1705592700000,20240209,4630000,P,16700,16800,1,1
1705592700000,20240209,4200000,C,577800,581400,1,1
1705592700000,20240209,4200000,P,2000,2100,1,1
1705592700000,20240209,4520000,C,266000,267400,1,1
1705592700000,20240209,4520000,P,7700,7800,1,1
1705592700000,20240209,4840000,C,27400,27500,1,1
1705592700000,20240209,4840000,P,89400,91900,1,1
1705592700000,20240209,4730000,C,86200,86600,1,1
1705592700000,20240209,4730000,P,37300,37400,1,1
1705592700000,20240209,5050000,C,900,1000,1,1
1705592700000,20240209,5050000,P,284700,288200,1,1
1705592700000,20240209,4300000,C,478800,482400,1,1
1705592700000,20240209,4300000,P,2600,2700,1,1
1705592700000,20240209,4620000,C,174200,175300,1,1
1705592700000,20240209,4620000,P,15500,15600,1,1
1705592700000,20240209,4940000,C,5800,5900,1,1
1705592700000,20240209,4940000,P,174700,178300,1,1
1705592700000,20240209,3550000,C,1223800,1227600,1,1
1705592700000,20240209,3550000,P,500,600,1,1
1705592700000,20240209,4830000,C,31100,31300,1,1
1705592700000,20240209,4830000,P,82900,85400,1,1
1705592700000,20240209,5150000,C,300,400,1,1
1705592700000,20240209,5150000,P,384600,388200,1,1
1705592700000,20240209,5250000,C,100,200,1,1
1705592700000,20240209,5250000,P,484600,488100,1,1
1705592700000,20240209,4400000,C,381800,383300,1,1
1705592700000,20240209,4400000,P,3900,4000,1,1
1705592700000,20240209,4720000,C,93200,93800,1,1
1705592700000,20240209,4720000,P,34300,34500,1,1
1705592700000,20240209,5040000,C,1000,1100,1,1
1705592700000,20240209,5040000,P,274700,278200,1,1
1705592700000,20240209,3650000,C,1124300,1128100,1,1
1705592700000,20240209,3650000,P,700,800,1,1
1705592700000,20240209,4610000,C,183000,184200,1,1
1705592700000,20240209,4610000,P,14300,14500,1,1
1705592700000,20240209,5350000,C,100,200,1,1
1705592700000,20240209,5350000,P,584500,588100,1,1
1705592700000,20240209,4500000,C,285000,286500,1,1
1705592700000,20240209,4500000,P,6800,6900,1,1
1705592700000,20240209,4820000,C,35200,35400,1,1
1705592700000,20240209,4820000,P,76700,78800,1,1
1705592700000,20240209,5140000,C,300,400,1,1
1705592700000,20240209,5140000,P,374600,378200,1,1
1705592700000,20240209,3750000,C,1024900,1028600,1,1
1705592700000,20240209,3750000,P,800,900,1,1
1705592700000,20240209,4710000,C,100500,101100,1,1
1705592700000,20240209,4710000,P,31600,31800,1,1
1705592700000,20240209,5450000,P,684500,688100,1,1
1705592700000,20240209,4600000,C,192000,193200,1,1
1705592700000,20240209,4600000,P,13300,13400,1,1
1705592700000,20240209,4920000,C,8200,8300,1,1
1705592700000,20240209,4920000,P,155100,158600,1,1
1705592700000,20240209,3850000,C,925400,929100,1,1
1705592700000,20240209,3850000,P,1000,1100,1,1
1705592700000,20240209,4810000,C,39600,39800,1,1
1705592700000,20240209,4810000,P,70800,72900,1,1
1705592700000,20240209,4700000,C,108100,108700,1,1
1705592700000,20240209,4700000,P,29100,29300,1,1
1705592700000,20240209,5020000,C,1400,1500,1,1
1705592700000,20240209,5020000,P,254700,258300,1,1
1705592700000,20240209,3950000,C,826000,829700,1,1
1705592700000,20240209,3950000,P,1200,1300,1,1
1705592700000,20240209,4590000,C,201000,202200,1,1
1705592700000,20240209,4590000,P,12400,12500,1,1
1705592700000,20240216,5650000,P,884300,888100,1,1
1705592700000,20240216,3200000,C,1576500,1580400,1,1
1705592700000,20240216,3200000,P,400,500,1,1
1705592700000,20240216,4160000,C,623500,627300,1,1
1705592700000,20240216,4160000,P,2700,2800,1,1
1705592700000,20240216,4480000,C,313100,314500,1,1
1705592700000,20240216,4480000,P,9300,9400,1,1
1705592700000,20240216,4800000,C,55500,55700,1,1
1705592700000,20240216,4800000,P,72200,73000,1,1
1705592700000,20240216,5120000,C,700,800,1,1
1705592700000,20240216,5120000,P,354600,358300,1,1
1705592700000,20240216,2450000,C,2322200,2326500,1,1
1705592700000,20240216,2450000,P,100,200,1,1
1705592700000,20240216,4370000,C,418700,420200,1,1
1705592700000,20240216,4370000,P,5500,5600,1,1
1705592700000,20240216,4050000,C,732500,736100,1,1
1705592700000,20240216,4050000,P,2100,2200,1,1
1705592700000,20240216,4690000,C,128100,128800,1,1
1705592700000,20240216,4690000,P,33500,33700,1,1
1705592700000,20240216,5010000,C,3400,3500,1,1
1705592700000,20240216,5010000,P,244700,248300,1,1
1705592700000,20240216,5750000,P,984300,987900,1,1
1705592700000,20240216,3300000,C,1477100,1480900,1,1
1705592700000,20240216,3300000,P,500,600,1,1
1705592700000,20240216,4260000,C,525000,528700,1,1
1705592700000,20240216,4260000,P,3700,3800,1,1
1705592700000,20240216,4580000,C,220800,221900,1,1
1705592700000,20240216,4580000,P,16500,16600,1,1
1705592700000,20240216,4900000,C,17800,17900,1,1
1705592700000,20240216,4900000,P,138700,141800,1,1
1705592700000,20240216,5220000,C,200,300,1,1
1705592700000,20240216,5220000,P,454600,458300,1,1
1705592700000,20240216,2550000,C,2222800,2227000,1,1
1705592700000,20240216,2550000,P,100,200,1,1
1705592700000,20240216,4150000,C,633400,637200,1,1
1705592700000,20240216,4150000,P,2700,2800,1,1
1705592700000,20240216,4470000,C,322600,324000,1,1
1705592700000,20240216,4470000,P,8800,8900,1,1
1705592700000,20240216,4790000,C,60900,61100,1,1
1705592700000,20240216,4790000,P,67400,67700,1,1
1705592700000,20240216,3400000,C,1377700,1381500,1,1
1705592700000,20240216,3400000,P,600,700,1,1
1705592700000,20240216,4360000,C,428400,430000,1,1
1705592700000,20240216,4360000,P,5300,5400,1,1
1705592700000,20240216,4040000,C,742400,746000,1,1
1705592700000,20240216,4040000,P,2100,2200,1,1
1705592700000,20240216,5000000,C,4000,4100,1,1
1705592700000,20240216,5000000,P,234700,238300,1,1
1705592700000,20240216,4680000,C,135900,136600,1,1
1705592700000,20240216,4680000,P,31300,31500,1,1
1705592700000,20240216,2650000,C,2123300,2127500,1,1
1705592700000,20240216,2650000,P,100,200,1,1
1705592700000,20240216,4250000,C,534800,538500,1,1
1705592700000,20240216,4250000,P,3500,3600,1,1
1705592700000,20240216,4570000,C,229700,230900,1,1
1705592700000,20240216,4570000,P,15500,15600,1,1
1705592700000,20240216,4890000,C,20300,20400,1,1
1705592700000,20240216,4890000,P,130300,133500,1,1
1705592700000,20240216,3500000,C,1278300,1282100,1,1
1705592700000,20240216,3500000,P,800,900,1,1
1705592700000,20240216,4140000,C,643300,647000,1,1
1705592700000,20240216,4140000,P,2600,2700,1,1
1705592700000,20240216,4460000,C,332100,333500,1,1
1705592700000,20240216,4460000,P,8400,8500,1,1
1705592700000,20240216,5100000,C,900,1000,1,1
1705592700000,20240216,5100000,P,334600,338300,1,1
1705592700000,20240216,4780000,C,66600,66800,1,1
1705592700000,20240216,4780000,P,62800,63000,1,1
1705592700000,20240216,2750000,C,2023900,2028000,1,1
1705592700000,20240216,2750000,P,200,300,1,1
1705592700000,20240216,4350000,C,438200,439700,1,1
1705592700000,20240216,4350000,P,5100,5200,1,1
1705592700000,20240216,4030000,C,752300,755900,1,1
1705592700000,20240216,4030000,P,2000,2100,1,1
1705592700000,20240216,4670000,C,143900,144600,1,1
1705592700000,20240216,4670000,P,29300,29400,1,1
1705592700000,20240216,4990000,C,4700,4800,1,1
1705592700000,20240216,4990000,P,224700,228300,1,1
1705592700000,20240216,3600000,C,1179000,1182800,1,1
1705592700000,20240216,3600000,P,900,1000,1,1
1705592700000,20240216,4240000,C,544600,548300,1,1
1705592700000,20240216,4240000,P,3400,3500,1,1
1705592700000,20240216,4560000,C,238800,240000,1,1
1705592700000,20240216,4560000,P,14600,14700,1,1
1705592700000,20240216,5200000,C,200,300,1,1
1705592700000,20240216,5200000,P,434600,438300,1,1
1705592700000,20240216,4880000,C,23100,23200,1,1
1705592700000,20240216,4880000,P,122400,125400,1,1
1705592700000,20240216,2850000,C,1924400,1928500,1,1
1705592700000,20240216,2850000,P,200,300,1,1
1705592700000,20240216,4130000,C,653200,656900,1,1
1705592700000,20240216,4130000,P,2500,2600,1,1
1705592700000,20240216,4450000,C,341600,343000,1,1
1705592700000,20240216,4450000,P,8000,8100,1,1
1705592700000,20240216,4770000,C,72500,72700,1,1
1705592700000,20240216,4770000,P,58600,58800,1,1
1705592700000,20240216,2100000,C,2670300,2674700,1,1
1705592700000,20240216,3700000,C,1079700,1083400,1,1
1705592700000,20240216,3700000,P,1100,1200,1,1
1705592700000,20240216,4340000,C,447900,449500,1,1
1705592700000,20240216,4340000,P,4900,5000,1,1
1705592700000,20240216,4020000,C,762200,765900,1,1
1705592700000,20240216,4020000,P,2000,2100,1,1
1705592700000,20240216,4660000,C,152000,152800,1,1
1705592700000,20240216,4660000,P,27400,27500,1,1
1705592700000,20240216,4980000,C,5500,5600,1,1
1705592700000,20240216,4980000,P,214700,218300,1,1
1705592700000,20240216,5300000,C,100,200,1,1
1705592700000,20240216,5300000,P,534500,538200,1,1
1705592700000,20240216,2950000,C,1825000,1829000,1,1
1705592700000,20240216,2950000,P,300,400,1,1
1705592700000,20240216,4230000,C,554500,558200,1,1
1705592700000,20240216,4230000,P,3300,3400,1,1
1705592700000,20240216,4550000,C,247900,249100,1,1
1705592700000,20240216,4550000,P,13800,13900,1,1
1705592700000,20240216,4870000,C,26100,26300,1,1
1705592700000,20240216,4870000,P,114800,117800,1,1
1705592700000,20240216,2200000,C,2570900,2575200,1,1
1705592700000,20240216,3800000,C,980400,984100,1,1
1705592700000,20240216,3800000,P,1300,1400,1,1
1705592700000,20240216,4120000,C,663100,666800,1,1
1705592700000,20240216,4120000,P,2500,2600,1,1
1705592700000,20240216,4440000,C,351200,352600,1,1
1705592700000,20240216,4440000,P,7600,7700,1,1
1705592700000,20240216,4760000,C,78700,78900,1,1
1705592700000,20240216,4760000,P,54600,54800,1,1
1705592700000,20240216,5080000,C,1100,1200,1,1
1705592700000,20240216,5080000,P,314600,318300,1,1
1705592700000,20240216,5400000,C,100,200,1,1
1705592700000,20240216,5400000,P,634500,638200,1,1
1705592700000,20240216,3050000,C,1725600,1729500,1,1
1705592700000,20240216,3050000,P,300,400,1,1
1705592700000,20240216,4330000,C,456300,460000,1,1
1705592700000,20240216,4330000,P,4700,4800,1,1
1705592700000,20240216,4010000,C,772100,775800,1,1
1705592700000,20240216,4010000,P,1900,2000,1,1
1705592700000,20240216,4650000,C,160200,161100,1,1
1705592700000,20240216,4650000,P,25600,25800,1,1
1705592700000,20240216,4970000,C,6400,6500,1,1
1705592700000,20240216,4970000,P,204700,208400,1,1
1705592700000,20240216,2300000,C,2471400,2475700,1,1
1705592700000,20240216,3900000,C,881200,884900,1,1
1705592700000,20240216,3900000,P,1600,1700,1,1
1705592700000,20240216,4220000,C,564300,568000,1,1
1705592700000,20240216,4220000,P,3200,3300,1,1
1705592700000,20240216,4540000,C,257100,258300,1,1
1705592700000,20240216,4540000,P,13000,13100,1,1
1705592700000,20240216,4860000,C,29400,29600,1,1
1705592700000,20240216,4860000,P,107600,110400,1,1
1705592700000,20240216,5180000,C,300,400,1,1
1705592700000,20240216,5180000,P,414600,418300,1,1
1705592700000,20240216,5500000,P,734400,738100,1,1
1705592700000,20240216,3150000,C,1626200,1630100,1,1
1705592700000,20240216,3150000,P,400,500,1,1
1705592700000,20240216,4110000,C,673100,676700,1,1
1705592700000,20240216,4110000,P,2400,2500,1,1
1705592700000,20240216,4430000,C,360700,362200,1,1
1705592700000,20240216,4430000,P,7200,7300,1,1
1705592700000,20240216,4750000,C,85100,85400,1,1
1705592700000,20240216,4750000,P,50900,51000,1,1
1705592700000,20240216,2400000,C,2371900,2376200,1,1
1705592700000,20240216,2400000,P,100,200,1,1
1705592700000,20240216,4320000,C,466100,469800,1,1
1705592700000,20240216,4320000,P,4500,4600,1,1
1705592700000,20240216,4000000,C,783700,785700,1,1
1705592700000,20240216,4000000,P,1900,2000,1,1
1705592700000,20240216,4640000,C,168600,169500,1,1
1705592700000,20240216,4640000,P,24000,24100,1,1
1705592700000,20240216,4960000,C,7500,7600,1,1
1705592700000,20240216,4960000,P,194700,198400,1,1
1705592700000,20240216,5600000,P,834300,838100,1,1
1705592700000,20240216,3250000,C,1526800,1530700,1,1
1705592700000,20240216,3250000,P,500,600,1,1
1705592700000,20240216,4210000,C,574200,577900,1,1
1705592700000,20240216,4210000,P,3100,3200,1,1
1705592700000,20240216,4530000,C,266300,267600,1,1
1705592700000,20240216,4530000,P,12200,12300,1,1
1705592700000,20240216,4850000,C,33000,33200,1,1
1705592700000,20240216,4850000,P,100700,103400,1,1
1705592700000,20240216,2500000,C,2272500,2276700,1,1
1705592700000,20240216,2500000,P,100,200,1,1
1705592700000,20240216,4100000,C,683000,686600,1,1
1705592700000,20240216,4100000,P,2400,2500,1,1
1705592700000,20240216,4420000,C,370400,371800,1,1
1705592700000,20240216,4420000,P,6900,7000,1,1
1705592700000,20240216,4740000,C,91800,92100,1,1
1705592700000,20240216,4740000,P,47400,47600,1,1
1705592700000,20240216,5060000,C,1500,1600,1,1
1705592700000,20240216,5060000,P,294600,298300,1,1
1705592700000,20240216,5700000,P,934300,938100,1,1
1705592700000,20240216,3350000,C,1427400,1431200,1,1
1705592700000,20240216,3350000,P,600,700,1,1
1705592700000,20240216,4310000,C,475900,479600,1,1
1705592700000,20240216,4310000,P,4300,4400,1,1
1705592700000,20240216,4950000,C,8700,8800,1,1
1705592700000,20240216,4950000,P,184700,188400,1,1
1705592700000,20240216,4630000,C,177000,178000,1,1
1705592700000,20240216,4630000,P,22500,22600,1,1
1705592700000,20240216,2600000,C,2173000,2177200,1,1
1705592700000,20240216,2600000,P,100,200,1,1
1705592700000,20240216,4200000,C,584100,587800,1,1
1705592700000,20240216,4200000,P,3000,3100,1,1
1705592700000,20240216,4520000,C,275600,276900,1,1
1705592700000,20240216,4520000,P,11600,11700,1,1
1705592700000,20240216,4840000,C,37000,37100,1,1
1705592700000,20240216,4840000,P,95100,95900,1,1
1705592700000,20240216,5160000,C,400,500,1,1
1705592700000,20240216,5160000,P,394600,398300,1,1
1705592700000,20240216,3450000,C,1328000,1331800,1,1
1705592700000,20240216,3450000,P,700,800,1,1
1705592700000,20240216,4090000,C,692900,696500,1,1
1705592700000,20240216,4090000,P,2300,2400,1,1
1705592700000,20240216,4410000,C,380000,381500,1,1
1705592700000,20240216,4410000,P,6500,6600,1,1
1705592700000,20240216,5050000,C,1800,1900,1,1
1705592700000,20240216,5050000,P,284600,288300,1,1
1705592700000,20240216,4730000,C,98600,99000,1,1
1705592700000,20240216,4730000,P,44200,44400,1,1
1705592700000,20240216,2700000,C,2073600,2077700,1,1
1705592700000,20240216,2700000,P,200,300,1,1
1705592700000,20240216,4300000,C,485700,489400,1,1
1705592700000,20240216,4300000,P,4200,4300,1,1
1705592700000,20240216,4620000,C,185600,186600,1,1
1705592700000,20240216,4620000,P,21100,21200,1,1
1705592700000,20240216,4940000,C,10200,10300,1,1
1705592700000,20240216,4940000,P,174800,178400,1,1
1705592700000,20240216,5260000,C,100,200,1,1
1705592700000,20240216,5260000,P,494500,498200,1,1
1705592700000,20240216,3550000,C,1228600,1232400,1,1
1705592700000,20240216,3550000,P,800,900,1,1
1705592700000,20240216,4190000,C,593900,597600,1,1
1705592700000,20240216,4190000,P,3000,3100,1,1
1705592700000,20240216,4510000,C,284900,286200,1,1
1705592700000,20240216,4510000,P,10900,11000,1,1
1705592700000,20240216,5150000,C,400,500,1,1
1705592700000,20240216,5150000,P,384600,388300,1,1
1705592700000,20240216,4830000,C,41200,41300,1,1
1705592700000,20240216,4830000,P,88800,89700,1,1
1705592700000,20240216,5250000,C,100,200,1,1
1705592700000,20240216,5250000,P,484500,488200,1,1
1705592700000,20240216,2800000,C,1974200,1978200,1,1
1705592700000,20240216,2800000,P,200,300,1,1
1705592700000,20240216,4080000,C,702800,706400,1,1
1705592700000,20240216,4080000,P,2300,2400,1,1
1705592700000,20240216,4400000,C,389600,391100,1,1
1705592700000,20240216,4400000,P,6300,6400,1,1
1705592700000,20240216,4720000,C,105700,106200,1,1
1705592700000,20240216,4720000,P,41200,41400,1,1
1705592700000,20240216,5040000,C,2100,2200,1,1
1705592700000,20240216,5040000,P,274600,278300,1,1
1705592700000,20240216,3650000,C,1129300,1133100,1,1
1705592700000,20240216,3650000,P,1000,1100,1,1
1705592700000,20240216,4290000,C,495500,499200,1,1
1705592700000,20240216,4290000,P,4000,4100,1,1
1705592700000,20240216,4610000,C,194300,195300,1,1
1705592700000,20240216,4610000,P,19800,19900,1,1
1705592700000,20240216,4930000,C,11800,11900,1,1
1705592700000,20240216,4930000,P,165300,168900,1,1
1705592700000,20240216,5350000,C,100,200,1,1
1705592700000,20240216,5350000,P,584500,588200,1,1
1705592700000,20240216,2900000,C,1874700,1878700,1,1
1705592700000,20240216,2900000,P,200,300,1,1
1705592700000,20240216,4180000,C,603800,607500,1,1
1705592700000,20240216,4180000,P,2900,3000,1,1
1705592700000,20240216,4500000,C,294200,295600,1,1
1705592700000,20240216,4500000,P,10300,10400,1,1
1705592700000,20240216,4820000,C,45700,45800,1,1
1705592700000,20240216,4820000,P,82100,83800,1,1
1705592700000,20240216,5140000,C,500,600,1,1
1705592700000,20240216,5140000,P,374600,378300,1,1
1705592700000,20240216,2150000,C,2620600,2625000,1,1
1705592700000,20240216,3750000,C,1030000,1033800,1,1
1705592700000,20240216,3750000,P,1200,1300,1,1
1705592700000,20240216,4390000,C,399300,400800,1,1
1705592700000,20240216,4390000,P,6000,6100,1,1
1705592700000,20240216,4070000,C,712700,716300,1,1
1705592700000,20240216,4070000,P,2200,2300,1,1
1705592700000,20240216,4710000,C,113000,113500,1,1
1705592700000,20240216,4710000,P,38500,38600,1,1
1705592700000,20240216,5450000,P,684400,688200,1,1
1705592700000,20240216,3000000,C,1775300,1779300,1,1
1705592700000,20240216,3000000,P,300,400,1,1
1705592700000,20240216,4280000,C,505300,509000,1,1
1705592700000,20240216,4280000,P,3900,4000,1,1
1705592700000,20240216,4600000,C,203000,204100,1,1
1705592700000,20240216,4600000,P,18600,18700,1,1
1705592700000,20240216,4920000,C,13600,13700,1,1
1705592700000,20240216,4920000,P,156100,159600,1,1
1705592700000,20240216,5240000,C,200,300,1,1
1705592700000,20240216,5240000,P,474500,478200,1,1
1705592700000,20240216,2250000,C,2521100,2525500,1,1
1705592700000,20240216,3850000,C,930800,934500,1,1
1705592700000,20240216,3850000,P,1400,1500,1,1
1705592700000,20240216,4170000,C,613700,617400,1,1
1705592700000,20240216,4170000,P,2800,2900,1,1
1705592700000,20240216,4490000,C,303700,305000,1,1
1705592700000,20240216,4490000,P,9800,9900,1,1
1705592700000,20240216,4810000,C,50500,50600,1,1
1705592700000,20240216,4810000,P,76700,78100,1,1
1705592700000,20240216,5550000,P,784400,788100,1,1
1705592700000,20240216,3100000,C,1675900,1679800,1,1
1705592700000,20240216,3100000,P,400,500,1,1
1705592700000,20240216,4380000,C,409000,410500,1,1
1705592700000,20240216,4380000,P,5700,5800,1,1
1705592700000,20240216,4060000,C,722600,726200,1,1
1705592700000,20240216,4060000,P,2200,2300,1,1
1705592700000,20240216,4700000,C,120500,121000,1,1
1705592700000,20240216,4700000,P,35900,36000,1,1
1705592700000,20240216,5020000,C,2900,3000,1,1
1705592700000,20240216,5020000,P,254700,258200,1,1
1705592700000,20240216,2350000,C,2421700,2426000,1,1
1705592700000,20240216,2350000,P,100,200,1,1
1705592700000,20240216,4270000,C,515100,518800,1,1
1705592700000,20240216,4270000,P,3800,3900,1,1
1705592700000,20240216,3950000,C,831600,835300,1,1
1705592700000,20240216,3950000,P,1700,1800,1,1
1705592700000,20240216,4590000,C,211800,213000,1,1
1705592700000,20240216,4590000,P,17500,17600,1,1
1705592700000,20240216,4910000,C,15600,15700,1,1
1705592700000,20240216,4910000,P,147200,150600,1,1
1705592700000,20240223,4800000,C,63900,64200,1,1
1705592700000,20240223,4800000,P,76600,76900,1,1
1705592700000,20240223,5120000,C,1100,1200,1,1
1705592700000,20240223,5120000,P,354500,358300,1,1
1705592700000,20240223,4050000,C,737000,740800,1,1
1705592700000,20240223,4050000,P,2800,2900,1,1
1705592700000,20240223,4690000,C,137100,137800,1,1
1705592700000,20240223,4690000,P,38300,38500,1,1
1705592700000,20240223,4580000,C,228800,230000,1,1
1705592700000,20240223,4580000,P,20300,20400,1,1
1705592700000,20240223,4900000,C,23300,23500,1,1
1705592700000,20240223,4900000,P,140300,143600,1,1
1705592700000,20240223,4575000,C,233200,234400,1,1
1705592700000,20240223,4575000,P,19700,19900,1,1
1705592700000,20240223,4150000,C,638400,642100,1,1
1705592700000,20240223,4150000,P,3600,3700,1,1
1705592700000,20240223,4790000,C,69500,69700,1,1
1705592700000,20240223,4790000,P,71900,72100,1,1
1705592700000,20240223,4680000,C,144900,145600,1,1
1705592700000,20240223,4680000,P,36000,36200,1,1
1705592700000,20240223,5000000,C,6200,6300,1,1
1705592700000,20240223,5000000,P,234600,238300,1,1
1705592700000,20240223,4675000,C,148800,149600,1,1
1705592700000,20240223,4675000,P,35000,35200,1,1
1705592700000,20240223,4250000,C,540200,543900,1,1
1705592700000,20240223,4250000,P,4800,4900,1,1
1705592700000,20240223,4570000,C,237700,238900,1,1
1705592700000,20240223,4570000,P,19200,19400,1,1
1705592700000,20240223,4890000,C,26200,26400,1,1
1705592700000,20240223,4890000,P,132300,135500,1,1
1705592700000,20240223,3500000,C,1281800,1285800,1,1
1705592700000,20240223,3500000,P,1000,1100,1,1
1705592700000,20240223,4780000,C,75300,75500,1,1
1705592700000,20240223,4780000,P,67400,67700,1,1
1705592700000,20240223,5100000,C,1400,1500,1,1
1705592700000,20240223,5100000,P,334600,338400,1,1
1705592700000,20240223,4775000,C,78200,78500,1,1
1705592700000,20240223,4775000,P,65300,65500,1,1
1705592700000,20240223,4350000,C,444000,445600,1,1
1705592700000,20240223,4350000,P,6800,6900,1,1
1705592700000,20240223,4670000,C,152800,153600,1,1
1705592700000,20240223,4670000,P,33900,34100,1,1
1705592700000,20240223,3600000,C,1182600,1186600,1,1
1705592700000,20240223,3600000,P,1200,1300,1,1
1705592700000,20240223,4560000,C,246600,247900,1,1
1705592700000,20240223,4560000,P,18200,18400,1,1
1705592700000,20240223,4880000,C,29300,29500,1,1
1705592700000,20240223,4880000,P,124700,127800,1,1
1705592700000,20240223,5200000,C,500,600,1,1
1705592700000,20240223,5200000,P,434500,438300,1,1
1705592700000,20240223,4450000,C,348300,349700,1,1
1705592700000,20240223,4450000,P,10500,10600,1,1
1705592700000,20240223,4770000,C,81300,81600,1,1
1705592700000,20240223,4770000,P,63200,63500,1,1
1705592700000,20240223,3700000,C,1083500,1087400,1,1
1705592700000,20240223,3700000,P,1400,1500,1,1
1705592700000,20240223,4660000,C,160800,161700,1,1
1705592700000,20240223,4660000,P,32000,32200,1,1
1705592700000,20240223,4980000,C,8300,8400,1,1
1705592700000,20240223,4980000,P,214600,218300,1,1
1705592700000,20240223,5300000,C,200,300,1,1
1705592700000,20240223,5300000,P,534500,538200,1,1
1705592700000,20240223,4550000,C,255600,256900,1,1
1705592700000,20240223,4550000,P,17300,17400,1,1
1705592700000,20240223,4870000,C,32700,32900,1,1
1705592700000,20240223,4870000,P,117400,120400,1,1
1705592700000,20240223,3800000,C,984400,988200,1,1
1705592700000,20240223,3800000,P,1700,1800,1,1
1705592700000,20240223,4760000,C,87600,87900,1,1
1705592700000,20240223,4760000,P,59300,59600,1,1
1705592700000,20240223,5080000,C,1900,2000,1,1
1705592700000,20240223,5080000,P,314600,318400,1,1
1705592700000,20240223,5400000,C,100,200,1,1
1705592700000,20240223,5400000,P,634400,638100,1,1
1705592700000,20240223,4650000,C,168900,169900,1,1
1705592700000,20240223,4650000,P,30100,30300,1,1
1705592700000,20240223,3900000,C,885300,889100,1,1
1705592700000,20240223,3900000,P,2100,2200,1,1
1705592700000,20240223,4540000,C,264700,266000,1,1
1705592700000,20240223,4540000,P,16400,16500,1,1
1705592700000,20240223,4860000,C,36300,36500,1,1
1705592700000,20240223,4860000,P,110500,113400,1,1
1705592700000,20240223,4750000,C,94100,94400,1,1
1705592700000,20240223,4750000,P,55700,55900,1,1
1705592700000,20240223,4000000,C,786400,790200,1,1
1705592700000,20240223,4000000,P,2500,2600,1,1
1705592700000,20240223,4640000,C,177200,178200,1,1
1705592700000,20240223,4640000,P,28400,28600,1,1
1705592700000,20240223,4960000,C,10900,11000,1,1
1705592700000,20240223,4960000,P,194600,198300,1,1
1705592700000,20240223,4530000,C,273800,275100,1,1
1705592700000,20240223,4530000,P,15500,15700,1,1
1705592700000,20240223,4850000,C,40200,40400,1,1
1705592700000,20240223,4850000,P,103900,106400,1,1
1705592700000,20240223,4100000,C,687600,691400,1,1
1705592700000,20240223,4100000,P,3200,3300,1,1
1705592700000,20240223,4740000,C,100800,101100,1,1
1705592700000,20240223,4740000,P,52200,52500,1,1
1705592700000,20240223,5060000,C,2500,2600,1,1
1705592700000,20240223,5060000,P,294600,298400,1,1
1705592700000,20240223,4630000,C,185600,186600,1,1
1705592700000,20240223,4630000,P,26800,27000,1,1
1705592700000,20240223,4950000,C,12500,12600,1,1
1705592700000,20240223,4950000,P,184700,188500,1,1
1705592700000,20240223,4625000,C,189800,190800,1,1
1705592700000,20240223,4625000,P,26100,26200,1,1
1705592700000,20240223,4200000,C,589200,592900,1,1
1705592700000,20240223,4200000,P,4100,4200,1,1
1705592700000,20240223,4520000,C,283000,284300,1,1
1705592700000,20240223,4520000,P,14800,14900,1,1
1705592700000,20240223,4840000,C,44400,44600,1,1
1705592700000,20240223,4840000,P,98400,99500,1,1
1705592700000,20240223,4730000,C,107600,108200,1,1
1705592700000,20240223,4730000,P,49100,49300,1,1
1705592700000,20240223,5050000,C,2900,3000,1,1
1705592700000,20240223,5050000,P,284600,288400,1,1
1705592700000,20240223,4725000,C,111200,111700,1,1
1705592700000,20240223,4725000,P,47500,47800,1,1
1705592700000,20240223,4300000,C,491400,495000,1,1
1705592700000,20240223,4300000,P,5700,5800,1,1
1705592700000,20240223,4620000,C,194000,195100,1,1
1705592700000,20240223,4620000,P,25300,25500,1,1
1705592700000,20240223,4940000,C,14200,14400,1,1
1705592700000,20240223,4940000,P,175300,178800,1,1
1705592700000,20240223,3550000,C,1232200,1236200,1,1
1705592700000,20240223,3550000,P,1100,1200,1,1
1705592700000,20240223,4830000,C,48900,49100,1,1
1705592700000,20240223,4830000,P,91700,94100,1,1
1705592700000,20240223,5150000,C,800,900,1,1
1705592700000,20240223,5150000,P,384500,388300,1,1
1705592700000,20240223,5250000,C,300,400,1,1
1705592700000,20240223,5250000,P,484500,488300,1,1
1705592700000,20240223,4825000,C,51200,51400,1,1
1705592700000,20240223,4825000,P,88900,91200,1,1
1705592700000,20240223,4400000,C,395900,397400,1,1
1705592700000,20240223,4400000,P,8400,8500,1,1
1705592700000,20240223,4720000,C,114800,115300,1,1
1705592700000,20240223,4720000,P,46100,46300,1,1
1705592700000,20240223,5040000,C,3400,3500,1,1
1705592700000,20240223,5040000,P,274600,278400,1,1
1705592700000,20240223,3650000,C,1133000,1137000,1,1
1705592700000,20240223,3650000,P,1300,1400,1,1
1705592700000,20240223,4610000,C,202600,203700,1,1
1705592700000,20240223,4610000,P,23900,24100,1,1
1705592700000,20240223,5350000,C,200,300,1,1
1705592700000,20240223,5350000,P,584400,588100,1,1
1705592700000,20240223,4500000,C,301400,302800,1,1
1705592700000,20240223,4500000,P,13400,13500,1,1
1705592700000,20240223,4820000,C,53600,53900,1,1
1705592700000,20240223,4820000,P,86100,88300,1,1
1705592700000,20240223,5140000,C,900,1000,1,1
1705592700000,20240223,5140000,P,374500,378300,1,1
1705592700000,20240223,3750000,C,1033900,1037800,1,1
1705592700000,20240223,3750000,P,1600,1700,1,1
1705592700000,20240223,4710000,C,122100,122700,1,1
1705592700000,20240223,4710000,P,43300,43500,1,1
1705592700000,20240223,5450000,C,100,200,1,1
1705592700000,20240223,5450000,P,684400,688100,1,1
1705592700000,20240223,4600000,C,211300,212400,1,1
1705592700000,20240223,4600000,P,22600,22800,1,1
1705592700000,20240223,4920000,C,18300,18500,1,1
1705592700000,20240223,4920000,P,157200,160600,1,1
1705592700000,20240223,3850000,C,934800,938700,1,1
1705592700000,20240223,3850000,P,1900,2000,1,1
1705592700000,20240223,4810000,C,58600,58900,1,1
1705592700000,20240223,4810000,P,80800,82900,1,1
1705592700000,20240223,4700000,C,129500,130200,1,1
1705592700000,20240223,4700000,P,40700,40900,1,1
1705592700000,20240223,5020000,C,4600,4700,1,1
1705592700000,20240223,5020000,P,254600,258400,1,1
1705592700000,20240223,3950000,C,835800,839600,1,1
1705592700000,20240223,3950000,P,2300,2400,1,1
1705592700000,20240223,4590000,C,220000,221100,1,1
1705592700000,20240223,4590000,P,21400,21600,1,1
1705592700000,20240229,3200000,C,1582700,1586900,1,1
1705592700000,20240229,3200000,P,700,800,1,1
1705592700000,20240229,4160000,C,633400,637200,1,1
1705592700000,20240229,4160000,P,4700,4800,1,1
1705592700000,20240229,4480000,C,327100,328400,1,1
1705592700000,20240229,4480000,P,14900,15000,1,1
1705592700000,20240229,4800000,C,71900,72100,1,1
1705592700000,20240229,4800000,P,80700,80900,1,1
1705592700000,20240229,5120000,C,1700,1800,1,1
1705592700000,20240229,5120000,P,354500,358300,1,1
1705592700000,20240229,4370000,C,430800,432300,1,1
1705592700000,20240229,4370000,P,9400,9500,1,1
1705592700000,20240229,4050000,C,741500,745400,1,1
1705592700000,20240229,4050000,P,3600,3700,1,1
1705592700000,20240229,4690000,C,145700,146400,1,1
1705592700000,20240229,4690000,P,42800,42900,1,1
1705592700000,20240229,5010000,C,7600,7700,1,1
1705592700000,20240229,5010000,P,244600,248300,1,1
1705592700000,20240229,3300000,C,1483500,1487700,1,1
1705592700000,20240229,3300000,P,900,1000,1,1
1705592700000,20240229,4260000,C,535800,539500,1,1
1705592700000,20240229,4260000,P,6400,6500,1,1
1705592700000,20240229,4580000,C,236700,237800,1,1
1705592700000,20240229,4580000,P,24000,24100,1,1
1705592700000,20240229,4900000,C,28900,29100,1,1
1705592700000,20240229,4900000,P,142100,145400,1,1
1705592700000,20240229,5220000,C,600,700,1,1
1705592700000,20240229,5220000,P,454500,458200,1,1
1705592700000,20240229,4150000,C,643200,647100,1,1
1705592700000,20240229,4150000,P,4600,4700,1,1
1705592700000,20240229,4470000,C,336300,337700,1,1
1705592700000,20240229,4470000,P,14300,14400,1,1
1705592700000,20240229,4790000,C,77600,77800,1,1
1705592700000,20240229,4790000,P,76100,76300,1,1
1705592700000,20240229,3400000,C,1384400,1388600,1,1
1705592700000,20240229,3400000,P,1100,1200,1,1
1705592700000,20240229,4360000,C,440400,441900,1,1
1705592700000,20240229,4360000,P,9100,9200,1,1
1705592700000,20240229,5000000,C,8700,8900,1,1
1705592700000,20240229,5000000,P,234600,238300,1,1
1705592700000,20240229,4680000,C,153400,154100,1,1
1705592700000,20240229,4680000,P,40500,40600,1,1
1705592700000,20240229,4250000,C,545500,549300,1,1
1705592700000,20240229,4250000,P,6200,6300,1,1
1705592700000,20240229,4570000,C,245400,246600,1,1
1705592700000,20240229,4570000,P,22800,22900,1,1
1705592700000,20240229,4890000,C,32100,32200,1,1
1705592700000,20240229,4890000,P,134400,137600,1,1
1705592700000,20240229,3500000,C,1285300,1289400,1,1
1705592700000,20240229,3500000,P,1300,1400,1,1
1705592700000,20240229,4140000,C,653100,656900,1,1
1705592700000,20240229,4140000,P,4500,4600,1,1
1705592700000,20240229,4460000,C,345700,347000,1,1
1705592700000,20240229,4460000,P,13700,13800,1,1
1705592700000,20240229,5100000,C,2200,2300,1,1
1705592700000,20240229,5100000,P,334500,338300,1,1
1705592700000,20240229,4780000,C,83500,83800,1,1
1705592700000,20240229,4780000,P,71700,71900,1,1
1705592700000,20240229,4350000,C,450000,451500,1,1
1705592700000,20240229,4350000,P,8700,8800,1,1
1705592700000,20240229,4670000,C,161300,162000,1,1
1705592700000,20240229,4670000,P,38300,38500,1,1
1705592700000,20240229,4990000,C,10000,10100,1,1
1705592700000,20240229,4990000,P,224600,228300,1,1
1705592700000,20240229,3600000,C,1186300,1190300,1,1
1705592700000,20240229,3600000,P,1500,1600,1,1
1705592700000,20240229,4240000,C,555300,559000,1,1
1705592700000,20240229,4240000,P,6000,6100,1,1
1705592700000,20240229,4560000,C,254300,255500,1,1
1705592700000,20240229,4560000,P,21700,21900,1,1
1705592700000,20240229,5200000,C,700,800,1,1
1705592700000,20240229,5200000,P,434500,438200,1,1
1705592700000,20240229,4880000,C,35500,35700,1,1
1705592700000,20240229,4880000,P,127100,130200,1,1
1705592700000,20240229,4130000,C,662900,666700,1,1
1705592700000,20240229,4130000,P,4400,4500,1,1
1705592700000,20240229,4450000,C,355000,356400,1,1
1705592700000,20240229,4450000,P,13100,13200,1,1
1705592700000,20240229,4770000,C,89700,89900,1,1
1705592700000,20240229,4770000,P,67600,67800,1,1
1705592700000,20240229,3700000,C,1087300,1091300,1,1
1705592700000,20240229,3700000,P,1800,1900,1,1
1705592700000,20240229,4340000,C,459600,461100,1,1
1705592700000,20240229,4340000,P,8400,8500,1,1
1705592700000,20240229,4660000,C,169200,170100,1,1
1705592700000,20240229,4660000,P,36300,36400,1,1
1705592700000,20240229,4980000,C,11300,11500,1,1
1705592700000,20240229,4980000,P,214600,218300,1,1
1705592700000,20240229,5300000,C,300,400,1,1
1705592700000,20240229,5300000,P,534400,538200,1,1
1705592700000,20240229,4230000,C,565000,568800,1,1
1705592700000,20240229,4230000,P,5800,5900,1,1
1705592700000,20240229,4550000,C,263200,264400,1,1
1705592700000,20240229,4550000,P,20700,20800,1,1
1705592700000,20240229,4870000,C,39100,39300,1,1
1705592700000,20240229,4870000,P,120100,123100,1,1
1705592700000,20240229,3800000,C,988300,992300,1,1
1705592700000,20240229,3800000,P,2100,2200,1,1
1705592700000,20240229,4120000,C,672700,676500,1,1
1705592700000,20240229,4120000,P,4200,4300,1,1
1705592700000,20240229,4440000,C,364400,365800,1,1
1705592700000,20240229,4440000,P,12500,12600,1,1
1705592700000,20240229,4760000,C,96000,96300,1,1
1705592700000,20240229,4760000,P,63800,64000,1,1
1705592700000,20240229,5080000,C,2900,3000,1,1
1705592700000,20240229,5080000,P,314500,318300,1,1
1705592700000,20240229,5400000,C,200,300,1,1
1705592700000,20240229,5400000,P,634400,638200,1,1
1705592700000,20240229,3050000,C,1731500,1735800,1,1
1705592700000,20240229,3050000,P,600,700,1,1
1705592700000,20240229,4330000,C,469300,470800,1,1
1705592700000,20240229,4330000,P,8100,8200,1,1
1705592700000,20240229,4650000,C,177300,178200,1,1
1705592700000,20240229,4650000,P,34400,34600,1,1
1705592700000,20240229,4970000,C,12900,13000,1,1
1705592700000,20240229,4970000,P,204600,208300,1,1
1705592700000,20240229,3900000,C,889500,893400,1,1
1705592700000,20240229,3900000,P,2600,2700,1,1
1705592700000,20240229,4220000,C,574800,578500,1,1
1705592700000,20240229,4220000,P,5600,5700,1,1
1705592700000,20240229,4540000,C,272200,273400,1,1
1705592700000,20240229,4540000,P,19700,19800,1,1
1705592700000,20240229,4860000,C,43000,43200,1,1
1705592700000,20240229,4860000,P,113400,116300,1,1
1705592700000,20240229,5180000,C,800,900,1,1
1705592700000,20240229,5180000,P,414500,418200,1,1
1705592700000,20240229,3150000,C,1632300,1636500,1,1
1705592700000,20240229,3150000,P,700,800,1,1
1705592700000,20240229,4110000,C,682500,686300,1,1
1705592700000,20240229,4110000,P,4100,4200,1,1
1705592700000,20240229,4430000,C,373800,375200,1,1
1705592700000,20240229,4430000,P,12000,12100,1,1
1705592700000,20240229,4750000,C,102600,102900,1,1
1705592700000,20240229,4750000,P,60200,60400,1,1
1705592700000,20240229,4320000,C,478900,480400,1,1
1705592700000,20240229,4320000,P,7800,7900,1,1
1705592700000,20240229,4000000,C,790800,794700,1,1
1705592700000,20240229,4000000,P,3200,3300,1,1
1705592700000,20240229,4640000,C,185500,186400,1,1
1705592700000,20240229,4640000,P,32600,32800,1,1
1705592700000,20240229,4960000,C,14600,14700,1,1
1705592700000,20240229,4960000,P,194600,198600,1,1
1705592700000,20240229,3250000,C,1533100,1537300,1,1
1705592700000,20240229,3250000,P,800,900,1,1
1705592700000,20240229,4210000,C,584500,588300,1,1
1705592700000,20240229,4210000,P,5400,5500,1,1
1705592700000,20240229,4530000,C,281200,282500,1,1
1705592700000,20240229,4530000,P,18800,18900,1,1
1705592700000,20240229,4850000,C,47200,47400,1,1
1705592700000,20240229,4850000,P,107000,109800,1,1
1705592700000,20240229,4100000,C,692300,696200,1,1
1705592700000,20240229,4100000,P,4000,4100,1,1
1705592700000,20240229,4420000,C,383300,384700,1,1
1705592700000,20240229,4420000,P,11500,11600,1,1
1705592700000,20240229,4740000,C,109300,109700,1,1
1705592700000,20240229,4740000,P,56800,57000,1,1
1705592700000,20240229,5060000,C,3800,3900,1,1
1705592700000,20240229,5060000,P,294500,298300,1,1
1705592700000,20240229,3350000,C,1434000,1438100,1,1
1705592700000,20240229,3350000,P,1000,1100,1,1
1705592700000,20240229,4310000,C,488600,490100,1,1
1705592700000,20240229,4310000,P,7500,7600,1,1
1705592700000,20240229,4630000,C,193800,194800,1,1
1705592700000,20240229,4630000,P,30900,31100,1,1
1705592700000,20240229,4950000,C,16400,16600,1,1
1705592700000,20240229,4950000,P,185100,188800,1,1
1705592700000,20240229,4200000,C,594300,598100,1,1
1705592700000,20240229,4200000,P,5300,5400,1,1
1705592700000,20240229,4520000,C,290300,291600,1,1
1705592700000,20240229,4520000,P,17900,18100,1,1
1705592700000,20240229,4840000,C,51600,51900,1,1
1705592700000,20240229,4840000,P,100900,103600,1,1
1705592700000,20240229,5160000,C,1000,1100,1,1
1705592700000,20240229,5160000,P,394500,398300,1,1
1705592700000,20240229,3450000,C,1334900,1339000,1,1
1705592700000,20240229,3450000,P,1200,1300,1,1
1705592700000,20240229,4090000,C,702200,706000,1,1
1705592700000,20240229,4090000,P,3900,4000,1,1
1705592700000,20240229,4410000,C,392700,394200,1,1
1705592700000,20240229,4410000,P,11000,11200,1,1
1705592700000,20240229,5050000,C,4400,4500,1,1
1705592700000,20240229,5050000,P,284500,288300,1,1
1705592700000,20240229,4730000,C,116300,116700,1,1
1705592700000,20240229,4730000,P,53600,53800,1,1
1705592700000,20240229,4300000,C,498200,499800,1,1
1705592700000,20240229,4300000,P,7300,7400,1,1
1705592700000,20240229,4620000,C,202200,203200,1,1
1705592700000,20240229,4620000,P,29400,29500,1,1
1705592700000,20240229,4940000,C,18500,18700,1,1
1705592700000,20240229,4940000,P,176000,179500,1,1
1705592700000,20240229,5260000,C,400,500,1,1
1705592700000,20240229,5260000,P,494400,498200,1,1
1705592700000,20240229,3550000,C,1235800,1239900,1,1
1705592700000,20240229,3550000,P,1400,1500,1,1
1705592700000,20240229,4190000,C,604100,607900,1,1
1705592700000,20240229,4190000,P,5100,5200,1,1
1705592700000,20240229,4510000,C,299400,300700,1,1
1705592700000,20240229,4510000,P,17100,17200,1,1
1705592700000,20240229,5150000,C,1100,1200,1,1
1705592700000,20240229,5150000,P,384500,388300,1,1
1705592700000,20240229,4830000,C,56300,56500,1,1
1705592700000,20240229,4830000,P,95900,97100,1,1
1705592700000,20240229,5250000,C,400,500,1,1
1705592700000,20240229,5250000,P,484400,488200,1,1
1705592700000,20240229,4080000,C,712000,715900,1,1
1705592700000,20240229,4080000,P,3800,3900,1,1
1705592700000,20240229,4400000,C,402200,403700,1,1
1705592700000,20240229,4400000,P,10600,10700,1,1
1705592700000,20240229,4720000,C,123400,123900,1,1
1705592700000,20240229,4720000,P,50600,50800,1,1
1705592700000,20240229,5040000,C,5000,5100,1,1
1705592700000,20240229,5040000,P,274500,278300,1,1
1705592700000,20240229,3650000,C,1136800,1140800,1,1
1705592700000,20240229,3650000,P,1600,1700,1,1
1705592700000,20240229,4290000,C,507900,509500,1,1
1705592700000,20240229,4290000,P,7000,7100,1,1
1705592700000,20240229,4610000,C,210700,211700,1,1
1705592700000,20240229,4610000,P,27900,28000,1,1
1705592700000,20240229,4930000,C,20800,20900,1,1
1705592700000,20240229,4930000,P,167000,170600,1,1
1705592700000,20240229,5350000,C,200,300,1,1
1705592700000,20240229,5350000,P,584400,588200,1,1
1705592700000,20240229,4180000,C,613900,617600,1,1
1705592700000,20240229,4180000,P,5000,5100,1,1
1705592700000,20240229,4500000,C,308600,309900,1,1
1705592700000,20240229,4500000,P,16300,16500,1,1
1705592700000,20240229,4820000,C,61300,61500,1,1
1705592700000,20240229,4820000,P,89800,92300,1,1
1705592700000,20240229,5140000,C,1300,1400,1,1
1705592700000,20240229,5140000,P,374500,378300,1,1
1705592700000,20240229,3750000,C,1037800,1041800,1,1
1705592700000,20240229,3750000,P,1900,2000,1,1
1705592700000,20240229,4390000,C,411700,413200,1,1
1705592700000,20240229,4390000,P,10200,10300,1,1
1705592700000,20240229,4070000,C,721800,725700,1,1
1705592700000,20240229,4070000,P,3700,3800,1,1
1705592700000,20240229,4710000,C,130700,131200,1,1
1705592700000,20240229,4710000,P,47800,48000,1,1
1705592700000,20240229,5450000,C,100,200,1,1
1705592700000,20240229,5450000,P,684300,688200,1,1
1705592700000,20240229,3000000,C,1781100,1785400,1,1
1705592700000,20240229,3000000,P,500,600,1,1
1705592700000,20240229,4280000,C,516400,520100,1,1
1705592700000,20240229,4280000,P,6800,6900,1,1
1705592700000,20240229,4600000,C,219300,220300,1,1
1705592700000,20240229,4600000,P,26500,26600,1,1
1705592700000,20240229,4920000,C,23300,23400,1,1
1705592700000,20240229,4920000,P,158400,161800,1,1
1705592700000,20240229,5240000,C,500,600,1,1
1705592700000,20240229,5240000,P,474400,478200,1,1
1705592700000,20240229,3850000,C,938900,942800,1,1
1705592700000,20240229,3850000,P,2400,2500,1,1
1705592700000,20240229,4170000,C,623600,627400,1,1
1705592700000,20240229,4170000,P,4800,5000,1,1
1705592700000,20240229,4490000,C,317800,319100,1,1
1705592700000,20240229,4490000,P,15600,15700,1,1
1705592700000,20240229,4810000,C,66500,66700,1,1
1705592700000,20240229,4810000,P,84600,87000,1,1
1705592700000,20240229,3100000,C,1681900,1686200,1,1
1705592700000,20240229,3100000,P,600,700,1,1
1705592700000,20240229,4380000,C,421300,422800,1,1
1705592700000,20240229,4380000,P,9800,9900,1,1
1705592700000,20240229,4060000,C,731700,735500,1,1
1705592700000,20240229,4060000,P,3700,3800,1,1
1705592700000,20240229,4700000,C,138100,138700,1,1
1705592700000,20240229,4700000,P,45200,45400,1,1
1705592700000,20240229,5020000,C,6700,6800,1,1
1705592700000,20240229,5020000,P,254600,258300,1,1
1705592700000,20240229,4270000,C,526100,529800,1,1
1705592700000,20240229,4270000,P,6600,6700,1,1
1705592700000,20240229,3950000,C,840100,844000,1,1
1705592700000,20240229,3950000,P,2900,3000,1,1
1705592700000,20240229,4590000,C,227900,229000,1,1
1705592700000,20240229,4590000,P,25200,25300,1,1
1705592700000,20240229,4910000,C,26000,26100,1,1
1705592700000,20240229,4910000,P,150100,153500,1,1
1705592700000,20240301,4800000,C,73600,73900,1,1
1705592700000,20240301,4800000,P,81600,81900,1,1
1705592700000,20240301,4050000,C,742400,746300,1,1
1705592700000,20240301,4050000,P,3800,3900,1,1
1705592700000,20240301,4690000,C,147400,148200,1,1
1705592700000,20240301,4690000,P,43700,44000,1,1
1705592700000,20240301,4580000,C,238200,239400,1,1
1705592700000,20240301,4580000,P,24800,24900,1,1
1705592700000,20240301,4900000,C,30100,30300,1,1
1705592700000,20240301,4900000,P,142500,145800,1,1
1705592700000,20240301,4150000,C,644200,648000,1,1
1705592700000,20240301,4150000,P,4800,4900,1,1
1705592700000,20240301,4790000,C,79300,79600,1,1
1705592700000,20240301,4790000,P,77000,77300,1,1
1705592700000,20240301,4680000,C,155200,155900,1,1
1705592700000,20240301,4680000,P,41400,41600,1,1
1705592700000,20240301,5000000,C,9400,9500,1,1
1705592700000,20240301,5000000,P,234600,238300,1,1
1705592700000,20240301,4675000,C,159100,159900,1,1
1705592700000,20240301,4675000,P,40300,40500,1,1
1705592700000,20240301,4250000,C,546600,550300,1,1
1705592700000,20240301,4250000,P,6500,6600,1,1
1705592700000,20240301,4570000,C,247000,248200,1,1
1705592700000,20240301,4570000,P,23600,23800,1,1
1705592700000,20240301,4890000,C,33300,33600,1,1
1705592700000,20240301,4890000,P,134900,138100,1,1
1705592700000,20240301,3500000,C,1286000,1290100,1,1
1705592700000,20240301,3500000,P,1300,1400,1,1
1705592700000,20240301,4780000,C,85200,85500,1,1
1705592700000,20240301,4780000,P,72600,72900,1,1
1705592700000,20240301,5100000,C,2400,2500,1,1
1705592700000,20240301,5100000,P,334500,338300,1,1
1705592700000,20240301,4775000,C,88300,88600,1,1
1705592700000,20240301,4775000,P,70600,70800,1,1
1705592700000,20240301,4350000,C,450000,453700,1,1
1705592700000,20240301,4350000,P,9100,9300,1,1
1705592700000,20240301,4670000,C,163000,163800,1,1
1705592700000,20240301,4670000,P,39200,39500,1,1
1705592700000,20240301,4990000,C,10600,10800,1,1
1705592700000,20240301,4990000,P,224600,228300,1,1
1705592700000,20240301,3600000,C,1187000,1191000,1,1
1705592700000,20240301,3600000,P,1600,1700,1,1
1705592700000,20240301,4560000,C,255800,257100,1,1
1705592700000,20240301,4560000,P,22500,22700,1,1
1705592700000,20240301,4880000,C,36800,37000,1,1
1705592700000,20240301,4880000,P,127600,130700,1,1
1705592700000,20240301,5200000,C,700,800,1,1
1705592700000,20240301,5200000,P,434500,438200,1,1
1705592700000,20240301,4875000,C,38600,38900,1,1
1705592700000,20240301,4875000,P,124100,127200,1,1
1705592700000,20240301,4450000,C,356300,357800,1,1
1705592700000,20240301,4450000,P,13700,13800,1,1
1705592700000,20240301,4770000,C,91400,91700,1,1
1705592700000,20240301,4770000,P,68500,68800,1,1
1705592700000,20240301,3700000,C,1088000,1092000,1,1
1705592700000,20240301,3700000,P,1900,2000,1,1
1705592700000,20240301,4660000,C,171000,171800,1,1
1705592700000,20240301,4660000,P,37200,37400,1,1
1705592700000,20240301,4980000,C,12100,12200,1,1
1705592700000,20240301,4980000,P,214600,218300,1,1
1705592700000,20240301,5300000,C,300,400,1,1
1705592700000,20240301,5300000,P,534400,538200,1,1
1705592700000,20240301,4550000,C,264700,266000,1,1
1705592700000,20240301,4550000,P,21400,21600,1,1
1705592700000,20240301,4870000,C,40500,40700,1,1
1705592700000,20240301,4870000,P,120700,123700,1,1
1705592700000,20240301,3800000,C,989100,993100,1,1
1705592700000,20240301,3800000,P,2300,2400,1,1
1705592700000,20240301,4760000,C,97800,98100,1,1
1705592700000,20240301,4760000,P,64700,65000,1,1
1705592700000,20240301,5400000,C,200,300,1,1
1705592700000,20240301,5400000,P,634400,638200,1,1
1705592700000,20240301,4650000,C,179000,179900,1,1
1705592700000,20240301,4650000,P,35300,35500,1,1
1705592700000,20240301,4970000,C,13700,13800,1,1
1705592700000,20240301,4970000,P,204600,208300,1,1
1705592700000,20240301,3900000,C,890300,894200,1,1
1705592700000,20240301,3900000,P,2700,2800,1,1
1705592700000,20240301,4540000,C,273700,275000,1,1
1705592700000,20240301,4540000,P,20500,20600,1,1
1705592700000,20240301,4860000,C,44500,44700,1,1
1705592700000,20240301,4860000,P,114000,117000,1,1
1705592700000,20240301,4750000,C,104400,104700,1,1
1705592700000,20240301,4750000,P,61100,61400,1,1
1705592700000,20240301,4000000,C,791700,795500,1,1
1705592700000,20240301,4000000,P,3400,3500,1,1
1705592700000,20240301,4640000,C,187200,188200,1,1
1705592700000,20240301,4640000,P,33500,33700,1,1
1705592700000,20240301,4960000,C,15400,15600,1,1
1705592700000,20240301,4960000,P,194700,198400,1,1
1705592700000,20240301,4530000,C,282700,284000,1,1
1705592700000,20240301,4530000,P,19500,19700,1,1
1705592700000,20240301,4850000,C,48700,48900,1,1
1705592700000,20240301,4850000,P,107700,110500,1,1
1705592700000,20240301,4100000,C,693300,697100,1,1
1705592700000,20240301,4100000,P,4300,4400,1,1
1705592700000,20240301,4740000,C,111100,111600,1,1
1705592700000,20240301,4740000,P,57700,58000,1,1
1705592700000,20240301,4630000,C,195500,196500,1,1
1705592700000,20240301,4630000,P,31800,32000,1,1
1705592700000,20240301,4950000,C,17400,17600,1,1
1705592700000,20240301,4950000,P,185300,189000,1,1
1705592700000,20240301,4200000,C,595300,599100,1,1
1705592700000,20240301,4200000,P,5600,5700,1,1
1705592700000,20240301,4520000,C,291800,293100,1,1
1705592700000,20240301,4520000,P,18600,18800,1,1
1705592700000,20240301,4840000,C,53200,53400,1,1
1705592700000,20240301,4840000,P,101700,104400,1,1
1705592700000,20240301,4730000,C,118100,118600,1,1
1705592700000,20240301,4730000,P,54600,54800,1,1
1705592700000,20240301,5050000,C,4800,4900,1,1
1705592700000,20240301,5050000,P,284500,288300,1,1
1705592700000,20240301,4725000,C,121600,122100,1,1
1705592700000,20240301,4725000,P,53100,53300,1,1
1705592700000,20240301,4300000,C,498200,501900,1,1
1705592700000,20240301,4300000,P,7600,7800,1,1
1705592700000,20240301,4620000,C,203900,204900,1,1
1705592700000,20240301,4620000,P,30200,30400,1,1
1705592700000,20240301,4940000,C,19500,19700,1,1
1705592700000,20240301,4940000,P,176200,179800,1,1
1705592700000,20240301,3550000,C,1236500,1240500,1,1
1705592700000,20240301,3550000,P,1400,1500,1,1
1705592700000,20240301,4830000,C,57900,58200,1,1
1705592700000,20240301,4830000,P,96000,98600,1,1
1705592700000,20240301,5150000,C,1300,1400,1,1
1705592700000,20240301,5150000,P,384500,388300,1,1
1705592700000,20240301,5250000,C,500,600,1,1
1705592700000,20240301,5250000,P,484400,488200,1,1
1705592700000,20240301,4825000,C,60400,60600,1,1
1705592700000,20240301,4825000,P,93300,95800,1,1
1705592700000,20240301,4400000,C,403400,404900,1,1
1705592700000,20240301,4400000,P,11100,11200,1,1
1705592700000,20240301,4720000,C,125200,125700,1,1
1705592700000,20240301,4720000,P,51600,51900,1,1
1705592700000,20240301,3650000,C,1137500,1141500,1,1
1705592700000,20240301,3650000,P,1700,1800,1,1
1705592700000,20240301,4610000,C,212400,213400,1,1
1705592700000,20240301,4610000,P,28700,28900,1,1
1705592700000,20240301,4930000,C,21800,22000,1,1
1705592700000,20240301,4930000,P,167300,170800,1,1
1705592700000,20240301,5350000,C,300,400,1,1
1705592700000,20240301,5350000,P,584400,588200,1,1
1705592700000,20240301,4500000,C,310000,311400,1,1
1705592700000,20240301,4500000,P,17000,17200,1,1
1705592700000,20240301,4820000,C,62900,63100,1,1
1705592700000,20240301,4820000,P,90600,93100,1,1
1705592700000,20240301,3750000,C,1038500,1042500,1,1
1705592700000,20240301,3750000,P,2100,2200,1,1
1705592700000,20240301,4710000,C,132400,133100,1,1
1705592700000,20240301,4710000,P,48800,49100,1,1
1705592700000,20240301,5450000,C,100,200,1,1
1705592700000,20240301,5450000,P,684300,688200,1,1
1705592700000,20240301,4600000,C,220900,222000,1,1
1705592700000,20240301,4600000,P,27300,27500,1,1
1705592700000,20240301,4920000,C,24400,24600,1,1
1705592700000,20240301,4920000,P,158700,162200,1,1
1705592700000,20240301,3850000,C,939700,943600,1,1
1705592700000,20240301,3850000,P,2500,2600,1,1
1705592700000,20240301,4810000,C,68100,68400,1,1
1705592700000,20240301,4810000,P,85500,87900,1,1
1705592700000,20240301,4700000,C,139900,140500,1,1
1705592700000,20240301,4700000,P,46200,46400,1,1
1705592700000,20240301,3950000,C,841000,844900,1,1
1705592700000,20240301,3950000,P,3000,3100,1,1
1705592700000,20240301,4590000,C,229500,230700,1,1
1705592700000,20240301,4590000,P,26000,26200,1,1
1705592700000,20240301,4910000,C,27100,27300,1,1
1705592700000,20240301,4910000,P,150500,153900,1,1
1705592700000,20240315,3200000,C,1589500,1595100,1,1
1705592700000,20240315,3200000,P,1300,1400,1,1
1705592700000,20240315,4480000,C,342100,346000,1,1
1705592700000,20240315,4480000,P,23900,24000,1,1
1705592700000,20240315,5120000,C,4300,4400,1,1
1705592700000,20240315,5120000,P,354100,358700,1,1
1705592700000,20240315,6400000,P,1633200,1638800,1,1
1705592700000,20240315,4050000,C,752200,756900,1,1
1705592700000,20240315,4050000,P,6400,6500,1,1
1705592700000,20240315,4690000,C,165300,166000,1,1
1705592700000,20240315,4690000,P,56100,56400,1,1
1705592700000,20240315,5750000,C,100,200,1,1
1705592700000,20240315,5750000,P,983700,988500,1,1
1705592700000,20240315,4260000,C,548600,553000,1,1
1705592700000,20240315,4260000,P,11300,11400,1,1
1705592700000,20240315,4900000,C,43000,43200,1,1
1705592700000,20240315,4900000,P,149300,152600,1,1
1705592700000,20240315,2550000,C,2232600,2238700,1,1
1705592700000,20240315,2550000,P,400,500,1,1
1705592700000,20240315,4470000,C,351200,355200,1,1
1705592700000,20240315,4470000,P,23000,23200,1,1
1705592700000,20240315,3400000,C,1392300,1397300,1,1
1705592700000,20240315,3400000,P,1900,2000,1,1
1705592700000,20240315,4040000,C,762000,766700,1,1
1705592700000,20240315,4040000,P,6300,6400,1,1
1705592700000,20240315,4680000,C,173000,173700,1,1
1705592700000,20240315,4680000,P,53700,53900,1,1
1705592700000,20240315,6600000,P,1833000,1838800,1,1
1705592700000,20240315,4250000,C,558200,562600,1,1
1705592700000,20240315,4250000,P,11000,11100,1,1
1705592700000,20240315,4890000,C,46700,47000,1,1
1705592700000,20240315,4890000,P,142400,145600,1,1
1705592700000,20240315,5950000,P,1183600,1188500,1,1
1705592700000,20240315,4460000,C,360300,364400,1,1
1705592700000,20240315,4460000,P,22200,22300,1,1
1705592700000,20240315,5100000,C,5400,5500,1,1
1705592700000,20240315,5100000,P,334100,338700,1,1
1705592700000,20240315,2750000,C,2034600,2040600,1,1
1705592700000,20240315,2750000,P,600,700,1,1
1705592700000,20240315,4030000,C,771800,776400,1,1
1705592700000,20240315,4030000,P,6200,6300,1,1
1705592700000,20240315,4670000,C,180700,181500,1,1
1705592700000,20240315,4670000,P,51400,51600,1,1
1705592700000,20240315,3600000,C,1194800,1199700,1,1
1705592700000,20240315,3600000,P,2600,2700,1,1
1705592700000,20240315,4240000,C,567800,572300,1,1
1705592700000,20240315,4240000,P,10600,10700,1,1
1705592700000,20240315,4880000,C,50700,51000,1,1
1705592700000,20240315,4880000,P,135800,138900,1,1
1705592700000,20240315,4450000,C,369500,373600,1,1
1705592700000,20240315,4450000,P,21400,21500,1,1
1705592700000,20240315,6150000,P,1383400,1388400,1,1
1705592700000,20240315,2100000,C,2678200,2684700,1,1
1705592700000,20240315,2100000,P,200,300,1,1
1705592700000,20240315,4020000,C,781600,786200,1,1
1705592700000,20240315,4020000,P,6000,6100,1,1
1705592700000,20240315,4660000,C,187500,190300,1,1
1705592700000,20240315,4660000,P,49200,49400,1,1
1705592700000,20240315,5300000,C,700,800,1,1
1705592700000,20240315,5300000,P,534000,538600,1,1
1705592700000,20240315,2950000,C,1836700,1842600,1,1
1705592700000,20240315,2950000,P,800,900,1,1
1705592700000,20240315,4230000,C,577400,581900,1,1
1705592700000,20240315,4230000,P,10300,10400,1,1
1705592700000,20240315,4870000,C,54900,55200,1,1
1705592700000,20240315,4870000,P,129500,132500,1,1
1705592700000,20240315,3800000,C,997600,1002400,1,1
1705592700000,20240315,3800000,P,3800,3900,1,1
1705592700000,20240315,4440000,C,378700,382800,1,1
1705592700000,20240315,4440000,P,20600,20800,1,1
1705592700000,20240315,5080000,C,6800,7000,1,1
1705592700000,20240315,5080000,P,314100,318700,1,1
1705592700000,20240315,4010000,C,791400,796000,1,1
1705592700000,20240315,4010000,P,5900,6000,1,1
1705592700000,20240315,4650000,C,195200,198300,1,1
1705592700000,20240315,4650000,P,47100,47300,1,1
1705592700000,20240315,6350000,P,1583200,1588900,1,1
1705592700000,20240315,2300000,C,2480100,2486500,1,1
1705592700000,20240315,2300000,P,300,400,1,1
1705592700000,20240315,4220000,C,587100,591500,1,1
1705592700000,20240315,4220000,P,10000,10100,1,1
1705592700000,20240315,4860000,C,59400,59700,1,1
1705592700000,20240315,4860000,P,123800,126200,1,1
1705592700000,20240315,5500000,C,200,300,1,1
1705592700000,20240315,5500000,P,733900,738600,1,1
1705592700000,20240315,3150000,C,1638900,1644600,1,1
1705592700000,20240315,3150000,P,1200,1300,1,1
1705592700000,20240315,4430000,C,388000,392100,1,1
1705592700000,20240315,4430000,P,19900,20000,1,1
1705592700000,20240315,4000000,C,801200,805800,1,1
1705592700000,20240315,4000000,P,5800,5900,1,1
1705592700000,20240315,4640000,C,202900,206500,1,1
1705592700000,20240315,4640000,P,45100,45300,1,1
1705592700000,20240315,4210000,C,596700,601200,1,1
1705592700000,20240315,4210000,P,9700,9800,1,1
1705592700000,20240315,4850000,C,64000,64300,1,1
1705592700000,20240315,4850000,P,118400,119500,1,1
1705592700000,20240315,6550000,P,1783100,1788800,1,1
1705592700000,20240315,2500000,C,2282100,2288300,1,1
1705592700000,20240315,2500000,P,400,500,1,1
1705592700000,20240315,4420000,C,397200,401400,1,1
1705592700000,20240315,4420000,P,19200,19300,1,1
1705592700000,20240315,5060000,C,8600,8700,1,1
1705592700000,20240315,5060000,P,294100,298700,1,1
1705592700000,20240315,5700000,C,100,200,1,1
1705592700000,20240315,5700000,P,933700,938500,1,1
1705592700000,20240315,3350000,C,1441700,1446700,1,1
1705592700000,20240315,3350000,P,1700,1800,1,1
1705592700000,20240315,4630000,C,211000,214700,1,1
1705592700000,20240315,4630000,P,43300,43500,1,1
1705592700000,20240315,4200000,C,606400,610900,1,1
1705592700000,20240315,4200000,P,9500,9600,1,1
1705592700000,20240315,4840000,C,68900,69100,1,1
1705592700000,20240315,4840000,P,113300,113600,1,1
1705592700000,20240315,4410000,C,406500,410700,1,1
1705592700000,20240315,4410000,P,18500,18600,1,1
1705592700000,20240315,5050000,C,9600,9800,1,1
1705592700000,20240315,5050000,P,284100,288700,1,1
1705592700000,20240315,2700000,C,2084100,2090100,1,1
1705592700000,20240315,2700000,P,500,600,1,1
1705592700000,20240315,4620000,C,219600,223000,1,1
1705592700000,20240315,4620000,P,41500,41700,1,1
1705592700000,20240315,5260000,C,1000,1100,1,1
1705592700000,20240315,5260000,P,494000,498600,1,1
1705592700000,20240315,5900000,C,100,200,1,1
1705592700000,20240315,5900000,P,1133600,1138500,1,1
1705592700000,20240315,3550000,C,1244100,1249100,1,1
1705592700000,20240315,3550000,P,2400,2500,1,1
1705592700000,20240315,4190000,C,616100,620500,1,1
1705592700000,20240315,4190000,P,9200,9300,1,1
1705592700000,20240315,4830000,C,74000,74300,1,1
1705592700000,20240315,4830000,P,108000,108300,1,1
1705592700000,20240315,5250000,C,1100,1200,1,1
1705592700000,20240315,5250000,P,484000,488600,1,1
1705592700000,20240315,4400000,C,415900,420000,1,1
1705592700000,20240315,4400000,P,17900,18000,1,1
1705592700000,20240315,5040000,C,10800,10900,1,1
1705592700000,20240315,5040000,P,274100,278700,1,1
1705592700000,20240315,2050000,C,2727700,2734300,1,1
1705592700000,20240315,2050000,P,100,200,1,1
1705592700000,20240315,4610000,C,227600,231400,1,1
1705592700000,20240315,4610000,P,39800,40000,1,1
1705592700000,20240315,2900000,C,1886200,1892100,1,1
1705592700000,20240315,2900000,P,800,900,1,1
1705592700000,20240315,4180000,C,625700,630200,1,1
1705592700000,20240315,4180000,P,9000,9100,1,1
1705592700000,20240315,4820000,C,79300,79700,1,1
1705592700000,20240315,4820000,P,102900,103200,1,1
1705592700000,20240315,6100000,P,1333400,1338400,1,1
1705592700000,20240315,3750000,C,1046900,1051700,1,1
1705592700000,20240315,3750000,P,3500,3600,1,1
1705592700000,20240315,4390000,C,425200,429400,1,1
1705592700000,20240315,4390000,P,17300,17400,1,1
1705592700000,20240315,5450000,C,300,400,1,1
1705592700000,20240315,5450000,P,683900,688600,1,1
1705592700000,20240315,4600000,C,236600,239800,1,1
1705592700000,20240315,4600000,P,38200,38400,1,1
1705592700000,20240315,5240000,C,1200,1300,1,1
1705592700000,20240315,5240000,P,474000,478600,1,1
1705592700000,20240315,2250000,C,2529600,2536000,1,1
1705592700000,20240315,2250000,P,200,300,1,1
1705592700000,20240315,4170000,C,635400,639900,1,1
1705592700000,20240315,4170000,P,8700,8800,1,1
1705592700000,20240315,4810000,C,84900,85200,1,1
1705592700000,20240315,4810000,P,98100,98300,1,1
1705592700000,20240315,3100000,C,1688400,1694100,1,1
1705592700000,20240315,3100000,P,1100,1200,1,1
1705592700000,20240315,4380000,C,434600,438800,1,1
1705592700000,20240315,4380000,P,16700,16800,1,1
1705592700000,20240315,5020000,C,13400,13600,1,1
1705592700000,20240315,5020000,P,254200,258700,1,1
1705592700000,20240315,6300000,P,1533300,1538400,1,1
1705592700000,20240315,3950000,C,850200,854900,1,1
1705592700000,20240315,3950000,P,5200,5300,1,1
1705592700000,20240315,4590000,C,244700,248400,1,1
1705592700000,20240315,4590000,P,36700,36800,1,1
1705592700000,20240315,5650000,C,100,200,1,1
1705592700000,20240315,5650000,P,883800,888500,1,1
1705592700000,20240315,4160000,C,645100,649600,1,1
1705592700000,20240315,4160000,P,8500,8600,1,1
1705592700000,20240315,4800000,C,90600,91000,1,1
1705592700000,20240315,4800000,P,93500,93700,1,1
1705592700000,20240315,2450000,C,2331600,2337800,1,1
1705592700000,20240315,2450000,P,300,400,1,1
1705592700000,20240315,4370000,C,444000,448200,1,1
1705592700000,20240315,4370000,P,16100,16200,1,1
1705592700000,20240315,5010000,C,15000,15100,1,1
1705592700000,20240315,5010000,P,244200,248700,1,1
1705592700000,20240315,3300000,C,1491100,1496200,1,1
1705592700000,20240315,3300000,P,1600,1700,1,1
1705592700000,20240315,4580000,C,253400,257000,1,1
1705592700000,20240315,4580000,P,35200,35400,1,1
1705592700000,20240315,5220000,C,1500,1600,1,1
1705592700000,20240315,5220000,P,454000,458600,1,1
1705592700000,20240315,6500000,P,1733100,1738800,1,1
1705592700000,20240315,4150000,C,654800,659400,1,1
1705592700000,20240315,4150000,P,8300,8400,1,1
1705592700000,20240315,4790000,C,96600,96900,1,1
1705592700000,20240315,4790000,P,89100,89400,1,1
1705592700000,20240315,5850000,P,1083600,1088500,1,1
1705592700000,20240315,4360000,C,453400,457600,1,1
1705592700000,20240315,4360000,P,15600,15700,1,1
1705592700000,20240315,5000000,C,16600,16800,1,1
1705592700000,20240315,5000000,P,234200,238700,1,1
1705592700000,20240315,2650000,C,2133600,2139700,1,1
1705592700000,20240315,2650000,P,500,600,1,1
1705592700000,20240315,4570000,C,262100,265700,1,1
1705592700000,20240315,4570000,P,33800,34000,1,1
1705592700000,20240315,3500000,C,1293500,1298500,1,1
1705592700000,20240315,3500000,P,2200,2300,1,1
1705592700000,20240315,4140000,C,664500,669100,1,1
1705592700000,20240315,4140000,P,8100,8200,1,1
1705592700000,20240315,4780000,C,102700,103000,1,1
1705592700000,20240315,4780000,P,84900,85200,1,1
1705592700000,20240315,4350000,C,462800,467100,1,1
1705592700000,20240315,4350000,P,15000,15200,1,1
1705592700000,20240315,4990000,C,18400,18600,1,1
1705592700000,20240315,4990000,P,224300,228700,1,1
1705592700000,20240315,6050000,P,1283500,1288400,1,1
1705592700000,20240315,2000000,C,2777200,2783800,1,1
1705592700000,20240315,2000000,P,100,200,1,1
1705592700000,20240315,4560000,C,270800,274400,1,1
1705592700000,20240315,4560000,P,32500,32700,1,1
1705592700000,20240315,5200000,C,1800,1900,1,1
1705592700000,20240315,5200000,P,434100,438700,1,1
1705592700000,20240315,2850000,C,1935700,1941600,1,1
1705592700000,20240315,2850000,P,700,800,1,1
1705592700000,20240315,4130000,C,674300,678800,1,1
1705592700000,20240315,4130000,P,7900,8000,1,1
1705592700000,20240315,4770000,C,109000,109400,1,1
1705592700000,20240315,4770000,P,81000,81300,1,1
1705592700000,20240315,3700000,C,1096200,1101000,1,1
1705592700000,20240315,3700000,P,3200,3300,1,1
1705592700000,20240315,4340000,C,472300,476600,1,1
1705592700000,20240315,4340000,P,14600,14700,1,1
1705592700000,20240315,4980000,C,20400,20600,1,1
1705592700000,20240315,4980000,P,214700,219100,1,1
1705592700000,20240315,4550000,C,279500,283200,1,1
1705592700000,20240315,4550000,P,31200,31400,1,1
1705592700000,20240315,6250000,P,1483300,1488400,1,1
1705592700000,20240315,2200000,C,2579100,2585600,1,1
1705592700000,20240315,2200000,P,200,300,1,1
1705592700000,20240315,4120000,C,684000,688500,1,1
1705592700000,20240315,4120000,P,7600,7700,1,1
1705592700000,20240315,4760000,C,115500,115900,1,1
1705592700000,20240315,4760000,P,77300,77500,1,1
1705592700000,20240315,5400000,C,400,500,1,1
1705592700000,20240315,5400000,P,633900,638600,1,1
1705592700000,20240315,3050000,C,1737800,1743600,1,1
1705592700000,20240315,3050000,P,1000,1100,1,1
1705592700000,20240315,4330000,C,481800,486100,1,1
1705592700000,20240315,4330000,P,14100,14200,1,1
1705592700000,20240315,4970000,C,22600,22800,1,1
1705592700000,20240315,4970000,P,205500,209700,1,1
1705592700000,20240315,3900000,C,899300,904000,1,1
1705592700000,20240315,3900000,P,4600,4700,1,1
1705592700000,20240315,4540000,C,288300,292100,1,1
1705592700000,20240315,4540000,P,30000,30200,1,1
1705592700000,20240315,5180000,C,2200,2300,1,1
1705592700000,20240315,5180000,P,414100,418700,1,1
1705592700000,20240315,4110000,C,693700,698300,1,1
1705592700000,20240315,4110000,P,7500,7600,1,1
1705592700000,20240315,4750000,C,122200,122600,1,1
1705592700000,20240315,4750000,P,73800,74000,1,1
1705592700000,20240315,6450000,P,1683200,1688800,1,1
1705592700000,20240315,2400000,C,2381100,2387400,1,1
1705592700000,20240315,2400000,P,300,400,1,1
1705592700000,20240315,4320000,C,491300,495600,1,1
1705592700000,20240315,4320000,P,13600,13800,1,1
1705592700000,20240315,4960000,C,24900,25100,1,1
1705592700000,20240315,4960000,P,196600,200700,1,1
1705592700000,20240315,5600000,C,100,200,1,1
1705592700000,20240315,5600000,P,833800,838500,1,1
1705592700000,20240315,3250000,C,1540100,1545700,1,1
1705592700000,20240315,3250000,P,1400,1500,1,1
1705592700000,20240315,4530000,C,297200,300900,1,1
1705592700000,20240315,4530000,P,28900,29100,1,1
1705592700000,20240315,4100000,C,703500,708000,1,1
1705592700000,20240315,4100000,P,7300,7400,1,1
1705592700000,20240315,4740000,C,129000,129400,1,1
1705592700000,20240315,4740000,P,70400,70700,1,1
1705592700000,20240315,4310000,C,500800,505100,1,1
1705592700000,20240315,4310000,P,13200,13300,1,1
1705592700000,20240315,4950000,C,27400,27600,1,1
1705592700000,20240315,4950000,P,188000,191900,1,1
1705592700000,20240315,2600000,C,2183100,2189200,1,1
1705592700000,20240315,2600000,P,400,500,1,1
1705592700000,20240315,4520000,C,306000,309900,1,1
1705592700000,20240315,4520000,P,27800,28000,1,1
1705592700000,20240315,5160000,C,2700,2800,1,1
1705592700000,20240315,5160000,P,394100,398700,1,1
1705592700000,20240315,5800000,C,100,200,1,1
1705592700000,20240315,5800000,P,1033700,1038500,1,1
1705592700000,20240315,3450000,C,1342900,1347900,1,1
1705592700000,20240315,3450000,P,2000,2100,1,1
1705592700000,20240315,4090000,C,713200,717800,1,1
1705592700000,20240315,4090000,P,7100,7200,1,1
1705592700000,20240315,4730000,C,135900,136400,1,1
1705592700000,20240315,4730000,P,67200,67500,1,1
1705592700000,20240315,4300000,C,510300,514700,1,1
1705592700000,20240315,4300000,P,12800,12900,1,1
1705592700000,20240315,4940000,C,30100,30300,1,1
1705592700000,20240315,4940000,P,179600,183500,1,1
1705592700000,20240315,1950000,C,2826700,2833400,1,1
1705592700000,20240315,1950000,P,100,200,1,1
1705592700000,20240315,4510000,C,315000,318800,1,1
1705592700000,20240315,4510000,P,26700,26900,1,1
1705592700000,20240315,5150000,C,3000,3200,1,1
1705592700000,20240315,5150000,P,384100,388700,1,1
1705592700000,20240315,2800000,C,1985200,1991100,1,1
1705592700000,20240315,2800000,P,600,700,1,1
1705592700000,20240315,4080000,C,723000,727600,1,1
1705592700000,20240315,4080000,P,6900,7000,1,1
1705592700000,20240315,4720000,C,143100,143600,1,1
1705592700000,20240315,4720000,P,64200,64500,1,1
1705592700000,20240315,6000000,P,1233500,1238500,1,1
1705592700000,20240315,3650000,C,1145500,1150400,1,1
1705592700000,20240315,3650000,P,2900,3000,1,1
1705592700000,20240315,4290000,C,519900,524200,1,1
1705592700000,20240315,4290000,P,12400,12500,1,1
1705592700000,20240315,4930000,C,33000,33200,1,1
1705592700000,20240315,4930000,P,171600,175300,1,1
1705592700000,20240315,5350000,C,500,600,1,1
1705592700000,20240315,5350000,P,584000,588600,1,1
1705592700000,20240315,4500000,C,324000,327900,1,1
1705592700000,20240315,4500000,P,25700,25900,1,1
1705592700000,20240315,5140000,C,3400,3500,1,1
1705592700000,20240315,5140000,P,374100,378700,1,1
1705592700000,20240315,2150000,C,2628700,2635200,1,1
1705592700000,20240315,2150000,P,200,300,1,1
1705592700000,20240315,4070000,C,732700,737300,1,1
1705592700000,20240315,4070000,P,6800,6900,1,1
1705592700000,20240315,4710000,C,150300,150900,1,1
1705592700000,20240315,4710000,P,61400,61600,1,1
1705592700000,20240315,3000000,C,1787300,1793100,1,1
1705592700000,20240315,3000000,P,1000,1100,1,1
1705592700000,20240315,4280000,C,529400,533800,1,1
1705592700000,20240315,4280000,P,12000,12100,1,1
1705592700000,20240315,4920000,C,36100,36400,1,1
1705592700000,20240315,4920000,P,163800,167500,1,1
1705592700000,20240315,6200000,P,1433400,1438400,1,1
1705592700000,20240315,3850000,C,948400,953200,1,1
1705592700000,20240315,3850000,P,4200,4300,1,1
1705592700000,20240315,4490000,C,333000,336500,1,1
1705592700000,20240315,4490000,P,24800,24900,1,1
1705592700000,20240315,5550000,C,200,300,1,1
1705592700000,20240315,5550000,P,783800,788500,1,1
1705592700000,20240315,4060000,C,742500,747100,1,1
1705592700000,20240315,4060000,P,6600,6700,1,1
1705592700000,20240315,4700000,C,157800,158400,1,1
1705592700000,20240315,4700000,P,58700,58900,1,1
1705592700000,20240315,2350000,C,2430600,2436900,1,1
1705592700000,20240315,2350000,P,300,400,1,1
1705592700000,20240315,4270000,C,539000,543400,1,1
1705592700000,20240315,4270000,P,11600,11800,1,1
1705592700000,20240315,4910000,C,39400,39700,1,1
1705592700000,20240315,4910000,P,156400,159900,1,1
1705592700000,20240328,5650000,C,200,500,1,1
1705592700000,20240328,5650000,P,882600,890100,1,1
1705592700000,20240328,3200000,C,1588400,1596800,1,1
1705592700000,20240328,3200000,P,1900,2100,1,1
1705592700000,20240328,4160000,C,646300,653500,1,1
1705592700000,20240328,4160000,P,11700,11800,1,1
1705592700000,20240328,4480000,C,347300,353600,1,1
1705592700000,20240328,4480000,P,30500,31000,1,1
1705592700000,20240328,4800000,C,101700,102200,1,1
1705592700000,20240328,4800000,P,102800,103500,1,1
1705592700000,20240328,5120000,C,6700,6900,1,1
1705592700000,20240328,5120000,P,353000,360200,1,1
1705592700000,20240328,4050000,C,752700,760000,1,1
1705592700000,20240328,4050000,P,8900,9100,1,1
1705592700000,20240328,4370000,C,447500,454200,1,1
1705592700000,20240328,4370000,P,21200,21700,1,1
1705592700000,20240328,5010000,C,20400,20900,1,1
1705592700000,20240328,5010000,P,243200,250200,1,1
1705592700000,20240328,4690000,C,175300,176400,1,1
1705592700000,20240328,4690000,P,65700,66400,1,1
1705592700000,20240328,5750000,C,100,400,1,1
1705592700000,20240328,5750000,P,982500,990100,1,1
1705592700000,20240328,3300000,C,1489700,1497900,1,1
1705592700000,20240328,3300000,P,2300,2400,1,1
1705592700000,20240328,3940000,C,859900,867400,1,1
1705592700000,20240328,3940000,P,7000,7100,1,1
1705592700000,20240328,4260000,C,550700,557700,1,1
1705592700000,20240328,4260000,P,15300,15600,1,1
1705592700000,20240328,4580000,C,260600,266400,1,1
1705592700000,20240328,4580000,P,43300,43900,1,1
1705592700000,20240328,4900000,C,52200,52800,1,1
1705592700000,20240328,4900000,P,154300,159500,1,1
1705592700000,20240328,5220000,C,2300,2600,1,1
1705592700000,20240328,5220000,P,453000,460200,1,1
1705592700000,20240328,4150000,C,656000,663100,1,1
1705592700000,20240328,4150000,P,11400,11500,1,1
1705592700000,20240328,4470000,C,356200,362600,1,1
1705592700000,20240328,4470000,P,29600,30000,1,1
1705592700000,20240328,4790000,C,107500,108200,1,1
1705592700000,20240328,4790000,P,98600,99300,1,1
1705592700000,20240328,5110000,C,7500,7700,1,1
1705592700000,20240328,5110000,P,343100,350200,1,1
1705592700000,20240328,3400000,C,1391000,1399100,1,1
1705592700000,20240328,3400000,P,2600,2800,1,1
1705592700000,20240328,4360000,C,456700,463500,1,1
1705592700000,20240328,4360000,P,20600,21000,1,1
1705592700000,20240328,4040000,C,762400,769700,1,1
1705592700000,20240328,4040000,P,8700,8800,1,1
1705592700000,20240328,5000000,C,22500,22900,1,1
1705592700000,20240328,5000000,P,233500,240400,1,1
1705592700000,20240328,4680000,C,182800,184000,1,1
1705592700000,20240328,4680000,P,63200,63800,1,1
1705592700000,20240328,3930000,C,869700,877100,1,1
1705592700000,20240328,3930000,P,6800,7000,1,1
1705592700000,20240328,4250000,C,560200,567200,1,1
1705592700000,20240328,4250000,P,14900,15100,1,1
1705592700000,20240328,4570000,C,269000,274900,1,1
1705592700000,20240328,4570000,P,41900,42300,1,1
1705592700000,20240328,4890000,C,56300,56900,1,1
1705592700000,20240328,4890000,P,147900,153300,1,1
1705592700000,20240328,5210000,C,2600,2900,1,1
1705592700000,20240328,5210000,P,443000,450200,1,1
1705592700000,20240328,3500000,C,1292300,1300300,1,1
1705592700000,20240328,3500000,P,3100,3300,1,1
1705592700000,20240328,4140000,C,665600,672800,1,1
1705592700000,20240328,4140000,P,11000,11300,1,1
1705592700000,20240328,4460000,C,365200,371600,1,1
1705592700000,20240328,4460000,P,28500,29000,1,1
1705592700000,20240328,5100000,C,8300,8500,1,1
1705592700000,20240328,5100000,P,333100,340200,1,1
1705592700000,20240328,4780000,C,113700,114300,1,1
1705592700000,20240328,4780000,P,94600,95300,1,1
1705592700000,20240328,2750000,C,2033200,2042300,1,1
1705592700000,20240328,2750000,P,900,1100,1,1
1705592700000,20240328,4350000,C,466000,472800,1,1
1705592700000,20240328,4350000,P,20000,20400,1,1
1705592700000,20240328,4030000,C,772100,779500,1,1
1705592700000,20240328,4030000,P,8500,8700,1,1
1705592700000,20240328,4990000,C,24600,25100,1,1
1705592700000,20240328,4990000,P,224300,231000,1,1
1705592700000,20240328,4670000,C,190600,191600,1,1
1705592700000,20240328,4670000,P,60800,61400,1,1
1705592700000,20240328,3920000,C,879500,886900,1,1
1705592700000,20240328,3920000,P,6700,6900,1,1
1705592700000,20240328,3600000,C,1193800,1201600,1,1
1705592700000,20240328,3600000,P,3700,3900,1,1
1705592700000,20240328,4240000,C,569700,576700,1,1
1705592700000,20240328,4240000,P,14500,14700,1,1
1705592700000,20240328,4560000,C,277500,283400,1,1
1705592700000,20240328,4560000,P,40300,40900,1,1
1705592700000,20240328,5200000,C,2900,3100,1,1
1705592700000,20240328,5200000,P,433000,440200,1,1
1705592700000,20240328,4880000,C,60500,61100,1,1
1705592700000,20240328,4880000,P,141800,147000,1,1
1705592700000,20240328,2850000,C,1934300,1943300,1,1
1705592700000,20240328,2850000,P,1100,1200,1,1
1705592700000,20240328,4450000,C,374200,380700,1,1
1705592700000,20240328,4450000,P,27600,28000,1,1
1705592700000,20240328,4130000,C,675200,682400,1,1
1705592700000,20240328,4130000,P,10800,11000,1,1
1705592700000,20240328,4770000,C,119900,120700,1,1
1705592700000,20240328,4770000,P,90800,91500,1,1
1705592700000,20240328,5090000,C,9200,9500,1,1
1705592700000,20240328,5090000,P,323100,330200,1,1
1705592700000,20240328,3700000,C,1095300,1103100,1,1
1705592700000,20240328,3700000,P,4400,4600,1,1
1705592700000,20240328,4340000,C,475400,482200,1,1
1705592700000,20240328,4340000,P,19400,19700,1,1
1705592700000,20240328,4020000,C,781900,789200,1,1
1705592700000,20240328,4020000,P,8300,8500,1,1
1705592700000,20240328,4980000,C,26900,27500,1,1
1705592700000,20240328,4980000,P,215300,221900,1,1
1705592700000,20240328,4660000,C,198200,199400,1,1
1705592700000,20240328,4660000,P,58500,59100,1,1
1705592700000,20240328,5300000,C,1100,1400,1,1
1705592700000,20240328,5300000,P,532900,540100,1,1
1705592700000,20240328,2950000,C,1835500,1844300,1,1
1705592700000,20240328,2950000,P,1300,1500,1,1
1705592700000,20240328,3910000,C,889200,896700,1,1
1705592700000,20240328,3910000,P,6500,6700,1,1
1705592700000,20240328,4550000,C,286100,292000,1,1
1705592700000,20240328,4550000,P,38900,39500,1,1
1705592700000,20240328,4230000,C,579300,586300,1,1
1705592700000,20240328,4230000,P,14100,14300,1,1
1705592700000,20240328,4870000,C,65000,65600,1,1
1705592700000,20240328,4870000,P,135900,141000,1,1
1705592700000,20240328,5190000,C,3100,3500,1,1
1705592700000,20240328,5190000,P,423000,430200,1,1
1705592700000,20240328,5290000,C,1200,1500,1,1
1705592700000,20240328,5290000,P,522900,530100,1,1
1705592700000,20240328,3800000,C,997100,1004700,1,1
1705592700000,20240328,3800000,P,5300,5400,1,1
1705592700000,20240328,4120000,C,684900,692100,1,1
1705592700000,20240328,4120000,P,10500,10700,1,1
1705592700000,20240328,4440000,C,383300,389700,1,1
1705592700000,20240328,4440000,P,26700,27100,1,1
1705592700000,20240328,4760000,C,126400,126800,1,1
1705592700000,20240328,4760000,P,87100,87800,1,1
1705592700000,20240328,5080000,C,10200,10500,1,1
1705592700000,20240328,5080000,P,313100,320200,1,1
1705592700000,20240328,5400000,C,600,900,1,1
1705592700000,20240328,5400000,P,632800,640100,1,1
1705592700000,20240328,3050000,C,1736600,1745300,1,1
1705592700000,20240328,3050000,P,1500,1700,1,1
1705592700000,20240328,4330000,C,484700,491500,1,1
1705592700000,20240328,4330000,P,18900,19100,1,1
1705592700000,20240328,4010000,C,791600,799000,1,1
1705592700000,20240328,4010000,P,8100,8300,1,1
1705592700000,20240328,4650000,C,204200,208800,1,1
1705592700000,20240328,4650000,P,56300,56800,1,1
1705592700000,20240328,4970000,C,29400,30000,1,1
1705592700000,20240328,4970000,P,206700,213100,1,1
1705592700000,20240328,3900000,C,899000,906500,1,1
1705592700000,20240328,3900000,P,6400,6600,1,1
1705592700000,20240328,4220000,C,588800,595800,1,1
1705592700000,20240328,4220000,P,13700,13900,1,1
1705592700000,20240328,4540000,C,294700,300700,1,1
1705592700000,20240328,4540000,P,37600,38100,1,1
1705592700000,20240328,4860000,C,69600,70200,1,1
1705592700000,20240328,4860000,P,130300,135200,1,1
1705592700000,20240328,5180000,C,3500,3800,1,1
1705592700000,20240328,5180000,P,413000,420200,1,1
1705592700000,20240328,5500000,C,400,600,1,1
1705592700000,20240328,5500000,P,732800,740100,1,1
1705592700000,20240328,3150000,C,1637800,1646300,1,1
1705592700000,20240328,3150000,P,1700,1900,1,1
1705592700000,20240328,4110000,C,694600,701800,1,1
1705592700000,20240328,4110000,P,10300,10400,1,1
1705592700000,20240328,4430000,C,392300,398800,1,1
1705592700000,20240328,4430000,P,25800,26200,1,1
1705592700000,20240328,4750000,C,133100,133700,1,1
1705592700000,20240328,4750000,P,83600,84300,1,1
1705592700000,20240328,5070000,C,11200,11800,1,1
1705592700000,20240328,5070000,P,303100,310200,1,1
1705592700000,20240328,4000000,C,801400,808700,1,1
1705592700000,20240328,4000000,P,8000,8100,1,1
1705592700000,20240328,4320000,C,494100,500900,1,1
1705592700000,20240328,4320000,P,18300,18500,1,1
1705592700000,20240328,4960000,C,32100,32700,1,1
1705592700000,20240328,4960000,P,198300,204700,1,1
1705592700000,20240328,4640000,C,211900,216700,1,1
1705592700000,20240328,4640000,P,54200,54800,1,1
1705592700000,20240328,5600000,C,200,500,1,1
1705592700000,20240328,5600000,P,832700,840100,1,1
1705592700000,20240328,5280000,C,1300,1600,1,1
1705592700000,20240328,5280000,P,512900,520100,1,1
1705592700000,20240328,3250000,C,1539000,1547400,1,1
1705592700000,20240328,3250000,P,2000,2200,1,1
1705592700000,20240328,4210000,C,598400,605400,1,1
1705592700000,20240328,4210000,P,13300,13500,1,1
1705592700000,20240328,4530000,C,303300,309400,1,1
1705592700000,20240328,4530000,P,36300,36800,1,1
1705592700000,20240328,4850000,C,74500,75100,1,1
1705592700000,20240328,4850000,P,126000,129700,1,1
1705592700000,20240328,5170000,C,3900,4200,1,1
1705592700000,20240328,5170000,P,403000,410200,1,1
1705592700000,20240328,5270000,C,1400,1700,1,1
1705592700000,20240328,5270000,P,502900,510100,1,1
1705592700000,20240328,4100000,C,704200,711500,1,1
1705592700000,20240328,4100000,P,10000,10200,1,1
1705592700000,20240328,4420000,C,401500,408000,1,1
1705592700000,20240328,4420000,P,25000,25400,1,1
1705592700000,20240328,4740000,C,139700,140500,1,1
1705592700000,20240328,4740000,P,80300,80900,1,1
1705592700000,20240328,5060000,C,12400,13000,1,1
1705592700000,20240328,5060000,P,293100,300200,1,1
1705592700000,20240328,5700000,C,100,400,1,1
1705592700000,20240328,5700000,P,932600,940100,1,1
1705592700000,20240328,3350000,C,1440300,1448500,1,1
1705592700000,20240328,3350000,P,2400,2600,1,1
1705592700000,20240328,4310000,C,503500,510300,1,1
1705592700000,20240328,4310000,P,17700,18000,1,1
1705592700000,20240328,4950000,C,35000,35500,1,1
1705592700000,20240328,4950000,P,190300,196500,1,1
1705592700000,20240328,4630000,C,219500,225100,1,1
1705592700000,20240328,4630000,P,52200,52800,1,1
1705592700000,20240328,4200000,C,607900,615000,1,1
1705592700000,20240328,4200000,P,13000,13200,1,1
1705592700000,20240328,4520000,C,312000,318100,1,1
1705592700000,20240328,4520000,P,35000,35600,1,1
1705592700000,20240328,4840000,C,79500,80100,1,1
1705592700000,20240328,4840000,P,119700,124400,1,1
1705592700000,20240328,5160000,C,4300,4700,1,1
1705592700000,20240328,5160000,P,393000,400200,1,1
1705592700000,20240328,3450000,C,1341600,1349700,1,1
1705592700000,20240328,3450000,P,2900,3000,1,1
1705592700000,20240328,4090000,C,713900,721200,1,1
1705592700000,20240328,4090000,P,9800,9900,1,1
1705592700000,20240328,4410000,C,410600,417200,1,1
1705592700000,20240328,4410000,P,24200,24600,1,1
1705592700000,20240328,5050000,C,13800,14200,1,1
1705592700000,20240328,5050000,P,283100,290200,1,1
1705592700000,20240328,4730000,C,146600,147400,1,1
1705592700000,20240328,4730000,P,77100,77700,1,1
1705592700000,20240328,4300000,C,512900,519800,1,1
1705592700000,20240328,4300000,P,17200,17500,1,1
1705592700000,20240328,3980000,C,820800,828200,1,1
1705592700000,20240328,3980000,P,7600,7800,1,1
1705592700000,20240328,4940000,C,38100,38700,1,1
1705592700000,20240328,4940000,P,182500,188600,1,1
1705592700000,20240328,4620000,C,227600,233200,1,1
1705592700000,20240328,4620000,P,50400,50800,1,1
1705592700000,20240328,5260000,C,1600,1900,1,1
1705592700000,20240328,5260000,P,492900,500100,1,1
1705592700000,20240328,3550000,C,1243000,1251000,1,1
1705592700000,20240328,3550000,P,3400,3600,1,1
1705592700000,20240328,4190000,C,617500,624600,1,1
1705592700000,20240328,4190000,P,12600,12800,1,1
1705592700000,20240328,4510000,C,320800,326900,1,1
1705592700000,20240328,4510000,P,33800,34300,1,1
1705592700000,20240328,5150000,C,4900,5100,1,1
1705592700000,20240328,5150000,P,383000,390200,1,1
1705592700000,20240328,4830000,C,84700,85400,1,1
1705592700000,20240328,4830000,P,114800,119100,1,1
1705592700000,20240328,5250000,C,1700,2000,1,1
1705592700000,20240328,5250000,P,483000,490100,1,1
1705592700000,20240328,2800000,C,1983800,1992800,1,1
1705592700000,20240328,2800000,P,1000,1200,1,1
1705592700000,20240328,4400000,C,419800,426400,1,1
1705592700000,20240328,4400000,P,23500,23800,1,1
1705592700000,20240328,4080000,C,723600,730900,1,1
1705592700000,20240328,4080000,P,9500,9700,1,1
1705592700000,20240328,5040000,C,15300,15700,1,1
1705592700000,20240328,5040000,P,273100,280200,1,1
1705592700000,20240328,4720000,C,153700,154500,1,1
1705592700000,20240328,4720000,P,74100,74700,1,1
1705592700000,20240328,3650000,C,1144500,1152400,1,1
1705592700000,20240328,3650000,P,4000,4200,1,1
1705592700000,20240328,3970000,C,830600,838000,1,1
1705592700000,20240328,3970000,P,7400,7600,1,1
1705592700000,20240328,4290000,C,522300,529200,1,1
1705592700000,20240328,4290000,P,16700,17000,1,1
1705592700000,20240328,4930000,C,41300,41900,1,1
1705592700000,20240328,4930000,P,175000,181000,1,1
1705592700000,20240328,4610000,C,235700,241400,1,1
1705592700000,20240328,4610000,P,48400,49000,1,1
1705592700000,20240328,5350000,C,900,1000,1,1
1705592700000,20240328,5350000,P,582900,590100,1,1
1705592700000,20240328,2900000,C,1884900,1893800,1,1
1705592700000,20240328,2900000,P,1200,1300,1,1
1705592700000,20240328,4500000,C,329600,335800,1,1
1705592700000,20240328,4500000,P,32700,33200,1,1
1705592700000,20240328,4180000,C,627100,634200,1,1
1705592700000,20240328,4180000,P,12300,12500,1,1
1705592700000,20240328,4820000,C,90200,90800,1,1
1705592700000,20240328,4820000,P,111800,112500,1,1
1705592700000,20240328,5140000,C,5400,5700,1,1
1705592700000,20240328,5140000,P,373000,380200,1,1
1705592700000,20240328,3750000,C,1046200,1053900,1,1
1705592700000,20240328,3750000,P,4800,5000,1,1
1705592700000,20240328,4390000,C,429000,435600,1,1
1705592700000,20240328,4390000,P,22600,23100,1,1
1705592700000,20240328,4070000,C,733300,740600,1,1
1705592700000,20240328,4070000,P,9300,9500,1,1
1705592700000,20240328,5030000,C,16800,17300,1,1
1705592700000,20240328,5030000,P,263100,270200,1,1
1705592700000,20240328,4710000,C,160700,161700,1,1
1705592700000,20240328,4710000,P,71200,71800,1,1
1705592700000,20240328,5450000,C,500,700,1,1
1705592700000,20240328,5450000,P,682800,690100,1,1
1705592700000,20240328,3000000,C,1786000,1794800,1,1
1705592700000,20240328,3000000,P,1400,1600,1,1
1705592700000,20240328,3640000,C,1154400,1162200,1,1
1705592700000,20240328,3640000,P,3900,4100,1,1
1705592700000,20240328,3960000,C,840400,847800,1,1
1705592700000,20240328,3960000,P,7300,7400,1,1
1705592700000,20240328,4280000,C,531800,538700,1,1
1705592700000,20240328,4280000,P,16200,16500,1,1
1705592700000,20240328,4600000,C,244300,249300,1,1
1705592700000,20240328,4600000,P,46700,47200,1,1
1705592700000,20240328,4920000,C,44700,45300,1,1
1705592700000,20240328,4920000,P,167900,173700,1,1
1705592700000,20240328,5240000,C,1900,2200,1,1
1705592700000,20240328,5240000,P,473000,480100,1,1
1705592700000,20240328,3850000,C,948000,955600,1,1
1705592700000,20240328,3850000,P,5800,6000,1,1
1705592700000,20240328,4170000,C,636700,643800,1,1
1705592700000,20240328,4170000,P,11900,12200,1,1
1705592700000,20240328,4490000,C,338400,344700,1,1
1705592700000,20240328,4490000,P,31600,32100,1,1
1705592700000,20240328,4810000,C,95800,96400,1,1
1705592700000,20240328,4810000,P,107200,107900,1,1
1705592700000,20240328,5130000,C,6100,6300,1,1
1705592700000,20240328,5130000,P,363000,370200,1,1
1705592700000,20240328,5550000,C,300,600,1,1
1705592700000,20240328,5550000,P,782700,790100,1,1
1705592700000,20240328,3100000,C,1687200,1695800,1,1
1705592700000,20240328,3100000,P,1600,1800,1,1
1705592700000,20240328,4380000,C,438200,444900,1,1
1705592700000,20240328,4380000,P,21900,22400,1,1
1705592700000,20240328,4060000,C,743000,750300,1,1
1705592700000,20240328,4060000,P,9100,9300,1,1
1705592700000,20240328,4700000,C,168000,169000,1,1
1705592700000,20240328,4700000,P,68400,69000,1,1
1705592700000,20240328,5020000,C,18600,19000,1,1
1705592700000,20240328,5020000,P,253100,260200,1,1
1705592700000,20240328,3950000,C,850100,857600,1,1
1705592700000,20240328,3950000,P,7100,7300,1,1
1705592700000,20240328,4270000,C,541200,548200,1,1
1705592700000,20240328,4270000,P,15800,16000,1,1
1705592700000,20240328,4910000,C,48400,49000,1,1
1705592700000,20240328,4910000,P,161000,166600,1,1
1705592700000,20240328,5230000,C,2100,2400,1,1
1705592700000,20240328,5230000,P,463000,470200,1,1
1705592700000,20240328,4590000,C,252200,258000,1,1
1705592700000,20240328,4590000,P,45000,45500,1,1
