1704296700000,20240103,4160000,C,526700,533900,1,1
1704296700000,20240103,4480000,C,208100,213900,1,1
1704296700000,20240103,4800000,P,107200,110700,1,1
1704296700000,20240103,4370000,C,316500,324100,1,1
1704296700000,20240103,4050000,C,636600,643800,1,1
1704296700000,20240103,4690000,C,3400,3500,1,1
1704296700000,20240103,4690000,P,3100,3200,1,1
1704296700000,20240103,4260000,C,426700,434000,1,1
1704296700000,20240103,4580000,C,109100,113600,1,1
1704296700000,20240103,4900000,P,206000,211900,1,1
1704296700000,20240103,4150000,C,536500,544000,1,1
1704296700000,20240103,4470000,C,219000,223900,1,1
1704296700000,20240103,4790000,P,96700,100700,1,1
1704296700000,20240103,4360000,C,326700,334000,1,1
1704296700000,20240103,4040000,C,649600,651600,1,1
1704296700000,20240103,5000000,P,305800,313000,1,1
1704296700000,20240103,4680000,C,10600,11400,1,1
1704296700000,20240103,4680000,P,500,600,1,1
1704296700000,20240103,4250000,C,436500,443900,1,1
1704296700000,20240103,4570000,C,119100,123800,1,1
1704296700000,20240103,4890000,P,195800,201000,1,1
1704296700000,20240103,4140000,C,546500,553800,1,1
1704296700000,20240103,4460000,C,227700,233700,1,1
1704296700000,20240103,4780000,P,86400,90900,1,1
1704296700000,20240103,5100000,P,405900,413200,1,1
1704296700000,20240103,4350000,C,338100,343600,1,1
1704296700000,20240103,4030000,C,659600,661600,1,1
1704296700000,20240103,4670000,C,20200,20600,1,1
1704296700000,20240103,4670000,P,100,200,1,1
1704296700000,20240103,4990000,P,296000,303300,1,1
1704296700000,20240103,4240000,C,446500,454000,1,1
1704296700000,20240103,4560000,C,129000,134000,1,1
1704296700000,20240103,5200000,P,505900,513200,1,1
1704296700000,20240103,4880000,P,186100,191900,1,1
1704296700000,20240103,4130000,C,556600,563800,1,1
1704296700000,20240103,4450000,C,238100,243500,1,1
1704296700000,20240103,4770000,P,76200,82500,1,1
1704296700000,20240103,4340000,C,346500,354000,1,1
1704296700000,20240103,4020000,C,669600,671600,1,1
1704296700000,20240103,4660000,C,30100,31000,1,1
1704296700000,20240103,4980000,P,286100,293200,1,1
1704296700000,20240103,5300000,P,606100,613000,1,1
1704296700000,20240103,4230000,C,456500,464000,1,1
1704296700000,20240103,4550000,C,139000,143500,1,1
1704296700000,20240103,4870000,P,176300,181900,1,1
1704296700000,20240103,4120000,C,566600,574000,1,1
1704296700000,20240103,4440000,C,246500,253900,1,1
1704296700000,20240103,4760000,P,68800,72600,1,1
1704296700000,20240103,5400000,P,708600,710700,1,1
1704296700000,20240103,4330000,C,356600,363800,1,1
1704296700000,20240103,4650000,C,40000,44100,1,1
1704296700000,20240103,4970000,P,276000,283400,1,1
1704296700000,20240103,4220000,C,466600,473700,1,1
1704296700000,20240103,4540000,C,148100,152800,1,1
1704296700000,20240103,4860000,P,166000,170900,1,1
1704296700000,20240103,4110000,C,576500,584000,1,1
1704296700000,20240103,4430000,C,256600,264000,1,1
1704296700000,20240103,4750000,P,59200,61500,1,1
1704296700000,20240103,4320000,C,366500,374100,1,1
1704296700000,20240103,4640000,C,49200,53900,1,1
1704296700000,20240103,4960000,P,266000,273400,1,1
1704296700000,20240103,4210000,C,476500,484000,1,1
1704296700000,20240103,4530000,C,159000,162800,1,1
1704296700000,20240103,4850000,P,156200,161900,1,1
1704296700000,20240103,4100000,C,586500,594000,1,1
1704296700000,20240103,4420000,C,266500,273900,1,1
1704296700000,20240103,4740000,P,48700,53200,1,1
1704296700000,20240103,4310000,C,376600,383900,1,1
1704296700000,20240103,4950000,P,256100,263200,1,1
1704296700000,20240103,4630000,C,59200,63900,1,1
1704296700000,20240103,4200000,C,486600,494000,1,1
1704296700000,20240103,4520000,C,168100,173600,1,1
1704296700000,20240103,4840000,P,146100,151900,1,1
1704296700000,20240103,4090000,C,596500,603700,1,1
1704296700000,20240103,4410000,C,276600,283900,1,1
1704296700000,20240103,4730000,P,39500,40000,1,1
1704296700000,20240103,5050000,P,356600,363100,1,1
1704296700000,20240103,4300000,C,386700,394000,1,1
1704296700000,20240103,4940000,P,246100,253300,1,1
1704296700000,20240103,4620000,C,69200,73800,1,1
1704296700000,20240103,4190000,C,496600,503900,1,1
1704296700000,20240103,4510000,C,178100,183700,1,1
1704296700000,20240103,4830000,P,136000,140600,1,1
1704296700000,20240103,5150000,P,455900,463300,1,1
1704296700000,20240103,5250000,P,555800,563100,1,1
1704296700000,20240103,4400000,C,288100,293700,1,1
1704296700000,20240103,4080000,C,606500,614000,1,1
1704296700000,20240103,4720000,P,29100,30000,1,1
1704296700000,20240103,4290000,C,396500,403900,1,1
1704296700000,20240103,4930000,P,236000,243400,1,1
1704296700000,20240103,4610000,C,79100,84000,1,1
1704296700000,20240103,5350000,P,658600,660700,1,1
1704296700000,20240103,4500000,C,188100,193700,1,1
1704296700000,20240103,4180000,C,506500,514000,1,1
1704296700000,20240103,4820000,P,126100,130700,1,1
1704296700000,20240103,4390000,C,296700,303900,1,1
1704296700000,20240103,4070000,C,616500,623900,1,1
1704296700000,20240103,4710000,C,100,200,1,1
1704296700000,20240103,4710000,P,19200,20000,1,1
1704296700000,20240103,5450000,P,758600,760700,1,1
1704296700000,20240103,4280000,C,406500,414100,1,1
1704296700000,20240103,4600000,C,89100,94000,1,1
1704296700000,20240103,4920000,P,226800,231900,1,1
1704296700000,20240103,4170000,C,516600,523800,1,1
1704296700000,20240103,4490000,C,198100,203700,1,1
1704296700000,20240103,4810000,P,116500,121000,1,1
1704296700000,20240103,4380000,C,306600,313900,1,1
1704296700000,20240103,4060000,C,626500,633900,1,1
1704296700000,20240103,4700000,C,700,800,1,1
1704296700000,20240103,4700000,P,10000,10500,1,1
1704296700000,20240103,4270000,C,416500,423900,1,1
1704296700000,20240103,4910000,P,216500,221900,1,1
1704296700000,20240103,4590000,C,99100,104000,1,1
1704296700000,20240104,4160000,C,529300,535700,1,1
1704296700000,20240104,4480000,C,209600,215800,1,1
1704296700000,20240104,4800000,C,100,200,1,1
1704296700000,20240104,4800000,P,106700,111700,1,1
1704296700000,20240104,4370000,C,319900,325800,1,1
1704296700000,20240104,4050000,C,639300,645700,1,1
1704296700000,20240104,4690000,C,13600,13700,1,1
1704296700000,20240104,4690000,P,10800,10900,1,1
1704296700000,20240104,4260000,C,429400,435800,1,1
1704296700000,20240104,4580000,C,111700,115500,1,1
1704296700000,20240104,4580000,P,100,200,1,1
1704296700000,20240104,4900000,P,206400,212200,1,1
1704296700000,20240104,4150000,C,539300,545500,1,1
1704296700000,20240104,4470000,C,219600,225700,1,1
1704296700000,20240104,4790000,C,100,200,1,1
1704296700000,20240104,4790000,P,96500,101700,1,1
1704296700000,20240104,4360000,C,329900,335800,1,1
1704296700000,20240104,4040000,C,649300,655600,1,1
1704296700000,20240104,5000000,P,307100,312700,1,1
1704296700000,20240104,4680000,C,19600,19900,1,1
1704296700000,20240104,4680000,P,6900,7000,1,1
1704296700000,20240104,4250000,C,439500,445700,1,1
1704296700000,20240104,4570000,C,121700,125800,1,1
1704296700000,20240104,4570000,P,100,200,1,1
1704296700000,20240104,4890000,P,196400,202200,1,1
1704296700000,20240104,4140000,C,549300,555700,1,1
1704296700000,20240104,4460000,C,229600,235700,1,1
1704296700000,20240104,4780000,C,100,200,1,1
1704296700000,20240104,4780000,P,86500,92700,1,1
1704296700000,20240104,5100000,P,406400,412700,1,1
1704296700000,20240104,4350000,C,339900,345800,1,1
1704296700000,20240104,4030000,C,659300,665700,1,1
1704296700000,20240104,4670000,C,26700,27300,1,1
1704296700000,20240104,4670000,P,4100,4200,1,1
1704296700000,20240104,4990000,P,296800,302700,1,1
1704296700000,20240104,4240000,C,449400,455800,1,1
1704296700000,20240104,4560000,C,131700,135700,1,1
1704296700000,20240104,4560000,P,100,200,1,1
1704296700000,20240104,5200000,P,506400,512700,1,1
1704296700000,20240104,4880000,P,186400,192200,1,1
1704296700000,20240104,4130000,C,559400,565600,1,1
1704296700000,20240104,4450000,C,239700,245300,1,1
1704296700000,20240104,4770000,C,200,300,1,1
1704296700000,20240104,4770000,P,77000,82800,1,1
1704296700000,20240104,4340000,C,349900,355800,1,1
1704296700000,20240104,4020000,C,669500,675500,1,1
1704296700000,20240104,4660000,C,34700,35700,1,1
1704296700000,20240104,4660000,P,2300,2400,1,1
1704296700000,20240104,4980000,P,287100,292700,1,1
1704296700000,20240104,5300000,P,606400,612700,1,1
1704296700000,20240104,4230000,C,459500,465800,1,1
1704296700000,20240104,4550000,C,140300,145800,1,1
1704296700000,20240104,4550000,P,100,200,1,1
1704296700000,20240104,4870000,P,176600,182200,1,1
1704296700000,20240104,4120000,C,569300,575700,1,1
1704296700000,20240104,4440000,C,249500,255700,1,1
1704296700000,20240104,4760000,C,200,300,1,1
1704296700000,20240104,4760000,P,66500,72200,1,1
1704296700000,20240104,5400000,P,706300,712700,1,1
1704296700000,20240104,4330000,C,359900,365600,1,1
1704296700000,20240104,4650000,C,43500,44700,1,1
1704296700000,20240104,4650000,P,1300,1400,1,1
1704296700000,20240104,4970000,P,277100,282200,1,1
1704296700000,20240104,4220000,C,469400,475800,1,1
1704296700000,20240104,4540000,C,150300,155500,1,1
1704296700000,20240104,4540000,P,100,200,1,1
1704296700000,20240104,4860000,P,166500,172200,1,1
1704296700000,20240104,4110000,C,579300,585600,1,1
1704296700000,20240104,4430000,C,259500,265600,1,1
1704296700000,20240104,4750000,C,500,600,1,1
1704296700000,20240104,4750000,P,56600,62200,1,1
1704296700000,20240104,4320000,C,369900,375700,1,1
1704296700000,20240104,4960000,P,266800,272700,1,1
1704296700000,20240104,4640000,C,52900,54200,1,1
1704296700000,20240104,4640000,P,700,800,1,1
1704296700000,20240104,4210000,C,479400,485800,1,1
1704296700000,20240104,4530000,C,160300,165600,1,1
1704296700000,20240104,4530000,P,100,200,1,1
1704296700000,20240104,4850000,P,156700,162300,1,1
1704296700000,20240104,4100000,C,589300,595700,1,1
1704296700000,20240104,4420000,C,269600,275500,1,1
1704296700000,20240104,4740000,C,900,1000,1,1
1704296700000,20240104,4740000,P,47000,50000,1,1
1704296700000,20240104,4310000,C,379900,385500,1,1
1704296700000,20240104,4950000,P,256600,262200,1,1
1704296700000,20240104,4630000,C,60700,66000,1,1
1704296700000,20240104,4630000,P,400,500,1,1
1704296700000,20240104,4200000,C,489400,495800,1,1
1704296700000,20240104,4520000,C,170500,175700,1,1
1704296700000,20240104,4520000,P,100,200,1,1
1704296700000,20240104,4840000,P,146800,152800,1,1
1704296700000,20240104,4090000,C,599400,605600,1,1
1704296700000,20240104,4410000,C,280000,285700,1,1
1704296700000,20240104,4730000,C,1800,1900,1,1
1704296700000,20240104,4730000,P,39300,40000,1,1
1704296700000,20240104,5050000,P,356800,362700,1,1
1704296700000,20240104,4300000,C,389400,395800,1,1
1704296700000,20240104,4940000,P,246700,252200,1,1
1704296700000,20240104,4620000,C,72000,76300,1,1
1704296700000,20240104,4620000,P,200,300,1,1
1704296700000,20240104,4190000,C,499500,505700,1,1
1704296700000,20240104,4510000,C,180500,185500,1,1
1704296700000,20240104,4510000,P,100,200,1,1
1704296700000,20240104,4830000,P,136700,140500,1,1
1704296700000,20240104,5150000,P,456400,462700,1,1
1704296700000,20240104,5250000,P,556400,562700,1,1
1704296700000,20240104,4400000,C,290000,295700,1,1
1704296700000,20240104,4080000,C,609300,615700,1,1
1704296700000,20240104,4720000,C,3100,3200,1,1
1704296700000,20240104,4720000,P,30300,31200,1,1
1704296700000,20240104,4290000,C,399400,405800,1,1
1704296700000,20240104,4930000,P,236900,242100,1,1
1704296700000,20240104,4610000,C,81900,86200,1,1
1704296700000,20240104,4610000,P,200,300,1,1
1704296700000,20240104,5350000,P,656300,662700,1,1
1704296700000,20240104,4500000,C,189800,195700,1,1
1704296700000,20240104,4500000,P,100,200,1,1
1704296700000,20240104,4180000,C,509400,515700,1,1
1704296700000,20240104,4820000,P,126900,130500,1,1
1704296700000,20240104,4390000,C,300000,305700,1,1
1704296700000,20240104,4070000,C,619300,625700,1,1
1704296700000,20240104,4710000,C,5400,5500,1,1
1704296700000,20240104,4710000,P,22400,22900,1,1
1704296700000,20240104,5450000,P,756300,762500,1,1
1704296700000,20240104,4280000,C,409400,415800,1,1
1704296700000,20240104,4600000,C,91800,95400,1,1
1704296700000,20240104,4600000,P,100,200,1,1
1704296700000,20240104,4920000,P,226600,232200,1,1
1704296700000,20240104,4170000,C,519500,525600,1,1
1704296700000,20240104,4490000,C,199600,205900,1,1
1704296700000,20240104,4810000,P,116800,120500,1,1
1704296700000,20240104,4380000,C,310100,315400,1,1
1704296700000,20240104,4060000,C,629300,635700,1,1
1704296700000,20240104,4700000,C,8900,9000,1,1
1704296700000,20240104,4700000,P,16000,16100,1,1
1704296700000,20240104,4270000,C,419400,425800,1,1
1704296700000,20240104,4910000,P,216400,222200,1,1
1704296700000,20240104,4590000,C,101800,105600,1,1
1704296700000,20240104,4590000,P,100,200,1,1
1704296700000,20240105,3200000,C,1489300,1495700,1,1
1704296700000,20240105,3840000,C,849800,856100,1,1
1704296700000,20240105,4480000,C,210900,216800,1,1
1704296700000,20240105,4480000,P,100,200,1,1
1704296700000,20240105,4475000,C,215400,221800,1,1
1704296700000,20240105,4475000,P,100,200,1,1
1704296700000,20240105,3410000,C,1279400,1285800,1,1
1704296700000,20240105,4050000,C,640000,646400,1,1
1704296700000,20240105,4690000,C,20500,20600,1,1
1704296700000,20240105,4690000,P,16900,17100,1,1
1704296700000,20240105,3620000,C,1069600,1076000,1,1
1704296700000,20240105,4260000,C,430200,436600,1,1
1704296700000,20240105,4260000,P,100,200,1,1
1704296700000,20240105,4900000,P,206400,212800,1,1
1704296700000,20240105,3830000,C,859800,866200,1,1
1704296700000,20240105,4470000,C,220500,226700,1,1
1704296700000,20240105,4470000,P,100,200,1,1
1704296700000,20240105,3400000,C,1289400,1295800,1,1
1704296700000,20240105,4040000,C,650000,656400,1,1
1704296700000,20240105,4680000,C,26200,26400,1,1
1704296700000,20240105,4680000,P,12800,12900,1,1
1704296700000,20240105,3610000,C,1079600,1086000,1,1
1704296700000,20240105,4250000,C,440200,446600,1,1
1704296700000,20240105,4250000,P,100,200,1,1
1704296700000,20240105,4890000,P,196400,202300,1,1
1704296700000,20240105,3820000,C,869900,876200,1,1
1704296700000,20240105,4460000,C,230500,236700,1,1
1704296700000,20240105,4460000,P,100,200,1,1
1704296700000,20240105,5100000,P,406400,412700,1,1
1704296700000,20240105,2750000,C,1938900,1945300,1,1
1704296700000,20240105,3390000,C,1299500,1305700,1,1
1704296700000,20240105,4030000,C,660000,666400,1,1
1704296700000,20240105,4670000,C,32800,33100,1,1
1704296700000,20240105,4670000,P,9400,9500,1,1
1704296700000,20240105,3600000,C,1089600,1096000,1,1
1704296700000,20240105,4240000,C,450200,456600,1,1
1704296700000,20240105,4240000,P,100,200,1,1
1704296700000,20240105,4880000,P,186400,192300,1,1
1704296700000,20240105,3810000,C,879800,886200,1,1
1704296700000,20240105,4450000,C,240400,246800,1,1
1704296700000,20240105,4450000,P,100,200,1,1
1704296700000,20240105,3380000,C,1309400,1315800,1,1
1704296700000,20240105,4020000,C,670000,676400,1,1
1704296700000,20240105,4660000,C,39900,40500,1,1
1704296700000,20240105,4660000,P,6700,6800,1,1
1704296700000,20240105,5300000,P,606400,612700,1,1
1704296700000,20240105,2950000,C,1739100,1745500,1,1
1704296700000,20240105,3590000,C,1099700,1106000,1,1
1704296700000,20240105,4230000,C,460200,466600,1,1
1704296700000,20240105,4230000,P,100,200,1,1
1704296700000,20240105,4870000,C,100,200,1,1
1704296700000,20240105,4870000,P,176400,182300,1,1
1704296700000,20240105,3800000,C,889900,896100,1,1
1704296700000,20240105,4440000,C,250400,256700,1,1
1704296700000,20240105,4440000,P,100,200,1,1
1704296700000,20240105,3370000,C,1319400,1325800,1,1
1704296700000,20240105,4010000,C,680000,686400,1,1
1704296700000,20240105,4650000,C,47700,48600,1,1
1704296700000,20240105,4650000,P,4700,4800,1,1
1704296700000,20240105,3580000,C,1109700,1116000,1,1
1704296700000,20240105,4220000,C,470200,476600,1,1
1704296700000,20240105,4220000,P,100,200,1,1
1704296700000,20240105,4860000,C,100,200,1,1
1704296700000,20240105,4860000,P,166400,172600,1,1
1704296700000,20240105,5500000,P,806400,812600,1,1
1704296700000,20240105,3150000,C,1539200,1545500,1,1
1704296700000,20240105,3790000,C,899800,906100,1,1
1704296700000,20240105,4430000,C,260400,266800,1,1
1704296700000,20240105,4430000,P,100,200,1,1
1704296700000,20240105,4425000,C,265400,271700,1,1
1704296700000,20240105,4425000,P,100,200,1,1
1704296700000,20240105,3360000,C,1329400,1335800,1,1
1704296700000,20240105,4000000,C,690000,696300,1,1
1704296700000,20240105,4640000,C,56200,57200,1,1
1704296700000,20240105,4640000,P,3200,3300,1,1
1704296700000,20240105,3570000,C,1119600,1126000,1,1
1704296700000,20240105,4210000,C,480400,486500,1,1
1704296700000,20240105,4210000,P,100,200,1,1
1704296700000,20240105,4850000,C,100,200,1,1
1704296700000,20240105,4850000,P,156400,162300,1,1
1704296700000,20240105,3780000,C,909800,916100,1,1
1704296700000,20240105,4420000,C,270400,276700,1,1
1704296700000,20240105,4420000,P,100,200,1,1
1704296700000,20240105,3350000,C,1339900,1345800,1,1
1704296700000,20240105,3990000,C,699900,706300,1,1
1704296700000,20240105,4630000,C,65100,66300,1,1
1704296700000,20240105,4630000,P,2200,2300,1,1
1704296700000,20240105,4625000,C,69700,70900,1,1
1704296700000,20240105,4625000,P,1900,2000,1,1
1704296700000,20240105,3560000,C,1129600,1136000,1,1
1704296700000,20240105,4200000,C,490400,496500,1,1
1704296700000,20240105,4200000,P,100,200,1,1
1704296700000,20240105,4840000,C,100,200,1,1
1704296700000,20240105,4840000,P,146400,152600,1,1
1704296700000,20240105,3770000,C,919700,926100,1,1
1704296700000,20240105,4410000,C,280400,286700,1,1
1704296700000,20240105,4410000,P,100,200,1,1
1704296700000,20240105,5050000,P,356400,362700,1,1
1704296700000,20240105,2700000,C,1989200,1995100,1,1
1704296700000,20240105,3340000,C,1349400,1355800,1,1
1704296700000,20240105,3980000,C,709900,716300,1,1
1704296700000,20240105,4620000,C,72300,78200,1,1
1704296700000,20240105,4620000,P,1500,1600,1,1
1704296700000,20240105,3550000,C,1139600,1146000,1,1
1704296700000,20240105,4190000,C,500300,506500,1,1
1704296700000,20240105,4190000,P,100,200,1,1
1704296700000,20240105,4830000,C,100,200,1,1
1704296700000,20240105,4830000,P,136400,140500,1,1
1704296700000,20240105,5250000,P,556400,562700,1,1
1704296700000,20240105,3760000,C,929800,936100,1,1
1704296700000,20240105,4400000,C,290400,296700,1,1
1704296700000,20240105,4400000,P,100,200,1,1
1704296700000,20240105,3330000,C,1359400,1365800,1,1
1704296700000,20240105,3970000,C,719900,726300,1,1
1704296700000,20240105,4610000,C,81900,87700,1,1
1704296700000,20240105,4610000,P,1100,1200,1,1
1704296700000,20240105,2900000,C,1789000,1795400,1,1
1704296700000,20240105,3540000,C,1149600,1155900,1,1
1704296700000,20240105,4180000,C,510100,516400,1,1
1704296700000,20240105,4820000,C,200,300,1,1
1704296700000,20240105,4820000,P,126500,130500,1,1
1704296700000,20240105,3750000,C,939700,946100,1,1
1704296700000,20240105,4390000,C,300400,306600,1,1
1704296700000,20240105,4390000,P,100,200,1,1
1704296700000,20240105,5450000,P,756300,762700,1,1
1704296700000,20240105,3320000,C,1369400,1375800,1,1
1704296700000,20240105,3960000,C,729900,736300,1,1
1704296700000,20240105,4600000,C,91400,97400,1,1
1704296700000,20240105,4600000,P,800,900,1,1
1704296700000,20240105,3530000,C,1159500,1165900,1,1
1704296700000,20240105,4170000,C,520100,526500,1,1
1704296700000,20240105,4810000,C,200,300,1,1
1704296700000,20240105,4810000,P,116600,120500,1,1
1704296700000,20240105,3100000,C,1589300,1595400,1,1
1704296700000,20240105,3740000,C,949700,956000,1,1
1704296700000,20240105,4380000,C,310300,316700,1,1
1704296700000,20240105,4380000,P,100,200,1,1
1704296700000,20240105,3310000,C,1379400,1385800,1,1
1704296700000,20240105,3950000,C,739900,746300,1,1
1704296700000,20240105,4590000,C,101200,107200,1,1
1704296700000,20240105,4590000,P,600,700,1,1
1704296700000,20240105,3520000,C,1169500,1175900,1,1
1704296700000,20240105,4160000,C,530100,536500,1,1
1704296700000,20240105,4800000,C,300,400,1,1
1704296700000,20240105,4800000,P,107800,110500,1,1
1704296700000,20240105,3730000,C,959700,966100,1,1
1704296700000,20240105,4370000,C,320400,326700,1,1
1704296700000,20240105,4370000,P,100,200,1,1
1704296700000,20240105,3300000,C,1389400,1395800,1,1
1704296700000,20240105,4580000,C,111000,117000,1,1
1704296700000,20240105,4580000,P,400,500,1,1
1704296700000,20240105,3940000,C,749900,756300,1,1
1704296700000,20240105,4575000,C,116200,122100,1,1
1704296700000,20240105,4575000,P,400,500,1,1
1704296700000,20240105,3510000,C,1179500,1185900,1,1
1704296700000,20240105,4150000,C,540100,546500,1,1
1704296700000,20240105,4790000,C,400,500,1,1
1704296700000,20240105,4790000,P,96500,100500,1,1
1704296700000,20240105,3720000,C,969700,976000,1,1
1704296700000,20240105,4360000,C,330400,336600,1,1
1704296700000,20240105,4360000,P,100,200,1,1
1704296700000,20240105,5000000,P,306400,312700,1,1
1704296700000,20240105,3930000,C,759900,766100,1,1
1704296700000,20240105,3290000,C,1399400,1405800,1,1
1704296700000,20240105,4570000,C,120800,126900,1,1
1704296700000,20240105,4570000,P,400,500,1,1
1704296700000,20240105,3500000,C,1189500,1195800,1,1
1704296700000,20240105,4140000,C,550300,556500,1,1
1704296700000,20240105,4780000,C,600,700,1,1
1704296700000,20240105,4780000,P,86600,92700,1,1
1704296700000,20240105,3710000,C,979700,986100,1,1
1704296700000,20240105,4350000,C,340300,346600,1,1
1704296700000,20240105,4350000,P,100,200,1,1
1704296700000,20240105,4990000,P,296400,302300,1,1
1704296700000,20240105,3920000,C,770100,776300,1,1
1704296700000,20240105,3280000,C,1409400,1415600,1,1
1704296700000,20240105,4560000,C,130800,136900,1,1
1704296700000,20240105,4560000,P,300,400,1,1
1704296700000,20240105,5200000,P,506500,512600,1,1
1704296700000,20240105,2850000,C,1839100,1845400,1,1
1704296700000,20240105,3490000,C,1199500,1205900,1,1
1704296700000,20240105,4130000,C,560100,566500,1,1
1704296700000,20240105,4770000,C,1000,1100,1,1
1704296700000,20240105,4770000,P,76400,80700,1,1
1704296700000,20240105,3700000,C,989700,996100,1,1
1704296700000,20240105,4340000,C,350300,356600,1,1
1704296700000,20240105,4340000,P,100,200,1,1
1704296700000,20240105,4980000,P,286500,292200,1,1
1704296700000,20240105,3270000,C,1419300,1425700,1,1
1704296700000,20240105,3910000,C,779900,786200,1,1
1704296700000,20240105,4550000,C,140600,146900,1,1
1704296700000,20240105,4550000,P,300,400,1,1
1704296700000,20240105,3480000,C,1209600,1215800,1,1
1704296700000,20240105,4120000,C,570100,576500,1,1
1704296700000,20240105,4760000,C,1600,1700,1,1
1704296700000,20240105,4760000,P,69000,70500,1,1
1704296700000,20240105,5400000,P,706300,712700,1,1
1704296700000,20240105,3050000,C,1639200,1645600,1,1
1704296700000,20240105,3690000,C,999800,1006000,1,1
1704296700000,20240105,4330000,C,360300,366700,1,1
1704296700000,20240105,4330000,P,100,200,1,1
1704296700000,20240105,4970000,P,276400,282700,1,1
1704296700000,20240105,3260000,C,1429300,1435700,1,1
1704296700000,20240105,3900000,C,789900,796200,1,1
1704296700000,20240105,4540000,C,150600,156900,1,1
1704296700000,20240105,4540000,P,200,300,1,1
1704296700000,20240105,3470000,C,1219500,1225900,1,1
1704296700000,20240105,4110000,C,580100,586400,1,1
1704296700000,20240105,4750000,C,2500,2600,1,1
1704296700000,20240105,4750000,P,59300,60600,1,1
1704296700000,20240105,3680000,C,1009800,1016100,1,1
1704296700000,20240105,4320000,C,370500,376500,1,1
1704296700000,20240105,4320000,P,100,200,1,1
1704296700000,20240105,4960000,P,266400,272600,1,1
1704296700000,20240105,3250000,C,1439300,1445700,1,1
1704296700000,20240105,3890000,C,800100,806200,1,1
1704296700000,20240105,4530000,C,160500,166900,1,1
1704296700000,20240105,4530000,P,200,300,1,1
1704296700000,20240105,4525000,C,165500,171900,1,1
1704296700000,20240105,4525000,P,200,300,1,1
1704296700000,20240105,3460000,C,1229500,1235900,1,1
1704296700000,20240105,4100000,C,590200,596400,1,1
1704296700000,20240105,4740000,C,3900,4000,1,1
1704296700000,20240105,4740000,P,50200,51300,1,1
1704296700000,20240105,3670000,C,1019700,1026100,1,1
1704296700000,20240105,4310000,C,380300,386600,1,1
1704296700000,20240105,4310000,P,100,200,1,1
1704296700000,20240105,4950000,P,256500,262600,1,1
1704296700000,20240105,3880000,C,810000,816200,1,1
1704296700000,20240105,4520000,C,170900,176900,1,1
1704296700000,20240105,4520000,P,200,300,1,1
1704296700000,20240105,3450000,C,1240000,1245900,1,1
1704296700000,20240105,4090000,C,600000,606400,1,1
1704296700000,20240105,4730000,C,5700,5800,1,1
1704296700000,20240105,4730000,P,42100,42600,1,1
1704296700000,20240105,3660000,C,1029700,1036000,1,1
1704296700000,20240105,4300000,C,390400,396600,1,1
1704296700000,20240105,4300000,P,100,200,1,1
1704296700000,20240105,4940000,P,246400,252700,1,1
1704296700000,20240105,3870000,C,819800,826200,1,1
1704296700000,20240105,4510000,C,180900,186800,1,1
1704296700000,20240105,4510000,P,200,300,1,1
1704296700000,20240105,5150000,P,456400,462700,1,1
1704296700000,20240105,2800000,C,1889100,1895300,1,1
1704296700000,20240105,3440000,C,1249500,1255900,1,1
1704296700000,20240105,4080000,C,610100,616300,1,1
1704296700000,20240105,4720000,C,8200,8300,1,1
1704296700000,20240105,4720000,P,34600,35000,1,1
1704296700000,20240105,3650000,C,1039600,1046000,1,1
1704296700000,20240105,4290000,C,400200,406600,1,1
1704296700000,20240105,4290000,P,100,200,1,1
1704296700000,20240105,4930000,P,236400,242700,1,1
1704296700000,20240105,5350000,P,656300,662700,1,1
1704296700000,20240105,3860000,C,829800,836200,1,1
1704296700000,20240105,4500000,C,190500,196800,1,1
1704296700000,20240105,4500000,P,200,300,1,1
1704296700000,20240105,3430000,C,1259500,1265900,1,1
1704296700000,20240105,4070000,C,620000,626400,1,1
1704296700000,20240105,4710000,C,11400,11500,1,1
1704296700000,20240105,4710000,P,27800,28200,1,1
1704296700000,20240105,3000000,C,1689100,1695500,1,1
1704296700000,20240105,3640000,C,1049600,1056000,1,1
1704296700000,20240105,4280000,C,410400,416600,1,1
1704296700000,20240105,4280000,P,100,200,1,1
1704296700000,20240105,4920000,P,226400,232700,1,1
1704296700000,20240105,3850000,C,839800,846200,1,1
1704296700000,20240105,4490000,C,200500,206800,1,1
1704296700000,20240105,4490000,P,200,300,1,1
1704296700000,20240105,3420000,C,1269500,1275800,1,1
1704296700000,20240105,4060000,C,630200,636200,1,1
1704296700000,20240105,4700000,C,15500,15600,1,1
1704296700000,20240105,4700000,P,22000,22100,1,1
1704296700000,20240105,3630000,C,1059600,1066000,1,1
1704296700000,20240105,4270000,C,420200,426600,1,1
1704296700000,20240105,4270000,P,100,200,1,1
1704296700000,20240105,4910000,P,216500,222800,1,1
1704296700000,20240108,4160000,C,530800,537200,1,1
1704296700000,20240108,4160000,P,100,200,1,1
1704296700000,20240108,4480000,C,211400,217500,1,1
1704296700000,20240108,4480000,P,200,300,1,1
1704296700000,20240108,4800000,C,600,700,1,1
1704296700000,20240108,4800000,P,106500,110500,1,1
1704296700000,20240108,4370000,C,321100,327300,1,1
1704296700000,20240108,4370000,P,200,300,1,1
1704296700000,20240108,4690000,C,24600,24700,1,1
1704296700000,20240108,4690000,P,20400,20500,1,1
1704296700000,20240108,4260000,C,430900,437300,1,1
1704296700000,20240108,4260000,P,100,200,1,1
1704296700000,20240108,4580000,C,112400,118400,1,1
1704296700000,20240108,4580000,P,1000,1100,1,1
1704296700000,20240108,4900000,P,206400,212300,1,1
1704296700000,20240108,4150000,C,540800,547200,1,1
1704296700000,20240108,4150000,P,100,200,1,1
1704296700000,20240108,4470000,C,221200,227600,1,1
1704296700000,20240108,4470000,P,200,300,1,1
1704296700000,20240108,4790000,C,900,1000,1,1
1704296700000,20240108,4790000,P,96400,102300,1,1
1704296700000,20240108,4360000,C,331100,337400,1,1
1704296700000,20240108,4360000,P,200,300,1,1
1704296700000,20240108,5000000,P,306500,312600,1,1
1704296700000,20240108,4680000,C,30300,30600,1,1
1704296700000,20240108,4680000,P,16100,16300,1,1
1704296700000,20240108,4250000,C,440900,447300,1,1
1704296700000,20240108,4250000,P,100,200,1,1
1704296700000,20240108,4570000,C,122300,128200,1,1
1704296700000,20240108,4570000,P,800,900,1,1
1704296700000,20240108,4890000,P,196400,202700,1,1
1704296700000,20240108,4140000,C,550800,557200,1,1
1704296700000,20240108,4140000,P,100,200,1,1
1704296700000,20240108,4460000,C,231200,237600,1,1
1704296700000,20240108,4460000,P,200,300,1,1
1704296700000,20240108,4780000,C,1300,1400,1,1
1704296700000,20240108,4780000,P,86500,92300,1,1
1704296700000,20240108,5100000,P,406500,412600,1,1
1704296700000,20240108,4350000,C,341000,347400,1,1
1704296700000,20240108,4350000,P,200,300,1,1
1704296700000,20240108,4670000,C,36700,37100,1,1
1704296700000,20240108,4670000,P,12600,12700,1,1
1704296700000,20240108,4990000,P,296400,302700,1,1
1704296700000,20240108,4240000,C,450900,457300,1,1
1704296700000,20240108,4240000,P,100,200,1,1
1704296700000,20240108,4560000,C,132300,138100,1,1
1704296700000,20240108,4560000,P,600,700,1,1
1704296700000,20240108,5200000,P,506600,512400,1,1
1704296700000,20240108,4880000,P,186500,192700,1,1
1704296700000,20240108,4130000,C,560800,567200,1,1
1704296700000,20240108,4130000,P,100,200,1,1
1704296700000,20240108,4450000,C,241300,247500,1,1
1704296700000,20240108,4450000,P,200,300,1,1
1704296700000,20240108,4770000,C,2000,2100,1,1
1704296700000,20240108,4770000,P,79000,80500,1,1
1704296700000,20240108,4340000,C,351100,357400,1,1
1704296700000,20240108,4340000,P,200,300,1,1
1704296700000,20240108,4660000,C,43700,44200,1,1
1704296700000,20240108,4660000,P,9700,9800,1,1
1704296700000,20240108,4980000,P,286400,292700,1,1
1704296700000,20240108,5300000,P,606300,612700,1,1
1704296700000,20240108,4230000,C,460900,467300,1,1
1704296700000,20240108,4230000,P,100,200,1,1
1704296700000,20240108,4550000,C,142100,147800,1,1
1704296700000,20240108,4550000,P,500,600,1,1
1704296700000,20240108,4870000,P,176400,182300,1,1
1704296700000,20240108,4120000,C,570800,577200,1,1
1704296700000,20240108,4120000,P,100,200,1,1
1704296700000,20240108,4440000,C,251200,257500,1,1
1704296700000,20240108,4440000,P,200,300,1,1
1704296700000,20240108,4760000,C,3000,3100,1,1
1704296700000,20240108,4760000,P,69300,70700,1,1
1704296700000,20240108,5400000,P,706300,712700,1,1
1704296700000,20240108,4330000,C,361000,367400,1,1
1704296700000,20240108,4330000,P,200,300,1,1
1704296700000,20240108,4650000,C,51200,51900,1,1
1704296700000,20240108,4650000,P,7300,7400,1,1
1704296700000,20240108,4970000,P,276400,282700,1,1
1704296700000,20240108,4220000,C,471000,477300,1,1
1704296700000,20240108,4220000,P,100,200,1,1
1704296700000,20240108,4540000,C,151600,157900,1,1
1704296700000,20240108,4540000,P,500,600,1,1
1704296700000,20240108,4860000,C,100,200,1,1
1704296700000,20240108,4860000,P,166400,172700,1,1
1704296700000,20240108,4110000,C,580900,586800,1,1
1704296700000,20240108,4110000,P,100,200,1,1
1704296700000,20240108,4430000,C,261200,267500,1,1
1704296700000,20240108,4430000,P,200,300,1,1
1704296700000,20240108,4750000,C,4400,4500,1,1
1704296700000,20240108,4750000,P,60200,61400,1,1
1704296700000,20240108,4320000,C,371100,377400,1,1
1704296700000,20240108,4320000,P,200,300,1,1
1704296700000,20240108,4640000,C,59200,60100,1,1
1704296700000,20240108,4640000,P,5500,5600,1,1
1704296700000,20240108,4960000,P,266400,272700,1,1
1704296700000,20240108,4210000,C,480900,487300,1,1
1704296700000,20240108,4210000,P,100,200,1,1
1704296700000,20240108,4530000,C,161600,167800,1,1
1704296700000,20240108,4530000,P,400,500,1,1
1704296700000,20240108,4850000,C,100,200,1,1
1704296700000,20240108,4850000,P,156400,162300,1,1
1704296700000,20240108,4100000,C,590700,597100,1,1
1704296700000,20240108,4100000,P,100,200,1,1
1704296700000,20240108,4420000,C,271100,277500,1,1
1704296700000,20240108,4420000,P,200,300,1,1
1704296700000,20240108,4740000,C,6200,6300,1,1
1704296700000,20240108,4740000,P,51900,52800,1,1
1704296700000,20240108,4310000,C,381000,387400,1,1
1704296700000,20240108,4310000,P,200,300,1,1
1704296700000,20240108,4950000,P,256400,262700,1,1
1704296700000,20240108,4630000,C,67700,68800,1,1
1704296700000,20240108,4630000,P,4000,4100,1,1
1704296700000,20240108,4200000,C,491100,497100,1,1
1704296700000,20240108,4200000,P,100,200,1,1
1704296700000,20240108,4520000,C,171400,177700,1,1
1704296700000,20240108,4520000,P,400,500,1,1
1704296700000,20240108,4840000,C,100,200,1,1
1704296700000,20240108,4840000,P,146500,152300,1,1
1704296700000,20240108,4090000,C,600700,606900,1,1
1704296700000,20240108,4090000,P,100,200,1,1
1704296700000,20240108,4410000,C,281100,287500,1,1
1704296700000,20240108,4410000,P,200,300,1,1
1704296700000,20240108,4730000,C,8500,8600,1,1
1704296700000,20240108,4730000,P,44300,44900,1,1
1704296700000,20240108,5050000,P,356400,362700,1,1
1704296700000,20240108,4300000,C,391000,397400,1,1
1704296700000,20240108,4300000,P,200,300,1,1
1704296700000,20240108,4940000,P,246400,252700,1,1
1704296700000,20240108,4620000,C,76600,77800,1,1
1704296700000,20240108,4620000,P,3000,3100,1,1
1704296700000,20240108,4190000,C,500900,507200,1,1
1704296700000,20240108,4190000,P,100,200,1,1
1704296700000,20240108,4510000,C,181500,187700,1,1
1704296700000,20240108,4510000,P,400,500,1,1
1704296700000,20240108,4830000,C,200,300,1,1
1704296700000,20240108,4830000,P,136400,142300,1,1
1704296700000,20240108,5150000,P,456400,462700,1,1
1704296700000,20240108,5250000,P,556400,562700,1,1
1704296700000,20240108,4400000,C,291100,297500,1,1
1704296700000,20240108,4400000,P,200,300,1,1
1704296700000,20240108,4080000,C,610700,617100,1,1
1704296700000,20240108,4080000,P,100,200,1,1
1704296700000,20240108,4720000,C,11500,11600,1,1
1704296700000,20240108,4720000,P,37200,37700,1,1
1704296700000,20240108,4290000,C,401000,407400,1,1
1704296700000,20240108,4290000,P,100,200,1,1
1704296700000,20240108,4930000,P,236400,242700,1,1
1704296700000,20240108,4610000,C,85800,87000,1,1
1704296700000,20240108,4610000,P,2200,2300,1,1
1704296700000,20240108,5350000,P,656300,662700,1,1
1704296700000,20240108,4500000,C,191300,197700,1,1
1704296700000,20240108,4500000,P,300,400,1,1
1704296700000,20240108,4180000,C,510800,517200,1,1
1704296700000,20240108,4180000,P,100,200,1,1
1704296700000,20240108,4820000,C,200,300,1,1
1704296700000,20240108,4820000,P,126400,132700,1,1
1704296700000,20240108,4390000,C,301100,307500,1,1
1704296700000,20240108,4390000,P,200,300,1,1
1704296700000,20240108,4070000,C,620700,627100,1,1
1704296700000,20240108,4070000,P,100,200,1,1
1704296700000,20240108,4710000,C,15100,15200,1,1
1704296700000,20240108,4710000,P,30900,31200,1,1
1704296700000,20240108,5450000,P,756300,762700,1,1
1704296700000,20240108,4280000,C,411000,417300,1,1
1704296700000,20240108,4280000,P,100,200,1,1
1704296700000,20240108,4600000,C,94900,99100,1,1
1704296700000,20240108,4600000,P,1600,1700,1,1
1704296700000,20240108,4920000,P,226400,232700,1,1
1704296700000,20240108,4170000,C,520800,527200,1,1
1704296700000,20240108,4170000,P,100,200,1,1
1704296700000,20240108,4490000,C,201700,207600,1,1
1704296700000,20240108,4490000,P,300,400,1,1
1704296700000,20240108,4810000,C,400,500,1,1
1704296700000,20240108,4810000,P,116400,122300,1,1
1704296700000,20240108,4380000,C,311100,317500,1,1
1704296700000,20240108,4380000,P,200,300,1,1
1704296700000,20240108,4060000,C,630700,637100,1,1
1704296700000,20240108,4060000,P,100,200,1,1
1704296700000,20240108,4700000,C,19500,19600,1,1
1704296700000,20240108,4700000,P,25300,25400,1,1
1704296700000,20240108,4270000,C,421000,427200,1,1
1704296700000,20240108,4270000,P,100,200,1,1
1704296700000,20240108,4910000,P,216400,222700,1,1
1704296700000,20240108,4590000,C,102900,108500,1,1
1704296700000,20240108,4590000,P,1300,1400,1,1
1704296700000,20240109,4160000,C,531700,537800,1,1
1704296700000,20240109,4160000,P,200,300,1,1
1704296700000,20240109,4480000,C,212400,218300,1,1
1704296700000,20240109,4480000,P,500,600,1,1
1704296700000,20240109,4800000,C,1100,1200,1,1
1704296700000,20240109,4800000,P,106400,112800,1,1
1704296700000,20240109,4370000,C,321900,328300,1,1
1704296700000,20240109,4370000,P,300,400,1,1
1704296700000,20240109,4690000,C,27700,27900,1,1
1704296700000,20240109,4690000,P,22800,23000,1,1
1704296700000,20240109,4260000,C,431800,438000,1,1
1704296700000,20240109,4260000,P,200,300,1,1
1704296700000,20240109,4580000,C,114200,119800,1,1
1704296700000,20240109,4580000,P,1700,1800,1,1
1704296700000,20240109,4900000,C,100,200,1,1
1704296700000,20240109,4900000,P,206500,212500,1,1
1704296700000,20240109,4150000,C,541500,547900,1,1
1704296700000,20240109,4150000,P,200,300,1,1
1704296700000,20240109,4470000,C,222200,228500,1,1
1704296700000,20240109,4470000,P,400,500,1,1
1704296700000,20240109,4790000,C,1600,1700,1,1
1704296700000,20240109,4790000,P,96500,102800,1,1
1704296700000,20240109,4360000,C,331900,338300,1,1
1704296700000,20240109,4360000,P,300,400,1,1
1704296700000,20240109,5000000,P,306400,312700,1,1
1704296700000,20240109,4680000,C,33500,33800,1,1
1704296700000,20240109,4680000,P,18600,18800,1,1
1704296700000,20240109,4250000,C,441700,448100,1,1
1704296700000,20240109,4250000,P,200,300,1,1
1704296700000,20240109,4570000,C,123800,129800,1,1
1704296700000,20240109,4570000,P,1400,1500,1,1
1704296700000,20240109,4890000,C,100,200,1,1
1704296700000,20240109,4890000,P,196400,202700,1,1
1704296700000,20240109,4140000,C,551500,557900,1,1
1704296700000,20240109,4140000,P,200,300,1,1
1704296700000,20240109,4460000,C,232100,238500,1,1
1704296700000,20240109,4460000,P,400,500,1,1
1704296700000,20240109,4780000,C,2300,2400,1,1
1704296700000,20240109,4780000,P,87200,92500,1,1
1704296700000,20240109,5100000,P,406400,412700,1,1
1704296700000,20240109,4350000,C,342000,348100,1,1
1704296700000,20240109,4350000,P,300,400,1,1
1704296700000,20240109,4670000,C,39800,40300,1,1
1704296700000,20240109,4670000,P,15000,15100,1,1
1704296700000,20240109,4990000,P,296400,302700,1,1
1704296700000,20240109,4240000,C,451700,458100,1,1
1704296700000,20240109,4240000,P,200,300,1,1
1704296700000,20240109,4560000,C,135100,139500,1,1
1704296700000,20240109,4560000,P,1100,1200,1,1
1704296700000,20240109,5200000,P,506400,512700,1,1
1704296700000,20240109,4880000,C,100,200,1,1
1704296700000,20240109,4880000,P,186400,192700,1,1
1704296700000,20240109,4130000,C,561500,567900,1,1
1704296700000,20240109,4130000,P,200,300,1,1
1704296700000,20240109,4450000,C,242100,248400,1,1
1704296700000,20240109,4450000,P,400,500,1,1
1704296700000,20240109,4770000,C,3200,3300,1,1
1704296700000,20240109,4770000,P,79200,80600,1,1
1704296700000,20240109,4340000,C,351800,358200,1,1
1704296700000,20240109,4340000,P,300,400,1,1
1704296700000,20240109,4660000,C,46700,47300,1,1
1704296700000,20240109,4660000,P,12000,12100,1,1
1704296700000,20240109,4980000,P,286400,292700,1,1
1704296700000,20240109,5300000,P,606300,612700,1,1
1704296700000,20240109,4230000,C,461700,468000,1,1
1704296700000,20240109,4230000,P,200,300,1,1
1704296700000,20240109,4550000,C,143100,149400,1,1
1704296700000,20240109,4550000,P,1000,1100,1,1
1704296700000,20240109,4870000,C,100,200,1,1
1704296700000,20240109,4870000,P,176400,182700,1,1
1704296700000,20240109,4120000,C,571900,577900,1,1
1704296700000,20240109,4120000,P,200,300,1,1
1704296700000,20240109,4440000,C,252100,258400,1,1
1704296700000,20240109,4440000,P,400,500,1,1
1704296700000,20240109,4760000,C,4500,4600,1,1
1704296700000,20240109,4760000,P,70000,71200,1,1
1704296700000,20240109,5400000,P,706300,712700,1,1
1704296700000,20240109,4330000,C,361800,368200,1,1
1704296700000,20240109,4330000,P,300,400,1,1
1704296700000,20240109,4650000,C,54100,54800,1,1
1704296700000,20240109,4650000,P,9400,9600,1,1
1704296700000,20240109,4970000,P,276400,282700,1,1
1704296700000,20240109,4220000,C,471900,477900,1,1
1704296700000,20240109,4220000,P,200,300,1,1
1704296700000,20240109,4540000,C,152900,159300,1,1
1704296700000,20240109,4540000,P,800,900,1,1
1704296700000,20240109,4860000,C,100,200,1,1
1704296700000,20240109,4860000,P,166400,172600,1,1
1704296700000,20240109,4110000,C,581700,587800,1,1
1704296700000,20240109,4110000,P,200,300,1,1
1704296700000,20240109,4430000,C,262200,268200,1,1
1704296700000,20240109,4430000,P,300,400,1,1
1704296700000,20240109,4750000,C,6200,6300,1,1
1704296700000,20240109,4750000,P,61500,62400,1,1
1704296700000,20240109,4320000,C,371800,378200,1,1
1704296700000,20240109,4320000,P,200,300,1,1
1704296700000,20240109,4640000,C,61900,62800,1,1
1704296700000,20240109,4640000,P,7400,7500,1,1
1704296700000,20240109,4960000,P,266500,272600,1,1
1704296700000,20240109,4210000,C,481600,488000,1,1
1704296700000,20240109,4210000,P,200,300,1,1
1704296700000,20240109,4530000,C,162600,168900,1,1
1704296700000,20240109,4530000,P,700,800,1,1
1704296700000,20240109,4850000,C,200,300,1,1
1704296700000,20240109,4850000,P,156400,162700,1,1
1704296700000,20240109,4100000,C,591600,597800,1,1
1704296700000,20240109,4100000,P,100,200,1,1
1704296700000,20240109,4420000,C,272000,278400,1,1
1704296700000,20240109,4420000,P,300,400,1,1
1704296700000,20240109,4740000,C,8300,8400,1,1
1704296700000,20240109,4740000,P,53500,54300,1,1
1704296700000,20240109,4310000,C,381800,388200,1,1
1704296700000,20240109,4310000,P,200,300,1,1
1704296700000,20240109,4950000,P,256400,262700,1,1
1704296700000,20240109,4630000,C,70200,71200,1,1
1704296700000,20240109,4630000,P,5700,5800,1,1
1704296700000,20240109,4200000,C,491600,497800,1,1
1704296700000,20240109,4200000,P,200,300,1,1
1704296700000,20240109,4520000,C,172600,178700,1,1
1704296700000,20240109,4520000,P,700,800,1,1
1704296700000,20240109,4840000,C,200,300,1,1
1704296700000,20240109,4840000,P,146500,152600,1,1
1704296700000,20240109,4090000,C,601400,607800,1,1
1704296700000,20240109,4090000,P,100,200,1,1
1704296700000,20240109,4410000,C,282200,288200,1,1
1704296700000,20240109,4410000,P,300,400,1,1
1704296700000,20240109,4730000,C,10900,11100,1,1
1704296700000,20240109,4730000,P,46100,46700,1,1
1704296700000,20240109,5050000,P,356400,362700,1,1
1704296700000,20240109,4300000,C,392000,398100,1,1
1704296700000,20240109,4300000,P,200,300,1,1
1704296700000,20240109,4940000,C,100,200,1,1
1704296700000,20240109,4940000,P,246400,252700,1,1
1704296700000,20240109,4620000,C,78800,79900,1,1
1704296700000,20240109,4620000,P,4400,4500,1,1
1704296700000,20240109,4190000,C,501600,508000,1,1
1704296700000,20240109,4190000,P,200,300,1,1
1704296700000,20240109,4510000,C,182500,188600,1,1
1704296700000,20240109,4510000,P,600,700,1,1
1704296700000,20240109,4830000,C,300,400,1,1
1704296700000,20240109,4830000,P,136500,142700,1,1
1704296700000,20240109,5150000,P,456500,462700,1,1
1704296700000,20240109,5250000,P,556400,562700,1,1
1704296700000,20240109,4400000,C,292000,298300,1,1
1704296700000,20240109,4400000,P,300,400,1,1
1704296700000,20240109,4080000,C,611500,617800,1,1
1704296700000,20240109,4080000,P,100,200,1,1
1704296700000,20240109,4720000,C,14200,14300,1,1
1704296700000,20240109,4720000,P,39300,39700,1,1
1704296700000,20240109,4290000,C,401800,407900,1,1
1704296700000,20240109,4290000,P,200,300,1,1
1704296700000,20240109,4930000,C,100,200,1,1
1704296700000,20240109,4930000,P,236400,242800,1,1
1704296700000,20240109,4610000,C,87800,88900,1,1
1704296700000,20240109,4610000,P,3400,3500,1,1
1704296700000,20240109,5350000,P,656500,662600,1,1
1704296700000,20240109,4500000,C,192300,198600,1,1
1704296700000,20240109,4500000,P,500,600,1,1
1704296700000,20240109,4180000,C,511600,518000,1,1
1704296700000,20240109,4180000,P,200,300,1,1
1704296700000,20240109,4820000,C,500,600,1,1
1704296700000,20240109,4820000,P,126700,132700,1,1
1704296700000,20240109,4390000,C,302000,308200,1,1
1704296700000,20240109,4390000,P,300,400,1,1
1704296700000,20240109,4070000,C,621400,627600,1,1
1704296700000,20240109,4070000,P,100,200,1,1
1704296700000,20240109,4710000,C,18100,18200,1,1
1704296700000,20240109,4710000,P,33200,33400,1,1
1704296700000,20240109,5450000,P,756300,762700,1,1
1704296700000,20240109,4280000,C,411700,418100,1,1
1704296700000,20240109,4280000,P,200,300,1,1
1704296700000,20240109,4600000,C,97000,98200,1,1
1704296700000,20240109,4600000,P,2700,2800,1,1
1704296700000,20240109,4920000,C,100,200,1,1
1704296700000,20240109,4920000,P,226400,232700,1,1
1704296700000,20240109,4170000,C,521600,528000,1,1
1704296700000,20240109,4170000,P,200,300,1,1
1704296700000,20240109,4490000,C,202700,208500,1,1
1704296700000,20240109,4490000,P,500,600,1,1
1704296700000,20240109,4810000,C,700,800,1,1
1704296700000,20240109,4810000,P,116500,122000,1,1
1704296700000,20240109,4380000,C,312000,318200,1,1
1704296700000,20240109,4380000,P,300,400,1,1
1704296700000,20240109,4060000,C,631400,637800,1,1
1704296700000,20240109,4060000,P,100,200,1,1
1704296700000,20240109,4700000,C,22600,22700,1,1
1704296700000,20240109,4700000,P,27700,27900,1,1
1704296700000,20240109,4270000,C,421700,428100,1,1
1704296700000,20240109,4270000,P,200,300,1,1
1704296700000,20240109,4910000,C,100,200,1,1
1704296700000,20240109,4910000,P,216400,222700,1,1
1704296700000,20240109,4590000,C,104700,110400,1,1
1704296700000,20240109,4590000,P,2100,2200,1,1
1704296700000,20240110,4160000,C,532300,538700,1,1
1704296700000,20240110,4160000,P,200,300,1,1
1704296700000,20240110,4480000,C,213400,219300,1,1
1704296700000,20240110,4480000,P,700,800,1,1
1704296700000,20240110,4800000,C,1700,1800,1,1
1704296700000,20240110,4800000,P,106400,112800,1,1
1704296700000,20240110,4370000,C,322800,329100,1,1
1704296700000,20240110,4370000,P,400,500,1,1
1704296700000,20240110,4690000,C,30700,30900,1,1
1704296700000,20240110,4690000,P,25200,25300,1,1
1704296700000,20240110,4260000,C,432500,438900,1,1
1704296700000,20240110,4260000,P,300,400,1,1
1704296700000,20240110,4580000,C,115800,121700,1,1
1704296700000,20240110,4580000,P,2600,2700,1,1
1704296700000,20240110,4900000,C,100,200,1,1
1704296700000,20240110,4900000,P,206600,212600,1,1
1704296700000,20240110,4150000,C,542400,548700,1,1
1704296700000,20240110,4150000,P,200,300,1,1
1704296700000,20240110,4470000,C,223200,229400,1,1
1704296700000,20240110,4470000,P,700,800,1,1
1704296700000,20240110,4790000,C,2400,2500,1,1
1704296700000,20240110,4790000,P,96400,102700,1,1
1704296700000,20240110,4360000,C,332700,339100,1,1
1704296700000,20240110,4360000,P,400,500,1,1
1704296700000,20240110,5000000,P,306400,312700,1,1
1704296700000,20240110,4680000,C,36500,36800,1,1
1704296700000,20240110,4680000,P,21000,21100,1,1
1704296700000,20240110,4250000,C,442500,448800,1,1
1704296700000,20240110,4250000,P,300,400,1,1
1704296700000,20240110,4570000,C,125200,131300,1,1
1704296700000,20240110,4570000,P,2100,2200,1,1
1704296700000,20240110,4890000,C,100,200,1,1
1704296700000,20240110,4890000,P,196400,202700,1,1
1704296700000,20240110,4140000,C,552300,558500,1,1
1704296700000,20240110,4140000,P,200,300,1,1
1704296700000,20240110,4460000,C,233100,239400,1,1
1704296700000,20240110,4460000,P,600,700,1,1
1704296700000,20240110,4780000,C,3300,3400,1,1
1704296700000,20240110,4780000,P,89100,90600,1,1
1704296700000,20240110,5100000,P,406400,412700,1,1
1704296700000,20240110,4350000,C,342700,349100,1,1
1704296700000,20240110,4350000,P,400,500,1,1
1704296700000,20240110,4670000,C,42900,43300,1,1
1704296700000,20240110,4670000,P,17300,17500,1,1
1704296700000,20240110,4990000,C,100,200,1,1
1704296700000,20240110,4990000,P,296400,302700,1,1
1704296700000,20240110,4240000,C,452500,458700,1,1
1704296700000,20240110,4240000,P,300,400,1,1
1704296700000,20240110,4560000,C,134800,140900,1,1
1704296700000,20240110,4560000,P,1800,1900,1,1
1704296700000,20240110,5200000,P,506400,512700,1,1
1704296700000,20240110,4880000,C,100,200,1,1
1704296700000,20240110,4880000,P,186400,192700,1,1
1704296700000,20240110,4130000,C,562200,568600,1,1
1704296700000,20240110,4130000,P,200,300,1,1
1704296700000,20240110,4450000,C,243000,249300,1,1
1704296700000,20240110,4450000,P,600,700,1,1
1704296700000,20240110,4770000,C,4500,4600,1,1
1704296700000,20240110,4770000,P,79600,80800,1,1
1704296700000,20240110,4340000,C,352700,359000,1,1
1704296700000,20240110,4340000,P,300,400,1,1
1704296700000,20240110,4660000,C,49700,50200,1,1
1704296700000,20240110,4660000,P,14200,14300,1,1
1704296700000,20240110,4980000,C,100,200,1,1
1704296700000,20240110,4980000,P,286400,292700,1,1
1704296700000,20240110,5300000,P,606400,612600,1,1
1704296700000,20240110,4230000,C,462400,468800,1,1
1704296700000,20240110,4230000,P,300,400,1,1
1704296700000,20240110,4550000,C,144400,150700,1,1
1704296700000,20240110,4550000,P,1500,1600,1,1
1704296700000,20240110,4870000,C,200,300,1,1
1704296700000,20240110,4870000,P,176400,182700,1,1
1704296700000,20240110,4120000,C,572200,578600,1,1
1704296700000,20240110,4120000,P,200,300,1,1
1704296700000,20240110,4440000,C,253100,259200,1,1
1704296700000,20240110,4440000,P,500,600,1,1
1704296700000,20240110,4760000,C,6000,6100,1,1
1704296700000,20240110,4760000,P,70900,71900,1,1
1704296700000,20240110,5400000,P,706300,712700,1,1
1704296700000,20240110,4330000,C,362600,369000,1,1
1704296700000,20240110,4330000,P,300,400,1,1
1704296700000,20240110,4650000,C,57000,57600,1,1
1704296700000,20240110,4650000,P,11600,11700,1,1
1704296700000,20240110,4970000,P,276400,282700,1,1
1704296700000,20240110,4220000,C,472400,478800,1,1
1704296700000,20240110,4220000,P,300,400,1,1
1704296700000,20240110,4540000,C,154200,160500,1,1
1704296700000,20240110,4540000,P,1300,1400,1,1
1704296700000,20240110,4860000,C,200,300,1,1
1704296700000,20240110,4860000,P,166500,172600,1,1
1704296700000,20240110,4110000,C,582200,588600,1,1
1704296700000,20240110,4110000,P,200,300,1,1
1704296700000,20240110,4430000,C,263000,269300,1,1
1704296700000,20240110,4430000,P,500,600,1,1
1704296700000,20240110,4750000,C,8000,8100,1,1
1704296700000,20240110,4750000,P,62700,63600,1,1
1704296700000,20240110,4320000,C,372600,379000,1,1
1704296700000,20240110,4320000,P,300,400,1,1
1704296700000,20240110,4640000,C,64600,65400,1,1
1704296700000,20240110,4640000,P,9300,9500,1,1
1704296700000,20240110,4960000,P,266400,272700,1,1
1704296700000,20240110,4210000,C,482400,488800,1,1
1704296700000,20240110,4210000,P,300,400,1,1
1704296700000,20240110,4530000,C,164100,170300,1,1
1704296700000,20240110,4530000,P,1100,1200,1,1
1704296700000,20240110,4850000,C,300,400,1,1
1704296700000,20240110,4850000,P,156400,162700,1,1
1704296700000,20240110,4100000,C,592200,598600,1,1
1704296700000,20240110,4100000,P,200,300,1,1
1704296700000,20240110,4420000,C,272900,279200,1,1
1704296700000,20240110,4420000,P,500,600,1,1
1704296700000,20240110,4740000,C,10400,10500,1,1
1704296700000,20240110,4740000,P,55000,55700,1,1
1704296700000,20240110,4310000,C,382600,389000,1,1
1704296700000,20240110,4310000,P,300,400,1,1
1704296700000,20240110,4950000,C,100,200,1,1
1704296700000,20240110,4950000,P,256400,262600,1,1
1704296700000,20240110,4630000,C,72700,73700,1,1
1704296700000,20240110,4630000,P,7500,7600,1,1
1704296700000,20240110,4200000,C,492400,498700,1,1
1704296700000,20240110,4200000,P,300,400,1,1
1704296700000,20240110,4520000,C,173800,180200,1,1
1704296700000,20240110,4520000,P,1000,1100,1,1
1704296700000,20240110,4840000,C,400,500,1,1
1704296700000,20240110,4840000,P,146400,152500,1,1
1704296700000,20240110,4090000,C,602200,608500,1,1
1704296700000,20240110,4090000,P,200,300,1,1
1704296700000,20240110,4410000,C,283000,289200,1,1
1704296700000,20240110,4410000,P,400,500,1,1
1704296700000,20240110,4730000,C,13300,13400,1,1
1704296700000,20240110,4730000,P,47800,48400,1,1
1704296700000,20240110,5050000,P,356400,362500,1,1
1704296700000,20240110,4300000,C,392700,398900,1,1
1704296700000,20240110,4300000,P,300,400,1,1
1704296700000,20240110,4940000,C,100,200,1,1
1704296700000,20240110,4940000,P,246400,252700,1,1
1704296700000,20240110,4620000,C,81200,82200,1,1
1704296700000,20240110,4620000,P,6000,6100,1,1
1704296700000,20240110,4190000,C,502300,508700,1,1
1704296700000,20240110,4190000,P,200,300,1,1
1704296700000,20240110,4510000,C,183700,190100,1,1
1704296700000,20240110,4510000,P,900,1000,1,1
1704296700000,20240110,4830000,C,600,700,1,1
1704296700000,20240110,4830000,P,136500,142700,1,1
1704296700000,20240110,5150000,P,456500,462600,1,1
1704296700000,20240110,5250000,P,556400,562700,1,1
1704296700000,20240110,4400000,C,292900,299100,1,1
1704296700000,20240110,4400000,P,400,500,1,1
1704296700000,20240110,4080000,C,612100,618500,1,1
1704296700000,20240110,4080000,P,200,300,1,1
1704296700000,20240110,4720000,C,16700,16800,1,1
1704296700000,20240110,4720000,P,41200,41600,1,1
1704296700000,20240110,4290000,C,402500,408900,1,1
1704296700000,20240110,4290000,P,300,400,1,1
1704296700000,20240110,4930000,C,100,200,1,1
1704296700000,20240110,4930000,P,236400,242600,1,1
1704296700000,20240110,4610000,C,90000,91100,1,1
1704296700000,20240110,4610000,P,4800,4900,1,1
1704296700000,20240110,5350000,P,656500,662500,1,1
1704296700000,20240110,4500000,C,193400,199700,1,1
1704296700000,20240110,4500000,P,800,900,1,1
1704296700000,20240110,4180000,C,512300,518700,1,1
1704296700000,20240110,4180000,P,200,300,1,1
1704296700000,20240110,4820000,C,800,900,1,1
1704296700000,20240110,4820000,P,126400,132800,1,1
1704296700000,20240110,4390000,C,302900,309100,1,1
1704296700000,20240110,4390000,P,400,500,1,1
1704296700000,20240110,4070000,C,622100,628500,1,1
1704296700000,20240110,4070000,P,200,300,1,1
1704296700000,20240110,4710000,C,20800,20900,1,1
1704296700000,20240110,4710000,P,35300,35500,1,1
1704296700000,20240110,5450000,P,756300,762700,1,1
1704296700000,20240110,4280000,C,412500,418900,1,1
1704296700000,20240110,4280000,P,300,400,1,1
1704296700000,20240110,4600000,C,99000,100100,1,1
1704296700000,20240110,4600000,P,3900,4000,1,1
1704296700000,20240110,4920000,C,100,200,1,1
1704296700000,20240110,4920000,P,226400,232600,1,1
1704296700000,20240110,4170000,C,522300,528700,1,1
1704296700000,20240110,4170000,P,200,300,1,1
1704296700000,20240110,4490000,C,203400,209600,1,1
1704296700000,20240110,4490000,P,800,900,1,1
1704296700000,20240110,4810000,C,1200,1300,1,1
1704296700000,20240110,4810000,P,116400,122800,1,1
1704296700000,20240110,4380000,C,313000,318900,1,1
1704296700000,20240110,4380000,P,400,500,1,1
1704296700000,20240110,4060000,C,632200,638500,1,1
1704296700000,20240110,4060000,P,200,300,1,1
1704296700000,20240110,4700000,C,25500,25600,1,1
1704296700000,20240110,4700000,P,29900,30100,1,1
1704296700000,20240110,4270000,C,422500,428800,1,1
1704296700000,20240110,4270000,P,300,400,1,1
1704296700000,20240110,4910000,C,100,200,1,1
1704296700000,20240110,4910000,P,216400,222700,1,1
1704296700000,20240110,4590000,C,108200,109400,1,1
1704296700000,20240110,4590000,P,3200,3300,1,1
1704296700000,20240111,4160000,C,535100,541400,1,1
1704296700000,20240111,4160000,P,300,400,1,1
1704296700000,20240111,4480000,C,216900,223000,1,1
1704296700000,20240111,4480000,P,1300,1400,1,1
1704296700000,20240111,4800000,C,3400,3500,1,1
1704296700000,20240111,4800000,P,106400,112700,1,1
1704296700000,20240111,4370000,C,325900,332100,1,1
1704296700000,20240111,4370000,P,600,700,1,1
1704296700000,20240111,4690000,C,37000,37200,1,1
1704296700000,20240111,4690000,P,28800,28900,1,1
1704296700000,20240111,4260000,C,435300,441700,1,1
1704296700000,20240111,4260000,P,400,500,1,1
1704296700000,20240111,4580000,C,122400,123600,1,1
1704296700000,20240111,4580000,P,4400,4500,1,1
1704296700000,20240111,4900000,C,200,300,1,1
1704296700000,20240111,4900000,P,206400,212600,1,1
1704296700000,20240111,4150000,C,545000,551400,1,1
1704296700000,20240111,4150000,P,300,400,1,1
1704296700000,20240111,4470000,C,226600,233100,1,1
1704296700000,20240111,4470000,P,1200,1300,1,1
1704296700000,20240111,4790000,C,4400,4600,1,1
1704296700000,20240111,4790000,P,99100,100600,1,1
1704296700000,20240111,4360000,C,335700,342100,1,1
1704296700000,20240111,4360000,P,600,700,1,1
1704296700000,20240111,4680000,C,42900,43200,1,1
1704296700000,20240111,4680000,P,24600,24800,1,1
1704296700000,20240111,5000000,C,100,200,1,1
1704296700000,20240111,5000000,P,306400,312700,1,1
1704296700000,20240111,4250000,C,445300,451700,1,1
1704296700000,20240111,4250000,P,400,500,1,1
1704296700000,20240111,4570000,C,131700,133000,1,1
1704296700000,20240111,4570000,P,3700,3800,1,1
1704296700000,20240111,4890000,C,200,300,1,1
1704296700000,20240111,4890000,P,196400,202700,1,1
1704296700000,20240111,4140000,C,555200,561200,1,1
1704296700000,20240111,4140000,P,300,400,1,1
1704296700000,20240111,4460000,C,236600,242900,1,1
1704296700000,20240111,4460000,P,1100,1200,1,1
1704296700000,20240111,4780000,C,5800,5900,1,1
1704296700000,20240111,4780000,P,89500,90800,1,1
1704296700000,20240111,5100000,P,406400,412700,1,1
1704296700000,20240111,4350000,C,345700,352000,1,1
1704296700000,20240111,4350000,P,600,700,1,1
1704296700000,20240111,4670000,C,49300,49700,1,1
1704296700000,20240111,4670000,P,21000,21100,1,1
1704296700000,20240111,4990000,C,100,200,1,1
1704296700000,20240111,4990000,P,296400,302700,1,1
1704296700000,20240111,4240000,C,455300,461700,1,1
1704296700000,20240111,4240000,P,400,500,1,1
1704296700000,20240111,4560000,C,139200,145100,1,1
1704296700000,20240111,4560000,P,3200,3300,1,1
1704296700000,20240111,4880000,C,300,400,1,1
1704296700000,20240111,4880000,P,186400,192700,1,1
1704296700000,20240111,5200000,P,506500,512700,1,1
1704296700000,20240111,4130000,C,565000,571400,1,1
1704296700000,20240111,4130000,P,300,400,1,1
1704296700000,20240111,4450000,C,246300,252600,1,1
1704296700000,20240111,4450000,P,1000,1100,1,1
1704296700000,20240111,4770000,C,7500,7600,1,1
1704296700000,20240111,4770000,P,80800,81900,1,1
1704296700000,20240111,4340000,C,355600,362000,1,1
1704296700000,20240111,4340000,P,600,700,1,1
1704296700000,20240111,4660000,C,56200,56600,1,1
1704296700000,20240111,4660000,P,17700,17900,1,1
1704296700000,20240111,4980000,C,100,200,1,1
1704296700000,20240111,4980000,P,286400,292700,1,1
1704296700000,20240111,5300000,P,606400,612600,1,1
1704296700000,20240111,4230000,C,465300,471600,1,1
1704296700000,20240111,4230000,P,400,500,1,1
1704296700000,20240111,4550000,C,148600,154700,1,1
1704296700000,20240111,4550000,P,2700,2800,1,1
1704296700000,20240111,4870000,C,400,500,1,1
1704296700000,20240111,4870000,P,176400,182700,1,1
1704296700000,20240111,4120000,C,574900,581300,1,1
1704296700000,20240111,4120000,P,300,400,1,1
1704296700000,20240111,4440000,C,256200,262500,1,1
1704296700000,20240111,4440000,P,900,1000,1,1
1704296700000,20240111,4760000,C,9500,9600,1,1
1704296700000,20240111,4760000,P,72600,73500,1,1
1704296700000,20240111,5400000,P,706400,712700,1,1
1704296700000,20240111,4330000,C,365600,372000,1,1
1704296700000,20240111,4330000,P,500,600,1,1
1704296700000,20240111,4650000,C,63300,63900,1,1
1704296700000,20240111,4650000,P,15000,15100,1,1
1704296700000,20240111,4970000,C,100,200,1,1
1704296700000,20240111,4970000,P,276400,282700,1,1
1704296700000,20240111,4220000,C,475200,481600,1,1
1704296700000,20240111,4220000,P,400,500,1,1
1704296700000,20240111,4540000,C,158200,164300,1,1
1704296700000,20240111,4540000,P,2400,2500,1,1
1704296700000,20240111,4860000,C,500,600,1,1
1704296700000,20240111,4860000,P,166400,172700,1,1
1704296700000,20240111,4110000,C,584900,591300,1,1
1704296700000,20240111,4110000,P,300,400,1,1
1704296700000,20240111,4430000,C,266300,272200,1,1
1704296700000,20240111,4430000,P,900,1000,1,1
1704296700000,20240111,4750000,C,12000,12100,1,1
1704296700000,20240111,4750000,P,64800,65500,1,1
1704296700000,20240111,4320000,C,375700,381900,1,1
1704296700000,20240111,4320000,P,500,600,1,1
1704296700000,20240111,4640000,C,70800,71600,1,1
1704296700000,20240111,4640000,P,12600,12700,1,1
1704296700000,20240111,4960000,C,100,200,1,1
1704296700000,20240111,4960000,P,266400,272600,1,1
1704296700000,20240111,4210000,C,485200,491600,1,1
1704296700000,20240111,4210000,P,400,500,1,1
1704296700000,20240111,4530000,C,167800,174000,1,1
1704296700000,20240111,4530000,P,2100,2200,1,1
1704296700000,20240111,4850000,C,700,800,1,1
1704296700000,20240111,4850000,P,156400,162700,1,1
1704296700000,20240111,4100000,C,594900,601300,1,1
1704296700000,20240111,4100000,P,300,400,1,1
1704296700000,20240111,4420000,C,276000,282400,1,1
1704296700000,20240111,4420000,P,800,900,1,1
1704296700000,20240111,4740000,C,14900,15000,1,1
1704296700000,20240111,4740000,P,57400,58100,1,1
1704296700000,20240111,4310000,C,385500,391900,1,1
1704296700000,20240111,4310000,P,500,600,1,1
1704296700000,20240111,4630000,C,78800,79600,1,1
1704296700000,20240111,4630000,P,10500,10700,1,1
1704296700000,20240111,4950000,C,100,200,1,1
1704296700000,20240111,4950000,P,256500,262700,1,1
1704296700000,20240111,4200000,C,495300,501600,1,1
1704296700000,20240111,4200000,P,400,500,1,1
1704296700000,20240111,4520000,C,177500,183800,1,1
1704296700000,20240111,4520000,P,1900,2000,1,1
1704296700000,20240111,4840000,C,1000,1100,1,1
1704296700000,20240111,4840000,P,146400,152600,1,1
1704296700000,20240111,4090000,C,604900,611300,1,1
1704296700000,20240111,4090000,P,300,400,1,1
1704296700000,20240111,4410000,C,286000,292300,1,1
1704296700000,20240111,4410000,P,800,900,1,1
1704296700000,20240111,4730000,C,18200,18400,1,1
1704296700000,20240111,4730000,P,50600,51100,1,1
1704296700000,20240111,5050000,C,100,200,1,1
1704296700000,20240111,5050000,P,356400,362700,1,1
1704296700000,20240111,4300000,C,395500,401900,1,1
1704296700000,20240111,4300000,P,500,600,1,1
1704296700000,20240111,4620000,C,87000,87900,1,1
1704296700000,20240111,4620000,P,8800,8900,1,1
1704296700000,20240111,4940000,C,100,200,1,1
1704296700000,20240111,4940000,P,246400,252400,1,1
1704296700000,20240111,4190000,C,505100,511500,1,1
1704296700000,20240111,4190000,P,300,400,1,1
1704296700000,20240111,4510000,C,187300,193200,1,1
1704296700000,20240111,4510000,P,1700,1800,1,1
1704296700000,20240111,4830000,C,1300,1400,1,1
1704296700000,20240111,4830000,P,136500,142700,1,1
1704296700000,20240111,5150000,P,456400,462700,1,1
1704296700000,20240111,5250000,P,556300,562700,1,1
1704296700000,20240111,4080000,C,615200,621200,1,1
1704296700000,20240111,4080000,P,300,400,1,1
1704296700000,20240111,4400000,C,296000,302200,1,1
1704296700000,20240111,4400000,P,700,800,1,1
1704296700000,20240111,4720000,C,22200,22300,1,1
1704296700000,20240111,4720000,P,44300,44700,1,1
1704296700000,20240111,4290000,C,405500,411800,1,1
1704296700000,20240111,4290000,P,500,600,1,1
1704296700000,20240111,4930000,C,100,200,1,1
1704296700000,20240111,4930000,P,236500,242600,1,1
1704296700000,20240111,4610000,C,95500,96500,1,1
1704296700000,20240111,4610000,P,7400,7500,1,1
1704296700000,20240111,5350000,P,656300,662700,1,1
1704296700000,20240111,4180000,C,515100,521500,1,1
1704296700000,20240111,4180000,P,300,400,1,1
1704296700000,20240111,4500000,C,197100,203400,1,1
1704296700000,20240111,4500000,P,1500,1600,1,1
1704296700000,20240111,4820000,C,1800,1900,1,1
1704296700000,20240111,4820000,P,126400,132800,1,1
1704296700000,20240111,4390000,C,305900,312200,1,1
1704296700000,20240111,4390000,P,700,800,1,1
1704296700000,20240111,4070000,C,624800,631200,1,1
1704296700000,20240111,4070000,P,200,300,1,1
1704296700000,20240111,4710000,C,26600,26700,1,1
1704296700000,20240111,4710000,P,38600,38800,1,1
1704296700000,20240111,5450000,P,756300,762700,1,1
1704296700000,20240111,4280000,C,415500,421700,1,1
1704296700000,20240111,4280000,P,400,500,1,1
1704296700000,20240111,4600000,C,104300,105400,1,1
1704296700000,20240111,4600000,P,6200,6300,1,1
1704296700000,20240111,4920000,C,100,200,1,1
1704296700000,20240111,4920000,P,226400,232700,1,1
1704296700000,20240111,4170000,C,525100,531500,1,1
1704296700000,20240111,4170000,P,400,500,1,1
1704296700000,20240111,4490000,C,206900,213300,1,1
1704296700000,20240111,4490000,P,1400,1500,1,1
1704296700000,20240111,4810000,C,2500,2600,1,1
1704296700000,20240111,4810000,P,116400,122700,1,1
1704296700000,20240111,4380000,C,315900,322200,1,1
1704296700000,20240111,4380000,P,700,800,1,1
1704296700000,20240111,4060000,C,634800,641200,1,1
1704296700000,20240111,4060000,P,200,300,1,1
1704296700000,20240111,4700000,C,31500,31700,1,1
1704296700000,20240111,4700000,P,33400,33600,1,1
1704296700000,20240111,4270000,C,425400,431800,1,1
1704296700000,20240111,4270000,P,500,600,1,1
1704296700000,20240111,4910000,C,200,300,1,1
1704296700000,20240111,4910000,P,216400,222700,1,1
1704296700000,20240111,4590000,C,113300,114400,1,1
1704296700000,20240111,4590000,P,5200,5300,1,1
1704296700000,20240112,4480000,C,218100,224300,1,1
1704296700000,20240112,4480000,P,1800,1900,1,1
1704296700000,20240112,4800000,C,4400,4500,1,1
1704296700000,20240112,4800000,P,109100,110500,1,1
1704296700000,20240112,4475000,C,222900,229100,1,1
1704296700000,20240112,4475000,P,1700,1800,1,1
1704296700000,20240112,4370000,C,326800,333200,1,1
1704296700000,20240112,4370000,P,900,1000,1,1
1704296700000,20240112,4050000,C,645700,652000,1,1
1704296700000,20240112,4050000,P,400,500,1,1
1704296700000,20240112,4690000,C,40100,40200,1,1
1704296700000,20240112,4690000,P,31000,31200,1,1
1704296700000,20240112,4580000,C,124600,125700,1,1
1704296700000,20240112,4580000,P,5800,5900,1,1
1704296700000,20240112,4900000,C,300,400,1,1
1704296700000,20240112,4900000,P,206000,212600,1,1
1704296700000,20240112,4575000,C,129100,130300,1,1
1704296700000,20240112,4575000,P,5400,5500,1,1
1704296700000,20240112,4150000,C,546000,552200,1,1
1704296700000,20240112,4150000,P,500,600,1,1
1704296700000,20240112,4470000,C,227800,234200,1,1
1704296700000,20240112,4470000,P,1700,1800,1,1
1704296700000,20240112,4790000,C,5700,5800,1,1
1704296700000,20240112,4790000,P,99300,100600,1,1
1704296700000,20240112,4360000,C,336900,343400,1,1
1704296700000,20240112,4360000,P,900,1000,1,1
1704296700000,20240112,5000000,C,100,200,1,1
1704296700000,20240112,5000000,P,306000,312700,1,1
1704296700000,20240112,4680000,C,46000,46300,1,1
1704296700000,20240112,4680000,P,26900,27100,1,1
1704296700000,20240112,4675000,C,49200,49500,1,1
1704296700000,20240112,4675000,P,25100,25200,1,1
1704296700000,20240112,4250000,C,446300,452600,1,1
1704296700000,20240112,4250000,P,600,700,1,1
1704296700000,20240112,4570000,C,133700,134900,1,1
1704296700000,20240112,4570000,P,5100,5200,1,1
1704296700000,20240112,4890000,C,400,500,1,1
1704296700000,20240112,4890000,P,196000,202500,1,1
1704296700000,20240112,3500000,C,1194200,1200700,1,1
1704296700000,20240112,3500000,P,100,200,1,1
1704296700000,20240112,4460000,C,237700,243800,1,1
1704296700000,20240112,4460000,P,1600,1700,1,1
1704296700000,20240112,4780000,C,7300,7400,1,1
1704296700000,20240112,4780000,P,90200,91400,1,1
1704296700000,20240112,5100000,P,405900,412500,1,1
1704296700000,20240112,4350000,C,346700,353100,1,1
1704296700000,20240112,4350000,P,900,1000,1,1
1704296700000,20240112,4670000,C,52400,52800,1,1
1704296700000,20240112,4670000,P,23300,23400,1,1
1704296700000,20240112,4990000,C,100,200,1,1
1704296700000,20240112,4990000,P,296000,302700,1,1
1704296700000,20240112,3600000,C,1094500,1100900,1,1
1704296700000,20240112,3600000,P,100,200,1,1
1704296700000,20240112,4560000,C,143000,144300,1,1
1704296700000,20240112,4560000,P,4400,4500,1,1
1704296700000,20240112,5200000,P,505900,512600,1,1
1704296700000,20240112,4880000,C,500,600,1,1
1704296700000,20240112,4880000,P,186000,192700,1,1
1704296700000,20240112,4875000,C,500,600,1,1
1704296700000,20240112,4875000,P,181000,187700,1,1
1704296700000,20240112,4450000,C,247500,254000,1,1
1704296700000,20240112,4450000,P,1500,1600,1,1
1704296700000,20240112,4770000,C,9100,9200,1,1
1704296700000,20240112,4770000,P,81700,82700,1,1
1704296700000,20240112,3700000,C,994600,1001500,1,1
1704296700000,20240112,3700000,P,100,200,1,1
1704296700000,20240112,4340000,C,356700,363200,1,1
1704296700000,20240112,4340000,P,800,900,1,1
1704296700000,20240112,4660000,C,59200,59600,1,1
1704296700000,20240112,4660000,P,20100,20200,1,1
1704296700000,20240112,4980000,C,100,200,1,1
1704296700000,20240112,4980000,P,286000,292700,1,1
1704296700000,20240112,5300000,P,605900,612600,1,1
1704296700000,20240112,4550000,C,150500,156500,1,1
1704296700000,20240112,4550000,P,3800,3900,1,1
1704296700000,20240112,4870000,C,600,700,1,1
1704296700000,20240112,4870000,P,176000,182700,1,1
1704296700000,20240112,3800000,C,894900,901200,1,1
1704296700000,20240112,3800000,P,200,300,1,1
1704296700000,20240112,4440000,C,257400,263700,1,1
1704296700000,20240112,4440000,P,1400,1500,1,1
1704296700000,20240112,4760000,C,11400,11500,1,1
1704296700000,20240112,4760000,P,73700,74500,1,1
1704296700000,20240112,5400000,P,706400,712300,1,1
1704296700000,20240112,4330000,C,366600,372900,1,1
1704296700000,20240112,4330000,P,800,900,1,1
1704296700000,20240112,4650000,C,66300,66800,1,1
1704296700000,20240112,4650000,P,17200,17400,1,1
1704296700000,20240112,4970000,C,100,200,1,1
1704296700000,20240112,4970000,P,276000,282700,1,1
1704296700000,20240112,3900000,C,795200,801600,1,1
1704296700000,20240112,3900000,P,200,300,1,1
1704296700000,20240112,4540000,C,159900,166100,1,1
1704296700000,20240112,4540000,P,3400,3500,1,1
1704296700000,20240112,4860000,C,800,900,1,1
1704296700000,20240112,4860000,P,166000,172700,1,1
1704296700000,20240112,4430000,C,267300,273600,1,1
1704296700000,20240112,4430000,P,1300,1400,1,1
1704296700000,20240112,4750000,C,14100,14200,1,1
1704296700000,20240112,4750000,P,66100,66800,1,1
1704296700000,20240112,4425000,C,272300,278600,1,1
1704296700000,20240112,4425000,P,1300,1400,1,1
1704296700000,20240112,4320000,C,376700,382900,1,1
1704296700000,20240112,4320000,P,800,900,1,1
1704296700000,20240112,4000000,C,695400,702200,1,1
1704296700000,20240112,4000000,P,300,400,1,1
1704296700000,20240112,4640000,C,73800,74500,1,1
1704296700000,20240112,4640000,P,14800,14900,1,1
1704296700000,20240112,4960000,C,100,200,1,1
1704296700000,20240112,4960000,P,266000,272600,1,1
1704296700000,20240112,4530000,C,169400,175500,1,1
1704296700000,20240112,4530000,P,3000,3100,1,1
1704296700000,20240112,4850000,C,1100,1200,1,1
1704296700000,20240112,4850000,P,156100,162600,1,1
1704296700000,20240112,4525000,C,174200,180400,1,1
1704296700000,20240112,4525000,P,2800,2900,1,1
1704296700000,20240112,4100000,C,595700,602500,1,1
1704296700000,20240112,4100000,P,400,500,1,1
1704296700000,20240112,4420000,C,277200,283700,1,1
1704296700000,20240112,4420000,P,1200,1300,1,1
1704296700000,20240112,4740000,C,17200,17300,1,1
1704296700000,20240112,4740000,P,58900,59500,1,1
1704296700000,20240112,4310000,C,386500,392800,1,1
1704296700000,20240112,4310000,P,700,800,1,1
1704296700000,20240112,4950000,C,100,200,1,1
1704296700000,20240112,4950000,P,256000,262600,1,1
1704296700000,20240112,4630000,C,81600,82500,1,1
1704296700000,20240112,4630000,P,12600,12700,1,1
1704296700000,20240112,4625000,C,85600,86400,1,1
1704296700000,20240112,4625000,P,11700,11800,1,1
1704296700000,20240112,4200000,C,496100,502500,1,1
1704296700000,20240112,4200000,P,500,600,1,1
1704296700000,20240112,4520000,C,179000,185200,1,1
1704296700000,20240112,4520000,P,2700,2800,1,1
1704296700000,20240112,4840000,C,1500,1600,1,1
1704296700000,20240112,4840000,P,146000,152700,1,1
1704296700000,20240112,4410000,C,287100,293400,1,1
1704296700000,20240112,4410000,P,1200,1300,1,1
1704296700000,20240112,5050000,C,100,200,1,1
1704296700000,20240112,5050000,P,355900,362700,1,1
1704296700000,20240112,4730000,C,20800,20900,1,1
1704296700000,20240112,4730000,P,52300,52800,1,1
1704296700000,20240112,4300000,C,396600,402800,1,1
1704296700000,20240112,4300000,P,700,800,1,1
1704296700000,20240112,4620000,C,89700,90600,1,1
1704296700000,20240112,4620000,P,10800,10900,1,1
1704296700000,20240112,4940000,C,200,300,1,1
1704296700000,20240112,4940000,P,246000,252700,1,1
1704296700000,20240112,3550000,C,1144400,1150700,1,1
1704296700000,20240112,3550000,P,100,200,1,1
1704296700000,20240112,4510000,C,188700,194900,1,1
1704296700000,20240112,4510000,P,2400,2500,1,1
1704296700000,20240112,5150000,P,455900,462400,1,1
1704296700000,20240112,4830000,C,2000,2100,1,1
1704296700000,20240112,4830000,P,136000,142700,1,1
1704296700000,20240112,5250000,P,555900,562600,1,1
1704296700000,20240112,4400000,C,297100,303300,1,1
1704296700000,20240112,4400000,P,1100,1200,1,1
1704296700000,20240112,4720000,C,24900,25000,1,1
1704296700000,20240112,4720000,P,46300,46600,1,1
1704296700000,20240112,3650000,C,1044500,1051000,1,1
1704296700000,20240112,3650000,P,100,200,1,1
1704296700000,20240112,4610000,C,98100,99000,1,1
1704296700000,20240112,4610000,P,9200,9300,1,1
1704296700000,20240112,4930000,C,200,300,1,1
1704296700000,20240112,4930000,P,236000,242700,1,1
1704296700000,20240112,5350000,P,656000,662400,1,1
1704296700000,20240112,4500000,C,198500,204600,1,1
1704296700000,20240112,4500000,P,2200,2300,1,1
1704296700000,20240112,4820000,C,2600,2700,1,1
1704296700000,20240112,4820000,P,126000,132700,1,1
1704296700000,20240112,3750000,C,944900,951300,1,1
1704296700000,20240112,3750000,P,100,200,1,1
1704296700000,20240112,4390000,C,307000,313300,1,1
1704296700000,20240112,4390000,P,1000,1100,1,1
1704296700000,20240112,4710000,C,29500,29600,1,1
1704296700000,20240112,4710000,P,40700,40900,1,1
1704296700000,20240112,5450000,P,756200,762600,1,1
1704296700000,20240112,4600000,C,106700,107700,1,1
1704296700000,20240112,4600000,P,7900,8000,1,1
1704296700000,20240112,4920000,C,200,300,1,1
1704296700000,20240112,4920000,P,226000,232700,1,1
1704296700000,20240112,3850000,C,845000,851500,1,1
1704296700000,20240112,3850000,P,200,300,1,1
1704296700000,20240112,4490000,C,208300,214400,1,1
1704296700000,20240112,4490000,P,2000,2100,1,1
1704296700000,20240112,4810000,C,3400,3500,1,1
1704296700000,20240112,4810000,P,116000,122600,1,1
1704296700000,20240112,4380000,C,316900,323600,1,1
1704296700000,20240112,4380000,P,1000,1100,1,1
1704296700000,20240112,4700000,C,34500,34700,1,1
1704296700000,20240112,4700000,P,35600,35800,1,1
1704296700000,20240112,3950000,C,745300,751700,1,1
1704296700000,20240112,3950000,P,300,400,1,1
1704296700000,20240112,4590000,C,115600,116600,1,1
1704296700000,20240112,4590000,P,6800,6900,1,1
1704296700000,20240112,4910000,C,200,300,1,1
1704296700000,20240112,4910000,P,216100,222600,1,1
1704296700000,20240116,4800000,C,5900,6000,1,1
1704296700000,20240116,4800000,P,109200,110600,1,1
1704296700000,20240116,4690000,C,43700,44000,1,1
1704296700000,20240116,4690000,P,33900,34100,1,1
1704296700000,20240116,4900000,C,500,600,1,1
1704296700000,20240116,4900000,P,206000,212700,1,1
1704296700000,20240116,4790000,C,7300,7500,1,1
1704296700000,20240116,4790000,P,99800,101100,1,1
1704296700000,20240116,4680000,C,49800,50100,1,1
1704296700000,20240116,4680000,P,29900,30100,1,1
1704296700000,20240116,5000000,C,100,200,1,1
1704296700000,20240116,5000000,P,306000,312700,1,1
1704296700000,20240116,4780000,C,9100,9300,1,1
1704296700000,20240116,4780000,P,91200,92300,1,1
1704296700000,20240116,4670000,C,56200,56600,1,1
1704296700000,20240116,4670000,P,26300,26400,1,1
1704296700000,20240116,4770000,C,11300,11400,1,1
1704296700000,20240116,4770000,P,82900,83900,1,1
1704296700000,20240116,4660000,C,62900,63400,1,1
1704296700000,20240116,4660000,P,23000,23200,1,1
1704296700000,20240116,4760000,C,13800,13900,1,1
1704296700000,20240116,4760000,P,75200,76000,1,1
1704296700000,20240116,4650000,C,70000,70600,1,1
1704296700000,20240116,4650000,P,20200,20300,1,1
1704296700000,20240116,4750000,C,16700,16900,1,1
1704296700000,20240116,4750000,P,67800,68500,1,1
1704296700000,20240116,4640000,C,77500,78200,1,1
1704296700000,20240116,4640000,P,17600,17800,1,1
1704296700000,20240116,4740000,C,20100,20300,1,1
1704296700000,20240116,4740000,P,60900,61500,1,1
1704296700000,20240116,4630000,C,85200,86100,1,1
1704296700000,20240116,4630000,P,15400,15600,1,1
1704296700000,20240116,4730000,C,23900,24100,1,1
1704296700000,20240116,4730000,P,54500,55000,1,1
1704296700000,20240116,4830000,C,2900,3000,1,1
1704296700000,20240116,4830000,P,136000,142700,1,1
1704296700000,20240116,4720000,C,28200,28400,1,1
1704296700000,20240116,4720000,P,48700,48900,1,1
1704296700000,20240116,4500000,C,200300,206300,1,1
1704296700000,20240116,4500000,P,3300,3400,1,1
1704296700000,20240116,4820000,C,3600,3800,1,1
1704296700000,20240116,4820000,P,126000,132700,1,1
1704296700000,20240116,4710000,C,32900,33100,1,1
1704296700000,20240116,4710000,P,43300,43500,1,1
1704296700000,20240116,4600000,C,109900,110900,1,1
1704296700000,20240116,4600000,P,10300,10400,1,1
1704296700000,20240116,4810000,C,4600,4700,1,1
1704296700000,20240116,4810000,P,116400,122500,1,1
1704296700000,20240116,4700000,C,38100,38300,1,1
1704296700000,20240116,4700000,P,38400,38600,1,1
1704296700000,20240117,4800000,C,6900,7100,1,1
1704296700000,20240117,4800000,P,109300,110600,1,1
1704296700000,20240117,4690000,C,46300,46600,1,1
1704296700000,20240117,4690000,P,35800,36000,1,1
1704296700000,20240117,4900000,C,600,700,1,1
1704296700000,20240117,4900000,P,206000,212700,1,1
1704296700000,20240117,4790000,C,8600,8700,1,1
1704296700000,20240117,4790000,P,100300,101500,1,1
1704296700000,20240117,4680000,C,52400,52700,1,1
1704296700000,20240117,4680000,P,31800,32000,1,1
1704296700000,20240117,5000000,C,200,300,1,1
1704296700000,20240117,5000000,P,306000,312700,1,1
1704296700000,20240117,4780000,C,10500,10700,1,1
1704296700000,20240117,4780000,P,91900,92900,1,1
1704296700000,20240117,5100000,C,100,200,1,1
1704296700000,20240117,5100000,P,405900,412700,1,1
1704296700000,20240117,4670000,C,58800,59200,1,1
1704296700000,20240117,4670000,P,28200,28400,1,1
1704296700000,20240117,5200000,P,505900,512600,1,1
1704296700000,20240117,4770000,C,12800,13000,1,1
1704296700000,20240117,4770000,P,83800,84700,1,1
1704296700000,20240117,4660000,C,65700,66100,1,1
1704296700000,20240117,4660000,P,25000,25200,1,1
1704296700000,20240117,5300000,P,605900,612600,1,1
1704296700000,20240117,4760000,C,15500,15700,1,1
1704296700000,20240117,4760000,P,76200,77000,1,1
1704296700000,20240117,4650000,C,72800,73200,1,1
1704296700000,20240117,4650000,P,22100,22300,1,1
1704296700000,20240117,4750000,C,18600,18800,1,1
1704296700000,20240117,4750000,P,69000,69700,1,1
1704296700000,20240117,4640000,C,80100,80700,1,1
1704296700000,20240117,4640000,P,19500,19700,1,1
1704296700000,20240117,4850000,C,2200,2300,1,1
1704296700000,20240117,4850000,P,156000,162700,1,1
1704296700000,20240117,4740000,C,22100,22300,1,1
1704296700000,20240117,4740000,P,62300,62800,1,1
1704296700000,20240117,4630000,C,87700,88500,1,1
1704296700000,20240117,4630000,P,17300,17400,1,1
1704296700000,20240117,4730000,C,26100,26300,1,1
1704296700000,20240117,4730000,P,56100,56500,1,1
1704296700000,20240117,4830000,C,3600,3700,1,1
1704296700000,20240117,4830000,P,136000,142700,1,1
1704296700000,20240117,4720000,C,30500,30700,1,1
1704296700000,20240117,4720000,P,50400,50600,1,1
1704296700000,20240117,4820000,C,4500,4600,1,1
1704296700000,20240117,4820000,P,126000,132700,1,1
1704296700000,20240117,4710000,C,35300,35500,1,1
1704296700000,20240117,4710000,P,45000,45200,1,1
1704296700000,20240117,4810000,C,5600,5700,1,1
1704296700000,20240117,4810000,P,119100,120500,1,1
1704296700000,20240117,4700000,C,40600,40800,1,1
1704296700000,20240117,4700000,P,40200,40400,1,1
1704296700000,20240119,3200000,C,1496700,1503100,1,1
1704296700000,20240119,3200000,P,100,200,1,1
1704296700000,20240119,3840000,C,859100,865400,1,1
1704296700000,20240119,3840000,P,600,700,1,1
1704296700000,20240119,4480000,C,227100,231500,1,1
1704296700000,20240119,4480000,P,4700,4800,1,1
1704296700000,20240119,6400000,P,1705900,1712700,1,1
1704296700000,20240119,4050000,C,650000,656400,1,1
1704296700000,20240119,4050000,P,900,1000,1,1
1704296700000,20240119,4690000,C,52000,52200,1,1
1704296700000,20240119,4690000,P,39000,39100,1,1
1704296700000,20240119,5750000,P,1056100,1062600,1,1
1704296700000,20240119,3620000,C,1078100,1084700,1,1
1704296700000,20240119,3620000,P,300,400,1,1
1704296700000,20240119,4260000,C,441300,447700,1,1
1704296700000,20240119,4260000,P,1600,1700,1,1
1704296700000,20240119,4900000,C,1200,1300,1,1
1704296700000,20240119,4900000,P,206000,212700,1,1
1704296700000,20240119,2550000,C,2144500,2151300,1,1
1704296700000,20240119,3830000,C,869000,875500,1,1
1704296700000,20240119,3830000,P,500,600,1,1
1704296700000,20240119,4470000,C,235600,241200,1,1
1704296700000,20240119,4470000,P,4300,4400,1,1
1704296700000,20240119,3400000,C,1297300,1303900,1,1
1704296700000,20240119,3400000,P,100,200,1,1
1704296700000,20240119,4040000,C,660000,666300,1,1
1704296700000,20240119,4040000,P,900,1000,1,1
1704296700000,20240119,4680000,C,58200,58400,1,1
1704296700000,20240119,4680000,P,35000,35200,1,1
1704296700000,20240119,6600000,P,1905600,1912700,1,1
1704296700000,20240119,3610000,C,1088100,1094600,1,1
1704296700000,20240119,3610000,P,300,400,1,1
1704296700000,20240119,4250000,C,451200,457600,1,1
1704296700000,20240119,4250000,P,1500,1600,1,1
1704296700000,20240119,4890000,C,1400,1500,1,1
1704296700000,20240119,4890000,P,196000,202700,1,1
1704296700000,20240119,5950000,P,1256100,1262600,1,1
1704296700000,20240119,1900000,C,2792600,2800000,1,1
1704296700000,20240119,3820000,C,879000,885200,1,1
1704296700000,20240119,3820000,P,500,600,1,1
1704296700000,20240119,4460000,C,244600,250900,1,1
1704296700000,20240119,4460000,P,4000,4100,1,1
1704296700000,20240119,5100000,C,100,200,1,1
1704296700000,20240119,5100000,P,405900,412700,1,1
1704296700000,20240119,2750000,C,1945200,1951900,1,1
1704296700000,20240119,4030000,C,670100,676200,1,1
1704296700000,20240119,4030000,P,900,1000,1,1
1704296700000,20240119,4670000,C,64700,65000,1,1
1704296700000,20240119,4670000,P,31500,31600,1,1
1704296700000,20240119,3600000,C,1098100,1104600,1,1
1704296700000,20240119,3600000,P,200,300,1,1
1704296700000,20240119,4240000,C,461200,467600,1,1
1704296700000,20240119,4240000,P,1500,1600,1,1
1704296700000,20240119,4880000,C,1700,1800,1,1
1704296700000,20240119,4880000,P,186000,192600,1,1
1704296700000,20240119,6800000,P,2105900,2112600,1,1
1704296700000,20240119,3810000,C,888900,895600,1,1
1704296700000,20240119,3810000,P,500,600,1,1
1704296700000,20240119,4450000,C,254200,260400,1,1
1704296700000,20240119,4450000,P,3800,3900,1,1
1704296700000,20240119,6150000,P,1456000,1462600,1,1
1704296700000,20240119,2100000,C,2593100,2600500,1,1
1704296700000,20240119,4020000,C,680000,686300,1,1
1704296700000,20240119,4020000,P,800,900,1,1
1704296700000,20240119,4660000,C,71500,71900,1,1
1704296700000,20240119,4660000,P,28200,28400,1,1
1704296700000,20240119,5300000,P,605900,612600,1,1
1704296700000,20240119,2950000,C,1745800,1752500,1,1
1704296700000,20240119,3590000,C,1108200,1114300,1,1
1704296700000,20240119,3590000,P,300,400,1,1
1704296700000,20240119,4230000,C,471100,477500,1,1
1704296700000,20240119,4230000,P,1400,1500,1,1
1704296700000,20240119,4870000,C,2200,2300,1,1
1704296700000,20240119,4870000,P,176000,182700,1,1
1704296700000,20240119,3800000,C,898900,905400,1,1
1704296700000,20240119,3800000,P,500,600,1,1
1704296700000,20240119,4440000,C,263900,270300,1,1
1704296700000,20240119,4440000,P,3500,3600,1,1
1704296700000,20240119,7000000,P,2305400,2312700,1,1
1704296700000,20240119,4010000,C,689800,696600,1,1
1704296700000,20240119,4010000,P,800,900,1,1
1704296700000,20240119,4650000,C,78600,79000,1,1
1704296700000,20240119,4650000,P,25300,25500,1,1
1704296700000,20240119,6350000,P,1655600,1662600,1,1
1704296700000,20240119,2300000,C,2393700,2400700,1,1
1704296700000,20240119,3580000,C,1118000,1124500,1,1
1704296700000,20240119,3580000,P,200,300,1,1
1704296700000,20240119,4220000,C,481200,487400,1,1
1704296700000,20240119,4220000,P,1400,1500,1,1
1704296700000,20240119,4860000,C,2800,2900,1,1
1704296700000,20240119,4860000,P,166000,172700,1,1
1704296700000,20240119,5500000,P,806100,812600,1,1
1704296700000,20240119,3150000,C,1546500,1553100,1,1
1704296700000,20240119,3790000,C,908900,915300,1,1
1704296700000,20240119,3790000,P,500,600,1,1
1704296700000,20240119,4430000,C,273600,279800,1,1
1704296700000,20240119,4430000,P,3300,3400,1,1
1704296700000,20240119,4000000,C,699800,706300,1,1
1704296700000,20240119,4000000,P,800,900,1,1
1704296700000,20240119,4640000,C,86000,86600,1,1
1704296700000,20240119,4640000,P,22700,22800,1,1
1704296700000,20240119,7200000,P,2505700,2512700,1,1
1704296700000,20240119,3570000,C,1127900,1134500,1,1
1704296700000,20240119,3570000,P,200,300,1,1
1704296700000,20240119,4210000,C,491000,497400,1,1
1704296700000,20240119,4210000,P,1300,1400,1,1
1704296700000,20240119,4850000,C,3500,3600,1,1
1704296700000,20240119,4850000,P,156000,162700,1,1
1704296700000,20240119,6550000,P,1855600,1862700,1,1
1704296700000,20240119,2500000,C,2194500,2201600,1,1
1704296700000,20240119,3780000,C,918800,925300,1,1
1704296700000,20240119,3780000,P,500,600,1,1
1704296700000,20240119,4420000,C,283400,289700,1,1
1704296700000,20240119,4420000,P,3100,3200,1,1
1704296700000,20240119,5700000,P,1006200,1012600,1,1
1704296700000,20240119,3350000,C,1347100,1353700,1,1
1704296700000,20240119,3350000,P,100,200,1,1
1704296700000,20240119,3990000,C,709700,716500,1,1
1704296700000,20240119,3990000,P,800,900,1,1
1704296700000,20240119,4630000,C,93600,94300,1,1
1704296700000,20240119,4630000,P,20300,20500,1,1
1704296700000,20240119,3560000,C,1137900,1144800,1,1
1704296700000,20240119,3560000,P,200,300,1,1
1704296700000,20240119,4200000,C,500900,507500,1,1
1704296700000,20240119,4200000,P,1300,1400,1,1
1704296700000,20240119,4840000,C,4300,4400,1,1
1704296700000,20240119,4840000,P,146000,152600,1,1
1704296700000,20240119,1850000,C,2842400,2849900,1,1
1704296700000,20240119,3770000,C,928700,935200,1,1
1704296700000,20240119,3770000,P,500,600,1,1
1704296700000,20240119,4410000,C,293200,299500,1,1
1704296700000,20240119,4410000,P,2900,3000,1,1
1704296700000,20240119,5050000,C,100,200,1,1
1704296700000,20240119,5050000,P,355900,362700,1,1
1704296700000,20240119,6750000,P,2056000,2062700,1,1
1704296700000,20240119,2700000,C,1995000,2002200,1,1
1704296700000,20240119,3980000,C,719800,725900,1,1
1704296700000,20240119,3980000,P,800,900,1,1
1704296700000,20240119,4620000,C,101400,102300,1,1
1704296700000,20240119,4620000,P,18200,18300,1,1
1704296700000,20240119,5900000,P,1206100,1212600,1,1
1704296700000,20240119,3550000,C,1147900,1154400,1,1
1704296700000,20240119,3550000,P,200,300,1,1
1704296700000,20240119,4190000,C,510800,517200,1,1
1704296700000,20240119,4190000,P,1300,1400,1,1
1704296700000,20240119,4830000,C,5200,5300,1,1
1704296700000,20240119,4830000,P,136000,142700,1,1
1704296700000,20240119,5250000,C,100,200,1,1
1704296700000,20240119,5250000,P,555900,562600,1,1
1704296700000,20240119,3760000,C,938700,945200,1,1
1704296700000,20240119,3760000,P,400,500,1,1
1704296700000,20240119,4400000,C,303000,309200,1,1
1704296700000,20240119,4400000,P,2800,2900,1,1
1704296700000,20240119,2050000,C,2643000,2650100,1,1
1704296700000,20240119,3970000,C,729600,736400,1,1
1704296700000,20240119,3970000,P,800,900,1,1
1704296700000,20240119,4610000,C,109500,110300,1,1
1704296700000,20240119,4610000,P,16300,16400,1,1
1704296700000,20240119,6950000,P,2255400,2262700,1,1
1704296700000,20240119,2900000,C,1795700,1802700,1,1
1704296700000,20240119,4180000,C,520800,527100,1,1
1704296700000,20240119,4180000,P,1200,1300,1,1
1704296700000,20240119,4820000,C,6400,6500,1,1
1704296700000,20240119,4820000,P,126300,132700,1,1
1704296700000,20240119,6100000,P,1406000,1412600,1,1
1704296700000,20240119,3750000,C,948800,955100,1,1
1704296700000,20240119,3750000,P,400,500,1,1
1704296700000,20240119,4390000,C,313000,319000,1,1
1704296700000,20240119,4390000,P,2600,2700,1,1
1704296700000,20240119,5450000,P,756200,762600,1,1
1704296700000,20240119,3960000,C,739800,745700,1,1
1704296700000,20240119,3960000,P,700,800,1,1
1704296700000,20240119,4600000,C,118000,118700,1,1
1704296700000,20240119,4600000,P,14600,14800,1,1
1704296700000,20240119,2250000,C,2443600,2450600,1,1
1704296700000,20240119,4170000,C,530900,537000,1,1
1704296700000,20240119,4170000,P,1200,1300,1,1
1704296700000,20240119,4810000,C,7800,7900,1,1
1704296700000,20240119,4810000,P,116500,120200,1,1
1704296700000,20240119,3100000,C,1596200,1603000,1,1
1704296700000,20240119,3740000,C,958700,965000,1,1
1704296700000,20240119,3740000,P,400,500,1,1
1704296700000,20240119,4380000,C,322800,328800,1,1
1704296700000,20240119,4380000,P,2500,2600,1,1
1704296700000,20240119,6300000,P,1605600,1612600,1,1
1704296700000,20240119,3950000,C,749500,756000,1,1
1704296700000,20240119,3950000,P,700,800,1,1
1704296700000,20240119,4590000,C,126300,127200,1,1
1704296700000,20240119,4590000,P,13100,13300,1,1
1704296700000,20240119,5650000,P,956200,962600,1,1
1704296700000,20240119,4160000,C,540600,547000,1,1
1704296700000,20240119,4160000,P,1200,1300,1,1
1704296700000,20240119,4800000,C,9500,9600,1,1
1704296700000,20240119,4800000,P,107300,113100,1,1
1704296700000,20240119,2450000,C,2244300,2251500,1,1
1704296700000,20240119,3730000,C,968600,975100,1,1
1704296700000,20240119,3730000,P,400,500,1,1
1704296700000,20240119,4370000,C,332500,338800,1,1
1704296700000,20240119,4370000,P,2400,2500,1,1
1704296700000,20240119,3300000,C,1397100,1403600,1,1
1704296700000,20240119,3300000,P,100,200,1,1
1704296700000,20240119,3940000,C,759600,765900,1,1
1704296700000,20240119,3940000,P,700,800,1,1
1704296700000,20240119,4580000,C,134900,135900,1,1
1704296700000,20240119,4580000,P,11800,11900,1,1
1704296700000,20240119,6500000,P,1805700,1812700,1,1
1704296700000,20240119,4150000,C,550700,557000,1,1
1704296700000,20240119,4150000,P,1100,1200,1,1
1704296700000,20240119,4790000,C,11500,11600,1,1
1704296700000,20240119,4790000,P,98900,104400,1,1
1704296700000,20240119,5850000,P,1156100,1162600,1,1
1704296700000,20240119,1800000,C,2892300,2899700,1,1
1704296700000,20240119,3720000,C,978500,985000,1,1
1704296700000,20240119,3720000,P,400,500,1,1
1704296700000,20240119,4360000,C,342400,348700,1,1
1704296700000,20240119,4360000,P,2300,2400,1,1
1704296700000,20240119,5000000,C,200,300,1,1
1704296700000,20240119,5000000,P,305900,312700,1,1
1704296700000,20240119,2650000,C,2044900,2051600,1,1
1704296700000,20240119,3930000,C,769500,775800,1,1
1704296700000,20240119,3930000,P,700,800,1,1
1704296700000,20240119,4570000,C,143700,144700,1,1
1704296700000,20240119,4570000,P,10600,10700,1,1
1704296700000,20240119,3500000,C,1197800,1204200,1,1
1704296700000,20240119,3500000,P,200,300,1,1
1704296700000,20240119,4140000,C,560500,566900,1,1
1704296700000,20240119,4140000,P,1100,1200,1,1
1704296700000,20240119,4780000,C,13800,13900,1,1
1704296700000,20240119,4780000,P,90600,96200,1,1
1704296700000,20240119,6700000,P,2005500,2012600,1,1
1704296700000,20240119,3710000,C,988500,995000,1,1
1704296700000,20240119,3710000,P,400,500,1,1
1704296700000,20240119,4350000,C,352400,358300,1,1
1704296700000,20240119,4350000,P,2200,2300,1,1
1704296700000,20240119,4990000,C,200,300,1,1
1704296700000,20240119,4990000,P,296100,302700,1,1
1704296700000,20240119,6050000,P,1356000,1362600,1,1
1704296700000,20240119,2000000,C,2692900,2700300,1,1
1704296700000,20240119,3920000,C,779400,785900,1,1
1704296700000,20240119,3920000,P,700,800,1,1
1704296700000,20240119,4560000,C,152600,153700,1,1
1704296700000,20240119,4560000,P,9600,9700,1,1
1704296700000,20240119,5200000,C,100,200,1,1
1704296700000,20240119,5200000,P,505900,512700,1,1
1704296700000,20240119,2850000,C,1845600,1852100,1,1
1704296700000,20240119,4130000,C,570700,576900,1,1
1704296700000,20240119,4130000,P,1100,1200,1,1
1704296700000,20240119,4770000,C,16500,16600,1,1
1704296700000,20240119,4770000,P,83800,87000,1,1
1704296700000,20240119,3700000,C,998500,1005000,1,1
1704296700000,20240119,3700000,P,400,500,1,1
1704296700000,20240119,4340000,C,362100,368800,1,1
1704296700000,20240119,4340000,P,2100,2200,1,1
1704296700000,20240119,4980000,C,300,400,1,1
1704296700000,20240119,4980000,P,286000,292600,1,1
1704296700000,20240119,6900000,P,2205500,2212700,1,1
1704296700000,20240119,3910000,C,789400,795800,1,1
1704296700000,20240119,3910000,P,700,800,1,1
1704296700000,20240119,4550000,C,161700,162800,1,1
1704296700000,20240119,4550000,P,8700,8800,1,1
1704296700000,20240119,6250000,P,1555700,1562600,1,1
1704296700000,20240119,2200000,C,2493400,2500400,1,1
1704296700000,20240119,4120000,C,580400,586800,1,1
1704296700000,20240119,4120000,P,1100,1200,1,1
1704296700000,20240119,4760000,C,19500,19600,1,1
1704296700000,20240119,4760000,P,76600,80100,1,1
1704296700000,20240119,5400000,P,705900,712600,1,1
1704296700000,20240119,3050000,C,1646200,1652800,1,1
1704296700000,20240119,3690000,C,1008400,1015300,1,1
1704296700000,20240119,3690000,P,300,400,1,1
1704296700000,20240119,4330000,C,372000,378700,1,1
1704296700000,20240119,4330000,P,2000,2100,1,1
1704296700000,20240119,4970000,C,300,400,1,1
1704296700000,20240119,4970000,P,276000,282700,1,1
1704296700000,20240119,3900000,C,799400,805900,1,1
1704296700000,20240119,3900000,P,600,700,1,1
1704296700000,20240119,4540000,C,170800,172000,1,1
1704296700000,20240119,4540000,P,7900,8000,1,1
1704296700000,20240119,7100000,P,2405400,2412700,1,1
1704296700000,20240119,4110000,C,590300,596700,1,1
1704296700000,20240119,4110000,P,1000,1100,1,1
1704296700000,20240119,4750000,C,22900,23100,1,1
1704296700000,20240119,4750000,P,70900,72400,1,1
1704296700000,20240119,6450000,P,1755900,1762600,1,1
1704296700000,20240119,2400000,C,2294300,2300900,1,1
1704296700000,20240119,3680000,C,1018500,1024800,1,1
1704296700000,20240119,3680000,P,300,400,1,1
1704296700000,20240119,4320000,C,381900,388500,1,1
1704296700000,20240119,4320000,P,1900,2000,1,1
1704296700000,20240119,4960000,C,300,400,1,1
1704296700000,20240119,4960000,P,266000,272700,1,1
1704296700000,20240119,5600000,P,906200,912600,1,1
1704296700000,20240119,3250000,C,1446800,1453700,1,1
1704296700000,20240119,3250000,P,100,200,1,1
1704296700000,20240119,3890000,C,809400,815600,1,1
1704296700000,20240119,3890000,P,600,700,1,1
1704296700000,20240119,4530000,C,180100,181300,1,1
1704296700000,20240119,4530000,P,7200,7300,1,1
1704296700000,20240119,4100000,C,600300,606700,1,1
1704296700000,20240119,4100000,P,1000,1100,1,1
1704296700000,20240119,4740000,C,26800,26900,1,1
1704296700000,20240119,4740000,P,64800,65200,1,1
1704296700000,20240119,3670000,C,1028300,1034800,1,1
1704296700000,20240119,3670000,P,300,400,1,1
1704296700000,20240119,4310000,C,391800,398400,1,1
1704296700000,20240119,4310000,P,1900,2000,1,1
1704296700000,20240119,4950000,C,400,500,1,1
1704296700000,20240119,4950000,P,256000,262700,1,1
1704296700000,20240119,6650000,P,1955600,1962600,1,1
1704296700000,20240119,2600000,C,2094700,2101900,1,1
1704296700000,20240119,3880000,C,819300,826000,1,1
1704296700000,20240119,3880000,P,600,700,1,1
1704296700000,20240119,4520000,C,189400,190600,1,1
1704296700000,20240119,4520000,P,6600,6700,1,1
1704296700000,20240119,5800000,P,1106100,1112600,1,1
1704296700000,20240119,3450000,C,1247500,1254400,1,1
1704296700000,20240119,3450000,P,200,300,1,1
1704296700000,20240119,4090000,C,610200,616600,1,1
1704296700000,20240119,4090000,P,1000,1100,1,1
1704296700000,20240119,4730000,C,31000,31200,1,1
1704296700000,20240119,4730000,P,58300,59100,1,1
1704296700000,20240119,3660000,C,1038300,1044800,1,1
1704296700000,20240119,3660000,P,300,400,1,1
1704296700000,20240119,4300000,C,401900,408000,1,1
1704296700000,20240119,4300000,P,1700,1800,1,1
1704296700000,20240119,4940000,C,500,600,1,1
1704296700000,20240119,4940000,P,246000,252700,1,1
1704296700000,20240119,1950000,C,2742700,2750100,1,1
1704296700000,20240119,3870000,C,829200,835600,1,1
1704296700000,20240119,3870000,P,600,700,1,1
1704296700000,20240119,4510000,C,196800,201300,1,1
1704296700000,20240119,4510000,P,6000,6100,1,1
1704296700000,20240119,5150000,C,100,200,1,1
1704296700000,20240119,5150000,P,456000,462700,1,1
1704296700000,20240119,6850000,P,2155900,2162600,1,1
1704296700000,20240119,2800000,C,1895300,1902400,1,1
1704296700000,20240119,4080000,C,620400,626600,1,1
1704296700000,20240119,4080000,P,1000,1100,1,1
1704296700000,20240119,4720000,C,35700,35800,1,1
1704296700000,20240119,4720000,P,53200,53300,1,1
1704296700000,20240119,6000000,P,1306000,1312600,1,1
1704296700000,20240119,3650000,C,1048300,1054800,1,1
1704296700000,20240119,3650000,P,300,400,1,1
1704296700000,20240119,4290000,C,411600,417900,1,1
1704296700000,20240119,4290000,P,1700,1800,1,1
1704296700000,20240119,4930000,C,600,700,1,1
1704296700000,20240119,4930000,P,236000,242700,1,1
1704296700000,20240119,5350000,P,656200,662500,1,1
1704296700000,20240119,3860000,C,839200,845400,1,1
1704296700000,20240119,3860000,P,600,700,1,1
1704296700000,20240119,4500000,C,206400,212300,1,1
1704296700000,20240119,4500000,P,5500,5600,1,1
1704296700000,20240119,2150000,C,2543300,2550400,1,1
1704296700000,20240119,4070000,C,630100,636500,1,1
1704296700000,20240119,4070000,P,900,1000,1,1
1704296700000,20240119,4710000,C,40700,40900,1,1
1704296700000,20240119,4710000,P,48000,48200,1,1
1704296700000,20240119,7050000,P,2355600,2362700,1,1
1704296700000,20240119,3000000,C,1696000,1702700,1,1
1704296700000,20240119,3640000,C,1058200,1064800,1,1
1704296700000,20240119,3640000,P,300,400,1,1
1704296700000,20240119,4280000,C,421600,427900,1,1
1704296700000,20240119,4280000,P,1700,1800,1,1
1704296700000,20240119,4920000,C,700,800,1,1
1704296700000,20240119,4920000,P,226100,232700,1,1
1704296700000,20240119,6200000,P,1505700,1512600,1,1
1704296700000,20240119,3850000,C,849200,855600,1,1
1704296700000,20240119,3850000,P,600,700,1,1
1704296700000,20240119,4490000,C,216000,221700,1,1
1704296700000,20240119,4490000,P,5000,5100,1,1
1704296700000,20240119,5550000,P,856200,862600,1,1
1704296700000,20240119,4060000,C,640200,646500,1,1
1704296700000,20240119,4060000,P,900,1000,1,1
1704296700000,20240119,4700000,C,46200,46400,1,1
1704296700000,20240119,4700000,P,43300,43400,1,1
1704296700000,20240119,2350000,C,2343900,2351200,1,1
1704296700000,20240119,3630000,C,1068200,1074700,1,1
1704296700000,20240119,3630000,P,300,400,1,1
1704296700000,20240119,4270000,C,431400,437800,1,1
1704296700000,20240119,4270000,P,1600,1700,1,1
1704296700000,20240119,4910000,C,900,1000,1,1
1704296700000,20240119,4910000,P,216000,222700,1,1
1704296700000,20240126,4480000,C,235800,237100,1,1
1704296700000,20240126,4480000,P,8100,8200,1,1
1704296700000,20240126,4800000,C,16800,17000,1,1
1704296700000,20240126,4800000,P,110200,116200,1,1
1704296700000,20240126,4475000,C,238500,244400,1,1
1704296700000,20240126,4475000,P,7800,7900,1,1
1704296700000,20240126,4370000,C,339100,345400,1,1
1704296700000,20240126,4370000,P,4100,4200,1,1
1704296700000,20240126,4050000,C,655000,661900,1,1
1704296700000,20240126,4050000,P,1400,1500,1,1
1704296700000,20240126,4690000,C,64900,65200,1,1
1704296700000,20240126,4690000,P,47000,47200,1,1
1704296700000,20240126,4580000,C,146200,147200,1,1
1704296700000,20240126,4580000,P,18100,18300,1,1
1704296700000,20240126,4900000,C,3000,3100,1,1
1704296700000,20240126,4900000,P,206100,212800,1,1
1704296700000,20240126,4575000,C,150500,151400,1,1
1704296700000,20240126,4575000,P,17400,17500,1,1
1704296700000,20240126,4150000,C,555800,562400,1,1
1704296700000,20240126,4150000,P,1800,1900,1,1
1704296700000,20240126,4470000,C,243200,249100,1,1
1704296700000,20240126,4470000,P,7600,7700,1,1
1704296700000,20240126,4790000,C,19500,19700,1,1
1704296700000,20240126,4790000,P,102300,108100,1,1
1704296700000,20240126,4360000,C,348900,355200,1,1
1704296700000,20240126,4360000,P,3900,4000,1,1
1704296700000,20240126,5000000,C,500,600,1,1
1704296700000,20240126,5000000,P,306200,312800,1,1
1704296700000,20240126,4680000,C,71200,71500,1,1
1704296700000,20240126,4680000,P,43200,43400,1,1
1704296700000,20240126,4675000,C,74400,74800,1,1
1704296700000,20240126,4675000,P,41400,41500,1,1
1704296700000,20240126,4250000,C,456900,463400,1,1
1704296700000,20240126,4250000,P,2400,2500,1,1
1704296700000,20240126,4570000,C,154700,155700,1,1
1704296700000,20240126,4570000,P,16600,16800,1,1
1704296700000,20240126,4890000,C,3600,3700,1,1
1704296700000,20240126,4890000,P,196100,202800,1,1
1704296700000,20240126,3500000,C,1201800,1208800,1,1
1704296700000,20240126,3500000,P,400,500,1,1
1704296700000,20240126,4460000,C,252500,258600,1,1
1704296700000,20240126,4460000,P,7000,7200,1,1
1704296700000,20240126,4780000,C,22600,22800,1,1
1704296700000,20240126,4780000,P,96000,99200,1,1
1704296700000,20240126,5100000,C,200,300,1,1
1704296700000,20240126,5100000,P,406200,412800,1,1
1704296700000,20240126,4350000,C,358600,364800,1,1
1704296700000,20240126,4350000,P,3700,3800,1,1
1704296700000,20240126,4670000,C,77700,78100,1,1
1704296700000,20240126,4670000,P,39600,39800,1,1
1704296700000,20240126,3600000,C,1102200,1109300,1,1
1704296700000,20240126,3600000,P,500,600,1,1
1704296700000,20240126,4560000,C,163300,164300,1,1
1704296700000,20240126,4560000,P,15300,15400,1,1
1704296700000,20240126,5200000,C,100,200,1,1
1704296700000,20240126,5200000,P,506200,512700,1,1
1704296700000,20240126,4880000,C,4300,4500,1,1
1704296700000,20240126,4880000,P,186100,192800,1,1
1704296700000,20240126,4875000,C,4800,4900,1,1
1704296700000,20240126,4875000,P,181100,187800,1,1
1704296700000,20240126,4450000,C,262000,268100,1,1
1704296700000,20240126,4450000,P,6600,6700,1,1
1704296700000,20240126,4770000,C,25900,26100,1,1
1704296700000,20240126,4770000,P,88900,92200,1,1
1704296700000,20240126,3700000,C,1002700,1009500,1,1
1704296700000,20240126,3700000,P,700,800,1,1
1704296700000,20240126,4340000,C,368400,374800,1,1
1704296700000,20240126,4340000,P,3500,3600,1,1
1704296700000,20240126,4660000,C,84500,85000,1,1
1704296700000,20240126,4660000,P,36300,36600,1,1
1704296700000,20240126,5300000,C,100,200,1,1
1704296700000,20240126,5300000,P,606100,612700,1,1
1704296700000,20240126,4550000,C,172000,173100,1,1
1704296700000,20240126,4550000,P,14000,14200,1,1
1704296700000,20240126,4870000,C,5200,5300,1,1
1704296700000,20240126,4870000,P,176100,182800,1,1
1704296700000,20240126,3800000,C,903400,910100,1,1
1704296700000,20240126,3800000,P,800,900,1,1
1704296700000,20240126,4440000,C,271600,277700,1,1
1704296700000,20240126,4440000,P,6200,6300,1,1
1704296700000,20240126,4760000,C,29600,29800,1,1
1704296700000,20240126,4760000,P,82100,85300,1,1
1704296700000,20240126,5400000,C,100,200,1,1
1704296700000,20240126,5400000,P,706100,712700,1,1
1704296700000,20240126,4330000,C,378200,384900,1,1
1704296700000,20240126,4330000,P,3400,3500,1,1
1704296700000,20240126,4650000,C,91500,92100,1,1
1704296700000,20240126,4650000,P,33300,33500,1,1
1704296700000,20240126,3900000,C,804000,810900,1,1
1704296700000,20240126,3900000,P,1000,1100,1,1
1704296700000,20240126,4540000,C,180900,182000,1,1
1704296700000,20240126,4540000,P,12900,13100,1,1
1704296700000,20240126,4860000,C,6200,6400,1,1
1704296700000,20240126,4860000,P,166100,172800,1,1
1704296700000,20240126,4430000,C,281100,287400,1,1
1704296700000,20240126,4430000,P,5800,5900,1,1
1704296700000,20240126,4750000,C,33700,33900,1,1
1704296700000,20240126,4750000,P,76900,77800,1,1
1704296700000,20240126,4320000,C,388000,394700,1,1
1704296700000,20240126,4320000,P,3200,3300,1,1
1704296700000,20240126,4000000,C,704600,711600,1,1
1704296700000,20240126,4000000,P,1200,1300,1,1
1704296700000,20240126,4640000,C,98800,99400,1,1
1704296700000,20240126,4640000,P,30500,30700,1,1
1704296700000,20240126,4530000,C,189800,191000,1,1
1704296700000,20240126,4530000,P,11900,12100,1,1
1704296700000,20240126,4850000,C,7400,7600,1,1
1704296700000,20240126,4850000,P,156100,162800,1,1
1704296700000,20240126,4525000,C,194400,195500,1,1
1704296700000,20240126,4525000,P,11500,11600,1,1
1704296700000,20240126,4100000,C,605200,611900,1,1
1704296700000,20240126,4100000,P,1600,1700,1,1
1704296700000,20240126,4420000,C,290800,297200,1,1
1704296700000,20240126,4420000,P,5400,5500,1,1
1704296700000,20240126,4740000,C,38100,38300,1,1
1704296700000,20240126,4740000,P,70900,71800,1,1
1704296700000,20240126,4950000,C,1100,1200,1,1
1704296700000,20240126,4950000,P,256200,262800,1,1
1704296700000,20240126,4630000,C,106200,106900,1,1
1704296700000,20240126,4630000,P,28000,28200,1,1
1704296700000,20240126,4625000,C,110000,110700,1,1
1704296700000,20240126,4625000,P,26800,27000,1,1
1704296700000,20240126,4200000,C,506300,513200,1,1
1704296700000,20240126,4200000,P,2100,2200,1,1
1704296700000,20240126,4520000,C,198900,200100,1,1
1704296700000,20240126,4520000,P,11000,11100,1,1
1704296700000,20240126,4840000,C,8800,9000,1,1
1704296700000,20240126,4840000,P,146200,152800,1,1
1704296700000,20240126,4410000,C,300400,306600,1,1
1704296700000,20240126,4410000,P,5100,5200,1,1
1704296700000,20240126,5050000,C,300,400,1,1
1704296700000,20240126,5050000,P,356200,362800,1,1
1704296700000,20240126,4730000,C,42800,43000,1,1
1704296700000,20240126,4730000,P,65700,66000,1,1
1704296700000,20240126,4300000,C,407500,414400,1,1
1704296700000,20240126,4300000,P,3000,3100,1,1
1704296700000,20240126,4620000,C,113900,114600,1,1
1704296700000,20240126,4620000,P,25700,25800,1,1
1704296700000,20240126,3550000,C,1151900,1159100,1,1
1704296700000,20240126,3550000,P,400,500,1,1
1704296700000,20240126,4510000,C,208000,209200,1,1
1704296700000,20240126,4510000,P,10200,10300,1,1
1704296700000,20240126,5150000,C,100,200,1,1
1704296700000,20240126,5150000,P,456200,462800,1,1
1704296700000,20240126,4830000,C,10400,10600,1,1
1704296700000,20240126,4830000,P,136000,142700,1,1
1704296700000,20240126,5250000,C,100,200,1,1
1704296700000,20240126,5250000,P,555800,562700,1,1
1704296700000,20240126,4400000,C,310400,316200,1,1
1704296700000,20240126,4400000,P,4800,4900,1,1
1704296700000,20240126,4720000,C,47800,48100,1,1
1704296700000,20240126,4720000,P,60500,60800,1,1
1704296700000,20240126,3650000,C,1052400,1059300,1,1
1704296700000,20240126,3650000,P,600,700,1,1
1704296700000,20240126,4610000,C,121700,122500,1,1
1704296700000,20240126,4610000,P,23500,23700,1,1
1704296700000,20240126,5350000,C,100,200,1,1
1704296700000,20240126,5350000,P,656100,662700,1,1
1704296700000,20240126,4500000,C,217200,218400,1,1
1704296700000,20240126,4500000,P,9400,9500,1,1
1704296700000,20240126,4820000,C,12300,12400,1,1
1704296700000,20240126,4820000,P,126900,133200,1,1
1704296700000,20240126,3750000,C,953100,960100,1,1
1704296700000,20240126,3750000,P,700,800,1,1
1704296700000,20240126,4390000,C,319700,326300,1,1
1704296700000,20240126,4390000,P,4500,4700,1,1
1704296700000,20240126,4710000,C,53200,53500,1,1
1704296700000,20240126,4710000,P,55700,55900,1,1
1704296700000,20240126,5450000,C,100,200,1,1
1704296700000,20240126,5450000,P,756100,762700,1,1
1704296700000,20240126,4600000,C,129700,130700,1,1
1704296700000,20240126,4600000,P,21600,21700,1,1
1704296700000,20240126,3850000,C,853700,860300,1,1
1704296700000,20240126,3850000,P,900,1000,1,1
1704296700000,20240126,4490000,C,226500,227700,1,1
1704296700000,20240126,4490000,P,8700,8900,1,1
1704296700000,20240126,4810000,C,14400,14600,1,1
1704296700000,20240126,4810000,P,118400,124500,1,1
1704296700000,20240126,4380000,C,329400,335600,1,1
1704296700000,20240126,4380000,P,4300,4400,1,1
1704296700000,20240126,4700000,C,58900,59200,1,1
1704296700000,20240126,4700000,P,51200,51400,1,1
1704296700000,20240126,3950000,C,754300,760900,1,1
1704296700000,20240126,3950000,P,1100,1200,1,1
1704296700000,20240126,4590000,C,137900,138800,1,1
1704296700000,20240126,4590000,P,19800,19900,1,1
1704296700000,20240131,3200000,C,1501800,1508900,1,1
1704296700000,20240131,3200000,P,200,300,1,1
1704296700000,20240131,4160000,C,548500,555000,1,1
1704296700000,20240131,4160000,P,2400,2500,1,1
1704296700000,20240131,4480000,C,241100,242300,1,1
1704296700000,20240131,4480000,P,11200,11300,1,1
1704296700000,20240131,4800000,C,22400,22500,1,1
1704296700000,20240131,4800000,P,113100,118500,1,1
1704296700000,20240131,4370000,C,343000,349200,1,1
1704296700000,20240131,4370000,P,5800,5900,1,1
1704296700000,20240131,4050000,C,657300,664200,1,1
1704296700000,20240131,4050000,P,1800,1900,1,1
1704296700000,20240131,4690000,C,73100,73400,1,1
1704296700000,20240131,4690000,P,52800,53000,1,1
1704296700000,20240131,5010000,C,800,900,1,1
1704296700000,20240131,5010000,P,316200,322800,1,1
1704296700000,20240131,3300000,C,1402400,1409700,1,1
1704296700000,20240131,3300000,P,300,400,1,1
1704296700000,20240131,4260000,C,450100,456800,1,1
1704296700000,20240131,4260000,P,3500,3600,1,1
1704296700000,20240131,4580000,C,153400,154300,1,1
1704296700000,20240131,4580000,P,23000,23200,1,1
1704296700000,20240131,4900000,C,5000,5100,1,1
1704296700000,20240131,4900000,P,206100,212800,1,1
1704296700000,20240131,4150000,C,558400,564900,1,1
1704296700000,20240131,4150000,P,2400,2500,1,1
1704296700000,20240131,4470000,C,250300,251600,1,1
1704296700000,20240131,4470000,P,10500,10600,1,1
1704296700000,20240131,4790000,C,25500,25600,1,1
1704296700000,20240131,4790000,P,106600,110200,1,1
1704296700000,20240131,3400000,C,1302900,1309900,1,1
1704296700000,20240131,3400000,P,400,500,1,1
1704296700000,20240131,4360000,C,352600,359100,1,1
1704296700000,20240131,4360000,P,5500,5600,1,1
1704296700000,20240131,5000000,C,900,1000,1,1
1704296700000,20240131,5000000,P,306200,312800,1,1
1704296700000,20240131,4680000,C,79400,79700,1,1
1704296700000,20240131,4680000,P,49000,49200,1,1
1704296700000,20240131,4250000,C,459900,466600,1,1
1704296700000,20240131,4250000,P,3300,3400,1,1
1704296700000,20240131,4570000,C,161700,162600,1,1
1704296700000,20240131,4570000,P,21400,21500,1,1
1704296700000,20240131,4890000,C,5800,6000,1,1
1704296700000,20240131,4890000,P,196100,202800,1,1
1704296700000,20240131,3500000,C,1203500,1210400,1,1
1704296700000,20240131,3500000,P,500,600,1,1
1704296700000,20240131,4140000,C,568300,575100,1,1
1704296700000,20240131,4140000,P,2300,2400,1,1
1704296700000,20240131,4460000,C,259600,260900,1,1
1704296700000,20240131,4460000,P,9800,9900,1,1
1704296700000,20240131,5100000,C,200,300,1,1
1704296700000,20240131,5100000,P,406200,412800,1,1
1704296700000,20240131,4780000,C,28900,29000,1,1
1704296700000,20240131,4780000,P,99500,102900,1,1
1704296700000,20240131,4350000,C,362300,368500,1,1
1704296700000,20240131,4350000,P,5200,5300,1,1
1704296700000,20240131,4670000,C,85900,86300,1,1
1704296700000,20240131,4670000,P,45400,45600,1,1
1704296700000,20240131,4990000,C,1000,1100,1,1
1704296700000,20240131,4990000,P,296200,302800,1,1
1704296700000,20240131,3600000,C,1104200,1111300,1,1
1704296700000,20240131,3600000,P,600,700,1,1
1704296700000,20240131,4240000,C,469700,476100,1,1
1704296700000,20240131,4240000,P,3200,3300,1,1
1704296700000,20240131,4560000,C,170100,171000,1,1
1704296700000,20240131,4560000,P,19800,20000,1,1
1704296700000,20240131,5200000,C,200,300,1,1
1704296700000,20240131,5200000,P,506200,512700,1,1
1704296700000,20240131,4880000,C,6900,7000,1,1
1704296700000,20240131,4880000,P,186100,192800,1,1
1704296700000,20240131,4130000,C,578200,585000,1,1
1704296700000,20240131,4130000,P,2200,2300,1,1
1704296700000,20240131,4450000,C,269000,270200,1,1
1704296700000,20240131,4450000,P,9200,9300,1,1
1704296700000,20240131,4770000,C,32600,32800,1,1
1704296700000,20240131,4770000,P,92700,96100,1,1
1704296700000,20240131,3700000,C,1004800,1011500,1,1
1704296700000,20240131,3700000,P,800,900,1,1
1704296700000,20240131,4340000,C,371900,378200,1,1
1704296700000,20240131,4340000,P,5000,5100,1,1
1704296700000,20240131,4660000,C,92700,93100,1,1
1704296700000,20240131,4660000,P,42200,42400,1,1
1704296700000,20240131,4980000,C,1200,1300,1,1
1704296700000,20240131,4980000,P,286200,292800,1,1
1704296700000,20240131,5300000,C,100,200,1,1
1704296700000,20240131,5300000,P,606100,612700,1,1
1704296700000,20240131,4230000,C,479400,486300,1,1
1704296700000,20240131,4230000,P,3100,3200,1,1
1704296700000,20240131,4550000,C,178700,179600,1,1
1704296700000,20240131,4550000,P,18400,18600,1,1
1704296700000,20240131,4870000,C,8000,8200,1,1
1704296700000,20240131,4870000,P,176100,182800,1,1
1704296700000,20240131,3800000,C,905400,912400,1,1
1704296700000,20240131,3800000,P,1000,1100,1,1
1704296700000,20240131,4120000,C,588100,594900,1,1
1704296700000,20240131,4120000,P,2200,2300,1,1
1704296700000,20240131,4440000,C,276300,282200,1,1
1704296700000,20240131,4440000,P,8700,8800,1,1
1704296700000,20240131,4760000,C,36600,36800,1,1
1704296700000,20240131,4760000,P,87600,88500,1,1
1704296700000,20240131,5400000,C,100,200,1,1
1704296700000,20240131,5400000,P,706100,712700,1,1
1704296700000,20240131,4330000,C,381700,388300,1,1
1704296700000,20240131,4330000,P,4700,4800,1,1
1704296700000,20240131,4650000,C,99600,100100,1,1
1704296700000,20240131,4650000,P,39100,39300,1,1
1704296700000,20240131,4970000,C,1500,1600,1,1
1704296700000,20240131,4970000,P,276200,282800,1,1
1704296700000,20240131,3900000,C,806100,813100,1,1
1704296700000,20240131,3900000,P,1200,1300,1,1
1704296700000,20240131,4220000,C,489400,495800,1,1
1704296700000,20240131,4220000,P,3000,3100,1,1
1704296700000,20240131,4540000,C,187300,188300,1,1
1704296700000,20240131,4540000,P,17100,17300,1,1
1704296700000,20240131,4860000,C,9400,9500,1,1
1704296700000,20240131,4860000,P,166100,172800,1,1
1704296700000,20240131,4110000,C,597900,604500,1,1
1704296700000,20240131,4110000,P,2100,2200,1,1
1704296700000,20240131,4430000,C,285800,291600,1,1
1704296700000,20240131,4430000,P,8100,8300,1,1
1704296700000,20240131,4750000,C,40900,41100,1,1
1704296700000,20240131,4750000,P,81600,82400,1,1
1704296700000,20240131,4320000,C,391400,397700,1,1
1704296700000,20240131,4320000,P,4500,4600,1,1
1704296700000,20240131,4000000,C,706900,713800,1,1
1704296700000,20240131,4000000,P,1600,1700,1,1
1704296700000,20240131,4640000,C,106800,107400,1,1
1704296700000,20240131,4640000,P,36300,36400,1,1
1704296700000,20240131,4960000,C,1800,1900,1,1
1704296700000,20240131,4960000,P,266200,272800,1,1
1704296700000,20240131,4210000,C,499200,506000,1,1
1704296700000,20240131,4210000,P,2900,3000,1,1
1704296700000,20240131,4530000,C,196100,197100,1,1
1704296700000,20240131,4530000,P,15900,16000,1,1
1704296700000,20240131,4850000,C,11000,11100,1,1
1704296700000,20240131,4850000,P,156200,162800,1,1
1704296700000,20240131,4100000,C,607800,614400,1,1
1704296700000,20240131,4100000,P,2000,2100,1,1
1704296700000,20240131,4420000,C,295200,301200,1,1
1704296700000,20240131,4420000,P,7700,7800,1,1
1704296700000,20240131,4740000,C,45600,45800,1,1
1704296700000,20240131,4740000,P,76200,76400,1,1
1704296700000,20240131,3350000,C,1352700,1359800,1,1
1704296700000,20240131,3350000,P,300,400,1,1
1704296700000,20240131,4310000,C,401000,407800,1,1
1704296700000,20240131,4310000,P,4300,4400,1,1
1704296700000,20240131,4630000,C,114300,114800,1,1
1704296700000,20240131,4630000,P,33600,33800,1,1
1704296700000,20240131,4950000,C,2100,2200,1,1
1704296700000,20240131,4950000,P,256200,262800,1,1
1704296700000,20240131,4200000,C,509100,515900,1,1
1704296700000,20240131,4200000,P,2800,2900,1,1
1704296700000,20240131,4520000,C,204900,206000,1,1
1704296700000,20240131,4520000,P,14800,14900,1,1
1704296700000,20240131,4840000,C,12700,12900,1,1
1704296700000,20240131,4840000,P,146100,152800,1,1
1704296700000,20240131,3450000,C,1253200,1260400,1,1
1704296700000,20240131,3450000,P,400,500,1,1
1704296700000,20240131,4090000,C,617700,624600,1,1
1704296700000,20240131,4090000,P,2000,2100,1,1
1704296700000,20240131,4410000,C,304600,310700,1,1
1704296700000,20240131,4410000,P,7200,7300,1,1
1704296700000,20240131,5050000,C,400,500,1,1
1704296700000,20240131,5050000,P,356200,362800,1,1
1704296700000,20240131,4730000,C,50500,50700,1,1
1704296700000,20240131,4730000,P,70900,71100,1,1
1704296700000,20240131,4300000,C,410900,417300,1,1
1704296700000,20240131,4300000,P,4100,4200,1,1
1704296700000,20240131,4620000,C,121700,122300,1,1
1704296700000,20240131,4620000,P,31200,31300,1,1
1704296700000,20240131,4940000,C,2500,2600,1,1
1704296700000,20240131,4940000,P,246200,252800,1,1
1704296700000,20240131,3550000,C,1153900,1160900,1,1
1704296700000,20240131,3550000,P,600,700,1,1
1704296700000,20240131,4190000,C,518900,525700,1,1
1704296700000,20240131,4190000,P,2700,2800,1,1
1704296700000,20240131,4510000,C,213800,214900,1,1
1704296700000,20240131,4510000,P,13800,13900,1,1
1704296700000,20240131,5150000,C,200,300,1,1
1704296700000,20240131,5150000,P,456200,462800,1,1
1704296700000,20240131,4830000,C,14800,14900,1,1
1704296700000,20240131,4830000,P,137200,143600,1,1
1704296700000,20240131,5250000,C,100,200,1,1
1704296700000,20240131,5250000,P,555800,562700,1,1
1704296700000,20240131,4080000,C,627600,634500,1,1
1704296700000,20240131,4080000,P,1900,2000,1,1
1704296700000,20240131,4400000,C,314200,320300,1,1
1704296700000,20240131,4400000,P,6800,6900,1,1
1704296700000,20240131,4720000,C,55700,56000,1,1
1704296700000,20240131,4720000,P,65900,66100,1,1
1704296700000,20240131,3650000,C,1054500,1061500,1,1
1704296700000,20240131,3650000,P,700,800,1,1
1704296700000,20240131,4290000,C,420700,427000,1,1
1704296700000,20240131,4290000,P,3900,4000,1,1
1704296700000,20240131,4610000,C,129400,130100,1,1
1704296700000,20240131,4610000,P,28900,29100,1,1
1704296700000,20240131,4930000,C,3000,3100,1,1
1704296700000,20240131,4930000,P,236200,242800,1,1
1704296700000,20240131,5350000,C,100,200,1,1
1704296700000,20240131,5350000,P,656100,662700,1,1
1704296700000,20240131,4180000,C,528800,535600,1,1
1704296700000,20240131,4180000,P,2600,2700,1,1
1704296700000,20240131,4500000,C,222900,224000,1,1
1704296700000,20240131,4500000,P,12900,13000,1,1
1704296700000,20240131,4820000,C,17000,17200,1,1
1704296700000,20240131,4820000,P,129000,134900,1,1
1704296700000,20240131,3750000,C,955100,961800,1,1
1704296700000,20240131,3750000,P,900,1000,1,1
1704296700000,20240131,4390000,C,323800,329800,1,1
1704296700000,20240131,4390000,P,6500,6600,1,1
1704296700000,20240131,4070000,C,637500,644400,1,1
1704296700000,20240131,4070000,P,1900,2000,1,1
1704296700000,20240131,4710000,C,61300,61500,1,1
1704296700000,20240131,4710000,P,61200,61400,1,1
1704296700000,20240131,5450000,C,100,200,1,1
1704296700000,20240131,5450000,P,756100,762700,1,1
1704296700000,20240131,4280000,C,430500,436800,1,1
1704296700000,20240131,4280000,P,3800,3900,1,1
1704296700000,20240131,4600000,C,137300,138000,1,1
1704296700000,20240131,4600000,P,26800,26900,1,1
1704296700000,20240131,4920000,C,3500,3600,1,1
1704296700000,20240131,4920000,P,226100,232800,1,1
1704296700000,20240131,3850000,C,855600,862700,1,1
1704296700000,20240131,3850000,P,1100,1200,1,1
1704296700000,20240131,4170000,C,538700,545200,1,1
1704296700000,20240131,4170000,P,2500,2600,1,1
1704296700000,20240131,4490000,C,232000,233100,1,1
1704296700000,20240131,4490000,P,12000,12100,1,1
1704296700000,20240131,4810000,C,19500,19700,1,1
1704296700000,20240131,4810000,P,120900,126600,1,1
1704296700000,20240131,4380000,C,333400,339800,1,1
1704296700000,20240131,4380000,P,6100,6200,1,1
1704296700000,20240131,4060000,C,647400,654100,1,1
1704296700000,20240131,4060000,P,1800,1900,1,1
1704296700000,20240131,4700000,C,67100,67300,1,1
1704296700000,20240131,4700000,P,56800,57000,1,1
1704296700000,20240131,5020000,C,600,700,1,1
1704296700000,20240131,5020000,P,326200,332800,1,1
1704296700000,20240131,4270000,C,440100,446700,1,1
1704296700000,20240131,4270000,P,3600,3700,1,1
1704296700000,20240131,3950000,C,756500,763400,1,1
1704296700000,20240131,3950000,P,1400,1500,1,1
1704296700000,20240131,4590000,C,145300,146200,1,1
1704296700000,20240131,4590000,P,24900,25000,1,1
1704296700000,20240131,4910000,C,4200,4300,1,1
1704296700000,20240131,4910000,P,216100,222800,1,1
1704296700000,20240202,4480000,C,245800,247100,1,1
1704296700000,20240202,4480000,P,13300,13400,1,1
1704296700000,20240202,4800000,C,26400,26600,1,1
1704296700000,20240202,4800000,P,115700,119800,1,1
1704296700000,20240202,4050000,C,660300,666900,1,1
1704296700000,20240202,4050000,P,2100,2200,1,1
1704296700000,20240202,4690000,C,79000,79300,1,1
1704296700000,20240202,4690000,P,56200,56400,1,1
1704296700000,20240202,4580000,C,159100,159900,1,1
1704296700000,20240202,4580000,P,26000,26200,1,1
1704296700000,20240202,4900000,C,6600,6700,1,1
1704296700000,20240202,4900000,P,206100,212800,1,1
1704296700000,20240202,4150000,C,561600,568100,1,1
1704296700000,20240202,4150000,P,2800,2900,1,1
1704296700000,20240202,4470000,C,255000,256200,1,1
1704296700000,20240202,4470000,P,12500,12600,1,1
1704296700000,20240202,4790000,C,29700,30000,1,1
1704296700000,20240202,4790000,P,108100,112600,1,1
1704296700000,20240202,5000000,C,1300,1400,1,1
1704296700000,20240202,5000000,P,306200,312800,1,1
1704296700000,20240202,4680000,C,85300,85700,1,1
1704296700000,20240202,4680000,P,52400,52600,1,1
1704296700000,20240202,4675000,C,88600,89000,1,1
1704296700000,20240202,4675000,P,50600,50900,1,1
1704296700000,20240202,4250000,C,463300,470000,1,1
1704296700000,20240202,4250000,P,4000,4100,1,1
1704296700000,20240202,4570000,C,167300,168200,1,1
1704296700000,20240202,4570000,P,24300,24500,1,1
1704296700000,20240202,4890000,C,7600,7800,1,1
1704296700000,20240202,4890000,P,196100,202800,1,1
1704296700000,20240202,3500000,C,1205800,1213100,1,1
1704296700000,20240202,3500000,P,600,700,1,1
1704296700000,20240202,4780000,C,33400,33600,1,1
1704296700000,20240202,4780000,P,100600,105600,1,1
1704296700000,20240202,5100000,C,300,400,1,1
1704296700000,20240202,5100000,P,406200,412800,1,1
1704296700000,20240202,4775000,C,35300,35500,1,1
1704296700000,20240202,4775000,P,97600,102200,1,1
1704296700000,20240202,4350000,C,366100,372400,1,1
1704296700000,20240202,4350000,P,6300,6400,1,1
1704296700000,20240202,4670000,C,91900,92300,1,1
1704296700000,20240202,4670000,P,48900,49100,1,1
1704296700000,20240202,3600000,C,1106500,1113400,1,1
1704296700000,20240202,3600000,P,800,900,1,1
1704296700000,20240202,4560000,C,175600,176500,1,1
1704296700000,20240202,4560000,P,22600,22800,1,1
1704296700000,20240202,4880000,C,8900,9000,1,1
1704296700000,20240202,4880000,P,186100,192800,1,1
1704296700000,20240202,5200000,C,200,300,1,1
1704296700000,20240202,5200000,P,506100,512700,1,1
1704296700000,20240202,4875000,C,9600,9700,1,1
1704296700000,20240202,4875000,P,181100,187800,1,1
1704296700000,20240202,4450000,C,273400,274700,1,1
1704296700000,20240202,4450000,P,11000,11100,1,1
1704296700000,20240202,4770000,C,37300,37600,1,1
1704296700000,20240202,4770000,P,94500,98800,1,1
1704296700000,20240202,3700000,C,1007300,1014300,1,1
1704296700000,20240202,3700000,P,900,1000,1,1
1704296700000,20240202,4660000,C,98700,99100,1,1
1704296700000,20240202,4660000,P,45600,45800,1,1
1704296700000,20240202,5300000,C,100,200,1,1
1704296700000,20240202,5300000,P,606100,612700,1,1
1704296700000,20240202,4550000,C,184000,185000,1,1
1704296700000,20240202,4550000,P,21100,21300,1,1
1704296700000,20240202,4870000,C,10300,10400,1,1
1704296700000,20240202,4870000,P,176100,182800,1,1
1704296700000,20240202,3800000,C,907900,914700,1,1
1704296700000,20240202,3800000,P,1200,1300,1,1
1704296700000,20240202,4760000,C,41600,41800,1,1
1704296700000,20240202,4760000,P,90300,91300,1,1
1704296700000,20240202,5400000,C,100,200,1,1
1704296700000,20240202,5400000,P,706100,712700,1,1
1704296700000,20240202,4650000,C,105600,106100,1,1
1704296700000,20240202,4650000,P,42500,42700,1,1
1704296700000,20240202,3900000,C,808700,815800,1,1
1704296700000,20240202,3900000,P,1400,1500,1,1
1704296700000,20240202,4540000,C,192600,193600,1,1
1704296700000,20240202,4540000,P,19700,19900,1,1
1704296700000,20240202,4860000,C,11900,12100,1,1
1704296700000,20240202,4860000,P,165900,172800,1,1
1704296700000,20240202,4750000,C,46100,46300,1,1
1704296700000,20240202,4750000,P,84400,85300,1,1
1704296700000,20240202,4000000,C,709600,716600,1,1
1704296700000,20240202,4000000,P,1800,1900,1,1
1704296700000,20240202,4640000,C,112800,113300,1,1
1704296700000,20240202,4640000,P,39600,39900,1,1
1704296700000,20240202,4530000,C,201300,202300,1,1
1704296700000,20240202,4530000,P,18400,18600,1,1
1704296700000,20240202,4850000,C,13700,13900,1,1
1704296700000,20240202,4850000,P,156100,162700,1,1
1704296700000,20240202,4100000,C,610900,617700,1,1
1704296700000,20240202,4100000,P,2400,2500,1,1
1704296700000,20240202,4740000,C,50900,51100,1,1
1704296700000,20240202,4740000,P,79100,79400,1,1
1704296700000,20240202,4950000,C,2900,3000,1,1
1704296700000,20240202,4950000,P,256200,262800,1,1
1704296700000,20240202,4630000,C,120100,120700,1,1
1704296700000,20240202,4630000,P,37000,37200,1,1
1704296700000,20240202,4625000,C,123800,124500,1,1
1704296700000,20240202,4625000,P,35700,35900,1,1
1704296700000,20240202,4200000,C,512400,519100,1,1
1704296700000,20240202,4200000,P,3300,3400,1,1
1704296700000,20240202,4520000,C,210000,211100,1,1
1704296700000,20240202,4520000,P,17300,17400,1,1
1704296700000,20240202,4840000,C,15700,15900,1,1
1704296700000,20240202,4840000,P,146900,153300,1,1
1704296700000,20240202,4730000,C,56000,56200,1,1
1704296700000,20240202,4730000,P,73900,74200,1,1
1704296700000,20240202,5050000,C,600,700,1,1
1704296700000,20240202,5050000,P,356200,362800,1,1
1704296700000,20240202,4725000,C,58600,58900,1,1
1704296700000,20240202,4725000,P,71400,71700,1,1
1704296700000,20240202,4300000,C,414600,421100,1,1
1704296700000,20240202,4300000,P,5000,5100,1,1
1704296700000,20240202,4620000,C,127600,128300,1,1
1704296700000,20240202,4620000,P,34500,34700,1,1
1704296700000,20240202,3550000,C,1156300,1163400,1,1
1704296700000,20240202,3550000,P,700,800,1,1
1704296700000,20240202,4510000,C,218800,220000,1,1
1704296700000,20240202,4510000,P,16100,16300,1,1
1704296700000,20240202,4830000,C,18000,18200,1,1
1704296700000,20240202,4830000,P,138300,144500,1,1
1704296700000,20240202,5150000,C,200,300,1,1
1704296700000,20240202,5150000,P,456200,462800,1,1
1704296700000,20240202,5250000,C,100,200,1,1
1704296700000,20240202,5250000,P,555800,562700,1,1
1704296700000,20240202,4825000,C,19200,19400,1,1
1704296700000,20240202,4825000,P,134300,140300,1,1
1704296700000,20240202,4400000,C,318500,324500,1,1
1704296700000,20240202,4400000,P,8200,8300,1,1
1704296700000,20240202,4720000,C,61400,61600,1,1
1704296700000,20240202,4720000,P,69000,69300,1,1
1704296700000,20240202,3650000,C,1056800,1064000,1,1
1704296700000,20240202,3650000,P,800,900,1,1
1704296700000,20240202,4610000,C,135200,136000,1,1
1704296700000,20240202,4610000,P,32100,32300,1,1
1704296700000,20240202,5350000,C,100,200,1,1
1704296700000,20240202,5350000,P,656100,662700,1,1
1704296700000,20240202,4500000,C,227800,228900,1,1
1704296700000,20240202,4500000,P,15100,15200,1,1
1704296700000,20240202,4820000,C,20500,20700,1,1
1704296700000,20240202,4820000,P,130100,136100,1,1
1704296700000,20240202,3750000,C,957500,964700,1,1
1704296700000,20240202,3750000,P,1000,1100,1,1
1704296700000,20240202,4710000,C,67000,67300,1,1
1704296700000,20240202,4710000,P,64500,64800,1,1
1704296700000,20240202,5450000,C,100,200,1,1
1704296700000,20240202,5450000,P,756100,762700,1,1
1704296700000,20240202,4600000,C,143000,143800,1,1
1704296700000,20240202,4600000,P,30000,30100,1,1
1704296700000,20240202,3850000,C,858400,865400,1,1
1704296700000,20240202,3850000,P,1300,1400,1,1
1704296700000,20240202,4490000,C,236800,238000,1,1
1704296700000,20240202,4490000,P,14100,14300,1,1
1704296700000,20240202,4810000,C,23300,23500,1,1
1704296700000,20240202,4810000,P,122200,127900,1,1
1704296700000,20240202,4700000,C,72900,73200,1,1
1704296700000,20240202,4700000,P,60200,60400,1,1
1704296700000,20240202,3950000,C,759300,765900,1,1
1704296700000,20240202,3950000,P,1600,1700,1,1
1704296700000,20240202,4590000,C,151000,151800,1,1
1704296700000,20240202,4590000,P,27900,28100,1,1
1704296700000,20240209,4800000,C,33800,34000,1,1
1704296700000,20240209,4800000,P,118000,123000,1,1
1704296700000,20240209,4050000,C,665700,672500,1,1
1704296700000,20240209,4050000,P,2900,3000,1,1
1704296700000,20240209,4690000,C,89200,89700,1,1
1704296700000,20240209,4690000,P,61900,62100,1,1
1704296700000,20240209,4580000,C,169400,170200,1,1
1704296700000,20240209,4580000,P,31400,31700,1,1
1704296700000,20240209,4900000,C,9900,10100,1,1
1704296700000,20240209,4900000,P,206100,212800,1,1
1704296700000,20240209,4150000,C,567400,573800,1,1
1704296700000,20240209,4150000,P,3900,4000,1,1
1704296700000,20240209,4790000,C,37500,37800,1,1
1704296700000,20240209,4790000,P,110900,116100,1,1
1704296700000,20240209,5000000,C,2300,2400,1,1
1704296700000,20240209,5000000,P,306200,312800,1,1
1704296700000,20240209,4680000,C,95700,96100,1,1
1704296700000,20240209,4680000,P,58100,58400,1,1
1704296700000,20240209,4250000,C,469800,476100,1,1
1704296700000,20240209,4250000,P,5700,5800,1,1
1704296700000,20240209,4570000,C,177500,178400,1,1
1704296700000,20240209,4570000,P,29600,29800,1,1
1704296700000,20240209,4890000,C,11400,11600,1,1
1704296700000,20240209,4890000,P,196100,202800,1,1
1704296700000,20240209,3500000,C,1209900,1217100,1,1
1704296700000,20240209,3500000,P,800,900,1,1
1704296700000,20240209,4780000,C,41500,41800,1,1
1704296700000,20240209,4780000,P,104400,109200,1,1
1704296700000,20240209,5100000,C,600,700,1,1
1704296700000,20240209,5100000,P,406200,412800,1,1
1704296700000,20240209,4350000,C,373600,379500,1,1
1704296700000,20240209,4350000,P,8800,8900,1,1
1704296700000,20240209,4670000,C,102400,102800,1,1
1704296700000,20240209,4670000,P,54700,54900,1,1
1704296700000,20240209,3600000,C,1110900,1118000,1,1
1704296700000,20240209,3600000,P,1000,1100,1,1
1704296700000,20240209,4560000,C,185700,186600,1,1
1704296700000,20240209,4560000,P,27800,28100,1,1
1704296700000,20240209,4880000,C,13000,13200,1,1
1704296700000,20240209,4880000,P,186100,192800,1,1
1704296700000,20240209,5200000,C,200,300,1,1
1704296700000,20240209,5200000,P,506100,512800,1,1
1704296700000,20240209,4450000,C,282000,283300,1,1
1704296700000,20240209,4450000,P,14600,14800,1,1
1704296700000,20240209,4770000,C,45800,46100,1,1
1704296700000,20240209,4770000,P,98500,102900,1,1
1704296700000,20240209,3700000,C,1011700,1018800,1,1
1704296700000,20240209,3700000,P,1200,1300,1,1
1704296700000,20240209,4660000,C,109200,109700,1,1
1704296700000,20240209,4660000,P,51400,51700,1,1
1704296700000,20240209,5300000,C,100,200,1,1
1704296700000,20240209,5300000,P,605800,612700,1,1
1704296700000,20240209,4550000,C,194000,195000,1,1
1704296700000,20240209,4550000,P,26200,26400,1,1
1704296700000,20240209,4870000,C,14800,15000,1,1
1704296700000,20240209,4870000,P,175900,182800,1,1
1704296700000,20240209,3800000,C,912700,919400,1,1
1704296700000,20240209,3800000,P,1500,1600,1,1
1704296700000,20240209,4760000,C,50400,50600,1,1
1704296700000,20240209,4760000,P,94400,95600,1,1
1704296700000,20240209,5400000,C,100,200,1,1
1704296700000,20240209,5400000,P,706100,712700,1,1
1704296700000,20240209,4650000,C,116200,116700,1,1
1704296700000,20240209,4650000,P,48300,48600,1,1
1704296700000,20240209,3900000,C,813700,820700,1,1
1704296700000,20240209,3900000,P,1900,2000,1,1
1704296700000,20240209,4540000,C,202500,203500,1,1
1704296700000,20240209,4540000,P,24700,24900,1,1
1704296700000,20240209,4860000,C,16800,17000,1,1
1704296700000,20240209,4860000,P,166400,172800,1,1
1704296700000,20240209,4750000,C,55200,55500,1,1
1704296700000,20240209,4750000,P,89400,89700,1,1
1704296700000,20240209,4000000,C,715000,721500,1,1
1704296700000,20240209,4000000,P,2500,2600,1,1
1704296700000,20240209,4640000,C,123300,123900,1,1
1704296700000,20240209,4640000,P,45400,45700,1,1
1704296700000,20240209,4530000,C,211000,212000,1,1
1704296700000,20240209,4530000,P,23200,23400,1,1
1704296700000,20240209,4850000,C,19000,19200,1,1
1704296700000,20240209,4850000,P,156900,163300,1,1
1704296700000,20240209,4100000,C,616400,622900,1,1
1704296700000,20240209,4100000,P,3400,3500,1,1
1704296700000,20240209,4740000,C,60300,60600,1,1
1704296700000,20240209,4740000,P,84100,84400,1,1
1704296700000,20240209,4950000,C,4900,5000,1,1
1704296700000,20240209,4950000,P,256200,262800,1,1
1704296700000,20240209,4630000,C,130600,131300,1,1
1704296700000,20240209,4630000,P,42700,43000,1,1
1704296700000,20240209,4200000,C,518500,524800,1,1
1704296700000,20240209,4200000,P,4700,4800,1,1
1704296700000,20240209,4520000,C,219600,220700,1,1
1704296700000,20240209,4520000,P,21900,22100,1,1
1704296700000,20240209,4840000,C,21500,21700,1,1
1704296700000,20240209,4840000,P,148500,154700,1,1
1704296700000,20240209,4730000,C,65600,65900,1,1
1704296700000,20240209,4730000,P,79100,79400,1,1
1704296700000,20240209,5050000,C,1100,1200,1,1
1704296700000,20240209,5050000,P,356200,362800,1,1
1704296700000,20240209,4300000,C,421400,427900,1,1
1704296700000,20240209,4300000,P,7000,7100,1,1
1704296700000,20240209,4620000,C,138100,138800,1,1
1704296700000,20240209,4620000,P,40200,40400,1,1
1704296700000,20240209,3550000,C,1160500,1167600,1,1
1704296700000,20240209,3550000,P,900,1000,1,1
1704296700000,20240209,4830000,C,24200,24400,1,1
1704296700000,20240209,4830000,P,140400,146200,1,1
1704296700000,20240209,5150000,C,300,400,1,1
1704296700000,20240209,5150000,P,456200,462800,1,1
1704296700000,20240209,5250000,C,200,300,1,1
1704296700000,20240209,5250000,P,555800,562700,1,1
1704296700000,20240209,4400000,C,326400,332500,1,1
1704296700000,20240209,4400000,P,11200,11400,1,1
1704296700000,20240209,4720000,C,71200,71500,1,1
1704296700000,20240209,4720000,P,74400,74700,1,1
1704296700000,20240209,3650000,C,1061200,1068400,1,1
1704296700000,20240209,3650000,P,1100,1200,1,1
1704296700000,20240209,4610000,C,145700,146600,1,1
1704296700000,20240209,4610000,P,37800,38000,1,1
1704296700000,20240209,5350000,C,100,200,1,1
1704296700000,20240209,5350000,P,656100,662700,1,1
1704296700000,20240209,4500000,C,237100,238200,1,1
1704296700000,20240209,4500000,P,19500,19700,1,1
1704296700000,20240209,4820000,C,27100,27400,1,1
1704296700000,20240209,4820000,P,132600,138300,1,1
1704296700000,20240209,3750000,C,962200,969200,1,1
1704296700000,20240209,3750000,P,1300,1400,1,1
1704296700000,20240209,4710000,C,77000,77300,1,1
1704296700000,20240209,4710000,P,70000,70300,1,1
1704296700000,20240209,5450000,C,100,200,1,1
1704296700000,20240209,5450000,P,756100,762700,1,1
1704296700000,20240209,4600000,C,153500,154300,1,1
1704296700000,20240209,4600000,P,35500,35800,1,1
1704296700000,20240209,3850000,C,863200,869800,1,1
1704296700000,20240209,3850000,P,1700,1800,1,1
1704296700000,20240209,4810000,C,30300,30600,1,1
1704296700000,20240209,4810000,P,124900,130500,1,1
1704296700000,20240209,4700000,C,83000,83300,1,1
1704296700000,20240209,4700000,P,65800,66100,1,1
1704296700000,20240209,3950000,C,764300,771200,1,1
1704296700000,20240209,3950000,P,2200,2300,1,1
1704296700000,20240209,4590000,C,161400,162200,1,1
1704296700000,20240209,4590000,P,33400,33700,1,1
1704296700000,20240216,5650000,C,100,200,1,1
1704296700000,20240216,5650000,P,956000,962700,1,1
1704296700000,20240216,3200000,C,1512100,1519400,1,1
1704296700000,20240216,3200000,P,500,600,1,1
1704296700000,20240216,4160000,C,564500,571100,1,1
1704296700000,20240216,4160000,P,5600,5700,1,1
1704296700000,20240216,4480000,C,265100,266200,1,1
1704296700000,20240216,4480000,P,22200,22300,1,1
1704296700000,20240216,4800000,C,42600,42800,1,1
1704296700000,20240216,4800000,P,121800,126600,1,1
1704296700000,20240216,2450000,C,2255900,2263700,1,1
1704296700000,20240216,2450000,P,100,200,1,1
1704296700000,20240216,4370000,C,365300,366600,1,1
1704296700000,20240216,4370000,P,13000,13200,1,1
1704296700000,20240216,4050000,C,671800,678700,1,1
1704296700000,20240216,4050000,P,4000,4100,1,1
1704296700000,20240216,4690000,C,100700,101000,1,1
1704296700000,20240216,4690000,P,68100,68300,1,1
1704296700000,20240216,5010000,C,3500,3600,1,1
1704296700000,20240216,5010000,P,316200,322800,1,1
1704296700000,20240216,5750000,P,1055600,1062700,1,1
1704296700000,20240216,3300000,C,1412800,1419900,1,1
1704296700000,20240216,3300000,P,700,800,1,1
1704296700000,20240216,4260000,C,467700,473900,1,1
1704296700000,20240216,4260000,P,8200,8300,1,1
1704296700000,20240216,4580000,C,180800,181700,1,1
1704296700000,20240216,4580000,P,37500,37700,1,1
1704296700000,20240216,4900000,C,14700,14800,1,1
1704296700000,20240216,4900000,P,206100,212800,1,1
1704296700000,20240216,2550000,C,2156700,2164400,1,1
1704296700000,20240216,2550000,P,100,200,1,1
1704296700000,20240216,4150000,C,574200,580500,1,1
1704296700000,20240216,4150000,P,5400,5500,1,1
1704296700000,20240216,4470000,C,273900,275000,1,1
1704296700000,20240216,4470000,P,21100,21200,1,1
1704296700000,20240216,4790000,C,46700,47000,1,1
1704296700000,20240216,4790000,P,115100,119000,1,1
1704296700000,20240216,3400000,C,1313700,1320700,1,1
1704296700000,20240216,3400000,P,800,900,1,1
1704296700000,20240216,4360000,C,372900,379000,1,1
1704296700000,20240216,4360000,P,12500,12600,1,1
1704296700000,20240216,4040000,C,681700,688600,1,1
1704296700000,20240216,4040000,P,3900,4000,1,1
1704296700000,20240216,5000000,C,4000,4100,1,1
1704296700000,20240216,5000000,P,306200,312800,1,1
1704296700000,20240216,4680000,C,107300,107600,1,1
1704296700000,20240216,4680000,P,64500,64700,1,1
1704296700000,20240216,2650000,C,2057400,2064800,1,1
1704296700000,20240216,2650000,P,100,200,1,1
1704296700000,20240216,4250000,C,477400,483800,1,1
1704296700000,20240216,4250000,P,7800,7900,1,1
1704296700000,20240216,4570000,C,188800,189600,1,1
1704296700000,20240216,4570000,P,35500,35700,1,1
1704296700000,20240216,4890000,C,16500,16700,1,1
1704296700000,20240216,4890000,P,196200,202800,1,1
1704296700000,20240216,3500000,C,1214800,1222000,1,1
1704296700000,20240216,3500000,P,1000,1100,1,1
1704296700000,20240216,4140000,C,583900,590600,1,1
1704296700000,20240216,4140000,P,5300,5400,1,1
1704296700000,20240216,4460000,C,282800,284000,1,1
1704296700000,20240216,4460000,P,20000,20200,1,1
1704296700000,20240216,5100000,C,1000,1100,1,1
1704296700000,20240216,5100000,P,406200,412800,1,1
1704296700000,20240216,4780000,C,51100,51300,1,1
1704296700000,20240216,4780000,P,108900,111900,1,1
1704296700000,20240216,2750000,C,1958200,1965800,1,1
1704296700000,20240216,2750000,P,200,300,1,1
1704296700000,20240216,4350000,C,382200,388100,1,1
1704296700000,20240216,4350000,P,11900,12000,1,1
1704296700000,20240216,4030000,C,691600,698300,1,1
1704296700000,20240216,4030000,P,3800,3900,1,1
1704296700000,20240216,4670000,C,114000,114300,1,1
1704296700000,20240216,4670000,P,61100,61300,1,1
1704296700000,20240216,4990000,C,4600,4700,1,1
1704296700000,20240216,4990000,P,296200,302800,1,1
1704296700000,20240216,3600000,C,1115700,1122600,1,1
1704296700000,20240216,3600000,P,1300,1400,1,1
1704296700000,20240216,4240000,C,487000,493200,1,1
1704296700000,20240216,4240000,P,7500,7600,1,1
1704296700000,20240216,4560000,C,197000,197800,1,1
1704296700000,20240216,4560000,P,33700,33900,1,1
1704296700000,20240216,5200000,C,400,500,1,1
1704296700000,20240216,5200000,P,506100,512800,1,1
1704296700000,20240216,4880000,C,18500,18700,1,1
1704296700000,20240216,4880000,P,185900,192700,1,1
1704296700000,20240216,2850000,C,1859000,1866400,1,1
1704296700000,20240216,2850000,P,200,300,1,1
1704296700000,20240216,4130000,C,593700,600400,1,1
1704296700000,20240216,4130000,P,5100,5200,1,1
1704296700000,20240216,4450000,C,291800,293000,1,1
1704296700000,20240216,4450000,P,19100,19200,1,1
1704296700000,20240216,4770000,C,55700,55900,1,1
1704296700000,20240216,4770000,P,105200,106300,1,1
1704296700000,20240216,2100000,C,2603200,2611200,1,1
1704296700000,20240216,3700000,C,1016900,1023900,1,1
1704296700000,20240216,3700000,P,1600,1700,1,1
1704296700000,20240216,4340000,C,391600,397500,1,1
1704296700000,20240216,4340000,P,11400,11500,1,1
1704296700000,20240216,4020000,C,701400,707900,1,1
1704296700000,20240216,4020000,P,3700,3800,1,1
1704296700000,20240216,4660000,C,120800,121300,1,1
1704296700000,20240216,4660000,P,57800,58000,1,1
1704296700000,20240216,4980000,C,5300,5400,1,1
1704296700000,20240216,4980000,P,286200,292800,1,1
1704296700000,20240216,5300000,C,200,300,1,1
1704296700000,20240216,5300000,P,605800,612700,1,1
1704296700000,20240216,2950000,C,1759800,1767400,1,1
1704296700000,20240216,2950000,P,300,400,1,1
1704296700000,20240216,4230000,C,496500,503100,1,1
1704296700000,20240216,4230000,P,7300,7400,1,1
1704296700000,20240216,4550000,C,205200,206200,1,1
1704296700000,20240216,4550000,P,32000,32100,1,1
1704296700000,20240216,4870000,C,20800,20900,1,1
1704296700000,20240216,4870000,P,176400,182900,1,1
1704296700000,20240216,2200000,C,2504000,2511900,1,1
1704296700000,20240216,3800000,C,918000,924800,1,1
1704296700000,20240216,3800000,P,2100,2200,1,1
1704296700000,20240216,4120000,C,603300,609800,1,1
1704296700000,20240216,4120000,P,4900,5000,1,1
1704296700000,20240216,4440000,C,300800,302000,1,1
1704296700000,20240216,4440000,P,18200,18300,1,1
1704296700000,20240216,4760000,C,60500,60800,1,1
1704296700000,20240216,4760000,P,99200,100600,1,1
1704296700000,20240216,5400000,C,100,200,1,1
1704296700000,20240216,5400000,P,706100,712700,1,1
1704296700000,20240216,3050000,C,1660700,1668200,1,1
1704296700000,20240216,3050000,P,400,500,1,1
1704296700000,20240216,4330000,C,401100,407000,1,1
1704296700000,20240216,4330000,P,10900,11000,1,1
1704296700000,20240216,4010000,C,711200,718000,1,1
1704296700000,20240216,4010000,P,3600,3700,1,1
1704296700000,20240216,4650000,C,127800,128300,1,1
1704296700000,20240216,4650000,P,54700,54900,1,1
1704296700000,20240216,4970000,C,6000,6100,1,1
1704296700000,20240216,4970000,P,276200,282800,1,1
1704296700000,20240216,2300000,C,2404800,2412600,1,1
1704296700000,20240216,2300000,P,100,200,1,1
1704296700000,20240216,3900000,C,819400,826400,1,1
1704296700000,20240216,3900000,P,2700,2800,1,1
1704296700000,20240216,4220000,C,506300,512500,1,1
1704296700000,20240216,4220000,P,7000,7100,1,1
1704296700000,20240216,4540000,C,213500,214400,1,1
1704296700000,20240216,4540000,P,30300,30500,1,1
1704296700000,20240216,4860000,C,23200,23400,1,1
1704296700000,20240216,4860000,P,167300,173700,1,1
1704296700000,20240216,5500000,C,100,200,1,1
1704296700000,20240216,5500000,P,806100,812700,1,1
1704296700000,20240216,3150000,C,1561500,1569000,1,1
1704296700000,20240216,3150000,P,500,600,1,1
1704296700000,20240216,4110000,C,613200,619600,1,1
1704296700000,20240216,4110000,P,4800,4900,1,1
1704296700000,20240216,4430000,C,309900,311100,1,1
1704296700000,20240216,4430000,P,17300,17400,1,1
1704296700000,20240216,4750000,C,65600,65900,1,1
1704296700000,20240216,4750000,P,94700,95000,1,1
1704296700000,20240216,2400000,C,2305500,2313300,1,1
1704296700000,20240216,2400000,P,100,200,1,1
1704296700000,20240216,4320000,C,410500,416500,1,1
1704296700000,20240216,4320000,P,10400,10500,1,1
1704296700000,20240216,4000000,C,720900,727800,1,1
1704296700000,20240216,4000000,P,3500,3600,1,1
1704296700000,20240216,4640000,C,135000,135500,1,1
1704296700000,20240216,4640000,P,51800,52000,1,1
1704296700000,20240216,4960000,C,6900,7000,1,1
1704296700000,20240216,4960000,P,266200,272800,1,1
1704296700000,20240216,5600000,P,906000,912700,1,1
1704296700000,20240216,3250000,C,1462400,1469800,1,1
1704296700000,20240216,3250000,P,600,700,1,1
1704296700000,20240216,4210000,C,516000,522200,1,1
1704296700000,20240216,4210000,P,6700,6800,1,1
1704296700000,20240216,4530000,C,221900,222800,1,1
1704296700000,20240216,4530000,P,28700,28900,1,1
1704296700000,20240216,4850000,C,25800,26000,1,1
1704296700000,20240216,4850000,P,159000,165200,1,1
1704296700000,20240216,2500000,C,2206300,2214000,1,1
1704296700000,20240216,2500000,P,100,200,1,1
1704296700000,20240216,4100000,C,622900,629400,1,1
1704296700000,20240216,4100000,P,4600,4700,1,1
1704296700000,20240216,4420000,C,319000,320200,1,1
1704296700000,20240216,4420000,P,16500,16600,1,1
1704296700000,20240216,4740000,C,71000,71200,1,1
1704296700000,20240216,4740000,P,89700,89900,1,1
1704296700000,20240216,5700000,P,1005700,1012700,1,1
1704296700000,20240216,3350000,C,1363300,1370600,1,1
1704296700000,20240216,3350000,P,800,900,1,1
1704296700000,20240216,4310000,C,419900,426300,1,1
1704296700000,20240216,4310000,P,10000,10100,1,1
1704296700000,20240216,4950000,C,7800,8000,1,1
1704296700000,20240216,4950000,P,256200,262800,1,1
1704296700000,20240216,4630000,C,142300,142900,1,1
1704296700000,20240216,4630000,P,49100,49300,1,1
1704296700000,20240216,2600000,C,2107000,2114400,1,1
1704296700000,20240216,2600000,P,100,200,1,1
1704296700000,20240216,4200000,C,525600,532100,1,1
1704296700000,20240216,4200000,P,6500,6600,1,1
1704296700000,20240216,4520000,C,230400,231400,1,1
1704296700000,20240216,4520000,P,27300,27400,1,1
1704296700000,20240216,4840000,C,28700,28900,1,1
1704296700000,20240216,4840000,P,151100,156900,1,1
1704296700000,20240216,3450000,C,1264200,1271500,1,1
1704296700000,20240216,3450000,P,900,1000,1,1
1704296700000,20240216,4090000,C,632800,639200,1,1
1704296700000,20240216,4090000,P,4500,4600,1,1
1704296700000,20240216,4410000,C,328200,329300,1,1
1704296700000,20240216,4410000,P,15700,15800,1,1
1704296700000,20240216,5050000,C,2000,2100,1,1
1704296700000,20240216,5050000,P,356200,362800,1,1
1704296700000,20240216,4730000,C,76500,76700,1,1
1704296700000,20240216,4730000,P,84900,85100,1,1
1704296700000,20240216,2700000,C,2007900,2015200,1,1
1704296700000,20240216,2700000,P,200,300,1,1
1704296700000,20240216,4300000,C,429500,435600,1,1
1704296700000,20240216,4300000,P,9600,9700,1,1
1704296700000,20240216,4620000,C,149800,150400,1,1
1704296700000,20240216,4620000,P,46500,46700,1,1
1704296700000,20240216,4940000,C,9000,9100,1,1
1704296700000,20240216,4940000,P,246200,252800,1,1
1704296700000,20240216,3550000,C,1165200,1172100,1,1
1704296700000,20240216,3550000,P,1200,1300,1,1
1704296700000,20240216,4190000,C,535300,541900,1,1
1704296700000,20240216,4190000,P,6300,6400,1,1
1704296700000,20240216,4510000,C,239000,240000,1,1
1704296700000,20240216,4510000,P,25900,26000,1,1
1704296700000,20240216,5150000,C,700,800,1,1
1704296700000,20240216,5150000,P,456200,462800,1,1
1704296700000,20240216,4830000,C,31800,32000,1,1
1704296700000,20240216,4830000,P,143300,148800,1,1
1704296700000,20240216,5250000,C,300,400,1,1
1704296700000,20240216,5250000,P,555800,562800,1,1
1704296700000,20240216,2800000,C,1908600,1916200,1,1
1704296700000,20240216,2800000,P,200,300,1,1
1704296700000,20240216,4080000,C,642400,649300,1,1
1704296700000,20240216,4080000,P,4400,4500,1,1
1704296700000,20240216,4400000,C,337500,338600,1,1
1704296700000,20240216,4400000,P,15000,15100,1,1
1704296700000,20240216,4720000,C,82300,82500,1,1
1704296700000,20240216,4720000,P,80300,80600,1,1
1704296700000,20240216,3650000,C,1066300,1073400,1,1
1704296700000,20240216,3650000,P,1500,1600,1,1
1704296700000,20240216,4290000,C,439100,445400,1,1
1704296700000,20240216,4290000,P,9200,9300,1,1
1704296700000,20240216,4610000,C,157300,158000,1,1
1704296700000,20240216,4610000,P,44100,44300,1,1
1704296700000,20240216,4930000,C,10100,10300,1,1
1704296700000,20240216,4930000,P,236200,242800,1,1
1704296700000,20240216,5350000,C,100,200,1,1
1704296700000,20240216,5350000,P,655800,662700,1,1
1704296700000,20240216,2900000,C,1809500,1817000,1,1
1704296700000,20240216,2900000,P,300,400,1,1
1704296700000,20240216,4180000,C,545000,551300,1,1
1704296700000,20240216,4180000,P,6000,6100,1,1
1704296700000,20240216,4500000,C,247600,248600,1,1
1704296700000,20240216,4500000,P,24600,24700,1,1
1704296700000,20240216,4820000,C,35200,35400,1,1
1704296700000,20240216,4820000,P,135500,141100,1,1
1704296700000,20240216,2150000,C,2553600,2561500,1,1
1704296700000,20240216,3750000,C,967500,974500,1,1
1704296700000,20240216,3750000,P,1800,1900,1,1
1704296700000,20240216,4390000,C,346600,347900,1,1
1704296700000,20240216,4390000,P,14300,14400,1,1
1704296700000,20240216,4070000,C,652200,658800,1,1
1704296700000,20240216,4070000,P,4200,4300,1,1
1704296700000,20240216,4710000,C,88200,88500,1,1
1704296700000,20240216,4710000,P,76000,76300,1,1
1704296700000,20240216,5450000,C,100,200,1,1
1704296700000,20240216,5450000,P,756100,762700,1,1
1704296700000,20240216,3000000,C,1710300,1717800,1,1
1704296700000,20240216,3000000,P,300,400,1,1
1704296700000,20240216,4280000,C,448600,454700,1,1
1704296700000,20240216,4280000,P,8800,8900,1,1
1704296700000,20240216,4600000,C,165100,165800,1,1
1704296700000,20240216,4600000,P,41800,41900,1,1
1704296700000,20240216,4920000,C,11500,11600,1,1
1704296700000,20240216,4920000,P,226200,232800,1,1
1704296700000,20240216,2250000,C,2454400,2462200,1,1
1704296700000,20240216,3850000,C,868700,875700,1,1
1704296700000,20240216,3850000,P,2400,2500,1,1
1704296700000,20240216,4170000,C,554700,561100,1,1
1704296700000,20240216,4170000,P,5800,5900,1,1
1704296700000,20240216,4490000,C,256300,257400,1,1
1704296700000,20240216,4490000,P,23300,23500,1,1
1704296700000,20240216,4810000,C,38800,39000,1,1
1704296700000,20240216,4810000,P,128400,133800,1,1
1704296700000,20240216,5550000,C,100,200,1,1
1704296700000,20240216,5550000,P,856000,862700,1,1
1704296700000,20240216,3100000,C,1611100,1618600,1,1
1704296700000,20240216,3100000,P,400,500,1,1
1704296700000,20240216,4380000,C,355900,357200,1,1
1704296700000,20240216,4380000,P,13600,13800,1,1
1704296700000,20240216,4060000,C,662000,668600,1,1
1704296700000,20240216,4060000,P,4100,4200,1,1
1704296700000,20240216,4700000,C,94300,94700,1,1
1704296700000,20240216,4700000,P,72000,72200,1,1
1704296700000,20240216,5020000,C,3000,3100,1,1
1704296700000,20240216,5020000,P,326200,332800,1,1
1704296700000,20240216,2350000,C,2355100,2363000,1,1
1704296700000,20240216,4270000,C,458100,464600,1,1
1704296700000,20240216,4270000,P,8500,8600,1,1
1704296700000,20240216,3950000,C,770200,776800,1,1
1704296700000,20240216,3950000,P,3000,3100,1,1
1704296700000,20240216,4590000,C,172900,173600,1,1
1704296700000,20240216,4590000,P,39600,39800,1,1
1704296700000,20240216,4910000,C,13000,13100,1,1
1704296700000,20240216,4910000,P,216200,222800,1,1
1704296700000,20240229,3200000,C,1518400,1525800,1,1
1704296700000,20240229,3200000,P,1000,1100,1,1
1704296700000,20240229,4160000,C,575300,581800,1,1
1704296700000,20240229,4160000,P,8800,8900,1,1
1704296700000,20240229,4480000,C,280700,281800,1,1
1704296700000,20240229,4480000,P,29600,29900,1,1
1704296700000,20240229,4800000,C,56400,56700,1,1
1704296700000,20240229,4800000,P,127500,132500,1,1
1704296700000,20240229,4370000,C,379000,380300,1,1
1704296700000,20240229,4370000,P,18700,18900,1,1
1704296700000,20240229,4050000,C,681700,688400,1,1
1704296700000,20240229,4050000,P,6200,6300,1,1
1704296700000,20240229,4690000,C,117500,117900,1,1
1704296700000,20240229,4690000,P,76900,77200,1,1
1704296700000,20240229,5010000,C,6800,7000,1,1
1704296700000,20240229,5010000,P,316100,323000,1,1
1704296700000,20240229,3300000,C,1419500,1427100,1,1
1704296700000,20240229,3300000,P,1200,1300,1,1
1704296700000,20240229,4260000,C,479900,486100,1,1
1704296700000,20240229,4260000,P,12300,12500,1,1
1704296700000,20240229,4580000,C,197600,198400,1,1
1704296700000,20240229,4580000,P,46200,46400,1,1
1704296700000,20240229,4900000,C,23000,23200,1,1
1704296700000,20240229,4900000,P,205800,212800,1,1
1704296700000,20240229,4150000,C,584900,591500,1,1
1704296700000,20240229,4150000,P,8500,8600,1,1
1704296700000,20240229,4470000,C,289300,290500,1,1
1704296700000,20240229,4470000,P,28400,28600,1,1
1704296700000,20240229,4790000,C,60900,61200,1,1
1704296700000,20240229,4790000,P,121400,126200,1,1
1704296700000,20240229,3400000,C,1320700,1328200,1,1
1704296700000,20240229,3400000,P,1400,1500,1,1
1704296700000,20240229,4360000,C,388200,389500,1,1
1704296700000,20240229,4360000,P,18000,18200,1,1
1704296700000,20240229,5000000,C,7700,7800,1,1
1704296700000,20240229,5000000,P,306100,313000,1,1
1704296700000,20240229,4680000,C,124100,124500,1,1
1704296700000,20240229,4680000,P,73300,73700,1,1
1704296700000,20240229,4250000,C,489300,495600,1,1
1704296700000,20240229,4250000,P,11900,12000,1,1
1704296700000,20240229,4570000,C,205500,206400,1,1
1704296700000,20240229,4570000,P,44200,44400,1,1
1704296700000,20240229,4890000,C,25400,25600,1,1
1704296700000,20240229,4890000,P,196300,202800,1,1
1704296700000,20240229,3500000,C,1222100,1229500,1,1
1704296700000,20240229,3500000,P,1700,1800,1,1
1704296700000,20240229,4140000,C,594600,601100,1,1
1704296700000,20240229,4140000,P,8200,8300,1,1
1704296700000,20240229,4460000,C,298100,299200,1,1
1704296700000,20240229,4460000,P,27200,27400,1,1
1704296700000,20240229,5100000,C,2400,2500,1,1
1704296700000,20240229,5100000,P,405700,412900,1,1
1704296700000,20240229,4780000,C,65700,66000,1,1
1704296700000,20240229,4780000,P,115600,120300,1,1
1704296700000,20240229,4350000,C,397400,398700,1,1
1704296700000,20240229,4350000,P,17300,17500,1,1
1704296700000,20240229,4670000,C,130900,131400,1,1
1704296700000,20240229,4670000,P,70000,70300,1,1
1704296700000,20240229,4990000,C,8600,8800,1,1
1704296700000,20240229,4990000,P,296100,303000,1,1
1704296700000,20240229,3600000,C,1123300,1130800,1,1
1704296700000,20240229,3600000,P,2100,2200,1,1
1704296700000,20240229,4240000,C,498800,505100,1,1
1704296700000,20240229,4240000,P,11500,11600,1,1
1704296700000,20240229,4560000,C,213600,214400,1,1
1704296700000,20240229,4560000,P,42200,42500,1,1
1704296700000,20240229,5200000,C,900,1000,1,1
1704296700000,20240229,5200000,P,505700,512900,1,1
1704296700000,20240229,4880000,C,28000,28300,1,1
1704296700000,20240229,4880000,P,186900,193500,1,1
1704296700000,20240229,4130000,C,604200,610800,1,1
1704296700000,20240229,4130000,P,7900,8100,1,1
1704296700000,20240229,4450000,C,306900,308100,1,1
1704296700000,20240229,4450000,P,26100,26300,1,1
1704296700000,20240229,4770000,C,70600,71000,1,1
1704296700000,20240229,4770000,P,112100,113400,1,1
1704296700000,20240229,3700000,C,1024800,1032200,1,1
1704296700000,20240229,3700000,P,2600,2700,1,1
1704296700000,20240229,4340000,C,406600,408000,1,1
1704296700000,20240229,4340000,P,16600,16800,1,1
1704296700000,20240229,4660000,C,137800,138300,1,1
1704296700000,20240229,4660000,P,66800,67100,1,1
1704296700000,20240229,4980000,C,9700,9900,1,1
1704296700000,20240229,4980000,P,286100,293000,1,1
1704296700000,20240229,5300000,C,400,500,1,1
1704296700000,20240229,5300000,P,605800,612900,1,1
1704296700000,20240229,4230000,C,508300,514700,1,1
1704296700000,20240229,4230000,P,11100,11200,1,1
1704296700000,20240229,4550000,C,221700,222600,1,1
1704296700000,20240229,4550000,P,40400,40600,1,1
1704296700000,20240229,4870000,C,30800,31100,1,1
1704296700000,20240229,4870000,P,178400,184800,1,1
1704296700000,20240229,3800000,C,926400,933700,1,1
1704296700000,20240229,3800000,P,3300,3400,1,1
1704296700000,20240229,4120000,C,613900,620800,1,1
1704296700000,20240229,4120000,P,7700,7800,1,1
1704296700000,20240229,4440000,C,315700,316900,1,1
1704296700000,20240229,4440000,P,25000,25200,1,1
1704296700000,20240229,4760000,C,75800,76200,1,1
1704296700000,20240229,4760000,P,107500,107800,1,1
1704296700000,20240229,5400000,C,300,400,1,1
1704296700000,20240229,5400000,P,705700,712900,1,1
1704296700000,20240229,3050000,C,1666800,1674600,1,1
1704296700000,20240229,3050000,P,700,800,1,1
1704296700000,20240229,4330000,C,415900,417300,1,1
1704296700000,20240229,4330000,P,16000,16200,1,1
1704296700000,20240229,4650000,C,144800,145400,1,1
1704296700000,20240229,4650000,P,63700,64000,1,1
1704296700000,20240229,4970000,C,10800,11000,1,1
1704296700000,20240229,4970000,P,276100,283000,1,1
1704296700000,20240229,3900000,C,828200,835500,1,1
1704296700000,20240229,3900000,P,4200,4300,1,1
1704296700000,20240229,4220000,C,517800,524200,1,1
1704296700000,20240229,4220000,P,10700,10800,1,1
1704296700000,20240229,4540000,C,229900,230800,1,1
1704296700000,20240229,4540000,P,38600,38800,1,1
1704296700000,20240229,4860000,C,33800,34100,1,1
1704296700000,20240229,4860000,P,170200,176400,1,1
1704296700000,20240229,3150000,C,1567800,1575300,1,1
1704296700000,20240229,3150000,P,900,1000,1,1
1704296700000,20240229,4110000,C,623500,630500,1,1
1704296700000,20240229,4110000,P,7500,7600,1,1
1704296700000,20240229,4430000,C,324600,325900,1,1
1704296700000,20240229,4430000,P,23900,24200,1,1
1704296700000,20240229,4750000,C,81200,81500,1,1
1704296700000,20240229,4750000,P,102400,102800,1,1
1704296700000,20240229,4320000,C,423500,429900,1,1
1704296700000,20240229,4320000,P,15400,15600,1,1
1704296700000,20240229,4000000,C,730400,737500,1,1
1704296700000,20240229,4000000,P,5400,5500,1,1
1704296700000,20240229,4640000,C,152000,152600,1,1
1704296700000,20240229,4640000,P,60800,61100,1,1
1704296700000,20240229,4960000,C,12100,12400,1,1
1704296700000,20240229,4960000,P,266100,273000,1,1
1704296700000,20240229,3250000,C,1468900,1476600,1,1
1704296700000,20240229,3250000,P,1100,1200,1,1
1704296700000,20240229,4210000,C,527400,533800,1,1
1704296700000,20240229,4210000,P,10400,10500,1,1
1704296700000,20240229,4530000,C,238200,239200,1,1
1704296700000,20240229,4530000,P,37000,37200,1,1
1704296700000,20240229,4850000,C,37000,37300,1,1
1704296700000,20240229,4850000,P,162400,168300,1,1
1704296700000,20240229,4100000,C,633200,639800,1,1
1704296700000,20240229,4100000,P,7200,7400,1,1
1704296700000,20240229,4420000,C,333600,334800,1,1
1704296700000,20240229,4420000,P,23000,23200,1,1
1704296700000,20240229,4740000,C,86800,87100,1,1
1704296700000,20240229,4740000,P,97600,98000,1,1
1704296700000,20240229,3350000,C,1370100,1377500,1,1
1704296700000,20240229,3350000,P,1300,1400,1,1
1704296700000,20240229,4310000,C,432800,439000,1,1
1704296700000,20240229,4310000,P,14800,15000,1,1
1704296700000,20240229,4630000,C,159300,160000,1,1
1704296700000,20240229,4630000,P,58100,58300,1,1
1704296700000,20240229,4950000,C,13600,13800,1,1
1704296700000,20240229,4950000,P,256100,263000,1,1
1704296700000,20240229,4200000,C,536900,543400,1,1
1704296700000,20240229,4200000,P,10000,10100,1,1
1704296700000,20240229,4520000,C,246500,247500,1,1
1704296700000,20240229,4520000,P,35300,35600,1,1
1704296700000,20240229,4840000,C,40400,40700,1,1
1704296700000,20240229,4840000,P,154700,160500,1,1
1704296700000,20240229,3450000,C,1271300,1278800,1,1
1704296700000,20240229,3450000,P,1600,1700,1,1
1704296700000,20240229,4090000,C,642900,649500,1,1
1704296700000,20240229,4090000,P,7000,7100,1,1
1704296700000,20240229,4410000,C,342600,343800,1,1
1704296700000,20240229,4410000,P,22000,22200,1,1
1704296700000,20240229,5050000,C,4200,4400,1,1
1704296700000,20240229,5050000,P,356100,363000,1,1
1704296700000,20240229,4730000,C,92600,92900,1,1
1704296700000,20240229,4730000,P,93100,93400,1,1
1704296700000,20240229,4300000,C,442200,448300,1,1
1704296700000,20240229,4300000,P,14300,14400,1,1
1704296700000,20240229,4620000,C,166800,167500,1,1
1704296700000,20240229,4620000,P,55500,55700,1,1
1704296700000,20240229,4940000,C,15100,15400,1,1
1704296700000,20240229,4940000,P,246100,253000,1,1
1704296700000,20240229,3550000,C,1172600,1180100,1,1
1704296700000,20240229,3550000,P,1900,2000,1,1
1704296700000,20240229,4190000,C,546500,553000,1,1
1704296700000,20240229,4190000,P,9700,9800,1,1
1704296700000,20240229,4510000,C,255000,256000,1,1
1704296700000,20240229,4510000,P,33800,34000,1,1
1704296700000,20240229,5150000,C,1400,1500,1,1
1704296700000,20240229,5150000,P,455700,462900,1,1
1704296700000,20240229,4830000,C,44100,44400,1,1
1704296700000,20240229,4830000,P,147500,153200,1,1
1704296700000,20240229,5250000,C,600,700,1,1
1704296700000,20240229,5250000,P,555700,562900,1,1
1704296700000,20240229,4080000,C,652700,659600,1,1
1704296700000,20240229,4080000,P,6800,6900,1,1
1704296700000,20240229,4400000,C,351600,352900,1,1
1704296700000,20240229,4400000,P,21200,21400,1,1
1704296700000,20240229,4720000,C,98600,98900,1,1
1704296700000,20240229,4720000,P,88700,89100,1,1
1704296700000,20240229,3650000,C,1074000,1081500,1,1
1704296700000,20240229,3650000,P,2400,2500,1,1
1704296700000,20240229,4290000,C,451600,457700,1,1
1704296700000,20240229,4290000,P,13800,13900,1,1
1704296700000,20240229,4610000,C,174300,175000,1,1
1704296700000,20240229,4610000,P,53000,53200,1,1
1704296700000,20240229,4930000,C,16800,17100,1,1
1704296700000,20240229,4930000,P,236100,243000,1,1
1704296700000,20240229,5350000,C,300,400,1,1
1704296700000,20240229,5350000,P,655900,662900,1,1
1704296700000,20240229,4180000,C,556100,562600,1,1
1704296700000,20240229,4180000,P,9400,9500,1,1
1704296700000,20240229,4500000,C,263500,264500,1,1
1704296700000,20240229,4500000,P,32300,32600,1,1
1704296700000,20240229,4820000,C,48000,48300,1,1
1704296700000,20240229,4820000,P,140400,145900,1,1
1704296700000,20240229,3750000,C,975600,982900,1,1
1704296700000,20240229,3750000,P,2900,3000,1,1
1704296700000,20240229,4390000,C,360700,362000,1,1
1704296700000,20240229,4390000,P,20300,20500,1,1
1704296700000,20240229,4070000,C,662400,669300,1,1
1704296700000,20240229,4070000,P,6600,6700,1,1
1704296700000,20240229,4710000,C,104700,105000,1,1
1704296700000,20240229,4710000,P,84600,84900,1,1
1704296700000,20240229,5450000,C,200,300,1,1
1704296700000,20240229,5450000,P,755700,763000,1,1
1704296700000,20240229,3000000,C,1716300,1724100,1,1
1704296700000,20240229,3000000,P,600,700,1,1
1704296700000,20240229,4280000,C,461100,467200,1,1
1704296700000,20240229,4280000,P,13300,13400,1,1
1704296700000,20240229,4600000,C,182000,182700,1,1
1704296700000,20240229,4600000,P,50600,50900,1,1
1704296700000,20240229,4920000,C,18700,19000,1,1
1704296700000,20240229,4920000,P,226100,233000,1,1
1704296700000,20240229,3850000,C,877300,884500,1,1
1704296700000,20240229,3850000,P,3700,3800,1,1
1704296700000,20240229,4170000,C,565700,572200,1,1
1704296700000,20240229,4170000,P,9100,9200,1,1
1704296700000,20240229,4490000,C,272000,273100,1,1
1704296700000,20240229,4490000,P,30900,31200,1,1
1704296700000,20240229,4810000,C,52100,52400,1,1
1704296700000,20240229,4810000,P,133700,139000,1,1
1704296700000,20240229,3100000,C,1617200,1624700,1,1
1704296700000,20240229,3100000,P,800,900,1,1
1704296700000,20240229,4380000,C,369800,371100,1,1
1704296700000,20240229,4380000,P,19500,19700,1,1
1704296700000,20240229,4060000,C,672100,679000,1,1
1704296700000,20240229,4060000,P,6400,6500,1,1
1704296700000,20240229,4700000,C,111000,111400,1,1
1704296700000,20240229,4700000,P,80600,81000,1,1
1704296700000,20240229,5020000,C,6100,6200,1,1
1704296700000,20240229,5020000,P,326100,333000,1,1
1704296700000,20240229,4270000,C,470500,476600,1,1
1704296700000,20240229,4270000,P,12800,12900,1,1
1704296700000,20240229,3950000,C,779400,786400,1,1
1704296700000,20240229,3950000,P,4700,4800,1,1
1704296700000,20240229,4590000,C,189700,190500,1,1
1704296700000,20240229,4590000,P,48300,48600,1,1
1704296700000,20240229,4910000,C,20800,21000,1,1
1704296700000,20240229,4910000,P,216100,223000,1,1
1704296700000,20240315,3200000,C,1525100,1534800,1,1
1704296700000,20240315,3200000,P,1700,1800,1,1
1704296700000,20240315,4480000,C,296500,302800,1,1
1704296700000,20240315,4480000,P,40400,40700,1,1
1704296700000,20240315,6400000,P,1704400,1714300,1,1
1704296700000,20240315,4050000,C,692900,701500,1,1
1704296700000,20240315,4050000,P,10200,10300,1,1
1704296700000,20240315,4690000,C,136100,136500,1,1
1704296700000,20240315,4690000,P,89300,89600,1,1
1704296700000,20240315,5750000,C,100,300,1,1
1704296700000,20240315,5750000,P,1054700,1064100,1,1
1704296700000,20240315,4260000,C,493600,501500,1,1
1704296700000,20240315,4260000,P,19000,19200,1,1
1704296700000,20240315,4900000,C,34300,34600,1,1
1704296700000,20240315,4900000,P,206800,215000,1,1
1704296700000,20240315,2550000,C,2166400,2176800,1,1
1704296700000,20240315,2550000,P,500,600,1,1
1704296700000,20240315,4470000,C,305100,311400,1,1
1704296700000,20240315,4470000,P,39000,39300,1,1
1704296700000,20240315,3400000,C,1328100,1337600,1,1
1704296700000,20240315,3400000,P,2400,2500,1,1
1704296700000,20240315,4040000,C,702500,711200,1,1
1704296700000,20240315,4040000,P,9900,10100,1,1
1704296700000,20240315,4680000,C,142800,143300,1,1
1704296700000,20240315,4680000,P,85800,86200,1,1
1704296700000,20240315,6600000,P,1904200,1914300,1,1
1704296700000,20240315,4250000,C,502900,510800,1,1
1704296700000,20240315,4250000,P,18500,18600,1,1
1704296700000,20240315,4890000,C,37300,37600,1,1
1704296700000,20240315,4890000,P,198600,206400,1,1
1704296700000,20240315,5950000,C,100,200,1,1
1704296700000,20240315,5950000,P,1254600,1264100,1,1
1704296700000,20240315,4460000,C,313600,320100,1,1
1704296700000,20240315,4460000,P,37600,37900,1,1
1704296700000,20240315,5100000,C,5000,5200,1,1
1704296700000,20240315,5100000,P,404800,414000,1,1
1704296700000,20240315,2750000,C,1969000,1979200,1,1
1704296700000,20240315,2750000,P,800,900,1,1
1704296700000,20240315,4030000,C,712100,720600,1,1
1704296700000,20240315,4030000,P,9700,9800,1,1
1704296700000,20240315,4670000,C,149600,150200,1,1
1704296700000,20240315,4670000,P,82500,82800,1,1
1704296700000,20240315,3600000,C,1131500,1140800,1,1
1704296700000,20240315,3600000,P,3600,3700,1,1
1704296700000,20240315,4240000,C,512300,520200,1,1
1704296700000,20240315,4240000,P,17900,18000,1,1
1704296700000,20240315,4880000,C,40400,40700,1,1
1704296700000,20240315,4880000,P,190500,198100,1,1
1704296700000,20240315,4450000,C,322200,328800,1,1
1704296700000,20240315,4450000,P,36300,36500,1,1
1704296700000,20240315,6150000,C,100,200,1,1
1704296700000,20240315,6150000,P,1454500,1464200,1,1
1704296700000,20240315,2100000,C,2610800,2621600,1,1
1704296700000,20240315,2100000,P,200,300,1,1
1704296700000,20240315,4020000,C,721800,726600,1,1
1704296700000,20240315,4020000,P,9400,9600,1,1
1704296700000,20240315,4660000,C,156700,157200,1,1
1704296700000,20240315,4660000,P,79400,79700,1,1
1704296700000,20240315,5300000,C,900,1000,1,1
1704296700000,20240315,5300000,P,604700,614000,1,1
1704296700000,20240315,2950000,C,1771600,1781600,1,1
1704296700000,20240315,2950000,P,1100,1200,1,1
1704296700000,20240315,4230000,C,521600,529600,1,1
1704296700000,20240315,4230000,P,17300,17500,1,1
1704296700000,20240315,4870000,C,43700,44100,1,1
1704296700000,20240315,4870000,P,182800,190100,1,1
1704296700000,20240315,3800000,C,935600,944600,1,1
1704296700000,20240315,3800000,P,5500,5600,1,1
1704296700000,20240315,4440000,C,330900,334300,1,1
1704296700000,20240315,4440000,P,35000,35200,1,1
1704296700000,20240315,4010000,C,731400,740000,1,1
1704296700000,20240315,4010000,P,9200,9300,1,1
1704296700000,20240315,4650000,C,163700,164300,1,1
1704296700000,20240315,4650000,P,76300,76600,1,1
1704296700000,20240315,6350000,P,1654400,1664300,1,1
1704296700000,20240315,2300000,C,2413300,2423900,1,1
1704296700000,20240315,2300000,P,300,400,1,1
1704296700000,20240315,4220000,C,531000,539100,1,1
1704296700000,20240315,4220000,P,16800,16900,1,1
1704296700000,20240315,4860000,C,47300,47600,1,1
1704296700000,20240315,4860000,P,175400,182400,1,1
1704296700000,20240315,5500000,C,400,500,1,1
1704296700000,20240315,5500000,P,804800,814100,1,1
1704296700000,20240315,3150000,C,1574400,1584200,1,1
1704296700000,20240315,3150000,P,1600,1700,1,1
1704296700000,20240315,4430000,C,339600,346400,1,1
1704296700000,20240315,4430000,P,33800,34000,1,1
1704296700000,20240315,4000000,C,741100,749700,1,1
1704296700000,20240315,4000000,P,8900,9100,1,1
1704296700000,20240315,4640000,C,170900,171600,1,1
1704296700000,20240315,4640000,P,73400,73700,1,1
1704296700000,20240315,4210000,C,540400,548500,1,1
1704296700000,20240315,4210000,P,16300,16400,1,1
1704296700000,20240315,4850000,C,51000,51300,1,1
1704296700000,20240315,4850000,P,169300,174900,1,1
1704296700000,20240315,6550000,P,1854300,1864300,1,1
1704296700000,20240315,2500000,C,2215800,2226200,1,1
1704296700000,20240315,2500000,P,500,600,1,1
1704296700000,20240315,4420000,C,348400,355200,1,1
1704296700000,20240315,4420000,P,32600,32800,1,1
1704296700000,20240315,5700000,C,200,300,1,1
1704296700000,20240315,5700000,P,1004700,1014100,1,1
1704296700000,20240315,3350000,C,1377300,1386900,1,1
1704296700000,20240315,3350000,P,2200,2300,1,1
1704296700000,20240315,4630000,C,176700,181300,1,1
1704296700000,20240315,4630000,P,70700,71000,1,1
1704296700000,20240315,4200000,C,549800,558000,1,1
1704296700000,20240315,4200000,P,15800,15900,1,1
1704296700000,20240315,4840000,C,54900,55200,1,1
1704296700000,20240315,4840000,P,161800,167800,1,1
1704296700000,20240315,4410000,C,357200,360700,1,1
1704296700000,20240315,4410000,P,31500,31700,1,1
1704296700000,20240315,5050000,C,8400,8500,1,1
1704296700000,20240315,5050000,P,354800,364000,1,1
1704296700000,20240315,2700000,C,2018300,2028600,1,1
1704296700000,20240315,2700000,P,700,800,1,1
1704296700000,20240315,4620000,C,185600,186700,1,1
1704296700000,20240315,4620000,P,68000,68300,1,1
1704296700000,20240315,5900000,C,100,200,1,1
1704296700000,20240315,5900000,P,1204600,1214100,1,1
1704296700000,20240315,3550000,C,1180600,1189900,1,1
1704296700000,20240315,3550000,P,3300,3400,1,1
1704296700000,20240315,4190000,C,559300,567400,1,1
1704296700000,20240315,4190000,P,15300,15400,1,1
1704296700000,20240315,4830000,C,59000,59400,1,1
1704296700000,20240315,4830000,P,154800,161000,1,1
1704296700000,20240315,5250000,C,1300,1400,1,1
1704296700000,20240315,5250000,P,554700,564000,1,1
1704296700000,20240315,4400000,C,366100,373100,1,1
1704296700000,20240315,4400000,P,30400,30600,1,1
1704296700000,20240315,2050000,C,2660200,2671100,1,1
1704296700000,20240315,2050000,P,200,300,1,1
1704296700000,20240315,4610000,C,193100,194300,1,1
1704296700000,20240315,4610000,P,65500,65700,1,1
1704296700000,20240315,2900000,C,1821000,1831000,1,1
1704296700000,20240315,2900000,P,1000,1100,1,1
1704296700000,20240315,4180000,C,568700,576900,1,1
1704296700000,20240315,4180000,P,14800,15000,1,1
1704296700000,20240315,4820000,C,63300,63700,1,1
1704296700000,20240315,4820000,P,149300,154400,1,1
1704296700000,20240315,6100000,C,100,200,1,1
1704296700000,20240315,6100000,P,1404500,1414200,1,1
1704296700000,20240315,3750000,C,984500,993500,1,1
1704296700000,20240315,3750000,P,4900,5000,1,1
1704296700000,20240315,4390000,C,375000,382000,1,1
1704296700000,20240315,4390000,P,29400,29600,1,1
1704296700000,20240315,5450000,C,500,600,1,1
1704296700000,20240315,5450000,P,754900,764000,1,1
1704296700000,20240315,4600000,C,200800,201900,1,1
1704296700000,20240315,4600000,P,63000,63300,1,1
1704296700000,20240315,2250000,C,2462700,2473300,1,1
1704296700000,20240315,2250000,P,300,400,1,1
1704296700000,20240315,4170000,C,578200,586400,1,1
1704296700000,20240315,4170000,P,14400,14600,1,1
1704296700000,20240315,4810000,C,67800,68200,1,1
1704296700000,20240315,4810000,P,142500,148100,1,1
1704296700000,20240315,3100000,C,1623700,1633500,1,1
1704296700000,20240315,3100000,P,1400,1500,1,1
1704296700000,20240315,4380000,C,383900,391000,1,1
1704296700000,20240315,4380000,P,28400,28600,1,1
1704296700000,20240315,5020000,C,11300,11500,1,1
1704296700000,20240315,5020000,P,324800,334000,1,1
1704296700000,20240315,6300000,P,1604400,1614200,1,1
1704296700000,20240315,3950000,C,789500,798200,1,1
1704296700000,20240315,3950000,P,7900,8000,1,1
1704296700000,20240315,4590000,C,208500,209700,1,1
1704296700000,20240315,4590000,P,60700,61000,1,1
1704296700000,20240315,5650000,C,200,300,1,1
1704296700000,20240315,5650000,P,954800,964100,1,1
1704296700000,20240315,4160000,C,587700,596000,1,1
1704296700000,20240315,4160000,P,14000,14100,1,1
1704296700000,20240315,4800000,C,72500,72900,1,1
1704296700000,20240315,4800000,P,139500,140000,1,1
1704296700000,20240315,2450000,C,2265200,2275700,1,1
1704296700000,20240315,2450000,P,400,500,1,1
1704296700000,20240315,4370000,C,392900,400100,1,1
1704296700000,20240315,4370000,P,27400,27600,1,1
1704296700000,20240315,5010000,C,12500,12700,1,1
1704296700000,20240315,5010000,P,314800,324000,1,1
1704296700000,20240315,3300000,C,1426600,1436200,1,1
1704296700000,20240315,3300000,P,2000,2100,1,1
1704296700000,20240315,4580000,C,215200,219600,1,1
1704296700000,20240315,4580000,P,58400,58700,1,1
1704296700000,20240315,6500000,P,1804300,1814300,1,1
1704296700000,20240315,4150000,C,597200,605500,1,1
1704296700000,20240315,4150000,P,13600,13700,1,1
1704296700000,20240315,4790000,C,77400,77800,1,1
1704296700000,20240315,4790000,P,133900,134300,1,1
1704296700000,20240315,5850000,C,100,200,1,1
1704296700000,20240315,5850000,P,1154700,1164100,1,1
1704296700000,20240315,4360000,C,401900,409100,1,1
1704296700000,20240315,4360000,P,26500,26700,1,1
1704296700000,20240315,5000000,C,13800,14000,1,1
1704296700000,20240315,5000000,P,304800,314000,1,1
1704296700000,20240315,2650000,C,2067700,2078000,1,1
1704296700000,20240315,2650000,P,600,700,1,1
1704296700000,20240315,4570000,C,223000,227900,1,1
1704296700000,20240315,4570000,P,56300,56600,1,1
1704296700000,20240315,3500000,C,1229800,1239100,1,1
1704296700000,20240315,3500000,P,2900,3000,1,1
1704296700000,20240315,4140000,C,606700,615100,1,1
1704296700000,20240315,4140000,P,13200,13300,1,1
1704296700000,20240315,4780000,C,82500,82900,1,1
1704296700000,20240315,4780000,P,128500,128900,1,1
1704296700000,20240315,4350000,C,410900,418300,1,1
1704296700000,20240315,4350000,P,25600,25800,1,1
1704296700000,20240315,4990000,C,15200,15400,1,1
1704296700000,20240315,4990000,P,294800,304000,1,1
1704296700000,20240315,6050000,C,100,200,1,1
1704296700000,20240315,6050000,P,1354600,1364200,1,1
1704296700000,20240315,2000000,C,2709600,2720600,1,1
1704296700000,20240315,2000000,P,200,300,1,1
1704296700000,20240315,4560000,C,230500,235800,1,1
1704296700000,20240315,4560000,P,54200,54500,1,1
1704296700000,20240315,5200000,C,2000,2100,1,1
1704296700000,20240315,5200000,P,504700,514000,1,1
1704296700000,20240315,2850000,C,1870300,1880400,1,1
1704296700000,20240315,2850000,P,900,1000,1,1
1704296700000,20240315,4130000,C,616200,624600,1,1
1704296700000,20240315,4130000,P,12800,12900,1,1
1704296700000,20240315,4770000,C,87800,88200,1,1
1704296700000,20240315,4770000,P,123400,123700,1,1
1704296700000,20240315,3700000,C,1033400,1042600,1,1
1704296700000,20240315,3700000,P,4400,4500,1,1
1704296700000,20240315,4340000,C,420000,427400,1,1
1704296700000,20240315,4340000,P,24700,24900,1,1
1704296700000,20240315,4980000,C,16700,17000,1,1
1704296700000,20240315,4980000,P,284800,294000,1,1
1704296700000,20240315,4550000,C,238500,244100,1,1
1704296700000,20240315,4550000,P,52300,52500,1,1
1704296700000,20240315,6250000,C,100,200,1,1
1704296700000,20240315,6250000,P,1554400,1564200,1,1
1704296700000,20240315,2200000,C,2512000,2522800,1,1
1704296700000,20240315,2200000,P,200,300,1,1
1704296700000,20240315,4120000,C,625700,634200,1,1
1704296700000,20240315,4120000,P,12400,12600,1,1
1704296700000,20240315,4760000,C,93200,93600,1,1
1704296700000,20240315,4760000,P,118400,118800,1,1
1704296700000,20240315,5400000,C,500,600,1,1
1704296700000,20240315,5400000,P,704700,714000,1,1
1704296700000,20240315,3050000,C,1673000,1682900,1,1
1704296700000,20240315,3050000,P,1300,1400,1,1
1704296700000,20240315,4330000,C,429100,436600,1,1
1704296700000,20240315,4330000,P,23900,24100,1,1
1704296700000,20240315,4970000,C,18400,18700,1,1
1704296700000,20240315,4970000,P,274800,284000,1,1
1704296700000,20240315,3900000,C,838100,846900,1,1
1704296700000,20240315,3900000,P,7000,7100,1,1
1704296700000,20240315,4540000,C,246600,252300,1,1
1704296700000,20240315,4540000,P,50400,50600,1,1
1704296700000,20240315,4110000,C,635300,643800,1,1
1704296700000,20240315,4110000,P,12100,12200,1,1
1704296700000,20240315,4750000,C,98800,99300,1,1
1704296700000,20240315,4750000,P,113700,114000,1,1
1704296700000,20240315,6450000,P,1754300,1764300,1,1
1704296700000,20240315,2400000,C,2314500,2325100,1,1
1704296700000,20240315,2400000,P,400,500,1,1
1704296700000,20240315,4320000,C,438200,445800,1,1
1704296700000,20240315,4320000,P,23100,23300,1,1
1704296700000,20240315,4960000,C,20200,20500,1,1
1704296700000,20240315,4960000,P,264800,274000,1,1
1704296700000,20240315,5600000,C,300,400,1,1
1704296700000,20240315,5600000,P,904800,914100,1,1
1704296700000,20240315,3250000,C,1475800,1485500,1,1
1704296700000,20240315,3250000,P,1900,2000,1,1
1704296700000,20240315,4530000,C,254800,260600,1,1
1704296700000,20240315,4530000,P,48500,48800,1,1
1704296700000,20240315,4100000,C,644900,653400,1,1
1704296700000,20240315,4100000,P,11700,11900,1,1
1704296700000,20240315,4740000,C,104600,105100,1,1
1704296700000,20240315,4740000,P,109100,109500,1,1
1704296700000,20240315,4310000,C,447400,455000,1,1
1704296700000,20240315,4310000,P,22400,22600,1,1
1704296700000,20240315,4950000,C,22200,22400,1,1
1704296700000,20240315,4950000,P,254800,264000,1,1
1704296700000,20240315,2600000,C,2117100,2127400,1,1
1704296700000,20240315,2600000,P,600,700,1,1
1704296700000,20240315,4520000,C,263000,268600,1,1
1704296700000,20240315,4520000,P,46800,47100,1,1
1704296700000,20240315,5800000,C,100,200,1,1
1704296700000,20240315,5800000,P,1104700,1114100,1,1
1704296700000,20240315,3450000,C,1278900,1288400,1,1
1704296700000,20240315,3450000,P,2700,2800,1,1
1704296700000,20240315,4090000,C,654500,663000,1,1
1704296700000,20240315,4090000,P,11400,11600,1,1
1704296700000,20240315,4730000,C,110600,111100,1,1
1704296700000,20240315,4730000,P,104800,105200,1,1
1704296700000,20240315,4300000,C,456600,464200,1,1
1704296700000,20240315,4300000,P,21600,21800,1,1
1704296700000,20240315,4940000,C,24300,24600,1,1
1704296700000,20240315,4940000,P,244800,254000,1,1
1704296700000,20240315,1950000,C,2759000,2770000,1,1
1704296700000,20240315,1950000,P,100,200,1,1
1704296700000,20240315,4510000,C,271300,277300,1,1
1704296700000,20240315,4510000,P,45100,45400,1,1
1704296700000,20240315,5150000,C,3100,3200,1,1
1704296700000,20240315,5150000,P,454800,464000,1,1
1704296700000,20240315,2800000,C,1919600,1929800,1,1
1704296700000,20240315,2800000,P,800,900,1,1
1704296700000,20240315,4080000,C,664000,672600,1,1
1704296700000,20240315,4080000,P,11100,11200,1,1
1704296700000,20240315,4720000,C,116800,117200,1,1
1704296700000,20240315,4720000,P,100700,101000,1,1
1704296700000,20240315,6000000,C,100,200,1,1
1704296700000,20240315,6000000,P,1304600,1314100,1,1
1704296700000,20240315,3650000,C,1082500,1091700,1,1
1704296700000,20240315,3650000,P,4000,4100,1,1
1704296700000,20240315,4290000,C,465800,473500,1,1
1704296700000,20240315,4290000,P,21000,21100,1,1
1704296700000,20240315,4930000,C,26500,26800,1,1
1704296700000,20240315,4930000,P,234800,244000,1,1
1704296700000,20240315,5350000,C,700,800,1,1
1704296700000,20240315,5350000,P,654700,664000,1,1
1704296700000,20240315,4500000,C,279600,285700,1,1
1704296700000,20240315,4500000,P,43500,43800,1,1
1704296700000,20240315,2150000,C,2561400,2572200,1,1
1704296700000,20240315,2150000,P,200,300,1,1
1704296700000,20240315,4070000,C,673600,682200,1,1
1704296700000,20240315,4070000,P,10800,10900,1,1
1704296700000,20240315,4710000,C,123000,123500,1,1
1704296700000,20240315,4710000,P,96700,97000,1,1
1704296700000,20240315,3000000,C,1722300,1732200,1,1
1704296700000,20240315,3000000,P,1200,1300,1,1
1704296700000,20240315,4280000,C,475000,482800,1,1
1704296700000,20240315,4280000,P,20300,20500,1,1
1704296700000,20240315,4920000,C,28900,29300,1,1
1704296700000,20240315,4920000,P,224800,234000,1,1
1704296700000,20240315,6200000,C,100,200,1,1
1704296700000,20240315,6200000,P,1504500,1514200,1,1
1704296700000,20240315,3850000,C,886800,895700,1,1
1704296700000,20240315,3850000,P,6200,6300,1,1
1704296700000,20240315,4490000,C,288100,293500,1,1
1704296700000,20240315,4490000,P,41900,42200,1,1
1704296700000,20240315,5550000,C,300,400,1,1
1704296700000,20240315,5550000,P,854800,864100,1,1
1704296700000,20240315,4060000,C,683200,691900,1,1
1704296700000,20240315,4060000,P,10500,10600,1,1
1704296700000,20240315,4700000,C,129500,129900,1,1
1704296700000,20240315,4700000,P,92900,93100,1,1
1704296700000,20240315,2350000,C,2363900,2374500,1,1
1704296700000,20240315,2350000,P,300,400,1,1
1704296700000,20240315,4270000,C,484300,492100,1,1
1704296700000,20240315,4270000,P,19600,19800,1,1
1704296700000,20240315,4910000,C,31500,31900,1,1
1704296700000,20240315,4910000,P,215300,224100,1,1
