1704210300000,20240102,4160000,C,546400,553600,1,1
1704210300000,20240102,4480000,C,227000,232500,1,1
1704210300000,20240102,4800000,P,87700,92300,1,1
1704210300000,20240102,4050000,C,656300,663600,1,1
1704210300000,20240102,4370000,C,336800,342400,1,1
1704210300000,20240102,4690000,C,19900,20800,1,1
1704210300000,20240102,4690000,P,100,200,1,1
1704210300000,20240102,4260000,C,446400,453800,1,1
1704210300000,20240102,4580000,C,127600,132400,1,1
1704210300000,20240102,4900000,P,187600,193000,1,1
1704210300000,20240102,4150000,C,556400,563600,1,1
1704210300000,20240102,4470000,C,237600,242500,1,1
1704210300000,20240102,4790000,P,77700,83200,1,1
1704210300000,20240102,4040000,C,669600,671400,1,1
1704210300000,20240102,4360000,C,346600,352400,1,1
1704210300000,20240102,5000000,P,287400,293100,1,1
1704210300000,20240102,4680000,C,27900,30700,1,1
1704210300000,20240102,4680000,P,100,200,1,1
1704210300000,20240102,4250000,C,456500,463700,1,1
1704210300000,20240102,4570000,C,137700,142400,1,1
1704210300000,20240102,4890000,P,177700,183000,1,1
1704210300000,20240102,4140000,C,566400,573600,1,1
1704210300000,20240102,4460000,C,247300,252500,1,1
1704210300000,20240102,4780000,P,67600,73200,1,1
1704210300000,20240102,5100000,P,386100,393600,1,1
1704210300000,20240102,4350000,C,357400,362400,1,1
1704210300000,20240102,4030000,C,679600,681400,1,1
1704210300000,20240102,4670000,C,39500,42300,1,1
1704210300000,20240102,4990000,P,277400,282300,1,1
1704210300000,20240102,4240000,C,466400,473700,1,1
1704210300000,20240102,4560000,C,147600,152400,1,1
1704210300000,20240102,5200000,P,486200,493700,1,1
1704210300000,20240102,4880000,P,167600,173000,1,1
1704210300000,20240102,4130000,C,576100,583700,1,1
1704210300000,20240102,4450000,C,257400,263100,1,1
1704210300000,20240102,4770000,P,59000,63700,1,1
1704210300000,20240102,4340000,C,367400,373200,1,1
1704210300000,20240102,4020000,C,689600,691400,1,1
1704210300000,20240102,4660000,C,49500,51900,1,1
1704210300000,20240102,4980000,P,267500,272900,1,1
1704210300000,20240102,5300000,P,586100,593700,1,1
1704210300000,20240102,4230000,C,476300,483800,1,1
1704210300000,20240102,4550000,C,156700,162400,1,1
1704210300000,20240102,4870000,P,156500,162900,1,1
1704210300000,20240102,4120000,C,586200,593400,1,1
1704210300000,20240102,4440000,C,266100,272500,1,1
1704210300000,20240102,4760000,P,48800,50400,1,1
1704210300000,20240102,5400000,P,689000,690800,1,1
1704210300000,20240102,4330000,C,376800,382400,1,1
1704210300000,20240102,4650000,C,59400,62100,1,1
1704210300000,20240102,4970000,P,257500,262700,1,1
1704210300000,20240102,4220000,C,486500,493700,1,1
1704210300000,20240102,4540000,C,167800,172300,1,1
1704210300000,20240102,4860000,P,147700,152800,1,1
1704210300000,20240102,4110000,C,596300,603800,1,1
1704210300000,20240102,4430000,C,277700,282500,1,1
1704210300000,20240102,4750000,P,39200,40200,1,1
1704210300000,20240102,4320000,C,386600,393700,1,1
1704210300000,20240102,4640000,C,69300,72400,1,1
1704210300000,20240102,4960000,P,247600,252600,1,1
1704210300000,20240102,4210000,C,496600,503600,1,1
1704210300000,20240102,4530000,C,177700,182400,1,1
1704210300000,20240102,4850000,P,137700,142700,1,1
1704210300000,20240102,4100000,C,606200,613600,1,1
1704210300000,20240102,4420000,C,287300,292500,1,1
1704210300000,20240102,4740000,P,27300,30400,1,1
1704210300000,20240102,4310000,C,396300,403600,1,1
1704210300000,20240102,4630000,C,79300,82300,1,1
1704210300000,20240102,4950000,P,237500,243000,1,1
1704210300000,20240102,4200000,C,506200,513800,1,1
1704210300000,20240102,4520000,C,187700,192300,1,1
1704210300000,20240102,4840000,P,127700,132800,1,1
1704210300000,20240102,4090000,C,616300,623600,1,1
1704210300000,20240102,4410000,C,296500,302500,1,1
1704210300000,20240102,4730000,P,19600,20200,1,1
1704210300000,20240102,5050000,P,337400,342600,1,1
1704210300000,20240102,4300000,C,406400,413500,1,1
1704210300000,20240102,4620000,C,87300,93900,1,1
1704210300000,20240102,4940000,P,227500,232800,1,1
1704210300000,20240102,4190000,C,516200,523800,1,1
1704210300000,20240102,4510000,C,197800,202400,1,1
1704210300000,20240102,4830000,P,117700,122500,1,1
1704210300000,20240102,5150000,P,436200,443400,1,1
1704210300000,20240102,5250000,P,536100,543400,1,1
1704210300000,20240102,4400000,C,307100,312400,1,1
1704210300000,20240102,4080000,C,626300,633600,1,1
1704210300000,20240102,4720000,C,200,300,1,1
1704210300000,20240102,4720000,P,9800,10300,1,1
1704210300000,20240102,4290000,C,416400,423600,1,1
1704210300000,20240102,4610000,C,97700,102300,1,1
1704210300000,20240102,4930000,P,218700,222900,1,1
1704210300000,20240102,5350000,P,639000,640800,1,1
1704210300000,20240102,4500000,C,207400,212400,1,1
1704210300000,20240102,4180000,C,526300,533600,1,1
1704210300000,20240102,4820000,P,107700,112500,1,1
1704210300000,20240102,4070000,C,636300,643800,1,1
1704210300000,20240102,4390000,C,317300,322400,1,1
1704210300000,20240102,4710000,C,2600,2700,1,1
1704210300000,20240102,4710000,P,2400,2500,1,1
1704210300000,20240102,5450000,P,739000,740600,1,1
1704210300000,20240102,4280000,C,426400,433600,1,1
1704210300000,20240102,4600000,C,107600,112300,1,1
1704210300000,20240102,4920000,P,207600,212500,1,1
1704210300000,20240102,4170000,C,536200,543700,1,1
1704210300000,20240102,4490000,C,216500,222200,1,1
1704210300000,20240102,4810000,P,97700,102500,1,1
1704210300000,20240102,4060000,C,646000,653500,1,1
1704210300000,20240102,4380000,C,327600,333100,1,1
1704210300000,20240102,4700000,C,10100,10600,1,1
1704210300000,20240102,4700000,P,200,300,1,1
1704210300000,20240102,4270000,C,436500,443700,1,1
1704210300000,20240102,4910000,P,197300,202800,1,1
1704210300000,20240102,4590000,C,117800,122400,1,1
1704210300000,20240103,4160000,C,548600,553400,1,1
1704210300000,20240103,4480000,C,228800,233600,1,1
1704210300000,20240103,4480000,P,100,200,1,1
1704210300000,20240103,4800000,C,100,200,1,1
1704210300000,20240103,4800000,P,87600,92200,1,1
1704210300000,20240103,4370000,C,338700,343500,1,1
1704210300000,20240103,4050000,C,658500,663300,1,1
1704210300000,20240103,4690000,C,25100,25600,1,1
1704210300000,20240103,4690000,P,4000,4100,1,1
1704210300000,20240103,4260000,C,448600,453400,1,1
1704210300000,20240103,4580000,C,128800,133600,1,1
1704210300000,20240103,4580000,P,100,200,1,1
1704210300000,20240103,4900000,P,187600,192400,1,1
1704210300000,20240103,4150000,C,558600,563400,1,1
1704210300000,20240103,4470000,C,238700,243500,1,1
1704210300000,20240103,4470000,P,100,200,1,1
1704210300000,20240103,4790000,C,100,200,1,1
1704210300000,20240103,4790000,P,77600,82200,1,1
1704210300000,20240103,4360000,C,348700,353500,1,1
1704210300000,20240103,4040000,C,668500,673300,1,1
1704210300000,20240103,5000000,P,287600,292300,1,1
1704210300000,20240103,4680000,C,33200,33700,1,1
1704210300000,20240103,4680000,P,2300,2400,1,1
1704210300000,20240103,4250000,C,458600,463400,1,1
1704210300000,20240103,4570000,C,138800,143600,1,1
1704210300000,20240103,4570000,P,100,200,1,1
1704210300000,20240103,4890000,P,177600,182400,1,1
1704210300000,20240103,4140000,C,568600,573400,1,1
1704210300000,20240103,4460000,C,248700,253500,1,1
1704210300000,20240103,4460000,P,100,200,1,1
1704210300000,20240103,4780000,C,200,300,1,1
1704210300000,20240103,4780000,P,67600,72200,1,1
1704210300000,20240103,5100000,P,387600,392300,1,1
1704210300000,20240103,4350000,C,358700,363500,1,1
1704210300000,20240103,4030000,C,678500,683300,1,1
1704210300000,20240103,4670000,C,41900,43000,1,1
1704210300000,20240103,4670000,P,1300,1400,1,1
1704210300000,20240103,4990000,P,277600,282300,1,1
1704210300000,20240103,4240000,C,468600,473400,1,1
1704210300000,20240103,4560000,C,148800,153600,1,1
1704210300000,20240103,4560000,P,100,200,1,1
1704210300000,20240103,5200000,P,487600,492300,1,1
1704210300000,20240103,4880000,P,167600,172400,1,1
1704210300000,20240103,4130000,C,578600,583400,1,1
1704210300000,20240103,4450000,C,258700,263500,1,1
1704210300000,20240103,4450000,P,100,200,1,1
1704210300000,20240103,4770000,C,300,400,1,1
1704210300000,20240103,4770000,P,57600,62600,1,1
1704210300000,20240103,4340000,C,368700,373500,1,1
1704210300000,20240103,4020000,C,688500,693300,1,1
1704210300000,20240103,4660000,C,51300,52700,1,1
1704210300000,20240103,4660000,P,800,900,1,1
1704210300000,20240103,4980000,P,267600,272300,1,1
1704210300000,20240103,5300000,P,587600,592300,1,1
1704210300000,20240103,4230000,C,478600,483400,1,1
1704210300000,20240103,4550000,C,158800,163600,1,1
1704210300000,20240103,4550000,P,100,200,1,1
1704210300000,20240103,4870000,P,157600,162400,1,1
1704210300000,20240103,4120000,C,588600,593400,1,1
1704210300000,20240103,4440000,C,268700,273500,1,1
1704210300000,20240103,4440000,P,100,200,1,1
1704210300000,20240103,4760000,C,500,600,1,1
1704210300000,20240103,4760000,P,47700,52200,1,1
1704210300000,20240103,5400000,P,687500,692300,1,1
1704210300000,20240103,4330000,C,378700,383500,1,1
1704210300000,20240103,4650000,C,59400,63900,1,1
1704210300000,20240103,4650000,P,500,600,1,1
1704210300000,20240103,4970000,P,257600,262300,1,1
1704210300000,20240103,4220000,C,488600,493400,1,1
1704210300000,20240103,4540000,C,168800,173600,1,1
1704210300000,20240103,4540000,P,100,200,1,1
1704210300000,20240103,4860000,P,147600,152400,1,1
1704210300000,20240103,4110000,C,598600,603400,1,1
1704210300000,20240103,4430000,C,278700,283500,1,1
1704210300000,20240103,4430000,P,100,200,1,1
1704210300000,20240103,4750000,C,1100,1200,1,1
1704210300000,20240103,4750000,P,39500,40500,1,1
1704210300000,20240103,4320000,C,388700,393500,1,1
1704210300000,20240103,4640000,C,70800,73800,1,1
1704210300000,20240103,4640000,P,300,400,1,1
1704210300000,20240103,4960000,P,247600,252400,1,1
1704210300000,20240103,4210000,C,498600,503400,1,1
1704210300000,20240103,4530000,C,178800,183600,1,1
1704210300000,20240103,4530000,P,100,200,1,1
1704210300000,20240103,4850000,P,137600,142400,1,1
1704210300000,20240103,4100000,C,608600,613400,1,1
1704210300000,20240103,4420000,C,288700,293500,1,1
1704210300000,20240103,4420000,P,100,200,1,1
1704210300000,20240103,4740000,C,2300,2400,1,1
1704210300000,20240103,4740000,P,30700,31400,1,1
1704210300000,20240103,4310000,C,398700,403500,1,1
1704210300000,20240103,4950000,P,237600,242400,1,1
1704210300000,20240103,4630000,C,78900,83700,1,1
1704210300000,20240103,4630000,P,200,300,1,1
1704210300000,20240103,4200000,C,508600,513400,1,1
1704210300000,20240103,4520000,C,188800,193600,1,1
1704210300000,20240103,4520000,P,100,200,1,1
1704210300000,20240103,4840000,P,127600,132300,1,1
1704210300000,20240103,4090000,C,618600,623400,1,1
1704210300000,20240103,4410000,C,298700,303500,1,1
1704210300000,20240103,4410000,P,100,200,1,1
1704210300000,20240103,4730000,C,4300,4400,1,1
1704210300000,20240103,4730000,P,22800,23400,1,1
1704210300000,20240103,5050000,P,337600,342300,1,1
1704210300000,20240103,4300000,C,408700,413500,1,1
1704210300000,20240103,4940000,P,227600,232400,1,1
1704210300000,20240103,4620000,C,88900,93700,1,1
1704210300000,20240103,4620000,P,200,300,1,1
1704210300000,20240103,4190000,C,518600,523400,1,1
1704210300000,20240103,4510000,C,198800,203600,1,1
1704210300000,20240103,4510000,P,100,200,1,1
1704210300000,20240103,4830000,P,117600,122400,1,1
1704210300000,20240103,5150000,P,437600,442300,1,1
1704210300000,20240103,5250000,P,537600,542200,1,1
1704210300000,20240103,4400000,C,308700,313500,1,1
1704210300000,20240103,4400000,P,100,200,1,1
1704210300000,20240103,4080000,C,628600,633400,1,1
1704210300000,20240103,4720000,C,7400,7500,1,1
1704210300000,20240103,4720000,P,16100,16300,1,1
1704210300000,20240103,4290000,C,418700,423500,1,1
1704210300000,20240103,4930000,P,217600,222300,1,1
1704210300000,20240103,4610000,C,98800,103600,1,1
1704210300000,20240103,4610000,P,200,300,1,1
1704210300000,20240103,5350000,P,637600,642300,1,1
1704210300000,20240103,4500000,C,208800,213600,1,1
1704210300000,20240103,4500000,P,100,200,1,1
1704210300000,20240103,4180000,C,528600,533400,1,1
1704210300000,20240103,4820000,P,107600,112400,1,1
1704210300000,20240103,4390000,C,318700,323500,1,1
1704210300000,20240103,4390000,P,100,200,1,1
1704210300000,20240103,4070000,C,638600,643300,1,1
1704210300000,20240103,4710000,C,12000,12100,1,1
1704210300000,20240103,4710000,P,10800,10900,1,1
1704210300000,20240103,5450000,P,737500,742300,1,1
1704210300000,20240103,4280000,C,428700,433500,1,1
1704210300000,20240103,4600000,C,108800,113600,1,1
1704210300000,20240103,4600000,P,200,300,1,1
1704210300000,20240103,4920000,P,207600,212400,1,1
1704210300000,20240103,4170000,C,538600,543400,1,1
1704210300000,20240103,4490000,C,218800,223600,1,1
1704210300000,20240103,4490000,P,100,200,1,1
1704210300000,20240103,4810000,C,100,200,1,1
1704210300000,20240103,4810000,P,97600,102400,1,1
1704210300000,20240103,4380000,C,328700,333500,1,1
1704210300000,20240103,4060000,C,648500,653300,1,1
1704210300000,20240103,4700000,C,18000,18200,1,1
1704210300000,20240103,4700000,P,6800,6900,1,1
1704210300000,20240103,4270000,C,438700,443400,1,1
1704210300000,20240103,4910000,P,197600,202400,1,1
1704210300000,20240103,4590000,C,118800,123600,1,1
1704210300000,20240103,4590000,P,100,200,1,1
1704210300000,20240104,4160000,C,551000,555300,1,1
1704210300000,20240104,4160000,P,100,200,1,1
1704210300000,20240104,4480000,C,231300,235600,1,1
1704210300000,20240104,4480000,P,200,300,1,1
1704210300000,20240104,4800000,C,300,400,1,1
1704210300000,20240104,4800000,P,87800,92100,1,1
1704210300000,20240104,4370000,C,341200,345500,1,1
1704210300000,20240104,4370000,P,100,200,1,1
1704210300000,20240104,4050000,C,660900,665200,1,1
1704210300000,20240104,4690000,C,30300,30800,1,1
1704210300000,20240104,4690000,P,6900,7000,1,1
1704210300000,20240104,4260000,C,451100,455400,1,1
1704210300000,20240104,4260000,P,100,200,1,1
1704210300000,20240104,4580000,C,131500,135800,1,1
1704210300000,20240104,4580000,P,300,400,1,1
1704210300000,20240104,4900000,P,187800,192100,1,1
1704210300000,20240104,4150000,C,561000,565300,1,1
1704210300000,20240104,4470000,C,241300,245600,1,1
1704210300000,20240104,4470000,P,200,300,1,1
1704210300000,20240104,4790000,C,400,500,1,1
1704210300000,20240104,4790000,P,77800,82100,1,1
1704210300000,20240104,4360000,C,351200,355500,1,1
1704210300000,20240104,4360000,P,100,200,1,1
1704210300000,20240104,4040000,C,670900,675100,1,1
1704210300000,20240104,5000000,P,287800,292000,1,1
1704210300000,20240104,4680000,C,38100,38800,1,1
1704210300000,20240104,4680000,P,4700,4800,1,1
1704210300000,20240104,4250000,C,461100,465400,1,1
1704210300000,20240104,4250000,P,100,200,1,1
1704210300000,20240104,4570000,C,141500,145700,1,1
1704210300000,20240104,4570000,P,300,400,1,1
1704210300000,20240104,4890000,P,177800,182100,1,1
1704210300000,20240104,4140000,C,570900,575200,1,1
1704210300000,20240104,4460000,C,251300,255600,1,1
1704210300000,20240104,4460000,P,200,300,1,1
1704210300000,20240104,4780000,C,700,800,1,1
1704210300000,20240104,4780000,P,67800,72100,1,1
1704210300000,20240104,5100000,P,387800,392000,1,1
1704210300000,20240104,4350000,C,361200,365500,1,1
1704210300000,20240104,4350000,P,100,200,1,1
1704210300000,20240104,4030000,C,680800,685100,1,1
1704210300000,20240104,4670000,C,46000,47400,1,1
1704210300000,20240104,4670000,P,3100,3200,1,1
1704210300000,20240104,4990000,P,277800,282000,1,1
1704210300000,20240104,4240000,C,471000,475300,1,1
1704210300000,20240104,4240000,P,100,200,1,1
1704210300000,20240104,4560000,C,151400,155700,1,1
1704210300000,20240104,4560000,P,300,400,1,1
1704210300000,20240104,5200000,P,487800,492000,1,1
1704210300000,20240104,4880000,P,167800,172100,1,1
1704210300000,20240104,4130000,C,580900,585200,1,1
1704210300000,20240104,4450000,C,261300,265600,1,1
1704210300000,20240104,4450000,P,200,300,1,1
1704210300000,20240104,4770000,C,1300,1400,1,1
1704210300000,20240104,4770000,P,59100,60600,1,1
1704210300000,20240104,4340000,C,371100,375400,1,1
1704210300000,20240104,4340000,P,100,200,1,1
1704210300000,20240104,4020000,C,690800,695100,1,1
1704210300000,20240104,4660000,C,55300,56500,1,1
1704210300000,20240104,4660000,P,2100,2200,1,1
1704210300000,20240104,4980000,P,267800,272000,1,1
1704210300000,20240104,5300000,P,587700,592000,1,1
1704210300000,20240104,4230000,C,481000,485300,1,1
1704210300000,20240104,4230000,P,100,200,1,1
1704210300000,20240104,4550000,C,161400,165700,1,1
1704210300000,20240104,4550000,P,200,300,1,1
1704210300000,20240104,4870000,P,157800,162100,1,1
1704210300000,20240104,4120000,C,590900,595200,1,1
1704210300000,20240104,4440000,C,271200,275500,1,1
1704210300000,20240104,4440000,P,100,200,1,1
1704210300000,20240104,4760000,C,2200,2300,1,1
1704210300000,20240104,4760000,P,49500,50800,1,1
1704210300000,20240104,5400000,P,687700,692000,1,1
1704210300000,20240104,4330000,C,381100,385400,1,1
1704210300000,20240104,4330000,P,100,200,1,1
1704210300000,20240104,4650000,C,64500,65800,1,1
1704210300000,20240104,4650000,P,1400,1500,1,1
1704210300000,20240104,4970000,P,257800,262000,1,1
1704210300000,20240104,4220000,C,491000,495300,1,1
1704210300000,20240104,4220000,P,100,200,1,1
1704210300000,20240104,4540000,C,171400,175700,1,1
1704210300000,20240104,4540000,P,200,300,1,1
1704210300000,20240104,4860000,P,147800,152100,1,1
1704210300000,20240104,4110000,C,600900,605200,1,1
1704210300000,20240104,4430000,C,281200,285500,1,1
1704210300000,20240104,4430000,P,100,200,1,1
1704210300000,20240104,4750000,C,3600,3700,1,1
1704210300000,20240104,4750000,P,40700,41500,1,1
1704210300000,20240104,4320000,C,391100,395400,1,1
1704210300000,20240104,4320000,P,100,200,1,1
1704210300000,20240104,4960000,P,247800,252000,1,1
1704210300000,20240104,4640000,C,72400,76400,1,1
1704210300000,20240104,4640000,P,1000,1100,1,1
1704210300000,20240104,4210000,C,501000,505300,1,1
1704210300000,20240104,4210000,P,100,200,1,1
1704210300000,20240104,4530000,C,181400,185600,1,1
1704210300000,20240104,4530000,P,200,300,1,1
1704210300000,20240104,4850000,C,100,200,1,1
1704210300000,20240104,4850000,P,137800,142100,1,1
1704210300000,20240104,4100000,C,610900,615200,1,1
1704210300000,20240104,4420000,C,291200,295500,1,1
1704210300000,20240104,4420000,P,100,200,1,1
1704210300000,20240104,4740000,C,5700,5800,1,1
1704210300000,20240104,4740000,P,32700,33400,1,1
1704210300000,20240104,4310000,C,401100,405400,1,1
1704210300000,20240104,4310000,P,100,200,1,1
1704210300000,20240104,4950000,P,237800,242000,1,1
1704210300000,20240104,4630000,C,82000,86200,1,1
1704210300000,20240104,4630000,P,700,800,1,1
1704210300000,20240104,4200000,C,511000,515300,1,1
1704210300000,20240104,4200000,P,100,200,1,1
1704210300000,20240104,4520000,C,191300,195600,1,1
1704210300000,20240104,4520000,P,200,300,1,1
1704210300000,20240104,4840000,C,100,200,1,1
1704210300000,20240104,4840000,P,127800,132100,1,1
1704210300000,20240104,4090000,C,620900,625200,1,1
1704210300000,20240104,4410000,C,301200,305500,1,1
1704210300000,20240104,4410000,P,100,200,1,1
1704210300000,20240104,4730000,C,8700,8800,1,1
1704210300000,20240104,4730000,P,25600,25900,1,1
1704210300000,20240104,5050000,P,337800,342000,1,1
1704210300000,20240104,4300000,C,411100,415400,1,1
1704210300000,20240104,4300000,P,100,200,1,1
1704210300000,20240104,4940000,P,227800,232000,1,1
1704210300000,20240104,4620000,C,91800,96000,1,1
1704210300000,20240104,4620000,P,600,700,1,1
1704210300000,20240104,4190000,C,521000,525300,1,1
1704210300000,20240104,4190000,P,100,200,1,1
1704210300000,20240104,4510000,C,201300,205600,1,1
1704210300000,20240104,4510000,P,200,300,1,1
1704210300000,20240104,4830000,C,100,200,1,1
1704210300000,20240104,4830000,P,117800,122100,1,1
1704210300000,20240104,5150000,P,437800,442000,1,1
1704210300000,20240104,5250000,P,537800,542000,1,1
1704210300000,20240104,4400000,C,311200,315500,1,1
1704210300000,20240104,4400000,P,100,200,1,1
1704210300000,20240104,4080000,C,630900,635200,1,1
1704210300000,20240104,4720000,C,12600,12700,1,1
1704210300000,20240104,4720000,P,19300,19600,1,1
1704210300000,20240104,4290000,C,421100,425400,1,1
1704210300000,20240104,4290000,P,100,200,1,1
1704210300000,20240104,4930000,P,217800,222100,1,1
1704210300000,20240104,4610000,C,101700,105900,1,1
1704210300000,20240104,4610000,P,400,500,1,1
1704210300000,20240104,5350000,P,637700,642000,1,1
1704210300000,20240104,4500000,C,211300,215600,1,1
1704210300000,20240104,4500000,P,200,300,1,1
1704210300000,20240104,4180000,C,531000,535300,1,1
1704210300000,20240104,4180000,P,100,200,1,1
1704210300000,20240104,4820000,C,100,200,1,1
1704210300000,20240104,4820000,P,107800,112100,1,1
1704210300000,20240104,4390000,C,321200,325500,1,1
1704210300000,20240104,4390000,P,100,200,1,1
1704210300000,20240104,4070000,C,640900,645200,1,1
1704210300000,20240104,4710000,C,17600,17700,1,1
1704210300000,20240104,4710000,P,14100,14200,1,1
1704210300000,20240104,5450000,P,737700,742000,1,1
1704210300000,20240104,4280000,C,431100,435400,1,1
1704210300000,20240104,4280000,P,100,200,1,1
1704210300000,20240104,4600000,C,111600,115900,1,1
1704210300000,20240104,4600000,P,400,500,1,1
1704210300000,20240104,4920000,P,207800,212100,1,1
1704210300000,20240104,4170000,C,541000,545300,1,1
1704210300000,20240104,4170000,P,100,200,1,1
1704210300000,20240104,4490000,C,221300,225600,1,1
1704210300000,20240104,4490000,P,200,300,1,1
1704210300000,20240104,4810000,C,200,300,1,1
1704210300000,20240104,4810000,P,97800,102100,1,1
1704210300000,20240104,4380000,C,331200,335500,1,1
1704210300000,20240104,4380000,P,100,200,1,1
1704210300000,20240104,4060000,C,650900,655200,1,1
1704210300000,20240104,4700000,C,23300,23700,1,1
1704210300000,20240104,4700000,P,10000,10100,1,1
1704210300000,20240104,4270000,C,441100,445400,1,1
1704210300000,20240104,4270000,P,100,200,1,1
1704210300000,20240104,4910000,P,197800,202100,1,1
1704210300000,20240104,4590000,C,121500,125800,1,1
1704210300000,20240104,4590000,P,300,400,1,1
1704210300000,20240105,3200000,C,1510700,1515000,1,1
1704210300000,20240105,3840000,C,871300,875600,1,1
1704210300000,20240105,4480000,C,232100,236400,1,1
1704210300000,20240105,4480000,P,300,400,1,1
1704210300000,20240105,4475000,C,237100,241400,1,1
1704210300000,20240105,4475000,P,300,400,1,1
1704210300000,20240105,3410000,C,1300900,1305200,1,1
1704210300000,20240105,4050000,C,661600,665900,1,1
1704210300000,20240105,4050000,P,100,200,1,1
1704210300000,20240105,4690000,C,35400,35800,1,1
1704210300000,20240105,4690000,P,11200,11300,1,1
1704210300000,20240105,3620000,C,1091100,1095400,1,1
1704210300000,20240105,4260000,C,451900,456100,1,1
1704210300000,20240105,4260000,P,200,300,1,1
1704210300000,20240105,4900000,C,100,200,1,1
1704210300000,20240105,4900000,P,187800,192100,1,1
1704210300000,20240105,3830000,C,881300,885600,1,1
1704210300000,20240105,4470000,C,242100,246400,1,1
1704210300000,20240105,4470000,P,300,400,1,1
1704210300000,20240105,3400000,C,1310900,1315200,1,1
1704210300000,20240105,4040000,C,671600,675900,1,1
1704210300000,20240105,4040000,P,100,200,1,1
1704210300000,20240105,4680000,C,42500,43200,1,1
1704210300000,20240105,4680000,P,8500,8600,1,1
1704210300000,20240105,3610000,C,1101100,1105400,1,1
1704210300000,20240105,4250000,C,461800,466100,1,1
1704210300000,20240105,4250000,P,200,300,1,1
1704210300000,20240105,4890000,C,100,200,1,1
1704210300000,20240105,4890000,P,177800,182100,1,1
1704210300000,20240105,3820000,C,891300,895600,1,1
1704210300000,20240105,4460000,C,252100,256400,1,1
1704210300000,20240105,4460000,P,300,400,1,1
1704210300000,20240105,5100000,P,387800,392000,1,1
1704210300000,20240105,2750000,C,1960200,1964800,1,1
1704210300000,20240105,3390000,C,1320900,1325200,1,1
1704210300000,20240105,4030000,C,681600,685900,1,1
1704210300000,20240105,4030000,P,100,200,1,1
1704210300000,20240105,4670000,C,50500,51100,1,1
1704210300000,20240105,4670000,P,6400,6500,1,1
1704210300000,20240105,3600000,C,1111100,1115400,1,1
1704210300000,20240105,4240000,C,471800,476100,1,1
1704210300000,20240105,4240000,P,200,300,1,1
1704210300000,20240105,4880000,C,100,200,1,1
1704210300000,20240105,4880000,P,167800,172100,1,1
1704210300000,20240105,3810000,C,901300,905600,1,1
1704210300000,20240105,4450000,C,262100,266400,1,1
1704210300000,20240105,4450000,P,200,300,1,1
1704210300000,20240105,3380000,C,1330900,1335200,1,1
1704210300000,20240105,4020000,C,691500,695800,1,1
1704210300000,20240105,4020000,P,100,200,1,1
1704210300000,20240105,4660000,C,58600,59700,1,1
1704210300000,20240105,4660000,P,4800,4900,1,1
1704210300000,20240105,5300000,P,587700,592000,1,1
1704210300000,20240105,2950000,C,1760400,1765000,1,1
1704210300000,20240105,3590000,C,1121100,1125400,1,1
1704210300000,20240105,4230000,C,481800,486100,1,1
1704210300000,20240105,4230000,P,200,300,1,1
1704210300000,20240105,4870000,C,100,200,1,1
1704210300000,20240105,4870000,P,157800,162100,1,1
1704210300000,20240105,3800000,C,911300,915600,1,1
1704210300000,20240105,4440000,C,272100,276400,1,1
1704210300000,20240105,4440000,P,300,400,1,1
1704210300000,20240105,3370000,C,1340800,1345200,1,1
1704210300000,20240105,4010000,C,701500,705800,1,1
1704210300000,20240105,4010000,P,100,200,1,1
1704210300000,20240105,4650000,C,67000,68400,1,1
1704210300000,20240105,4650000,P,3600,3700,1,1
1704210300000,20240105,3580000,C,1131100,1135400,1,1
1704210300000,20240105,4220000,C,491800,496100,1,1
1704210300000,20240105,4220000,P,100,200,1,1
1704210300000,20240105,4860000,C,100,200,1,1
1704210300000,20240105,4860000,P,147800,152100,1,1
1704210300000,20240105,5500000,P,787700,792000,1,1
1704210300000,20240105,3150000,C,1560600,1565000,1,1
1704210300000,20240105,3790000,C,921300,925600,1,1
1704210300000,20240105,4430000,C,282100,286400,1,1
1704210300000,20240105,4430000,P,200,300,1,1
1704210300000,20240105,4425000,C,287100,291300,1,1
1704210300000,20240105,4425000,P,200,300,1,1
1704210300000,20240105,3360000,C,1350800,1355200,1,1
1704210300000,20240105,4000000,C,711500,715800,1,1
1704210300000,20240105,4000000,P,100,200,1,1
1704210300000,20240105,4640000,C,76000,77600,1,1
1704210300000,20240105,4640000,P,2700,2800,1,1
1704210300000,20240105,3570000,C,1141100,1145400,1,1
1704210300000,20240105,4210000,C,501800,506100,1,1
1704210300000,20240105,4210000,P,100,200,1,1
1704210300000,20240105,4850000,C,200,300,1,1
1704210300000,20240105,4850000,P,137800,142100,1,1
1704210300000,20240105,3780000,C,931300,935600,1,1
1704210300000,20240105,4420000,C,292100,296300,1,1
1704210300000,20240105,4420000,P,200,300,1,1
1704210300000,20240105,3350000,C,1360800,1365200,1,1
1704210300000,20240105,3990000,C,721500,725800,1,1
1704210300000,20240105,3990000,P,100,200,1,1
1704210300000,20240105,4630000,C,85300,87000,1,1
1704210300000,20240105,4630000,P,2000,2100,1,1
1704210300000,20240105,4625000,C,88900,92900,1,1
1704210300000,20240105,4625000,P,1700,1800,1,1
1704210300000,20240105,3560000,C,1151000,1155400,1,1
1704210300000,20240105,4200000,C,511800,516100,1,1
1704210300000,20240105,4200000,P,100,200,1,1
1704210300000,20240105,4840000,C,200,300,1,1
1704210300000,20240105,4840000,P,127800,132100,1,1
1704210300000,20240105,3770000,C,941300,945600,1,1
1704210300000,20240105,4410000,C,302000,306300,1,1
1704210300000,20240105,4410000,P,200,300,1,1
1704210300000,20240105,5050000,P,337800,342000,1,1
1704210300000,20240105,2700000,C,2010200,2014800,1,1
1704210300000,20240105,3340000,C,1370800,1375100,1,1
1704210300000,20240105,3980000,C,731500,735800,1,1
1704210300000,20240105,3980000,P,100,200,1,1
1704210300000,20240105,4620000,C,93700,97700,1,1
1704210300000,20240105,4620000,P,1500,1600,1,1
1704210300000,20240105,3550000,C,1161000,1165300,1,1
1704210300000,20240105,4190000,C,521800,526100,1,1
1704210300000,20240105,4190000,P,100,200,1,1
1704210300000,20240105,4830000,C,300,400,1,1
1704210300000,20240105,4830000,P,117800,122100,1,1
1704210300000,20240105,5250000,P,537700,542000,1,1
1704210300000,20240105,3760000,C,951200,955600,1,1
1704210300000,20240105,4400000,C,312000,316300,1,1
1704210300000,20240105,4400000,P,200,300,1,1
1704210300000,20240105,3330000,C,1380800,1385100,1,1
1704210300000,20240105,3970000,C,741500,745800,1,1
1704210300000,20240105,4610000,C,103300,107300,1,1
1704210300000,20240105,4610000,P,1200,1300,1,1
1704210300000,20240105,2900000,C,1810400,1815000,1,1
1704210300000,20240105,3540000,C,1171000,1175300,1,1
1704210300000,20240105,4180000,C,531700,536000,1,1
1704210300000,20240105,4180000,P,100,200,1,1
1704210300000,20240105,4820000,C,500,600,1,1
1704210300000,20240105,4820000,P,107800,112100,1,1
1704210300000,20240105,3750000,C,961200,965500,1,1
1704210300000,20240105,4390000,C,322000,326300,1,1
1704210300000,20240105,4390000,P,200,300,1,1
1704210300000,20240105,5450000,P,737700,742000,1,1
1704210300000,20240105,3320000,C,1390800,1395100,1,1
1704210300000,20240105,3960000,C,751500,755800,1,1
1704210300000,20240105,4600000,C,113000,117100,1,1
1704210300000,20240105,4600000,P,900,1000,1,1
1704210300000,20240105,3530000,C,1181000,1185300,1,1
1704210300000,20240105,4170000,C,541700,546000,1,1
1704210300000,20240105,4170000,P,100,200,1,1
1704210300000,20240105,4810000,C,700,800,1,1
1704210300000,20240105,4810000,P,97800,102100,1,1
1704210300000,20240105,3100000,C,1610600,1614900,1,1
1704210300000,20240105,3740000,C,971200,975500,1,1
1704210300000,20240105,4380000,C,332000,336300,1,1
1704210300000,20240105,4380000,P,200,300,1,1
1704210300000,20240105,3310000,C,1400800,1405100,1,1
1704210300000,20240105,3950000,C,761500,765800,1,1
1704210300000,20240105,4590000,C,122800,127000,1,1
1704210300000,20240105,4590000,P,700,800,1,1
1704210300000,20240105,3520000,C,1191000,1195300,1,1
1704210300000,20240105,4160000,C,551700,556000,1,1
1704210300000,20240105,4160000,P,100,200,1,1
1704210300000,20240105,4800000,C,1000,1100,1,1
1704210300000,20240105,4800000,P,87800,92100,1,1
1704210300000,20240105,3730000,C,981200,985500,1,1
1704210300000,20240105,4370000,C,342000,346300,1,1
1704210300000,20240105,4370000,P,200,300,1,1
1704210300000,20240105,3300000,C,1410800,1415100,1,1
1704210300000,20240105,4580000,C,132600,136800,1,1
1704210300000,20240105,4580000,P,600,700,1,1
1704210300000,20240105,3940000,C,771400,775700,1,1
1704210300000,20240105,4575000,C,137600,141800,1,1
1704210300000,20240105,4575000,P,600,700,1,1
1704210300000,20240105,3510000,C,1201000,1205300,1,1
1704210300000,20240105,4150000,C,561700,566000,1,1
1704210300000,20240105,4150000,P,100,200,1,1
1704210300000,20240105,4790000,C,1600,1700,1,1
1704210300000,20240105,4790000,P,77800,82100,1,1
1704210300000,20240105,3720000,C,991200,995500,1,1
1704210300000,20240105,4360000,C,352000,356300,1,1
1704210300000,20240105,4360000,P,200,300,1,1
1704210300000,20240105,5000000,P,287800,292000,1,1
1704210300000,20240105,3930000,C,781400,785700,1,1
1704210300000,20240105,3290000,C,1420800,1425100,1,1
1704210300000,20240105,4570000,C,142500,146800,1,1
1704210300000,20240105,4570000,P,500,600,1,1
1704210300000,20240105,3500000,C,1211000,1215300,1,1
1704210300000,20240105,4140000,C,571700,576000,1,1
1704210300000,20240105,4140000,P,100,200,1,1
1704210300000,20240105,4780000,C,2400,2500,1,1
1704210300000,20240105,4780000,P,69300,71100,1,1
1704210300000,20240105,3710000,C,1001200,1005500,1,1
1704210300000,20240105,4350000,C,362000,366300,1,1
1704210300000,20240105,4350000,P,200,300,1,1
1704210300000,20240105,4990000,P,277800,282000,1,1
1704210300000,20240105,3920000,C,791400,795700,1,1
1704210300000,20240105,3280000,C,1430800,1435100,1,1
1704210300000,20240105,4560000,C,152400,156700,1,1
1704210300000,20240105,4560000,P,500,600,1,1
1704210300000,20240105,5200000,P,487800,492000,1,1
1704210300000,20240105,2850000,C,1860300,1864900,1,1
1704210300000,20240105,3490000,C,1221000,1225300,1,1
1704210300000,20240105,4130000,C,581700,586000,1,1
1704210300000,20240105,4130000,P,100,200,1,1
1704210300000,20240105,4770000,C,3600,3700,1,1
1704210300000,20240105,4770000,P,60000,61600,1,1
1704210300000,20240105,3700000,C,1011200,1015500,1,1
1704210300000,20240105,4340000,C,372000,376200,1,1
1704210300000,20240105,4340000,P,200,300,1,1
1704210300000,20240105,4980000,P,267800,272000,1,1
1704210300000,20240105,3270000,C,1440700,1445100,1,1
1704210300000,20240105,3910000,C,801400,805700,1,1
1704210300000,20240105,4550000,C,162400,166600,1,1
1704210300000,20240105,4550000,P,400,500,1,1
1704210300000,20240105,3480000,C,1231000,1235300,1,1
1704210300000,20240105,4120000,C,591700,596000,1,1
1704210300000,20240105,4120000,P,100,200,1,1
1704210300000,20240105,4760000,C,5200,5300,1,1
1704210300000,20240105,4760000,P,51400,52700,1,1
1704210300000,20240105,5400000,P,687700,692000,1,1
1704210300000,20240105,3050000,C,1660500,1665100,1,1
1704210300000,20240105,3690000,C,1021200,1025500,1,1
1704210300000,20240105,4330000,C,381900,386200,1,1
1704210300000,20240105,4330000,P,200,300,1,1
1704210300000,20240105,4970000,P,257800,262000,1,1
1704210300000,20240105,3260000,C,1450700,1455100,1,1
1704210300000,20240105,3900000,C,811400,815700,1,1
1704210300000,20240105,4540000,C,172300,176600,1,1
1704210300000,20240105,4540000,P,400,500,1,1
1704210300000,20240105,3470000,C,1241000,1245300,1,1
1704210300000,20240105,4110000,C,601700,606000,1,1
1704210300000,20240105,4110000,P,100,200,1,1
1704210300000,20240105,4750000,C,7400,7500,1,1
1704210300000,20240105,4750000,P,43300,44400,1,1
1704210300000,20240105,3680000,C,1031200,1035500,1,1
1704210300000,20240105,4320000,C,391900,396200,1,1
1704210300000,20240105,4320000,P,200,300,1,1
1704210300000,20240105,4960000,P,247800,252000,1,1
1704210300000,20240105,3250000,C,1460700,1465100,1,1
1704210300000,20240105,3890000,C,821400,825700,1,1
1704210300000,20240105,4530000,C,182300,186500,1,1
1704210300000,20240105,4530000,P,400,500,1,1
1704210300000,20240105,4525000,C,187300,191500,1,1
1704210300000,20240105,4525000,P,400,500,1,1
1704210300000,20240105,3460000,C,1250900,1255300,1,1
1704210300000,20240105,4100000,C,611600,615900,1,1
1704210300000,20240105,4100000,P,100,200,1,1
1704210300000,20240105,4740000,C,10200,10300,1,1
1704210300000,20240105,4740000,P,36000,36600,1,1
1704210300000,20240105,3670000,C,1041200,1045500,1,1
1704210300000,20240105,4310000,C,401900,406200,1,1
1704210300000,20240105,4310000,P,200,300,1,1
1704210300000,20240105,4950000,P,237800,242000,1,1
1704210300000,20240105,3880000,C,831400,835700,1,1
1704210300000,20240105,4520000,C,192200,196500,1,1
1704210300000,20240105,4520000,P,400,500,1,1
1704210300000,20240105,3450000,C,1260900,1265300,1,1
1704210300000,20240105,4090000,C,621600,625900,1,1
1704210300000,20240105,4090000,P,100,200,1,1
1704210300000,20240105,4730000,C,13700,13800,1,1
1704210300000,20240105,4730000,P,29500,29800,1,1
1704210300000,20240105,3660000,C,1051100,1055500,1,1
1704210300000,20240105,4300000,C,411900,416200,1,1
1704210300000,20240105,4300000,P,200,300,1,1
1704210300000,20240105,4940000,P,227800,232100,1,1
1704210300000,20240105,3870000,C,841400,845700,1,1
1704210300000,20240105,4510000,C,202200,206500,1,1
1704210300000,20240105,4510000,P,300,400,1,1
1704210300000,20240105,5150000,P,437800,442000,1,1
1704210300000,20240105,2800000,C,1910300,1914900,1,1
1704210300000,20240105,3440000,C,1270900,1275200,1,1
1704210300000,20240105,4080000,C,631600,635900,1,1
1704210300000,20240105,4080000,P,100,200,1,1
1704210300000,20240105,4720000,C,18000,18100,1,1
1704210300000,20240105,4720000,P,23800,23900,1,1
1704210300000,20240105,3650000,C,1061100,1065400,1,1
1704210300000,20240105,4290000,C,421900,426200,1,1
1704210300000,20240105,4290000,P,200,300,1,1
1704210300000,20240105,4930000,C,100,200,1,1
1704210300000,20240105,4930000,P,217800,222100,1,1
1704210300000,20240105,5350000,P,637700,642000,1,1
1704210300000,20240105,3860000,C,851400,855700,1,1
1704210300000,20240105,4500000,C,212200,216500,1,1
1704210300000,20240105,4500000,P,300,400,1,1
1704210300000,20240105,3430000,C,1280900,1285200,1,1
1704210300000,20240105,4070000,C,641600,645900,1,1
1704210300000,20240105,4070000,P,100,200,1,1
1704210300000,20240105,4710000,C,23100,23200,1,1
1704210300000,20240105,4710000,P,18800,18900,1,1
1704210300000,20240105,3000000,C,1710500,1715100,1,1
1704210300000,20240105,3640000,C,1071100,1075400,1,1
1704210300000,20240105,4280000,C,431900,436200,1,1
1704210300000,20240105,4280000,P,200,300,1,1
1704210300000,20240105,4920000,C,100,200,1,1
1704210300000,20240105,4920000,P,207800,212100,1,1
1704210300000,20240105,3850000,C,861300,865600,1,1
1704210300000,20240105,4490000,C,222200,226400,1,1
1704210300000,20240105,4490000,P,300,400,1,1
1704210300000,20240105,3420000,C,1290900,1295200,1,1
1704210300000,20240105,4060000,C,651600,655900,1,1
1704210300000,20240105,4060000,P,100,200,1,1
1704210300000,20240105,4700000,C,28800,29100,1,1
1704210300000,20240105,4700000,P,14600,14700,1,1
1704210300000,20240105,3630000,C,1081100,1085400,1,1
1704210300000,20240105,4270000,C,441900,446200,1,1
1704210300000,20240105,4270000,P,200,300,1,1
1704210300000,20240105,4910000,C,100,200,1,1
1704210300000,20240105,4910000,P,197800,202100,1,1
1704210300000,20240108,4160000,C,551900,557100,1,1
1704210300000,20240108,4160000,P,200,300,1,1
1704210300000,20240108,4480000,C,232600,237700,1,1
1704210300000,20240108,4480000,P,400,500,1,1
1704210300000,20240108,4800000,C,1900,2000,1,1
1704210300000,20240108,4800000,P,87800,92300,1,1
1704210300000,20240108,4370000,C,342300,347500,1,1
1704210300000,20240108,4370000,P,300,400,1,1
1704210300000,20240108,4690000,C,39000,39400,1,1
1704210300000,20240108,4690000,P,14100,14300,1,1
1704210300000,20240108,4260000,C,452100,457300,1,1
1704210300000,20240108,4260000,P,200,300,1,1
1704210300000,20240108,4580000,C,133500,138400,1,1
1704210300000,20240108,4580000,P,1100,1200,1,1
1704210300000,20240108,4900000,C,100,200,1,1
1704210300000,20240108,4900000,P,187400,192500,1,1
1704210300000,20240108,4150000,C,561900,567100,1,1
1704210300000,20240108,4150000,P,200,300,1,1
1704210300000,20240108,4470000,C,242600,247700,1,1
1704210300000,20240108,4470000,P,400,500,1,1
1704210300000,20240108,4790000,C,2800,2900,1,1
1704210300000,20240108,4790000,P,79200,81000,1,1
1704210300000,20240108,4360000,C,352300,357500,1,1
1704210300000,20240108,4360000,P,300,400,1,1
1704210300000,20240108,5000000,P,287400,292400,1,1
1704210300000,20240108,4680000,C,46000,46600,1,1
1704210300000,20240108,4680000,P,11200,11300,1,1
1704210300000,20240108,4250000,C,462100,467300,1,1
1704210300000,20240108,4250000,P,200,300,1,1
1704210300000,20240108,4570000,C,143500,148200,1,1
1704210300000,20240108,4570000,P,900,1000,1,1
1704210300000,20240108,4890000,C,100,200,1,1
1704210300000,20240108,4890000,P,177400,182500,1,1
1704210300000,20240108,4140000,C,571900,577100,1,1
1704210300000,20240108,4140000,P,200,300,1,1
1704210300000,20240108,4460000,C,252500,257600,1,1
1704210300000,20240108,4460000,P,400,500,1,1
1704210300000,20240108,4780000,C,3900,4100,1,1
1704210300000,20240108,4780000,P,69800,71100,1,1
1704210300000,20240108,5100000,P,387400,392400,1,1
1704210300000,20240108,4350000,C,362300,367400,1,1
1704210300000,20240108,4350000,P,300,400,1,1
1704210300000,20240108,4670000,C,53500,54300,1,1
1704210300000,20240108,4670000,P,8800,8900,1,1
1704210300000,20240108,4990000,P,277400,282500,1,1
1704210300000,20240108,4240000,C,472100,477300,1,1
1704210300000,20240108,4240000,P,200,300,1,1
1704210300000,20240108,4560000,C,153100,158100,1,1
1704210300000,20240108,4560000,P,800,900,1,1
1704210300000,20240108,5200000,P,487400,492500,1,1
1704210300000,20240108,4880000,C,100,200,1,1
1704210300000,20240108,4880000,P,167400,172500,1,1
1704210300000,20240108,4130000,C,581900,587100,1,1
1704210300000,20240108,4130000,P,200,300,1,1
1704210300000,20240108,4450000,C,262500,267600,1,1
1704210300000,20240108,4450000,P,400,500,1,1
1704210300000,20240108,4770000,C,5500,5600,1,1
1704210300000,20240108,4770000,P,61100,62500,1,1
1704210300000,20240108,4340000,C,372200,377400,1,1
1704210300000,20240108,4340000,P,300,400,1,1
1704210300000,20240108,4660000,C,61500,62500,1,1
1704210300000,20240108,4660000,P,6900,7000,1,1
1704210300000,20240108,4980000,P,267400,272500,1,1
1704210300000,20240108,5300000,P,587300,592500,1,1
1704210300000,20240108,4230000,C,482100,487200,1,1
1704210300000,20240108,4230000,P,200,300,1,1
1704210300000,20240108,4550000,C,163000,168000,1,1
1704210300000,20240108,4550000,P,700,800,1,1
1704210300000,20240108,4870000,C,100,200,1,1
1704210300000,20240108,4870000,P,157400,162300,1,1
1704210300000,20240108,4120000,C,591900,597100,1,1
1704210300000,20240108,4120000,P,200,300,1,1
1704210300000,20240108,4440000,C,272400,277600,1,1
1704210300000,20240108,4440000,P,300,400,1,1
1704210300000,20240108,4760000,C,7600,7700,1,1
1704210300000,20240108,4760000,P,52900,54100,1,1
1704210300000,20240108,5400000,P,687300,692400,1,1
1704210300000,20240108,4330000,C,382200,387400,1,1
1704210300000,20240108,4330000,P,300,400,1,1
1704210300000,20240108,4650000,C,69600,71000,1,1
1704210300000,20240108,4650000,P,5400,5500,1,1
1704210300000,20240108,4970000,P,257400,262300,1,1
1704210300000,20240108,4220000,C,492000,497200,1,1
1704210300000,20240108,4220000,P,200,300,1,1
1704210300000,20240108,4540000,C,172900,178000,1,1
1704210300000,20240108,4540000,P,700,800,1,1
1704210300000,20240108,4860000,C,200,300,1,1
1704210300000,20240108,4860000,P,147400,152500,1,1
1704210300000,20240108,4110000,C,602100,607100,1,1
1704210300000,20240108,4110000,P,100,200,1,1
1704210300000,20240108,4430000,C,282400,287600,1,1
1704210300000,20240108,4430000,P,300,400,1,1
1704210300000,20240108,4750000,C,10100,10200,1,1
1704210300000,20240108,4750000,P,45300,46200,1,1
1704210300000,20240108,4320000,C,392200,397400,1,1
1704210300000,20240108,4320000,P,300,400,1,1
1704210300000,20240108,4640000,C,78700,79900,1,1
1704210300000,20240108,4640000,P,4200,4300,1,1
1704210300000,20240108,4960000,C,100,200,1,1
1704210300000,20240108,4960000,P,247400,252500,1,1
1704210300000,20240108,4210000,C,502000,507200,1,1
1704210300000,20240108,4210000,P,200,300,1,1
1704210300000,20240108,4530000,C,182800,187900,1,1
1704210300000,20240108,4530000,P,600,700,1,1
1704210300000,20240108,4850000,C,300,400,1,1
1704210300000,20240108,4850000,P,137400,142500,1,1
1704210300000,20240108,4100000,C,611900,617000,1,1
1704210300000,20240108,4100000,P,200,300,1,1
1704210300000,20240108,4420000,C,292400,297600,1,1
1704210300000,20240108,4420000,P,300,400,1,1
1704210300000,20240108,4740000,C,13300,13400,1,1
1704210300000,20240108,4740000,P,38400,38900,1,1
1704210300000,20240108,4310000,C,402200,407400,1,1
1704210300000,20240108,4310000,P,300,400,1,1
1704210300000,20240108,4950000,P,237400,242500,1,1
1704210300000,20240108,4630000,C,87700,89000,1,1
1704210300000,20240108,4630000,P,3300,3400,1,1
1704210300000,20240108,4200000,C,512000,517200,1,1
1704210300000,20240108,4200000,P,200,300,1,1
1704210300000,20240108,4520000,C,192800,197900,1,1
1704210300000,20240108,4520000,P,600,700,1,1
1704210300000,20240108,4840000,C,400,500,1,1
1704210300000,20240108,4840000,P,127400,132400,1,1
1704210300000,20240108,4090000,C,621800,627000,1,1
1704210300000,20240108,4090000,P,100,200,1,1
1704210300000,20240108,4410000,C,302600,307500,1,1
1704210300000,20240108,4410000,P,300,400,1,1
1704210300000,20240108,4730000,C,17100,17300,1,1
1704210300000,20240108,4730000,P,32200,32400,1,1
1704210300000,20240108,5050000,P,337400,342500,1,1
1704210300000,20240108,4300000,C,412200,417400,1,1
1704210300000,20240108,4300000,P,300,400,1,1
1704210300000,20240108,4940000,P,227400,232400,1,1
1704210300000,20240108,4620000,C,97000,98300,1,1
1704210300000,20240108,4620000,P,2600,2700,1,1
1704210300000,20240108,4190000,C,522000,527200,1,1
1704210300000,20240108,4190000,P,200,300,1,1
1704210300000,20240108,4510000,C,202700,207800,1,1
1704210300000,20240108,4510000,P,500,600,1,1
1704210300000,20240108,4830000,C,600,700,1,1
1704210300000,20240108,4830000,P,117500,122500,1,1
1704210300000,20240108,5150000,P,437400,442300,1,1
1704210300000,20240108,5250000,P,537400,542500,1,1
1704210300000,20240108,4400000,C,312500,317500,1,1
1704210300000,20240108,4400000,P,300,400,1,1
1704210300000,20240108,4080000,C,631800,637000,1,1
1704210300000,20240108,4080000,P,100,200,1,1
1704210300000,20240108,4720000,C,21700,21800,1,1
1704210300000,20240108,4720000,P,26700,26900,1,1
1704210300000,20240108,4290000,C,422200,427300,1,1
1704210300000,20240108,4290000,P,300,400,1,1
1704210300000,20240108,4930000,P,217400,222500,1,1
1704210300000,20240108,4610000,C,104600,109200,1,1
1704210300000,20240108,4610000,P,2000,2100,1,1
1704210300000,20240108,5350000,P,637300,642400,1,1
1704210300000,20240108,4500000,C,212600,217800,1,1
1704210300000,20240108,4500000,P,500,600,1,1
1704210300000,20240108,4180000,C,532000,537200,1,1
1704210300000,20240108,4180000,P,200,300,1,1
1704210300000,20240108,4820000,C,900,1000,1,1
1704210300000,20240108,4820000,P,107400,112400,1,1
1704210300000,20240108,4390000,C,322300,327500,1,1
1704210300000,20240108,4390000,P,300,400,1,1
1704210300000,20240108,4070000,C,641800,647000,1,1
1704210300000,20240108,4070000,P,100,200,1,1
1704210300000,20240108,4710000,C,26800,27000,1,1
1704210300000,20240108,4710000,P,21900,22000,1,1
1704210300000,20240108,5450000,P,737300,742500,1,1
1704210300000,20240108,4280000,C,432300,437300,1,1
1704210300000,20240108,4280000,P,300,400,1,1
1704210300000,20240108,4600000,C,114300,118800,1,1
1704210300000,20240108,4600000,P,1700,1800,1,1
1704210300000,20240108,4920000,P,207400,212500,1,1
1704210300000,20240108,4170000,C,542000,547100,1,1
1704210300000,20240108,4170000,P,200,300,1,1
1704210300000,20240108,4490000,C,222600,227700,1,1
1704210300000,20240108,4490000,P,400,500,1,1
1704210300000,20240108,4810000,C,1200,1300,1,1
1704210300000,20240108,4810000,P,97400,102500,1,1
1704210300000,20240108,4380000,C,332300,337500,1,1
1704210300000,20240108,4380000,P,300,400,1,1
1704210300000,20240108,4060000,C,651800,657000,1,1
1704210300000,20240108,4060000,P,100,200,1,1
1704210300000,20240108,4700000,C,32600,32900,1,1
1704210300000,20240108,4700000,P,17700,17900,1,1
1704210300000,20240108,4270000,C,442100,447300,1,1
1704210300000,20240108,4270000,P,200,300,1,1
1704210300000,20240108,4910000,C,100,200,1,1
1704210300000,20240108,4910000,P,197400,202500,1,1
1704210300000,20240108,4590000,C,123900,128600,1,1
1704210300000,20240108,4590000,P,1400,1500,1,1
1704210300000,20240109,4160000,C,552300,557900,1,1
1704210300000,20240109,4160000,P,300,400,1,1
1704210300000,20240109,4480000,C,233300,238600,1,1
1704210300000,20240109,4480000,P,600,700,1,1
1704210300000,20240109,4800000,C,2900,3000,1,1
1704210300000,20240109,4800000,P,89100,91000,1,1
1704210300000,20240109,4370000,C,342800,348300,1,1
1704210300000,20240109,4370000,P,400,500,1,1
1704210300000,20240109,4690000,C,42000,42300,1,1
1704210300000,20240109,4690000,P,16400,16500,1,1
1704210300000,20240109,4260000,C,452500,458100,1,1
1704210300000,20240109,4260000,P,300,400,1,1
1704210300000,20240109,4580000,C,134700,139700,1,1
1704210300000,20240109,4580000,P,1700,1800,1,1
1704210300000,20240109,4900000,C,100,200,1,1
1704210300000,20240109,4900000,P,187400,192700,1,1
1704210300000,20240109,4150000,C,562300,567800,1,1
1704210300000,20240109,4150000,P,300,400,1,1
1704210300000,20240109,4470000,C,243100,248600,1,1
1704210300000,20240109,4470000,P,600,700,1,1
1704210300000,20240109,4790000,C,4000,4100,1,1
1704210300000,20240109,4790000,P,79500,81300,1,1
1704210300000,20240109,4360000,C,353200,358300,1,1
1704210300000,20240109,4360000,P,400,500,1,1
1704210300000,20240109,5000000,P,287400,292900,1,1
1704210300000,20240109,4680000,C,48900,49400,1,1
1704210300000,20240109,4680000,P,13300,13500,1,1
1704210300000,20240109,4250000,C,462500,468000,1,1
1704210300000,20240109,4250000,P,300,400,1,1
1704210300000,20240109,4570000,C,144400,149400,1,1
1704210300000,20240109,4570000,P,1500,1600,1,1
1704210300000,20240109,4890000,C,200,300,1,1
1704210300000,20240109,4890000,P,177400,182700,1,1
1704210300000,20240109,4140000,C,572300,577800,1,1
1704210300000,20240109,4140000,P,200,300,1,1
1704210300000,20240109,4460000,C,253100,258500,1,1
1704210300000,20240109,4460000,P,600,700,1,1
1704210300000,20240109,4780000,C,5400,5600,1,1
1704210300000,20240109,4780000,P,70500,72100,1,1
1704210300000,20240109,5100000,P,387400,392800,1,1
1704210300000,20240109,4350000,C,362700,368200,1,1
1704210300000,20240109,4350000,P,400,500,1,1
1704210300000,20240109,4670000,C,56000,57000,1,1
1704210300000,20240109,4670000,P,10800,10900,1,1
1704210300000,20240109,4990000,P,277400,282900,1,1
1704210300000,20240109,4240000,C,472500,478000,1,1
1704210300000,20240109,4240000,P,300,400,1,1
1704210300000,20240109,4560000,C,154200,159300,1,1
1704210300000,20240109,4560000,P,1300,1400,1,1
1704210300000,20240109,5200000,P,487400,492800,1,1
1704210300000,20240109,4880000,C,200,300,1,1
1704210300000,20240109,4880000,P,167400,172300,1,1
1704210300000,20240109,4130000,C,582700,587800,1,1
1704210300000,20240109,4130000,P,200,300,1,1
1704210300000,20240109,4450000,C,263000,268500,1,1
1704210300000,20240109,4450000,P,500,600,1,1
1704210300000,20240109,4770000,C,7300,7400,1,1
1704210300000,20240109,4770000,P,62100,63500,1,1
1704210300000,20240109,4340000,C,372700,378200,1,1
1704210300000,20240109,4340000,P,400,500,1,1
1704210300000,20240109,4660000,C,63800,65000,1,1
1704210300000,20240109,4660000,P,8700,8800,1,1
1704210300000,20240109,4980000,P,267400,272900,1,1
1704210300000,20240109,5300000,P,587300,592800,1,1
1704210300000,20240109,4230000,C,482900,488000,1,1
1704210300000,20240109,4230000,P,300,400,1,1
1704210300000,20240109,4550000,C,164100,169100,1,1
1704210300000,20240109,4550000,P,1100,1200,1,1
1704210300000,20240109,4870000,C,300,400,1,1
1704210300000,20240109,4870000,P,157400,162700,1,1
1704210300000,20240109,4120000,C,592800,597800,1,1
1704210300000,20240109,4120000,P,200,300,1,1
1704210300000,20240109,4440000,C,273000,278500,1,1
1704210300000,20240109,4440000,P,500,600,1,1
1704210300000,20240109,4760000,C,9600,9700,1,1
1704210300000,20240109,4760000,P,54200,55400,1,1
1704210300000,20240109,5400000,P,687300,692800,1,1
1704210300000,20240109,4330000,C,382700,388200,1,1
1704210300000,20240109,4330000,P,400,500,1,1
1704210300000,20240109,4650000,C,72000,73400,1,1
1704210300000,20240109,4650000,P,7000,7100,1,1
1704210300000,20240109,4970000,P,257400,262900,1,1
1704210300000,20240109,4220000,C,492500,498000,1,1
1704210300000,20240109,4220000,P,300,400,1,1
1704210300000,20240109,4540000,C,174200,179000,1,1
1704210300000,20240109,4540000,P,1000,1100,1,1
1704210300000,20240109,4860000,C,300,400,1,1
1704210300000,20240109,4860000,P,147400,152700,1,1
1704210300000,20240109,4110000,C,602200,607800,1,1
1704210300000,20240109,4110000,P,200,300,1,1
1704210300000,20240109,4430000,C,283000,288400,1,1
1704210300000,20240109,4430000,P,500,600,1,1
1704210300000,20240109,4750000,C,12400,12600,1,1
1704210300000,20240109,4750000,P,47000,47600,1,1
1704210300000,20240109,4320000,C,392700,398200,1,1
1704210300000,20240109,4320000,P,400,500,1,1
1704210300000,20240109,4640000,C,80600,82000,1,1
1704210300000,20240109,4640000,P,5600,5700,1,1
1704210300000,20240109,4960000,P,247400,252500,1,1
1704210300000,20240109,4210000,C,503000,508000,1,1
1704210300000,20240109,4210000,P,300,400,1,1
1704210300000,20240109,4530000,C,183700,188900,1,1
1704210300000,20240109,4530000,P,900,1000,1,1
1704210300000,20240109,4850000,C,500,600,1,1
1704210300000,20240109,4850000,P,137400,142700,1,1
1704210300000,20240109,4100000,C,612200,617700,1,1
1704210300000,20240109,4100000,P,200,300,1,1
1704210300000,20240109,4420000,C,292900,298400,1,1
1704210300000,20240109,4420000,P,500,600,1,1
1704210300000,20240109,4740000,C,15900,16000,1,1
1704210300000,20240109,4740000,P,40300,40700,1,1
1704210300000,20240109,4310000,C,402700,408200,1,1
1704210300000,20240109,4310000,P,300,400,1,1
1704210300000,20240109,4950000,C,100,200,1,1
1704210300000,20240109,4950000,P,237400,242900,1,1
1704210300000,20240109,4630000,C,89400,91000,1,1
1704210300000,20240109,4630000,P,4500,4600,1,1
1704210300000,20240109,4200000,C,512700,517900,1,1
1704210300000,20240109,4200000,P,300,400,1,1
1704210300000,20240109,4520000,C,193600,198900,1,1
1704210300000,20240109,4520000,P,800,900,1,1
1704210300000,20240109,4840000,C,700,800,1,1
1704210300000,20240109,4840000,P,127400,132700,1,1
1704210300000,20240109,4090000,C,622200,627700,1,1
1704210300000,20240109,4090000,P,200,300,1,1
1704210300000,20240109,4410000,C,302900,308400,1,1
1704210300000,20240109,4410000,P,500,600,1,1
1704210300000,20240109,4730000,C,19900,20000,1,1
1704210300000,20240109,4730000,P,34300,34600,1,1
1704210300000,20240109,5050000,P,337400,342800,1,1
1704210300000,20240109,4300000,C,412600,418100,1,1
1704210300000,20240109,4300000,P,300,400,1,1
1704210300000,20240109,4940000,C,100,200,1,1
1704210300000,20240109,4940000,P,227400,232700,1,1
1704210300000,20240109,4620000,C,98500,100100,1,1
1704210300000,20240109,4620000,P,3700,3800,1,1
1704210300000,20240109,4190000,C,522400,527900,1,1
1704210300000,20240109,4190000,P,300,400,1,1
1704210300000,20240109,4510000,C,203500,208800,1,1
1704210300000,20240109,4510000,P,800,900,1,1
1704210300000,20240109,4830000,C,1000,1100,1,1
1704210300000,20240109,4830000,P,117400,122600,1,1
1704210300000,20240109,5150000,P,437400,442800,1,1
1704210300000,20240109,5250000,P,537300,542800,1,1
1704210300000,20240109,4400000,C,312900,318400,1,1
1704210300000,20240109,4400000,P,400,500,1,1
1704210300000,20240109,4080000,C,632200,637700,1,1
1704210300000,20240109,4080000,P,200,300,1,1
1704210300000,20240109,4720000,C,24500,24700,1,1
1704210300000,20240109,4720000,P,28900,29100,1,1
1704210300000,20240109,4290000,C,422600,428100,1,1
1704210300000,20240109,4290000,P,300,400,1,1
1704210300000,20240109,4930000,C,100,200,1,1
1704210300000,20240109,4930000,P,217400,222700,1,1
1704210300000,20240109,4610000,C,107800,109500,1,1
1704210300000,20240109,4610000,P,3000,3100,1,1
1704210300000,20240109,5350000,P,637300,642500,1,1
1704210300000,20240109,4500000,C,213400,218700,1,1
1704210300000,20240109,4500000,P,700,800,1,1
1704210300000,20240109,4180000,C,532400,537900,1,1
1704210300000,20240109,4180000,P,300,400,1,1
1704210300000,20240109,4820000,C,1400,1500,1,1
1704210300000,20240109,4820000,P,107400,112700,1,1
1704210300000,20240109,4390000,C,323000,328300,1,1
1704210300000,20240109,4390000,P,400,500,1,1
1704210300000,20240109,4070000,C,642600,647700,1,1
1704210300000,20240109,4070000,P,200,300,1,1
1704210300000,20240109,4710000,C,29800,29900,1,1
1704210300000,20240109,4710000,P,24100,24300,1,1
1704210300000,20240109,5450000,P,737300,742800,1,1
1704210300000,20240109,4280000,C,432600,438100,1,1
1704210300000,20240109,4280000,P,300,400,1,1
1704210300000,20240109,4600000,C,115600,120300,1,1
1704210300000,20240109,4600000,P,2400,2500,1,1
1704210300000,20240109,4920000,C,100,200,1,1
1704210300000,20240109,4920000,P,207400,212700,1,1
1704210300000,20240109,4170000,C,542400,547900,1,1
1704210300000,20240109,4170000,P,300,400,1,1
1704210300000,20240109,4490000,C,223700,228700,1,1
1704210300000,20240109,4490000,P,700,800,1,1
1704210300000,20240109,4810000,C,2000,2100,1,1
1704210300000,20240109,4810000,P,97400,102700,1,1
1704210300000,20240109,4380000,C,332800,338300,1,1
1704210300000,20240109,4380000,P,400,500,1,1
1704210300000,20240109,4060000,C,652100,657700,1,1
1704210300000,20240109,4060000,P,200,300,1,1
1704210300000,20240109,4700000,C,35500,35800,1,1
1704210300000,20240109,4700000,P,20000,20100,1,1
1704210300000,20240109,4270000,C,442600,448100,1,1
1704210300000,20240109,4270000,P,300,400,1,1
1704210300000,20240109,4910000,C,100,200,1,1
1704210300000,20240109,4910000,P,197400,202700,1,1
1704210300000,20240109,4590000,C,125100,129900,1,1
1704210300000,20240109,4590000,P,2000,2100,1,1
1704210300000,20240110,4160000,C,553100,558600,1,1
1704210300000,20240110,4160000,P,300,400,1,1
1704210300000,20240110,4480000,C,234300,239600,1,1
1704210300000,20240110,4480000,P,900,1000,1,1
1704210300000,20240110,4800000,C,4000,4100,1,1
1704210300000,20240110,4800000,P,89000,92500,1,1
1704210300000,20240110,4370000,C,343600,349100,1,1
1704210300000,20240110,4370000,P,500,600,1,1
1704210300000,20240110,4690000,C,44900,45300,1,1
1704210300000,20240110,4690000,P,18600,18700,1,1
1704210300000,20240110,4260000,C,453300,458800,1,1
1704210300000,20240110,4260000,P,400,500,1,1
1704210300000,20240110,4580000,C,136500,141100,1,1
1704210300000,20240110,4580000,P,2500,2600,1,1
1704210300000,20240110,4900000,C,200,300,1,1
1704210300000,20240110,4900000,P,187400,192700,1,1
1704210300000,20240110,4150000,C,563100,568600,1,1
1704210300000,20240110,4150000,P,300,400,1,1
1704210300000,20240110,4470000,C,244100,249500,1,1
1704210300000,20240110,4470000,P,900,1000,1,1
1704210300000,20240110,4790000,C,5300,5400,1,1
1704210300000,20240110,4790000,P,80100,81700,1,1
1704210300000,20240110,4360000,C,353900,359100,1,1
1704210300000,20240110,4360000,P,500,600,1,1
1704210300000,20240110,5000000,P,287500,292500,1,1
1704210300000,20240110,4680000,C,51900,52300,1,1
1704210300000,20240110,4680000,P,15500,15600,1,1
1704210300000,20240110,4250000,C,463500,468800,1,1
1704210300000,20240110,4250000,P,400,500,1,1
1704210300000,20240110,4570000,C,145900,150800,1,1
1704210300000,20240110,4570000,P,2200,2300,1,1
1704210300000,20240110,4890000,C,200,300,1,1
1704210300000,20240110,4890000,P,177400,182500,1,1
1704210300000,20240110,4140000,C,573000,578600,1,1
1704210300000,20240110,4140000,P,300,400,1,1
1704210300000,20240110,4460000,C,254000,259500,1,1
1704210300000,20240110,4460000,P,800,900,1,1
1704210300000,20240110,4780000,C,7000,7100,1,1
1704210300000,20240110,4780000,P,71400,72900,1,1
1704210300000,20240110,5100000,P,387400,392800,1,1
1704210300000,20240110,4350000,C,363600,369100,1,1
1704210300000,20240110,4350000,P,500,600,1,1
1704210300000,20240110,4670000,C,58800,59800,1,1
1704210300000,20240110,4670000,P,12800,13000,1,1
1704210300000,20240110,4990000,C,100,200,1,1
1704210300000,20240110,4990000,P,277400,282900,1,1
1704210300000,20240110,4240000,C,473300,478800,1,1
1704210300000,20240110,4240000,P,400,500,1,1
1704210300000,20240110,4560000,C,155600,160500,1,1
1704210300000,20240110,4560000,P,1900,2000,1,1
1704210300000,20240110,5200000,P,487400,492800,1,1
1704210300000,20240110,4880000,C,300,400,1,1
1704210300000,20240110,4880000,P,167400,172700,1,1
1704210300000,20240110,4130000,C,583000,588500,1,1
1704210300000,20240110,4130000,P,300,400,1,1
1704210300000,20240110,4450000,C,264000,269400,1,1
1704210300000,20240110,4450000,P,800,900,1,1
1704210300000,20240110,4770000,C,9100,9200,1,1
1704210300000,20240110,4770000,P,63200,64500,1,1
1704210300000,20240110,4340000,C,373500,379000,1,1
1704210300000,20240110,4340000,P,500,600,1,1
1704210300000,20240110,4660000,C,66600,67600,1,1
1704210300000,20240110,4660000,P,10600,10700,1,1
1704210300000,20240110,4980000,C,100,200,1,1
1704210300000,20240110,4980000,P,267400,272900,1,1
1704210300000,20240110,5300000,P,587300,592400,1,1
1704210300000,20240110,4230000,C,483200,488800,1,1
1704210300000,20240110,4230000,P,400,500,1,1
1704210300000,20240110,4550000,C,165700,170300,1,1
1704210300000,20240110,4550000,P,1700,1800,1,1
1704210300000,20240110,4870000,C,400,500,1,1
1704210300000,20240110,4870000,P,157500,162700,1,1
1704210300000,20240110,4120000,C,593400,598500,1,1
1704210300000,20240110,4120000,P,300,400,1,1
1704210300000,20240110,4440000,C,273900,279400,1,1
1704210300000,20240110,4440000,P,700,800,1,1
1704210300000,20240110,4760000,C,11600,11800,1,1
1704210300000,20240110,4760000,P,55600,56600,1,1
1704210300000,20240110,5400000,P,687300,692800,1,1
1704210300000,20240110,4330000,C,383500,389000,1,1
1704210300000,20240110,4330000,P,500,600,1,1
1704210300000,20240110,4650000,C,74600,75800,1,1
1704210300000,20240110,4650000,P,8800,8900,1,1
1704210300000,20240110,4970000,C,100,200,1,1
1704210300000,20240110,4970000,P,257400,262900,1,1
1704210300000,20240110,4220000,C,493700,498700,1,1
1704210300000,20240110,4220000,P,400,500,1,1
1704210300000,20240110,4540000,C,175100,180200,1,1
1704210300000,20240110,4540000,P,1500,1600,1,1
1704210300000,20240110,4860000,C,600,700,1,1
1704210300000,20240110,4860000,P,147400,152700,1,1
1704210300000,20240110,4110000,C,603200,608500,1,1
1704210300000,20240110,4110000,P,300,400,1,1
1704210300000,20240110,4430000,C,284200,289300,1,1
1704210300000,20240110,4430000,P,700,800,1,1
1704210300000,20240110,4750000,C,14700,14800,1,1
1704210300000,20240110,4750000,P,48600,49400,1,1
1704210300000,20240110,4320000,C,393500,399000,1,1
1704210300000,20240110,4320000,P,500,600,1,1
1704210300000,20240110,4640000,C,83000,84400,1,1
1704210300000,20240110,4640000,P,7300,7400,1,1
1704210300000,20240110,4960000,C,100,200,1,1
1704210300000,20240110,4960000,P,247400,252900,1,1
1704210300000,20240110,4210000,C,503500,508700,1,1
1704210300000,20240110,4210000,P,400,500,1,1
1704210300000,20240110,4530000,C,184900,190000,1,1
1704210300000,20240110,4530000,P,1300,1400,1,1
1704210300000,20240110,4850000,C,800,900,1,1
1704210300000,20240110,4850000,P,137400,142700,1,1
1704210300000,20240110,4100000,C,613200,618500,1,1
1704210300000,20240110,4100000,P,300,400,1,1
1704210300000,20240110,4420000,C,293800,299300,1,1
1704210300000,20240110,4420000,P,700,800,1,1
1704210300000,20240110,4740000,C,18300,18500,1,1
1704210300000,20240110,4740000,P,42100,42500,1,1
1704210300000,20240110,4310000,C,403500,409000,1,1
1704210300000,20240110,4310000,P,500,600,1,1
1704210300000,20240110,4950000,C,100,200,1,1
1704210300000,20240110,4950000,P,237400,242700,1,1
1704210300000,20240110,4630000,C,91700,93100,1,1
1704210300000,20240110,4630000,P,6000,6100,1,1
1704210300000,20240110,4200000,C,513200,518700,1,1
1704210300000,20240110,4200000,P,400,500,1,1
1704210300000,20240110,4520000,C,194700,199900,1,1
1704210300000,20240110,4520000,P,1200,1300,1,1
1704210300000,20240110,4840000,C,1100,1200,1,1
1704210300000,20240110,4840000,P,127400,132700,1,1
1704210300000,20240110,4090000,C,623100,628400,1,1
1704210300000,20240110,4090000,P,300,400,1,1
1704210300000,20240110,4410000,C,303800,309300,1,1
1704210300000,20240110,4410000,P,600,700,1,1
1704210300000,20240110,4730000,C,22500,22700,1,1
1704210300000,20240110,4730000,P,36300,36500,1,1
1704210300000,20240110,5050000,P,337400,342900,1,1
1704210300000,20240110,4300000,C,413400,418900,1,1
1704210300000,20240110,4300000,P,500,600,1,1
1704210300000,20240110,4940000,C,100,200,1,1
1704210300000,20240110,4940000,P,227400,232700,1,1
1704210300000,20240110,4620000,C,100600,102200,1,1
1704210300000,20240110,4620000,P,5000,5100,1,1
1704210300000,20240110,4190000,C,523200,528700,1,1
1704210300000,20240110,4190000,P,400,500,1,1
1704210300000,20240110,4510000,C,204600,209800,1,1
1704210300000,20240110,4510000,P,1100,1200,1,1
1704210300000,20240110,4830000,C,1600,1700,1,1
1704210300000,20240110,4830000,P,117400,122600,1,1
1704210300000,20240110,5150000,P,437400,442500,1,1
1704210300000,20240110,5250000,P,537300,542500,1,1
1704210300000,20240110,4400000,C,313700,319200,1,1
1704210300000,20240110,4400000,P,600,700,1,1
1704210300000,20240110,4080000,C,632900,638400,1,1
1704210300000,20240110,4080000,P,300,400,1,1
1704210300000,20240110,4720000,C,27300,27500,1,1
1704210300000,20240110,4720000,P,31000,31200,1,1
1704210300000,20240110,4290000,C,423400,428900,1,1
1704210300000,20240110,4290000,P,400,500,1,1
1704210300000,20240110,4930000,C,100,200,1,1
1704210300000,20240110,4930000,P,217400,222700,1,1
1704210300000,20240110,4610000,C,109700,111400,1,1
1704210300000,20240110,4610000,P,4200,4300,1,1
1704210300000,20240110,5350000,P,637300,642800,1,1
1704210300000,20240110,4500000,C,214500,219700,1,1
1704210300000,20240110,4500000,P,1000,1100,1,1
1704210300000,20240110,4180000,C,533100,538600,1,1
1704210300000,20240110,4180000,P,400,500,1,1
1704210300000,20240110,4820000,C,2100,2200,1,1
1704210300000,20240110,4820000,P,107400,112700,1,1
1704210300000,20240110,4390000,C,323700,329200,1,1
1704210300000,20240110,4390000,P,600,700,1,1
1704210300000,20240110,4070000,C,642900,648400,1,1
1704210300000,20240110,4070000,P,300,400,1,1
1704210300000,20240110,4710000,C,32700,32800,1,1
1704210300000,20240110,4710000,P,26300,26500,1,1
1704210300000,20240110,5450000,P,737300,742400,1,1
1704210300000,20240110,4280000,C,433400,438900,1,1
1704210300000,20240110,4280000,P,400,500,1,1
1704210300000,20240110,4600000,C,119000,120700,1,1
1704210300000,20240110,4600000,P,3500,3600,1,1
1704210300000,20240110,4920000,C,100,200,1,1
1704210300000,20240110,4920000,P,207400,212300,1,1
1704210300000,20240110,4170000,C,543100,548600,1,1
1704210300000,20240110,4170000,P,300,400,1,1
1704210300000,20240110,4490000,C,224400,229700,1,1
1704210300000,20240110,4490000,P,1000,1100,1,1
1704210300000,20240110,4810000,C,2900,3000,1,1
1704210300000,20240110,4810000,P,97500,102700,1,1
1704210300000,20240110,4380000,C,333700,339100,1,1
1704210300000,20240110,4380000,P,600,700,1,1
1704210300000,20240110,4060000,C,652900,658400,1,1
1704210300000,20240110,4060000,P,200,300,1,1
1704210300000,20240110,4700000,C,38600,38800,1,1
1704210300000,20240110,4700000,P,22200,22300,1,1
1704210300000,20240110,4270000,C,443300,448900,1,1
1704210300000,20240110,4270000,P,400,500,1,1
1704210300000,20240110,4910000,C,200,300,1,1
1704210300000,20240110,4910000,P,197400,202700,1,1
1704210300000,20240110,4590000,C,126800,131500,1,1
1704210300000,20240110,4590000,P,3000,3100,1,1
1704210300000,20240111,4160000,C,556200,561400,1,1
1704210300000,20240111,4160000,P,400,500,1,1
1704210300000,20240111,4480000,C,237500,242900,1,1
1704210300000,20240111,4480000,P,1400,1500,1,1
1704210300000,20240111,4800000,C,6500,6600,1,1
1704210300000,20240111,4800000,P,89100,91300,1,1
1704210300000,20240111,4370000,C,346700,352100,1,1
1704210300000,20240111,4370000,P,800,900,1,1
1704210300000,20240111,4690000,C,51100,51400,1,1
1704210300000,20240111,4690000,P,21900,22100,1,1
1704210300000,20240111,4260000,C,456200,461700,1,1
1704210300000,20240111,4260000,P,500,600,1,1
1704210300000,20240111,4580000,C,140700,145400,1,1
1704210300000,20240111,4580000,P,3900,4000,1,1
1704210300000,20240111,4900000,C,400,500,1,1
1704210300000,20240111,4900000,P,187400,192700,1,1
1704210300000,20240111,4150000,C,565800,571300,1,1
1704210300000,20240111,4150000,P,400,500,1,1
1704210300000,20240111,4470000,C,247400,252800,1,1
1704210300000,20240111,4470000,P,1300,1400,1,1
1704210300000,20240111,4790000,C,8300,8400,1,1
1704210300000,20240111,4790000,P,80800,82400,1,1
1704210300000,20240111,4360000,C,356900,362100,1,1
1704210300000,20240111,4360000,P,800,900,1,1
1704210300000,20240111,4680000,C,57900,58400,1,1
1704210300000,20240111,4680000,P,18700,18900,1,1
1704210300000,20240111,5000000,C,100,200,1,1
1704210300000,20240111,5000000,P,287400,292900,1,1
1704210300000,20240111,4250000,C,466600,471700,1,1
1704210300000,20240111,4250000,P,500,600,1,1
1704210300000,20240111,4570000,C,150200,154900,1,1
1704210300000,20240111,4570000,P,3400,3500,1,1
1704210300000,20240111,4890000,C,500,600,1,1
1704210300000,20240111,4890000,P,177500,182700,1,1
1704210300000,20240111,4140000,C,575800,581300,1,1
1704210300000,20240111,4140000,P,400,500,1,1
1704210300000,20240111,4460000,C,257600,262700,1,1
1704210300000,20240111,4460000,P,1200,1300,1,1
1704210300000,20240111,4780000,C,10400,10600,1,1
1704210300000,20240111,4780000,P,72900,73900,1,1
1704210300000,20240111,5100000,P,387400,392800,1,1
1704210300000,20240111,4350000,C,366600,372000,1,1
1704210300000,20240111,4350000,P,700,800,1,1
1704210300000,20240111,4670000,C,64800,65800,1,1
1704210300000,20240111,4670000,P,16000,16100,1,1
1704210300000,20240111,4990000,C,100,200,1,1
1704210300000,20240111,4990000,P,277400,282700,1,1
1704210300000,20240111,4240000,C,476100,481600,1,1
1704210300000,20240111,4240000,P,500,600,1,1
1704210300000,20240111,4560000,C,159700,164500,1,1
1704210300000,20240111,4560000,P,3000,3100,1,1
1704210300000,20240111,4880000,C,700,800,1,1
1704210300000,20240111,4880000,P,167400,172700,1,1
1704210300000,20240111,5200000,P,487300,492800,1,1
1704210300000,20240111,4130000,C,585800,591300,1,1
1704210300000,20240111,4130000,P,400,500,1,1
1704210300000,20240111,4450000,C,267200,272600,1,1
1704210300000,20240111,4450000,P,1200,1300,1,1
1704210300000,20240111,4770000,C,13000,13200,1,1
1704210300000,20240111,4770000,P,65100,66200,1,1
1704210300000,20240111,4340000,C,376900,382000,1,1
1704210300000,20240111,4340000,P,700,800,1,1
1704210300000,20240111,4660000,C,72500,73500,1,1
1704210300000,20240111,4660000,P,13600,13700,1,1
1704210300000,20240111,4980000,C,100,200,1,1
1704210300000,20240111,4980000,P,267400,272700,1,1
1704210300000,20240111,5300000,P,587300,592800,1,1
1704210300000,20240111,4230000,C,486100,491600,1,1
1704210300000,20240111,4230000,P,500,600,1,1
1704210300000,20240111,4550000,C,169400,174100,1,1
1704210300000,20240111,4550000,P,2600,2700,1,1
1704210300000,20240111,4870000,C,900,1000,1,1
1704210300000,20240111,4870000,P,157400,162300,1,1
1704210300000,20240111,4120000,C,595900,601300,1,1
1704210300000,20240111,4120000,P,400,500,1,1
1704210300000,20240111,4440000,C,277100,282500,1,1
1704210300000,20240111,4440000,P,1100,1200,1,1
1704210300000,20240111,4760000,C,16000,16200,1,1
1704210300000,20240111,4760000,P,57800,58800,1,1
1704210300000,20240111,5400000,P,687300,692600,1,1
1704210300000,20240111,4330000,C,386500,392000,1,1
1704210300000,20240111,4330000,P,700,800,1,1
1704210300000,20240111,4650000,C,80700,81600,1,1
1704210300000,20240111,4650000,P,11600,11700,1,1
1704210300000,20240111,4970000,C,100,200,1,1
1704210300000,20240111,4970000,P,257400,262900,1,1
1704210300000,20240111,4220000,C,496100,501600,1,1
1704210300000,20240111,4220000,P,500,600,1,1
1704210300000,20240111,4540000,C,179200,183900,1,1
1704210300000,20240111,4540000,P,2400,2500,1,1
1704210300000,20240111,4860000,C,1200,1300,1,1
1704210300000,20240111,4860000,P,147400,152700,1,1
1704210300000,20240111,4110000,C,605700,611200,1,1
1704210300000,20240111,4110000,P,400,500,1,1
1704210300000,20240111,4430000,C,287000,292500,1,1
1704210300000,20240111,4430000,P,1000,1100,1,1
1704210300000,20240111,4750000,C,19500,19700,1,1
1704210300000,20240111,4750000,P,51200,51600,1,1
1704210300000,20240111,4320000,C,396800,401900,1,1
1704210300000,20240111,4320000,P,700,800,1,1
1704210300000,20240111,4640000,C,88600,89900,1,1
1704210300000,20240111,4640000,P,9800,10000,1,1
1704210300000,20240111,4960000,C,100,200,1,1
1704210300000,20240111,4960000,P,247400,252900,1,1
1704210300000,20240111,4210000,C,506600,511500,1,1
1704210300000,20240111,4210000,P,500,600,1,1
1704210300000,20240111,4530000,C,188600,193600,1,1
1704210300000,20240111,4530000,P,2100,2200,1,1
1704210300000,20240111,4850000,C,1700,1800,1,1
1704210300000,20240111,4850000,P,137400,142400,1,1
1704210300000,20240111,4100000,C,615700,621200,1,1
1704210300000,20240111,4100000,P,400,500,1,1
1704210300000,20240111,4420000,C,297000,302400,1,1
1704210300000,20240111,4420000,P,1000,1100,1,1
1704210300000,20240111,4740000,C,23500,23700,1,1
1704210300000,20240111,4740000,P,45000,45500,1,1
1704210300000,20240111,4310000,C,407000,411900,1,1
1704210300000,20240111,4310000,P,600,700,1,1
1704210300000,20240111,4630000,C,97100,98500,1,1
1704210300000,20240111,4630000,P,8400,8500,1,1
1704210300000,20240111,4950000,C,100,200,1,1
1704210300000,20240111,4950000,P,237400,242700,1,1
1704210300000,20240111,4200000,C,516000,521500,1,1
1704210300000,20240111,4200000,P,500,600,1,1
1704210300000,20240111,4520000,C,198300,203400,1,1
1704210300000,20240111,4520000,P,1900,2000,1,1
1704210300000,20240111,4840000,C,2200,2300,1,1
1704210300000,20240111,4840000,P,127400,132700,1,1
1704210300000,20240111,4090000,C,625600,631200,1,1
1704210300000,20240111,4090000,P,400,500,1,1
1704210300000,20240111,4410000,C,306900,312300,1,1
1704210300000,20240111,4410000,P,900,1000,1,1
1704210300000,20240111,4730000,C,28000,28200,1,1
1704210300000,20240111,4730000,P,39400,39600,1,1
1704210300000,20240111,5050000,C,100,200,1,1
1704210300000,20240111,5050000,P,337400,342900,1,1
1704210300000,20240111,4300000,C,416300,421800,1,1
1704210300000,20240111,4300000,P,600,700,1,1
1704210300000,20240111,4620000,C,105800,107300,1,1
1704210300000,20240111,4620000,P,7100,7300,1,1
1704210300000,20240111,4940000,C,200,300,1,1
1704210300000,20240111,4940000,P,227400,232700,1,1
1704210300000,20240111,4190000,C,526000,531500,1,1
1704210300000,20240111,4190000,P,500,600,1,1
1704210300000,20240111,4510000,C,208600,213300,1,1
1704210300000,20240111,4510000,P,1800,1900,1,1
1704210300000,20240111,4830000,C,3000,3100,1,1
1704210300000,20240111,4830000,P,117400,122700,1,1
1704210300000,20240111,5150000,P,437400,442500,1,1
1704210300000,20240111,5250000,P,537300,542800,1,1
1704210300000,20240111,4080000,C,635600,641100,1,1
1704210300000,20240111,4080000,P,400,500,1,1
1704210300000,20240111,4400000,C,317100,322300,1,1
1704210300000,20240111,4400000,P,900,1000,1,1
1704210300000,20240111,4720000,C,33100,33300,1,1
1704210300000,20240111,4720000,P,34200,34400,1,1
1704210300000,20240111,4290000,C,426600,431800,1,1
1704210300000,20240111,4290000,P,600,700,1,1
1704210300000,20240111,4930000,C,200,300,1,1
1704210300000,20240111,4930000,P,217400,222700,1,1
1704210300000,20240111,4610000,C,114700,116300,1,1
1704210300000,20240111,4610000,P,6100,6200,1,1
1704210300000,20240111,5350000,P,637300,642800,1,1
1704210300000,20240111,4180000,C,535900,541400,1,1
1704210300000,20240111,4180000,P,500,600,1,1
1704210300000,20240111,4500000,C,218300,223100,1,1
1704210300000,20240111,4500000,P,1600,1700,1,1
1704210300000,20240111,4820000,C,3900,4000,1,1
1704210300000,20240111,4820000,P,107400,112700,1,1
1704210300000,20240111,4390000,C,326800,332200,1,1
1704210300000,20240111,4390000,P,900,1000,1,1
1704210300000,20240111,4070000,C,645600,651100,1,1
1704210300000,20240111,4070000,P,400,500,1,1
1704210300000,20240111,4710000,C,38600,38800,1,1
1704210300000,20240111,4710000,P,29600,29800,1,1
1704210300000,20240111,5450000,P,737300,742800,1,1
1704210300000,20240111,4280000,C,436300,441800,1,1
1704210300000,20240111,4280000,P,600,700,1,1
1704210300000,20240111,4600000,C,123800,125500,1,1
1704210300000,20240111,4600000,P,5200,5400,1,1
1704210300000,20240111,4920000,C,200,300,1,1
1704210300000,20240111,4920000,P,207400,212500,1,1
1704210300000,20240111,4170000,C,545900,551400,1,1
1704210300000,20240111,4170000,P,400,500,1,1
1704210300000,20240111,4490000,C,227800,233000,1,1
1704210300000,20240111,4490000,P,1500,1600,1,1
1704210300000,20240111,4810000,C,5100,5200,1,1
1704210300000,20240111,4810000,P,99200,101000,1,1
1704210300000,20240111,4380000,C,337000,342200,1,1
1704210300000,20240111,4380000,P,800,900,1,1
1704210300000,20240111,4060000,C,655500,661100,1,1
1704210300000,20240111,4060000,P,300,400,1,1
1704210300000,20240111,4700000,C,44600,44800,1,1
1704210300000,20240111,4700000,P,25500,25700,1,1
1704210300000,20240111,4270000,C,446200,451700,1,1
1704210300000,20240111,4270000,P,600,700,1,1
1704210300000,20240111,4910000,C,300,400,1,1
1704210300000,20240111,4910000,P,197400,202400,1,1
1704210300000,20240111,4590000,C,133100,134800,1,1
1704210300000,20240111,4590000,P,4500,4600,1,1
1704210300000,20240112,4480000,C,238800,244100,1,1
1704210300000,20240112,4480000,P,1800,1900,1,1
1704210300000,20240112,4800000,C,7900,8000,1,1
1704210300000,20240112,4800000,P,90500,92100,1,1
1704210300000,20240112,4475000,C,243800,249100,1,1
1704210300000,20240112,4475000,P,1800,1900,1,1
1704210300000,20240112,4370000,C,347500,353200,1,1
1704210300000,20240112,4370000,P,1000,1100,1,1
1704210300000,20240112,4050000,C,666800,671900,1,1
1704210300000,20240112,4050000,P,500,600,1,1
1704210300000,20240112,4690000,C,53900,54200,1,1
1704210300000,20240112,4690000,P,24000,24100,1,1
1704210300000,20240112,4580000,C,144300,145900,1,1
1704210300000,20240112,4580000,P,5100,5200,1,1
1704210300000,20240112,4900000,C,600,700,1,1
1704210300000,20240112,4900000,P,187300,192500,1,1
1704210300000,20240112,4575000,C,148900,150600,1,1
1704210300000,20240112,4575000,P,4700,4800,1,1
1704210300000,20240112,4150000,C,566500,572200,1,1
1704210300000,20240112,4150000,P,600,700,1,1
1704210300000,20240112,4470000,C,248500,254000,1,1
1704210300000,20240112,4470000,P,1700,1800,1,1
1704210300000,20240112,4790000,C,9900,10000,1,1
1704210300000,20240112,4790000,P,81900,83400,1,1
1704210300000,20240112,4360000,C,357400,363100,1,1
1704210300000,20240112,4360000,P,1000,1100,1,1
1704210300000,20240112,5000000,C,100,200,1,1
1704210300000,20240112,5000000,P,287300,293000,1,1
1704210300000,20240112,4680000,C,60700,61200,1,1
1704210300000,20240112,4680000,P,20800,20900,1,1
1704210300000,20240112,4675000,C,64300,64800,1,1
1704210300000,20240112,4675000,P,19300,19500,1,1
1704210300000,20240112,4250000,C,467500,472600,1,1
1704210300000,20240112,4250000,P,700,800,1,1
1704210300000,20240112,4570000,C,151900,156700,1,1
1704210300000,20240112,4570000,P,4500,4600,1,1
1704210300000,20240112,4890000,C,800,900,1,1
1704210300000,20240112,4890000,P,177300,182500,1,1
1704210300000,20240112,3500000,C,1214600,1220400,1,1
1704210300000,20240112,3500000,P,100,200,1,1
1704210300000,20240112,4460000,C,258300,263900,1,1
1704210300000,20240112,4460000,P,1600,1700,1,1
1704210300000,20240112,4780000,C,12200,12400,1,1
1704210300000,20240112,4780000,P,73900,75100,1,1
1704210300000,20240112,5100000,P,387300,392900,1,1
1704210300000,20240112,4350000,C,367400,373000,1,1
1704210300000,20240112,4350000,P,1000,1100,1,1
1704210300000,20240112,4670000,C,67600,68500,1,1
1704210300000,20240112,4670000,P,18000,18100,1,1
1704210300000,20240112,4990000,C,100,200,1,1
1704210300000,20240112,4990000,P,277300,283000,1,1
1704210300000,20240112,3600000,C,1114800,1120600,1,1
1704210300000,20240112,3600000,P,100,200,1,1
1704210300000,20240112,4560000,C,161700,166200,1,1
1704210300000,20240112,4560000,P,3900,4000,1,1
1704210300000,20240112,5200000,P,487300,492400,1,1
1704210300000,20240112,4880000,C,1000,1100,1,1
1704210300000,20240112,4880000,P,167400,172500,1,1
1704210300000,20240112,4875000,C,1200,1300,1,1
1704210300000,20240112,4875000,P,162400,167500,1,1
1704210300000,20240112,4450000,C,268200,273800,1,1
1704210300000,20240112,4450000,P,1500,1600,1,1
1704210300000,20240112,4770000,C,15000,15100,1,1
1704210300000,20240112,4770000,P,66300,67400,1,1
1704210300000,20240112,3700000,C,1015100,1020900,1,1
1704210300000,20240112,3700000,P,100,200,1,1
1704210300000,20240112,4340000,C,377800,383000,1,1
1704210300000,20240112,4340000,P,900,1000,1,1
1704210300000,20240112,4660000,C,75200,76200,1,1
1704210300000,20240112,4660000,P,15600,15700,1,1
1704210300000,20240112,4980000,C,100,200,1,1
1704210300000,20240112,4980000,P,267300,273000,1,1
1704210300000,20240112,5300000,P,587200,592900,1,1
1704210300000,20240112,4550000,C,171100,175800,1,1
1704210300000,20240112,4550000,P,3500,3600,1,1
1704210300000,20240112,4870000,C,1300,1400,1,1
1704210300000,20240112,4870000,P,157300,162500,1,1
1704210300000,20240112,3800000,C,915400,921200,1,1
1704210300000,20240112,3800000,P,200,300,1,1
1704210300000,20240112,4440000,C,278100,283700,1,1
1704210300000,20240112,4440000,P,1400,1500,1,1
1704210300000,20240112,4760000,C,18200,18300,1,1
1704210300000,20240112,4760000,P,59200,60100,1,1
1704210300000,20240112,5400000,P,687300,692900,1,1
1704210300000,20240112,4330000,C,387300,392900,1,1
1704210300000,20240112,4330000,P,900,1000,1,1
1704210300000,20240112,4650000,C,83000,84100,1,1
1704210300000,20240112,4650000,P,13500,13600,1,1
1704210300000,20240112,4970000,C,200,300,1,1
1704210300000,20240112,4970000,P,257300,262400,1,1
1704210300000,20240112,3900000,C,816000,821500,1,1
1704210300000,20240112,3900000,P,300,400,1,1
1704210300000,20240112,4540000,C,180400,185400,1,1
1704210300000,20240112,4540000,P,3100,3200,1,1
1704210300000,20240112,4860000,C,1800,1900,1,1
1704210300000,20240112,4860000,P,147300,152500,1,1
1704210300000,20240112,4430000,C,288000,293600,1,1
1704210300000,20240112,4430000,P,1300,1400,1,1
1704210300000,20240112,4750000,C,21900,22000,1,1
1704210300000,20240112,4750000,P,52700,53200,1,1
1704210300000,20240112,4425000,C,293200,298500,1,1
1704210300000,20240112,4425000,P,1300,1400,1,1
1704210300000,20240112,4320000,C,397200,402900,1,1
1704210300000,20240112,4320000,P,900,1000,1,1
1704210300000,20240112,4000000,C,716000,721800,1,1
1704210300000,20240112,4000000,P,400,500,1,1
1704210300000,20240112,4640000,C,91100,92400,1,1
1704210300000,20240112,4640000,P,11600,11800,1,1
1704210300000,20240112,4960000,C,200,300,1,1
1704210300000,20240112,4960000,P,247300,252700,1,1
1704210300000,20240112,4530000,C,190000,195100,1,1
1704210300000,20240112,4530000,P,2800,2900,1,1
1704210300000,20240112,4850000,C,2300,2400,1,1
1704210300000,20240112,4850000,P,137300,142500,1,1
1704210300000,20240112,4525000,C,194800,200000,1,1
1704210300000,20240112,4525000,P,2700,2800,1,1
1704210300000,20240112,4100000,C,616400,622100,1,1
1704210300000,20240112,4100000,P,500,600,1,1
1704210300000,20240112,4420000,C,297900,303500,1,1
1704210300000,20240112,4420000,P,1300,1400,1,1
1704210300000,20240112,4740000,C,26000,26200,1,1
1704210300000,20240112,4740000,P,46700,46900,1,1
1704210300000,20240112,4310000,C,407200,412900,1,1
1704210300000,20240112,4310000,P,800,900,1,1
1704210300000,20240112,4950000,C,200,300,1,1
1704210300000,20240112,4950000,P,237300,242800,1,1
1704210300000,20240112,4630000,C,99500,100900,1,1
1704210300000,20240112,4630000,P,10100,10200,1,1
1704210300000,20240112,4625000,C,103800,105200,1,1
1704210300000,20240112,4625000,P,9400,9500,1,1
1704210300000,20240112,4200000,C,516700,522400,1,1
1704210300000,20240112,4200000,P,600,700,1,1
1704210300000,20240112,4520000,C,199700,204900,1,1
1704210300000,20240112,4520000,P,2500,2600,1,1
1704210300000,20240112,4840000,C,3000,3100,1,1
1704210300000,20240112,4840000,P,127400,132500,1,1
1704210300000,20240112,4410000,C,308400,313400,1,1
1704210300000,20240112,4410000,P,1200,1300,1,1
1704210300000,20240112,5050000,C,100,200,1,1
1704210300000,20240112,5050000,P,337300,342900,1,1
1704210300000,20240112,4730000,C,30700,30900,1,1
1704210300000,20240112,4730000,P,41200,41400,1,1
1704210300000,20240112,4300000,C,417100,422800,1,1
1704210300000,20240112,4300000,P,800,900,1,1
1704210300000,20240112,4620000,C,108100,109500,1,1
1704210300000,20240112,4620000,P,8700,8800,1,1
1704210300000,20240112,4940000,C,200,300,1,1
1704210300000,20240112,4940000,P,227300,232800,1,1
1704210300000,20240112,3550000,C,1164700,1170500,1,1
1704210300000,20240112,3550000,P,100,200,1,1
1704210300000,20240112,4510000,C,209700,214600,1,1
1704210300000,20240112,4510000,P,2300,2400,1,1
1704210300000,20240112,5150000,P,437300,442400,1,1
1704210300000,20240112,4830000,C,3900,4000,1,1
1704210300000,20240112,4830000,P,117300,122800,1,1
1704210300000,20240112,5250000,P,537200,542700,1,1
1704210300000,20240112,4400000,C,317700,323400,1,1
1704210300000,20240112,4400000,P,1200,1300,1,1
1704210300000,20240112,4720000,C,35800,36000,1,1
1704210300000,20240112,4720000,P,36200,36400,1,1
1704210300000,20240112,3650000,C,1065000,1070800,1,1
1704210300000,20240112,3650000,P,100,200,1,1
1704210300000,20240112,4610000,C,116900,118400,1,1
1704210300000,20240112,4610000,P,7600,7700,1,1
1704210300000,20240112,4930000,C,300,400,1,1
1704210300000,20240112,4930000,P,217300,222800,1,1
1704210300000,20240112,5350000,P,637200,642500,1,1
1704210300000,20240112,4500000,C,219500,224400,1,1
1704210300000,20240112,4500000,P,2100,2200,1,1
1704210300000,20240112,4820000,C,5000,5100,1,1
1704210300000,20240112,4820000,P,109100,111000,1,1
1704210300000,20240112,3750000,C,965300,971000,1,1
1704210300000,20240112,3750000,P,200,300,1,1
1704210300000,20240112,4390000,C,327700,333300,1,1
1704210300000,20240112,4390000,P,1100,1200,1,1
1704210300000,20240112,4710000,C,41400,41600,1,1
1704210300000,20240112,4710000,P,31600,31800,1,1
1704210300000,20240112,5450000,P,737300,742600,1,1
1704210300000,20240112,4600000,C,125900,127500,1,1
1704210300000,20240112,4600000,P,6600,6700,1,1
1704210300000,20240112,4920000,C,400,500,1,1
1704210300000,20240112,4920000,P,207300,212500,1,1
1704210300000,20240112,3850000,C,866100,871300,1,1
1704210300000,20240112,3850000,P,200,300,1,1
1704210300000,20240112,4490000,C,229300,234300,1,1
1704210300000,20240112,4490000,P,2000,2100,1,1
1704210300000,20240112,4810000,C,6300,6400,1,1
1704210300000,20240112,4810000,P,99500,101300,1,1
1704210300000,20240112,4380000,C,337800,343200,1,1
1704210300000,20240112,4380000,P,1100,1200,1,1
1704210300000,20240112,4700000,C,47400,47700,1,1
1704210300000,20240112,4700000,P,27600,27700,1,1
1704210300000,20240112,3950000,C,766100,771600,1,1
1704210300000,20240112,3950000,P,300,400,1,1
1704210300000,20240112,4590000,C,135000,136600,1,1
1704210300000,20240112,4590000,P,5800,5900,1,1
1704210300000,20240112,4910000,C,500,600,1,1
1704210300000,20240112,4910000,P,197300,202400,1,1
1704210300000,20240116,4800000,C,9900,10000,1,1
1704210300000,20240116,4800000,P,89900,94300,1,1
1704210300000,20240116,4690000,C,57000,57700,1,1
1704210300000,20240116,4690000,P,26600,26800,1,1
1704210300000,20240116,4900000,C,900,1000,1,1
1704210300000,20240116,4900000,P,187300,193000,1,1
1704210300000,20240116,4790000,C,12100,12200,1,1
1704210300000,20240116,4790000,P,81700,85800,1,1
1704210300000,20240116,4680000,C,63800,64600,1,1
1704210300000,20240116,4680000,P,23400,23600,1,1
1704210300000,20240116,5000000,C,200,300,1,1
1704210300000,20240116,5000000,P,287300,293000,1,1
1704210300000,20240116,4780000,C,14600,14800,1,1
1704210300000,20240116,4780000,P,75300,76500,1,1
1704210300000,20240116,4670000,C,70100,71800,1,1
1704210300000,20240116,4670000,P,20500,20700,1,1
1704210300000,20240116,4770000,C,17600,17800,1,1
1704210300000,20240116,4770000,P,68000,69000,1,1
1704210300000,20240116,4660000,C,78500,79400,1,1
1704210300000,20240116,4660000,P,18000,18200,1,1
1704210300000,20240116,4760000,C,21000,21200,1,1
1704210300000,20240116,4760000,P,59900,63100,1,1
1704210300000,20240116,4650000,C,86200,87200,1,1
1704210300000,20240116,4650000,P,15800,16000,1,1
1704210300000,20240116,4750000,C,24800,25100,1,1
1704210300000,20240116,4750000,P,54800,55300,1,1
1704210300000,20240116,4640000,C,94400,95400,1,1
1704210300000,20240116,4640000,P,13900,14100,1,1
1704210300000,20240116,4740000,C,29100,29400,1,1
1704210300000,20240116,4740000,P,47800,50500,1,1
1704210300000,20240116,4630000,C,101400,104800,1,1
1704210300000,20240116,4630000,P,12200,12400,1,1
1704210300000,20240116,4730000,C,33900,34100,1,1
1704210300000,20240116,4730000,P,43600,43800,1,1
1704210300000,20240116,4830000,C,5200,5300,1,1
1704210300000,20240116,4830000,P,117400,122500,1,1
1704210300000,20240116,4720000,C,39100,39400,1,1
1704210300000,20240116,4720000,P,38600,38900,1,1
1704210300000,20240116,4500000,C,220600,225900,1,1
1704210300000,20240116,4500000,P,3000,3100,1,1
1704210300000,20240116,4820000,C,6500,6600,1,1
1704210300000,20240116,4820000,P,107600,112600,1,1
1704210300000,20240116,4710000,C,44800,45000,1,1
1704210300000,20240116,4710000,P,34200,34400,1,1
1704210300000,20240116,4600000,C,127200,131100,1,1
1704210300000,20240116,4600000,P,8400,8500,1,1
1704210300000,20240116,4810000,C,8000,8200,1,1
1704210300000,20240116,4810000,P,98600,103200,1,1
1704210300000,20240116,4700000,C,50700,51100,1,1
1704210300000,20240116,4700000,P,30200,30400,1,1
1704210300000,20240119,3200000,C,1517400,1522900,1,1
1704210300000,20240119,3200000,P,100,200,1,1
1704210300000,20240119,3840000,C,880000,885300,1,1
1704210300000,20240119,3840000,P,500,600,1,1
1704210300000,20240119,4480000,C,245700,250500,1,1
1704210300000,20240119,4480000,P,4000,4100,1,1
1704210300000,20240119,6400000,P,1686900,1692900,1,1
1704210300000,20240119,4050000,C,671000,676300,1,1
1704210300000,20240119,4050000,P,900,1000,1,1
1704210300000,20240119,4690000,C,65200,65500,1,1
1704210300000,20240119,4690000,P,31100,31300,1,1
1704210300000,20240119,5750000,P,1037100,1042500,1,1
1704210300000,20240119,3620000,C,1099000,1104400,1,1
1704210300000,20240119,3620000,P,300,400,1,1
1704210300000,20240119,4260000,C,462200,467500,1,1
1704210300000,20240119,4260000,P,1500,1600,1,1
1704210300000,20240119,4900000,C,2000,2100,1,1
1704210300000,20240119,4900000,P,187400,192500,1,1
1704210300000,20240119,2550000,C,2164800,2170900,1,1
1704210300000,20240119,3830000,C,889900,895200,1,1
1704210300000,20240119,3830000,P,500,600,1,1
1704210300000,20240119,4470000,C,255400,260200,1,1
1704210300000,20240119,4470000,P,3800,3900,1,1
1704210300000,20240119,3400000,C,1318200,1323600,1,1
1704210300000,20240119,3400000,P,100,200,1,1
1704210300000,20240119,4040000,C,680900,686200,1,1
1704210300000,20240119,4040000,P,800,900,1,1
1704210300000,20240119,4680000,C,71900,72500,1,1
1704210300000,20240119,4680000,P,27900,28000,1,1
1704210300000,20240119,6600000,P,1886900,1892900,1,1
1704210300000,20240119,3610000,C,1109000,1114400,1,1
1704210300000,20240119,3610000,P,300,400,1,1
1704210300000,20240119,4250000,C,472300,477400,1,1
1704210300000,20240119,4250000,P,1400,1500,1,1
1704210300000,20240119,4890000,C,2500,2600,1,1
1704210300000,20240119,4890000,P,177300,182400,1,1
1704210300000,20240119,5950000,P,1237100,1242400,1,1
1704210300000,20240119,1900000,C,2813100,2819000,1,1
1704210300000,20240119,3820000,C,899900,905200,1,1
1704210300000,20240119,3820000,P,500,600,1,1
1704210300000,20240119,4460000,C,265100,270000,1,1
1704210300000,20240119,4460000,P,3500,3600,1,1
1704210300000,20240119,5100000,C,200,300,1,1
1704210300000,20240119,5100000,P,387300,392500,1,1
1704210300000,20240119,2750000,C,1965500,1971500,1,1
1704210300000,20240119,4030000,C,690900,696200,1,1
1704210300000,20240119,4030000,P,800,900,1,1
1704210300000,20240119,4670000,C,79200,79700,1,1
1704210300000,20240119,4670000,P,25000,25100,1,1
1704210300000,20240119,3600000,C,1119000,1124300,1,1
1704210300000,20240119,3600000,P,300,400,1,1
1704210300000,20240119,4240000,C,482100,487300,1,1
1704210300000,20240119,4240000,P,1400,1500,1,1
1704210300000,20240119,4880000,C,3100,3200,1,1
1704210300000,20240119,4880000,P,167300,172500,1,1
1704210300000,20240119,6800000,P,2086800,2092900,1,1
1704210300000,20240119,3810000,C,909800,915200,1,1
1704210300000,20240119,3810000,P,500,600,1,1
1704210300000,20240119,4450000,C,274800,279700,1,1
1704210300000,20240119,4450000,P,3300,3400,1,1
1704210300000,20240119,6150000,P,1437000,1442400,1,1
1704210300000,20240119,2100000,C,2613300,2619600,1,1
1704210300000,20240119,4020000,C,700800,706100,1,1
1704210300000,20240119,4020000,P,800,900,1,1
1704210300000,20240119,4660000,C,86300,87200,1,1
1704210300000,20240119,4660000,P,22400,22500,1,1
1704210300000,20240119,5300000,C,100,200,1,1
1704210300000,20240119,5300000,P,587300,592500,1,1
1704210300000,20240119,2950000,C,1766200,1772100,1,1
1704210300000,20240119,3590000,C,1128900,1134300,1,1
1704210300000,20240119,3590000,P,200,300,1,1
1704210300000,20240119,4230000,C,492000,497200,1,1
1704210300000,20240119,4230000,P,1400,1500,1,1
1704210300000,20240119,4870000,C,3800,3900,1,1
1704210300000,20240119,4870000,P,157300,162500,1,1
1704210300000,20240119,3800000,C,919800,925100,1,1
1704210300000,20240119,3800000,P,500,600,1,1
1704210300000,20240119,4440000,C,284600,289500,1,1
1704210300000,20240119,4440000,P,3100,3200,1,1
1704210300000,20240119,7000000,P,2286800,2292900,1,1
1704210300000,20240119,4010000,C,710800,716100,1,1
1704210300000,20240119,4010000,P,800,900,1,1
1704210300000,20240119,4650000,C,93500,95600,1,1
1704210300000,20240119,4650000,P,20100,20200,1,1
1704210300000,20240119,6350000,P,1637000,1642400,1,1
1704210300000,20240119,2300000,C,2414000,2420200,1,1
1704210300000,20240119,3580000,C,1138900,1144300,1,1
1704210300000,20240119,3580000,P,200,300,1,1
1704210300000,20240119,4220000,C,501900,507200,1,1
1704210300000,20240119,4220000,P,1300,1400,1,1
1704210300000,20240119,4860000,C,4700,4800,1,1
1704210300000,20240119,4860000,P,147300,152500,1,1
1704210300000,20240119,5500000,P,787200,792500,1,1
1704210300000,20240119,3150000,C,1567300,1572800,1,1
1704210300000,20240119,3790000,C,929800,935100,1,1
1704210300000,20240119,3790000,P,500,600,1,1
1704210300000,20240119,4430000,C,294300,299300,1,1
1704210300000,20240119,4430000,P,2900,3000,1,1
1704210300000,20240119,4000000,C,720700,726000,1,1
1704210300000,20240119,4000000,P,800,900,1,1
1704210300000,20240119,4640000,C,101900,103000,1,1
1704210300000,20240119,4640000,P,18000,18100,1,1
1704210300000,20240119,7200000,P,2486700,2492900,1,1
1704210300000,20240119,3570000,C,1148800,1154200,1,1
1704210300000,20240119,3570000,P,200,300,1,1
1704210300000,20240119,4210000,C,512000,517100,1,1
1704210300000,20240119,4210000,P,1300,1400,1,1
1704210300000,20240119,4850000,C,5800,5900,1,1
1704210300000,20240119,4850000,P,137400,142500,1,1
1704210300000,20240119,6550000,P,1836900,1842900,1,1
1704210300000,20240119,2500000,C,2214700,2220800,1,1
1704210300000,20240119,3780000,C,939800,945100,1,1
1704210300000,20240119,3780000,P,400,500,1,1
1704210300000,20240119,4420000,C,304100,309100,1,1
1704210300000,20240119,4420000,P,2800,2900,1,1
1704210300000,20240119,5700000,P,987100,992500,1,1
1704210300000,20240119,3350000,C,1368000,1373300,1,1
1704210300000,20240119,3350000,P,100,200,1,1
1704210300000,20240119,3990000,C,730700,736000,1,1
1704210300000,20240119,3990000,P,800,900,1,1
1704210300000,20240119,4630000,C,109500,111800,1,1
1704210300000,20240119,4630000,P,16200,16300,1,1
1704210300000,20240119,3560000,C,1158800,1164200,1,1
1704210300000,20240119,3560000,P,200,300,1,1
1704210300000,20240119,4200000,C,521900,527100,1,1
1704210300000,20240119,4200000,P,1200,1300,1,1
1704210300000,20240119,4840000,C,7000,7100,1,1
1704210300000,20240119,4840000,P,127400,132500,1,1
1704210300000,20240119,1850000,C,2862500,2868900,1,1
1704210300000,20240119,3770000,C,949700,955000,1,1
1704210300000,20240119,3770000,P,400,500,1,1
1704210300000,20240119,4410000,C,313900,319000,1,1
1704210300000,20240119,4410000,P,2600,2700,1,1
1704210300000,20240119,5050000,C,200,300,1,1
1704210300000,20240119,5050000,P,337300,342500,1,1
1704210300000,20240119,6750000,P,2036800,2042900,1,1
1704210300000,20240119,2700000,C,2015800,2021400,1,1
1704210300000,20240119,3980000,C,740600,745900,1,1
1704210300000,20240119,3980000,P,700,800,1,1
1704210300000,20240119,4620000,C,118400,119600,1,1
1704210300000,20240119,4620000,P,14600,14700,1,1
1704210300000,20240119,5900000,P,1187100,1192400,1,1
1704210300000,20240119,3550000,C,1168900,1174100,1,1
1704210300000,20240119,3550000,P,200,300,1,1
1704210300000,20240119,4190000,C,531700,537000,1,1
1704210300000,20240119,4190000,P,1200,1300,1,1
1704210300000,20240119,4830000,C,8400,8500,1,1
1704210300000,20240119,4830000,P,117600,122600,1,1
1704210300000,20240119,5250000,C,100,200,1,1
1704210300000,20240119,5250000,P,537200,542500,1,1
1704210300000,20240119,3760000,C,959600,965000,1,1
1704210300000,20240119,3760000,P,400,500,1,1
1704210300000,20240119,4400000,C,323800,328800,1,1
1704210300000,20240119,4400000,P,2500,2600,1,1
1704210300000,20240119,2050000,C,2663200,2669500,1,1
1704210300000,20240119,3970000,C,750700,755900,1,1
1704210300000,20240119,3970000,P,700,800,1,1
1704210300000,20240119,4610000,C,125700,128800,1,1
1704210300000,20240119,4610000,P,13100,13200,1,1
1704210300000,20240119,6950000,P,2236800,2242900,1,1
1704210300000,20240119,2900000,C,1816000,1822000,1,1
1704210300000,20240119,4180000,C,541700,546900,1,1
1704210300000,20240119,4180000,P,1200,1300,1,1
1704210300000,20240119,4820000,C,10200,10300,1,1
1704210300000,20240119,4820000,P,108700,113300,1,1
1704210300000,20240119,6100000,P,1387000,1392400,1,1
1704210300000,20240119,3750000,C,969600,974900,1,1
1704210300000,20240119,3750000,P,400,500,1,1
1704210300000,20240119,4390000,C,333600,338700,1,1
1704210300000,20240119,4390000,P,2400,2500,1,1
1704210300000,20240119,5450000,P,737200,742500,1,1
1704210300000,20240119,3960000,C,760700,765800,1,1
1704210300000,20240119,3960000,P,700,800,1,1
1704210300000,20240119,4600000,C,134400,137500,1,1
1704210300000,20240119,4600000,P,11800,11900,1,1
1704210300000,20240119,2250000,C,2464200,2470000,1,1
1704210300000,20240119,4170000,C,551600,556900,1,1
1704210300000,20240119,4170000,P,1200,1300,1,1
1704210300000,20240119,4810000,C,12200,12300,1,1
1704210300000,20240119,4810000,P,100100,104500,1,1
1704210300000,20240119,3100000,C,1617100,1622600,1,1
1704210300000,20240119,3740000,C,979500,984900,1,1
1704210300000,20240119,3740000,P,400,500,1,1
1704210300000,20240119,4380000,C,343600,348600,1,1
1704210300000,20240119,4380000,P,2300,2400,1,1
1704210300000,20240119,6300000,P,1587000,1592400,1,1
1704210300000,20240119,3950000,C,770500,775800,1,1
1704210300000,20240119,3950000,P,700,800,1,1
1704210300000,20240119,4590000,C,143100,146300,1,1
1704210300000,20240119,4590000,P,10700,10800,1,1
1704210300000,20240119,5650000,P,937100,942500,1,1
1704210300000,20240119,4160000,C,561600,566800,1,1
1704210300000,20240119,4160000,P,1100,1200,1,1
1704210300000,20240119,4800000,C,14500,14600,1,1
1704210300000,20240119,4800000,P,91900,96000,1,1
1704210300000,20240119,2450000,C,2265000,2270600,1,1
1704210300000,20240119,3730000,C,989500,994800,1,1
1704210300000,20240119,3730000,P,400,500,1,1
1704210300000,20240119,4370000,C,353300,358500,1,1
1704210300000,20240119,4370000,P,2200,2300,1,1
1704210300000,20240119,3300000,C,1417800,1423200,1,1
1704210300000,20240119,3300000,P,100,200,1,1
1704210300000,20240119,3940000,C,780400,785700,1,1
1704210300000,20240119,3940000,P,700,800,1,1
1704210300000,20240119,4580000,C,153300,154800,1,1
1704210300000,20240119,4580000,P,9600,9700,1,1
1704210300000,20240119,6500000,P,1786900,1792400,1,1
1704210300000,20240119,4150000,C,571600,576800,1,1
1704210300000,20240119,4150000,P,1100,1200,1,1
1704210300000,20240119,4790000,C,17200,17300,1,1
1704210300000,20240119,4790000,P,84100,88000,1,1
1704210300000,20240119,5850000,P,1137200,1142300,1,1
1704210300000,20240119,1800000,C,2913000,2918600,1,1
1704210300000,20240119,3720000,C,999400,1004800,1,1
1704210300000,20240119,3720000,P,400,500,1,1
1704210300000,20240119,4360000,C,363200,368300,1,1
1704210300000,20240119,4360000,P,2100,2200,1,1
1704210300000,20240119,5000000,C,400,500,1,1
1704210300000,20240119,5000000,P,287300,292500,1,1
1704210300000,20240119,2650000,C,2065200,2071200,1,1
1704210300000,20240119,3930000,C,790400,795700,1,1
1704210300000,20240119,3930000,P,700,800,1,1
1704210300000,20240119,4570000,C,162400,163900,1,1
1704210300000,20240119,4570000,P,8700,8800,1,1
1704210300000,20240119,3500000,C,1218600,1224000,1,1
1704210300000,20240119,3500000,P,200,300,1,1
1704210300000,20240119,4140000,C,581400,586700,1,1
1704210300000,20240119,4140000,P,1100,1200,1,1
1704210300000,20240119,4780000,C,20200,20300,1,1
1704210300000,20240119,4780000,P,77000,79700,1,1
1704210300000,20240119,6700000,P,1986900,1992900,1,1
1704210300000,20240119,3710000,C,1009400,1014800,1,1
1704210300000,20240119,3710000,P,400,500,1,1
1704210300000,20240119,4350000,C,373100,378200,1,1
1704210300000,20240119,4350000,P,2000,2100,1,1
1704210300000,20240119,4990000,C,300,400,1,1
1704210300000,20240119,4990000,P,277300,282500,1,1
1704210300000,20240119,6050000,P,1337000,1342400,1,1
1704210300000,20240119,2000000,C,2713000,2719300,1,1
1704210300000,20240119,3920000,C,800300,805700,1,1
1704210300000,20240119,3920000,P,600,700,1,1
1704210300000,20240119,4560000,C,171500,173100,1,1
1704210300000,20240119,4560000,P,7900,8000,1,1
1704210300000,20240119,5200000,C,100,200,1,1
1704210300000,20240119,5200000,P,487200,492500,1,1
1704210300000,20240119,2850000,C,1865800,1871800,1,1
1704210300000,20240119,4130000,C,591400,596700,1,1
1704210300000,20240119,4130000,P,1000,1100,1,1
1704210300000,20240119,4770000,C,23600,23700,1,1
1704210300000,20240119,4770000,P,69900,72900,1,1
1704210300000,20240119,3700000,C,1019500,1024700,1,1
1704210300000,20240119,3700000,P,300,400,1,1
1704210300000,20240119,4340000,C,383000,388100,1,1
1704210300000,20240119,4340000,P,1900,2000,1,1
1704210300000,20240119,4980000,C,400,500,1,1
1704210300000,20240119,4980000,P,267300,272500,1,1
1704210300000,20240119,6900000,P,2186800,2192900,1,1
1704210300000,20240119,3910000,C,810300,815600,1,1
1704210300000,20240119,3910000,P,600,700,1,1
1704210300000,20240119,4550000,C,179300,182900,1,1
1704210300000,20240119,4550000,P,7200,7300,1,1
1704210300000,20240119,6250000,P,1537000,1542400,1,1
1704210300000,20240119,2200000,C,2513900,2519900,1,1
1704210300000,20240119,4120000,C,601300,606600,1,1
1704210300000,20240119,4120000,P,1000,1100,1,1
1704210300000,20240119,4760000,C,27400,27500,1,1
1704210300000,20240119,4760000,P,64400,65000,1,1
1704210300000,20240119,5400000,P,687200,692500,1,1
1704210300000,20240119,3050000,C,1666500,1672400,1,1
1704210300000,20240119,3690000,C,1029300,1034700,1,1
1704210300000,20240119,3690000,P,300,400,1,1
1704210300000,20240119,4330000,C,392900,398000,1,1
1704210300000,20240119,4330000,P,1900,2000,1,1
1704210300000,20240119,4970000,C,500,600,1,1
1704210300000,20240119,4970000,P,257300,262500,1,1
1704210300000,20240119,3900000,C,820200,825600,1,1
1704210300000,20240119,3900000,P,600,700,1,1
1704210300000,20240119,4540000,C,190100,191800,1,1
1704210300000,20240119,4540000,P,6600,6700,1,1
1704210300000,20240119,7100000,P,2386700,2392900,1,1
1704210300000,20240119,4110000,C,611300,616600,1,1
1704210300000,20240119,4110000,P,1000,1100,1,1
1704210300000,20240119,4750000,C,31700,31800,1,1
1704210300000,20240119,4750000,P,58300,58900,1,1
1704210300000,20240119,6450000,P,1736900,1742900,1,1
1704210300000,20240119,2400000,C,2314500,2320500,1,1
1704210300000,20240119,3680000,C,1039400,1044600,1,1
1704210300000,20240119,3680000,P,300,400,1,1
1704210300000,20240119,4320000,C,402800,407900,1,1
1704210300000,20240119,4320000,P,1800,1900,1,1
1704210300000,20240119,4960000,C,600,700,1,1
1704210300000,20240119,4960000,P,247300,252400,1,1
1704210300000,20240119,5600000,P,887200,892500,1,1
1704210300000,20240119,3250000,C,1467800,1473100,1,1
1704210300000,20240119,3250000,P,100,200,1,1
1704210300000,20240119,3890000,C,830200,835500,1,1
1704210300000,20240119,3890000,P,600,700,1,1
1704210300000,20240119,4530000,C,198000,202500,1,1
1704210300000,20240119,4530000,P,6000,6100,1,1
1704210300000,20240119,4100000,C,621200,626500,1,1
1704210300000,20240119,4100000,P,1000,1100,1,1
1704210300000,20240119,4740000,C,36300,36400,1,1
1704210300000,20240119,4740000,P,53000,53100,1,1
1704210300000,20240119,3670000,C,1049200,1054600,1,1
1704210300000,20240119,3670000,P,300,400,1,1
1704210300000,20240119,4310000,C,412700,417900,1,1
1704210300000,20240119,4310000,P,1700,1800,1,1
1704210300000,20240119,4950000,C,700,800,1,1
1704210300000,20240119,4950000,P,237300,242500,1,1
1704210300000,20240119,6650000,P,1936900,1942900,1,1
1704210300000,20240119,2600000,C,2115000,2121100,1,1
1704210300000,20240119,3880000,C,840200,845400,1,1
1704210300000,20240119,3880000,P,600,700,1,1
1704210300000,20240119,4520000,C,207400,212000,1,1
1704210300000,20240119,4520000,P,5500,5600,1,1
1704210300000,20240119,5800000,P,1087100,1092400,1,1
1704210300000,20240119,3450000,C,1268400,1273800,1,1
1704210300000,20240119,3450000,P,100,200,1,1
1704210300000,20240119,4090000,C,631300,636400,1,1
1704210300000,20240119,4090000,P,900,1000,1,1
1704210300000,20240119,4730000,C,41300,41500,1,1
1704210300000,20240119,4730000,P,47800,47900,1,1
1704210300000,20240119,3660000,C,1059200,1064600,1,1
1704210300000,20240119,3660000,P,300,400,1,1
1704210300000,20240119,4300000,C,422600,427800,1,1
1704210300000,20240119,4300000,P,1700,1800,1,1
1704210300000,20240119,4940000,C,800,900,1,1
1704210300000,20240119,4940000,P,227300,232500,1,1
1704210300000,20240119,1950000,C,2763300,2769200,1,1
1704210300000,20240119,3870000,C,850100,855400,1,1
1704210300000,20240119,3870000,P,600,700,1,1
1704210300000,20240119,4510000,C,217000,221100,1,1
1704210300000,20240119,4510000,P,5100,5200,1,1
1704210300000,20240119,5150000,C,100,200,1,1
1704210300000,20240119,5150000,P,437300,442500,1,1
1704210300000,20240119,6850000,P,2136800,2142900,1,1
1704210300000,20240119,2800000,C,1916100,1921700,1,1
1704210300000,20240119,4080000,C,641100,646400,1,1
1704210300000,20240119,4080000,P,900,1000,1,1
1704210300000,20240119,4720000,C,46700,46900,1,1
1704210300000,20240119,4720000,P,43000,43200,1,1
1704210300000,20240119,6000000,P,1287100,1292400,1,1
1704210300000,20240119,3650000,C,1069200,1074500,1,1
1704210300000,20240119,3650000,P,300,400,1,1
1704210300000,20240119,4290000,C,432500,437700,1,1
1704210300000,20240119,4290000,P,1600,1700,1,1
1704210300000,20240119,4930000,C,1000,1100,1,1
1704210300000,20240119,4930000,P,217400,222500,1,1
1704210300000,20240119,5350000,P,637200,642500,1,1
1704210300000,20240119,3860000,C,860100,865400,1,1
1704210300000,20240119,3860000,P,500,600,1,1
1704210300000,20240119,4500000,C,226500,231200,1,1
1704210300000,20240119,4500000,P,4700,4800,1,1
1704210300000,20240119,2150000,C,2563500,2569800,1,1
1704210300000,20240119,4070000,C,651100,656400,1,1
1704210300000,20240119,4070000,P,900,1000,1,1
1704210300000,20240119,4710000,C,52600,52700,1,1
1704210300000,20240119,4710000,P,38700,38800,1,1
1704210300000,20240119,7050000,P,2336700,2342900,1,1
1704210300000,20240119,3000000,C,1716300,1722300,1,1
1704210300000,20240119,3640000,C,1079100,1084400,1,1
1704210300000,20240119,3640000,P,300,400,1,1
1704210300000,20240119,4280000,C,442400,447600,1,1
1704210300000,20240119,4280000,P,1600,1700,1,1
1704210300000,20240119,4920000,C,1300,1400,1,1
1704210300000,20240119,4920000,P,207300,212500,1,1
1704210300000,20240119,6200000,P,1487000,1492400,1,1
1704210300000,20240119,3850000,C,870000,875300,1,1
1704210300000,20240119,3850000,P,500,600,1,1
1704210300000,20240119,4490000,C,236100,240800,1,1
1704210300000,20240119,4490000,P,4400,4500,1,1
1704210300000,20240119,5550000,P,837200,842500,1,1
1704210300000,20240119,4060000,C,661000,666300,1,1
1704210300000,20240119,4060000,P,900,1000,1,1
1704210300000,20240119,4700000,C,58700,58900,1,1
1704210300000,20240119,4700000,P,34700,34900,1,1
1704210300000,20240119,2350000,C,2364200,2370300,1,1
1704210300000,20240119,3630000,C,1089100,1094400,1,1
1704210300000,20240119,3630000,P,300,400,1,1
1704210300000,20240119,4270000,C,452300,457500,1,1
1704210300000,20240119,4270000,P,1500,1600,1,1
1704210300000,20240119,4910000,C,1600,1700,1,1
1704210300000,20240119,4910000,P,197300,202500,1,1
1704210300000,20240126,4480000,C,253900,258500,1,1
1704210300000,20240126,4480000,P,7100,7200,1,1
1704210300000,20240126,4800000,C,22900,23100,1,1
1704210300000,20240126,4800000,P,95900,99000,1,1
1704210300000,20240126,4475000,C,258600,263300,1,1
1704210300000,20240126,4475000,P,6800,6900,1,1
1704210300000,20240126,4370000,C,359800,364900,1,1
1704210300000,20240126,4370000,P,3700,3800,1,1
1704210300000,20240126,4050000,C,675800,681300,1,1
1704210300000,20240126,4050000,P,1300,1400,1,1
1704210300000,20240126,4690000,C,77800,78200,1,1
1704210300000,20240126,4690000,P,38800,39000,1,1
1704210300000,20240126,4580000,C,162700,165900,1,1
1704210300000,20240126,4580000,P,15100,15200,1,1
1704210300000,20240126,4900000,C,4600,4700,1,1
1704210300000,20240126,4900000,P,187200,192600,1,1
1704210300000,20240126,4575000,C,168100,169600,1,1
1704210300000,20240126,4575000,P,14500,14600,1,1
1704210300000,20240126,4150000,C,576700,582100,1,1
1704210300000,20240126,4150000,P,1700,1800,1,1
1704210300000,20240126,4470000,C,263300,268100,1,1
1704210300000,20240126,4470000,P,6600,6700,1,1
1704210300000,20240126,4790000,C,26200,26500,1,1
1704210300000,20240126,4790000,P,88700,91700,1,1
1704210300000,20240126,4360000,C,369500,374700,1,1
1704210300000,20240126,4360000,P,3500,3600,1,1
1704210300000,20240126,5000000,C,700,800,1,1
1704210300000,20240126,5000000,P,287200,292600,1,1
1704210300000,20240126,4680000,C,84500,85100,1,1
1704210300000,20240126,4680000,P,35600,35800,1,1
1704210300000,20240126,4675000,C,88000,88700,1,1
1704210300000,20240126,4675000,P,34000,34300,1,1
1704210300000,20240126,4250000,C,477700,483100,1,1
1704210300000,20240126,4250000,P,2300,2400,1,1
1704210300000,20240126,4570000,C,172500,174000,1,1
1704210300000,20240126,4570000,P,13900,14000,1,1
1704210300000,20240126,4890000,C,5500,5600,1,1
1704210300000,20240126,4890000,P,177200,182600,1,1
1704210300000,20240126,3500000,C,1222600,1228200,1,1
1704210300000,20240126,3500000,P,300,400,1,1
1704210300000,20240126,4460000,C,272600,277600,1,1
1704210300000,20240126,4460000,P,6200,6300,1,1
1704210300000,20240126,4780000,C,29900,30100,1,1
1704210300000,20240126,4780000,P,81900,84800,1,1
1704210300000,20240126,5100000,C,200,300,1,1
1704210300000,20240126,5100000,P,387200,392900,1,1
1704210300000,20240126,4350000,C,379000,384500,1,1
1704210300000,20240126,4350000,P,3300,3500,1,1
1704210300000,20240126,4670000,C,91500,92300,1,1
1704210300000,20240126,4670000,P,32600,32800,1,1
1704210300000,20240126,3600000,C,1123100,1128700,1,1
1704210300000,20240126,3600000,P,400,500,1,1
1704210300000,20240126,4560000,C,181400,183000,1,1
1704210300000,20240126,4560000,P,12800,13000,1,1
1704210300000,20240126,5200000,C,100,200,1,1
1704210300000,20240126,5200000,P,487200,492600,1,1
1704210300000,20240126,4880000,C,6600,6700,1,1
1704210300000,20240126,4880000,P,167200,172900,1,1
1704210300000,20240126,4875000,C,7100,7300,1,1
1704210300000,20240126,4875000,P,162200,167900,1,1
1704210300000,20240126,4450000,C,282400,287200,1,1
1704210300000,20240126,4450000,P,5800,5900,1,1
1704210300000,20240126,4770000,C,33900,34200,1,1
1704210300000,20240126,4770000,P,76500,77400,1,1
1704210300000,20240126,3700000,C,1023700,1029300,1,1
1704210300000,20240126,3700000,P,600,700,1,1
1704210300000,20240126,4340000,C,388800,394300,1,1
1704210300000,20240126,4340000,P,3200,3300,1,1
1704210300000,20240126,4660000,C,99100,99700,1,1
1704210300000,20240126,4660000,P,29900,30100,1,1
1704210300000,20240126,5300000,C,100,200,1,1
1704210300000,20240126,5300000,P,587100,592600,1,1
1704210300000,20240126,4550000,C,190400,192000,1,1
1704210300000,20240126,4550000,P,11800,12000,1,1
1704210300000,20240126,4870000,C,7800,7900,1,1
1704210300000,20240126,4870000,P,157200,162900,1,1
1704210300000,20240126,3800000,C,924200,929800,1,1
1704210300000,20240126,3800000,P,700,800,1,1
1704210300000,20240126,4440000,C,292000,296800,1,1
1704210300000,20240126,4440000,P,5400,5500,1,1
1704210300000,20240126,4760000,C,38200,38500,1,1
1704210300000,20240126,4760000,P,70400,71300,1,1
1704210300000,20240126,5400000,P,687100,692600,1,1
1704210300000,20240126,4330000,C,398900,404100,1,1
1704210300000,20240126,4330000,P,3100,3200,1,1
1704210300000,20240126,4650000,C,106300,107300,1,1
1704210300000,20240126,4650000,P,27400,27600,1,1
1704210300000,20240126,3900000,C,824800,830400,1,1
1704210300000,20240126,3900000,P,900,1000,1,1
1704210300000,20240126,4540000,C,199500,201100,1,1
1704210300000,20240126,4540000,P,10900,11100,1,1
1704210300000,20240126,4860000,C,9200,9300,1,1
1704210300000,20240126,4860000,P,147200,152600,1,1
1704210300000,20240126,4430000,C,301600,306500,1,1
1704210300000,20240126,4430000,P,5100,5200,1,1
1704210300000,20240126,4750000,C,42900,43200,1,1
1704210300000,20240126,4750000,P,65100,65400,1,1
1704210300000,20240126,4320000,C,408700,414000,1,1
1704210300000,20240126,4320000,P,2900,3000,1,1
1704210300000,20240126,4000000,C,725500,731000,1,1
1704210300000,20240126,4000000,P,1100,1200,1,1
1704210300000,20240126,4640000,C,113200,115700,1,1
1704210300000,20240126,4640000,P,25100,25300,1,1
1704210300000,20240126,4530000,C,208600,210300,1,1
1704210300000,20240126,4530000,P,10100,10300,1,1
1704210300000,20240126,4850000,C,10800,10900,1,1
1704210300000,20240126,4850000,P,137200,142700,1,1
1704210300000,20240126,4525000,C,213200,214900,1,1
1704210300000,20240126,4525000,P,9800,9900,1,1
1704210300000,20240126,4100000,C,626200,631700,1,1
1704210300000,20240126,4100000,P,1500,1600,1,1
1704210300000,20240126,4420000,C,311200,316200,1,1
1704210300000,20240126,4420000,P,4800,4900,1,1
1704210300000,20240126,4740000,C,48000,48200,1,1
1704210300000,20240126,4740000,P,59800,60100,1,1
1704210300000,20240126,4950000,C,1800,1900,1,1
1704210300000,20240126,4950000,P,237200,242600,1,1
1704210300000,20240126,4630000,C,121300,123700,1,1
1704210300000,20240126,4630000,P,23000,23200,1,1
1704210300000,20240126,4625000,C,125900,127100,1,1
1704210300000,20240126,4625000,P,22000,22200,1,1
1704210300000,20240126,4200000,C,527100,532500,1,1
1704210300000,20240126,4200000,P,1900,2000,1,1
1704210300000,20240126,4520000,C,217800,219500,1,1
1704210300000,20240126,4520000,P,9400,9500,1,1
1704210300000,20240126,4840000,C,12700,12900,1,1
1704210300000,20240126,4840000,P,128200,133200,1,1
1704210300000,20240126,4410000,C,320600,325900,1,1
1704210300000,20240126,4410000,P,4600,4700,1,1
1704210300000,20240126,5050000,C,300,400,1,1
1704210300000,20240126,5050000,P,337200,342600,1,1
1704210300000,20240126,4730000,C,53300,53600,1,1
1704210300000,20240126,4730000,P,54900,55200,1,1
1704210300000,20240126,4300000,C,428400,433700,1,1
1704210300000,20240126,4300000,P,2700,2800,1,1
1704210300000,20240126,4620000,C,130000,131200,1,1
1704210300000,20240126,4620000,P,21100,21300,1,1
1704210300000,20240126,3550000,C,1172900,1178500,1,1
1704210300000,20240126,3550000,P,400,500,1,1
1704210300000,20240126,4510000,C,225800,229500,1,1
1704210300000,20240126,4510000,P,8700,8900,1,1
1704210300000,20240126,5150000,C,100,200,1,1
1704210300000,20240126,5150000,P,437200,442600,1,1
1704210300000,20240126,4830000,C,14800,15000,1,1
1704210300000,20240126,4830000,P,119500,124300,1,1
1704210300000,20240126,5250000,C,100,200,1,1
1704210300000,20240126,5250000,P,537100,542900,1,1
1704210300000,20240126,4400000,C,330600,335600,1,1
1704210300000,20240126,4400000,P,4300,4400,1,1
1704210300000,20240126,4720000,C,59000,59300,1,1
1704210300000,20240126,4720000,P,50400,50600,1,1
1704210300000,20240126,3650000,C,1073400,1079000,1,1
1704210300000,20240126,3650000,P,500,600,1,1
1704210300000,20240126,4610000,C,138200,139500,1,1
1704210300000,20240126,4610000,P,19400,19600,1,1
1704210300000,20240126,5350000,C,100,200,1,1
1704210300000,20240126,5350000,P,637100,642600,1,1
1704210300000,20240126,4500000,C,236500,238200,1,1
1704210300000,20240126,4500000,P,8100,8200,1,1
1704210300000,20240126,4820000,C,17300,17400,1,1
1704210300000,20240126,4820000,P,111200,115700,1,1
1704210300000,20240126,3750000,C,974000,979500,1,1
1704210300000,20240126,3750000,P,700,800,1,1
1704210300000,20240126,4390000,C,340300,345300,1,1
1704210300000,20240126,4390000,P,4100,4200,1,1
1704210300000,20240126,4710000,C,65000,65300,1,1
1704210300000,20240126,4710000,P,46200,46500,1,1
1704210300000,20240126,5450000,P,737100,742600,1,1
1704210300000,20240126,4600000,C,146600,147900,1,1
1704210300000,20240126,4600000,P,17800,18000,1,1
1704210300000,20240126,3850000,C,874500,880100,1,1
1704210300000,20240126,3850000,P,800,900,1,1
1704210300000,20240126,4490000,C,244400,249000,1,1
1704210300000,20240126,4490000,P,7600,7700,1,1
1704210300000,20240126,4810000,C,19900,20100,1,1
1704210300000,20240126,4810000,P,103300,107600,1,1
1704210300000,20240126,4380000,C,350000,355100,1,1
1704210300000,20240126,4380000,P,3900,4000,1,1
1704210300000,20240126,4700000,C,71200,71600,1,1
1704210300000,20240126,4700000,P,42300,42600,1,1
1704210300000,20240126,3950000,C,775200,780700,1,1
1704210300000,20240126,3950000,P,1000,1100,1,1
1704210300000,20240126,4590000,C,155100,156500,1,1
1704210300000,20240126,4590000,P,16400,16500,1,1
1704210300000,20240131,3200000,C,1522300,1528500,1,1
1704210300000,20240131,3200000,P,200,300,1,1
1704210300000,20240131,4160000,C,568900,574700,1,1
1704210300000,20240131,4160000,P,2300,2400,1,1
1704210300000,20240131,4480000,C,260300,262000,1,1
1704210300000,20240131,4480000,P,9800,9900,1,1
1704210300000,20240131,4800000,C,29000,29200,1,1
1704210300000,20240131,4800000,P,99200,102400,1,1
1704210300000,20240131,4370000,C,363100,368400,1,1
1704210300000,20240131,4370000,P,5200,5300,1,1
1704210300000,20240131,4050000,C,677700,683600,1,1
1704210300000,20240131,4050000,P,1700,1800,1,1
1704210300000,20240131,4690000,C,85800,86200,1,1
1704210300000,20240131,4690000,P,44300,44500,1,1
1704210300000,20240131,5010000,C,1100,1200,1,1
1704210300000,20240131,5010000,P,297200,303000,1,1
1704210300000,20240131,3300000,C,1422800,1429000,1,1
1704210300000,20240131,3300000,P,300,400,1,1
1704210300000,20240131,4260000,C,470400,476000,1,1
1704210300000,20240131,4260000,P,3200,3300,1,1
1704210300000,20240131,4580000,C,170500,171800,1,1
1704210300000,20240131,4580000,P,19400,19500,1,1
1704210300000,20240131,4900000,C,7100,7200,1,1
1704210300000,20240131,4900000,P,187200,192600,1,1
1704210300000,20240131,4150000,C,578800,584600,1,1
1704210300000,20240131,4150000,P,2200,2300,1,1
1704210300000,20240131,4470000,C,269700,271400,1,1
1704210300000,20240131,4470000,P,9200,9300,1,1
1704210300000,20240131,4790000,C,32700,32900,1,1
1704210300000,20240131,4790000,P,92300,95400,1,1
1704210300000,20240131,3400000,C,1323400,1329500,1,1
1704210300000,20240131,3400000,P,400,500,1,1
1704210300000,20240131,4360000,C,372700,378200,1,1
1704210300000,20240131,4360000,P,4900,5000,1,1
1704210300000,20240131,5000000,C,1300,1400,1,1
1704210300000,20240131,5000000,P,287200,293100,1,1
1704210300000,20240131,4680000,C,92500,93100,1,1
1704210300000,20240131,4680000,P,41100,41300,1,1
1704210300000,20240131,4250000,C,480200,485900,1,1
1704210300000,20240131,4250000,P,3100,3200,1,1
1704210300000,20240131,4570000,C,179100,180500,1,1
1704210300000,20240131,4570000,P,18000,18200,1,1
1704210300000,20240131,4890000,C,8300,8400,1,1
1704210300000,20240131,4890000,P,177200,182900,1,1
1704210300000,20240131,3500000,C,1224000,1230100,1,1
1704210300000,20240131,3500000,P,500,600,1,1
1704210300000,20240131,4140000,C,588700,594500,1,1
1704210300000,20240131,4140000,P,2100,2200,1,1
1704210300000,20240131,4460000,C,277100,282100,1,1
1704210300000,20240131,4460000,P,8600,8700,1,1
1704210300000,20240131,5100000,C,300,400,1,1
1704210300000,20240131,5100000,P,387200,393000,1,1
1704210300000,20240131,4780000,C,36600,36900,1,1
1704210300000,20240131,4780000,P,87000,87800,1,1
1704210300000,20240131,4350000,C,382400,387900,1,1
1704210300000,20240131,4350000,P,4700,4800,1,1
1704210300000,20240131,4670000,C,99400,100200,1,1
1704210300000,20240131,4670000,P,38000,38200,1,1
1704210300000,20240131,4990000,C,1500,1600,1,1
1704210300000,20240131,4990000,P,277200,283100,1,1
1704210300000,20240131,3600000,C,1124600,1130600,1,1
1704210300000,20240131,3600000,P,600,700,1,1
1704210300000,20240131,4240000,C,490000,495700,1,1
1704210300000,20240131,4240000,P,3000,3100,1,1
1704210300000,20240131,4560000,C,187800,189200,1,1
1704210300000,20240131,4560000,P,16800,16900,1,1
1704210300000,20240131,5200000,C,200,300,1,1
1704210300000,20240131,5200000,P,487200,493000,1,1
1704210300000,20240131,4880000,C,9700,9800,1,1
1704210300000,20240131,4880000,P,167200,172900,1,1
1704210300000,20240131,4130000,C,598600,604400,1,1
1704210300000,20240131,4130000,P,2100,2200,1,1
1704210300000,20240131,4450000,C,286600,291600,1,1
1704210300000,20240131,4450000,P,8100,8200,1,1
1704210300000,20240131,4770000,C,40900,41100,1,1
1704210300000,20240131,4770000,P,80900,81700,1,1
1704210300000,20240131,3700000,C,1025200,1031200,1,1
1704210300000,20240131,3700000,P,800,900,1,1
1704210300000,20240131,4340000,C,392200,397600,1,1
1704210300000,20240131,4340000,P,4500,4600,1,1
1704210300000,20240131,4660000,C,106900,107500,1,1
1704210300000,20240131,4660000,P,35300,35500,1,1
1704210300000,20240131,4980000,C,1800,1900,1,1
1704210300000,20240131,4980000,P,267200,273100,1,1
1704210300000,20240131,5300000,C,100,200,1,1
1704210300000,20240131,5300000,P,587100,593000,1,1
1704210300000,20240131,4230000,C,499900,505600,1,1
1704210300000,20240131,4230000,P,2900,3000,1,1
1704210300000,20240131,4550000,C,196600,198100,1,1
1704210300000,20240131,4550000,P,15600,15800,1,1
1704210300000,20240131,4870000,C,11300,11400,1,1
1704210300000,20240131,4870000,P,157200,162900,1,1
1704210300000,20240131,3800000,C,925800,931800,1,1
1704210300000,20240131,3800000,P,1000,1100,1,1
1704210300000,20240131,4120000,C,608500,614300,1,1
1704210300000,20240131,4120000,P,2000,2100,1,1
1704210300000,20240131,4440000,C,296000,301100,1,1
1704210300000,20240131,4440000,P,7600,7700,1,1
1704210300000,20240131,4760000,C,45500,45700,1,1
1704210300000,20240131,4760000,P,75000,75800,1,1
1704210300000,20240131,5400000,C,100,200,1,1
1704210300000,20240131,5400000,P,687100,693000,1,1
1704210300000,20240131,4330000,C,401900,407400,1,1
1704210300000,20240131,4330000,P,4300,4400,1,1
1704210300000,20240131,4650000,C,114300,115000,1,1
1704210300000,20240131,4650000,P,32700,32900,1,1
1704210300000,20240131,4970000,C,2200,2300,1,1
1704210300000,20240131,4970000,P,257200,263100,1,1
1704210300000,20240131,3900000,C,826500,832500,1,1
1704210300000,20240131,3900000,P,1200,1300,1,1
1704210300000,20240131,4220000,C,509700,515400,1,1
1704210300000,20240131,4220000,P,2800,2900,1,1
1704210300000,20240131,4540000,C,205500,207000,1,1
1704210300000,20240131,4540000,P,14600,14700,1,1
1704210300000,20240131,4860000,C,13100,13200,1,1
1704210300000,20240131,4860000,P,147400,153000,1,1
1704210300000,20240131,4110000,C,618300,624200,1,1
1704210300000,20240131,4110000,P,2000,2100,1,1
1704210300000,20240131,4430000,C,305500,310600,1,1
1704210300000,20240131,4430000,P,7200,7300,1,1
1704210300000,20240131,4750000,C,50400,50600,1,1
1704210300000,20240131,4750000,P,69800,70100,1,1
1704210300000,20240131,4320000,C,411600,417200,1,1
1704210300000,20240131,4320000,P,4100,4200,1,1
1704210300000,20240131,4000000,C,727300,733200,1,1
1704210300000,20240131,4000000,P,1500,1600,1,1
1704210300000,20240131,4640000,C,121700,122600,1,1
1704210300000,20240131,4640000,P,30300,30500,1,1
1704210300000,20240131,4960000,C,2600,2700,1,1
1704210300000,20240131,4960000,P,247200,252600,1,1
1704210300000,20240131,4210000,C,519600,525300,1,1
1704210300000,20240131,4210000,P,2700,2800,1,1
1704210300000,20240131,4530000,C,214500,216000,1,1
1704210300000,20240131,4530000,P,13600,13700,1,1
1704210300000,20240131,4850000,C,15100,15200,1,1
1704210300000,20240131,4850000,P,138400,143600,1,1
1704210300000,20240131,4100000,C,628200,634100,1,1
1704210300000,20240131,4100000,P,1900,2000,1,1
1704210300000,20240131,4420000,C,315000,320200,1,1
1704210300000,20240131,4420000,P,6800,6900,1,1
1704210300000,20240131,4740000,C,55700,55800,1,1
1704210300000,20240131,4740000,P,64800,65000,1,1
1704210300000,20240131,3350000,C,1373100,1379300,1,1
1704210300000,20240131,3350000,P,300,400,1,1
1704210300000,20240131,4310000,C,421400,426900,1,1
1704210300000,20240131,4310000,P,3900,4000,1,1
1704210300000,20240131,4630000,C,129400,130500,1,1
1704210300000,20240131,4630000,P,28100,28300,1,1
1704210300000,20240131,4950000,C,3100,3200,1,1
1704210300000,20240131,4950000,P,237200,242600,1,1
1704210300000,20240131,4200000,C,529400,535200,1,1
1704210300000,20240131,4200000,P,2600,2700,1,1
1704210300000,20240131,4520000,C,223500,225100,1,1
1704210300000,20240131,4520000,P,12700,12800,1,1
1704210300000,20240131,4840000,C,17300,17500,1,1
1704210300000,20240131,4840000,P,129700,134300,1,1
1704210300000,20240131,3450000,C,1273700,1279800,1,1
1704210300000,20240131,3450000,P,400,500,1,1
1704210300000,20240131,4090000,C,638100,644000,1,1
1704210300000,20240131,4090000,P,1900,2000,1,1
1704210300000,20240131,4410000,C,324600,329800,1,1
1704210300000,20240131,4410000,P,6400,6500,1,1
1704210300000,20240131,5050000,C,600,700,1,1
1704210300000,20240131,5050000,P,337200,343000,1,1
1704210300000,20240131,4730000,C,61100,61300,1,1
1704210300000,20240131,4730000,P,60100,60300,1,1
1704210300000,20240131,4300000,C,431200,436700,1,1
1704210300000,20240131,4300000,P,3700,3800,1,1
1704210300000,20240131,4620000,C,137700,138400,1,1
1704210300000,20240131,4620000,P,26100,26200,1,1
1704210300000,20240131,4940000,C,3700,3800,1,1
1704210300000,20240131,4940000,P,227200,232600,1,1
1704210300000,20240131,3550000,C,1174300,1180300,1,1
1704210300000,20240131,3550000,P,500,600,1,1
1704210300000,20240131,4190000,C,539300,545100,1,1
1704210300000,20240131,4190000,P,2500,2600,1,1
1704210300000,20240131,4510000,C,232600,234200,1,1
1704210300000,20240131,4510000,P,11900,12000,1,1
1704210300000,20240131,5150000,C,200,300,1,1
1704210300000,20240131,5150000,P,437200,443000,1,1
1704210300000,20240131,4830000,C,19800,20000,1,1
1704210300000,20240131,4830000,P,121400,125900,1,1
1704210300000,20240131,5250000,C,100,200,1,1
1704210300000,20240131,5250000,P,537100,543000,1,1
1704210300000,20240131,4080000,C,648000,653900,1,1
1704210300000,20240131,4080000,P,1800,1900,1,1
1704210300000,20240131,4400000,C,334200,339400,1,1
1704210300000,20240131,4400000,P,6100,6200,1,1
1704210300000,20240131,4720000,C,66900,67100,1,1
1704210300000,20240131,4720000,P,55700,55900,1,1
1704210300000,20240131,3650000,C,1074900,1080900,1,1
1704210300000,20240131,3650000,P,700,800,1,1
1704210300000,20240131,4290000,C,441000,446600,1,1
1704210300000,20240131,4290000,P,3600,3700,1,1
1704210300000,20240131,4610000,C,145800,146600,1,1
1704210300000,20240131,4610000,P,24200,24400,1,1
1704210300000,20240131,4930000,C,4300,4400,1,1
1704210300000,20240131,4930000,P,217200,222900,1,1
1704210300000,20240131,5350000,C,100,200,1,1
1704210300000,20240131,5350000,P,637100,643000,1,1
1704210300000,20240131,4180000,C,549200,554900,1,1
1704210300000,20240131,4180000,P,2400,2500,1,1
1704210300000,20240131,4500000,C,241800,243500,1,1
1704210300000,20240131,4500000,P,11100,11200,1,1
1704210300000,20240131,4820000,C,22600,22800,1,1
1704210300000,20240131,4820000,P,113500,117800,1,1
1704210300000,20240131,3750000,C,975500,981500,1,1
1704210300000,20240131,3750000,P,900,1000,1,1
1704210300000,20240131,4390000,C,343800,349100,1,1
1704210300000,20240131,4390000,P,5700,5800,1,1
1704210300000,20240131,4070000,C,657900,663800,1,1
1704210300000,20240131,4070000,P,1800,1900,1,1
1704210300000,20240131,4710000,C,73000,73200,1,1
1704210300000,20240131,4710000,P,51600,51800,1,1
1704210300000,20240131,5450000,P,737100,743000,1,1
1704210300000,20240131,4280000,C,450800,456400,1,1
1704210300000,20240131,4280000,P,3400,3500,1,1
1704210300000,20240131,4600000,C,154000,155400,1,1
1704210300000,20240131,4600000,P,22500,22600,1,1
1704210300000,20240131,4920000,C,5100,5200,1,1
1704210300000,20240131,4920000,P,207200,212600,1,1
1704210300000,20240131,3850000,C,876200,882100,1,1
1704210300000,20240131,3850000,P,1100,1200,1,1
1704210300000,20240131,4170000,C,559000,564800,1,1
1704210300000,20240131,4170000,P,2300,2400,1,1
1704210300000,20240131,4490000,C,251000,252700,1,1
1704210300000,20240131,4490000,P,10400,10500,1,1
1704210300000,20240131,4810000,C,25700,25800,1,1
1704210300000,20240131,4810000,P,106400,109600,1,1
1704210300000,20240131,4380000,C,353400,358800,1,1
1704210300000,20240131,4380000,P,5500,5600,1,1
1704210300000,20240131,4060000,C,667800,673700,1,1
1704210300000,20240131,4060000,P,1700,1800,1,1
1704210300000,20240131,4700000,C,79300,79600,1,1
1704210300000,20240131,4700000,P,47800,48000,1,1
1704210300000,20240131,5020000,C,900,1000,1,1
1704210300000,20240131,5020000,P,307200,313000,1,1
1704210300000,20240131,4270000,C,460600,466200,1,1
1704210300000,20240131,4270000,P,3300,3400,1,1
1704210300000,20240131,3950000,C,776900,782800,1,1
1704210300000,20240131,3950000,P,1300,1400,1,1
1704210300000,20240131,4590000,C,161300,163800,1,1
1704210300000,20240131,4590000,P,20900,21000,1,1
1704210300000,20240131,4910000,C,6000,6100,1,1
1704210300000,20240131,4910000,P,197200,202600,1,1
1704210300000,20240202,4480000,C,264800,266500,1,1
1704210300000,20240202,4480000,P,11600,11700,1,1
1704210300000,20240202,4800000,C,33400,33600,1,1
1704210300000,20240202,4800000,P,100900,104500,1,1
1704210300000,20240202,4050000,C,681100,686500,1,1
1704210300000,20240202,4050000,P,2000,2100,1,1
1704210300000,20240202,4690000,C,91400,92100,1,1
1704210300000,20240202,4690000,P,47600,47800,1,1
1704210300000,20240202,4580000,C,175800,177200,1,1
1704210300000,20240202,4580000,P,22100,22300,1,1
1704210300000,20240202,4900000,C,9200,9300,1,1
1704210300000,20240202,4900000,P,187200,192600,1,1
1704210300000,20240202,4150000,C,582400,587700,1,1
1704210300000,20240202,4150000,P,2600,2700,1,1
1704210300000,20240202,4470000,C,274100,275800,1,1
1704210300000,20240202,4470000,P,10900,11000,1,1
1704210300000,20240202,4790000,C,37300,37500,1,1
1704210300000,20240202,4790000,P,94300,97800,1,1
1704210300000,20240202,5000000,C,1800,1900,1,1
1704210300000,20240202,5000000,P,287200,292600,1,1
1704210300000,20240202,4680000,C,98200,98900,1,1
1704210300000,20240202,4680000,P,44300,44600,1,1
1704210300000,20240202,4675000,C,101700,102400,1,1
1704210300000,20240202,4675000,P,42800,43000,1,1
1704210300000,20240202,4250000,C,484000,489200,1,1
1704210300000,20240202,4250000,P,3700,3800,1,1
1704210300000,20240202,4570000,C,184300,185700,1,1
1704210300000,20240202,4570000,P,20600,20800,1,1
1704210300000,20240202,4890000,C,10600,10800,1,1
1704210300000,20240202,4890000,P,177200,182600,1,1
1704210300000,20240202,3500000,C,1226700,1232400,1,1
1704210300000,20240202,3500000,P,500,600,1,1
1704210300000,20240202,4780000,C,41400,41700,1,1
1704210300000,20240202,4780000,P,89500,90500,1,1
1704210300000,20240202,5100000,C,400,500,1,1
1704210300000,20240202,5100000,P,387200,392600,1,1
1704210300000,20240202,4775000,C,43600,43900,1,1
1704210300000,20240202,4775000,P,85100,87600,1,1
1704210300000,20240202,4350000,C,386700,391600,1,1
1704210300000,20240202,4350000,P,5700,5800,1,1
1704210300000,20240202,4670000,C,104300,106800,1,1
1704210300000,20240202,4670000,P,41300,41500,1,1
1704210300000,20240202,3600000,C,1127400,1133000,1,1
1704210300000,20240202,3600000,P,700,800,1,1
1704210300000,20240202,4560000,C,192900,194400,1,1
1704210300000,20240202,4560000,P,19300,19500,1,1
1704210300000,20240202,4880000,C,12200,12400,1,1
1704210300000,20240202,4880000,P,167200,172600,1,1
1704210300000,20240202,5200000,C,200,300,1,1
1704210300000,20240202,5200000,P,487200,492600,1,1
1704210300000,20240202,4875000,C,13100,13300,1,1
1704210300000,20240202,4875000,P,162200,167600,1,1
1704210300000,20240202,4450000,C,291400,296000,1,1
1704210300000,20240202,4450000,P,9700,9800,1,1
1704210300000,20240202,4770000,C,45900,46200,1,1
1704210300000,20240202,4770000,P,83600,84400,1,1
1704210300000,20240202,3700000,C,1028100,1033700,1,1
1704210300000,20240202,3700000,P,900,1000,1,1
1704210300000,20240202,4660000,C,112400,113300,1,1
1704210300000,20240202,4660000,P,38400,38700,1,1
1704210300000,20240202,5300000,C,100,200,1,1
1704210300000,20240202,5300000,P,587100,592600,1,1
1704210300000,20240202,4550000,C,201700,203100,1,1
1704210300000,20240202,4550000,P,18100,18200,1,1
1704210300000,20240202,4870000,C,14000,14200,1,1
1704210300000,20240202,4870000,P,157200,162600,1,1
1704210300000,20240202,3800000,C,928900,934400,1,1
1704210300000,20240202,3800000,P,1100,1200,1,1
1704210300000,20240202,4760000,C,50700,50900,1,1
1704210300000,20240202,4760000,P,77900,78700,1,1
1704210300000,20240202,5400000,C,100,200,1,1
1704210300000,20240202,5400000,P,687100,692900,1,1
1704210300000,20240202,4650000,C,119800,120700,1,1
1704210300000,20240202,4650000,P,35900,36100,1,1
1704210300000,20240202,3900000,C,829700,835200,1,1
1704210300000,20240202,3900000,P,1300,1400,1,1
1704210300000,20240202,4540000,C,210500,212000,1,1
1704210300000,20240202,4540000,P,16900,17100,1,1
1704210300000,20240202,4860000,C,16100,16200,1,1
1704210300000,20240202,4860000,P,148400,153100,1,1
1704210300000,20240202,4750000,C,55700,56000,1,1
1704210300000,20240202,4750000,P,72800,73100,1,1
1704210300000,20240202,4000000,C,730600,736000,1,1
1704210300000,20240202,4000000,P,1700,1800,1,1
1704210300000,20240202,4640000,C,127400,128400,1,1
1704210300000,20240202,4640000,P,33400,33700,1,1
1704210300000,20240202,4530000,C,219300,220900,1,1
1704210300000,20240202,4530000,P,15800,16000,1,1
1704210300000,20240202,4850000,C,18300,18500,1,1
1704210300000,20240202,4850000,P,139300,144000,1,1
1704210300000,20240202,4100000,C,631700,637100,1,1
1704210300000,20240202,4100000,P,2200,2300,1,1
1704210300000,20240202,4740000,C,61000,61300,1,1
1704210300000,20240202,4740000,P,67800,68100,1,1
1704210300000,20240202,4950000,C,4200,4300,1,1
1704210300000,20240202,4950000,P,237200,242600,1,1
1704210300000,20240202,4630000,C,135100,136200,1,1
1704210300000,20240202,4630000,P,31200,31400,1,1
1704210300000,20240202,4625000,C,139000,140100,1,1
1704210300000,20240202,4625000,P,30100,30300,1,1
1704210300000,20240202,4200000,C,533100,538400,1,1
1704210300000,20240202,4200000,P,3100,3200,1,1
1704210300000,20240202,4520000,C,228300,229900,1,1
1704210300000,20240202,4520000,P,14900,15000,1,1
1704210300000,20240202,4840000,C,20800,21000,1,1
1704210300000,20240202,4840000,P,130900,135400,1,1
1704210300000,20240202,4730000,C,66700,66900,1,1
1704210300000,20240202,4730000,P,63200,63500,1,1
1704210300000,20240202,5050000,C,800,900,1,1
1704210300000,20240202,5050000,P,337200,342600,1,1
1704210300000,20240202,4725000,C,69600,69800,1,1
1704210300000,20240202,4725000,P,61000,61300,1,1
1704210300000,20240202,4300000,C,435200,440300,1,1
1704210300000,20240202,4300000,P,4500,4600,1,1
1704210300000,20240202,4620000,C,142000,144900,1,1
1704210300000,20240202,4620000,P,29100,29300,1,1
1704210300000,20240202,3550000,C,1176800,1182700,1,1
1704210300000,20240202,3550000,P,600,700,1,1
1704210300000,20240202,4510000,C,237300,239000,1,1
1704210300000,20240202,4510000,P,13900,14100,1,1
1704210300000,20240202,4830000,C,23500,23700,1,1
1704210300000,20240202,4830000,P,122800,127100,1,1
1704210300000,20240202,5150000,C,300,400,1,1
1704210300000,20240202,5150000,P,437200,442600,1,1
1704210300000,20240202,5250000,C,100,200,1,1
1704210300000,20240202,5250000,P,537100,542600,1,1
1704210300000,20240202,4825000,C,25000,25200,1,1
1704210300000,20240202,4825000,P,119000,123100,1,1
1704210300000,20240202,4400000,C,338700,343500,1,1
1704210300000,20240202,4400000,P,7300,7500,1,1
1704210300000,20240202,4720000,C,72500,72800,1,1
1704210300000,20240202,4720000,P,58900,59200,1,1
1704210300000,20240202,3650000,C,1077800,1083400,1,1
1704210300000,20240202,3650000,P,800,900,1,1
1704210300000,20240202,4610000,C,151000,152200,1,1
1704210300000,20240202,4610000,P,27100,27300,1,1
1704210300000,20240202,5350000,C,100,200,1,1
1704210300000,20240202,5350000,P,637100,642600,1,1
1704210300000,20240202,4500000,C,246400,248100,1,1
1704210300000,20240202,4500000,P,13100,13200,1,1
1704210300000,20240202,4820000,C,26600,26700,1,1
1704210300000,20240202,4820000,P,115200,119200,1,1
1704210300000,20240202,3750000,C,978200,984000,1,1
1704210300000,20240202,3750000,P,1000,1100,1,1
1704210300000,20240202,4710000,C,78600,79000,1,1
1704210300000,20240202,4710000,P,54900,55100,1,1
1704210300000,20240202,5450000,C,100,200,1,1
1704210300000,20240202,5450000,P,737100,742600,1,1
1704210300000,20240202,4600000,C,159100,160400,1,1
1704210300000,20240202,4600000,P,25300,25500,1,1
1704210300000,20240202,3850000,C,879200,884800,1,1
1704210300000,20240202,3850000,P,1200,1300,1,1
1704210300000,20240202,4490000,C,255600,257300,1,1
1704210300000,20240202,4490000,P,12300,12500,1,1
1704210300000,20240202,4810000,C,29800,30100,1,1
1704210300000,20240202,4810000,P,107900,111700,1,1
1704210300000,20240202,4700000,C,84800,85400,1,1
1704210300000,20240202,4700000,P,51100,51400,1,1
1704210300000,20240202,3950000,C,780100,785600,1,1
1704210300000,20240202,3950000,P,1500,1600,1,1
1704210300000,20240202,4590000,C,167400,168700,1,1
1704210300000,20240202,4590000,P,23600,23800,1,1
1704210300000,20240209,4800000,C,41400,41700,1,1
1704210300000,20240209,4800000,P,104600,108400,1,1
1704210300000,20240209,4050000,C,686000,691800,1,1
1704210300000,20240209,4050000,P,2800,2900,1,1
1704210300000,20240209,4690000,C,101800,102500,1,1
1704210300000,20240209,4690000,P,53300,53600,1,1
1704210300000,20240209,4580000,C,185800,187100,1,1
1704210300000,20240209,4580000,P,27100,27400,1,1
1704210300000,20240209,4900000,C,13200,13400,1,1
1704210300000,20240209,4900000,P,187200,193100,1,1
1704210300000,20240209,4150000,C,587700,593400,1,1
1704210300000,20240209,4150000,P,3700,3800,1,1
1704210300000,20240209,4790000,C,45600,45900,1,1
1704210300000,20240209,4790000,P,98300,102000,1,1
1704210300000,20240209,5000000,C,3200,3300,1,1
1704210300000,20240209,5000000,P,287200,293100,1,1
1704210300000,20240209,4680000,C,108600,109400,1,1
1704210300000,20240209,4680000,P,50000,50400,1,1
1704210300000,20240209,4250000,C,490000,495500,1,1
1704210300000,20240209,4250000,P,5300,5400,1,1
1704210300000,20240209,4570000,C,194200,195600,1,1
1704210300000,20240209,4570000,P,25600,25800,1,1
1704210300000,20240209,4890000,C,15000,15300,1,1
1704210300000,20240209,4890000,P,177200,183100,1,1
1704210300000,20240209,3500000,C,1230400,1236600,1,1
1704210300000,20240209,3500000,P,800,900,1,1
1704210300000,20240209,4780000,C,50100,50400,1,1
1704210300000,20240209,4780000,P,92400,95800,1,1
1704210300000,20240209,5100000,C,800,900,1,1
1704210300000,20240209,5100000,P,387200,393000,1,1
1704210300000,20240209,4350000,C,393500,398700,1,1
1704210300000,20240209,4350000,P,8000,8100,1,1
1704210300000,20240209,4670000,C,115700,116500,1,1
1704210300000,20240209,4670000,P,47000,47300,1,1
1704210300000,20240209,3600000,C,1131300,1137300,1,1
1704210300000,20240209,3600000,P,1000,1100,1,1
1704210300000,20240209,4560000,C,202700,204100,1,1
1704210300000,20240209,4560000,P,24100,24300,1,1
1704210300000,20240209,4880000,C,17000,17300,1,1
1704210300000,20240209,4880000,P,167200,173100,1,1
1704210300000,20240209,5200000,C,300,400,1,1
1704210300000,20240209,5200000,P,487100,493000,1,1
1704210300000,20240209,4450000,C,301000,302800,1,1
1704210300000,20240209,4450000,P,13100,13200,1,1
1704210300000,20240209,4770000,C,54900,55200,1,1
1704210300000,20240209,4770000,P,87900,88900,1,1
1704210300000,20240209,3700000,C,1032100,1038200,1,1
1704210300000,20240209,3700000,P,1200,1300,1,1
1704210300000,20240209,4660000,C,122900,123800,1,1
1704210300000,20240209,4660000,P,44200,44500,1,1
1704210300000,20240209,5300000,C,200,300,1,1
1704210300000,20240209,5300000,P,587100,593000,1,1
1704210300000,20240209,4550000,C,211300,212700,1,1
1704210300000,20240209,4550000,P,22700,23000,1,1
1704210300000,20240209,4870000,C,19200,19500,1,1
1704210300000,20240209,4870000,P,158200,163600,1,1
1704210300000,20240209,3800000,C,933100,939000,1,1
1704210300000,20240209,3800000,P,1500,1600,1,1
1704210300000,20240209,4760000,C,59900,60200,1,1
1704210300000,20240209,4760000,P,82800,83100,1,1
1704210300000,20240209,5400000,C,100,200,1,1
1704210300000,20240209,5400000,P,687100,693000,1,1
1704210300000,20240209,4650000,C,130300,131200,1,1
1704210300000,20240209,4650000,P,41500,41800,1,1
1704210300000,20240209,3900000,C,834100,840000,1,1
1704210300000,20240209,3900000,P,1900,2000,1,1
1704210300000,20240209,4540000,C,219900,221400,1,1
1704210300000,20240209,4540000,P,21500,21700,1,1
1704210300000,20240209,4860000,C,21700,21900,1,1
1704210300000,20240209,4860000,P,149600,154600,1,1
1704210300000,20240209,4750000,C,65200,65500,1,1
1704210300000,20240209,4750000,P,77700,78100,1,1
1704210300000,20240209,4000000,C,735300,741200,1,1
1704210300000,20240209,4000000,P,2400,2500,1,1
1704210300000,20240209,4640000,C,137800,138800,1,1
1704210300000,20240209,4640000,P,39000,39300,1,1
1704210300000,20240209,4530000,C,228700,230200,1,1
1704210300000,20240209,4530000,P,20300,20500,1,1
1704210300000,20240209,4850000,C,24300,24600,1,1
1704210300000,20240209,4850000,P,141100,146000,1,1
1704210300000,20240209,4100000,C,636800,642600,1,1
1704210300000,20240209,4100000,P,3200,3300,1,1
1704210300000,20240209,4740000,C,70700,71100,1,1
1704210300000,20240209,4740000,P,73000,73300,1,1
1704210300000,20240209,4950000,C,6700,6900,1,1
1704210300000,20240209,4950000,P,237200,243100,1,1
1704210300000,20240209,4630000,C,145500,146600,1,1
1704210300000,20240209,4630000,P,36700,37000,1,1
1704210300000,20240209,4200000,C,538700,544300,1,1
1704210300000,20240209,4200000,P,4400,4500,1,1
1704210300000,20240209,4520000,C,237500,239100,1,1
1704210300000,20240209,4520000,P,19100,19400,1,1
1704210300000,20240209,4840000,C,27200,27500,1,1
1704210300000,20240209,4840000,P,133100,137800,1,1
1704210300000,20240209,4730000,C,76500,76900,1,1
1704210300000,20240209,4730000,P,68500,68900,1,1
1704210300000,20240209,5050000,C,1500,1600,1,1
1704210300000,20240209,5050000,P,337200,343000,1,1
1704210300000,20240209,4300000,C,441600,446900,1,1
1704210300000,20240209,4300000,P,6400,6600,1,1
1704210300000,20240209,4620000,C,153300,154400,1,1
1704210300000,20240209,4620000,P,34500,34800,1,1
1704210300000,20240209,3550000,C,1180800,1186900,1,1
1704210300000,20240209,3550000,P,900,1000,1,1
1704210300000,20240209,4830000,C,30400,30700,1,1
1704210300000,20240209,4830000,P,125400,129900,1,1
1704210300000,20240209,5150000,C,500,600,1,1
1704210300000,20240209,5150000,P,437200,443000,1,1
1704210300000,20240209,5250000,C,200,300,1,1
1704210300000,20240209,5250000,P,537100,543000,1,1
1704210300000,20240209,4400000,C,346100,351100,1,1
1704210300000,20240209,4400000,P,10100,10300,1,1
1704210300000,20240209,4720000,C,82600,82900,1,1
1704210300000,20240209,4720000,P,64400,64700,1,1
1704210300000,20240209,3650000,C,1081700,1087700,1,1
1704210300000,20240209,3650000,P,1100,1200,1,1
1704210300000,20240209,4610000,C,161200,162400,1,1
1704210300000,20240209,4610000,P,32500,32800,1,1
1704210300000,20240209,5350000,C,100,200,1,1
1704210300000,20240209,5350000,P,637100,643000,1,1
1704210300000,20240209,4500000,C,255400,257000,1,1
1704210300000,20240209,4500000,P,17100,17300,1,1
1704210300000,20240209,4820000,C,33800,34100,1,1
1704210300000,20240209,4820000,P,118100,122400,1,1
1704210300000,20240209,3750000,C,982600,988600,1,1
1704210300000,20240209,3750000,P,1300,1400,1,1
1704210300000,20240209,4710000,C,88600,89200,1,1
1704210300000,20240209,4710000,P,60400,60700,1,1
1704210300000,20240209,5450000,C,100,200,1,1
1704210300000,20240209,5450000,P,737100,743000,1,1
1704210300000,20240209,4600000,C,169300,170600,1,1
1704210300000,20240209,4600000,P,30600,30900,1,1
1704210300000,20240209,3850000,C,883600,889500,1,1
1704210300000,20240209,3850000,P,1700,1800,1,1
1704210300000,20240209,4810000,C,37400,37800,1,1
1704210300000,20240209,4810000,P,111200,115300,1,1
1704210300000,20240209,4700000,C,95100,95700,1,1
1704210300000,20240209,4700000,P,56700,57000,1,1
1704210300000,20240209,3950000,C,784700,790600,1,1
1704210300000,20240209,3950000,P,2100,2200,1,1
1704210300000,20240209,4590000,C,177500,178800,1,1
1704210300000,20240209,4590000,P,28800,29100,1,1
1704210300000,20240216,5650000,C,100,200,1,1
1704210300000,20240216,5650000,P,937000,942900,1,1
1704210300000,20240216,3200000,C,1532800,1538700,1,1
1704210300000,20240216,3200000,P,600,700,1,1
1704210300000,20240216,4160000,C,585200,590300,1,1
1704210300000,20240216,4160000,P,5300,5400,1,1
1704210300000,20240216,4480000,C,282300,286300,1,1
1704210300000,20240216,4480000,P,19800,19900,1,1
1704210300000,20240216,4800000,C,50800,51000,1,1
1704210300000,20240216,4800000,P,110200,111000,1,1
1704210300000,20240216,2450000,C,2276100,2282800,1,1
1704210300000,20240216,2450000,P,100,200,1,1
1704210300000,20240216,4370000,C,383500,388100,1,1
1704210300000,20240216,4370000,P,11900,12000,1,1
1704210300000,20240216,4050000,C,692800,698100,1,1
1704210300000,20240216,4050000,P,3800,3900,1,1
1704210300000,20240216,4690000,C,113300,113900,1,1
1704210300000,20240216,4690000,P,59400,59600,1,1
1704210300000,20240216,5010000,C,4700,4800,1,1
1704210300000,20240216,5010000,P,297200,303100,1,1
1704210300000,20240216,5750000,P,1037000,1043000,1,1
1704210300000,20240216,3300000,C,1433700,1439500,1,1
1704210300000,20240216,3300000,P,700,800,1,1
1704210300000,20240216,4260000,C,488300,493200,1,1
1704210300000,20240216,4260000,P,7600,7700,1,1
1704210300000,20240216,4580000,C,196900,198200,1,1
1704210300000,20240216,4580000,P,32800,33000,1,1
1704210300000,20240216,4900000,C,18600,18800,1,1
1704210300000,20240216,4900000,P,187200,192600,1,1
1704210300000,20240216,2550000,C,2176900,2183600,1,1
1704210300000,20240216,2550000,P,100,200,1,1
1704210300000,20240216,4150000,C,594900,600100,1,1
1704210300000,20240216,4150000,P,5200,5300,1,1
1704210300000,20240216,4470000,C,291300,295400,1,1
1704210300000,20240216,4470000,P,18800,19000,1,1
1704210300000,20240216,4790000,C,55300,55500,1,1
1704210300000,20240216,4790000,P,104100,105100,1,1
1704210300000,20240216,3400000,C,1334700,1340400,1,1
1704210300000,20240216,3400000,P,900,1000,1,1
1704210300000,20240216,4360000,C,392900,397600,1,1
1704210300000,20240216,4360000,P,11400,11500,1,1
1704210300000,20240216,4040000,C,702600,707900,1,1
1704210300000,20240216,4040000,P,3700,3800,1,1
1704210300000,20240216,5000000,C,5400,5500,1,1
1704210300000,20240216,5000000,P,287200,293100,1,1
1704210300000,20240216,4680000,C,120200,120900,1,1
1704210300000,20240216,4680000,P,56200,56400,1,1
1704210300000,20240216,2650000,C,2077700,2084300,1,1
1704210300000,20240216,2650000,P,200,300,1,1
1704210300000,20240216,4250000,C,497900,502900,1,1
1704210300000,20240216,4250000,P,7300,7400,1,1
1704210300000,20240216,4570000,C,205200,206500,1,1
1704210300000,20240216,4570000,P,31100,31300,1,1
1704210300000,20240216,4890000,C,20800,21000,1,1
1704210300000,20240216,4890000,P,177100,182700,1,1
1704210300000,20240216,3500000,C,1235600,1241300,1,1
1704210300000,20240216,3500000,P,1100,1200,1,1
1704210300000,20240216,4140000,C,604700,609900,1,1
1704210300000,20240216,4140000,P,5000,5100,1,1
1704210300000,20240216,4460000,C,300300,304500,1,1
1704210300000,20240216,4460000,P,18000,18100,1,1
1704210300000,20240216,5100000,C,1400,1500,1,1
1704210300000,20240216,5100000,P,387200,393000,1,1
1704210300000,20240216,4780000,C,60100,60300,1,1
1704210300000,20240216,4780000,P,98400,99200,1,1
1704210300000,20240216,2750000,C,1978500,1985100,1,1
1704210300000,20240216,2750000,P,200,300,1,1
1704210300000,20240216,4350000,C,402400,407000,1,1
1704210300000,20240216,4350000,P,10900,11000,1,1
1704210300000,20240216,4030000,C,712400,717700,1,1
1704210300000,20240216,4030000,P,3600,3700,1,1
1704210300000,20240216,4670000,C,127200,128000,1,1
1704210300000,20240216,4670000,P,53200,53400,1,1
1704210300000,20240216,4990000,C,6100,6200,1,1
1704210300000,20240216,4990000,P,277200,283100,1,1
1704210300000,20240216,3600000,C,1136700,1142300,1,1
1704210300000,20240216,3600000,P,1300,1400,1,1
1704210300000,20240216,4240000,C,507600,512600,1,1
1704210300000,20240216,4240000,P,7000,7100,1,1
1704210300000,20240216,4560000,C,213600,214900,1,1
1704210300000,20240216,4560000,P,29600,29700,1,1
1704210300000,20240216,5200000,C,500,600,1,1
1704210300000,20240216,5200000,P,487100,493000,1,1
1704210300000,20240216,4880000,C,23200,23400,1,1
1704210300000,20240216,4880000,P,168300,173600,1,1
1704210300000,20240216,2850000,C,1879400,1885900,1,1
1704210300000,20240216,2850000,P,200,300,1,1
1704210300000,20240216,4130000,C,614400,619600,1,1
1704210300000,20240216,4130000,P,4800,4900,1,1
1704210300000,20240216,4450000,C,309400,313600,1,1
1704210300000,20240216,4450000,P,17100,17300,1,1
1704210300000,20240216,4770000,C,65200,65400,1,1
1704210300000,20240216,4770000,P,93200,93500,1,1
1704210300000,20240216,2100000,C,2623200,2630200,1,1
1704210300000,20240216,3700000,C,1037800,1043300,1,1
1704210300000,20240216,3700000,P,1600,1700,1,1
1704210300000,20240216,4340000,C,411800,416500,1,1
1704210300000,20240216,4340000,P,10500,10600,1,1
1704210300000,20240216,4020000,C,722200,727600,1,1
1704210300000,20240216,4020000,P,3500,3600,1,1
1704210300000,20240216,4660000,C,134500,135300,1,1
1704210300000,20240216,4660000,P,50400,50600,1,1
1704210300000,20240216,4980000,C,7000,7100,1,1
1704210300000,20240216,4980000,P,267200,272900,1,1
1704210300000,20240216,5300000,C,200,300,1,1
1704210300000,20240216,5300000,P,587100,593000,1,1
1704210300000,20240216,2950000,C,1780200,1786700,1,1
1704210300000,20240216,2950000,P,300,400,1,1
1704210300000,20240216,4230000,C,517200,522200,1,1
1704210300000,20240216,4230000,P,6800,6900,1,1
1704210300000,20240216,4550000,C,221100,224500,1,1
1704210300000,20240216,4550000,P,28100,28200,1,1
1704210300000,20240216,4870000,C,25800,26000,1,1
1704210300000,20240216,4870000,P,159700,164400,1,1
1704210300000,20240216,2200000,C,2524100,2530900,1,1
1704210300000,20240216,3800000,C,938900,944500,1,1
1704210300000,20240216,3800000,P,2000,2100,1,1
1704210300000,20240216,4120000,C,624200,629400,1,1
1704210300000,20240216,4120000,P,4700,4800,1,1
1704210300000,20240216,4440000,C,319700,321300,1,1
1704210300000,20240216,4440000,P,16300,16500,1,1
1704210300000,20240216,4760000,C,70400,70600,1,1
1704210300000,20240216,4760000,P,88100,88400,1,1
1704210300000,20240216,5400000,C,100,200,1,1
1704210300000,20240216,5400000,P,687100,692900,1,1
1704210300000,20240216,3050000,C,1681100,1687500,1,1
1704210300000,20240216,3050000,P,400,500,1,1
1704210300000,20240216,4330000,C,421300,426000,1,1
1704210300000,20240216,4330000,P,10000,10100,1,1
1704210300000,20240216,4010000,C,732000,737400,1,1
1704210300000,20240216,4010000,P,3400,3500,1,1
1704210300000,20240216,4650000,C,142100,142900,1,1
1704210300000,20240216,4650000,P,47700,47900,1,1
1704210300000,20240216,4970000,C,8000,8100,1,1
1704210300000,20240216,4970000,P,257200,262600,1,1
1704210300000,20240216,2300000,C,2424900,2431700,1,1
1704210300000,20240216,2300000,P,100,200,1,1
1704210300000,20240216,3900000,C,840300,845700,1,1
1704210300000,20240216,3900000,P,2600,2700,1,1
1704210300000,20240216,4220000,C,526900,531900,1,1
1704210300000,20240216,4220000,P,6500,6600,1,1
1704210300000,20240216,4540000,C,230600,232000,1,1
1704210300000,20240216,4540000,P,26700,26800,1,1
1704210300000,20240216,4860000,C,28700,28800,1,1
1704210300000,20240216,4860000,P,151400,155900,1,1
1704210300000,20240216,5500000,C,100,200,1,1
1704210300000,20240216,5500000,P,787100,793000,1,1
1704210300000,20240216,3150000,C,1582400,1588300,1,1
1704210300000,20240216,3150000,P,500,600,1,1
1704210300000,20240216,4110000,C,634000,639200,1,1
1704210300000,20240216,4110000,P,4500,4600,1,1
1704210300000,20240216,4430000,C,328900,330600,1,1
1704210300000,20240216,4430000,P,15600,15700,1,1
1704210300000,20240216,4750000,C,76000,76200,1,1
1704210300000,20240216,4750000,P,83200,83500,1,1
1704210300000,20240216,2400000,C,2325700,2332400,1,1
1704210300000,20240216,2400000,P,100,200,1,1
1704210300000,20240216,4320000,C,430800,435600,1,1
1704210300000,20240216,4320000,P,9600,9700,1,1
1704210300000,20240216,4000000,C,741900,747200,1,1
1704210300000,20240216,4000000,P,3300,3400,1,1
1704210300000,20240216,4640000,C,149400,150300,1,1
1704210300000,20240216,4640000,P,45200,45400,1,1
1704210300000,20240216,4960000,C,9000,9200,1,1
1704210300000,20240216,4960000,P,247200,252600,1,1
1704210300000,20240216,5600000,C,100,200,1,1
1704210300000,20240216,5600000,P,887000,893000,1,1
1704210300000,20240216,3250000,C,1483300,1489100,1,1
1704210300000,20240216,3250000,P,600,700,1,1
1704210300000,20240216,4210000,C,536600,541600,1,1
1704210300000,20240216,4210000,P,6300,6400,1,1
1704210300000,20240216,4530000,C,239300,240700,1,1
1704210300000,20240216,4530000,P,25400,25500,1,1
1704210300000,20240216,4850000,C,31700,31900,1,1
1704210300000,20240216,4850000,P,143500,147800,1,1
1704210300000,20240216,2500000,C,2226500,2233200,1,1
1704210300000,20240216,2500000,P,100,200,1,1
1704210300000,20240216,4100000,C,643800,649000,1,1
1704210300000,20240216,4100000,P,4400,4500,1,1
1704210300000,20240216,4420000,C,338100,339800,1,1
1704210300000,20240216,4420000,P,14900,15000,1,1
1704210300000,20240216,4740000,C,81700,81900,1,1
1704210300000,20240216,4740000,P,78700,78900,1,1
1704210300000,20240216,5700000,P,987000,993000,1,1
1704210300000,20240216,3350000,C,1384200,1390000,1,1
1704210300000,20240216,3350000,P,800,900,1,1
1704210300000,20240216,4310000,C,440400,445200,1,1
1704210300000,20240216,4310000,P,9200,9300,1,1
1704210300000,20240216,4950000,C,10300,10400,1,1
1704210300000,20240216,4950000,P,237200,242600,1,1
1704210300000,20240216,4630000,C,157000,158000,1,1
1704210300000,20240216,4630000,P,42800,43000,1,1
1704210300000,20240216,2600000,C,2127300,2133900,1,1
1704210300000,20240216,2600000,P,100,200,1,1
1704210300000,20240216,4200000,C,546300,551400,1,1
1704210300000,20240216,4200000,P,6100,6200,1,1
1704210300000,20240216,4520000,C,248000,249400,1,1
1704210300000,20240216,4520000,P,24100,24300,1,1
1704210300000,20240216,4840000,C,35100,35200,1,1
1704210300000,20240216,4840000,P,135900,140000,1,1
1704210300000,20240216,3450000,C,1285200,1290900,1,1
1704210300000,20240216,3450000,P,1000,1100,1,1
1704210300000,20240216,4090000,C,653600,658800,1,1
1704210300000,20240216,4090000,P,4300,4400,1,1
1704210300000,20240216,4410000,C,347300,349000,1,1
1704210300000,20240216,4410000,P,14200,14300,1,1
1704210300000,20240216,5050000,C,2700,2800,1,1
1704210300000,20240216,5050000,P,337200,342900,1,1
1704210300000,20240216,4730000,C,87700,87900,1,1
1704210300000,20240216,4730000,P,74300,74600,1,1
1704210300000,20240216,2700000,C,2028100,2034700,1,1
1704210300000,20240216,2700000,P,200,300,1,1
1704210300000,20240216,4300000,C,449900,454700,1,1
1704210300000,20240216,4300000,P,8900,9000,1,1
1704210300000,20240216,4620000,C,164800,165800,1,1
1704210300000,20240216,4620000,P,40600,40700,1,1
1704210300000,20240216,4940000,C,11600,11700,1,1
1704210300000,20240216,4940000,P,227200,232600,1,1
1704210300000,20240216,3550000,C,1186100,1191800,1,1
1704210300000,20240216,3550000,P,1200,1300,1,1
1704210300000,20240216,4190000,C,556000,561100,1,1
1704210300000,20240216,4190000,P,5900,6000,1,1
1704210300000,20240216,4510000,C,256700,258200,1,1
1704210300000,20240216,4510000,P,22900,23100,1,1
1704210300000,20240216,5150000,C,800,900,1,1
1704210300000,20240216,5150000,P,437200,442900,1,1
1704210300000,20240216,4830000,C,38600,38800,1,1
1704210300000,20240216,4830000,P,128600,132500,1,1
1704210300000,20240216,5250000,C,300,400,1,1
1704210300000,20240216,5250000,P,537100,543000,1,1
1704210300000,20240216,2800000,C,1929000,1935500,1,1
1704210300000,20240216,2800000,P,200,300,1,1
1704210300000,20240216,4080000,C,663300,668600,1,1
1704210300000,20240216,4080000,P,4200,4300,1,1
1704210300000,20240216,4400000,C,356700,358400,1,1
1704210300000,20240216,4400000,P,13600,13700,1,1
1704210300000,20240216,4720000,C,93800,94100,1,1
1704210300000,20240216,4720000,P,70300,70500,1,1
1704210300000,20240216,3650000,C,1087200,1092800,1,1
1704210300000,20240216,3650000,P,1500,1600,1,1
1704210300000,20240216,4290000,C,459500,464300,1,1
1704210300000,20240216,4290000,P,8500,8600,1,1
1704210300000,20240216,4610000,C,172600,173700,1,1
1704210300000,20240216,4610000,P,38500,38600,1,1
1704210300000,20240216,4930000,C,13100,13200,1,1
1704210300000,20240216,4930000,P,217200,222600,1,1
1704210300000,20240216,5350000,C,200,300,1,1
1704210300000,20240216,5350000,P,637100,643000,1,1
1704210300000,20240216,2900000,C,1829800,1836300,1,1
1704210300000,20240216,2900000,P,300,400,1,1
1704210300000,20240216,4180000,C,565700,570800,1,1
1704210300000,20240216,4180000,P,5700,5800,1,1
1704210300000,20240216,4500000,C,264500,268400,1,1
1704210300000,20240216,4500000,P,21800,22000,1,1
1704210300000,20240216,4820000,C,42400,42600,1,1
1704210300000,20240216,4820000,P,121700,125400,1,1
1704210300000,20240216,2150000,C,2573600,2580600,1,1
1704210300000,20240216,3750000,C,988000,993900,1,1
1704210300000,20240216,3750000,P,1800,1900,1,1
1704210300000,20240216,4390000,C,364800,369300,1,1
1704210300000,20240216,4390000,P,13000,13100,1,1
1704210300000,20240216,4070000,C,673100,678400,1,1
1704210300000,20240216,4070000,P,4000,4100,1,1
1704210300000,20240216,4710000,C,100200,100500,1,1
1704210300000,20240216,4710000,P,66400,66700,1,1
1704210300000,20240216,5450000,C,100,200,1,1
1704210300000,20240216,5450000,P,737100,743000,1,1
1704210300000,20240216,3000000,C,1730600,1737100,1,1
1704210300000,20240216,3000000,P,400,500,1,1
1704210300000,20240216,4280000,C,469100,474000,1,1
1704210300000,20240216,4280000,P,8200,8300,1,1
1704210300000,20240216,4600000,C,179700,182800,1,1
1704210300000,20240216,4600000,P,36500,36600,1,1
1704210300000,20240216,4920000,C,14800,14900,1,1
1704210300000,20240216,4920000,P,207200,212600,1,1
1704210300000,20240216,2250000,C,2474500,2481300,1,1
1704210300000,20240216,3850000,C,889600,895100,1,1
1704210300000,20240216,3850000,P,2300,2400,1,1
1704210300000,20240216,4170000,C,575400,580600,1,1
1704210300000,20240216,4170000,P,5500,5600,1,1
1704210300000,20240216,4490000,C,273400,275900,1,1
1704210300000,20240216,4490000,P,20800,20900,1,1
1704210300000,20240216,4810000,C,46500,46700,1,1
1704210300000,20240216,4810000,P,115100,118600,1,1
1704210300000,20240216,5550000,C,100,200,1,1
1704210300000,20240216,5550000,P,837000,843000,1,1
1704210300000,20240216,3100000,C,1631900,1637900,1,1
1704210300000,20240216,3100000,P,500,600,1,1
1704210300000,20240216,4380000,C,373900,378700,1,1
1704210300000,20240216,4380000,P,12400,12500,1,1
1704210300000,20240216,4060000,C,683000,688200,1,1
1704210300000,20240216,4060000,P,3900,4000,1,1
1704210300000,20240216,4700000,C,106700,107100,1,1
1704210300000,20240216,4700000,P,62800,63100,1,1
1704210300000,20240216,5020000,C,4100,4200,1,1
1704210300000,20240216,5020000,P,307200,313100,1,1
1704210300000,20240216,2350000,C,2375300,2382100,1,1
1704210300000,20240216,2350000,P,100,200,1,1
1704210300000,20240216,4270000,C,478700,483600,1,1
1704210300000,20240216,4270000,P,7900,8000,1,1
1704210300000,20240216,3950000,C,791000,796500,1,1
1704210300000,20240216,3950000,P,2900,3000,1,1
1704210300000,20240216,4590000,C,188700,189900,1,1
1704210300000,20240216,4590000,P,34600,34800,1,1
1704210300000,20240216,4910000,C,16600,16700,1,1
1704210300000,20240216,4910000,P,197200,202600,1,1
1704210300000,20240229,3200000,C,1538400,1545900,1,1
1704210300000,20240229,3200000,P,1000,1100,1,1
1704210300000,20240229,4160000,C,595200,601600,1,1
1704210300000,20240229,4160000,P,8200,8300,1,1
1704210300000,20240229,4480000,C,299000,300200,1,1
1704210300000,20240229,4480000,P,26700,27000,1,1
1704210300000,20240229,4800000,C,65200,65500,1,1
1704210300000,20240229,4800000,P,116600,118000,1,1
1704210300000,20240229,4370000,C,398200,400000,1,1
1704210300000,20240229,4370000,P,17200,17300,1,1
1704210300000,20240229,4050000,C,701800,708400,1,1
1704210300000,20240229,4050000,P,5900,6000,1,1
1704210300000,20240229,4690000,C,130500,131000,1,1
1704210300000,20240229,4690000,P,68200,68600,1,1
1704210300000,20240229,5010000,C,8700,8800,1,1
1704210300000,20240229,5010000,P,296600,303700,1,1
1704210300000,20240229,3300000,C,1439500,1447000,1,1
1704210300000,20240229,3300000,P,1200,1300,1,1
1704210300000,20240229,4260000,C,499500,505500,1,1
1704210300000,20240229,4260000,P,11500,11600,1,1
1704210300000,20240229,4580000,C,213900,214800,1,1
1704210300000,20240229,4580000,P,41200,41400,1,1
1704210300000,20240229,4900000,C,27900,28100,1,1
1704210300000,20240229,4900000,P,187100,194000,1,1
1704210300000,20240229,4150000,C,604800,611300,1,1
1704210300000,20240229,4150000,P,8000,8100,1,1
1704210300000,20240229,4470000,C,307500,309100,1,1
1704210300000,20240229,4470000,P,25600,25900,1,1
1704210300000,20240229,4790000,C,70100,70500,1,1
1704210300000,20240229,4790000,P,110900,112200,1,1
1704210300000,20240229,3400000,C,1340700,1348100,1,1
1704210300000,20240229,3400000,P,1400,1500,1,1
1704210300000,20240229,4360000,C,407500,409300,1,1
1704210300000,20240229,4360000,P,16500,16700,1,1
1704210300000,20240229,5000000,C,9700,9900,1,1
1704210300000,20240229,5000000,P,286600,293700,1,1
1704210300000,20240229,4680000,C,137200,138000,1,1
1704210300000,20240229,4680000,P,65100,65400,1,1
1704210300000,20240229,4250000,C,509000,515100,1,1
1704210300000,20240229,4250000,P,11100,11200,1,1
1704210300000,20240229,4570000,C,222100,223100,1,1
1704210300000,20240229,4570000,P,39400,39700,1,1
1704210300000,20240229,4890000,C,30600,30900,1,1
1704210300000,20240229,4890000,P,178800,184700,1,1
1704210300000,20240229,3500000,C,1242000,1249300,1,1
1704210300000,20240229,3500000,P,1700,1800,1,1
1704210300000,20240229,4140000,C,614500,620900,1,1
1704210300000,20240229,4140000,P,7700,7800,1,1
1704210300000,20240229,4460000,C,316400,318000,1,1
1704210300000,20240229,4460000,P,24600,24800,1,1
1704210300000,20240229,5100000,C,3100,3200,1,1
1704210300000,20240229,5100000,P,386600,393600,1,1
1704210300000,20240229,4780000,C,75300,75600,1,1
1704210300000,20240229,4780000,P,105800,106200,1,1
1704210300000,20240229,4350000,C,416800,418600,1,1
1704210300000,20240229,4350000,P,15900,16000,1,1
1704210300000,20240229,4670000,C,143500,146200,1,1
1704210300000,20240229,4670000,P,62100,62400,1,1
1704210300000,20240229,4990000,C,10900,11100,1,1
1704210300000,20240229,4990000,P,276600,283700,1,1
1704210300000,20240229,3600000,C,1143400,1150600,1,1
1704210300000,20240229,3600000,P,2100,2200,1,1
1704210300000,20240229,4240000,C,518500,524600,1,1
1704210300000,20240229,4240000,P,10700,10800,1,1
1704210300000,20240229,4560000,C,230100,231400,1,1
1704210300000,20240229,4560000,P,37700,37900,1,1
1704210300000,20240229,5200000,C,1100,1200,1,1
1704210300000,20240229,5200000,P,486500,493600,1,1
1704210300000,20240229,4880000,C,33600,33900,1,1
1704210300000,20240229,4880000,P,170400,176200,1,1
1704210300000,20240229,4130000,C,624200,630600,1,1
1704210300000,20240229,4130000,P,7500,7600,1,1
1704210300000,20240229,4450000,C,325300,327000,1,1
1704210300000,20240229,4450000,P,23600,23800,1,1
1704210300000,20240229,4770000,C,80600,81000,1,1
1704210300000,20240229,4770000,P,100700,101100,1,1
1704210300000,20240229,3700000,C,1044800,1052000,1,1
1704210300000,20240229,3700000,P,2600,2700,1,1
1704210300000,20240229,4340000,C,424200,429900,1,1
1704210300000,20240229,4340000,P,15300,15500,1,1
1704210300000,20240229,4660000,C,150700,153500,1,1
1704210300000,20240229,4660000,P,59200,59600,1,1
1704210300000,20240229,4980000,C,12200,12400,1,1
1704210300000,20240229,4980000,P,266600,273700,1,1
1704210300000,20240229,5300000,C,500,600,1,1
1704210300000,20240229,5300000,P,586500,593600,1,1
1704210300000,20240229,4230000,C,528100,534200,1,1
1704210300000,20240229,4230000,P,10300,10500,1,1
1704210300000,20240229,4550000,C,238400,239800,1,1
1704210300000,20240229,4550000,P,36100,36300,1,1
1704210300000,20240229,4870000,C,36800,37100,1,1
1704210300000,20240229,4870000,P,162400,167900,1,1
1704210300000,20240229,3800000,C,946500,953500,1,1
1704210300000,20240229,3800000,P,3200,3300,1,1
1704210300000,20240229,4120000,C,633800,640300,1,1
1704210300000,20240229,4120000,P,7200,7400,1,1
1704210300000,20240229,4440000,C,334300,336000,1,1
1704210300000,20240229,4440000,P,22700,22900,1,1
1704210300000,20240229,4760000,C,86200,86600,1,1
1704210300000,20240229,4760000,P,95800,96200,1,1
1704210300000,20240229,5400000,C,300,400,1,1
1704210300000,20240229,5400000,P,686500,693600,1,1
1704210300000,20240229,3050000,C,1686700,1694300,1,1
1704210300000,20240229,3050000,P,700,800,1,1
1704210300000,20240229,4330000,C,433500,439300,1,1
1704210300000,20240229,4330000,P,14700,14900,1,1
1704210300000,20240229,4650000,C,159000,159900,1,1
1704210300000,20240229,4650000,P,56500,56900,1,1
1704210300000,20240229,4970000,C,13600,13800,1,1
1704210300000,20240229,4970000,P,256600,263700,1,1
1704210300000,20240229,3900000,C,848300,855200,1,1
1704210300000,20240229,3900000,P,4000,4100,1,1
1704210300000,20240229,4220000,C,537600,543800,1,1
1704210300000,20240229,4220000,P,10000,10100,1,1
1704210300000,20240229,4540000,C,246800,248200,1,1
1704210300000,20240229,4540000,P,34500,34800,1,1
1704210300000,20240229,4860000,C,40200,40500,1,1
1704210300000,20240229,4860000,P,154800,160000,1,1
1704210300000,20240229,3150000,C,1587800,1595400,1,1
1704210300000,20240229,3150000,P,900,1000,1,1
1704210300000,20240229,4110000,C,643500,650000,1,1
1704210300000,20240229,4110000,P,7000,7200,1,1
1704210300000,20240229,4430000,C,343300,345000,1,1
1704210300000,20240229,4430000,P,21800,22000,1,1
1704210300000,20240229,4750000,C,92000,92400,1,1
1704210300000,20240229,4750000,P,91200,91600,1,1
1704210300000,20240229,4320000,C,442900,448700,1,1
1704210300000,20240229,4320000,P,14200,14400,1,1
1704210300000,20240229,4000000,C,750500,757200,1,1
1704210300000,20240229,4000000,P,5200,5300,1,1
1704210300000,20240229,4640000,C,166700,167400,1,1
1704210300000,20240229,4640000,P,54000,54300,1,1
1704210300000,20240229,4960000,C,15100,15400,1,1
1704210300000,20240229,4960000,P,246600,253700,1,1
1704210300000,20240229,3250000,C,1488900,1496500,1,1
1704210300000,20240229,3250000,P,1100,1200,1,1
1704210300000,20240229,4210000,C,547200,553400,1,1
1704210300000,20240229,4210000,P,9700,9800,1,1
1704210300000,20240229,4530000,C,255300,256700,1,1
1704210300000,20240229,4530000,P,33000,33300,1,1
1704210300000,20240229,4850000,C,43900,44100,1,1
1704210300000,20240229,4850000,P,147400,152400,1,1
1704210300000,20240229,4100000,C,653200,659700,1,1
1704210300000,20240229,4100000,P,6800,6900,1,1
1704210300000,20240229,4420000,C,352400,354100,1,1
1704210300000,20240229,4420000,P,20900,21100,1,1
1704210300000,20240229,4740000,C,98000,98400,1,1
1704210300000,20240229,4740000,P,86900,87300,1,1
1704210300000,20240229,3350000,C,1390100,1397600,1,1
1704210300000,20240229,3350000,P,1300,1400,1,1
1704210300000,20240229,4310000,C,452300,458100,1,1
1704210300000,20240229,4310000,P,13700,13800,1,1
1704210300000,20240229,4630000,C,174300,175100,1,1
1704210300000,20240229,4630000,P,51600,51900,1,1
1704210300000,20240229,4950000,C,16800,17100,1,1
1704210300000,20240229,4950000,P,236600,243700,1,1
1704210300000,20240229,4200000,C,556800,563000,1,1
1704210300000,20240229,4200000,P,9300,9500,1,1
1704210300000,20240229,4520000,C,263800,265300,1,1
1704210300000,20240229,4520000,P,31600,31900,1,1
1704210300000,20240229,4840000,C,47600,47900,1,1
1704210300000,20240229,4840000,P,140400,145100,1,1
1704210300000,20240229,3450000,C,1291400,1298700,1,1
1704210300000,20240229,3450000,P,1600,1700,1,1
1704210300000,20240229,4090000,C,662900,669500,1,1
1704210300000,20240229,4090000,P,6600,6700,1,1
1704210300000,20240229,4410000,C,361500,363200,1,1
1704210300000,20240229,4410000,P,20100,20300,1,1
1704210300000,20240229,5050000,C,5500,5600,1,1
1704210300000,20240229,5050000,P,336600,343600,1,1
1704210300000,20240229,4730000,C,104100,104600,1,1
1704210300000,20240229,4730000,P,82700,83100,1,1
1704210300000,20240229,4300000,C,461700,467600,1,1
1704210300000,20240229,4300000,P,13200,13400,1,1
1704210300000,20240229,4620000,C,182100,182800,1,1
1704210300000,20240229,4620000,P,49300,49600,1,1
1704210300000,20240229,4940000,C,18700,18900,1,1
1704210300000,20240229,4940000,P,226600,233700,1,1
1704210300000,20240229,3550000,C,1192700,1200000,1,1
1704210300000,20240229,3550000,P,1900,2000,1,1
1704210300000,20240229,4190000,C,566400,572600,1,1
1704210300000,20240229,4190000,P,9000,9200,1,1
1704210300000,20240229,4510000,C,272800,273900,1,1
1704210300000,20240229,4510000,P,30300,30600,1,1
1704210300000,20240229,5150000,C,1800,1900,1,1
1704210300000,20240229,5150000,P,436600,443600,1,1
1704210300000,20240229,4830000,C,51700,52000,1,1
1704210300000,20240229,4830000,P,133600,138100,1,1
1704210300000,20240229,5250000,C,700,800,1,1
1704210300000,20240229,5250000,P,536500,543600,1,1
1704210300000,20240229,4080000,C,672600,679200,1,1
1704210300000,20240229,4080000,P,6400,6600,1,1
1704210300000,20240229,4400000,C,370600,372400,1,1
1704210300000,20240229,4400000,P,19300,19500,1,1
1704210300000,20240229,4720000,C,110500,110900,1,1
1704210300000,20240229,4720000,P,78800,79200,1,1
1704210300000,20240229,3650000,C,1094100,1101300,1,1
1704210300000,20240229,3650000,P,2300,2400,1,1
1704210300000,20240229,4290000,C,471100,477000,1,1
1704210300000,20240229,4290000,P,12700,12900,1,1
1704210300000,20240229,4610000,C,189900,190700,1,1
1704210300000,20240229,4610000,P,47100,47400,1,1
1704210300000,20240229,4930000,C,20700,21000,1,1
1704210300000,20240229,4930000,P,216600,223700,1,1
1704210300000,20240229,5350000,C,400,500,1,1
1704210300000,20240229,5350000,P,636500,643600,1,1
1704210300000,20240229,4180000,C,576000,582300,1,1
1704210300000,20240229,4180000,P,8700,8900,1,1
1704210300000,20240229,4500000,C,281100,282700,1,1
1704210300000,20240229,4500000,P,29100,29300,1,1
1704210300000,20240229,4820000,C,55900,56300,1,1
1704210300000,20240229,4820000,P,127200,131400,1,1
1704210300000,20240229,3750000,C,995600,1002700,1,1
1704210300000,20240229,3750000,P,2900,3000,1,1
1704210300000,20240229,4390000,C,379800,381600,1,1
1704210300000,20240229,4390000,P,18600,18700,1,1
1704210300000,20240229,4070000,C,682300,688900,1,1
1704210300000,20240229,4070000,P,6300,6400,1,1
1704210300000,20240229,4710000,C,116900,117500,1,1
1704210300000,20240229,4710000,P,75100,75500,1,1
1704210300000,20240229,5450000,C,200,300,1,1
1704210300000,20240229,5450000,P,736500,743600,1,1
1704210300000,20240229,3000000,C,1736100,1743800,1,1
1704210300000,20240229,3000000,P,600,700,1,1
1704210300000,20240229,4280000,C,480600,486500,1,1
1704210300000,20240229,4280000,P,12300,12400,1,1
1704210300000,20240229,4600000,C,197500,198700,1,1
1704210300000,20240229,4600000,P,45000,45300,1,1
1704210300000,20240229,4920000,C,22900,23200,1,1
1704210300000,20240229,4920000,P,206600,213600,1,1
1704210300000,20240229,3850000,C,897400,904400,1,1
1704210300000,20240229,3850000,P,3600,3700,1,1
1704210300000,20240229,4170000,C,585600,591900,1,1
1704210300000,20240229,4170000,P,8500,8600,1,1
1704210300000,20240229,4490000,C,290200,291400,1,1
1704210300000,20240229,4490000,P,27900,28100,1,1
1704210300000,20240229,4810000,C,60400,60800,1,1
1704210300000,20240229,4810000,P,121100,125100,1,1
1704210300000,20240229,3100000,C,1637200,1644800,1,1
1704210300000,20240229,3100000,P,800,900,1,1
1704210300000,20240229,4380000,C,389000,390800,1,1
1704210300000,20240229,4380000,P,17800,18000,1,1
1704210300000,20240229,4060000,C,692000,698700,1,1
1704210300000,20240229,4060000,P,6100,6200,1,1
1704210300000,20240229,4700000,C,123700,124100,1,1
1704210300000,20240229,4700000,P,71600,72000,1,1
1704210300000,20240229,5020000,C,7700,7900,1,1
1704210300000,20240229,5020000,P,306600,313700,1,1
1704210300000,20240229,4270000,C,490000,496000,1,1
1704210300000,20240229,4270000,P,11900,12000,1,1
1704210300000,20240229,3950000,C,799300,806200,1,1
1704210300000,20240229,3950000,P,4600,4700,1,1
1704210300000,20240229,4590000,C,205800,206700,1,1
1704210300000,20240229,4590000,P,43000,43300,1,1
1704210300000,20240229,4910000,C,25300,25600,1,1
1704210300000,20240229,4910000,P,196600,203700,1,1
1704210300000,20240315,3200000,C,1545000,1555000,1,1
1704210300000,20240315,3200000,P,1700,1800,1,1
1704210300000,20240315,4480000,C,313800,319300,1,1
1704210300000,20240315,4480000,P,36700,36900,1,1
1704210300000,20240315,6400000,P,1684800,1695000,1,1
1704210300000,20240315,4050000,C,712600,721100,1,1
1704210300000,20240315,4050000,P,9600,9700,1,1
1704210300000,20240315,4690000,C,149100,149700,1,1
1704210300000,20240315,4690000,P,80500,80900,1,1
1704210300000,20240315,5750000,C,100,200,1,1
1704210300000,20240315,5750000,P,1035100,1044900,1,1
1704210300000,20240315,4260000,C,512800,520300,1,1
1704210300000,20240315,4260000,P,17600,17800,1,1
1704210300000,20240315,4900000,C,40100,40500,1,1
1704210300000,20240315,4900000,P,190700,197300,1,1
1704210300000,20240315,2550000,C,2186300,2196800,1,1
1704210300000,20240315,2550000,P,500,600,1,1
1704210300000,20240315,4470000,C,322500,328100,1,1
1704210300000,20240315,4470000,P,35400,35700,1,1
1704210300000,20240315,3400000,C,1348000,1357800,1,1
1704210300000,20240315,3400000,P,2400,2500,1,1
1704210300000,20240315,4040000,C,722300,730800,1,1
1704210300000,20240315,4040000,P,9400,9500,1,1
1704210300000,20240315,4680000,C,156100,156700,1,1
1704210300000,20240315,4680000,P,77400,77700,1,1
1704210300000,20240315,6600000,P,1884700,1895000,1,1
1704210300000,20240315,4250000,C,522200,529700,1,1
1704210300000,20240315,4250000,P,17100,17200,1,1
1704210300000,20240315,4890000,C,43400,43800,1,1
1704210300000,20240315,4890000,P,182900,189100,1,1
1704210300000,20240315,5950000,C,100,200,1,1
1704210300000,20240315,5950000,P,1235000,1244900,1,1
1704210300000,20240315,4460000,C,331200,335600,1,1
1704210300000,20240315,4460000,P,34200,34400,1,1
1704210300000,20240315,5100000,C,6100,6300,1,1
1704210300000,20240315,5100000,P,385400,394900,1,1
1704210300000,20240315,2750000,C,1988900,1999300,1,1
1704210300000,20240315,2750000,P,800,900,1,1
1704210300000,20240315,4030000,C,731900,740500,1,1
1704210300000,20240315,4030000,P,9100,9300,1,1
1704210300000,20240315,4670000,C,163200,163900,1,1
1704210300000,20240315,4670000,P,74400,74700,1,1
1704210300000,20240315,3600000,C,1151500,1161000,1,1
1704210300000,20240315,3600000,P,3500,3600,1,1
1704210300000,20240315,4240000,C,531600,539200,1,1
1704210300000,20240315,4240000,P,16600,16700,1,1
1704210300000,20240315,4880000,C,46900,47300,1,1
1704210300000,20240315,4880000,P,175400,181200,1,1
1704210300000,20240315,4450000,C,340000,345800,1,1
1704210300000,20240315,4450000,P,33000,33200,1,1
1704210300000,20240315,6150000,P,1434900,1444900,1,1
1704210300000,20240315,2100000,C,2630600,2641600,1,1
1704210300000,20240315,2100000,P,200,300,1,1
1704210300000,20240315,4020000,C,741600,750200,1,1
1704210300000,20240315,4020000,P,8900,9000,1,1
1704210300000,20240315,4660000,C,170400,171500,1,1
1704210300000,20240315,4660000,P,71500,71900,1,1
1704210300000,20240315,5300000,C,1100,1200,1,1
1704210300000,20240315,5300000,P,585300,594900,1,1
1704210300000,20240315,2950000,C,1791500,1801700,1,1
1704210300000,20240315,2950000,P,1100,1200,1,1
1704210300000,20240315,4230000,C,541000,548600,1,1
1704210300000,20240315,4230000,P,16100,16200,1,1
1704210300000,20240315,4870000,C,50600,51000,1,1
1704210300000,20240315,4870000,P,168100,173600,1,1
1704210300000,20240315,3800000,C,955500,964700,1,1
1704210300000,20240315,3800000,P,5300,5400,1,1
1704210300000,20240315,4440000,C,348800,354700,1,1
1704210300000,20240315,4440000,P,31900,32100,1,1
1704210300000,20240315,4010000,C,751200,759900,1,1
1704210300000,20240315,4010000,P,8700,8800,1,1
1704210300000,20240315,4650000,C,177900,178900,1,1
1704210300000,20240315,4650000,P,68800,69100,1,1
1704210300000,20240315,6350000,P,1634800,1645000,1,1
1704210300000,20240315,2300000,C,2433100,2443900,1,1
1704210300000,20240315,2300000,P,300,400,1,1
1704210300000,20240315,4220000,C,550400,558100,1,1
1704210300000,20240315,4220000,P,15600,15700,1,1
1704210300000,20240315,4860000,C,54500,54900,1,1
1704210300000,20240315,4860000,P,161300,166400,1,1
1704210300000,20240315,5500000,C,400,500,1,1
1704210300000,20240315,5500000,P,785200,794900,1,1
1704210300000,20240315,3150000,C,1594300,1604300,1,1
1704210300000,20240315,3150000,P,1600,1700,1,1
1704210300000,20240315,4430000,C,357600,363600,1,1
1704210300000,20240315,4430000,P,30800,31000,1,1
1704210300000,20240315,4000000,C,760900,769600,1,1
1704210300000,20240315,4000000,P,8500,8600,1,1
1704210300000,20240315,4640000,C,185400,186400,1,1
1704210300000,20240315,4640000,P,66200,66500,1,1
1704210300000,20240315,4210000,C,559800,567600,1,1
1704210300000,20240315,4210000,P,15100,15300,1,1
1704210300000,20240315,4850000,C,58600,59000,1,1
1704210300000,20240315,4850000,P,154700,159400,1,1
1704210300000,20240315,6550000,P,1834700,1845000,1,1
1704210300000,20240315,2500000,C,2235600,2246300,1,1
1704210300000,20240315,2500000,P,500,600,1,1
1704210300000,20240315,4420000,C,366500,372600,1,1
1704210300000,20240315,4420000,P,29700,30000,1,1
1704210300000,20240315,5700000,C,200,300,1,1
1704210300000,20240315,5700000,P,985200,994900,1,1
1704210300000,20240315,3350000,C,1397300,1407100,1,1
1704210300000,20240315,3350000,P,2200,2300,1,1
1704210300000,20240315,4630000,C,192800,193900,1,1
1704210300000,20240315,4630000,P,63700,64000,1,1
1704210300000,20240315,4200000,C,569300,577100,1,1
1704210300000,20240315,4200000,P,14700,14800,1,1
1704210300000,20240315,4840000,C,62800,63300,1,1
1704210300000,20240315,4840000,P,148200,152700,1,1
1704210300000,20240315,4410000,C,375400,381600,1,1
1704210300000,20240315,4410000,P,28700,29000,1,1
1704210300000,20240315,5050000,C,10200,10400,1,1
1704210300000,20240315,5050000,P,335400,344900,1,1
1704210300000,20240315,2700000,C,2038200,2048600,1,1
1704210300000,20240315,2700000,P,700,800,1,1
1704210300000,20240315,4620000,C,199700,201800,1,1
1704210300000,20240315,4620000,P,61300,61600,1,1
1704210300000,20240315,5900000,C,100,200,1,1
1704210300000,20240315,5900000,P,1185100,1194900,1,1
1704210300000,20240315,3550000,C,1200600,1210100,1,1
1704210300000,20240315,3550000,P,3200,3300,1,1
1704210300000,20240315,4190000,C,578800,586600,1,1
1704210300000,20240315,4190000,P,14200,14400,1,1
1704210300000,20240315,4830000,C,67300,67700,1,1
1704210300000,20240315,4830000,P,142100,146300,1,1
1704210300000,20240315,5250000,C,1600,1700,1,1
1704210300000,20240315,5250000,P,535300,544900,1,1
1704210300000,20240315,4400000,C,384300,390700,1,1
1704210300000,20240315,4400000,P,27800,28000,1,1
1704210300000,20240315,2050000,C,2680000,2691000,1,1
1704210300000,20240315,2050000,P,200,300,1,1
1704210300000,20240315,4610000,C,207200,210600,1,1
1704210300000,20240315,4610000,P,59000,59300,1,1
1704210300000,20240315,2900000,C,1840800,1851100,1,1
1704210300000,20240315,2900000,P,1000,1100,1,1
1704210300000,20240315,4180000,C,588200,596200,1,1
1704210300000,20240315,4180000,P,13800,14000,1,1
1704210300000,20240315,4820000,C,72000,72500,1,1
1704210300000,20240315,4820000,P,137700,138300,1,1
1704210300000,20240315,6100000,P,1385000,1394900,1,1
1704210300000,20240315,3750000,C,1004400,1013700,1,1
1704210300000,20240315,3750000,P,4800,4900,1,1
1704210300000,20240315,4390000,C,393300,399700,1,1
1704210300000,20240315,4390000,P,26900,27100,1,1
1704210300000,20240315,5450000,C,500,600,1,1
1704210300000,20240315,5450000,P,735200,744900,1,1
1704210300000,20240315,4600000,C,214800,218600,1,1
1704210300000,20240315,4600000,P,56900,57100,1,1
1704210300000,20240315,2250000,C,2482500,2493300,1,1
1704210300000,20240315,2250000,P,300,400,1,1
1704210300000,20240315,4170000,C,597700,605700,1,1
1704210300000,20240315,4170000,P,13400,13600,1,1
1704210300000,20240315,4810000,C,76800,77300,1,1
1704210300000,20240315,4810000,P,132100,132600,1,1
1704210300000,20240315,3100000,C,1643600,1653700,1,1
1704210300000,20240315,3100000,P,1400,1500,1,1
1704210300000,20240315,4380000,C,402300,408900,1,1
1704210300000,20240315,4380000,P,26000,26200,1,1
1704210300000,20240315,5020000,C,13700,14000,1,1
1704210300000,20240315,5020000,P,305400,314900,1,1
1704210300000,20240315,6300000,P,1584900,1595000,1,1
1704210300000,20240315,3950000,C,809400,818200,1,1
1704210300000,20240315,3950000,P,7500,7600,1,1
1704210300000,20240315,4590000,C,222700,226600,1,1
1704210300000,20240315,4590000,P,54800,55100,1,1
1704210300000,20240315,5650000,C,200,300,1,1
1704210300000,20240315,5650000,P,935200,944900,1,1
1704210300000,20240315,4160000,C,607200,615300,1,1
1704210300000,20240315,4160000,P,13000,13200,1,1
1704210300000,20240315,4800000,C,81900,82400,1,1
1704210300000,20240315,4800000,P,126600,127100,1,1
1704210300000,20240315,2450000,C,2285000,2295700,1,1
1704210300000,20240315,2450000,P,400,500,1,1
1704210300000,20240315,4370000,C,411400,418000,1,1
1704210300000,20240315,4370000,P,25100,25300,1,1
1704210300000,20240315,5010000,C,15100,15400,1,1
1704210300000,20240315,5010000,P,295400,304900,1,1
1704210300000,20240315,3300000,C,1446500,1456400,1,1
1704210300000,20240315,3300000,P,2000,2100,1,1
1704210300000,20240315,4580000,C,230700,234700,1,1
1704210300000,20240315,4580000,P,52800,53100,1,1
1704210300000,20240315,6500000,P,1784800,1795000,1,1
1704210300000,20240315,4150000,C,616800,624800,1,1
1704210300000,20240315,4150000,P,12700,12800,1,1
1704210300000,20240315,4790000,C,87200,87700,1,1
1704210300000,20240315,4790000,P,121400,121800,1,1
1704210300000,20240315,5850000,C,100,200,1,1
1704210300000,20240315,5850000,P,1135100,1144900,1,1
1704210300000,20240315,4360000,C,420500,427200,1,1
1704210300000,20240315,4360000,P,24300,24500,1,1
1704210300000,20240315,5000000,C,16600,16900,1,1
1704210300000,20240315,5000000,P,285400,294900,1,1
1704210300000,20240315,2650000,C,2087500,2098000,1,1
1704210300000,20240315,2650000,P,600,700,1,1
1704210300000,20240315,4570000,C,238800,242800,1,1
1704210300000,20240315,4570000,P,50800,51100,1,1
1704210300000,20240315,3500000,C,1249700,1259300,1,1
1704210300000,20240315,3500000,P,2900,3000,1,1
1704210300000,20240315,4140000,C,626300,634400,1,1
1704210300000,20240315,4140000,P,12300,12500,1,1
1704210300000,20240315,4780000,C,92600,93100,1,1
1704210300000,20240315,4780000,P,116400,116900,1,1
1704210300000,20240315,4350000,C,429600,436400,1,1
1704210300000,20240315,4350000,P,23500,23700,1,1
1704210300000,20240315,4990000,C,18300,18600,1,1
1704210300000,20240315,4990000,P,275400,284900,1,1
1704210300000,20240315,6050000,P,1335000,1344900,1,1
1704210300000,20240315,2000000,C,2729400,2740500,1,1
1704210300000,20240315,2000000,P,200,300,1,1
1704210300000,20240315,4560000,C,246900,251100,1,1
1704210300000,20240315,4560000,P,49000,49300,1,1
1704210300000,20240315,5200000,C,2400,2500,1,1
1704210300000,20240315,5200000,P,485300,494900,1,1
1704210300000,20240315,2850000,C,1890200,1900500,1,1
1704210300000,20240315,2850000,P,900,1000,1,1
1704210300000,20240315,4130000,C,635900,644000,1,1
1704210300000,20240315,4130000,P,12000,12100,1,1
1704210300000,20240315,4770000,C,98200,98700,1,1
1704210300000,20240315,4770000,P,111700,112100,1,1
1704210300000,20240315,3700000,C,1053400,1062700,1,1
1704210300000,20240315,3700000,P,4300,4400,1,1
1704210300000,20240315,4340000,C,438800,445600,1,1
1704210300000,20240315,4340000,P,22700,23000,1,1
1704210300000,20240315,4980000,C,20100,20400,1,1
1704210300000,20240315,4980000,P,265400,274400,1,1
1704210300000,20240315,4550000,C,255100,259300,1,1
1704210300000,20240315,4550000,P,47200,47500,1,1
1704210300000,20240315,6250000,P,1534900,1545000,1,1
1704210300000,20240315,2200000,C,2531800,2542700,1,1
1704210300000,20240315,2200000,P,300,400,1,1
1704210300000,20240315,4120000,C,645400,653600,1,1
1704210300000,20240315,4120000,P,11600,11800,1,1
1704210300000,20240315,4760000,C,104000,104500,1,1
1704210300000,20240315,4760000,P,107100,107500,1,1
1704210300000,20240315,5400000,C,600,700,1,1
1704210300000,20240315,5400000,P,685300,694900,1,1
1704210300000,20240315,3050000,C,1692900,1703000,1,1
1704210300000,20240315,3050000,P,1300,1400,1,1
1704210300000,20240315,4330000,C,447900,454900,1,1
1704210300000,20240315,4330000,P,22000,22200,1,1
1704210300000,20240315,4970000,C,22000,22300,1,1
1704210300000,20240315,4970000,P,255400,264400,1,1
1704210300000,20240315,3900000,C,858000,866900,1,1
1704210300000,20240315,3900000,P,6600,6700,1,1
1704210300000,20240315,4540000,C,263400,267700,1,1
1704210300000,20240315,4540000,P,45500,45800,1,1
1704210300000,20240315,4110000,C,655000,663200,1,1
1704210300000,20240315,4110000,P,11300,11400,1,1
1704210300000,20240315,4750000,C,110000,110500,1,1
1704210300000,20240315,4750000,P,102800,103200,1,1
1704210300000,20240315,6450000,P,1734800,1745000,1,1
1704210300000,20240315,2400000,C,2334300,2345100,1,1
1704210300000,20240315,2400000,P,400,500,1,1
1704210300000,20240315,4320000,C,457100,464100,1,1
1704210300000,20240315,4320000,P,21300,21500,1,1
1704210300000,20240315,4960000,C,24100,24400,1,1
1704210300000,20240315,4960000,P,245400,254400,1,1
1704210300000,20240315,5600000,C,300,400,1,1
1704210300000,20240315,5600000,P,885200,894900,1,1
1704210300000,20240315,3250000,C,1495800,1505700,1,1
1704210300000,20240315,3250000,P,1900,2000,1,1
1704210300000,20240315,4530000,C,271700,276200,1,1
1704210300000,20240315,4530000,P,43900,44200,1,1
1704210300000,20240315,4100000,C,668400,672900,1,1
1704210300000,20240315,4100000,P,11000,11100,1,1
1704210300000,20240315,4740000,C,116100,116600,1,1
1704210300000,20240315,4740000,P,98600,99000,1,1
1704210300000,20240315,4310000,C,466300,473400,1,1
1704210300000,20240315,4310000,P,20600,20800,1,1
1704210300000,20240315,4950000,C,26400,26700,1,1
1704210300000,20240315,4950000,P,235400,244400,1,1
1704210300000,20240315,2600000,C,2136900,2147400,1,1
1704210300000,20240315,2600000,P,600,700,1,1
1704210300000,20240315,4520000,C,280300,284700,1,1
1704210300000,20240315,4520000,P,42300,42600,1,1
1704210300000,20240315,5800000,C,200,300,1,1
1704210300000,20240315,5800000,P,1085100,1094900,1,1
1704210300000,20240315,3450000,C,1298900,1308600,1,1
1704210300000,20240315,3450000,P,2700,2800,1,1
1704210300000,20240315,4090000,C,674200,682500,1,1
1704210300000,20240315,4090000,P,10700,10800,1,1
1704210300000,20240315,4730000,C,122400,122900,1,1
1704210300000,20240315,4730000,P,94600,95000,1,1
1704210300000,20240315,4300000,C,475600,482800,1,1
1704210300000,20240315,4300000,P,20000,20100,1,1
1704210300000,20240315,4940000,C,28800,29100,1,1
1704210300000,20240315,4940000,P,225400,234400,1,1
1704210300000,20240315,1950000,C,2778700,2789900,1,1
1704210300000,20240315,1950000,P,200,300,1,1
1704210300000,20240315,4510000,C,288500,293200,1,1
1704210300000,20240315,4510000,P,40900,41100,1,1
1704210300000,20240315,5150000,C,3700,3900,1,1
1704210300000,20240315,5150000,P,435300,444900,1,1
1704210300000,20240315,2800000,C,1939500,1949900,1,1
1704210300000,20240315,2800000,P,800,900,1,1
1704210300000,20240315,4080000,C,683800,692100,1,1
1704210300000,20240315,4080000,P,10400,10500,1,1
1704210300000,20240315,4720000,C,128800,129400,1,1
1704210300000,20240315,4720000,P,90900,91300,1,1
1704210300000,20240315,6000000,P,1285000,1294900,1,1
1704210300000,20240315,3650000,C,1102400,1111800,1,1
1704210300000,20240315,3650000,P,3900,4000,1,1
1704210300000,20240315,4290000,C,484900,492100,1,1
1704210300000,20240315,4290000,P,19300,19500,1,1
1704210300000,20240315,4930000,C,31300,31700,1,1
1704210300000,20240315,4930000,P,216000,224200,1,1
1704210300000,20240315,5350000,C,800,900,1,1
1704210300000,20240315,5350000,P,635300,644900,1,1
1704210300000,20240315,4500000,C,298700,301800,1,1
1704210300000,20240315,4500000,P,39400,39700,1,1
1704210300000,20240315,2150000,C,2581200,2592200,1,1
1704210300000,20240315,2150000,P,300,400,1,1
1704210300000,20240315,4070000,C,693400,701800,1,1
1704210300000,20240315,4070000,P,10100,10300,1,1
1704210300000,20240315,4710000,C,135500,136000,1,1
1704210300000,20240315,4710000,P,87200,87600,1,1
1704210300000,20240315,3000000,C,1742200,1752400,1,1
1704210300000,20240315,3000000,P,1200,1300,1,1
1704210300000,20240315,4280000,C,494200,501500,1,1
1704210300000,20240315,4280000,P,18700,18900,1,1
1704210300000,20240315,4920000,C,34100,34400,1,1
1704210300000,20240315,4920000,P,207300,214800,1,1
1704210300000,20240315,6200000,P,1484900,1495000,1,1
1704210300000,20240315,3850000,C,906700,915800,1,1
1704210300000,20240315,3850000,P,5900,6000,1,1
1704210300000,20240315,4490000,C,305200,310600,1,1
1704210300000,20240315,4490000,P,38000,38300,1,1
1704210300000,20240315,5550000,C,300,400,1,1
1704210300000,20240315,5550000,P,835200,844900,1,1
1704210300000,20240315,4060000,C,703000,711500,1,1
1704210300000,20240315,4060000,P,9900,10000,1,1
1704210300000,20240315,4700000,C,142200,142800,1,1
1704210300000,20240315,4700000,P,83800,84200,1,1
1704210300000,20240315,2350000,C,2383700,2394500,1,1
1704210300000,20240315,2350000,P,400,500,1,1
1704210300000,20240315,4270000,C,503500,510900,1,1
1704210300000,20240315,4270000,P,18200,18400,1,1
1704210300000,20240315,4910000,C,37000,37400,1,1
1704210300000,20240315,4910000,P,198900,205900,1,1
