1705506300000,20240117,4160000,C,551800,560000,1,1
1705506300000,20240117,4480000,C,233000,240300,1,1
1705506300000,20240117,4800000,P,82000,85300,1,1
1705506300000,20240117,4050000,C,661500,669900,1,1
1705506300000,20240117,4370000,C,341800,350000,1,1
1705506300000,20240117,4690000,C,25900,26200,1,1
1705506300000,20240117,4690000,P,100,200,1,1
1705506300000,20240117,4580000,C,133600,138000,1,1
1705506300000,20240117,4260000,C,451700,459800,1,1
1705506300000,20240117,4900000,P,181900,186500,1,1
1705506300000,20240117,4150000,C,561500,570200,1,1
1705506300000,20240117,4470000,C,241600,250100,1,1
1705506300000,20240117,4790000,P,72000,76400,1,1
1705506300000,20240117,4040000,C,671400,680100,1,1
1705506300000,20240117,4360000,C,351800,360100,1,1
1705506300000,20240117,4680000,C,33300,36500,1,1
1705506300000,20240117,5000000,P,281400,286500,1,1
1705506300000,20240117,4570000,C,143600,148000,1,1
1705506300000,20240117,4250000,C,461700,469900,1,1
1705506300000,20240117,4890000,P,172000,176500,1,1
1705506300000,20240117,4140000,C,571600,580000,1,1
1705506300000,20240117,4460000,C,251600,260000,1,1
1705506300000,20240117,4780000,P,63600,66700,1,1
1705506300000,20240117,5100000,P,379800,388400,1,1
1705506300000,20240117,4030000,C,681500,690000,1,1
1705506300000,20240117,4350000,C,363400,369900,1,1
1705506300000,20240117,4670000,C,43300,46300,1,1
1705506300000,20240117,4990000,P,269700,278300,1,1
1705506300000,20240117,4560000,C,153600,157900,1,1
1705506300000,20240117,4240000,C,471700,479800,1,1
1705506300000,20240117,5200000,P,479900,488300,1,1
1705506300000,20240117,4880000,P,162000,166300,1,1
1705506300000,20240117,4130000,C,581300,590000,1,1
1705506300000,20240117,4450000,C,263400,269900,1,1
1705506300000,20240117,4770000,P,53900,54200,1,1
1705506300000,20240117,4020000,C,694800,696500,1,1
1705506300000,20240117,4340000,C,371900,380000,1,1
1705506300000,20240117,4660000,C,55800,56200,1,1
1705506300000,20240117,4980000,P,259900,266800,1,1
1705506300000,20240117,5300000,P,579700,588300,1,1
1705506300000,20240117,4550000,C,163600,168000,1,1
1705506300000,20240117,4230000,C,481600,489900,1,1
1705506300000,20240117,4870000,P,151900,156200,1,1
1705506300000,20240117,4120000,C,591500,600000,1,1
1705506300000,20240117,4440000,C,271500,280100,1,1
1705506300000,20240117,4760000,P,43900,44200,1,1
1705506300000,20240117,5080000,P,359800,368000,1,1
1705506300000,20240117,5400000,P,683300,685000,1,1
1705506300000,20240117,4330000,C,381600,390000,1,1
1705506300000,20240117,4650000,C,65600,66100,1,1
1705506300000,20240117,4970000,P,249700,258100,1,1
1705506300000,20240117,3900000,C,814800,816500,1,1
1705506300000,20240117,4540000,C,173600,178000,1,1
1705506300000,20240117,4220000,C,491600,500000,1,1
1705506300000,20240117,4860000,P,141900,146400,1,1
1705506300000,20240117,4110000,C,601500,610100,1,1
1705506300000,20240117,4430000,C,281600,290000,1,1
1705506300000,20240117,4750000,P,33600,34300,1,1
1705506300000,20240117,4320000,C,391700,399900,1,1
1705506300000,20240117,4000000,C,714800,716500,1,1
1705506300000,20240117,4640000,C,75800,76100,1,1
1705506300000,20240117,4960000,P,239900,248000,1,1
1705506300000,20240117,4530000,C,183600,188000,1,1
1705506300000,20240117,4210000,C,501700,510000,1,1
1705506300000,20240117,4850000,P,131800,136300,1,1
1705506300000,20240117,4100000,C,611500,620000,1,1
1705506300000,20240117,4420000,C,291900,300000,1,1
1705506300000,20240117,4740000,P,23600,24400,1,1
1705506300000,20240117,5060000,P,339800,348400,1,1
1705506300000,20240117,4310000,C,401600,410000,1,1
1705506300000,20240117,4630000,C,83700,88000,1,1
1705506300000,20240117,4950000,P,231900,236400,1,1
1705506300000,20240117,4520000,C,193500,198700,1,1
1705506300000,20240117,4200000,C,511800,520000,1,1
1705506300000,20240117,4840000,P,121000,126200,1,1
1705506300000,20240117,4090000,C,621600,630000,1,1
1705506300000,20240117,4410000,C,301600,310200,1,1
1705506300000,20240117,4730000,C,200,300,1,1
1705506300000,20240117,4730000,P,14200,15000,1,1
1705506300000,20240117,5050000,P,330900,336700,1,1
1705506300000,20240117,4300000,C,411800,419800,1,1
1705506300000,20240117,4620000,C,93800,98100,1,1
1705506300000,20240117,4940000,P,221800,226300,1,1
1705506300000,20240117,4510000,C,203600,208000,1,1
1705506300000,20240117,4190000,C,522800,530200,1,1
1705506300000,20240117,4830000,P,110300,116200,1,1
1705506300000,20240117,5150000,P,429700,436900,1,1
1705506300000,20240117,5250000,P,529800,538000,1,1
1705506300000,20240117,4080000,C,631400,640200,1,1
1705506300000,20240117,4400000,C,313400,319200,1,1
1705506300000,20240117,4720000,C,1500,1600,1,1
1705506300000,20240117,4720000,P,5600,5800,1,1
1705506300000,20240117,5040000,P,319800,328200,1,1
1705506300000,20240117,4290000,C,421800,430000,1,1
1705506300000,20240117,4610000,C,103800,108100,1,1
1705506300000,20240117,4930000,P,211900,216600,1,1
1705506300000,20240117,5350000,P,633300,635000,1,1
1705506300000,20240117,4500000,C,213500,218200,1,1
1705506300000,20240117,4180000,C,531700,539900,1,1
1705506300000,20240117,4820000,P,101900,106200,1,1
1705506300000,20240117,4070000,C,641500,649700,1,1
1705506300000,20240117,4390000,C,321700,330100,1,1
1705506300000,20240117,4710000,C,6900,7100,1,1
1705506300000,20240117,4710000,P,1100,1200,1,1
1705506300000,20240117,5450000,P,733300,735000,1,1
1705506300000,20240117,4280000,C,431600,440100,1,1
1705506300000,20240117,4600000,C,113600,118100,1,1
1705506300000,20240117,4920000,P,201900,206200,1,1
1705506300000,20240117,4170000,C,541700,549900,1,1
1705506300000,20240117,4490000,C,223400,228100,1,1
1705506300000,20240117,4810000,P,91900,96200,1,1
1705506300000,20240117,4060000,C,651500,659900,1,1
1705506300000,20240117,4380000,C,331600,340000,1,1
1705506300000,20240117,4700000,C,16000,16400,1,1
1705506300000,20240117,4700000,P,200,300,1,1
1705506300000,20240117,5020000,P,299900,308100,1,1
1705506300000,20240117,4270000,C,441500,449800,1,1
1705506300000,20240117,4590000,C,123600,128000,1,1
1705506300000,20240117,4910000,P,192000,196400,1,1
1705506300000,20240118,4160000,C,556100,559200,1,1
1705506300000,20240118,4480000,C,236400,239500,1,1
1705506300000,20240118,4480000,P,100,200,1,1
1705506300000,20240118,4800000,C,200,300,1,1
1705506300000,20240118,4800000,P,82700,85700,1,1
1705506300000,20240118,5120000,P,402600,405700,1,1
1705506300000,20240118,4050000,C,666100,669200,1,1
1705506300000,20240118,4370000,C,346300,349400,1,1
1705506300000,20240118,4370000,P,100,200,1,1
1705506300000,20240118,4690000,C,31500,32100,1,1
1705506300000,20240118,4690000,P,3900,4000,1,1
1705506300000,20240118,4580000,C,136600,139700,1,1
1705506300000,20240118,4580000,P,200,300,1,1
1705506300000,20240118,4260000,C,456200,459300,1,1
1705506300000,20240118,4900000,P,182700,185700,1,1
1705506300000,20240118,4150000,C,566100,569200,1,1
1705506300000,20240118,4470000,C,246400,249500,1,1
1705506300000,20240118,4470000,P,100,200,1,1
1705506300000,20240118,4790000,C,200,300,1,1
1705506300000,20240118,4790000,P,72700,75700,1,1
1705506300000,20240118,4040000,C,676000,679200,1,1
1705506300000,20240118,4360000,C,356300,359400,1,1
1705506300000,20240118,4360000,P,100,200,1,1
1705506300000,20240118,4680000,C,40000,40800,1,1
1705506300000,20240118,4680000,P,2500,2600,1,1
1705506300000,20240118,5000000,P,282600,285700,1,1
1705506300000,20240118,4570000,C,146500,149600,1,1
1705506300000,20240118,4570000,P,200,300,1,1
1705506300000,20240118,4250000,C,466100,469300,1,1
1705506300000,20240118,4890000,P,172700,175700,1,1
1705506300000,20240118,4140000,C,576100,579200,1,1
1705506300000,20240118,4460000,C,256400,259500,1,1
1705506300000,20240118,4460000,P,100,200,1,1
1705506300000,20240118,4780000,C,300,400,1,1
1705506300000,20240118,4780000,P,62700,65700,1,1
1705506300000,20240118,5100000,P,382600,385700,1,1
1705506300000,20240118,4030000,C,686000,689100,1,1
1705506300000,20240118,4350000,C,366200,369400,1,1
1705506300000,20240118,4350000,P,100,200,1,1
1705506300000,20240118,4670000,C,49100,50000,1,1
1705506300000,20240118,4670000,P,1600,1700,1,1
1705506300000,20240118,4990000,P,272600,275700,1,1
1705506300000,20240118,4560000,C,156500,159600,1,1
1705506300000,20240118,4560000,P,200,300,1,1
1705506300000,20240118,4240000,C,476100,479200,1,1
1705506300000,20240118,5200000,P,482600,485700,1,1
1705506300000,20240118,4880000,P,162700,165700,1,1
1705506300000,20240118,4130000,C,586100,589200,1,1
1705506300000,20240118,4450000,C,266400,269500,1,1
1705506300000,20240118,4450000,P,100,200,1,1
1705506300000,20240118,4770000,C,600,700,1,1
1705506300000,20240118,4770000,P,52700,55700,1,1
1705506300000,20240118,4020000,C,696000,699100,1,1
1705506300000,20240118,4340000,C,376200,379300,1,1
1705506300000,20240118,4340000,P,100,200,1,1
1705506300000,20240118,4660000,C,58600,59600,1,1
1705506300000,20240118,4660000,P,1000,1100,1,1
1705506300000,20240118,4980000,P,262600,265900,1,1
1705506300000,20240118,5300000,P,582600,585700,1,1
1705506300000,20240118,4550000,C,166500,169600,1,1
1705506300000,20240118,4550000,P,200,300,1,1
1705506300000,20240118,4230000,C,486100,489200,1,1
1705506300000,20240118,4870000,P,152700,155700,1,1
1705506300000,20240118,4120000,C,596100,599200,1,1
1705506300000,20240118,4440000,C,276400,279500,1,1
1705506300000,20240118,4440000,P,100,200,1,1
1705506300000,20240118,4760000,C,1100,1200,1,1
1705506300000,20240118,4760000,P,43300,44900,1,1
1705506300000,20240118,5080000,P,362600,365700,1,1
1705506300000,20240118,5400000,P,682600,685700,1,1
1705506300000,20240118,4330000,C,386200,389300,1,1
1705506300000,20240118,4330000,P,100,200,1,1
1705506300000,20240118,4650000,C,68100,69100,1,1
1705506300000,20240118,4650000,P,700,800,1,1
1705506300000,20240118,4970000,P,252600,255900,1,1
1705506300000,20240118,3900000,C,816000,819100,1,1
1705506300000,20240118,4540000,C,176500,179600,1,1
1705506300000,20240118,4540000,P,100,200,1,1
1705506300000,20240118,4220000,C,496100,499200,1,1
1705506300000,20240118,4860000,P,142700,145700,1,1
1705506300000,20240118,5180000,P,462600,465700,1,1
1705506300000,20240118,4110000,C,606100,609200,1,1
1705506300000,20240118,4430000,C,286400,289500,1,1
1705506300000,20240118,4430000,P,100,200,1,1
1705506300000,20240118,4750000,C,2200,2300,1,1
1705506300000,20240118,4750000,P,34100,35200,1,1
1705506300000,20240118,4320000,C,396200,399300,1,1
1705506300000,20240118,4000000,C,716000,719100,1,1
1705506300000,20240118,4640000,C,77900,79000,1,1
1705506300000,20240118,4640000,P,500,600,1,1
1705506300000,20240118,4960000,P,242600,245700,1,1
1705506300000,20240118,4530000,C,186500,189600,1,1
1705506300000,20240118,4530000,P,100,200,1,1
1705506300000,20240118,4210000,C,506100,509200,1,1
1705506300000,20240118,4850000,C,100,200,1,1
1705506300000,20240118,4850000,P,132700,135700,1,1
1705506300000,20240118,4100000,C,616100,619200,1,1
1705506300000,20240118,4420000,C,296300,299400,1,1
1705506300000,20240118,4420000,P,100,200,1,1
1705506300000,20240118,4740000,C,4100,4200,1,1
1705506300000,20240118,4740000,P,26100,26500,1,1
1705506300000,20240118,5060000,P,342600,345700,1,1
1705506300000,20240118,4310000,C,406200,409300,1,1
1705506300000,20240118,4630000,C,87800,88800,1,1
1705506300000,20240118,4630000,P,400,500,1,1
1705506300000,20240118,4950000,P,232600,235800,1,1
1705506300000,20240118,4520000,C,196500,199600,1,1
1705506300000,20240118,4520000,P,100,200,1,1
1705506300000,20240118,4200000,C,516100,519200,1,1
1705506300000,20240118,4840000,C,100,200,1,1
1705506300000,20240118,4840000,P,122700,125700,1,1
1705506300000,20240118,5160000,P,442600,445700,1,1
1705506300000,20240118,4090000,C,626100,629200,1,1
1705506300000,20240118,4410000,C,306300,309400,1,1
1705506300000,20240118,4410000,P,100,200,1,1
1705506300000,20240118,4730000,C,7100,7200,1,1
1705506300000,20240118,4730000,P,18900,19200,1,1
1705506300000,20240118,5050000,P,332600,335700,1,1
1705506300000,20240118,4300000,C,416200,419300,1,1
1705506300000,20240118,4620000,C,97700,98800,1,1
1705506300000,20240118,4620000,P,300,400,1,1
1705506300000,20240118,4940000,P,222700,225800,1,1
1705506300000,20240118,4510000,C,206500,209600,1,1
1705506300000,20240118,4510000,P,100,200,1,1
1705506300000,20240118,4190000,C,526100,529200,1,1
1705506300000,20240118,4830000,C,100,200,1,1
1705506300000,20240118,4830000,P,112700,115700,1,1
1705506300000,20240118,5150000,P,432600,435700,1,1
1705506300000,20240118,5250000,P,532600,535700,1,1
1705506300000,20240118,4400000,C,316300,319400,1,1
1705506300000,20240118,4400000,P,100,200,1,1
1705506300000,20240118,4080000,C,636100,639200,1,1
1705506300000,20240118,4720000,C,11400,11500,1,1
1705506300000,20240118,4720000,P,13300,13400,1,1
1705506300000,20240118,5040000,P,322600,325700,1,1
1705506300000,20240118,4290000,C,426200,429300,1,1
1705506300000,20240118,4610000,C,107600,108700,1,1
1705506300000,20240118,4610000,P,300,400,1,1
1705506300000,20240118,4930000,P,212700,215800,1,1
1705506300000,20240118,5350000,P,632600,635700,1,1
1705506300000,20240118,4500000,C,216400,219400,1,1
1705506300000,20240118,4500000,P,100,200,1,1
1705506300000,20240118,4180000,C,536100,539200,1,1
1705506300000,20240118,4820000,C,100,200,1,1
1705506300000,20240118,4820000,P,102700,105700,1,1
1705506300000,20240118,5140000,P,422600,425700,1,1
1705506300000,20240118,4070000,C,646100,649200,1,1
1705506300000,20240118,4390000,C,326300,329400,1,1
1705506300000,20240118,4390000,P,100,200,1,1
1705506300000,20240118,4710000,C,17100,17200,1,1
1705506300000,20240118,4710000,P,9100,9200,1,1
1705506300000,20240118,5450000,P,732600,735600,1,1
1705506300000,20240118,4280000,C,436200,439300,1,1
1705506300000,20240118,4600000,C,117600,118700,1,1
1705506300000,20240118,4600000,P,200,300,1,1
1705506300000,20240118,4920000,P,202700,205700,1,1
1705506300000,20240118,4170000,C,546100,549200,1,1
1705506300000,20240118,4490000,C,226400,229500,1,1
1705506300000,20240118,4490000,P,100,200,1,1
1705506300000,20240118,4810000,C,100,200,1,1
1705506300000,20240118,4810000,P,92700,95700,1,1
1705506300000,20240118,4060000,C,656100,659200,1,1
1705506300000,20240118,4380000,C,336300,339400,1,1
1705506300000,20240118,4380000,P,100,200,1,1
1705506300000,20240118,4700000,C,23900,24200,1,1
1705506300000,20240118,4700000,P,5900,6000,1,1
1705506300000,20240118,5020000,P,302600,305700,1,1
1705506300000,20240118,4270000,C,446200,449300,1,1
1705506300000,20240118,4590000,C,127500,128700,1,1
1705506300000,20240118,4590000,P,300,400,1,1
1705506300000,20240118,4910000,P,192700,195700,1,1
1705506300000,20240119,3200000,C,1515800,1519100,1,1
1705506300000,20240119,3840000,C,876500,879600,1,1
1705506300000,20240119,4480000,C,237300,240400,1,1
1705506300000,20240119,4480000,P,400,500,1,1
1705506300000,20240119,5120000,P,402600,405700,1,1
1705506300000,20240119,6400000,P,1682400,1685600,1,1
1705506300000,20240119,4050000,C,666600,669800,1,1
1705506300000,20240119,4050000,P,100,200,1,1
1705506300000,20240119,4690000,C,36500,36800,1,1
1705506300000,20240119,4690000,P,7900,8000,1,1
1705506300000,20240119,5750000,P,1032500,1035600,1,1
1705506300000,20240119,3620000,C,1096300,1099500,1,1
1705506300000,20240119,4260000,C,456800,460100,1,1
1705506300000,20240119,4260000,P,200,300,1,1
1705506300000,20240119,4900000,C,100,200,1,1
1705506300000,20240119,4900000,P,182700,185700,1,1
1705506300000,20240119,2550000,C,2165300,2168600,1,1
1705506300000,20240119,3830000,C,886500,889600,1,1
1705506300000,20240119,4470000,C,247200,250400,1,1
1705506300000,20240119,4470000,P,300,400,1,1
1705506300000,20240119,3400000,C,1316000,1319300,1,1
1705506300000,20240119,4040000,C,676600,679800,1,1
1705506300000,20240119,4040000,P,100,200,1,1
1705506300000,20240119,4680000,C,44300,44800,1,1
1705506300000,20240119,4680000,P,5800,5900,1,1
1705506300000,20240119,6600000,P,1882300,1885700,1,1
1705506300000,20240119,3610000,C,1106200,1109500,1,1
1705506300000,20240119,4250000,C,466800,469300,1,1
1705506300000,20240119,4250000,P,200,300,1,1
1705506300000,20240119,4890000,C,100,200,1,1
1705506300000,20240119,4890000,P,172700,175700,1,1
1705506300000,20240119,5950000,P,1232500,1235600,1,1
1705506300000,20240119,1900000,C,2814900,2818100,1,1
1705506300000,20240119,3820000,C,896300,899600,1,1
1705506300000,20240119,4460000,C,257100,260400,1,1
1705506300000,20240119,4460000,P,300,400,1,1
1705506300000,20240119,5100000,P,382600,385700,1,1
1705506300000,20240119,2750000,C,1965400,1968800,1,1
1705506300000,20240119,4030000,C,686500,689800,1,1
1705506300000,20240119,4030000,P,100,200,1,1
1705506300000,20240119,4670000,C,52500,53200,1,1
1705506300000,20240119,4670000,P,4200,4300,1,1
1705506300000,20240119,3600000,C,1116300,1119400,1,1
1705506300000,20240119,4240000,C,476800,480100,1,1
1705506300000,20240119,4240000,P,200,300,1,1
1705506300000,20240119,4880000,C,100,200,1,1
1705506300000,20240119,4880000,P,162700,165700,1,1
1705506300000,20240119,6800000,P,2082300,2085600,1,1
1705506300000,20240119,3810000,C,906400,909600,1,1
1705506300000,20240119,4450000,C,267700,270400,1,1
1705506300000,20240119,4450000,P,300,400,1,1
1705506300000,20240119,6150000,P,1432500,1435700,1,1
1705506300000,20240119,2100000,C,2615000,2618300,1,1
1705506300000,20240119,4020000,C,696500,699800,1,1
1705506300000,20240119,4660000,C,61300,62300,1,1
1705506300000,20240119,4660000,P,3100,3200,1,1
1705506300000,20240119,5300000,P,582600,585700,1,1
1705506300000,20240119,2950000,C,1765600,1768900,1,1
1705506300000,20240119,3590000,C,1126300,1129400,1,1
1705506300000,20240119,4230000,C,486900,490000,1,1
1705506300000,20240119,4230000,P,200,300,1,1
1705506300000,20240119,4870000,C,100,200,1,1
1705506300000,20240119,4870000,P,152700,155700,1,1
1705506300000,20240119,3800000,C,916400,919600,1,1
1705506300000,20240119,4440000,C,277100,280300,1,1
1705506300000,20240119,4440000,P,300,400,1,1
1705506300000,20240119,5080000,P,362600,365700,1,1
1705506300000,20240119,7000000,P,2282300,2285600,1,1
1705506300000,20240119,4010000,C,706500,709800,1,1
1705506300000,20240119,4650000,C,70500,71500,1,1
1705506300000,20240119,4650000,P,2300,2400,1,1
1705506300000,20240119,6350000,P,1632400,1635700,1,1
1705506300000,20240119,2300000,C,2415100,2418400,1,1
1705506300000,20240119,3580000,C,1136300,1139400,1,1
1705506300000,20240119,4220000,C,496900,500000,1,1
1705506300000,20240119,4220000,P,200,300,1,1
1705506300000,20240119,4860000,C,100,200,1,1
1705506300000,20240119,4860000,P,142700,145700,1,1
1705506300000,20240119,5500000,P,782600,785800,1,1
1705506300000,20240119,3150000,C,1565900,1569000,1,1
1705506300000,20240119,3790000,C,926300,929600,1,1
1705506300000,20240119,4430000,C,287200,290300,1,1
1705506300000,20240119,4430000,P,300,400,1,1
1705506300000,20240119,4000000,C,716500,719800,1,1
1705506300000,20240119,4000000,P,100,200,1,1
1705506300000,20240119,4640000,C,79900,81000,1,1
1705506300000,20240119,4640000,P,1700,1800,1,1
1705506300000,20240119,7200000,P,2482200,2485500,1,1
1705506300000,20240119,3570000,C,1146300,1149400,1,1
1705506300000,20240119,4210000,C,506700,510000,1,1
1705506300000,20240119,4210000,P,100,200,1,1
1705506300000,20240119,4850000,C,200,300,1,1
1705506300000,20240119,4850000,P,132700,135700,1,1
1705506300000,20240119,6550000,P,1832400,1835600,1,1
1705506300000,20240119,2500000,C,2215300,2218600,1,1
1705506300000,20240119,3780000,C,936300,939600,1,1
1705506300000,20240119,4420000,C,297200,300300,1,1
1705506300000,20240119,4420000,P,300,400,1,1
1705506300000,20240119,5060000,P,342600,345700,1,1
1705506300000,20240119,5700000,P,982500,985600,1,1
1705506300000,20240119,3350000,C,1366100,1369200,1,1
1705506300000,20240119,3990000,C,726600,729700,1,1
1705506300000,20240119,4630000,C,89400,90600,1,1
1705506300000,20240119,4630000,P,1300,1400,1,1
1705506300000,20240119,3560000,C,1156200,1159400,1,1
1705506300000,20240119,4200000,C,516700,520000,1,1
1705506300000,20240119,4200000,P,200,300,1,1
1705506300000,20240119,4840000,C,200,300,1,1
1705506300000,20240119,4840000,P,122700,125700,1,1
1705506300000,20240119,1850000,C,2864900,2868100,1,1
1705506300000,20240119,3770000,C,946300,949600,1,1
1705506300000,20240119,4410000,C,307100,310300,1,1
1705506300000,20240119,4410000,P,300,400,1,1
1705506300000,20240119,5050000,P,332600,335700,1,1
1705506300000,20240119,6750000,P,2032300,2035600,1,1
1705506300000,20240119,2700000,C,2015400,2018700,1,1
1705506300000,20240119,3980000,C,736600,739700,1,1
1705506300000,20240119,4620000,C,99100,100300,1,1
1705506300000,20240119,4620000,P,1000,1100,1,1
1705506300000,20240119,5900000,P,1182500,1185600,1,1
1705506300000,20240119,3550000,C,1166200,1169400,1,1
1705506300000,20240119,4190000,C,526700,530000,1,1
1705506300000,20240119,4190000,P,100,200,1,1
1705506300000,20240119,4830000,C,200,300,1,1
1705506300000,20240119,4830000,P,112700,115700,1,1
1705506300000,20240119,5250000,P,532600,535700,1,1
1705506300000,20240119,3760000,C,956300,959600,1,1
1705506300000,20240119,4400000,C,317900,320300,1,1
1705506300000,20240119,4400000,P,300,400,1,1
1705506300000,20240119,5040000,P,322600,325700,1,1
1705506300000,20240119,2050000,C,2664900,2668200,1,1
1705506300000,20240119,3970000,C,746600,749700,1,1
1705506300000,20240119,4610000,C,108900,110200,1,1
1705506300000,20240119,4610000,P,900,1000,1,1
1705506300000,20240119,6950000,P,2232300,2235600,1,1
1705506300000,20240119,2900000,C,1815600,1818800,1,1
1705506300000,20240119,4180000,C,536700,540000,1,1
1705506300000,20240119,4180000,P,100,200,1,1
1705506300000,20240119,4820000,C,300,400,1,1
1705506300000,20240119,4820000,P,102700,105700,1,1
1705506300000,20240119,6100000,P,1382500,1385600,1,1
1705506300000,20240119,3750000,C,966400,969600,1,1
1705506300000,20240119,4390000,C,327000,330300,1,1
1705506300000,20240119,4390000,P,300,400,1,1
1705506300000,20240119,5450000,P,732600,735800,1,1
1705506300000,20240119,3960000,C,756400,759700,1,1
1705506300000,20240119,4600000,C,118800,120000,1,1
1705506300000,20240119,4600000,P,800,900,1,1
1705506300000,20240119,5240000,P,522600,525700,1,1
1705506300000,20240119,2250000,C,2465100,2468400,1,1
1705506300000,20240119,4170000,C,546700,550000,1,1
1705506300000,20240119,4170000,P,100,200,1,1
1705506300000,20240119,4810000,C,400,500,1,1
1705506300000,20240119,4810000,P,92700,95700,1,1
1705506300000,20240119,3100000,C,1615700,1619000,1,1
1705506300000,20240119,3740000,C,976300,979600,1,1
1705506300000,20240119,4380000,C,337000,340200,1,1
1705506300000,20240119,4380000,P,200,300,1,1
1705506300000,20240119,5020000,P,302600,305700,1,1
1705506300000,20240119,6300000,P,1582400,1585700,1,1
1705506300000,20240119,3950000,C,766400,769700,1,1
1705506300000,20240119,4590000,C,128700,129900,1,1
1705506300000,20240119,4590000,P,700,800,1,1
1705506300000,20240119,5650000,P,932500,935600,1,1
1705506300000,20240119,4160000,C,556800,559900,1,1
1705506300000,20240119,4160000,P,100,200,1,1
1705506300000,20240119,4800000,C,600,700,1,1
1705506300000,20240119,4800000,P,82700,85700,1,1
1705506300000,20240119,2450000,C,2265200,2268500,1,1
1705506300000,20240119,3730000,C,986400,989500,1,1
1705506300000,20240119,4370000,C,347100,350200,1,1
1705506300000,20240119,4370000,P,200,300,1,1
1705506300000,20240119,3300000,C,1415900,1419200,1,1
1705506300000,20240119,3940000,C,776500,779700,1,1
1705506300000,20240119,4580000,C,138600,139900,1,1
1705506300000,20240119,4580000,P,600,700,1,1
1705506300000,20240119,5220000,P,502600,505700,1,1
1705506300000,20240119,6500000,P,1782400,1785600,1,1
1705506300000,20240119,4150000,C,566800,569900,1,1
1705506300000,20240119,4150000,P,100,200,1,1
1705506300000,20240119,4790000,C,1000,1100,1,1
1705506300000,20240119,4790000,P,72700,75700,1,1
1705506300000,20240119,5850000,P,1132500,1135600,1,1
1705506300000,20240119,1800000,C,2914700,2918100,1,1
1705506300000,20240119,3720000,C,996400,999500,1,1
1705506300000,20240119,4360000,C,357100,360200,1,1
1705506300000,20240119,4360000,P,200,300,1,1
1705506300000,20240119,5000000,P,282600,285700,1,1
1705506300000,20240119,2650000,C,2065400,2068700,1,1
1705506300000,20240119,3930000,C,786500,789700,1,1
1705506300000,20240119,4570000,C,148500,149800,1,1
1705506300000,20240119,4570000,P,500,600,1,1
1705506300000,20240119,3500000,C,1216200,1219400,1,1
1705506300000,20240119,4140000,C,576600,579900,1,1
1705506300000,20240119,4140000,P,100,200,1,1
1705506300000,20240119,4780000,C,1500,1600,1,1
1705506300000,20240119,4780000,P,62700,64800,1,1
1705506300000,20240119,6700000,P,1982400,1985600,1,1
1705506300000,20240119,3710000,C,1006400,1009500,1,1
1705506300000,20240119,4350000,C,366900,370200,1,1
1705506300000,20240119,4350000,P,200,300,1,1
1705506300000,20240119,4990000,P,272600,275700,1,1
1705506300000,20240119,6050000,P,1332500,1335600,1,1
1705506300000,20240119,2000000,C,2714900,2718200,1,1
1705506300000,20240119,3920000,C,796400,799700,1,1
1705506300000,20240119,4560000,C,158500,159800,1,1
1705506300000,20240119,4560000,P,500,600,1,1
1705506300000,20240119,5200000,P,482600,485700,1,1
1705506300000,20240119,2850000,C,1865600,1868800,1,1
1705506300000,20240119,4130000,C,586700,589900,1,1
1705506300000,20240119,4130000,P,100,200,1,1
1705506300000,20240119,4770000,C,2400,2500,1,1
1705506300000,20240119,4770000,P,54100,55000,1,1
1705506300000,20240119,3700000,C,1016400,1019500,1,1
1705506300000,20240119,4340000,C,377000,380200,1,1
1705506300000,20240119,4340000,P,200,300,1,1
1705506300000,20240119,4980000,P,262600,265700,1,1
1705506300000,20240119,6900000,P,2182300,2185600,1,1
1705506300000,20240119,3910000,C,806400,809700,1,1
1705506300000,20240119,4550000,C,168500,169700,1,1
1705506300000,20240119,4550000,P,500,600,1,1
1705506300000,20240119,6250000,P,1532400,1535700,1,1
1705506300000,20240119,2200000,C,2515000,2518400,1,1
1705506300000,20240119,4120000,C,596600,599900,1,1
1705506300000,20240119,4120000,P,100,200,1,1
1705506300000,20240119,4760000,C,3800,3900,1,1
1705506300000,20240119,4760000,P,45100,45700,1,1
1705506300000,20240119,5400000,P,682600,685700,1,1
1705506300000,20240119,3050000,C,1665700,1668900,1,1
1705506300000,20240119,3690000,C,1026400,1029500,1,1
1705506300000,20240119,4330000,C,386900,390200,1,1
1705506300000,20240119,4330000,P,200,300,1,1
1705506300000,20240119,4970000,P,252600,255900,1,1
1705506300000,20240119,3900000,C,816400,819700,1,1
1705506300000,20240119,4540000,C,178400,179700,1,1
1705506300000,20240119,4540000,P,400,500,1,1
1705506300000,20240119,5180000,P,462600,465700,1,1
1705506300000,20240119,7100000,P,2382300,2385500,1,1
1705506300000,20240119,4110000,C,606600,609900,1,1
1705506300000,20240119,4110000,P,100,200,1,1
1705506300000,20240119,4750000,C,5900,6000,1,1
1705506300000,20240119,4750000,P,37100,37500,1,1
1705506300000,20240119,6450000,P,1732400,1735600,1,1
1705506300000,20240119,2400000,C,2315200,2318500,1,1
1705506300000,20240119,3680000,C,1036300,1039500,1,1
1705506300000,20240119,4320000,C,396900,400200,1,1
1705506300000,20240119,4320000,P,200,300,1,1
1705506300000,20240119,4960000,P,242600,245900,1,1
1705506300000,20240119,5600000,P,882500,885700,1,1
1705506300000,20240119,3250000,C,1466000,1469100,1,1
1705506300000,20240119,3890000,C,826400,829700,1,1
1705506300000,20240119,4530000,C,188400,189700,1,1
1705506300000,20240119,4530000,P,400,500,1,1
1705506300000,20240119,4100000,C,616600,619900,1,1
1705506300000,20240119,4100000,P,100,200,1,1
1705506300000,20240119,4740000,C,8800,8900,1,1
1705506300000,20240119,4740000,P,30000,30300,1,1
1705506300000,20240119,3670000,C,1046300,1049500,1,1
1705506300000,20240119,4310000,C,406900,410200,1,1
1705506300000,20240119,4310000,P,200,300,1,1
1705506300000,20240119,4950000,P,232600,235700,1,1
1705506300000,20240119,6650000,P,1932400,1935600,1,1
1705506300000,20240119,2600000,C,2115400,2118600,1,1
1705506300000,20240119,3880000,C,836400,839700,1,1
1705506300000,20240119,4520000,C,198400,199600,1,1
1705506300000,20240119,4520000,P,400,500,1,1
1705506300000,20240119,5160000,P,442600,445700,1,1
1705506300000,20240119,5800000,P,1082500,1085600,1,1
1705506300000,20240119,3450000,C,1266200,1269300,1,1
1705506300000,20240119,4090000,C,626700,629800,1,1
1705506300000,20240119,4090000,P,100,200,1,1
1705506300000,20240119,4730000,C,12500,12600,1,1
1705506300000,20240119,4730000,P,23700,23900,1,1
1705506300000,20240119,3660000,C,1056200,1059500,1,1
1705506300000,20240119,4300000,C,417000,420100,1,1
1705506300000,20240119,4300000,P,200,300,1,1
1705506300000,20240119,4940000,P,222700,225700,1,1
1705506300000,20240119,1950000,C,2764800,2768200,1,1
1705506300000,20240119,3870000,C,846500,849600,1,1
1705506300000,20240119,4510000,C,208300,209600,1,1
1705506300000,20240119,4510000,P,400,500,1,1
1705506300000,20240119,5150000,P,432600,435700,1,1
1705506300000,20240119,6850000,P,2132300,2135600,1,1
1705506300000,20240119,2800000,C,1915500,1918800,1,1
1705506300000,20240119,4080000,C,636700,639800,1,1
1705506300000,20240119,4080000,P,100,200,1,1
1705506300000,20240119,4720000,C,17200,17300,1,1
1705506300000,20240119,4720000,P,18400,18500,1,1
1705506300000,20240119,6000000,P,1282500,1285600,1,1
1705506300000,20240119,3650000,C,1066200,1069500,1,1
1705506300000,20240119,4290000,C,427000,430100,1,1
1705506300000,20240119,4290000,P,200,300,1,1
1705506300000,20240119,4930000,C,100,200,1,1
1705506300000,20240119,4930000,P,212700,215700,1,1
1705506300000,20240119,5350000,P,632600,635700,1,1
1705506300000,20240119,3860000,C,856500,859600,1,1
1705506300000,20240119,4500000,C,218300,219500,1,1
1705506300000,20240119,4500000,P,400,500,1,1
1705506300000,20240119,5140000,P,422600,425700,1,1
1705506300000,20240119,2150000,C,2565000,2568300,1,1
1705506300000,20240119,4070000,C,646700,649800,1,1
1705506300000,20240119,4070000,P,100,200,1,1
1705506300000,20240119,4710000,C,22800,23000,1,1
1705506300000,20240119,4710000,P,14100,14200,1,1
1705506300000,20240119,7050000,P,2332300,2335500,1,1
1705506300000,20240119,3000000,C,1715700,1718900,1,1
1705506300000,20240119,3640000,C,1076200,1079500,1,1
1705506300000,20240119,4280000,C,436800,440100,1,1
1705506300000,20240119,4280000,P,200,300,1,1
1705506300000,20240119,4920000,C,100,200,1,1
1705506300000,20240119,4920000,P,202700,205700,1,1
1705506300000,20240119,6200000,P,1482400,1485700,1,1
1705506300000,20240119,3850000,C,866500,869600,1,1
1705506300000,20240119,4490000,C,227700,230400,1,1
1705506300000,20240119,4490000,P,300,400,1,1
1705506300000,20240119,5550000,P,832600,835800,1,1
1705506300000,20240119,4060000,C,656500,659800,1,1
1705506300000,20240119,4060000,P,100,200,1,1
1705506300000,20240119,4700000,C,29200,29600,1,1
1705506300000,20240119,4700000,P,10600,10700,1,1
1705506300000,20240119,2350000,C,2365200,2368500,1,1
1705506300000,20240119,3630000,C,1086200,1089500,1,1
1705506300000,20240119,4270000,C,446800,450100,1,1
1705506300000,20240119,4270000,P,200,300,1,1
1705506300000,20240119,4910000,C,100,200,1,1
1705506300000,20240119,4910000,P,192700,195700,1,1
1705506300000,20240122,4160000,C,557400,560700,1,1
1705506300000,20240122,4160000,P,200,300,1,1
1705506300000,20240122,4480000,C,238100,241300,1,1
1705506300000,20240122,4480000,P,500,600,1,1
1705506300000,20240122,4800000,C,1400,1500,1,1
1705506300000,20240122,4800000,P,82700,85800,1,1
1705506300000,20240122,5120000,P,402600,405800,1,1
1705506300000,20240122,4050000,C,667200,670500,1,1
1705506300000,20240122,4050000,P,100,200,1,1
1705506300000,20240122,4370000,C,347900,351000,1,1
1705506300000,20240122,4370000,P,300,400,1,1
1705506300000,20240122,4690000,C,41000,41400,1,1
1705506300000,20240122,4690000,P,11700,11800,1,1
1705506300000,20240122,4260000,C,457700,460800,1,1
1705506300000,20240122,4260000,P,300,400,1,1
1705506300000,20240122,4580000,C,138800,141900,1,1
1705506300000,20240122,4580000,P,1000,1100,1,1
1705506300000,20240122,4900000,C,100,200,1,1
1705506300000,20240122,4900000,P,182700,185700,1,1
1705506300000,20240122,5220000,P,502600,505700,1,1
1705506300000,20240122,4150000,C,567500,570600,1,1
1705506300000,20240122,4150000,P,200,300,1,1
1705506300000,20240122,4470000,C,248000,251300,1,1
1705506300000,20240122,4470000,P,500,600,1,1
1705506300000,20240122,4790000,C,2100,2200,1,1
1705506300000,20240122,4790000,P,72700,75600,1,1
1705506300000,20240122,4040000,C,677300,680500,1,1
1705506300000,20240122,4040000,P,100,200,1,1
1705506300000,20240122,4360000,C,357700,361000,1,1
1705506300000,20240122,4360000,P,300,400,1,1
1705506300000,20240122,4680000,C,48400,49000,1,1
1705506300000,20240122,4680000,P,9200,9400,1,1
1705506300000,20240122,5000000,P,282600,285700,1,1
1705506300000,20240122,4250000,C,467600,470800,1,1
1705506300000,20240122,4250000,P,300,400,1,1
1705506300000,20240122,4570000,C,148700,151800,1,1
1705506300000,20240122,4570000,P,900,1000,1,1
1705506300000,20240122,4890000,C,100,200,1,1
1705506300000,20240122,4890000,P,172700,175700,1,1
1705506300000,20240122,4140000,C,577500,580600,1,1
1705506300000,20240122,4140000,P,200,300,1,1
1705506300000,20240122,4460000,C,258000,261300,1,1
1705506300000,20240122,4460000,P,400,500,1,1
1705506300000,20240122,4780000,C,3200,3300,1,1
1705506300000,20240122,4780000,P,63900,65100,1,1
1705506300000,20240122,5100000,P,382600,385800,1,1
1705506300000,20240122,4030000,C,687200,690500,1,1
1705506300000,20240122,4030000,P,100,200,1,1
1705506300000,20240122,4350000,C,367800,371000,1,1
1705506300000,20240122,4350000,P,300,400,1,1
1705506300000,20240122,4670000,C,56400,57000,1,1
1705506300000,20240122,4670000,P,7300,7400,1,1
1705506300000,20240122,4990000,P,272600,275800,1,1
1705506300000,20240122,4240000,C,477700,480800,1,1
1705506300000,20240122,4240000,P,300,400,1,1
1705506300000,20240122,4560000,C,158600,161700,1,1
1705506300000,20240122,4560000,P,800,900,1,1
1705506300000,20240122,5200000,P,482600,485700,1,1
1705506300000,20240122,4880000,C,100,200,1,1
1705506300000,20240122,4880000,P,162700,165700,1,1
1705506300000,20240122,4130000,C,587500,590600,1,1
1705506300000,20240122,4130000,P,200,300,1,1
1705506300000,20240122,4450000,C,268000,271200,1,1
1705506300000,20240122,4450000,P,400,500,1,1
1705506300000,20240122,4770000,C,4700,4800,1,1
1705506300000,20240122,4770000,P,55300,56200,1,1
1705506300000,20240122,4020000,C,697300,700500,1,1
1705506300000,20240122,4020000,P,100,200,1,1
1705506300000,20240122,4340000,C,377700,381000,1,1
1705506300000,20240122,4340000,P,300,400,1,1
1705506300000,20240122,4660000,C,64700,65600,1,1
1705506300000,20240122,4660000,P,5700,5800,1,1
1705506300000,20240122,4980000,P,262600,265800,1,1
1705506300000,20240122,5300000,P,582600,585700,1,1
1705506300000,20240122,4230000,C,487500,490800,1,1
1705506300000,20240122,4230000,P,300,400,1,1
1705506300000,20240122,4550000,C,168500,171600,1,1
1705506300000,20240122,4550000,P,800,900,1,1
1705506300000,20240122,4870000,C,200,300,1,1
1705506300000,20240122,4870000,P,152700,155700,1,1
1705506300000,20240122,4120000,C,597300,600600,1,1
1705506300000,20240122,4120000,P,200,300,1,1
1705506300000,20240122,4440000,C,278000,281200,1,1
1705506300000,20240122,4440000,P,400,500,1,1
1705506300000,20240122,4760000,C,6800,6900,1,1
1705506300000,20240122,4760000,P,47500,48000,1,1
1705506300000,20240122,5080000,P,362600,365700,1,1
1705506300000,20240122,5400000,P,682600,685700,1,1
1705506300000,20240122,4330000,C,387700,391000,1,1
1705506300000,20240122,4330000,P,300,400,1,1
1705506300000,20240122,4650000,C,73400,74400,1,1
1705506300000,20240122,4650000,P,4500,4600,1,1
1705506300000,20240122,4970000,C,100,200,1,1
1705506300000,20240122,4970000,P,252600,255900,1,1
1705506300000,20240122,4220000,C,497600,500800,1,1
1705506300000,20240122,4220000,P,200,300,1,1
1705506300000,20240122,4540000,C,178400,181600,1,1
1705506300000,20240122,4540000,P,700,800,1,1
1705506300000,20240122,4860000,C,200,300,1,1
1705506300000,20240122,4860000,P,142700,145700,1,1
1705506300000,20240122,5180000,P,462600,465700,1,1
1705506300000,20240122,4110000,C,607300,610600,1,1
1705506300000,20240122,4110000,P,200,300,1,1
1705506300000,20240122,4430000,C,287900,291200,1,1
1705506300000,20240122,4430000,P,400,500,1,1
1705506300000,20240122,4750000,C,9600,9700,1,1
1705506300000,20240122,4750000,P,40100,40600,1,1
1705506300000,20240122,4320000,C,397800,400900,1,1
1705506300000,20240122,4320000,P,300,400,1,1
1705506300000,20240122,4640000,C,82400,83400,1,1
1705506300000,20240122,4640000,P,3500,3600,1,1
1705506300000,20240122,4960000,C,100,200,1,1
1705506300000,20240122,4960000,P,242600,245900,1,1
1705506300000,20240122,4210000,C,507600,510700,1,1
1705506300000,20240122,4210000,P,200,300,1,1
1705506300000,20240122,4530000,C,188400,191500,1,1
1705506300000,20240122,4530000,P,700,800,1,1
1705506300000,20240122,4850000,C,200,300,1,1
1705506300000,20240122,4850000,P,132700,135700,1,1
1705506300000,20240122,4100000,C,617300,620600,1,1
1705506300000,20240122,4100000,P,100,200,1,1
1705506300000,20240122,4420000,C,297900,301200,1,1
1705506300000,20240122,4420000,P,400,500,1,1
1705506300000,20240122,4740000,C,13000,13100,1,1
1705506300000,20240122,4740000,P,33500,33800,1,1
1705506300000,20240122,5060000,P,342600,345700,1,1
1705506300000,20240122,4310000,C,407800,410900,1,1
1705506300000,20240122,4310000,P,300,400,1,1
1705506300000,20240122,4630000,C,91600,92700,1,1
1705506300000,20240122,4630000,P,2800,2900,1,1
1705506300000,20240122,4950000,C,100,200,1,1
1705506300000,20240122,4950000,P,232600,235800,1,1
1705506300000,20240122,4200000,C,517600,520700,1,1
1705506300000,20240122,4200000,P,200,300,1,1
1705506300000,20240122,4520000,C,198300,201500,1,1
1705506300000,20240122,4520000,P,600,700,1,1
1705506300000,20240122,4840000,C,300,400,1,1
1705506300000,20240122,4840000,P,122700,125700,1,1
1705506300000,20240122,5160000,P,442600,445700,1,1
1705506300000,20240122,4090000,C,627400,630500,1,1
1705506300000,20240122,4090000,P,100,200,1,1
1705506300000,20240122,4410000,C,308000,311100,1,1
1705506300000,20240122,4410000,P,400,500,1,1
1705506300000,20240122,4730000,C,17200,17300,1,1
1705506300000,20240122,4730000,P,27700,27900,1,1
1705506300000,20240122,5050000,P,332600,335700,1,1
1705506300000,20240122,4300000,C,417700,420900,1,1
1705506300000,20240122,4300000,P,300,400,1,1
1705506300000,20240122,4620000,C,101000,102200,1,1
1705506300000,20240122,4620000,P,2200,2300,1,1
1705506300000,20240122,4940000,C,100,200,1,1
1705506300000,20240122,4940000,P,222600,225700,1,1
1705506300000,20240122,4190000,C,527500,530700,1,1
1705506300000,20240122,4190000,P,200,300,1,1
1705506300000,20240122,4510000,C,208200,211400,1,1
1705506300000,20240122,4510000,P,600,700,1,1
1705506300000,20240122,4830000,C,400,500,1,1
1705506300000,20240122,4830000,P,112700,115700,1,1
1705506300000,20240122,5150000,P,432600,435800,1,1
1705506300000,20240122,5250000,P,532600,535700,1,1
1705506300000,20240122,4400000,C,317900,321100,1,1
1705506300000,20240122,4400000,P,400,500,1,1
1705506300000,20240122,4080000,C,637400,640500,1,1
1705506300000,20240122,4080000,P,100,200,1,1
1705506300000,20240122,4720000,C,22200,22300,1,1
1705506300000,20240122,4720000,P,22700,22800,1,1
1705506300000,20240122,5040000,P,322600,325700,1,1
1705506300000,20240122,4290000,C,427600,430900,1,1
1705506300000,20240122,4290000,P,300,400,1,1
1705506300000,20240122,4610000,C,110600,111800,1,1
1705506300000,20240122,4610000,P,1800,1900,1,1
1705506300000,20240122,4930000,C,100,200,1,1
1705506300000,20240122,4930000,P,212700,215800,1,1
1705506300000,20240122,5350000,P,632600,635700,1,1
1705506300000,20240122,4500000,C,218200,221400,1,1
1705506300000,20240122,4500000,P,600,700,1,1
1705506300000,20240122,4180000,C,537400,540700,1,1
1705506300000,20240122,4180000,P,200,300,1,1
1705506300000,20240122,4820000,C,600,700,1,1
1705506300000,20240122,4820000,P,102700,105700,1,1
1705506300000,20240122,5140000,P,422600,425800,1,1
1705506300000,20240122,4070000,C,647200,650500,1,1
1705506300000,20240122,4070000,P,100,200,1,1
1705506300000,20240122,4390000,C,327800,331100,1,1
1705506300000,20240122,4390000,P,400,500,1,1
1705506300000,20240122,4710000,C,27800,28000,1,1
1705506300000,20240122,4710000,P,18300,18500,1,1
1705506300000,20240122,5450000,P,732600,735900,1,1
1705506300000,20240122,4280000,C,437600,440900,1,1
1705506300000,20240122,4280000,P,300,400,1,1
1705506300000,20240122,4600000,C,120200,121500,1,1
1705506300000,20240122,4600000,P,1500,1600,1,1
1705506300000,20240122,4920000,C,100,200,1,1
1705506300000,20240122,4920000,P,202700,205700,1,1
1705506300000,20240122,5240000,P,522600,525700,1,1
1705506300000,20240122,4170000,C,547400,550700,1,1
1705506300000,20240122,4170000,P,200,300,1,1
1705506300000,20240122,4490000,C,228200,231300,1,1
1705506300000,20240122,4490000,P,500,600,1,1
1705506300000,20240122,4810000,C,900,1000,1,1
1705506300000,20240122,4810000,P,92700,95700,1,1
1705506300000,20240122,4060000,C,657200,660500,1,1
1705506300000,20240122,4060000,P,100,200,1,1
1705506300000,20240122,4380000,C,337900,341000,1,1
1705506300000,20240122,4380000,P,300,400,1,1
1705506300000,20240122,4700000,C,34100,34400,1,1
1705506300000,20240122,4700000,P,14800,14900,1,1
1705506300000,20240122,5020000,P,302600,305700,1,1
1705506300000,20240122,4270000,C,447700,450800,1,1
1705506300000,20240122,4270000,P,300,400,1,1
1705506300000,20240122,4590000,C,129000,132100,1,1
1705506300000,20240122,4590000,P,1200,1300,1,1
1705506300000,20240122,4910000,C,100,200,1,1
1705506300000,20240122,4910000,P,192700,195700,1,1
1705506300000,20240123,4160000,C,558300,561400,1,1
1705506300000,20240123,4160000,P,300,400,1,1
1705506300000,20240123,4480000,C,238900,242200,1,1
1705506300000,20240123,4480000,P,700,800,1,1
1705506300000,20240123,4800000,C,2400,2500,1,1
1705506300000,20240123,4800000,P,82700,85700,1,1
1705506300000,20240123,5120000,P,402600,405800,1,1
1705506300000,20240123,4050000,C,668000,671200,1,1
1705506300000,20240123,4050000,P,200,300,1,1
1705506300000,20240123,4370000,C,348700,351800,1,1
1705506300000,20240123,4370000,P,500,600,1,1
1705506300000,20240123,4690000,C,44600,45000,1,1
1705506300000,20240123,4690000,P,14600,14700,1,1
1705506300000,20240123,4260000,C,458300,461600,1,1
1705506300000,20240123,4260000,P,400,500,1,1
1705506300000,20240123,4580000,C,140200,143200,1,1
1705506300000,20240123,4580000,P,1700,1800,1,1
1705506300000,20240123,4900000,C,100,200,1,1
1705506300000,20240123,4900000,P,182700,185700,1,1
1705506300000,20240123,5220000,P,502600,505700,1,1
1705506300000,20240123,4150000,C,568100,571400,1,1
1705506300000,20240123,4150000,P,300,400,1,1
1705506300000,20240123,4470000,C,249000,252100,1,1
1705506300000,20240123,4470000,P,700,800,1,1
1705506300000,20240123,4790000,C,3500,3600,1,1
1705506300000,20240123,4790000,P,73800,75000,1,1
1705506300000,20240123,4040000,C,677900,681200,1,1
1705506300000,20240123,4040000,P,200,300,1,1
1705506300000,20240123,4360000,C,358600,361800,1,1
1705506300000,20240123,4360000,P,400,500,1,1
1705506300000,20240123,4680000,C,51900,52400,1,1
1705506300000,20240123,4680000,P,11900,12000,1,1
1705506300000,20240123,5000000,C,100,200,1,1
1705506300000,20240123,5000000,P,282600,285700,1,1
1705506300000,20240123,4250000,C,468300,471600,1,1
1705506300000,20240123,4250000,P,300,400,1,1
1705506300000,20240123,4570000,C,150000,153000,1,1
1705506300000,20240123,4570000,P,1500,1600,1,1
1705506300000,20240123,4890000,C,200,300,1,1
1705506300000,20240123,4890000,P,172700,175700,1,1
1705506300000,20240123,4140000,C,578200,581400,1,1
1705506300000,20240123,4140000,P,300,400,1,1
1705506300000,20240123,4460000,C,258800,262100,1,1
1705506300000,20240123,4460000,P,600,700,1,1
1705506300000,20240123,4780000,C,5000,5100,1,1
1705506300000,20240123,4780000,P,65100,66000,1,1
1705506300000,20240123,5100000,P,382600,385800,1,1
1705506300000,20240123,4030000,C,687900,691200,1,1
1705506300000,20240123,4030000,P,200,300,1,1
1705506300000,20240123,4350000,C,368500,371800,1,1
1705506300000,20240123,4350000,P,400,500,1,1
1705506300000,20240123,4670000,C,59600,60200,1,1
1705506300000,20240123,4670000,P,9700,9800,1,1
1705506300000,20240123,4990000,C,100,200,1,1
1705506300000,20240123,4990000,P,272600,275800,1,1
1705506300000,20240123,4240000,C,478300,481600,1,1
1705506300000,20240123,4240000,P,300,400,1,1
1705506300000,20240123,4560000,C,159800,162900,1,1
1705506300000,20240123,4560000,P,1300,1400,1,1
1705506300000,20240123,5200000,P,482600,485700,1,1
1705506300000,20240123,4880000,C,200,300,1,1
1705506300000,20240123,4880000,P,162700,165700,1,1
1705506300000,20240123,4130000,C,588100,591400,1,1
1705506300000,20240123,4130000,P,300,400,1,1
1705506300000,20240123,4450000,C,268800,272100,1,1
1705506300000,20240123,4450000,P,600,700,1,1
1705506300000,20240123,4770000,C,7000,7100,1,1
1705506300000,20240123,4770000,P,57000,57700,1,1
1705506300000,20240123,4020000,C,697900,701200,1,1
1705506300000,20240123,4020000,P,200,300,1,1
1705506300000,20240123,4340000,C,378500,381800,1,1
1705506300000,20240123,4340000,P,400,500,1,1
1705506300000,20240123,4660000,C,67700,68500,1,1
1705506300000,20240123,4660000,P,7900,8000,1,1
1705506300000,20240123,4980000,C,100,200,1,1
1705506300000,20240123,4980000,P,262600,265800,1,1
1705506300000,20240123,5300000,P,582600,585700,1,1
1705506300000,20240123,4230000,C,488400,491600,1,1
1705506300000,20240123,4230000,P,300,400,1,1
1705506300000,20240123,4550000,C,169600,172700,1,1
1705506300000,20240123,4550000,P,1200,1300,1,1
1705506300000,20240123,4870000,C,200,300,1,1
1705506300000,20240123,4870000,P,152700,155700,1,1
1705506300000,20240123,4120000,C,598200,601300,1,1
1705506300000,20240123,4120000,P,300,400,1,1
1705506300000,20240123,4440000,C,278900,282000,1,1
1705506300000,20240123,4440000,P,600,700,1,1
1705506300000,20240123,4760000,C,9500,9600,1,1
1705506300000,20240123,4760000,P,49600,50000,1,1
1705506300000,20240123,5080000,P,362600,365800,1,1
1705506300000,20240123,5400000,P,682600,685700,1,1
1705506300000,20240123,4330000,C,388500,391800,1,1
1705506300000,20240123,4330000,P,400,500,1,1
1705506300000,20240123,4650000,C,76200,77000,1,1
1705506300000,20240123,4650000,P,6500,6600,1,1
1705506300000,20240123,4970000,C,100,200,1,1
1705506300000,20240123,4970000,P,252600,255800,1,1
1705506300000,20240123,4220000,C,498200,501500,1,1
1705506300000,20240123,4220000,P,300,400,1,1
1705506300000,20240123,4540000,C,179500,182600,1,1
1705506300000,20240123,4540000,P,1100,1200,1,1
1705506300000,20240123,4860000,C,300,400,1,1
1705506300000,20240123,4860000,P,142700,145700,1,1
1705506300000,20240123,5180000,P,462600,465700,1,1
1705506300000,20240123,4110000,C,608100,611300,1,1
1705506300000,20240123,4110000,P,300,400,1,1
1705506300000,20240123,4430000,C,288700,292000,1,1
1705506300000,20240123,4430000,P,500,600,1,1
1705506300000,20240123,4750000,C,12600,12700,1,1
1705506300000,20240123,4750000,P,42500,43000,1,1
1705506300000,20240123,4320000,C,398600,401700,1,1
1705506300000,20240123,4320000,P,400,500,1,1
1705506300000,20240123,4640000,C,84900,85800,1,1
1705506300000,20240123,4640000,P,5300,5400,1,1
1705506300000,20240123,4960000,C,100,200,1,1
1705506300000,20240123,4960000,P,242600,245900,1,1
1705506300000,20240123,4210000,C,508400,511500,1,1
1705506300000,20240123,4210000,P,300,400,1,1
1705506300000,20240123,4530000,C,189400,192500,1,1
1705506300000,20240123,4530000,P,1000,1100,1,1
1705506300000,20240123,4850000,C,400,500,1,1
1705506300000,20240123,4850000,P,132700,135700,1,1
1705506300000,20240123,4100000,C,618000,621300,1,1
1705506300000,20240123,4100000,P,200,300,1,1
1705506300000,20240123,4420000,C,298700,302000,1,1
1705506300000,20240123,4420000,P,500,600,1,1
1705506300000,20240123,4740000,C,16400,16500,1,1
1705506300000,20240123,4740000,P,36300,36500,1,1
1705506300000,20240123,5060000,P,342600,345800,1,1
1705506300000,20240123,4310000,C,408500,411700,1,1
1705506300000,20240123,4310000,P,400,500,1,1
1705506300000,20240123,4630000,C,93900,94900,1,1
1705506300000,20240123,4630000,P,4300,4400,1,1
1705506300000,20240123,4950000,C,100,200,1,1
1705506300000,20240123,4950000,P,232600,235800,1,1
1705506300000,20240123,4200000,C,518200,521500,1,1
1705506300000,20240123,4200000,P,300,400,1,1
1705506300000,20240123,4520000,C,199300,202400,1,1
1705506300000,20240123,4520000,P,900,1000,1,1
1705506300000,20240123,4840000,C,500,600,1,1
1705506300000,20240123,4840000,P,122700,125700,1,1
1705506300000,20240123,5160000,P,442600,445700,1,1
1705506300000,20240123,4090000,C,628100,631300,1,1
1705506300000,20240123,4090000,P,200,300,1,1
1705506300000,20240123,4410000,C,308800,311900,1,1
1705506300000,20240123,4410000,P,500,600,1,1
1705506300000,20240123,4730000,C,20800,20900,1,1
1705506300000,20240123,4730000,P,30700,30900,1,1
1705506300000,20240123,5050000,P,332600,335800,1,1
1705506300000,20240123,4300000,C,418400,421700,1,1
1705506300000,20240123,4300000,P,400,500,1,1
1705506300000,20240123,4620000,C,103100,104100,1,1
1705506300000,20240123,4620000,P,3500,3600,1,1
1705506300000,20240123,4940000,C,100,200,1,1
1705506300000,20240123,4940000,P,222600,225800,1,1
1705506300000,20240123,4190000,C,528200,531500,1,1
1705506300000,20240123,4190000,P,300,400,1,1
1705506300000,20240123,4510000,C,209200,212300,1,1
1705506300000,20240123,4510000,P,800,900,1,1
1705506300000,20240123,4830000,C,800,900,1,1
1705506300000,20240123,4830000,P,112700,115700,1,1
1705506300000,20240123,5150000,P,432600,435800,1,1
1705506300000,20240123,5250000,P,532600,535700,1,1
1705506300000,20240123,4400000,C,318700,321900,1,1
1705506300000,20240123,4400000,P,500,600,1,1
1705506300000,20240123,4080000,C,638000,641300,1,1
1705506300000,20240123,4080000,P,200,300,1,1
1705506300000,20240123,4720000,C,25900,26000,1,1
1705506300000,20240123,4720000,P,25700,25900,1,1
1705506300000,20240123,5040000,C,100,200,1,1
1705506300000,20240123,5040000,P,322600,325800,1,1
1705506300000,20240123,4290000,C,428400,431700,1,1
1705506300000,20240123,4290000,P,400,500,1,1
1705506300000,20240123,4610000,C,112400,113600,1,1
1705506300000,20240123,4610000,P,2900,3000,1,1
1705506300000,20240123,4930000,C,100,200,1,1
1705506300000,20240123,4930000,P,212700,215700,1,1
1705506300000,20240123,5350000,P,632600,635700,1,1
1705506300000,20240123,4500000,C,219200,222300,1,1
1705506300000,20240123,4500000,P,800,900,1,1
1705506300000,20240123,4180000,C,538300,541500,1,1
1705506300000,20240123,4180000,P,300,400,1,1
1705506300000,20240123,4820000,C,1100,1200,1,1
1705506300000,20240123,4820000,P,102700,105700,1,1
1705506300000,20240123,5140000,P,422600,425800,1,1
1705506300000,20240123,4070000,C,648100,651300,1,1
1705506300000,20240123,4070000,P,200,300,1,1
1705506300000,20240123,4390000,C,328600,331900,1,1
1705506300000,20240123,4390000,P,500,600,1,1
1705506300000,20240123,4710000,C,31600,31700,1,1
1705506300000,20240123,4710000,P,21400,21500,1,1
1705506300000,20240123,5450000,P,732600,735700,1,1
1705506300000,20240123,4280000,C,438500,441700,1,1
1705506300000,20240123,4280000,P,400,500,1,1
1705506300000,20240123,4600000,C,121900,123100,1,1
1705506300000,20240123,4600000,P,2400,2500,1,1
1705506300000,20240123,4920000,C,100,200,1,1
1705506300000,20240123,4920000,P,202700,205700,1,1
1705506300000,20240123,5240000,P,522600,525700,1,1
1705506300000,20240123,4170000,C,548200,551400,1,1
1705506300000,20240123,4170000,P,300,400,1,1
1705506300000,20240123,4490000,C,229100,232200,1,1
1705506300000,20240123,4490000,P,700,800,1,1
1705506300000,20240123,4810000,C,1600,1700,1,1
1705506300000,20240123,4810000,P,92700,95700,1,1
1705506300000,20240123,4060000,C,657900,661200,1,1
1705506300000,20240123,4060000,P,200,300,1,1
1705506300000,20240123,4380000,C,338700,341900,1,1
1705506300000,20240123,4380000,P,500,600,1,1
1705506300000,20240123,4700000,C,37800,38100,1,1
1705506300000,20240123,4700000,P,17700,17800,1,1
1705506300000,20240123,5020000,C,100,200,1,1
1705506300000,20240123,5020000,P,302600,305700,1,1
1705506300000,20240123,4270000,C,448300,451600,1,1
1705506300000,20240123,4270000,P,400,500,1,1
1705506300000,20240123,4590000,C,131500,132700,1,1
1705506300000,20240123,4590000,P,2000,2100,1,1
1705506300000,20240123,4910000,C,100,200,1,1
1705506300000,20240123,4910000,P,192700,195700,1,1
1705506300000,20240124,4160000,C,558900,562200,1,1
1705506300000,20240124,4160000,P,400,500,1,1
1705506300000,20240124,4480000,C,239900,243100,1,1
1705506300000,20240124,4480000,P,900,1000,1,1
1705506300000,20240124,4800000,C,3700,3800,1,1
1705506300000,20240124,4800000,P,83800,85000,1,1
1705506300000,20240124,4050000,C,668700,671900,1,1
1705506300000,20240124,4050000,P,300,400,1,1
1705506300000,20240124,4370000,C,349300,352600,1,1
1705506300000,20240124,4370000,P,600,700,1,1
1705506300000,20240124,4690000,C,48000,48400,1,1
1705506300000,20240124,4690000,P,17400,17500,1,1
1705506300000,20240124,4260000,C,459100,462400,1,1
1705506300000,20240124,4260000,P,400,500,1,1
1705506300000,20240124,4580000,C,141700,144900,1,1
1705506300000,20240124,4580000,P,2600,2700,1,1
1705506300000,20240124,4900000,C,200,300,1,1
1705506300000,20240124,4900000,P,182600,185800,1,1
1705506300000,20240124,4150000,C,568900,572100,1,1
1705506300000,20240124,4150000,P,400,500,1,1
1705506300000,20240124,4470000,C,249800,253000,1,1
1705506300000,20240124,4470000,P,900,1000,1,1
1705506300000,20240124,4790000,C,5200,5300,1,1
1705506300000,20240124,4790000,P,74800,75800,1,1
1705506300000,20240124,4040000,C,678600,681900,1,1
1705506300000,20240124,4040000,P,300,400,1,1
1705506300000,20240124,4360000,C,359300,362600,1,1
1705506300000,20240124,4360000,P,600,700,1,1
1705506300000,20240124,4680000,C,55200,55800,1,1
1705506300000,20240124,4680000,P,14600,14700,1,1
1705506300000,20240124,5000000,C,100,200,1,1
1705506300000,20240124,5000000,P,282600,285900,1,1
1705506300000,20240124,4250000,C,469100,472300,1,1
1705506300000,20240124,4250000,P,400,500,1,1
1705506300000,20240124,4570000,C,151300,154500,1,1
1705506300000,20240124,4570000,P,2200,2300,1,1
1705506300000,20240124,4890000,C,200,300,1,1
1705506300000,20240124,4890000,P,172600,175800,1,1
1705506300000,20240124,4140000,C,578800,582100,1,1
1705506300000,20240124,4140000,P,300,400,1,1
1705506300000,20240124,4460000,C,259700,263000,1,1
1705506300000,20240124,4460000,P,800,900,1,1
1705506300000,20240124,4780000,C,7000,7100,1,1
1705506300000,20240124,4780000,P,66500,67300,1,1
1705506300000,20240124,5100000,P,382600,385900,1,1
1705506300000,20240124,4350000,C,369300,372600,1,1
1705506300000,20240124,4350000,P,500,600,1,1
1705506300000,20240124,4670000,C,62800,63500,1,1
1705506300000,20240124,4670000,P,12200,12300,1,1
1705506300000,20240124,4990000,C,100,200,1,1
1705506300000,20240124,4990000,P,272600,275900,1,1
1705506300000,20240124,4240000,C,479100,482300,1,1
1705506300000,20240124,4240000,P,400,500,1,1
1705506300000,20240124,4560000,C,161000,164200,1,1
1705506300000,20240124,4560000,P,1900,2000,1,1
1705506300000,20240124,5200000,P,482600,485900,1,1
1705506300000,20240124,4880000,C,300,400,1,1
1705506300000,20240124,4880000,P,162600,165800,1,1
1705506300000,20240124,4130000,C,588800,592100,1,1
1705506300000,20240124,4130000,P,300,400,1,1
1705506300000,20240124,4450000,C,269700,272900,1,1
1705506300000,20240124,4450000,P,800,900,1,1
1705506300000,20240124,4770000,C,9300,9400,1,1
1705506300000,20240124,4770000,P,58700,59400,1,1
1705506300000,20240124,4340000,C,379300,382600,1,1
1705506300000,20240124,4340000,P,500,600,1,1
1705506300000,20240124,4660000,C,70700,71400,1,1
1705506300000,20240124,4660000,P,10200,10300,1,1
1705506300000,20240124,4980000,C,100,200,1,1
1705506300000,20240124,4980000,P,262600,265900,1,1
1705506300000,20240124,5300000,P,582600,585800,1,1
1705506300000,20240124,4230000,C,489000,492300,1,1
1705506300000,20240124,4230000,P,400,500,1,1
1705506300000,20240124,4550000,C,170700,173900,1,1
1705506300000,20240124,4550000,P,1700,1800,1,1
1705506300000,20240124,4870000,C,400,500,1,1
1705506300000,20240124,4870000,P,152600,155800,1,1
1705506300000,20240124,4120000,C,598800,602100,1,1
1705506300000,20240124,4120000,P,300,400,1,1
1705506300000,20240124,4440000,C,279600,282900,1,1
1705506300000,20240124,4440000,P,800,900,1,1
1705506300000,20240124,4760000,C,12200,12300,1,1
1705506300000,20240124,4760000,P,51500,52000,1,1
1705506300000,20240124,5400000,P,682600,685800,1,1
1705506300000,20240124,4330000,C,389300,392500,1,1
1705506300000,20240124,4330000,P,500,600,1,1
1705506300000,20240124,4650000,C,79000,79800,1,1
1705506300000,20240124,4650000,P,8500,8600,1,1
1705506300000,20240124,4970000,C,100,200,1,1
1705506300000,20240124,4970000,P,252600,255800,1,1
1705506300000,20240124,4220000,C,499000,502300,1,1
1705506300000,20240124,4220000,P,400,500,1,1
1705506300000,20240124,4540000,C,180500,183700,1,1
1705506300000,20240124,4540000,P,1500,1600,1,1
1705506300000,20240124,4860000,C,500,600,1,1
1705506300000,20240124,4860000,P,142600,145800,1,1
1705506300000,20240124,4110000,C,608800,612100,1,1
1705506300000,20240124,4110000,P,300,400,1,1
1705506300000,20240124,4430000,C,289500,292800,1,1
1705506300000,20240124,4430000,P,700,800,1,1
1705506300000,20240124,4750000,C,15600,15700,1,1
1705506300000,20240124,4750000,P,44800,45200,1,1
1705506300000,20240124,4320000,C,399200,402500,1,1
1705506300000,20240124,4320000,P,500,600,1,1
1705506300000,20240124,4640000,C,87500,88400,1,1
1705506300000,20240124,4640000,P,7100,7200,1,1
1705506300000,20240124,4960000,C,100,200,1,1
1705506300000,20240124,4960000,P,242600,245800,1,1
1705506300000,20240124,4210000,C,509000,512300,1,1
1705506300000,20240124,4210000,P,400,500,1,1
1705506300000,20240124,4530000,C,190400,193600,1,1
1705506300000,20240124,4530000,P,1400,1500,1,1
1705506300000,20240124,4850000,C,700,800,1,1
1705506300000,20240124,4850000,P,132600,135800,1,1
1705506300000,20240124,4100000,C,618800,622000,1,1
1705506300000,20240124,4100000,P,300,400,1,1
1705506300000,20240124,4420000,C,299500,302800,1,1
1705506300000,20240124,4420000,P,700,800,1,1
1705506300000,20240124,4740000,C,19600,19700,1,1
1705506300000,20240124,4740000,P,38800,39000,1,1
1705506300000,20240124,5060000,C,100,200,1,1
1705506300000,20240124,5060000,P,342600,345900,1,1
1705506300000,20240124,4310000,C,409200,412500,1,1
1705506300000,20240124,4310000,P,500,600,1,1
1705506300000,20240124,4630000,C,96300,97300,1,1
1705506300000,20240124,4630000,P,5900,6000,1,1
1705506300000,20240124,4950000,C,100,200,1,1
1705506300000,20240124,4950000,P,232600,235800,1,1
1705506300000,20240124,4200000,C,519000,522200,1,1
1705506300000,20240124,4200000,P,400,500,1,1
1705506300000,20240124,4520000,C,200300,203500,1,1
1705506300000,20240124,4520000,P,1200,1300,1,1
1705506300000,20240124,4840000,C,900,1000,1,1
1705506300000,20240124,4840000,P,122600,125800,1,1
1705506300000,20240124,4090000,C,628700,632000,1,1
1705506300000,20240124,4090000,P,300,400,1,1
1705506300000,20240124,4410000,C,309500,312800,1,1
1705506300000,20240124,4410000,P,700,800,1,1
1705506300000,20240124,4730000,C,24200,24300,1,1
1705506300000,20240124,4730000,P,33400,33500,1,1
1705506300000,20240124,5050000,C,100,200,1,1
1705506300000,20240124,5050000,P,332600,335900,1,1
1705506300000,20240124,4300000,C,419200,422500,1,1
1705506300000,20240124,4300000,P,500,600,1,1
1705506300000,20240124,4620000,C,105300,106300,1,1
1705506300000,20240124,4620000,P,5000,5100,1,1
1705506300000,20240124,4940000,C,100,200,1,1
1705506300000,20240124,4940000,P,222600,225800,1,1
1705506300000,20240124,4190000,C,528900,532200,1,1
1705506300000,20240124,4190000,P,400,500,1,1
1705506300000,20240124,4510000,C,210100,213300,1,1
1705506300000,20240124,4510000,P,1100,1200,1,1
1705506300000,20240124,4830000,C,1300,1400,1,1
1705506300000,20240124,4830000,P,112600,115800,1,1
1705506300000,20240124,5150000,P,432600,435900,1,1
1705506300000,20240124,5250000,P,532600,535800,1,1
1705506300000,20240124,4400000,C,319400,322700,1,1
1705506300000,20240124,4400000,P,600,700,1,1
1705506300000,20240124,4080000,C,638700,642000,1,1
1705506300000,20240124,4080000,P,300,400,1,1
1705506300000,20240124,4720000,C,29400,29500,1,1
1705506300000,20240124,4720000,P,28500,28700,1,1
1705506300000,20240124,5040000,C,100,200,1,1
1705506300000,20240124,5040000,P,322600,325900,1,1
1705506300000,20240124,4290000,C,429200,432400,1,1
1705506300000,20240124,4290000,P,500,600,1,1
1705506300000,20240124,4610000,C,114500,115500,1,1
1705506300000,20240124,4610000,P,4200,4300,1,1
1705506300000,20240124,4930000,C,100,200,1,1
1705506300000,20240124,4930000,P,212600,215800,1,1
1705506300000,20240124,5350000,P,632600,635800,1,1
1705506300000,20240124,4500000,C,220000,223300,1,1
1705506300000,20240124,4500000,P,1100,1200,1,1
1705506300000,20240124,4180000,C,538900,542200,1,1
1705506300000,20240124,4180000,P,400,500,1,1
1705506300000,20240124,4820000,C,1900,2000,1,1
1705506300000,20240124,4820000,P,102600,105800,1,1
1705506300000,20240124,4070000,C,648700,652000,1,1
1705506300000,20240124,4070000,P,300,400,1,1
1705506300000,20240124,4390000,C,329400,332700,1,1
1705506300000,20240124,4390000,P,600,700,1,1
1705506300000,20240124,4710000,C,35100,35300,1,1
1705506300000,20240124,4710000,P,24200,24400,1,1
1705506300000,20240124,5450000,P,732600,735800,1,1
1705506300000,20240124,4280000,C,439100,442400,1,1
1705506300000,20240124,4280000,P,500,600,1,1
1705506300000,20240124,4600000,C,123800,124900,1,1
1705506300000,20240124,4600000,P,3500,3600,1,1
1705506300000,20240124,4920000,C,200,300,1,1
1705506300000,20240124,4920000,P,202600,205800,1,1
1705506300000,20240124,4170000,C,548900,552200,1,1
1705506300000,20240124,4170000,P,400,500,1,1
1705506300000,20240124,4490000,C,229900,233200,1,1
1705506300000,20240124,4490000,P,1000,1100,1,1
1705506300000,20240124,4810000,C,2700,2800,1,1
1705506300000,20240124,4810000,P,92700,95900,1,1
1705506300000,20240124,4060000,C,658700,662000,1,1
1705506300000,20240124,4060000,P,300,400,1,1
1705506300000,20240124,4380000,C,339400,342700,1,1
1705506300000,20240124,4380000,P,600,700,1,1
1705506300000,20240124,4700000,C,41300,41600,1,1
1705506300000,20240124,4700000,P,20600,20700,1,1
1705506300000,20240124,5020000,C,100,200,1,1
1705506300000,20240124,5020000,P,302600,305900,1,1
1705506300000,20240124,4270000,C,449100,452400,1,1
1705506300000,20240124,4270000,P,400,500,1,1
1705506300000,20240124,4590000,C,133200,134400,1,1
1705506300000,20240124,4590000,P,3000,3100,1,1
1705506300000,20240124,4910000,C,200,300,1,1
1705506300000,20240124,4910000,P,192600,195800,1,1
1705506300000,20240125,4800000,C,5500,5600,1,1
1705506300000,20240125,4800000,P,84300,85400,1,1
1705506300000,20240125,4690000,C,52400,52800,1,1
1705506300000,20240125,4690000,P,19700,19800,1,1
1705506300000,20240125,4900000,C,300,400,1,1
1705506300000,20240125,4900000,P,182700,185900,1,1
1705506300000,20240125,4790000,C,7300,7400,1,1
1705506300000,20240125,4790000,P,75800,76700,1,1
1705506300000,20240125,4680000,C,59600,60000,1,1
1705506300000,20240125,4680000,P,16900,17000,1,1
1705506300000,20240125,5000000,C,100,200,1,1
1705506300000,20240125,5000000,P,282600,285900,1,1
1705506300000,20240125,4890000,C,400,500,1,1
1705506300000,20240125,4890000,P,172700,175900,1,1
1705506300000,20240125,4780000,C,9500,9600,1,1
1705506300000,20240125,4780000,P,67800,68500,1,1
1705506300000,20240125,5100000,C,100,200,1,1
1705506300000,20240125,5100000,P,382600,385900,1,1
1705506300000,20240125,4670000,C,67100,67800,1,1
1705506300000,20240125,4670000,P,14400,14500,1,1
1705506300000,20240125,4990000,C,100,200,1,1
1705506300000,20240125,4990000,P,272600,275900,1,1
1705506300000,20240125,5200000,P,482600,485900,1,1
1705506300000,20240125,4880000,C,500,600,1,1
1705506300000,20240125,4880000,P,162700,165900,1,1
1705506300000,20240125,4770000,C,12100,12200,1,1
1705506300000,20240125,4770000,P,60200,60900,1,1
1705506300000,20240125,4660000,C,74900,75600,1,1
1705506300000,20240125,4660000,P,12300,12400,1,1
1705506300000,20240125,4980000,C,100,200,1,1
1705506300000,20240125,4980000,P,262600,265900,1,1
1705506300000,20240125,5300000,P,582600,585800,1,1
1705506300000,20240125,4870000,C,700,800,1,1
1705506300000,20240125,4870000,P,152700,155900,1,1
1705506300000,20240125,4760000,C,15300,15400,1,1
1705506300000,20240125,4760000,P,53100,53700,1,1
1705506300000,20240125,4650000,C,83100,83700,1,1
1705506300000,20240125,4650000,P,10500,10600,1,1
1705506300000,20240125,4970000,C,100,200,1,1
1705506300000,20240125,4970000,P,252600,255900,1,1
1705506300000,20240125,4860000,C,900,1000,1,1
1705506300000,20240125,4860000,P,142600,145800,1,1
1705506300000,20240125,4750000,C,19100,19200,1,1
1705506300000,20240125,4750000,P,46800,47200,1,1
1705506300000,20240125,4640000,C,91500,92400,1,1
1705506300000,20240125,4640000,P,9000,9100,1,1
1705506300000,20240125,4960000,C,200,300,1,1
1705506300000,20240125,4960000,P,242600,245800,1,1
1705506300000,20240125,4850000,C,1200,1300,1,1
1705506300000,20240125,4850000,P,132600,135800,1,1
1705506300000,20240125,4740000,C,23300,23500,1,1
1705506300000,20240125,4740000,P,40900,41200,1,1
1705506300000,20240125,4630000,C,100200,101100,1,1
1705506300000,20240125,4630000,P,7700,7800,1,1
1705506300000,20240125,4950000,C,200,300,1,1
1705506300000,20240125,4950000,P,232600,235800,1,1
1705506300000,20240125,4840000,C,1600,1700,1,1
1705506300000,20240125,4840000,P,122600,125800,1,1
1705506300000,20240125,4730000,C,28200,28300,1,1
1705506300000,20240125,4730000,P,35700,35800,1,1
1705506300000,20240125,4300000,C,421300,424600,1,1
1705506300000,20240125,4300000,P,600,700,1,1
1705506300000,20240125,4620000,C,109000,110000,1,1
1705506300000,20240125,4620000,P,6600,6700,1,1
1705506300000,20240125,4940000,C,200,300,1,1
1705506300000,20240125,4940000,P,222600,225800,1,1
1705506300000,20240125,4830000,C,2200,2300,1,1
1705506300000,20240125,4830000,P,112600,115800,1,1
1705506300000,20240125,4400000,C,321700,325000,1,1
1705506300000,20240125,4400000,P,900,1000,1,1
1705506300000,20240125,4720000,C,33500,33700,1,1
1705506300000,20240125,4720000,P,30900,31000,1,1
1705506300000,20240125,4610000,C,118100,119100,1,1
1705506300000,20240125,4610000,P,5600,5700,1,1
1705506300000,20240125,4930000,C,200,300,1,1
1705506300000,20240125,4930000,P,212600,215900,1,1
1705506300000,20240125,4500000,C,222500,225700,1,1
1705506300000,20240125,4500000,P,1500,1600,1,1
1705506300000,20240125,4820000,C,3000,3100,1,1
1705506300000,20240125,4820000,P,102700,105800,1,1
1705506300000,20240125,4710000,C,39400,39500,1,1
1705506300000,20240125,4710000,P,26700,26800,1,1
1705506300000,20240125,4600000,C,127300,128300,1,1
1705506300000,20240125,4600000,P,4900,5000,1,1
1705506300000,20240125,4920000,C,200,300,1,1
1705506300000,20240125,4920000,P,202700,205900,1,1
1705506300000,20240125,4810000,C,4100,4200,1,1
1705506300000,20240125,4810000,P,93700,94900,1,1
1705506300000,20240125,4700000,C,45700,45900,1,1
1705506300000,20240125,4700000,P,22900,23100,1,1
1705506300000,20240125,4910000,C,300,400,1,1
1705506300000,20240125,4910000,P,192700,195900,1,1
1705506300000,20240126,4480000,C,244600,245800,1,1
1705506300000,20240126,4480000,P,1700,1800,1,1
1705506300000,20240126,4800000,C,7100,7200,1,1
1705506300000,20240126,4800000,P,85200,86200,1,1
1705506300000,20240126,5120000,C,100,200,1,1
1705506300000,20240126,5120000,P,402600,405900,1,1
1705506300000,20240126,4475000,C,249500,250800,1,1
1705506300000,20240126,4475000,P,1700,1800,1,1
1705506300000,20240126,4370000,C,352500,355700,1,1
1705506300000,20240126,4370000,P,1000,1100,1,1
1705506300000,20240126,4050000,C,671300,674700,1,1
1705506300000,20240126,4050000,P,400,500,1,1
1705506300000,20240126,4690000,C,55600,55900,1,1
1705506300000,20240126,4690000,P,22100,22200,1,1
1705506300000,20240126,4580000,C,147900,149000,1,1
1705506300000,20240126,4580000,P,4800,4900,1,1
1705506300000,20240126,4900000,C,500,600,1,1
1705506300000,20240126,4900000,P,182700,185900,1,1
1705506300000,20240126,4575000,C,152600,153700,1,1
1705506300000,20240126,4575000,P,4500,4600,1,1
1705506300000,20240126,4150000,C,571700,574900,1,1
1705506300000,20240126,4150000,P,500,600,1,1
1705506300000,20240126,4470000,C,254400,255700,1,1
1705506300000,20240126,4470000,P,1600,1700,1,1
1705506300000,20240126,4790000,C,9200,9300,1,1
1705506300000,20240126,4790000,P,76900,77700,1,1
1705506300000,20240126,4360000,C,362400,365700,1,1
1705506300000,20240126,4360000,P,1000,1100,1,1
1705506300000,20240126,5000000,C,100,200,1,1
1705506300000,20240126,5000000,P,282600,285900,1,1
1705506300000,20240126,4680000,C,62800,63100,1,1
1705506300000,20240126,4680000,P,19200,19300,1,1
1705506300000,20240126,4675000,C,66400,66900,1,1
1705506300000,20240126,4675000,P,17900,18000,1,1
1705506300000,20240126,4250000,C,472000,475200,1,1
1705506300000,20240126,4250000,P,700,800,1,1
1705506300000,20240126,4570000,C,157300,158400,1,1
1705506300000,20240126,4570000,P,4200,4300,1,1
1705506300000,20240126,4890000,C,600,700,1,1
1705506300000,20240126,4890000,P,172700,175900,1,1
1705506300000,20240126,3500000,C,1220000,1223300,1,1
1705506300000,20240126,3500000,P,100,200,1,1
1705506300000,20240126,4460000,C,264300,265600,1,1
1705506300000,20240126,4460000,P,1500,1600,1,1
1705506300000,20240126,4780000,C,11600,11700,1,1
1705506300000,20240126,4780000,P,69100,69800,1,1
1705506300000,20240126,5100000,C,100,200,1,1
1705506300000,20240126,5100000,P,382600,385900,1,1
1705506300000,20240126,4350000,C,372400,375600,1,1
1705506300000,20240126,4350000,P,900,1000,1,1
1705506300000,20240126,4670000,C,70200,70800,1,1
1705506300000,20240126,4670000,P,16700,16800,1,1
1705506300000,20240126,4990000,C,200,300,1,1
1705506300000,20240126,4990000,P,272600,275900,1,1
1705506300000,20240126,3600000,C,1120200,1123500,1,1
1705506300000,20240126,3600000,P,100,200,1,1
1705506300000,20240126,4560000,C,166800,167900,1,1
1705506300000,20240126,4560000,P,3800,3900,1,1
1705506300000,20240126,5200000,P,482600,485900,1,1
1705506300000,20240126,4880000,C,800,900,1,1
1705506300000,20240126,4880000,P,162700,165900,1,1
1705506300000,20240126,4875000,C,900,1000,1,1
1705506300000,20240126,4875000,P,157700,160900,1,1
1705506300000,20240126,4450000,C,274200,275500,1,1
1705506300000,20240126,4450000,P,1500,1600,1,1
1705506300000,20240126,4770000,C,14500,14600,1,1
1705506300000,20240126,4770000,P,61700,62400,1,1
1705506300000,20240126,3700000,C,1020400,1023800,1,1
1705506300000,20240126,3700000,P,200,300,1,1
1705506300000,20240126,4340000,C,382300,385600,1,1
1705506300000,20240126,4340000,P,900,1000,1,1
1705506300000,20240126,4660000,C,77900,78500,1,1
1705506300000,20240126,4660000,P,14500,14600,1,1
1705506300000,20240126,4980000,C,200,300,1,1
1705506300000,20240126,4980000,P,262600,265900,1,1
1705506300000,20240126,5300000,P,582600,585800,1,1
1705506300000,20240126,4550000,C,176300,177500,1,1
1705506300000,20240126,4550000,P,3400,3500,1,1
1705506300000,20240126,4870000,C,1000,1100,1,1
1705506300000,20240126,4870000,P,152700,155900,1,1
1705506300000,20240126,3800000,C,920700,924000,1,1
1705506300000,20240126,3800000,P,200,300,1,1
1705506300000,20240126,4440000,C,282900,286200,1,1
1705506300000,20240126,4440000,P,1400,1500,1,1
1705506300000,20240126,4760000,C,18000,18100,1,1
1705506300000,20240126,4760000,P,55000,55500,1,1
1705506300000,20240126,5080000,C,100,200,1,1
1705506300000,20240126,5080000,P,362600,365900,1,1
1705506300000,20240126,5400000,P,682600,685800,1,1
1705506300000,20240126,4330000,C,392300,395500,1,1
1705506300000,20240126,4330000,P,900,1000,1,1
1705506300000,20240126,4650000,C,86000,86600,1,1
1705506300000,20240126,4650000,P,12600,12700,1,1
1705506300000,20240126,4970000,C,200,300,1,1
1705506300000,20240126,4970000,P,252600,255900,1,1
1705506300000,20240126,3900000,C,821000,824300,1,1
1705506300000,20240126,3900000,P,300,400,1,1
1705506300000,20240126,4540000,C,185900,187100,1,1
1705506300000,20240126,4540000,P,3000,3100,1,1
1705506300000,20240126,4860000,C,1300,1400,1,1
1705506300000,20240126,4860000,P,142700,145900,1,1
1705506300000,20240126,4430000,C,292900,296100,1,1
1705506300000,20240126,4430000,P,1300,1400,1,1
1705506300000,20240126,4750000,C,21900,22000,1,1
1705506300000,20240126,4750000,P,48800,49100,1,1
1705506300000,20240126,4320000,C,402200,405500,1,1
1705506300000,20240126,4320000,P,800,900,1,1
1705506300000,20240126,4000000,C,721200,724500,1,1
1705506300000,20240126,4000000,P,400,500,1,1
1705506300000,20240126,4640000,C,94300,95000,1,1
1705506300000,20240126,4640000,P,10900,11000,1,1
1705506300000,20240126,4960000,C,200,300,1,1
1705506300000,20240126,4960000,P,242600,245900,1,1
1705506300000,20240126,4530000,C,195600,196800,1,1
1705506300000,20240126,4530000,P,2700,2800,1,1
1705506300000,20240126,4850000,C,1800,1900,1,1
1705506300000,20240126,4850000,P,132600,135800,1,1
1705506300000,20240126,4525000,C,200500,201700,1,1
1705506300000,20240126,4525000,P,2600,2700,1,1
1705506300000,20240126,4100000,C,621500,624800,1,1
1705506300000,20240126,4100000,P,500,600,1,1
1705506300000,20240126,4420000,C,302800,306100,1,1
1705506300000,20240126,4420000,P,1200,1300,1,1
1705506300000,20240126,4740000,C,26300,26400,1,1
1705506300000,20240126,4740000,P,43100,43300,1,1
1705506300000,20240126,5060000,C,100,200,1,1
1705506300000,20240126,5060000,P,342600,345900,1,1
1705506300000,20240126,4950000,C,200,300,1,1
1705506300000,20240126,4950000,P,232600,235800,1,1
1705506300000,20240126,4630000,C,102800,103600,1,1
1705506300000,20240126,4630000,P,9500,9600,1,1
1705506300000,20240126,4625000,C,107100,108000,1,1
1705506300000,20240126,4625000,P,8900,9000,1,1
1705506300000,20240126,4200000,C,521800,525100,1,1
1705506300000,20240126,4200000,P,600,700,1,1
1705506300000,20240126,4520000,C,205300,206600,1,1
1705506300000,20240126,4520000,P,2400,2500,1,1
1705506300000,20240126,4840000,C,2400,2500,1,1
1705506300000,20240126,4840000,P,122600,125800,1,1
1705506300000,20240126,4410000,C,312700,316000,1,1
1705506300000,20240126,4410000,P,1200,1300,1,1
1705506300000,20240126,5050000,C,100,200,1,1
1705506300000,20240126,5050000,P,332600,335900,1,1
1705506300000,20240126,4730000,C,31200,31300,1,1
1705506300000,20240126,4730000,P,37900,38100,1,1
1705506300000,20240126,4300000,C,422100,425400,1,1
1705506300000,20240126,4300000,P,800,900,1,1
1705506300000,20240126,4620000,C,111500,112400,1,1
1705506300000,20240126,4620000,P,8300,8400,1,1
1705506300000,20240126,4940000,C,200,300,1,1
1705506300000,20240126,4940000,P,222600,225800,1,1
1705506300000,20240126,3550000,C,1170100,1173400,1,1
1705506300000,20240126,3550000,P,100,200,1,1
1705506300000,20240126,4510000,C,215100,216300,1,1
1705506300000,20240126,4510000,P,2200,2300,1,1
1705506300000,20240126,5150000,P,432600,435900,1,1
1705506300000,20240126,4830000,C,3100,3200,1,1
1705506300000,20240126,4830000,P,112600,115800,1,1
1705506300000,20240126,5250000,P,532600,535800,1,1
1705506300000,20240126,4400000,C,322600,325900,1,1
1705506300000,20240126,4400000,P,1100,1200,1,1
1705506300000,20240126,4720000,C,36700,36800,1,1
1705506300000,20240126,4720000,P,33200,33400,1,1
1705506300000,20240126,5040000,C,100,200,1,1
1705506300000,20240126,5040000,P,322600,325900,1,1
1705506300000,20240126,3650000,C,1070300,1073600,1,1
1705506300000,20240126,3650000,P,200,300,1,1
1705506300000,20240126,4610000,C,120400,121300,1,1
1705506300000,20240126,4610000,P,7200,7300,1,1
1705506300000,20240126,4930000,C,300,400,1,1
1705506300000,20240126,4930000,P,212600,215900,1,1
1705506300000,20240126,5350000,P,632600,635800,1,1
1705506300000,20240126,4500000,C,224900,226100,1,1
1705506300000,20240126,4500000,P,2000,2100,1,1
1705506300000,20240126,4820000,C,4200,4300,1,1
1705506300000,20240126,4820000,P,103600,104900,1,1
1705506300000,20240126,5140000,C,100,200,1,1
1705506300000,20240126,5140000,P,422600,425900,1,1
1705506300000,20240126,3750000,C,970600,973900,1,1
1705506300000,20240126,3750000,P,200,300,1,1
1705506300000,20240126,4390000,C,332600,335900,1,1
1705506300000,20240126,4390000,P,1100,1200,1,1
1705506300000,20240126,4710000,C,42600,42700,1,1
1705506300000,20240126,4710000,P,29100,29200,1,1
1705506300000,20240126,5450000,P,732600,735800,1,1
1705506300000,20240126,4600000,C,129400,130400,1,1
1705506300000,20240126,4600000,P,6300,6400,1,1
1705506300000,20240126,4920000,C,300,400,1,1
1705506300000,20240126,4920000,P,202700,205900,1,1
1705506300000,20240126,3850000,C,870800,874100,1,1
1705506300000,20240126,3850000,P,300,400,1,1
1705506300000,20240126,4490000,C,234700,236000,1,1
1705506300000,20240126,4490000,P,1900,2000,1,1
1705506300000,20240126,4810000,C,5500,5600,1,1
1705506300000,20240126,4810000,P,93900,95100,1,1
1705506300000,20240126,4380000,C,342500,345800,1,1
1705506300000,20240126,4380000,P,1000,1100,1,1
1705506300000,20240126,4700000,C,48900,49100,1,1
1705506300000,20240126,4700000,P,25300,25500,1,1
1705506300000,20240126,5020000,C,100,200,1,1
1705506300000,20240126,5020000,P,302600,305900,1,1
1705506300000,20240126,3950000,C,771100,774400,1,1
1705506300000,20240126,3950000,P,400,500,1,1
1705506300000,20240126,4590000,C,138600,139700,1,1
1705506300000,20240126,4590000,P,5500,5600,1,1
1705506300000,20240126,4910000,C,400,500,1,1
1705506300000,20240126,4910000,P,192700,195900,1,1
1705506300000,20240129,4800000,C,9100,9200,1,1
1705506300000,20240129,4800000,P,86300,87200,1,1
1705506300000,20240129,4690000,C,59000,59400,1,1
1705506300000,20240129,4690000,P,24700,24900,1,1
1705506300000,20240129,4900000,C,700,800,1,1
1705506300000,20240129,4900000,P,182600,185900,1,1
1705506300000,20240129,4790000,C,11400,11500,1,1
1705506300000,20240129,4790000,P,78300,79100,1,1
1705506300000,20240129,4680000,C,66100,66600,1,1
1705506300000,20240129,4680000,P,21800,21900,1,1
1705506300000,20240129,5000000,C,200,300,1,1
1705506300000,20240129,5000000,P,282600,285900,1,1
1705506300000,20240129,4780000,C,14100,14200,1,1
1705506300000,20240129,4780000,P,70600,71400,1,1
1705506300000,20240129,5100000,C,100,200,1,1
1705506300000,20240129,5100000,P,382600,385800,1,1
1705506300000,20240129,4670000,C,73500,74000,1,1
1705506300000,20240129,4670000,P,19200,19400,1,1
1705506300000,20240129,5200000,P,482600,485800,1,1
1705506300000,20240129,4770000,C,17200,17400,1,1
1705506300000,20240129,4770000,P,63700,64200,1,1
1705506300000,20240129,4660000,C,81200,81700,1,1
1705506300000,20240129,4660000,P,16900,17100,1,1
1705506300000,20240129,5300000,P,582600,585900,1,1
1705506300000,20240129,4760000,C,20900,21000,1,1
1705506300000,20240129,4760000,P,57000,57500,1,1
1705506300000,20240129,4650000,C,89100,89700,1,1
1705506300000,20240129,4650000,P,14900,15000,1,1
1705506300000,20240129,4750000,C,24900,25100,1,1
1705506300000,20240129,4750000,P,51000,51300,1,1
1705506300000,20240129,4850000,C,2500,2600,1,1
1705506300000,20240129,4850000,P,132600,135900,1,1
1705506300000,20240129,4740000,C,29500,29700,1,1
1705506300000,20240129,4740000,P,45500,45700,1,1
1705506300000,20240129,4840000,C,3300,3400,1,1
1705506300000,20240129,4840000,P,122600,125900,1,1
1705506300000,20240129,4730000,C,34500,34700,1,1
1705506300000,20240129,4730000,P,40400,40600,1,1
1705506300000,20240129,4300000,C,423000,426300,1,1
1705506300000,20240129,4300000,P,1000,1100,1,1
1705506300000,20240129,4830000,C,4300,4400,1,1
1705506300000,20240129,4830000,P,112700,115900,1,1
1705506300000,20240129,4400000,C,323700,327000,1,1
1705506300000,20240129,4400000,P,1500,1600,1,1
1705506300000,20240129,4720000,C,40100,40200,1,1
1705506300000,20240129,4720000,P,35800,36000,1,1
1705506300000,20240129,4500000,C,225200,228400,1,1
1705506300000,20240129,4500000,P,2800,2900,1,1
1705506300000,20240129,4820000,C,5600,5700,1,1
1705506300000,20240129,4820000,P,103700,104900,1,1
1705506300000,20240129,4710000,C,46000,46200,1,1
1705506300000,20240129,4710000,P,31700,31900,1,1
1705506300000,20240129,4600000,C,131900,132900,1,1
1705506300000,20240129,4600000,P,8000,8100,1,1
1705506300000,20240129,4810000,C,7200,7300,1,1
1705506300000,20240129,4810000,P,94700,95800,1,1
1705506300000,20240129,4700000,C,52300,52600,1,1
1705506300000,20240129,4700000,P,28000,28200,1,1
1705506300000,20240130,4800000,C,11100,11200,1,1
1705506300000,20240130,4800000,P,87500,88300,1,1
1705506300000,20240130,4690000,C,62200,62500,1,1
1705506300000,20240130,4690000,P,27100,27300,1,1
1705506300000,20240130,4900000,C,1000,1100,1,1
1705506300000,20240130,4900000,P,182600,185900,1,1
1705506300000,20240130,4790000,C,13600,13700,1,1
1705506300000,20240130,4790000,P,79700,80400,1,1
1705506300000,20240130,4680000,C,69200,69600,1,1
1705506300000,20240130,4680000,P,24200,24300,1,1
1705506300000,20240130,5000000,C,200,300,1,1
1705506300000,20240130,5000000,P,282600,285900,1,1
1705506300000,20240130,4780000,C,16500,16600,1,1
1705506300000,20240130,4780000,P,72200,73000,1,1
1705506300000,20240130,5100000,C,100,200,1,1
1705506300000,20240130,5100000,P,382600,385800,1,1
1705506300000,20240130,4670000,C,76500,77100,1,1
1705506300000,20240130,4670000,P,21500,21700,1,1
1705506300000,20240130,5200000,P,482600,485800,1,1
1705506300000,20240130,4770000,C,19800,20000,1,1
1705506300000,20240130,4770000,P,65300,66000,1,1
1705506300000,20240130,4660000,C,84100,84800,1,1
1705506300000,20240130,4660000,P,19200,19300,1,1
1705506300000,20240130,5300000,P,582600,585900,1,1
1705506300000,20240130,4760000,C,23600,23700,1,1
1705506300000,20240130,4760000,P,59000,59500,1,1
1705506300000,20240130,4650000,C,91900,92700,1,1
1705506300000,20240130,4650000,P,17100,17200,1,1
1705506300000,20240130,4750000,C,27800,28000,1,1
1705506300000,20240130,4750000,P,53200,53400,1,1
1705506300000,20240130,4850000,C,3500,3600,1,1
1705506300000,20240130,4850000,P,132600,135900,1,1
1705506300000,20240130,4740000,C,32500,32700,1,1
1705506300000,20240130,4740000,P,47700,48000,1,1
1705506300000,20240130,4840000,C,4500,4600,1,1
1705506300000,20240130,4840000,P,122600,125900,1,1
1705506300000,20240130,4730000,C,37600,37800,1,1
1705506300000,20240130,4730000,P,42700,42900,1,1
1705506300000,20240130,4300000,C,423900,427200,1,1
1705506300000,20240130,4300000,P,1300,1400,1,1
1705506300000,20240130,4830000,C,5600,5800,1,1
1705506300000,20240130,4830000,P,113600,114900,1,1
1705506300000,20240130,4400000,C,324800,328000,1,1
1705506300000,20240130,4400000,P,1800,1900,1,1
1705506300000,20240130,4720000,C,43200,43400,1,1
1705506300000,20240130,4720000,P,38200,38400,1,1
1705506300000,20240130,4500000,C,226700,229900,1,1
1705506300000,20240130,4500000,P,3500,3600,1,1
1705506300000,20240130,4820000,C,7100,7200,1,1
1705506300000,20240130,4820000,P,104300,105400,1,1
1705506300000,20240130,4710000,C,49200,49300,1,1
1705506300000,20240130,4710000,P,34100,34300,1,1
1705506300000,20240130,4600000,C,134200,135200,1,1
1705506300000,20240130,4600000,P,9600,9700,1,1
1705506300000,20240130,4810000,C,8900,9000,1,1
1705506300000,20240130,4810000,P,95700,96600,1,1
1705506300000,20240130,4700000,C,55500,55700,1,1
1705506300000,20240130,4700000,P,30400,30600,1,1
1705506300000,20240131,3200000,C,1520900,1524400,1,1
1705506300000,20240131,3200000,P,100,200,1,1
1705506300000,20240131,4160000,C,564100,567400,1,1
1705506300000,20240131,4160000,P,1100,1200,1,1
1705506300000,20240131,4480000,C,249100,250300,1,1
1705506300000,20240131,4480000,P,4100,4200,1,1
1705506300000,20240131,4800000,C,14300,14500,1,1
1705506300000,20240131,4800000,P,89600,90400,1,1
1705506300000,20240131,5120000,C,100,200,1,1
1705506300000,20240131,5120000,P,402600,405900,1,1
1705506300000,20240131,4370000,C,355700,359000,1,1
1705506300000,20240131,4370000,P,2100,2200,1,1
1705506300000,20240131,4050000,C,673600,676900,1,1
1705506300000,20240131,4050000,P,800,900,1,1
1705506300000,20240131,4690000,C,66800,67100,1,1
1705506300000,20240131,4690000,P,31000,31100,1,1
1705506300000,20240131,5010000,C,300,400,1,1
1705506300000,20240131,5010000,P,292600,295900,1,1
1705506300000,20240131,3300000,C,1421200,1424600,1,1
1705506300000,20240131,3300000,P,100,200,1,1
1705506300000,20240131,4260000,C,464700,468000,1,1
1705506300000,20240131,4260000,P,1400,1500,1,1
1705506300000,20240131,4580000,C,155300,156300,1,1
1705506300000,20240131,4580000,P,10000,10100,1,1
1705506300000,20240131,4900000,C,1700,1800,1,1
1705506300000,20240131,4900000,P,182600,185900,1,1
1705506300000,20240131,5220000,C,100,200,1,1
1705506300000,20240131,5220000,P,502500,505900,1,1
1705506300000,20240131,4150000,C,574100,577400,1,1
1705506300000,20240131,4150000,P,1000,1100,1,1
1705506300000,20240131,4470000,C,258800,260000,1,1
1705506300000,20240131,4470000,P,3800,3900,1,1
1705506300000,20240131,4790000,C,17100,17300,1,1
1705506300000,20240131,4790000,P,82200,82800,1,1
1705506300000,20240131,3400000,C,1321400,1324900,1,1
1705506300000,20240131,3400000,P,200,300,1,1
1705506300000,20240131,4360000,C,365600,368900,1,1
1705506300000,20240131,4360000,P,2000,2100,1,1
1705506300000,20240131,5000000,C,300,400,1,1
1705506300000,20240131,5000000,P,282600,285900,1,1
1705506300000,20240131,4680000,C,73700,74100,1,1
1705506300000,20240131,4680000,P,27900,28100,1,1
1705506300000,20240131,4250000,C,474600,477900,1,1
1705506300000,20240131,4250000,P,1400,1500,1,1
1705506300000,20240131,4570000,C,164300,165300,1,1
1705506300000,20240131,4570000,P,9100,9200,1,1
1705506300000,20240131,4890000,C,2100,2200,1,1
1705506300000,20240131,4890000,P,172600,175900,1,1
1705506300000,20240131,3500000,C,1221700,1225100,1,1
1705506300000,20240131,3500000,P,200,300,1,1
1705506300000,20240131,4140000,C,584000,587300,1,1
1705506300000,20240131,4140000,P,1000,1100,1,1
1705506300000,20240131,4460000,C,268500,269700,1,1
1705506300000,20240131,4460000,P,3600,3700,1,1
1705506300000,20240131,5100000,C,100,200,1,1
1705506300000,20240131,5100000,P,382600,385900,1,1
1705506300000,20240131,4780000,C,20300,20500,1,1
1705506300000,20240131,4780000,P,75100,75700,1,1
1705506300000,20240131,4350000,C,375400,378700,1,1
1705506300000,20240131,4350000,P,1900,2000,1,1
1705506300000,20240131,4670000,C,80900,81400,1,1
1705506300000,20240131,4670000,P,25200,25300,1,1
1705506300000,20240131,4990000,C,400,500,1,1
1705506300000,20240131,4990000,P,272600,275900,1,1
1705506300000,20240131,3600000,C,1122000,1125400,1,1
1705506300000,20240131,3600000,P,300,400,1,1
1705506300000,20240131,4240000,C,484600,487900,1,1
1705506300000,20240131,4240000,P,1300,1400,1,1
1705506300000,20240131,4560000,C,173500,174500,1,1
1705506300000,20240131,4560000,P,8300,8400,1,1
1705506300000,20240131,5200000,C,100,200,1,1
1705506300000,20240131,5200000,P,482500,485900,1,1
1705506300000,20240131,4880000,C,2700,2800,1,1
1705506300000,20240131,4880000,P,162600,165900,1,1
1705506300000,20240131,4130000,C,594000,597300,1,1
1705506300000,20240131,4130000,P,1000,1100,1,1
1705506300000,20240131,4450000,C,278200,279400,1,1
1705506300000,20240131,4450000,P,3300,3400,1,1
1705506300000,20240131,4770000,C,23900,24000,1,1
1705506300000,20240131,4770000,P,68400,69000,1,1
1705506300000,20240131,3700000,C,1022300,1025700,1,1
1705506300000,20240131,3700000,P,400,500,1,1
1705506300000,20240131,4340000,C,385400,388600,1,1
1705506300000,20240131,4340000,P,1900,2000,1,1
1705506300000,20240131,4660000,C,88400,88900,1,1
1705506300000,20240131,4660000,P,22700,22800,1,1
1705506300000,20240131,4980000,C,400,500,1,1
1705506300000,20240131,4980000,P,262600,265900,1,1
1705506300000,20240131,5300000,P,582500,585800,1,1
1705506300000,20240131,4230000,C,494500,497800,1,1
1705506300000,20240131,4230000,P,1300,1400,1,1
1705506300000,20240131,4550000,C,182700,183700,1,1
1705506300000,20240131,4550000,P,7500,7600,1,1
1705506300000,20240131,4870000,C,3300,3400,1,1
1705506300000,20240131,4870000,P,152600,155900,1,1
1705506300000,20240131,3800000,C,922700,926100,1,1
1705506300000,20240131,3800000,P,500,600,1,1
1705506300000,20240131,4120000,C,603900,607200,1,1
1705506300000,20240131,4120000,P,1000,1100,1,1
1705506300000,20240131,4440000,C,288000,289200,1,1
1705506300000,20240131,4440000,P,3100,3200,1,1
1705506300000,20240131,4760000,C,27900,28000,1,1
1705506300000,20240131,4760000,P,62400,62700,1,1
1705506300000,20240131,5080000,C,200,300,1,1
1705506300000,20240131,5080000,P,362600,365900,1,1
1705506300000,20240131,5400000,P,682500,685800,1,1
1705506300000,20240131,4330000,C,395200,398500,1,1
1705506300000,20240131,4330000,P,1800,1900,1,1
1705506300000,20240131,4650000,C,96100,96800,1,1
1705506300000,20240131,4650000,P,20500,20600,1,1
1705506300000,20240131,4970000,C,500,600,1,1
1705506300000,20240131,4970000,P,252600,255900,1,1
1705506300000,20240131,3900000,C,823000,826400,1,1
1705506300000,20240131,3900000,P,600,700,1,1
1705506300000,20240131,4220000,C,504400,507800,1,1
1705506300000,20240131,4220000,P,1200,1300,1,1
1705506300000,20240131,4540000,C,192000,193100,1,1
1705506300000,20240131,4540000,P,6800,6900,1,1
1705506300000,20240131,4860000,C,4200,4300,1,1
1705506300000,20240131,4860000,P,142600,145900,1,1
1705506300000,20240131,5180000,C,100,200,1,1
1705506300000,20240131,5180000,P,462600,465800,1,1
1705506300000,20240131,4110000,C,613900,617200,1,1
1705506300000,20240131,4110000,P,900,1000,1,1
1705506300000,20240131,4430000,C,297700,299000,1,1
1705506300000,20240131,4430000,P,2900,3000,1,1
1705506300000,20240131,4750000,C,32300,32400,1,1
1705506300000,20240131,4750000,P,56700,56900,1,1
1705506300000,20240131,4320000,C,405200,408500,1,1
1705506300000,20240131,4320000,P,1700,1800,1,1
1705506300000,20240131,4000000,C,723400,726800,1,1
1705506300000,20240131,4000000,P,700,800,1,1
1705506300000,20240131,4640000,C,104000,104800,1,1
1705506300000,20240131,4640000,P,18400,18600,1,1
1705506300000,20240131,4960000,C,500,600,1,1
1705506300000,20240131,4960000,P,242600,245900,1,1
1705506300000,20240131,4210000,C,514400,517700,1,1
1705506300000,20240131,4210000,P,1200,1300,1,1
1705506300000,20240131,4530000,C,201400,202500,1,1
1705506300000,20240131,4530000,P,6300,6400,1,1
1705506300000,20240131,4850000,C,5200,5300,1,1
1705506300000,20240131,4850000,P,132600,135900,1,1
1705506300000,20240131,4100000,C,623800,627200,1,1
1705506300000,20240131,4100000,P,900,1000,1,1
1705506300000,20240131,4420000,C,307500,308800,1,1
1705506300000,20240131,4420000,P,2800,2900,1,1
1705506300000,20240131,4740000,C,37100,37200,1,1
1705506300000,20240131,4740000,P,51400,51600,1,1
1705506300000,20240131,5060000,C,200,300,1,1
1705506300000,20240131,5060000,P,342600,345900,1,1
1705506300000,20240131,3350000,C,1371300,1374700,1,1
1705506300000,20240131,3350000,P,100,200,1,1
1705506300000,20240131,4310000,C,415100,418400,1,1
1705506300000,20240131,4310000,P,1700,1800,1,1
1705506300000,20240131,4630000,C,112200,112900,1,1
1705506300000,20240131,4630000,P,16600,16700,1,1
1705506300000,20240131,4950000,C,700,800,1,1
1705506300000,20240131,4950000,P,232600,235900,1,1
1705506300000,20240131,4200000,C,524300,527600,1,1
1705506300000,20240131,4200000,P,1200,1300,1,1
1705506300000,20240131,4520000,C,210800,211900,1,1
1705506300000,20240131,4520000,P,5700,5800,1,1
1705506300000,20240131,4840000,C,6500,6600,1,1
1705506300000,20240131,4840000,P,123600,124900,1,1
1705506300000,20240131,5160000,C,100,200,1,1
1705506300000,20240131,5160000,P,442600,445900,1,1
1705506300000,20240131,3450000,C,1271600,1275000,1,1
1705506300000,20240131,3450000,P,200,300,1,1
1705506300000,20240131,4090000,C,633800,637100,1,1
1705506300000,20240131,4090000,P,900,1000,1,1
1705506300000,20240131,4410000,C,316200,319500,1,1
1705506300000,20240131,4410000,P,2600,2700,1,1
1705506300000,20240131,5050000,C,200,300,1,1
1705506300000,20240131,5050000,P,332600,335900,1,1
1705506300000,20240131,4730000,C,42300,42400,1,1
1705506300000,20240131,4730000,P,46500,46700,1,1
1705506300000,20240131,4300000,C,425000,428300,1,1
1705506300000,20240131,4300000,P,1600,1700,1,1
1705506300000,20240131,4620000,C,120500,121400,1,1
1705506300000,20240131,4620000,P,15000,15100,1,1
1705506300000,20240131,4940000,C,800,900,1,1
1705506300000,20240131,4940000,P,222600,225900,1,1
1705506300000,20240131,5260000,P,542500,545800,1,1
1705506300000,20240131,3550000,C,1171900,1175300,1,1
1705506300000,20240131,3550000,P,200,300,1,1
1705506300000,20240131,4190000,C,534300,537600,1,1
1705506300000,20240131,4190000,P,1100,1200,1,1
1705506300000,20240131,4510000,C,220300,221400,1,1
1705506300000,20240131,4510000,P,5300,5400,1,1
1705506300000,20240131,5150000,C,100,200,1,1
1705506300000,20240131,5150000,P,432600,435900,1,1
1705506300000,20240131,4830000,C,8000,8100,1,1
1705506300000,20240131,4830000,P,114400,115500,1,1
1705506300000,20240131,5250000,C,100,200,1,1
1705506300000,20240131,5250000,P,532500,535800,1,1
1705506300000,20240131,4080000,C,643700,647100,1,1
1705506300000,20240131,4080000,P,900,1000,1,1
1705506300000,20240131,4400000,C,326100,329400,1,1
1705506300000,20240131,4400000,P,2500,2600,1,1
1705506300000,20240131,4720000,C,47900,48100,1,1
1705506300000,20240131,4720000,P,42100,42200,1,1
1705506300000,20240131,5040000,C,200,300,1,1
1705506300000,20240131,5040000,P,322600,325900,1,1
1705506300000,20240131,3650000,C,1072200,1075600,1,1
1705506300000,20240131,3650000,P,300,400,1,1
1705506300000,20240131,4290000,C,434900,438200,1,1
1705506300000,20240131,4290000,P,1600,1700,1,1
1705506300000,20240131,4610000,C,129000,129800,1,1
1705506300000,20240131,4610000,P,13500,13600,1,1
1705506300000,20240131,4930000,C,900,1000,1,1
1705506300000,20240131,4930000,P,212600,215900,1,1
1705506300000,20240131,5350000,P,632500,635800,1,1
1705506300000,20240131,4180000,C,544200,547500,1,1
1705506300000,20240131,4180000,P,1100,1200,1,1
1705506300000,20240131,4500000,C,229900,231000,1,1
1705506300000,20240131,4500000,P,4900,5000,1,1
1705506300000,20240131,4820000,C,9800,9900,1,1
1705506300000,20240131,4820000,P,105700,106700,1,1
1705506300000,20240131,5140000,C,100,200,1,1
1705506300000,20240131,5140000,P,422600,425900,1,1
1705506300000,20240131,3750000,C,972500,975900,1,1
1705506300000,20240131,3750000,P,400,500,1,1
1705506300000,20240131,4390000,C,335900,339200,1,1
1705506300000,20240131,4390000,P,2300,2400,1,1
1705506300000,20240131,4070000,C,653700,657000,1,1
1705506300000,20240131,4070000,P,900,1000,1,1
1705506300000,20240131,4710000,C,53900,54000,1,1
1705506300000,20240131,4710000,P,38000,38200,1,1
1705506300000,20240131,5450000,P,732500,735800,1,1
1705506300000,20240131,4280000,C,444800,448100,1,1
1705506300000,20240131,4280000,P,1500,1600,1,1
1705506300000,20240131,4600000,C,137600,138500,1,1
1705506300000,20240131,4600000,P,12200,12300,1,1
1705506300000,20240131,4920000,C,1100,1200,1,1
1705506300000,20240131,4920000,P,202600,205900,1,1
1705506300000,20240131,5240000,C,100,200,1,1
1705506300000,20240131,5240000,P,522500,525900,1,1
1705506300000,20240131,3850000,C,872800,876200,1,1
1705506300000,20240131,3850000,P,500,600,1,1
1705506300000,20240131,4170000,C,554200,557500,1,1
1705506300000,20240131,4170000,P,1100,1200,1,1
1705506300000,20240131,4490000,C,239500,240600,1,1
1705506300000,20240131,4490000,P,4500,4600,1,1
1705506300000,20240131,4810000,C,11900,12000,1,1
1705506300000,20240131,4810000,P,97500,98300,1,1
1705506300000,20240131,4380000,C,345800,349100,1,1
1705506300000,20240131,4380000,P,2200,2300,1,1
1705506300000,20240131,4060000,C,663600,667000,1,1
1705506300000,20240131,4060000,P,800,900,1,1
1705506300000,20240131,4700000,C,60200,60400,1,1
1705506300000,20240131,4700000,P,34300,34500,1,1
1705506300000,20240131,5020000,C,200,300,1,1
1705506300000,20240131,5020000,P,302600,305900,1,1
1705506300000,20240131,4270000,C,454800,458100,1,1
1705506300000,20240131,4270000,P,1500,1600,1,1
1705506300000,20240131,3950000,C,773200,776600,1,1
1705506300000,20240131,3950000,P,700,800,1,1
1705506300000,20240131,4590000,C,146400,147300,1,1
1705506300000,20240131,4590000,P,11100,11200,1,1
1705506300000,20240131,4910000,C,1400,1500,1,1
1705506300000,20240131,4910000,P,192600,195900,1,1
1705506300000,20240202,4480000,C,253600,254800,1,1
1705506300000,20240202,4480000,P,5900,6000,1,1
1705506300000,20240202,4800000,C,19200,19400,1,1
1705506300000,20240202,4800000,P,91400,94000,1,1
1705506300000,20240202,5120000,C,200,300,1,1
1705506300000,20240202,5120000,P,402500,405900,1,1
1705506300000,20240202,4050000,C,676400,679800,1,1
1705506300000,20240202,4050000,P,1100,1200,1,1
1705506300000,20240202,4690000,C,73900,74300,1,1
1705506300000,20240202,4690000,P,35500,35600,1,1
1705506300000,20240202,4580000,C,161200,162100,1,1
1705506300000,20240202,4580000,P,13100,13200,1,1
1705506300000,20240202,4900000,C,3000,3100,1,1
1705506300000,20240202,4900000,P,182600,185900,1,1
1705506300000,20240202,4150000,C,577000,580400,1,1
1705506300000,20240202,4150000,P,1400,1500,1,1
1705506300000,20240202,4470000,C,263200,264400,1,1
1705506300000,20240202,4470000,P,5500,5600,1,1
1705506300000,20240202,4790000,C,22400,22600,1,1
1705506300000,20240202,4790000,P,84000,86800,1,1
1705506300000,20240202,5000000,C,500,600,1,1
1705506300000,20240202,5000000,P,282600,285900,1,1
1705506300000,20240202,4680000,C,80800,81200,1,1
1705506300000,20240202,4680000,P,32400,32500,1,1
1705506300000,20240202,4675000,C,84400,84800,1,1
1705506300000,20240202,4675000,P,30900,31100,1,1
1705506300000,20240202,4250000,C,477800,481100,1,1
1705506300000,20240202,4250000,P,1900,2000,1,1
1705506300000,20240202,4570000,C,170100,171000,1,1
1705506300000,20240202,4570000,P,12000,12100,1,1
1705506300000,20240202,4890000,C,3700,3800,1,1
1705506300000,20240202,4890000,P,172600,175900,1,1
1705506300000,20240202,3500000,C,1224100,1227500,1,1
1705506300000,20240202,3500000,P,300,400,1,1
1705506300000,20240202,4780000,C,26000,26100,1,1
1705506300000,20240202,4780000,P,77400,80000,1,1
1705506300000,20240202,5100000,C,200,300,1,1
1705506300000,20240202,5100000,P,382500,385900,1,1
1705506300000,20240202,4775000,C,27900,28000,1,1
1705506300000,20240202,4775000,P,74200,76800,1,1
1705506300000,20240202,4350000,C,378900,382300,1,1
1705506300000,20240202,4350000,P,2700,2800,1,1
1705506300000,20240202,4670000,C,88000,88400,1,1
1705506300000,20240202,4670000,P,29600,29700,1,1
1705506300000,20240202,4990000,C,600,700,1,1
1705506300000,20240202,4990000,P,272600,275900,1,1
1705506300000,20240202,3600000,C,1124400,1127900,1,1
1705506300000,20240202,3600000,P,400,500,1,1
1705506300000,20240202,4560000,C,179100,180000,1,1
1705506300000,20240202,4560000,P,11000,11100,1,1
1705506300000,20240202,4880000,C,4500,4600,1,1
1705506300000,20240202,4880000,P,162600,165900,1,1
1705506300000,20240202,5200000,C,100,200,1,1
1705506300000,20240202,5200000,P,482500,485900,1,1
1705506300000,20240202,4875000,C,5000,5100,1,1
1705506300000,20240202,4875000,P,157600,160900,1,1
1705506300000,20240202,4450000,C,282500,283700,1,1
1705506300000,20240202,4450000,P,4800,4900,1,1
1705506300000,20240202,4770000,C,29900,30000,1,1
1705506300000,20240202,4770000,P,72100,73000,1,1
1705506300000,20240202,3700000,C,1024800,1028200,1,1
1705506300000,20240202,3700000,P,500,600,1,1
1705506300000,20240202,4660000,C,95400,96000,1,1
1705506300000,20240202,4660000,P,27000,27100,1,1
1705506300000,20240202,4980000,C,700,800,1,1
1705506300000,20240202,4980000,P,262600,265900,1,1
1705506300000,20240202,5300000,C,100,200,1,1
1705506300000,20240202,5300000,P,582500,585800,1,1
1705506300000,20240202,4550000,C,188100,189100,1,1
1705506300000,20240202,4550000,P,10100,10200,1,1
1705506300000,20240202,4870000,C,5500,5600,1,1
1705506300000,20240202,4870000,P,152600,155900,1,1
1705506300000,20240202,3800000,C,925200,928600,1,1
1705506300000,20240202,3800000,P,600,700,1,1
1705506300000,20240202,4760000,C,34200,34300,1,1
1705506300000,20240202,4760000,P,66300,67000,1,1
1705506300000,20240202,5080000,C,200,300,1,1
1705506300000,20240202,5080000,P,362600,365900,1,1
1705506300000,20240202,5400000,C,100,200,1,1
1705506300000,20240202,5400000,P,682500,685800,1,1
1705506300000,20240202,4650000,C,103000,103700,1,1
1705506300000,20240202,4650000,P,24600,24700,1,1
1705506300000,20240202,4970000,C,800,900,1,1
1705506300000,20240202,4970000,P,252600,255900,1,1
1705506300000,20240202,3900000,C,825700,829100,1,1
1705506300000,20240202,3900000,P,800,900,1,1
1705506300000,20240202,4540000,C,197300,198300,1,1
1705506300000,20240202,4540000,P,9300,9400,1,1
1705506300000,20240202,4860000,C,6700,6800,1,1
1705506300000,20240202,4860000,P,142600,145900,1,1
1705506300000,20240202,4750000,C,38800,39000,1,1
1705506300000,20240202,4750000,P,60800,61400,1,1
1705506300000,20240202,4000000,C,726100,729500,1,1
1705506300000,20240202,4000000,P,1000,1100,1,1
1705506300000,20240202,4640000,C,110800,111400,1,1
1705506300000,20240202,4640000,P,22400,22600,1,1
1705506300000,20240202,4960000,C,1000,1100,1,1
1705506300000,20240202,4960000,P,242600,245900,1,1
1705506300000,20240202,4530000,C,206500,207600,1,1
1705506300000,20240202,4530000,P,8600,8700,1,1
1705506300000,20240202,4850000,C,8100,8200,1,1
1705506300000,20240202,4850000,P,132600,136000,1,1
1705506300000,20240202,4100000,C,626700,630100,1,1
1705506300000,20240202,4100000,P,1200,1300,1,1
1705506300000,20240202,4740000,C,43800,44000,1,1
1705506300000,20240202,4740000,P,55700,55900,1,1
1705506300000,20240202,5060000,C,300,400,1,1
1705506300000,20240202,5060000,P,342600,345900,1,1
1705506300000,20240202,4950000,C,1200,1300,1,1
1705506300000,20240202,4950000,P,232600,235900,1,1
1705506300000,20240202,4630000,C,118800,119600,1,1
1705506300000,20240202,4630000,P,20500,20600,1,1
1705506300000,20240202,4625000,C,122900,123700,1,1
1705506300000,20240202,4625000,P,19600,19700,1,1
1705506300000,20240202,4200000,C,527300,530700,1,1
1705506300000,20240202,4200000,P,1600,1700,1,1
1705506300000,20240202,4520000,C,215800,216900,1,1
1705506300000,20240202,4520000,P,7900,8000,1,1
1705506300000,20240202,4840000,C,9800,9900,1,1
1705506300000,20240202,4840000,P,123400,126700,1,1
1705506300000,20240202,4730000,C,49200,49400,1,1
1705506300000,20240202,4730000,P,51000,51100,1,1
1705506300000,20240202,5050000,C,300,400,1,1
1705506300000,20240202,5050000,P,332600,335900,1,1
1705506300000,20240202,4725000,C,52000,52200,1,1
1705506300000,20240202,4725000,P,48700,48900,1,1
1705506300000,20240202,4300000,C,428300,431600,1,1
1705506300000,20240202,4300000,P,2200,2300,1,1
1705506300000,20240202,4620000,C,127000,127700,1,1
1705506300000,20240202,4620000,P,18700,18800,1,1
1705506300000,20240202,4940000,C,1400,1500,1,1
1705506300000,20240202,4940000,P,222600,225900,1,1
1705506300000,20240202,3550000,C,1174300,1177700,1,1
1705506300000,20240202,3550000,P,300,400,1,1
1705506300000,20240202,4510000,C,225200,226300,1,1
1705506300000,20240202,4510000,P,7300,7400,1,1
1705506300000,20240202,4830000,C,11700,11800,1,1
1705506300000,20240202,4830000,P,114900,117900,1,1
1705506300000,20240202,5150000,C,100,200,1,1
1705506300000,20240202,5150000,P,432500,435900,1,1
1705506300000,20240202,5250000,C,100,200,1,1
1705506300000,20240202,5250000,P,532500,535900,1,1
1705506300000,20240202,4825000,C,12700,12900,1,1
1705506300000,20240202,4825000,P,110700,113800,1,1
1705506300000,20240202,4400000,C,331000,332300,1,1
1705506300000,20240202,4400000,P,3500,3600,1,1
1705506300000,20240202,4720000,C,54900,55100,1,1
1705506300000,20240202,4720000,P,46600,46800,1,1
1705506300000,20240202,5040000,C,300,400,1,1
1705506300000,20240202,5040000,P,322600,325900,1,1
1705506300000,20240202,3650000,C,1074600,1078100,1,1
1705506300000,20240202,3650000,P,400,500,1,1
1705506300000,20240202,4610000,C,135300,136100,1,1
1705506300000,20240202,4610000,P,17100,17200,1,1
1705506300000,20240202,4930000,C,1700,1800,1,1
1705506300000,20240202,4930000,P,212600,215900,1,1
1705506300000,20240202,5350000,C,100,200,1,1
1705506300000,20240202,5350000,P,632500,635800,1,1
1705506300000,20240202,4500000,C,234600,235800,1,1
1705506300000,20240202,4500000,P,6800,6900,1,1
1705506300000,20240202,4820000,C,13900,14000,1,1
1705506300000,20240202,4820000,P,106600,109700,1,1
1705506300000,20240202,5140000,C,200,300,1,1
1705506300000,20240202,5140000,P,422500,425900,1,1
1705506300000,20240202,3750000,C,975000,978400,1,1
1705506300000,20240202,3750000,P,600,700,1,1
1705506300000,20240202,4710000,C,61000,61100,1,1
1705506300000,20240202,4710000,P,42600,42700,1,1
1705506300000,20240202,5450000,P,732500,735800,1,1
1705506300000,20240202,4600000,C,143800,144600,1,1
1705506300000,20240202,4600000,P,15600,15700,1,1
1705506300000,20240202,4920000,C,2000,2100,1,1
1705506300000,20240202,4920000,P,202600,205900,1,1
1705506300000,20240202,3850000,C,875400,878900,1,1
1705506300000,20240202,3850000,P,700,800,1,1
1705506300000,20240202,4490000,C,244100,245300,1,1
1705506300000,20240202,4490000,P,6300,6400,1,1
1705506300000,20240202,4810000,C,16400,16500,1,1
1705506300000,20240202,4810000,P,98700,101700,1,1
1705506300000,20240202,4700000,C,67300,67500,1,1
1705506300000,20240202,4700000,P,38900,39000,1,1
1705506300000,20240202,5020000,C,400,500,1,1
1705506300000,20240202,5020000,P,302600,305900,1,1
1705506300000,20240202,3950000,C,775900,779300,1,1
1705506300000,20240202,3950000,P,900,1000,1,1
1705506300000,20240202,4590000,C,152500,153300,1,1
1705506300000,20240202,4590000,P,14300,14400,1,1
1705506300000,20240202,4910000,C,2500,2600,1,1
1705506300000,20240202,4910000,P,192600,195900,1,1
1705506300000,20240209,4800000,C,28000,28100,1,1
1705506300000,20240209,4800000,P,95800,98500,1,1
1705506300000,20240209,5120000,C,300,400,1,1
1705506300000,20240209,5120000,P,402500,405900,1,1
1705506300000,20240209,4050000,C,681600,685000,1,1
1705506300000,20240209,4050000,P,1800,1900,1,1
1705506300000,20240209,4690000,C,86100,86400,1,1
1705506300000,20240209,4690000,P,42900,43100,1,1
1705506300000,20240209,4580000,C,172200,173000,1,1
1705506300000,20240209,4580000,P,19100,19200,1,1
1705506300000,20240209,4900000,C,6200,6300,1,1
1705506300000,20240209,4900000,P,182500,186000,1,1
1705506300000,20240209,4150000,C,582400,585900,1,1
1705506300000,20240209,4150000,P,2300,2400,1,1
1705506300000,20240209,4790000,C,31700,31900,1,1
1705506300000,20240209,4790000,P,89100,91900,1,1
1705506300000,20240209,5000000,C,1200,1300,1,1
1705506300000,20240209,5000000,P,282500,285900,1,1
1705506300000,20240209,4680000,C,93100,93400,1,1
1705506300000,20240209,4680000,P,39800,40000,1,1
1705506300000,20240209,4250000,C,483700,487200,1,1
1705506300000,20240209,4250000,P,3200,3300,1,1
1705506300000,20240209,4570000,C,180800,181700,1,1
1705506300000,20240209,4570000,P,17800,17900,1,1
1705506300000,20240209,4890000,C,7300,7500,1,1
1705506300000,20240209,4890000,P,172500,176000,1,1
1705506300000,20240209,3500000,C,1228100,1231700,1,1
1705506300000,20240209,3500000,P,600,700,1,1
1705506300000,20240209,4780000,C,35800,35900,1,1
1705506300000,20240209,4780000,P,83800,84800,1,1
1705506300000,20240209,5100000,C,400,500,1,1
1705506300000,20240209,5100000,P,382500,385900,1,1
1705506300000,20240209,4350000,C,385900,389200,1,1
1705506300000,20240209,4350000,P,4800,4900,1,1
1705506300000,20240209,4670000,C,100200,100700,1,1
1705506300000,20240209,4670000,P,37000,37100,1,1
1705506300000,20240209,3600000,C,1128700,1132200,1,1
1705506300000,20240209,3600000,P,700,800,1,1
1705506300000,20240209,4560000,C,189600,190500,1,1
1705506300000,20240209,4560000,P,16600,16700,1,1
1705506300000,20240209,4880000,C,8700,8800,1,1
1705506300000,20240209,4880000,P,162500,166000,1,1
1705506300000,20240209,5200000,C,200,300,1,1
1705506300000,20240209,5200000,P,482500,485900,1,1
1705506300000,20240209,4450000,C,290700,291900,1,1
1705506300000,20240209,4450000,P,8100,8200,1,1
1705506300000,20240209,4770000,C,40100,40200,1,1
1705506300000,20240209,4770000,P,78000,78900,1,1
1705506300000,20240209,3700000,C,1029200,1032800,1,1
1705506300000,20240209,3700000,P,800,900,1,1
1705506300000,20240209,4660000,C,107600,108000,1,1
1705506300000,20240209,4660000,P,34300,34500,1,1
1705506300000,20240209,4980000,C,1600,1700,1,1
1705506300000,20240209,4980000,P,262500,265900,1,1
1705506300000,20240209,5300000,C,100,200,1,1
1705506300000,20240209,5300000,P,582400,585900,1,1
1705506300000,20240209,4550000,C,198400,199400,1,1
1705506300000,20240209,4550000,P,15500,15600,1,1
1705506300000,20240209,4870000,C,10200,10300,1,1
1705506300000,20240209,4870000,P,152500,156000,1,1
1705506300000,20240209,3800000,C,929800,933300,1,1
1705506300000,20240209,3800000,P,1000,1100,1,1
1705506300000,20240209,4760000,C,44800,45000,1,1
1705506300000,20240209,4760000,P,72300,73200,1,1
1705506300000,20240209,5080000,C,500,600,1,1
1705506300000,20240209,5080000,P,362500,365900,1,1
1705506300000,20240209,5400000,C,100,200,1,1
1705506300000,20240209,5400000,P,682400,685900,1,1
1705506300000,20240209,4650000,C,115100,115600,1,1
1705506300000,20240209,4650000,P,31800,32000,1,1
1705506300000,20240209,3900000,C,830500,833900,1,1
1705506300000,20240209,3900000,P,1300,1400,1,1
1705506300000,20240209,4540000,C,207400,208300,1,1
1705506300000,20240209,4540000,P,14400,14500,1,1
1705506300000,20240209,4860000,C,12000,12100,1,1
1705506300000,20240209,4860000,P,143000,146400,1,1
1705506300000,20240209,4750000,C,49800,50000,1,1
1705506300000,20240209,4750000,P,67500,67700,1,1
1705506300000,20240209,4000000,C,731100,734600,1,1
1705506300000,20240209,4000000,P,1600,1700,1,1
1705506300000,20240209,4640000,C,122800,123500,1,1
1705506300000,20240209,4640000,P,29600,29700,1,1
1705506300000,20240209,4960000,C,2200,2300,1,1
1705506300000,20240209,4960000,P,242500,245900,1,1
1705506300000,20240209,4530000,C,216400,217400,1,1
1705506300000,20240209,4530000,P,13500,13600,1,1
1705506300000,20240209,4850000,C,13900,14100,1,1
1705506300000,20240209,4850000,P,134300,137600,1,1
1705506300000,20240209,4100000,C,631900,635400,1,1
1705506300000,20240209,4100000,P,2000,2100,1,1
1705506300000,20240209,4740000,C,55200,55400,1,1
1705506300000,20240209,4740000,P,62600,62800,1,1
1705506300000,20240209,5060000,C,600,700,1,1
1705506300000,20240209,5060000,P,342500,345900,1,1
1705506300000,20240209,4950000,C,2600,2700,1,1
1705506300000,20240209,4950000,P,232500,236000,1,1
1705506300000,20240209,4630000,C,130700,131300,1,1
1705506300000,20240209,4630000,P,27400,27600,1,1
1705506300000,20240209,4200000,C,533000,536500,1,1
1705506300000,20240209,4200000,P,2700,2800,1,1
1705506300000,20240209,4520000,C,225500,226500,1,1
1705506300000,20240209,4520000,P,12600,12700,1,1
1705506300000,20240209,4840000,C,16200,16300,1,1
1705506300000,20240209,4840000,P,125900,129100,1,1
1705506300000,20240209,4730000,C,60800,61000,1,1
1705506300000,20240209,4730000,P,58100,58200,1,1
1705506300000,20240209,5050000,C,600,700,1,1
1705506300000,20240209,5050000,P,332500,335900,1,1
1705506300000,20240209,4300000,C,434600,438000,1,1
1705506300000,20240209,4300000,P,3800,3900,1,1
1705506300000,20240209,4620000,C,138700,139400,1,1
1705506300000,20240209,4620000,P,25500,25600,1,1
1705506300000,20240209,4940000,C,3100,3200,1,1
1705506300000,20240209,4940000,P,222500,226000,1,1
1705506300000,20240209,3550000,C,1178400,1182000,1,1
1705506300000,20240209,3550000,P,600,700,1,1
1705506300000,20240209,4830000,C,18700,18800,1,1
1705506300000,20240209,4830000,P,117800,121000,1,1
1705506300000,20240209,5150000,C,300,400,1,1
1705506300000,20240209,5150000,P,432500,435900,1,1
1705506300000,20240209,5250000,C,200,300,1,1
1705506300000,20240209,5250000,P,532500,535900,1,1
1705506300000,20240209,4400000,C,338500,339700,1,1
1705506300000,20240209,4400000,P,6100,6200,1,1
1705506300000,20240209,4720000,C,66800,66900,1,1
1705506300000,20240209,4720000,P,53800,54000,1,1
1705506300000,20240209,5040000,C,700,800,1,1
1705506300000,20240209,5040000,P,322500,325900,1,1
1705506300000,20240209,3650000,C,1078900,1082500,1,1
1705506300000,20240209,3650000,P,800,900,1,1
1705506300000,20240209,4610000,C,146900,147600,1,1
1705506300000,20240209,4610000,P,23700,23800,1,1
1705506300000,20240209,5350000,C,100,200,1,1
1705506300000,20240209,5350000,P,632400,635900,1,1
1705506300000,20240209,4500000,C,243800,244900,1,1
1705506300000,20240209,4500000,P,11100,11200,1,1
1705506300000,20240209,4820000,C,21500,21600,1,1
1705506300000,20240209,4820000,P,110100,113000,1,1
1705506300000,20240209,5140000,C,300,400,1,1
1705506300000,20240209,5140000,P,422500,425900,1,1
1705506300000,20240209,3750000,C,979500,983000,1,1
1705506300000,20240209,3750000,P,900,1000,1,1
1705506300000,20240209,4710000,C,73000,73200,1,1
1705506300000,20240209,4710000,P,49900,50100,1,1
1705506300000,20240209,5450000,C,100,200,1,1
1705506300000,20240209,5450000,P,732400,735800,1,1
1705506300000,20240209,4600000,C,155200,156200,1,1
1705506300000,20240209,4600000,P,22000,22200,1,1
1705506300000,20240209,4920000,C,4400,4500,1,1
1705506300000,20240209,4920000,P,202500,206000,1,1
1705506300000,20240209,3850000,C,880100,883600,1,1
1705506300000,20240209,3850000,P,1100,1200,1,1
1705506300000,20240209,4810000,C,24600,24700,1,1
1705506300000,20240209,4810000,P,102700,105600,1,1
1705506300000,20240209,4700000,C,79400,79700,1,1
1705506300000,20240209,4700000,P,46300,46500,1,1
1705506300000,20240209,5020000,C,900,1000,1,1
1705506300000,20240209,5020000,P,302500,305900,1,1
1705506300000,20240209,3950000,C,780700,784200,1,1
1705506300000,20240209,3950000,P,1400,1500,1,1
1705506300000,20240209,4590000,C,163600,164400,1,1
1705506300000,20240209,4590000,P,20500,20600,1,1
1705506300000,20240216,5650000,P,932300,936000,1,1
1705506300000,20240216,3200000,C,1531000,1534700,1,1
1705506300000,20240216,3200000,P,500,600,1,1
1705506300000,20240216,4160000,C,579000,582600,1,1
1705506300000,20240216,4160000,P,3600,3700,1,1
1705506300000,20240216,4480000,C,272300,273400,1,1
1705506300000,20240216,4480000,P,14100,14200,1,1
1705506300000,20240216,4800000,C,37600,37800,1,1
1705506300000,20240216,4800000,P,100700,103400,1,1
1705506300000,20240216,5120000,C,500,600,1,1
1705506300000,20240216,5120000,P,402400,406000,1,1
1705506300000,20240216,2450000,C,2276600,2280600,1,1
1705506300000,20240216,2450000,P,100,200,1,1
1705506300000,20240216,4370000,C,375800,376900,1,1
1705506300000,20240216,4370000,P,8000,8100,1,1
1705506300000,20240216,4050000,C,687500,691100,1,1
1705506300000,20240216,4050000,P,2700,2800,1,1
1705506300000,20240216,4690000,C,98600,98900,1,1
1705506300000,20240216,4690000,P,50000,50100,1,1
1705506300000,20240216,5010000,C,2000,2100,1,1
1705506300000,20240216,5010000,P,292500,296000,1,1
1705506300000,20240216,5750000,P,1032300,1036000,1,1
1705506300000,20240216,3300000,C,1431600,1435300,1,1
1705506300000,20240216,3300000,P,600,700,1,1
1705506300000,20240216,4260000,C,481000,484500,1,1
1705506300000,20240216,4260000,P,5100,5200,1,1
1705506300000,20240216,4580000,C,183800,184700,1,1
1705506300000,20240216,4580000,P,25100,25200,1,1
1705506300000,20240216,4900000,C,10700,10800,1,1
1705506300000,20240216,4900000,P,182500,185900,1,1
1705506300000,20240216,5220000,C,300,400,1,1
1705506300000,20240216,5220000,P,502400,506000,1,1
1705506300000,20240216,2550000,C,2177100,2181100,1,1
1705506300000,20240216,2550000,P,200,300,1,1
1705506300000,20240216,4150000,C,589000,592400,1,1
1705506300000,20240216,4150000,P,3500,3600,1,1
1705506300000,20240216,4470000,C,281500,282600,1,1
1705506300000,20240216,4470000,P,13300,13400,1,1
1705506300000,20240216,4790000,C,41800,42000,1,1
1705506300000,20240216,4790000,P,95200,97000,1,1
1705506300000,20240216,3400000,C,1332100,1335900,1,1
1705506300000,20240216,3400000,P,700,800,1,1
1705506300000,20240216,4360000,C,385300,386500,1,1
1705506300000,20240216,4360000,P,7700,7800,1,1
1705506300000,20240216,4040000,C,697300,701000,1,1
1705506300000,20240216,4040000,P,2600,2700,1,1
1705506300000,20240216,5000000,C,2300,2400,1,1
1705506300000,20240216,5000000,P,282500,286000,1,1
1705506300000,20240216,4680000,C,105600,105900,1,1
1705506300000,20240216,4680000,P,46800,47000,1,1
1705506300000,20240216,2650000,C,2077800,2081700,1,1
1705506300000,20240216,2650000,P,200,300,1,1
1705506300000,20240216,4250000,C,490700,494300,1,1
1705506300000,20240216,4250000,P,4900,5000,1,1
1705506300000,20240216,4570000,C,192300,193100,1,1
1705506300000,20240216,4570000,P,23600,23700,1,1
1705506300000,20240216,4890000,C,12300,12400,1,1
1705506300000,20240216,4890000,P,172500,175900,1,1
1705506300000,20240216,3500000,C,1232800,1236600,1,1
1705506300000,20240216,3500000,P,900,1000,1,1
1705506300000,20240216,4140000,C,598700,602300,1,1
1705506300000,20240216,4140000,P,3400,3500,1,1
1705506300000,20240216,4460000,C,290800,291800,1,1
1705506300000,20240216,4460000,P,12600,12700,1,1
1705506300000,20240216,5100000,C,600,700,1,1
1705506300000,20240216,5100000,P,382400,386000,1,1
1705506300000,20240216,4780000,C,46300,46400,1,1
1705506300000,20240216,4780000,P,89500,90200,1,1
1705506300000,20240216,2750000,C,1978100,1982200,1,1
1705506300000,20240216,2750000,P,200,300,1,1
1705506300000,20240216,4350000,C,394900,396200,1,1
1705506300000,20240216,4350000,P,7300,7400,1,1
1705506300000,20240216,4030000,C,707400,710900,1,1
1705506300000,20240216,4030000,P,2600,2700,1,1
1705506300000,20240216,4670000,C,112700,113100,1,1
1705506300000,20240216,4670000,P,43900,44100,1,1
1705506300000,20240216,4990000,C,2700,2800,1,1
1705506300000,20240216,4990000,P,272500,276000,1,1
1705506300000,20240216,3600000,C,1133500,1137200,1,1
1705506300000,20240216,3600000,P,1100,1200,1,1
1705506300000,20240216,4240000,C,500500,504100,1,1
1705506300000,20240216,4240000,P,4700,4800,1,1
1705506300000,20240216,4560000,C,200900,201700,1,1
1705506300000,20240216,4560000,P,22200,22300,1,1
1705506300000,20240216,5200000,C,300,400,1,1
1705506300000,20240216,5200000,P,482400,486000,1,1
1705506300000,20240216,4880000,C,14200,14300,1,1
1705506300000,20240216,4880000,P,162700,166200,1,1
1705506300000,20240216,2850000,C,1878800,1882700,1,1
1705506300000,20240216,2850000,P,300,400,1,1
1705506300000,20240216,4130000,C,608700,612100,1,1
1705506300000,20240216,4130000,P,3300,3400,1,1
1705506300000,20240216,4450000,C,300100,301200,1,1
1705506300000,20240216,4450000,P,12000,12100,1,1
1705506300000,20240216,4770000,C,51000,51200,1,1
1705506300000,20240216,4770000,P,83900,84600,1,1
1705506300000,20240216,2100000,C,2624500,2628800,1,1
1705506300000,20240216,3700000,C,1034400,1037900,1,1
1705506300000,20240216,3700000,P,1300,1400,1,1
1705506300000,20240216,4340000,C,404600,405800,1,1
1705506300000,20240216,4340000,P,7000,7100,1,1
1705506300000,20240216,4020000,C,717100,720700,1,1
1705506300000,20240216,4020000,P,2500,2600,1,1
1705506300000,20240216,4660000,C,120000,120500,1,1
1705506300000,20240216,4660000,P,41200,41400,1,1
1705506300000,20240216,4980000,C,3200,3300,1,1
1705506300000,20240216,4980000,P,262500,265900,1,1
1705506300000,20240216,5300000,C,200,300,1,1
1705506300000,20240216,5300000,P,582400,586000,1,1
1705506300000,20240216,2950000,C,1779300,1783300,1,1
1705506300000,20240216,2950000,P,300,400,1,1
1705506300000,20240216,4230000,C,510300,513800,1,1
1705506300000,20240216,4230000,P,4600,4700,1,1
1705506300000,20240216,4550000,C,209600,210400,1,1
1705506300000,20240216,4550000,P,21000,21100,1,1
1705506300000,20240216,4870000,C,16200,16300,1,1
1705506300000,20240216,4870000,P,153700,157100,1,1
1705506300000,20240216,2200000,C,2525100,2529400,1,1
1705506300000,20240216,2200000,P,100,200,1,1
1705506300000,20240216,3800000,C,935000,938700,1,1
1705506300000,20240216,3800000,P,1600,1700,1,1
1705506300000,20240216,4120000,C,618400,622000,1,1
1705506300000,20240216,4120000,P,3200,3300,1,1
1705506300000,20240216,4440000,C,309400,310500,1,1
1705506300000,20240216,4440000,P,11400,11500,1,1
1705506300000,20240216,4760000,C,56100,56200,1,1
1705506300000,20240216,4760000,P,78600,78900,1,1
1705506300000,20240216,5080000,C,800,900,1,1
1705506300000,20240216,5080000,P,362400,366000,1,1
1705506300000,20240216,5400000,C,100,200,1,1
1705506300000,20240216,5400000,P,682400,685900,1,1
1705506300000,20240216,3050000,C,1679900,1683900,1,1
1705506300000,20240216,3050000,P,400,500,1,1
1705506300000,20240216,4330000,C,413200,416500,1,1
1705506300000,20240216,4330000,P,6700,6800,1,1
1705506300000,20240216,4010000,C,727000,730600,1,1
1705506300000,20240216,4010000,P,2500,2600,1,1
1705506300000,20240216,4650000,C,127500,128000,1,1
1705506300000,20240216,4650000,P,38700,38800,1,1
1705506300000,20240216,4970000,C,3700,3800,1,1
1705506300000,20240216,4970000,P,252500,255900,1,1
1705506300000,20240216,2300000,C,2425600,2429900,1,1
1705506300000,20240216,2300000,P,100,200,1,1
1705506300000,20240216,3900000,C,835900,839500,1,1
1705506300000,20240216,3900000,P,1900,2000,1,1
1705506300000,20240216,4220000,C,520100,523600,1,1
1705506300000,20240216,4220000,P,4400,4500,1,1
1705506300000,20240216,4540000,C,218300,219200,1,1
1705506300000,20240216,4540000,P,19800,19900,1,1
1705506300000,20240216,4860000,C,18500,18600,1,1
1705506300000,20240216,4860000,P,145100,148300,1,1
1705506300000,20240216,5180000,C,300,400,1,1
1705506300000,20240216,5180000,P,462400,466000,1,1
1705506300000,20240216,5500000,C,100,200,1,1
1705506300000,20240216,5500000,P,782300,786000,1,1
1705506300000,20240216,3150000,C,1580600,1584400,1,1
1705506300000,20240216,3150000,P,500,600,1,1
1705506300000,20240216,4110000,C,628400,631800,1,1
1705506300000,20240216,4110000,P,3200,3300,1,1
1705506300000,20240216,4430000,C,318800,319900,1,1
1705506300000,20240216,4430000,P,10800,10900,1,1
1705506300000,20240216,4750000,C,61400,61500,1,1
1705506300000,20240216,4750000,P,73800,73900,1,1
1705506300000,20240216,2400000,C,2326300,2330400,1,1
1705506300000,20240216,2400000,P,100,200,1,1
1705506300000,20240216,4320000,C,422700,426200,1,1
1705506300000,20240216,4320000,P,6400,6500,1,1
1705506300000,20240216,4000000,C,736900,740500,1,1
1705506300000,20240216,4000000,P,2400,2500,1,1
1705506300000,20240216,4640000,C,135200,135800,1,1
1705506300000,20240216,4640000,P,36300,36500,1,1
1705506300000,20240216,4960000,C,4300,4400,1,1
1705506300000,20240216,4960000,P,242500,245900,1,1
1705506300000,20240216,5600000,C,100,200,1,1
1705506300000,20240216,5600000,P,882300,886000,1,1
1705506300000,20240216,3250000,C,1481300,1485000,1,1
1705506300000,20240216,3250000,P,600,700,1,1
1705506300000,20240216,4210000,C,529900,533400,1,1
1705506300000,20240216,4210000,P,4300,4400,1,1
1705506300000,20240216,4530000,C,227200,228100,1,1
1705506300000,20240216,4530000,P,18600,18700,1,1
1705506300000,20240216,4850000,C,21000,21100,1,1
1705506300000,20240216,4850000,P,136800,140000,1,1
1705506300000,20240216,2500000,C,2226900,2230900,1,1
1705506300000,20240216,2500000,P,100,200,1,1
1705506300000,20240216,4100000,C,638100,641700,1,1
1705506300000,20240216,4100000,P,3100,3200,1,1
1705506300000,20240216,4420000,C,328200,329300,1,1
1705506300000,20240216,4420000,P,10300,10400,1,1
1705506300000,20240216,4740000,C,67000,67100,1,1
1705506300000,20240216,4740000,P,69100,69200,1,1
1705506300000,20240216,5060000,C,1000,1100,1,1
1705506300000,20240216,5060000,P,342400,346000,1,1
1705506300000,20240216,5700000,P,982300,986000,1,1
1705506300000,20240216,3350000,C,1381800,1385600,1,1
1705506300000,20240216,3350000,P,700,800,1,1
1705506300000,20240216,4310000,C,432400,435900,1,1
1705506300000,20240216,4310000,P,6200,6300,1,1
1705506300000,20240216,4950000,C,5100,5200,1,1
1705506300000,20240216,4950000,P,232500,235900,1,1
1705506300000,20240216,4630000,C,143000,143500,1,1
1705506300000,20240216,4630000,P,34100,34300,1,1
1705506300000,20240216,2600000,C,2127500,2131400,1,1
1705506300000,20240216,2600000,P,200,300,1,1
1705506300000,20240216,4200000,C,539700,543300,1,1
1705506300000,20240216,4200000,P,4100,4200,1,1
1705506300000,20240216,4520000,C,236100,237000,1,1
1705506300000,20240216,4520000,P,17600,17700,1,1
1705506300000,20240216,4840000,C,23800,23900,1,1
1705506300000,20240216,4840000,P,128900,132000,1,1
1705506300000,20240216,5160000,C,400,500,1,1
1705506300000,20240216,5160000,P,442400,446000,1,1
1705506300000,20240216,3450000,C,1282600,1286200,1,1
1705506300000,20240216,3450000,P,800,900,1,1
1705506300000,20240216,4090000,C,648000,651600,1,1
1705506300000,20240216,4090000,P,3000,3100,1,1
1705506300000,20240216,4410000,C,337700,338800,1,1
1705506300000,20240216,4410000,P,9700,9800,1,1
1705506300000,20240216,5050000,C,1100,1200,1,1
1705506300000,20240216,5050000,P,332400,336000,1,1
1705506300000,20240216,4730000,C,72800,73000,1,1
1705506300000,20240216,4730000,P,64700,64900,1,1
1705506300000,20240216,2700000,C,2028000,2031900,1,1
1705506300000,20240216,2700000,P,200,300,1,1
1705506300000,20240216,4300000,C,442000,445600,1,1
1705506300000,20240216,4300000,P,5900,6000,1,1
1705506300000,20240216,4620000,C,150900,151500,1,1
1705506300000,20240216,4620000,P,32100,32200,1,1
1705506300000,20240216,4940000,C,5900,6000,1,1
1705506300000,20240216,4940000,P,222500,225900,1,1
1705506300000,20240216,5260000,C,200,300,1,1
1705506300000,20240216,5260000,P,542400,545900,1,1
1705506300000,20240216,3550000,C,1183300,1186900,1,1
1705506300000,20240216,3550000,P,1000,1100,1,1
1705506300000,20240216,4190000,C,549500,553100,1,1
1705506300000,20240216,4190000,P,4000,4100,1,1
1705506300000,20240216,4510000,C,245000,246000,1,1
1705506300000,20240216,4510000,P,16600,16700,1,1
1705506300000,20240216,5150000,C,400,500,1,1
1705506300000,20240216,5150000,P,432400,436000,1,1
1705506300000,20240216,4830000,C,26800,27000,1,1
1705506300000,20240216,4830000,P,121300,124300,1,1
1705506300000,20240216,5250000,C,200,300,1,1
1705506300000,20240216,5250000,P,532400,535900,1,1
1705506300000,20240216,2800000,C,1928600,1932500,1,1
1705506300000,20240216,2800000,P,300,400,1,1
1705506300000,20240216,4080000,C,658000,661400,1,1
1705506300000,20240216,4080000,P,2900,3000,1,1
1705506300000,20240216,4400000,C,347100,348300,1,1
1705506300000,20240216,4400000,P,9300,9400,1,1
1705506300000,20240216,4720000,C,78900,79100,1,1
1705506300000,20240216,4720000,P,60700,60800,1,1
1705506300000,20240216,5040000,C,1300,1400,1,1
1705506300000,20240216,5040000,P,322400,326000,1,1
1705506300000,20240216,3650000,C,1084000,1087600,1,1
1705506300000,20240216,3650000,P,1200,1300,1,1
1705506300000,20240216,4290000,C,452800,455300,1,1
1705506300000,20240216,4290000,P,5700,5800,1,1
1705506300000,20240216,4610000,C,158900,159700,1,1
1705506300000,20240216,4610000,P,30100,30200,1,1
1705506300000,20240216,4930000,C,6900,7000,1,1
1705506300000,20240216,4930000,P,212500,215900,1,1
1705506300000,20240216,5350000,C,100,200,1,1
1705506300000,20240216,5350000,P,632400,635900,1,1
1705506300000,20240216,2900000,C,1829100,1833000,1,1
1705506300000,20240216,2900000,P,300,400,1,1
1705506300000,20240216,4180000,C,559500,562900,1,1
1705506300000,20240216,4180000,P,3900,4000,1,1
1705506300000,20240216,4500000,C,254100,255100,1,1
1705506300000,20240216,4500000,P,15700,15800,1,1
1705506300000,20240216,4820000,C,30100,30300,1,1
1705506300000,20240216,4820000,P,114000,117000,1,1
1705506300000,20240216,5140000,C,400,500,1,1
1705506300000,20240216,5140000,P,422400,426000,1,1
1705506300000,20240216,2150000,C,2574900,2579100,1,1
1705506300000,20240216,3750000,C,984600,988300,1,1
1705506300000,20240216,3750000,P,1400,1500,1,1
1705506300000,20240216,4390000,C,356700,357800,1,1
1705506300000,20240216,4390000,P,8800,8900,1,1
1705506300000,20240216,4070000,C,667700,671300,1,1
1705506300000,20240216,4070000,P,2800,2900,1,1
1705506300000,20240216,4710000,C,85300,85500,1,1
1705506300000,20240216,4710000,P,56800,57000,1,1
1705506300000,20240216,5450000,C,100,200,1,1
1705506300000,20240216,5450000,P,732400,736000,1,1
1705506300000,20240216,3000000,C,1729600,1733600,1,1
1705506300000,20240216,3000000,P,400,500,1,1
1705506300000,20240216,4280000,C,461500,465000,1,1
1705506300000,20240216,4280000,P,5500,5600,1,1
1705506300000,20240216,4600000,C,167100,167800,1,1
1705506300000,20240216,4600000,P,28300,28500,1,1
1705506300000,20240216,4920000,C,8000,8100,1,1
1705506300000,20240216,4920000,P,202500,205900,1,1
1705506300000,20240216,5240000,C,200,300,1,1
1705506300000,20240216,5240000,P,522400,525900,1,1
1705506300000,20240216,2250000,C,2475400,2479600,1,1
1705506300000,20240216,2250000,P,100,200,1,1
1705506300000,20240216,3850000,C,885600,889100,1,1
1705506300000,20240216,3850000,P,1700,1800,1,1
1705506300000,20240216,4170000,C,569100,572700,1,1
1705506300000,20240216,4170000,P,3800,3900,1,1
1705506300000,20240216,4490000,C,263200,264200,1,1
1705506300000,20240216,4490000,P,14900,15000,1,1
1705506300000,20240216,4810000,C,33800,33900,1,1
1705506300000,20240216,4810000,P,107100,110000,1,1
1705506300000,20240216,5550000,C,100,200,1,1
1705506300000,20240216,5550000,P,832300,836000,1,1
1705506300000,20240216,3100000,C,1630300,1634100,1,1
1705506300000,20240216,3100000,P,400,500,1,1
1705506300000,20240216,4380000,C,366200,367400,1,1
1705506300000,20240216,4380000,P,8400,8500,1,1
1705506300000,20240216,4060000,C,677600,681200,1,1
1705506300000,20240216,4060000,P,2800,2900,1,1
1705506300000,20240216,4700000,C,91800,92100,1,1
1705506300000,20240216,4700000,P,53300,53400,1,1
1705506300000,20240216,5020000,C,1700,1800,1,1
1705506300000,20240216,5020000,P,302400,306000,1,1
1705506300000,20240216,2350000,C,2375900,2380100,1,1
1705506300000,20240216,2350000,P,100,200,1,1
1705506300000,20240216,4270000,C,471400,474800,1,1
1705506300000,20240216,4270000,P,5300,5400,1,1
1705506300000,20240216,3950000,C,786400,790000,1,1
1705506300000,20240216,3950000,P,2100,2200,1,1
1705506300000,20240216,4590000,C,175400,176100,1,1
1705506300000,20240216,4590000,P,26700,26800,1,1
1705506300000,20240216,4910000,C,9300,9400,1,1
1705506300000,20240216,4910000,P,192500,195900,1,1
1705506300000,20240223,4800000,C,45100,45300,1,1
1705506300000,20240223,4800000,P,104800,106100,1,1
1705506300000,20240223,5120000,C,800,900,1,1
1705506300000,20240223,5120000,P,402400,405900,1,1
1705506300000,20240223,4050000,C,692200,695900,1,1
1705506300000,20240223,4050000,P,3600,3700,1,1
1705506300000,20240223,4690000,C,107600,108000,1,1
1705506300000,20240223,4690000,P,54900,55100,1,1
1705506300000,20240223,4580000,C,192400,193100,1,1
1705506300000,20240223,4580000,P,29500,29700,1,1
1705506300000,20240223,4900000,C,14900,15100,1,1
1705506300000,20240223,4900000,P,182400,186100,1,1
1705506300000,20240223,4575000,C,196500,197300,1,1
1705506300000,20240223,4575000,P,28700,28900,1,1
1705506300000,20240223,4150000,C,594000,597700,1,1
1705506300000,20240223,4150000,P,4700,4800,1,1
1705506300000,20240223,4790000,C,49500,49700,1,1
1705506300000,20240223,4790000,P,98000,100600,1,1
1705506300000,20240223,4680000,C,114600,115000,1,1
1705506300000,20240223,4680000,P,51800,52000,1,1
1705506300000,20240223,5000000,C,3800,3900,1,1
1705506300000,20240223,5000000,P,282400,286100,1,1
1705506300000,20240223,4675000,C,118100,118600,1,1
1705506300000,20240223,4675000,P,50300,50500,1,1
1705506300000,20240223,4250000,C,496600,500100,1,1
1705506300000,20240223,4250000,P,6600,6700,1,1
1705506300000,20240223,4570000,C,200800,201600,1,1
1705506300000,20240223,4570000,P,27900,28100,1,1
1705506300000,20240223,4890000,C,16900,17000,1,1
1705506300000,20240223,4890000,P,172700,176300,1,1
1705506300000,20240223,3500000,C,1236500,1240300,1,1
1705506300000,20240223,3500000,P,1200,1300,1,1
1705506300000,20240223,4780000,C,54200,54400,1,1
1705506300000,20240223,4780000,P,92300,95000,1,1
1705506300000,20240223,5100000,C,1000,1100,1,1
1705506300000,20240223,5100000,P,382400,385900,1,1
1705506300000,20240223,4775000,C,56700,56900,1,1
1705506300000,20240223,4775000,P,90700,91700,1,1
1705506300000,20240223,4350000,C,401300,402500,1,1
1705506300000,20240223,4350000,P,9700,9800,1,1
1705506300000,20240223,4670000,C,121700,122200,1,1
1705506300000,20240223,4670000,P,48900,49100,1,1
1705506300000,20240223,3600000,C,1137300,1141100,1,1
1705506300000,20240223,3600000,P,1400,1500,1,1
1705506300000,20240223,4560000,C,209300,210100,1,1
1705506300000,20240223,4560000,P,26500,26600,1,1
1705506300000,20240223,4880000,C,19000,19200,1,1
1705506300000,20240223,4880000,P,163600,167100,1,1
1705506300000,20240223,5200000,C,400,500,1,1
1705506300000,20240223,5200000,P,482300,486100,1,1
1705506300000,20240223,4450000,C,307300,308400,1,1
1705506300000,20240223,4450000,P,15100,15300,1,1
1705506300000,20240223,4770000,C,59200,59400,1,1
1705506300000,20240223,4770000,P,88000,88900,1,1
1705506300000,20240223,3700000,C,1038100,1042000,1,1
1705506300000,20240223,3700000,P,1700,1800,1,1
1705506300000,20240223,4660000,C,129000,129500,1,1
1705506300000,20240223,4660000,P,46100,46300,1,1
1705506300000,20240223,4980000,C,5000,5100,1,1
1705506300000,20240223,4980000,P,262400,266100,1,1
1705506300000,20240223,5300000,C,300,400,1,1
1705506300000,20240223,5300000,P,582300,586100,1,1
1705506300000,20240223,4550000,C,217800,218700,1,1
1705506300000,20240223,4550000,P,25100,25300,1,1
1705506300000,20240223,4870000,C,21400,21600,1,1
1705506300000,20240223,4870000,P,155000,158400,1,1
1705506300000,20240223,3800000,C,939300,942900,1,1
1705506300000,20240223,3800000,P,2100,2200,1,1
1705506300000,20240223,4760000,C,64400,64600,1,1
1705506300000,20240223,4760000,P,83100,83400,1,1
1705506300000,20240223,5080000,C,1300,1400,1,1
1705506300000,20240223,5080000,P,362400,365900,1,1
1705506300000,20240223,5400000,C,200,300,1,1
1705506300000,20240223,5400000,P,682300,686100,1,1
1705506300000,20240223,4650000,C,136500,137000,1,1
1705506300000,20240223,4650000,P,43600,43800,1,1
1705506300000,20240223,3900000,C,840400,844000,1,1
1705506300000,20240223,3900000,P,2600,2700,1,1
1705506300000,20240223,4540000,C,226500,227400,1,1
1705506300000,20240223,4540000,P,23800,24000,1,1
1705506300000,20240223,4860000,C,24100,24200,1,1
1705506300000,20240223,4860000,P,146800,150000,1,1
1705506300000,20240223,4750000,C,69900,70100,1,1
1705506300000,20240223,4750000,P,78300,78500,1,1
1705506300000,20240223,4000000,C,741500,745200,1,1
1705506300000,20240223,4000000,P,3200,3300,1,1
1705506300000,20240223,4640000,C,144100,144800,1,1
1705506300000,20240223,4640000,P,41200,41400,1,1
1705506300000,20240223,4960000,C,6700,6800,1,1
1705506300000,20240223,4960000,P,242400,246100,1,1
1705506300000,20240223,4530000,C,235200,236200,1,1
1705506300000,20240223,4530000,P,22600,22700,1,1
1705506300000,20240223,4850000,C,26900,27100,1,1
1705506300000,20240223,4850000,P,138800,142000,1,1
1705506300000,20240223,4100000,C,643000,646700,1,1
1705506300000,20240223,4100000,P,4100,4200,1,1
1705506300000,20240223,4740000,C,75600,75900,1,1
1705506300000,20240223,4740000,P,73800,74000,1,1
1705506300000,20240223,5060000,C,1600,1700,1,1
1705506300000,20240223,5060000,P,342400,346100,1,1
1705506300000,20240223,4630000,C,151900,152600,1,1
1705506300000,20240223,4630000,P,38900,39100,1,1
1705506300000,20240223,4950000,C,7700,7800,1,1
1705506300000,20240223,4950000,P,232400,236100,1,1
1705506300000,20240223,4625000,C,155800,156400,1,1
1705506300000,20240223,4625000,P,37800,38000,1,1
1705506300000,20240223,4200000,C,545100,548800,1,1
1705506300000,20240223,4200000,P,5600,5700,1,1
1705506300000,20240223,4520000,C,244000,245000,1,1
1705506300000,20240223,4520000,P,21400,21600,1,1
1705506300000,20240223,4840000,C,30000,30200,1,1
1705506300000,20240223,4840000,P,131200,134400,1,1
1705506300000,20240223,4730000,C,81600,81800,1,1
1705506300000,20240223,4730000,P,69500,69800,1,1
1705506300000,20240223,5050000,C,1900,2000,1,1
1705506300000,20240223,5050000,P,332400,336100,1,1
1705506300000,20240223,4725000,C,84700,84900,1,1
1705506300000,20240223,4725000,P,67500,67700,1,1
1705506300000,20240223,4300000,C,448300,451700,1,1
1705506300000,20240223,4300000,P,7900,8000,1,1
1705506300000,20240223,4620000,C,159700,160400,1,1
1705506300000,20240223,4620000,P,36800,37000,1,1
1705506300000,20240223,4940000,C,8800,8900,1,1
1705506300000,20240223,4940000,P,222400,226100,1,1
1705506300000,20240223,3550000,C,1186800,1190700,1,1
1705506300000,20240223,3550000,P,1300,1400,1,1
1705506300000,20240223,4830000,C,33400,33600,1,1
1705506300000,20240223,4830000,P,123900,127000,1,1
1705506300000,20240223,5150000,C,600,700,1,1
1705506300000,20240223,5150000,P,432400,435900,1,1
1705506300000,20240223,5250000,C,300,400,1,1
1705506300000,20240223,5250000,P,532300,536100,1,1
1705506300000,20240223,4825000,C,35200,35400,1,1
1705506300000,20240223,4825000,P,120300,123500,1,1
1705506300000,20240223,4400000,C,353900,355100,1,1
1705506300000,20240223,4400000,P,12000,12100,1,1
1705506300000,20240223,4720000,C,87800,88000,1,1
1705506300000,20240223,4720000,P,65500,65700,1,1
1705506300000,20240223,5040000,C,2100,2200,1,1
1705506300000,20240223,5040000,P,322400,326100,1,1
1705506300000,20240223,3650000,C,1087700,1091500,1,1
1705506300000,20240223,3650000,P,1600,1700,1,1
1705506300000,20240223,4610000,C,167700,168400,1,1
1705506300000,20240223,4610000,P,34800,35000,1,1
1705506300000,20240223,5350000,C,200,300,1,1
1705506300000,20240223,5350000,P,632300,636100,1,1
1705506300000,20240223,4500000,C,261800,262900,1,1
1705506300000,20240223,4500000,P,19400,19500,1,1
1705506300000,20240223,4820000,C,37000,37200,1,1
1705506300000,20240223,4820000,P,116900,119800,1,1
1705506300000,20240223,5140000,C,700,800,1,1
1705506300000,20240223,5140000,P,422400,425900,1,1
1705506300000,20240223,3750000,C,988800,992400,1,1
1705506300000,20240223,3750000,P,1900,2000,1,1
1705506300000,20240223,4710000,C,94200,94500,1,1
1705506300000,20240223,4710000,P,61800,62000,1,1
1705506300000,20240223,5450000,C,100,200,1,1
1705506300000,20240223,5450000,P,732300,736100,1,1
1705506300000,20240223,4600000,C,175800,176500,1,1
1705506300000,20240223,4600000,P,32900,33100,1,1
1705506300000,20240223,4920000,C,11500,11700,1,1
1705506300000,20240223,4920000,P,202400,206100,1,1
1705506300000,20240223,3850000,C,889700,893500,1,1
1705506300000,20240223,3850000,P,2300,2400,1,1
1705506300000,20240223,4810000,C,40900,41100,1,1
1705506300000,20240223,4810000,P,110200,113300,1,1
1705506300000,20240223,4700000,C,100800,101100,1,1
1705506300000,20240223,4700000,P,58300,58400,1,1
1705506300000,20240223,5020000,C,2800,2900,1,1
1705506300000,20240223,5020000,P,302400,306100,1,1
1705506300000,20240223,3950000,C,791000,794600,1,1
1705506300000,20240223,3950000,P,2800,2900,1,1
1705506300000,20240223,4590000,C,184000,184800,1,1
1705506300000,20240223,4590000,P,31100,31300,1,1
1705506300000,20240229,3200000,C,1537400,1541300,1,1
1705506300000,20240229,3200000,P,900,1000,1,1
1705506300000,20240229,4160000,C,589600,593200,1,1
1705506300000,20240229,4160000,P,6200,6300,1,1
1705506300000,20240229,4480000,C,287400,288400,1,1
1705506300000,20240229,4480000,P,20900,21000,1,1
1705506300000,20240229,4800000,C,52300,52500,1,1
1705506300000,20240229,4800000,P,108300,109700,1,1
1705506300000,20240229,5120000,C,1200,1300,1,1
1705506300000,20240229,5120000,P,402300,406100,1,1
1705506300000,20240229,4370000,C,388800,390000,1,1
1705506300000,20240229,4370000,P,13000,13100,1,1
1705506300000,20240229,4050000,C,697000,700800,1,1
1705506300000,20240229,4050000,P,4600,4700,1,1
1705506300000,20240229,4690000,C,116200,116500,1,1
1705506300000,20240229,4690000,P,59500,59700,1,1
1705506300000,20240229,5010000,C,4900,5000,1,1
1705506300000,20240229,5010000,P,292400,296100,1,1
1705506300000,20240229,3300000,C,1438200,1442200,1,1
1705506300000,20240229,3300000,P,1100,1200,1,1
1705506300000,20240229,4260000,C,492500,496200,1,1
1705506300000,20240229,4260000,P,8600,8700,1,1
1705506300000,20240229,4580000,C,200600,201400,1,1
1705506300000,20240229,4580000,P,33600,33800,1,1
1705506300000,20240229,4900000,C,19300,19400,1,1
1705506300000,20240229,4900000,P,182500,186100,1,1
1705506300000,20240229,5220000,C,500,600,1,1
1705506300000,20240229,5220000,P,502300,506100,1,1
1705506300000,20240229,4150000,C,599200,602900,1,1
1705506300000,20240229,4150000,P,6000,6100,1,1
1705506300000,20240229,4470000,C,296400,297400,1,1
1705506300000,20240229,4470000,P,19900,20100,1,1
1705506300000,20240229,4790000,C,57000,57200,1,1
1705506300000,20240229,4790000,P,101600,104400,1,1
1705506300000,20240229,3400000,C,1339200,1343000,1,1
1705506300000,20240229,3400000,P,1300,1400,1,1
1705506300000,20240229,4360000,C,398200,399400,1,1
1705506300000,20240229,4360000,P,12500,12600,1,1
1705506300000,20240229,5000000,C,5600,5700,1,1
1705506300000,20240229,5000000,P,282400,286100,1,1
1705506300000,20240229,4680000,C,123200,123600,1,1
1705506300000,20240229,4680000,P,56400,56600,1,1
1705506300000,20240229,4250000,C,502200,505800,1,1
1705506300000,20240229,4250000,P,8300,8400,1,1
1705506300000,20240229,4570000,C,209000,209700,1,1
1705506300000,20240229,4570000,P,32000,32200,1,1
1705506300000,20240229,4890000,C,21600,21700,1,1
1705506300000,20240229,4890000,P,173500,177100,1,1
1705506300000,20240229,3500000,C,1240100,1244000,1,1
1705506300000,20240229,3500000,P,1500,1600,1,1
1705506300000,20240229,4140000,C,609100,612700,1,1
1705506300000,20240229,4140000,P,5900,6000,1,1
1705506300000,20240229,4460000,C,305400,306500,1,1
1705506300000,20240229,4460000,P,19100,19200,1,1
1705506300000,20240229,5100000,C,1500,1600,1,1
1705506300000,20240229,5100000,P,382300,386100,1,1
1705506300000,20240229,4780000,C,61900,62100,1,1
1705506300000,20240229,4780000,P,97000,98200,1,1
1705506300000,20240229,4350000,C,407700,408900,1,1
1705506300000,20240229,4350000,P,12000,12100,1,1
1705506300000,20240229,4670000,C,130300,130800,1,1
1705506300000,20240229,4670000,P,53500,53700,1,1
1705506300000,20240229,4990000,C,6300,6500,1,1
1705506300000,20240229,4990000,P,272400,276100,1,1
1705506300000,20240229,3600000,C,1141100,1144900,1,1
1705506300000,20240229,3600000,P,1800,1900,1,1
1705506300000,20240229,4240000,C,512000,515500,1,1
1705506300000,20240229,4240000,P,8000,8100,1,1
1705506300000,20240229,4560000,C,217400,218200,1,1
1705506300000,20240229,4560000,P,30500,30600,1,1
1705506300000,20240229,5200000,C,600,700,1,1
1705506300000,20240229,5200000,P,482300,486100,1,1
1705506300000,20240229,4880000,C,24000,24200,1,1
1705506300000,20240229,4880000,P,165000,168300,1,1
1705506300000,20240229,4130000,C,618700,622400,1,1
1705506300000,20240229,4130000,P,5700,5800,1,1
1705506300000,20240229,4450000,C,314600,315600,1,1
1705506300000,20240229,4450000,P,18200,18400,1,1
1705506300000,20240229,4770000,C,67000,67200,1,1
1705506300000,20240229,4770000,P,91900,93000,1,1
1705506300000,20240229,3700000,C,1042200,1046000,1,1
1705506300000,20240229,3700000,P,2200,2300,1,1
1705506300000,20240229,4340000,C,417100,418400,1,1
1705506300000,20240229,4340000,P,11500,11600,1,1
1705506300000,20240229,4660000,C,137700,138200,1,1
1705506300000,20240229,4660000,P,50700,50900,1,1
1705506300000,20240229,4980000,C,7200,7400,1,1
1705506300000,20240229,4980000,P,262400,266100,1,1
1705506300000,20240229,5300000,C,400,500,1,1
1705506300000,20240229,5300000,P,582300,585900,1,1
1705506300000,20240229,4230000,C,521500,525200,1,1
1705506300000,20240229,4230000,P,7800,7900,1,1
1705506300000,20240229,4550000,C,225900,226700,1,1
1705506300000,20240229,4550000,P,29000,29200,1,1
1705506300000,20240229,4870000,C,26700,26900,1,1
1705506300000,20240229,4870000,P,156700,160200,1,1
1705506300000,20240229,3800000,C,943300,947100,1,1
1705506300000,20240229,3800000,P,2600,2700,1,1
1705506300000,20240229,4120000,C,628600,632200,1,1
1705506300000,20240229,4120000,P,5500,5600,1,1
1705506300000,20240229,4440000,C,323700,324800,1,1
1705506300000,20240229,4440000,P,17400,17600,1,1
1705506300000,20240229,4760000,C,72400,72600,1,1
1705506300000,20240229,4760000,P,87300,87500,1,1
1705506300000,20240229,5080000,C,1900,2000,1,1
1705506300000,20240229,5080000,P,362300,366100,1,1
1705506300000,20240229,5400000,C,200,300,1,1
1705506300000,20240229,5400000,P,682300,686100,1,1
1705506300000,20240229,3050000,C,1686100,1690100,1,1
1705506300000,20240229,3050000,P,700,800,1,1
1705506300000,20240229,4330000,C,426600,427900,1,1
1705506300000,20240229,4330000,P,11100,11200,1,1
1705506300000,20240229,4650000,C,145100,145700,1,1
1705506300000,20240229,4650000,P,48100,48300,1,1
1705506300000,20240229,4970000,C,8200,8400,1,1
1705506300000,20240229,4970000,P,252400,256100,1,1
1705506300000,20240229,3900000,C,844700,848400,1,1
1705506300000,20240229,3900000,P,3200,3300,1,1
1705506300000,20240229,4220000,C,531300,534900,1,1
1705506300000,20240229,4220000,P,7500,7600,1,1
1705506300000,20240229,4540000,C,234500,235300,1,1
1705506300000,20240229,4540000,P,27700,27800,1,1
1705506300000,20240229,4860000,C,29700,29800,1,1
1705506300000,20240229,4860000,P,148700,152100,1,1
1705506300000,20240229,5180000,C,700,800,1,1
1705506300000,20240229,5180000,P,462300,466100,1,1
1705506300000,20240229,3150000,C,1586900,1590900,1,1
1705506300000,20240229,3150000,P,800,900,1,1
1705506300000,20240229,4110000,C,638200,642000,1,1
1705506300000,20240229,4110000,P,5400,5500,1,1
1705506300000,20240229,4430000,C,332900,334000,1,1
1705506300000,20240229,4430000,P,16700,16800,1,1
1705506300000,20240229,4750000,C,78000,78300,1,1
1705506300000,20240229,4750000,P,82600,82800,1,1
1705506300000,20240229,4320000,C,436200,437400,1,1
1705506300000,20240229,4320000,P,10700,10800,1,1
1705506300000,20240229,4000000,C,746300,749900,1,1
1705506300000,20240229,4000000,P,4100,4200,1,1
1705506300000,20240229,4640000,C,152700,153200,1,1
1705506300000,20240229,4640000,P,45700,45900,1,1
1705506300000,20240229,4960000,C,9400,9500,1,1
1705506300000,20240229,4960000,P,242400,246100,1,1
1705506300000,20240229,3250000,C,1487700,1491800,1,1
1705506300000,20240229,3250000,P,1000,1100,1,1
1705506300000,20240229,4210000,C,540800,544500,1,1
1705506300000,20240229,4210000,P,7300,7400,1,1
1705506300000,20240229,4530000,C,243100,244000,1,1
1705506300000,20240229,4530000,P,26400,26500,1,1
1705506300000,20240229,4850000,C,32800,33000,1,1
1705506300000,20240229,4850000,P,141000,144200,1,1
1705506300000,20240229,4100000,C,648100,651800,1,1
1705506300000,20240229,4100000,P,5200,5300,1,1
1705506300000,20240229,4420000,C,342100,343200,1,1
1705506300000,20240229,4420000,P,16000,16100,1,1
1705506300000,20240229,4740000,C,83900,84100,1,1
1705506300000,20240229,4740000,P,78100,78400,1,1
1705506300000,20240229,5060000,C,2500,2600,1,1
1705506300000,20240229,5060000,P,342300,346100,1,1
1705506300000,20240229,3350000,C,1388600,1392600,1,1
1705506300000,20240229,3350000,P,1200,1300,1,1
1705506300000,20240229,4310000,C,445700,446900,1,1
1705506300000,20240229,4310000,P,10300,10400,1,1
1705506300000,20240229,4630000,C,160400,161100,1,1
1705506300000,20240229,4630000,P,43400,43500,1,1
1705506300000,20240229,4950000,C,10600,10800,1,1
1705506300000,20240229,4950000,P,232400,236100,1,1
1705506300000,20240229,4200000,C,550500,554200,1,1
1705506300000,20240229,4200000,P,7000,7100,1,1
1705506300000,20240229,4520000,C,251900,252800,1,1
1705506300000,20240229,4520000,P,25100,25300,1,1
1705506300000,20240229,4840000,C,36200,36400,1,1
1705506300000,20240229,4840000,P,133600,136900,1,1
1705506300000,20240229,5160000,C,800,900,1,1
1705506300000,20240229,5160000,P,442300,446100,1,1
1705506300000,20240229,3450000,C,1289700,1293500,1,1
1705506300000,20240229,3450000,P,1400,1500,1,1
1705506300000,20240229,4090000,C,657800,661600,1,1
1705506300000,20240229,4090000,P,5100,5200,1,1
1705506300000,20240229,4410000,C,351400,352500,1,1
1705506300000,20240229,4410000,P,15300,15500,1,1
1705506300000,20240229,5050000,C,2900,3000,1,1
1705506300000,20240229,5050000,P,332300,336100,1,1
1705506300000,20240229,4730000,C,90000,90200,1,1
1705506300000,20240229,4730000,P,73900,74200,1,1
1705506300000,20240229,4300000,C,455300,456500,1,1
1705506300000,20240229,4300000,P,9900,10000,1,1
1705506300000,20240229,4620000,C,168200,169000,1,1
1705506300000,20240229,4620000,P,41200,41400,1,1
1705506300000,20240229,4940000,C,12000,12200,1,1
1705506300000,20240229,4940000,P,222400,226100,1,1
1705506300000,20240229,5260000,C,400,500,1,1
1705506300000,20240229,5260000,P,542300,545900,1,1
1705506300000,20240229,3550000,C,1190600,1194400,1,1
1705506300000,20240229,3550000,P,1700,1800,1,1
1705506300000,20240229,4190000,C,560300,564000,1,1
1705506300000,20240229,4190000,P,6800,6900,1,1
1705506300000,20240229,4510000,C,260700,261600,1,1
1705506300000,20240229,4510000,P,24000,24100,1,1
1705506300000,20240229,5150000,C,900,1000,1,1
1705506300000,20240229,5150000,P,432300,436100,1,1
1705506300000,20240229,4830000,C,39900,40100,1,1
1705506300000,20240229,4830000,P,126600,129700,1,1
1705506300000,20240229,5250000,C,400,500,1,1
1705506300000,20240229,5250000,P,532300,535900,1,1
1705506300000,20240229,4080000,C,667600,671400,1,1
1705506300000,20240229,4080000,P,5000,5100,1,1
1705506300000,20240229,4400000,C,360700,361900,1,1
1705506300000,20240229,4400000,P,14700,14800,1,1
1705506300000,20240229,4720000,C,96300,96500,1,1
1705506300000,20240229,4720000,P,70000,70200,1,1
1705506300000,20240229,5040000,C,3300,3400,1,1
1705506300000,20240229,5040000,P,322300,326100,1,1
1705506300000,20240229,3650000,C,1091600,1095500,1,1
1705506300000,20240229,3650000,P,2000,2100,1,1
1705506300000,20240229,4290000,C,464800,466100,1,1
1705506300000,20240229,4290000,P,9600,9700,1,1
1705506300000,20240229,4610000,C,176200,176800,1,1
1705506300000,20240229,4610000,P,39100,39300,1,1
1705506300000,20240229,4930000,C,13600,13700,1,1
1705506300000,20240229,4930000,P,212400,216100,1,1
1705506300000,20240229,5350000,C,300,400,1,1
1705506300000,20240229,5350000,P,632300,636100,1,1
1705506300000,20240229,4180000,C,570000,573700,1,1
1705506300000,20240229,4180000,P,6600,6700,1,1
1705506300000,20240229,4500000,C,269500,270500,1,1
1705506300000,20240229,4500000,P,22900,23000,1,1
1705506300000,20240229,4820000,C,43800,44000,1,1
1705506300000,20240229,4820000,P,119900,122800,1,1
1705506300000,20240229,5140000,C,1000,1100,1,1
1705506300000,20240229,5140000,P,422300,426100,1,1
1705506300000,20240229,3750000,C,992600,996600,1,1
1705506300000,20240229,3750000,P,2400,2500,1,1
1705506300000,20240229,4390000,C,370000,371200,1,1
1705506300000,20240229,4390000,P,14100,14200,1,1
1705506300000,20240229,4070000,C,677400,681200,1,1
1705506300000,20240229,4070000,P,4800,4900,1,1
1705506300000,20240229,4710000,C,102700,103000,1,1
1705506300000,20240229,4710000,P,66300,66500,1,1
1705506300000,20240229,5450000,C,100,200,1,1
1705506300000,20240229,5450000,P,732200,735900,1,1
1705506300000,20240229,3000000,C,1735500,1739800,1,1
1705506300000,20240229,3000000,P,600,700,1,1
1705506300000,20240229,4280000,C,473300,477000,1,1
1705506300000,20240229,4280000,P,9200,9300,1,1
1705506300000,20240229,4600000,C,184200,184900,1,1
1705506300000,20240229,4600000,P,37200,37400,1,1
1705506300000,20240229,4920000,C,15300,15400,1,1
1705506300000,20240229,4920000,P,202400,206100,1,1
1705506300000,20240229,5240000,C,500,600,1,1
1705506300000,20240229,5240000,P,522300,525900,1,1
1705506300000,20240229,3850000,C,894000,897800,1,1
1705506300000,20240229,3850000,P,2900,3000,1,1
1705506300000,20240229,4170000,C,579900,583400,1,1
1705506300000,20240229,4170000,P,6400,6500,1,1
1705506300000,20240229,4490000,C,278400,279400,1,1
1705506300000,20240229,4490000,P,21800,22000,1,1
1705506300000,20240229,4810000,C,47900,48100,1,1
1705506300000,20240229,4810000,P,113500,116500,1,1
1705506300000,20240229,3100000,C,1636400,1640500,1,1
1705506300000,20240229,3100000,P,700,800,1,1
1705506300000,20240229,4380000,C,379400,380600,1,1
1705506300000,20240229,4380000,P,13500,13600,1,1
1705506300000,20240229,4060000,C,687200,691000,1,1
1705506300000,20240229,4060000,P,4700,4800,1,1
1705506300000,20240229,4700000,C,109400,109700,1,1
1705506300000,20240229,4700000,P,62800,63000,1,1
1705506300000,20240229,5020000,C,4300,4400,1,1
1705506300000,20240229,5020000,P,302400,306100,1,1
1705506300000,20240229,4270000,C,482900,486600,1,1
1705506300000,20240229,4270000,P,8900,9000,1,1
1705506300000,20240229,3950000,C,795400,799200,1,1
1705506300000,20240229,3950000,P,3600,3700,1,1
1705506300000,20240229,4590000,C,192400,193100,1,1
1705506300000,20240229,4590000,P,35400,35500,1,1
1705506300000,20240229,4910000,C,17200,17300,1,1
1705506300000,20240229,4910000,P,192400,196100,1,1
1705506300000,20240301,4800000,C,53800,54100,1,1
1705506300000,20240301,4800000,P,109100,110500,1,1
1705506300000,20240301,4050000,C,697900,701700,1,1
1705506300000,20240301,4050000,P,4800,4900,1,1
1705506300000,20240301,4690000,C,117900,118300,1,1
1705506300000,20240301,4690000,P,60400,60700,1,1
1705506300000,20240301,4580000,C,202300,203100,1,1
1705506300000,20240301,4580000,P,34500,34700,1,1
1705506300000,20240301,4900000,C,20200,20400,1,1
1705506300000,20240301,4900000,P,182700,186500,1,1
1705506300000,20240301,4150000,C,600300,603900,1,1
1705506300000,20240301,4150000,P,6300,6400,1,1
1705506300000,20240301,4790000,C,58500,58800,1,1
1705506300000,20240301,4790000,P,102400,105200,1,1
1705506300000,20240301,4680000,C,124900,125300,1,1
1705506300000,20240301,4680000,P,57300,57600,1,1
1705506300000,20240301,5000000,C,6000,6100,1,1
1705506300000,20240301,5000000,P,282400,286100,1,1
1705506300000,20240301,4675000,C,128500,129000,1,1
1705506300000,20240301,4675000,P,55800,56100,1,1
1705506300000,20240301,4250000,C,503300,507000,1,1
1705506300000,20240301,4250000,P,8700,8800,1,1
1705506300000,20240301,4570000,C,210600,211400,1,1
1705506300000,20240301,4570000,P,32900,33100,1,1
1705506300000,20240301,4890000,C,22600,22800,1,1
1705506300000,20240301,4890000,P,173800,177400,1,1
1705506300000,20240301,3500000,C,1240700,1244700,1,1
1705506300000,20240301,3500000,P,1600,1700,1,1
1705506300000,20240301,4780000,C,63500,63700,1,1
1705506300000,20240301,4780000,P,97900,99100,1,1
1705506300000,20240301,5100000,C,1700,1800,1,1
1705506300000,20240301,5100000,P,382300,386100,1,1
1705506300000,20240301,4775000,C,66000,66300,1,1
1705506300000,20240301,4775000,P,95300,96500,1,1
1705506300000,20240301,4350000,C,407900,411400,1,1
1705506300000,20240301,4350000,P,12500,12700,1,1
1705506300000,20240301,4670000,C,132100,132500,1,1
1705506300000,20240301,4670000,P,54400,54600,1,1
1705506300000,20240301,4990000,C,6800,6900,1,1
1705506300000,20240301,4990000,P,272400,276100,1,1
1705506300000,20240301,3600000,C,1141800,1145700,1,1
1705506300000,20240301,3600000,P,1900,2000,1,1
1705506300000,20240301,4560000,C,219000,219900,1,1
1705506300000,20240301,4560000,P,31300,31500,1,1
1705506300000,20240301,4880000,C,25100,25300,1,1
1705506300000,20240301,4880000,P,165300,168800,1,1
1705506300000,20240301,5200000,C,600,700,1,1
1705506300000,20240301,5200000,P,482300,486100,1,1
1705506300000,20240301,4875000,C,26500,26700,1,1
1705506300000,20240301,4875000,P,161100,164500,1,1
1705506300000,20240301,4450000,C,316000,317100,1,1
1705506300000,20240301,4450000,P,18900,19100,1,1
1705506300000,20240301,4770000,C,68600,68900,1,1
1705506300000,20240301,4770000,P,92600,93900,1,1
1705506300000,20240301,3700000,C,1042800,1046700,1,1
1705506300000,20240301,3700000,P,2300,2400,1,1
1705506300000,20240301,4660000,C,139400,139900,1,1
1705506300000,20240301,4660000,P,51600,51900,1,1
1705506300000,20240301,4980000,C,7700,7900,1,1
1705506300000,20240301,4980000,P,262400,266100,1,1
1705506300000,20240301,5300000,C,400,500,1,1
1705506300000,20240301,5300000,P,582300,586100,1,1
1705506300000,20240301,4550000,C,227500,228400,1,1
1705506300000,20240301,4550000,P,29900,30100,1,1
1705506300000,20240301,4870000,C,27900,28100,1,1
1705506300000,20240301,4870000,P,157100,160400,1,1
1705506300000,20240301,3800000,C,944000,947900,1,1
1705506300000,20240301,3800000,P,2800,2900,1,1
1705506300000,20240301,4760000,C,74100,74300,1,1
1705506300000,20240301,4760000,P,88100,88400,1,1
1705506300000,20240301,5400000,C,200,300,1,1
1705506300000,20240301,5400000,P,682300,686100,1,1
1705506300000,20240301,4650000,C,146800,147500,1,1
1705506300000,20240301,4650000,P,49000,49300,1,1
1705506300000,20240301,4970000,C,8800,8900,1,1
1705506300000,20240301,4970000,P,252300,256100,1,1
1705506300000,20240301,3900000,C,845500,849300,1,1
1705506300000,20240301,3900000,P,3400,3500,1,1
1705506300000,20240301,4540000,C,236100,237000,1,1
1705506300000,20240301,4540000,P,28500,28700,1,1
1705506300000,20240301,4860000,C,30800,31100,1,1
1705506300000,20240301,4860000,P,149200,152500,1,1
1705506300000,20240301,4750000,C,79700,80000,1,1
1705506300000,20240301,4750000,P,83500,83700,1,1
1705506300000,20240301,4000000,C,747100,750800,1,1
1705506300000,20240301,4000000,P,4300,4400,1,1
1705506300000,20240301,4640000,C,154400,155100,1,1
1705506300000,20240301,4640000,P,46600,46800,1,1
1705506300000,20240301,4960000,C,10000,10200,1,1
1705506300000,20240301,4960000,P,242300,246100,1,1
1705506300000,20240301,4530000,C,244700,245600,1,1
1705506300000,20240301,4530000,P,27200,27400,1,1
1705506300000,20240301,4850000,C,34100,34300,1,1
1705506300000,20240301,4850000,P,141500,144800,1,1
1705506300000,20240301,4100000,C,649000,652800,1,1
1705506300000,20240301,4100000,P,5500,5600,1,1
1705506300000,20240301,4740000,C,85600,85900,1,1
1705506300000,20240301,4740000,P,79000,79300,1,1
1705506300000,20240301,4630000,C,162100,162700,1,1
1705506300000,20240301,4630000,P,44300,44500,1,1
1705506300000,20240301,4950000,C,11300,11500,1,1
1705506300000,20240301,4950000,P,232400,236100,1,1
1705506300000,20240301,4200000,C,551800,555300,1,1
1705506300000,20240301,4200000,P,7400,7500,1,1
1705506300000,20240301,4520000,C,253400,254400,1,1
1705506300000,20240301,4520000,P,25900,26100,1,1
1705506300000,20240301,4840000,C,37500,37800,1,1
1705506300000,20240301,4840000,P,134200,137500,1,1
1705506300000,20240301,4730000,C,91700,91900,1,1
1705506300000,20240301,4730000,P,74900,75100,1,1
1705506300000,20240301,5050000,C,3100,3200,1,1
1705506300000,20240301,5050000,P,332300,336100,1,1
1705506300000,20240301,4725000,C,94800,95100,1,1
1705506300000,20240301,4725000,P,72900,73100,1,1
1705506300000,20240301,4300000,C,455300,459000,1,1
1705506300000,20240301,4300000,P,10400,10500,1,1
1705506300000,20240301,4620000,C,169900,170700,1,1
1705506300000,20240301,4620000,P,42100,42300,1,1
1705506300000,20240301,4940000,C,12700,12900,1,1
1705506300000,20240301,4940000,P,222400,226100,1,1
1705506300000,20240301,3550000,C,1191200,1195100,1,1
1705506300000,20240301,3550000,P,1700,1800,1,1
1705506300000,20240301,4830000,C,41200,41500,1,1
1705506300000,20240301,4830000,P,127200,130200,1,1
1705506300000,20240301,5150000,C,1000,1100,1,1
1705506300000,20240301,5150000,P,432300,436100,1,1
1705506300000,20240301,5250000,C,500,600,1,1
1705506300000,20240301,5250000,P,532300,536100,1,1
1705506300000,20240301,4825000,C,43200,43400,1,1
1705506300000,20240301,4825000,P,123800,126800,1,1
1705506300000,20240301,4400000,C,362000,363200,1,1
1705506300000,20240301,4400000,P,15300,15500,1,1
1705506300000,20240301,4720000,C,98000,98200,1,1
1705506300000,20240301,4720000,P,70900,71200,1,1
1705506300000,20240301,3650000,C,1092400,1096200,1,1
1705506300000,20240301,3650000,P,2100,2200,1,1
1705506300000,20240301,4610000,C,177800,178500,1,1
1705506300000,20240301,4610000,P,40000,40300,1,1
1705506300000,20240301,4930000,C,14400,14600,1,1
1705506300000,20240301,4930000,P,212400,216100,1,1
1705506300000,20240301,5350000,C,300,400,1,1
1705506300000,20240301,5350000,P,632300,636100,1,1
1705506300000,20240301,4500000,C,271000,272000,1,1
1705506300000,20240301,4500000,P,23700,23800,1,1
1705506300000,20240301,4820000,C,45200,45400,1,1
1705506300000,20240301,4820000,P,120500,123700,1,1
1705506300000,20240301,3750000,C,993400,997300,1,1
1705506300000,20240301,3750000,P,2500,2600,1,1
1705506300000,20240301,4710000,C,104400,104800,1,1
1705506300000,20240301,4710000,P,67200,67500,1,1
1705506300000,20240301,5450000,C,200,300,1,1
1705506300000,20240301,5450000,P,732200,736100,1,1
1705506300000,20240301,4600000,C,185900,186600,1,1
1705506300000,20240301,4600000,P,38100,38300,1,1
1705506300000,20240301,4920000,C,16100,16300,1,1
1705506300000,20240301,4920000,P,202400,206100,1,1
1705506300000,20240301,3850000,C,894800,898600,1,1
1705506300000,20240301,3850000,P,3100,3200,1,1
1705506300000,20240301,4810000,C,49400,49600,1,1
1705506300000,20240301,4810000,P,114200,117200,1,1
1705506300000,20240301,4700000,C,111100,111400,1,1
1705506300000,20240301,4700000,P,63700,64000,1,1
1705506300000,20240301,3950000,C,796300,800000,1,1
1705506300000,20240301,3950000,P,3800,3900,1,1
1705506300000,20240301,4590000,C,194000,194800,1,1
1705506300000,20240301,4590000,P,36300,36500,1,1
1705506300000,20240301,4910000,C,18100,18300,1,1
1705506300000,20240301,4910000,P,192400,196200,1,1
1705506300000,20240315,3200000,C,1544700,1549600,1,1
1705506300000,20240315,3200000,P,1600,1700,1,1
1705506300000,20240315,4480000,C,303500,307100,1,1
1705506300000,20240315,4480000,P,31100,31300,1,1
1705506300000,20240315,5120000,C,3000,3100,1,1
1705506300000,20240315,5120000,P,401900,406400,1,1
1705506300000,20240315,6400000,P,1681400,1686600,1,1
1705506300000,20240315,4050000,C,708200,712700,1,1
1705506300000,20240315,4050000,P,8100,8200,1,1
1705506300000,20240315,4690000,C,135800,136200,1,1
1705506300000,20240315,4690000,P,73200,73400,1,1
1705506300000,20240315,5750000,C,100,200,1,1
1705506300000,20240315,5750000,P,1031700,1036500,1,1
1705506300000,20240315,4260000,C,506000,510300,1,1
1705506300000,20240315,4260000,P,14500,14600,1,1
1705506300000,20240315,4900000,C,30900,31000,1,1
1705506300000,20240315,4900000,P,186200,190200,1,1
1705506300000,20240315,2550000,C,2187400,2193000,1,1
1705506300000,20240315,2550000,P,500,600,1,1
1705506300000,20240315,4470000,C,312400,316000,1,1
1705506300000,20240315,4470000,P,30000,30200,1,1
1705506300000,20240315,3400000,C,1347200,1351800,1,1
1705506300000,20240315,3400000,P,2200,2300,1,1
1705506300000,20240315,4040000,C,717900,722400,1,1
1705506300000,20240315,4040000,P,7900,8000,1,1
1705506300000,20240315,4680000,C,142900,143300,1,1
1705506300000,20240315,4680000,P,70000,70300,1,1
1705506300000,20240315,6600000,P,1881300,1886600,1,1
1705506300000,20240315,4250000,C,515500,519800,1,1
1705506300000,20240315,4250000,P,14100,14200,1,1
1705506300000,20240315,4890000,C,33800,34000,1,1
1705506300000,20240315,4890000,P,178200,182100,1,1
1705506300000,20240315,5950000,P,1231600,1236500,1,1
1705506300000,20240315,4460000,C,321300,324900,1,1
1705506300000,20240315,4460000,P,28900,29000,1,1
1705506300000,20240315,5100000,C,3800,3900,1,1
1705506300000,20240315,5100000,P,381900,386400,1,1
1705506300000,20240315,2750000,C,1989400,1994900,1,1
1705506300000,20240315,2750000,P,700,800,1,1
1705506300000,20240315,4030000,C,727700,732200,1,1
1705506300000,20240315,4030000,P,7700,7800,1,1
1705506300000,20240315,4670000,C,150000,150500,1,1
1705506300000,20240315,4670000,P,67100,67300,1,1
1705506300000,20240315,3600000,C,1149600,1154500,1,1
1705506300000,20240315,3600000,P,3200,3300,1,1
1705506300000,20240315,4240000,C,525100,529300,1,1
1705506300000,20240315,4240000,P,13700,13800,1,1
1705506300000,20240315,4880000,C,36900,37100,1,1
1705506300000,20240315,4880000,P,170500,174300,1,1
1705506300000,20240315,4450000,C,330300,333900,1,1
1705506300000,20240315,4450000,P,27800,28000,1,1
1705506300000,20240315,6150000,P,1431600,1436300,1,1
1705506300000,20240315,2100000,C,2632800,2638900,1,1
1705506300000,20240315,2100000,P,200,300,1,1
1705506300000,20240315,4020000,C,737400,741900,1,1
1705506300000,20240315,4020000,P,7500,7600,1,1
1705506300000,20240315,4660000,C,157300,157900,1,1
1705506300000,20240315,4660000,P,64300,64500,1,1
1705506300000,20240315,5300000,C,700,800,1,1
1705506300000,20240315,5300000,P,581900,586400,1,1
1705506300000,20240315,2950000,C,1791600,1796900,1,1
1705506300000,20240315,2950000,P,1000,1100,1,1
1705506300000,20240315,4230000,C,534600,538900,1,1
1705506300000,20240315,4230000,P,13300,13400,1,1
1705506300000,20240315,4870000,C,40200,40500,1,1
1705506300000,20240315,4870000,P,163000,166700,1,1
1705506300000,20240315,3800000,C,952800,957500,1,1
1705506300000,20240315,3800000,P,4600,4700,1,1
1705506300000,20240315,4440000,C,339200,342900,1,1
1705506300000,20240315,4440000,P,26800,27000,1,1
1705506300000,20240315,5080000,C,4700,4800,1,1
1705506300000,20240315,5080000,P,361900,366500,1,1
1705506300000,20240315,4010000,C,747100,751700,1,1
1705506300000,20240315,4010000,P,7300,7400,1,1
1705506300000,20240315,4650000,C,164600,165400,1,1
1705506300000,20240315,4650000,P,61600,61800,1,1
1705506300000,20240315,6350000,P,1631400,1636600,1,1
1705506300000,20240315,2300000,C,2434800,2440700,1,1
1705506300000,20240315,2300000,P,300,400,1,1
1705506300000,20240315,4220000,C,544100,548400,1,1
1705506300000,20240315,4220000,P,12900,13000,1,1
1705506300000,20240315,4860000,C,43800,44100,1,1
1705506300000,20240315,4860000,P,155900,159400,1,1
1705506300000,20240315,5500000,C,300,400,1,1
1705506300000,20240315,5500000,P,781800,786500,1,1
1705506300000,20240315,3150000,C,1594100,1599000,1,1
1705506300000,20240315,3150000,P,1400,1500,1,1
1705506300000,20240315,4430000,C,348200,351900,1,1
1705506300000,20240315,4430000,P,25800,26000,1,1
1705506300000,20240315,4000000,C,756900,761500,1,1
1705506300000,20240315,4000000,P,7200,7300,1,1
1705506300000,20240315,4640000,C,172200,173200,1,1
1705506300000,20240315,4640000,P,59000,59300,1,1
1705506300000,20240315,4210000,C,553700,558000,1,1
1705506300000,20240315,4210000,P,12500,12600,1,1
1705506300000,20240315,4850000,C,47500,47800,1,1
1705506300000,20240315,4850000,P,149000,152500,1,1
1705506300000,20240315,6550000,P,1831300,1836600,1,1
1705506300000,20240315,2500000,C,2236800,2242500,1,1
1705506300000,20240315,2500000,P,400,500,1,1
1705506300000,20240315,4420000,C,357200,361000,1,1
1705506300000,20240315,4420000,P,24900,25100,1,1
1705506300000,20240315,5060000,C,5900,6000,1,1
1705506300000,20240315,5060000,P,341900,346500,1,1
1705506300000,20240315,5700000,C,100,200,1,1
1705506300000,20240315,5700000,P,981700,986500,1,1
1705506300000,20240315,3350000,C,1396500,1401200,1,1
1705506300000,20240315,3350000,P,2000,2100,1,1
1705506300000,20240315,4630000,C,178400,181500,1,1
1705506300000,20240315,4630000,P,56600,56800,1,1
1705506300000,20240315,4200000,C,563300,567600,1,1
1705506300000,20240315,4200000,P,12100,12200,1,1
1705506300000,20240315,4840000,C,51500,51800,1,1
1705506300000,20240315,4840000,P,142400,145800,1,1
1705506300000,20240315,4410000,C,366300,370100,1,1
1705506300000,20240315,4410000,P,24000,24200,1,1
1705506300000,20240315,5050000,C,6500,6600,1,1
1705506300000,20240315,5050000,P,331900,336500,1,1
1705506300000,20240315,2700000,C,2038900,2044400,1,1
1705506300000,20240315,2700000,P,600,700,1,1
1705506300000,20240315,4620000,C,186200,189300,1,1
1705506300000,20240315,4620000,P,54300,54500,1,1
1705506300000,20240315,5260000,C,900,1000,1,1
1705506300000,20240315,5260000,P,541900,546400,1,1
1705506300000,20240315,5900000,C,100,200,1,1
1705506300000,20240315,5900000,P,1181600,1186500,1,1
1705506300000,20240315,3550000,C,1198900,1203800,1,1
1705506300000,20240315,3550000,P,2900,3000,1,1
1705506300000,20240315,4190000,C,572900,577200,1,1
1705506300000,20240315,4190000,P,11800,11900,1,1
1705506300000,20240315,4830000,C,55700,56000,1,1
1705506300000,20240315,4830000,P,136100,139300,1,1
1705506300000,20240315,5250000,C,1000,1100,1,1
1705506300000,20240315,5250000,P,531900,536400,1,1
1705506300000,20240315,4400000,C,375500,379300,1,1
1705506300000,20240315,4400000,P,23200,23300,1,1
1705506300000,20240315,5040000,C,7300,7400,1,1
1705506300000,20240315,5040000,P,321900,326500,1,1
1705506300000,20240315,2050000,C,2682300,2688400,1,1
1705506300000,20240315,2050000,P,200,300,1,1
1705506300000,20240315,4610000,C,195500,196600,1,1
1705506300000,20240315,4610000,P,52100,52300,1,1
1705506300000,20240315,2900000,C,1841100,1846400,1,1
1705506300000,20240315,2900000,P,900,1000,1,1
1705506300000,20240315,4180000,C,582500,586800,1,1
1705506300000,20240315,4180000,P,11400,11500,1,1
1705506300000,20240315,4820000,C,60100,60400,1,1
1705506300000,20240315,4820000,P,130900,132200,1,1
1705506300000,20240315,6100000,P,1381600,1386300,1,1
1705506300000,20240315,3750000,C,1001900,1006700,1,1
1705506300000,20240315,3750000,P,4200,4300,1,1
1705506300000,20240315,4390000,C,384700,388400,1,1
1705506300000,20240315,4390000,P,22400,22500,1,1
1705506300000,20240315,5450000,C,300,400,1,1
1705506300000,20240315,5450000,P,731800,736500,1,1
1705506300000,20240315,4600000,C,202200,205200,1,1
1705506300000,20240315,4600000,P,50000,50200,1,1
1705506300000,20240315,5240000,C,1000,1100,1,1
1705506300000,20240315,5240000,P,521900,526400,1,1
1705506300000,20240315,2250000,C,2484300,2490200,1,1
1705506300000,20240315,2250000,P,300,400,1,1
1705506300000,20240315,4170000,C,592100,596500,1,1
1705506300000,20240315,4170000,P,11100,11200,1,1
1705506300000,20240315,4810000,C,64800,65100,1,1
1705506300000,20240315,4810000,P,124200,126100,1,1
1705506300000,20240315,3100000,C,1643300,1648500,1,1
1705506300000,20240315,3100000,P,1300,1400,1,1
1705506300000,20240315,4380000,C,393900,397700,1,1
1705506300000,20240315,4380000,P,21600,21700,1,1
1705506300000,20240315,5020000,C,9100,9200,1,1
1705506300000,20240315,5020000,P,301900,306500,1,1
1705506300000,20240315,6300000,P,1581400,1586300,1,1
1705506300000,20240315,3950000,C,805700,810300,1,1
1705506300000,20240315,3950000,P,6400,6500,1,1
1705506300000,20240315,4590000,C,210300,213300,1,1
1705506300000,20240315,4590000,P,48000,48200,1,1
1705506300000,20240315,5650000,C,100,300,1,1
1705506300000,20240315,5650000,P,931700,936500,1,1
1705506300000,20240315,4160000,C,601700,606100,1,1
1705506300000,20240315,4160000,P,10800,10900,1,1
1705506300000,20240315,4800000,C,69600,69900,1,1
1705506300000,20240315,4800000,P,120000,120300,1,1
1705506300000,20240315,2450000,C,2286300,2292100,1,1
1705506300000,20240315,2450000,P,400,500,1,1
1705506300000,20240315,4370000,C,402900,406900,1,1
1705506300000,20240315,4370000,P,20900,21000,1,1
1705506300000,20240315,5010000,C,10200,10300,1,1
1705506300000,20240315,5010000,P,291900,296500,1,1
1705506300000,20240315,3300000,C,1445900,1450700,1,1
1705506300000,20240315,3300000,P,1900,2000,1,1
1705506300000,20240315,4580000,C,218300,221500,1,1
1705506300000,20240315,4580000,P,46100,46300,1,1
1705506300000,20240315,5220000,C,1200,1300,1,1
1705506300000,20240315,5220000,P,501900,506400,1,1
1705506300000,20240315,6500000,P,1781300,1786600,1,1
1705506300000,20240315,4150000,C,611300,615700,1,1
1705506300000,20240315,4150000,P,10500,10600,1,1
1705506300000,20240315,4790000,C,74600,75000,1,1
1705506300000,20240315,4790000,P,114600,114900,1,1
1705506300000,20240315,5850000,C,100,200,1,1
1705506300000,20240315,5850000,P,1131700,1136500,1,1
1705506300000,20240315,4360000,C,412300,416200,1,1
1705506300000,20240315,4360000,P,20100,20300,1,1
1705506300000,20240315,5000000,C,11400,11500,1,1
1705506300000,20240315,5000000,P,281900,286500,1,1
1705506300000,20240315,2650000,C,2088400,2094000,1,1
1705506300000,20240315,2650000,P,600,700,1,1
1705506300000,20240315,4570000,C,226600,229700,1,1
1705506300000,20240315,4570000,P,44300,44500,1,1
1705506300000,20240315,3500000,C,1248500,1253100,1,1
1705506300000,20240315,3500000,P,2700,2800,1,1
1705506300000,20240315,4140000,C,621000,625400,1,1
1705506300000,20240315,4140000,P,10200,10300,1,1
1705506300000,20240315,4780000,C,79900,80200,1,1
1705506300000,20240315,4780000,P,109500,109800,1,1
1705506300000,20240315,4350000,C,421400,425500,1,1
1705506300000,20240315,4350000,P,19500,19600,1,1
1705506300000,20240315,4990000,C,12600,12800,1,1
1705506300000,20240315,4990000,P,271900,276500,1,1
1705506300000,20240315,6050000,P,1331600,1336500,1,1
1705506300000,20240315,2000000,C,2731800,2738000,1,1
1705506300000,20240315,2000000,P,200,300,1,1
1705506300000,20240315,4560000,C,234800,238100,1,1
1705506300000,20240315,4560000,P,42600,42800,1,1
1705506300000,20240315,5200000,C,1400,1500,1,1
1705506300000,20240315,5200000,P,481900,486400,1,1
1705506300000,20240315,2850000,C,1890500,1895900,1,1
1705506300000,20240315,2850000,P,800,900,1,1
1705506300000,20240315,4130000,C,630600,635100,1,1
1705506300000,20240315,4130000,P,9900,10000,1,1
1705506300000,20240315,4770000,C,85400,85700,1,1
1705506300000,20240315,4770000,P,104600,104900,1,1
1705506300000,20240315,3700000,C,1051100,1055900,1,1
1705506300000,20240315,3700000,P,3800,3900,1,1
1705506300000,20240315,4340000,C,430700,434800,1,1
1705506300000,20240315,4340000,P,18800,18900,1,1
1705506300000,20240315,4980000,C,14000,14200,1,1
1705506300000,20240315,4980000,P,261900,266500,1,1
1705506300000,20240315,4550000,C,243200,246500,1,1
1705506300000,20240315,4550000,P,40900,41100,1,1
1705506300000,20240315,6250000,P,1531500,1536300,1,1
1705506300000,20240315,2200000,C,2533800,2539800,1,1
1705506300000,20240315,2200000,P,300,400,1,1
1705506300000,20240315,4120000,C,640300,644700,1,1
1705506300000,20240315,4120000,P,9700,9800,1,1
1705506300000,20240315,4760000,C,91000,91400,1,1
1705506300000,20240315,4760000,P,99900,100200,1,1
1705506300000,20240315,5400000,C,500,600,1,1
1705506300000,20240315,5400000,P,681800,686400,1,1
1705506300000,20240315,3050000,C,1692700,1698000,1,1
1705506300000,20240315,3050000,P,1200,1300,1,1
1705506300000,20240315,4330000,C,440100,444200,1,1
1705506300000,20240315,4330000,P,18200,18300,1,1
1705506300000,20240315,4970000,C,15600,15800,1,1
1705506300000,20240315,4970000,P,251900,256500,1,1
1705506300000,20240315,3900000,C,854700,859300,1,1
1705506300000,20240315,3900000,P,5700,5800,1,1
1705506300000,20240315,4540000,C,251600,255000,1,1
1705506300000,20240315,4540000,P,39300,39500,1,1
1705506300000,20240315,5180000,C,1700,1800,1,1
1705506300000,20240315,5180000,P,461900,466400,1,1
1705506300000,20240315,4110000,C,650000,654400,1,1
1705506300000,20240315,4110000,P,9400,9500,1,1
1705506300000,20240315,4750000,C,96900,97200,1,1
1705506300000,20240315,4750000,P,95500,95800,1,1
1705506300000,20240315,6450000,P,1731400,1736600,1,1
1705506300000,20240315,2400000,C,2335800,2341600,1,1
1705506300000,20240315,2400000,P,400,500,1,1
1705506300000,20240315,4320000,C,449400,453600,1,1
1705506300000,20240315,4320000,P,17600,17700,1,1
1705506300000,20240315,4960000,C,17300,17500,1,1
1705506300000,20240315,4960000,P,241900,246500,1,1
1705506300000,20240315,5600000,C,200,300,1,1
1705506300000,20240315,5600000,P,881800,886500,1,1
1705506300000,20240315,3250000,C,1495300,1500200,1,1
1705506300000,20240315,3250000,P,1700,1800,1,1
1705506300000,20240315,4530000,C,260100,263500,1,1
1705506300000,20240315,4530000,P,37800,38000,1,1
1705506300000,20240315,4100000,C,659700,664100,1,1
1705506300000,20240315,4100000,P,9200,9300,1,1
1705506300000,20240315,4740000,C,103000,103300,1,1
1705506300000,20240315,4740000,P,91300,91600,1,1
1705506300000,20240315,4310000,C,458800,463000,1,1
1705506300000,20240315,4310000,P,17000,17100,1,1
1705506300000,20240315,4950000,C,19100,19300,1,1
1705506300000,20240315,4950000,P,232000,236400,1,1
1705506300000,20240315,2600000,C,2137900,2143500,1,1
1705506300000,20240315,2600000,P,500,600,1,1
1705506300000,20240315,4520000,C,268700,272100,1,1
1705506300000,20240315,4520000,P,36300,36500,1,1
1705506300000,20240315,5160000,C,2000,2100,1,1
1705506300000,20240315,5160000,P,441900,446400,1,1
1705506300000,20240315,5800000,C,100,200,1,1
1705506300000,20240315,5800000,P,1081700,1086500,1,1
1705506300000,20240315,3450000,C,1297800,1302500,1,1
1705506300000,20240315,3450000,P,2400,2500,1,1
1705506300000,20240315,4090000,C,669400,673800,1,1
1705506300000,20240315,4090000,P,8900,9000,1,1
1705506300000,20240315,4730000,C,109200,109600,1,1
1705506300000,20240315,4730000,P,87300,87500,1,1
1705506300000,20240315,4300000,C,468200,472400,1,1
1705506300000,20240315,4300000,P,16500,16600,1,1
1705506300000,20240315,4940000,C,21100,21300,1,1
1705506300000,20240315,4940000,P,222000,226400,1,1
1705506300000,20240315,1950000,C,2781300,2787500,1,1
1705506300000,20240315,1950000,P,100,200,1,1
1705506300000,20240315,4510000,C,277400,280600,1,1
1705506300000,20240315,4510000,P,35000,35100,1,1
1705506300000,20240315,5150000,C,2200,2300,1,1
1705506300000,20240315,5150000,P,431900,436400,1,1
1705506300000,20240315,2800000,C,1940000,1945400,1,1
1705506300000,20240315,2800000,P,800,900,1,1
1705506300000,20240315,4080000,C,679100,683500,1,1
1705506300000,20240315,4080000,P,8700,8800,1,1
1705506300000,20240315,4720000,C,115600,116000,1,1
1705506300000,20240315,4720000,P,83500,83700,1,1
1705506300000,20240315,6000000,P,1281600,1286500,1,1
1705506300000,20240315,3650000,C,1100600,1105200,1,1
1705506300000,20240315,3650000,P,3500,3600,1,1
1705506300000,20240315,4290000,C,477600,481800,1,1
1705506300000,20240315,4290000,P,15900,16100,1,1
1705506300000,20240315,4930000,C,23300,23400,1,1
1705506300000,20240315,4930000,P,211900,216500,1,1
1705506300000,20240315,5350000,C,500,600,1,1
1705506300000,20240315,5350000,P,631800,636400,1,1
1705506300000,20240315,4500000,C,286100,289500,1,1
1705506300000,20240315,4500000,P,33600,33800,1,1
1705506300000,20240315,5140000,C,2500,2600,1,1
1705506300000,20240315,5140000,P,421900,426400,1,1
1705506300000,20240315,2150000,C,2583300,2589300,1,1
1705506300000,20240315,2150000,P,200,300,1,1
1705506300000,20240315,4070000,C,688800,693200,1,1
1705506300000,20240315,4070000,P,8500,8600,1,1
1705506300000,20240315,4710000,C,122200,122500,1,1
1705506300000,20240315,4710000,P,79900,80100,1,1
1705506300000,20240315,3000000,C,1742300,1747400,1,1
1705506300000,20240315,3000000,P,1100,1200,1,1
1705506300000,20240315,4280000,C,487100,491300,1,1
1705506300000,20240315,4280000,P,15500,15600,1,1
1705506300000,20240315,4920000,C,25600,25800,1,1
1705506300000,20240315,4920000,P,203100,207400,1,1
1705506300000,20240315,6200000,P,1481500,1486300,1,1
1705506300000,20240315,3850000,C,903700,908400,1,1
1705506300000,20240315,3850000,P,5100,5200,1,1
1705506300000,20240315,4490000,C,294800,297700,1,1
1705506300000,20240315,4490000,P,32300,32500,1,1
1705506300000,20240315,5550000,C,200,300,1,1
1705506300000,20240315,5550000,P,831800,836500,1,1
1705506300000,20240315,4060000,C,698500,703000,1,1
1705506300000,20240315,4060000,P,8300,8400,1,1
1705506300000,20240315,4700000,C,129000,129300,1,1
1705506300000,20240315,4700000,P,76400,76700,1,1
1705506300000,20240315,2350000,C,2385300,2391100,1,1
1705506300000,20240315,2350000,P,300,400,1,1
1705506300000,20240315,4270000,C,496600,500800,1,1
1705506300000,20240315,4270000,P,15000,15100,1,1
1705506300000,20240315,4910000,C,28200,28300,1,1
1705506300000,20240315,4910000,P,194500,198700,1,1
1705506300000,20240328,5650000,C,200,500,1,1
1705506300000,20240328,5650000,P,931300,936900,1,1
1705506300000,20240328,3200000,C,1544300,1550500,1,1
1705506300000,20240328,3200000,P,2200,2400,1,1
1705506300000,20240328,4160000,C,604600,609800,1,1
1705506300000,20240328,4160000,P,14500,14800,1,1
1705506300000,20240328,4480000,C,311000,315200,1,1
1705506300000,20240328,4480000,P,38800,39300,1,1
1705506300000,20240328,4800000,C,80400,81200,1,1
1705506300000,20240328,4800000,P,127800,129100,1,1
1705506300000,20240328,5120000,C,4900,5000,1,1
1705506300000,20240328,5120000,P,401500,406900,1,1
1705506300000,20240328,4050000,C,710400,715600,1,1
1705506300000,20240328,4050000,P,11000,11200,1,1
1705506300000,20240328,4370000,C,408500,413100,1,1
1705506300000,20240328,4370000,P,27000,27400,1,1
1705506300000,20240328,5010000,C,14700,15000,1,1
1705506300000,20240328,5010000,P,291500,296800,1,1
1705506300000,20240328,4690000,C,146500,147600,1,1
1705506300000,20240328,4690000,P,83100,83700,1,1
1705506300000,20240328,5750000,C,200,300,1,1
1705506300000,20240328,5750000,P,1031200,1036800,1,1
1705506300000,20240328,3300000,C,1445600,1451700,1,1
1705506300000,20240328,3300000,P,2700,2800,1,1
1705506300000,20240328,3940000,C,817000,822400,1,1
1705506300000,20240328,3940000,P,8400,8700,1,1
1705506300000,20240328,4260000,C,510100,515000,1,1
1705506300000,20240328,4260000,P,19200,19600,1,1
1705506300000,20240328,4580000,C,227400,231400,1,1
1705506300000,20240328,4580000,P,55200,55800,1,1
1705506300000,20240328,4900000,C,39300,39700,1,1
1705506300000,20240328,4900000,P,190200,194800,1,1
1705506300000,20240328,5220000,C,1800,2100,1,1
1705506300000,20240328,5220000,P,501500,506900,1,1
1705506300000,20240328,4150000,C,614100,619300,1,1
1705506300000,20240328,4150000,P,14200,14400,1,1
1705506300000,20240328,4470000,C,319700,323900,1,1
1705506300000,20240328,4470000,P,37500,38000,1,1
1705506300000,20240328,4790000,C,85800,86400,1,1
1705506300000,20240328,4790000,P,123400,124200,1,1
1705506300000,20240328,5110000,C,5300,5600,1,1
1705506300000,20240328,5110000,P,391500,396800,1,1
1705506300000,20240328,3400000,C,1347000,1353000,1,1
1705506300000,20240328,3400000,P,3100,3300,1,1
1705506300000,20240328,4360000,C,417600,422300,1,1
1705506300000,20240328,4360000,P,26100,26500,1,1
1705506300000,20240328,4040000,C,719900,725200,1,1
1705506300000,20240328,4040000,P,10700,10900,1,1
1705506300000,20240328,5000000,C,16200,16500,1,1
1705506300000,20240328,5000000,P,281600,286800,1,1
1705506300000,20240328,4680000,C,153400,154600,1,1
1705506300000,20240328,4680000,P,79900,80600,1,1
1705506300000,20240328,3930000,C,826600,832100,1,1
1705506300000,20240328,3930000,P,8300,8500,1,1
1705506300000,20240328,4250000,C,519300,524400,1,1
1705506300000,20240328,4250000,P,18700,19000,1,1
1705506300000,20240328,4570000,C,235400,239500,1,1
1705506300000,20240328,4570000,P,53200,53800,1,1
1705506300000,20240328,4890000,C,42500,43100,1,1
1705506300000,20240328,4890000,P,182700,187300,1,1
1705506300000,20240328,5210000,C,2000,2300,1,1
1705506300000,20240328,5210000,P,491500,496900,1,1
1705506300000,20240328,3500000,C,1248400,1254300,1,1
1705506300000,20240328,3500000,P,3700,3900,1,1
1705506300000,20240328,4140000,C,624000,628900,1,1
1705506300000,20240328,4140000,P,13800,14000,1,1
1705506300000,20240328,4460000,C,328400,332600,1,1
1705506300000,20240328,4460000,P,36300,36700,1,1
1705506300000,20240328,5100000,C,6000,6100,1,1
1705506300000,20240328,5100000,P,381500,386800,1,1
1705506300000,20240328,4780000,C,91100,91700,1,1
1705506300000,20240328,4780000,P,118500,119200,1,1
1705506300000,20240328,2750000,C,1989000,1995700,1,1
1705506300000,20240328,2750000,P,1100,1200,1,1
1705506300000,20240328,4350000,C,426600,431400,1,1
1705506300000,20240328,4350000,P,25300,25700,1,1
1705506300000,20240328,4030000,C,729900,734900,1,1
1705506300000,20240328,4030000,P,10400,10700,1,1
1705506300000,20240328,4990000,C,17800,18200,1,1
1705506300000,20240328,4990000,P,271600,276800,1,1
1705506300000,20240328,4670000,C,160500,161700,1,1
1705506300000,20240328,4670000,P,77000,77600,1,1
1705506300000,20240328,3920000,C,836400,841900,1,1
1705506300000,20240328,3920000,P,8100,8300,1,1
1705506300000,20240328,3600000,C,1150000,1155800,1,1
1705506300000,20240328,3600000,P,4400,4600,1,1
1705506300000,20240328,4240000,C,528700,533800,1,1
1705506300000,20240328,4240000,P,18100,18500,1,1
1705506300000,20240328,4560000,C,243600,247600,1,1
1705506300000,20240328,4560000,P,51300,51900,1,1
1705506300000,20240328,5200000,C,2200,2400,1,1
1705506300000,20240328,5200000,P,481500,486600,1,1
1705506300000,20240328,4880000,C,46000,46500,1,1
1705506300000,20240328,4880000,P,175500,180000,1,1
1705506300000,20240328,2850000,C,1890100,1896700,1,1
1705506300000,20240328,2850000,P,1300,1500,1,1
1705506300000,20240328,4450000,C,337000,341400,1,1
1705506300000,20240328,4450000,P,35100,35500,1,1
1705506300000,20240328,4130000,C,633400,638500,1,1
1705506300000,20240328,4130000,P,13400,13600,1,1
1705506300000,20240328,4770000,C,96800,97300,1,1
1705506300000,20240328,4770000,P,113900,114500,1,1
1705506300000,20240328,5090000,C,6500,6900,1,1
1705506300000,20240328,5090000,P,371500,376800,1,1
1705506300000,20240328,3700000,C,1051700,1057400,1,1
1705506300000,20240328,3700000,P,5300,5400,1,1
1705506300000,20240328,4340000,C,435800,440600,1,1
1705506300000,20240328,4340000,P,24500,24900,1,1
1705506300000,20240328,4020000,C,739600,744600,1,1
1705506300000,20240328,4020000,P,10200,10400,1,1
1705506300000,20240328,4980000,C,19500,19900,1,1
1705506300000,20240328,4980000,P,261600,266800,1,1
1705506300000,20240328,4660000,C,167700,168900,1,1
1705506300000,20240328,4660000,P,74100,74700,1,1
1705506300000,20240328,5300000,C,1100,1300,1,1
1705506300000,20240328,5300000,P,581400,586900,1,1
1705506300000,20240328,2950000,C,1791300,1797700,1,1
1705506300000,20240328,2950000,P,1500,1700,1,1
1705506300000,20240328,3910000,C,846100,851600,1,1
1705506300000,20240328,3910000,P,7900,8200,1,1
1705506300000,20240328,4550000,C,251800,255900,1,1
1705506300000,20240328,4550000,P,49600,50100,1,1
1705506300000,20240328,4230000,C,538200,543200,1,1
1705506300000,20240328,4230000,P,17700,17900,1,1
1705506300000,20240328,4870000,C,49700,50100,1,1
1705506300000,20240328,4870000,P,168500,172900,1,1
1705506300000,20240328,5190000,C,2500,2600,1,1
1705506300000,20240328,5190000,P,471500,476600,1,1
1705506300000,20240328,5290000,C,1100,1300,1,1
1705506300000,20240328,5290000,P,571500,576900,1,1
1705506300000,20240328,3800000,C,953600,959200,1,1
1705506300000,20240328,3800000,P,6400,6500,1,1
1705506300000,20240328,4120000,C,643200,648100,1,1
1705506300000,20240328,4120000,P,13100,13300,1,1
1705506300000,20240328,4440000,C,345700,350200,1,1
1705506300000,20240328,4440000,P,33900,34400,1,1
1705506300000,20240328,4760000,C,102500,103000,1,1
1705506300000,20240328,4760000,P,109400,110000,1,1
1705506300000,20240328,5080000,C,7300,7500,1,1
1705506300000,20240328,5080000,P,361500,366800,1,1
1705506300000,20240328,5400000,C,600,800,1,1
1705506300000,20240328,5400000,P,681400,686700,1,1
1705506300000,20240328,3050000,C,1692400,1698800,1,1
1705506300000,20240328,3050000,P,1700,2000,1,1
1705506300000,20240328,4330000,C,444900,449800,1,1
1705506300000,20240328,4330000,P,23800,24100,1,1
1705506300000,20240328,4010000,C,749100,754300,1,1
1705506300000,20240328,4010000,P,10000,10200,1,1
1705506300000,20240328,4650000,C,175000,176200,1,1
1705506300000,20240328,4650000,P,71400,72000,1,1
1705506300000,20240328,4970000,C,21400,21900,1,1
1705506300000,20240328,4970000,P,251600,256800,1,1
1705506300000,20240328,3900000,C,855900,861400,1,1
1705506300000,20240328,3900000,P,7800,8000,1,1
1705506300000,20240328,4220000,C,547700,552700,1,1
1705506300000,20240328,4220000,P,17200,17400,1,1
1705506300000,20240328,4540000,C,260100,264200,1,1
1705506300000,20240328,4540000,P,47800,48400,1,1
1705506300000,20240328,4860000,C,53500,54000,1,1
1705506300000,20240328,4860000,P,161800,166200,1,1
1705506300000,20240328,5180000,C,2600,2900,1,1
1705506300000,20240328,5180000,P,461500,466600,1,1
1705506300000,20240328,5500000,C,400,500,1,1
1705506300000,20240328,5500000,P,781400,786900,1,1
1705506300000,20240328,3150000,C,1593700,1599900,1,1
1705506300000,20240328,3150000,P,2000,2300,1,1
1705506300000,20240328,4110000,C,652400,657700,1,1
1705506300000,20240328,4110000,P,12700,13000,1,1
1705506300000,20240328,4430000,C,354800,359100,1,1
1705506300000,20240328,4430000,P,32800,33200,1,1
1705506300000,20240328,4750000,C,108400,108900,1,1
1705506300000,20240328,4750000,P,105100,105700,1,1
1705506300000,20240328,5070000,C,8100,8300,1,1
1705506300000,20240328,5070000,P,351500,356800,1,1
1705506300000,20240328,4000000,C,758900,764000,1,1
1705506300000,20240328,4000000,P,9800,9900,1,1
1705506300000,20240328,4320000,C,454300,459000,1,1
1705506300000,20240328,4320000,P,23000,23400,1,1
1705506300000,20240328,4960000,C,23500,24000,1,1
1705506300000,20240328,4960000,P,241600,246600,1,1
1705506300000,20240328,4640000,C,182400,183700,1,1
1705506300000,20240328,4640000,P,68700,69300,1,1
1705506300000,20240328,5600000,C,200,500,1,1
1705506300000,20240328,5600000,P,881300,886700,1,1
1705506300000,20240328,5280000,C,1200,1400,1,1
1705506300000,20240328,5280000,P,561500,566900,1,1
1705506300000,20240328,3250000,C,1494900,1501100,1,1
1705506300000,20240328,3250000,P,2400,2600,1,1
1705506300000,20240328,4210000,C,557400,562200,1,1
1705506300000,20240328,4210000,P,16700,16900,1,1
1705506300000,20240328,4530000,C,268400,272500,1,1
1705506300000,20240328,4530000,P,46200,46700,1,1
1705506300000,20240328,4850000,C,57600,58100,1,1
1705506300000,20240328,4850000,P,155400,159600,1,1
1705506300000,20240328,5170000,C,2900,3200,1,1
1705506300000,20240328,5170000,P,451500,456900,1,1
1705506300000,20240328,5270000,C,1200,1500,1,1
1705506300000,20240328,5270000,P,551500,556900,1,1
1705506300000,20240328,4100000,C,662000,667300,1,1
1705506300000,20240328,4100000,P,12400,12600,1,1
1705506300000,20240328,4420000,C,363700,368000,1,1
1705506300000,20240328,4420000,P,31700,32200,1,1
1705506300000,20240328,4740000,C,114500,115000,1,1
1705506300000,20240328,4740000,P,101000,101700,1,1
1705506300000,20240328,5060000,C,9000,9200,1,1
1705506300000,20240328,5060000,P,341500,346800,1,1
1705506300000,20240328,5700000,C,200,400,1,1
1705506300000,20240328,5700000,P,981300,986800,1,1
1705506300000,20240328,3350000,C,1396300,1402300,1,1
1705506300000,20240328,3350000,P,2900,3000,1,1
1705506300000,20240328,4310000,C,463400,468300,1,1
1705506300000,20240328,4310000,P,22300,22700,1,1
1705506300000,20240328,4950000,C,25700,26100,1,1
1705506300000,20240328,4950000,P,231800,237000,1,1
1705506300000,20240328,4630000,C,188500,192300,1,1
1705506300000,20240328,4630000,P,66200,66900,1,1
1705506300000,20240328,4200000,C,566700,571700,1,1
1705506300000,20240328,4200000,P,16200,16500,1,1
1705506300000,20240328,4520000,C,276700,280900,1,1
1705506300000,20240328,4520000,P,44600,45200,1,1
1705506300000,20240328,4840000,C,61800,62300,1,1
1705506300000,20240328,4840000,P,149300,153400,1,1
1705506300000,20240328,5160000,C,3200,3500,1,1
1705506300000,20240328,5160000,P,441500,446900,1,1
1705506300000,20240328,3450000,C,1297700,1303600,1,1
1705506300000,20240328,3450000,P,3400,3600,1,1
1705506300000,20240328,4090000,C,671700,676900,1,1
1705506300000,20240328,4090000,P,12000,12300,1,1
1705506300000,20240328,4410000,C,372300,377000,1,1
1705506300000,20240328,4410000,P,30700,31200,1,1
1705506300000,20240328,5050000,C,9900,10100,1,1
1705506300000,20240328,5050000,P,331500,336800,1,1
1705506300000,20240328,4730000,C,120700,121200,1,1
1705506300000,20240328,4730000,P,97100,97700,1,1
1705506300000,20240328,4300000,C,472700,477600,1,1
1705506300000,20240328,4300000,P,21700,22000,1,1
1705506300000,20240328,3980000,C,778200,783400,1,1
1705506300000,20240328,3980000,P,9300,9500,1,1
1705506300000,20240328,4940000,C,28100,28600,1,1
1705506300000,20240328,4940000,P,222800,227500,1,1
1705506300000,20240328,4620000,C,196100,200000,1,1
1705506300000,20240328,4620000,P,63800,64500,1,1
1705506300000,20240328,5260000,C,1300,1600,1,1
1705506300000,20240328,5260000,P,541500,546900,1,1
1705506300000,20240328,3550000,C,1199200,1205000,1,1
1705506300000,20240328,3550000,P,4100,4200,1,1
1705506300000,20240328,4190000,C,576200,581200,1,1
1705506300000,20240328,4190000,P,15800,16000,1,1
1705506300000,20240328,4510000,C,285200,289400,1,1
1705506300000,20240328,4510000,P,43000,43500,1,1
1705506300000,20240328,5150000,C,3600,3800,1,1
1705506300000,20240328,5150000,P,431500,436900,1,1
1705506300000,20240328,4830000,C,66200,66700,1,1
1705506300000,20240328,4830000,P,144500,145700,1,1
1705506300000,20240328,5250000,C,1500,1700,1,1
1705506300000,20240328,5250000,P,531500,536900,1,1
1705506300000,20240328,2800000,C,1939500,1946200,1,1
1705506300000,20240328,2800000,P,1200,1400,1,1
1705506300000,20240328,4400000,C,381300,386000,1,1
1705506300000,20240328,4400000,P,29700,30100,1,1
1705506300000,20240328,4080000,C,681400,686600,1,1
1705506300000,20240328,4080000,P,11700,12000,1,1
1705506300000,20240328,5040000,C,11000,11200,1,1
1705506300000,20240328,5040000,P,321500,326800,1,1
1705506300000,20240328,4720000,C,127000,127600,1,1
1705506300000,20240328,4720000,P,93400,94000,1,1
1705506300000,20240328,3650000,C,1100800,1106600,1,1
1705506300000,20240328,3650000,P,4800,5000,1,1
1705506300000,20240328,3970000,C,787900,793200,1,1
1705506300000,20240328,3970000,P,9000,9300,1,1
1705506300000,20240328,4290000,C,482000,486900,1,1
1705506300000,20240328,4290000,P,21000,21400,1,1
1705506300000,20240328,4930000,C,30600,31100,1,1
1705506300000,20240328,4930000,P,214300,219200,1,1
1705506300000,20240328,4610000,C,203800,207700,1,1
1705506300000,20240328,4610000,P,61500,62100,1,1
1705506300000,20240328,5350000,C,800,1000,1,1
1705506300000,20240328,5350000,P,631400,636700,1,1
1705506300000,20240328,2900000,C,1840700,1847200,1,1
1705506300000,20240328,2900000,P,1400,1500,1,1
1705506300000,20240328,4500000,C,293800,297900,1,1
1705506300000,20240328,4500000,P,41600,42100,1,1
1705506300000,20240328,4180000,C,585800,590700,1,1
1705506300000,20240328,4180000,P,15400,15600,1,1
1705506300000,20240328,4820000,C,70800,71400,1,1
1705506300000,20240328,4820000,P,137600,141600,1,1
1705506300000,20240328,5140000,C,3900,4200,1,1
1705506300000,20240328,5140000,P,421500,426900,1,1
1705506300000,20240328,3750000,C,1002600,1008300,1,1
1705506300000,20240328,3750000,P,5800,5900,1,1
1705506300000,20240328,4390000,C,390300,395000,1,1
1705506300000,20240328,4390000,P,28700,29200,1,1
1705506300000,20240328,4070000,C,690900,696200,1,1
1705506300000,20240328,4070000,P,11400,11700,1,1
1705506300000,20240328,5030000,C,12100,12300,1,1
1705506300000,20240328,5030000,P,311500,316800,1,1
1705506300000,20240328,4710000,C,133600,134100,1,1
1705506300000,20240328,4710000,P,89800,90400,1,1
1705506300000,20240328,5450000,C,600,700,1,1
1705506300000,20240328,5450000,P,731400,736700,1,1
1705506300000,20240328,3000000,C,1741800,1748300,1,1
1705506300000,20240328,3000000,P,1600,1800,1,1
1705506300000,20240328,3640000,C,1110600,1116400,1,1
1705506300000,20240328,3640000,P,4700,4900,1,1
1705506300000,20240328,3960000,C,797400,802900,1,1
1705506300000,20240328,3960000,P,8800,9100,1,1
1705506300000,20240328,4280000,C,491400,496300,1,1
1705506300000,20240328,4280000,P,20400,20800,1,1
1705506300000,20240328,4600000,C,213600,214700,1,1
1705506300000,20240328,4600000,P,59300,59900,1,1
1705506300000,20240328,4920000,C,33300,33800,1,1
1705506300000,20240328,4920000,P,205900,210400,1,1
1705506300000,20240328,5240000,C,1600,1800,1,1
1705506300000,20240328,5240000,P,521500,526900,1,1
1705506300000,20240328,3850000,C,904700,910200,1,1
1705506300000,20240328,3850000,P,7000,7200,1,1
1705506300000,20240328,4170000,C,595200,600200,1,1
1705506300000,20240328,4170000,P,14900,15200,1,1
1705506300000,20240328,4490000,C,302300,306500,1,1
1705506300000,20240328,4490000,P,40200,40700,1,1
1705506300000,20240328,4810000,C,75700,76200,1,1
1705506300000,20240328,4810000,P,132200,136000,1,1
1705506300000,20240328,5130000,C,4300,4600,1,1
1705506300000,20240328,5130000,P,411500,416900,1,1
1705506300000,20240328,5550000,C,300,600,1,1
1705506300000,20240328,5550000,P,831300,836700,1,1
1705506300000,20240328,3100000,C,1643100,1649400,1,1
1705506300000,20240328,3100000,P,1900,2100,1,1
1705506300000,20240328,4380000,C,399400,404000,1,1
1705506300000,20240328,4380000,P,27800,28200,1,1
1705506300000,20240328,4060000,C,700700,705900,1,1
1705506300000,20240328,4060000,P,11200,11500,1,1
1705506300000,20240328,4700000,C,140300,140800,1,1
1705506300000,20240328,4700000,P,86400,87000,1,1
1705506300000,20240328,5020000,C,13400,13600,1,1
1705506300000,20240328,5020000,P,301500,306800,1,1
1705506300000,20240328,3950000,C,807300,812600,1,1
1705506300000,20240328,3950000,P,8700,8900,1,1
1705506300000,20240328,4270000,C,500600,505600,1,1
1705506300000,20240328,4270000,P,19800,20200,1,1
1705506300000,20240328,4910000,C,36200,36700,1,1
1705506300000,20240328,4910000,P,197900,202700,1,1
1705506300000,20240328,5230000,C,1700,2000,1,1
1705506300000,20240328,5230000,P,511500,516900,1,1
1705506300000,20240328,4590000,C,219500,223400,1,1
1705506300000,20240328,4590000,P,57200,57800,1,1
