1705419900000,20240116,4160000,C,575200,585400,1,1
1705419900000,20240116,4480000,C,257000,264800,1,1
1705419900000,20240116,4800000,P,54600,59900,1,1
1705419900000,20240116,4050000,C,685300,695100,1,1
1705419900000,20240116,4370000,C,367600,373900,1,1
1705419900000,20240116,4690000,C,51000,51500,1,1
1705419900000,20240116,4580000,C,158600,163800,1,1
1705419900000,20240116,4260000,C,475500,485800,1,1
1705419900000,20240116,4900000,P,156000,161200,1,1
1705419900000,20240116,4150000,C,585200,595300,1,1
1705419900000,20240116,4470000,C,267000,274800,1,1
1705419900000,20240116,4790000,P,46500,49000,1,1
1705419900000,20240116,4040000,C,695900,705100,1,1
1705419900000,20240116,4360000,C,377900,384300,1,1
1705419900000,20240116,4680000,C,60700,64200,1,1
1705419900000,20240116,5000000,P,256900,264300,1,1
1705419900000,20240116,4570000,C,169000,173800,1,1
1705419900000,20240116,4250000,C,485400,495100,1,1
1705419900000,20240116,4890000,P,146000,151200,1,1
1705419900000,20240116,4140000,C,595100,605400,1,1
1705419900000,20240116,4460000,C,277200,284600,1,1
1705419900000,20240116,4780000,P,36500,38900,1,1
1705419900000,20240116,5100000,P,354300,364300,1,1
1705419900000,20240116,4030000,C,705700,715200,1,1
1705419900000,20240116,4350000,C,388100,392200,1,1
1705419900000,20240116,4670000,C,70800,74300,1,1
1705419900000,20240116,4990000,P,245200,252200,1,1
1705419900000,20240116,4560000,C,178900,183800,1,1
1705419900000,20240116,4240000,C,495500,504800,1,1
1705419900000,20240116,4880000,P,136000,141200,1,1
1705419900000,20240116,5200000,P,455300,464200,1,1
1705419900000,20240116,4130000,C,605700,615400,1,1
1705419900000,20240116,4450000,C,287700,293600,1,1
1705419900000,20240116,4770000,P,28600,29400,1,1
1705419900000,20240116,4020000,C,720000,722100,1,1
1705419900000,20240116,4340000,C,395600,405400,1,1
1705419900000,20240116,4660000,C,81000,82600,1,1
1705419900000,20240116,4980000,P,235000,245200,1,1
1705419900000,20240116,5300000,P,554900,564900,1,1
1705419900000,20240116,4550000,C,188800,193800,1,1
1705419900000,20240116,4230000,C,505500,514500,1,1
1705419900000,20240116,4870000,P,126000,131300,1,1
1705419900000,20240116,4120000,C,615100,625400,1,1
1705419900000,20240116,4440000,C,296600,304600,1,1
1705419900000,20240116,4760000,P,18500,19100,1,1
1705419900000,20240116,5080000,P,336800,344700,1,1
1705419900000,20240116,5400000,P,657700,659800,1,1
1705419900000,20240116,4330000,C,405700,415000,1,1
1705419900000,20240116,4650000,C,88800,92500,1,1
1705419900000,20240116,4970000,P,226300,231200,1,1
1705419900000,20240116,3900000,C,840000,842100,1,1
1705419900000,20240116,4540000,C,197700,203700,1,1
1705419900000,20240116,4220000,C,515300,524900,1,1
1705419900000,20240116,4860000,P,117300,121500,1,1
1705419900000,20240116,4110000,C,625100,635000,1,1
1705419900000,20240116,4430000,C,307300,313400,1,1
1705419900000,20240116,4750000,C,400,500,1,1
1705419900000,20240116,4750000,P,8900,9300,1,1
1705419900000,20240116,4320000,C,415600,425100,1,1
1705419900000,20240116,4000000,C,740000,742100,1,1
1705419900000,20240116,4640000,C,99100,104100,1,1
1705419900000,20240116,4960000,P,216300,221500,1,1
1705419900000,20240116,4530000,C,208900,213800,1,1
1705419900000,20240116,4210000,C,525600,534800,1,1
1705419900000,20240116,4850000,P,107400,111800,1,1
1705419900000,20240116,4100000,C,635200,645300,1,1
1705419900000,20240116,4420000,C,315200,325000,1,1
1705419900000,20240116,4740000,C,3400,3500,1,1
1705419900000,20240116,4740000,P,2100,2200,1,1
1705419900000,20240116,5060000,P,317300,322200,1,1
1705419900000,20240116,4310000,C,424900,435000,1,1
1705419900000,20240116,4630000,C,109000,114000,1,1
1705419900000,20240116,4950000,P,206300,211300,1,1
1705419900000,20240116,4520000,C,218900,223800,1,1
1705419900000,20240116,4200000,C,535700,545100,1,1
1705419900000,20240116,4840000,P,96300,101600,1,1
1705419900000,20240116,4090000,C,644700,655400,1,1
1705419900000,20240116,4410000,C,326300,332200,1,1
1705419900000,20240116,4730000,C,11600,12300,1,1
1705419900000,20240116,4730000,P,300,400,1,1
1705419900000,20240116,5050000,P,307400,312500,1,1
1705419900000,20240116,4300000,C,434900,444900,1,1
1705419900000,20240116,4620000,C,118900,123800,1,1
1705419900000,20240116,4940000,P,196300,203800,1,1
1705419900000,20240116,4510000,C,228700,234000,1,1
1705419900000,20240116,4190000,C,545400,555400,1,1
1705419900000,20240116,4830000,P,86300,91700,1,1
1705419900000,20240116,5150000,P,404700,414200,1,1
1705419900000,20240116,5250000,P,504900,514200,1,1
1705419900000,20240116,4080000,C,655600,665100,1,1
1705419900000,20240116,4400000,C,338500,343600,1,1
1705419900000,20240116,4720000,C,21100,21500,1,1
1705419900000,20240116,4720000,P,100,200,1,1
1705419900000,20240116,5040000,P,297400,302700,1,1
1705419900000,20240116,4290000,C,445700,454700,1,1
1705419900000,20240116,4610000,C,128800,133800,1,1
1705419900000,20240116,4930000,P,187400,192000,1,1
1705419900000,20240116,5350000,P,607700,609800,1,1
1705419900000,20240116,4500000,C,237200,244900,1,1
1705419900000,20240116,4180000,C,555800,565100,1,1
1705419900000,20240116,4820000,P,71200,81200,1,1
1705419900000,20240116,4070000,C,665100,675100,1,1
1705419900000,20240116,4390000,C,345200,353600,1,1
1705419900000,20240116,4710000,C,31100,31600,1,1
1705419900000,20240116,4710000,P,100,200,1,1
1705419900000,20240116,5450000,P,707700,709800,1,1
1705419900000,20240116,4280000,C,455500,464500,1,1
1705419900000,20240116,4600000,C,138600,143600,1,1
1705419900000,20240116,4920000,P,177000,181200,1,1
1705419900000,20240116,4170000,C,565200,575100,1,1
1705419900000,20240116,4490000,C,247600,252500,1,1
1705419900000,20240116,4810000,P,64800,71000,1,1
1705419900000,20240116,4060000,C,675600,684900,1,1
1705419900000,20240116,4380000,C,356800,363400,1,1
1705419900000,20240116,4700000,C,41100,41500,1,1
1705419900000,20240116,5020000,P,277700,284200,1,1
1705419900000,20240116,4270000,C,465400,475400,1,1
1705419900000,20240116,4590000,C,148700,153800,1,1
1705419900000,20240116,4910000,P,166300,171200,1,1
1705419900000,20240117,4160000,C,580200,583500,1,1
1705419900000,20240117,4480000,C,260400,263700,1,1
1705419900000,20240117,4800000,C,300,400,1,1
1705419900000,20240117,4800000,P,57700,60300,1,1
1705419900000,20240117,4050000,C,690200,693500,1,1
1705419900000,20240117,4370000,C,370400,373600,1,1
1705419900000,20240117,4690000,C,52500,53500,1,1
1705419900000,20240117,4690000,P,800,900,1,1
1705419900000,20240117,4580000,C,160500,163700,1,1
1705419900000,20240117,4580000,P,100,200,1,1
1705419900000,20240117,4260000,C,480300,483500,1,1
1705419900000,20240117,4900000,P,157100,160300,1,1
1705419900000,20240117,4150000,C,590200,593500,1,1
1705419900000,20240117,4470000,C,270400,273700,1,1
1705419900000,20240117,4790000,C,600,700,1,1
1705419900000,20240117,4790000,P,48100,49200,1,1
1705419900000,20240117,4040000,C,700200,703400,1,1
1705419900000,20240117,4360000,C,380400,383600,1,1
1705419900000,20240117,4680000,C,62200,63300,1,1
1705419900000,20240117,4680000,P,500,600,1,1
1705419900000,20240117,5000000,P,257000,260200,1,1
1705419900000,20240117,4570000,C,170500,173700,1,1
1705419900000,20240117,4570000,P,100,200,1,1
1705419900000,20240117,4250000,C,490300,493500,1,1
1705419900000,20240117,4890000,P,147100,150300,1,1
1705419900000,20240117,4140000,C,600200,603500,1,1
1705419900000,20240117,4460000,C,280400,283700,1,1
1705419900000,20240117,4780000,C,1300,1400,1,1
1705419900000,20240117,4780000,P,38700,39700,1,1
1705419900000,20240117,5100000,P,357000,360200,1,1
1705419900000,20240117,4030000,C,710200,713400,1,1
1705419900000,20240117,4350000,C,390400,393600,1,1
1705419900000,20240117,4670000,C,72000,73100,1,1
1705419900000,20240117,4670000,P,300,400,1,1
1705419900000,20240117,4990000,P,247000,250200,1,1
1705419900000,20240117,4560000,C,180500,183700,1,1
1705419900000,20240117,4560000,P,100,200,1,1
1705419900000,20240117,4240000,C,500300,503500,1,1
1705419900000,20240117,5200000,P,457000,460200,1,1
1705419900000,20240117,4880000,P,137700,140300,1,1
1705419900000,20240117,4130000,C,610200,613500,1,1
1705419900000,20240117,4450000,C,290400,293600,1,1
1705419900000,20240117,4770000,C,2500,2600,1,1
1705419900000,20240117,4770000,P,30000,30800,1,1
1705419900000,20240117,4020000,C,720200,723400,1,1
1705419900000,20240117,4340000,C,400400,403600,1,1
1705419900000,20240117,4660000,C,81900,83000,1,1
1705419900000,20240117,4660000,P,200,300,1,1
1705419900000,20240117,4980000,P,237000,240200,1,1
1705419900000,20240117,5300000,P,557000,560200,1,1
1705419900000,20240117,4550000,C,190500,193700,1,1
1705419900000,20240117,4550000,P,100,200,1,1
1705419900000,20240117,4230000,C,510300,513500,1,1
1705419900000,20240117,4870000,P,127700,130300,1,1
1705419900000,20240117,4120000,C,620200,623500,1,1
1705419900000,20240117,4440000,C,300400,303600,1,1
1705419900000,20240117,4760000,C,4700,4800,1,1
1705419900000,20240117,4760000,P,22500,22900,1,1
1705419900000,20240117,5080000,P,337000,340200,1,1
1705419900000,20240117,5400000,P,657000,660200,1,1
1705419900000,20240117,4330000,C,410300,413600,1,1
1705419900000,20240117,4650000,C,91800,93000,1,1
1705419900000,20240117,4650000,P,100,200,1,1
1705419900000,20240117,4970000,P,227100,230200,1,1
1705419900000,20240117,3900000,C,840200,843400,1,1
1705419900000,20240117,4540000,C,200500,203700,1,1
1705419900000,20240117,4540000,P,100,200,1,1
1705419900000,20240117,4220000,C,520300,523500,1,1
1705419900000,20240117,4860000,P,117700,120300,1,1
1705419900000,20240117,4110000,C,630200,633500,1,1
1705419900000,20240117,4430000,C,310400,313600,1,1
1705419900000,20240117,4750000,C,8100,8200,1,1
1705419900000,20240117,4750000,P,16000,16200,1,1
1705419900000,20240117,4320000,C,420300,423600,1,1
1705419900000,20240117,4000000,C,740200,743400,1,1
1705419900000,20240117,4640000,C,101800,102900,1,1
1705419900000,20240117,4640000,P,100,200,1,1
1705419900000,20240117,4960000,P,217100,220200,1,1
1705419900000,20240117,4530000,C,210400,213700,1,1
1705419900000,20240117,4530000,P,100,200,1,1
1705419900000,20240117,4210000,C,530300,533500,1,1
1705419900000,20240117,4850000,P,107700,110300,1,1
1705419900000,20240117,4100000,C,640200,643500,1,1
1705419900000,20240117,4420000,C,320400,323600,1,1
1705419900000,20240117,4740000,C,12900,13000,1,1
1705419900000,20240117,4740000,P,10800,10900,1,1
1705419900000,20240117,5060000,P,317000,320200,1,1
1705419900000,20240117,4310000,C,430300,433600,1,1
1705419900000,20240117,4630000,C,110500,113200,1,1
1705419900000,20240117,4630000,P,100,200,1,1
1705419900000,20240117,4950000,P,207100,210200,1,1
1705419900000,20240117,4520000,C,220400,223700,1,1
1705419900000,20240117,4520000,P,100,200,1,1
1705419900000,20240117,4200000,C,540300,543500,1,1
1705419900000,20240117,4840000,C,100,200,1,1
1705419900000,20240117,4840000,P,97700,100300,1,1
1705419900000,20240117,4090000,C,650200,653500,1,1
1705419900000,20240117,4410000,C,330400,333600,1,1
1705419900000,20240117,4730000,C,18800,19100,1,1
1705419900000,20240117,4730000,P,6900,7000,1,1
1705419900000,20240117,5050000,P,307000,310200,1,1
1705419900000,20240117,4300000,C,440300,443600,1,1
1705419900000,20240117,4620000,C,120500,123100,1,1
1705419900000,20240117,4620000,P,100,200,1,1
1705419900000,20240117,4940000,P,197100,200300,1,1
1705419900000,20240117,4510000,C,230400,233700,1,1
1705419900000,20240117,4510000,P,100,200,1,1
1705419900000,20240117,4190000,C,550300,553500,1,1
1705419900000,20240117,4830000,C,100,200,1,1
1705419900000,20240117,4830000,P,87700,90300,1,1
1705419900000,20240117,5150000,P,407000,410200,1,1
1705419900000,20240117,5250000,P,507000,510200,1,1
1705419900000,20240117,4080000,C,660200,663500,1,1
1705419900000,20240117,4400000,C,340400,343600,1,1
1705419900000,20240117,4720000,C,26000,26400,1,1
1705419900000,20240117,4720000,P,4100,4200,1,1
1705419900000,20240117,5040000,P,297000,300200,1,1
1705419900000,20240117,4290000,C,450300,453600,1,1
1705419900000,20240117,4610000,C,130500,133100,1,1
1705419900000,20240117,4610000,P,100,200,1,1
1705419900000,20240117,4930000,P,187100,190300,1,1
1705419900000,20240117,5350000,P,607000,610200,1,1
1705419900000,20240117,4500000,C,240400,243700,1,1
1705419900000,20240117,4500000,P,100,200,1,1
1705419900000,20240117,4180000,C,560200,563500,1,1
1705419900000,20240117,4820000,C,100,200,1,1
1705419900000,20240117,4820000,P,77700,80300,1,1
1705419900000,20240117,4070000,C,670200,673500,1,1
1705419900000,20240117,4390000,C,350400,353600,1,1
1705419900000,20240117,4710000,C,34200,35000,1,1
1705419900000,20240117,4710000,P,2400,2500,1,1
1705419900000,20240117,5450000,P,707000,710200,1,1
1705419900000,20240117,4280000,C,460300,463600,1,1
1705419900000,20240117,4600000,C,140500,143100,1,1
1705419900000,20240117,4600000,P,100,200,1,1
1705419900000,20240117,4920000,P,177100,180300,1,1
1705419900000,20240117,4170000,C,570200,573500,1,1
1705419900000,20240117,4490000,C,250400,253700,1,1
1705419900000,20240117,4810000,C,200,300,1,1
1705419900000,20240117,4810000,P,67700,70300,1,1
1705419900000,20240117,4060000,C,680200,683500,1,1
1705419900000,20240117,4380000,C,360400,363600,1,1
1705419900000,20240117,4700000,C,43200,44000,1,1
1705419900000,20240117,4700000,P,1400,1500,1,1
1705419900000,20240117,5020000,P,277000,280200,1,1
1705419900000,20240117,4270000,C,470300,473600,1,1
1705419900000,20240117,4590000,C,150500,153700,1,1
1705419900000,20240117,4590000,P,100,200,1,1
1705419900000,20240117,4910000,P,167100,170300,1,1
1705419900000,20240118,4160000,C,582300,585500,1,1
1705419900000,20240118,4480000,C,262700,265900,1,1
1705419900000,20240118,4480000,P,200,300,1,1
1705419900000,20240118,4800000,C,1500,1600,1,1
1705419900000,20240118,4800000,P,58200,59300,1,1
1705419900000,20240118,5120000,P,377000,380200,1,1
1705419900000,20240118,4050000,C,692200,695400,1,1
1705419900000,20240118,4370000,C,372500,375700,1,1
1705419900000,20240118,4370000,P,100,200,1,1
1705419900000,20240118,4690000,C,56500,57400,1,1
1705419900000,20240118,4690000,P,2600,2700,1,1
1705419900000,20240118,4580000,C,162800,166100,1,1
1705419900000,20240118,4580000,P,300,400,1,1
1705419900000,20240118,4260000,C,482400,485600,1,1
1705419900000,20240118,4260000,P,100,200,1,1
1705419900000,20240118,4900000,C,100,200,1,1
1705419900000,20240118,4900000,P,157100,160300,1,1
1705419900000,20240118,4150000,C,592300,595500,1,1
1705419900000,20240118,4470000,C,272600,275900,1,1
1705419900000,20240118,4470000,P,200,300,1,1
1705419900000,20240118,4790000,C,2500,2600,1,1
1705419900000,20240118,4790000,P,48900,49900,1,1
1705419900000,20240118,4040000,C,702200,705400,1,1
1705419900000,20240118,4360000,C,382500,385700,1,1
1705419900000,20240118,4360000,P,100,200,1,1
1705419900000,20240118,4680000,C,65600,66600,1,1
1705419900000,20240118,4680000,P,1800,1900,1,1
1705419900000,20240118,5000000,P,257000,260200,1,1
1705419900000,20240118,4570000,C,172800,176000,1,1
1705419900000,20240118,4570000,P,300,400,1,1
1705419900000,20240118,4250000,C,492400,495600,1,1
1705419900000,20240118,4250000,P,100,200,1,1
1705419900000,20240118,4890000,C,100,200,1,1
1705419900000,20240118,4890000,P,147100,150300,1,1
1705419900000,20240118,4140000,C,602300,605500,1,1
1705419900000,20240118,4460000,C,282600,285900,1,1
1705419900000,20240118,4460000,P,200,300,1,1
1705419900000,20240118,4780000,C,4100,4200,1,1
1705419900000,20240118,4780000,P,40400,41100,1,1
1705419900000,20240118,5100000,P,357000,360200,1,1
1705419900000,20240118,4030000,C,712200,715400,1,1
1705419900000,20240118,4350000,C,392500,395700,1,1
1705419900000,20240118,4350000,P,100,200,1,1
1705419900000,20240118,4670000,C,75100,76100,1,1
1705419900000,20240118,4670000,P,1300,1400,1,1
1705419900000,20240118,4990000,P,247000,250200,1,1
1705419900000,20240118,4560000,C,182800,186000,1,1
1705419900000,20240118,4560000,P,200,300,1,1
1705419900000,20240118,4240000,C,502400,505600,1,1
1705419900000,20240118,4240000,P,100,200,1,1
1705419900000,20240118,5200000,P,457000,460200,1,1
1705419900000,20240118,4880000,C,100,200,1,1
1705419900000,20240118,4880000,P,137100,140300,1,1
1705419900000,20240118,4130000,C,612300,615500,1,1
1705419900000,20240118,4450000,C,292600,295800,1,1
1705419900000,20240118,4450000,P,200,300,1,1
1705419900000,20240118,4770000,C,6400,6500,1,1
1705419900000,20240118,4770000,P,32700,33100,1,1
1705419900000,20240118,4020000,C,722100,725400,1,1
1705419900000,20240118,4340000,C,402500,405700,1,1
1705419900000,20240118,4340000,P,100,200,1,1
1705419900000,20240118,4660000,C,84700,85800,1,1
1705419900000,20240118,4660000,P,900,1000,1,1
1705419900000,20240118,4980000,P,237000,240200,1,1
1705419900000,20240118,5300000,P,557000,560200,1,1
1705419900000,20240118,4550000,C,192800,196000,1,1
1705419900000,20240118,4550000,P,200,300,1,1
1705419900000,20240118,4230000,C,512400,515600,1,1
1705419900000,20240118,4230000,P,100,200,1,1
1705419900000,20240118,4870000,C,100,200,1,1
1705419900000,20240118,4870000,P,127100,130300,1,1
1705419900000,20240118,4120000,C,622200,625500,1,1
1705419900000,20240118,4440000,C,302600,305800,1,1
1705419900000,20240118,4440000,P,100,200,1,1
1705419900000,20240118,4760000,C,9700,9800,1,1
1705419900000,20240118,4760000,P,25800,26100,1,1
1705419900000,20240118,5080000,P,337000,340200,1,1
1705419900000,20240118,5400000,P,657000,660200,1,1
1705419900000,20240118,4330000,C,412500,415700,1,1
1705419900000,20240118,4330000,P,100,200,1,1
1705419900000,20240118,4650000,C,94500,95600,1,1
1705419900000,20240118,4650000,P,700,800,1,1
1705419900000,20240118,4970000,P,227000,230200,1,1
1705419900000,20240118,3900000,C,842000,845200,1,1
1705419900000,20240118,4540000,C,202700,206000,1,1
1705419900000,20240118,4540000,P,200,300,1,1
1705419900000,20240118,4220000,C,522300,525600,1,1
1705419900000,20240118,4220000,P,100,200,1,1
1705419900000,20240118,4860000,C,100,200,1,1
1705419900000,20240118,4860000,P,117100,120300,1,1
1705419900000,20240118,5180000,P,437000,440200,1,1
1705419900000,20240118,4110000,C,632200,635500,1,1
1705419900000,20240118,4430000,C,312600,315800,1,1
1705419900000,20240118,4430000,P,100,200,1,1
1705419900000,20240118,4750000,C,13900,14000,1,1
1705419900000,20240118,4750000,P,19900,20000,1,1
1705419900000,20240118,4320000,C,422500,425700,1,1
1705419900000,20240118,4320000,P,100,200,1,1
1705419900000,20240118,4000000,C,742100,745300,1,1
1705419900000,20240118,4640000,C,104300,105500,1,1
1705419900000,20240118,4640000,P,600,700,1,1
1705419900000,20240118,4960000,P,217100,220300,1,1
1705419900000,20240118,4530000,C,212700,216000,1,1
1705419900000,20240118,4530000,P,200,300,1,1
1705419900000,20240118,4210000,C,532300,535600,1,1
1705419900000,20240118,4850000,C,200,300,1,1
1705419900000,20240118,4850000,P,107100,110300,1,1
1705419900000,20240118,4100000,C,642200,645500,1,1
1705419900000,20240118,4420000,C,322600,325800,1,1
1705419900000,20240118,4420000,P,100,200,1,1
1705419900000,20240118,4740000,C,19000,19100,1,1
1705419900000,20240118,4740000,P,14900,15000,1,1
1705419900000,20240118,5060000,P,317000,320200,1,1
1705419900000,20240118,4310000,C,432400,435700,1,1
1705419900000,20240118,4310000,P,100,200,1,1
1705419900000,20240118,4630000,C,114200,115300,1,1
1705419900000,20240118,4630000,P,500,600,1,1
1705419900000,20240118,4950000,P,207100,210300,1,1
1705419900000,20240118,4520000,C,222700,225900,1,1
1705419900000,20240118,4520000,P,200,300,1,1
1705419900000,20240118,4200000,C,542300,545600,1,1
1705419900000,20240118,4840000,C,200,300,1,1
1705419900000,20240118,4840000,P,97100,100300,1,1
1705419900000,20240118,5160000,P,417000,420200,1,1
1705419900000,20240118,4090000,C,652200,655400,1,1
1705419900000,20240118,4410000,C,332600,335800,1,1
1705419900000,20240118,4410000,P,100,200,1,1
1705419900000,20240118,4730000,C,25000,25200,1,1
1705419900000,20240118,4730000,P,10900,11000,1,1
1705419900000,20240118,5050000,P,307000,310200,1,1
1705419900000,20240118,4300000,C,442400,445700,1,1
1705419900000,20240118,4300000,P,100,200,1,1
1705419900000,20240118,4620000,C,124100,125300,1,1
1705419900000,20240118,4620000,P,400,500,1,1
1705419900000,20240118,4940000,P,197100,200300,1,1
1705419900000,20240118,4510000,C,232700,235900,1,1
1705419900000,20240118,4510000,P,200,300,1,1
1705419900000,20240118,4190000,C,552300,555500,1,1
1705419900000,20240118,4830000,C,300,400,1,1
1705419900000,20240118,4830000,P,87100,90300,1,1
1705419900000,20240118,5150000,P,407000,410200,1,1
1705419900000,20240118,5250000,P,507000,510200,1,1
1705419900000,20240118,4400000,C,342600,345800,1,1
1705419900000,20240118,4400000,P,100,200,1,1
1705419900000,20240118,4080000,C,662200,665400,1,1
1705419900000,20240118,4720000,C,31700,32200,1,1
1705419900000,20240118,4720000,P,7700,7800,1,1
1705419900000,20240118,5040000,P,297000,300200,1,1
1705419900000,20240118,4290000,C,452400,455600,1,1
1705419900000,20240118,4290000,P,100,200,1,1
1705419900000,20240118,4610000,C,134000,135200,1,1
1705419900000,20240118,4610000,P,400,500,1,1
1705419900000,20240118,4930000,P,187100,190300,1,1
1705419900000,20240118,5350000,P,607000,610200,1,1
1705419900000,20240118,4500000,C,242700,245900,1,1
1705419900000,20240118,4500000,P,200,300,1,1
1705419900000,20240118,4180000,C,562300,565500,1,1
1705419900000,20240118,4820000,C,500,600,1,1
1705419900000,20240118,4820000,P,77100,80300,1,1
1705419900000,20240118,5140000,P,397000,400200,1,1
1705419900000,20240118,4070000,C,672200,675400,1,1
1705419900000,20240118,4390000,C,352500,355800,1,1
1705419900000,20240118,4390000,P,100,200,1,1
1705419900000,20240118,4710000,C,39400,40000,1,1
1705419900000,20240118,4710000,P,5400,5500,1,1
1705419900000,20240118,5450000,P,707000,710200,1,1
1705419900000,20240118,4280000,C,462400,465600,1,1
1705419900000,20240118,4280000,P,100,200,1,1
1705419900000,20240118,4600000,C,143900,145200,1,1
1705419900000,20240118,4600000,P,300,400,1,1
1705419900000,20240118,4920000,P,177100,180300,1,1
1705419900000,20240118,4170000,C,572300,575500,1,1
1705419900000,20240118,4490000,C,252700,255900,1,1
1705419900000,20240118,4490000,P,200,300,1,1
1705419900000,20240118,4810000,C,900,1000,1,1
1705419900000,20240118,4810000,P,67100,70300,1,1
1705419900000,20240118,4060000,C,682200,685400,1,1
1705419900000,20240118,4380000,C,362500,365700,1,1
1705419900000,20240118,4380000,P,100,200,1,1
1705419900000,20240118,4700000,C,47700,48200,1,1
1705419900000,20240118,4700000,P,3700,3800,1,1
1705419900000,20240118,5020000,P,277000,280200,1,1
1705419900000,20240118,4270000,C,472400,475600,1,1
1705419900000,20240118,4270000,P,100,200,1,1
1705419900000,20240118,4590000,C,153600,155100,1,1
1705419900000,20240118,4590000,P,300,400,1,1
1705419900000,20240118,4910000,P,167100,170300,1,1
1705419900000,20240119,3200000,C,1541900,1545200,1,1
1705419900000,20240119,3840000,C,902600,905800,1,1
1705419900000,20240119,4480000,C,263500,266700,1,1
1705419900000,20240119,4480000,P,300,400,1,1
1705419900000,20240119,5120000,P,377000,380200,1,1
1705419900000,20240119,6400000,P,1656800,1660100,1,1
1705419900000,20240119,4050000,C,692800,696100,1,1
1705419900000,20240119,4050000,P,100,200,1,1
1705419900000,20240119,4690000,C,59800,60400,1,1
1705419900000,20240119,4690000,P,5000,5100,1,1
1705419900000,20240119,5750000,P,1006900,1010100,1,1
1705419900000,20240119,3620000,C,1122300,1125600,1,1
1705419900000,20240119,4260000,C,483100,486400,1,1
1705419900000,20240119,4260000,P,200,300,1,1
1705419900000,20240119,4900000,C,200,300,1,1
1705419900000,20240119,4900000,P,157100,160300,1,1
1705419900000,20240119,2550000,C,2191300,2194700,1,1
1705419900000,20240119,3830000,C,912600,915800,1,1
1705419900000,20240119,4470000,C,273500,276700,1,1
1705419900000,20240119,4470000,P,300,400,1,1
1705419900000,20240119,3400000,C,1342100,1345400,1,1
1705419900000,20240119,4040000,C,702800,706100,1,1
1705419900000,20240119,4040000,P,100,200,1,1
1705419900000,20240119,4680000,C,68400,69200,1,1
1705419900000,20240119,4680000,P,3800,3900,1,1
1705419900000,20240119,6600000,P,1856800,1860000,1,1
1705419900000,20240119,3610000,C,1132300,1135600,1,1
1705419900000,20240119,4250000,C,493100,496300,1,1
1705419900000,20240119,4250000,P,200,300,1,1
1705419900000,20240119,4890000,C,100,200,1,1
1705419900000,20240119,4890000,P,147100,150300,1,1
1705419900000,20240119,5950000,P,1206900,1210100,1,1
1705419900000,20240119,1900000,C,2840700,2844100,1,1
1705419900000,20240119,3820000,C,922600,925800,1,1
1705419900000,20240119,4460000,C,283500,286700,1,1
1705419900000,20240119,4460000,P,300,400,1,1
1705419900000,20240119,5100000,P,357000,360200,1,1
1705419900000,20240119,2750000,C,1991500,1994800,1,1
1705419900000,20240119,4030000,C,712800,716100,1,1
1705419900000,20240119,4030000,P,100,200,1,1
1705419900000,20240119,4670000,C,77400,78300,1,1
1705419900000,20240119,4670000,P,2900,3000,1,1
1705419900000,20240119,3600000,C,1142300,1145600,1,1
1705419900000,20240119,4240000,C,503100,506300,1,1
1705419900000,20240119,4240000,P,200,300,1,1
1705419900000,20240119,4880000,C,200,300,1,1
1705419900000,20240119,4880000,P,137100,140300,1,1
1705419900000,20240119,6800000,P,2056600,2060000,1,1
1705419900000,20240119,3810000,C,932600,935800,1,1
1705419900000,20240119,4450000,C,294100,295900,1,1
1705419900000,20240119,4450000,P,300,400,1,1
1705419900000,20240119,6150000,P,1406800,1410100,1,1
1705419900000,20240119,2100000,C,2640900,2644300,1,1
1705419900000,20240119,4020000,C,722800,726000,1,1
1705419900000,20240119,4020000,P,100,200,1,1
1705419900000,20240119,4660000,C,86700,87700,1,1
1705419900000,20240119,4660000,P,2200,2300,1,1
1705419900000,20240119,5300000,P,557000,560200,1,1
1705419900000,20240119,2950000,C,1791700,1795000,1,1
1705419900000,20240119,3590000,C,1152300,1155500,1,1
1705419900000,20240119,4230000,C,513100,516300,1,1
1705419900000,20240119,4230000,P,200,300,1,1
1705419900000,20240119,4870000,C,300,400,1,1
1705419900000,20240119,4870000,P,127100,130300,1,1
1705419900000,20240119,3800000,C,942600,945800,1,1
1705419900000,20240119,4440000,C,303400,306700,1,1
1705419900000,20240119,4440000,P,300,400,1,1
1705419900000,20240119,5080000,P,337000,340200,1,1
1705419900000,20240119,7000000,P,2256600,2260000,1,1
1705419900000,20240119,4010000,C,732800,736000,1,1
1705419900000,20240119,4010000,P,100,200,1,1
1705419900000,20240119,4650000,C,96200,97200,1,1
1705419900000,20240119,4650000,P,1800,1900,1,1
1705419900000,20240119,6350000,P,1606800,1610100,1,1
1705419900000,20240119,2300000,C,2441100,2444500,1,1
1705419900000,20240119,3580000,C,1162300,1165500,1,1
1705419900000,20240119,4220000,C,523100,526300,1,1
1705419900000,20240119,4220000,P,200,300,1,1
1705419900000,20240119,4860000,C,400,500,1,1
1705419900000,20240119,4860000,P,117100,120300,1,1
1705419900000,20240119,5500000,P,757000,760200,1,1
1705419900000,20240119,3150000,C,1591800,1595100,1,1
1705419900000,20240119,3790000,C,952500,955800,1,1
1705419900000,20240119,4430000,C,313400,316600,1,1
1705419900000,20240119,4430000,P,300,400,1,1
1705419900000,20240119,4000000,C,742800,746000,1,1
1705419900000,20240119,4000000,P,100,200,1,1
1705419900000,20240119,4640000,C,105900,106900,1,1
1705419900000,20240119,4640000,P,1400,1500,1,1
1705419900000,20240119,7200000,P,2456600,2460000,1,1
1705419900000,20240119,3570000,C,1172200,1175500,1,1
1705419900000,20240119,4210000,C,533100,536300,1,1
1705419900000,20240119,4210000,P,200,300,1,1
1705419900000,20240119,4850000,C,500,600,1,1
1705419900000,20240119,4850000,P,107100,110300,1,1
1705419900000,20240119,6550000,P,1806800,1810000,1,1
1705419900000,20240119,2500000,C,2241300,2244600,1,1
1705419900000,20240119,3780000,C,962500,965800,1,1
1705419900000,20240119,4420000,C,323400,326600,1,1
1705419900000,20240119,4420000,P,300,400,1,1
1705419900000,20240119,5060000,P,317000,320200,1,1
1705419900000,20240119,5700000,P,956900,960100,1,1
1705419900000,20240119,3350000,C,1392000,1395300,1,1
1705419900000,20240119,3990000,C,752800,756000,1,1
1705419900000,20240119,3990000,P,100,200,1,1
1705419900000,20240119,4630000,C,115600,116700,1,1
1705419900000,20240119,4630000,P,1200,1300,1,1
1705419900000,20240119,3560000,C,1182200,1185500,1,1
1705419900000,20240119,4200000,C,543000,546300,1,1
1705419900000,20240119,4200000,P,200,300,1,1
1705419900000,20240119,4840000,C,600,700,1,1
1705419900000,20240119,4840000,P,97100,100300,1,1
1705419900000,20240119,1850000,C,2890600,2894100,1,1
1705419900000,20240119,3770000,C,972500,975800,1,1
1705419900000,20240119,4410000,C,333400,336600,1,1
1705419900000,20240119,4410000,P,300,400,1,1
1705419900000,20240119,5050000,P,307000,310200,1,1
1705419900000,20240119,6750000,P,2006700,2010000,1,1
1705419900000,20240119,2700000,C,2041400,2044800,1,1
1705419900000,20240119,3980000,C,762800,766000,1,1
1705419900000,20240119,4620000,C,125400,126500,1,1
1705419900000,20240119,4620000,P,1000,1100,1,1
1705419900000,20240119,5900000,P,1156900,1160100,1,1
1705419900000,20240119,3550000,C,1192200,1195500,1,1
1705419900000,20240119,4190000,C,553000,556300,1,1
1705419900000,20240119,4190000,P,100,200,1,1
1705419900000,20240119,4830000,C,900,1000,1,1
1705419900000,20240119,4830000,P,87100,90300,1,1
1705419900000,20240119,5250000,P,507000,510200,1,1
1705419900000,20240119,3760000,C,982500,985800,1,1
1705419900000,20240119,4400000,C,343400,346600,1,1
1705419900000,20240119,4400000,P,300,400,1,1
1705419900000,20240119,5040000,P,297000,300200,1,1
1705419900000,20240119,2050000,C,2690800,2694300,1,1
1705419900000,20240119,3970000,C,772800,776000,1,1
1705419900000,20240119,4610000,C,135200,136400,1,1
1705419900000,20240119,4610000,P,900,1000,1,1
1705419900000,20240119,6950000,P,2206600,2210000,1,1
1705419900000,20240119,2900000,C,1841600,1844900,1,1
1705419900000,20240119,4180000,C,563000,566200,1,1
1705419900000,20240119,4180000,P,100,200,1,1
1705419900000,20240119,4820000,C,1400,1500,1,1
1705419900000,20240119,4820000,P,77100,80300,1,1
1705419900000,20240119,6100000,P,1356900,1360100,1,1
1705419900000,20240119,3750000,C,992500,995700,1,1
1705419900000,20240119,4390000,C,353300,356600,1,1
1705419900000,20240119,4390000,P,300,400,1,1
1705419900000,20240119,5450000,P,707000,710200,1,1
1705419900000,20240119,3960000,C,782700,786000,1,1
1705419900000,20240119,4600000,C,144800,146300,1,1
1705419900000,20240119,4600000,P,800,900,1,1
1705419900000,20240119,5240000,P,497000,500200,1,1
1705419900000,20240119,2250000,C,2491000,2494400,1,1
1705419900000,20240119,4170000,C,573000,576200,1,1
1705419900000,20240119,4170000,P,100,200,1,1
1705419900000,20240119,4810000,C,2200,2300,1,1
1705419900000,20240119,4810000,P,68300,69300,1,1
1705419900000,20240119,3100000,C,1641800,1645100,1,1
1705419900000,20240119,3740000,C,1002500,1005700,1,1
1705419900000,20240119,4380000,C,363300,366500,1,1
1705419900000,20240119,4380000,P,300,400,1,1
1705419900000,20240119,5020000,P,277000,280200,1,1
1705419900000,20240119,6300000,P,1556800,1560100,1,1
1705419900000,20240119,3950000,C,792700,796000,1,1
1705419900000,20240119,4590000,C,154700,156200,1,1
1705419900000,20240119,4590000,P,700,800,1,1
1705419900000,20240119,5650000,P,906900,910200,1,1
1705419900000,20240119,4160000,C,583000,586200,1,1
1705419900000,20240119,4160000,P,100,200,1,1
1705419900000,20240119,4800000,C,3400,3500,1,1
1705419900000,20240119,4800000,P,59100,60000,1,1
1705419900000,20240119,2450000,C,2291200,2294600,1,1
1705419900000,20240119,3730000,C,1012500,1015700,1,1
1705419900000,20240119,4370000,C,373300,376500,1,1
1705419900000,20240119,4370000,P,200,300,1,1
1705419900000,20240119,3300000,C,1442000,1445300,1,1
1705419900000,20240119,3940000,C,802700,806000,1,1
1705419900000,20240119,4580000,C,164600,166100,1,1
1705419900000,20240119,4580000,P,600,700,1,1
1705419900000,20240119,5220000,P,477000,480200,1,1
1705419900000,20240119,6500000,P,1756800,1760100,1,1
1705419900000,20240119,4150000,C,593000,596200,1,1
1705419900000,20240119,4150000,P,100,200,1,1
1705419900000,20240119,4790000,C,5000,5100,1,1
1705419900000,20240119,4790000,P,50500,51300,1,1
1705419900000,20240119,5850000,P,1106900,1110100,1,1
1705419900000,20240119,1800000,C,2940600,2944000,1,1
1705419900000,20240119,3720000,C,1022500,1025700,1,1
1705419900000,20240119,4360000,C,383300,386500,1,1
1705419900000,20240119,4360000,P,200,300,1,1
1705419900000,20240119,5000000,P,257000,260200,1,1
1705419900000,20240119,2650000,C,2091400,2094800,1,1
1705419900000,20240119,3930000,C,812700,815900,1,1
1705419900000,20240119,4570000,C,174600,176100,1,1
1705419900000,20240119,4570000,P,600,700,1,1
1705419900000,20240119,3500000,C,1242200,1245400,1,1
1705419900000,20240119,4140000,C,603000,606200,1,1
1705419900000,20240119,4140000,P,100,200,1,1
1705419900000,20240119,4780000,C,7300,7400,1,1
1705419900000,20240119,4780000,P,42600,43200,1,1
1705419900000,20240119,6700000,P,1956700,1960000,1,1
1705419900000,20240119,3710000,C,1032400,1035700,1,1
1705419900000,20240119,4350000,C,393300,396500,1,1
1705419900000,20240119,4350000,P,200,300,1,1
1705419900000,20240119,4990000,C,100,200,1,1
1705419900000,20240119,4990000,P,247000,250200,1,1
1705419900000,20240119,6050000,P,1306900,1310100,1,1
1705419900000,20240119,2000000,C,2740800,2744200,1,1
1705419900000,20240119,3920000,C,822700,825900,1,1
1705419900000,20240119,4560000,C,184500,186000,1,1
1705419900000,20240119,4560000,P,500,600,1,1
1705419900000,20240119,5200000,P,457000,460200,1,1
1705419900000,20240119,2850000,C,1891600,1894900,1,1
1705419900000,20240119,4130000,C,612900,616200,1,1
1705419900000,20240119,4130000,P,100,200,1,1
1705419900000,20240119,4770000,C,10300,10400,1,1
1705419900000,20240119,4770000,P,35500,36000,1,1
1705419900000,20240119,3700000,C,1042400,1045700,1,1
1705419900000,20240119,4340000,C,403300,406500,1,1
1705419900000,20240119,4340000,P,200,300,1,1
1705419900000,20240119,4980000,C,100,200,1,1
1705419900000,20240119,4980000,P,237000,240200,1,1
1705419900000,20240119,6900000,P,2156600,2160000,1,1
1705419900000,20240119,3910000,C,832700,835900,1,1
1705419900000,20240119,4550000,C,194500,196000,1,1
1705419900000,20240119,4550000,P,500,600,1,1
1705419900000,20240119,6250000,P,1506800,1510100,1,1
1705419900000,20240119,2200000,C,2541000,2544400,1,1
1705419900000,20240119,4120000,C,622900,626200,1,1
1705419900000,20240119,4120000,P,100,200,1,1
1705419900000,20240119,4760000,C,14000,14100,1,1
1705419900000,20240119,4760000,P,29200,29500,1,1
1705419900000,20240119,5400000,P,657000,660200,1,1
1705419900000,20240119,3050000,C,1691800,1695000,1,1
1705419900000,20240119,3690000,C,1052400,1055700,1,1
1705419900000,20240119,4330000,C,413200,416500,1,1
1705419900000,20240119,4330000,P,200,300,1,1
1705419900000,20240119,4970000,C,100,200,1,1
1705419900000,20240119,4970000,P,227000,230200,1,1
1705419900000,20240119,3900000,C,842700,845900,1,1
1705419900000,20240119,4540000,C,204400,206000,1,1
1705419900000,20240119,4540000,P,500,600,1,1
1705419900000,20240119,5180000,P,437000,440200,1,1
1705419900000,20240119,7100000,P,2356600,2360000,1,1
1705419900000,20240119,4110000,C,632900,636200,1,1
1705419900000,20240119,4110000,P,100,200,1,1
1705419900000,20240119,4750000,C,18500,18600,1,1
1705419900000,20240119,4750000,P,23700,23800,1,1
1705419900000,20240119,6450000,P,1706800,1710100,1,1
1705419900000,20240119,2400000,C,2341200,2344500,1,1
1705419900000,20240119,3680000,C,1062400,1065700,1,1
1705419900000,20240119,4320000,C,423200,426400,1,1
1705419900000,20240119,4320000,P,200,300,1,1
1705419900000,20240119,4960000,C,100,200,1,1
1705419900000,20240119,4960000,P,217000,220300,1,1
1705419900000,20240119,5600000,P,856900,860200,1,1
1705419900000,20240119,3250000,C,1491900,1495200,1,1
1705419900000,20240119,3890000,C,852700,855900,1,1
1705419900000,20240119,4530000,C,214400,215900,1,1
1705419900000,20240119,4530000,P,400,500,1,1
1705419900000,20240119,4100000,C,642900,646100,1,1
1705419900000,20240119,4100000,P,100,200,1,1
1705419900000,20240119,4740000,C,23700,23800,1,1
1705419900000,20240119,4740000,P,18900,19000,1,1
1705419900000,20240119,3670000,C,1072400,1075600,1,1
1705419900000,20240119,4310000,C,433200,436400,1,1
1705419900000,20240119,4310000,P,200,300,1,1
1705419900000,20240119,4950000,C,100,200,1,1
1705419900000,20240119,4950000,P,207100,210300,1,1
1705419900000,20240119,6650000,P,1906800,1910000,1,1
1705419900000,20240119,2600000,C,2141300,2144700,1,1
1705419900000,20240119,3880000,C,862700,865900,1,1
1705419900000,20240119,4520000,C,224400,225900,1,1
1705419900000,20240119,4520000,P,400,500,1,1
1705419900000,20240119,5160000,P,417000,420200,1,1
1705419900000,20240119,5800000,P,1056900,1060100,1,1
1705419900000,20240119,3450000,C,1292100,1295400,1,1
1705419900000,20240119,4090000,C,652900,656100,1,1
1705419900000,20240119,4090000,P,100,200,1,1
1705419900000,20240119,4730000,C,29600,29800,1,1
1705419900000,20240119,4730000,P,14800,14900,1,1
1705419900000,20240119,3660000,C,1082400,1085600,1,1
1705419900000,20240119,4300000,C,443200,446400,1,1
1705419900000,20240119,4300000,P,200,300,1,1
1705419900000,20240119,4940000,C,100,200,1,1
1705419900000,20240119,4940000,P,197100,200300,1,1
1705419900000,20240119,1950000,C,2790800,2794200,1,1
1705419900000,20240119,3870000,C,872600,875900,1,1
1705419900000,20240119,4510000,C,234300,235900,1,1
1705419900000,20240119,4510000,P,400,500,1,1
1705419900000,20240119,5150000,P,407000,410200,1,1
1705419900000,20240119,6850000,P,2106600,2110000,1,1
1705419900000,20240119,2800000,C,1941500,1944800,1,1
1705419900000,20240119,4080000,C,662900,666100,1,1
1705419900000,20240119,4080000,P,100,200,1,1
1705419900000,20240119,4720000,C,36200,36600,1,1
1705419900000,20240119,4720000,P,11400,11500,1,1
1705419900000,20240119,6000000,P,1256900,1260100,1,1
1705419900000,20240119,3650000,C,1092300,1095600,1,1
1705419900000,20240119,4290000,C,453200,456400,1,1
1705419900000,20240119,4290000,P,200,300,1,1
1705419900000,20240119,4930000,C,100,200,1,1
1705419900000,20240119,4930000,P,187100,190300,1,1
1705419900000,20240119,5350000,P,607000,610200,1,1
1705419900000,20240119,3860000,C,882600,885900,1,1
1705419900000,20240119,4500000,C,244300,245800,1,1
1705419900000,20240119,4500000,P,400,500,1,1
1705419900000,20240119,5140000,P,397000,400200,1,1
1705419900000,20240119,2150000,C,2590900,2594300,1,1
1705419900000,20240119,4070000,C,672900,676100,1,1
1705419900000,20240119,4070000,P,100,200,1,1
1705419900000,20240119,4710000,C,43500,44000,1,1
1705419900000,20240119,4710000,P,8700,8800,1,1
1705419900000,20240119,7050000,P,2306600,2310000,1,1
1705419900000,20240119,3000000,C,1741700,1745000,1,1
1705419900000,20240119,3640000,C,1102300,1105600,1,1
1705419900000,20240119,4280000,C,463200,466400,1,1
1705419900000,20240119,4280000,P,200,300,1,1
1705419900000,20240119,4920000,C,100,200,1,1
1705419900000,20240119,4920000,P,177100,180300,1,1
1705419900000,20240119,6200000,P,1456800,1460100,1,1
1705419900000,20240119,3850000,C,892600,895900,1,1
1705419900000,20240119,4490000,C,254300,255800,1,1
1705419900000,20240119,4490000,P,400,500,1,1
1705419900000,20240119,5550000,P,807000,810200,1,1
1705419900000,20240119,4060000,C,682900,686100,1,1
1705419900000,20240119,4060000,P,100,200,1,1
1705419900000,20240119,4700000,C,51300,51700,1,1
1705419900000,20240119,4700000,P,6600,6700,1,1
1705419900000,20240119,2350000,C,2391100,2394500,1,1
1705419900000,20240119,3630000,C,1112300,1115600,1,1
1705419900000,20240119,4270000,C,473100,476400,1,1
1705419900000,20240119,4270000,P,200,300,1,1
1705419900000,20240119,4910000,C,100,200,1,1
1705419900000,20240119,4910000,P,167100,170300,1,1
1705419900000,20240122,4160000,C,583600,586900,1,1
1705419900000,20240122,4160000,P,200,300,1,1
1705419900000,20240122,4480000,C,264300,267500,1,1
1705419900000,20240122,4480000,P,500,600,1,1
1705419900000,20240122,4800000,C,5500,5600,1,1
1705419900000,20240122,4800000,P,60400,61200,1,1
1705419900000,20240122,5120000,P,377000,380200,1,1
1705419900000,20240122,4050000,C,693400,696700,1,1
1705419900000,20240122,4050000,P,100,200,1,1
1705419900000,20240122,4370000,C,374000,377200,1,1
1705419900000,20240122,4370000,P,300,400,1,1
1705419900000,20240122,4690000,C,63000,63600,1,1
1705419900000,20240122,4690000,P,7500,7600,1,1
1705419900000,20240122,4260000,C,483800,487000,1,1
1705419900000,20240122,4260000,P,200,300,1,1
1705419900000,20240122,4580000,C,164900,168100,1,1
1705419900000,20240122,4580000,P,1000,1100,1,1
1705419900000,20240122,4900000,C,200,300,1,1
1705419900000,20240122,4900000,P,157100,160300,1,1
1705419900000,20240122,5220000,P,477000,480200,1,1
1705419900000,20240122,4150000,C,593600,596800,1,1
1705419900000,20240122,4150000,P,200,300,1,1
1705419900000,20240122,4470000,C,274300,277500,1,1
1705419900000,20240122,4470000,P,400,500,1,1
1705419900000,20240122,4790000,C,7700,7800,1,1
1705419900000,20240122,4790000,P,52400,53000,1,1
1705419900000,20240122,4040000,C,703400,706700,1,1
1705419900000,20240122,4040000,P,100,200,1,1
1705419900000,20240122,4360000,C,384000,387200,1,1
1705419900000,20240122,4360000,P,300,400,1,1
1705419900000,20240122,4680000,C,71300,72100,1,1
1705419900000,20240122,4680000,P,6000,6100,1,1
1705419900000,20240122,5000000,C,100,200,1,1
1705419900000,20240122,5000000,P,257000,260200,1,1
1705419900000,20240122,4250000,C,493800,497000,1,1
1705419900000,20240122,4250000,P,200,300,1,1
1705419900000,20240122,4570000,C,174800,178000,1,1
1705419900000,20240122,4570000,P,900,1000,1,1
1705419900000,20240122,4890000,C,200,300,1,1
1705419900000,20240122,4890000,P,147100,150300,1,1
1705419900000,20240122,4140000,C,603600,606800,1,1
1705419900000,20240122,4140000,P,200,300,1,1
1705419900000,20240122,4460000,C,284200,287500,1,1
1705419900000,20240122,4460000,P,400,500,1,1
1705419900000,20240122,4780000,C,10400,10500,1,1
1705419900000,20240122,4780000,P,45000,45600,1,1
1705419900000,20240122,5100000,P,357000,360200,1,1
1705419900000,20240122,4030000,C,713400,716700,1,1
1705419900000,20240122,4030000,P,100,200,1,1
1705419900000,20240122,4350000,C,394000,397200,1,1
1705419900000,20240122,4350000,P,300,400,1,1
1705419900000,20240122,4670000,C,80100,80900,1,1
1705419900000,20240122,4670000,P,4800,4900,1,1
1705419900000,20240122,4990000,C,100,200,1,1
1705419900000,20240122,4990000,P,247000,250200,1,1
1705419900000,20240122,4240000,C,503800,507000,1,1
1705419900000,20240122,4240000,P,200,300,1,1
1705419900000,20240122,4560000,C,184700,187900,1,1
1705419900000,20240122,4560000,P,800,900,1,1
1705419900000,20240122,5200000,P,457000,460200,1,1
1705419900000,20240122,4880000,C,300,400,1,1
1705419900000,20240122,4880000,P,137400,140300,1,1
1705419900000,20240122,4130000,C,613600,616800,1,1
1705419900000,20240122,4130000,P,100,200,1,1
1705419900000,20240122,4450000,C,294200,297400,1,1
1705419900000,20240122,4450000,P,400,500,1,1
1705419900000,20240122,4770000,C,13800,13900,1,1
1705419900000,20240122,4770000,P,38300,38700,1,1
1705419900000,20240122,4020000,C,723400,726600,1,1
1705419900000,20240122,4020000,P,100,200,1,1
1705419900000,20240122,4340000,C,404000,407200,1,1
1705419900000,20240122,4340000,P,300,400,1,1
1705419900000,20240122,4660000,C,89000,90000,1,1
1705419900000,20240122,4660000,P,3800,3900,1,1
1705419900000,20240122,4980000,C,100,200,1,1
1705419900000,20240122,4980000,P,237000,240200,1,1
1705419900000,20240122,5300000,P,557000,560200,1,1
1705419900000,20240122,4230000,C,513700,517000,1,1
1705419900000,20240122,4230000,P,200,300,1,1
1705419900000,20240122,4550000,C,194600,197900,1,1
1705419900000,20240122,4550000,P,700,800,1,1
1705419900000,20240122,4870000,C,400,500,1,1
1705419900000,20240122,4870000,P,127700,130300,1,1
1705419900000,20240122,4120000,C,623600,626800,1,1
1705419900000,20240122,4120000,P,100,200,1,1
1705419900000,20240122,4440000,C,304200,307400,1,1
1705419900000,20240122,4440000,P,400,500,1,1
1705419900000,20240122,4760000,C,17800,17900,1,1
1705419900000,20240122,4760000,P,32300,32500,1,1
1705419900000,20240122,5080000,P,337000,340200,1,1
1705419900000,20240122,5400000,P,657000,660200,1,1
1705419900000,20240122,4330000,C,413900,417200,1,1
1705419900000,20240122,4330000,P,300,400,1,1
1705419900000,20240122,4650000,C,98300,99200,1,1
1705419900000,20240122,4650000,P,3100,3200,1,1
1705419900000,20240122,4970000,C,100,200,1,1
1705419900000,20240122,4970000,P,227000,230300,1,1
1705419900000,20240122,4220000,C,523700,527000,1,1
1705419900000,20240122,4220000,P,200,300,1,1
1705419900000,20240122,4540000,C,205000,207800,1,1
1705419900000,20240122,4540000,P,700,800,1,1
1705419900000,20240122,4860000,C,600,700,1,1
1705419900000,20240122,4860000,P,117400,120300,1,1
1705419900000,20240122,5180000,P,437000,440200,1,1
1705419900000,20240122,4110000,C,633500,636800,1,1
1705419900000,20240122,4110000,P,100,200,1,1
1705419900000,20240122,4430000,C,314100,317400,1,1
1705419900000,20240122,4430000,P,400,500,1,1
1705419900000,20240122,4750000,C,22400,22600,1,1
1705419900000,20240122,4750000,P,27000,27100,1,1
1705419900000,20240122,4320000,C,423900,427100,1,1
1705419900000,20240122,4320000,P,300,400,1,1
1705419900000,20240122,4640000,C,107700,108700,1,1
1705419900000,20240122,4640000,P,2500,2600,1,1
1705419900000,20240122,4960000,C,100,200,1,1
1705419900000,20240122,4960000,P,217000,220300,1,1
1705419900000,20240122,4210000,C,533700,536900,1,1
1705419900000,20240122,4210000,P,200,300,1,1
1705419900000,20240122,4530000,C,214500,217700,1,1
1705419900000,20240122,4530000,P,600,700,1,1
1705419900000,20240122,4850000,C,900,1000,1,1
1705419900000,20240122,4850000,P,107700,110300,1,1
1705419900000,20240122,4100000,C,643500,646800,1,1
1705419900000,20240122,4100000,P,100,200,1,1
1705419900000,20240122,4420000,C,324100,327400,1,1
1705419900000,20240122,4420000,P,300,400,1,1
1705419900000,20240122,4740000,C,27800,27900,1,1
1705419900000,20240122,4740000,P,22300,22400,1,1
1705419900000,20240122,5060000,P,317000,320200,1,1
1705419900000,20240122,4310000,C,433900,437100,1,1
1705419900000,20240122,4310000,P,300,400,1,1
1705419900000,20240122,4630000,C,117200,118200,1,1
1705419900000,20240122,4630000,P,2000,2100,1,1
1705419900000,20240122,4950000,C,100,200,1,1
1705419900000,20240122,4950000,P,207000,210300,1,1
1705419900000,20240122,4200000,C,543700,546900,1,1
1705419900000,20240122,4200000,P,200,300,1,1
1705419900000,20240122,4520000,C,224500,227700,1,1
1705419900000,20240122,4520000,P,600,700,1,1
1705419900000,20240122,4840000,C,1200,1300,1,1
1705419900000,20240122,4840000,P,97700,100300,1,1
1705419900000,20240122,5160000,P,417000,420200,1,1
1705419900000,20240122,4090000,C,653500,656700,1,1
1705419900000,20240122,4090000,P,100,200,1,1
1705419900000,20240122,4410000,C,334100,337300,1,1
1705419900000,20240122,4410000,P,300,400,1,1
1705419900000,20240122,4730000,C,33700,33900,1,1
1705419900000,20240122,4730000,P,18200,18300,1,1
1705419900000,20240122,5050000,P,307000,310200,1,1
1705419900000,20240122,4300000,C,443900,447100,1,1
1705419900000,20240122,4300000,P,300,400,1,1
1705419900000,20240122,4620000,C,126900,127900,1,1
1705419900000,20240122,4620000,P,1700,1800,1,1
1705419900000,20240122,4940000,C,100,200,1,1
1705419900000,20240122,4940000,P,197100,200300,1,1
1705419900000,20240122,4190000,C,553700,556900,1,1
1705419900000,20240122,4190000,P,200,300,1,1
1705419900000,20240122,4510000,C,234400,237600,1,1
1705419900000,20240122,4510000,P,600,700,1,1
1705419900000,20240122,4830000,C,1900,2000,1,1
1705419900000,20240122,4830000,P,87800,90300,1,1
1705419900000,20240122,5150000,P,407000,410200,1,1
1705419900000,20240122,5250000,P,507000,510200,1,1
1705419900000,20240122,4400000,C,344100,347300,1,1
1705419900000,20240122,4400000,P,300,400,1,1
1705419900000,20240122,4080000,C,663500,666700,1,1
1705419900000,20240122,4080000,P,200,300,1,1
1705419900000,20240122,4720000,C,40100,40500,1,1
1705419900000,20240122,4720000,P,14700,14800,1,1
1705419900000,20240122,5040000,P,297000,300200,1,1
1705419900000,20240122,4290000,C,453900,457100,1,1
1705419900000,20240122,4290000,P,300,400,1,1
1705419900000,20240122,4610000,C,136500,137600,1,1
1705419900000,20240122,4610000,P,1500,1600,1,1
1705419900000,20240122,4930000,C,100,200,1,1
1705419900000,20240122,4930000,P,187100,190300,1,1
1705419900000,20240122,5350000,P,607000,610200,1,1
1705419900000,20240122,4500000,C,244400,247600,1,1
1705419900000,20240122,4500000,P,500,600,1,1
1705419900000,20240122,4180000,C,563700,566900,1,1
1705419900000,20240122,4180000,P,200,300,1,1
1705419900000,20240122,4820000,C,2700,2800,1,1
1705419900000,20240122,4820000,P,78200,79300,1,1
1705419900000,20240122,5140000,P,397000,400200,1,1
1705419900000,20240122,4070000,C,673500,676700,1,1
1705419900000,20240122,4070000,P,100,200,1,1
1705419900000,20240122,4390000,C,354100,357300,1,1
1705419900000,20240122,4390000,P,300,400,1,1
1705419900000,20240122,4710000,C,47200,47700,1,1
1705419900000,20240122,4710000,P,11800,11900,1,1
1705419900000,20240122,5450000,P,707000,710200,1,1
1705419900000,20240122,4280000,C,463800,467100,1,1
1705419900000,20240122,4280000,P,300,400,1,1
1705419900000,20240122,4600000,C,146000,147500,1,1
1705419900000,20240122,4600000,P,1200,1300,1,1
1705419900000,20240122,4920000,C,100,200,1,1
1705419900000,20240122,4920000,P,177100,180300,1,1
1705419900000,20240122,5240000,P,497000,500200,1,1
1705419900000,20240122,4170000,C,573600,576900,1,1
1705419900000,20240122,4170000,P,200,300,1,1
1705419900000,20240122,4490000,C,254300,257600,1,1
1705419900000,20240122,4490000,P,500,600,1,1
1705419900000,20240122,4810000,C,3900,4000,1,1
1705419900000,20240122,4810000,P,69100,70000,1,1
1705419900000,20240122,4060000,C,683400,686700,1,1
1705419900000,20240122,4060000,P,100,200,1,1
1705419900000,20240122,4380000,C,364000,367300,1,1
1705419900000,20240122,4380000,P,300,400,1,1
1705419900000,20240122,4700000,C,54900,55400,1,1
1705419900000,20240122,4700000,P,9400,9500,1,1
1705419900000,20240122,5020000,C,100,200,1,1
1705419900000,20240122,5020000,P,277000,280200,1,1
1705419900000,20240122,4270000,C,473800,477000,1,1
1705419900000,20240122,4270000,P,200,300,1,1
1705419900000,20240122,4590000,C,155000,158200,1,1
1705419900000,20240122,4590000,P,1100,1200,1,1
1705419900000,20240122,4910000,C,200,300,1,1
1705419900000,20240122,4910000,P,167100,170300,1,1
1705419900000,20240123,4160000,C,584300,587600,1,1
1705419900000,20240123,4160000,P,200,300,1,1
1705419900000,20240123,4480000,C,265200,268400,1,1
1705419900000,20240123,4480000,P,700,800,1,1
1705419900000,20240123,4800000,C,7500,7600,1,1
1705419900000,20240123,4800000,P,61700,62700,1,1
1705419900000,20240123,5120000,P,377000,380200,1,1
1705419900000,20240123,4050000,C,694100,697400,1,1
1705419900000,20240123,4050000,P,200,300,1,1
1705419900000,20240123,4370000,C,374800,378000,1,1
1705419900000,20240123,4370000,P,400,500,1,1
1705419900000,20240123,4690000,C,65500,66400,1,1
1705419900000,20240123,4690000,P,9600,9700,1,1
1705419900000,20240123,4260000,C,484500,487800,1,1
1705419900000,20240123,4260000,P,300,400,1,1
1705419900000,20240123,4580000,C,166100,169300,1,1
1705419900000,20240123,4580000,P,1500,1600,1,1
1705419900000,20240123,4900000,C,300,400,1,1
1705419900000,20240123,4900000,P,157100,160300,1,1
1705419900000,20240123,5220000,P,477000,480200,1,1
1705419900000,20240123,4150000,C,594300,597500,1,1
1705419900000,20240123,4150000,P,200,300,1,1
1705419900000,20240123,4470000,C,275100,278400,1,1
1705419900000,20240123,4470000,P,600,700,1,1
1705419900000,20240123,4790000,C,10000,10100,1,1
1705419900000,20240123,4790000,P,54000,54800,1,1
1705419900000,20240123,4040000,C,704100,707300,1,1
1705419900000,20240123,4040000,P,200,300,1,1
1705419900000,20240123,4360000,C,384800,388000,1,1
1705419900000,20240123,4360000,P,400,500,1,1
1705419900000,20240123,4680000,C,73700,74700,1,1
1705419900000,20240123,4680000,P,7900,8000,1,1
1705419900000,20240123,5000000,C,100,200,1,1
1705419900000,20240123,5000000,P,257000,260200,1,1
1705419900000,20240123,4250000,C,494500,497700,1,1
1705419900000,20240123,4250000,P,300,400,1,1
1705419900000,20240123,4570000,C,175900,179100,1,1
1705419900000,20240123,4570000,P,1300,1400,1,1
1705419900000,20240123,4890000,C,400,500,1,1
1705419900000,20240123,4890000,P,147100,150300,1,1
1705419900000,20240123,4140000,C,604300,607500,1,1
1705419900000,20240123,4140000,P,200,300,1,1
1705419900000,20240123,4460000,C,285100,288300,1,1
1705419900000,20240123,4460000,P,600,700,1,1
1705419900000,20240123,4780000,C,13000,13100,1,1
1705419900000,20240123,4780000,P,46900,47500,1,1
1705419900000,20240123,5100000,P,357000,360200,1,1
1705419900000,20240123,4030000,C,714100,717300,1,1
1705419900000,20240123,4030000,P,200,300,1,1
1705419900000,20240123,4350000,C,394700,398000,1,1
1705419900000,20240123,4350000,P,400,500,1,1
1705419900000,20240123,4670000,C,82300,83300,1,1
1705419900000,20240123,4670000,P,6500,6600,1,1
1705419900000,20240123,4990000,C,100,200,1,1
1705419900000,20240123,4990000,P,247000,250200,1,1
1705419900000,20240123,4240000,C,504500,507700,1,1
1705419900000,20240123,4240000,P,300,400,1,1
1705419900000,20240123,4560000,C,185800,189000,1,1
1705419900000,20240123,4560000,P,1200,1300,1,1
1705419900000,20240123,5200000,P,457000,460200,1,1
1705419900000,20240123,4880000,C,500,600,1,1
1705419900000,20240123,4880000,P,137100,140300,1,1
1705419900000,20240123,4130000,C,614200,617500,1,1
1705419900000,20240123,4130000,P,200,300,1,1
1705419900000,20240123,4450000,C,295000,298300,1,1
1705419900000,20240123,4450000,P,600,700,1,1
1705419900000,20240123,4770000,C,16600,16700,1,1
1705419900000,20240123,4770000,P,40400,40800,1,1
1705419900000,20240123,4020000,C,724000,727300,1,1
1705419900000,20240123,4020000,P,200,300,1,1
1705419900000,20240123,4340000,C,404700,407900,1,1
1705419900000,20240123,4340000,P,400,500,1,1
1705419900000,20240123,4660000,C,91000,92200,1,1
1705419900000,20240123,4660000,P,5400,5500,1,1
1705419900000,20240123,4980000,C,100,200,1,1
1705419900000,20240123,4980000,P,237000,240300,1,1
1705419900000,20240123,5300000,P,557000,560200,1,1
1705419900000,20240123,4230000,C,514500,517700,1,1
1705419900000,20240123,4230000,P,300,400,1,1
1705419900000,20240123,4550000,C,195700,198900,1,1
1705419900000,20240123,4550000,P,1100,1200,1,1
1705419900000,20240123,4870000,C,700,800,1,1
1705419900000,20240123,4870000,P,127100,130300,1,1
1705419900000,20240123,4120000,C,624200,627500,1,1
1705419900000,20240123,4120000,P,200,300,1,1
1705419900000,20240123,4440000,C,305000,308200,1,1
1705419900000,20240123,4440000,P,500,600,1,1
1705419900000,20240123,4760000,C,20700,20800,1,1
1705419900000,20240123,4760000,P,34600,34800,1,1
1705419900000,20240123,5080000,P,337000,340200,1,1
1705419900000,20240123,5400000,P,657000,660200,1,1
1705419900000,20240123,4330000,C,414700,417900,1,1
1705419900000,20240123,4330000,P,400,500,1,1
1705419900000,20240123,4650000,C,100100,101300,1,1
1705419900000,20240123,4650000,P,4400,4500,1,1
1705419900000,20240123,4970000,C,100,200,1,1
1705419900000,20240123,4970000,P,227000,230300,1,1
1705419900000,20240123,4220000,C,524400,527700,1,1
1705419900000,20240123,4220000,P,300,400,1,1
1705419900000,20240123,4540000,C,205600,208800,1,1
1705419900000,20240123,4540000,P,1000,1100,1,1
1705419900000,20240123,4860000,C,1000,1100,1,1
1705419900000,20240123,4860000,P,117100,120300,1,1
1705419900000,20240123,5180000,P,437000,440200,1,1
1705419900000,20240123,4110000,C,634200,637500,1,1
1705419900000,20240123,4110000,P,200,300,1,1
1705419900000,20240123,4430000,C,315000,318200,1,1
1705419900000,20240123,4430000,P,500,600,1,1
1705419900000,20240123,4750000,C,25500,25700,1,1
1705419900000,20240123,4750000,P,29400,29500,1,1
1705419900000,20240123,4320000,C,424700,427900,1,1
1705419900000,20240123,4320000,P,400,500,1,1
1705419900000,20240123,4640000,C,109300,110600,1,1
1705419900000,20240123,4640000,P,3700,3800,1,1
1705419900000,20240123,4960000,C,100,200,1,1
1705419900000,20240123,4960000,P,217000,220300,1,1
1705419900000,20240123,4210000,C,534400,537700,1,1
1705419900000,20240123,4210000,P,300,400,1,1
1705419900000,20240123,4530000,C,215500,218700,1,1
1705419900000,20240123,4530000,P,900,1000,1,1
1705419900000,20240123,4850000,C,1500,1600,1,1
1705419900000,20240123,4850000,P,107100,110300,1,1
1705419900000,20240123,4100000,C,644200,647500,1,1
1705419900000,20240123,4100000,P,200,300,1,1
1705419900000,20240123,4420000,C,324900,328200,1,1
1705419900000,20240123,4420000,P,500,600,1,1
1705419900000,20240123,4740000,C,30900,31100,1,1
1705419900000,20240123,4740000,P,24800,24900,1,1
1705419900000,20240123,5060000,C,100,200,1,1
1705419900000,20240123,5060000,P,317000,320200,1,1
1705419900000,20240123,4310000,C,434600,437900,1,1
1705419900000,20240123,4310000,P,400,500,1,1
1705419900000,20240123,4630000,C,118600,120000,1,1
1705419900000,20240123,4630000,P,3100,3200,1,1
1705419900000,20240123,4950000,C,100,200,1,1
1705419900000,20240123,4950000,P,207000,210300,1,1
1705419900000,20240123,4200000,C,544400,547600,1,1
1705419900000,20240123,4200000,P,300,400,1,1
1705419900000,20240123,4520000,C,225400,228600,1,1
1705419900000,20240123,4520000,P,800,900,1,1
1705419900000,20240123,4840000,C,2100,2200,1,1
1705419900000,20240123,4840000,P,97100,100300,1,1
1705419900000,20240123,5160000,P,417000,420200,1,1
1705419900000,20240123,4090000,C,654200,657400,1,1
1705419900000,20240123,4090000,P,200,300,1,1
1705419900000,20240123,4410000,C,334900,338100,1,1
1705419900000,20240123,4410000,P,500,600,1,1
1705419900000,20240123,4730000,C,36900,37100,1,1
1705419900000,20240123,4730000,P,20700,20800,1,1
1705419900000,20240123,5050000,C,100,200,1,1
1705419900000,20240123,5050000,P,307000,310200,1,1
1705419900000,20240123,4300000,C,444600,447900,1,1
1705419900000,20240123,4300000,P,300,400,1,1
1705419900000,20240123,4620000,C,128100,129500,1,1
1705419900000,20240123,4620000,P,2600,2700,1,1
1705419900000,20240123,4940000,C,200,300,1,1
1705419900000,20240123,4940000,P,197100,200300,1,1
1705419900000,20240123,4190000,C,554400,557600,1,1
1705419900000,20240123,4190000,P,300,400,1,1
1705419900000,20240123,4510000,C,235300,238600,1,1
1705419900000,20240123,4510000,P,800,900,1,1
1705419900000,20240123,4830000,C,2900,3000,1,1
1705419900000,20240123,4830000,P,88100,89600,1,1
1705419900000,20240123,5150000,P,407000,410200,1,1
1705419900000,20240123,5250000,P,507000,510200,1,1
1705419900000,20240123,4400000,C,344900,348100,1,1
1705419900000,20240123,4400000,P,500,600,1,1
1705419900000,20240123,4080000,C,664200,667400,1,1
1705419900000,20240123,4080000,P,200,300,1,1
1705419900000,20240123,4720000,C,43300,43700,1,1
1705419900000,20240123,4720000,P,17200,17300,1,1
1705419900000,20240123,5040000,C,100,200,1,1
1705419900000,20240123,5040000,P,297000,300200,1,1
1705419900000,20240123,4290000,C,454600,457800,1,1
1705419900000,20240123,4290000,P,300,400,1,1
1705419900000,20240123,4610000,C,137700,139100,1,1
1705419900000,20240123,4610000,P,2200,2300,1,1
1705419900000,20240123,4930000,C,200,300,1,1
1705419900000,20240123,4930000,P,187100,190300,1,1
1705419900000,20240123,5350000,P,607000,610200,1,1
1705419900000,20240123,4500000,C,245300,248500,1,1
1705419900000,20240123,4500000,P,800,900,1,1
1705419900000,20240123,4180000,C,564300,567600,1,1
1705419900000,20240123,4180000,P,300,400,1,1
1705419900000,20240123,4820000,C,4100,4200,1,1
1705419900000,20240123,4820000,P,78900,80200,1,1
1705419900000,20240123,5140000,P,397000,400200,1,1
1705419900000,20240123,4070000,C,674100,677400,1,1
1705419900000,20240123,4070000,P,200,300,1,1
1705419900000,20240123,4390000,C,354800,358100,1,1
1705419900000,20240123,4390000,P,400,500,1,1
1705419900000,20240123,4710000,C,50200,50800,1,1
1705419900000,20240123,4710000,P,14300,14400,1,1
1705419900000,20240123,5450000,P,707000,710200,1,1
1705419900000,20240123,4280000,C,464600,467800,1,1
1705419900000,20240123,4280000,P,300,400,1,1
1705419900000,20240123,4600000,C,147400,148800,1,1
1705419900000,20240123,4600000,P,1900,2000,1,1
1705419900000,20240123,4920000,C,200,300,1,1
1705419900000,20240123,4920000,P,177100,180300,1,1
1705419900000,20240123,5240000,P,497000,500200,1,1
1705419900000,20240123,4170000,C,574300,577600,1,1
1705419900000,20240123,4170000,P,300,400,1,1
1705419900000,20240123,4490000,C,255200,258400,1,1
1705419900000,20240123,4490000,P,700,800,1,1
1705419900000,20240123,4810000,C,5600,5700,1,1
1705419900000,20240123,4810000,P,70000,71200,1,1
1705419900000,20240123,4060000,C,684100,687400,1,1
1705419900000,20240123,4060000,P,200,300,1,1
1705419900000,20240123,4380000,C,364800,368000,1,1
1705419900000,20240123,4380000,P,400,500,1,1
1705419900000,20240123,4700000,C,57700,58400,1,1
1705419900000,20240123,4700000,P,11700,11800,1,1
1705419900000,20240123,5020000,C,100,200,1,1
1705419900000,20240123,5020000,P,277000,280200,1,1
1705419900000,20240123,4270000,C,474500,477800,1,1
1705419900000,20240123,4270000,P,300,400,1,1
1705419900000,20240123,4590000,C,157100,158500,1,1
1705419900000,20240123,4590000,P,1700,1800,1,1
1705419900000,20240123,4910000,C,300,400,1,1
1705419900000,20240123,4910000,P,167100,170300,1,1
1705419900000,20240124,4160000,C,585000,588300,1,1
1705419900000,20240124,4160000,P,300,400,1,1
1705419900000,20240124,4480000,C,266100,269300,1,1
1705419900000,20240124,4480000,P,900,1000,1,1
1705419900000,20240124,4800000,C,9600,9700,1,1
1705419900000,20240124,4800000,P,63100,63800,1,1
1705419900000,20240124,4050000,C,694800,698100,1,1
1705419900000,20240124,4050000,P,200,300,1,1
1705419900000,20240124,4370000,C,375600,378800,1,1
1705419900000,20240124,4370000,P,500,600,1,1
1705419900000,20240124,4690000,C,68500,69300,1,1
1705419900000,20240124,4690000,P,11900,12000,1,1
1705419900000,20240124,4260000,C,485300,488500,1,1
1705419900000,20240124,4260000,P,400,500,1,1
1705419900000,20240124,4580000,C,167500,170600,1,1
1705419900000,20240124,4580000,P,2100,2200,1,1
1705419900000,20240124,4900000,C,500,600,1,1
1705419900000,20240124,4900000,P,157100,160300,1,1
1705419900000,20240124,4150000,C,595000,598300,1,1
1705419900000,20240124,4150000,P,300,400,1,1
1705419900000,20240124,4470000,C,276000,279300,1,1
1705419900000,20240124,4470000,P,900,1000,1,1
1705419900000,20240124,4790000,C,12300,12400,1,1
1705419900000,20240124,4790000,P,55700,56400,1,1
1705419900000,20240124,4040000,C,704800,708000,1,1
1705419900000,20240124,4040000,P,200,300,1,1
1705419900000,20240124,4360000,C,385600,388800,1,1
1705419900000,20240124,4360000,P,500,600,1,1
1705419900000,20240124,4680000,C,76600,77400,1,1
1705419900000,20240124,4680000,P,10000,10100,1,1
1705419900000,20240124,5000000,C,100,200,1,1
1705419900000,20240124,5000000,P,257000,260200,1,1
1705419900000,20240124,4250000,C,495200,498500,1,1
1705419900000,20240124,4250000,P,400,500,1,1
1705419900000,20240124,4570000,C,177200,180400,1,1
1705419900000,20240124,4570000,P,1900,2000,1,1
1705419900000,20240124,4890000,C,700,800,1,1
1705419900000,20240124,4890000,P,147100,150300,1,1
1705419900000,20240124,4140000,C,605000,608300,1,1
1705419900000,20240124,4140000,P,300,400,1,1
1705419900000,20240124,4460000,C,286000,289200,1,1
1705419900000,20240124,4460000,P,800,900,1,1
1705419900000,20240124,4780000,C,15500,15700,1,1
1705419900000,20240124,4780000,P,48800,49300,1,1
1705419900000,20240124,5100000,P,357000,360200,1,1
1705419900000,20240124,4350000,C,395500,398800,1,1
1705419900000,20240124,4350000,P,500,600,1,1
1705419900000,20240124,4670000,C,84900,85900,1,1
1705419900000,20240124,4670000,P,8400,8500,1,1
1705419900000,20240124,4990000,C,100,200,1,1
1705419900000,20240124,4990000,P,247000,250200,1,1
1705419900000,20240124,4240000,C,505200,508500,1,1
1705419900000,20240124,4240000,P,400,500,1,1
1705419900000,20240124,4560000,C,187000,190200,1,1
1705419900000,20240124,4560000,P,1700,1800,1,1
1705419900000,20240124,5200000,P,457000,460200,1,1
1705419900000,20240124,4880000,C,900,1000,1,1
1705419900000,20240124,4880000,P,137100,140300,1,1
1705419900000,20240124,4130000,C,615000,618200,1,1
1705419900000,20240124,4130000,P,300,400,1,1
1705419900000,20240124,4450000,C,295900,299200,1,1
1705419900000,20240124,4450000,P,800,900,1,1
1705419900000,20240124,4770000,C,19300,19500,1,1
1705419900000,20240124,4770000,P,42600,42900,1,1
1705419900000,20240124,4340000,C,405500,408700,1,1
1705419900000,20240124,4340000,P,500,600,1,1
1705419900000,20240124,4660000,C,93500,94600,1,1
1705419900000,20240124,4660000,P,7100,7200,1,1
1705419900000,20240124,4980000,C,100,200,1,1
1705419900000,20240124,4980000,P,237000,240300,1,1
1705419900000,20240124,5300000,P,557000,560200,1,1
1705419900000,20240124,4230000,C,515200,518500,1,1
1705419900000,20240124,4230000,P,400,500,1,1
1705419900000,20240124,4550000,C,196800,200000,1,1
1705419900000,20240124,4550000,P,1500,1600,1,1
1705419900000,20240124,4870000,C,1200,1300,1,1
1705419900000,20240124,4870000,P,127100,130300,1,1
1705419900000,20240124,4120000,C,624900,628200,1,1
1705419900000,20240124,4120000,P,300,400,1,1
1705419900000,20240124,4440000,C,305900,309100,1,1
1705419900000,20240124,4440000,P,700,800,1,1
1705419900000,20240124,4760000,C,23700,23800,1,1
1705419900000,20240124,4760000,P,36900,37100,1,1
1705419900000,20240124,5400000,P,657000,660200,1,1
1705419900000,20240124,4330000,C,415500,418700,1,1
1705419900000,20240124,4330000,P,500,600,1,1
1705419900000,20240124,4650000,C,102400,103500,1,1
1705419900000,20240124,4650000,P,6000,6100,1,1
1705419900000,20240124,4970000,C,200,300,1,1
1705419900000,20240124,4970000,P,227000,230300,1,1
1705419900000,20240124,4220000,C,525200,528400,1,1
1705419900000,20240124,4220000,P,400,500,1,1
1705419900000,20240124,4540000,C,206700,209900,1,1
1705419900000,20240124,4540000,P,1400,1500,1,1
1705419900000,20240124,4860000,C,1600,1700,1,1
1705419900000,20240124,4860000,P,117100,120300,1,1
1705419900000,20240124,4110000,C,634900,638200,1,1
1705419900000,20240124,4110000,P,300,400,1,1
1705419900000,20240124,4430000,C,315800,319100,1,1
1705419900000,20240124,4430000,P,700,800,1,1
1705419900000,20240124,4750000,C,28600,28800,1,1
1705419900000,20240124,4750000,P,31800,32000,1,1
1705419900000,20240124,4320000,C,425400,428700,1,1
1705419900000,20240124,4320000,P,500,600,1,1
1705419900000,20240124,4640000,C,111400,112600,1,1
1705419900000,20240124,4640000,P,5100,5200,1,1
1705419900000,20240124,4960000,C,200,300,1,1
1705419900000,20240124,4960000,P,217000,220300,1,1
1705419900000,20240124,4210000,C,535200,538400,1,1
1705419900000,20240124,4210000,P,300,400,1,1
1705419900000,20240124,4530000,C,216500,219700,1,1
1705419900000,20240124,4530000,P,1300,1400,1,1
1705419900000,20240124,4850000,C,2300,2400,1,1
1705419900000,20240124,4850000,P,107100,110300,1,1
1705419900000,20240124,4100000,C,644900,648200,1,1
1705419900000,20240124,4100000,P,200,300,1,1
1705419900000,20240124,4420000,C,325800,329000,1,1
1705419900000,20240124,4420000,P,700,800,1,1
1705419900000,20240124,4740000,C,34100,34300,1,1
1705419900000,20240124,4740000,P,27200,27400,1,1
1705419900000,20240124,5060000,C,100,200,1,1
1705419900000,20240124,5060000,P,317000,320200,1,1
1705419900000,20240124,4310000,C,435400,438700,1,1
1705419900000,20240124,4310000,P,400,500,1,1
1705419900000,20240124,4630000,C,120600,121900,1,1
1705419900000,20240124,4630000,P,4300,4400,1,1
1705419900000,20240124,4950000,C,200,300,1,1
1705419900000,20240124,4950000,P,207000,210300,1,1
1705419900000,20240124,4200000,C,545100,548400,1,1
1705419900000,20240124,4200000,P,300,400,1,1
1705419900000,20240124,4520000,C,226400,229600,1,1
1705419900000,20240124,4520000,P,1200,1300,1,1
1705419900000,20240124,4840000,C,3100,3200,1,1
1705419900000,20240124,4840000,P,98000,99500,1,1
1705419900000,20240124,4090000,C,654900,658100,1,1
1705419900000,20240124,4090000,P,200,300,1,1
1705419900000,20240124,4410000,C,335700,339000,1,1
1705419900000,20240124,4410000,P,600,700,1,1
1705419900000,20240124,4730000,C,40100,40300,1,1
1705419900000,20240124,4730000,P,23200,23400,1,1
1705419900000,20240124,5050000,C,100,200,1,1
1705419900000,20240124,5050000,P,307000,310200,1,1
1705419900000,20240124,4300000,C,445400,448600,1,1
1705419900000,20240124,4300000,P,400,500,1,1
1705419900000,20240124,4620000,C,130000,131300,1,1
1705419900000,20240124,4620000,P,3700,3800,1,1
1705419900000,20240124,4940000,C,200,300,1,1
1705419900000,20240124,4940000,P,197000,200300,1,1
1705419900000,20240124,4190000,C,555100,558400,1,1
1705419900000,20240124,4190000,P,300,400,1,1
1705419900000,20240124,4510000,C,236300,239500,1,1
1705419900000,20240124,4510000,P,1100,1200,1,1
1705419900000,20240124,4830000,C,4200,4300,1,1
1705419900000,20240124,4830000,P,88600,90000,1,1
1705419900000,20240124,5150000,P,407000,410200,1,1
1705419900000,20240124,5250000,P,507000,510200,1,1
1705419900000,20240124,4400000,C,345700,348900,1,1
1705419900000,20240124,4400000,P,600,700,1,1
1705419900000,20240124,4080000,C,664900,668100,1,1
1705419900000,20240124,4080000,P,200,300,1,1
1705419900000,20240124,4720000,C,46600,46900,1,1
1705419900000,20240124,4720000,P,19700,19900,1,1
1705419900000,20240124,5040000,C,100,200,1,1
1705419900000,20240124,5040000,P,297000,300200,1,1
1705419900000,20240124,4290000,C,455400,458600,1,1
1705419900000,20240124,4290000,P,400,500,1,1
1705419900000,20240124,4610000,C,139400,140800,1,1
1705419900000,20240124,4610000,P,3200,3300,1,1
1705419900000,20240124,4930000,C,300,400,1,1
1705419900000,20240124,4930000,P,187100,190300,1,1
1705419900000,20240124,5350000,P,607000,610200,1,1
1705419900000,20240124,4500000,C,246200,249500,1,1
1705419900000,20240124,4500000,P,1000,1100,1,1
1705419900000,20240124,4180000,C,565100,568300,1,1
1705419900000,20240124,4180000,P,300,400,1,1
1705419900000,20240124,4820000,C,5600,5700,1,1
1705419900000,20240124,4820000,P,79600,80800,1,1
1705419900000,20240124,4070000,C,674800,678100,1,1
1705419900000,20240124,4070000,P,200,300,1,1
1705419900000,20240124,4390000,C,355700,358900,1,1
1705419900000,20240124,4390000,P,600,700,1,1
1705419900000,20240124,4710000,C,53400,53900,1,1
1705419900000,20240124,4710000,P,16700,16800,1,1
1705419900000,20240124,5450000,P,707000,710200,1,1
1705419900000,20240124,4280000,C,465300,468600,1,1
1705419900000,20240124,4280000,P,400,500,1,1
1705419900000,20240124,4600000,C,149000,150300,1,1
1705419900000,20240124,4600000,P,2800,2900,1,1
1705419900000,20240124,4920000,C,300,400,1,1
1705419900000,20240124,4920000,P,177100,180300,1,1
1705419900000,20240124,4170000,C,575100,578300,1,1
1705419900000,20240124,4170000,P,300,400,1,1
1705419900000,20240124,4490000,C,256200,259400,1,1
1705419900000,20240124,4490000,P,1000,1100,1,1
1705419900000,20240124,4810000,C,7400,7500,1,1
1705419900000,20240124,4810000,P,71100,72100,1,1
1705419900000,20240124,4060000,C,684800,688100,1,1
1705419900000,20240124,4060000,P,200,300,1,1
1705419900000,20240124,4380000,C,365600,368900,1,1
1705419900000,20240124,4380000,P,600,700,1,1
1705419900000,20240124,4700000,C,60800,61400,1,1
1705419900000,20240124,4700000,P,14100,14200,1,1
1705419900000,20240124,5020000,C,100,200,1,1
1705419900000,20240124,5020000,P,277000,280200,1,1
1705419900000,20240124,4270000,C,475300,478600,1,1
1705419900000,20240124,4270000,P,400,500,1,1
1705419900000,20240124,4590000,C,158600,160000,1,1
1705419900000,20240124,4590000,P,2400,2500,1,1
1705419900000,20240124,4910000,C,400,500,1,1
1705419900000,20240124,4910000,P,167100,170300,1,1
1705419900000,20240125,4800000,C,12100,12200,1,1
1705419900000,20240125,4800000,P,64300,65200,1,1
1705419900000,20240125,4690000,C,72400,73100,1,1
1705419900000,20240125,4690000,P,13700,13800,1,1
1705419900000,20240125,4900000,C,800,900,1,1
1705419900000,20240125,4900000,P,157100,160300,1,1
1705419900000,20240125,4790000,C,15100,15200,1,1
1705419900000,20240125,4790000,P,57100,57800,1,1
1705419900000,20240125,4680000,C,80400,81200,1,1
1705419900000,20240125,4680000,P,11700,11900,1,1
1705419900000,20240125,5000000,C,200,300,1,1
1705419900000,20240125,5000000,P,257000,260200,1,1
1705419900000,20240125,4890000,C,1100,1200,1,1
1705419900000,20240125,4890000,P,147100,150300,1,1
1705419900000,20240125,4780000,C,18600,18700,1,1
1705419900000,20240125,4780000,P,50400,50900,1,1
1705419900000,20240125,5100000,C,100,200,1,1
1705419900000,20240125,5100000,P,357000,360200,1,1
1705419900000,20240125,4670000,C,88700,89600,1,1
1705419900000,20240125,4670000,P,10100,10200,1,1
1705419900000,20240125,4990000,C,200,300,1,1
1705419900000,20240125,4990000,P,247000,250300,1,1
1705419900000,20240125,5200000,P,457000,460200,1,1
1705419900000,20240125,4880000,C,1400,1500,1,1
1705419900000,20240125,4880000,P,137100,140300,1,1
1705419900000,20240125,4770000,C,22600,22800,1,1
1705419900000,20240125,4770000,P,44300,44600,1,1
1705419900000,20240125,4660000,C,97200,98200,1,1
1705419900000,20240125,4660000,P,8600,8700,1,1
1705419900000,20240125,4980000,C,200,300,1,1
1705419900000,20240125,4980000,P,237000,240300,1,1
1705419900000,20240125,5300000,P,557000,560200,1,1
1705419900000,20240125,4870000,C,1900,2000,1,1
1705419900000,20240125,4870000,P,127100,130300,1,1
1705419900000,20240125,4760000,C,27200,27300,1,1
1705419900000,20240125,4760000,P,38800,39000,1,1
1705419900000,20240125,4650000,C,105900,107100,1,1
1705419900000,20240125,4650000,P,7400,7500,1,1
1705419900000,20240125,4970000,C,200,300,1,1
1705419900000,20240125,4970000,P,227000,230300,1,1
1705419900000,20240125,4860000,C,2500,2600,1,1
1705419900000,20240125,4860000,P,117100,120300,1,1
1705419900000,20240125,4750000,C,32300,32400,1,1
1705419900000,20240125,4750000,P,33800,33900,1,1
1705419900000,20240125,4640000,C,114900,116100,1,1
1705419900000,20240125,4640000,P,6400,6500,1,1
1705419900000,20240125,4960000,C,200,300,1,1
1705419900000,20240125,4960000,P,217000,220300,1,1
1705419900000,20240125,4850000,C,3300,3400,1,1
1705419900000,20240125,4850000,P,108000,109500,1,1
1705419900000,20240125,4740000,C,37900,38100,1,1
1705419900000,20240125,4740000,P,29300,29400,1,1
1705419900000,20240125,4630000,C,124000,125200,1,1
1705419900000,20240125,4630000,P,5500,5600,1,1
1705419900000,20240125,4950000,C,300,400,1,1
1705419900000,20240125,4950000,P,207000,210300,1,1
1705419900000,20240125,4840000,C,4400,4500,1,1
1705419900000,20240125,4840000,P,98300,99700,1,1
1705419900000,20240125,4730000,C,44000,44200,1,1
1705419900000,20240125,4730000,P,25300,25400,1,1
1705419900000,20240125,4300000,C,447500,450800,1,1
1705419900000,20240125,4300000,P,600,700,1,1
1705419900000,20240125,4620000,C,133200,134500,1,1
1705419900000,20240125,4620000,P,4800,4900,1,1
1705419900000,20240125,4940000,C,300,400,1,1
1705419900000,20240125,4940000,P,197000,200300,1,1
1705419900000,20240125,4830000,C,5800,5900,1,1
1705419900000,20240125,4830000,P,89100,90400,1,1
1705419900000,20240125,4400000,C,347900,351200,1,1
1705419900000,20240125,4400000,P,800,900,1,1
1705419900000,20240125,4720000,C,50500,50800,1,1
1705419900000,20240125,4720000,P,21800,21900,1,1
1705419900000,20240125,4610000,C,142600,143900,1,1
1705419900000,20240125,4610000,P,4200,4300,1,1
1705419900000,20240125,4930000,C,400,500,1,1
1705419900000,20240125,4930000,P,187100,190300,1,1
1705419900000,20240125,4500000,C,248700,251900,1,1
1705419900000,20240125,4500000,P,1400,1500,1,1
1705419900000,20240125,4820000,C,7500,7600,1,1
1705419900000,20240125,4820000,P,80400,81500,1,1
1705419900000,20240125,4710000,C,57400,57900,1,1
1705419900000,20240125,4710000,P,18700,18800,1,1
1705419900000,20240125,4600000,C,152000,153400,1,1
1705419900000,20240125,4600000,P,3700,3800,1,1
1705419900000,20240125,4920000,C,500,600,1,1
1705419900000,20240125,4920000,P,177100,180300,1,1
1705419900000,20240125,4810000,C,9600,9700,1,1
1705419900000,20240125,4810000,P,72100,73100,1,1
1705419900000,20240125,4700000,C,64700,65300,1,1
1705419900000,20240125,4700000,P,16000,16200,1,1
1705419900000,20240125,4910000,C,600,700,1,1
1705419900000,20240125,4910000,P,167100,170300,1,1
1705419900000,20240126,4480000,C,270300,271800,1,1
1705419900000,20240126,4480000,P,1500,1600,1,1
1705419900000,20240126,4800000,C,14200,14300,1,1
1705419900000,20240126,4800000,P,65700,66300,1,1
1705419900000,20240126,5120000,C,100,200,1,1
1705419900000,20240126,5120000,P,377000,380200,1,1
1705419900000,20240126,4475000,C,275300,276800,1,1
1705419900000,20240126,4475000,P,1500,1600,1,1
1705419900000,20240126,4370000,C,378700,381900,1,1
1705419900000,20240126,4370000,P,900,1000,1,1
1705419900000,20240126,4050000,C,697500,700800,1,1
1705419900000,20240126,4050000,P,400,500,1,1
1705419900000,20240126,4690000,C,75000,75700,1,1
1705419900000,20240126,4690000,P,15600,15700,1,1
1705419900000,20240126,4580000,C,172700,174000,1,1
1705419900000,20240126,4580000,P,3600,3700,1,1
1705419900000,20240126,4900000,C,1200,1300,1,1
1705419900000,20240126,4900000,P,157100,160300,1,1
1705419900000,20240126,4575000,C,177400,178800,1,1
1705419900000,20240126,4575000,P,3400,3500,1,1
1705419900000,20240126,4150000,C,597800,601100,1,1
1705419900000,20240126,4150000,P,500,600,1,1
1705419900000,20240126,4470000,C,280200,281700,1,1
1705419900000,20240126,4470000,P,1400,1500,1,1
1705419900000,20240126,4790000,C,17400,17500,1,1
1705419900000,20240126,4790000,P,58600,59200,1,1
1705419900000,20240126,4360000,C,388600,391800,1,1
1705419900000,20240126,4360000,P,900,1000,1,1
1705419900000,20240126,5000000,C,200,300,1,1
1705419900000,20240126,5000000,P,257000,260200,1,1
1705419900000,20240126,4680000,C,83000,83800,1,1
1705419900000,20240126,4680000,P,13500,13600,1,1
1705419900000,20240126,4675000,C,87000,87900,1,1
1705419900000,20240126,4675000,P,12600,12700,1,1
1705419900000,20240126,4250000,C,498100,501400,1,1
1705419900000,20240126,4250000,P,600,700,1,1
1705419900000,20240126,4570000,C,182200,183600,1,1
1705419900000,20240126,4570000,P,3200,3300,1,1
1705419900000,20240126,4890000,C,1500,1600,1,1
1705419900000,20240126,4890000,P,147100,150300,1,1
1705419900000,20240126,3500000,C,1246100,1249500,1,1
1705419900000,20240126,3500000,P,100,200,1,1
1705419900000,20240126,4460000,C,290100,291600,1,1
1705419900000,20240126,4460000,P,1400,1500,1,1
1705419900000,20240126,4780000,C,21000,21200,1,1
1705419900000,20240126,4780000,P,52100,52500,1,1
1705419900000,20240126,5100000,C,100,200,1,1
1705419900000,20240126,5100000,P,357000,360200,1,1
1705419900000,20240126,4350000,C,398600,401800,1,1
1705419900000,20240126,4350000,P,800,900,1,1
1705419900000,20240126,4670000,C,91100,92000,1,1
1705419900000,20240126,4670000,P,11700,11900,1,1
1705419900000,20240126,4990000,C,200,300,1,1
1705419900000,20240126,4990000,P,247000,250300,1,1
1705419900000,20240126,3600000,C,1146300,1149700,1,1
1705419900000,20240126,3600000,P,100,200,1,1
1705419900000,20240126,4560000,C,191900,193300,1,1
1705419900000,20240126,4560000,P,2900,3000,1,1
1705419900000,20240126,5200000,P,457000,460200,1,1
1705419900000,20240126,4880000,C,2000,2100,1,1
1705419900000,20240126,4880000,P,137100,140300,1,1
1705419900000,20240126,4875000,C,2300,2400,1,1
1705419900000,20240126,4875000,P,132100,135300,1,1
1705419900000,20240126,4450000,C,300000,301500,1,1
1705419900000,20240126,4450000,P,1300,1400,1,1
1705419900000,20240126,4770000,C,25200,25400,1,1
1705419900000,20240126,4770000,P,46100,46400,1,1
1705419900000,20240126,3700000,C,1046500,1049900,1,1
1705419900000,20240126,3700000,P,100,200,1,1
1705419900000,20240126,4340000,C,408500,411800,1,1
1705419900000,20240126,4340000,P,800,900,1,1
1705419900000,20240126,4660000,C,99600,100500,1,1
1705419900000,20240126,4660000,P,10200,10300,1,1
1705419900000,20240126,4980000,C,300,400,1,1
1705419900000,20240126,4980000,P,237000,240300,1,1
1705419900000,20240126,5300000,P,557000,560200,1,1
1705419900000,20240126,4550000,C,201600,203000,1,1
1705419900000,20240126,4550000,P,2600,2700,1,1
1705419900000,20240126,4870000,C,2600,2700,1,1
1705419900000,20240126,4870000,P,127100,130300,1,1
1705419900000,20240126,3800000,C,946800,950200,1,1
1705419900000,20240126,3800000,P,200,300,1,1
1705419900000,20240126,4440000,C,309100,312300,1,1
1705419900000,20240126,4440000,P,1200,1300,1,1
1705419900000,20240126,4760000,C,29900,30000,1,1
1705419900000,20240126,4760000,P,40700,40900,1,1
1705419900000,20240126,5080000,C,100,200,1,1
1705419900000,20240126,5080000,P,337000,340200,1,1
1705419900000,20240126,5400000,P,657000,660200,1,1
1705419900000,20240126,4330000,C,418500,421700,1,1
1705419900000,20240126,4330000,P,800,900,1,1
1705419900000,20240126,4650000,C,108200,109200,1,1
1705419900000,20240126,4650000,P,8900,9000,1,1
1705419900000,20240126,4970000,C,300,400,1,1
1705419900000,20240126,4970000,P,227000,230300,1,1
1705419900000,20240126,3900000,C,847100,850400,1,1
1705419900000,20240126,3900000,P,200,300,1,1
1705419900000,20240126,4540000,C,211300,212800,1,1
1705419900000,20240126,4540000,P,2400,2500,1,1
1705419900000,20240126,4860000,C,3400,3500,1,1
1705419900000,20240126,4860000,P,117100,120300,1,1
1705419900000,20240126,4430000,C,319000,322300,1,1
1705419900000,20240126,4430000,P,1200,1300,1,1
1705419900000,20240126,4750000,C,35100,35200,1,1
1705419900000,20240126,4750000,P,35700,35900,1,1
1705419900000,20240126,4320000,C,428400,431700,1,1
1705419900000,20240126,4320000,P,800,900,1,1
1705419900000,20240126,4000000,C,747300,750600,1,1
1705419900000,20240126,4000000,P,300,400,1,1
1705419900000,20240126,4640000,C,117000,118100,1,1
1705419900000,20240126,4640000,P,7700,7800,1,1
1705419900000,20240126,4960000,C,300,400,1,1
1705419900000,20240126,4960000,P,217000,220300,1,1
1705419900000,20240126,4530000,C,221100,222500,1,1
1705419900000,20240126,4530000,P,2200,2300,1,1
1705419900000,20240126,4850000,C,4400,4500,1,1
1705419900000,20240126,4850000,P,108100,109500,1,1
1705419900000,20240126,4525000,C,226000,227500,1,1
1705419900000,20240126,4525000,P,2100,2200,1,1
1705419900000,20240126,4100000,C,647600,650900,1,1
1705419900000,20240126,4100000,P,500,600,1,1
1705419900000,20240126,4420000,C,329000,332200,1,1
1705419900000,20240126,4420000,P,1100,1200,1,1
1705419900000,20240126,4740000,C,40700,40900,1,1
1705419900000,20240126,4740000,P,31300,31400,1,1
1705419900000,20240126,5060000,C,100,200,1,1
1705419900000,20240126,5060000,P,317000,320200,1,1
1705419900000,20240126,4950000,C,400,500,1,1
1705419900000,20240126,4950000,P,207000,210300,1,1
1705419900000,20240126,4630000,C,126000,127200,1,1
1705419900000,20240126,4630000,P,6800,6900,1,1
1705419900000,20240126,4625000,C,130500,131700,1,1
1705419900000,20240126,4625000,P,6300,6400,1,1
1705419900000,20240126,4200000,C,548000,551200,1,1
1705419900000,20240126,4200000,P,500,600,1,1
1705419900000,20240126,4520000,C,230900,232400,1,1
1705419900000,20240126,4520000,P,2000,2100,1,1
1705419900000,20240126,4840000,C,5700,5800,1,1
1705419900000,20240126,4840000,P,98700,100100,1,1
1705419900000,20240126,4410000,C,338900,342100,1,1
1705419900000,20240126,4410000,P,1100,1200,1,1
1705419900000,20240126,5050000,C,100,200,1,1
1705419900000,20240126,5050000,P,307000,310200,1,1
1705419900000,20240126,4730000,C,46800,47000,1,1
1705419900000,20240126,4730000,P,27300,27400,1,1
1705419900000,20240126,4300000,C,448300,451600,1,1
1705419900000,20240126,4300000,P,700,800,1,1
1705419900000,20240126,4620000,C,135100,136300,1,1
1705419900000,20240126,4620000,P,5900,6000,1,1
1705419900000,20240126,4940000,C,500,600,1,1
1705419900000,20240126,4940000,P,197000,200300,1,1
1705419900000,20240126,3550000,C,1196200,1199600,1,1
1705419900000,20240126,3550000,P,100,200,1,1
1705419900000,20240126,4510000,C,240700,242200,1,1
1705419900000,20240126,4510000,P,1900,2000,1,1
1705419900000,20240126,5150000,C,100,200,1,1
1705419900000,20240126,5150000,P,407000,410200,1,1
1705419900000,20240126,4830000,C,7200,7300,1,1
1705419900000,20240126,4830000,P,89800,91000,1,1
1705419900000,20240126,5250000,P,507000,510200,1,1
1705419900000,20240126,4400000,C,348800,352100,1,1
1705419900000,20240126,4400000,P,1100,1200,1,1
1705419900000,20240126,4720000,C,53300,53600,1,1
1705419900000,20240126,4720000,P,23800,23900,1,1
1705419900000,20240126,5040000,C,100,200,1,1
1705419900000,20240126,5040000,P,297000,300200,1,1
1705419900000,20240126,3650000,C,1096400,1099800,1,1
1705419900000,20240126,3650000,P,100,200,1,1
1705419900000,20240126,4610000,C,144400,145600,1,1
1705419900000,20240126,4610000,P,5200,5300,1,1
1705419900000,20240126,4930000,C,600,700,1,1
1705419900000,20240126,4930000,P,187100,190300,1,1
1705419900000,20240126,5350000,P,607000,610200,1,1
1705419900000,20240126,4500000,C,250600,252100,1,1
1705419900000,20240126,4500000,P,1700,1800,1,1
1705419900000,20240126,4820000,C,9100,9200,1,1
1705419900000,20240126,4820000,P,81200,82300,1,1
1705419900000,20240126,5140000,C,100,200,1,1
1705419900000,20240126,5140000,P,397000,400200,1,1
1705419900000,20240126,3750000,C,996700,1000100,1,1
1705419900000,20240126,3750000,P,100,200,1,1
1705419900000,20240126,4390000,C,358800,362000,1,1
1705419900000,20240126,4390000,P,1000,1100,1,1
1705419900000,20240126,4710000,C,60200,60600,1,1
1705419900000,20240126,4710000,P,20700,20800,1,1
1705419900000,20240126,5450000,P,707000,710200,1,1
1705419900000,20240126,4600000,C,153700,155000,1,1
1705419900000,20240126,4600000,P,4600,4700,1,1
1705419900000,20240126,4920000,C,700,800,1,1
1705419900000,20240126,4920000,P,177100,180300,1,1
1705419900000,20240126,3850000,C,896900,900300,1,1
1705419900000,20240126,3850000,P,200,300,1,1
1705419900000,20240126,4490000,C,260400,261900,1,1
1705419900000,20240126,4490000,P,1600,1700,1,1
1705419900000,20240126,4810000,C,11400,11500,1,1
1705419900000,20240126,4810000,P,73200,74100,1,1
1705419900000,20240126,4380000,C,368700,372000,1,1
1705419900000,20240126,4380000,P,900,1000,1,1
1705419900000,20240126,4700000,C,67400,68000,1,1
1705419900000,20240126,4700000,P,18000,18100,1,1
1705419900000,20240126,5020000,C,200,300,1,1
1705419900000,20240126,5020000,P,277000,280200,1,1
1705419900000,20240126,3950000,C,797200,800500,1,1
1705419900000,20240126,3950000,P,300,400,1,1
1705419900000,20240126,4590000,C,163100,164500,1,1
1705419900000,20240126,4590000,P,4100,4200,1,1
1705419900000,20240126,4910000,C,900,1000,1,1
1705419900000,20240126,4910000,P,167100,170300,1,1
1705419900000,20240129,4800000,C,16400,16600,1,1
1705419900000,20240129,4800000,P,67000,67700,1,1
1705419900000,20240129,4690000,C,77900,78600,1,1
1705419900000,20240129,4690000,P,17700,17800,1,1
1705419900000,20240129,4900000,C,1700,1800,1,1
1705419900000,20240129,4900000,P,157100,160300,1,1
1705419900000,20240129,4790000,C,19800,19900,1,1
1705419900000,20240129,4790000,P,60200,60800,1,1
1705419900000,20240129,4680000,C,85800,86600,1,1
1705419900000,20240129,4680000,P,15600,15700,1,1
1705419900000,20240129,5000000,C,300,400,1,1
1705419900000,20240129,5000000,P,257000,260200,1,1
1705419900000,20240129,4780000,C,23600,23800,1,1
1705419900000,20240129,4780000,P,53900,54200,1,1
1705419900000,20240129,5100000,C,100,200,1,1
1705419900000,20240129,5100000,P,357000,360200,1,1
1705419900000,20240129,4670000,C,93900,94700,1,1
1705419900000,20240129,4670000,P,13700,13800,1,1
1705419900000,20240129,5200000,P,457000,460200,1,1
1705419900000,20240129,4770000,C,28000,28100,1,1
1705419900000,20240129,4770000,P,48100,48300,1,1
1705419900000,20240129,4660000,C,102200,103100,1,1
1705419900000,20240129,4660000,P,12100,12200,1,1
1705419900000,20240129,5300000,P,557000,560200,1,1
1705419900000,20240129,4760000,C,32700,32900,1,1
1705419900000,20240129,4760000,P,42700,42900,1,1
1705419900000,20240129,4650000,C,110700,111700,1,1
1705419900000,20240129,4650000,P,10600,10800,1,1
1705419900000,20240129,4750000,C,38000,38200,1,1
1705419900000,20240129,4750000,P,37900,38000,1,1
1705419900000,20240129,4850000,C,5600,5800,1,1
1705419900000,20240129,4850000,P,108400,109800,1,1
1705419900000,20240129,4740000,C,43700,43900,1,1
1705419900000,20240129,4740000,P,33500,33600,1,1
1705419900000,20240129,4840000,C,7100,7200,1,1
1705419900000,20240129,4840000,P,99300,100600,1,1
1705419900000,20240129,4730000,C,49900,50000,1,1
1705419900000,20240129,4730000,P,29500,29700,1,1
1705419900000,20240129,4300000,C,449200,452400,1,1
1705419900000,20240129,4300000,P,900,1000,1,1
1705419900000,20240129,4830000,C,8900,9000,1,1
1705419900000,20240129,4830000,P,90500,91700,1,1
1705419900000,20240129,4400000,C,349800,353000,1,1
1705419900000,20240129,4400000,P,1300,1400,1,1
1705419900000,20240129,4720000,C,56300,56700,1,1
1705419900000,20240129,4720000,P,26000,26200,1,1
1705419900000,20240129,4500000,C,251000,254200,1,1
1705419900000,20240129,4500000,P,2300,2400,1,1
1705419900000,20240129,4820000,C,11000,11100,1,1
1705419900000,20240129,4820000,P,82200,83200,1,1
1705419900000,20240129,4710000,C,63200,63600,1,1
1705419900000,20240129,4710000,P,22900,23000,1,1
1705419900000,20240129,4600000,C,155700,157000,1,1
1705419900000,20240129,4600000,P,5800,5900,1,1
1705419900000,20240129,4810000,C,13500,13600,1,1
1705419900000,20240129,4810000,P,74400,75200,1,1
1705419900000,20240129,4700000,C,70400,71000,1,1
1705419900000,20240129,4700000,P,20100,20300,1,1
1705419900000,20240130,4800000,C,18600,18800,1,1
1705419900000,20240130,4800000,P,68500,69100,1,1
1705419900000,20240130,4690000,C,80600,81300,1,1
1705419900000,20240130,4690000,P,19600,19800,1,1
1705419900000,20240130,4900000,C,2300,2400,1,1
1705419900000,20240130,4900000,P,157100,160300,1,1
1705419900000,20240130,4790000,C,22200,22300,1,1
1705419900000,20240130,4790000,P,61800,62300,1,1
1705419900000,20240130,4680000,C,88400,89100,1,1
1705419900000,20240130,4680000,P,17400,17600,1,1
1705419900000,20240130,5000000,C,300,400,1,1
1705419900000,20240130,5000000,P,257000,260200,1,1
1705419900000,20240130,4780000,C,26100,26300,1,1
1705419900000,20240130,4780000,P,55600,56000,1,1
1705419900000,20240130,5100000,C,100,200,1,1
1705419900000,20240130,5100000,P,357000,360200,1,1
1705419900000,20240130,4670000,C,96400,97200,1,1
1705419900000,20240130,4670000,P,15500,15600,1,1
1705419900000,20240130,5200000,C,100,200,1,1
1705419900000,20240130,5200000,P,457000,460200,1,1
1705419900000,20240130,4770000,C,30600,30700,1,1
1705419900000,20240130,4770000,P,49900,50200,1,1
1705419900000,20240130,4660000,C,104600,105600,1,1
1705419900000,20240130,4660000,P,13800,13900,1,1
1705419900000,20240130,5300000,P,557000,560200,1,1
1705419900000,20240130,4760000,C,35400,35600,1,1
1705419900000,20240130,4760000,P,44700,44900,1,1
1705419900000,20240130,4650000,C,113100,114100,1,1
1705419900000,20240130,4650000,P,12300,12400,1,1
1705419900000,20240130,4750000,C,40700,40900,1,1
1705419900000,20240130,4750000,P,39900,40000,1,1
1705419900000,20240130,4850000,C,6900,7100,1,1
1705419900000,20240130,4850000,P,108800,110200,1,1
1705419900000,20240130,4740000,C,46500,46700,1,1
1705419900000,20240130,4740000,P,35500,35700,1,1
1705419900000,20240130,4840000,C,8600,8700,1,1
1705419900000,20240130,4840000,P,99900,101100,1,1
1705419900000,20240130,4730000,C,52600,52800,1,1
1705419900000,20240130,4730000,P,31600,31700,1,1
1705419900000,20240130,4300000,C,450000,453300,1,1
1705419900000,20240130,4300000,P,1100,1200,1,1
1705419900000,20240130,4830000,C,10500,10700,1,1
1705419900000,20240130,4830000,P,91300,92500,1,1
1705419900000,20240130,4400000,C,350800,354000,1,1
1705419900000,20240130,4400000,P,1600,1700,1,1
1705419900000,20240130,4720000,C,59100,59400,1,1
1705419900000,20240130,4720000,P,28100,28200,1,1
1705419900000,20240130,4500000,C,252300,255400,1,1
1705419900000,20240130,4500000,P,2800,2900,1,1
1705419900000,20240130,4820000,C,12800,13000,1,1
1705419900000,20240130,4820000,P,83300,84200,1,1
1705419900000,20240130,4710000,C,65900,66400,1,1
1705419900000,20240130,4710000,P,24900,25100,1,1
1705419900000,20240130,4600000,C,157600,158900,1,1
1705419900000,20240130,4600000,P,7000,7100,1,1
1705419900000,20240130,4810000,C,15500,15700,1,1
1705419900000,20240130,4810000,P,75600,76400,1,1
1705419900000,20240130,4700000,C,73100,73700,1,1
1705419900000,20240130,4700000,P,22100,22300,1,1
1705419900000,20240131,3200000,C,1547000,1550500,1,1
1705419900000,20240131,3200000,P,100,200,1,1
1705419900000,20240131,4160000,C,590200,593600,1,1
1705419900000,20240131,4160000,P,900,1000,1,1
1705419900000,20240131,4480000,C,274300,275700,1,1
1705419900000,20240131,4480000,P,3300,3400,1,1
1705419900000,20240131,4800000,C,22500,22600,1,1
1705419900000,20240131,4800000,P,70300,72400,1,1
1705419900000,20240131,5120000,C,200,300,1,1
1705419900000,20240131,5120000,P,377000,380300,1,1
1705419900000,20240131,4370000,C,381600,385000,1,1
1705419900000,20240131,4370000,P,1800,1900,1,1
1705419900000,20240131,4050000,C,699700,703100,1,1
1705419900000,20240131,4050000,P,700,800,1,1
1705419900000,20240131,4690000,C,84800,85400,1,1
1705419900000,20240131,4690000,P,23000,23200,1,1
1705419900000,20240131,5010000,C,500,600,1,1
1705419900000,20240131,5010000,P,267000,270300,1,1
1705419900000,20240131,3300000,C,1447200,1450700,1,1
1705419900000,20240131,3300000,P,100,200,1,1
1705419900000,20240131,4260000,C,490700,494100,1,1
1705419900000,20240131,4260000,P,1200,1300,1,1
1705419900000,20240131,4580000,C,178800,180000,1,1
1705419900000,20240131,4580000,P,7500,7600,1,1
1705419900000,20240131,4900000,C,3400,3500,1,1
1705419900000,20240131,4900000,P,157000,160300,1,1
1705419900000,20240131,5220000,C,100,200,1,1
1705419900000,20240131,5220000,P,477000,480300,1,1
1705419900000,20240131,4150000,C,600100,603500,1,1
1705419900000,20240131,4150000,P,900,1000,1,1
1705419900000,20240131,4470000,C,284000,285500,1,1
1705419900000,20240131,4470000,P,3100,3200,1,1
1705419900000,20240131,4790000,C,26200,26400,1,1
1705419900000,20240131,4790000,P,64800,65500,1,1
1705419900000,20240131,3400000,C,1347500,1351000,1,1
1705419900000,20240131,3400000,P,100,200,1,1
1705419900000,20240131,4360000,C,391500,394900,1,1
1705419900000,20240131,4360000,P,1800,1900,1,1
1705419900000,20240131,5000000,C,500,600,1,1
1705419900000,20240131,5000000,P,257000,260300,1,1
1705419900000,20240131,4680000,C,92400,93100,1,1
1705419900000,20240131,4680000,P,20700,20800,1,1
1705419900000,20240131,4250000,C,500700,504100,1,1
1705419900000,20240131,4250000,P,1200,1300,1,1
1705419900000,20240131,4570000,C,188100,189400,1,1
1705419900000,20240131,4570000,P,6900,7000,1,1
1705419900000,20240131,4890000,C,4200,4300,1,1
1705419900000,20240131,4890000,P,147000,150300,1,1
1705419900000,20240131,3500000,C,1247800,1251300,1,1
1705419900000,20240131,3500000,P,100,200,1,1
1705419900000,20240131,4140000,C,610100,613500,1,1
1705419900000,20240131,4140000,P,900,1000,1,1
1705419900000,20240131,4460000,C,293800,295300,1,1
1705419900000,20240131,4460000,P,2900,3000,1,1
1705419900000,20240131,5100000,C,200,300,1,1
1705419900000,20240131,5100000,P,357000,360300,1,1
1705419900000,20240131,4780000,C,30400,30500,1,1
1705419900000,20240131,4780000,P,58800,59400,1,1
1705419900000,20240131,4350000,C,401400,404800,1,1
1705419900000,20240131,4350000,P,1700,1800,1,1
1705419900000,20240131,4670000,C,100300,101100,1,1
1705419900000,20240131,4670000,P,18600,18700,1,1
1705419900000,20240131,4990000,C,600,700,1,1
1705419900000,20240131,4990000,P,247000,250300,1,1
1705419900000,20240131,3600000,C,1148100,1151600,1,1
1705419900000,20240131,3600000,P,200,300,1,1
1705419900000,20240131,4240000,C,510600,514000,1,1
1705419900000,20240131,4240000,P,1200,1300,1,1
1705419900000,20240131,4560000,C,197500,198800,1,1
1705419900000,20240131,4560000,P,6300,6400,1,1
1705419900000,20240131,5200000,C,100,200,1,1
1705419900000,20240131,5200000,P,457000,460300,1,1
1705419900000,20240131,4880000,C,5200,5300,1,1
1705419900000,20240131,4880000,P,137000,140300,1,1
1705419900000,20240131,4130000,C,620000,623400,1,1
1705419900000,20240131,4130000,P,800,900,1,1
1705419900000,20240131,4450000,C,303600,305100,1,1
1705419900000,20240131,4450000,P,2800,2900,1,1
1705419900000,20240131,4770000,C,34900,35100,1,1
1705419900000,20240131,4770000,P,53200,53700,1,1
1705419900000,20240131,3700000,C,1048400,1051900,1,1
1705419900000,20240131,3700000,P,300,400,1,1
1705419900000,20240131,4340000,C,411300,414700,1,1
1705419900000,20240131,4340000,P,1600,1700,1,1
1705419900000,20240131,4660000,C,108400,109200,1,1
1705419900000,20240131,4660000,P,16800,16900,1,1
1705419900000,20240131,4980000,C,700,800,1,1
1705419900000,20240131,4980000,P,237000,240300,1,1
1705419900000,20240131,5300000,P,556900,560300,1,1
1705419900000,20240131,4230000,C,520600,523900,1,1
1705419900000,20240131,4230000,P,1100,1200,1,1
1705419900000,20240131,4550000,C,206900,208200,1,1
1705419900000,20240131,4550000,P,5700,5800,1,1
1705419900000,20240131,4870000,C,6400,6500,1,1
1705419900000,20240131,4870000,P,127100,130300,1,1
1705419900000,20240131,3800000,C,948800,952200,1,1
1705419900000,20240131,3800000,P,400,500,1,1
1705419900000,20240131,4120000,C,630000,633400,1,1
1705419900000,20240131,4120000,P,800,900,1,1
1705419900000,20240131,4440000,C,313400,314900,1,1
1705419900000,20240131,4440000,P,2600,2700,1,1
1705419900000,20240131,4760000,C,39900,40000,1,1
1705419900000,20240131,4760000,P,48200,48300,1,1
1705419900000,20240131,5080000,C,200,300,1,1
1705419900000,20240131,5080000,P,337000,340300,1,1
1705419900000,20240131,5400000,P,656800,660200,1,1
1705419900000,20240131,4330000,C,421300,424600,1,1
1705419900000,20240131,4330000,P,1600,1700,1,1
1705419900000,20240131,4650000,C,116700,117600,1,1
1705419900000,20240131,4650000,P,15100,15200,1,1
1705419900000,20240131,4970000,C,900,1000,1,1
1705419900000,20240131,4970000,P,227000,230300,1,1
1705419900000,20240131,3900000,C,849100,852500,1,1
1705419900000,20240131,3900000,P,500,600,1,1
1705419900000,20240131,4220000,C,530500,533900,1,1
1705419900000,20240131,4220000,P,1100,1200,1,1
1705419900000,20240131,4540000,C,216400,217700,1,1
1705419900000,20240131,4540000,P,5300,5400,1,1
1705419900000,20240131,4860000,C,7700,7800,1,1
1705419900000,20240131,4860000,P,117800,120900,1,1
1705419900000,20240131,5180000,C,100,200,1,1
1705419900000,20240131,5180000,P,437000,440300,1,1
1705419900000,20240131,4110000,C,639900,643400,1,1
1705419900000,20240131,4110000,P,800,900,1,1
1705419900000,20240131,4430000,C,323200,324700,1,1
1705419900000,20240131,4430000,P,2500,2600,1,1
1705419900000,20240131,4750000,C,45300,45400,1,1
1705419900000,20240131,4750000,P,43500,43600,1,1
1705419900000,20240131,4320000,C,431200,434500,1,1
1705419900000,20240131,4320000,P,1500,1600,1,1
1705419900000,20240131,4000000,C,749500,752900,1,1
1705419900000,20240131,4000000,P,600,700,1,1
1705419900000,20240131,4640000,C,125100,126100,1,1
1705419900000,20240131,4640000,P,13600,13700,1,1
1705419900000,20240131,4960000,C,1100,1200,1,1
1705419900000,20240131,4960000,P,217000,220300,1,1
1705419900000,20240131,4210000,C,540400,543800,1,1
1705419900000,20240131,4210000,P,1100,1200,1,1
1705419900000,20240131,4530000,C,225900,227300,1,1
1705419900000,20240131,4530000,P,4900,5000,1,1
1705419900000,20240131,4850000,C,9400,9500,1,1
1705419900000,20240131,4850000,P,108800,111800,1,1
1705419900000,20240131,4100000,C,649900,653300,1,1
1705419900000,20240131,4100000,P,800,900,1,1
1705419900000,20240131,4420000,C,333100,334600,1,1
1705419900000,20240131,4420000,P,2300,2400,1,1
1705419900000,20240131,4740000,C,51000,51200,1,1
1705419900000,20240131,4740000,P,39200,39300,1,1
1705419900000,20240131,5060000,C,300,400,1,1
1705419900000,20240131,5060000,P,317000,320300,1,1
1705419900000,20240131,3350000,C,1397400,1400900,1,1
1705419900000,20240131,3350000,P,100,200,1,1
1705419900000,20240131,4310000,C,441100,444500,1,1
1705419900000,20240131,4310000,P,1500,1600,1,1
1705419900000,20240131,4630000,C,133800,134800,1,1
1705419900000,20240131,4630000,P,12300,12400,1,1
1705419900000,20240131,4950000,C,1300,1400,1,1
1705419900000,20240131,4950000,P,207000,210300,1,1
1705419900000,20240131,4200000,C,550400,553800,1,1
1705419900000,20240131,4200000,P,1000,1100,1,1
1705419900000,20240131,4520000,C,235500,236900,1,1
1705419900000,20240131,4520000,P,4500,4600,1,1
1705419900000,20240131,4840000,C,11300,11400,1,1
1705419900000,20240131,4840000,P,100300,103100,1,1
1705419900000,20240131,5160000,C,100,200,1,1
1705419900000,20240131,5160000,P,417000,420300,1,1
1705419900000,20240131,3450000,C,1297700,1301100,1,1
1705419900000,20240131,3450000,P,100,200,1,1
1705419900000,20240131,4090000,C,659900,663300,1,1
1705419900000,20240131,4090000,P,800,900,1,1
1705419900000,20240131,4410000,C,342100,345500,1,1
1705419900000,20240131,4410000,P,2200,2300,1,1
1705419900000,20240131,5050000,C,300,400,1,1
1705419900000,20240131,5050000,P,307000,310300,1,1
1705419900000,20240131,4730000,C,57200,57300,1,1
1705419900000,20240131,4730000,P,35200,35400,1,1
1705419900000,20240131,4300000,C,451000,454400,1,1
1705419900000,20240131,4300000,P,1400,1500,1,1
1705419900000,20240131,4620000,C,142500,143600,1,1
1705419900000,20240131,4620000,P,11100,11200,1,1
1705419900000,20240131,4940000,C,1500,1600,1,1
1705419900000,20240131,4940000,P,197000,200300,1,1
1705419900000,20240131,5260000,C,100,200,1,1
1705419900000,20240131,5260000,P,517000,520300,1,1
1705419900000,20240131,3550000,C,1198000,1201400,1,1
1705419900000,20240131,3550000,P,200,300,1,1
1705419900000,20240131,4190000,C,560300,563700,1,1
1705419900000,20240131,4190000,P,1000,1100,1,1
1705419900000,20240131,4510000,C,245200,246600,1,1
1705419900000,20240131,4510000,P,4100,4200,1,1
1705419900000,20240131,5150000,C,100,200,1,1
1705419900000,20240131,5150000,P,407000,410300,1,1
1705419900000,20240131,4830000,C,13600,13700,1,1
1705419900000,20240131,4830000,P,92100,94800,1,1
1705419900000,20240131,5250000,C,100,200,1,1
1705419900000,20240131,5250000,P,507000,510300,1,1
1705419900000,20240131,4080000,C,669800,673200,1,1
1705419900000,20240131,4080000,P,700,800,1,1
1705419900000,20240131,4400000,C,352000,355300,1,1
1705419900000,20240131,4400000,P,2100,2200,1,1
1705419900000,20240131,4720000,C,63600,63900,1,1
1705419900000,20240131,4720000,P,31700,31800,1,1
1705419900000,20240131,5040000,C,300,400,1,1
1705419900000,20240131,5040000,P,297000,300300,1,1
1705419900000,20240131,3650000,C,1098200,1101700,1,1
1705419900000,20240131,3650000,P,200,300,1,1
1705419900000,20240131,4290000,C,460900,464300,1,1
1705419900000,20240131,4290000,P,1400,1500,1,1
1705419900000,20240131,4610000,C,151400,152600,1,1
1705419900000,20240131,4610000,P,10000,10100,1,1
1705419900000,20240131,4930000,C,1900,2000,1,1
1705419900000,20240131,4930000,P,187000,190300,1,1
1705419900000,20240131,5350000,P,606900,610200,1,1
1705419900000,20240131,4180000,C,570300,573700,1,1
1705419900000,20240131,4180000,P,1000,1100,1,1
1705419900000,20240131,4500000,C,254800,256200,1,1
1705419900000,20240131,4500000,P,3900,4000,1,1
1705419900000,20240131,4820000,C,16200,16300,1,1
1705419900000,20240131,4820000,P,84100,86900,1,1
1705419900000,20240131,5140000,C,100,200,1,1
1705419900000,20240131,5140000,P,397000,400300,1,1
1705419900000,20240131,3750000,C,998600,1002000,1,1
1705419900000,20240131,3750000,P,300,400,1,1
1705419900000,20240131,4390000,C,361900,365200,1,1
1705419900000,20240131,4390000,P,2000,2100,1,1
1705419900000,20240131,4070000,C,679800,683200,1,1
1705419900000,20240131,4070000,P,700,800,1,1
1705419900000,20240131,4710000,C,70400,70700,1,1
1705419900000,20240131,4710000,P,28500,28600,1,1
1705419900000,20240131,5450000,P,706800,710200,1,1
1705419900000,20240131,4280000,C,470900,474300,1,1
1705419900000,20240131,4280000,P,1300,1400,1,1
1705419900000,20240131,4600000,C,160400,161600,1,1
1705419900000,20240131,4600000,P,9100,9200,1,1
1705419900000,20240131,4920000,C,2300,2400,1,1
1705419900000,20240131,4920000,P,177000,180300,1,1
1705419900000,20240131,5240000,C,100,200,1,1
1705419900000,20240131,5240000,P,497000,500300,1,1
1705419900000,20240131,3850000,C,899000,902400,1,1
1705419900000,20240131,3850000,P,400,500,1,1
1705419900000,20240131,4170000,C,580200,583600,1,1
1705419900000,20240131,4170000,P,900,1000,1,1
1705419900000,20240131,4490000,C,264500,266000,1,1
1705419900000,20240131,4490000,P,3600,3700,1,1
1705419900000,20240131,4810000,C,19100,19300,1,1
1705419900000,20240131,4810000,P,77100,79400,1,1
1705419900000,20240131,4380000,C,371700,375100,1,1
1705419900000,20240131,4380000,P,1900,2000,1,1
1705419900000,20240131,4060000,C,689700,693100,1,1
1705419900000,20240131,4060000,P,700,800,1,1
1705419900000,20240131,4700000,C,77400,77900,1,1
1705419900000,20240131,4700000,P,25600,25800,1,1
1705419900000,20240131,5020000,C,400,500,1,1
1705419900000,20240131,5020000,P,277000,280300,1,1
1705419900000,20240131,4270000,C,480800,484200,1,1
1705419900000,20240131,4270000,P,1300,1400,1,1
1705419900000,20240131,3950000,C,799300,802700,1,1
1705419900000,20240131,3950000,P,500,600,1,1
1705419900000,20240131,4590000,C,169600,170800,1,1
1705419900000,20240131,4590000,P,8300,8400,1,1
1705419900000,20240131,4910000,C,2800,2900,1,1
1705419900000,20240131,4910000,P,167000,170300,1,1
1705419900000,20240202,4480000,C,278400,279800,1,1
1705419900000,20240202,4480000,P,4600,4700,1,1
1705419900000,20240202,4800000,C,27800,27900,1,1
1705419900000,20240202,4800000,P,73800,75500,1,1
1705419900000,20240202,5120000,C,200,300,1,1
1705419900000,20240202,5120000,P,376900,380300,1,1
1705419900000,20240202,4050000,C,702500,705900,1,1
1705419900000,20240202,4050000,P,900,1000,1,1
1705419900000,20240202,4690000,C,91400,91900,1,1
1705419900000,20240202,4690000,P,26900,27000,1,1
1705419900000,20240202,4580000,C,184000,185200,1,1
1705419900000,20240202,4580000,P,9900,10000,1,1
1705419900000,20240202,4900000,C,5400,5500,1,1
1705419900000,20240202,4900000,P,157000,160300,1,1
1705419900000,20240202,4150000,C,603100,606500,1,1
1705419900000,20240202,4150000,P,1200,1300,1,1
1705419900000,20240202,4470000,C,288100,289500,1,1
1705419900000,20240202,4470000,P,4300,4400,1,1
1705419900000,20240202,4790000,C,31800,32000,1,1
1705419900000,20240202,4790000,P,68100,68900,1,1
1705419900000,20240202,5000000,C,900,1000,1,1
1705419900000,20240202,5000000,P,257000,260300,1,1
1705419900000,20240202,4680000,C,98900,99600,1,1
1705419900000,20240202,4680000,P,24500,24600,1,1
1705419900000,20240202,4675000,C,102800,103500,1,1
1705419900000,20240202,4675000,P,23300,23500,1,1
1705419900000,20240202,4250000,C,503800,507200,1,1
1705419900000,20240202,4250000,P,1600,1700,1,1
1705419900000,20240202,4570000,C,193200,194400,1,1
1705419900000,20240202,4570000,P,9100,9200,1,1
1705419900000,20240202,4890000,C,6400,6500,1,1
1705419900000,20240202,4890000,P,147000,150300,1,1
1705419900000,20240202,3500000,C,1250100,1253600,1,1
1705419900000,20240202,3500000,P,200,300,1,1
1705419900000,20240202,4780000,C,36200,36400,1,1
1705419900000,20240202,4780000,P,62200,62800,1,1
1705419900000,20240202,5100000,C,300,400,1,1
1705419900000,20240202,5100000,P,356900,360300,1,1
1705419900000,20240202,4775000,C,38600,38700,1,1
1705419900000,20240202,4775000,P,59500,60100,1,1
1705419900000,20240202,4350000,C,404800,408200,1,1
1705419900000,20240202,4350000,P,2300,2400,1,1
1705419900000,20240202,4670000,C,106700,107400,1,1
1705419900000,20240202,4670000,P,22300,22400,1,1
1705419900000,20240202,4990000,C,1100,1200,1,1
1705419900000,20240202,4990000,P,247000,250300,1,1
1705419900000,20240202,3600000,C,1150500,1154000,1,1
1705419900000,20240202,3600000,P,300,400,1,1
1705419900000,20240202,4560000,C,202400,203700,1,1
1705419900000,20240202,4560000,P,8400,8500,1,1
1705419900000,20240202,4880000,C,7700,7800,1,1
1705419900000,20240202,4880000,P,137200,140400,1,1
1705419900000,20240202,5200000,C,100,200,1,1
1705419900000,20240202,5200000,P,456900,460300,1,1
1705419900000,20240202,4875000,C,8400,8500,1,1
1705419900000,20240202,4875000,P,132400,135600,1,1
1705419900000,20240202,4450000,C,307500,308900,1,1
1705419900000,20240202,4450000,P,3800,3900,1,1
1705419900000,20240202,4770000,C,41000,41200,1,1
1705419900000,20240202,4770000,P,57000,57200,1,1
1705419900000,20240202,3700000,C,1050900,1054400,1,1
1705419900000,20240202,3700000,P,400,500,1,1
1705419900000,20240202,4660000,C,114700,115500,1,1
1705419900000,20240202,4660000,P,20300,20400,1,1
1705419900000,20240202,4980000,C,1300,1400,1,1
1705419900000,20240202,4980000,P,237000,240300,1,1
1705419900000,20240202,5300000,C,100,200,1,1
1705419900000,20240202,5300000,P,556800,560300,1,1
1705419900000,20240202,4550000,C,211700,213000,1,1
1705419900000,20240202,4550000,P,7700,7800,1,1
1705419900000,20240202,4870000,C,9200,9300,1,1
1705419900000,20240202,4870000,P,127800,131000,1,1
1705419900000,20240202,3800000,C,951300,954800,1,1
1705419900000,20240202,3800000,P,500,600,1,1
1705419900000,20240202,4760000,C,46200,46300,1,1
1705419900000,20240202,4760000,P,52000,52200,1,1
1705419900000,20240202,5080000,C,300,400,1,1
1705419900000,20240202,5080000,P,336900,340300,1,1
1705419900000,20240202,5400000,P,656800,660300,1,1
1705419900000,20240202,4650000,C,122800,123700,1,1
1705419900000,20240202,4650000,P,18500,18600,1,1
1705419900000,20240202,4970000,C,1500,1600,1,1
1705419900000,20240202,4970000,P,227000,230300,1,1
1705419900000,20240202,3900000,C,851700,855200,1,1
1705419900000,20240202,3900000,P,600,700,1,1
1705419900000,20240202,4540000,C,221100,222400,1,1
1705419900000,20240202,4540000,P,7200,7300,1,1
1705419900000,20240202,4860000,C,11000,11100,1,1
1705419900000,20240202,4860000,P,118800,121900,1,1
1705419900000,20240202,4750000,C,51700,51900,1,1
1705419900000,20240202,4750000,P,47400,47600,1,1
1705419900000,20240202,4000000,C,752200,755700,1,1
1705419900000,20240202,4000000,P,800,900,1,1
1705419900000,20240202,4640000,C,131200,132100,1,1
1705419900000,20240202,4640000,P,16800,16900,1,1
1705419900000,20240202,4960000,C,1800,1900,1,1
1705419900000,20240202,4960000,P,217000,220300,1,1
1705419900000,20240202,4530000,C,230500,231900,1,1
1705419900000,20240202,4530000,P,6600,6700,1,1
1705419900000,20240202,4850000,C,13000,13100,1,1
1705419900000,20240202,4850000,P,110200,113200,1,1
1705419900000,20240202,4100000,C,652800,656200,1,1
1705419900000,20240202,4100000,P,1000,1100,1,1
1705419900000,20240202,4740000,C,57500,57700,1,1
1705419900000,20240202,4740000,P,43200,43300,1,1
1705419900000,20240202,5060000,C,400,500,1,1
1705419900000,20240202,5060000,P,316900,320300,1,1
1705419900000,20240202,4950000,C,2100,2200,1,1
1705419900000,20240202,4950000,P,207000,210300,1,1
1705419900000,20240202,4630000,C,139600,140600,1,1
1705419900000,20240202,4630000,P,15300,15500,1,1
1705419900000,20240202,4625000,C,143900,145000,1,1
1705419900000,20240202,4625000,P,14700,14800,1,1
1705419900000,20240202,4200000,C,553400,556800,1,1
1705419900000,20240202,4200000,P,1400,1500,1,1
1705419900000,20240202,4520000,C,240000,241400,1,1
1705419900000,20240202,4520000,P,6100,6200,1,1
1705419900000,20240202,4840000,C,15200,15400,1,1
1705419900000,20240202,4840000,P,102000,104700,1,1
1705419900000,20240202,4730000,C,63700,64000,1,1
1705419900000,20240202,4730000,P,39300,39400,1,1
1705419900000,20240202,5050000,C,500,600,1,1
1705419900000,20240202,5050000,P,306900,310300,1,1
1705419900000,20240202,4725000,C,67000,67200,1,1
1705419900000,20240202,4725000,P,37500,37600,1,1
1705419900000,20240202,4300000,C,454200,457600,1,1
1705419900000,20240202,4300000,P,1900,2000,1,1
1705419900000,20240202,4620000,C,148300,149300,1,1
1705419900000,20240202,4620000,P,14000,14100,1,1
1705419900000,20240202,4940000,C,2500,2600,1,1
1705419900000,20240202,4940000,P,197000,200300,1,1
1705419900000,20240202,3550000,C,1200300,1203800,1,1
1705419900000,20240202,3550000,P,200,300,1,1
1705419900000,20240202,4510000,C,249600,250900,1,1
1705419900000,20240202,4510000,P,5700,5800,1,1
1705419900000,20240202,4830000,C,17900,18000,1,1
1705419900000,20240202,4830000,P,94400,96800,1,1
1705419900000,20240202,5150000,C,200,300,1,1
1705419900000,20240202,5150000,P,406900,410300,1,1
1705419900000,20240202,5250000,C,100,200,1,1
1705419900000,20240202,5250000,P,506900,510300,1,1
1705419900000,20240202,4825000,C,19300,19400,1,1
1705419900000,20240202,4825000,P,90700,93000,1,1
1705419900000,20240202,4400000,C,356400,357900,1,1
1705419900000,20240202,4400000,P,3000,3100,1,1
1705419900000,20240202,4720000,C,70200,70500,1,1
1705419900000,20240202,4720000,P,35700,35900,1,1
1705419900000,20240202,5040000,C,500,600,1,1
1705419900000,20240202,5040000,P,296900,300300,1,1
1705419900000,20240202,3650000,C,1100700,1104200,1,1
1705419900000,20240202,3650000,P,300,400,1,1
1705419900000,20240202,4610000,C,157000,158100,1,1
1705419900000,20240202,4610000,P,12800,12900,1,1
1705419900000,20240202,4930000,C,3100,3200,1,1
1705419900000,20240202,4930000,P,187000,190300,1,1
1705419900000,20240202,5350000,C,100,200,1,1
1705419900000,20240202,5350000,P,606800,610300,1,1
1705419900000,20240202,4500000,C,259100,260500,1,1
1705419900000,20240202,4500000,P,5300,5400,1,1
1705419900000,20240202,4820000,C,20800,20900,1,1
1705419900000,20240202,4820000,P,87000,89300,1,1
1705419900000,20240202,5140000,C,200,300,1,1
1705419900000,20240202,5140000,P,396900,400300,1,1
1705419900000,20240202,3750000,C,1001100,1004600,1,1
1705419900000,20240202,3750000,P,400,500,1,1
1705419900000,20240202,4710000,C,77000,77400,1,1
1705419900000,20240202,4710000,P,32500,32700,1,1
1705419900000,20240202,5450000,P,706800,710200,1,1
1705419900000,20240202,4600000,C,165900,167000,1,1
1705419900000,20240202,4600000,P,11700,11800,1,1
1705419900000,20240202,4920000,C,3700,3800,1,1
1705419900000,20240202,4920000,P,177000,180300,1,1
1705419900000,20240202,3850000,C,901500,905000,1,1
1705419900000,20240202,3850000,P,600,700,1,1
1705419900000,20240202,4490000,C,268700,270100,1,1
1705419900000,20240202,4490000,P,5000,5100,1,1
1705419900000,20240202,4810000,C,24100,24300,1,1
1705419900000,20240202,4810000,P,80400,82200,1,1
1705419900000,20240202,4700000,C,84000,84500,1,1
1705419900000,20240202,4700000,P,29600,29700,1,1
1705419900000,20240202,5020000,C,700,800,1,1
1705419900000,20240202,5020000,P,276900,280300,1,1
1705419900000,20240202,3950000,C,802000,805400,1,1
1705419900000,20240202,3950000,P,700,800,1,1
1705419900000,20240202,4590000,C,174900,176100,1,1
1705419900000,20240202,4590000,P,10800,10900,1,1
1705419900000,20240202,4910000,C,4400,4500,1,1
1705419900000,20240202,4910000,P,167000,170300,1,1
1705419900000,20240209,4800000,C,37000,37200,1,1
1705419900000,20240209,4800000,P,79100,79900,1,1
1705419900000,20240209,5120000,C,400,500,1,1
1705419900000,20240209,5120000,P,376800,380300,1,1
1705419900000,20240209,4050000,C,707500,711000,1,1
1705419900000,20240209,4050000,P,1500,1600,1,1
1705419900000,20240209,4690000,C,102600,103200,1,1
1705419900000,20240209,4690000,P,33300,33500,1,1
1705419900000,20240209,4580000,C,193600,194700,1,1
1705419900000,20240209,4580000,P,14500,14600,1,1
1705419900000,20240209,4900000,C,9400,9500,1,1
1705419900000,20240209,4900000,P,156900,160400,1,1
1705419900000,20240209,4150000,C,608400,611900,1,1
1705419900000,20240209,4150000,P,1900,2000,1,1
1705419900000,20240209,4790000,C,41500,41700,1,1
1705419900000,20240209,4790000,P,73300,74100,1,1
1705419900000,20240209,5000000,C,1900,2000,1,1
1705419900000,20240209,5000000,P,256900,260300,1,1
1705419900000,20240209,4680000,C,110100,110600,1,1
1705419900000,20240209,4680000,P,30800,31000,1,1
1705419900000,20240209,4250000,C,509500,512900,1,1
1705419900000,20240209,4250000,P,2600,2700,1,1
1705419900000,20240209,4570000,C,202500,203700,1,1
1705419900000,20240209,4570000,P,13500,13600,1,1
1705419900000,20240209,4890000,C,11000,11100,1,1
1705419900000,20240209,4890000,P,147200,150600,1,1
1705419900000,20240209,3500000,C,1254300,1257800,1,1
1705419900000,20240209,3500000,P,400,500,1,1
1705419900000,20240209,4780000,C,46300,46400,1,1
1705419900000,20240209,4780000,P,67800,68600,1,1
1705419900000,20240209,5100000,C,500,600,1,1
1705419900000,20240209,5100000,P,356800,360300,1,1
1705419900000,20240209,4350000,C,411100,414600,1,1
1705419900000,20240209,4350000,P,3800,3900,1,1
1705419900000,20240209,4670000,C,117800,118500,1,1
1705419900000,20240209,4670000,P,28500,28700,1,1
1705419900000,20240209,3600000,C,1154800,1158300,1,1
1705419900000,20240209,3600000,P,500,600,1,1
1705419900000,20240209,4560000,C,211600,212800,1,1
1705419900000,20240209,4560000,P,12600,12700,1,1
1705419900000,20240209,4880000,C,12800,12900,1,1
1705419900000,20240209,4880000,P,138000,141300,1,1
1705419900000,20240209,5200000,C,300,400,1,1
1705419900000,20240209,5200000,P,456800,460300,1,1
1705419900000,20240209,4450000,C,314800,316200,1,1
1705419900000,20240209,4450000,P,6300,6400,1,1
1705419900000,20240209,4770000,C,51400,51600,1,1
1705419900000,20240209,4770000,P,63000,63200,1,1
1705419900000,20240209,3700000,C,1055300,1058900,1,1
1705419900000,20240209,3700000,P,700,800,1,1
1705419900000,20240209,4660000,C,125700,126400,1,1
1705419900000,20240209,4660000,P,26400,26500,1,1
1705419900000,20240209,4980000,C,2500,2600,1,1
1705419900000,20240209,4980000,P,236900,240300,1,1
1705419900000,20240209,5300000,C,200,300,1,1
1705419900000,20240209,5300000,P,556800,560300,1,1
1705419900000,20240209,4550000,C,220700,221900,1,1
1705419900000,20240209,4550000,P,11800,11900,1,1
1705419900000,20240209,4870000,C,14800,14900,1,1
1705419900000,20240209,4870000,P,129200,132400,1,1
1705419900000,20240209,3800000,C,955900,959500,1,1
1705419900000,20240209,3800000,P,800,900,1,1
1705419900000,20240209,4760000,C,56800,57000,1,1
1705419900000,20240209,4760000,P,58200,58400,1,1
1705419900000,20240209,5080000,C,700,800,1,1
1705419900000,20240209,5080000,P,336800,340300,1,1
1705419900000,20240209,5400000,C,100,200,1,1
1705419900000,20240209,5400000,P,656800,660300,1,1
1705419900000,20240209,4650000,C,133700,134500,1,1
1705419900000,20240209,4650000,P,24400,24600,1,1
1705419900000,20240209,3900000,C,856500,860100,1,1
1705419900000,20240209,3900000,P,1000,1100,1,1
1705419900000,20240209,4540000,C,229900,231100,1,1
1705419900000,20240209,4540000,P,11000,11100,1,1
1705419900000,20240209,4860000,C,17100,17200,1,1
1705419900000,20240209,4860000,P,120700,123800,1,1
1705419900000,20240209,4750000,C,62500,62700,1,1
1705419900000,20240209,4750000,P,53700,53900,1,1
1705419900000,20240209,4000000,C,757100,760700,1,1
1705419900000,20240209,4000000,P,1300,1400,1,1
1705419900000,20240209,4640000,C,141900,142700,1,1
1705419900000,20240209,4640000,P,22600,22800,1,1
1705419900000,20240209,4960000,C,3500,3600,1,1
1705419900000,20240209,4960000,P,216900,220300,1,1
1705419900000,20240209,4530000,C,239100,240400,1,1
1705419900000,20240209,4530000,P,10300,10400,1,1
1705419900000,20240209,4850000,C,19600,19800,1,1
1705419900000,20240209,4850000,P,112600,115600,1,1
1705419900000,20240209,4100000,C,657900,661400,1,1
1705419900000,20240209,4100000,P,1700,1800,1,1
1705419900000,20240209,4740000,C,68600,68800,1,1
1705419900000,20240209,4740000,P,49600,49800,1,1
1705419900000,20240209,5060000,C,800,900,1,1
1705419900000,20240209,5060000,P,316800,320300,1,1
1705419900000,20240209,4950000,C,4200,4300,1,1
1705419900000,20240209,4950000,P,206900,210300,1,1
1705419900000,20240209,4630000,C,150200,151100,1,1
1705419900000,20240209,4630000,P,21000,21100,1,1
1705419900000,20240209,4200000,C,558900,562400,1,1
1705419900000,20240209,4200000,P,2200,2300,1,1
1705419900000,20240209,4520000,C,248400,249700,1,1
1705419900000,20240209,4520000,P,9600,9700,1,1
1705419900000,20240209,4840000,C,22500,22600,1,1
1705419900000,20240209,4840000,P,105000,107900,1,1
1705419900000,20240209,4730000,C,74900,75200,1,1
1705419900000,20240209,4730000,P,45800,46000,1,1
1705419900000,20240209,5050000,C,900,1000,1,1
1705419900000,20240209,5050000,P,306800,310300,1,1
1705419900000,20240209,4300000,C,460200,463600,1,1
1705419900000,20240209,4300000,P,3100,3200,1,1
1705419900000,20240209,4620000,C,158600,159600,1,1
1705419900000,20240209,4620000,P,19400,19600,1,1
1705419900000,20240209,4940000,C,4900,5000,1,1
1705419900000,20240209,4940000,P,196900,200300,1,1
1705419900000,20240209,3550000,C,1204500,1208200,1,1
1705419900000,20240209,3550000,P,500,600,1,1
1705419900000,20240209,4830000,C,25600,25800,1,1
1705419900000,20240209,4830000,P,97700,100400,1,1
1705419900000,20240209,5150000,C,400,500,1,1
1705419900000,20240209,5150000,P,406800,410300,1,1
1705419900000,20240209,5250000,C,200,300,1,1
1705419900000,20240209,5250000,P,506800,510300,1,1
1705419900000,20240209,4400000,C,363100,364600,1,1
1705419900000,20240209,4400000,P,4800,4900,1,1
1705419900000,20240209,4720000,C,81500,81800,1,1
1705419900000,20240209,4720000,P,42300,42500,1,1
1705419900000,20240209,5040000,C,1000,1100,1,1
1705419900000,20240209,5040000,P,296800,300300,1,1
1705419900000,20240209,3650000,C,1105100,1108600,1,1
1705419900000,20240209,3650000,P,600,700,1,1
1705419900000,20240209,4610000,C,167200,168200,1,1
1705419900000,20240209,4610000,P,18000,18200,1,1
1705419900000,20240209,5350000,C,100,200,1,1
1705419900000,20240209,5350000,P,606800,610300,1,1
1705419900000,20240209,4500000,C,267200,268500,1,1
1705419900000,20240209,4500000,P,8500,8600,1,1
1705419900000,20240209,4820000,C,29100,29300,1,1
1705419900000,20240209,4820000,P,90700,93400,1,1
1705419900000,20240209,5140000,C,400,500,1,1
1705419900000,20240209,5140000,P,396800,400300,1,1
1705419900000,20240209,3750000,C,1005600,1009100,1,1
1705419900000,20240209,3750000,P,800,900,1,1
1705419900000,20240209,4710000,C,88300,88700,1,1
1705419900000,20240209,4710000,P,39100,39200,1,1
1705419900000,20240209,5450000,C,100,200,1,1
1705419900000,20240209,5450000,P,706800,710300,1,1
1705419900000,20240209,4600000,C,175900,177000,1,1
1705419900000,20240209,4600000,P,16800,16900,1,1
1705419900000,20240209,4920000,C,6800,6900,1,1
1705419900000,20240209,4920000,P,176900,180300,1,1
1705419900000,20240209,3850000,C,906200,909800,1,1
1705419900000,20240209,3850000,P,900,1000,1,1
1705419900000,20240209,4810000,C,32900,33100,1,1
1705419900000,20240209,4810000,P,84200,86800,1,1
1705419900000,20240209,4700000,C,95400,95800,1,1
1705419900000,20240209,4700000,P,36100,36300,1,1
1705419900000,20240209,5020000,C,1400,1500,1,1
1705419900000,20240209,5020000,P,276800,280300,1,1
1705419900000,20240209,3950000,C,806900,810300,1,1
1705419900000,20240209,3950000,P,1200,1300,1,1
1705419900000,20240209,4590000,C,184700,185800,1,1
1705419900000,20240209,4590000,P,15600,15700,1,1
1705419900000,20240216,5650000,P,906600,910200,1,1
1705419900000,20240216,3200000,C,1556900,1560800,1,1
1705419900000,20240216,3200000,P,400,500,1,1
1705419900000,20240216,4160000,C,604800,608300,1,1
1705419900000,20240216,4160000,P,3000,3100,1,1
1705419900000,20240216,4480000,C,295200,296500,1,1
1705419900000,20240216,4480000,P,11000,11100,1,1
1705419900000,20240216,4800000,C,47100,47300,1,1
1705419900000,20240216,4800000,P,84200,84900,1,1
1705419900000,20240216,5120000,C,800,900,1,1
1705419900000,20240216,5120000,P,376800,380300,1,1
1705419900000,20240216,2450000,C,2302400,2306600,1,1
1705419900000,20240216,4370000,C,400000,401400,1,1
1705419900000,20240216,4370000,P,6400,6500,1,1
1705419900000,20240216,4050000,C,713400,717000,1,1
1705419900000,20240216,4050000,P,2300,2400,1,1
1705419900000,20240216,4690000,C,114600,115000,1,1
1705419900000,20240216,4690000,P,39800,39900,1,1
1705419900000,20240216,5010000,C,3000,3100,1,1
1705419900000,20240216,5010000,P,266800,270300,1,1
1705419900000,20240216,5750000,P,1006600,1010200,1,1
1705419900000,20240216,3300000,C,1457600,1461400,1,1
1705419900000,20240216,3300000,P,500,600,1,1
1705419900000,20240216,4260000,C,506400,509800,1,1
1705419900000,20240216,4260000,P,4200,4300,1,1
1705419900000,20240216,4580000,C,204300,205300,1,1
1705419900000,20240216,4580000,P,19600,19700,1,1
1705419900000,20240216,4900000,C,14700,14800,1,1
1705419900000,20240216,4900000,P,157400,160800,1,1
1705419900000,20240216,5220000,C,300,400,1,1
1705419900000,20240216,5220000,P,476800,480300,1,1
1705419900000,20240216,2550000,C,2203000,2207200,1,1
1705419900000,20240216,2550000,P,100,200,1,1
1705419900000,20240216,4150000,C,614600,618200,1,1
1705419900000,20240216,4150000,P,2900,3000,1,1
1705419900000,20240216,4470000,C,304600,305900,1,1
1705419900000,20240216,4470000,P,10400,10500,1,1
1705419900000,20240216,4790000,C,51900,52100,1,1
1705419900000,20240216,4790000,P,78600,79300,1,1
1705419900000,20240216,3400000,C,1358200,1361900,1,1
1705419900000,20240216,3400000,P,600,700,1,1
1705419900000,20240216,4360000,C,409700,411100,1,1
1705419900000,20240216,4360000,P,6100,6200,1,1
1705419900000,20240216,4040000,C,723300,726900,1,1
1705419900000,20240216,4040000,P,2200,2300,1,1
1705419900000,20240216,5000000,C,3500,3600,1,1
1705419900000,20240216,5000000,P,256800,260300,1,1
1705419900000,20240216,4680000,C,122100,122600,1,1
1705419900000,20240216,4680000,P,37200,37300,1,1
1705419900000,20240216,2650000,C,2103600,2107700,1,1
1705419900000,20240216,2650000,P,100,200,1,1
1705419900000,20240216,4250000,C,516300,519800,1,1
1705419900000,20240216,4250000,P,4000,4100,1,1
1705419900000,20240216,4570000,C,213100,214200,1,1
1705419900000,20240216,4570000,P,18500,18600,1,1
1705419900000,20240216,4890000,C,16800,16900,1,1
1705419900000,20240216,4890000,P,148400,151700,1,1
1705419900000,20240216,3500000,C,1258800,1262500,1,1
1705419900000,20240216,3500000,P,700,800,1,1
1705419900000,20240216,4140000,C,624500,628100,1,1
1705419900000,20240216,4140000,P,2900,3000,1,1
1705419900000,20240216,4460000,C,314000,315300,1,1
1705419900000,20240216,4460000,P,9900,10000,1,1
1705419900000,20240216,5100000,C,900,1000,1,1
1705419900000,20240216,5100000,P,356800,360300,1,1
1705419900000,20240216,4780000,C,57100,57200,1,1
1705419900000,20240216,4780000,P,73700,73900,1,1
1705419900000,20240216,2750000,C,2004200,2008200,1,1
1705419900000,20240216,2750000,P,100,200,1,1
1705419900000,20240216,4350000,C,419400,420800,1,1
1705419900000,20240216,4350000,P,5900,6000,1,1
1705419900000,20240216,4030000,C,733200,736800,1,1
1705419900000,20240216,4030000,P,2200,2300,1,1
1705419900000,20240216,4670000,C,129700,130300,1,1
1705419900000,20240216,4670000,P,34800,34900,1,1
1705419900000,20240216,4990000,C,4100,4200,1,1
1705419900000,20240216,4990000,P,246800,250300,1,1
1705419900000,20240216,3600000,C,1159500,1163200,1,1
1705419900000,20240216,3600000,P,800,900,1,1
1705419900000,20240216,4240000,C,526100,529600,1,1
1705419900000,20240216,4240000,P,3900,4000,1,1
1705419900000,20240216,4560000,C,222000,223100,1,1
1705419900000,20240216,4560000,P,17400,17500,1,1
1705419900000,20240216,5200000,C,400,500,1,1
1705419900000,20240216,5200000,P,456800,460300,1,1
1705419900000,20240216,4880000,C,19100,19200,1,1
1705419900000,20240216,4880000,P,139700,142900,1,1
1705419900000,20240216,2850000,C,1904800,1908800,1,1
1705419900000,20240216,2850000,P,100,200,1,1
1705419900000,20240216,4130000,C,634400,637900,1,1
1705419900000,20240216,4130000,P,2800,2900,1,1
1705419900000,20240216,4450000,C,323400,324800,1,1
1705419900000,20240216,4450000,P,9400,9500,1,1
1705419900000,20240216,4770000,C,62400,62600,1,1
1705419900000,20240216,4770000,P,68800,69000,1,1
1705419900000,20240216,2100000,C,2650200,2654800,1,1
1705419900000,20240216,3700000,C,1060300,1063900,1,1
1705419900000,20240216,3700000,P,1000,1100,1,1
1705419900000,20240216,4340000,C,429100,430500,1,1
1705419900000,20240216,4340000,P,5600,5700,1,1
1705419900000,20240216,4020000,C,743100,746700,1,1
1705419900000,20240216,4020000,P,2100,2200,1,1
1705419900000,20240216,4660000,C,137400,138100,1,1
1705419900000,20240216,4660000,P,32600,32700,1,1
1705419900000,20240216,4980000,C,4700,4800,1,1
1705419900000,20240216,4980000,P,236800,240400,1,1
1705419900000,20240216,5300000,C,200,300,1,1
1705419900000,20240216,5300000,P,556700,560200,1,1
1705419900000,20240216,2950000,C,1805300,1809300,1,1
1705419900000,20240216,2950000,P,200,300,1,1
1705419900000,20240216,4230000,C,535900,539400,1,1
1705419900000,20240216,4230000,P,3700,3800,1,1
1705419900000,20240216,4550000,C,230900,232000,1,1
1705419900000,20240216,4550000,P,16400,16500,1,1
1705419900000,20240216,4870000,C,21600,21700,1,1
1705419900000,20240216,4870000,P,131400,134500,1,1
1705419900000,20240216,2200000,C,2551000,2555300,1,1
1705419900000,20240216,3800000,C,961100,964700,1,1
1705419900000,20240216,3800000,P,1300,1400,1,1
1705419900000,20240216,4120000,C,644200,647800,1,1
1705419900000,20240216,4120000,P,2700,2800,1,1
1705419900000,20240216,4440000,C,332900,334300,1,1
1705419900000,20240216,4440000,P,8900,9000,1,1
1705419900000,20240216,4760000,C,68100,68300,1,1
1705419900000,20240216,4760000,P,64200,64400,1,1
1705419900000,20240216,5080000,C,1200,1300,1,1
1705419900000,20240216,5080000,P,336800,340300,1,1
1705419900000,20240216,5400000,C,100,200,1,1
1705419900000,20240216,5400000,P,656600,660200,1,1
1705419900000,20240216,3050000,C,1706000,1709900,1,1
1705419900000,20240216,3050000,P,300,400,1,1
1705419900000,20240216,4330000,C,438100,441600,1,1
1705419900000,20240216,4330000,P,5400,5500,1,1
1705419900000,20240216,4010000,C,753000,756600,1,1
1705419900000,20240216,4010000,P,2100,2200,1,1
1705419900000,20240216,4650000,C,145400,146100,1,1
1705419900000,20240216,4650000,P,30500,30600,1,1
1705419900000,20240216,4970000,C,5500,5600,1,1
1705419900000,20240216,4970000,P,226800,230400,1,1
1705419900000,20240216,2300000,C,2451600,2455900,1,1
1705419900000,20240216,3900000,C,862000,865500,1,1
1705419900000,20240216,3900000,P,1600,1700,1,1
1705419900000,20240216,4220000,C,545700,549100,1,1
1705419900000,20240216,4220000,P,3600,3700,1,1
1705419900000,20240216,4540000,C,239900,241100,1,1
1705419900000,20240216,4540000,P,15400,15500,1,1
1705419900000,20240216,4860000,C,24400,24500,1,1
1705419900000,20240216,4860000,P,123300,126400,1,1
1705419900000,20240216,5180000,C,500,600,1,1
1705419900000,20240216,5180000,P,436800,440300,1,1
1705419900000,20240216,5500000,C,100,200,1,1
1705419900000,20240216,5500000,P,756700,760200,1,1
1705419900000,20240216,3150000,C,1606600,1610500,1,1
1705419900000,20240216,3150000,P,300,400,1,1
1705419900000,20240216,4110000,C,654100,657600,1,1
1705419900000,20240216,4110000,P,2600,2700,1,1
1705419900000,20240216,4430000,C,342400,343800,1,1
1705419900000,20240216,4430000,P,8500,8600,1,1
1705419900000,20240216,4750000,C,74100,74200,1,1
1705419900000,20240216,4750000,P,59900,60100,1,1
1705419900000,20240216,2400000,C,2352200,2356400,1,1
1705419900000,20240216,4320000,C,447800,451300,1,1
1705419900000,20240216,4320000,P,5200,5300,1,1
1705419900000,20240216,4000000,C,762900,765800,1,1
1705419900000,20240216,4000000,P,2000,2100,1,1
1705419900000,20240216,4640000,C,153500,154200,1,1
1705419900000,20240216,4640000,P,28600,28700,1,1
1705419900000,20240216,4960000,C,6400,6500,1,1
1705419900000,20240216,4960000,P,216800,220400,1,1
1705419900000,20240216,5600000,C,100,200,1,1
1705419900000,20240216,5600000,P,856700,860200,1,1
1705419900000,20240216,3250000,C,1507300,1511100,1,1
1705419900000,20240216,3250000,P,400,500,1,1
1705419900000,20240216,4210000,C,555500,559100,1,1
1705419900000,20240216,4210000,P,3500,3600,1,1
1705419900000,20240216,4530000,C,249000,250200,1,1
1705419900000,20240216,4530000,P,14600,14700,1,1
1705419900000,20240216,4850000,C,27500,27600,1,1
1705419900000,20240216,4850000,P,115700,118700,1,1
1705419900000,20240216,2500000,C,2252800,2256900,1,1
1705419900000,20240216,4100000,C,664000,667500,1,1
1705419900000,20240216,4100000,P,2600,2700,1,1
1705419900000,20240216,4420000,C,352000,353300,1,1
1705419900000,20240216,4420000,P,8100,8200,1,1
1705419900000,20240216,4740000,C,80200,80400,1,1
1705419900000,20240216,4740000,P,55900,56100,1,1
1705419900000,20240216,5060000,C,1500,1600,1,1
1705419900000,20240216,5060000,P,316800,320300,1,1
1705419900000,20240216,5700000,P,956600,960200,1,1
1705419900000,20240216,3350000,C,1407900,1411600,1,1
1705419900000,20240216,3350000,P,500,600,1,1
1705419900000,20240216,4310000,C,457500,460900,1,1
1705419900000,20240216,4310000,P,5000,5100,1,1
1705419900000,20240216,4950000,C,7400,7500,1,1
1705419900000,20240216,4950000,P,206800,210400,1,1
1705419900000,20240216,4630000,C,161700,162500,1,1
1705419900000,20240216,4630000,P,26800,26900,1,1
1705419900000,20240216,2600000,C,2153300,2157400,1,1
1705419900000,20240216,2600000,P,100,200,1,1
1705419900000,20240216,4200000,C,565400,568900,1,1
1705419900000,20240216,4200000,P,3400,3500,1,1
1705419900000,20240216,4520000,C,258200,259400,1,1
1705419900000,20240216,4520000,P,13800,13900,1,1
1705419900000,20240216,4840000,C,30800,30900,1,1
1705419900000,20240216,4840000,P,108500,111400,1,1
1705419900000,20240216,5160000,C,500,600,1,1
1705419900000,20240216,5160000,P,416800,420300,1,1
1705419900000,20240216,3450000,C,1308600,1312200,1,1
1705419900000,20240216,3450000,P,600,700,1,1
1705419900000,20240216,4090000,C,673900,677400,1,1
1705419900000,20240216,4090000,P,2500,2600,1,1
1705419900000,20240216,4410000,C,361500,362900,1,1
1705419900000,20240216,4410000,P,7700,7800,1,1
1705419900000,20240216,5050000,C,1700,1800,1,1
1705419900000,20240216,5050000,P,306800,310300,1,1
1705419900000,20240216,4730000,C,86700,86900,1,1
1705419900000,20240216,4730000,P,52200,52400,1,1
1705419900000,20240216,2700000,C,2053900,2058000,1,1
1705419900000,20240216,2700000,P,100,200,1,1
1705419900000,20240216,4300000,C,467300,470900,1,1
1705419900000,20240216,4300000,P,4800,4900,1,1
1705419900000,20240216,4620000,C,170000,170800,1,1
1705419900000,20240216,4620000,P,25200,25300,1,1
1705419900000,20240216,4940000,C,8500,8600,1,1
1705419900000,20240216,4940000,P,196800,200400,1,1
1705419900000,20240216,5260000,C,300,400,1,1
1705419900000,20240216,5260000,P,516700,520300,1,1
1705419900000,20240216,3550000,C,1209200,1212900,1,1
1705419900000,20240216,3550000,P,800,900,1,1
1705419900000,20240216,4190000,C,575200,578700,1,1
1705419900000,20240216,4190000,P,3300,3400,1,1
1705419900000,20240216,4510000,C,267300,268600,1,1
1705419900000,20240216,4510000,P,13000,13100,1,1
1705419900000,20240216,5150000,C,600,700,1,1
1705419900000,20240216,5150000,P,406800,410300,1,1
1705419900000,20240216,4830000,C,34500,34600,1,1
1705419900000,20240216,4830000,P,101600,104400,1,1
1705419900000,20240216,5250000,C,300,400,1,1
1705419900000,20240216,5250000,P,506700,510300,1,1
1705419900000,20240216,2800000,C,1954500,1958500,1,1
1705419900000,20240216,2800000,P,100,200,1,1
1705419900000,20240216,4080000,C,683800,687300,1,1
1705419900000,20240216,4080000,P,2400,2500,1,1
1705419900000,20240216,4400000,C,371100,372500,1,1
1705419900000,20240216,4400000,P,7300,7400,1,1
1705419900000,20240216,4720000,C,93400,93600,1,1
1705419900000,20240216,4720000,P,48800,48900,1,1
1705419900000,20240216,5040000,C,2000,2100,1,1
1705419900000,20240216,5040000,P,296800,300300,1,1
1705419900000,20240216,3650000,C,1110000,1113500,1,1
1705419900000,20240216,3650000,P,900,1000,1,1
1705419900000,20240216,4290000,C,477100,480600,1,1
1705419900000,20240216,4290000,P,4600,4700,1,1
1705419900000,20240216,4610000,C,178400,179300,1,1
1705419900000,20240216,4610000,P,23600,23700,1,1
1705419900000,20240216,4930000,C,9800,9900,1,1
1705419900000,20240216,4930000,P,186800,190400,1,1
1705419900000,20240216,5350000,C,200,300,1,1
1705419900000,20240216,5350000,P,606700,610200,1,1
1705419900000,20240216,2900000,C,1855000,1859000,1,1
1705419900000,20240216,2900000,P,200,300,1,1
1705419900000,20240216,4180000,C,585100,588600,1,1
1705419900000,20240216,4180000,P,3200,3300,1,1
1705419900000,20240216,4500000,C,276600,277800,1,1
1705419900000,20240216,4500000,P,12300,12400,1,1
1705419900000,20240216,4820000,C,38400,38500,1,1
1705419900000,20240216,4820000,P,95400,97600,1,1
1705419900000,20240216,5140000,C,600,700,1,1
1705419900000,20240216,5140000,P,396800,400300,1,1
1705419900000,20240216,2150000,C,2600700,2605000,1,1
1705419900000,20240216,3750000,C,1010700,1014300,1,1
1705419900000,20240216,3750000,P,1200,1300,1,1
1705419900000,20240216,4390000,C,380700,382100,1,1
1705419900000,20240216,4390000,P,7000,7100,1,1
1705419900000,20240216,4070000,C,693600,697200,1,1
1705419900000,20240216,4070000,P,2400,2500,1,1
1705419900000,20240216,4710000,C,100200,100600,1,1
1705419900000,20240216,4710000,P,45500,45700,1,1
1705419900000,20240216,5450000,C,100,200,1,1
1705419900000,20240216,5450000,P,706600,710200,1,1
1705419900000,20240216,3000000,C,1755700,1759600,1,1
1705419900000,20240216,3000000,P,200,300,1,1
1705419900000,20240216,4280000,C,486900,490400,1,1
1705419900000,20240216,4280000,P,4500,4600,1,1
1705419900000,20240216,4600000,C,186900,187900,1,1
1705419900000,20240216,4600000,P,22200,22300,1,1
1705419900000,20240216,4920000,C,11300,11400,1,1
1705419900000,20240216,4920000,P,176800,180400,1,1
1705419900000,20240216,5240000,C,300,400,1,1
1705419900000,20240216,5240000,P,496700,500300,1,1
1705419900000,20240216,2250000,C,2501300,2505600,1,1
1705419900000,20240216,3850000,C,911500,915100,1,1
1705419900000,20240216,3850000,P,1400,1500,1,1
1705419900000,20240216,4170000,C,594900,598400,1,1
1705419900000,20240216,4170000,P,3100,3200,1,1
1705419900000,20240216,4490000,C,285900,287100,1,1
1705419900000,20240216,4490000,P,11600,11700,1,1
1705419900000,20240216,4810000,C,42600,42800,1,1
1705419900000,20240216,4810000,P,89300,91200,1,1
1705419900000,20240216,5550000,C,100,200,1,1
1705419900000,20240216,5550000,P,806700,810200,1,1
1705419900000,20240216,3100000,C,1656300,1660200,1,1
1705419900000,20240216,3100000,P,300,400,1,1
1705419900000,20240216,4380000,C,390300,391800,1,1
1705419900000,20240216,4380000,P,6700,6800,1,1
1705419900000,20240216,4060000,C,703500,707100,1,1
1705419900000,20240216,4060000,P,2300,2400,1,1
1705419900000,20240216,4700000,C,107300,107700,1,1
1705419900000,20240216,4700000,P,42500,42700,1,1
1705419900000,20240216,5020000,C,2600,2700,1,1
1705419900000,20240216,5020000,P,276800,280300,1,1
1705419900000,20240216,2350000,C,2401900,2406100,1,1
1705419900000,20240216,4270000,C,496600,500000,1,1
1705419900000,20240216,4270000,P,4300,4400,1,1
1705419900000,20240216,3950000,C,812400,816000,1,1
1705419900000,20240216,3950000,P,1800,1900,1,1
1705419900000,20240216,4590000,C,195600,196600,1,1
1705419900000,20240216,4590000,P,20900,21000,1,1
1705419900000,20240216,4910000,C,12900,13000,1,1
1705419900000,20240216,4910000,P,166900,170400,1,1
1705419900000,20240223,4800000,C,55000,55300,1,1
1705419900000,20240223,4800000,P,88000,89000,1,1
1705419900000,20240223,5120000,C,1200,1300,1,1
1705419900000,20240223,5120000,P,376700,380300,1,1
1705419900000,20240223,4050000,C,718000,721600,1,1
1705419900000,20240223,4050000,P,3100,3200,1,1
1705419900000,20240223,4690000,C,123500,124100,1,1
1705419900000,20240223,4690000,P,44600,44800,1,1
1705419900000,20240223,4580000,C,212500,213500,1,1
1705419900000,20240223,4580000,P,23600,23700,1,1
1705419900000,20240223,4900000,C,19600,19700,1,1
1705419900000,20240223,4900000,P,158400,161700,1,1
1705419900000,20240223,4575000,C,216800,217900,1,1
1705419900000,20240223,4575000,P,23000,23100,1,1
1705419900000,20240223,4150000,C,619600,623100,1,1
1705419900000,20240223,4150000,P,4000,4100,1,1
1705419900000,20240223,4790000,C,60000,60300,1,1
1705419900000,20240223,4790000,P,83100,83300,1,1
1705419900000,20240223,4680000,C,131000,131600,1,1
1705419900000,20240223,4680000,P,42000,42200,1,1
1705419900000,20240223,5000000,C,5400,5500,1,1
1705419900000,20240223,5000000,P,256800,260300,1,1
1705419900000,20240223,4675000,C,134700,135400,1,1
1705419900000,20240223,4675000,P,40700,40900,1,1
1705419900000,20240223,4250000,C,521700,525200,1,1
1705419900000,20240223,4250000,P,5500,5600,1,1
1705419900000,20240223,4570000,C,221200,222300,1,1
1705419900000,20240223,4570000,P,22400,22500,1,1
1705419900000,20240223,4890000,C,22000,22100,1,1
1705419900000,20240223,4890000,P,149700,153000,1,1
1705419900000,20240223,3500000,C,1262400,1266300,1,1
1705419900000,20240223,3500000,P,1000,1100,1,1
1705419900000,20240223,4780000,C,65300,65600,1,1
1705419900000,20240223,4780000,P,78000,78300,1,1
1705419900000,20240223,5100000,C,1500,1600,1,1
1705419900000,20240223,5100000,P,356700,360300,1,1
1705419900000,20240223,4775000,C,68100,68300,1,1
1705419900000,20240223,4775000,P,75600,75800,1,1
1705419900000,20240223,4350000,C,425400,426900,1,1
1705419900000,20240223,4350000,P,7900,8000,1,1
1705419900000,20240223,4670000,C,138500,139200,1,1
1705419900000,20240223,4670000,P,39500,39700,1,1
1705419900000,20240223,3600000,C,1163200,1167100,1,1
1705419900000,20240223,3600000,P,1200,1300,1,1
1705419900000,20240223,4560000,C,230000,231100,1,1
1705419900000,20240223,4560000,P,21200,21300,1,1
1705419900000,20240223,4880000,C,24700,24800,1,1
1705419900000,20240223,4880000,P,141200,144500,1,1
1705419900000,20240223,5200000,C,600,700,1,1
1705419900000,20240223,5200000,P,456600,460300,1,1
1705419900000,20240223,4450000,C,330300,331700,1,1
1705419900000,20240223,4450000,P,12200,12300,1,1
1705419900000,20240223,4770000,C,70900,71100,1,1
1705419900000,20240223,4770000,P,73200,73500,1,1
1705419900000,20240223,3700000,C,1064100,1067900,1,1
1705419900000,20240223,3700000,P,1500,1600,1,1
1705419900000,20240223,4660000,C,146300,147000,1,1
1705419900000,20240223,4660000,P,37200,37400,1,1
1705419900000,20240223,4980000,C,7100,7200,1,1
1705419900000,20240223,4980000,P,236800,240300,1,1
1705419900000,20240223,5300000,C,300,400,1,1
1705419900000,20240223,5300000,P,556700,560300,1,1
1705419900000,20240223,4550000,C,238800,240000,1,1
1705419900000,20240223,4550000,P,20100,20200,1,1
1705419900000,20240223,4870000,C,27500,27700,1,1
1705419900000,20240223,4870000,P,133300,136500,1,1
1705419900000,20240223,3800000,C,965200,968800,1,1
1705419900000,20240223,3800000,P,1800,1900,1,1
1705419900000,20240223,4760000,C,76700,76900,1,1
1705419900000,20240223,4760000,P,68800,69000,1,1
1705419900000,20240223,5080000,C,1900,2000,1,1
1705419900000,20240223,5080000,P,336700,340300,1,1
1705419900000,20240223,5400000,C,200,300,1,1
1705419900000,20240223,5400000,P,656700,660300,1,1
1705419900000,20240223,4650000,C,154200,154900,1,1
1705419900000,20240223,4650000,P,35100,35300,1,1
1705419900000,20240223,3900000,C,866200,869800,1,1
1705419900000,20240223,3900000,P,2200,2300,1,1
1705419900000,20240223,4540000,C,247700,248900,1,1
1705419900000,20240223,4540000,P,19100,19200,1,1
1705419900000,20240223,4860000,C,30700,30800,1,1
1705419900000,20240223,4860000,P,125600,128800,1,1
1705419900000,20240223,4750000,C,82800,83000,1,1
1705419900000,20240223,4750000,P,64600,64800,1,1
1705419900000,20240223,4000000,C,767300,771000,1,1
1705419900000,20240223,4000000,P,2800,2900,1,1
1705419900000,20240223,4640000,C,162200,163000,1,1
1705419900000,20240223,4640000,P,33100,33300,1,1
1705419900000,20240223,4960000,C,9300,9400,1,1
1705419900000,20240223,4960000,P,216900,220300,1,1
1705419900000,20240223,4530000,C,256700,257900,1,1
1705419900000,20240223,4530000,P,18100,18200,1,1
1705419900000,20240223,4850000,C,34100,34200,1,1
1705419900000,20240223,4850000,P,118400,121400,1,1
1705419900000,20240223,4100000,C,668800,672300,1,1
1705419900000,20240223,4100000,P,3500,3600,1,1
1705419900000,20240223,4740000,C,89000,89300,1,1
1705419900000,20240223,4740000,P,60600,60900,1,1
1705419900000,20240223,5060000,C,2400,2500,1,1
1705419900000,20240223,5060000,P,316700,320300,1,1
1705419900000,20240223,4630000,C,170300,171200,1,1
1705419900000,20240223,4630000,P,31200,31400,1,1
1705419900000,20240223,4950000,C,10600,10700,1,1
1705419900000,20240223,4950000,P,206800,210300,1,1
1705419900000,20240223,4625000,C,174400,175300,1,1
1705419900000,20240223,4625000,P,30400,30500,1,1
1705419900000,20240223,4200000,C,570600,574100,1,1
1705419900000,20240223,4200000,P,4700,4800,1,1
1705419900000,20240223,4520000,C,265700,267000,1,1
1705419900000,20240223,4520000,P,17200,17300,1,1
1705419900000,20240223,4840000,C,37700,37900,1,1
1705419900000,20240223,4840000,P,111400,114300,1,1
1705419900000,20240223,4730000,C,95600,95900,1,1
1705419900000,20240223,4730000,P,57000,57200,1,1
1705419900000,20240223,5050000,C,2700,2800,1,1
1705419900000,20240223,5050000,P,306700,310300,1,1
1705419900000,20240223,4725000,C,98900,99200,1,1
1705419900000,20240223,4725000,P,55200,55500,1,1
1705419900000,20240223,4300000,C,473100,476500,1,1
1705419900000,20240223,4300000,P,6500,6600,1,1
1705419900000,20240223,4620000,C,178500,179500,1,1
1705419900000,20240223,4620000,P,29500,29700,1,1
1705419900000,20240223,4940000,C,12000,12200,1,1
1705419900000,20240223,4940000,P,196800,200300,1,1
1705419900000,20240223,3550000,C,1212800,1216700,1,1
1705419900000,20240223,3550000,P,1100,1200,1,1
1705419900000,20240223,4830000,C,41600,41800,1,1
1705419900000,20240223,4830000,P,104800,107600,1,1
1705419900000,20240223,5150000,C,900,1000,1,1
1705419900000,20240223,5150000,P,406700,410300,1,1
1705419900000,20240223,5250000,C,400,500,1,1
1705419900000,20240223,5250000,P,506600,510300,1,1
1705419900000,20240223,4825000,C,43700,43900,1,1
1705419900000,20240223,4825000,P,101600,104400,1,1
1705419900000,20240223,4400000,C,377600,379000,1,1
1705419900000,20240223,4400000,P,9700,9900,1,1
1705419900000,20240223,4720000,C,102300,102600,1,1
1705419900000,20240223,4720000,P,53500,53800,1,1
1705419900000,20240223,5040000,C,3100,3200,1,1
1705419900000,20240223,5040000,P,296700,300300,1,1
1705419900000,20240223,3650000,C,1113700,1117500,1,1
1705419900000,20240223,3650000,P,1300,1400,1,1
1705419900000,20240223,4610000,C,186900,187800,1,1
1705419900000,20240223,4610000,P,27900,28000,1,1
1705419900000,20240223,5350000,C,200,300,1,1
1705419900000,20240223,5350000,P,606700,610300,1,1
1705419900000,20240223,4500000,C,284000,285300,1,1
1705419900000,20240223,4500000,P,15500,15700,1,1
1705419900000,20240223,4820000,C,45800,46000,1,1
1705419900000,20240223,4820000,P,98500,101300,1,1
1705419900000,20240223,5140000,C,1000,1100,1,1
1705419900000,20240223,5140000,P,396700,400300,1,1
1705419900000,20240223,3750000,C,1014700,1018300,1,1
1705419900000,20240223,3750000,P,1600,1700,1,1
1705419900000,20240223,4710000,C,109200,109600,1,1
1705419900000,20240223,4710000,P,50400,50600,1,1
1705419900000,20240223,5450000,C,100,200,1,1
1705419900000,20240223,5450000,P,706600,710300,1,1
1705419900000,20240223,4600000,C,195300,196300,1,1
1705419900000,20240223,4600000,P,26400,26500,1,1
1705419900000,20240223,4920000,C,15400,15600,1,1
1705419900000,20240223,4920000,P,176800,180400,1,1
1705419900000,20240223,3850000,C,915700,919300,1,1
1705419900000,20240223,3850000,P,2000,2100,1,1
1705419900000,20240223,4810000,C,50300,50500,1,1
1705419900000,20240223,4810000,P,92800,95200,1,1
1705419900000,20240223,4700000,C,116200,116800,1,1
1705419900000,20240223,4700000,P,47400,47600,1,1
1705419900000,20240223,5020000,C,4100,4200,1,1
1705419900000,20240223,5020000,P,276700,280300,1,1
1705419900000,20240223,3950000,C,816700,820400,1,1
1705419900000,20240223,3950000,P,2500,2600,1,1
1705419900000,20240223,4590000,C,203900,204900,1,1
1705419900000,20240223,4590000,P,24900,25100,1,1
1705419900000,20240229,3200000,C,1563200,1567300,1,1
1705419900000,20240229,3200000,P,700,800,1,1
1705419900000,20240229,4160000,C,614800,618500,1,1
1705419900000,20240229,4160000,P,5400,5500,1,1
1705419900000,20240229,4480000,C,309500,310800,1,1
1705419900000,20240229,4480000,P,17100,17200,1,1
1705419900000,20240229,4800000,C,62700,62900,1,1
1705419900000,20240229,4800000,P,91700,92800,1,1
1705419900000,20240229,5120000,C,1700,1800,1,1
1705419900000,20240229,5120000,P,376600,380300,1,1
1705419900000,20240229,4370000,C,412500,413900,1,1
1705419900000,20240229,4370000,P,10800,10900,1,1
1705419900000,20240229,4050000,C,722800,726400,1,1
1705419900000,20240229,4050000,P,4000,4100,1,1
1705419900000,20240229,4690000,C,132100,132600,1,1
1705419900000,20240229,4690000,P,49100,49300,1,1
1705419900000,20240229,5010000,C,6700,6800,1,1
1705419900000,20240229,5010000,P,266700,270400,1,1
1705419900000,20240229,3300000,C,1464100,1468200,1,1
1705419900000,20240229,3300000,P,900,1000,1,1
1705419900000,20240229,4260000,C,517600,521100,1,1
1705419900000,20240229,4260000,P,7300,7400,1,1
1705419900000,20240229,4580000,C,220500,221500,1,1
1705419900000,20240229,4580000,P,27500,27600,1,1
1705419900000,20240229,4900000,C,24500,24700,1,1
1705419900000,20240229,4900000,P,159400,162900,1,1
1705419900000,20240229,5220000,C,700,800,1,1
1705419900000,20240229,5220000,P,476700,480300,1,1
1705419900000,20240229,4150000,C,624700,628300,1,1
1705419900000,20240229,4150000,P,5200,5300,1,1
1705419900000,20240229,4470000,C,318700,320000,1,1
1705419900000,20240229,4470000,P,16300,16500,1,1
1705419900000,20240229,4790000,C,67900,68100,1,1
1705419900000,20240229,4790000,P,87000,87200,1,1
1705419900000,20240229,3400000,C,1365100,1369100,1,1
1705419900000,20240229,3400000,P,1100,1200,1,1
1705419900000,20240229,4360000,C,422000,423400,1,1
1705419900000,20240229,4360000,P,10400,10500,1,1
1705419900000,20240229,5000000,C,7600,7700,1,1
1705419900000,20240229,5000000,P,256700,260400,1,1
1705419900000,20240229,4680000,C,139500,140100,1,1
1705419900000,20240229,4680000,P,46500,46700,1,1
1705419900000,20240229,4250000,C,527300,530800,1,1
1705419900000,20240229,4250000,P,7000,7100,1,1
1705419900000,20240229,4570000,C,229100,230100,1,1
1705419900000,20240229,4570000,P,26100,26300,1,1
1705419900000,20240229,4890000,C,27200,27400,1,1
1705419900000,20240229,4890000,P,151000,154400,1,1
1705419900000,20240229,3500000,C,1266000,1270000,1,1
1705419900000,20240229,3500000,P,1300,1400,1,1
1705419900000,20240229,4140000,C,634500,638100,1,1
1705419900000,20240229,4140000,P,5100,5200,1,1
1705419900000,20240229,4460000,C,327900,329200,1,1
1705419900000,20240229,4460000,P,15600,15800,1,1
1705419900000,20240229,5100000,C,2200,2300,1,1
1705419900000,20240229,5100000,P,356600,360400,1,1
1705419900000,20240229,4780000,C,73400,73600,1,1
1705419900000,20240229,4780000,P,82100,82300,1,1
1705419900000,20240229,4350000,C,431500,433000,1,1
1705419900000,20240229,4350000,P,10000,10100,1,1
1705419900000,20240229,4670000,C,147100,147700,1,1
1705419900000,20240229,4670000,P,44000,44200,1,1
1705419900000,20240229,4990000,C,8600,8700,1,1
1705419900000,20240229,4990000,P,246700,250400,1,1
1705419900000,20240229,3600000,C,1167000,1171000,1,1
1705419900000,20240229,3600000,P,1600,1700,1,1
1705419900000,20240229,4240000,C,537000,540500,1,1
1705419900000,20240229,4240000,P,6800,6900,1,1
1705419900000,20240229,4560000,C,237800,238900,1,1
1705419900000,20240229,4560000,P,24900,25100,1,1
1705419900000,20240229,5200000,C,800,900,1,1
1705419900000,20240229,5200000,P,456700,460300,1,1
1705419900000,20240229,4880000,C,30100,30300,1,1
1705419900000,20240229,4880000,P,143900,146400,1,1
1705419900000,20240229,4130000,C,644300,647900,1,1
1705419900000,20240229,4130000,P,5000,5100,1,1
1705419900000,20240229,4450000,C,337200,338500,1,1
1705419900000,20240229,4450000,P,15000,15100,1,1
1705419900000,20240229,4770000,C,79100,79300,1,1
1705419900000,20240229,4770000,P,77500,77700,1,1
1705419900000,20240229,3700000,C,1068000,1071900,1,1
1705419900000,20240229,3700000,P,1900,2000,1,1
1705419900000,20240229,4340000,C,441100,442600,1,1
1705419900000,20240229,4340000,P,9600,9700,1,1
1705419900000,20240229,4660000,C,154800,155500,1,1
1705419900000,20240229,4660000,P,41700,41900,1,1
1705419900000,20240229,4980000,C,9700,9800,1,1
1705419900000,20240229,4980000,P,236700,240400,1,1
1705419900000,20240229,5300000,C,400,500,1,1
1705419900000,20240229,5300000,P,556600,560300,1,1
1705419900000,20240229,4230000,C,546700,550200,1,1
1705419900000,20240229,4230000,P,6600,6700,1,1
1705419900000,20240229,4550000,C,246500,247600,1,1
1705419900000,20240229,4550000,P,23700,23900,1,1
1705419900000,20240229,4870000,C,33300,33500,1,1
1705419900000,20240229,4870000,P,135400,138600,1,1
1705419900000,20240229,3800000,C,969200,973100,1,1
1705419900000,20240229,3800000,P,2300,2400,1,1
1705419900000,20240229,4120000,C,654000,657700,1,1
1705419900000,20240229,4120000,P,4800,4900,1,1
1705419900000,20240229,4440000,C,346500,347800,1,1
1705419900000,20240229,4440000,P,14300,14500,1,1
1705419900000,20240229,4760000,C,85000,85200,1,1
1705419900000,20240229,4760000,P,73100,73300,1,1
1705419900000,20240229,5080000,C,2700,2800,1,1
1705419900000,20240229,5080000,P,336600,340400,1,1
1705419900000,20240229,5400000,C,300,400,1,1
1705419900000,20240229,5400000,P,656700,660400,1,1
1705419900000,20240229,3050000,C,1711900,1716100,1,1
1705419900000,20240229,3050000,P,500,600,1,1
1705419900000,20240229,4330000,C,450700,452100,1,1
1705419900000,20240229,4330000,P,9300,9400,1,1
1705419900000,20240229,4650000,C,162600,163400,1,1
1705419900000,20240229,4650000,P,39500,39700,1,1
1705419900000,20240229,4970000,C,11000,11100,1,1
1705419900000,20240229,4970000,P,226700,230400,1,1
1705419900000,20240229,3900000,C,870400,874300,1,1
1705419900000,20240229,3900000,P,2900,3000,1,1
1705419900000,20240229,4220000,C,556300,559900,1,1
1705419900000,20240229,4220000,P,6400,6500,1,1
1705419900000,20240229,4540000,C,255400,256500,1,1
1705419900000,20240229,4540000,P,22600,22800,1,1
1705419900000,20240229,4860000,C,36700,36900,1,1
1705419900000,20240229,4860000,P,128000,131200,1,1
1705419900000,20240229,5180000,C,900,1000,1,1
1705419900000,20240229,5180000,P,436700,440300,1,1
1705419900000,20240229,3150000,C,1612700,1616900,1,1
1705419900000,20240229,3150000,P,700,800,1,1
1705419900000,20240229,4110000,C,663800,667500,1,1
1705419900000,20240229,4110000,P,4700,4800,1,1
1705419900000,20240229,4430000,C,355800,357200,1,1
1705419900000,20240229,4430000,P,13800,13900,1,1
1705419900000,20240229,4750000,C,91200,91400,1,1
1705419900000,20240229,4750000,P,69000,69200,1,1
1705419900000,20240229,4320000,C,460300,461800,1,1
1705419900000,20240229,4320000,P,8900,9100,1,1
1705419900000,20240229,4000000,C,771900,775700,1,1
1705419900000,20240229,4000000,P,3600,3700,1,1
1705419900000,20240229,4640000,C,170600,171400,1,1
1705419900000,20240229,4640000,P,37400,37600,1,1
1705419900000,20240229,4960000,C,12400,12500,1,1
1705419900000,20240229,4960000,P,216700,220400,1,1
1705419900000,20240229,3250000,C,1513600,1517800,1,1
1705419900000,20240229,3250000,P,800,900,1,1
1705419900000,20240229,4210000,C,566100,569700,1,1
1705419900000,20240229,4210000,P,6200,6300,1,1
1705419900000,20240229,4530000,C,264300,265400,1,1
1705419900000,20240229,4530000,P,21500,21600,1,1
1705419900000,20240229,4850000,C,40400,40600,1,1
1705419900000,20240229,4850000,P,121000,124000,1,1
1705419900000,20240229,4100000,C,673700,677300,1,1
1705419900000,20240229,4100000,P,4600,4700,1,1
1705419900000,20240229,4420000,C,365200,366600,1,1
1705419900000,20240229,4420000,P,13200,13300,1,1
1705419900000,20240229,4740000,C,97500,97800,1,1
1705419900000,20240229,4740000,P,65100,65400,1,1
1705419900000,20240229,5060000,C,3500,3600,1,1
1705419900000,20240229,5060000,P,316600,320400,1,1
1705419900000,20240229,3350000,C,1414500,1418600,1,1
1705419900000,20240229,3350000,P,1000,1100,1,1
1705419900000,20240229,4310000,C,469900,471400,1,1
1705419900000,20240229,4310000,P,8600,8700,1,1
1705419900000,20240229,4630000,C,178600,179500,1,1
1705419900000,20240229,4630000,P,35500,35700,1,1
1705419900000,20240229,4950000,C,14000,14100,1,1
1705419900000,20240229,4950000,P,206700,210400,1,1
1705419900000,20240229,4200000,C,575900,579400,1,1
1705419900000,20240229,4200000,P,6000,6100,1,1
1705419900000,20240229,4520000,C,273200,274400,1,1
1705419900000,20240229,4520000,P,20500,20700,1,1
1705419900000,20240229,4840000,C,44400,44600,1,1
1705419900000,20240229,4840000,P,114300,117300,1,1
1705419900000,20240229,5160000,C,1100,1200,1,1
1705419900000,20240229,5160000,P,416700,420300,1,1
1705419900000,20240229,3450000,C,1315500,1319500,1,1
1705419900000,20240229,3450000,P,1200,1300,1,1
1705419900000,20240229,4090000,C,683500,687100,1,1
1705419900000,20240229,4090000,P,4500,4600,1,1
1705419900000,20240229,4410000,C,374600,376000,1,1
1705419900000,20240229,4410000,P,12700,12800,1,1
1705419900000,20240229,5050000,C,4000,4100,1,1
1705419900000,20240229,5050000,P,306600,310400,1,1
1705419900000,20240229,4730000,C,104100,104400,1,1
1705419900000,20240229,4730000,P,61500,61700,1,1
1705419900000,20240229,4300000,C,479500,481000,1,1
1705419900000,20240229,4300000,P,8300,8400,1,1
1705419900000,20240229,4620000,C,186800,187700,1,1
1705419900000,20240229,4620000,P,33700,33900,1,1
1705419900000,20240229,4940000,C,15700,15800,1,1
1705419900000,20240229,4940000,P,196700,200400,1,1
1705419900000,20240229,5260000,C,500,600,1,1
1705419900000,20240229,5260000,P,516600,520300,1,1
1705419900000,20240229,3550000,C,1216400,1220400,1,1
1705419900000,20240229,3550000,P,1400,1500,1,1
1705419900000,20240229,4190000,C,585600,589200,1,1
1705419900000,20240229,4190000,P,5900,6000,1,1
1705419900000,20240229,4510000,C,282200,283400,1,1
1705419900000,20240229,4510000,P,19600,19800,1,1
1705419900000,20240229,5150000,C,1300,1400,1,1
1705419900000,20240229,5150000,P,406700,410300,1,1
1705419900000,20240229,4830000,C,48600,48800,1,1
1705419900000,20240229,4830000,P,107900,110800,1,1
1705419900000,20240229,5250000,C,600,700,1,1
1705419900000,20240229,5250000,P,506600,510300,1,1
1705419900000,20240229,4080000,C,693300,696900,1,1
1705419900000,20240229,4080000,P,4400,4500,1,1
1705419900000,20240229,4400000,C,384000,385400,1,1
1705419900000,20240229,4400000,P,12100,12300,1,1
1705419900000,20240229,4720000,C,110800,111200,1,1
1705419900000,20240229,4720000,P,58100,58300,1,1
1705419900000,20240229,5040000,C,4500,4600,1,1
1705419900000,20240229,5040000,P,296600,300400,1,1
1705419900000,20240229,3650000,C,1117500,1121500,1,1
1705419900000,20240229,3650000,P,1700,1800,1,1
1705419900000,20240229,4290000,C,489200,490700,1,1
1705419900000,20240229,4290000,P,8000,8200,1,1
1705419900000,20240229,4610000,C,195100,196000,1,1
1705419900000,20240229,4610000,P,32000,32200,1,1
1705419900000,20240229,4930000,C,17600,17700,1,1
1705419900000,20240229,4930000,P,186800,190300,1,1
1705419900000,20240229,5350000,C,300,400,1,1
1705419900000,20240229,5350000,P,606700,610300,1,1
1705419900000,20240229,4180000,C,595400,598900,1,1
1705419900000,20240229,4180000,P,5700,5800,1,1
1705419900000,20240229,4500000,C,291300,292500,1,1
1705419900000,20240229,4500000,P,18700,18900,1,1
1705419900000,20240229,4820000,C,53000,53200,1,1
1705419900000,20240229,4820000,P,101900,104700,1,1
1705419900000,20240229,5140000,C,1400,1500,1,1
1705419900000,20240229,5140000,P,396700,400300,1,1
1705419900000,20240229,3750000,C,1018600,1022500,1,1
1705419900000,20240229,3750000,P,2100,2200,1,1
1705419900000,20240229,4390000,C,393500,394900,1,1
1705419900000,20240229,4390000,P,11700,11800,1,1
1705419900000,20240229,4070000,C,703100,706700,1,1
1705419900000,20240229,4070000,P,4200,4300,1,1
1705419900000,20240229,4710000,C,117800,118200,1,1
1705419900000,20240229,4710000,P,54900,55100,1,1
1705419900000,20240229,5450000,C,200,300,1,1
1705419900000,20240229,5450000,P,706700,710400,1,1
1705419900000,20240229,3000000,C,1761500,1765700,1,1
1705419900000,20240229,3000000,P,500,600,1,1
1705419900000,20240229,4280000,C,498200,501700,1,1
1705419900000,20240229,4280000,P,7800,7900,1,1
1705419900000,20240229,4600000,C,203500,204400,1,1
1705419900000,20240229,4600000,P,30400,30600,1,1
1705419900000,20240229,4920000,C,19800,19900,1,1
1705419900000,20240229,4920000,P,177300,180800,1,1
1705419900000,20240229,5240000,C,600,700,1,1
1705419900000,20240229,5240000,P,496700,500300,1,1
1705419900000,20240229,3850000,C,919800,923700,1,1
1705419900000,20240229,3850000,P,2600,2700,1,1
1705419900000,20240229,4170000,C,605100,608700,1,1
1705419900000,20240229,4170000,P,5500,5600,1,1
1705419900000,20240229,4490000,C,300400,301600,1,1
1705419900000,20240229,4490000,P,17900,18000,1,1
1705419900000,20240229,4810000,C,57700,57900,1,1
1705419900000,20240229,4810000,P,96100,98800,1,1
1705419900000,20240229,3100000,C,1662300,1666500,1,1
1705419900000,20240229,3100000,P,600,700,1,1
1705419900000,20240229,4380000,C,403000,404400,1,1
1705419900000,20240229,4380000,P,11200,11300,1,1
1705419900000,20240229,4060000,C,712900,716600,1,1
1705419900000,20240229,4060000,P,4100,4200,1,1
1705419900000,20240229,4700000,C,124800,125300,1,1
1705419900000,20240229,4700000,P,51900,52100,1,1
1705419900000,20240229,5020000,C,5900,6000,1,1
1705419900000,20240229,5020000,P,276700,280400,1,1
1705419900000,20240229,4270000,C,507800,511400,1,1
1705419900000,20240229,4270000,P,7500,7600,1,1
1705419900000,20240229,3950000,C,821100,825000,1,1
1705419900000,20240229,3950000,P,3200,3300,1,1
1705419900000,20240229,4590000,C,211900,212900,1,1
1705419900000,20240229,4590000,P,28900,29100,1,1
1705419900000,20240229,4910000,C,22000,22100,1,1
1705419900000,20240229,4910000,P,168200,171700,1,1
1705419900000,20240301,4800000,C,64300,64600,1,1
1705419900000,20240301,4800000,P,92600,93600,1,1
1705419900000,20240301,4050000,C,723700,727400,1,1
1705419900000,20240301,4050000,P,4200,4400,1,1
1705419900000,20240301,4690000,C,133800,134400,1,1
1705419900000,20240301,4690000,P,50000,50300,1,1
1705419900000,20240301,4580000,C,222000,223100,1,1
1705419900000,20240301,4580000,P,28300,28500,1,1
1705419900000,20240301,4900000,C,25500,25800,1,1
1705419900000,20240301,4900000,P,159700,163200,1,1
1705419900000,20240301,4150000,C,625600,629300,1,1
1705419900000,20240301,4150000,P,5500,5600,1,1
1705419900000,20240301,4790000,C,69500,69800,1,1
1705419900000,20240301,4790000,P,87800,88100,1,1
1705419900000,20240301,4680000,C,141200,141900,1,1
1705419900000,20240301,4680000,P,47400,47600,1,1
1705419900000,20240301,5000000,C,8100,8200,1,1
1705419900000,20240301,5000000,P,256700,260400,1,1
1705419900000,20240301,4675000,C,145000,145700,1,1
1705419900000,20240301,4675000,P,46100,46400,1,1
1705419900000,20240301,4250000,C,528400,531900,1,1
1705419900000,20240301,4250000,P,7400,7500,1,1
1705419900000,20240301,4570000,C,230600,231700,1,1
1705419900000,20240301,4570000,P,27000,27200,1,1
1705419900000,20240301,4890000,C,28300,28600,1,1
1705419900000,20240301,4890000,P,151400,154800,1,1
1705419900000,20240301,3500000,C,1266700,1270700,1,1
1705419900000,20240301,3500000,P,1400,1500,1,1
1705419900000,20240301,4780000,C,75000,75300,1,1
1705419900000,20240301,4780000,P,82900,83200,1,1
1705419900000,20240301,5100000,C,2300,2500,1,1
1705419900000,20240301,5100000,P,356700,360400,1,1
1705419900000,20240301,4775000,C,77800,78100,1,1
1705419900000,20240301,4775000,P,80600,80900,1,1
1705419900000,20240301,4350000,C,432100,435600,1,1
1705419900000,20240301,4350000,P,10500,10600,1,1
1705419900000,20240301,4670000,C,148800,149500,1,1
1705419900000,20240301,4670000,P,44900,45200,1,1
1705419900000,20240301,4990000,C,9100,9300,1,1
1705419900000,20240301,4990000,P,246700,250400,1,1
1705419900000,20240301,3600000,C,1167700,1171700,1,1
1705419900000,20240301,3600000,P,1700,1800,1,1
1705419900000,20240301,4560000,C,239300,240400,1,1
1705419900000,20240301,4560000,P,25700,25900,1,1
1705419900000,20240301,4880000,C,31300,31600,1,1
1705419900000,20240301,4880000,P,143500,146800,1,1
1705419900000,20240301,5200000,C,900,1000,1,1
1705419900000,20240301,5200000,P,456700,460400,1,1
1705419900000,20240301,4875000,C,32900,33200,1,1
1705419900000,20240301,4875000,P,139600,142900,1,1
1705419900000,20240301,4450000,C,338500,339900,1,1
1705419900000,20240301,4450000,P,15600,15800,1,1
1705419900000,20240301,4770000,C,80700,81000,1,1
1705419900000,20240301,4770000,P,78300,78600,1,1
1705419900000,20240301,3700000,C,1068800,1072700,1,1
1705419900000,20240301,3700000,P,2000,2100,1,1
1705419900000,20240301,4660000,C,156500,157200,1,1
1705419900000,20240301,4660000,P,42600,42800,1,1
1705419900000,20240301,4980000,C,10300,10500,1,1
1705419900000,20240301,4980000,P,236700,240400,1,1
1705419900000,20240301,5300000,C,400,500,1,1
1705419900000,20240301,5300000,P,556700,560300,1,1
1705419900000,20240301,4550000,C,248100,249200,1,1
1705419900000,20240301,4550000,P,24500,24700,1,1
1705419900000,20240301,4870000,C,34600,34800,1,1
1705419900000,20240301,4870000,P,135900,139100,1,1
1705419900000,20240301,3800000,C,970000,973900,1,1
1705419900000,20240301,3800000,P,2500,2600,1,1
1705419900000,20240301,4760000,C,86700,87000,1,1
1705419900000,20240301,4760000,P,74000,74300,1,1
1705419900000,20240301,5400000,C,300,400,1,1
1705419900000,20240301,5400000,P,656700,660400,1,1
1705419900000,20240301,4650000,C,164300,165100,1,1
1705419900000,20240301,4650000,P,40400,40600,1,1
1705419900000,20240301,4970000,C,11600,11800,1,1
1705419900000,20240301,4970000,P,226700,230400,1,1
1705419900000,20240301,3900000,C,871300,875200,1,1
1705419900000,20240301,3900000,P,3000,3100,1,1
1705419900000,20240301,4540000,C,256900,258100,1,1
1705419900000,20240301,4540000,P,23400,23600,1,1
1705419900000,20240301,4860000,C,38000,38300,1,1
1705419900000,20240301,4860000,P,128600,131700,1,1
1705419900000,20240301,4750000,C,92900,93200,1,1
1705419900000,20240301,4750000,P,69900,70200,1,1
1705419900000,20240301,4000000,C,772800,776600,1,1
1705419900000,20240301,4000000,P,3800,3900,1,1
1705419900000,20240301,4640000,C,172200,173100,1,1
1705419900000,20240301,4640000,P,38300,38600,1,1
1705419900000,20240301,4960000,C,13100,13300,1,1
1705419900000,20240301,4960000,P,216700,220400,1,1
1705419900000,20240301,4530000,C,265800,267000,1,1
1705419900000,20240301,4530000,P,22300,22500,1,1
1705419900000,20240301,4850000,C,41800,42100,1,1
1705419900000,20240301,4850000,P,122000,124700,1,1
1705419900000,20240301,4100000,C,674600,678200,1,1
1705419900000,20240301,4100000,P,4800,4900,1,1
1705419900000,20240301,4740000,C,99200,99600,1,1
1705419900000,20240301,4740000,P,66100,66400,1,1
1705419900000,20240301,4630000,C,180300,181200,1,1
1705419900000,20240301,4630000,P,36400,36600,1,1
1705419900000,20240301,4950000,C,14700,14900,1,1
1705419900000,20240301,4950000,P,206700,210400,1,1
1705419900000,20240301,4200000,C,576900,580500,1,1
1705419900000,20240301,4200000,P,6300,6400,1,1
1705419900000,20240301,4520000,C,274700,275900,1,1
1705419900000,20240301,4520000,P,21300,21500,1,1
1705419900000,20240301,4840000,C,45800,46000,1,1
1705419900000,20240301,4840000,P,115000,118000,1,1
1705419900000,20240301,4730000,C,105800,106200,1,1
1705419900000,20240301,4730000,P,62400,62700,1,1
1705419900000,20240301,5050000,C,4300,4400,1,1
1705419900000,20240301,5050000,P,306600,310400,1,1
1705419900000,20240301,4725000,C,109200,109500,1,1
1705419900000,20240301,4725000,P,60700,61000,1,1
1705419900000,20240301,4300000,C,480100,483600,1,1
1705419900000,20240301,4300000,P,8700,8800,1,1
1705419900000,20240301,4620000,C,188400,189400,1,1
1705419900000,20240301,4620000,P,34600,34800,1,1
1705419900000,20240301,4940000,C,16500,16700,1,1
1705419900000,20240301,4940000,P,196700,200400,1,1
1705419900000,20240301,3550000,C,1217200,1221200,1,1
1705419900000,20240301,3550000,P,1500,1600,1,1
1705419900000,20240301,4830000,C,50000,50300,1,1
1705419900000,20240301,4830000,P,108600,111700,1,1
1705419900000,20240301,5150000,C,1400,1500,1,1
1705419900000,20240301,5150000,P,406700,410400,1,1
1705419900000,20240301,5250000,C,600,700,1,1
1705419900000,20240301,5250000,P,506700,510400,1,1
1705419900000,20240301,4825000,C,52200,52500,1,1
1705419900000,20240301,4825000,P,105600,108500,1,1
1705419900000,20240301,4400000,C,384800,388200,1,1
1705419900000,20240301,4400000,P,12700,12800,1,1
1705419900000,20240301,4720000,C,112600,113000,1,1
1705419900000,20240301,4720000,P,59000,59300,1,1
1705419900000,20240301,3650000,C,1118200,1122200,1,1
1705419900000,20240301,3650000,P,1800,1900,1,1
1705419900000,20240301,4610000,C,196700,197700,1,1
1705419900000,20240301,4610000,P,32900,33100,1,1
1705419900000,20240301,4930000,C,18500,18700,1,1
1705419900000,20240301,4930000,P,186800,190400,1,1
1705419900000,20240301,5350000,C,300,400,1,1
1705419900000,20240301,5350000,P,606700,610400,1,1
1705419900000,20240301,4500000,C,292700,294000,1,1
1705419900000,20240301,4500000,P,19400,19600,1,1
1705419900000,20240301,4820000,C,54500,54800,1,1
1705419900000,20240301,4820000,P,102700,105500,1,1
1705419900000,20240301,3750000,C,1019300,1023300,1,1
1705419900000,20240301,3750000,P,2200,2300,1,1
1705419900000,20240301,4710000,C,119500,119900,1,1
1705419900000,20240301,4710000,P,55900,56100,1,1
1705419900000,20240301,5450000,C,200,300,1,1
1705419900000,20240301,5450000,P,706700,710400,1,1
1705419900000,20240301,4600000,C,205100,206100,1,1
1705419900000,20240301,4600000,P,31300,31500,1,1
1705419900000,20240301,4920000,C,20600,20800,1,1
1705419900000,20240301,4920000,P,177500,180900,1,1
1705419900000,20240301,3850000,C,920600,924500,1,1
1705419900000,20240301,3850000,P,2700,2800,1,1
1705419900000,20240301,4810000,C,59300,59600,1,1
1705419900000,20240301,4810000,P,97000,99800,1,1
1705419900000,20240301,4700000,C,126500,127100,1,1
1705419900000,20240301,4700000,P,52900,53100,1,1
1705419900000,20240301,3950000,C,822000,825900,1,1
1705419900000,20240301,3950000,P,3400,3500,1,1
1705419900000,20240301,4590000,C,213500,214500,1,1
1705419900000,20240301,4590000,P,29700,30000,1,1
1705419900000,20240301,4910000,C,23000,23200,1,1
1705419900000,20240301,4910000,P,168400,171900,1,1
1705419900000,20240315,3200000,C,1570200,1575500,1,1
1705419900000,20240315,3200000,P,1400,1500,1,1
1705419900000,20240315,4480000,C,325300,329000,1,1
1705419900000,20240315,4480000,P,26400,26600,1,1
1705419900000,20240315,5120000,C,4000,4200,1,1
1705419900000,20240315,5120000,P,376300,380800,1,1
1705419900000,20240315,6400000,P,1655800,1661100,1,1
1705419900000,20240315,4050000,C,733400,738200,1,1
1705419900000,20240315,4050000,P,7100,7300,1,1
1705419900000,20240315,4690000,C,151700,152300,1,1
1705419900000,20240315,4690000,P,62500,62800,1,1
1705419900000,20240315,5750000,C,100,200,1,1
1705419900000,20240315,5750000,P,1006000,1011000,1,1
1705419900000,20240315,4260000,C,530300,534800,1,1
1705419900000,20240315,4260000,P,12500,12600,1,1
1705419900000,20240315,4900000,C,37400,37600,1,1
1705419900000,20240315,4900000,P,165000,168700,1,1
1705419900000,20240315,2550000,C,2213100,2218800,1,1
1705419900000,20240315,2550000,P,400,500,1,1
1705419900000,20240315,4470000,C,334300,338100,1,1
1705419900000,20240315,4470000,P,25400,25600,1,1
1705419900000,20240315,3400000,C,1372800,1377900,1,1
1705419900000,20240315,3400000,P,2000,2100,1,1
1705419900000,20240315,4040000,C,743200,747900,1,1
1705419900000,20240315,4040000,P,7000,7100,1,1
1705419900000,20240315,4680000,C,158800,159900,1,1
1705419900000,20240315,4680000,P,59800,60100,1,1
1705419900000,20240315,6600000,P,1855700,1861200,1,1
1705419900000,20240315,4250000,C,539900,544400,1,1
1705419900000,20240315,4250000,P,12100,12300,1,1
1705419900000,20240315,4890000,C,40700,41000,1,1
1705419900000,20240315,4890000,P,157300,161100,1,1
1705419900000,20240315,5950000,P,1205900,1211000,1,1
1705419900000,20240315,4460000,C,343400,347200,1,1
1705419900000,20240315,4460000,P,24500,24700,1,1
1705419900000,20240315,5100000,C,5000,5100,1,1
1705419900000,20240315,5100000,P,356300,360800,1,1
1705419900000,20240315,2750000,C,2015200,2020900,1,1
1705419900000,20240315,2750000,P,600,700,1,1
1705419900000,20240315,4030000,C,752900,757700,1,1
1705419900000,20240315,4030000,P,6800,6900,1,1
1705419900000,20240315,4670000,C,166400,168400,1,1
1705419900000,20240315,4670000,P,57200,57500,1,1
1705419900000,20240315,3600000,C,1175400,1180500,1,1
1705419900000,20240315,3600000,P,2900,3000,1,1
1705419900000,20240315,4240000,C,549500,554000,1,1
1705419900000,20240315,4240000,P,11800,11900,1,1
1705419900000,20240315,4880000,C,44300,44500,1,1
1705419900000,20240315,4880000,P,150500,153700,1,1
1705419900000,20240315,4450000,C,352500,356300,1,1
1705419900000,20240315,4450000,P,23600,23800,1,1
1705419900000,20240315,6150000,P,1405800,1411000,1,1
1705419900000,20240315,2100000,C,2658500,2664800,1,1
1705419900000,20240315,2100000,P,100,200,1,1
1705419900000,20240315,4020000,C,762700,767500,1,1
1705419900000,20240315,4020000,P,6700,6800,1,1
1705419900000,20240315,4660000,C,174200,175200,1,1
1705419900000,20240315,4660000,P,54800,55000,1,1
1705419900000,20240315,5300000,C,900,1000,1,1
1705419900000,20240315,5300000,P,556200,561000,1,1
1705419900000,20240315,2950000,C,1817400,1822800,1,1
1705419900000,20240315,2950000,P,900,1000,1,1
1705419900000,20240315,4230000,C,559100,563600,1,1
1705419900000,20240315,4230000,P,11400,11600,1,1
1705419900000,20240315,4870000,C,48000,48300,1,1
1705419900000,20240315,4870000,P,143300,146800,1,1
1705419900000,20240315,3800000,C,978400,983400,1,1
1705419900000,20240315,3800000,P,4200,4300,1,1
1705419900000,20240315,4440000,C,361600,365400,1,1
1705419900000,20240315,4440000,P,22800,22900,1,1
1705419900000,20240315,5080000,C,6200,6300,1,1
1705419900000,20240315,5080000,P,336300,340800,1,1
1705419900000,20240315,4010000,C,772500,777200,1,1
1705419900000,20240315,4010000,P,6500,6600,1,1
1705419900000,20240315,4650000,C,181200,183900,1,1
1705419900000,20240315,4650000,P,52500,52600,1,1
1705419900000,20240315,6350000,P,1605900,1611100,1,1
1705419900000,20240315,2300000,C,2460500,2466500,1,1
1705419900000,20240315,2300000,P,200,300,1,1
1705419900000,20240315,4220000,C,568700,573200,1,1
1705419900000,20240315,4220000,P,11100,11200,1,1
1705419900000,20240315,4860000,C,52000,52300,1,1
1705419900000,20240315,4860000,P,137000,140100,1,1
1705419900000,20240315,5500000,C,300,400,1,1
1705419900000,20240315,5500000,P,756100,761000,1,1
1705419900000,20240315,3150000,C,1619600,1624900,1,1
1705419900000,20240315,3150000,P,1300,1400,1,1
1705419900000,20240315,4430000,C,370700,374600,1,1
1705419900000,20240315,4430000,P,21900,22100,1,1
1705419900000,20240315,4000000,C,782300,787000,1,1
1705419900000,20240315,4000000,P,6400,6500,1,1
1705419900000,20240315,4640000,C,188800,191900,1,1
1705419900000,20240315,4640000,P,50200,50500,1,1
1705419900000,20240315,4210000,C,578300,582800,1,1
1705419900000,20240315,4210000,P,10800,10900,1,1
1705419900000,20240315,4850000,C,56300,56500,1,1
1705419900000,20240315,4850000,P,131500,132800,1,1
1705419900000,20240315,6550000,P,1805700,1811200,1,1
1705419900000,20240315,2500000,C,2262600,2268400,1,1
1705419900000,20240315,2500000,P,400,500,1,1
1705419900000,20240315,4420000,C,379900,383800,1,1
1705419900000,20240315,4420000,P,21200,21300,1,1
1705419900000,20240315,5060000,C,7600,7800,1,1
1705419900000,20240315,5060000,P,316300,320800,1,1
1705419900000,20240315,5700000,C,100,200,1,1
1705419900000,20240315,5700000,P,956100,961000,1,1
1705419900000,20240315,3350000,C,1422100,1427300,1,1
1705419900000,20240315,3350000,P,1800,1900,1,1
1705419900000,20240315,4630000,C,196800,199900,1,1
1705419900000,20240315,4630000,P,48100,48400,1,1
1705419900000,20240315,4200000,C,587900,592500,1,1
1705419900000,20240315,4200000,P,10500,10600,1,1
1705419900000,20240315,4840000,C,60700,61000,1,1
1705419900000,20240315,4840000,P,124400,127400,1,1
1705419900000,20240315,4410000,C,389200,393100,1,1
1705419900000,20240315,4410000,P,20500,20600,1,1
1705419900000,20240315,5050000,C,8500,8700,1,1
1705419900000,20240315,5050000,P,306300,310800,1,1
1705419900000,20240315,2700000,C,2064700,2070400,1,1
1705419900000,20240315,2700000,P,600,700,1,1
1705419900000,20240315,4620000,C,204800,208000,1,1
1705419900000,20240315,4620000,P,46100,46400,1,1
1705419900000,20240315,5260000,C,1200,1300,1,1
1705419900000,20240315,5260000,P,516300,520800,1,1
1705419900000,20240315,5900000,C,100,200,1,1
1705419900000,20240315,5900000,P,1155900,1161000,1,1
1705419900000,20240315,3550000,C,1224700,1229800,1,1
1705419900000,20240315,3550000,P,2600,2700,1,1
1705419900000,20240315,4190000,C,597600,602100,1,1
1705419900000,20240315,4190000,P,10200,10300,1,1
1705419900000,20240315,4830000,C,65400,65700,1,1
1705419900000,20240315,4830000,P,120100,120500,1,1
1705419900000,20240315,5250000,C,1200,1300,1,1
1705419900000,20240315,5250000,P,506300,510800,1,1
1705419900000,20240315,4400000,C,398400,402400,1,1
1705419900000,20240315,4400000,P,19800,19900,1,1
1705419900000,20240315,5040000,C,9500,9600,1,1
1705419900000,20240315,5040000,P,296400,300800,1,1
1705419900000,20240315,2050000,C,2708000,2714300,1,1
1705419900000,20240315,2050000,P,100,200,1,1
1705419900000,20240315,4610000,C,213000,216200,1,1
1705419900000,20240315,4610000,P,44300,44500,1,1
1705419900000,20240315,2900000,C,1866800,1872400,1,1
1705419900000,20240315,2900000,P,800,900,1,1
1705419900000,20240315,4180000,C,607200,611800,1,1
1705419900000,20240315,4180000,P,9900,10100,1,1
1705419900000,20240315,4820000,C,70300,70600,1,1
1705419900000,20240315,4820000,P,114500,114800,1,1
1705419900000,20240315,6100000,P,1355800,1361000,1,1
1705419900000,20240315,3750000,C,1027700,1032600,1,1
1705419900000,20240315,3750000,P,3800,3900,1,1
1705419900000,20240315,4390000,C,407700,411700,1,1
1705419900000,20240315,4390000,P,19000,19200,1,1
1705419900000,20240315,5450000,C,400,500,1,1
1705419900000,20240315,5450000,P,706100,711000,1,1
1705419900000,20240315,4600000,C,222100,224200,1,1
1705419900000,20240315,4600000,P,42400,42600,1,1
1705419900000,20240315,5240000,C,1300,1500,1,1
1705419900000,20240315,5240000,P,496300,500800,1,1
1705419900000,20240315,2250000,C,2510000,2516100,1,1
1705419900000,20240315,2250000,P,200,300,1,1
1705419900000,20240315,4170000,C,616900,621500,1,1
1705419900000,20240315,4170000,P,9700,9800,1,1
1705419900000,20240315,4810000,C,75400,75700,1,1
1705419900000,20240315,4810000,P,109200,109500,1,1
1705419900000,20240315,3100000,C,1669100,1674400,1,1
1705419900000,20240315,3100000,P,1200,1300,1,1
1705419900000,20240315,4380000,C,417000,421000,1,1
1705419900000,20240315,4380000,P,18400,18500,1,1
1705419900000,20240315,5020000,C,11700,11900,1,1
1705419900000,20240315,5020000,P,276400,280800,1,1
1705419900000,20240315,6300000,P,1555900,1561100,1,1
1705419900000,20240315,3950000,C,831200,836000,1,1
1705419900000,20240315,3950000,P,5700,5800,1,1
1705419900000,20240315,4590000,C,229600,232900,1,1
1705419900000,20240315,4590000,P,40700,40900,1,1
1705419900000,20240315,5650000,C,100,300,1,1
1705419900000,20240315,5650000,P,906100,911000,1,1
1705419900000,20240315,4160000,C,626500,631200,1,1
1705419900000,20240315,4160000,P,9400,9500,1,1
1705419900000,20240315,4800000,C,80700,81100,1,1
1705419900000,20240315,4800000,P,104200,104400,1,1
1705419900000,20240315,2450000,C,2312100,2317900,1,1
1705419900000,20240315,2450000,P,300,400,1,1
1705419900000,20240315,4370000,C,426300,430400,1,1
1705419900000,20240315,4370000,P,17800,17900,1,1
1705419900000,20240315,5010000,C,13000,13200,1,1
1705419900000,20240315,5010000,P,266400,270800,1,1
1705419900000,20240315,3300000,C,1471400,1476600,1,1
1705419900000,20240315,3300000,P,1700,1800,1,1
1705419900000,20240315,4580000,C,237900,241300,1,1
1705419900000,20240315,4580000,P,39100,39300,1,1
1705419900000,20240315,5220000,C,1600,1700,1,1
1705419900000,20240315,5220000,P,476300,480800,1,1
1705419900000,20240315,6500000,P,1755800,1761200,1,1
1705419900000,20240315,4150000,C,636200,640800,1,1
1705419900000,20240315,4150000,P,9200,9300,1,1
1705419900000,20240315,4790000,C,86200,86600,1,1
1705419900000,20240315,4790000,P,99300,99600,1,1
1705419900000,20240315,5850000,C,100,200,1,1
1705419900000,20240315,5850000,P,1105900,1111000,1,1
1705419900000,20240315,4360000,C,435700,439800,1,1
1705419900000,20240315,4360000,P,17200,17300,1,1
1705419900000,20240315,5000000,C,14400,14600,1,1
1705419900000,20240315,5000000,P,256400,260800,1,1
1705419900000,20240315,2650000,C,2114100,2119800,1,1
1705419900000,20240315,2650000,P,500,600,1,1
1705419900000,20240315,4570000,C,246400,249800,1,1
1705419900000,20240315,4570000,P,37500,37700,1,1
1705419900000,20240315,3500000,C,1274200,1279200,1,1
1705419900000,20240315,3500000,P,2400,2500,1,1
1705419900000,20240315,4140000,C,645900,650500,1,1
1705419900000,20240315,4140000,P,8900,9000,1,1
1705419900000,20240315,4780000,C,92000,92300,1,1
1705419900000,20240315,4780000,P,94700,95000,1,1
1705419900000,20240315,4350000,C,445100,449200,1,1
1705419900000,20240315,4350000,P,16600,16800,1,1
1705419900000,20240315,4990000,C,16000,16200,1,1
1705419900000,20240315,4990000,P,246400,250800,1,1
1705419900000,20240315,6050000,P,1305800,1311000,1,1
1705419900000,20240315,2000000,C,2757500,2763900,1,1
1705419900000,20240315,2000000,P,100,200,1,1
1705419900000,20240315,4560000,C,255000,257100,1,1
1705419900000,20240315,4560000,P,36100,36300,1,1
1705419900000,20240315,5200000,C,1900,2000,1,1
1705419900000,20240315,5200000,P,456300,460800,1,1
1705419900000,20240315,2850000,C,1916300,1921900,1,1
1705419900000,20240315,2850000,P,700,800,1,1
1705419900000,20240315,4130000,C,655600,660200,1,1
1705419900000,20240315,4130000,P,8700,8800,1,1
1705419900000,20240315,4770000,C,97900,98300,1,1
1705419900000,20240315,4770000,P,90400,90600,1,1
1705419900000,20240315,3700000,C,1076900,1081900,1,1
1705419900000,20240315,3700000,P,3500,3600,1,1
1705419900000,20240315,4340000,C,454500,458600,1,1
1705419900000,20240315,4340000,P,16100,16200,1,1
1705419900000,20240315,4980000,C,17700,17900,1,1
1705419900000,20240315,4980000,P,236400,240800,1,1
1705419900000,20240315,4550000,C,263600,266700,1,1
1705419900000,20240315,4550000,P,34600,34800,1,1
1705419900000,20240315,6250000,P,1505700,1511000,1,1
1705419900000,20240315,2200000,C,2559500,2565600,1,1
1705419900000,20240315,2200000,P,200,300,1,1
1705419900000,20240315,4120000,C,665300,670000,1,1
1705419900000,20240315,4120000,P,8500,8600,1,1
1705419900000,20240315,4760000,C,104000,104400,1,1
1705419900000,20240315,4760000,P,86200,86500,1,1
1705419900000,20240315,5400000,C,500,600,1,1
1705419900000,20240315,5400000,P,656200,661000,1,1
1705419900000,20240315,3050000,C,1718500,1723900,1,1
1705419900000,20240315,3050000,P,1100,1200,1,1
1705419900000,20240315,4330000,C,463900,468100,1,1
1705419900000,20240315,4330000,P,15600,15700,1,1
1705419900000,20240315,4970000,C,19500,19700,1,1
1705419900000,20240315,4970000,P,226400,230800,1,1
1705419900000,20240315,3900000,C,880200,885100,1,1
1705419900000,20240315,3900000,P,5200,5300,1,1
1705419900000,20240315,4540000,C,272200,275800,1,1
1705419900000,20240315,4540000,P,33400,33500,1,1
1705419900000,20240315,5180000,C,2200,2400,1,1
1705419900000,20240315,5180000,P,436300,440800,1,1
1705419900000,20240315,4110000,C,675000,679700,1,1
1705419900000,20240315,4110000,P,8300,8400,1,1
1705419900000,20240315,4750000,C,110400,110700,1,1
1705419900000,20240315,4750000,P,82300,82500,1,1
1705419900000,20240315,6450000,P,1705800,1711100,1,1
1705419900000,20240315,2400000,C,2361500,2367500,1,1
1705419900000,20240315,2400000,P,300,400,1,1
1705419900000,20240315,4320000,C,473400,477500,1,1
1705419900000,20240315,4320000,P,15100,15200,1,1
1705419900000,20240315,4960000,C,21500,21700,1,1
1705419900000,20240315,4960000,P,216300,221000,1,1
1705419900000,20240315,5600000,C,200,300,1,1
1705419900000,20240315,5600000,P,856100,861000,1,1
1705419900000,20240315,3250000,C,1520800,1526000,1,1
1705419900000,20240315,3250000,P,1500,1600,1,1
1705419900000,20240315,4530000,C,281000,284500,1,1
1705419900000,20240315,4530000,P,32100,32200,1,1
1705419900000,20240315,4100000,C,684700,689400,1,1
1705419900000,20240315,4100000,P,8100,8200,1,1
1705419900000,20240315,4740000,C,116800,117200,1,1
1705419900000,20240315,4740000,P,78500,78700,1,1
1705419900000,20240315,4310000,C,482800,487000,1,1
1705419900000,20240315,4310000,P,14600,14700,1,1
1705419900000,20240315,4950000,C,23700,23900,1,1
1705419900000,20240315,4950000,P,206800,211400,1,1
1705419900000,20240315,2600000,C,2163600,2169300,1,1
1705419900000,20240315,2600000,P,500,600,1,1
1705419900000,20240315,4520000,C,289700,293300,1,1
1705419900000,20240315,4520000,P,30800,31000,1,1
1705419900000,20240315,5160000,C,2700,2800,1,1
1705419900000,20240315,5160000,P,416300,420800,1,1
1705419900000,20240315,5800000,C,100,200,1,1
1705419900000,20240315,5800000,P,1056000,1061000,1,1
1705419900000,20240315,3450000,C,1323400,1328500,1,1
1705419900000,20240315,3450000,P,2200,2300,1,1
1705419900000,20240315,4090000,C,694500,699100,1,1
1705419900000,20240315,4090000,P,7900,8000,1,1
1705419900000,20240315,4730000,C,123500,123900,1,1
1705419900000,20240315,4730000,P,75000,75300,1,1
1705419900000,20240315,4300000,C,492300,496500,1,1
1705419900000,20240315,4300000,P,14100,14300,1,1
1705419900000,20240315,4940000,C,26000,26200,1,1
1705419900000,20240315,4940000,P,197900,202000,1,1
1705419900000,20240315,1950000,C,2807000,2813400,1,1
1705419900000,20240315,1950000,P,100,200,1,1
1705419900000,20240315,4510000,C,298500,302200,1,1
1705419900000,20240315,4510000,P,29700,29800,1,1
1705419900000,20240315,5150000,C,3000,3100,1,1
1705419900000,20240315,5150000,P,406300,410800,1,1
1705419900000,20240315,2800000,C,1965700,1971400,1,1
1705419900000,20240315,2800000,P,700,800,1,1
1705419900000,20240315,4080000,C,704200,708900,1,1
1705419900000,20240315,4080000,P,7700,7800,1,1
1705419900000,20240315,4720000,C,130300,130800,1,1
1705419900000,20240315,4720000,P,71600,71900,1,1
1705419900000,20240315,6000000,P,1255900,1261000,1,1
1705419900000,20240315,3650000,C,1126100,1131200,1,1
1705419900000,20240315,3650000,P,3200,3300,1,1
1705419900000,20240315,4290000,C,501700,506100,1,1
1705419900000,20240315,4290000,P,13700,13800,1,1
1705419900000,20240315,4930000,C,28500,28800,1,1
1705419900000,20240315,4930000,P,189000,193300,1,1
1705419900000,20240315,5350000,C,600,700,1,1
1705419900000,20240315,5350000,P,606200,611000,1,1
1705419900000,20240315,4500000,C,307400,311100,1,1
1705419900000,20240315,4500000,P,28500,28700,1,1
1705419900000,20240315,5140000,C,3300,3400,1,1
1705419900000,20240315,5140000,P,396300,400800,1,1
1705419900000,20240315,2150000,C,2609000,2615100,1,1
1705419900000,20240315,2150000,P,200,300,1,1
1705419900000,20240315,4070000,C,713900,718600,1,1
1705419900000,20240315,4070000,P,7500,7600,1,1
1705419900000,20240315,4710000,C,137300,137800,1,1
1705419900000,20240315,4710000,P,68500,68700,1,1
1705419900000,20240315,3000000,C,1767900,1773400,1,1
1705419900000,20240315,3000000,P,1000,1100,1,1
1705419900000,20240315,4280000,C,511200,515700,1,1
1705419900000,20240315,4280000,P,13300,13400,1,1
1705419900000,20240315,4920000,C,31300,31500,1,1
1705419900000,20240315,4920000,P,180600,184800,1,1
1705419900000,20240315,6200000,P,1455800,1461000,1,1
1705419900000,20240315,3850000,C,929300,934200,1,1
1705419900000,20240315,3850000,P,4700,4800,1,1
1705419900000,20240315,4490000,C,316300,320000,1,1
1705419900000,20240315,4490000,P,27400,27600,1,1
1705419900000,20240315,5550000,C,200,300,1,1
1705419900000,20240315,5550000,P,806100,811000,1,1
1705419900000,20240315,4060000,C,723900,728400,1,1
1705419900000,20240315,4060000,P,7300,7400,1,1
1705419900000,20240315,4700000,C,144400,144900,1,1
1705419900000,20240315,4700000,P,65400,65700,1,1
1705419900000,20240315,2350000,C,2411000,2417000,1,1
1705419900000,20240315,2350000,P,200,300,1,1
1705419900000,20240315,4270000,C,520800,525200,1,1
1705419900000,20240315,4270000,P,12900,13000,1,1
1705419900000,20240315,4910000,C,34200,34500,1,1
1705419900000,20240315,4910000,P,172500,176600,1,1
1705419900000,20240328,5650000,C,200,500,1,1
1705419900000,20240328,5650000,P,905700,911400,1,1
1705419900000,20240328,3200000,C,1570000,1576400,1,1
1705419900000,20240328,3200000,P,2000,2200,1,1
1705419900000,20240328,4160000,C,629100,634400,1,1
1705419900000,20240328,4160000,P,12700,12900,1,1
1705419900000,20240328,4480000,C,331900,336400,1,1
1705419900000,20240328,4480000,P,33400,33900,1,1
1705419900000,20240328,4800000,C,91900,92500,1,1
1705419900000,20240328,4800000,P,113100,113800,1,1
1705419900000,20240328,5120000,C,6200,6400,1,1
1705419900000,20240328,5120000,P,376000,381400,1,1
1705419900000,20240328,4050000,C,735200,740700,1,1
1705419900000,20240328,4050000,P,9700,9900,1,1
1705419900000,20240328,4370000,C,431100,435900,1,1
1705419900000,20240328,4370000,P,23300,23600,1,1
1705419900000,20240328,5010000,C,18100,18400,1,1
1705419900000,20240328,5010000,P,266000,271400,1,1
1705419900000,20240328,4690000,C,162200,163300,1,1
1705419900000,20240328,4690000,P,72300,73000,1,1
1705419900000,20240328,5750000,C,200,400,1,1
1705419900000,20240328,5750000,P,1005700,1011500,1,1
1705419900000,20240328,3300000,C,1471300,1477500,1,1
1705419900000,20240328,3300000,P,2400,2600,1,1
1705419900000,20240328,3940000,C,842200,847800,1,1
1705419900000,20240328,3940000,P,7600,7800,1,1
1705419900000,20240328,4260000,C,533800,538900,1,1
1705419900000,20240328,4260000,P,16700,17000,1,1
1705419900000,20240328,4580000,C,246400,250500,1,1
1705419900000,20240328,4580000,P,47600,48100,1,1
1705419900000,20240328,4900000,C,46200,46900,1,1
1705419900000,20240328,4900000,P,169600,174100,1,1
1705419900000,20240328,5220000,C,2300,2700,1,1
1705419900000,20240328,5220000,P,475900,481400,1,1
1705419900000,20240328,4150000,C,638700,644000,1,1
1705419900000,20240328,4150000,P,12400,12600,1,1
1705419900000,20240328,4470000,C,340700,345200,1,1
1705419900000,20240328,4470000,P,32300,32700,1,1
1705419900000,20240328,4790000,C,97500,98200,1,1
1705419900000,20240328,4790000,P,108500,109200,1,1
1705419900000,20240328,5110000,C,6900,7100,1,1
1705419900000,20240328,5110000,P,366000,371400,1,1
1705419900000,20240328,3400000,C,1372700,1378800,1,1
1705419900000,20240328,3400000,P,2800,3000,1,1
1705419900000,20240328,4360000,C,440300,445200,1,1
1705419900000,20240328,4360000,P,22500,22900,1,1
1705419900000,20240328,4040000,C,744900,750400,1,1
1705419900000,20240328,4040000,P,9500,9700,1,1
1705419900000,20240328,5000000,C,19800,20200,1,1
1705419900000,20240328,5000000,P,256000,261400,1,1
1705419900000,20240328,4680000,C,169400,170600,1,1
1705419900000,20240328,4680000,P,69500,70200,1,1
1705419900000,20240328,3930000,C,851900,857500,1,1
1705419900000,20240328,3930000,P,7400,7600,1,1
1705419900000,20240328,4250000,C,543200,548400,1,1
1705419900000,20240328,4250000,P,16200,16500,1,1
1705419900000,20240328,4570000,C,254700,258800,1,1
1705419900000,20240328,4570000,P,45900,46400,1,1
1705419900000,20240328,4890000,C,49900,50500,1,1
1705419900000,20240328,4890000,P,162700,167100,1,1
1705419900000,20240328,5210000,C,2600,2900,1,1
1705419900000,20240328,5210000,P,465900,471400,1,1
1705419900000,20240328,3500000,C,1274100,1280100,1,1
1705419900000,20240328,3500000,P,3400,3500,1,1
1705419900000,20240328,4140000,C,648300,653600,1,1
1705419900000,20240328,4140000,P,12100,12300,1,1
1705419900000,20240328,4460000,C,349600,354100,1,1
1705419900000,20240328,4460000,P,31200,31700,1,1
1705419900000,20240328,5100000,C,7600,7800,1,1
1705419900000,20240328,5100000,P,356000,361400,1,1
1705419900000,20240328,4780000,C,103300,104000,1,1
1705419900000,20240328,4780000,P,104100,104700,1,1
1705419900000,20240328,2750000,C,2014700,2021800,1,1
1705419900000,20240328,2750000,P,900,1000,1,1
1705419900000,20240328,4350000,C,449500,454500,1,1
1705419900000,20240328,4350000,P,21900,22200,1,1
1705419900000,20240328,4030000,C,754600,760100,1,1
1705419900000,20240328,4030000,P,9300,9500,1,1
1705419900000,20240328,4990000,C,21700,22100,1,1
1705419900000,20240328,4990000,P,246000,251400,1,1
1705419900000,20240328,4670000,C,175700,179300,1,1
1705419900000,20240328,4670000,P,66900,67500,1,1
1705419900000,20240328,3920000,C,861700,867300,1,1
1705419900000,20240328,3920000,P,7300,7500,1,1
1705419900000,20240328,3600000,C,1175600,1181500,1,1
1705419900000,20240328,3600000,P,4000,4200,1,1
1705419900000,20240328,4240000,C,552700,557900,1,1
1705419900000,20240328,4240000,P,15800,16000,1,1
1705419900000,20240328,4560000,C,263000,267200,1,1
1705419900000,20240328,4560000,P,44300,44800,1,1
1705419900000,20240328,5200000,C,2900,3100,1,1
1705419900000,20240328,5200000,P,455900,461400,1,1
1705419900000,20240328,4880000,C,53800,54400,1,1
1705419900000,20240328,4880000,P,156100,160300,1,1
1705419900000,20240328,2850000,C,1915900,1922800,1,1
1705419900000,20240328,2850000,P,1200,1300,1,1
1705419900000,20240328,4450000,C,358500,363100,1,1
1705419900000,20240328,4450000,P,30200,30600,1,1
1705419900000,20240328,4130000,C,657900,663200,1,1
1705419900000,20240328,4130000,P,11800,12000,1,1
1705419900000,20240328,4770000,C,109200,109900,1,1
1705419900000,20240328,4770000,P,99900,100600,1,1
1705419900000,20240328,5090000,C,8400,8600,1,1
1705419900000,20240328,5090000,P,346000,351400,1,1
1705419900000,20240328,3700000,C,1077300,1083000,1,1
1705419900000,20240328,3700000,P,4800,4900,1,1
1705419900000,20240328,4340000,C,458800,463800,1,1
1705419900000,20240328,4340000,P,21200,21500,1,1
1705419900000,20240328,4020000,C,764300,769800,1,1
1705419900000,20240328,4020000,P,9000,9300,1,1
1705419900000,20240328,4980000,C,23700,24200,1,1
1705419900000,20240328,4980000,P,236000,241400,1,1
1705419900000,20240328,4660000,C,183200,186800,1,1
1705419900000,20240328,4660000,P,64300,64900,1,1
1705419900000,20240328,5300000,C,1200,1500,1,1
1705419900000,20240328,5300000,P,555900,561400,1,1
1705419900000,20240328,2950000,C,1817000,1823700,1,1
1705419900000,20240328,2950000,P,1400,1500,1,1
1705419900000,20240328,3910000,C,871400,877100,1,1
1705419900000,20240328,3910000,P,7100,7400,1,1
1705419900000,20240328,4550000,C,271500,275600,1,1
1705419900000,20240328,4550000,P,42700,43300,1,1
1705419900000,20240328,4230000,C,562200,567400,1,1
1705419900000,20240328,4230000,P,15400,15600,1,1
1705419900000,20240328,4870000,C,57900,58500,1,1
1705419900000,20240328,4870000,P,149700,153800,1,1
1705419900000,20240328,5190000,C,3100,3400,1,1
1705419900000,20240328,5190000,P,445900,451400,1,1
1705419900000,20240328,5290000,C,1300,1600,1,1
1705419900000,20240328,5290000,P,545900,551400,1,1
1705419900000,20240328,3800000,C,979100,984800,1,1
1705419900000,20240328,3800000,P,5700,5900,1,1
1705419900000,20240328,4120000,C,667500,672900,1,1
1705419900000,20240328,4120000,P,11500,11700,1,1
1705419900000,20240328,4440000,C,367400,372100,1,1
1705419900000,20240328,4440000,P,29200,29600,1,1
1705419900000,20240328,4760000,C,115400,116100,1,1
1705419900000,20240328,4760000,P,95900,96500,1,1
1705419900000,20240328,5080000,C,9200,9400,1,1
1705419900000,20240328,5080000,P,336000,341400,1,1
1705419900000,20240328,5400000,C,700,1000,1,1
1705419900000,20240328,5400000,P,655900,661400,1,1
1705419900000,20240328,3050000,C,1718200,1724800,1,1
1705419900000,20240328,3050000,P,1600,1700,1,1
1705419900000,20240328,4330000,C,468100,473100,1,1
1705419900000,20240328,4330000,P,20500,20900,1,1
1705419900000,20240328,4010000,C,774000,779500,1,1
1705419900000,20240328,4010000,P,8800,9000,1,1
1705419900000,20240328,4650000,C,190700,194400,1,1
1705419900000,20240328,4650000,P,61900,62500,1,1
1705419900000,20240328,4970000,C,26000,26400,1,1
1705419900000,20240328,4970000,P,226400,231600,1,1
1705419900000,20240328,3900000,C,881200,886900,1,1
1705419900000,20240328,3900000,P,7000,7200,1,1
1705419900000,20240328,4220000,C,571700,576900,1,1
1705419900000,20240328,4220000,P,14900,15200,1,1
1705419900000,20240328,4540000,C,279900,284200,1,1
1705419900000,20240328,4540000,P,41200,41700,1,1
1705419900000,20240328,4860000,C,62200,62800,1,1
1705419900000,20240328,4860000,P,143500,147500,1,1
1705419900000,20240328,5180000,C,3500,3700,1,1
1705419900000,20240328,5180000,P,435900,441400,1,1
1705419900000,20240328,5500000,C,500,600,1,1
1705419900000,20240328,5500000,P,755800,761400,1,1
1705419900000,20240328,3150000,C,1619400,1625900,1,1
1705419900000,20240328,3150000,P,1900,2100,1,1
1705419900000,20240328,4110000,C,677200,682600,1,1
1705419900000,20240328,4110000,P,11200,11400,1,1
1705419900000,20240328,4430000,C,376400,381100,1,1
1705419900000,20240328,4430000,P,28300,28700,1,1
1705419900000,20240328,4750000,C,121700,122400,1,1
1705419900000,20240328,4750000,P,92000,92700,1,1
1705419900000,20240328,5070000,C,10200,10400,1,1
1705419900000,20240328,5070000,P,326000,331400,1,1
1705419900000,20240328,4000000,C,783700,789300,1,1
1705419900000,20240328,4000000,P,8700,8800,1,1
1705419900000,20240328,4320000,C,477400,482400,1,1
1705419900000,20240328,4320000,P,19900,20300,1,1
1705419900000,20240328,4960000,C,28300,28800,1,1
1705419900000,20240328,4960000,P,217300,222400,1,1
1705419900000,20240328,4640000,C,198400,202200,1,1
1705419900000,20240328,4640000,P,59600,60100,1,1
1705419900000,20240328,5600000,C,200,600,1,1
1705419900000,20240328,5600000,P,855700,861400,1,1
1705419900000,20240328,5280000,C,1400,1700,1,1
1705419900000,20240328,5280000,P,535900,541400,1,1
1705419900000,20240328,3250000,C,1520700,1526900,1,1
1705419900000,20240328,3250000,P,2200,2400,1,1
1705419900000,20240328,4210000,C,581200,586500,1,1
1705419900000,20240328,4210000,P,14500,14800,1,1
1705419900000,20240328,4530000,C,288400,292700,1,1
1705419900000,20240328,4530000,P,39800,40300,1,1
1705419900000,20240328,4850000,C,66700,67300,1,1
1705419900000,20240328,4850000,P,138600,140100,1,1
1705419900000,20240328,5170000,C,3700,4100,1,1
1705419900000,20240328,5170000,P,425900,431400,1,1
1705419900000,20240328,5270000,C,1500,1800,1,1
1705419900000,20240328,5270000,P,525900,531400,1,1
1705419900000,20240328,4100000,C,686800,692200,1,1
1705419900000,20240328,4100000,P,10900,11100,1,1
1705419900000,20240328,4420000,C,385400,390200,1,1
1705419900000,20240328,4420000,P,27300,27800,1,1
1705419900000,20240328,4740000,C,128100,128800,1,1
1705419900000,20240328,4740000,P,88300,88900,1,1
1705419900000,20240328,5060000,C,11200,11500,1,1
1705419900000,20240328,5060000,P,316000,321400,1,1
1705419900000,20240328,5700000,C,100,400,1,1
1705419900000,20240328,5700000,P,955700,961500,1,1
1705419900000,20240328,3350000,C,1422000,1428200,1,1
1705419900000,20240328,3350000,P,2600,2800,1,1
1705419900000,20240328,4310000,C,486800,491800,1,1
1705419900000,20240328,4310000,P,19300,19700,1,1
1705419900000,20240328,4950000,C,30800,31400,1,1
1705419900000,20240328,4950000,P,208600,213500,1,1
1705419900000,20240328,4630000,C,206200,210000,1,1
1705419900000,20240328,4630000,P,57300,57900,1,1
1705419900000,20240328,4200000,C,590800,596000,1,1
1705419900000,20240328,4200000,P,14100,14300,1,1
1705419900000,20240328,4520000,C,297000,301300,1,1
1705419900000,20240328,4520000,P,38400,38900,1,1
1705419900000,20240328,4840000,C,71300,71900,1,1
1705419900000,20240328,4840000,P,132100,135800,1,1
1705419900000,20240328,5160000,C,4100,4400,1,1
1705419900000,20240328,5160000,P,415900,421400,1,1
1705419900000,20240328,3450000,C,1323400,1329400,1,1
1705419900000,20240328,3450000,P,3100,3200,1,1
1705419900000,20240328,4090000,C,696500,701900,1,1
1705419900000,20240328,4090000,P,10700,10900,1,1
1705419900000,20240328,4410000,C,394500,399300,1,1
1705419900000,20240328,4410000,P,26500,26900,1,1
1705419900000,20240328,5050000,C,12300,12600,1,1
1705419900000,20240328,5050000,P,306000,311400,1,1
1705419900000,20240328,4730000,C,134700,135400,1,1
1705419900000,20240328,4730000,P,84800,85500,1,1
1705419900000,20240328,4300000,C,496100,501200,1,1
1705419900000,20240328,4300000,P,18800,19100,1,1
1705419900000,20240328,3980000,C,803200,808700,1,1
1705419900000,20240328,3980000,P,8300,8500,1,1
1705419900000,20240328,4940000,C,33500,34100,1,1
1705419900000,20240328,4940000,P,200100,205000,1,1
1705419900000,20240328,4620000,C,214100,217900,1,1
1705419900000,20240328,4620000,P,55200,55800,1,1
1705419900000,20240328,5260000,C,1700,2000,1,1
1705419900000,20240328,5260000,P,515900,521400,1,1
1705419900000,20240328,3550000,C,1224800,1230800,1,1
1705419900000,20240328,3550000,P,3700,3800,1,1
1705419900000,20240328,4190000,C,600300,605600,1,1
1705419900000,20240328,4190000,P,13800,14000,1,1
1705419900000,20240328,4510000,C,305600,310000,1,1
1705419900000,20240328,4510000,P,37100,37600,1,1
1705419900000,20240328,5150000,C,4600,4800,1,1
1705419900000,20240328,5150000,P,405900,411400,1,1
1705419900000,20240328,4830000,C,76200,76600,1,1
1705419900000,20240328,4830000,P,127700,129000,1,1
1705419900000,20240328,5250000,C,1900,2100,1,1
1705419900000,20240328,5250000,P,505900,511400,1,1
1705419900000,20240328,2800000,C,1965300,1972300,1,1
1705419900000,20240328,2800000,P,1100,1200,1,1
1705419900000,20240328,4400000,C,403600,408400,1,1
1705419900000,20240328,4400000,P,25600,26000,1,1
1705419900000,20240328,4080000,C,706100,711600,1,1
1705419900000,20240328,4080000,P,10400,10600,1,1
1705419900000,20240328,5040000,C,13600,14000,1,1
1705419900000,20240328,5040000,P,296000,301400,1,1
1705419900000,20240328,4720000,C,141500,142200,1,1
1705419900000,20240328,4720000,P,81500,82100,1,1
1705419900000,20240328,3650000,C,1126400,1132200,1,1
1705419900000,20240328,3650000,P,4400,4500,1,1
1705419900000,20240328,3970000,C,812900,818500,1,1
1705419900000,20240328,3970000,P,8100,8300,1,1
1705419900000,20240328,4290000,C,505500,510600,1,1
1705419900000,20240328,4290000,P,18200,18500,1,1
1705419900000,20240328,4930000,C,36400,37000,1,1
1705419900000,20240328,4930000,P,192100,196800,1,1
1705419900000,20240328,4610000,C,222000,226000,1,1
1705419900000,20240328,4610000,P,53200,53700,1,1
1705419900000,20240328,5350000,C,900,1100,1,1
1705419900000,20240328,5350000,P,605900,611400,1,1
1705419900000,20240328,2900000,C,1866400,1873300,1,1
1705419900000,20240328,2900000,P,1300,1500,1,1
1705419900000,20240328,4500000,C,314300,318800,1,1
1705419900000,20240328,4500000,P,36000,36300,1,1
1705419900000,20240328,4180000,C,609900,615200,1,1
1705419900000,20240328,4180000,P,13400,13600,1,1
1705419900000,20240328,4820000,C,81200,81900,1,1
1705419900000,20240328,4820000,P,122900,123700,1,1
1705419900000,20240328,5140000,C,5000,5300,1,1
1705419900000,20240328,5140000,P,396000,401400,1,1
1705419900000,20240328,3750000,C,1028200,1033900,1,1
1705419900000,20240328,3750000,P,5200,5400,1,1
1705419900000,20240328,4390000,C,412700,417500,1,1
1705419900000,20240328,4390000,P,24800,25200,1,1
1705419900000,20240328,4070000,C,715800,721300,1,1
1705419900000,20240328,4070000,P,10200,10400,1,1
1705419900000,20240328,5030000,C,15000,15400,1,1
1705419900000,20240328,5030000,P,286000,291400,1,1
1705419900000,20240328,4710000,C,148000,149100,1,1
1705419900000,20240328,4710000,P,78300,78900,1,1
1705419900000,20240328,5450000,C,500,800,1,1
1705419900000,20240328,5450000,P,705800,711400,1,1
1705419900000,20240328,3000000,C,1767600,1774300,1,1
1705419900000,20240328,3000000,P,1500,1600,1,1
1705419900000,20240328,3640000,C,1136300,1142100,1,1
1705419900000,20240328,3640000,P,4300,4400,1,1
1705419900000,20240328,3960000,C,822700,828200,1,1
1705419900000,20240328,3960000,P,7900,8100,1,1
1705419900000,20240328,4280000,C,514900,520000,1,1
1705419900000,20240328,4280000,P,17700,17900,1,1
1705419900000,20240328,4600000,C,230100,234100,1,1
1705419900000,20240328,4600000,P,51300,51800,1,1
1705419900000,20240328,4920000,C,39500,40100,1,1
1705419900000,20240328,4920000,P,184300,189000,1,1
1705419900000,20240328,5240000,C,2000,2300,1,1
1705419900000,20240328,5240000,P,495900,501400,1,1
1705419900000,20240328,3850000,C,930100,935800,1,1
1705419900000,20240328,3850000,P,6300,6500,1,1
1705419900000,20240328,4170000,C,619500,624800,1,1
1705419900000,20240328,4170000,P,13100,13300,1,1
1705419900000,20240328,4490000,C,323100,327500,1,1
1705419900000,20240328,4490000,P,34600,35100,1,1
1705419900000,20240328,4810000,C,86600,87100,1,1
1705419900000,20240328,4810000,P,117900,118600,1,1
1705419900000,20240328,5130000,C,5600,5800,1,1
1705419900000,20240328,5130000,P,386000,391400,1,1
1705419900000,20240328,5550000,C,300,600,1,1
1705419900000,20240328,5550000,P,805800,811400,1,1
1705419900000,20240328,3100000,C,1668800,1675300,1,1
1705419900000,20240328,3100000,P,1700,1900,1,1
1705419900000,20240328,4380000,C,421900,426700,1,1
1705419900000,20240328,4380000,P,24000,24400,1,1
1705419900000,20240328,4060000,C,725500,731000,1,1
1705419900000,20240328,4060000,P,9900,10100,1,1
1705419900000,20240328,4700000,C,155200,156200,1,1
1705419900000,20240328,4700000,P,75200,75900,1,1
1705419900000,20240328,5020000,C,16400,16900,1,1
1705419900000,20240328,5020000,P,276000,281400,1,1
1705419900000,20240328,3950000,C,832400,838000,1,1
1705419900000,20240328,3950000,P,7800,7900,1,1
1705419900000,20240328,4270000,C,524300,529400,1,1
1705419900000,20240328,4270000,P,17200,17400,1,1
1705419900000,20240328,4910000,C,42800,43400,1,1
1705419900000,20240328,4910000,P,176800,181400,1,1
1705419900000,20240328,5230000,C,2100,2500,1,1
1705419900000,20240328,5230000,P,485900,491400,1,1
1705419900000,20240328,4590000,C,238200,242200,1,1
1705419900000,20240328,4590000,P,49400,49900,1,1
